case_id,mode,variant,cleared_count,average_clear_time_s,program_runtime_s,source_count,cleared_fraction,total_virtual_time_s,complete,error
LOCAL-v1-q3-reference_assumed-5000,3,frozen_baseline,11,307.7000336363636,0.001373999984934926,11,1.0,3384.70037,True,
LOCAL-v1-q3-reference_assumed-5001,3,frozen_baseline,14,249.85846742857143,0.0013100419891998172,14,1.0,3498.018544,True,
LOCAL-v1-q3-reference_assumed-5002,3,frozen_baseline,15,253.39230793333334,0.0015160420443862677,15,1.0,3800.884619,True,
LOCAL-v1-q3-reference_assumed-5003,3,frozen_baseline,11,316.6374900909091,0.001049291924573481,11,1.0,3483.012391,True,
LOCAL-v1-q3-reference_assumed-5004,3,frozen_baseline,12,330.2754581666667,0.001227749977260828,12,1.0,3963.305498,True,
LOCAL-v1-q3-reference_assumed-5005,3,frozen_baseline,11,331.79895700000003,0.001275458955205977,11,1.0,3649.788527,True,
LOCAL-v1-q3-reference_assumed-5006,3,frozen_baseline,11,345.50831145454544,0.0012062500463798642,11,1.0,3800.591426,True,
LOCAL-v1-q3-reference_assumed-5007,3,frozen_baseline,11,348.8436629090909,0.0010416250443086028,11,1.0,3837.280292,True,
LOCAL-v1-q3-reference_assumed-5008,3,frozen_baseline,10,333.7374116,0.0010111669544130564,10,1.0,3337.374116,True,
LOCAL-v1-q3-reference_assumed-5009,3,frozen_baseline,14,283.641857,0.0013293750816956162,14,1.0,3970.985998,True,
LOCAL-v1-q3-reference_assumed-5010,3,frozen_baseline,12,330.59807574999996,0.0010935829486697912,12,1.0,3967.176909,True,
LOCAL-v1-q3-reference_assumed-5011,3,frozen_baseline,15,284.54865806666663,0.0015038750134408474,15,1.0,4268.229871,True,
LOCAL-v1-q3-reference_assumed-5012,3,frozen_baseline,10,355.2931689,0.0009929999941959977,10,1.0,3552.931689,True,
LOCAL-v1-q3-reference_assumed-5013,3,frozen_baseline,12,294.3771953333333,0.001292250002734363,12,1.0,3532.526344,True,
LOCAL-v1-q3-reference_assumed-5014,3,frozen_baseline,11,340.9183932727273,0.0011842090170830488,11,1.0,3750.102326,True,
LOCAL-v1-q3-reference_assumed-5015,3,frozen_baseline,12,290.52212041666667,0.0011523340363055468,12,1.0,3486.265445,True,
LOCAL-v1-q3-reference_assumed-5016,3,frozen_baseline,16,256.052974875,0.001632416038773954,16,1.0,4096.847598,True,
LOCAL-v1-q3-reference_assumed-5017,3,frozen_baseline,15,271.708143,0.00143258401658386,15,1.0,4075.622145,True,
LOCAL-v1-q3-reference_assumed-5018,3,frozen_baseline,10,380.89201979999996,0.001067875069566071,10,1.0,3808.920198,True,
LOCAL-v1-q3-reference_assumed-5019,3,frozen_baseline,11,350.6120645454546,0.0012385830050334334,11,1.0,3856.73271,True,
LOCAL-v1-q3-reference_assumed-5020,3,frozen_baseline,16,266.0172461875,0.0014996250392869115,16,1.0,4256.275939,True,
LOCAL-v1-q3-reference_assumed-5021,3,frozen_baseline,14,258.07373285714283,0.0012940840097144246,14,1.0,3613.03226,True,
LOCAL-v1-q3-reference_assumed-5022,3,frozen_baseline,14,274.3347495,0.0012704160762950778,14,1.0,3840.686493,True,
LOCAL-v1-q3-reference_assumed-5023,3,frozen_baseline,15,288.1018344666667,0.0014025409473106265,15,1.0,4321.527517,True,
LOCAL-v1-q3-reference_assumed-5024,3,frozen_baseline,13,341.9181263846154,0.001275166985578835,13,1.0,4444.935643,True,
LOCAL-v1-q3-reference_assumed-5025,3,frozen_baseline,12,317.0115739166667,0.0012321670074015856,12,1.0,3804.138887,True,
LOCAL-v1-q3-reference_assumed-5026,3,frozen_baseline,15,299.4737095333333,0.0013371659442782402,15,1.0,4492.105643,True,
LOCAL-v1-q3-reference_assumed-5027,3,frozen_baseline,11,299.4585982727273,0.0010806249920278788,11,1.0,3294.044581,True,
LOCAL-v1-q3-reference_assumed-5028,3,frozen_baseline,10,357.3114312,0.0009208749979734421,10,1.0,3573.114312,True,
LOCAL-v1-q3-reference_assumed-5029,3,frozen_baseline,11,301.53134318181816,0.00101200002245605,11,1.0,3316.844775,True,
LOCAL-v1-q3-reference_assumed-5030,3,frozen_baseline,12,311.48427341666667,0.001076625077985227,12,1.0,3737.811281,True,
LOCAL-v1-q3-reference_assumed-5031,3,frozen_baseline,15,246.60765406666667,0.0014867919962853193,15,1.0,3699.114811,True,
LOCAL-v1-q3-reference_assumed-5032,3,frozen_baseline,11,349.8501651818182,0.0010816249996423721,11,1.0,3848.351817,True,
LOCAL-v1-q3-reference_assumed-5033,3,frozen_baseline,14,287.46180421428573,0.001339958980679512,14,1.0,4024.465259,True,
LOCAL-v1-q3-reference_assumed-5034,3,frozen_baseline,16,253.77811075,0.0015011250507086515,16,1.0,4060.449772,True,
LOCAL-v1-q3-reference_assumed-5035,3,frozen_baseline,10,377.25829469999996,0.001054624910466373,10,1.0,3772.582947,True,
LOCAL-v1-q3-reference_assumed-5036,3,frozen_baseline,15,243.78415046666666,0.0014174169627949595,15,1.0,3656.762257,True,
LOCAL-v1-q3-reference_assumed-5037,3,frozen_baseline,15,274.9992613333333,0.0015232079895213246,15,1.0,4124.98892,True,
LOCAL-v1-q3-reference_assumed-5038,3,frozen_baseline,16,275.48420675,0.0015504579059779644,16,1.0,4407.747308,True,
LOCAL-v1-q3-reference_assumed-5039,3,frozen_baseline,10,367.7431441,0.0009822080610319972,10,1.0,3677.431441,True,
LOCAL-v1-q3-reference_assumed-5040,3,frozen_baseline,15,275.8249759333333,0.0014371250290423632,15,1.0,4137.374639,True,
LOCAL-v1-q3-reference_assumed-5041,3,frozen_baseline,15,301.30364526666665,0.0016184999840334058,15,1.0,4519.554679,True,
LOCAL-v1-q3-reference_assumed-5042,3,frozen_baseline,11,317.9805875454545,0.0010993340983986855,11,1.0,3497.786463,True,
LOCAL-v1-q3-reference_assumed-5043,3,frozen_baseline,12,330.7266740833333,0.0011673750123009086,12,1.0,3968.720089,True,
LOCAL-v1-q3-reference_assumed-5044,3,frozen_baseline,11,318.2703969090909,0.00105441699270159,11,1.0,3500.974366,True,
LOCAL-v1-q3-reference_assumed-5045,3,frozen_baseline,11,310.1343348181818,0.0010177079821005464,11,1.0,3411.477683,True,
LOCAL-v1-q3-reference_assumed-5046,3,frozen_baseline,10,328.80100200000004,0.0010578330839052796,10,1.0,3288.01002,True,
LOCAL-v1-q3-reference_assumed-5047,3,frozen_baseline,16,230.7874636875,0.0015215419698506594,16,1.0,3692.599419,True,
LOCAL-v1-q3-reference_assumed-5048,3,frozen_baseline,12,344.2830475,0.0012982920743525028,12,1.0,4131.39657,True,
LOCAL-v1-q3-reference_assumed-5049,3,frozen_baseline,10,316.59029019999997,0.0010364999761804938,10,1.0,3165.902902,True,
LOCAL-v1-q3-reference_assumed-5050,3,frozen_baseline,15,282.3647712666667,0.001529333065263927,15,1.0,4235.471569,True,
LOCAL-v1-q3-reference_assumed-5051,3,frozen_baseline,11,298.9414198181818,0.0010110409930348396,11,1.0,3288.355618,True,
LOCAL-v1-q3-reference_assumed-5052,3,frozen_baseline,13,320.3169414615385,0.0013460000045597553,13,1.0,4164.120239,True,
LOCAL-v1-q3-reference_assumed-5053,3,frozen_baseline,16,252.2673453125,0.0013841250911355019,16,1.0,4036.277525,True,
LOCAL-v1-q3-reference_assumed-5054,3,frozen_baseline,16,262.790193,0.0014798330375924706,16,1.0,4204.643088,True,
LOCAL-v1-q3-reference_assumed-5055,3,frozen_baseline,12,335.9658250833333,0.0013271250063553452,12,1.0,4031.589901,True,
LOCAL-v1-q3-reference_assumed-5056,3,frozen_baseline,13,285.21315799999996,0.0012283750111237168,13,1.0,3707.771054,True,
LOCAL-v1-q3-reference_assumed-5057,3,frozen_baseline,13,310.0252980769231,0.001197290956042707,13,1.0,4030.328875,True,
LOCAL-v1-q3-reference_assumed-5058,3,frozen_baseline,14,245.3325385,0.0011827079579234123,14,1.0,3434.655539,True,
LOCAL-v1-q3-reference_assumed-5059,3,frozen_baseline,12,295.7842071666667,0.0011597080156207085,12,1.0,3549.410486,True,
LOCAL-v1-q3-reference_assumed-5060,3,frozen_baseline,11,322.19719527272724,0.001152625074610114,11,1.0,3544.169148,True,
LOCAL-v1-q3-reference_assumed-5061,3,frozen_baseline,13,253.32905361538462,0.0012228749692440033,13,1.0,3293.277697,True,
LOCAL-v1-q3-reference_assumed-5062,3,frozen_baseline,16,249.1404301875,0.001338499947451055,16,1.0,3986.246883,True,
LOCAL-v1-q3-reference_assumed-5063,3,frozen_baseline,15,284.68896006666665,0.0014252499677240849,15,1.0,4270.334401,True,
LOCAL-v1-q3-reference_assumed-5064,3,frozen_baseline,13,289.7424126923077,0.0011013750918209553,13,1.0,3766.651365,True,
LOCAL-v1-q3-reference_assumed-5065,3,frozen_baseline,12,319.2959835,0.0012434580130502582,12,1.0,3831.551802,True,
LOCAL-v1-q3-reference_assumed-5066,3,frozen_baseline,10,384.73998040000004,0.0009593749418854713,10,1.0,3847.399804,True,
LOCAL-v1-q3-reference_assumed-5067,3,frozen_baseline,16,267.5560099375,0.0016063330695033073,16,1.0,4280.896159,True,
LOCAL-v1-q3-reference_assumed-5068,3,frozen_baseline,13,275.94273084615384,0.0012615410378202796,13,1.0,3587.255501,True,
LOCAL-v1-q3-reference_assumed-5069,3,frozen_baseline,14,292.5421530714286,0.0013789159711450338,14,1.0,4095.590143,True,
LOCAL-v1-q3-reference_assumed-5070,3,frozen_baseline,12,331.8745704166667,0.0013955420581623912,12,1.0,3982.494845,True,
LOCAL-v1-q3-reference_assumed-5071,3,frozen_baseline,12,321.3145620833333,0.001285666017793119,12,1.0,3855.774745,True,
LOCAL-v1-q3-reference_assumed-5072,3,frozen_baseline,15,289.87779746666666,0.0015500410227105021,15,1.0,4348.166962,True,
LOCAL-v1-q3-reference_assumed-5073,3,frozen_baseline,10,372.178723,0.0010868749814108014,10,1.0,3721.78723,True,
LOCAL-v1-q3-reference_assumed-5074,3,frozen_baseline,16,240.63327025,0.0015583749627694488,16,1.0,3850.132324,True,
LOCAL-v1-q3-reference_assumed-5075,3,frozen_baseline,15,244.04249886666668,0.0013772080419585109,15,1.0,3660.637483,True,
LOCAL-v1-q3-reference_assumed-5076,3,frozen_baseline,12,312.78336183333334,0.0013204170390963554,12,1.0,3753.400342,True,
LOCAL-v1-q3-reference_assumed-5077,3,frozen_baseline,14,287.45781985714285,0.0013458329485729337,14,1.0,4024.409478,True,
LOCAL-v1-q3-reference_assumed-5078,3,frozen_baseline,13,272.6060600769231,0.001278792042285204,13,1.0,3543.878781,True,
LOCAL-v1-q3-reference_assumed-5079,3,frozen_baseline,10,357.4617021,0.0010238329414278269,10,1.0,3574.617021,True,
LOCAL-v1-q3-reference_assumed-5080,3,frozen_baseline,10,331.867172,0.0009702090173959732,10,1.0,3318.67172,True,
LOCAL-v1-q3-reference_assumed-5081,3,frozen_baseline,16,239.019877125,0.0014960839180275798,16,1.0,3824.318034,True,
LOCAL-v1-q3-reference_assumed-5082,3,frozen_baseline,13,299.63522415384614,0.0012130000395700336,13,1.0,3895.257914,True,
LOCAL-v1-q3-reference_assumed-5083,3,frozen_baseline,13,297.4590646153846,0.0013081250945106149,13,1.0,3866.96784,True,
LOCAL-v1-q3-reference_assumed-5084,3,frozen_baseline,14,330.6167555,0.0014897920191287994,14,1.0,4628.634577,True,
LOCAL-v1-q3-reference_assumed-5085,3,frozen_baseline,15,306.02174966666666,0.00152299995534122,15,1.0,4590.326245,True,
LOCAL-v1-q3-reference_assumed-5086,3,frozen_baseline,12,297.2670059166667,0.00120433303527534,12,1.0,3567.204071,True,
LOCAL-v1-q3-reference_assumed-5087,3,frozen_baseline,13,306.23835123076924,0.00145295902621001,13,1.0,3981.098566,True,
LOCAL-v1-q3-reference_assumed-5088,3,frozen_baseline,16,226.3097661875,0.0014685000060126185,16,1.0,3620.956259,True,
LOCAL-v1-q3-reference_assumed-5089,3,frozen_baseline,15,302.9386604,0.0014748339308425784,15,1.0,4544.079906,True,
LOCAL-v1-q3-reference_assumed-5090,3,frozen_baseline,14,282.4126248571429,0.0016551249427720904,14,1.0,3953.776748,True,
LOCAL-v1-q3-reference_assumed-5091,3,frozen_baseline,12,296.6007725,0.0011907909065485,12,1.0,3559.20927,True,
LOCAL-v1-q3-reference_assumed-5092,3,frozen_baseline,11,294.15065327272725,0.0011011669412255287,11,1.0,3235.657186,True,
LOCAL-v1-q3-reference_assumed-5093,3,frozen_baseline,15,265.87705206666664,0.0013898330507799983,15,1.0,3988.155781,True,
LOCAL-v1-q3-reference_assumed-5094,3,frozen_baseline,11,343.3382279090909,0.001078624976798892,11,1.0,3776.720507,True,
LOCAL-v1-q3-reference_assumed-5095,3,frozen_baseline,10,335.5155848,0.0010679579572752118,10,1.0,3355.155848,True,
LOCAL-v1-q3-reference_assumed-5096,3,frozen_baseline,14,309.34389035714287,0.0013647079467773438,14,1.0,4330.814465,True,
LOCAL-v1-q3-reference_assumed-5097,3,frozen_baseline,13,265.27980292307694,0.001056583016179502,13,1.0,3448.637438,True,
LOCAL-v1-q3-reference_assumed-5098,3,frozen_baseline,16,260.62969925,0.001651124912314117,16,1.0,4170.075188,True,
LOCAL-v1-q3-reference_assumed-5099,3,frozen_baseline,13,307.0782733846154,0.0012208330444991589,13,1.0,3992.017554,True,
LOCAL-v1-q3-fixed_positive_bias-5000,3,frozen_baseline,11,310.06636245454547,0.0011048750020563602,11,1.0,3410.729987,True,
LOCAL-v1-q3-fixed_positive_bias-5001,3,frozen_baseline,14,272.87471714285715,0.0014674579724669456,14,1.0,3820.24604,True,
LOCAL-v1-q3-fixed_positive_bias-5002,3,frozen_baseline,15,259.1026010666667,0.0015293750911951065,15,1.0,3886.539016,True,
LOCAL-v1-q3-fixed_positive_bias-5003,3,frozen_baseline,11,315.51348154545457,0.0010465829400345683,11,1.0,3470.648297,True,
LOCAL-v1-q3-fixed_positive_bias-5004,3,frozen_baseline,12,327.89982333333336,0.0012272909516468644,12,1.0,3934.79788,True,
LOCAL-v1-q3-fixed_positive_bias-5005,3,frozen_baseline,11,338.3190908181818,0.001242334023118019,11,1.0,3721.509999,True,
LOCAL-v1-q3-fixed_positive_bias-5006,3,frozen_baseline,11,338.8168559090909,0.0010859169997274876,11,1.0,3726.985415,True,
LOCAL-v1-q3-fixed_positive_bias-5007,3,frozen_baseline,11,344.91114163636365,0.0010907500982284546,11,1.0,3794.022558,True,
LOCAL-v1-q3-fixed_positive_bias-5008,3,frozen_baseline,10,358.5721963,0.0010929589625447989,10,1.0,3585.721963,True,
LOCAL-v1-q3-fixed_positive_bias-5009,3,frozen_baseline,14,282.57164907142857,0.0013361249584704638,14,1.0,3956.003087,True,
LOCAL-v1-q3-fixed_positive_bias-5010,3,frozen_baseline,12,318.39351308333335,0.001199625083245337,12,1.0,3820.722157,True,
LOCAL-v1-q3-fixed_positive_bias-5011,3,frozen_baseline,15,270.9898531333333,0.0014732079580426216,15,1.0,4064.847797,True,
LOCAL-v1-q3-fixed_positive_bias-5012,3,frozen_baseline,10,357.4380147,0.0009706669952720404,10,1.0,3574.380147,True,
LOCAL-v1-q3-fixed_positive_bias-5013,3,frozen_baseline,12,291.82765083333334,0.0011696669971570373,12,1.0,3501.93181,True,
LOCAL-v1-q3-fixed_positive_bias-5014,3,frozen_baseline,11,345.8455199090909,0.0012659160420298576,11,1.0,3804.300719,True,
LOCAL-v1-q3-fixed_positive_bias-5015,3,frozen_baseline,12,346.24665483333337,0.0012439169222489,12,1.0,4154.959858,True,
LOCAL-v1-q3-fixed_positive_bias-5016,3,frozen_baseline,16,259.441300125,0.0016986249247565866,16,1.0,4151.060802,True,
LOCAL-v1-q3-fixed_positive_bias-5017,3,frozen_baseline,15,263.3815062,0.0016412920085713267,15,1.0,3950.722593,True,
LOCAL-v1-q3-fixed_positive_bias-5018,3,frozen_baseline,10,347.49617920000003,0.0010766660561785102,10,1.0,3474.961792,True,
LOCAL-v1-q3-fixed_positive_bias-5019,3,frozen_baseline,11,344.4515648181818,0.001143125002272427,11,1.0,3788.967213,True,
LOCAL-v1-q3-fixed_positive_bias-5020,3,frozen_baseline,16,277.4321976875,0.0015526670031249523,16,1.0,4438.915163,True,
LOCAL-v1-q3-fixed_positive_bias-5021,3,frozen_baseline,14,266.60530857142857,0.0014277909649536014,14,1.0,3732.47432,True,
LOCAL-v1-q3-fixed_positive_bias-5022,3,frozen_baseline,14,287.28438992857144,0.0015192499849945307,14,1.0,4021.981459,True,
LOCAL-v1-q3-fixed_positive_bias-5023,3,frozen_baseline,15,269.69255246666665,0.001440958003513515,15,1.0,4045.388287,True,
LOCAL-v1-q3-fixed_positive_bias-5024,3,frozen_baseline,13,348.14275699999996,0.001311708940193057,13,1.0,4525.855841,True,
LOCAL-v1-q3-fixed_positive_bias-5025,3,frozen_baseline,12,313.84543924999997,0.0012390830088406801,12,1.0,3766.145271,True,
LOCAL-v1-q3-fixed_positive_bias-5026,3,frozen_baseline,15,284.0478844666667,0.0013024170184507966,15,1.0,4260.718267,True,
LOCAL-v1-q3-fixed_positive_bias-5027,3,frozen_baseline,11,297.7133483636364,0.001084415940567851,11,1.0,3274.846832,True,
LOCAL-v1-q3-fixed_positive_bias-5028,3,frozen_baseline,10,364.719326,0.0010759999277070165,10,1.0,3647.19326,True,
LOCAL-v1-q3-fixed_positive_bias-5029,3,frozen_baseline,11,328.3728843636364,0.0010766249615699053,11,1.0,3612.101728,True,
LOCAL-v1-q3-fixed_positive_bias-5030,3,frozen_baseline,12,326.6461274166667,0.0010898750042542815,12,1.0,3919.753529,True,
LOCAL-v1-q3-fixed_positive_bias-5031,3,frozen_baseline,15,290.4846798,0.0016105410177260637,15,1.0,4357.270197,True,
LOCAL-v1-q3-fixed_positive_bias-5032,3,frozen_baseline,11,347.05408390909093,0.00104320899117738,11,1.0,3817.594923,True,
LOCAL-v1-q3-fixed_positive_bias-5033,3,frozen_baseline,14,280.1584729285714,0.0014117079554125667,14,1.0,3922.218621,True,
LOCAL-v1-q3-fixed_positive_bias-5034,3,frozen_baseline,16,265.8213105,0.0018645410891622305,16,1.0,4253.140968,True,
LOCAL-v1-q3-fixed_positive_bias-5035,3,frozen_baseline,10,390.7726334,0.0011150840437039733,10,1.0,3907.726334,True,
LOCAL-v1-q3-fixed_positive_bias-5036,3,frozen_baseline,15,289.17773493333334,0.001477499958127737,15,1.0,4337.666024,True,
LOCAL-v1-q3-fixed_positive_bias-5037,3,frozen_baseline,15,298.01370613333336,0.0016279170522466302,15,1.0,4470.205592,True,
LOCAL-v1-q3-fixed_positive_bias-5038,3,frozen_baseline,16,268.742751125,0.001822250080294907,16,1.0,4299.884018,True,
LOCAL-v1-q3-fixed_positive_bias-5039,3,frozen_baseline,10,361.6415994,0.0012493750546127558,10,1.0,3616.415994,True,
LOCAL-v1-q3-fixed_positive_bias-5040,3,frozen_baseline,15,287.93642286666665,0.0014692910481244326,15,1.0,4319.046343,True,
LOCAL-v1-q3-fixed_positive_bias-5041,3,frozen_baseline,15,308.7589221333334,0.001409208052791655,15,1.0,4631.383832,True,
LOCAL-v1-q3-fixed_positive_bias-5042,3,frozen_baseline,11,313.9890819090909,0.0009970000246539712,11,1.0,3453.879901,True,
LOCAL-v1-q3-fixed_positive_bias-5043,3,frozen_baseline,12,303.98048675,0.0012709159636870027,12,1.0,3647.765841,True,
LOCAL-v1-q3-fixed_positive_bias-5044,3,frozen_baseline,11,310.50894618181815,0.0009744589915499091,11,1.0,3415.598408,True,
LOCAL-v1-q3-fixed_positive_bias-5045,3,frozen_baseline,11,312.1068820909091,0.0010370409581810236,11,1.0,3433.175703,True,
LOCAL-v1-q3-fixed_positive_bias-5046,3,frozen_baseline,10,342.7776578,0.0012309170560911298,10,1.0,3427.776578,True,
LOCAL-v1-q3-fixed_positive_bias-5047,3,frozen_baseline,16,229.793307125,0.0014331249985843897,16,1.0,3676.692914,True,
LOCAL-v1-q3-fixed_positive_bias-5048,3,frozen_baseline,12,296.80454349999997,0.0011984159937128425,12,1.0,3561.654522,True,
LOCAL-v1-q3-fixed_positive_bias-5049,3,frozen_baseline,10,322.4451058,0.001071666949428618,10,1.0,3224.451058,True,
LOCAL-v1-q3-fixed_positive_bias-5050,3,frozen_baseline,15,291.61561693333334,0.0016064579831436276,15,1.0,4374.234254,True,
LOCAL-v1-q3-fixed_positive_bias-5051,3,frozen_baseline,11,302.69481781818183,0.001096333027817309,11,1.0,3329.642996,True,
LOCAL-v1-q3-fixed_positive_bias-5052,3,frozen_baseline,13,281.8508783076923,0.0013437080197036266,13,1.0,3664.061418,True,
LOCAL-v1-q3-fixed_positive_bias-5053,3,frozen_baseline,16,257.6292729375,0.0014976250240579247,16,1.0,4122.068367,True,
LOCAL-v1-q3-fixed_positive_bias-5054,3,frozen_baseline,16,278.756479375,0.0014866249402984977,16,1.0,4460.10367,True,
LOCAL-v1-q3-fixed_positive_bias-5055,3,frozen_baseline,12,291.4379450833333,0.0011643749894574285,12,1.0,3497.255341,True,
LOCAL-v1-q3-fixed_positive_bias-5056,3,frozen_baseline,13,289.4277702307692,0.0012260839575901628,13,1.0,3762.561013,True,
LOCAL-v1-q3-fixed_positive_bias-5057,3,frozen_baseline,13,308.85952046153847,0.0013578749494627118,13,1.0,4015.173766,True,
LOCAL-v1-q3-fixed_positive_bias-5058,3,frozen_baseline,14,268.72047657142855,0.0013220419641584158,14,1.0,3762.086672,True,
LOCAL-v1-q3-fixed_positive_bias-5059,3,frozen_baseline,12,326.31510141666666,0.0012341659748926759,12,1.0,3915.781217,True,
LOCAL-v1-q3-fixed_positive_bias-5060,3,frozen_baseline,11,354.0385804545454,0.0013730420032516122,11,1.0,3894.424385,True,
LOCAL-v1-q3-fixed_positive_bias-5061,3,frozen_baseline,13,261.31659069230767,0.001329833990894258,13,1.0,3397.115679,True,
LOCAL-v1-q3-fixed_positive_bias-5062,3,frozen_baseline,16,255.85006325,0.00149441696703434,16,1.0,4093.601012,True,
LOCAL-v1-q3-fixed_positive_bias-5063,3,frozen_baseline,15,271.3052498,0.0015125420177355409,15,1.0,4069.578747,True,
LOCAL-v1-q3-fixed_positive_bias-5064,3,frozen_baseline,13,319.09554215384617,0.0012599589535966516,13,1.0,4148.242048,True,
LOCAL-v1-q3-fixed_positive_bias-5065,3,frozen_baseline,12,317.97076108333334,0.0011871660826727748,12,1.0,3815.649133,True,
LOCAL-v1-q3-fixed_positive_bias-5066,3,frozen_baseline,10,384.7832687,0.0009942089673131704,10,1.0,3847.832687,True,
LOCAL-v1-q3-fixed_positive_bias-5067,3,frozen_baseline,16,271.91840975,0.00163312500808388,16,1.0,4350.694556,True,
LOCAL-v1-q3-fixed_positive_bias-5068,3,frozen_baseline,13,303.82094415384614,0.0011866249842569232,13,1.0,3949.672274,True,
LOCAL-v1-q3-fixed_positive_bias-5069,3,frozen_baseline,14,307.6480462857143,0.001612790976651013,14,1.0,4307.072648,True,
LOCAL-v1-q3-fixed_positive_bias-5070,3,frozen_baseline,12,333.75016225,0.0014362079091370106,12,1.0,4005.001947,True,
LOCAL-v1-q3-fixed_positive_bias-5071,3,frozen_baseline,12,317.86617425000003,0.001255334005691111,12,1.0,3814.394091,True,
LOCAL-v1-q3-fixed_positive_bias-5072,3,frozen_baseline,15,292.51739353333335,0.0015325830318033695,15,1.0,4387.760903,True,
LOCAL-v1-q3-fixed_positive_bias-5073,3,frozen_baseline,10,372.7555779,0.0012538749724626541,10,1.0,3727.555779,True,
LOCAL-v1-q3-fixed_positive_bias-5074,3,frozen_baseline,16,266.7050014375,0.001735334051772952,16,1.0,4267.280023,True,
LOCAL-v1-q3-fixed_positive_bias-5075,3,frozen_baseline,15,280.3915396666667,0.0016127499984577298,15,1.0,4205.873095,True,
LOCAL-v1-q3-fixed_positive_bias-5076,3,frozen_baseline,12,312.50306908333334,0.0012166249798610806,12,1.0,3750.036829,True,
LOCAL-v1-q3-fixed_positive_bias-5077,3,frozen_baseline,14,314.72305950000003,0.001304500037804246,14,1.0,4406.122833,True,
LOCAL-v1-q3-fixed_positive_bias-5078,3,frozen_baseline,13,268.4446127692308,0.0012934999540448189,13,1.0,3489.779966,True,
LOCAL-v1-q3-fixed_positive_bias-5079,3,frozen_baseline,10,314.0889829,0.001094625098630786,10,1.0,3140.889829,True,
LOCAL-v1-q3-fixed_positive_bias-5080,3,frozen_baseline,10,350.322563,0.0009728340664878488,10,1.0,3503.22563,True,
LOCAL-v1-q3-fixed_positive_bias-5081,3,frozen_baseline,16,258.613148,0.0014348329277709126,16,1.0,4137.810368,True,
LOCAL-v1-q3-fixed_positive_bias-5082,3,frozen_baseline,13,323.8610667692308,0.0013717080000787973,13,1.0,4210.193868,True,
LOCAL-v1-q3-fixed_positive_bias-5083,3,frozen_baseline,13,313.46880853846153,0.0012933750404044986,13,1.0,4075.094511,True,
LOCAL-v1-q3-fixed_positive_bias-5084,3,frozen_baseline,14,304.3513875714286,0.001403625006787479,14,1.0,4260.919426,True,
LOCAL-v1-q3-fixed_positive_bias-5085,3,frozen_baseline,15,297.49612033333335,0.0014800409553572536,15,1.0,4462.441805,True,
LOCAL-v1-q3-fixed_positive_bias-5086,3,frozen_baseline,12,293.50453016666665,0.0012098751030862331,12,1.0,3522.054362,True,
LOCAL-v1-q3-fixed_positive_bias-5087,3,frozen_baseline,13,291.39124207692305,0.001365375006571412,13,1.0,3788.086147,True,
LOCAL-v1-q3-fixed_positive_bias-5088,3,frozen_baseline,16,246.2939578125,0.0016214590286836028,16,1.0,3940.703325,True,
LOCAL-v1-q3-fixed_positive_bias-5089,3,frozen_baseline,15,308.36579413333334,0.0015405830927193165,15,1.0,4625.486912,True,
LOCAL-v1-q3-fixed_positive_bias-5090,3,frozen_baseline,14,265.0963610714286,0.0014125000452622771,14,1.0,3711.349055,True,
LOCAL-v1-q3-fixed_positive_bias-5091,3,frozen_baseline,12,303.49771508333333,0.0011165000032633543,12,1.0,3641.972581,True,
LOCAL-v1-q3-fixed_positive_bias-5092,3,frozen_baseline,11,302.10893063636365,0.0012591249542310834,11,1.0,3323.198237,True,
LOCAL-v1-q3-fixed_positive_bias-5093,3,frozen_baseline,15,272.299798,0.0015595000004395843,15,1.0,4084.49697,True,
LOCAL-v1-q3-fixed_positive_bias-5094,3,frozen_baseline,11,343.09474727272726,0.001165166962891817,11,1.0,3774.04222,True,
LOCAL-v1-q3-fixed_positive_bias-5095,3,frozen_baseline,10,329.7191372,0.0010639999527484179,10,1.0,3297.191372,True,
LOCAL-v1-q3-fixed_positive_bias-5096,3,frozen_baseline,14,317.2277277857143,0.001419208012521267,14,1.0,4441.188189,True,
LOCAL-v1-q3-fixed_positive_bias-5097,3,frozen_baseline,13,286.9706862307692,0.001357333967462182,13,1.0,3730.618921,True,
LOCAL-v1-q3-fixed_positive_bias-5098,3,frozen_baseline,16,283.949024375,0.0016155000776052475,16,1.0,4543.18439,True,
LOCAL-v1-q3-fixed_positive_bias-5099,3,frozen_baseline,13,308.9318563076923,0.001474292017519474,13,1.0,4016.114132,True,
LOCAL-v1-q3-fixed_negative_bias-5000,3,frozen_baseline,11,302.85482790909094,0.0011138750705868006,11,1.0,3331.403107,True,
LOCAL-v1-q3-fixed_negative_bias-5001,3,frozen_baseline,14,256.6773402142857,0.0013272500364109874,14,1.0,3593.482763,True,
LOCAL-v1-q3-fixed_negative_bias-5002,3,frozen_baseline,15,277.0555267333333,0.0014247919898480177,15,1.0,4155.832901,True,
LOCAL-v1-q3-fixed_negative_bias-5003,3,frozen_baseline,11,317.01852818181817,0.0012098749866709113,11,1.0,3487.20381,True,
LOCAL-v1-q3-fixed_negative_bias-5004,3,frozen_baseline,12,333.5435055,0.001250874949619174,12,1.0,4002.522066,True,
LOCAL-v1-q3-fixed_negative_bias-5005,3,frozen_baseline,11,356.42486572727273,0.001144958077929914,11,1.0,3920.673523,True,
LOCAL-v1-q3-fixed_negative_bias-5006,3,frozen_baseline,11,344.499111,0.0011143749579787254,11,1.0,3789.490221,True,
LOCAL-v1-q3-fixed_negative_bias-5007,3,frozen_baseline,11,343.80585918181816,0.0010316249681636691,11,1.0,3781.864451,True,
LOCAL-v1-q3-fixed_negative_bias-5008,3,frozen_baseline,10,342.90841,0.0011284590000286698,10,1.0,3429.0841,True,
LOCAL-v1-q3-fixed_negative_bias-5009,3,frozen_baseline,14,289.8730662142857,0.0013835839927196503,14,1.0,4058.222927,True,
LOCAL-v1-q3-fixed_negative_bias-5010,3,frozen_baseline,12,328.36473158333337,0.0013607079163193703,12,1.0,3940.376779,True,
LOCAL-v1-q3-fixed_negative_bias-5011,3,frozen_baseline,15,304.739545,0.0015470420476049185,15,1.0,4571.093175,True,
LOCAL-v1-q3-fixed_negative_bias-5012,3,frozen_baseline,10,359.3294723,0.0009906660998240113,10,1.0,3593.294723,True,
LOCAL-v1-q3-fixed_negative_bias-5013,3,frozen_baseline,12,297.92018408333337,0.00125512492377311,12,1.0,3575.042209,True,
LOCAL-v1-q3-fixed_negative_bias-5014,3,frozen_baseline,11,341.8869189090909,0.0011653749970719218,11,1.0,3760.756108,True,
LOCAL-v1-q3-fixed_negative_bias-5015,3,frozen_baseline,12,296.67400449999997,0.0011202500900253654,12,1.0,3560.088054,True,
LOCAL-v1-q3-fixed_negative_bias-5016,3,frozen_baseline,16,282.288823,0.0016708750044927,16,1.0,4516.621168,True,
LOCAL-v1-q3-fixed_negative_bias-5017,3,frozen_baseline,15,285.4378576666667,0.0015546249924227595,15,1.0,4281.567865,True,
LOCAL-v1-q3-fixed_negative_bias-5018,3,frozen_baseline,10,363.4882822,0.0010730419307947159,10,1.0,3634.882822,True,
LOCAL-v1-q3-fixed_negative_bias-5019,3,frozen_baseline,11,344.59075545454544,0.001219875062815845,11,1.0,3790.49831,True,
LOCAL-v1-q3-fixed_negative_bias-5020,3,frozen_baseline,16,246.972140875,0.0015250410651788116,16,1.0,3951.554254,True,
LOCAL-v1-q3-fixed_negative_bias-5021,3,frozen_baseline,14,258.9110672857143,0.0014105410082265735,14,1.0,3624.754942,True,
LOCAL-v1-q3-fixed_negative_bias-5022,3,frozen_baseline,14,299.19625042857143,0.0015481249429285526,14,1.0,4188.747506,True,
LOCAL-v1-q3-fixed_negative_bias-5023,3,frozen_baseline,15,281.17320240000004,0.001576791051775217,15,1.0,4217.598036,True,
LOCAL-v1-q3-fixed_negative_bias-5024,3,frozen_baseline,13,338.24059030769234,0.0012495409464463592,13,1.0,4397.127674,True,
LOCAL-v1-q3-fixed_negative_bias-5025,3,frozen_baseline,12,338.50266708333334,0.0012725420529022813,12,1.0,4062.032005,True,
LOCAL-v1-q3-fixed_negative_bias-5026,3,frozen_baseline,15,295.32862766666665,0.0013792079407721758,15,1.0,4429.929415,True,
LOCAL-v1-q3-fixed_negative_bias-5027,3,frozen_baseline,11,293.3331332727273,0.0009550000540912151,11,1.0,3226.664466,True,
LOCAL-v1-q3-fixed_negative_bias-5028,3,frozen_baseline,10,352.9317322,0.0008960830746218562,10,1.0,3529.317322,True,
LOCAL-v1-q3-fixed_negative_bias-5029,3,frozen_baseline,11,321.4707310909091,0.0011214580154046416,11,1.0,3536.178042,True,
LOCAL-v1-q3-fixed_negative_bias-5030,3,frozen_baseline,12,321.3808720833333,0.0012714170152321458,12,1.0,3856.570465,True,
LOCAL-v1-q3-fixed_negative_bias-5031,3,frozen_baseline,15,248.1673228,0.001612124964594841,15,1.0,3722.509842,True,
LOCAL-v1-q3-fixed_negative_bias-5032,3,frozen_baseline,11,351.7219490909091,0.0010414159623906016,11,1.0,3868.94144,True,
LOCAL-v1-q3-fixed_negative_bias-5033,3,frozen_baseline,14,307.82952971428574,0.001578458002768457,14,1.0,4309.613416,True,
LOCAL-v1-q3-fixed_negative_bias-5034,3,frozen_baseline,16,251.3727963125,0.001635667053051293,16,1.0,4021.964741,True,
LOCAL-v1-q3-fixed_negative_bias-5035,3,frozen_baseline,10,382.8544075,0.0011303339852020144,10,1.0,3828.544075,True,
LOCAL-v1-q3-fixed_negative_bias-5036,3,frozen_baseline,15,230.3543872666667,0.0014936659717932343,15,1.0,3455.315809,True,
LOCAL-v1-q3-fixed_negative_bias-5037,3,frozen_baseline,15,295.40634746666666,0.0015856670215725899,15,1.0,4431.095212,True,
LOCAL-v1-q3-fixed_negative_bias-5038,3,frozen_baseline,16,279.1128689375,0.0015508340438827872,16,1.0,4465.805903,True,
LOCAL-v1-q3-fixed_negative_bias-5039,3,frozen_baseline,10,373.264804,0.0010900829220190644,10,1.0,3732.64804,True,
LOCAL-v1-q3-fixed_negative_bias-5040,3,frozen_baseline,15,283.798766,0.0015124999918043613,15,1.0,4256.98149,True,
LOCAL-v1-q3-fixed_negative_bias-5041,3,frozen_baseline,15,312.2686608,0.0014746669912710786,15,1.0,4684.029912,True,
LOCAL-v1-q3-fixed_negative_bias-5042,3,frozen_baseline,11,303.240289,0.0010455420706421137,11,1.0,3335.643179,True,
LOCAL-v1-q3-fixed_negative_bias-5043,3,frozen_baseline,12,310.67270708333336,0.0012782500125467777,12,1.0,3728.072485,True,
LOCAL-v1-q3-fixed_negative_bias-5044,3,frozen_baseline,11,358.5183513636364,0.001225540996529162,11,1.0,3943.701865,True,
LOCAL-v1-q3-fixed_negative_bias-5045,3,frozen_baseline,11,328.1019389090909,0.0010956668993458152,11,1.0,3609.121328,True,
LOCAL-v1-q3-fixed_negative_bias-5046,3,frozen_baseline,10,373.5291857,0.0011967089958488941,10,1.0,3735.291857,True,
LOCAL-v1-q3-fixed_negative_bias-5047,3,frozen_baseline,16,252.352992875,0.0015819580294191837,16,1.0,4037.647886,True,
LOCAL-v1-q3-fixed_negative_bias-5048,3,frozen_baseline,12,299.53353450000003,0.0012770419707521796,12,1.0,3594.402414,True,
LOCAL-v1-q3-fixed_negative_bias-5049,3,frozen_baseline,10,350.7130009,0.0010984999826177955,10,1.0,3507.130009,True,
LOCAL-v1-q3-fixed_negative_bias-5050,3,frozen_baseline,15,270.2879016666667,0.0013666249578818679,15,1.0,4054.318525,True,
LOCAL-v1-q3-fixed_negative_bias-5051,3,frozen_baseline,11,297.8244070909091,0.0010997080244123936,11,1.0,3276.068478,True,
LOCAL-v1-q3-fixed_negative_bias-5052,3,frozen_baseline,13,329.9618616153846,0.001317041926085949,13,1.0,4289.504201,True,
LOCAL-v1-q3-fixed_negative_bias-5053,3,frozen_baseline,16,251.9465948125,0.0014151249779388309,16,1.0,4031.145517,True,
LOCAL-v1-q3-fixed_negative_bias-5054,3,frozen_baseline,16,275.4986738125,0.001560040982440114,16,1.0,4407.978781,True,
LOCAL-v1-q3-fixed_negative_bias-5055,3,frozen_baseline,12,315.9091270833333,0.001136208069510758,12,1.0,3790.909525,True,
LOCAL-v1-q3-fixed_negative_bias-5056,3,frozen_baseline,13,293.6704889230769,0.001286833081394434,13,1.0,3817.716356,True,
LOCAL-v1-q3-fixed_negative_bias-5057,3,frozen_baseline,13,305.98078123076925,0.00115220807492733,13,1.0,3977.750156,True,
LOCAL-v1-q3-fixed_negative_bias-5058,3,frozen_baseline,14,247.81161807142857,0.0012730000307783484,14,1.0,3469.362653,True,
LOCAL-v1-q3-fixed_negative_bias-5059,3,frozen_baseline,12,306.485024,0.0014094170182943344,12,1.0,3677.820288,True,
LOCAL-v1-q3-fixed_negative_bias-5060,3,frozen_baseline,11,343.3682222727273,0.0012732920004054904,11,1.0,3777.050445,True,
LOCAL-v1-q3-fixed_negative_bias-5061,3,frozen_baseline,13,260.8792966153846,0.001211125054396689,13,1.0,3391.430856,True,
LOCAL-v1-q3-fixed_negative_bias-5062,3,frozen_baseline,16,271.7888455625,0.0014490409521386027,16,1.0,4348.621529,True,
LOCAL-v1-q3-fixed_negative_bias-5063,3,frozen_baseline,15,285.1932338,0.0015796249499544501,15,1.0,4277.898507,True,
LOCAL-v1-q3-fixed_negative_bias-5064,3,frozen_baseline,13,291.01493230769233,0.0013080829521641135,13,1.0,3783.19412,True,
LOCAL-v1-q3-fixed_negative_bias-5065,3,frozen_baseline,12,317.50016966666664,0.0013017080491408706,12,1.0,3810.002036,True,
LOCAL-v1-q3-fixed_negative_bias-5066,3,frozen_baseline,10,387.6687328,0.0010453329887241125,10,1.0,3876.687328,True,
LOCAL-v1-q3-fixed_negative_bias-5067,3,frozen_baseline,16,250.6982210625,0.0015582090709358454,16,1.0,4011.171537,True,
LOCAL-v1-q3-fixed_negative_bias-5068,3,frozen_baseline,13,284.49398784615386,0.0012356250081211329,13,1.0,3698.421842,True,
LOCAL-v1-q3-fixed_negative_bias-5069,3,frozen_baseline,14,289.70786264285715,0.0014826670521870255,14,1.0,4055.910077,True,
LOCAL-v1-q3-fixed_negative_bias-5070,3,frozen_baseline,12,317.3956934166667,0.001322499942034483,12,1.0,3808.748321,True,
LOCAL-v1-q3-fixed_negative_bias-5071,3,frozen_baseline,12,311.21472783333337,0.0012584159849211574,12,1.0,3734.576734,True,
LOCAL-v1-q3-fixed_negative_bias-5072,3,frozen_baseline,15,263.37354853333335,0.001522500067949295,15,1.0,3950.603228,True,
LOCAL-v1-q3-fixed_negative_bias-5073,3,frozen_baseline,10,356.3166314,0.0010906669776886702,10,1.0,3563.166314,True,
LOCAL-v1-q3-fixed_negative_bias-5074,3,frozen_baseline,16,269.7649535,0.0016428329981863499,16,1.0,4316.239256,True,
LOCAL-v1-q3-fixed_negative_bias-5075,3,frozen_baseline,15,268.8015066,0.001524958061054349,15,1.0,4032.022599,True,
LOCAL-v1-q3-fixed_negative_bias-5076,3,frozen_baseline,12,309.293434,0.0013281659921631217,12,1.0,3711.521208,True,
LOCAL-v1-q3-fixed_negative_bias-5077,3,frozen_baseline,14,294.70428207142857,0.001375042018480599,14,1.0,4125.859949,True,
LOCAL-v1-q3-fixed_negative_bias-5078,3,frozen_baseline,13,268.72489415384615,0.0012140830513089895,13,1.0,3493.423624,True,
LOCAL-v1-q3-fixed_negative_bias-5079,3,frozen_baseline,10,367.7934146,0.0010384171037003398,10,1.0,3677.934146,True,
LOCAL-v1-q3-fixed_negative_bias-5080,3,frozen_baseline,10,340.8564841,0.0009503749897703528,10,1.0,3408.564841,True,
LOCAL-v1-q3-fixed_negative_bias-5081,3,frozen_baseline,16,258.53884675,0.0014806250110268593,16,1.0,4136.621548,True,
LOCAL-v1-q3-fixed_negative_bias-5082,3,frozen_baseline,13,302.70599969230767,0.0013123750686645508,13,1.0,3935.177996,True,
LOCAL-v1-q3-fixed_negative_bias-5083,3,frozen_baseline,13,300.89327307692304,0.001288541010580957,13,1.0,3911.61255,True,
LOCAL-v1-q3-fixed_negative_bias-5084,3,frozen_baseline,14,285.67493035714284,0.0015283330576494336,14,1.0,3999.449025,True,
LOCAL-v1-q3-fixed_negative_bias-5085,3,frozen_baseline,15,308.80822406666664,0.001564792008139193,15,1.0,4632.123361,True,
LOCAL-v1-q3-fixed_negative_bias-5086,3,frozen_baseline,12,297.0295570833333,0.0012006249744445086,12,1.0,3564.354685,True,
LOCAL-v1-q3-fixed_negative_bias-5087,3,frozen_baseline,13,301.0630013076923,0.0014021249953657389,13,1.0,3913.819017,True,
LOCAL-v1-q3-fixed_negative_bias-5088,3,frozen_baseline,16,223.089099625,0.001601667026989162,16,1.0,3569.425594,True,
LOCAL-v1-q3-fixed_negative_bias-5089,3,frozen_baseline,15,286.36758126666666,0.0016872920095920563,15,1.0,4295.513719,True,
LOCAL-v1-q3-fixed_negative_bias-5090,3,frozen_baseline,14,285.1919285,0.0015683749224990606,14,1.0,3992.686999,True,
LOCAL-v1-q3-fixed_negative_bias-5091,3,frozen_baseline,12,306.42051299999997,0.0011007499415427446,12,1.0,3677.046156,True,
LOCAL-v1-q3-fixed_negative_bias-5092,3,frozen_baseline,11,322.7126215454545,0.0012765000574290752,11,1.0,3549.838837,True,
LOCAL-v1-q3-fixed_negative_bias-5093,3,frozen_baseline,15,270.1160124,0.001417041989043355,15,1.0,4051.740186,True,
LOCAL-v1-q3-fixed_negative_bias-5094,3,frozen_baseline,11,341.62880590909094,0.0011693750275298953,11,1.0,3757.916865,True,
LOCAL-v1-q3-fixed_negative_bias-5095,3,frozen_baseline,10,326.5582461,0.001211125054396689,10,1.0,3265.582461,True,
LOCAL-v1-q3-fixed_negative_bias-5096,3,frozen_baseline,14,329.33833150000004,0.001572042005136609,14,1.0,4610.736641,True,
LOCAL-v1-q3-fixed_negative_bias-5097,3,frozen_baseline,13,270.3814693076923,0.0011531250784173608,13,1.0,3514.959101,True,
LOCAL-v1-q3-fixed_negative_bias-5098,3,frozen_baseline,16,252.3221956875,0.001608958002179861,16,1.0,4037.155131,True,
LOCAL-v1-q3-fixed_negative_bias-5099,3,frozen_baseline,13,304.93349753846155,0.0012355420039966702,13,1.0,3964.135468,True,
LOCAL-v1-q3-smooth_shared_field-5000,3,frozen_baseline,11,307.78704827272725,0.0010977080091834068,11,1.0,3385.657531,True,
LOCAL-v1-q3-smooth_shared_field-5001,3,frozen_baseline,14,269.83561,0.0014336660970002413,14,1.0,3777.69854,True,
LOCAL-v1-q3-smooth_shared_field-5002,3,frozen_baseline,15,272.54923726666664,0.0013554159086197615,15,1.0,4088.238559,True,
LOCAL-v1-q3-smooth_shared_field-5003,3,frozen_baseline,11,316.6576480909091,0.001122834044508636,11,1.0,3483.234129,True,
LOCAL-v1-q3-smooth_shared_field-5004,3,frozen_baseline,12,336.4757445833333,0.001135458005592227,12,1.0,4037.708935,True,
LOCAL-v1-q3-smooth_shared_field-5005,3,frozen_baseline,11,364.7102000909091,0.001111124991439283,11,1.0,4011.812201,True,
LOCAL-v1-q3-smooth_shared_field-5006,3,frozen_baseline,11,345.7009119090909,0.0011283749481663108,11,1.0,3802.710031,True,
LOCAL-v1-q3-smooth_shared_field-5007,3,frozen_baseline,11,343.89199718181817,0.0010238749673590064,11,1.0,3782.811969,True,
LOCAL-v1-q3-smooth_shared_field-5008,3,frozen_baseline,10,334.042576,0.0010299170389771461,10,1.0,3340.42576,True,
LOCAL-v1-q3-smooth_shared_field-5009,3,frozen_baseline,14,282.65353250000004,0.0012765830615535378,14,1.0,3957.149455,True,
LOCAL-v1-q3-smooth_shared_field-5010,3,frozen_baseline,12,331.29278066666666,0.0010832090629264712,12,1.0,3975.513368,True,
LOCAL-v1-q3-smooth_shared_field-5011,3,frozen_baseline,15,301.4898404,0.0014174169627949595,15,1.0,4522.347606,True,
LOCAL-v1-q3-smooth_shared_field-5012,3,frozen_baseline,10,356.2148795,0.0009244580287486315,10,1.0,3562.148795,True,
LOCAL-v1-q3-smooth_shared_field-5013,3,frozen_baseline,12,292.1658274166667,0.001217333017848432,12,1.0,3505.989929,True,
LOCAL-v1-q3-smooth_shared_field-5014,3,frozen_baseline,11,338.24272454545456,0.0010994999902322888,11,1.0,3720.66997,True,
LOCAL-v1-q3-smooth_shared_field-5015,3,frozen_baseline,12,294.8166355,0.001194083015434444,12,1.0,3537.799626,True,
LOCAL-v1-q3-smooth_shared_field-5016,3,frozen_baseline,16,275.454802875,0.0014690420357510448,16,1.0,4407.276846,True,
LOCAL-v1-q3-smooth_shared_field-5017,3,frozen_baseline,15,274.2973206666667,0.0014019159134477377,15,1.0,4114.45981,True,
LOCAL-v1-q3-smooth_shared_field-5018,3,frozen_baseline,10,357.2820757,0.0009688750142231584,10,1.0,3572.820757,True,
LOCAL-v1-q3-smooth_shared_field-5019,3,frozen_baseline,11,353.61411363636364,0.0011719160247594118,11,1.0,3889.75525,True,
LOCAL-v1-q3-smooth_shared_field-5020,3,frozen_baseline,16,269.9891521875,0.0015131250256672502,16,1.0,4319.826435,True,
LOCAL-v1-q3-smooth_shared_field-5021,3,frozen_baseline,14,259.981179,0.0013777909334748983,14,1.0,3639.736506,True,
LOCAL-v1-q3-smooth_shared_field-5022,3,frozen_baseline,14,292.6924022857143,0.0012866250472143292,14,1.0,4097.693632,True,
LOCAL-v1-q3-smooth_shared_field-5023,3,frozen_baseline,15,267.772007,0.0014154160162433982,15,1.0,4016.580105,True,
LOCAL-v1-q3-smooth_shared_field-5024,3,frozen_baseline,13,337.3469812307692,0.0011617919662967324,13,1.0,4385.510756,True,
LOCAL-v1-q3-smooth_shared_field-5025,3,frozen_baseline,12,319.782467,0.0011357920011505485,12,1.0,3837.389604,True,
LOCAL-v1-q3-smooth_shared_field-5026,3,frozen_baseline,15,290.2554002,0.0013892919523641467,15,1.0,4353.831003,True,
LOCAL-v1-q3-smooth_shared_field-5027,3,frozen_baseline,11,296.8024076363636,0.0010420409962534904,11,1.0,3264.826484,True,
LOCAL-v1-q3-smooth_shared_field-5028,3,frozen_baseline,10,350.0232417,0.000869459006935358,10,1.0,3500.232417,True,
LOCAL-v1-q3-smooth_shared_field-5029,3,frozen_baseline,11,298.43219145454543,0.0009463749593123794,11,1.0,3282.754106,True,
LOCAL-v1-q3-smooth_shared_field-5030,3,frozen_baseline,12,307.44256808333336,0.001121707959100604,12,1.0,3689.310817,True,
LOCAL-v1-q3-smooth_shared_field-5031,3,frozen_baseline,15,243.94811153333333,0.0014392919838428497,15,1.0,3659.221673,True,
LOCAL-v1-q3-smooth_shared_field-5032,3,frozen_baseline,11,350.1863459090909,0.0010556669440120459,11,1.0,3852.049805,True,
LOCAL-v1-q3-smooth_shared_field-5033,3,frozen_baseline,14,306.9503512142857,0.0013928749831393361,14,1.0,4297.304917,True,
LOCAL-v1-q3-smooth_shared_field-5034,3,frozen_baseline,16,254.4102991875,0.0015403340803459287,16,1.0,4070.564787,True,
LOCAL-v1-q3-smooth_shared_field-5035,3,frozen_baseline,10,387.28090940000004,0.0010242500575259328,10,1.0,3872.809094,True,
LOCAL-v1-q3-smooth_shared_field-5036,3,frozen_baseline,15,233.0236758,0.0013250000774860382,15,1.0,3495.355137,True,
LOCAL-v1-q3-smooth_shared_field-5037,3,frozen_baseline,15,287.1695269333333,0.0014248749939724803,15,1.0,4307.542904,True,
LOCAL-v1-q3-smooth_shared_field-5038,3,frozen_baseline,16,251.27944525,0.0014479579403996468,16,1.0,4020.471124,True,
LOCAL-v1-q3-smooth_shared_field-5039,3,frozen_baseline,10,371.1652619,0.0010409579845145345,10,1.0,3711.652619,True,
LOCAL-v1-q3-smooth_shared_field-5040,3,frozen_baseline,15,275.6498479333333,0.001425083028152585,15,1.0,4134.747719,True,
LOCAL-v1-q3-smooth_shared_field-5041,3,frozen_baseline,15,307.7362589333333,0.00125345797277987,15,1.0,4616.043884,True,
LOCAL-v1-q3-smooth_shared_field-5042,3,frozen_baseline,11,318.56218145454545,0.0010365420021116734,11,1.0,3504.183996,True,
LOCAL-v1-q3-smooth_shared_field-5043,3,frozen_baseline,12,329.7412951666667,0.001186041976325214,12,1.0,3956.895542,True,
LOCAL-v1-q3-smooth_shared_field-5044,3,frozen_baseline,11,345.76279018181816,0.001118415966629982,11,1.0,3803.390692,True,
LOCAL-v1-q3-smooth_shared_field-5045,3,frozen_baseline,11,334.02623936363636,0.0011726249940693378,11,1.0,3674.288633,True,
LOCAL-v1-q3-smooth_shared_field-5046,3,frozen_baseline,10,370.71754599999997,0.0011801669606938958,10,1.0,3707.17546,True,
LOCAL-v1-q3-smooth_shared_field-5047,3,frozen_baseline,16,248.18435375,0.0015523340553045273,16,1.0,3970.94966,True,
LOCAL-v1-q3-smooth_shared_field-5048,3,frozen_baseline,12,297.746684,0.0011205000337213278,12,1.0,3572.960208,True,
LOCAL-v1-q3-smooth_shared_field-5049,3,frozen_baseline,10,336.6616107,0.0010071670403704047,10,1.0,3366.616107,True,
LOCAL-v1-q3-smooth_shared_field-5050,3,frozen_baseline,15,282.2087934666667,0.0013368749059736729,15,1.0,4233.131902,True,
LOCAL-v1-q3-smooth_shared_field-5051,3,frozen_baseline,11,297.1335450909091,0.0010470410343259573,11,1.0,3268.468996,True,
LOCAL-v1-q3-smooth_shared_field-5052,3,frozen_baseline,13,304.4458117692308,0.0011875000782310963,13,1.0,3957.795553,True,
LOCAL-v1-q3-smooth_shared_field-5053,3,frozen_baseline,16,260.0127774375,0.001485459040850401,16,1.0,4160.204439,True,
LOCAL-v1-q3-smooth_shared_field-5054,3,frozen_baseline,16,270.03283225,0.0014041248941794038,16,1.0,4320.525316,True,
LOCAL-v1-q3-smooth_shared_field-5055,3,frozen_baseline,12,323.64960966666666,0.0011689170496538281,12,1.0,3883.795316,True,
LOCAL-v1-q3-smooth_shared_field-5056,3,frozen_baseline,13,281.4935939230769,0.0011464999988675117,13,1.0,3659.416721,True,
LOCAL-v1-q3-smooth_shared_field-5057,3,frozen_baseline,13,302.93631700000003,0.0011547079775482416,13,1.0,3938.172121,True,
LOCAL-v1-q3-smooth_shared_field-5058,3,frozen_baseline,14,245.9540875,0.0012743329862132668,14,1.0,3443.357225,True,
LOCAL-v1-q3-smooth_shared_field-5059,3,frozen_baseline,12,334.42280525,0.0012725830310955644,12,1.0,4013.073663,True,
LOCAL-v1-q3-smooth_shared_field-5060,3,frozen_baseline,11,339.36047845454544,0.0011257909936830401,11,1.0,3732.965263,True,
LOCAL-v1-q3-smooth_shared_field-5061,3,frozen_baseline,13,263.6418813846154,0.001236459007486701,13,1.0,3427.344458,True,
LOCAL-v1-q3-smooth_shared_field-5062,3,frozen_baseline,16,269.8550554375,0.001444916008040309,16,1.0,4317.680887,True,
LOCAL-v1-q3-smooth_shared_field-5063,3,frozen_baseline,15,281.87992786666666,0.0014701250474900007,15,1.0,4228.198918,True,
LOCAL-v1-q3-smooth_shared_field-5064,3,frozen_baseline,13,313.41884323076926,0.0011865830747410655,13,1.0,4074.444962,True,
LOCAL-v1-q3-smooth_shared_field-5065,3,frozen_baseline,12,316.8194869166667,0.001174334087409079,12,1.0,3801.833843,True,
LOCAL-v1-q3-smooth_shared_field-5066,3,frozen_baseline,10,388.98694650000004,0.0010247079189866781,10,1.0,3889.869465,True,
LOCAL-v1-q3-smooth_shared_field-5067,3,frozen_baseline,16,259.825928,0.0015558330342173576,16,1.0,4157.214848,True,
LOCAL-v1-q3-smooth_shared_field-5068,3,frozen_baseline,13,282.3327137692308,0.0011718329042196274,13,1.0,3670.325279,True,
LOCAL-v1-q3-smooth_shared_field-5069,3,frozen_baseline,14,290.7970747857143,0.0014857909409329295,14,1.0,4071.159047,True,
LOCAL-v1-q3-smooth_shared_field-5070,3,frozen_baseline,12,329.17901524999996,0.001335499924607575,12,1.0,3950.148183,True,
LOCAL-v1-q3-smooth_shared_field-5071,3,frozen_baseline,12,308.34032241666665,0.0011784590315073729,12,1.0,3700.083869,True,
LOCAL-v1-q3-smooth_shared_field-5072,3,frozen_baseline,15,263.1792782,0.0013761670561507344,15,1.0,3947.689173,True,
LOCAL-v1-q3-smooth_shared_field-5073,3,frozen_baseline,10,354.8160803,0.001056542037986219,10,1.0,3548.160803,True,
LOCAL-v1-q3-smooth_shared_field-5074,3,frozen_baseline,16,249.184794625,0.0014472909970209002,16,1.0,3986.956714,True,
LOCAL-v1-q3-smooth_shared_field-5075,3,frozen_baseline,15,270.2031786,0.0014896249631419778,15,1.0,4053.047679,True,
LOCAL-v1-q3-smooth_shared_field-5076,3,frozen_baseline,12,309.33931925,0.0012366250157356262,12,1.0,3712.071831,True,
LOCAL-v1-q3-smooth_shared_field-5077,3,frozen_baseline,14,297.9235165714286,0.001384416944347322,14,1.0,4170.929232,True,
LOCAL-v1-q3-smooth_shared_field-5078,3,frozen_baseline,13,270.8225135384615,0.0012579170288518071,13,1.0,3520.692676,True,
LOCAL-v1-q3-smooth_shared_field-5079,3,frozen_baseline,10,371.2509055,0.0010679999832063913,10,1.0,3712.509055,True,
LOCAL-v1-q3-smooth_shared_field-5080,3,frozen_baseline,10,340.2417972,0.0009742499096319079,10,1.0,3402.417972,True,
LOCAL-v1-q3-smooth_shared_field-5081,3,frozen_baseline,16,255.6817505625,0.001471041003242135,16,1.0,4090.908009,True,
LOCAL-v1-q3-smooth_shared_field-5082,3,frozen_baseline,13,308.2578161538462,0.0011812499724328518,13,1.0,4007.35161,True,
LOCAL-v1-q3-smooth_shared_field-5083,3,frozen_baseline,13,309.2363563076923,0.0013853749260306358,13,1.0,4020.072632,True,
LOCAL-v1-q3-smooth_shared_field-5084,3,frozen_baseline,14,304.72414478571426,0.001437708968296647,14,1.0,4266.138027,True,
LOCAL-v1-q3-smooth_shared_field-5085,3,frozen_baseline,15,310.96646913333336,0.0014847080456092954,15,1.0,4664.497037,True,
LOCAL-v1-q3-smooth_shared_field-5086,3,frozen_baseline,12,306.027273,0.0011928750900551677,12,1.0,3672.327276,True,
LOCAL-v1-q3-smooth_shared_field-5087,3,frozen_baseline,13,301.0283222307692,0.0014268329832702875,13,1.0,3913.368189,True,
LOCAL-v1-q3-smooth_shared_field-5088,3,frozen_baseline,16,218.611081,0.001552834059111774,16,1.0,3497.777296,True,
LOCAL-v1-q3-smooth_shared_field-5089,3,frozen_baseline,15,286.5362447333334,0.0016571249580010772,15,1.0,4298.043671,True,
LOCAL-v1-q3-smooth_shared_field-5090,3,frozen_baseline,14,278.161269,0.0015867500333115458,14,1.0,3894.257766,True,
LOCAL-v1-q3-smooth_shared_field-5091,3,frozen_baseline,12,306.53245975,0.0011513750068843365,12,1.0,3678.389517,True,
LOCAL-v1-q3-smooth_shared_field-5092,3,frozen_baseline,11,328.2956816363636,0.0013302919687703252,11,1.0,3611.252498,True,
LOCAL-v1-q3-smooth_shared_field-5093,3,frozen_baseline,15,263.6159444,0.0013831669930368662,15,1.0,3954.239166,True,
LOCAL-v1-q3-smooth_shared_field-5094,3,frozen_baseline,11,335.61814636363636,0.0010788330109789968,11,1.0,3691.79961,True,
LOCAL-v1-q3-smooth_shared_field-5095,3,frozen_baseline,10,326.59105450000004,0.0011142910225316882,10,1.0,3265.910545,True,
LOCAL-v1-q3-smooth_shared_field-5096,3,frozen_baseline,14,310.73258864285714,0.0012787500163540244,14,1.0,4350.256241,True,
LOCAL-v1-q3-smooth_shared_field-5097,3,frozen_baseline,13,269.20869846153846,0.0011125419987365603,13,1.0,3499.71308,True,
LOCAL-v1-q3-smooth_shared_field-5098,3,frozen_baseline,16,255.915696875,0.0016448339447379112,16,1.0,4094.65115,True,
LOCAL-v1-q3-smooth_shared_field-5099,3,frozen_baseline,13,305.02362253846155,0.0012582080671563745,13,1.0,3965.307093,True,
LOCAL-v1-q3-cell50_shared_field-5000,3,frozen_baseline,11,298.36938436363636,0.0011753329308703542,11,1.0,3282.063228,True,
LOCAL-v1-q3-cell50_shared_field-5001,3,frozen_baseline,14,271.2325697142857,0.0015178329776972532,14,1.0,3797.255976,True,
LOCAL-v1-q3-cell50_shared_field-5002,3,frozen_baseline,15,253.28510713333333,0.0014852499589323997,15,1.0,3799.276607,True,
LOCAL-v1-q3-cell50_shared_field-5003,3,frozen_baseline,11,326.11738963636367,0.0011570421047508717,11,1.0,3587.291286,True,
LOCAL-v1-q3-cell50_shared_field-5004,3,frozen_baseline,12,330.09366358333335,0.0011613330570980906,12,1.0,3961.123963,True,
LOCAL-v1-q3-cell50_shared_field-5005,3,frozen_baseline,11,325.35488563636363,0.0011519590625539422,11,1.0,3578.903742,True,
LOCAL-v1-q3-cell50_shared_field-5006,3,frozen_baseline,11,338.8248244545455,0.0011353750014677644,11,1.0,3727.073069,True,
LOCAL-v1-q3-cell50_shared_field-5007,3,frozen_baseline,11,339.0080939090909,0.0010430410038679838,11,1.0,3729.089033,True,
LOCAL-v1-q3-cell50_shared_field-5008,3,frozen_baseline,10,348.39802249999997,0.001163374981842935,10,1.0,3483.980225,True,
LOCAL-v1-q3-cell50_shared_field-5009,3,frozen_baseline,14,287.4902102142857,0.0013090000720694661,14,1.0,4024.862943,True,
LOCAL-v1-q3-cell50_shared_field-5010,3,frozen_baseline,12,329.5571821666667,0.0012376250233501196,12,1.0,3954.686186,True,
LOCAL-v1-q3-cell50_shared_field-5011,3,frozen_baseline,15,283.04561946666666,0.0015382500132545829,15,1.0,4245.684292,True,
LOCAL-v1-q3-cell50_shared_field-5012,3,frozen_baseline,10,355.7560413,0.0010246250312775373,10,1.0,3557.560413,True,
LOCAL-v1-q3-cell50_shared_field-5013,3,frozen_baseline,12,296.26149525,0.0012139580212533474,12,1.0,3555.137943,True,
LOCAL-v1-q3-cell50_shared_field-5014,3,frozen_baseline,11,334.71441336363637,0.0011643340112641454,11,1.0,3681.858547,True,
LOCAL-v1-q3-cell50_shared_field-5015,3,frozen_baseline,12,344.85270741666665,0.0011815830366685987,12,1.0,4138.232489,True,
LOCAL-v1-q3-cell50_shared_field-5016,3,frozen_baseline,16,258.237636,0.0016058749752119184,16,1.0,4131.802176,True,
LOCAL-v1-q3-cell50_shared_field-5017,3,frozen_baseline,15,255.28504926666668,0.0013572080060839653,15,1.0,3829.275739,True,
LOCAL-v1-q3-cell50_shared_field-5018,3,frozen_baseline,10,357.26311150000004,0.000983125064522028,10,1.0,3572.631115,True,
LOCAL-v1-q3-cell50_shared_field-5019,3,frozen_baseline,11,345.4908312727273,0.001258083968423307,11,1.0,3800.399144,True,
LOCAL-v1-q3-cell50_shared_field-5020,3,frozen_baseline,16,265.7170591875,0.001489125075750053,16,1.0,4251.472947,True,
LOCAL-v1-q3-cell50_shared_field-5021,3,frozen_baseline,14,253.77988835714285,0.0012888750061392784,14,1.0,3552.918437,True,
LOCAL-v1-q3-cell50_shared_field-5022,3,frozen_baseline,14,282.7809624285714,0.0012950839009135962,14,1.0,3958.933474,True,
LOCAL-v1-q3-cell50_shared_field-5023,3,frozen_baseline,15,271.4711958,0.0013101249933242798,15,1.0,4072.067937,True,
LOCAL-v1-q3-cell50_shared_field-5024,3,frozen_baseline,13,347.47822761538464,0.0012324999552220106,13,1.0,4517.216959,True,
LOCAL-v1-q3-cell50_shared_field-5025,3,frozen_baseline,12,313.75078191666665,0.001158999977633357,12,1.0,3765.009383,True,
LOCAL-v1-q3-cell50_shared_field-5026,3,frozen_baseline,15,285.7652616666667,0.001408332958817482,15,1.0,4286.478925,True,
LOCAL-v1-q3-cell50_shared_field-5027,3,frozen_baseline,11,297.3170787272727,0.001082667033188045,11,1.0,3270.487866,True,
LOCAL-v1-q3-cell50_shared_field-5028,3,frozen_baseline,10,352.6073377,0.0009072499815374613,10,1.0,3526.073377,True,
LOCAL-v1-q3-cell50_shared_field-5029,3,frozen_baseline,11,324.10750818181816,0.001041417010128498,11,1.0,3565.18259,True,
LOCAL-v1-q3-cell50_shared_field-5030,3,frozen_baseline,12,318.92251516666664,0.0011397919151932001,12,1.0,3827.070182,True,
LOCAL-v1-q3-cell50_shared_field-5031,3,frozen_baseline,15,291.39767546666667,0.0014005829580128193,15,1.0,4370.965132,True,
LOCAL-v1-q3-cell50_shared_field-5032,3,frozen_baseline,11,350.84046245454545,0.00103554199449718,11,1.0,3859.245087,True,
LOCAL-v1-q3-cell50_shared_field-5033,3,frozen_baseline,14,285.4623106428572,0.0013911660062149167,14,1.0,3996.472349,True,
LOCAL-v1-q3-cell50_shared_field-5034,3,frozen_baseline,16,263.8931980625,0.001780542079359293,16,1.0,4222.291169,True,
LOCAL-v1-q3-cell50_shared_field-5035,3,frozen_baseline,10,382.2838421,0.0010162090184167027,10,1.0,3822.838421,True,
LOCAL-v1-q3-cell50_shared_field-5036,3,frozen_baseline,15,228.14955206666667,0.001386042102240026,15,1.0,3422.243281,True,
LOCAL-v1-q3-cell50_shared_field-5037,3,frozen_baseline,15,288.8945074,0.0014851249288767576,15,1.0,4333.417611,True,
LOCAL-v1-q3-cell50_shared_field-5038,3,frozen_baseline,16,251.67739175,0.0014450419694185257,16,1.0,4026.838268,True,
LOCAL-v1-q3-cell50_shared_field-5039,3,frozen_baseline,10,362.80484889999997,0.0010233339853584766,10,1.0,3628.048489,True,
LOCAL-v1-q3-cell50_shared_field-5040,3,frozen_baseline,15,280.48287246666666,0.0014333749422803521,15,1.0,4207.243087,True,
LOCAL-v1-q3-cell50_shared_field-5041,3,frozen_baseline,15,297.74390926666666,0.0012923330068588257,15,1.0,4466.158639,True,
LOCAL-v1-q3-cell50_shared_field-5042,3,frozen_baseline,11,317.96104,0.0010670420015230775,11,1.0,3497.57144,True,
LOCAL-v1-q3-cell50_shared_field-5043,3,frozen_baseline,12,329.0854483333333,0.0013116670306771994,12,1.0,3949.02538,True,
LOCAL-v1-q3-cell50_shared_field-5044,3,frozen_baseline,11,348.4366601818182,0.001192708034068346,11,1.0,3832.803262,True,
LOCAL-v1-q3-cell50_shared_field-5045,3,frozen_baseline,11,314.5567510909091,0.0010578340152278543,11,1.0,3460.124262,True,
LOCAL-v1-q3-cell50_shared_field-5046,3,frozen_baseline,10,367.87566860000004,0.0010876670712605119,10,1.0,3678.756686,True,
LOCAL-v1-q3-cell50_shared_field-5047,3,frozen_baseline,16,251.6686890625,0.0015475000254809856,16,1.0,4026.699025,True,
LOCAL-v1-q3-cell50_shared_field-5048,3,frozen_baseline,12,296.5783608333333,0.0011560419807210565,12,1.0,3558.94033,True,
LOCAL-v1-q3-cell50_shared_field-5049,3,frozen_baseline,10,326.11556989999997,0.0010399160673841834,10,1.0,3261.155699,True,
LOCAL-v1-q3-cell50_shared_field-5050,3,frozen_baseline,15,290.297465,0.0015193329891189933,15,1.0,4354.461975,True,
LOCAL-v1-q3-cell50_shared_field-5051,3,frozen_baseline,11,296.92102836363637,0.0010552500607445836,11,1.0,3266.131312,True,
LOCAL-v1-q3-cell50_shared_field-5052,3,frozen_baseline,13,310.51423553846155,0.0013368339277803898,13,1.0,4036.685062,True,
LOCAL-v1-q3-cell50_shared_field-5053,3,frozen_baseline,16,254.97305925,0.001386375050060451,16,1.0,4079.568948,True,
LOCAL-v1-q3-cell50_shared_field-5054,3,frozen_baseline,16,278.642961125,0.0015572920674458146,16,1.0,4458.287378,True,
LOCAL-v1-q3-cell50_shared_field-5055,3,frozen_baseline,12,324.28826641666666,0.0012303339317440987,12,1.0,3891.459197,True,
LOCAL-v1-q3-cell50_shared_field-5056,3,frozen_baseline,13,278.63861623076923,0.001170082949101925,13,1.0,3622.302011,True,
LOCAL-v1-q3-cell50_shared_field-5057,3,frozen_baseline,13,306.89177584615385,0.001227332977578044,13,1.0,3989.593086,True,
LOCAL-v1-q3-cell50_shared_field-5058,3,frozen_baseline,14,268.27268664285714,0.0012860409915447235,14,1.0,3755.817613,True,
LOCAL-v1-q3-cell50_shared_field-5059,3,frozen_baseline,12,295.52984183333336,0.0011717090383172035,12,1.0,3546.358102,True,
LOCAL-v1-q3-cell50_shared_field-5060,3,frozen_baseline,11,340.9226951818182,0.0010858330642804503,11,1.0,3750.149647,True,
LOCAL-v1-q3-cell50_shared_field-5061,3,frozen_baseline,13,253.53546546153848,0.00113062490709126,13,1.0,3295.961051,True,
LOCAL-v1-q3-cell50_shared_field-5062,3,frozen_baseline,16,266.909432375,0.0014125000452622771,16,1.0,4270.550918,True,
LOCAL-v1-q3-cell50_shared_field-5063,3,frozen_baseline,15,278.6333706666667,0.0013136669294908643,15,1.0,4179.50056,True,
LOCAL-v1-q3-cell50_shared_field-5064,3,frozen_baseline,13,312.0757066153846,0.0011591670336201787,13,1.0,4056.984186,True,
LOCAL-v1-q3-cell50_shared_field-5065,3,frozen_baseline,12,321.828557,0.0013228749157860875,12,1.0,3861.942684,True,
LOCAL-v1-q3-cell50_shared_field-5066,3,frozen_baseline,10,382.6929175,0.0009486670605838299,10,1.0,3826.929175,True,
LOCAL-v1-q3-cell50_shared_field-5067,3,frozen_baseline,16,267.345909125,0.0016517090843990445,16,1.0,4277.534546,True,
LOCAL-v1-q3-cell50_shared_field-5068,3,frozen_baseline,13,276.7203042307692,0.0012092080432921648,13,1.0,3597.363955,True,
LOCAL-v1-q3-cell50_shared_field-5069,3,frozen_baseline,14,307.4522548571428,0.0016296670073643327,14,1.0,4304.331568,True,
LOCAL-v1-q3-cell50_shared_field-5070,3,frozen_baseline,12,323.26758758333335,0.0012503329198807478,12,1.0,3879.211051,True,
LOCAL-v1-q3-cell50_shared_field-5071,3,frozen_baseline,12,314.22612625,0.0011925409780815244,12,1.0,3770.713515,True,
LOCAL-v1-q3-cell50_shared_field-5072,3,frozen_baseline,15,287.21085553333336,0.001341833034530282,15,1.0,4308.162833,True,
LOCAL-v1-q3-cell50_shared_field-5073,3,frozen_baseline,10,369.5619316,0.0010781249729916453,10,1.0,3695.619316,True,
LOCAL-v1-q3-cell50_shared_field-5074,3,frozen_baseline,16,248.7028955625,0.001524958061054349,16,1.0,3979.246329,True,
LOCAL-v1-q3-cell50_shared_field-5075,3,frozen_baseline,15,268.5647441333333,0.001482625026255846,15,1.0,4028.471162,True,
LOCAL-v1-q3-cell50_shared_field-5076,3,frozen_baseline,12,296.90032091666666,0.0013448749668896198,12,1.0,3562.803851,True,
LOCAL-v1-q3-cell50_shared_field-5077,3,frozen_baseline,14,318.8244065,0.001390333054587245,14,1.0,4463.541691,True,
LOCAL-v1-q3-cell50_shared_field-5078,3,frozen_baseline,13,270.6235216923077,0.001205208944156766,13,1.0,3518.105782,True,
LOCAL-v1-q3-cell50_shared_field-5079,3,frozen_baseline,10,329.2094143,0.0012112499680370092,10,1.0,3292.094143,True,
LOCAL-v1-q3-cell50_shared_field-5080,3,frozen_baseline,10,333.2837171,0.0009490830125287175,10,1.0,3332.837171,True,
LOCAL-v1-q3-cell50_shared_field-5081,3,frozen_baseline,16,256.205755875,0.0013419999741017818,16,1.0,4099.292094,True,
LOCAL-v1-q3-cell50_shared_field-5082,3,frozen_baseline,13,297.01932630769227,0.001213249983265996,13,1.0,3861.251242,True,
LOCAL-v1-q3-cell50_shared_field-5083,3,frozen_baseline,13,313.75437976923075,0.0013694999506697059,13,1.0,4078.806937,True,
LOCAL-v1-q3-cell50_shared_field-5084,3,frozen_baseline,14,319.39957357142856,0.0013560829684138298,14,1.0,4471.59403,True,
LOCAL-v1-q3-cell50_shared_field-5085,3,frozen_baseline,15,301.75275193333334,0.0014294999418780208,15,1.0,4526.291279,True,
LOCAL-v1-q3-cell50_shared_field-5086,3,frozen_baseline,12,296.28988,0.001120291999541223,12,1.0,3555.47856,True,
LOCAL-v1-q3-cell50_shared_field-5087,3,frozen_baseline,13,285.29685407692307,0.0012507500359788537,13,1.0,3708.859103,True,
LOCAL-v1-q3-cell50_shared_field-5088,3,frozen_baseline,16,220.6481136875,0.0015387909952551126,16,1.0,3530.369819,True,
LOCAL-v1-q3-cell50_shared_field-5089,3,frozen_baseline,15,310.7493512,0.0015316250501200557,15,1.0,4661.240268,True,
LOCAL-v1-q3-cell50_shared_field-5090,3,frozen_baseline,14,287.0276317857143,0.0016229170141741633,14,1.0,4018.386845,True,
LOCAL-v1-q3-cell50_shared_field-5091,3,frozen_baseline,12,299.53763166666664,0.0011709589743986726,12,1.0,3594.45158,True,
LOCAL-v1-q3-cell50_shared_field-5092,3,frozen_baseline,11,304.11210772727276,0.0010985839180648327,11,1.0,3345.233185,True,
LOCAL-v1-q3-cell50_shared_field-5093,3,frozen_baseline,15,265.4635116,0.0014443749096244574,15,1.0,3981.952674,True,
LOCAL-v1-q3-cell50_shared_field-5094,3,frozen_baseline,11,343.321434,0.0011578749399632215,11,1.0,3776.535774,True,
LOCAL-v1-q3-cell50_shared_field-5095,3,frozen_baseline,10,324.5903157,0.0011917080264538527,10,1.0,3245.903157,True,
LOCAL-v1-q3-cell50_shared_field-5096,3,frozen_baseline,14,317.743328,0.0012785420985892415,14,1.0,4448.406592,True,
LOCAL-v1-q3-cell50_shared_field-5097,3,frozen_baseline,13,269.4126916923077,0.0011436659842729568,13,1.0,3502.364992,True,
LOCAL-v1-q3-cell50_shared_field-5098,3,frozen_baseline,16,249.8779655,0.0014545000158250332,16,1.0,3998.047448,True,
LOCAL-v1-q3-cell50_shared_field-5099,3,frozen_baseline,13,304.2191285384616,0.0011797499610111117,13,1.0,3954.848671,True,
LOCAL-v1-q3-cell500_shared_field-5000,3,frozen_baseline,11,316.61626609090905,0.0011157910339534283,11,1.0,3482.778927,True,
LOCAL-v1-q3-cell500_shared_field-5001,3,frozen_baseline,14,269.7933572857143,0.0014156249817460775,14,1.0,3777.107002,True,
LOCAL-v1-q3-cell500_shared_field-5002,3,frozen_baseline,15,273.5053620666667,0.0013988330028951168,15,1.0,4102.580431,True,
LOCAL-v1-q3-cell500_shared_field-5003,3,frozen_baseline,11,322.4569901818182,0.0010987919522449374,11,1.0,3547.026892,True,
LOCAL-v1-q3-cell500_shared_field-5004,3,frozen_baseline,12,328.77921258333333,0.0011606670450419188,12,1.0,3945.350551,True,
LOCAL-v1-q3-cell500_shared_field-5005,3,frozen_baseline,11,330.51634345454545,0.0011138749541714787,11,1.0,3635.679778,True,
LOCAL-v1-q3-cell500_shared_field-5006,3,frozen_baseline,11,343.02458854545455,0.0010668749455362558,11,1.0,3773.270474,True,
LOCAL-v1-q3-cell500_shared_field-5007,3,frozen_baseline,11,341.7434209090909,0.0010247910395264626,11,1.0,3759.17763,True,
LOCAL-v1-q3-cell500_shared_field-5008,3,frozen_baseline,10,344.1213621,0.001063374918885529,10,1.0,3441.213621,True,
LOCAL-v1-q3-cell500_shared_field-5009,3,frozen_baseline,14,282.98245657142854,0.0013332500820979476,14,1.0,3961.754392,True,
LOCAL-v1-q3-cell500_shared_field-5010,3,frozen_baseline,12,322.3275546666667,0.0011226660571992397,12,1.0,3867.930656,True,
LOCAL-v1-q3-cell500_shared_field-5011,3,frozen_baseline,15,305.6592702666667,0.0013916250318288803,15,1.0,4584.889054,True,
LOCAL-v1-q3-cell500_shared_field-5012,3,frozen_baseline,10,353.8056523,0.0009083750192075968,10,1.0,3538.056523,True,
LOCAL-v1-q3-cell500_shared_field-5013,3,frozen_baseline,12,299.1783145,0.001263833953998983,12,1.0,3590.139774,True,
LOCAL-v1-q3-cell500_shared_field-5014,3,frozen_baseline,11,337.68271263636365,0.0011392909800633788,11,1.0,3714.509839,True,
LOCAL-v1-q3-cell500_shared_field-5015,3,frozen_baseline,12,301.10399575,0.001204166910611093,12,1.0,3613.247949,True,
LOCAL-v1-q3-cell500_shared_field-5016,3,frozen_baseline,16,256.903664875,0.0015514999395236373,16,1.0,4110.458638,True,
LOCAL-v1-q3-cell500_shared_field-5017,3,frozen_baseline,15,259.39803259999996,0.0013463340001180768,15,1.0,3890.970489,True,
LOCAL-v1-q3-cell500_shared_field-5018,3,frozen_baseline,10,357.0899127,0.0009919999865815043,10,1.0,3570.899127,True,
LOCAL-v1-q3-cell500_shared_field-5019,3,frozen_baseline,11,345.1001866363636,0.0010972090531140566,11,1.0,3796.102053,True,
LOCAL-v1-q3-cell500_shared_field-5020,3,frozen_baseline,16,269.036267125,0.0015385840088129044,16,1.0,4304.580274,True,
LOCAL-v1-q3-cell500_shared_field-5021,3,frozen_baseline,14,256.53237014285713,0.0012998749734833837,14,1.0,3591.453182,True,
LOCAL-v1-q3-cell500_shared_field-5022,3,frozen_baseline,14,271.96821892857145,0.0012609169352799654,14,1.0,3807.555065,True,
LOCAL-v1-q3-cell500_shared_field-5023,3,frozen_baseline,15,269.5890880666667,0.001358125009573996,15,1.0,4043.836321,True,
LOCAL-v1-q3-cell500_shared_field-5024,3,frozen_baseline,13,345.7390000769231,0.001223083003424108,13,1.0,4494.607001,True,
LOCAL-v1-q3-cell500_shared_field-5025,3,frozen_baseline,12,316.21661766666665,0.0011918750824406743,12,1.0,3794.599412,True,
LOCAL-v1-q3-cell500_shared_field-5026,3,frozen_baseline,15,289.8392752666667,0.001397875021211803,15,1.0,4347.589129,True,
LOCAL-v1-q3-cell500_shared_field-5027,3,frozen_baseline,11,294.4752469090909,0.0010584580013528466,11,1.0,3239.227716,True,
LOCAL-v1-q3-cell500_shared_field-5028,3,frozen_baseline,10,349.13764000000003,0.0008517500245943666,10,1.0,3491.3764,True,
LOCAL-v1-q3-cell500_shared_field-5029,3,frozen_baseline,11,296.9575082727273,0.0009326250292360783,11,1.0,3266.532591,True,
LOCAL-v1-q3-cell500_shared_field-5030,3,frozen_baseline,12,312.09811125,0.0011250419775024056,12,1.0,3745.177335,True,
LOCAL-v1-q3-cell500_shared_field-5031,3,frozen_baseline,15,276.9061418666667,0.001333917025476694,15,1.0,4153.592128,True,
LOCAL-v1-q3-cell500_shared_field-5032,3,frozen_baseline,11,349.2139949090909,0.0010864170035347342,11,1.0,3841.353944,True,
LOCAL-v1-q3-cell500_shared_field-5033,3,frozen_baseline,14,284.58027185714286,0.001375459018163383,14,1.0,3984.123806,True,
LOCAL-v1-q3-cell500_shared_field-5034,3,frozen_baseline,16,250.2126965,0.0017220420995727181,16,1.0,4003.403144,True,
LOCAL-v1-q3-cell500_shared_field-5035,3,frozen_baseline,10,397.3530511,0.0010712920920923352,10,1.0,3973.530511,True,
LOCAL-v1-q3-cell500_shared_field-5036,3,frozen_baseline,15,227.99638586666666,0.0013616250362247229,15,1.0,3419.945788,True,
LOCAL-v1-q3-cell500_shared_field-5037,3,frozen_baseline,15,280.61482713333334,0.0014919170644134283,15,1.0,4209.222407,True,
LOCAL-v1-q3-cell500_shared_field-5038,3,frozen_baseline,16,281.486513125,0.0016029999824240804,16,1.0,4503.78421,True,
LOCAL-v1-q3-cell500_shared_field-5039,3,frozen_baseline,10,363.5188579,0.0009950000094249845,10,1.0,3635.188579,True,
LOCAL-v1-q3-cell500_shared_field-5040,3,frozen_baseline,15,271.5556009333333,0.001328249927610159,15,1.0,4073.334014,True,
LOCAL-v1-q3-cell500_shared_field-5041,3,frozen_baseline,15,296.6652890666667,0.0012600000482052565,15,1.0,4449.979336,True,
LOCAL-v1-q3-cell500_shared_field-5042,3,frozen_baseline,11,315.3238837272727,0.0009940839372575283,11,1.0,3468.562721,True,
LOCAL-v1-q3-cell500_shared_field-5043,3,frozen_baseline,12,328.80436791666665,0.0012629160191863775,12,1.0,3945.652415,True,
LOCAL-v1-q3-cell500_shared_field-5044,3,frozen_baseline,11,356.1091037272727,0.0011997499968856573,11,1.0,3917.200141,True,
LOCAL-v1-q3-cell500_shared_field-5045,3,frozen_baseline,11,312.2698442727273,0.0010417499579489231,11,1.0,3434.968287,True,
LOCAL-v1-q3-cell500_shared_field-5046,3,frozen_baseline,10,369.5887555,0.0011594579555094242,10,1.0,3695.887555,True,
LOCAL-v1-q3-cell500_shared_field-5047,3,frozen_baseline,16,251.4735885625,0.0014938749372959137,16,1.0,4023.577417,True,
LOCAL-v1-q3-cell500_shared_field-5048,3,frozen_baseline,12,298.9069366666667,0.0011799170169979334,12,1.0,3586.88324,True,
LOCAL-v1-q3-cell500_shared_field-5049,3,frozen_baseline,10,315.08839090000004,0.000953375012613833,10,1.0,3150.883909,True,
LOCAL-v1-q3-cell500_shared_field-5050,3,frozen_baseline,15,290.30435113333334,0.0014740829356014729,15,1.0,4354.565267,True,
LOCAL-v1-q3-cell500_shared_field-5051,3,frozen_baseline,11,298.12313927272726,0.0010275000240653753,11,1.0,3279.354532,True,
LOCAL-v1-q3-cell500_shared_field-5052,3,frozen_baseline,13,304.8139676923077,0.0011675419518724084,13,1.0,3962.58158,True,
LOCAL-v1-q3-cell500_shared_field-5053,3,frozen_baseline,16,255.0888904375,0.0014535830123350024,16,1.0,4081.422247,True,
LOCAL-v1-q3-cell500_shared_field-5054,3,frozen_baseline,16,271.3230320625,0.0013780839508399367,16,1.0,4341.168513,True,
LOCAL-v1-q3-cell500_shared_field-5055,3,frozen_baseline,12,324.05347075000003,0.001260792021639645,12,1.0,3888.641649,True,
LOCAL-v1-q3-cell500_shared_field-5056,3,frozen_baseline,13,282.8794404615385,0.0011789159616455436,13,1.0,3677.432726,True,
LOCAL-v1-q3-cell500_shared_field-5057,3,frozen_baseline,13,307.98711492307694,0.0012159999459981918,13,1.0,4003.832494,True,
LOCAL-v1-q3-cell500_shared_field-5058,3,frozen_baseline,14,264.97465764285715,0.0012320419773459435,14,1.0,3709.645207,True,
LOCAL-v1-q3-cell500_shared_field-5059,3,frozen_baseline,12,325.09958716666665,0.0012283331016078591,12,1.0,3901.195046,True,
LOCAL-v1-q3-cell500_shared_field-5060,3,frozen_baseline,11,336.042823,0.001127874944359064,11,1.0,3696.471053,True,
LOCAL-v1-q3-cell500_shared_field-5061,3,frozen_baseline,13,252.0712646923077,0.0010700420243665576,13,1.0,3276.926441,True,
LOCAL-v1-q3-cell500_shared_field-5062,3,frozen_baseline,16,267.2827444375,0.0014786249957978725,16,1.0,4276.523911,True,
LOCAL-v1-q3-cell500_shared_field-5063,3,frozen_baseline,15,279.0072065333333,0.0013255839003250003,15,1.0,4185.108098,True,
LOCAL-v1-q3-cell500_shared_field-5064,3,frozen_baseline,13,290.56843915384616,0.0011720829643309116,13,1.0,3777.389709,True,
LOCAL-v1-q3-cell500_shared_field-5065,3,frozen_baseline,12,322.31151958333334,0.0012910000514239073,12,1.0,3867.738235,True,
LOCAL-v1-q3-cell500_shared_field-5066,3,frozen_baseline,10,380.9023827,0.0009472079109400511,10,1.0,3809.023827,True,
LOCAL-v1-q3-cell500_shared_field-5067,3,frozen_baseline,16,256.92311625,0.0014545000158250332,16,1.0,4110.76986,True,
LOCAL-v1-q3-cell500_shared_field-5068,3,frozen_baseline,13,276.9824813076923,0.0012418330879881978,13,1.0,3600.772257,True,
LOCAL-v1-q3-cell500_shared_field-5069,3,frozen_baseline,14,297.34344578571427,0.0015047909691929817,14,1.0,4162.808241,True,
LOCAL-v1-q3-cell500_shared_field-5070,3,frozen_baseline,12,325.7261144166667,0.0013245830778032541,12,1.0,3908.713373,True,
LOCAL-v1-q3-cell500_shared_field-5071,3,frozen_baseline,12,314.29764258333336,0.0012467080960050225,12,1.0,3771.571711,True,
LOCAL-v1-q3-cell500_shared_field-5072,3,frozen_baseline,15,265.173994,0.0015961669851094484,15,1.0,3977.60991,True,
LOCAL-v1-q3-cell500_shared_field-5073,3,frozen_baseline,10,369.4211159,0.0010510000865906477,10,1.0,3694.211159,True,
LOCAL-v1-q3-cell500_shared_field-5074,3,frozen_baseline,16,245.7793864375,0.0015541668981313705,16,1.0,3932.470183,True,
LOCAL-v1-q3-cell500_shared_field-5075,3,frozen_baseline,15,268.9762372,0.00136674998793751,15,1.0,4034.643558,True,
LOCAL-v1-q3-cell500_shared_field-5076,3,frozen_baseline,12,292.5663621666667,0.0013432499254122376,12,1.0,3510.796346,True,
LOCAL-v1-q3-cell500_shared_field-5077,3,frozen_baseline,14,314.9400787857143,0.0013875419972464442,14,1.0,4409.161103,True,
LOCAL-v1-q3-cell500_shared_field-5078,3,frozen_baseline,13,269.991195,0.00128454202786088,13,1.0,3509.885535,True,
LOCAL-v1-q3-cell500_shared_field-5079,3,frozen_baseline,10,323.3558664,0.001115166931413114,10,1.0,3233.558664,True,
LOCAL-v1-q3-cell500_shared_field-5080,3,frozen_baseline,10,341.0494338,0.0010601250687614083,10,1.0,3410.494338,True,
LOCAL-v1-q3-cell500_shared_field-5081,3,frozen_baseline,16,257.17001525,0.0014540840638801455,16,1.0,4114.720244,True,
LOCAL-v1-q3-cell500_shared_field-5082,3,frozen_baseline,13,305.03179061538464,0.001211749971844256,13,1.0,3965.413278,True,
LOCAL-v1-q3-cell500_shared_field-5083,3,frozen_baseline,13,321.98168923076923,0.0013121250085532665,13,1.0,4185.76196,True,
LOCAL-v1-q3-cell500_shared_field-5084,3,frozen_baseline,14,304.71826400000003,0.0013170840684324503,14,1.0,4266.055696,True,
LOCAL-v1-q3-cell500_shared_field-5085,3,frozen_baseline,15,292.1528522,0.001372791943140328,15,1.0,4382.292783,True,
LOCAL-v1-q3-cell500_shared_field-5086,3,frozen_baseline,12,297.0460384166667,0.0011671249521896243,12,1.0,3564.552461,True,
LOCAL-v1-q3-cell500_shared_field-5087,3,frozen_baseline,13,293.3980166153846,0.001359958085231483,13,1.0,3814.174216,True,
LOCAL-v1-q3-cell500_shared_field-5088,3,frozen_baseline,16,219.51712575,0.0015171250561252236,16,1.0,3512.274012,True,
LOCAL-v1-q3-cell500_shared_field-5089,3,frozen_baseline,15,308.7056915333333,0.001505000051110983,15,1.0,4630.585373,True,
LOCAL-v1-q3-cell500_shared_field-5090,3,frozen_baseline,14,281.59878535714284,0.0015978339361026883,14,1.0,3942.382995,True,
LOCAL-v1-q3-cell500_shared_field-5091,3,frozen_baseline,12,307.47911633333337,0.0011609590146690607,12,1.0,3689.749396,True,
LOCAL-v1-q3-cell500_shared_field-5092,3,frozen_baseline,11,309.0719012727273,0.0011069579049944878,11,1.0,3399.790914,True,
LOCAL-v1-q3-cell500_shared_field-5093,3,frozen_baseline,15,263.4618442,0.0013293330557644367,15,1.0,3951.927663,True,
LOCAL-v1-q3-cell500_shared_field-5094,3,frozen_baseline,11,341.103515,0.0010882089845836163,11,1.0,3752.138665,True,
LOCAL-v1-q3-cell500_shared_field-5095,3,frozen_baseline,10,319.1802479,0.001151749980635941,10,1.0,3191.802479,True,
LOCAL-v1-q3-cell500_shared_field-5096,3,frozen_baseline,14,316.3444709285714,0.0013657079543918371,14,1.0,4428.822593,True,
LOCAL-v1-q3-cell500_shared_field-5097,3,frozen_baseline,13,265.32474915384614,0.001067750039510429,13,1.0,3449.221739,True,
LOCAL-v1-q3-cell500_shared_field-5098,3,frozen_baseline,16,250.176693,0.0015513329999521375,16,1.0,4002.827088,True,
LOCAL-v1-q3-cell500_shared_field-5099,3,frozen_baseline,13,306.7007273846154,0.0012680840445682406,13,1.0,3987.109456,True,
LOCAL-v1-q3-edge_mixed_min_radius-5000,3,frozen_baseline,11,339.99104518181815,0.0009464999893680215,11,1.0,3739.901497,True,
LOCAL-v1-q3-edge_mixed_min_radius-5001,3,frozen_baseline,14,295.44019614285713,0.0012472079833969474,14,1.0,4136.162746,True,
LOCAL-v1-q3-edge_mixed_min_radius-5002,3,frozen_baseline,15,301.0251404,0.001315833069384098,15,1.0,4515.377106,True,
LOCAL-v1-q3-edge_mixed_min_radius-5003,3,frozen_baseline,11,346.23542236363636,0.0009990419493988156,11,1.0,3808.589646,True,
LOCAL-v1-q3-edge_mixed_min_radius-5004,3,frozen_baseline,12,316.0949738333333,0.0010069579584524035,12,1.0,3793.139686,True,
LOCAL-v1-q3-edge_mixed_min_radius-5005,3,frozen_baseline,11,390.56766227272726,0.0009876249823719263,11,1.0,4296.244285,True,
LOCAL-v1-q3-edge_mixed_min_radius-5006,3,frozen_baseline,11,321.72702681818186,0.0008980840211734176,11,1.0,3538.997295,True,
LOCAL-v1-q3-edge_mixed_min_radius-5007,3,frozen_baseline,11,317.78303327272727,0.000983875012025237,11,1.0,3495.613366,True,
LOCAL-v1-q3-edge_mixed_min_radius-5008,3,frozen_baseline,10,444.8031927,0.0009769999887794256,10,1.0,4448.031927,True,
LOCAL-v1-q3-edge_mixed_min_radius-5009,3,frozen_baseline,14,266.0104939285714,0.001187457935884595,14,1.0,3724.146915,True,
LOCAL-v1-q3-edge_mixed_min_radius-5010,3,frozen_baseline,12,352.9040875,0.0009862079750746489,12,1.0,4234.84905,True,
LOCAL-v1-q3-edge_mixed_min_radius-5011,3,frozen_baseline,15,328.63879579999997,0.0013029170222580433,15,1.0,4929.581937,True,
LOCAL-v1-q3-edge_mixed_min_radius-5012,3,frozen_baseline,10,337.425682,0.0009695000480860472,10,1.0,3374.25682,True,
LOCAL-v1-q3-edge_mixed_min_radius-5013,3,frozen_baseline,12,341.77809391666665,0.001083750044927001,12,1.0,4101.337127,True,
LOCAL-v1-q3-edge_mixed_min_radius-5014,3,frozen_baseline,11,392.399948,0.0010852920822799206,11,1.0,4316.399428,True,
LOCAL-v1-q3-edge_mixed_min_radius-5015,3,frozen_baseline,12,312.7297275,0.0009793330682441592,12,1.0,3752.75673,True,
LOCAL-v1-q3-edge_mixed_min_radius-5016,3,frozen_baseline,16,242.4451745625,0.0013212920166552067,16,1.0,3879.122793,True,
LOCAL-v1-q3-edge_mixed_min_radius-5017,3,frozen_baseline,15,299.6787578,0.00130025006365031,15,1.0,4495.181367,True,
LOCAL-v1-q3-edge_mixed_min_radius-5018,3,frozen_baseline,10,374.3014657,0.0009637919720262289,10,1.0,3743.014657,True,
LOCAL-v1-q3-edge_mixed_min_radius-5019,3,frozen_baseline,11,313.88239672727275,0.0008664170745760202,11,1.0,3452.706364,True,
LOCAL-v1-q3-edge_mixed_min_radius-5020,3,frozen_baseline,16,255.9806079375,0.0012428329791873693,16,1.0,4095.689727,True,
LOCAL-v1-q3-edge_mixed_min_radius-5021,3,frozen_baseline,14,291.3500066428572,0.001248417072929442,14,1.0,4078.900093,True,
LOCAL-v1-q3-edge_mixed_min_radius-5022,3,frozen_baseline,14,267.17348400000003,0.0011454590130597353,14,1.0,3740.428776,True,
LOCAL-v1-q3-edge_mixed_min_radius-5023,3,frozen_baseline,15,304.35871126666666,0.0014355420134961605,15,1.0,4565.380669,True,
LOCAL-v1-q3-edge_mixed_min_radius-5024,3,frozen_baseline,13,303.8509579230769,0.0011691669933497906,13,1.0,3950.062453,True,
LOCAL-v1-q3-edge_mixed_min_radius-5025,3,frozen_baseline,12,346.64113875,0.0010954579338431358,12,1.0,4159.693665,True,
LOCAL-v1-q3-edge_mixed_min_radius-5026,3,frozen_baseline,15,268.3920202,0.0011870419839397073,15,1.0,4025.880303,True,
LOCAL-v1-q3-edge_mixed_min_radius-5027,3,frozen_baseline,11,378.8762802727273,0.0009685000404715538,11,1.0,4167.639083,True,
LOCAL-v1-q3-edge_mixed_min_radius-5028,3,frozen_baseline,10,359.888802,0.0008939590770751238,10,1.0,3598.88802,True,
LOCAL-v1-q3-edge_mixed_min_radius-5029,3,frozen_baseline,11,338.29444954545454,0.0009900419972836971,11,1.0,3721.238945,True,
LOCAL-v1-q3-edge_mixed_min_radius-5030,3,frozen_baseline,12,306.2120604166667,0.000971833011135459,12,1.0,3674.544725,True,
LOCAL-v1-q3-edge_mixed_min_radius-5031,3,frozen_baseline,15,303.0651003333333,0.001277665956877172,15,1.0,4545.976505,True,
LOCAL-v1-q3-edge_mixed_min_radius-5032,3,frozen_baseline,11,318.47432736363635,0.0009230000432580709,11,1.0,3503.217601,True,
LOCAL-v1-q3-edge_mixed_min_radius-5033,3,frozen_baseline,14,307.3807038571428,0.0011819589417427778,14,1.0,4303.329854,True,
LOCAL-v1-q3-edge_mixed_min_radius-5034,3,frozen_baseline,16,275.463067625,0.001332916901446879,16,1.0,4407.409082,True,
LOCAL-v1-q3-edge_mixed_min_radius-5035,3,frozen_baseline,10,348.71499819999997,0.0008995829848572612,10,1.0,3487.149982,True,
LOCAL-v1-q3-edge_mixed_min_radius-5036,3,frozen_baseline,15,302.74371866666667,0.0012487920466810465,15,1.0,4541.15578,True,
LOCAL-v1-q3-edge_mixed_min_radius-5037,3,frozen_baseline,15,281.1176072,0.0012791670160368085,15,1.0,4216.764108,True,
LOCAL-v1-q3-edge_mixed_min_radius-5038,3,frozen_baseline,16,300.149111875,0.0014038330409675837,16,1.0,4802.38579,True,
LOCAL-v1-q3-edge_mixed_min_radius-5039,3,frozen_baseline,10,425.1214952,0.0009535000426694751,10,1.0,4251.214952,True,
LOCAL-v1-q3-edge_mixed_min_radius-5040,3,frozen_baseline,15,261.05152913333336,0.0013100840151309967,15,1.0,3915.772937,True,
LOCAL-v1-q3-edge_mixed_min_radius-5041,3,frozen_baseline,15,260.58166926666667,0.001232834067195654,15,1.0,3908.725039,True,
LOCAL-v1-q3-edge_mixed_min_radius-5042,3,frozen_baseline,11,341.1807236363636,0.0011371669825166464,11,1.0,3752.98796,True,
LOCAL-v1-q3-edge_mixed_min_radius-5043,3,frozen_baseline,12,327.48567833333334,0.0010262499563395977,12,1.0,3929.82814,True,
LOCAL-v1-q3-edge_mixed_min_radius-5044,3,frozen_baseline,11,366.0811809090909,0.0009798750979825854,11,1.0,4026.89299,True,
LOCAL-v1-q3-edge_mixed_min_radius-5045,3,frozen_baseline,11,357.3082601818182,0.0010124159744009376,11,1.0,3930.390862,True,
LOCAL-v1-q3-edge_mixed_min_radius-5046,3,frozen_baseline,10,335.3074548,0.0009295409545302391,10,1.0,3353.074548,True,
LOCAL-v1-q3-edge_mixed_min_radius-5047,3,frozen_baseline,16,335.2628636875,0.0013421670300886035,16,1.0,5364.205819,True,
LOCAL-v1-q3-edge_mixed_min_radius-5048,3,frozen_baseline,12,308.43381841666667,0.0010549590224400163,12,1.0,3701.205821,True,
LOCAL-v1-q3-edge_mixed_min_radius-5049,3,frozen_baseline,10,364.3165892,0.0009370000334456563,10,1.0,3643.165892,True,
LOCAL-v1-q3-edge_mixed_min_radius-5050,3,frozen_baseline,15,269.30552819999997,0.0012825829908251762,15,1.0,4039.582923,True,
LOCAL-v1-q3-edge_mixed_min_radius-5051,3,frozen_baseline,11,406.64855600000004,0.0010181250981986523,11,1.0,4473.134116,True,
LOCAL-v1-q3-edge_mixed_min_radius-5052,3,frozen_baseline,13,285.74130938461536,0.001144499983638525,13,1.0,3714.637022,True,
LOCAL-v1-q3-edge_mixed_min_radius-5053,3,frozen_baseline,16,269.9598995625,0.001334875007160008,16,1.0,4319.358393,True,
LOCAL-v1-q3-edge_mixed_min_radius-5054,3,frozen_baseline,16,251.0221104375,0.0012567080557346344,16,1.0,4016.353767,True,
LOCAL-v1-q3-edge_mixed_min_radius-5055,3,frozen_baseline,12,284.3749235833333,0.0010977920610457659,12,1.0,3412.499083,True,
LOCAL-v1-q3-edge_mixed_min_radius-5056,3,frozen_baseline,13,285.69666361538464,0.0011302499333396554,13,1.0,3714.056627,True,
LOCAL-v1-q3-edge_mixed_min_radius-5057,3,frozen_baseline,13,343.73417569230764,0.0011752500431612134,13,1.0,4468.544284,True,
LOCAL-v1-q3-edge_mixed_min_radius-5058,3,frozen_baseline,14,294.2286537857143,0.0011586250038817525,14,1.0,4119.201153,True,
LOCAL-v1-q3-edge_mixed_min_radius-5059,3,frozen_baseline,12,387.45026608333336,0.0010849579703062773,12,1.0,4649.403193,True,
LOCAL-v1-q3-edge_mixed_min_radius-5060,3,frozen_baseline,11,325.5998394545455,0.0009838329860940576,11,1.0,3581.598234,True,
LOCAL-v1-q3-edge_mixed_min_radius-5061,3,frozen_baseline,13,301.0372066153846,0.001056583016179502,13,1.0,3913.483686,True,
LOCAL-v1-q3-edge_mixed_min_radius-5062,3,frozen_baseline,16,270.5007946875,0.0012894580140709877,16,1.0,4328.012715,True,
LOCAL-v1-q3-edge_mixed_min_radius-5063,3,frozen_baseline,15,324.03253980000005,0.0012652080040425062,15,1.0,4860.488097,True,
LOCAL-v1-q3-edge_mixed_min_radius-5064,3,frozen_baseline,13,350.76063307692306,0.001126458984799683,13,1.0,4559.88823,True,
LOCAL-v1-q3-edge_mixed_min_radius-5065,3,frozen_baseline,12,306.06603675,0.0010111660230904818,12,1.0,3672.792441,True,
LOCAL-v1-q3-edge_mixed_min_radius-5066,3,frozen_baseline,10,411.25853820000003,0.0009817909449338913,10,1.0,4112.585382,True,
LOCAL-v1-q3-edge_mixed_min_radius-5067,3,frozen_baseline,16,303.4158401875,0.0012902909656986594,16,1.0,4854.653443,True,
LOCAL-v1-q3-edge_mixed_min_radius-5068,3,frozen_baseline,13,307.38538261538463,0.001034499960951507,13,1.0,3996.009974,True,
LOCAL-v1-q3-edge_mixed_min_radius-5069,3,frozen_baseline,14,287.50264899999996,0.001186833018437028,14,1.0,4025.037086,True,
LOCAL-v1-q3-edge_mixed_min_radius-5070,3,frozen_baseline,12,332.06480875,0.0011045840801671147,12,1.0,3984.777705,True,
LOCAL-v1-q3-edge_mixed_min_radius-5071,3,frozen_baseline,12,341.2283713333333,0.001057000015862286,12,1.0,4094.740456,True,
LOCAL-v1-q3-edge_mixed_min_radius-5072,3,frozen_baseline,15,267.5926475333333,0.001294707995839417,15,1.0,4013.889713,True,
LOCAL-v1-q3-edge_mixed_min_radius-5073,3,frozen_baseline,10,334.73082519999997,0.000859249965287745,10,1.0,3347.308252,True,
LOCAL-v1-q3-edge_mixed_min_radius-5074,3,frozen_baseline,16,321.7621328125,0.0012745000422000885,16,1.0,5148.194125,True,
LOCAL-v1-q3-edge_mixed_min_radius-5075,3,frozen_baseline,15,259.26603886666663,0.0011253339471295476,15,1.0,3888.990583,True,
LOCAL-v1-q3-edge_mixed_min_radius-5076,3,frozen_baseline,12,324.0303134166667,0.0010802079923450947,12,1.0,3888.363761,True,
LOCAL-v1-q3-edge_mixed_min_radius-5077,3,frozen_baseline,14,293.17445349999997,0.0011719160247594118,14,1.0,4104.442349,True,
LOCAL-v1-q3-edge_mixed_min_radius-5078,3,frozen_baseline,13,292.5034756923077,0.0011639170115813613,13,1.0,3802.545184,True,
LOCAL-v1-q3-edge_mixed_min_radius-5079,3,frozen_baseline,10,383.7292167,0.0009529580129310489,10,1.0,3837.292167,True,
LOCAL-v1-q3-edge_mixed_min_radius-5080,3,frozen_baseline,10,355.9229257,0.0008818750502541661,10,1.0,3559.229257,True,
LOCAL-v1-q3-edge_mixed_min_radius-5081,3,frozen_baseline,16,288.7109273125,0.001364625059068203,16,1.0,4619.374837,True,
LOCAL-v1-q3-edge_mixed_min_radius-5082,3,frozen_baseline,13,315.454031,0.0010800000745803118,13,1.0,4100.902403,True,
LOCAL-v1-q3-edge_mixed_min_radius-5083,3,frozen_baseline,13,317.02968553846154,0.001184582943096757,13,1.0,4121.385912,True,
LOCAL-v1-q3-edge_mixed_min_radius-5084,3,frozen_baseline,14,281.7560805714286,0.001137249986641109,14,1.0,3944.585128,True,
LOCAL-v1-q3-edge_mixed_min_radius-5085,3,frozen_baseline,15,320.2433382,0.0012943330220878124,15,1.0,4803.650073,True,
LOCAL-v1-q3-edge_mixed_min_radius-5086,3,frozen_baseline,12,305.35154074999997,0.001123499940149486,12,1.0,3664.218489,True,
LOCAL-v1-q3-edge_mixed_min_radius-5087,3,frozen_baseline,13,359.17955653846155,0.0011125829769298434,13,1.0,4669.334235,True,
LOCAL-v1-q3-edge_mixed_min_radius-5088,3,frozen_baseline,16,264.52505175,0.0012615829473361373,16,1.0,4232.400828,True,
LOCAL-v1-q3-edge_mixed_min_radius-5089,3,frozen_baseline,15,287.5180124,0.0012199579505249858,15,1.0,4312.770186,True,
LOCAL-v1-q3-edge_mixed_min_radius-5090,3,frozen_baseline,14,282.65667185714284,0.0011538329999893904,14,1.0,3957.193406,True,
LOCAL-v1-q3-edge_mixed_min_radius-5091,3,frozen_baseline,12,316.48176166666667,0.0010813330300152302,12,1.0,3797.78114,True,
LOCAL-v1-q3-edge_mixed_min_radius-5092,3,frozen_baseline,11,330.66109363636366,0.0010915419552475214,11,1.0,3637.27203,True,
LOCAL-v1-q3-edge_mixed_min_radius-5093,3,frozen_baseline,15,285.5641437333333,0.0013497089967131615,15,1.0,4283.462156,True,
LOCAL-v1-q3-edge_mixed_min_radius-5094,3,frozen_baseline,11,341.548721,0.000996417016722262,11,1.0,3757.035931,True,
LOCAL-v1-q3-edge_mixed_min_radius-5095,3,frozen_baseline,10,359.9698653,0.0009579999605193734,10,1.0,3599.698653,True,
LOCAL-v1-q3-edge_mixed_min_radius-5096,3,frozen_baseline,14,283.6629417857143,0.0011957500828430057,14,1.0,3971.281185,True,
LOCAL-v1-q3-edge_mixed_min_radius-5097,3,frozen_baseline,13,273.6519505384615,0.001090249978005886,13,1.0,3557.475357,True,
LOCAL-v1-q3-edge_mixed_min_radius-5098,3,frozen_baseline,16,290.3915451875,0.0014229590306058526,16,1.0,4646.264723,True,
LOCAL-v1-q3-edge_mixed_min_radius-5099,3,frozen_baseline,13,284.5409074615385,0.0011174579849466681,13,1.0,3699.031797,True,
LOCAL-v1-q3-offcenter_cluster-5000,3,frozen_baseline,11,324.695116,0.0010604169219732285,11,1.0,3571.646276,True,
LOCAL-v1-q3-offcenter_cluster-5001,3,frozen_baseline,14,281.6218125,0.0011530830524861813,14,1.0,3942.705375,True,
LOCAL-v1-q3-offcenter_cluster-5002,3,frozen_baseline,15,217.5477302,0.0013697919202968478,15,1.0,3263.215953,True,
LOCAL-v1-q3-offcenter_cluster-5003,3,frozen_baseline,11,256.58574554545453,0.0011178749846294522,11,1.0,2822.443201,True,
LOCAL-v1-q3-offcenter_cluster-5004,3,frozen_baseline,12,266.1630886666667,0.0012173749273642898,12,1.0,3193.957064,True,
LOCAL-v1-q3-offcenter_cluster-5005,3,frozen_baseline,11,276.19069545454545,0.0011566251050680876,11,1.0,3038.09765,True,
LOCAL-v1-q3-offcenter_cluster-5006,3,frozen_baseline,11,333.7488536363636,0.0010402089683339,11,1.0,3671.23739,True,
LOCAL-v1-q3-offcenter_cluster-5007,3,frozen_baseline,11,272.1602959090909,0.0010415000142529607,11,1.0,2993.763255,True,
LOCAL-v1-q3-offcenter_cluster-5008,3,frozen_baseline,10,319.5155272,0.000952791073359549,10,1.0,3195.155272,True,
LOCAL-v1-q3-offcenter_cluster-5009,3,frozen_baseline,14,290.48929114285716,0.0013681669952347875,14,1.0,4066.850076,True,
LOCAL-v1-q3-offcenter_cluster-5010,3,frozen_baseline,12,275.01011124999997,0.0011795840691775084,12,1.0,3300.121335,True,
LOCAL-v1-q3-offcenter_cluster-5011,3,frozen_baseline,15,312.8980584,0.0011633329559117556,15,1.0,4693.470876,True,
LOCAL-v1-q3-offcenter_cluster-5012,3,frozen_baseline,10,321.1570724,0.0010579160880297422,10,1.0,3211.570724,True,
LOCAL-v1-q3-offcenter_cluster-5013,3,frozen_baseline,12,255.32010216666666,0.0011173330713063478,12,1.0,3063.841226,True,
LOCAL-v1-q3-offcenter_cluster-5014,3,frozen_baseline,11,285.1465764545455,0.0009347499581053853,11,1.0,3136.612341,True,
LOCAL-v1-q3-offcenter_cluster-5015,3,frozen_baseline,12,249.13680524999998,0.0011305410880595446,12,1.0,2989.641663,True,
LOCAL-v1-q3-offcenter_cluster-5016,3,frozen_baseline,16,178.743715,0.001551666995510459,16,1.0,2859.89944,True,
LOCAL-v1-q3-offcenter_cluster-5017,3,frozen_baseline,15,204.52214,0.0013852500123903155,15,1.0,3067.8321,True,
LOCAL-v1-q3-offcenter_cluster-5018,3,frozen_baseline,10,374.0512192,0.0010753750102594495,10,1.0,3740.512192,True,
LOCAL-v1-q3-offcenter_cluster-5019,3,frozen_baseline,11,287.05801918181817,0.001139082945883274,11,1.0,3157.638211,True,
LOCAL-v1-q3-offcenter_cluster-5020,3,frozen_baseline,16,128.22286125,0.0013717500260099769,16,1.0,2051.56578,True,
LOCAL-v1-q3-offcenter_cluster-5021,3,frozen_baseline,14,237.0281157142857,0.0014856250490993261,14,1.0,3318.39362,True,
LOCAL-v1-q3-offcenter_cluster-5022,3,frozen_baseline,14,263.4121709285714,0.0014520419063046575,14,1.0,3687.770393,True,
LOCAL-v1-q3-offcenter_cluster-5023,3,frozen_baseline,15,204.4906418,0.001191208022646606,15,1.0,3067.359627,True,
LOCAL-v1-q3-offcenter_cluster-5024,3,frozen_baseline,13,244.47289084615386,0.0013847920345142484,13,1.0,3178.147581,True,
LOCAL-v1-q3-offcenter_cluster-5025,3,frozen_baseline,12,257.1611070833333,0.0011220829328522086,12,1.0,3085.933285,True,
LOCAL-v1-q3-offcenter_cluster-5026,3,frozen_baseline,15,205.95484866666666,0.0013867920497432351,15,1.0,3089.32273,True,
LOCAL-v1-q3-offcenter_cluster-5027,3,frozen_baseline,11,286.51590363636365,0.0010251670610159636,11,1.0,3151.67494,True,
LOCAL-v1-q3-offcenter_cluster-5028,3,frozen_baseline,10,295.6986608,0.0009249589638784528,10,1.0,2956.986608,True,
LOCAL-v1-q3-offcenter_cluster-5029,3,frozen_baseline,11,268.7886562727273,0.0010950410505756736,11,1.0,2956.675219,True,
LOCAL-v1-q3-offcenter_cluster-5030,3,frozen_baseline,12,276.490654,0.001020791009068489,12,1.0,3317.887848,True,
LOCAL-v1-q3-offcenter_cluster-5031,3,frozen_baseline,15,273.39041453333334,0.0011892920592799783,15,1.0,4100.856218,True,
LOCAL-v1-q3-offcenter_cluster-5032,3,frozen_baseline,11,341.8079973636364,0.0012092500692233443,11,1.0,3759.887971,True,
LOCAL-v1-q3-offcenter_cluster-5033,3,frozen_baseline,14,255.96235342857145,0.0013607920845970511,14,1.0,3583.472948,True,
LOCAL-v1-q3-offcenter_cluster-5034,3,frozen_baseline,16,103.9333761875,0.0013390000676736236,16,1.0,1662.934019,True,
LOCAL-v1-q3-offcenter_cluster-5035,3,frozen_baseline,10,355.0922859,0.0009167499374598265,10,1.0,3550.922859,True,
LOCAL-v1-q3-offcenter_cluster-5036,3,frozen_baseline,15,218.24855153333334,0.0015604159561917186,15,1.0,3273.728273,True,
LOCAL-v1-q3-offcenter_cluster-5037,3,frozen_baseline,15,397.403392,0.0016945000970736146,15,1.0,5961.05088,True,
LOCAL-v1-q3-offcenter_cluster-5038,3,frozen_baseline,16,94.567154125,0.0013837090227752924,16,1.0,1513.074466,True,
LOCAL-v1-q3-offcenter_cluster-5039,3,frozen_baseline,10,340.8677712,0.0010882499627768993,10,1.0,3408.677712,True,
LOCAL-v1-q3-offcenter_cluster-5040,3,frozen_baseline,15,278.3169289333334,0.0013345410116016865,15,1.0,4174.753934,True,
LOCAL-v1-q3-offcenter_cluster-5041,3,frozen_baseline,15,252.98992826666665,0.001270958106033504,15,1.0,3794.848924,True,
LOCAL-v1-q3-offcenter_cluster-5042,3,frozen_baseline,11,266.45099627272725,0.0010930829448625445,11,1.0,2930.960959,True,
LOCAL-v1-q3-offcenter_cluster-5043,3,frozen_baseline,12,316.38915075,0.0011355830356478691,12,1.0,3796.669809,True,
LOCAL-v1-q3-offcenter_cluster-5044,3,frozen_baseline,11,365.36397327272726,0.0010550420265644789,11,1.0,4019.003706,True,
LOCAL-v1-q3-offcenter_cluster-5045,3,frozen_baseline,11,356.4138420909091,0.0008869169978424907,11,1.0,3920.552263,True,
LOCAL-v1-q3-offcenter_cluster-5046,3,frozen_baseline,10,320.7315425,0.000852332916110754,10,1.0,3207.315425,True,
LOCAL-v1-q3-offcenter_cluster-5047,3,frozen_baseline,16,148.119092375,0.0014212090754881501,16,1.0,2369.905478,True,
LOCAL-v1-q3-offcenter_cluster-5048,3,frozen_baseline,12,313.2861050833333,0.0009102090261876583,12,1.0,3759.433261,True,
LOCAL-v1-q3-offcenter_cluster-5049,3,frozen_baseline,10,303.4522182,0.0009541249601170421,10,1.0,3034.522182,True,
LOCAL-v1-q3-offcenter_cluster-5050,3,frozen_baseline,15,206.7358258666667,0.001240417012013495,15,1.0,3101.037388,True,
LOCAL-v1-q3-offcenter_cluster-5051,3,frozen_baseline,11,342.79969063636366,0.0011288749519735575,11,1.0,3770.796597,True,
LOCAL-v1-q3-offcenter_cluster-5052,3,frozen_baseline,13,370.6422321538461,0.001325499964877963,13,1.0,4818.349018,True,
LOCAL-v1-q3-offcenter_cluster-5053,3,frozen_baseline,16,148.04064775,0.0014980420237407088,16,1.0,2368.650364,True,
LOCAL-v1-q3-offcenter_cluster-5054,3,frozen_baseline,16,94.018387375,0.0012427499750629067,16,1.0,1504.294198,True,
LOCAL-v1-q3-offcenter_cluster-5055,3,frozen_baseline,12,283.94846916666665,0.0011955000227317214,12,1.0,3407.38163,True,
LOCAL-v1-q3-offcenter_cluster-5056,3,frozen_baseline,13,283.307991,0.0012727499706670642,13,1.0,3683.003883,True,
LOCAL-v1-q3-offcenter_cluster-5057,3,frozen_baseline,13,267.6673989230769,0.001216165954247117,13,1.0,3479.676186,True,
LOCAL-v1-q3-offcenter_cluster-5058,3,frozen_baseline,14,250.43559964285714,0.0013434579595923424,14,1.0,3506.098395,True,
LOCAL-v1-q3-offcenter_cluster-5059,3,frozen_baseline,12,422.4501719166667,0.0012259589275345206,12,1.0,5069.402063,True,
LOCAL-v1-q3-offcenter_cluster-5060,3,frozen_baseline,11,303.3444070909091,0.0009452500380575657,11,1.0,3336.788478,True,
LOCAL-v1-q3-offcenter_cluster-5061,3,frozen_baseline,13,251.15492576923077,0.0010869581019505858,13,1.0,3265.014035,True,
LOCAL-v1-q3-offcenter_cluster-5062,3,frozen_baseline,16,127.1219455625,0.0012891250662505627,16,1.0,2033.951129,True,
LOCAL-v1-q3-offcenter_cluster-5063,3,frozen_baseline,15,204.93253386666666,0.001431209035217762,15,1.0,3073.988008,True,
LOCAL-v1-q3-offcenter_cluster-5064,3,frozen_baseline,13,343.29721,0.0010994999902322888,13,1.0,4462.86373,True,
LOCAL-v1-q3-offcenter_cluster-5065,3,frozen_baseline,12,340.308287,0.0012286660494282842,12,1.0,4083.699444,True,
LOCAL-v1-q3-offcenter_cluster-5066,3,frozen_baseline,10,371.2946599,0.0008624170441180468,10,1.0,3712.946599,True,
LOCAL-v1-q3-offcenter_cluster-5067,3,frozen_baseline,16,132.8443694375,0.0012120419414713979,16,1.0,2125.509911,True,
LOCAL-v1-q3-offcenter_cluster-5068,3,frozen_baseline,13,288.478323,0.0011675000423565507,13,1.0,3750.218199,True,
LOCAL-v1-q3-offcenter_cluster-5069,3,frozen_baseline,14,246.52624635714284,0.0013419160386547446,14,1.0,3451.367449,True,
LOCAL-v1-q3-offcenter_cluster-5070,3,frozen_baseline,12,365.4021,0.001120207947678864,12,1.0,4384.8252,True,
LOCAL-v1-q3-offcenter_cluster-5071,3,frozen_baseline,12,263.85696475000003,0.0012439580168575048,12,1.0,3166.283577,True,
LOCAL-v1-q3-offcenter_cluster-5072,3,frozen_baseline,15,208.6780924,0.0013920000055804849,15,1.0,3130.171386,True,
LOCAL-v1-q3-offcenter_cluster-5073,3,frozen_baseline,10,320.3504642,0.0007880419725552201,10,1.0,3203.504642,True,
LOCAL-v1-q3-offcenter_cluster-5074,3,frozen_baseline,16,163.9774330625,0.0012804169673472643,16,1.0,2623.638929,True,
LOCAL-v1-q3-offcenter_cluster-5075,3,frozen_baseline,15,279.7258953333333,0.001450750045478344,15,1.0,4195.88843,True,
LOCAL-v1-q3-offcenter_cluster-5076,3,frozen_baseline,12,245.97824233333333,0.0011832501040771604,12,1.0,2951.738908,True,
LOCAL-v1-q3-offcenter_cluster-5077,3,frozen_baseline,14,304.03967378571434,0.0015354580245912075,14,1.0,4256.555433,True,
LOCAL-v1-q3-offcenter_cluster-5078,3,frozen_baseline,13,311.97578753846153,0.0010237910319119692,13,1.0,4055.685238,True,
LOCAL-v1-q3-offcenter_cluster-5079,3,frozen_baseline,10,340.8290692,0.0010681248968467116,10,1.0,3408.290692,True,
LOCAL-v1-q3-offcenter_cluster-5080,3,frozen_baseline,10,336.93886480000003,0.000977999996393919,10,1.0,3369.388648,True,
LOCAL-v1-q3-offcenter_cluster-5081,3,frozen_baseline,16,171.15645425,0.001281042001210153,16,1.0,2738.503268,True,
LOCAL-v1-q3-offcenter_cluster-5082,3,frozen_baseline,13,396.6731582307693,0.0014598749112337828,13,1.0,5156.751057,True,
LOCAL-v1-q3-offcenter_cluster-5083,3,frozen_baseline,13,287.1344589230769,0.0013373340480029583,13,1.0,3732.747966,True,
LOCAL-v1-q3-offcenter_cluster-5084,3,frozen_baseline,14,292.108623,0.0013377079740166664,14,1.0,4089.520722,True,
LOCAL-v1-q3-offcenter_cluster-5085,3,frozen_baseline,15,207.52483233333334,0.001382665941491723,15,1.0,3112.872485,True,
LOCAL-v1-q3-offcenter_cluster-5086,3,frozen_baseline,12,355.786277,0.0012816659873351455,12,1.0,4269.435324,True,
LOCAL-v1-q3-offcenter_cluster-5087,3,frozen_baseline,13,295.72831907692307,0.001151417032815516,13,1.0,3844.468148,True,
LOCAL-v1-q3-offcenter_cluster-5088,3,frozen_baseline,16,100.36415825,0.0012497500283643603,16,1.0,1605.826532,True,
LOCAL-v1-q3-offcenter_cluster-5089,3,frozen_baseline,15,244.232868,0.001417666906490922,15,1.0,3663.49302,True,
LOCAL-v1-q3-offcenter_cluster-5090,3,frozen_baseline,14,265.99355092857144,0.0014055829960852861,14,1.0,3723.909713,True,
LOCAL-v1-q3-offcenter_cluster-5091,3,frozen_baseline,12,249.18748691666667,0.0012138329911977053,12,1.0,2990.249843,True,
LOCAL-v1-q3-offcenter_cluster-5092,3,frozen_baseline,11,282.8718134545454,0.0009364580037072301,11,1.0,3111.589948,True,
LOCAL-v1-q3-offcenter_cluster-5093,3,frozen_baseline,15,230.53265346666666,0.001288625062443316,15,1.0,3457.989802,True,
LOCAL-v1-q3-offcenter_cluster-5094,3,frozen_baseline,11,365.9827140909091,0.0011352919973433018,11,1.0,4025.809855,True,
LOCAL-v1-q3-offcenter_cluster-5095,3,frozen_baseline,10,421.6212748,0.0008366249967366457,10,1.0,4216.212748,True,
LOCAL-v1-q3-offcenter_cluster-5096,3,frozen_baseline,14,219.86721914285712,0.0013444999931380153,14,1.0,3078.141068,True,
LOCAL-v1-q3-offcenter_cluster-5097,3,frozen_baseline,13,258.4960231538461,0.0011537910904735327,13,1.0,3360.448301,True,
LOCAL-v1-q3-offcenter_cluster-5098,3,frozen_baseline,16,105.75676975,0.0013226669980213046,16,1.0,1692.108316,True,
LOCAL-v1-q3-offcenter_cluster-5099,3,frozen_baseline,13,228.47716569230766,0.0011443750699982047,13,1.0,2970.203154,True,
LOCAL-v1-q3-origin_cluster-5000,3,frozen_baseline,11,394.50688472727273,0.00102770805824548,11,1.0,4339.575732,True,
LOCAL-v1-q3-origin_cluster-5001,3,frozen_baseline,14,341.5570008571429,0.0012902499875053763,14,1.0,4781.798012,True,
LOCAL-v1-q3-origin_cluster-5002,3,frozen_baseline,15,328.0490277333334,0.0014114580117166042,15,1.0,4920.735416,True,
LOCAL-v1-q3-origin_cluster-5003,3,frozen_baseline,11,361.78229354545454,0.0009525000350549817,11,1.0,3979.605229,True,
LOCAL-v1-q3-origin_cluster-5004,3,frozen_baseline,12,374.55629258333335,0.0011385000543668866,12,1.0,4494.675511,True,
LOCAL-v1-q3-origin_cluster-5005,3,frozen_baseline,11,391.7483938181818,0.0010272079380229115,11,1.0,4309.232332,True,
LOCAL-v1-q3-origin_cluster-5006,3,frozen_baseline,11,392.3922327272727,0.0010877919849008322,11,1.0,4316.31456,True,
LOCAL-v1-q3-origin_cluster-5007,3,frozen_baseline,11,392.7162520909091,0.0010239160619676113,11,1.0,4319.878773,True,
LOCAL-v1-q3-origin_cluster-5008,3,frozen_baseline,10,419.19348529999996,0.0010117909405380487,10,1.0,4191.934853,True,
LOCAL-v1-q3-origin_cluster-5009,3,frozen_baseline,14,342.05218057142855,0.0013301250291988254,14,1.0,4788.730528,True,
LOCAL-v1-q3-origin_cluster-5010,3,frozen_baseline,12,371.38343091666667,0.0012016668915748596,12,1.0,4456.601171,True,
LOCAL-v1-q3-origin_cluster-5011,3,frozen_baseline,15,327.5733222,0.0014709590468555689,15,1.0,4913.599833,True,
LOCAL-v1-q3-origin_cluster-5012,3,frozen_baseline,10,415.9366295,0.0009933329420164227,10,1.0,4159.366295,True,
LOCAL-v1-q3-origin_cluster-5013,3,frozen_baseline,12,370.71072875,0.0010933339362964034,12,1.0,4448.528745,True,
LOCAL-v1-q3-origin_cluster-5014,3,frozen_baseline,11,392.8082126363636,0.0010751669760793447,11,1.0,4320.890339,True,
LOCAL-v1-q3-origin_cluster-5015,3,frozen_baseline,12,371.6169003333334,0.0011758330510929227,12,1.0,4459.402804,True,
LOCAL-v1-q3-origin_cluster-5016,3,frozen_baseline,16,191.1853750625,0.0014390000142157078,16,1.0,3058.966001,True,
LOCAL-v1-q3-origin_cluster-5017,3,frozen_baseline,15,328.05381359999996,0.001402582973241806,15,1.0,4920.807204,True,
LOCAL-v1-q3-origin_cluster-5018,3,frozen_baseline,10,421.4541235,0.0010114170145243406,10,1.0,4214.541235,True,
LOCAL-v1-q3-origin_cluster-5019,3,frozen_baseline,11,394.97977599999996,0.0010759590659290552,11,1.0,4344.777536,True,
LOCAL-v1-q3-origin_cluster-5020,3,frozen_baseline,16,190.0164454375,0.0013419579481706023,16,1.0,3040.263127,True,
LOCAL-v1-q3-origin_cluster-5021,3,frozen_baseline,14,338.9992153571429,0.0013305420288816094,14,1.0,4745.989015,True,
LOCAL-v1-q3-origin_cluster-5022,3,frozen_baseline,14,339.8101363571428,0.0012422080617398024,14,1.0,4757.341909,True,
LOCAL-v1-q3-origin_cluster-5023,3,frozen_baseline,15,329.5996898,0.0013697500107809901,15,1.0,4943.995347,True,
LOCAL-v1-q3-origin_cluster-5024,3,frozen_baseline,13,356.0046066153846,0.0012869159691035748,13,1.0,4628.059886,True,
LOCAL-v1-q3-origin_cluster-5025,3,frozen_baseline,12,375.6725019166667,0.0011512499768286943,12,1.0,4508.070023,True,
LOCAL-v1-q3-origin_cluster-5026,3,frozen_baseline,15,315.77550386666667,0.0012474160175770521,15,1.0,4736.632558,True,
LOCAL-v1-q3-origin_cluster-5027,3,frozen_baseline,11,389.8464936363636,0.0010378329316154122,11,1.0,4288.31143,True,
LOCAL-v1-q3-origin_cluster-5028,3,frozen_baseline,10,419.36426339999997,0.0009794579818844795,10,1.0,4193.642634,True,
LOCAL-v1-q3-origin_cluster-5029,3,frozen_baseline,11,393.498913,0.0010742919985204935,11,1.0,4328.488043,True,
LOCAL-v1-q3-origin_cluster-5030,3,frozen_baseline,12,370.1494113333333,0.0011811669683083892,12,1.0,4441.792936,True,
LOCAL-v1-q3-origin_cluster-5031,3,frozen_baseline,15,329.21754013333333,0.0014412080636247993,15,1.0,4938.263102,True,
LOCAL-v1-q3-origin_cluster-5032,3,frozen_baseline,11,394.3776331818182,0.0011078340467065573,11,1.0,4338.153965,True,
LOCAL-v1-q3-origin_cluster-5033,3,frozen_baseline,14,330.7876908571429,0.0012076250277459621,14,1.0,4631.027672,True,
LOCAL-v1-q3-origin_cluster-5034,3,frozen_baseline,16,191.329937125,0.001405457966029644,16,1.0,3061.278994,True,
LOCAL-v1-q3-origin_cluster-5035,3,frozen_baseline,10,401.3946561,0.0008870000019669533,10,1.0,4013.946561,True,
LOCAL-v1-q3-origin_cluster-5036,3,frozen_baseline,15,326.78830533333337,0.0014269580133259296,15,1.0,4901.82458,True,
LOCAL-v1-q3-origin_cluster-5037,3,frozen_baseline,15,330.6320936666667,0.0014207919593900442,15,1.0,4959.481405,True,
LOCAL-v1-q3-origin_cluster-5038,3,frozen_baseline,16,191.9647798125,0.001351625076495111,16,1.0,3071.436477,True,
LOCAL-v1-q3-origin_cluster-5039,3,frozen_baseline,10,421.41468969999994,0.000955625087954104,10,1.0,4214.146897,True,
LOCAL-v1-q3-origin_cluster-5040,3,frozen_baseline,15,328.9821294,0.0013343750033527613,15,1.0,4934.731941,True,
LOCAL-v1-q3-origin_cluster-5041,3,frozen_baseline,15,330.3132162666667,0.0013604580890387297,15,1.0,4954.698244,True,
LOCAL-v1-q3-origin_cluster-5042,3,frozen_baseline,11,393.69650954545455,0.001063458970747888,11,1.0,4330.661605,True,
LOCAL-v1-q3-origin_cluster-5043,3,frozen_baseline,12,375.61881124999996,0.001155041973106563,12,1.0,4507.425735,True,
LOCAL-v1-q3-origin_cluster-5044,3,frozen_baseline,11,376.3892754545455,0.001026791986078024,11,1.0,4140.28203,True,
LOCAL-v1-q3-origin_cluster-5045,3,frozen_baseline,11,390.73750754545455,0.0010475419694557786,11,1.0,4298.112583,True,
LOCAL-v1-q3-origin_cluster-5046,3,frozen_baseline,10,419.9320955,0.0009755420032888651,10,1.0,4199.320955,True,
LOCAL-v1-q3-origin_cluster-5047,3,frozen_baseline,16,189.7766215625,0.0013682080898433924,16,1.0,3036.425945,True,
LOCAL-v1-q3-origin_cluster-5048,3,frozen_baseline,12,372.67429500000003,0.0012377920793369412,12,1.0,4472.09154,True,
LOCAL-v1-q3-origin_cluster-5049,3,frozen_baseline,10,416.55147129999995,0.0010336670093238354,10,1.0,4165.514713,True,
LOCAL-v1-q3-origin_cluster-5050,3,frozen_baseline,15,328.8432086,0.0014274580171331763,15,1.0,4932.648129,True,
LOCAL-v1-q3-origin_cluster-5051,3,frozen_baseline,11,393.79621981818184,0.0010640829568728805,11,1.0,4331.758418,True,
LOCAL-v1-q3-origin_cluster-5052,3,frozen_baseline,13,355.2256298461538,0.0011822499800473452,13,1.0,4617.933188,True,
LOCAL-v1-q3-origin_cluster-5053,3,frozen_baseline,16,192.481200875,0.0013165000127628446,16,1.0,3079.699214,True,
LOCAL-v1-q3-origin_cluster-5054,3,frozen_baseline,16,188.8416163125,0.0013497910695150495,16,1.0,3021.465861,True,
LOCAL-v1-q3-origin_cluster-5055,3,frozen_baseline,12,361.23488849999995,0.001011208980344236,12,1.0,4334.818662,True,
LOCAL-v1-q3-origin_cluster-5056,3,frozen_baseline,13,357.00418492307693,0.0011772080324590206,13,1.0,4641.054404,True,
LOCAL-v1-q3-origin_cluster-5057,3,frozen_baseline,13,342.5352122307692,0.0011475000064820051,13,1.0,4452.957759,True,
LOCAL-v1-q3-origin_cluster-5058,3,frozen_baseline,14,338.31843021428574,0.0012466670013964176,14,1.0,4736.458023,True,
LOCAL-v1-q3-origin_cluster-5059,3,frozen_baseline,12,369.0425235833333,0.0010610419558361173,12,1.0,4428.510283,True,
LOCAL-v1-q3-origin_cluster-5060,3,frozen_baseline,11,392.29978781818187,0.0010031249839812517,11,1.0,4315.297666,True,
LOCAL-v1-q3-origin_cluster-5061,3,frozen_baseline,13,353.66757661538463,0.0012157500023022294,13,1.0,4597.678496,True,
LOCAL-v1-q3-origin_cluster-5062,3,frozen_baseline,16,191.7371321875,0.0012989169918000698,16,1.0,3067.794115,True,
LOCAL-v1-q3-origin_cluster-5063,3,frozen_baseline,15,329.64571766666666,0.0013683339348062873,15,1.0,4944.685765,True,
LOCAL-v1-q3-origin_cluster-5064,3,frozen_baseline,13,358.5324560769231,0.001320375013165176,13,1.0,4660.921929,True,
LOCAL-v1-q3-origin_cluster-5065,3,frozen_baseline,12,373.82311766666663,0.0011174590326845646,12,1.0,4485.877412,True,
LOCAL-v1-q3-origin_cluster-5066,3,frozen_baseline,10,418.07839690000003,0.0010285410098731518,10,1.0,4180.783969,True,
LOCAL-v1-q3-origin_cluster-5067,3,frozen_baseline,16,180.617031625,0.0013129590079188347,16,1.0,2889.872506,True,
LOCAL-v1-q3-origin_cluster-5068,3,frozen_baseline,13,354.21529992307694,0.0011802499648183584,13,1.0,4604.798899,True,
LOCAL-v1-q3-origin_cluster-5069,3,frozen_baseline,14,340.9657502142857,0.0012994169956073165,14,1.0,4773.520503,True,
LOCAL-v1-q3-origin_cluster-5070,3,frozen_baseline,12,369.66980766666666,0.0011256251018494368,12,1.0,4436.037692,True,
LOCAL-v1-q3-origin_cluster-5071,3,frozen_baseline,12,360.59123225,0.0010234999936074018,12,1.0,4327.094787,True,
LOCAL-v1-q3-origin_cluster-5072,3,frozen_baseline,15,328.86655686666666,0.0013942919904366136,15,1.0,4932.998353,True,
LOCAL-v1-q3-origin_cluster-5073,3,frozen_baseline,10,418.7126904,0.0009656250476837158,10,1.0,4187.126904,True,
LOCAL-v1-q3-origin_cluster-5074,3,frozen_baseline,16,189.90380975,0.0013197079533711076,16,1.0,3038.460956,True,
LOCAL-v1-q3-origin_cluster-5075,3,frozen_baseline,15,328.80187593333335,0.0013098749332129955,15,1.0,4932.028139,True,
LOCAL-v1-q3-origin_cluster-5076,3,frozen_baseline,12,373.28347225,0.0011071249609813094,12,1.0,4479.401667,True,
LOCAL-v1-q3-origin_cluster-5077,3,frozen_baseline,14,328.30213328571426,0.001334875007160008,14,1.0,4596.229866,True,
LOCAL-v1-q3-origin_cluster-5078,3,frozen_baseline,13,358.37293015384614,0.0013599579688161612,13,1.0,4658.848092,True,
LOCAL-v1-q3-origin_cluster-5079,3,frozen_baseline,10,419.1147841,0.0010003329953178763,10,1.0,4191.147841,True,
LOCAL-v1-q3-origin_cluster-5080,3,frozen_baseline,10,418.5745728,0.0010223749559372663,10,1.0,4185.745728,True,
LOCAL-v1-q3-origin_cluster-5081,3,frozen_baseline,16,192.9070855625,0.0013377080904319882,16,1.0,3086.513369,True,
LOCAL-v1-q3-origin_cluster-5082,3,frozen_baseline,13,355.8616052307692,0.0011722090421244502,13,1.0,4626.200868,True,
LOCAL-v1-q3-origin_cluster-5083,3,frozen_baseline,13,356.0406075384616,0.001276249997317791,13,1.0,4628.527898,True,
LOCAL-v1-q3-origin_cluster-5084,3,frozen_baseline,14,338.55987721428573,0.001277417060919106,14,1.0,4739.838281,True,
LOCAL-v1-q3-origin_cluster-5085,3,frozen_baseline,15,328.6063728,0.0013648750027641654,15,1.0,4929.095592,True,
LOCAL-v1-q3-origin_cluster-5086,3,frozen_baseline,12,374.73267583333336,0.0011550000635907054,12,1.0,4496.79211,True,
LOCAL-v1-q3-origin_cluster-5087,3,frozen_baseline,13,353.73226584615384,0.001119250082410872,13,1.0,4598.519456,True,
LOCAL-v1-q3-origin_cluster-5088,3,frozen_baseline,16,191.4062064375,0.0013050000416114926,16,1.0,3062.499303,True,
LOCAL-v1-q3-origin_cluster-5089,3,frozen_baseline,15,328.30336,0.001432583900168538,15,1.0,4924.5504,True,
LOCAL-v1-q3-origin_cluster-5090,3,frozen_baseline,14,339.25548835714284,0.0012687919661402702,14,1.0,4749.576837,True,
LOCAL-v1-q3-origin_cluster-5091,3,frozen_baseline,12,356.40142783333334,0.0010694169905036688,12,1.0,4276.817134,True,
LOCAL-v1-q3-origin_cluster-5092,3,frozen_baseline,11,389.7598201818182,0.0010054169688373804,11,1.0,4287.358022,True,
LOCAL-v1-q3-origin_cluster-5093,3,frozen_baseline,15,325.08712146666664,0.0012943330220878124,15,1.0,4876.306822,True,
LOCAL-v1-q3-origin_cluster-5094,3,frozen_baseline,11,392.1201878181818,0.0010398749727755785,11,1.0,4313.322066,True,
LOCAL-v1-q3-origin_cluster-5095,3,frozen_baseline,10,420.5848838,0.0011063329875469208,10,1.0,4205.848838,True,
LOCAL-v1-q3-origin_cluster-5096,3,frozen_baseline,14,328.69696500000003,0.0012449590722098947,14,1.0,4601.75751,True,
LOCAL-v1-q3-origin_cluster-5097,3,frozen_baseline,13,356.6259959230769,0.0014079579850658774,13,1.0,4636.137947,True,
LOCAL-v1-q3-origin_cluster-5098,3,frozen_baseline,16,191.2950309375,0.0014883329859003425,16,1.0,3060.720495,True,
LOCAL-v1-q3-origin_cluster-5099,3,frozen_baseline,13,354.6167382307692,0.0011913329362869263,13,1.0,4610.017597,True,
LOCAL-v1-q3-minimum_radius-5000,3,frozen_baseline,11,305.7086880909091,0.0010973330354318023,11,1.0,3362.795569,True,
LOCAL-v1-q3-minimum_radius-5001,3,frozen_baseline,14,309.2099705,0.0012928330106660724,14,1.0,4328.939587,True,
LOCAL-v1-q3-minimum_radius-5002,3,frozen_baseline,15,261.69192953333334,0.0013193340273573995,15,1.0,3925.378943,True,
LOCAL-v1-q3-minimum_radius-5003,3,frozen_baseline,11,326.85996854545454,0.0010183339472860098,11,1.0,3595.459654,True,
LOCAL-v1-q3-minimum_radius-5004,3,frozen_baseline,12,340.300672,0.0010827500373125076,12,1.0,4083.608064,True,
LOCAL-v1-q3-minimum_radius-5005,3,frozen_baseline,11,366.66535063636366,0.001107916934415698,11,1.0,4033.318857,True,
LOCAL-v1-q3-minimum_radius-5006,3,frozen_baseline,11,362.98372518181816,0.0011407090350985527,11,1.0,3992.820977,True,
LOCAL-v1-q3-minimum_radius-5007,3,frozen_baseline,11,301.7868884545455,0.0009824580047279596,11,1.0,3319.655773,True,
LOCAL-v1-q3-minimum_radius-5008,3,frozen_baseline,10,351.0092891,0.0009634169982746243,10,1.0,3510.092891,True,
LOCAL-v1-q3-minimum_radius-5009,3,frozen_baseline,14,321.6794454285714,0.0013128750724717975,14,1.0,4503.512236,True,
LOCAL-v1-q3-minimum_radius-5010,3,frozen_baseline,12,338.0695270833333,0.0011362920049577951,12,1.0,4056.834325,True,
LOCAL-v1-q3-minimum_radius-5011,3,frozen_baseline,15,310.84924293333336,0.0013736250111833215,15,1.0,4662.738644,True,
LOCAL-v1-q3-minimum_radius-5012,3,frozen_baseline,10,332.2096957,0.0009059590520337224,10,1.0,3322.096957,True,
LOCAL-v1-q3-minimum_radius-5013,3,frozen_baseline,12,324.36514116666666,0.0010912090074270964,12,1.0,3892.381694,True,
LOCAL-v1-q3-minimum_radius-5014,3,frozen_baseline,11,362.53947636363637,0.0009657080518081784,11,1.0,3987.93424,True,
LOCAL-v1-q3-minimum_radius-5015,3,frozen_baseline,12,309.20652791666663,0.0010614999337121844,12,1.0,3710.478335,True,
LOCAL-v1-q3-minimum_radius-5016,3,frozen_baseline,16,284.0694915,0.001378249959088862,16,1.0,4545.111864,True,
LOCAL-v1-q3-minimum_radius-5017,3,frozen_baseline,15,299.70490993333334,0.001265416038222611,15,1.0,4495.573649,True,
LOCAL-v1-q3-minimum_radius-5018,3,frozen_baseline,10,390.03725199999997,0.0008999579586088657,10,1.0,3900.37252,True,
LOCAL-v1-q3-minimum_radius-5019,3,frozen_baseline,11,365.95010963636366,0.0009824169101193547,11,1.0,4025.451206,True,
LOCAL-v1-q3-minimum_radius-5020,3,frozen_baseline,16,265.38272925,0.0012562499614432454,16,1.0,4246.123668,True,
LOCAL-v1-q3-minimum_radius-5021,3,frozen_baseline,14,290.2670132142857,0.0011994170490652323,14,1.0,4063.738185,True,
LOCAL-v1-q3-minimum_radius-5022,3,frozen_baseline,14,314.8197243571429,0.0012819169787690043,14,1.0,4407.476141,True,
LOCAL-v1-q3-minimum_radius-5023,3,frozen_baseline,15,255.26485233333332,0.0012985420180484653,15,1.0,3828.972785,True,
LOCAL-v1-q3-minimum_radius-5024,3,frozen_baseline,13,333.72953884615384,0.0011969590559601784,13,1.0,4338.484005,True,
LOCAL-v1-q3-minimum_radius-5025,3,frozen_baseline,12,309.67851691666664,0.0010717500699684024,12,1.0,3716.142203,True,
LOCAL-v1-q3-minimum_radius-5026,3,frozen_baseline,15,300.1828754,0.0012627500109374523,15,1.0,4502.743131,True,
LOCAL-v1-q3-minimum_radius-5027,3,frozen_baseline,11,299.1681587272727,0.0010763750178739429,11,1.0,3290.849746,True,
LOCAL-v1-q3-minimum_radius-5028,3,frozen_baseline,10,357.3114312,0.0009813749929890037,10,1.0,3573.114312,True,
LOCAL-v1-q3-minimum_radius-5029,3,frozen_baseline,11,309.1854981818182,0.0009765410795807838,11,1.0,3401.04048,True,
LOCAL-v1-q3-minimum_radius-5030,3,frozen_baseline,12,296.735832,0.0010125000262632966,12,1.0,3560.829984,True,
LOCAL-v1-q3-minimum_radius-5031,3,frozen_baseline,15,284.03528953333335,0.001357291010208428,15,1.0,4260.529343,True,
LOCAL-v1-q3-minimum_radius-5032,3,frozen_baseline,11,336.38557336363635,0.0009527499787509441,11,1.0,3700.241307,True,
LOCAL-v1-q3-minimum_radius-5033,3,frozen_baseline,14,283.4715156428571,0.0012931249802932143,14,1.0,3968.601219,True,
LOCAL-v1-q3-minimum_radius-5034,3,frozen_baseline,16,254.5115115625,0.0013124579563736916,16,1.0,4072.184185,True,
LOCAL-v1-q3-minimum_radius-5035,3,frozen_baseline,10,382.585457,0.0009809170151129365,10,1.0,3825.85457,True,
LOCAL-v1-q3-minimum_radius-5036,3,frozen_baseline,15,294.18708613333337,0.0012387499446049333,15,1.0,4412.806292,True,
LOCAL-v1-q3-minimum_radius-5037,3,frozen_baseline,15,295.51780406666666,0.0013742500450462103,15,1.0,4432.767061,True,
LOCAL-v1-q3-minimum_radius-5038,3,frozen_baseline,16,273.7857661875,0.0014446249697357416,16,1.0,4380.572259,True,
LOCAL-v1-q3-minimum_radius-5039,3,frozen_baseline,10,378.9716109,0.0010428749956190586,10,1.0,3789.716109,True,
LOCAL-v1-q3-minimum_radius-5040,3,frozen_baseline,15,274.7490714,0.0013646669685840607,15,1.0,4121.236071,True,
LOCAL-v1-q3-minimum_radius-5041,3,frozen_baseline,15,301.28018280000003,0.0012912079691886902,15,1.0,4519.202742,True,
LOCAL-v1-q3-minimum_radius-5042,3,frozen_baseline,11,326.96942309090906,0.0010889169061556458,11,1.0,3596.663654,True,
LOCAL-v1-q3-minimum_radius-5043,3,frozen_baseline,12,350.09033675,0.001080875052139163,12,1.0,4201.084041,True,
LOCAL-v1-q3-minimum_radius-5044,3,frozen_baseline,11,336.8258277272727,0.0010639169486239552,11,1.0,3705.084105,True,
LOCAL-v1-q3-minimum_radius-5045,3,frozen_baseline,11,336.27246809090906,0.0010032500140368938,11,1.0,3698.997149,True,
LOCAL-v1-q3-minimum_radius-5046,3,frozen_baseline,10,378.5416927,0.0008562910370528698,10,1.0,3785.416927,True,
LOCAL-v1-q3-minimum_radius-5047,3,frozen_baseline,16,254.7263485,0.0013763330643996596,16,1.0,4075.621576,True,
LOCAL-v1-q3-minimum_radius-5048,3,frozen_baseline,12,306.529103,0.0011129580670967698,12,1.0,3678.349236,True,
LOCAL-v1-q3-minimum_radius-5049,3,frozen_baseline,10,365.3958665,0.0009449589997529984,10,1.0,3653.958665,True,
LOCAL-v1-q3-minimum_radius-5050,3,frozen_baseline,15,269.77879193333337,0.0013651250628754497,15,1.0,4046.681879,True,
LOCAL-v1-q3-minimum_radius-5051,3,frozen_baseline,11,357.7847836363636,0.0009494579862803221,11,1.0,3935.63262,True,
LOCAL-v1-q3-minimum_radius-5052,3,frozen_baseline,13,305.8455463846154,0.0012595420703291893,13,1.0,3975.992103,True,
LOCAL-v1-q3-minimum_radius-5053,3,frozen_baseline,16,276.21279775,0.0012884159805253148,16,1.0,4419.404764,True,
LOCAL-v1-q3-minimum_radius-5054,3,frozen_baseline,16,277.58793325,0.0013126670382916927,16,1.0,4441.406932,True,
LOCAL-v1-q3-minimum_radius-5055,3,frozen_baseline,12,349.3860661666667,0.000985457911156118,12,1.0,4192.632794,True,
LOCAL-v1-q3-minimum_radius-5056,3,frozen_baseline,13,316.86059584615384,0.0013048750115558505,13,1.0,4119.187746,True,
LOCAL-v1-q3-minimum_radius-5057,3,frozen_baseline,13,308.45884253846157,0.0012047919444739819,13,1.0,4009.964953,True,
LOCAL-v1-q3-minimum_radius-5058,3,frozen_baseline,14,263.69771099999997,0.0011573749361559749,14,1.0,3691.767954,True,
LOCAL-v1-q3-minimum_radius-5059,3,frozen_baseline,12,306.63136075,0.00116658303886652,12,1.0,3679.576329,True,
LOCAL-v1-q3-minimum_radius-5060,3,frozen_baseline,11,341.81158727272725,0.0010719170095399022,11,1.0,3759.92746,True,
LOCAL-v1-q3-minimum_radius-5061,3,frozen_baseline,13,257.9344593076923,0.0010935419704765081,13,1.0,3353.147971,True,
LOCAL-v1-q3-minimum_radius-5062,3,frozen_baseline,16,254.7861330625,0.0012798330280929804,16,1.0,4076.578129,True,
LOCAL-v1-q3-minimum_radius-5063,3,frozen_baseline,15,287.19811293333333,0.0013894170988351107,15,1.0,4307.971694,True,
LOCAL-v1-q3-minimum_radius-5064,3,frozen_baseline,13,287.92821246153846,0.0012341669062152505,13,1.0,3743.066762,True,
LOCAL-v1-q3-minimum_radius-5065,3,frozen_baseline,12,315.2774743333333,0.0010540829971432686,12,1.0,3783.329692,True,
LOCAL-v1-q3-minimum_radius-5066,3,frozen_baseline,10,353.9808375,0.0009427079930901527,10,1.0,3539.808375,True,
LOCAL-v1-q3-minimum_radius-5067,3,frozen_baseline,16,275.5447958125,0.0014096250524744391,16,1.0,4408.716733,True,
LOCAL-v1-q3-minimum_radius-5068,3,frozen_baseline,13,296.90073138461537,0.0011395830661058426,13,1.0,3859.709508,True,
LOCAL-v1-q3-minimum_radius-5069,3,frozen_baseline,14,291.65330814285716,0.0012544590281322598,14,1.0,4083.146314,True,
LOCAL-v1-q3-minimum_radius-5070,3,frozen_baseline,12,363.7522035833333,0.0011499999091029167,12,1.0,4365.026443,True,
LOCAL-v1-q3-minimum_radius-5071,3,frozen_baseline,12,305.13921166666665,0.0010276250541210175,12,1.0,3661.67054,True,
LOCAL-v1-q3-minimum_radius-5072,3,frozen_baseline,15,286.09043613333336,0.0012868749909102917,15,1.0,4291.356542,True,
LOCAL-v1-q3-minimum_radius-5073,3,frozen_baseline,10,387.5135192,0.0009189170086756349,10,1.0,3875.135192,True,
LOCAL-v1-q3-minimum_radius-5074,3,frozen_baseline,16,255.3521783125,0.0013792499667033553,16,1.0,4085.634853,True,
LOCAL-v1-q3-minimum_radius-5075,3,frozen_baseline,15,254.7150604,0.0013712500222027302,15,1.0,3820.725906,True,
LOCAL-v1-q3-minimum_radius-5076,3,frozen_baseline,12,323.75095733333336,0.0011167919728904963,12,1.0,3885.011488,True,
LOCAL-v1-q3-minimum_radius-5077,3,frozen_baseline,14,299.84065114285715,0.0013080410426482558,14,1.0,4197.769116,True,
LOCAL-v1-q3-minimum_radius-5078,3,frozen_baseline,13,300.10139869230767,0.0011198340216651559,13,1.0,3901.318183,True,
LOCAL-v1-q3-minimum_radius-5079,3,frozen_baseline,10,371.9834861,0.0009989578975364566,10,1.0,3719.834861,True,
LOCAL-v1-q3-minimum_radius-5080,3,frozen_baseline,10,340.8061095,0.0008920830441638827,10,1.0,3408.061095,True,
LOCAL-v1-q3-minimum_radius-5081,3,frozen_baseline,16,258.6571944375,0.0013832079712301493,16,1.0,4138.515111,True,
LOCAL-v1-q3-minimum_radius-5082,3,frozen_baseline,13,302.759847,0.0012412089854478836,13,1.0,3935.878011,True,
LOCAL-v1-q3-minimum_radius-5083,3,frozen_baseline,13,316.46629330769235,0.0011835000477731228,13,1.0,4114.061813,True,
LOCAL-v1-q3-minimum_radius-5084,3,frozen_baseline,14,284.3231195,0.0012799170799553394,14,1.0,3980.523673,True,
LOCAL-v1-q3-minimum_radius-5085,3,frozen_baseline,15,291.38056033333334,0.0013738750712946057,15,1.0,4370.708405,True,
LOCAL-v1-q3-minimum_radius-5086,3,frozen_baseline,12,304.08511275,0.001002333010546863,12,1.0,3649.021353,True,
LOCAL-v1-q3-minimum_radius-5087,3,frozen_baseline,13,282.6487323076923,0.0011436250060796738,13,1.0,3674.43352,True,
LOCAL-v1-q3-minimum_radius-5088,3,frozen_baseline,16,248.2604524375,0.0012258749920874834,16,1.0,3972.167239,True,
LOCAL-v1-q3-minimum_radius-5089,3,frozen_baseline,15,304.2961842,0.0013244579313322902,15,1.0,4564.442763,True,
LOCAL-v1-q3-minimum_radius-5090,3,frozen_baseline,14,269.72565614285713,0.0011990841012448072,14,1.0,3776.159186,True,
LOCAL-v1-q3-minimum_radius-5091,3,frozen_baseline,12,296.4409175833333,0.001141292043030262,12,1.0,3557.291011,True,
LOCAL-v1-q3-minimum_radius-5092,3,frozen_baseline,11,390.3652774545455,0.0010819159215316176,11,1.0,4294.018052,True,
LOCAL-v1-q3-minimum_radius-5093,3,frozen_baseline,15,269.70195666666666,0.0012809999752789736,15,1.0,4045.52935,True,
LOCAL-v1-q3-minimum_radius-5094,3,frozen_baseline,11,362.1266287272727,0.0009330000029876828,11,1.0,3983.392916,True,
LOCAL-v1-q3-minimum_radius-5095,3,frozen_baseline,10,361.7407813,0.0010105830151587725,10,1.0,3617.407813,True,
LOCAL-v1-q3-minimum_radius-5096,3,frozen_baseline,14,287.5027667857143,0.0012705830158665776,14,1.0,4025.038735,True,
LOCAL-v1-q3-minimum_radius-5097,3,frozen_baseline,13,265.93812484615387,0.0011226249625906348,13,1.0,3457.195623,True,
LOCAL-v1-q3-minimum_radius-5098,3,frozen_baseline,16,292.053879875,0.001425374997779727,16,1.0,4672.862078,True,
LOCAL-v1-q3-minimum_radius-5099,3,frozen_baseline,13,304.14029800000003,0.001174542005173862,13,1.0,3953.823874,True,
LOCAL-v1-q3-exactly10_sources-5000,3,frozen_baseline,10,356.97396480000003,0.0009678340284153819,10,1.0,3569.739648,True,
LOCAL-v1-q3-exactly10_sources-5001,3,frozen_baseline,10,330.1749312,0.0010079999919980764,10,1.0,3301.749312,True,
LOCAL-v1-q3-exactly10_sources-5002,3,frozen_baseline,10,377.8864085,0.001086207921616733,10,1.0,3778.864085,True,
LOCAL-v1-q3-exactly10_sources-5003,3,frozen_baseline,10,370.1778396,0.0010589159792289138,10,1.0,3701.778396,True,
LOCAL-v1-q3-exactly10_sources-5004,3,frozen_baseline,10,351.89035939999997,0.0010264170123264194,10,1.0,3518.903594,True,
LOCAL-v1-q3-exactly10_sources-5005,3,frozen_baseline,10,338.461847,0.000992374960333109,10,1.0,3384.61847,True,
LOCAL-v1-q3-exactly10_sources-5006,3,frozen_baseline,10,357.3564163,0.0010911249555647373,10,1.0,3573.564163,True,
LOCAL-v1-q3-exactly10_sources-5007,3,frozen_baseline,10,368.7425564,0.0010430419351905584,10,1.0,3687.425564,True,
LOCAL-v1-q3-exactly10_sources-5008,3,frozen_baseline,10,389.1680662,0.0010329170618206263,10,1.0,3891.680662,True,
LOCAL-v1-q3-exactly10_sources-5009,3,frozen_baseline,10,367.38317470000004,0.0010020839981734753,10,1.0,3673.831747,True,
LOCAL-v1-q3-exactly10_sources-5010,3,frozen_baseline,10,403.36829309999996,0.0010328330099582672,10,1.0,4033.682931,True,
LOCAL-v1-q3-exactly10_sources-5011,3,frozen_baseline,10,379.9065126,0.0011504580033943057,10,1.0,3799.065126,True,
LOCAL-v1-q3-exactly10_sources-5012,3,frozen_baseline,10,354.4180933,0.000927707995288074,10,1.0,3544.180933,True,
LOCAL-v1-q3-exactly10_sources-5013,3,frozen_baseline,10,307.9927146,0.0009724999545142055,10,1.0,3079.927146,True,
LOCAL-v1-q3-exactly10_sources-5014,3,frozen_baseline,10,363.1508272,0.0009543750202283263,10,1.0,3631.508272,True,
LOCAL-v1-q3-exactly10_sources-5015,3,frozen_baseline,10,372.13338899999997,0.0010064160451292992,10,1.0,3721.33389,True,
LOCAL-v1-q3-exactly10_sources-5016,3,frozen_baseline,10,341.2754462,0.0009464999893680215,10,1.0,3412.754462,True,
LOCAL-v1-q3-exactly10_sources-5017,3,frozen_baseline,10,385.9591238,0.0010557910427451134,10,1.0,3859.591238,True,
LOCAL-v1-q3-exactly10_sources-5018,3,frozen_baseline,10,363.76344869999997,0.0010283750016242266,10,1.0,3637.634487,True,
LOCAL-v1-q3-exactly10_sources-5019,3,frozen_baseline,10,353.8799237,0.0010331249795854092,10,1.0,3538.799237,True,
LOCAL-v1-q3-exactly10_sources-5020,3,frozen_baseline,10,372.0136705,0.0011132500367239118,10,1.0,3720.136705,True,
LOCAL-v1-q3-exactly10_sources-5021,3,frozen_baseline,10,375.9256072,0.0011069170432165265,10,1.0,3759.256072,True,
LOCAL-v1-q3-exactly10_sources-5022,3,frozen_baseline,10,367.6788689,0.0010628330055624247,10,1.0,3676.788689,True,
LOCAL-v1-q3-exactly10_sources-5023,3,frozen_baseline,10,360.82144320000003,0.0010426250519230962,10,1.0,3608.214432,True,
LOCAL-v1-q3-exactly10_sources-5024,3,frozen_baseline,10,363.4812641,0.0010908750118687749,10,1.0,3634.812641,True,
LOCAL-v1-q3-exactly10_sources-5025,3,frozen_baseline,10,384.1395777,0.0010371250100433826,10,1.0,3841.395777,True,
LOCAL-v1-q3-exactly10_sources-5026,3,frozen_baseline,10,363.1360869,0.0011309579713270068,10,1.0,3631.360869,True,
LOCAL-v1-q3-exactly10_sources-5027,3,frozen_baseline,10,353.801915,0.0010678749531507492,10,1.0,3538.01915,True,
LOCAL-v1-q3-exactly10_sources-5028,3,frozen_baseline,10,367.7180307,0.0009524999186396599,10,1.0,3677.180307,True,
LOCAL-v1-q3-exactly10_sources-5029,3,frozen_baseline,10,319.5232366,0.0010683749569579959,10,1.0,3195.232366,True,
LOCAL-v1-q3-exactly10_sources-5030,3,frozen_baseline,10,352.1145309,0.0009603339713066816,10,1.0,3521.145309,True,
LOCAL-v1-q3-exactly10_sources-5031,3,frozen_baseline,10,321.35862929999996,0.0010168750304728746,10,1.0,3213.586293,True,
LOCAL-v1-q3-exactly10_sources-5032,3,frozen_baseline,10,342.8254349,0.0009301250101998448,10,1.0,3428.254349,True,
LOCAL-v1-q3-exactly10_sources-5033,3,frozen_baseline,10,349.2339146,0.0009654168970882893,10,1.0,3492.339146,True,
LOCAL-v1-q3-exactly10_sources-5034,3,frozen_baseline,10,312.9661449,0.0010566660203039646,10,1.0,3129.661449,True,
LOCAL-v1-q3-exactly10_sources-5035,3,frozen_baseline,10,392.64589420000004,0.0011811250587925315,10,1.0,3926.458942,True,
LOCAL-v1-q3-exactly10_sources-5036,3,frozen_baseline,10,346.5874662,0.0010230829939246178,10,1.0,3465.874662,True,
LOCAL-v1-q3-exactly10_sources-5037,3,frozen_baseline,10,389.5709703,0.0009588750544935465,10,1.0,3895.709703,True,
LOCAL-v1-q3-exactly10_sources-5038,3,frozen_baseline,10,373.176898,0.0010364591144025326,10,1.0,3731.76898,True,
LOCAL-v1-q3-exactly10_sources-5039,3,frozen_baseline,10,352.9356156,0.0010252919746562839,10,1.0,3529.356156,True,
LOCAL-v1-q3-exactly10_sources-5040,3,frozen_baseline,10,334.8304057,0.0011203750036656857,10,1.0,3348.304057,True,
LOCAL-v1-q3-exactly10_sources-5041,3,frozen_baseline,10,322.5962123,0.0010270000202581286,10,1.0,3225.962123,True,
LOCAL-v1-q3-exactly10_sources-5042,3,frozen_baseline,10,342.69094789999997,0.0011607500491663814,10,1.0,3426.909479,True,
LOCAL-v1-q3-exactly10_sources-5043,3,frozen_baseline,10,333.7456006,0.0010368750663474202,10,1.0,3337.456006,True,
LOCAL-v1-q3-exactly10_sources-5044,3,frozen_baseline,10,362.7028378,0.000986957922577858,10,1.0,3627.028378,True,
LOCAL-v1-q3-exactly10_sources-5045,3,frozen_baseline,10,371.451238,0.0011122080031782389,10,1.0,3714.51238,True,
LOCAL-v1-q3-exactly10_sources-5046,3,frozen_baseline,10,387.867714,0.0009558330057188869,10,1.0,3878.67714,True,
LOCAL-v1-q3-exactly10_sources-5047,3,frozen_baseline,10,376.4498119,0.0010213329223915935,10,1.0,3764.498119,True,
LOCAL-v1-q3-exactly10_sources-5048,3,frozen_baseline,10,341.9431667,0.0010008750250563025,10,1.0,3419.431667,True,
LOCAL-v1-q3-exactly10_sources-5049,3,frozen_baseline,10,355.943662,0.00108233408536762,10,1.0,3559.43662,True,
LOCAL-v1-q3-exactly10_sources-5050,3,frozen_baseline,10,334.2026735,0.0010176659561693668,10,1.0,3342.026735,True,
LOCAL-v1-q3-exactly10_sources-5051,3,frozen_baseline,10,449.1619164,0.0010719579877331853,10,1.0,4491.619164,True,
LOCAL-v1-q3-exactly10_sources-5052,3,frozen_baseline,10,383.724313,0.0011311249108985066,10,1.0,3837.24313,True,
LOCAL-v1-q3-exactly10_sources-5053,3,frozen_baseline,10,371.3141865,0.00120749999769032,10,1.0,3713.141865,True,
LOCAL-v1-q3-exactly10_sources-5054,3,frozen_baseline,10,346.7722632,0.001111541991122067,10,1.0,3467.722632,True,
LOCAL-v1-q3-exactly10_sources-5055,3,frozen_baseline,10,345.5441186,0.0009760409593582153,10,1.0,3455.441186,True,
LOCAL-v1-q3-exactly10_sources-5056,3,frozen_baseline,10,367.1556533,0.0010363329201936722,10,1.0,3671.556533,True,
LOCAL-v1-q3-exactly10_sources-5057,3,frozen_baseline,10,349.9008124,0.001101000001654029,10,1.0,3499.008124,True,
LOCAL-v1-q3-exactly10_sources-5058,3,frozen_baseline,10,346.38800200000003,0.0011041249381378293,10,1.0,3463.88002,True,
LOCAL-v1-q3-exactly10_sources-5059,3,frozen_baseline,10,342.5745958,0.0010696669341996312,10,1.0,3425.745958,True,
LOCAL-v1-q3-exactly10_sources-5060,3,frozen_baseline,10,336.745658,0.0010525420075282454,10,1.0,3367.45658,True,
LOCAL-v1-q3-exactly10_sources-5061,3,frozen_baseline,10,342.915557,0.0010787500068545341,10,1.0,3429.15557,True,
LOCAL-v1-q3-exactly10_sources-5062,3,frozen_baseline,10,394.9475473,0.0009534170385450125,10,1.0,3949.475473,True,
LOCAL-v1-q3-exactly10_sources-5063,3,frozen_baseline,10,372.0240296,0.0009690839797258377,10,1.0,3720.240296,True,
LOCAL-v1-q3-exactly10_sources-5064,3,frozen_baseline,10,365.4539198,0.001154207973740995,10,1.0,3654.539198,True,
LOCAL-v1-q3-exactly10_sources-5065,3,frozen_baseline,10,348.5659578,0.0010489580454304814,10,1.0,3485.659578,True,
LOCAL-v1-q3-exactly10_sources-5066,3,frozen_baseline,10,334.9132881,0.0010343330213800073,10,1.0,3349.132881,True,
LOCAL-v1-q3-exactly10_sources-5067,3,frozen_baseline,10,398.3257098,0.0011441670358181,10,1.0,3983.257098,True,
LOCAL-v1-q3-exactly10_sources-5068,3,frozen_baseline,10,368.2242073,0.001065292046405375,10,1.0,3682.242073,True,
LOCAL-v1-q3-exactly10_sources-5069,3,frozen_baseline,10,358.46449590000003,0.0010218750685453415,10,1.0,3584.644959,True,
LOCAL-v1-q3-exactly10_sources-5070,3,frozen_baseline,10,358.001403,0.001194374985061586,10,1.0,3580.01403,True,
LOCAL-v1-q3-exactly10_sources-5071,3,frozen_baseline,10,346.34196149999997,0.0009672499727457762,10,1.0,3463.419615,True,
LOCAL-v1-q3-exactly10_sources-5072,3,frozen_baseline,10,368.59173300000003,0.0011462499387562275,10,1.0,3685.91733,True,
LOCAL-v1-q3-exactly10_sources-5073,3,frozen_baseline,10,366.8441139,0.0010876670712605119,10,1.0,3668.441139,True,
LOCAL-v1-q3-exactly10_sources-5074,3,frozen_baseline,10,354.7625645,0.0010912499856203794,10,1.0,3547.625645,True,
LOCAL-v1-q3-exactly10_sources-5075,3,frozen_baseline,10,394.7060226,0.0010961249936372042,10,1.0,3947.060226,True,
LOCAL-v1-q3-exactly10_sources-5076,3,frozen_baseline,10,376.49026749999996,0.0011225830530747771,10,1.0,3764.902675,True,
LOCAL-v1-q3-exactly10_sources-5077,3,frozen_baseline,10,349.2240925,0.0010814169654622674,10,1.0,3492.240925,True,
LOCAL-v1-q3-exactly10_sources-5078,3,frozen_baseline,10,363.1657865,0.0011838750215247273,10,1.0,3631.657865,True,
LOCAL-v1-q3-exactly10_sources-5079,3,frozen_baseline,10,356.76411229999997,0.0011232499964535236,10,1.0,3567.641123,True,
LOCAL-v1-q3-exactly10_sources-5080,3,frozen_baseline,10,331.9749026,0.0009603750659152865,10,1.0,3319.749026,True,
LOCAL-v1-q3-exactly10_sources-5081,3,frozen_baseline,10,333.9376972,0.0010966249974444509,10,1.0,3339.376972,True,
LOCAL-v1-q3-exactly10_sources-5082,3,frozen_baseline,10,388.21425239999996,0.00114483293145895,10,1.0,3882.142524,True,
LOCAL-v1-q3-exactly10_sources-5083,3,frozen_baseline,10,344.1869115,0.0010105420369654894,10,1.0,3441.869115,True,
LOCAL-v1-q3-exactly10_sources-5084,3,frozen_baseline,10,314.7198985,0.0010278329718858004,10,1.0,3147.198985,True,
LOCAL-v1-q3-exactly10_sources-5085,3,frozen_baseline,10,339.9422747,0.00097287492826581,10,1.0,3399.422747,True,
LOCAL-v1-q3-exactly10_sources-5086,3,frozen_baseline,10,341.85420949999997,0.0010157499928027391,10,1.0,3418.542095,True,
LOCAL-v1-q3-exactly10_sources-5087,3,frozen_baseline,10,391.1115972,0.0011812909506261349,10,1.0,3911.115972,True,
LOCAL-v1-q3-exactly10_sources-5088,3,frozen_baseline,10,324.2446214,0.0009933749679476023,10,1.0,3242.446214,True,
LOCAL-v1-q3-exactly10_sources-5089,3,frozen_baseline,10,323.74907939999997,0.0009752499172464013,10,1.0,3237.490794,True,
LOCAL-v1-q3-exactly10_sources-5090,3,frozen_baseline,10,395.9105654,0.0010867080418393016,10,1.0,3959.105654,True,
LOCAL-v1-q3-exactly10_sources-5091,3,frozen_baseline,10,335.26649299999997,0.0010010419646278024,10,1.0,3352.66493,True,
LOCAL-v1-q3-exactly10_sources-5092,3,frozen_baseline,10,348.5013468,0.0010689579648897052,10,1.0,3485.013468,True,
LOCAL-v1-q3-exactly10_sources-5093,3,frozen_baseline,10,351.2377059,0.0010463329963386059,10,1.0,3512.377059,True,
LOCAL-v1-q3-exactly10_sources-5094,3,frozen_baseline,10,382.0860657,0.0011093749199062586,10,1.0,3820.860657,True,
LOCAL-v1-q3-exactly10_sources-5095,3,frozen_baseline,10,322.5870367,0.001116375089623034,10,1.0,3225.870367,True,
LOCAL-v1-q3-exactly10_sources-5096,3,frozen_baseline,10,392.9929065,0.0010342500172555447,10,1.0,3929.929065,True,
LOCAL-v1-q3-exactly10_sources-5097,3,frozen_baseline,10,380.25699180000004,0.0010613750200718641,10,1.0,3802.569918,True,
LOCAL-v1-q3-exactly10_sources-5098,3,frozen_baseline,10,347.796915,0.0009656250476837158,10,1.0,3477.96915,True,
LOCAL-v1-q3-exactly10_sources-5099,3,frozen_baseline,10,357.79986399999996,0.0011832080781459808,10,1.0,3577.99864,True,
LOCAL-v1-q3-exactly16_sources-5000,3,frozen_baseline,16,282.9764535625,0.0015517080901190639,16,1.0,4527.623257,True,
LOCAL-v1-q3-exactly16_sources-5001,3,frozen_baseline,16,242.701398875,0.0015724580734968185,16,1.0,3883.222382,True,
LOCAL-v1-q3-exactly16_sources-5002,3,frozen_baseline,16,250.5253479375,0.0013611669419333339,16,1.0,4008.405567,True,
LOCAL-v1-q3-exactly16_sources-5003,3,frozen_baseline,16,240.5984198125,0.0014872089959681034,16,1.0,3849.574717,True,
LOCAL-v1-q3-exactly16_sources-5004,3,frozen_baseline,16,257.30547975,0.0015200000489130616,16,1.0,4116.887676,True,
LOCAL-v1-q3-exactly16_sources-5005,3,frozen_baseline,16,252.6656855,0.001695082988590002,16,1.0,4042.650968,True,
LOCAL-v1-q3-exactly16_sources-5006,3,frozen_baseline,16,279.74379075,0.0015616660239174962,16,1.0,4475.900652,True,
LOCAL-v1-q3-exactly16_sources-5007,3,frozen_baseline,16,249.6440319375,0.0014785840176045895,16,1.0,3994.304511,True,
LOCAL-v1-q3-exactly16_sources-5008,3,frozen_baseline,16,244.2223628125,0.0016134158940985799,16,1.0,3907.557805,True,
LOCAL-v1-q3-exactly16_sources-5009,3,frozen_baseline,16,248.0629074375,0.0014896669890731573,16,1.0,3969.006519,True,
LOCAL-v1-q3-exactly16_sources-5010,3,frozen_baseline,16,259.3008236875,0.0015671250876039267,16,1.0,4148.813179,True,
LOCAL-v1-q3-exactly16_sources-5011,3,frozen_baseline,16,277.23241325,0.0014563750009983778,16,1.0,4435.718612,True,
LOCAL-v1-q3-exactly16_sources-5012,3,frozen_baseline,16,244.56860275,0.0015617499593645334,16,1.0,3913.097644,True,
LOCAL-v1-q3-exactly16_sources-5013,3,frozen_baseline,16,260.721391125,0.001536083989776671,16,1.0,4171.542258,True,
LOCAL-v1-q3-exactly16_sources-5014,3,frozen_baseline,16,250.85045825,0.0015220839995890856,16,1.0,4013.607332,True,
LOCAL-v1-q3-exactly16_sources-5015,3,frozen_baseline,16,267.2309790625,0.001518749981187284,16,1.0,4275.695665,True,
LOCAL-v1-q3-exactly16_sources-5016,3,frozen_baseline,16,256.052974875,0.0015860829735174775,16,1.0,4096.847598,True,
LOCAL-v1-q3-exactly16_sources-5017,3,frozen_baseline,16,256.6807231875,0.0013516659382730722,16,1.0,4106.891571,True,
LOCAL-v1-q3-exactly16_sources-5018,3,frozen_baseline,16,296.99508575,0.0015297499485313892,16,1.0,4751.921372,True,
LOCAL-v1-q3-exactly16_sources-5019,3,frozen_baseline,16,283.2683320625,0.0013631669571623206,16,1.0,4532.293313,True,
LOCAL-v1-q3-exactly16_sources-5020,3,frozen_baseline,16,266.0172461875,0.0014809999847784638,16,1.0,4256.275939,True,
LOCAL-v1-q3-exactly16_sources-5021,3,frozen_baseline,16,272.2531525625,0.0015424999874085188,16,1.0,4356.050441,True,
LOCAL-v1-q3-exactly16_sources-5022,3,frozen_baseline,16,268.70228025,0.0014729590620845556,16,1.0,4299.236484,True,
LOCAL-v1-q3-exactly16_sources-5023,3,frozen_baseline,16,226.11858025,0.0013411249965429306,16,1.0,3617.897284,True,
LOCAL-v1-q3-exactly16_sources-5024,3,frozen_baseline,16,268.9887669375,0.001674833009019494,16,1.0,4303.820271,True,
LOCAL-v1-q3-exactly16_sources-5025,3,frozen_baseline,16,266.0792206875,0.0015412080101668835,16,1.0,4257.267531,True,
LOCAL-v1-q3-exactly16_sources-5026,3,frozen_baseline,16,299.5751114375,0.0016110000433400273,16,1.0,4793.201783,True,
LOCAL-v1-q3-exactly16_sources-5027,3,frozen_baseline,16,232.5955356875,0.0014938750537112355,16,1.0,3721.528571,True,
LOCAL-v1-q3-exactly16_sources-5028,3,frozen_baseline,16,265.441636875,0.0015548750525340438,16,1.0,4247.06619,True,
LOCAL-v1-q3-exactly16_sources-5029,3,frozen_baseline,16,250.7337781875,0.0014832500601187348,16,1.0,4011.740451,True,
LOCAL-v1-q3-exactly16_sources-5030,3,frozen_baseline,16,253.46435675,0.00404608401004225,16,1.0,4055.429708,True,
LOCAL-v1-q3-exactly16_sources-5031,3,frozen_baseline,16,260.85283825,0.001629207981750369,16,1.0,4173.645412,True,
LOCAL-v1-q3-exactly16_sources-5032,3,frozen_baseline,16,288.16257325,0.0017417080234736204,16,1.0,4610.601172,True,
LOCAL-v1-q3-exactly16_sources-5033,3,frozen_baseline,16,249.716264625,0.001402541995048523,16,1.0,3995.460234,True,
LOCAL-v1-q3-exactly16_sources-5034,3,frozen_baseline,16,253.77811075,0.0016302919248118997,16,1.0,4060.449772,True,
LOCAL-v1-q3-exactly16_sources-5035,3,frozen_baseline,16,285.7722114375,0.0015702910022810102,16,1.0,4572.355383,True,
LOCAL-v1-q3-exactly16_sources-5036,3,frozen_baseline,16,241.2167435625,0.001415250007994473,16,1.0,3859.467897,True,
LOCAL-v1-q3-exactly16_sources-5037,3,frozen_baseline,16,241.8761270625,0.0014899999368935823,16,1.0,3870.018033,True,
LOCAL-v1-q3-exactly16_sources-5038,3,frozen_baseline,16,275.48420675,0.0015531660756096244,16,1.0,4407.747308,True,
LOCAL-v1-q3-exactly16_sources-5039,3,frozen_baseline,16,261.104684,0.0014095830265432596,16,1.0,4177.674944,True,
LOCAL-v1-q3-exactly16_sources-5040,3,frozen_baseline,16,279.3794929375,0.0014034999767318368,16,1.0,4470.071887,True,
LOCAL-v1-q3-exactly16_sources-5041,3,frozen_baseline,16,255.053448375,0.001477541052736342,16,1.0,4080.855174,True,
LOCAL-v1-q3-exactly16_sources-5042,3,frozen_baseline,16,259.972884625,0.0015038750134408474,16,1.0,4159.566154,True,
LOCAL-v1-q3-exactly16_sources-5043,3,frozen_baseline,16,248.3639508125,0.001629916951060295,16,1.0,3973.823213,True,
LOCAL-v1-q3-exactly16_sources-5044,3,frozen_baseline,16,235.5035523125,0.0014174580574035645,16,1.0,3768.056837,True,
LOCAL-v1-q3-exactly16_sources-5045,3,frozen_baseline,16,256.9794864375,0.0016624999698251486,16,1.0,4111.671783,True,
LOCAL-v1-q3-exactly16_sources-5046,3,frozen_baseline,16,275.5745915,0.0015152919804677367,16,1.0,4409.193464,True,
LOCAL-v1-q3-exactly16_sources-5047,3,frozen_baseline,16,230.7874636875,0.0014493330381810665,16,1.0,3692.599419,True,
LOCAL-v1-q3-exactly16_sources-5048,3,frozen_baseline,16,251.648514875,0.0015443750889971852,16,1.0,4026.376238,True,
LOCAL-v1-q3-exactly16_sources-5049,3,frozen_baseline,16,257.3075888125,0.0015707920538261533,16,1.0,4116.921421,True,
LOCAL-v1-q3-exactly16_sources-5050,3,frozen_baseline,16,248.2239980625,0.001470666960813105,16,1.0,3971.583969,True,
LOCAL-v1-q3-exactly16_sources-5051,3,frozen_baseline,16,258.601975625,0.0015665000537410378,16,1.0,4137.63161,True,
LOCAL-v1-q3-exactly16_sources-5052,3,frozen_baseline,16,272.8621143125,0.0014835839392617345,16,1.0,4365.793829,True,
LOCAL-v1-q3-exactly16_sources-5053,3,frozen_baseline,16,252.2673453125,0.0013469590339809656,16,1.0,4036.277525,True,
LOCAL-v1-q3-exactly16_sources-5054,3,frozen_baseline,16,262.790193,0.0014185409527271986,16,1.0,4204.643088,True,
LOCAL-v1-q3-exactly16_sources-5055,3,frozen_baseline,16,255.49022775,0.001437583938241005,16,1.0,4087.843644,True,
LOCAL-v1-q3-exactly16_sources-5056,3,frozen_baseline,16,244.18355925,0.001485500019043684,16,1.0,3906.936948,True,
LOCAL-v1-q3-exactly16_sources-5057,3,frozen_baseline,16,251.6540956875,0.0016374168917536736,16,1.0,4026.465531,True,
LOCAL-v1-q3-exactly16_sources-5058,3,frozen_baseline,16,211.573409875,0.0013010420370846987,16,1.0,3385.174558,True,
LOCAL-v1-q3-exactly16_sources-5059,3,frozen_baseline,16,268.419886,0.001430041971616447,16,1.0,4294.718176,True,
LOCAL-v1-q3-exactly16_sources-5060,3,frozen_baseline,16,239.7427771875,0.0014835409820079803,16,1.0,3835.884435,True,
LOCAL-v1-q3-exactly16_sources-5061,3,frozen_baseline,16,297.62277375,0.001495208009146154,16,1.0,4761.96438,True,
LOCAL-v1-q3-exactly16_sources-5062,3,frozen_baseline,16,249.1404301875,0.0013197920052334666,16,1.0,3986.246883,True,
LOCAL-v1-q3-exactly16_sources-5063,3,frozen_baseline,16,259.7369274375,0.0014807910192757845,16,1.0,4155.790839,True,
LOCAL-v1-q3-exactly16_sources-5064,3,frozen_baseline,16,275.726359125,0.0014838749775663018,16,1.0,4411.621746,True,
LOCAL-v1-q3-exactly16_sources-5065,3,frozen_baseline,16,246.4867304375,0.001411916920915246,16,1.0,3943.787687,True,
LOCAL-v1-q3-exactly16_sources-5066,3,frozen_baseline,16,263.5460693125,0.0014001249801367521,16,1.0,4216.737109,True,
LOCAL-v1-q3-exactly16_sources-5067,3,frozen_baseline,16,267.5560099375,0.001662166090682149,16,1.0,4280.896159,True,
LOCAL-v1-q3-exactly16_sources-5068,3,frozen_baseline,16,270.5865595,0.0015390829648822546,16,1.0,4329.384952,True,
LOCAL-v1-q3-exactly16_sources-5069,3,frozen_baseline,16,254.7702769375,0.001532917027361691,16,1.0,4076.324431,True,
LOCAL-v1-q3-exactly16_sources-5070,3,frozen_baseline,16,256.6016313125,0.0015625840751454234,16,1.0,4105.626101,True,
LOCAL-v1-q3-exactly16_sources-5071,3,frozen_baseline,16,279.368518125,0.0015294579789042473,16,1.0,4469.89629,True,
LOCAL-v1-q3-exactly16_sources-5072,3,frozen_baseline,16,238.733980625,0.0014006249839439988,16,1.0,3819.74369,True,
LOCAL-v1-q3-exactly16_sources-5073,3,frozen_baseline,16,309.17354825,0.0016588339349254966,16,1.0,4946.776772,True,
LOCAL-v1-q3-exactly16_sources-5074,3,frozen_baseline,16,240.63327025,0.0015047499909996986,16,1.0,3850.132324,True,
LOCAL-v1-q3-exactly16_sources-5075,3,frozen_baseline,16,271.9668070625,0.001511584036052227,16,1.0,4351.468913,True,
LOCAL-v1-q3-exactly16_sources-5076,3,frozen_baseline,16,221.440714625,0.0014295420842245221,16,1.0,3543.051434,True,
LOCAL-v1-q3-exactly16_sources-5077,3,frozen_baseline,16,255.7308425625,0.0014856249326840043,16,1.0,4091.693481,True,
LOCAL-v1-q3-exactly16_sources-5078,3,frozen_baseline,16,232.2571135625,0.0017016250640153885,16,1.0,3716.113817,True,
LOCAL-v1-q3-exactly16_sources-5079,3,frozen_baseline,16,279.4935595,0.0013652079505845904,16,1.0,4471.896952,True,
LOCAL-v1-q3-exactly16_sources-5080,3,frozen_baseline,16,271.3768011875,0.0015649580163881183,16,1.0,4342.028819,True,
LOCAL-v1-q3-exactly16_sources-5081,3,frozen_baseline,16,239.019877125,0.001447124988771975,16,1.0,3824.318034,True,
LOCAL-v1-q3-exactly16_sources-5082,3,frozen_baseline,16,270.0133695,0.001409459044225514,16,1.0,4320.213912,True,
LOCAL-v1-q3-exactly16_sources-5083,3,frozen_baseline,16,285.2159106875,0.0015449170023202896,16,1.0,4563.454571,True,
LOCAL-v1-q3-exactly16_sources-5084,3,frozen_baseline,16,265.0563035625,0.0015904579777270555,16,1.0,4240.900857,True,
LOCAL-v1-q3-exactly16_sources-5085,3,frozen_baseline,16,244.1722564375,0.0015660839853808284,16,1.0,3906.756103,True,
LOCAL-v1-q3-exactly16_sources-5086,3,frozen_baseline,16,233.769822875,0.0015502499882131815,16,1.0,3740.317166,True,
LOCAL-v1-q3-exactly16_sources-5087,3,frozen_baseline,16,247.68604825,0.001441249973140657,16,1.0,3962.976772,True,
LOCAL-v1-q3-exactly16_sources-5088,3,frozen_baseline,16,226.3097661875,0.0015239580534398556,16,1.0,3620.956259,True,
LOCAL-v1-q3-exactly16_sources-5089,3,frozen_baseline,16,277.4882148125,0.0016002499032765627,16,1.0,4439.811437,True,
LOCAL-v1-q3-exactly16_sources-5090,3,frozen_baseline,16,258.211535875,0.001435499987564981,16,1.0,4131.384574,True,
LOCAL-v1-q3-exactly16_sources-5091,3,frozen_baseline,16,264.8371161875,0.001661792048253119,16,1.0,4237.393859,True,
LOCAL-v1-q3-exactly16_sources-5092,3,frozen_baseline,16,248.4156640625,0.0015104999765753746,16,1.0,3974.650625,True,
LOCAL-v1-q3-exactly16_sources-5093,3,frozen_baseline,16,215.411677625,0.0014651250094175339,16,1.0,3446.586842,True,
LOCAL-v1-q3-exactly16_sources-5094,3,frozen_baseline,16,288.4583174375,0.0015718749491497874,16,1.0,4615.333079,True,
LOCAL-v1-q3-exactly16_sources-5095,3,frozen_baseline,16,258.8160541875,0.0014436660567298532,16,1.0,4141.056867,True,
LOCAL-v1-q3-exactly16_sources-5096,3,frozen_baseline,16,251.396764125,0.00147070805542171,16,1.0,4022.348226,True,
LOCAL-v1-q3-exactly16_sources-5097,3,frozen_baseline,16,234.9973629375,0.0014714589342474937,16,1.0,3759.957807,True,
LOCAL-v1-q3-exactly16_sources-5098,3,frozen_baseline,16,260.62969925,0.0016601660754531622,16,1.0,4170.075188,True,
LOCAL-v1-q3-exactly16_sources-5099,3,frozen_baseline,16,226.016537375,0.0014204580802470446,16,1.0,3616.264598,True,
LOCAL-v1-q4-reference_assumed-5000,4,frozen_baseline,11,599.840063,0.018438333994708955,11,1.0,6598.240693,True,
LOCAL-v1-q4-reference_assumed-5001,4,frozen_baseline,14,544.6526032857143,0.018266209051944315,14,1.0,7625.136446,True,
LOCAL-v1-q4-reference_assumed-5002,4,frozen_baseline,15,468.19097700000003,0.015268833027221262,15,1.0,7022.864655,True,
LOCAL-v1-q4-reference_assumed-5003,4,frozen_baseline,11,619.2687357272727,0.016508334083482623,11,1.0,6811.956093,True,
LOCAL-v1-q4-reference_assumed-5004,4,frozen_baseline,12,528.41223475,0.01703850005287677,12,1.0,6340.946817,True,
LOCAL-v1-q4-reference_assumed-5005,4,frozen_baseline,11,566.3165002727272,0.020051792031154037,11,1.0,6229.481503,True,
LOCAL-v1-q4-reference_assumed-5006,4,frozen_baseline,11,644.458277909091,0.01836674998048693,11,1.0,7089.041057,True,
LOCAL-v1-q4-reference_assumed-5007,4,frozen_baseline,11,623.1219978181817,0.022342000040225685,11,1.0,6854.341976,True,
LOCAL-v1-q4-reference_assumed-5008,4,frozen_baseline,10,814.8688037,0.01946608303114772,10,1.0,8148.688037,True,
LOCAL-v1-q4-reference_assumed-5009,4,frozen_baseline,14,467.51132,0.021798167028464377,14,1.0,6545.15848,True,
LOCAL-v1-q4-reference_assumed-5010,4,frozen_baseline,12,523.51339525,0.01853266602847725,12,1.0,6282.160743,True,
LOCAL-v1-q4-reference_assumed-5011,4,frozen_baseline,15,450.05365873333335,0.01851249998435378,15,1.0,6750.804881,True,
LOCAL-v1-q4-reference_assumed-5012,4,frozen_baseline,10,657.2471982,0.01433529204223305,10,1.0,6572.471982,True,
LOCAL-v1-q4-reference_assumed-5013,4,frozen_baseline,12,583.6623150833333,0.014776000054553151,12,1.0,7003.947781,True,
LOCAL-v1-q4-reference_assumed-5014,4,frozen_baseline,11,632.9041657272727,0.01753504096996039,11,1.0,6961.945823,True,
LOCAL-v1-q4-reference_assumed-5015,4,frozen_baseline,12,545.9013948333334,0.019001250038854778,12,1.0,6550.816738,True,
LOCAL-v1-q4-reference_assumed-5016,4,frozen_baseline,16,401.793748375,0.018768416019156575,16,1.0,6428.699974,True,
LOCAL-v1-q4-reference_assumed-5017,4,frozen_baseline,15,549.6781098666667,0.016641209018416703,15,1.0,8245.171648,True,
LOCAL-v1-q4-reference_assumed-5018,4,frozen_baseline,10,796.2987323,0.016056666965596378,10,1.0,7962.987323,True,
LOCAL-v1-q4-reference_assumed-5019,4,frozen_baseline,11,625.9010803636364,0.017639667028561234,11,1.0,6884.911884,True,
LOCAL-v1-q4-reference_assumed-5020,4,frozen_baseline,16,453.95744875,0.016721374937333167,16,1.0,7263.31918,True,
LOCAL-v1-q4-reference_assumed-5021,4,frozen_baseline,14,528.5917218571428,0.018196374992839992,14,1.0,7400.284106,True,
LOCAL-v1-q4-reference_assumed-5022,4,frozen_baseline,14,550.7124377857143,0.019812875078059733,14,1.0,7709.974129,True,
LOCAL-v1-q4-reference_assumed-5023,4,frozen_baseline,15,411.6532883333333,0.02261095796711743,15,1.0,6174.799325,True,
LOCAL-v1-q4-reference_assumed-5024,4,frozen_baseline,13,489.6105983076923,0.01611949992366135,13,1.0,6364.937778,True,
LOCAL-v1-q4-reference_assumed-5025,4,frozen_baseline,12,620.79194375,0.019788083038292825,12,1.0,7449.503325,True,
LOCAL-v1-q4-reference_assumed-5026,4,frozen_baseline,15,430.5395578,0.01952512504067272,15,1.0,6458.093367,True,
LOCAL-v1-q4-reference_assumed-5027,4,frozen_baseline,11,640.5039158181818,0.018402375048026443,11,1.0,7045.543074,True,
LOCAL-v1-q4-reference_assumed-5028,4,frozen_baseline,10,679.8445515000001,0.01617962506134063,10,1.0,6798.445515,True,
LOCAL-v1-q4-reference_assumed-5029,4,frozen_baseline,11,688.4357184545454,0.016512000001966953,11,1.0,7572.792903,True,
LOCAL-v1-q4-reference_assumed-5030,4,frozen_baseline,12,697.38049625,0.018398915999569,12,1.0,8368.565955,True,
LOCAL-v1-q4-reference_assumed-5031,4,frozen_baseline,15,504.49689086666666,0.01968899997882545,15,1.0,7567.453363,True,
LOCAL-v1-q4-reference_assumed-5032,4,frozen_baseline,11,559.0710585454545,0.01778649992775172,11,1.0,6149.781644,True,
LOCAL-v1-q4-reference_assumed-5033,4,frozen_baseline,14,445.2781163571429,0.019003958092071116,14,1.0,6233.893629,True,
LOCAL-v1-q4-reference_assumed-5034,4,frozen_baseline,16,490.203628625,0.01970945904031396,16,1.0,7843.258058,True,
LOCAL-v1-q4-reference_assumed-5035,4,frozen_baseline,10,704.5816368,0.014826332917436957,10,1.0,7045.816368,True,
LOCAL-v1-q4-reference_assumed-5036,4,frozen_baseline,15,488.2574426,0.015811167075298727,15,1.0,7323.861639,True,
LOCAL-v1-q4-reference_assumed-5037,4,frozen_baseline,15,550.2521052666667,0.02182475000154227,15,1.0,8253.781579,True,
LOCAL-v1-q4-reference_assumed-5038,4,frozen_baseline,16,410.1532484375,0.01911745802499354,16,1.0,6562.451975,True,
LOCAL-v1-q4-reference_assumed-5039,4,frozen_baseline,10,679.9325279,0.01727583399042487,10,1.0,6799.325279,True,
LOCAL-v1-q4-reference_assumed-5040,4,frozen_baseline,15,422.29870300000005,0.017942290985956788,15,1.0,6334.480545,True,
LOCAL-v1-q4-reference_assumed-5041,4,frozen_baseline,15,525.4085812,0.02078533300664276,15,1.0,7881.128718,True,
LOCAL-v1-q4-reference_assumed-5042,4,frozen_baseline,11,603.1172753636364,0.020450124982744455,11,1.0,6634.290029,True,
LOCAL-v1-q4-reference_assumed-5043,4,frozen_baseline,12,580.3268004166667,0.022982334019616246,12,1.0,6963.921605,True,
LOCAL-v1-q4-reference_assumed-5044,4,frozen_baseline,11,683.660791,0.01693241694010794,11,1.0,7520.268701,True,
LOCAL-v1-q4-reference_assumed-5045,4,frozen_baseline,11,569.6669296363636,0.014533833949826658,11,1.0,6266.336226,True,
LOCAL-v1-q4-reference_assumed-5046,4,frozen_baseline,10,650.2828733,0.017248208983801305,10,1.0,6502.828733,True,
LOCAL-v1-q4-reference_assumed-5047,4,frozen_baseline,16,392.92408325,0.02253316598944366,16,1.0,6286.785332,True,
LOCAL-v1-q4-reference_assumed-5048,4,frozen_baseline,12,556.604422,0.015030540991574526,12,1.0,6679.253064,True,
LOCAL-v1-q4-reference_assumed-5049,4,frozen_baseline,10,737.8516804,0.017997249960899353,10,1.0,7378.516804,True,
LOCAL-v1-q4-reference_assumed-5050,4,frozen_baseline,15,469.9882676,0.01988966704811901,15,1.0,7049.824014,True,
LOCAL-v1-q4-reference_assumed-5051,4,frozen_baseline,11,660.1872349090909,0.015321042039431632,11,1.0,7262.059584,True,
LOCAL-v1-q4-reference_assumed-5052,4,frozen_baseline,13,482.30088423076927,0.017699333024211228,13,1.0,6269.911495,True,
LOCAL-v1-q4-reference_assumed-5053,4,frozen_baseline,16,413.3526328125,0.02044970798306167,16,1.0,6613.642125,True,
LOCAL-v1-q4-reference_assumed-5054,4,frozen_baseline,16,420.4218415625,0.02009629097301513,16,1.0,6726.749465,True,
LOCAL-v1-q4-reference_assumed-5055,4,frozen_baseline,12,702.4245598333333,0.01453729101922363,12,1.0,8429.094718,True,
LOCAL-v1-q4-reference_assumed-5056,4,frozen_baseline,13,503.2132043846154,0.01649379206355661,13,1.0,6541.771657,True,
LOCAL-v1-q4-reference_assumed-5057,4,frozen_baseline,13,525.8481337692308,0.01479770801961422,13,1.0,6836.025739,True,
LOCAL-v1-q4-reference_assumed-5058,4,frozen_baseline,14,465.2459070714286,0.017603332991711795,14,1.0,6513.442699,True,
LOCAL-v1-q4-reference_assumed-5059,4,frozen_baseline,12,557.31233075,0.017361875041387975,12,1.0,6687.747969,True,
LOCAL-v1-q4-reference_assumed-5060,4,frozen_baseline,11,627.9468371818182,0.0190348339965567,11,1.0,6907.415209,True,
LOCAL-v1-q4-reference_assumed-5061,4,frozen_baseline,13,589.9307072307693,0.017476166016422212,13,1.0,7669.099194,True,
LOCAL-v1-q4-reference_assumed-5062,4,frozen_baseline,16,620.640057,0.022047500009648502,16,1.0,9930.240912,True,
LOCAL-v1-q4-reference_assumed-5063,4,frozen_baseline,15,450.1722162,0.021765915909782052,15,1.0,6752.583243,True,
LOCAL-v1-q4-reference_assumed-5064,4,frozen_baseline,13,505.61541415384613,0.018317708047106862,13,1.0,6573.000384,True,
LOCAL-v1-q4-reference_assumed-5065,4,frozen_baseline,12,610.00306625,0.017486791010014713,12,1.0,7320.036795,True,
LOCAL-v1-q4-reference_assumed-5066,4,frozen_baseline,10,646.3032812,0.028237959020771086,10,1.0,6463.032812,True,
LOCAL-v1-q4-reference_assumed-5067,4,frozen_baseline,16,437.9762419375,0.021157916984520853,16,1.0,7007.619871,True,
LOCAL-v1-q4-reference_assumed-5068,4,frozen_baseline,13,578.3184062307693,0.019733750028535724,13,1.0,7518.139281,True,
LOCAL-v1-q4-reference_assumed-5069,4,frozen_baseline,14,630.5991988571429,0.019332624971866608,14,1.0,8828.388784,True,
LOCAL-v1-q4-reference_assumed-5070,4,frozen_baseline,12,550.2090033333333,0.016469541005790234,12,1.0,6602.50804,True,
LOCAL-v1-q4-reference_assumed-5071,4,frozen_baseline,12,563.5847838333333,0.01930649997666478,12,1.0,6763.017406,True,
LOCAL-v1-q4-reference_assumed-5072,4,frozen_baseline,15,484.1715461333333,0.014656709041446447,15,1.0,7262.573192,True,
LOCAL-v1-q4-reference_assumed-5073,4,frozen_baseline,10,617.9518816,0.016923957969993353,10,1.0,6179.518816,True,
LOCAL-v1-q4-reference_assumed-5074,4,frozen_baseline,16,421.9096605625,0.021216832916252315,16,1.0,6750.554569,True,
LOCAL-v1-q4-reference_assumed-5075,4,frozen_baseline,15,466.0731638,0.01776150008663535,15,1.0,6991.097457,True,
LOCAL-v1-q4-reference_assumed-5076,4,frozen_baseline,12,563.84831625,0.02210995799396187,12,1.0,6766.179795,True,
LOCAL-v1-q4-reference_assumed-5077,4,frozen_baseline,14,454.91972942857143,0.01751100004184991,14,1.0,6368.876212,True,
LOCAL-v1-q4-reference_assumed-5078,4,frozen_baseline,13,514.8831229230769,0.01900308404583484,13,1.0,6693.480598,True,
LOCAL-v1-q4-reference_assumed-5079,4,frozen_baseline,10,647.5099622,0.014813916990533471,10,1.0,6475.099622,True,
LOCAL-v1-q4-reference_assumed-5080,4,frozen_baseline,10,979.3210047,0.017555750091560185,10,1.0,9793.210047,True,
LOCAL-v1-q4-reference_assumed-5081,4,frozen_baseline,16,472.6885008125,0.018634291016496718,16,1.0,7563.016013,True,
LOCAL-v1-q4-reference_assumed-5082,4,frozen_baseline,13,539.0119212307692,0.016084542032331228,13,1.0,7007.154976,True,
LOCAL-v1-q4-reference_assumed-5083,4,frozen_baseline,13,559.7647041538462,0.020159041974693537,13,1.0,7276.941154,True,
LOCAL-v1-q4-reference_assumed-5084,4,frozen_baseline,14,566.9945386428572,0.018158167018555105,14,1.0,7937.923541,True,
LOCAL-v1-q4-reference_assumed-5085,4,frozen_baseline,15,415.3247566,0.01946258300449699,15,1.0,6229.871349,True,
LOCAL-v1-q4-reference_assumed-5086,4,frozen_baseline,12,622.3148574166667,0.02009062492288649,12,1.0,7467.778289,True,
LOCAL-v1-q4-reference_assumed-5087,4,frozen_baseline,13,549.8845437692308,0.01646816695574671,13,1.0,7148.499069,True,
LOCAL-v1-q4-reference_assumed-5088,4,frozen_baseline,16,493.202377875,0.022151750046759844,16,1.0,7891.238046,True,
LOCAL-v1-q4-reference_assumed-5089,4,frozen_baseline,15,488.364464,0.020537375006824732,15,1.0,7325.46696,True,
LOCAL-v1-q4-reference_assumed-5090,4,frozen_baseline,14,528.205831,0.015339459059759974,14,1.0,7394.881634,True,
LOCAL-v1-q4-reference_assumed-5091,4,frozen_baseline,12,602.5169233333334,0.017115958034992218,12,1.0,7230.20308,True,
LOCAL-v1-q4-reference_assumed-5092,4,frozen_baseline,11,567.3377536363637,0.018419958068989217,11,1.0,6240.71529,True,
LOCAL-v1-q4-reference_assumed-5093,4,frozen_baseline,15,529.2688561333333,0.01614745892584324,15,1.0,7939.032842,True,
LOCAL-v1-q4-reference_assumed-5094,4,frozen_baseline,11,749.1621640000001,0.014868875034153461,11,1.0,8240.783804,True,
LOCAL-v1-q4-reference_assumed-5095,4,frozen_baseline,10,688.0420197000001,0.017050374997779727,10,1.0,6880.420197,True,
LOCAL-v1-q4-reference_assumed-5096,4,frozen_baseline,14,478.8889315714286,0.02098629204556346,14,1.0,6704.445042,True,
LOCAL-v1-q4-reference_assumed-5097,4,frozen_baseline,13,549.2269992307693,0.019490416045300663,13,1.0,7139.95099,True,
LOCAL-v1-q4-reference_assumed-5098,4,frozen_baseline,16,406.7532150625,0.018808042048476636,16,1.0,6508.051441,True,
LOCAL-v1-q4-reference_assumed-5099,4,frozen_baseline,13,643.6463064615384,0.03194787504617125,13,1.0,8367.401984,True,
LOCAL-v1-q4-fixed_positive_bias-5000,4,frozen_baseline,11,647.6169078181819,0.01909429207444191,11,1.0,7123.785986,True,
LOCAL-v1-q4-fixed_positive_bias-5001,4,frozen_baseline,14,542.7024627142857,0.01793950004503131,14,1.0,7597.834478,True,
LOCAL-v1-q4-fixed_positive_bias-5002,4,frozen_baseline,15,494.08834459999997,0.015366000006906688,15,1.0,7411.325169,True,
LOCAL-v1-q4-fixed_positive_bias-5003,4,frozen_baseline,11,619.4778925454546,0.017381625017151237,11,1.0,6814.256818,True,
LOCAL-v1-q4-fixed_positive_bias-5004,4,frozen_baseline,12,521.8527876666667,0.01870337501168251,12,1.0,6262.233452,True,
LOCAL-v1-q4-fixed_positive_bias-5005,4,frozen_baseline,11,563.2058562727273,0.020056374953128397,11,1.0,6195.264419,True,
LOCAL-v1-q4-fixed_positive_bias-5006,4,frozen_baseline,11,630.2910909999999,0.018987625022418797,11,1.0,6933.202001,True,
LOCAL-v1-q4-fixed_positive_bias-5007,4,frozen_baseline,11,612.2778149090909,0.022592458059079945,11,1.0,6735.055964,True,
LOCAL-v1-q4-fixed_positive_bias-5008,4,frozen_baseline,10,1129.3774042,0.019757917034439743,10,1.0,11293.774042,True,
LOCAL-v1-q4-fixed_positive_bias-5009,4,frozen_baseline,14,487.3433439285714,0.019797082990407944,14,1.0,6822.806815,True,
LOCAL-v1-q4-fixed_positive_bias-5010,4,frozen_baseline,12,532.0656696666666,0.01884841697756201,12,1.0,6384.788036,True,
LOCAL-v1-q4-fixed_positive_bias-5011,4,frozen_baseline,15,708.3368226,0.018410707940347493,15,1.0,10625.052339,True,
LOCAL-v1-q4-fixed_positive_bias-5012,4,frozen_baseline,10,645.8885008999999,0.014506959007121623,10,1.0,6458.885009,True,
LOCAL-v1-q4-fixed_positive_bias-5013,4,frozen_baseline,12,790.9957625833334,0.01529579097405076,12,1.0,9491.949151,True,
LOCAL-v1-q4-fixed_positive_bias-5014,4,frozen_baseline,11,613.5659621818181,0.01454670901875943,11,1.0,6749.225584,True,
LOCAL-v1-q4-fixed_positive_bias-5015,4,frozen_baseline,12,536.0859515,0.018915749969892204,12,1.0,6433.031418,True,
LOCAL-v1-q4-fixed_positive_bias-5016,4,frozen_baseline,16,446.4601569375,0.018972583930008113,16,1.0,7143.362511,True,
LOCAL-v1-q4-fixed_positive_bias-5017,4,frozen_baseline,15,530.9082698666666,0.019023542059585452,15,1.0,7963.624048,True,
LOCAL-v1-q4-fixed_positive_bias-5018,4,frozen_baseline,10,736.3295971,0.015974667039699852,10,1.0,7363.295971,True,
LOCAL-v1-q4-fixed_positive_bias-5019,4,frozen_baseline,11,624.5664483636364,0.01787233306095004,11,1.0,6870.230932,True,
LOCAL-v1-q4-fixed_positive_bias-5020,4,frozen_baseline,16,399.8863685625,0.016534707974642515,16,1.0,6398.181897,True,
LOCAL-v1-q4-fixed_positive_bias-5021,4,frozen_baseline,14,924.6566287142857,0.018799958052113652,14,1.0,12945.192802,True,
LOCAL-v1-q4-fixed_positive_bias-5022,4,frozen_baseline,14,584.0761168571429,0.01975750003475696,14,1.0,8177.065636,True,
LOCAL-v1-q4-fixed_positive_bias-5023,4,frozen_baseline,15,512.6932488,0.020683333044871688,15,1.0,7690.398732,True,
LOCAL-v1-q4-fixed_positive_bias-5024,4,frozen_baseline,13,490.2051814615385,0.01623491698410362,13,1.0,6372.667359,True,
LOCAL-v1-q4-fixed_positive_bias-5025,4,frozen_baseline,12,624.0393021666666,0.01951908296905458,12,1.0,7488.471626,True,
LOCAL-v1-q4-fixed_positive_bias-5026,4,frozen_baseline,15,429.4525436,0.01932383410166949,15,1.0,6441.788154,True,
LOCAL-v1-q4-fixed_positive_bias-5027,4,frozen_baseline,11,639.7159478181818,0.018501584068872035,11,1.0,7036.875426,True,
LOCAL-v1-q4-fixed_positive_bias-5028,4,frozen_baseline,10,836.7672725,0.016574041917920113,10,1.0,8367.672725,True,
LOCAL-v1-q4-fixed_positive_bias-5029,4,frozen_baseline,11,624.8147927272728,0.016341333044692874,11,1.0,6872.96272,True,
LOCAL-v1-q4-fixed_positive_bias-5030,4,frozen_baseline,12,593.0133013333333,0.01814583409577608,12,1.0,7116.159616,True,
LOCAL-v1-q4-fixed_positive_bias-5031,4,frozen_baseline,15,553.9802912,0.01975758303888142,15,1.0,8309.704368,True,
LOCAL-v1-q4-fixed_positive_bias-5032,4,frozen_baseline,11,552.6472287272727,0.01800983294378966,11,1.0,6079.119516,True,
LOCAL-v1-q4-fixed_positive_bias-5033,4,frozen_baseline,14,444.8729249285714,0.019012290984392166,14,1.0,6228.220949,True,
LOCAL-v1-q4-fixed_positive_bias-5034,4,frozen_baseline,16,620.8279510625,0.019592124968767166,16,1.0,9933.247217,True,
LOCAL-v1-q4-fixed_positive_bias-5035,4,frozen_baseline,10,734.4142994,0.014969874988310039,10,1.0,7344.142994,True,
LOCAL-v1-q4-fixed_positive_bias-5036,4,frozen_baseline,15,617.7655486,0.01609379192814231,15,1.0,9266.483229,True,
LOCAL-v1-q4-fixed_positive_bias-5037,4,frozen_baseline,15,525.3197255333333,0.02176824992056936,15,1.0,7879.795883,True,
LOCAL-v1-q4-fixed_positive_bias-5038,4,frozen_baseline,16,468.2103924375,0.017994499998167157,16,1.0,7491.366279,True,
LOCAL-v1-q4-fixed_positive_bias-5039,4,frozen_baseline,10,681.6378251,0.016939499997533858,10,1.0,6816.378251,True,
LOCAL-v1-q4-fixed_positive_bias-5040,4,frozen_baseline,15,444.3993570666667,0.018088667071424425,15,1.0,6665.990356,True,
LOCAL-v1-q4-fixed_positive_bias-5041,4,frozen_baseline,15,491.11732986666664,0.020671042031608522,15,1.0,7366.759948,True,
LOCAL-v1-q4-fixed_positive_bias-5042,4,frozen_baseline,11,632.5621387272727,0.018004374927841127,11,1.0,6958.183526,True,
LOCAL-v1-q4-fixed_positive_bias-5043,4,frozen_baseline,12,682.3081060000001,0.023241834016516805,12,1.0,8187.697272,True,
LOCAL-v1-q4-fixed_positive_bias-5044,4,frozen_baseline,11,667.047251,0.016410208074375987,11,1.0,7337.519761,True,
LOCAL-v1-q4-fixed_positive_bias-5045,4,frozen_baseline,11,561.3338449090909,0.016795124975033104,11,1.0,6174.672294,True,
LOCAL-v1-q4-fixed_positive_bias-5046,4,frozen_baseline,10,659.5521474999999,0.017632999923080206,10,1.0,6595.521475,True,
LOCAL-v1-q4-fixed_positive_bias-5047,4,frozen_baseline,16,392.831134875,0.022661249968223274,16,1.0,6285.298158,True,
LOCAL-v1-q4-fixed_positive_bias-5048,4,frozen_baseline,12,563.3455124999999,0.014983124914579093,12,1.0,6760.14615,True,
LOCAL-v1-q4-fixed_positive_bias-5049,4,frozen_baseline,10,794.697583,0.0180172499967739,10,1.0,7946.97583,True,
LOCAL-v1-q4-fixed_positive_bias-5050,4,frozen_baseline,15,425.3074016666667,0.0198904579738155,15,1.0,6379.611025,True,
LOCAL-v1-q4-fixed_positive_bias-5051,4,frozen_baseline,11,675.3437353636364,0.015306834015063941,11,1.0,7428.781089,True,
LOCAL-v1-q4-fixed_positive_bias-5052,4,frozen_baseline,13,479.52855476923077,0.0176612091017887,13,1.0,6233.871212,True,
LOCAL-v1-q4-fixed_positive_bias-5053,4,frozen_baseline,16,437.5307343125,0.019324874971061945,16,1.0,7000.491749,True,
LOCAL-v1-q4-fixed_positive_bias-5054,4,frozen_baseline,16,443.56616225,0.019914250005967915,16,1.0,7097.058596,True,
LOCAL-v1-q4-fixed_positive_bias-5055,4,frozen_baseline,12,810.6356748333333,0.014874375076033175,12,1.0,9727.628098,True,
LOCAL-v1-q4-fixed_positive_bias-5056,4,frozen_baseline,13,503.38562938461536,0.01665950007736683,13,1.0,6544.013182,True,
LOCAL-v1-q4-fixed_positive_bias-5057,4,frozen_baseline,13,527.2936333076923,0.0149972919607535,13,1.0,6854.817233,True,
LOCAL-v1-q4-fixed_positive_bias-5058,4,frozen_baseline,14,511.9337745714286,0.017498582950793207,14,1.0,7167.072844,True,
LOCAL-v1-q4-fixed_positive_bias-5059,4,frozen_baseline,12,548.7392470833333,0.017581291031092405,12,1.0,6584.870965,True,
LOCAL-v1-q4-fixed_positive_bias-5060,4,frozen_baseline,11,634.2150398181818,0.020378791028633714,11,1.0,6976.365438,True,
LOCAL-v1-q4-fixed_positive_bias-5061,4,frozen_baseline,13,926.4691876923077,0.018066916964016855,13,1.0,12044.09944,True,
LOCAL-v1-q4-fixed_positive_bias-5062,4,frozen_baseline,16,625.6494463125,0.02172720804810524,16,1.0,10010.391141,True,
LOCAL-v1-q4-fixed_positive_bias-5063,4,frozen_baseline,15,410.4811517333334,0.021881999913603067,15,1.0,6157.217276,True,
LOCAL-v1-q4-fixed_positive_bias-5064,4,frozen_baseline,13,751.0448660000001,0.018588999984785914,13,1.0,9763.583258,True,
LOCAL-v1-q4-fixed_positive_bias-5065,4,frozen_baseline,12,571.2115994166667,0.014591332990676165,12,1.0,6854.539193,True,
LOCAL-v1-q4-fixed_positive_bias-5066,4,frozen_baseline,10,644.1076773,0.01699320797342807,10,1.0,6441.076773,True,
LOCAL-v1-q4-fixed_positive_bias-5067,4,frozen_baseline,16,438.218049875,0.02055991708766669,16,1.0,7011.488798,True,
LOCAL-v1-q4-fixed_positive_bias-5068,4,frozen_baseline,13,538.0452439230769,0.019589707953855395,13,1.0,6994.588171,True,
LOCAL-v1-q4-fixed_positive_bias-5069,4,frozen_baseline,14,572.5727620714285,0.01965966704301536,14,1.0,8016.018669,True,
LOCAL-v1-q4-fixed_positive_bias-5070,4,frozen_baseline,12,725.7064569166668,0.01683008309919387,12,1.0,8708.477483,True,
LOCAL-v1-q4-fixed_positive_bias-5071,4,frozen_baseline,12,566.0198575833333,0.01988287502899766,12,1.0,6792.238291,True,
LOCAL-v1-q4-fixed_positive_bias-5072,4,frozen_baseline,15,508.87169453333337,0.014803417026996613,15,1.0,7633.075418,True,
LOCAL-v1-q4-fixed_positive_bias-5073,4,frozen_baseline,10,632.7851088,0.018717708997428417,10,1.0,6327.851088,True,
LOCAL-v1-q4-fixed_positive_bias-5074,4,frozen_baseline,16,413.5577559375,0.02069649996701628,16,1.0,6616.924095,True,
LOCAL-v1-q4-fixed_positive_bias-5075,4,frozen_baseline,15,475.63161606666665,0.017531124991364777,15,1.0,7134.474241,True,
LOCAL-v1-q4-fixed_positive_bias-5076,4,frozen_baseline,12,609.6570934166667,0.022587915998883545,12,1.0,7315.885121,True,
LOCAL-v1-q4-fixed_positive_bias-5077,4,frozen_baseline,14,602.6498921428572,0.01864116603974253,14,1.0,8437.09849,True,
LOCAL-v1-q4-fixed_positive_bias-5078,4,frozen_baseline,13,585.8652187692308,0.018045041942968965,13,1.0,7616.247844,True,
LOCAL-v1-q4-fixed_positive_bias-5079,4,frozen_baseline,10,646.9185743,0.014503124984912574,10,1.0,6469.185743,True,
LOCAL-v1-q4-fixed_positive_bias-5080,4,frozen_baseline,10,1082.1817328,0.017472167033702135,10,1.0,10821.817328,True,
LOCAL-v1-q4-fixed_positive_bias-5081,4,frozen_baseline,16,443.798320875,0.018519415985792875,16,1.0,7100.773134,True,
LOCAL-v1-q4-fixed_positive_bias-5082,4,frozen_baseline,13,543.6232526153846,0.016057708067819476,13,1.0,7067.102284,True,
LOCAL-v1-q4-fixed_positive_bias-5083,4,frozen_baseline,13,555.3036930769231,0.020799709018319845,13,1.0,7218.94801,True,
LOCAL-v1-q4-fixed_positive_bias-5084,4,frozen_baseline,14,674.0013511428572,0.018430041964165866,14,1.0,9436.018916,True,
LOCAL-v1-q4-fixed_positive_bias-5085,4,frozen_baseline,15,493.5936676666667,0.01955762493889779,15,1.0,7403.905015,True,
LOCAL-v1-q4-fixed_positive_bias-5086,4,frozen_baseline,12,620.68842175,0.01997708308044821,12,1.0,7448.261061,True,
LOCAL-v1-q4-fixed_positive_bias-5087,4,frozen_baseline,13,650.2793353076923,0.01677520794328302,13,1.0,8453.631359,True,
LOCAL-v1-q4-fixed_positive_bias-5088,4,frozen_baseline,16,624.5527405625,0.022443207912147045,16,1.0,9992.843849,True,
LOCAL-v1-q4-fixed_positive_bias-5089,4,frozen_baseline,15,425.64404773333337,0.02031816600356251,15,1.0,6384.660716,True,
LOCAL-v1-q4-fixed_positive_bias-5090,4,frozen_baseline,14,461.0202609285715,0.015276040998287499,14,1.0,6454.283653,True,
LOCAL-v1-q4-fixed_positive_bias-5091,4,frozen_baseline,12,574.088567,0.01561641599982977,12,1.0,6889.062804,True,
LOCAL-v1-q4-fixed_positive_bias-5092,4,frozen_baseline,11,627.1372672727273,0.01785737497266382,11,1.0,6898.50994,True,
LOCAL-v1-q4-fixed_positive_bias-5093,4,frozen_baseline,15,576.0404438666667,0.016427541966550052,15,1.0,8640.606658,True,
LOCAL-v1-q4-fixed_positive_bias-5094,4,frozen_baseline,11,645.8174089090909,0.015657084062695503,11,1.0,7103.991498,True,
LOCAL-v1-q4-fixed_positive_bias-5095,4,frozen_baseline,10,720.7028253000001,0.018430958036333323,10,1.0,7207.028253,True,
LOCAL-v1-q4-fixed_positive_bias-5096,4,frozen_baseline,14,479.3771062142857,0.02098483289591968,14,1.0,6711.279487,True,
LOCAL-v1-q4-fixed_positive_bias-5097,4,frozen_baseline,13,558.5825705384615,0.019423500052653253,13,1.0,7261.573417,True,
LOCAL-v1-q4-fixed_positive_bias-5098,4,frozen_baseline,16,406.418525625,0.018818457960151136,16,1.0,6502.69641,True,
LOCAL-v1-q4-fixed_positive_bias-5099,4,frozen_baseline,13,915.945009076923,0.018800000078044832,13,1.0,11907.285118,True,
LOCAL-v1-q4-fixed_negative_bias-5000,4,frozen_baseline,11,589.058505,0.01747420895844698,11,1.0,6479.643555,True,
LOCAL-v1-q4-fixed_negative_bias-5001,4,frozen_baseline,14,511.67929478571426,0.018109000055119395,14,1.0,7163.510127,True,
LOCAL-v1-q4-fixed_negative_bias-5002,4,frozen_baseline,15,679.1888988666667,0.015768832992762327,15,1.0,10187.833483,True,
LOCAL-v1-q4-fixed_negative_bias-5003,4,frozen_baseline,11,704.4472073636364,0.01654966699425131,11,1.0,7748.919281,True,
LOCAL-v1-q4-fixed_negative_bias-5004,4,frozen_baseline,12,526.8931501666667,0.016953042009845376,12,1.0,6322.717802,True,
LOCAL-v1-q4-fixed_negative_bias-5005,4,frozen_baseline,11,567.9822741818182,0.020296416943892837,11,1.0,6247.805016,True,
LOCAL-v1-q4-fixed_negative_bias-5006,4,frozen_baseline,11,685.2099520909092,0.017623334075324237,11,1.0,7537.309473,True,
LOCAL-v1-q4-fixed_negative_bias-5007,4,frozen_baseline,11,627.6780271818182,0.022371584083884954,11,1.0,6904.458299,True,
LOCAL-v1-q4-fixed_negative_bias-5008,4,frozen_baseline,10,1165.5486293,0.016483708983287215,10,1.0,11655.486293,True,
LOCAL-v1-q4-fixed_negative_bias-5009,4,frozen_baseline,14,483.5306209285714,0.02316199999768287,14,1.0,6769.428693,True,
LOCAL-v1-q4-fixed_negative_bias-5010,4,frozen_baseline,12,543.1295976666667,0.019655999960377812,12,1.0,6517.555172,True,
LOCAL-v1-q4-fixed_negative_bias-5011,4,frozen_baseline,15,450.08370913333334,0.018394374987110496,15,1.0,6751.255637,True,
LOCAL-v1-q4-fixed_negative_bias-5012,4,frozen_baseline,10,646.5833345,0.014030292048119009,10,1.0,6465.833345,True,
LOCAL-v1-q4-fixed_negative_bias-5013,4,frozen_baseline,12,792.0078305833334,0.015088667045347393,12,1.0,9504.093967,True,
LOCAL-v1-q4-fixed_negative_bias-5014,4,frozen_baseline,11,711.3282204545454,0.017309917020611465,11,1.0,7824.610425,True,
LOCAL-v1-q4-fixed_negative_bias-5015,4,frozen_baseline,12,611.587345,0.019183082971721888,12,1.0,7339.04814,True,
LOCAL-v1-q4-fixed_negative_bias-5016,4,frozen_baseline,16,580.7323528125,0.019066958921030164,16,1.0,9291.717645,True,
LOCAL-v1-q4-fixed_negative_bias-5017,4,frozen_baseline,15,549.2593790666667,0.016072208061814308,15,1.0,8238.890686,True,
LOCAL-v1-q4-fixed_negative_bias-5018,4,frozen_baseline,10,828.1226027,0.015788999968208373,10,1.0,8281.226027,True,
LOCAL-v1-q4-fixed_negative_bias-5019,4,frozen_baseline,11,627.0197687272728,0.017883875058032572,11,1.0,6897.217456,True,
LOCAL-v1-q4-fixed_negative_bias-5020,4,frozen_baseline,16,451.0733735,0.01673375000245869,16,1.0,7217.173976,True,
LOCAL-v1-q4-fixed_negative_bias-5021,4,frozen_baseline,14,681.2106804285714,0.018346625030972064,14,1.0,9536.949526,True,
LOCAL-v1-q4-fixed_negative_bias-5022,4,frozen_baseline,14,519.2095646428571,0.019859583000652492,14,1.0,7268.933905,True,
LOCAL-v1-q4-fixed_negative_bias-5023,4,frozen_baseline,15,439.2349704,0.02234995795879513,15,1.0,6588.524556,True,
LOCAL-v1-q4-fixed_negative_bias-5024,4,frozen_baseline,13,491.24200292307694,0.0207147499313578,13,1.0,6386.146038,True,
LOCAL-v1-q4-fixed_negative_bias-5025,4,frozen_baseline,12,701.03120075,0.020311750005930662,12,1.0,8412.374409,True,
LOCAL-v1-q4-fixed_negative_bias-5026,4,frozen_baseline,15,427.69582453333334,0.019231832935474813,15,1.0,6415.437368,True,
LOCAL-v1-q4-fixed_negative_bias-5027,4,frozen_baseline,11,596.9314119090909,0.01835704199038446,11,1.0,6566.245531,True,
LOCAL-v1-q4-fixed_negative_bias-5028,4,frozen_baseline,10,678.0861963,0.016175208031199872,10,1.0,6780.861963,True,
LOCAL-v1-q4-fixed_negative_bias-5029,4,frozen_baseline,11,686.5556814545454,0.01630712498445064,11,1.0,7552.112496,True,
LOCAL-v1-q4-fixed_negative_bias-5030,4,frozen_baseline,12,586.47021375,0.018071874976158142,12,1.0,7037.642565,True,
LOCAL-v1-q4-fixed_negative_bias-5031,4,frozen_baseline,15,616.6483928,0.01976616692263633,15,1.0,9249.725892,True,
LOCAL-v1-q4-fixed_negative_bias-5032,4,frozen_baseline,11,563.0845437272727,0.017932833055965602,11,1.0,6193.929981,True,
LOCAL-v1-q4-fixed_negative_bias-5033,4,frozen_baseline,14,444.78832300000005,0.018976000021211803,14,1.0,6227.036522,True,
LOCAL-v1-q4-fixed_negative_bias-5034,4,frozen_baseline,16,514.235946,0.020245124935172498,16,1.0,8227.775136,True,
LOCAL-v1-q4-fixed_negative_bias-5035,4,frozen_baseline,10,724.0912469,0.014883624971844256,10,1.0,7240.912469,True,
LOCAL-v1-q4-fixed_negative_bias-5036,4,frozen_baseline,15,674.3400660666666,0.018847958999685943,15,1.0,10115.100991,True,
LOCAL-v1-q4-fixed_negative_bias-5037,4,frozen_baseline,15,534.9479900666666,0.021686874912120402,15,1.0,8024.219851,True,
LOCAL-v1-q4-fixed_negative_bias-5038,4,frozen_baseline,16,412.61597625,0.019662125036120415,16,1.0,6601.85562,True,
LOCAL-v1-q4-fixed_negative_bias-5039,4,frozen_baseline,10,669.5096688,0.01729437499307096,10,1.0,6695.096688,True,
LOCAL-v1-q4-fixed_negative_bias-5040,4,frozen_baseline,15,509.2199344666667,0.018044707947410643,15,1.0,7638.299017,True,
LOCAL-v1-q4-fixed_negative_bias-5041,4,frozen_baseline,15,567.2896316,0.020834375056438148,15,1.0,8509.344474,True,
LOCAL-v1-q4-fixed_negative_bias-5042,4,frozen_baseline,11,603.7995746363636,0.020882457960397005,11,1.0,6641.795321,True,
LOCAL-v1-q4-fixed_negative_bias-5043,4,frozen_baseline,12,585.79479625,0.017990750027820468,12,1.0,7029.537555,True,
LOCAL-v1-q4-fixed_negative_bias-5044,4,frozen_baseline,11,670.1922345454545,0.016827541054226458,11,1.0,7372.11458,True,
LOCAL-v1-q4-fixed_negative_bias-5045,4,frozen_baseline,11,568.3526575454545,0.014723500004038215,11,1.0,6251.879233,True,
LOCAL-v1-q4-fixed_negative_bias-5046,4,frozen_baseline,10,689.5226857,0.01748316700104624,10,1.0,6895.226857,True,
LOCAL-v1-q4-fixed_negative_bias-5047,4,frozen_baseline,16,396.7250470625,0.022528417059220374,16,1.0,6347.600753,True,
LOCAL-v1-q4-fixed_negative_bias-5048,4,frozen_baseline,12,553.6030783333333,0.015007375041022897,12,1.0,6643.23694,True,
LOCAL-v1-q4-fixed_negative_bias-5049,4,frozen_baseline,10,747.3393692,0.01805154199246317,10,1.0,7473.393692,True,
LOCAL-v1-q4-fixed_negative_bias-5050,4,frozen_baseline,15,455.24582826666665,0.019817541004158556,15,1.0,6828.687424,True,
LOCAL-v1-q4-fixed_negative_bias-5051,4,frozen_baseline,11,648.8854154545454,0.015083499951288104,11,1.0,7137.73957,True,
LOCAL-v1-q4-fixed_negative_bias-5052,4,frozen_baseline,13,477.59462853846156,0.019385374966077507,13,1.0,6208.730171,True,
LOCAL-v1-q4-fixed_negative_bias-5053,4,frozen_baseline,16,414.053706125,0.019274125108495355,16,1.0,6624.859298,True,
LOCAL-v1-q4-fixed_negative_bias-5054,4,frozen_baseline,16,462.130568375,0.02002620801795274,16,1.0,7394.089094,True,
LOCAL-v1-q4-fixed_negative_bias-5055,4,frozen_baseline,12,682.6392804166667,0.014459499972872436,12,1.0,8191.671365,True,
LOCAL-v1-q4-fixed_negative_bias-5056,4,frozen_baseline,13,550.5512329230769,0.016855333000421524,13,1.0,7157.166028,True,
LOCAL-v1-q4-fixed_negative_bias-5057,4,frozen_baseline,13,567.3204687692307,0.014820792013779283,13,1.0,7375.166094,True,
LOCAL-v1-q4-fixed_negative_bias-5058,4,frozen_baseline,14,450.38405471428575,0.0175629579462111,14,1.0,6305.376766,True,
LOCAL-v1-q4-fixed_negative_bias-5059,4,frozen_baseline,12,555.3578612499999,0.01752524997573346,12,1.0,6664.294335,True,
LOCAL-v1-q4-fixed_negative_bias-5060,4,frozen_baseline,11,621.4556278181818,0.019273792044259608,11,1.0,6836.011906,True,
LOCAL-v1-q4-fixed_negative_bias-5061,4,frozen_baseline,13,627.4416023846154,0.017589249997399747,13,1.0,8156.740831,True,
LOCAL-v1-q4-fixed_negative_bias-5062,4,frozen_baseline,16,434.3491895625,0.02137495798524469,16,1.0,6949.587033,True,
LOCAL-v1-q4-fixed_negative_bias-5063,4,frozen_baseline,15,437.6076167333333,0.021620208048261702,15,1.0,6564.114251,True,
LOCAL-v1-q4-fixed_negative_bias-5064,4,frozen_baseline,13,506.2184936923077,0.01814037503208965,13,1.0,6580.840418,True,
LOCAL-v1-q4-fixed_negative_bias-5065,4,frozen_baseline,12,607.8007285,0.01745062496047467,12,1.0,7293.608742,True,
LOCAL-v1-q4-fixed_negative_bias-5066,4,frozen_baseline,10,747.1216868,0.018536707968451083,10,1.0,7471.216868,True,
LOCAL-v1-q4-fixed_negative_bias-5067,4,frozen_baseline,16,729.784585625,0.021605749963782728,16,1.0,11676.55337,True,
LOCAL-v1-q4-fixed_negative_bias-5068,4,frozen_baseline,13,538.1235741538462,0.019365457934327424,13,1.0,6995.606464,True,
LOCAL-v1-q4-fixed_negative_bias-5069,4,frozen_baseline,14,712.1535180714285,0.02032795804552734,14,1.0,9970.149253,True,
LOCAL-v1-q4-fixed_negative_bias-5070,4,frozen_baseline,12,553.0574929166667,0.016375042032450438,12,1.0,6636.689915,True,
LOCAL-v1-q4-fixed_negative_bias-5071,4,frozen_baseline,12,564.0855236666666,0.01970549998804927,12,1.0,6769.026284,True,
LOCAL-v1-q4-fixed_negative_bias-5072,4,frozen_baseline,15,490.53876606666665,0.014773165923543274,15,1.0,7358.081491,True,
LOCAL-v1-q4-fixed_negative_bias-5073,4,frozen_baseline,10,617.1340616,0.0169592919992283,10,1.0,6171.340616,True,
LOCAL-v1-q4-fixed_negative_bias-5074,4,frozen_baseline,16,426.648762875,0.021177042042836547,16,1.0,6826.380206,True,
LOCAL-v1-q4-fixed_negative_bias-5075,4,frozen_baseline,15,455.53086406666665,0.017609457951039076,15,1.0,6832.962961,True,
LOCAL-v1-q4-fixed_negative_bias-5076,4,frozen_baseline,12,613.6562650833333,0.02244941599201411,12,1.0,7363.875181,True,
LOCAL-v1-q4-fixed_negative_bias-5077,4,frozen_baseline,14,456.3684713571429,0.018538624979555607,14,1.0,6389.158599,True,
LOCAL-v1-q4-fixed_negative_bias-5078,4,frozen_baseline,13,492.8813653846154,0.018971540965139866,13,1.0,6407.45775,True,
LOCAL-v1-q4-fixed_negative_bias-5079,4,frozen_baseline,10,646.6172572,0.014390707947313786,10,1.0,6466.172572,True,
LOCAL-v1-q4-fixed_negative_bias-5080,4,frozen_baseline,10,690.8661356,0.017050875001586974,10,1.0,6908.661356,True,
LOCAL-v1-q4-fixed_negative_bias-5081,4,frozen_baseline,16,424.2398670625,0.020301374956034124,16,1.0,6787.837873,True,
LOCAL-v1-q4-fixed_negative_bias-5082,4,frozen_baseline,13,555.320648076923,0.01607724989298731,13,1.0,7219.168425,True,
LOCAL-v1-q4-fixed_negative_bias-5083,4,frozen_baseline,13,548.6758080000001,0.02040287503041327,13,1.0,7132.785504,True,
LOCAL-v1-q4-fixed_negative_bias-5084,4,frozen_baseline,14,516.1414033571428,0.018101499998010695,14,1.0,7225.979647,True,
LOCAL-v1-q4-fixed_negative_bias-5085,4,frozen_baseline,15,452.3813044,0.01932679198216647,15,1.0,6785.719566,True,
LOCAL-v1-q4-fixed_negative_bias-5086,4,frozen_baseline,12,607.54619925,0.021072041941806674,12,1.0,7290.554391,True,
LOCAL-v1-q4-fixed_negative_bias-5087,4,frozen_baseline,13,566.5707281538462,0.016739583108574152,13,1.0,7365.419466,True,
LOCAL-v1-q4-fixed_negative_bias-5088,4,frozen_baseline,16,522.13166975,0.02233649999834597,16,1.0,8354.106716,True,
LOCAL-v1-q4-fixed_negative_bias-5089,4,frozen_baseline,15,410.14592586666663,0.02019779197871685,15,1.0,6152.188888,True,
LOCAL-v1-q4-fixed_negative_bias-5090,4,frozen_baseline,14,462.42273685714287,0.015340083977207541,14,1.0,6473.918316,True,
LOCAL-v1-q4-fixed_negative_bias-5091,4,frozen_baseline,12,641.7299638333333,0.01740995899308473,12,1.0,7700.759566,True,
LOCAL-v1-q4-fixed_negative_bias-5092,4,frozen_baseline,11,578.0343715454545,0.018670208053663373,11,1.0,6358.378087,True,
LOCAL-v1-q4-fixed_negative_bias-5093,4,frozen_baseline,15,562.8253112,0.016340833040885627,15,1.0,8442.379668,True,
LOCAL-v1-q4-fixed_negative_bias-5094,4,frozen_baseline,11,617.4695661818182,0.014664666960015893,11,1.0,6792.165228,True,
LOCAL-v1-q4-fixed_negative_bias-5095,4,frozen_baseline,10,744.6577198,0.014894708059728146,10,1.0,7446.577198,True,
LOCAL-v1-q4-fixed_negative_bias-5096,4,frozen_baseline,14,477.2709842142857,0.021260290988720953,14,1.0,6681.793779,True,
LOCAL-v1-q4-fixed_negative_bias-5097,4,frozen_baseline,13,531.668511923077,0.019663832965306938,13,1.0,6911.690655,True,
LOCAL-v1-q4-fixed_negative_bias-5098,4,frozen_baseline,16,452.1601748125,0.018849332933314145,16,1.0,7234.562797,True,
LOCAL-v1-q4-fixed_negative_bias-5099,4,frozen_baseline,13,683.0487674615384,0.01841195800807327,13,1.0,8879.633977,True,
LOCAL-v1-q4-smooth_shared_field-5000,4,frozen_baseline,11,587.2850775454546,0.018360958085395396,11,1.0,6460.135853,True,
LOCAL-v1-q4-smooth_shared_field-5001,4,frozen_baseline,14,543.0818107857143,0.017978582996875048,14,1.0,7603.145351,True,
LOCAL-v1-q4-smooth_shared_field-5002,4,frozen_baseline,15,460.8092622666666,0.01525695901364088,15,1.0,6912.138934,True,
LOCAL-v1-q4-smooth_shared_field-5003,4,frozen_baseline,11,616.1823596363637,0.016546792001463473,11,1.0,6778.005956,True,
LOCAL-v1-q4-smooth_shared_field-5004,4,frozen_baseline,12,528.06017075,0.01714516698848456,12,1.0,6336.722049,True,
LOCAL-v1-q4-smooth_shared_field-5005,4,frozen_baseline,11,564.0830911818182,0.019942959072068334,11,1.0,6204.914003,True,
LOCAL-v1-q4-smooth_shared_field-5006,4,frozen_baseline,11,619.3685254545454,0.018726667040027678,11,1.0,6813.05378,True,
LOCAL-v1-q4-smooth_shared_field-5007,4,frozen_baseline,11,660.914366909091,0.02078904095105827,11,1.0,7270.058036,True,
LOCAL-v1-q4-smooth_shared_field-5008,4,frozen_baseline,10,985.2355986,0.01945516699925065,10,1.0,9852.355986,True,
LOCAL-v1-q4-smooth_shared_field-5009,4,frozen_baseline,14,464.3392201428572,0.02191520796623081,14,1.0,6500.749082,True,
LOCAL-v1-q4-smooth_shared_field-5010,4,frozen_baseline,12,551.6377502500001,0.01881591696292162,12,1.0,6619.653003,True,
LOCAL-v1-q4-smooth_shared_field-5011,4,frozen_baseline,15,441.49687446666667,0.018289332976564765,15,1.0,6622.453117,True,
LOCAL-v1-q4-smooth_shared_field-5012,4,frozen_baseline,10,648.324535,0.014275999972596765,10,1.0,6483.24535,True,
LOCAL-v1-q4-smooth_shared_field-5013,4,frozen_baseline,12,842.7909224166666,0.014974917052313685,12,1.0,10113.491069,True,
LOCAL-v1-q4-smooth_shared_field-5014,4,frozen_baseline,11,661.7741017272728,0.01753345795441419,11,1.0,7279.515119,True,
LOCAL-v1-q4-smooth_shared_field-5015,4,frozen_baseline,12,524.6810545833333,0.01912525005172938,12,1.0,6296.172655,True,
LOCAL-v1-q4-smooth_shared_field-5016,4,frozen_baseline,16,444.916511625,0.018859541974961758,16,1.0,7118.664186,True,
LOCAL-v1-q4-smooth_shared_field-5017,4,frozen_baseline,15,573.1009838666666,0.016270874999463558,15,1.0,8596.514758,True,
LOCAL-v1-q4-smooth_shared_field-5018,4,frozen_baseline,10,766.5700153,0.015842792112380266,10,1.0,7665.700153,True,
LOCAL-v1-q4-smooth_shared_field-5019,4,frozen_baseline,11,624.9568141818182,0.017929541994817555,11,1.0,6874.524956,True,
LOCAL-v1-q4-smooth_shared_field-5020,4,frozen_baseline,16,466.943210625,0.017002375097945333,16,1.0,7471.09137,True,
LOCAL-v1-q4-smooth_shared_field-5021,4,frozen_baseline,14,681.1068114999999,0.018515167059376836,14,1.0,9535.495361,True,
LOCAL-v1-q4-smooth_shared_field-5022,4,frozen_baseline,14,516.4704898571429,0.019759415998123586,14,1.0,7230.586858,True,
LOCAL-v1-q4-smooth_shared_field-5023,4,frozen_baseline,15,431.4325616,0.022491834009997547,15,1.0,6471.488424,True,
LOCAL-v1-q4-smooth_shared_field-5024,4,frozen_baseline,13,488.9370250769231,0.016119624953716993,13,1.0,6356.181326,True,
LOCAL-v1-q4-smooth_shared_field-5025,4,frozen_baseline,12,611.6755254999999,0.01971383299678564,12,1.0,7340.106306,True,
LOCAL-v1-q4-smooth_shared_field-5026,4,frozen_baseline,15,419.35124693333336,0.019406666979193687,15,1.0,6290.268704,True,
LOCAL-v1-q4-smooth_shared_field-5027,4,frozen_baseline,11,590.071678,0.018328458070755005,11,1.0,6490.788458,True,
LOCAL-v1-q4-smooth_shared_field-5028,4,frozen_baseline,10,919.2742585,0.01633383403532207,10,1.0,9192.742585,True,
LOCAL-v1-q4-smooth_shared_field-5029,4,frozen_baseline,11,942.205562,0.01660016702953726,11,1.0,10364.261182,True,
LOCAL-v1-q4-smooth_shared_field-5030,4,frozen_baseline,12,564.9149076666666,0.018137124949134886,12,1.0,6778.978892,True,
LOCAL-v1-q4-smooth_shared_field-5031,4,frozen_baseline,15,662.0483188,0.02090341702569276,15,1.0,9930.724782,True,
LOCAL-v1-q4-smooth_shared_field-5032,4,frozen_baseline,11,560.1925425454546,0.01815195893868804,11,1.0,6162.117968,True,
LOCAL-v1-q4-smooth_shared_field-5033,4,frozen_baseline,14,446.1255627857143,0.01893904199823737,14,1.0,6245.757879,True,
LOCAL-v1-q4-smooth_shared_field-5034,4,frozen_baseline,16,532.268961625,0.020455416990444064,16,1.0,8516.303386,True,
LOCAL-v1-q4-smooth_shared_field-5035,4,frozen_baseline,10,718.262078,0.01506416592746973,10,1.0,7182.62078,True,
LOCAL-v1-q4-smooth_shared_field-5036,4,frozen_baseline,15,489.43723140000003,0.018018541974015534,15,1.0,7341.558471,True,
LOCAL-v1-q4-smooth_shared_field-5037,4,frozen_baseline,15,526.2698248,0.02190033404622227,15,1.0,7894.047372,True,
LOCAL-v1-q4-smooth_shared_field-5038,4,frozen_baseline,16,410.8043145,0.01926591608207673,16,1.0,6572.869032,True,
LOCAL-v1-q4-smooth_shared_field-5039,4,frozen_baseline,10,666.9911414000001,0.017160457908175886,10,1.0,6669.911414,True,
LOCAL-v1-q4-smooth_shared_field-5040,4,frozen_baseline,15,420.8826269333333,0.018150208052247763,15,1.0,6313.239404,True,
LOCAL-v1-q4-smooth_shared_field-5041,4,frozen_baseline,15,531.6071278666667,0.02088179101701826,15,1.0,7974.106918,True,
LOCAL-v1-q4-smooth_shared_field-5042,4,frozen_baseline,11,626.9501643636363,0.024375499924644828,11,1.0,6896.451808,True,
LOCAL-v1-q4-smooth_shared_field-5043,4,frozen_baseline,12,616.544893,0.01887516595888883,12,1.0,7398.538716,True,
LOCAL-v1-q4-smooth_shared_field-5044,4,frozen_baseline,11,652.6627357272727,0.01660375006031245,11,1.0,7179.290093,True,
LOCAL-v1-q4-smooth_shared_field-5045,4,frozen_baseline,11,571.6027280909092,0.014700958970934153,11,1.0,6287.630009,True,
LOCAL-v1-q4-smooth_shared_field-5046,4,frozen_baseline,10,668.1268823,0.017515874933451414,10,1.0,6681.268823,True,
LOCAL-v1-q4-smooth_shared_field-5047,4,frozen_baseline,16,394.4884258125,0.022665083059109747,16,1.0,6311.814813,True,
LOCAL-v1-q4-smooth_shared_field-5048,4,frozen_baseline,12,554.5937730833333,0.015087791020050645,12,1.0,6655.125277,True,
LOCAL-v1-q4-smooth_shared_field-5049,4,frozen_baseline,10,764.0353592,0.018131874967366457,10,1.0,7640.353592,True,
LOCAL-v1-q4-smooth_shared_field-5050,4,frozen_baseline,15,454.7160254,0.019777124980464578,15,1.0,6820.740381,True,
LOCAL-v1-q4-smooth_shared_field-5051,4,frozen_baseline,11,638.8666811818182,0.015354458009824157,11,1.0,7027.533493,True,
LOCAL-v1-q4-smooth_shared_field-5052,4,frozen_baseline,13,479.04849461538464,0.01772062503732741,13,1.0,6227.63043,True,
LOCAL-v1-q4-smooth_shared_field-5053,4,frozen_baseline,16,413.957733625,0.01949720794800669,16,1.0,6623.323738,True,
LOCAL-v1-q4-smooth_shared_field-5054,4,frozen_baseline,16,634.5434188125,0.02087958308402449,16,1.0,10152.694701,True,
LOCAL-v1-q4-smooth_shared_field-5055,4,frozen_baseline,12,677.77781125,0.014530999935232103,12,1.0,8133.333735,True,
LOCAL-v1-q4-smooth_shared_field-5056,4,frozen_baseline,13,509.92641523076924,0.01657512504607439,13,1.0,6629.043398,True,
LOCAL-v1-q4-smooth_shared_field-5057,4,frozen_baseline,13,514.3694176153847,0.014704624889418483,13,1.0,6686.802429,True,
LOCAL-v1-q4-smooth_shared_field-5058,4,frozen_baseline,14,476.8264875714286,0.017721291980706155,14,1.0,6675.570826,True,
LOCAL-v1-q4-smooth_shared_field-5059,4,frozen_baseline,12,556.12027,0.017966915969736874,12,1.0,6673.44324,True,
LOCAL-v1-q4-smooth_shared_field-5060,4,frozen_baseline,11,628.2402851818182,0.01924058306030929,11,1.0,6910.643137,True,
LOCAL-v1-q4-smooth_shared_field-5061,4,frozen_baseline,13,652.5527607692309,0.01739808393176645,13,1.0,8483.18589,True,
LOCAL-v1-q4-smooth_shared_field-5062,4,frozen_baseline,16,532.51641675,0.021623625070787966,16,1.0,8520.262668,True,
LOCAL-v1-q4-smooth_shared_field-5063,4,frozen_baseline,15,422.0687292,0.02174999995622784,15,1.0,6331.030938,True,
LOCAL-v1-q4-smooth_shared_field-5064,4,frozen_baseline,13,504.3171043846154,0.018287083017639816,13,1.0,6556.122357,True,
LOCAL-v1-q4-smooth_shared_field-5065,4,frozen_baseline,12,632.1799725833333,0.017633749986998737,12,1.0,7586.159671,True,
LOCAL-v1-q4-smooth_shared_field-5066,4,frozen_baseline,10,743.5730599999999,0.017186708049848676,10,1.0,7435.7306,True,
LOCAL-v1-q4-smooth_shared_field-5067,4,frozen_baseline,16,667.214508,0.02110162505414337,16,1.0,10675.432128,True,
LOCAL-v1-q4-smooth_shared_field-5068,4,frozen_baseline,13,523.1063479230769,0.019245750037953258,13,1.0,6800.382523,True,
LOCAL-v1-q4-smooth_shared_field-5069,4,frozen_baseline,14,710.8994553571429,0.020320332958362997,14,1.0,9952.592375,True,
LOCAL-v1-q4-smooth_shared_field-5070,4,frozen_baseline,12,542.485351,0.016432125004939735,12,1.0,6509.824212,True,
LOCAL-v1-q4-smooth_shared_field-5071,4,frozen_baseline,12,564.3303885,0.0197607500012964,12,1.0,6771.964662,True,
LOCAL-v1-q4-smooth_shared_field-5072,4,frozen_baseline,15,489.25915266666664,0.014704375062137842,15,1.0,7338.88729,True,
LOCAL-v1-q4-smooth_shared_field-5073,4,frozen_baseline,10,614.8325374,0.017161124967969954,10,1.0,6148.325374,True,
LOCAL-v1-q4-smooth_shared_field-5074,4,frozen_baseline,16,422.1212171875,0.021000124979764223,16,1.0,6753.939475,True,
LOCAL-v1-q4-smooth_shared_field-5075,4,frozen_baseline,15,445.80142326666663,0.01752387499436736,15,1.0,6687.021349,True,
LOCAL-v1-q4-smooth_shared_field-5076,4,frozen_baseline,12,722.4602423333334,0.022474083001725376,12,1.0,8669.522908,True,
LOCAL-v1-q4-smooth_shared_field-5077,4,frozen_baseline,14,452.11169985714287,0.01855462498497218,14,1.0,6329.563798,True,
LOCAL-v1-q4-smooth_shared_field-5078,4,frozen_baseline,13,618.0905286153846,0.019236332969740033,13,1.0,8035.176872,True,
LOCAL-v1-q4-smooth_shared_field-5079,4,frozen_baseline,10,638.3648565000001,0.014918165979906917,10,1.0,6383.648565,True,
LOCAL-v1-q4-smooth_shared_field-5080,4,frozen_baseline,10,672.4675607,0.017007917049340904,10,1.0,6724.675607,True,
LOCAL-v1-q4-smooth_shared_field-5081,4,frozen_baseline,16,415.8215639375,0.02012208302039653,16,1.0,6653.145023,True,
LOCAL-v1-q4-smooth_shared_field-5082,4,frozen_baseline,13,551.1566178461538,0.016092791920527816,13,1.0,7165.036032,True,
LOCAL-v1-q4-smooth_shared_field-5083,4,frozen_baseline,13,732.977971076923,0.020465957932174206,13,1.0,9528.713624,True,
LOCAL-v1-q4-smooth_shared_field-5084,4,frozen_baseline,14,561.9223804285714,0.018173375050537288,14,1.0,7866.913326,True,
LOCAL-v1-q4-smooth_shared_field-5085,4,frozen_baseline,15,424.3984031333333,0.018468166003003716,15,1.0,6365.976047,True,
LOCAL-v1-q4-smooth_shared_field-5086,4,frozen_baseline,12,644.4926941666666,0.02225866704247892,12,1.0,7733.91233,True,
LOCAL-v1-q4-smooth_shared_field-5087,4,frozen_baseline,13,538.0011936923077,0.01652145804837346,13,1.0,6994.015518,True,
LOCAL-v1-q4-smooth_shared_field-5088,4,frozen_baseline,16,521.754579625,0.0219656660920009,16,1.0,8348.073274,True,
LOCAL-v1-q4-smooth_shared_field-5089,4,frozen_baseline,15,409.77455886666667,0.02028675004839897,15,1.0,6146.618383,True,
LOCAL-v1-q4-smooth_shared_field-5090,4,frozen_baseline,14,463.07508371428577,0.015390999964438379,14,1.0,6483.051172,True,
LOCAL-v1-q4-smooth_shared_field-5091,4,frozen_baseline,12,611.6408854166667,0.017445958103053272,12,1.0,7339.690625,True,
LOCAL-v1-q4-smooth_shared_field-5092,4,frozen_baseline,11,578.8187305454545,0.018133000005036592,11,1.0,6367.006036,True,
LOCAL-v1-q4-smooth_shared_field-5093,4,frozen_baseline,15,552.0793358666667,0.016257832990959287,15,1.0,8281.190038,True,
LOCAL-v1-q4-smooth_shared_field-5094,4,frozen_baseline,11,620.6132731818182,0.014683124958537519,11,1.0,6826.746005,True,
LOCAL-v1-q4-smooth_shared_field-5095,4,frozen_baseline,10,911.7342439,0.016994416946545243,10,1.0,9117.342439,True,
LOCAL-v1-q4-smooth_shared_field-5096,4,frozen_baseline,14,477.94534607142856,0.02085279196035117,14,1.0,6691.234845,True,
LOCAL-v1-q4-smooth_shared_field-5097,4,frozen_baseline,13,544.1760371538462,0.01942049991339445,13,1.0,7074.288483,True,
LOCAL-v1-q4-smooth_shared_field-5098,4,frozen_baseline,16,494.8396441875,0.018915832974016666,16,1.0,7917.434307,True,
LOCAL-v1-q4-smooth_shared_field-5099,4,frozen_baseline,13,664.2783163846154,0.01865108299534768,13,1.0,8635.618113,True,
LOCAL-v1-q4-cell50_shared_field-5000,4,frozen_baseline,11,604.3482687272727,0.018546540988609195,11,1.0,6647.830956,True,
LOCAL-v1-q4-cell50_shared_field-5001,4,frozen_baseline,14,541.6497308571428,0.01814358402043581,14,1.0,7583.096232,True,
LOCAL-v1-q4-cell50_shared_field-5002,4,frozen_baseline,15,511.1764814,0.01531550008803606,15,1.0,7667.647221,True,
LOCAL-v1-q4-cell50_shared_field-5003,4,frozen_baseline,11,617.6353988181818,0.016242708079516888,11,1.0,6793.989387,True,
LOCAL-v1-q4-cell50_shared_field-5004,4,frozen_baseline,12,520.5278074166666,0.018380749970674515,12,1.0,6246.333689,True,
LOCAL-v1-q4-cell50_shared_field-5005,4,frozen_baseline,11,563.8737269090909,0.02045570802874863,11,1.0,6202.610996,True,
LOCAL-v1-q4-cell50_shared_field-5006,4,frozen_baseline,11,743.5668070909092,0.01803779206238687,11,1.0,8179.234878,True,
LOCAL-v1-q4-cell50_shared_field-5007,4,frozen_baseline,11,612.8341861818182,0.022584374994039536,11,1.0,6741.176048,True,
LOCAL-v1-q4-cell50_shared_field-5008,4,frozen_baseline,10,718.0834304,0.01962358399759978,10,1.0,7180.834304,True,
LOCAL-v1-q4-cell50_shared_field-5009,4,frozen_baseline,14,464.71998535714283,0.022060791961848736,14,1.0,6506.079795,True,
LOCAL-v1-q4-cell50_shared_field-5010,4,frozen_baseline,12,531.1773031666667,0.01979150006081909,12,1.0,6374.127638,True,
LOCAL-v1-q4-cell50_shared_field-5011,4,frozen_baseline,15,715.7958465333334,0.018841209006495774,15,1.0,10736.937698,True,
LOCAL-v1-q4-cell50_shared_field-5012,4,frozen_baseline,10,652.4796363,0.014471750007942319,10,1.0,6524.796363,True,
LOCAL-v1-q4-cell50_shared_field-5013,4,frozen_baseline,12,612.6001193333333,0.01487829105462879,12,1.0,7351.201432,True,
LOCAL-v1-q4-cell50_shared_field-5014,4,frozen_baseline,11,612.5008773636364,0.017239791923202574,11,1.0,6737.509651,True,
LOCAL-v1-q4-cell50_shared_field-5015,4,frozen_baseline,12,546.2051511666667,0.01914862496778369,12,1.0,6554.461814,True,
LOCAL-v1-q4-cell50_shared_field-5016,4,frozen_baseline,16,430.4567049375,0.01880437508225441,16,1.0,6887.307279,True,
LOCAL-v1-q4-cell50_shared_field-5017,4,frozen_baseline,15,574.5487486666666,0.016263583092950284,15,1.0,8618.23123,True,
LOCAL-v1-q4-cell50_shared_field-5018,4,frozen_baseline,10,725.4667328,0.015986084006726742,10,1.0,7254.667328,True,
LOCAL-v1-q4-cell50_shared_field-5019,4,frozen_baseline,11,625.9788635454545,0.017854249919764698,11,1.0,6885.767499,True,
LOCAL-v1-q4-cell50_shared_field-5020,4,frozen_baseline,16,438.8621660625,0.017008166993036866,16,1.0,7021.794657,True,
LOCAL-v1-q4-cell50_shared_field-5021,4,frozen_baseline,14,618.6978060714285,0.018519124947488308,14,1.0,8661.769285,True,
LOCAL-v1-q4-cell50_shared_field-5022,4,frozen_baseline,14,586.5506466428571,0.020033375010825694,14,1.0,8211.709053,True,
LOCAL-v1-q4-cell50_shared_field-5023,4,frozen_baseline,15,465.6886880666667,0.02047687501180917,15,1.0,6985.330321,True,
LOCAL-v1-q4-cell50_shared_field-5024,4,frozen_baseline,13,488.75242623076923,0.01600624993443489,13,1.0,6353.781541,True,
LOCAL-v1-q4-cell50_shared_field-5025,4,frozen_baseline,12,610.9026723333333,0.01951979100704193,12,1.0,7330.832068,True,
LOCAL-v1-q4-cell50_shared_field-5026,4,frozen_baseline,15,422.0555864666667,0.01966758305206895,15,1.0,6330.833797,True,
LOCAL-v1-q4-cell50_shared_field-5027,4,frozen_baseline,11,590.4071237272727,0.018108334043063223,11,1.0,6494.478361,True,
LOCAL-v1-q4-cell50_shared_field-5028,4,frozen_baseline,10,679.6411544,0.016248833038844168,10,1.0,6796.411544,True,
LOCAL-v1-q4-cell50_shared_field-5029,4,frozen_baseline,11,766.1139967272727,0.016563667100854218,11,1.0,8427.253964,True,
LOCAL-v1-q4-cell50_shared_field-5030,4,frozen_baseline,12,606.6619221666666,0.01821795804426074,12,1.0,7279.943066,True,
LOCAL-v1-q4-cell50_shared_field-5031,4,frozen_baseline,15,530.4760190000001,0.020104292081668973,15,1.0,7957.140285,True,
LOCAL-v1-q4-cell50_shared_field-5032,4,frozen_baseline,11,553.585993090909,0.017995834001339972,11,1.0,6089.445924,True,
LOCAL-v1-q4-cell50_shared_field-5033,4,frozen_baseline,14,446.3836253571429,0.01919237500987947,14,1.0,6249.370755,True,
LOCAL-v1-q4-cell50_shared_field-5034,4,frozen_baseline,16,515.2782173125,0.020331458072178066,16,1.0,8244.451477,True,
LOCAL-v1-q4-cell50_shared_field-5035,4,frozen_baseline,10,733.3430007,0.014992790995165706,10,1.0,7333.430007,True,
LOCAL-v1-q4-cell50_shared_field-5036,4,frozen_baseline,15,514.4879251333333,0.01819641701877117,15,1.0,7717.318877,True,
LOCAL-v1-q4-cell50_shared_field-5037,4,frozen_baseline,15,497.20595073333334,0.022007749998010695,15,1.0,7458.089261,True,
LOCAL-v1-q4-cell50_shared_field-5038,4,frozen_baseline,16,467.2345816875,0.01824991696048528,16,1.0,7475.753307,True,
LOCAL-v1-q4-cell50_shared_field-5039,4,frozen_baseline,10,680.2447341,0.017404875019565225,10,1.0,6802.447341,True,
LOCAL-v1-q4-cell50_shared_field-5040,4,frozen_baseline,15,428.7294799333333,0.01808933401480317,15,1.0,6430.942199,True,
LOCAL-v1-q4-cell50_shared_field-5041,4,frozen_baseline,15,504.8252174,0.02070337499026209,15,1.0,7572.378261,True,
LOCAL-v1-q4-cell50_shared_field-5042,4,frozen_baseline,11,869.3967358181818,0.01734124997165054,11,1.0,9563.364094,True,
LOCAL-v1-q4-cell50_shared_field-5043,4,frozen_baseline,12,562.9313975833334,0.017962582991458476,12,1.0,6755.176771,True,
LOCAL-v1-q4-cell50_shared_field-5044,4,frozen_baseline,11,662.3189646363636,0.016644792049191892,11,1.0,7285.508611,True,
LOCAL-v1-q4-cell50_shared_field-5045,4,frozen_baseline,11,571.8946372727273,0.014748708112165332,11,1.0,6290.84101,True,
LOCAL-v1-q4-cell50_shared_field-5046,4,frozen_baseline,10,661.8777779,0.01795854198280722,10,1.0,6618.777779,True,
LOCAL-v1-q4-cell50_shared_field-5047,4,frozen_baseline,16,394.3123415625,0.022577333031222224,16,1.0,6308.997465,True,
LOCAL-v1-q4-cell50_shared_field-5048,4,frozen_baseline,12,565.9356354166667,0.015064917039126158,12,1.0,6791.227625,True,
LOCAL-v1-q4-cell50_shared_field-5049,4,frozen_baseline,10,738.9152334,0.018013791064731777,10,1.0,7389.152334,True,
LOCAL-v1-q4-cell50_shared_field-5050,4,frozen_baseline,15,471.29673526666664,0.019802624941803515,15,1.0,7069.451029,True,
LOCAL-v1-q4-cell50_shared_field-5051,4,frozen_baseline,11,632.5333436363636,0.015282833948731422,11,1.0,6957.86678,True,
LOCAL-v1-q4-cell50_shared_field-5052,4,frozen_baseline,13,480.95671223076926,0.019611709052696824,13,1.0,6252.437259,True,
LOCAL-v1-q4-cell50_shared_field-5053,4,frozen_baseline,16,413.4444308125,0.019616374978795648,16,1.0,6615.110893,True,
LOCAL-v1-q4-cell50_shared_field-5054,4,frozen_baseline,16,423.52921875,0.020394708961248398,16,1.0,6776.4675,True,
LOCAL-v1-q4-cell50_shared_field-5055,4,frozen_baseline,12,646.1345244166666,0.014531542081385851,12,1.0,7753.614293,True,
LOCAL-v1-q4-cell50_shared_field-5056,4,frozen_baseline,13,514.9001728461539,0.0164715830469504,13,1.0,6693.702247,True,
LOCAL-v1-q4-cell50_shared_field-5057,4,frozen_baseline,13,513.7073801538462,0.014696207945235074,13,1.0,6678.195942,True,
LOCAL-v1-q4-cell50_shared_field-5058,4,frozen_baseline,14,450.9923749285714,0.017904542037285864,14,1.0,6313.893249,True,
LOCAL-v1-q4-cell50_shared_field-5059,4,frozen_baseline,12,534.5488618333333,0.018429667106829584,12,1.0,6414.586342,True,
LOCAL-v1-q4-cell50_shared_field-5060,4,frozen_baseline,11,633.1513809090909,0.020762374973855913,11,1.0,6964.66519,True,
LOCAL-v1-q4-cell50_shared_field-5061,4,frozen_baseline,13,709.0765662307692,0.017545790993608534,13,1.0,9217.995361,True,
LOCAL-v1-q4-cell50_shared_field-5062,4,frozen_baseline,16,633.2188709375,0.022046083002351224,16,1.0,10131.501935,True,
LOCAL-v1-q4-cell50_shared_field-5063,4,frozen_baseline,15,411.02873246666667,0.021635166951455176,15,1.0,6165.430987,True,
LOCAL-v1-q4-cell50_shared_field-5064,4,frozen_baseline,13,521.4249236153846,0.018297708011232316,13,1.0,6778.524007,True,
LOCAL-v1-q4-cell50_shared_field-5065,4,frozen_baseline,12,621.3949868333333,0.01588900003116578,12,1.0,7456.739842,True,
LOCAL-v1-q4-cell50_shared_field-5066,4,frozen_baseline,10,646.3892019,0.016924792085774243,10,1.0,6463.892019,True,
LOCAL-v1-q4-cell50_shared_field-5067,4,frozen_baseline,16,438.2031735625,0.02078529098071158,16,1.0,7011.250777,True,
LOCAL-v1-q4-cell50_shared_field-5068,4,frozen_baseline,13,554.3052991538461,0.019307791022583842,13,1.0,7205.968889,True,
LOCAL-v1-q4-cell50_shared_field-5069,4,frozen_baseline,14,540.9984721428572,0.020178625010885298,14,1.0,7573.97861,True,
LOCAL-v1-q4-cell50_shared_field-5070,4,frozen_baseline,12,543.2916198333334,0.016674833022989333,12,1.0,6519.499438,True,
LOCAL-v1-q4-cell50_shared_field-5071,4,frozen_baseline,12,563.6255046666666,0.01969066692981869,12,1.0,6763.506056,True,
LOCAL-v1-q4-cell50_shared_field-5072,4,frozen_baseline,15,521.976257,0.014814041904173791,15,1.0,7829.643855,True,
LOCAL-v1-q4-cell50_shared_field-5073,4,frozen_baseline,10,621.0040271,0.01737274997867644,10,1.0,6210.040271,True,
LOCAL-v1-q4-cell50_shared_field-5074,4,frozen_baseline,16,414.0610250625,0.021252249949611723,16,1.0,6624.976401,True,
LOCAL-v1-q4-cell50_shared_field-5075,4,frozen_baseline,15,448.4154791333333,0.017726791091263294,15,1.0,6726.232187,True,
LOCAL-v1-q4-cell50_shared_field-5076,4,frozen_baseline,12,584.2169807500001,0.022700582980178297,12,1.0,7010.603769,True,
LOCAL-v1-q4-cell50_shared_field-5077,4,frozen_baseline,14,561.0806693571428,0.018650416051968932,14,1.0,7855.129371,True,
LOCAL-v1-q4-cell50_shared_field-5078,4,frozen_baseline,13,512.2171202307692,0.018844333011657,13,1.0,6658.822563,True,
LOCAL-v1-q4-cell50_shared_field-5079,4,frozen_baseline,10,646.6934376,0.014420665916986763,10,1.0,6466.934376,True,
LOCAL-v1-q4-cell50_shared_field-5080,4,frozen_baseline,10,943.6374167,0.017199791967868805,10,1.0,9436.374167,True,
LOCAL-v1-q4-cell50_shared_field-5081,4,frozen_baseline,16,460.8826765,0.018809833098202944,16,1.0,7374.122824,True,
LOCAL-v1-q4-cell50_shared_field-5082,4,frozen_baseline,13,537.0607133846154,0.016245209029875696,13,1.0,6981.789274,True,
LOCAL-v1-q4-cell50_shared_field-5083,4,frozen_baseline,13,508.3174240769231,0.020572250010445714,13,1.0,6608.126513,True,
LOCAL-v1-q4-cell50_shared_field-5084,4,frozen_baseline,14,641.697263857143,0.01825891702901572,14,1.0,8983.761694,True,
LOCAL-v1-q4-cell50_shared_field-5085,4,frozen_baseline,15,416.7422158,0.019484209013171494,15,1.0,6251.133237,True,
LOCAL-v1-q4-cell50_shared_field-5086,4,frozen_baseline,12,878.2281761666667,0.022877374896779656,12,1.0,10538.738114,True,
LOCAL-v1-q4-cell50_shared_field-5087,4,frozen_baseline,13,523.5887595384615,0.016725666006095707,13,1.0,6806.653874,True,
LOCAL-v1-q4-cell50_shared_field-5088,4,frozen_baseline,16,648.9630684375,0.02221491700038314,16,1.0,10383.409095,True,
LOCAL-v1-q4-cell50_shared_field-5089,4,frozen_baseline,15,405.7587382666667,0.020109541015699506,15,1.0,6086.381074,True,
LOCAL-v1-q4-cell50_shared_field-5090,4,frozen_baseline,14,461.8008814285714,0.015383084071800113,14,1.0,6465.21234,True,
LOCAL-v1-q4-cell50_shared_field-5091,4,frozen_baseline,12,573.7406110000001,0.015937959076836705,12,1.0,6884.887332,True,
LOCAL-v1-q4-cell50_shared_field-5092,4,frozen_baseline,11,569.6138924545454,0.018814750015735626,11,1.0,6265.752817,True,
LOCAL-v1-q4-cell50_shared_field-5093,4,frozen_baseline,15,568.135729,0.016623832983896136,15,1.0,8522.035935,True,
LOCAL-v1-q4-cell50_shared_field-5094,4,frozen_baseline,11,634.715260909091,0.014814166002906859,11,1.0,6981.86787,True,
LOCAL-v1-q4-cell50_shared_field-5095,4,frozen_baseline,10,720.5779805,0.018255625036545098,10,1.0,7205.779805,True,
LOCAL-v1-q4-cell50_shared_field-5096,4,frozen_baseline,14,479.2077075714286,0.020949792000465095,14,1.0,6708.907906,True,
LOCAL-v1-q4-cell50_shared_field-5097,4,frozen_baseline,13,552.864984,0.019456916954368353,13,1.0,7187.244792,True,
LOCAL-v1-q4-cell50_shared_field-5098,4,frozen_baseline,16,416.890602375,0.019158666022121906,16,1.0,6670.249638,True,
LOCAL-v1-q4-cell50_shared_field-5099,4,frozen_baseline,13,650.5567092307693,0.019026124966330826,13,1.0,8457.23722,True,
LOCAL-v1-q4-cell500_shared_field-5000,4,frozen_baseline,11,585.9050421818182,0.01858262496534735,11,1.0,6444.955464,True,
LOCAL-v1-q4-cell500_shared_field-5001,4,frozen_baseline,14,543.4643184285715,0.018179332953877747,14,1.0,7608.500458,True,
LOCAL-v1-q4-cell500_shared_field-5002,4,frozen_baseline,15,448.5853944,0.015377750038169324,15,1.0,6728.780916,True,
LOCAL-v1-q4-cell500_shared_field-5003,4,frozen_baseline,11,616.440316,0.016413374920375645,11,1.0,6780.843476,True,
LOCAL-v1-q4-cell500_shared_field-5004,4,frozen_baseline,12,523.3238273333333,0.01817983400542289,12,1.0,6279.885928,True,
LOCAL-v1-q4-cell500_shared_field-5005,4,frozen_baseline,11,566.6793182727273,0.020459707942791283,11,1.0,6233.472501,True,
LOCAL-v1-q4-cell500_shared_field-5006,4,frozen_baseline,11,723.1248604545455,0.017928167013451457,11,1.0,7954.373465,True,
LOCAL-v1-q4-cell500_shared_field-5007,4,frozen_baseline,11,613.4991341818181,0.02239375002682209,11,1.0,6748.490476,True,
LOCAL-v1-q4-cell500_shared_field-5008,4,frozen_baseline,10,706.0138018,0.019394875038415194,10,1.0,7060.138018,True,
LOCAL-v1-q4-cell500_shared_field-5009,4,frozen_baseline,14,464.1890697142857,0.021750334068201482,14,1.0,6498.646976,True,
LOCAL-v1-q4-cell500_shared_field-5010,4,frozen_baseline,12,531.6905370833333,0.019552209065295756,12,1.0,6380.286445,True,
LOCAL-v1-q4-cell500_shared_field-5011,4,frozen_baseline,15,449.60753013333334,0.018388292053714395,15,1.0,6744.112952,True,
LOCAL-v1-q4-cell500_shared_field-5012,4,frozen_baseline,10,628.8218801,0.01436845795251429,10,1.0,6288.218801,True,
LOCAL-v1-q4-cell500_shared_field-5013,4,frozen_baseline,12,581.4079363333334,0.015075832954607904,12,1.0,6976.895236,True,
LOCAL-v1-q4-cell500_shared_field-5014,4,frozen_baseline,11,719.3817533636364,0.017509625060483813,11,1.0,7913.199287,True,
LOCAL-v1-q4-cell500_shared_field-5015,4,frozen_baseline,12,525.13307175,0.019186540972441435,12,1.0,6301.596861,True,
LOCAL-v1-q4-cell500_shared_field-5016,4,frozen_baseline,16,408.2884941875,0.019102332997135818,16,1.0,6532.615907,True,
LOCAL-v1-q4-cell500_shared_field-5017,4,frozen_baseline,15,524.9853972,0.01775395800359547,15,1.0,7874.780958,True,
LOCAL-v1-q4-cell500_shared_field-5018,4,frozen_baseline,10,835.8679491999999,0.015875375014729798,10,1.0,8358.679492,True,
LOCAL-v1-q4-cell500_shared_field-5019,4,frozen_baseline,11,628.7466505454545,0.017810208024457097,11,1.0,6916.213156,True,
LOCAL-v1-q4-cell500_shared_field-5020,4,frozen_baseline,16,466.9563771875,0.016728458926081657,16,1.0,7471.302035,True,
LOCAL-v1-q4-cell500_shared_field-5021,4,frozen_baseline,14,834.1593797857142,0.01844149990938604,14,1.0,11678.231317,True,
LOCAL-v1-q4-cell500_shared_field-5022,4,frozen_baseline,14,679.1633935714286,0.015644541941583157,14,1.0,9508.28751,True,
LOCAL-v1-q4-cell500_shared_field-5023,4,frozen_baseline,15,446.32578593333335,0.020856749964877963,15,1.0,6694.886789,True,
LOCAL-v1-q4-cell500_shared_field-5024,4,frozen_baseline,13,488.2027199230769,0.016096333973109722,13,1.0,6346.635359,True,
LOCAL-v1-q4-cell500_shared_field-5025,4,frozen_baseline,12,595.1547314166667,0.0196352080674842,12,1.0,7141.856777,True,
LOCAL-v1-q4-cell500_shared_field-5026,4,frozen_baseline,15,419.64132866666665,0.019442417076788843,15,1.0,6294.61993,True,
LOCAL-v1-q4-cell500_shared_field-5027,4,frozen_baseline,11,637.7639642727273,0.018394167069345713,11,1.0,7015.403607,True,
LOCAL-v1-q4-cell500_shared_field-5028,4,frozen_baseline,10,679.8942989999999,0.016215582960285246,10,1.0,6798.94299,True,
LOCAL-v1-q4-cell500_shared_field-5029,4,frozen_baseline,11,681.9885876363637,0.016562832985073328,11,1.0,7501.874464,True,
LOCAL-v1-q4-cell500_shared_field-5030,4,frozen_baseline,12,564.2133243333334,0.01839329209178686,12,1.0,6770.559892,True,
LOCAL-v1-q4-cell500_shared_field-5031,4,frozen_baseline,15,568.0986792,0.019987332983873785,15,1.0,8521.480188,True,
LOCAL-v1-q4-cell500_shared_field-5032,4,frozen_baseline,11,558.5027721818182,0.018074958003126085,11,1.0,6143.530494,True,
LOCAL-v1-q4-cell500_shared_field-5033,4,frozen_baseline,14,445.8311005714286,0.018826082930900156,14,1.0,6241.635408,True,
LOCAL-v1-q4-cell500_shared_field-5034,4,frozen_baseline,16,557.1638589375,0.018465750035829842,16,1.0,8914.621743,True,
LOCAL-v1-q4-cell500_shared_field-5035,4,frozen_baseline,10,719.8865815,0.014865624951198697,10,1.0,7198.865815,True,
LOCAL-v1-q4-cell500_shared_field-5036,4,frozen_baseline,15,547.4982262666667,0.01817349996417761,15,1.0,8212.473394,True,
LOCAL-v1-q4-cell500_shared_field-5037,4,frozen_baseline,15,488.11138980000004,0.021631999989040196,15,1.0,7321.670847,True,
LOCAL-v1-q4-cell500_shared_field-5038,4,frozen_baseline,16,470.319335375,0.018256874987855554,16,1.0,7525.109366,True,
LOCAL-v1-q4-cell500_shared_field-5039,4,frozen_baseline,10,666.2001325,0.017251917044632137,10,1.0,6662.001325,True,
LOCAL-v1-q4-cell500_shared_field-5040,4,frozen_baseline,15,420.79063226666665,0.01813558302819729,15,1.0,6311.859484,True,
LOCAL-v1-q4-cell500_shared_field-5041,4,frozen_baseline,15,503.37914766666665,0.02108824998140335,15,1.0,7550.687215,True,
LOCAL-v1-q4-cell500_shared_field-5042,4,frozen_baseline,11,620.8050290909091,0.02062945906072855,11,1.0,6828.85532,True,
LOCAL-v1-q4-cell500_shared_field-5043,4,frozen_baseline,12,558.9325725833334,0.01808462501503527,12,1.0,6707.190871,True,
LOCAL-v1-q4-cell500_shared_field-5044,4,frozen_baseline,11,647.6794315454546,0.01655095792375505,11,1.0,7124.473747,True,
LOCAL-v1-q4-cell500_shared_field-5045,4,frozen_baseline,11,571.9524353636364,0.014795999974012375,11,1.0,6291.476789,True,
LOCAL-v1-q4-cell500_shared_field-5046,4,frozen_baseline,10,681.8671529999999,0.017923375009559095,10,1.0,6818.67153,True,
LOCAL-v1-q4-cell500_shared_field-5047,4,frozen_baseline,16,395.0702118125,0.022896665963344276,16,1.0,6321.123389,True,
LOCAL-v1-q4-cell500_shared_field-5048,4,frozen_baseline,12,556.3044052500001,0.015011583920568228,12,1.0,6675.652863,True,
LOCAL-v1-q4-cell500_shared_field-5049,4,frozen_baseline,10,782.374744,0.018268917105160654,10,1.0,7823.74744,True,
LOCAL-v1-q4-cell500_shared_field-5050,4,frozen_baseline,15,501.8063246,0.01995633402839303,15,1.0,7527.094869,True,
LOCAL-v1-q4-cell500_shared_field-5051,4,frozen_baseline,11,632.8627528181819,0.015465250005945563,11,1.0,6961.490281,True,
LOCAL-v1-q4-cell500_shared_field-5052,4,frozen_baseline,13,482.32439369230764,0.019668332999572158,13,1.0,6270.217118,True,
LOCAL-v1-q4-cell500_shared_field-5053,4,frozen_baseline,16,412.5892156875,0.01967683294788003,16,1.0,6601.427451,True,
LOCAL-v1-q4-cell500_shared_field-5054,4,frozen_baseline,16,462.2874409375,0.02060375001747161,16,1.0,7396.599055,True,
LOCAL-v1-q4-cell500_shared_field-5055,4,frozen_baseline,12,685.6568411666667,0.014592583989724517,12,1.0,8227.882094,True,
LOCAL-v1-q4-cell500_shared_field-5056,4,frozen_baseline,13,515.1876965384615,0.01674708304926753,13,1.0,6697.440055,True,
LOCAL-v1-q4-cell500_shared_field-5057,4,frozen_baseline,13,525.4541958461539,0.0149819579673931,13,1.0,6830.904546,True,
LOCAL-v1-q4-cell500_shared_field-5058,4,frozen_baseline,14,450.4672837857143,0.018047082936391234,14,1.0,6306.541973,True,
LOCAL-v1-q4-cell500_shared_field-5059,4,frozen_baseline,12,534.8628915833334,0.018140624975785613,12,1.0,6418.354699,True,
LOCAL-v1-q4-cell500_shared_field-5060,4,frozen_baseline,11,623.4390128181818,0.0206301670987159,11,1.0,6857.829141,True,
LOCAL-v1-q4-cell500_shared_field-5061,4,frozen_baseline,13,690.904049923077,0.017513625090941787,13,1.0,8981.752649,True,
LOCAL-v1-q4-cell500_shared_field-5062,4,frozen_baseline,16,655.10225725,0.021855375031009316,16,1.0,10481.636116,True,
LOCAL-v1-q4-cell500_shared_field-5063,4,frozen_baseline,15,447.66370693333334,0.02213416702579707,15,1.0,6714.955604,True,
LOCAL-v1-q4-cell500_shared_field-5064,4,frozen_baseline,13,505.34508323076926,0.018395125051029027,13,1.0,6569.486082,True,
LOCAL-v1-q4-cell500_shared_field-5065,4,frozen_baseline,12,578.7225680833334,0.01486495800781995,12,1.0,6944.670817,True,
LOCAL-v1-q4-cell500_shared_field-5066,4,frozen_baseline,10,644.8178079,0.01728675002232194,10,1.0,6448.178079,True,
LOCAL-v1-q4-cell500_shared_field-5067,4,frozen_baseline,16,482.601456125,0.021161500015296042,16,1.0,7721.623298,True,
LOCAL-v1-q4-cell500_shared_field-5068,4,frozen_baseline,13,549.8955546923078,0.019586249953135848,13,1.0,7148.642211,True,
LOCAL-v1-q4-cell500_shared_field-5069,4,frozen_baseline,14,708.1589135,0.02025862503796816,14,1.0,9914.224789,True,
LOCAL-v1-q4-cell500_shared_field-5070,4,frozen_baseline,12,553.358307,0.01675179204903543,12,1.0,6640.299684,True,
LOCAL-v1-q4-cell500_shared_field-5071,4,frozen_baseline,12,564.49523475,0.019675874966196716,12,1.0,6773.942817,True,
LOCAL-v1-q4-cell500_shared_field-5072,4,frozen_baseline,15,485.909264,0.014786917017772794,15,1.0,7288.63896,True,
LOCAL-v1-q4-cell500_shared_field-5073,4,frozen_baseline,10,627.3822357,0.017158625065349042,10,1.0,6273.822357,True,
LOCAL-v1-q4-cell500_shared_field-5074,4,frozen_baseline,16,414.368233125,0.021267249947413802,16,1.0,6629.89173,True,
LOCAL-v1-q4-cell500_shared_field-5075,4,frozen_baseline,15,440.6888936666667,0.017722667078487575,15,1.0,6610.333405,True,
LOCAL-v1-q4-cell500_shared_field-5076,4,frozen_baseline,12,572.2078355833333,0.02242179191671312,12,1.0,6866.494027,True,
LOCAL-v1-q4-cell500_shared_field-5077,4,frozen_baseline,14,485.2149827142857,0.019551125005818903,14,1.0,6793.009758,True,
LOCAL-v1-q4-cell500_shared_field-5078,4,frozen_baseline,13,513.7206610769231,0.019183625001460314,13,1.0,6678.368594,True,
LOCAL-v1-q4-cell500_shared_field-5079,4,frozen_baseline,10,647.7839916,0.014775458024814725,10,1.0,6477.839916,True,
LOCAL-v1-q4-cell500_shared_field-5080,4,frozen_baseline,10,898.0093752,0.017319916049018502,10,1.0,8980.093752,True,
LOCAL-v1-q4-cell500_shared_field-5081,4,frozen_baseline,16,445.3970988125,0.018847249913960695,16,1.0,7126.353581,True,
LOCAL-v1-q4-cell500_shared_field-5082,4,frozen_baseline,13,524.7218942307692,0.016233625006861985,13,1.0,6821.384625,True,
LOCAL-v1-q4-cell500_shared_field-5083,4,frozen_baseline,13,570.6683529230769,0.020318415947258472,13,1.0,7418.688588,True,
LOCAL-v1-q4-cell500_shared_field-5084,4,frozen_baseline,14,515.4937297857143,0.01829191599972546,14,1.0,7216.912217,True,
LOCAL-v1-q4-cell500_shared_field-5085,4,frozen_baseline,15,538.5248856000001,0.019626874942332506,15,1.0,8077.873284,True,
LOCAL-v1-q4-cell500_shared_field-5086,4,frozen_baseline,12,680.3354829166666,0.021096166921779513,12,1.0,8164.025795,True,
LOCAL-v1-q4-cell500_shared_field-5087,4,frozen_baseline,13,538.1000013846153,0.01667229097802192,13,1.0,6995.300018,True,
LOCAL-v1-q4-cell500_shared_field-5088,4,frozen_baseline,16,447.155685875,0.022433290956541896,16,1.0,7154.490974,True,
LOCAL-v1-q4-cell500_shared_field-5089,4,frozen_baseline,15,404.1462178666667,0.020343709038570523,15,1.0,6062.193268,True,
LOCAL-v1-q4-cell500_shared_field-5090,4,frozen_baseline,14,463.0179667857143,0.015561833046376705,14,1.0,6482.251535,True,
LOCAL-v1-q4-cell500_shared_field-5091,4,frozen_baseline,12,622.1464915,0.01596987491939217,12,1.0,7465.757898,True,
LOCAL-v1-q4-cell500_shared_field-5092,4,frozen_baseline,11,569.7969081818181,0.018743708031252027,11,1.0,6267.76599,True,
LOCAL-v1-q4-cell500_shared_field-5093,4,frozen_baseline,15,552.0790888666667,0.01649599999655038,15,1.0,8281.186333,True,
LOCAL-v1-q4-cell500_shared_field-5094,4,frozen_baseline,11,632.8792178181818,0.014723374973982573,11,1.0,6961.671396,True,
LOCAL-v1-q4-cell500_shared_field-5095,4,frozen_baseline,10,731.8123760999999,0.017127208062447608,10,1.0,7318.123761,True,
LOCAL-v1-q4-cell500_shared_field-5096,4,frozen_baseline,14,481.0479361428571,0.021039583021774888,14,1.0,6734.671106,True,
LOCAL-v1-q4-cell500_shared_field-5097,4,frozen_baseline,13,544.2036276153847,0.01980866608209908,13,1.0,7074.647159,True,
LOCAL-v1-q4-cell500_shared_field-5098,4,frozen_baseline,16,405.583708125,0.019293957971967757,16,1.0,6489.33933,True,
LOCAL-v1-q4-cell500_shared_field-5099,4,frozen_baseline,13,679.8846238461539,0.01899300003424287,13,1.0,8838.50011,True,
LOCAL-v1-q4-edge_mixed_min_radius-5000,4,frozen_baseline,11,800.9945518181819,0.01786504196934402,11,1.0,8810.94007,True,
LOCAL-v1-q4-edge_mixed_min_radius-5001,4,frozen_baseline,14,741.7835821428571,0.019401292083784938,14,1.0,10384.97015,True,
LOCAL-v1-q4-edge_mixed_min_radius-5002,4,frozen_baseline,15,619.1579435333333,0.018752124975435436,15,1.0,9287.369153,True,
LOCAL-v1-q4-edge_mixed_min_radius-5003,4,frozen_baseline,11,643.8686720000001,0.018230417044833302,11,1.0,7082.555392,True,
LOCAL-v1-q4-edge_mixed_min_radius-5004,4,frozen_baseline,12,546.7765215000001,0.01660783402621746,12,1.0,6561.318258,True,
LOCAL-v1-q4-edge_mixed_min_radius-5005,4,frozen_baseline,11,645.9884263636363,0.016008500009775162,11,1.0,7105.87269,True,
LOCAL-v1-q4-edge_mixed_min_radius-5006,4,frozen_baseline,11,756.5893940000001,0.01785058295354247,11,1.0,8322.483334,True,
LOCAL-v1-q4-edge_mixed_min_radius-5007,4,frozen_baseline,11,725.1561296363636,0.016718042083084583,11,1.0,7976.717426,True,
LOCAL-v1-q4-edge_mixed_min_radius-5008,4,frozen_baseline,10,823.1531074000001,0.014096457976847887,10,1.0,8231.531074,True,
LOCAL-v1-q4-edge_mixed_min_radius-5009,4,frozen_baseline,14,503.36899514285716,0.017647291999310255,14,1.0,7047.165932,True,
LOCAL-v1-q4-edge_mixed_min_radius-5010,4,frozen_baseline,12,531.2379334999999,0.020040499977767467,12,1.0,6374.855202,True,
LOCAL-v1-q4-edge_mixed_min_radius-5011,4,frozen_baseline,15,424.12467399999997,0.02158191695343703,15,1.0,6361.87011,True,
LOCAL-v1-q4-edge_mixed_min_radius-5012,4,frozen_baseline,10,734.469208,0.017916708020493388,10,1.0,7344.69208,True,
LOCAL-v1-q4-edge_mixed_min_radius-5013,4,frozen_baseline,12,595.9616494166667,0.01924041600432247,12,1.0,7151.539793,True,
LOCAL-v1-q4-edge_mixed_min_radius-5014,4,frozen_baseline,11,807.0765850909091,0.015504625043831766,11,1.0,8877.842436,True,
LOCAL-v1-q4-edge_mixed_min_radius-5015,4,frozen_baseline,12,630.5127854166667,0.016265457961708307,12,1.0,7566.153425,True,
LOCAL-v1-q4-edge_mixed_min_radius-5016,4,frozen_baseline,16,493.3497158125,0.017672082991339266,16,1.0,7893.595453,True,
LOCAL-v1-q4-edge_mixed_min_radius-5017,4,frozen_baseline,15,614.576973,0.016781375044956803,15,1.0,9218.654595,True,
LOCAL-v1-q4-edge_mixed_min_radius-5018,4,frozen_baseline,10,773.3594223,0.01527325005736202,10,1.0,7733.594223,True,
LOCAL-v1-q4-edge_mixed_min_radius-5019,4,frozen_baseline,11,582.1932485454546,0.01850920799188316,11,1.0,6404.125734,True,
LOCAL-v1-q4-edge_mixed_min_radius-5020,4,frozen_baseline,16,456.295149375,0.019796582986600697,16,1.0,7300.72239,True,
LOCAL-v1-q4-edge_mixed_min_radius-5021,4,frozen_baseline,14,696.5865047857143,0.01575245801359415,14,1.0,9752.211067,True,
LOCAL-v1-q4-edge_mixed_min_radius-5022,4,frozen_baseline,14,660.9818787857142,0.015776874963194132,14,1.0,9253.746303,True,
LOCAL-v1-q4-edge_mixed_min_radius-5023,4,frozen_baseline,15,499.8048402,0.018860624986700714,15,1.0,7497.072603,True,
LOCAL-v1-q4-edge_mixed_min_radius-5024,4,frozen_baseline,13,607.5583015384616,0.020565208978950977,13,1.0,7898.25792,True,
LOCAL-v1-q4-edge_mixed_min_radius-5025,4,frozen_baseline,12,669.2232211666667,0.018148500006645918,12,1.0,8030.678654,True,
LOCAL-v1-q4-edge_mixed_min_radius-5026,4,frozen_baseline,15,446.9963114,0.022533749928697944,15,1.0,6704.944671,True,
LOCAL-v1-q4-edge_mixed_min_radius-5027,4,frozen_baseline,11,625.966649,0.037231958005577326,11,1.0,6885.633139,True,
LOCAL-v1-q4-edge_mixed_min_radius-5028,4,frozen_baseline,10,651.7642768,0.016199291916564107,10,1.0,6517.642768,True,
LOCAL-v1-q4-edge_mixed_min_radius-5029,4,frozen_baseline,11,696.7846290909091,0.014937250060029328,11,1.0,7664.63092,True,
LOCAL-v1-q4-edge_mixed_min_radius-5030,4,frozen_baseline,12,629.9151009999999,0.017419083043932915,12,1.0,7558.981212,True,
LOCAL-v1-q4-edge_mixed_min_radius-5031,4,frozen_baseline,15,569.0524075333334,0.016565834055654705,15,1.0,8535.786113,True,
LOCAL-v1-q4-edge_mixed_min_radius-5032,4,frozen_baseline,11,613.0974537272728,0.015301709063351154,11,1.0,6744.071991,True,
LOCAL-v1-q4-edge_mixed_min_radius-5033,4,frozen_baseline,14,516.0926977142857,0.018723709043115377,14,1.0,7225.297768,True,
LOCAL-v1-q4-edge_mixed_min_radius-5034,4,frozen_baseline,16,500.2597061875,0.01843495899811387,16,1.0,8004.155299,True,
LOCAL-v1-q4-edge_mixed_min_radius-5035,4,frozen_baseline,10,817.9419769,0.017266749986447394,10,1.0,8179.419769,True,
LOCAL-v1-q4-edge_mixed_min_radius-5036,4,frozen_baseline,15,635.0619801333333,0.016891916980966926,15,1.0,9525.929702,True,
LOCAL-v1-q4-edge_mixed_min_radius-5037,4,frozen_baseline,15,556.7862680666666,0.01997662498615682,15,1.0,8351.794021,True,
LOCAL-v1-q4-edge_mixed_min_radius-5038,4,frozen_baseline,16,450.9218555,0.020757666905410588,16,1.0,7214.749688,True,
LOCAL-v1-q4-edge_mixed_min_radius-5039,4,frozen_baseline,10,830.7216543000001,0.10667270806152374,10,1.0,8307.216543,True,
LOCAL-v1-q4-edge_mixed_min_radius-5040,4,frozen_baseline,15,522.6875454666666,0.03578124998603016,15,1.0,7840.313182,True,
LOCAL-v1-q4-edge_mixed_min_radius-5041,4,frozen_baseline,15,448.7014158666667,0.020956541993655264,15,1.0,6730.521238,True,
LOCAL-v1-q4-edge_mixed_min_radius-5042,4,frozen_baseline,11,801.7764628181817,0.025119249941781163,11,1.0,8819.541091,True,
LOCAL-v1-q4-edge_mixed_min_radius-5043,4,frozen_baseline,12,660.8631981666666,0.02621462498791516,12,1.0,7930.358378,True,
LOCAL-v1-q4-edge_mixed_min_radius-5044,4,frozen_baseline,11,752.9313286363636,0.019157250062562525,11,1.0,8282.244615,True,
LOCAL-v1-q4-edge_mixed_min_radius-5045,4,frozen_baseline,11,575.1879480909091,0.020309458952397108,11,1.0,6327.067429,True,
LOCAL-v1-q4-edge_mixed_min_radius-5046,4,frozen_baseline,10,581.6765141,0.01894558290950954,10,1.0,5816.765141,True,
LOCAL-v1-q4-edge_mixed_min_radius-5047,4,frozen_baseline,16,463.342902875,0.018526625004597008,16,1.0,7413.486446,True,
LOCAL-v1-q4-edge_mixed_min_radius-5048,4,frozen_baseline,12,621.6266174166667,0.017265249975025654,12,1.0,7459.519409,True,
LOCAL-v1-q4-edge_mixed_min_radius-5049,4,frozen_baseline,10,731.2418732,0.015821291017346084,10,1.0,7312.418732,True,
LOCAL-v1-q4-edge_mixed_min_radius-5050,4,frozen_baseline,15,530.8477098,0.01786583394277841,15,1.0,7962.715647,True,
LOCAL-v1-q4-edge_mixed_min_radius-5051,4,frozen_baseline,11,696.9729336363636,0.01583829103037715,11,1.0,7666.70227,True,
LOCAL-v1-q4-edge_mixed_min_radius-5052,4,frozen_baseline,13,583.6490964615384,0.017949874978512526,13,1.0,7587.438254,True,
LOCAL-v1-q4-edge_mixed_min_radius-5053,4,frozen_baseline,16,487.2425694375,0.017010790994390845,16,1.0,7795.881111,True,
LOCAL-v1-q4-edge_mixed_min_radius-5054,4,frozen_baseline,16,470.846790625,0.016490374924615026,16,1.0,7533.54865,True,
LOCAL-v1-q4-edge_mixed_min_radius-5055,4,frozen_baseline,12,957.7293962499999,0.015312999952584505,12,1.0,11492.752755,True,
LOCAL-v1-q4-edge_mixed_min_radius-5056,4,frozen_baseline,13,718.655138,0.015211667050607502,13,1.0,9342.516794,True,
LOCAL-v1-q4-edge_mixed_min_radius-5057,4,frozen_baseline,13,527.1363643846154,0.017989750020205975,13,1.0,6852.772737,True,
LOCAL-v1-q4-edge_mixed_min_radius-5058,4,frozen_baseline,14,461.1900678571429,0.017889040987938643,14,1.0,6456.66095,True,
LOCAL-v1-q4-edge_mixed_min_radius-5059,4,frozen_baseline,12,516.8116130833333,0.01891612506005913,12,1.0,6201.739357,True,
LOCAL-v1-q4-edge_mixed_min_radius-5060,4,frozen_baseline,11,773.7151230909091,0.015482124988920987,11,1.0,8510.866354,True,
LOCAL-v1-q4-edge_mixed_min_radius-5061,4,frozen_baseline,13,641.172594076923,0.018138500046916306,13,1.0,8335.243723,True,
LOCAL-v1-q4-edge_mixed_min_radius-5062,4,frozen_baseline,16,536.562588875,0.01782958407420665,16,1.0,8585.001422,True,
LOCAL-v1-q4-edge_mixed_min_radius-5063,4,frozen_baseline,15,432.0740098,0.022102124989032745,15,1.0,6481.110147,True,
LOCAL-v1-q4-edge_mixed_min_radius-5064,4,frozen_baseline,13,569.2274085384615,0.01592150004580617,13,1.0,7399.956311,True,
LOCAL-v1-q4-edge_mixed_min_radius-5065,4,frozen_baseline,12,688.1574725833334,0.016796041978523135,12,1.0,8257.889671,True,
LOCAL-v1-q4-edge_mixed_min_radius-5066,4,frozen_baseline,10,682.2066262999999,0.014578083995729685,10,1.0,6822.066263,True,
LOCAL-v1-q4-edge_mixed_min_radius-5067,4,frozen_baseline,16,460.1184969375,0.018508457927964628,16,1.0,7361.895951,True,
LOCAL-v1-q4-edge_mixed_min_radius-5068,4,frozen_baseline,13,598.0572683076923,0.018257500021718442,13,1.0,7774.744488,True,
LOCAL-v1-q4-edge_mixed_min_radius-5069,4,frozen_baseline,14,604.0227862857143,0.01640220801346004,14,1.0,8456.319008,True,
LOCAL-v1-q4-edge_mixed_min_radius-5070,4,frozen_baseline,12,624.5591076666666,0.017558875028043985,12,1.0,7494.709292,True,
LOCAL-v1-q4-edge_mixed_min_radius-5071,4,frozen_baseline,12,632.1435775833334,0.018145082984119654,12,1.0,7585.722931,True,
LOCAL-v1-q4-edge_mixed_min_radius-5072,4,frozen_baseline,15,613.4167892666667,0.01687266700901091,15,1.0,9201.251839,True,
LOCAL-v1-q4-edge_mixed_min_radius-5073,4,frozen_baseline,10,649.0608061,0.016973458928987384,10,1.0,6490.608061,True,
LOCAL-v1-q4-edge_mixed_min_radius-5074,4,frozen_baseline,16,518.7777659375,0.018722707987762988,16,1.0,8300.444255,True,
LOCAL-v1-q4-edge_mixed_min_radius-5075,4,frozen_baseline,15,484.69447026666666,0.01959099993109703,15,1.0,7270.417054,True,
LOCAL-v1-q4-edge_mixed_min_radius-5076,4,frozen_baseline,12,707.2136271666667,0.016030166065320373,12,1.0,8486.563526,True,
LOCAL-v1-q4-edge_mixed_min_radius-5077,4,frozen_baseline,14,606.7619192857143,0.018876916961744428,14,1.0,8494.66687,True,
LOCAL-v1-q4-edge_mixed_min_radius-5078,4,frozen_baseline,13,522.4734626923077,0.018758416990749538,13,1.0,6792.155015,True,
LOCAL-v1-q4-edge_mixed_min_radius-5079,4,frozen_baseline,10,641.7253485,0.017491625039838254,10,1.0,6417.253485,True,
LOCAL-v1-q4-edge_mixed_min_radius-5080,4,frozen_baseline,10,920.0944692999999,0.015686708968132734,10,1.0,9200.944693,True,
LOCAL-v1-q4-edge_mixed_min_radius-5081,4,frozen_baseline,16,500.21595125,0.018952458980493248,16,1.0,8003.45522,True,
LOCAL-v1-q4-edge_mixed_min_radius-5082,4,frozen_baseline,13,571.9441683076923,0.015845917048864067,13,1.0,7435.274188,True,
LOCAL-v1-q4-edge_mixed_min_radius-5083,4,frozen_baseline,13,544.4397749999999,0.018384624971076846,13,1.0,7077.717075,True,
LOCAL-v1-q4-edge_mixed_min_radius-5084,4,frozen_baseline,14,731.5232792857142,0.016486290958710015,14,1.0,10241.32591,True,
LOCAL-v1-q4-edge_mixed_min_radius-5085,4,frozen_baseline,15,597.0858439333333,0.017677999916486442,15,1.0,8956.287659,True,
LOCAL-v1-q4-edge_mixed_min_radius-5086,4,frozen_baseline,12,572.1213725,0.01839254202786833,12,1.0,6865.45647,True,
LOCAL-v1-q4-edge_mixed_min_radius-5087,4,frozen_baseline,13,587.4428839999999,0.01701645797584206,13,1.0,7636.757492,True,
LOCAL-v1-q4-edge_mixed_min_radius-5088,4,frozen_baseline,16,530.303966625,0.01870920800138265,16,1.0,8484.863466,True,
LOCAL-v1-q4-edge_mixed_min_radius-5089,4,frozen_baseline,15,509.9996294666667,0.01939795899670571,15,1.0,7649.994442,True,
LOCAL-v1-q4-edge_mixed_min_radius-5090,4,frozen_baseline,14,456.4198455,0.017769958009012043,14,1.0,6389.877837,True,
LOCAL-v1-q4-edge_mixed_min_radius-5091,4,frozen_baseline,12,611.79419325,0.017803208087570965,12,1.0,7341.530319,True,
LOCAL-v1-q4-edge_mixed_min_radius-5092,4,frozen_baseline,11,674.1511655454545,0.017936167074367404,11,1.0,7415.662821,True,
LOCAL-v1-q4-edge_mixed_min_radius-5093,4,frozen_baseline,15,516.2685904,0.017110374988988042,15,1.0,7744.028856,True,
LOCAL-v1-q4-edge_mixed_min_radius-5094,4,frozen_baseline,11,789.0822054545454,0.01614412502385676,11,1.0,8679.90426,True,
LOCAL-v1-q4-edge_mixed_min_radius-5095,4,frozen_baseline,10,830.7679340000001,0.016358666005544364,10,1.0,8307.67934,True,
LOCAL-v1-q4-edge_mixed_min_radius-5096,4,frozen_baseline,14,496.5496021428571,0.01939687505364418,14,1.0,6951.69443,True,
LOCAL-v1-q4-edge_mixed_min_radius-5097,4,frozen_baseline,13,569.7907702307692,0.019007417024113238,13,1.0,7407.280013,True,
LOCAL-v1-q4-edge_mixed_min_radius-5098,4,frozen_baseline,16,463.4137238125,0.02154641703236848,16,1.0,7414.619581,True,
LOCAL-v1-q4-edge_mixed_min_radius-5099,4,frozen_baseline,13,676.7586714615385,0.01909816695842892,13,1.0,8797.862729,True,
LOCAL-v1-q4-offcenter_cluster-5000,4,frozen_baseline,11,608.3898793636364,0.0203071249416098,11,1.0,6692.288673,True,
LOCAL-v1-q4-offcenter_cluster-5001,4,frozen_baseline,14,477.4067654285714,0.027697165962308645,14,1.0,6683.694716,True,
LOCAL-v1-q4-offcenter_cluster-5002,4,frozen_baseline,15,575.3825288,0.025479790987446904,15,1.0,8630.737932,True,
LOCAL-v1-q4-offcenter_cluster-5003,4,frozen_baseline,11,604.7105114545454,0.02116008405573666,11,1.0,6651.815626,True,
LOCAL-v1-q4-offcenter_cluster-5004,4,frozen_baseline,12,551.1587425,0.023922624997794628,12,1.0,6613.90491,True,
LOCAL-v1-q4-offcenter_cluster-5005,4,frozen_baseline,11,655.7799437272727,0.024471874930895865,11,1.0,7213.579381,True,
LOCAL-v1-q4-offcenter_cluster-5006,4,frozen_baseline,11,512.4370224545454,0.02391391701530665,11,1.0,5636.807247,True,
LOCAL-v1-q4-offcenter_cluster-5007,4,frozen_baseline,11,719.3032911818182,0.02305241592694074,11,1.0,7912.336203,True,
LOCAL-v1-q4-offcenter_cluster-5008,4,frozen_baseline,10,639.1852986,0.017989124986343086,10,1.0,6391.852986,True,
LOCAL-v1-q4-offcenter_cluster-5009,4,frozen_baseline,14,488.3169348571428,0.026456500054337084,14,1.0,6836.437088,True,
LOCAL-v1-q4-offcenter_cluster-5010,4,frozen_baseline,12,558.5167975,0.021694332943297923,12,1.0,6702.20157,True,
LOCAL-v1-q4-offcenter_cluster-5011,4,frozen_baseline,15,466.68319553333333,0.024467999930493534,15,1.0,7000.247933,True,
LOCAL-v1-q4-offcenter_cluster-5012,4,frozen_baseline,10,582.6280273,0.01445883302949369,10,1.0,5826.280273,True,
LOCAL-v1-q4-offcenter_cluster-5013,4,frozen_baseline,12,566.3354146666667,0.02296191593632102,12,1.0,6796.024976,True,
LOCAL-v1-q4-offcenter_cluster-5014,4,frozen_baseline,11,657.0165850909091,0.02349649998359382,11,1.0,7227.182436,True,
LOCAL-v1-q4-offcenter_cluster-5015,4,frozen_baseline,12,608.3057304166667,0.01763604104053229,12,1.0,7299.668765,True,
LOCAL-v1-q4-offcenter_cluster-5016,4,frozen_baseline,16,207.3941174375,0.02308974997140467,16,1.0,3318.305879,True,
LOCAL-v1-q4-offcenter_cluster-5017,4,frozen_baseline,15,538.5253830666667,0.03529891592916101,15,1.0,8077.880746,True,
LOCAL-v1-q4-offcenter_cluster-5018,4,frozen_baseline,10,701.7711778,0.01856704195961356,10,1.0,7017.711778,True,
LOCAL-v1-q4-offcenter_cluster-5019,4,frozen_baseline,11,556.6054609090909,0.0209031670819968,11,1.0,6122.66007,True,
LOCAL-v1-q4-offcenter_cluster-5020,4,frozen_baseline,16,405.860481125,0.033641125075519085,16,1.0,6493.767698,True,
LOCAL-v1-q4-offcenter_cluster-5021,4,frozen_baseline,14,484.75892135714287,0.023354416945949197,14,1.0,6786.624899,True,
LOCAL-v1-q4-offcenter_cluster-5022,4,frozen_baseline,14,428.0699132857143,0.025058874976821244,14,1.0,5992.978786,True,
LOCAL-v1-q4-offcenter_cluster-5023,4,frozen_baseline,15,436.58336146666664,0.02832191705238074,15,1.0,6548.750422,True,
LOCAL-v1-q4-offcenter_cluster-5024,4,frozen_baseline,13,506.9912261538462,0.026036832947283983,13,1.0,6590.88594,True,
LOCAL-v1-q4-offcenter_cluster-5025,4,frozen_baseline,12,478.59655191666667,0.014480625046417117,12,1.0,5743.158623,True,
LOCAL-v1-q4-offcenter_cluster-5026,4,frozen_baseline,15,359.1409542,0.026801333064213395,15,1.0,5387.114313,True,
LOCAL-v1-q4-offcenter_cluster-5027,4,frozen_baseline,11,546.7039301818181,0.020644792006351054,11,1.0,6013.743232,True,
LOCAL-v1-q4-offcenter_cluster-5028,4,frozen_baseline,10,665.7523448,0.018778958008624613,10,1.0,6657.523448,True,
LOCAL-v1-q4-offcenter_cluster-5029,4,frozen_baseline,11,701.6272496363637,0.020900000003166497,11,1.0,7717.899746,True,
LOCAL-v1-q4-offcenter_cluster-5030,4,frozen_baseline,12,532.27137325,0.02074429194908589,12,1.0,6387.256479,True,
LOCAL-v1-q4-offcenter_cluster-5031,4,frozen_baseline,15,418.78035386666664,0.026339708012528718,15,1.0,6281.705308,True,
LOCAL-v1-q4-offcenter_cluster-5032,4,frozen_baseline,11,510.4861214545454,0.02075820800382644,11,1.0,5615.347336,True,
LOCAL-v1-q4-offcenter_cluster-5033,4,frozen_baseline,14,376.90750157142855,0.027097165933810174,14,1.0,5276.705022,True,
LOCAL-v1-q4-offcenter_cluster-5034,4,frozen_baseline,16,437.8629905625,0.026270541013218462,16,1.0,7005.807849,True,
LOCAL-v1-q4-offcenter_cluster-5035,4,frozen_baseline,10,703.137656,0.022924917051568627,10,1.0,7031.37656,True,
LOCAL-v1-q4-offcenter_cluster-5036,4,frozen_baseline,15,490.3566527333333,0.02455233410000801,15,1.0,7355.349791,True,
LOCAL-v1-q4-offcenter_cluster-5037,4,frozen_baseline,15,484.947738,0.027984665939584374,15,1.0,7274.21607,True,
LOCAL-v1-q4-offcenter_cluster-5038,4,frozen_baseline,16,390.30105775,0.029664292000234127,16,1.0,6244.816924,True,
LOCAL-v1-q4-offcenter_cluster-5039,4,frozen_baseline,10,588.0014162,0.019609875045716763,10,1.0,5880.014162,True,
LOCAL-v1-q4-offcenter_cluster-5040,4,frozen_baseline,15,421.9084766,0.03298145905137062,15,1.0,6328.627149,True,
LOCAL-v1-q4-offcenter_cluster-5041,4,frozen_baseline,15,366.29704713333336,0.02390858402941376,15,1.0,5494.455707,True,
LOCAL-v1-q4-offcenter_cluster-5042,4,frozen_baseline,11,632.7542644545455,0.025666625006124377,11,1.0,6960.296909,True,
LOCAL-v1-q4-offcenter_cluster-5043,4,frozen_baseline,12,491.826172,0.016895583947189152,12,1.0,5901.914064,True,
LOCAL-v1-q4-offcenter_cluster-5044,4,frozen_baseline,11,565.3896906363636,0.02259462501388043,11,1.0,6219.286597,True,
LOCAL-v1-q4-offcenter_cluster-5045,4,frozen_baseline,11,595.0449438181818,0.027612000005319715,11,1.0,6545.494382,True,
LOCAL-v1-q4-offcenter_cluster-5046,4,frozen_baseline,10,616.2924248,0.027204332989640534,10,1.0,6162.924248,True,
LOCAL-v1-q4-offcenter_cluster-5047,4,frozen_baseline,16,154.838495875,0.023261583992280066,16,1.0,2477.415934,True,
LOCAL-v1-q4-offcenter_cluster-5048,4,frozen_baseline,12,514.1035738333334,0.021363166044466197,12,1.0,6169.242886,True,
LOCAL-v1-q4-offcenter_cluster-5049,4,frozen_baseline,10,852.590186,0.022672042017802596,10,1.0,8525.90186,True,
LOCAL-v1-q4-offcenter_cluster-5050,4,frozen_baseline,15,399.6748437333333,0.028058083029463887,15,1.0,5995.122656,True,
LOCAL-v1-q4-offcenter_cluster-5051,4,frozen_baseline,11,613.2947581818181,0.01998429198283702,11,1.0,6746.24234,True,
LOCAL-v1-q4-offcenter_cluster-5052,4,frozen_baseline,13,468.41647953846154,0.026473707985132933,13,1.0,6089.414234,True,
LOCAL-v1-q4-offcenter_cluster-5053,4,frozen_baseline,16,444.786850625,0.02895729208830744,16,1.0,7116.58961,True,
LOCAL-v1-q4-offcenter_cluster-5054,4,frozen_baseline,16,215.31368975,0.021736916969530284,16,1.0,3445.019036,True,
LOCAL-v1-q4-offcenter_cluster-5055,4,frozen_baseline,12,526.4659514166666,0.023404209059663117,12,1.0,6317.591417,True,
LOCAL-v1-q4-offcenter_cluster-5056,4,frozen_baseline,13,585.2484603846153,0.027499083080329,13,1.0,7608.229985,True,
LOCAL-v1-q4-offcenter_cluster-5057,4,frozen_baseline,13,549.4268897692308,0.02133633301127702,13,1.0,7142.549567,True,
LOCAL-v1-q4-offcenter_cluster-5058,4,frozen_baseline,14,452.31157328571425,0.02754837495740503,14,1.0,6332.362026,True,
LOCAL-v1-q4-offcenter_cluster-5059,4,frozen_baseline,12,548.19392775,0.027730542002245784,12,1.0,6578.327133,True,
LOCAL-v1-q4-offcenter_cluster-5060,4,frozen_baseline,11,690.9136405454545,0.022093125036917627,11,1.0,7600.050046,True,
LOCAL-v1-q4-offcenter_cluster-5061,4,frozen_baseline,13,559.1615108461539,0.022034915979020298,13,1.0,7269.099641,True,
LOCAL-v1-q4-offcenter_cluster-5062,4,frozen_baseline,16,450.4664636875,0.02511041599791497,16,1.0,7207.463419,True,
LOCAL-v1-q4-offcenter_cluster-5063,4,frozen_baseline,15,607.0805973333333,0.029414708027616143,15,1.0,9106.20896,True,
LOCAL-v1-q4-offcenter_cluster-5064,4,frozen_baseline,13,556.319937923077,0.021370082977227867,13,1.0,7232.159193,True,
LOCAL-v1-q4-offcenter_cluster-5065,4,frozen_baseline,12,496.8734886666667,0.023706958047114313,12,1.0,5962.481864,True,
LOCAL-v1-q4-offcenter_cluster-5066,4,frozen_baseline,10,583.700664,0.024547167005948722,10,1.0,5837.00664,True,
LOCAL-v1-q4-offcenter_cluster-5067,4,frozen_baseline,16,387.8321805625,0.02546691708266735,16,1.0,6205.314889,True,
LOCAL-v1-q4-offcenter_cluster-5068,4,frozen_baseline,13,542.8077469230769,0.022358709014952183,13,1.0,7056.50071,True,
LOCAL-v1-q4-offcenter_cluster-5069,4,frozen_baseline,14,470.14031814285715,0.023421499994583428,14,1.0,6581.964454,True,
LOCAL-v1-q4-offcenter_cluster-5070,4,frozen_baseline,12,502.9970166666667,0.025973708019591868,12,1.0,6035.9642,True,
LOCAL-v1-q4-offcenter_cluster-5071,4,frozen_baseline,12,533.6638696666666,0.02732654206920415,12,1.0,6403.966436,True,
LOCAL-v1-q4-offcenter_cluster-5072,4,frozen_baseline,15,437.0915660666667,0.021368207992054522,15,1.0,6556.373491,True,
LOCAL-v1-q4-offcenter_cluster-5073,4,frozen_baseline,10,570.4631521,0.025690624956041574,10,1.0,5704.631521,True,
LOCAL-v1-q4-offcenter_cluster-5074,4,frozen_baseline,16,379.6526565625,0.02376149990595877,16,1.0,6074.442505,True,
LOCAL-v1-q4-offcenter_cluster-5075,4,frozen_baseline,15,354.6249262,0.014977582963183522,15,1.0,5319.373893,True,
LOCAL-v1-q4-offcenter_cluster-5076,4,frozen_baseline,12,556.1472826666667,0.019988125073723495,12,1.0,6673.767392,True,
LOCAL-v1-q4-offcenter_cluster-5077,4,frozen_baseline,14,456.8729538571429,0.025227167061530054,14,1.0,6396.221354,True,
LOCAL-v1-q4-offcenter_cluster-5078,4,frozen_baseline,13,462.7618746923077,0.025987584027461708,13,1.0,6015.904371,True,
LOCAL-v1-q4-offcenter_cluster-5079,4,frozen_baseline,10,651.6091984,0.024509542039595544,10,1.0,6516.091984,True,
LOCAL-v1-q4-offcenter_cluster-5080,4,frozen_baseline,10,872.516996,0.019119582953862846,10,1.0,8725.16996,True,
LOCAL-v1-q4-offcenter_cluster-5081,4,frozen_baseline,16,437.36045675,0.026549041969701648,16,1.0,6997.767308,True,
LOCAL-v1-q4-offcenter_cluster-5082,4,frozen_baseline,13,509.48164599999996,0.022348124999552965,13,1.0,6623.261398,True,
LOCAL-v1-q4-offcenter_cluster-5083,4,frozen_baseline,13,535.8921517692307,0.025241625029593706,13,1.0,6966.597973,True,
LOCAL-v1-q4-offcenter_cluster-5084,4,frozen_baseline,14,484.2735963571428,0.023634458077140152,14,1.0,6779.830349,True,
LOCAL-v1-q4-offcenter_cluster-5085,4,frozen_baseline,15,422.0832366,0.024527542060241103,15,1.0,6331.248549,True,
LOCAL-v1-q4-offcenter_cluster-5086,4,frozen_baseline,12,590.04101875,0.026311249937862158,12,1.0,7080.492225,True,
LOCAL-v1-q4-offcenter_cluster-5087,4,frozen_baseline,13,481.4850986923077,0.023578124935738742,13,1.0,6259.306283,True,
LOCAL-v1-q4-offcenter_cluster-5088,4,frozen_baseline,16,479.3891645625,0.029008541954681277,16,1.0,7670.226633,True,
LOCAL-v1-q4-offcenter_cluster-5089,4,frozen_baseline,15,382.4499169333333,0.028384207980707288,15,1.0,5736.748754,True,
LOCAL-v1-q4-offcenter_cluster-5090,4,frozen_baseline,14,502.1910965,0.026788000017404556,14,1.0,7030.675351,True,
LOCAL-v1-q4-offcenter_cluster-5091,4,frozen_baseline,12,505.46121983333336,0.021698875003494322,12,1.0,6065.534638,True,
LOCAL-v1-q4-offcenter_cluster-5092,4,frozen_baseline,11,575.9646212727273,0.025393250049091876,11,1.0,6335.610834,True,
LOCAL-v1-q4-offcenter_cluster-5093,4,frozen_baseline,15,500.3392659333333,0.03092087502591312,15,1.0,7505.088989,True,
LOCAL-v1-q4-offcenter_cluster-5094,4,frozen_baseline,11,704.07499,0.02584654197562486,11,1.0,7744.82489,True,
LOCAL-v1-q4-offcenter_cluster-5095,4,frozen_baseline,10,638.4737772999999,0.020835125003941357,10,1.0,6384.737773,True,
LOCAL-v1-q4-offcenter_cluster-5096,4,frozen_baseline,14,489.84641864285715,0.02346016699448228,14,1.0,6857.849861,True,
LOCAL-v1-q4-offcenter_cluster-5097,4,frozen_baseline,13,495.8846077692308,0.025396666955202818,13,1.0,6446.499901,True,
LOCAL-v1-q4-offcenter_cluster-5098,4,frozen_baseline,16,386.203371375,0.027045958093367517,16,1.0,6179.253942,True,
LOCAL-v1-q4-offcenter_cluster-5099,4,frozen_baseline,13,497.5880863846154,0.024697375018149614,13,1.0,6468.645123,True,
LOCAL-v1-q4-origin_cluster-5000,4,frozen_baseline,11,537.478137,0.025169667089357972,11,1.0,5912.259507,True,
LOCAL-v1-q4-origin_cluster-5001,4,frozen_baseline,14,457.3009330714286,0.029130500042811036,14,1.0,6402.213063,True,
LOCAL-v1-q4-origin_cluster-5002,4,frozen_baseline,15,668.7657598000001,0.02837029192596674,15,1.0,10031.486397,True,
LOCAL-v1-q4-origin_cluster-5003,4,frozen_baseline,11,555.2701281818182,0.02103095909114927,11,1.0,6107.97141,True,
LOCAL-v1-q4-origin_cluster-5004,4,frozen_baseline,12,485.3621038333333,0.01519129192456603,12,1.0,5824.345246,True,
LOCAL-v1-q4-origin_cluster-5005,4,frozen_baseline,11,568.4062164545454,0.02349629206582904,11,1.0,6252.468381,True,
LOCAL-v1-q4-origin_cluster-5006,4,frozen_baseline,11,970.0855904545454,0.02334691700525582,11,1.0,10670.941495,True,
LOCAL-v1-q4-origin_cluster-5007,4,frozen_baseline,11,549.9029727272728,0.024146041949279606,11,1.0,6048.9327,True,
LOCAL-v1-q4-origin_cluster-5008,4,frozen_baseline,10,774.0614955,0.022807457949966192,10,1.0,7740.614955,True,
LOCAL-v1-q4-origin_cluster-5009,4,frozen_baseline,14,416.0700250714286,0.023978209006600082,14,1.0,5824.980351,True,
LOCAL-v1-q4-origin_cluster-5010,4,frozen_baseline,12,454.4510720833334,0.02503058291040361,12,1.0,5453.412865,True,
LOCAL-v1-q4-origin_cluster-5011,4,frozen_baseline,15,373.91341593333334,0.026588500011712313,15,1.0,5608.701239,True,
LOCAL-v1-q4-origin_cluster-5012,4,frozen_baseline,10,596.8811438,0.014689625008031726,10,1.0,5968.811438,True,
LOCAL-v1-q4-origin_cluster-5013,4,frozen_baseline,12,750.1786640833334,0.023094542091712356,12,1.0,9002.143969,True,
LOCAL-v1-q4-origin_cluster-5014,4,frozen_baseline,11,632.8173629090909,0.02280812500976026,11,1.0,6960.990992,True,
LOCAL-v1-q4-origin_cluster-5015,4,frozen_baseline,12,1134.5976745833334,0.022661125054582953,12,1.0,13615.172095,True,
LOCAL-v1-q4-origin_cluster-5016,4,frozen_baseline,16,440.766775875,0.025963124935515225,16,1.0,7052.268414,True,
LOCAL-v1-q4-origin_cluster-5017,4,frozen_baseline,15,654.0210014,0.029012791928835213,15,1.0,9810.315021,True,
LOCAL-v1-q4-origin_cluster-5018,4,frozen_baseline,10,809.0221442,0.023298207903280854,10,1.0,8090.221442,True,
LOCAL-v1-q4-origin_cluster-5019,4,frozen_baseline,11,524.5236689090909,0.025060791056603193,11,1.0,5769.760358,True,
LOCAL-v1-q4-origin_cluster-5020,4,frozen_baseline,16,370.7377795625,0.026437124935910106,16,1.0,5931.804473,True,
LOCAL-v1-q4-origin_cluster-5021,4,frozen_baseline,14,584.6101752857143,0.026076583075337112,14,1.0,8184.542454,True,
LOCAL-v1-q4-origin_cluster-5022,4,frozen_baseline,14,774.2261432142857,0.02752562495879829,14,1.0,10839.166005,True,
LOCAL-v1-q4-origin_cluster-5023,4,frozen_baseline,15,386.6098005333333,0.026515749981626868,15,1.0,5799.147008,True,
LOCAL-v1-q4-origin_cluster-5024,4,frozen_baseline,13,443.7103031538462,0.024352958076633513,13,1.0,5768.233941,True,
LOCAL-v1-q4-origin_cluster-5025,4,frozen_baseline,12,665.6774105833333,0.025371708092279732,12,1.0,7988.128927,True,
LOCAL-v1-q4-origin_cluster-5026,4,frozen_baseline,15,372.6855058,0.015434375032782555,15,1.0,5590.282587,True,
LOCAL-v1-q4-origin_cluster-5027,4,frozen_baseline,11,535.3460831818182,0.014721416984684765,11,1.0,5888.806915,True,
LOCAL-v1-q4-origin_cluster-5028,4,frozen_baseline,10,579.2452571,0.022674791980534792,10,1.0,5792.452571,True,
LOCAL-v1-q4-origin_cluster-5029,4,frozen_baseline,11,623.110555909091,0.025025791954249144,11,1.0,6854.216115,True,
LOCAL-v1-q4-origin_cluster-5030,4,frozen_baseline,12,684.31421975,0.025898208026774228,12,1.0,8211.770637,True,
LOCAL-v1-q4-origin_cluster-5031,4,frozen_baseline,15,635.0722845333333,0.030340165947563946,15,1.0,9526.084268,True,
LOCAL-v1-q4-origin_cluster-5032,4,frozen_baseline,11,535.858183090909,0.014920542016625404,11,1.0,5894.440014,True,
LOCAL-v1-q4-origin_cluster-5033,4,frozen_baseline,14,404.5540632857143,0.015596249955706298,14,1.0,5663.756886,True,
LOCAL-v1-q4-origin_cluster-5034,4,frozen_baseline,16,319.1179879375,0.027140167076140642,16,1.0,5105.887807,True,
LOCAL-v1-q4-origin_cluster-5035,4,frozen_baseline,10,753.9765734,0.02294762502424419,10,1.0,7539.765734,True,
LOCAL-v1-q4-origin_cluster-5036,4,frozen_baseline,15,497.97082846666666,0.028534458950161934,15,1.0,7469.562427,True,
LOCAL-v1-q4-origin_cluster-5037,4,frozen_baseline,15,537.3963145333333,0.030178291955962777,15,1.0,8060.944718,True,
LOCAL-v1-q4-origin_cluster-5038,4,frozen_baseline,16,358.8583991875,0.0285164579981938,16,1.0,5741.734387,True,
LOCAL-v1-q4-origin_cluster-5039,4,frozen_baseline,10,731.8589872,0.018715125042945147,10,1.0,7318.589872,True,
LOCAL-v1-q4-origin_cluster-5040,4,frozen_baseline,15,427.71470386666664,0.02831199998036027,15,1.0,6415.720558,True,
LOCAL-v1-q4-origin_cluster-5041,4,frozen_baseline,15,465.9171895333333,0.029730250011198223,15,1.0,6988.757843,True,
LOCAL-v1-q4-origin_cluster-5042,4,frozen_baseline,11,544.9328881818182,0.023855457897298038,11,1.0,5994.26177,True,
LOCAL-v1-q4-origin_cluster-5043,4,frozen_baseline,12,620.1974225833334,0.026206125039607286,12,1.0,7442.369071,True,
LOCAL-v1-q4-origin_cluster-5044,4,frozen_baseline,11,735.5661562727273,0.025979000027291477,11,1.0,8091.227719,True,
LOCAL-v1-q4-origin_cluster-5045,4,frozen_baseline,11,531.0278331818182,0.015297584002837539,11,1.0,5841.306165,True,
LOCAL-v1-q4-origin_cluster-5046,4,frozen_baseline,10,641.4937338,0.020578416995704174,10,1.0,6414.937338,True,
LOCAL-v1-q4-origin_cluster-5047,4,frozen_baseline,16,367.2938590625,0.01630641706287861,16,1.0,5876.701745,True,
LOCAL-v1-q4-origin_cluster-5048,4,frozen_baseline,12,482.10877766666664,0.02558054099790752,12,1.0,5785.305332,True,
LOCAL-v1-q4-origin_cluster-5049,4,frozen_baseline,10,770.3328018999999,0.022011207998730242,10,1.0,7703.328019,True,
LOCAL-v1-q4-origin_cluster-5050,4,frozen_baseline,15,417.7063406666667,0.027643666020594537,15,1.0,6265.59511,True,
LOCAL-v1-q4-origin_cluster-5051,4,frozen_baseline,11,647.4910032727273,0.02293858304619789,11,1.0,7122.401036,True,
LOCAL-v1-q4-origin_cluster-5052,4,frozen_baseline,13,457.3019177692307,0.025906166061758995,13,1.0,5944.924931,True,
LOCAL-v1-q4-origin_cluster-5053,4,frozen_baseline,16,343.052313125,0.015708083985373378,16,1.0,5488.83701,True,
LOCAL-v1-q4-origin_cluster-5054,4,frozen_baseline,16,412.10505775,0.02397316601127386,16,1.0,6593.680924,True,
LOCAL-v1-q4-origin_cluster-5055,4,frozen_baseline,12,715.2074918333333,0.026404374977573752,12,1.0,8582.489902,True,
LOCAL-v1-q4-origin_cluster-5056,4,frozen_baseline,13,559.7601974615384,0.02290850004646927,13,1.0,7276.882567,True,
LOCAL-v1-q4-origin_cluster-5057,4,frozen_baseline,13,489.05868515384617,0.025548832956701517,13,1.0,6357.762907,True,
LOCAL-v1-q4-origin_cluster-5058,4,frozen_baseline,14,454.330555,0.02848249999806285,14,1.0,6360.62777,True,
LOCAL-v1-q4-origin_cluster-5059,4,frozen_baseline,12,490.93611458333334,0.022896291920915246,12,1.0,5891.233375,True,
LOCAL-v1-q4-origin_cluster-5060,4,frozen_baseline,11,788.0851503636363,0.02241070894524455,11,1.0,8668.936654,True,
LOCAL-v1-q4-origin_cluster-5061,4,frozen_baseline,13,707.0871082307692,0.027168500004336238,13,1.0,9192.132407,True,
LOCAL-v1-q4-origin_cluster-5062,4,frozen_baseline,16,267.054686375,0.02538104192353785,16,1.0,4272.874982,True,
LOCAL-v1-q4-origin_cluster-5063,4,frozen_baseline,15,380.4762376,0.028789415955543518,15,1.0,5707.143564,True,
LOCAL-v1-q4-origin_cluster-5064,4,frozen_baseline,13,441.6883023846154,0.015682041994296014,13,1.0,5741.947931,True,
LOCAL-v1-q4-origin_cluster-5065,4,frozen_baseline,12,680.8069376666666,0.027217875001952052,12,1.0,8169.683252,True,
LOCAL-v1-q4-origin_cluster-5066,4,frozen_baseline,10,596.1934938,0.014416499994695187,10,1.0,5961.934938,True,
LOCAL-v1-q4-origin_cluster-5067,4,frozen_baseline,16,437.1210341875,0.02769775001797825,16,1.0,6993.936547,True,
LOCAL-v1-q4-origin_cluster-5068,4,frozen_baseline,13,480.88765830769233,0.023747417028062046,13,1.0,6251.539558,True,
LOCAL-v1-q4-origin_cluster-5069,4,frozen_baseline,14,638.0680617142858,0.02801466698292643,14,1.0,8932.952864,True,
LOCAL-v1-q4-origin_cluster-5070,4,frozen_baseline,12,496.5659981666667,0.020410750061273575,12,1.0,5958.791978,True,
LOCAL-v1-q4-origin_cluster-5071,4,frozen_baseline,12,492.1445376666666,0.020287583931349218,12,1.0,5905.734452,True,
LOCAL-v1-q4-origin_cluster-5072,4,frozen_baseline,15,532.8077664666666,0.02727058297023177,15,1.0,7992.116497,True,
LOCAL-v1-q4-origin_cluster-5073,4,frozen_baseline,10,599.9314863,0.02121879195328802,10,1.0,5999.314863,True,
LOCAL-v1-q4-origin_cluster-5074,4,frozen_baseline,16,198.6088086875,0.027355542057193816,16,1.0,3177.740939,True,
LOCAL-v1-q4-origin_cluster-5075,4,frozen_baseline,15,420.6197568,0.028790040989406407,15,1.0,6309.296352,True,
LOCAL-v1-q4-origin_cluster-5076,4,frozen_baseline,12,589.9915355833333,0.023504041018895805,12,1.0,7079.898427,True,
LOCAL-v1-q4-origin_cluster-5077,4,frozen_baseline,14,404.0165705,0.015575708006508648,14,1.0,5656.231987,True,
LOCAL-v1-q4-origin_cluster-5078,4,frozen_baseline,13,448.462784,0.02514837495982647,13,1.0,5830.016192,True,
LOCAL-v1-q4-origin_cluster-5079,4,frozen_baseline,10,606.3706377999999,0.022061499999836087,10,1.0,6063.706378,True,
LOCAL-v1-q4-origin_cluster-5080,4,frozen_baseline,10,915.7676152,0.020558833028189838,10,1.0,9157.676152,True,
LOCAL-v1-q4-origin_cluster-5081,4,frozen_baseline,16,283.2926990625,0.02569399995263666,16,1.0,4532.683185,True,
LOCAL-v1-q4-origin_cluster-5082,4,frozen_baseline,13,550.7325256153846,0.026694500003941357,13,1.0,7159.522833,True,
LOCAL-v1-q4-origin_cluster-5083,4,frozen_baseline,13,441.82211446153843,0.022356541943736374,13,1.0,5743.687488,True,
LOCAL-v1-q4-origin_cluster-5084,4,frozen_baseline,14,603.6027987142858,0.0273498329333961,14,1.0,8450.439182,True,
LOCAL-v1-q4-origin_cluster-5085,4,frozen_baseline,15,743.4114526666667,0.02938750002067536,15,1.0,11151.17179,True,
LOCAL-v1-q4-origin_cluster-5086,4,frozen_baseline,12,574.7301928333333,0.02531491604167968,12,1.0,6896.762314,True,
LOCAL-v1-q4-origin_cluster-5087,4,frozen_baseline,13,465.1066683846154,0.02565666602458805,13,1.0,6046.386689,True,
LOCAL-v1-q4-origin_cluster-5088,4,frozen_baseline,16,264.8919015,0.026969750062562525,16,1.0,4238.270424,True,
LOCAL-v1-q4-origin_cluster-5089,4,frozen_baseline,15,451.7174598666667,0.02522075001616031,15,1.0,6775.761898,True,
LOCAL-v1-q4-origin_cluster-5090,4,frozen_baseline,14,426.7023596428571,0.01515850005671382,14,1.0,5973.833035,True,
LOCAL-v1-q4-origin_cluster-5091,4,frozen_baseline,12,526.6118488333333,0.02603795798495412,12,1.0,6319.342186,True,
LOCAL-v1-q4-origin_cluster-5092,4,frozen_baseline,11,541.5556904545455,0.020894499961286783,11,1.0,5957.112595,True,
LOCAL-v1-q4-origin_cluster-5093,4,frozen_baseline,15,463.9962864,0.02633766597136855,15,1.0,6959.944296,True,
LOCAL-v1-q4-origin_cluster-5094,4,frozen_baseline,11,574.8254889090908,0.020816875039599836,11,1.0,6323.080378,True,
LOCAL-v1-q4-origin_cluster-5095,4,frozen_baseline,10,647.0054087999999,0.022038000053726137,10,1.0,6470.054088,True,
LOCAL-v1-q4-origin_cluster-5096,4,frozen_baseline,14,406.6349782142857,0.024414833984337747,14,1.0,5692.889695,True,
LOCAL-v1-q4-origin_cluster-5097,4,frozen_baseline,13,529.8637233076923,0.028241500025615096,13,1.0,6888.228403,True,
LOCAL-v1-q4-origin_cluster-5098,4,frozen_baseline,16,168.486084375,0.02610695897601545,16,1.0,2695.77735,True,
LOCAL-v1-q4-origin_cluster-5099,4,frozen_baseline,13,610.0044337692308,0.025584332994185388,13,1.0,7930.057639,True,
LOCAL-v1-q4-minimum_radius-5000,4,frozen_baseline,11,589.0163347272727,0.018168582930229604,11,1.0,6479.179682,True,
LOCAL-v1-q4-minimum_radius-5001,4,frozen_baseline,14,582.3437134285715,0.018631208105944097,14,1.0,8152.811988,True,
LOCAL-v1-q4-minimum_radius-5002,4,frozen_baseline,15,559.1258689333333,0.015143417054787278,15,1.0,8386.888034,True,
LOCAL-v1-q4-minimum_radius-5003,4,frozen_baseline,11,623.9808050909091,0.017063959036022425,11,1.0,6863.788856,True,
LOCAL-v1-q4-minimum_radius-5004,4,frozen_baseline,12,578.0088651666666,0.017588249989785254,12,1.0,6936.106382,True,
LOCAL-v1-q4-minimum_radius-5005,4,frozen_baseline,11,592.767598,0.017174999928101897,11,1.0,6520.443578,True,
LOCAL-v1-q4-minimum_radius-5006,4,frozen_baseline,11,661.8338373636363,0.017631290946155787,11,1.0,7280.172211,True,
LOCAL-v1-q4-minimum_radius-5007,4,frozen_baseline,11,639.3560650000001,0.02157954196445644,11,1.0,7032.916715,True,
LOCAL-v1-q4-minimum_radius-5008,4,frozen_baseline,10,770.4404447,0.015321708982810378,10,1.0,7704.404447,True,
LOCAL-v1-q4-minimum_radius-5009,4,frozen_baseline,14,500.0380727857143,0.016414041980169713,14,1.0,7000.533019,True,
LOCAL-v1-q4-minimum_radius-5010,4,frozen_baseline,12,592.2475801666667,0.01908266602549702,12,1.0,7106.970962,True,
LOCAL-v1-q4-minimum_radius-5011,4,frozen_baseline,15,463.1310016,0.017957624979317188,15,1.0,6946.965024,True,
LOCAL-v1-q4-minimum_radius-5012,4,frozen_baseline,10,694.9308259000001,0.014223749982193112,10,1.0,6949.308259,True,
LOCAL-v1-q4-minimum_radius-5013,4,frozen_baseline,12,622.3607915833334,0.014629665995016694,12,1.0,7468.329499,True,
LOCAL-v1-q4-minimum_radius-5014,4,frozen_baseline,11,641.6742276363636,0.016255583032034338,11,1.0,7058.416504,True,
LOCAL-v1-q4-minimum_radius-5015,4,frozen_baseline,12,651.2292495,0.01804445800371468,12,1.0,7814.750994,True,
LOCAL-v1-q4-minimum_radius-5016,4,frozen_baseline,16,469.674060125,0.022504957974888384,16,1.0,7514.784962,True,
LOCAL-v1-q4-minimum_radius-5017,4,frozen_baseline,15,649.0374037333333,0.017384666018188,15,1.0,9735.561056,True,
LOCAL-v1-q4-minimum_radius-5018,4,frozen_baseline,10,847.0742511000001,0.01674112502951175,10,1.0,8470.742511,True,
LOCAL-v1-q4-minimum_radius-5019,4,frozen_baseline,11,630.7730757272727,0.018334332969971,11,1.0,6938.503833,True,
LOCAL-v1-q4-minimum_radius-5020,4,frozen_baseline,16,432.4485851875,0.018378250068053603,16,1.0,6919.177363,True,
LOCAL-v1-q4-minimum_radius-5021,4,frozen_baseline,14,581.9643076428572,0.015841416898183525,14,1.0,8147.500307,True,
LOCAL-v1-q4-minimum_radius-5022,4,frozen_baseline,14,571.7434124285714,0.017816707957535982,14,1.0,8004.407774,True,
LOCAL-v1-q4-minimum_radius-5023,4,frozen_baseline,15,508.1702840666667,0.017694709007628262,15,1.0,7622.554261,True,
LOCAL-v1-q4-minimum_radius-5024,4,frozen_baseline,13,493.7628451538461,0.01639866700861603,13,1.0,6418.916987,True,
LOCAL-v1-q4-minimum_radius-5025,4,frozen_baseline,12,637.9563116666667,0.019798125023953617,12,1.0,7655.47574,True,
LOCAL-v1-q4-minimum_radius-5026,4,frozen_baseline,15,440.3084564666667,0.019505374948494136,15,1.0,6604.626847,True,
LOCAL-v1-q4-minimum_radius-5027,4,frozen_baseline,11,637.1403313636364,0.01924241695087403,11,1.0,7008.543645,True,
LOCAL-v1-q4-minimum_radius-5028,4,frozen_baseline,10,697.26672,0.01633837493136525,10,1.0,6972.6672,True,
LOCAL-v1-q4-minimum_radius-5029,4,frozen_baseline,11,643.8415403636363,0.016204999992623925,11,1.0,7082.256944,True,
LOCAL-v1-q4-minimum_radius-5030,4,frozen_baseline,12,732.5718409166667,0.018048792029730976,12,1.0,8790.862091,True,
LOCAL-v1-q4-minimum_radius-5031,4,frozen_baseline,15,549.3760040666667,0.018843290978111327,15,1.0,8240.640061,True,
LOCAL-v1-q4-minimum_radius-5032,4,frozen_baseline,11,591.7812058181818,0.017806415911763906,11,1.0,6509.593264,True,
LOCAL-v1-q4-minimum_radius-5033,4,frozen_baseline,14,456.53940057142853,0.01862354204058647,14,1.0,6391.551608,True,
LOCAL-v1-q4-minimum_radius-5034,4,frozen_baseline,16,512.0840901875,0.01843554200604558,16,1.0,8193.345443,True,
LOCAL-v1-q4-minimum_radius-5035,4,frozen_baseline,10,707.1427175,0.014886084012687206,10,1.0,7071.427175,True,
LOCAL-v1-q4-minimum_radius-5036,4,frozen_baseline,15,505.21826200000004,0.01602591690607369,15,1.0,7578.27393,True,
LOCAL-v1-q4-minimum_radius-5037,4,frozen_baseline,15,508.65194479999997,0.01720895804464817,15,1.0,7629.779172,True,
LOCAL-v1-q4-minimum_radius-5038,4,frozen_baseline,16,469.479370125,0.019993833964690566,16,1.0,7511.669922,True,
LOCAL-v1-q4-minimum_radius-5039,4,frozen_baseline,10,755.0576771,0.014656207989901304,10,1.0,7550.576771,True,
LOCAL-v1-q4-minimum_radius-5040,4,frozen_baseline,15,487.38008286666667,0.01854650001041591,15,1.0,7310.701243,True,
LOCAL-v1-q4-minimum_radius-5041,4,frozen_baseline,15,515.3234047333333,0.020857791998423636,15,1.0,7729.851071,True,
LOCAL-v1-q4-minimum_radius-5042,4,frozen_baseline,11,604.5271823636364,0.02039462502580136,11,1.0,6649.799006,True,
LOCAL-v1-q4-minimum_radius-5043,4,frozen_baseline,12,647.7890049166666,0.021872124983929098,12,1.0,7773.468059,True,
LOCAL-v1-q4-minimum_radius-5044,4,frozen_baseline,11,686.6036466363637,0.01646362489555031,11,1.0,7552.640113,True,
LOCAL-v1-q4-minimum_radius-5045,4,frozen_baseline,11,586.8105894545455,0.014390665921382606,11,1.0,6454.916484,True,
LOCAL-v1-q4-minimum_radius-5046,4,frozen_baseline,10,671.2360337,0.017271584016270936,10,1.0,6712.360337,True,
LOCAL-v1-q4-minimum_radius-5047,4,frozen_baseline,16,400.2111464375,0.022438291925936937,16,1.0,6403.378343,True,
LOCAL-v1-q4-minimum_radius-5048,4,frozen_baseline,12,578.3274572500001,0.014704540953971446,12,1.0,6939.929487,True,
LOCAL-v1-q4-minimum_radius-5049,4,frozen_baseline,10,742.4651659,0.017983291996642947,10,1.0,7424.651659,True,
LOCAL-v1-q4-minimum_radius-5050,4,frozen_baseline,15,456.9970567333333,0.017872167052701116,15,1.0,6854.955851,True,
LOCAL-v1-q4-minimum_radius-5051,4,frozen_baseline,11,669.4528150909091,0.015243542031385005,11,1.0,7363.980966,True,
LOCAL-v1-q4-minimum_radius-5052,4,frozen_baseline,13,477.1538323076923,0.019871124997735023,13,1.0,6202.99982,True,
LOCAL-v1-q4-minimum_radius-5053,4,frozen_baseline,16,429.4250185625,0.018581499927677214,16,1.0,6870.800297,True,
LOCAL-v1-q4-minimum_radius-5054,4,frozen_baseline,16,435.180371,0.019569957978092134,16,1.0,6962.885936,True,
LOCAL-v1-q4-minimum_radius-5055,4,frozen_baseline,12,717.5063819166667,0.014453458017669618,12,1.0,8610.076583,True,
LOCAL-v1-q4-minimum_radius-5056,4,frozen_baseline,13,553.5593490769231,0.016440416919067502,13,1.0,7196.271538,True,
LOCAL-v1-q4-minimum_radius-5057,4,frozen_baseline,13,538.991664923077,0.014649166958406568,13,1.0,7006.891644,True,
LOCAL-v1-q4-minimum_radius-5058,4,frozen_baseline,14,471.95111257142855,0.017195249907672405,14,1.0,6607.315576,True,
LOCAL-v1-q4-minimum_radius-5059,4,frozen_baseline,12,563.4737654166667,0.017242542002350092,12,1.0,6761.685185,True,
LOCAL-v1-q4-minimum_radius-5060,4,frozen_baseline,11,652.6999416363636,0.016714500030502677,11,1.0,7179.699358,True,
LOCAL-v1-q4-minimum_radius-5061,4,frozen_baseline,13,564.5404164615385,0.017540666973218322,13,1.0,7339.025414,True,
LOCAL-v1-q4-minimum_radius-5062,4,frozen_baseline,16,634.35456425,0.021689458983018994,16,1.0,10149.673028,True,
LOCAL-v1-q4-minimum_radius-5063,4,frozen_baseline,15,450.9688986666667,0.021574124926701188,15,1.0,6764.53348,True,
LOCAL-v1-q4-minimum_radius-5064,4,frozen_baseline,13,594.515437076923,0.018283833051100373,13,1.0,7728.700682,True,
LOCAL-v1-q4-minimum_radius-5065,4,frozen_baseline,12,623.8340245833333,0.015260582906194031,12,1.0,7486.008295,True,
LOCAL-v1-q4-minimum_radius-5066,4,frozen_baseline,10,674.7419659,0.016688791918568313,10,1.0,6747.419659,True,
LOCAL-v1-q4-minimum_radius-5067,4,frozen_baseline,16,616.0493496875,0.02055329200811684,16,1.0,9856.789595,True,
LOCAL-v1-q4-minimum_radius-5068,4,frozen_baseline,13,616.7507519230769,0.01979762502014637,13,1.0,8017.759775,True,
LOCAL-v1-q4-minimum_radius-5069,4,frozen_baseline,14,596.6862239285714,0.020762374973855913,14,1.0,8353.607135,True,
LOCAL-v1-q4-minimum_radius-5070,4,frozen_baseline,12,569.210962,0.017047417000867426,12,1.0,6830.531544,True,
LOCAL-v1-q4-minimum_radius-5071,4,frozen_baseline,12,580.5284306666666,0.0191220409469679,12,1.0,6966.341168,True,
LOCAL-v1-q4-minimum_radius-5072,4,frozen_baseline,15,526.4593461333333,0.014669416006654501,15,1.0,7896.890192,True,
LOCAL-v1-q4-minimum_radius-5073,4,frozen_baseline,10,680.3763498999999,0.015786292031407356,10,1.0,6803.763499,True,
LOCAL-v1-q4-minimum_radius-5074,4,frozen_baseline,16,442.087597625,0.021805708995088935,16,1.0,7073.401562,True,
LOCAL-v1-q4-minimum_radius-5075,4,frozen_baseline,15,493.09631893333335,0.01828954101074487,15,1.0,7396.444784,True,
LOCAL-v1-q4-minimum_radius-5076,4,frozen_baseline,12,583.8912885833333,0.020297499955631793,12,1.0,7006.695463,True,
LOCAL-v1-q4-minimum_radius-5077,4,frozen_baseline,14,489.30827907142856,0.017132375040091574,14,1.0,6850.315907,True,
LOCAL-v1-q4-minimum_radius-5078,4,frozen_baseline,13,595.3587687692308,0.01823254197370261,13,1.0,7739.663994,True,
LOCAL-v1-q4-minimum_radius-5079,4,frozen_baseline,10,663.5051642999999,0.014407332986593246,10,1.0,6635.051643,True,
LOCAL-v1-q4-minimum_radius-5080,4,frozen_baseline,10,1001.3152256,0.016619750065729022,10,1.0,10013.152256,True,
LOCAL-v1-q4-minimum_radius-5081,4,frozen_baseline,16,498.528889125,0.018170792027376592,16,1.0,7976.462226,True,
LOCAL-v1-q4-minimum_radius-5082,4,frozen_baseline,13,582.7389249230769,0.015621750033460557,13,1.0,7575.606024,True,
LOCAL-v1-q4-minimum_radius-5083,4,frozen_baseline,13,529.5071817692308,0.020532291964627802,13,1.0,6883.593363,True,
LOCAL-v1-q4-minimum_radius-5084,4,frozen_baseline,14,491.7942415714286,0.01942787505686283,14,1.0,6885.119382,True,
LOCAL-v1-q4-minimum_radius-5085,4,frozen_baseline,15,516.8972018,0.014795457944273949,15,1.0,7753.458027,True,
LOCAL-v1-q4-minimum_radius-5086,4,frozen_baseline,12,689.23719075,0.020143707981333137,12,1.0,8270.846289,True,
LOCAL-v1-q4-minimum_radius-5087,4,frozen_baseline,13,604.9800140769231,0.016195792006328702,13,1.0,7864.740183,True,
LOCAL-v1-q4-minimum_radius-5088,4,frozen_baseline,16,457.98243425,0.02165683393832296,16,1.0,7327.718948,True,
LOCAL-v1-q4-minimum_radius-5089,4,frozen_baseline,15,448.8907416,0.02170250006020069,15,1.0,6733.361124,True,
LOCAL-v1-q4-minimum_radius-5090,4,frozen_baseline,14,499.37691842857146,0.01463175006210804,14,1.0,6991.276858,True,
LOCAL-v1-q4-minimum_radius-5091,4,frozen_baseline,12,608.8420340833333,0.01795550005044788,12,1.0,7306.104409,True,
LOCAL-v1-q4-minimum_radius-5092,4,frozen_baseline,11,587.4129060909091,0.01856375008355826,11,1.0,6461.541967,True,
LOCAL-v1-q4-minimum_radius-5093,4,frozen_baseline,15,600.9343148,0.0154214589856565,15,1.0,9014.014722,True,
LOCAL-v1-q4-minimum_radius-5094,4,frozen_baseline,11,735.7504886363636,0.014605500036850572,11,1.0,8093.255375,True,
LOCAL-v1-q4-minimum_radius-5095,4,frozen_baseline,10,717.2163735,0.015621833968907595,10,1.0,7172.163735,True,
LOCAL-v1-q4-minimum_radius-5096,4,frozen_baseline,14,460.3911790714286,0.020009040948934853,14,1.0,6445.476507,True,
LOCAL-v1-q4-minimum_radius-5097,4,frozen_baseline,13,551.62608,0.019694791990332305,13,1.0,7171.13904,True,
LOCAL-v1-q4-minimum_radius-5098,4,frozen_baseline,16,424.541307875,0.017920417012646794,16,1.0,6792.660926,True,
LOCAL-v1-q4-minimum_radius-5099,4,frozen_baseline,13,632.7626849999999,0.01668699993751943,13,1.0,8225.914905,True,
LOCAL-v1-q4-exactly10_sources-5000,4,frozen_baseline,10,671.0434252,0.017759833950549364,10,1.0,6710.434252,True,
LOCAL-v1-q4-exactly10_sources-5001,4,frozen_baseline,10,911.5177035,0.014371459023095667,10,1.0,9115.177035,True,
LOCAL-v1-q4-exactly10_sources-5002,4,frozen_baseline,10,688.1548043,0.020301333046518266,10,1.0,6881.548043,True,
LOCAL-v1-q4-exactly10_sources-5003,4,frozen_baseline,10,650.0266396,0.017086084000766277,10,1.0,6500.266396,True,
LOCAL-v1-q4-exactly10_sources-5004,4,frozen_baseline,10,648.3235032,0.016971249948255718,10,1.0,6483.235032,True,
LOCAL-v1-q4-exactly10_sources-5005,4,frozen_baseline,10,643.8840677000001,0.01591695798560977,10,1.0,6438.840677,True,
LOCAL-v1-q4-exactly10_sources-5006,4,frozen_baseline,10,712.5853569,0.018114375066943467,10,1.0,7125.853569,True,
LOCAL-v1-q4-exactly10_sources-5007,4,frozen_baseline,10,648.0259352,0.017296250094659626,10,1.0,6480.259352,True,
LOCAL-v1-q4-exactly10_sources-5008,4,frozen_baseline,10,642.6012378,0.02054779208265245,10,1.0,6426.012378,True,
LOCAL-v1-q4-exactly10_sources-5009,4,frozen_baseline,10,658.3742878,0.01484629197511822,10,1.0,6583.742878,True,
LOCAL-v1-q4-exactly10_sources-5010,4,frozen_baseline,10,834.4195149999999,0.019375375006347895,10,1.0,8344.19515,True,
LOCAL-v1-q4-exactly10_sources-5011,4,frozen_baseline,10,682.0847184,0.01533308404032141,10,1.0,6820.847184,True,
LOCAL-v1-q4-exactly10_sources-5012,4,frozen_baseline,10,633.6248456000001,0.014252415974624455,10,1.0,6336.248456,True,
LOCAL-v1-q4-exactly10_sources-5013,4,frozen_baseline,10,720.8380697,0.013799542095512152,10,1.0,7208.380697,True,
LOCAL-v1-q4-exactly10_sources-5014,4,frozen_baseline,10,696.7686673000001,0.0155356660252437,10,1.0,6967.686673,True,
LOCAL-v1-q4-exactly10_sources-5015,4,frozen_baseline,10,716.5729862000001,0.020716666942462325,10,1.0,7165.729862,True,
LOCAL-v1-q4-exactly10_sources-5016,4,frozen_baseline,10,785.9380693,0.015134292072616518,10,1.0,7859.380693,True,
LOCAL-v1-q4-exactly10_sources-5017,4,frozen_baseline,10,671.9225705,0.016099083004519343,10,1.0,6719.225705,True,
LOCAL-v1-q4-exactly10_sources-5018,4,frozen_baseline,10,682.3818512,0.016403457964770496,10,1.0,6823.818512,True,
LOCAL-v1-q4-exactly10_sources-5019,4,frozen_baseline,10,690.0676284,0.014773124945349991,10,1.0,6900.676284,True,
LOCAL-v1-q4-exactly10_sources-5020,4,frozen_baseline,10,785.3370635,0.014579415903426707,10,1.0,7853.370635,True,
LOCAL-v1-q4-exactly10_sources-5021,4,frozen_baseline,10,770.6328937000001,0.014584540971554816,10,1.0,7706.328937,True,
LOCAL-v1-q4-exactly10_sources-5022,4,frozen_baseline,10,611.9208484,0.017065584077499807,10,1.0,6119.208484,True,
LOCAL-v1-q4-exactly10_sources-5023,4,frozen_baseline,10,643.0982205,0.014081415953114629,10,1.0,6430.982205,True,
LOCAL-v1-q4-exactly10_sources-5024,4,frozen_baseline,10,655.2330056,0.015435374923981726,10,1.0,6552.330056,True,
LOCAL-v1-q4-exactly10_sources-5025,4,frozen_baseline,10,649.1076032,0.017106959014199674,10,1.0,6491.076032,True,
LOCAL-v1-q4-exactly10_sources-5026,4,frozen_baseline,10,789.6218208,0.01545154198538512,10,1.0,7896.218208,True,
LOCAL-v1-q4-exactly10_sources-5027,4,frozen_baseline,10,706.686148,0.018338792026042938,10,1.0,7066.86148,True,
LOCAL-v1-q4-exactly10_sources-5028,4,frozen_baseline,10,681.2542781,0.016316833905875683,10,1.0,6812.542781,True,
LOCAL-v1-q4-exactly10_sources-5029,4,frozen_baseline,10,785.548867,0.014356875093653798,10,1.0,7855.48867,True,
LOCAL-v1-q4-exactly10_sources-5030,4,frozen_baseline,10,758.5454927,0.018043083022348583,10,1.0,7585.454927,True,
LOCAL-v1-q4-exactly10_sources-5031,4,frozen_baseline,10,670.7540905,0.018120249966159463,10,1.0,6707.540905,True,
LOCAL-v1-q4-exactly10_sources-5032,4,frozen_baseline,10,778.8802818,0.018009459017775953,10,1.0,7788.802818,True,
LOCAL-v1-q4-exactly10_sources-5033,4,frozen_baseline,10,666.0822042,0.01886874996125698,10,1.0,6660.822042,True,
LOCAL-v1-q4-exactly10_sources-5034,4,frozen_baseline,10,820.8521046,0.017189875012263656,10,1.0,8208.521046,True,
LOCAL-v1-q4-exactly10_sources-5035,4,frozen_baseline,10,741.3797736,0.016186041058972478,10,1.0,7413.797736,True,
LOCAL-v1-q4-exactly10_sources-5036,4,frozen_baseline,10,670.6954969999999,0.019567999988794327,10,1.0,6706.95497,True,
LOCAL-v1-q4-exactly10_sources-5037,4,frozen_baseline,10,659.9012696,0.016423749970272183,10,1.0,6599.012696,True,
LOCAL-v1-q4-exactly10_sources-5038,4,frozen_baseline,10,710.5436289,0.014915999956429005,10,1.0,7105.436289,True,
LOCAL-v1-q4-exactly10_sources-5039,4,frozen_baseline,10,640.9121766999999,0.020081082941032946,10,1.0,6409.121767,True,
LOCAL-v1-q4-exactly10_sources-5040,4,frozen_baseline,10,667.4227872,0.02211170899681747,10,1.0,6674.227872,True,
LOCAL-v1-q4-exactly10_sources-5041,4,frozen_baseline,10,708.2199298,0.020200083032250404,10,1.0,7082.199298,True,
LOCAL-v1-q4-exactly10_sources-5042,4,frozen_baseline,10,656.1282225,0.01687458297237754,10,1.0,6561.282225,True,
LOCAL-v1-q4-exactly10_sources-5043,4,frozen_baseline,10,724.7992234000001,0.016568124992772937,10,1.0,7247.992234,True,
LOCAL-v1-q4-exactly10_sources-5044,4,frozen_baseline,10,622.860355,0.019260625005699694,10,1.0,6228.60355,True,
LOCAL-v1-q4-exactly10_sources-5045,4,frozen_baseline,10,773.5820062,0.01798116706777364,10,1.0,7735.820062,True,
LOCAL-v1-q4-exactly10_sources-5046,4,frozen_baseline,10,746.196953,0.01654175005387515,10,1.0,7461.96953,True,
LOCAL-v1-q4-exactly10_sources-5047,4,frozen_baseline,10,625.4893479,0.016796750016510487,10,1.0,6254.893479,True,
LOCAL-v1-q4-exactly10_sources-5048,4,frozen_baseline,10,655.9382379,0.01832304208073765,10,1.0,6559.382379,True,
LOCAL-v1-q4-exactly10_sources-5049,4,frozen_baseline,10,738.5101972,0.01814937510062009,10,1.0,7385.101972,True,
LOCAL-v1-q4-exactly10_sources-5050,4,frozen_baseline,10,663.1741819,0.02098333404865116,10,1.0,6631.741819,True,
LOCAL-v1-q4-exactly10_sources-5051,4,frozen_baseline,10,919.9780203,0.015981916920281947,10,1.0,9199.780203,True,
LOCAL-v1-q4-exactly10_sources-5052,4,frozen_baseline,10,640.8601019,0.01744158403016627,10,1.0,6408.601019,True,
LOCAL-v1-q4-exactly10_sources-5053,4,frozen_baseline,10,604.1473952,0.01633066695649177,10,1.0,6041.473952,True,
LOCAL-v1-q4-exactly10_sources-5054,4,frozen_baseline,10,703.2281366999999,0.015402332996018231,10,1.0,7032.281367,True,
LOCAL-v1-q4-exactly10_sources-5055,4,frozen_baseline,10,656.4340478,0.01707941701170057,10,1.0,6564.340478,True,
LOCAL-v1-q4-exactly10_sources-5056,4,frozen_baseline,10,690.3089717,0.017019208054989576,10,1.0,6903.089717,True,
LOCAL-v1-q4-exactly10_sources-5057,4,frozen_baseline,10,623.2017702,0.017716541071422398,10,1.0,6232.017702,True,
LOCAL-v1-q4-exactly10_sources-5058,4,frozen_baseline,10,670.7002565,0.016427709022536874,10,1.0,6707.002565,True,
LOCAL-v1-q4-exactly10_sources-5059,4,frozen_baseline,10,671.6902524,0.015786458970978856,10,1.0,6716.902524,True,
LOCAL-v1-q4-exactly10_sources-5060,4,frozen_baseline,10,692.1986972,0.016830542008392513,10,1.0,6921.986972,True,
LOCAL-v1-q4-exactly10_sources-5061,4,frozen_baseline,10,638.6888495999999,0.018291749991476536,10,1.0,6386.888496,True,
LOCAL-v1-q4-exactly10_sources-5062,4,frozen_baseline,10,723.6307465,0.01566654199268669,10,1.0,7236.307465,True,
LOCAL-v1-q4-exactly10_sources-5063,4,frozen_baseline,10,674.8999372999999,0.01581737503875047,10,1.0,6748.999373,True,
LOCAL-v1-q4-exactly10_sources-5064,4,frozen_baseline,10,666.7275668,0.01777383405715227,10,1.0,6667.275668,True,
LOCAL-v1-q4-exactly10_sources-5065,4,frozen_baseline,10,668.7820767999999,0.0181971249403432,10,1.0,6687.820768,True,
LOCAL-v1-q4-exactly10_sources-5066,4,frozen_baseline,10,638.5723740999999,0.01756558392662555,10,1.0,6385.723741,True,
LOCAL-v1-q4-exactly10_sources-5067,4,frozen_baseline,10,701.0803218,0.01587925001513213,10,1.0,7010.803218,True,
LOCAL-v1-q4-exactly10_sources-5068,4,frozen_baseline,10,778.9924637,0.018898541922681034,10,1.0,7789.924637,True,
LOCAL-v1-q4-exactly10_sources-5069,4,frozen_baseline,10,692.0440835,0.01745220902375877,10,1.0,6920.440835,True,
LOCAL-v1-q4-exactly10_sources-5070,4,frozen_baseline,10,727.4718508,0.020211542025208473,10,1.0,7274.718508,True,
LOCAL-v1-q4-exactly10_sources-5071,4,frozen_baseline,10,755.127861,0.018490125075913966,10,1.0,7551.27861,True,
LOCAL-v1-q4-exactly10_sources-5072,4,frozen_baseline,10,699.8638854,0.014732124982401729,10,1.0,6998.638854,True,
LOCAL-v1-q4-exactly10_sources-5073,4,frozen_baseline,10,616.3687792,0.017174875014461577,10,1.0,6163.687792,True,
LOCAL-v1-q4-exactly10_sources-5074,4,frozen_baseline,10,670.1773965,0.019821083988063037,10,1.0,6701.773965,True,
LOCAL-v1-q4-exactly10_sources-5075,4,frozen_baseline,10,797.7073588999999,0.014142291969619691,10,1.0,7977.073589,True,
LOCAL-v1-q4-exactly10_sources-5076,4,frozen_baseline,10,675.3765684,0.016513166949152946,10,1.0,6753.765684,True,
LOCAL-v1-q4-exactly10_sources-5077,4,frozen_baseline,10,668.2577235,0.01641058293171227,10,1.0,6682.577235,True,
LOCAL-v1-q4-exactly10_sources-5078,4,frozen_baseline,10,735.6760271,0.016187666915357113,10,1.0,7356.760271,True,
LOCAL-v1-q4-exactly10_sources-5079,4,frozen_baseline,10,795.3227893999999,0.015646041021682322,10,1.0,7953.227894,True,
LOCAL-v1-q4-exactly10_sources-5080,4,frozen_baseline,10,979.1104269,0.01751416700426489,10,1.0,9791.104269,True,
LOCAL-v1-q4-exactly10_sources-5081,4,frozen_baseline,10,734.8937971,0.01678345794789493,10,1.0,7348.937971,True,
LOCAL-v1-q4-exactly10_sources-5082,4,frozen_baseline,10,662.5746224000001,0.014441750012338161,10,1.0,6625.746224,True,
LOCAL-v1-q4-exactly10_sources-5083,4,frozen_baseline,10,759.9598566,0.018018541974015534,10,1.0,7599.598566,True,
LOCAL-v1-q4-exactly10_sources-5084,4,frozen_baseline,10,679.6119903,0.018884125049225986,10,1.0,6796.119903,True,
LOCAL-v1-q4-exactly10_sources-5085,4,frozen_baseline,10,617.2711541,0.019129624939523637,10,1.0,6172.711541,True,
LOCAL-v1-q4-exactly10_sources-5086,4,frozen_baseline,10,848.8439908,0.015836082980968058,10,1.0,8488.439908,True,
LOCAL-v1-q4-exactly10_sources-5087,4,frozen_baseline,10,719.3654153,0.014081250061281025,10,1.0,7193.654153,True,
LOCAL-v1-q4-exactly10_sources-5088,4,frozen_baseline,10,735.2237656,0.017151125008240342,10,1.0,7352.237656,True,
LOCAL-v1-q4-exactly10_sources-5089,4,frozen_baseline,10,680.759551,0.01451245800126344,10,1.0,6807.59551,True,
LOCAL-v1-q4-exactly10_sources-5090,4,frozen_baseline,10,887.8488345,0.014981375075876713,10,1.0,8878.488345,True,
LOCAL-v1-q4-exactly10_sources-5091,4,frozen_baseline,10,633.2217162,0.015203625080175698,10,1.0,6332.217162,True,
LOCAL-v1-q4-exactly10_sources-5092,4,frozen_baseline,10,720.4875096,0.02006324997637421,10,1.0,7204.875096,True,
LOCAL-v1-q4-exactly10_sources-5093,4,frozen_baseline,10,690.4676428,0.0159446659963578,10,1.0,6904.676428,True,
LOCAL-v1-q4-exactly10_sources-5094,4,frozen_baseline,10,770.2584858,0.017637999961152673,10,1.0,7702.584858,True,
LOCAL-v1-q4-exactly10_sources-5095,4,frozen_baseline,10,658.8989966,0.018927374971099198,10,1.0,6588.989966,True,
LOCAL-v1-q4-exactly10_sources-5096,4,frozen_baseline,10,649.8586338,0.014994417084380984,10,1.0,6498.586338,True,
LOCAL-v1-q4-exactly10_sources-5097,4,frozen_baseline,10,749.9669630999999,0.01716391695663333,10,1.0,7499.669631,True,
LOCAL-v1-q4-exactly10_sources-5098,4,frozen_baseline,10,686.6663371,0.015282334061339498,10,1.0,6866.663371,True,
LOCAL-v1-q4-exactly10_sources-5099,4,frozen_baseline,10,685.1521813,0.018176875077188015,10,1.0,6851.521813,True,
LOCAL-v1-q4-exactly16_sources-5000,4,frozen_baseline,16,402.1013701875,0.02020758402068168,16,1.0,6433.621923,True,
LOCAL-v1-q4-exactly16_sources-5001,4,frozen_baseline,16,519.3403688125,0.019822792033664882,16,1.0,8309.445901,True,
LOCAL-v1-q4-exactly16_sources-5002,4,frozen_baseline,16,454.8554558125,0.0175918749300763,16,1.0,7277.687293,True,
LOCAL-v1-q4-exactly16_sources-5003,4,frozen_baseline,16,402.525651625,0.023892750032246113,16,1.0,6440.410426,True,
LOCAL-v1-q4-exactly16_sources-5004,4,frozen_baseline,16,349.43890175,0.02253995800856501,16,1.0,5591.022428,True,
LOCAL-v1-q4-exactly16_sources-5005,4,frozen_baseline,16,392.3566559375,0.023557625012472272,16,1.0,6277.706495,True,
LOCAL-v1-q4-exactly16_sources-5006,4,frozen_baseline,16,437.0646496875,0.018641999922692776,16,1.0,6993.034395,True,
LOCAL-v1-q4-exactly16_sources-5007,4,frozen_baseline,16,396.2253811875,0.02465383301023394,16,1.0,6339.606099,True,
LOCAL-v1-q4-exactly16_sources-5008,4,frozen_baseline,16,413.78917925,0.03282329090870917,16,1.0,6620.626868,True,
LOCAL-v1-q4-exactly16_sources-5009,4,frozen_baseline,16,429.93582225,0.01681916695088148,16,1.0,6878.973156,True,
LOCAL-v1-q4-exactly16_sources-5010,4,frozen_baseline,16,519.27757125,0.023175542009994388,16,1.0,8308.44114,True,
LOCAL-v1-q4-exactly16_sources-5011,4,frozen_baseline,16,465.5699156875,0.017430582898668945,16,1.0,7449.118651,True,
LOCAL-v1-q4-exactly16_sources-5012,4,frozen_baseline,16,410.8678796875,0.019704582984559238,16,1.0,6573.886075,True,
LOCAL-v1-q4-exactly16_sources-5013,4,frozen_baseline,16,468.8059315625,0.021513957995921373,16,1.0,7500.894905,True,
LOCAL-v1-q4-exactly16_sources-5014,4,frozen_baseline,16,429.7740915625,0.01723166706506163,16,1.0,6876.385465,True,
LOCAL-v1-q4-exactly16_sources-5015,4,frozen_baseline,16,446.882508125,0.01971454208251089,16,1.0,7150.12013,True,
LOCAL-v1-q4-exactly16_sources-5016,4,frozen_baseline,16,401.793748375,0.019027207978069782,16,1.0,6428.699974,True,
LOCAL-v1-q4-exactly16_sources-5017,4,frozen_baseline,16,368.114695125,0.016261667013168335,16,1.0,5889.835122,True,
LOCAL-v1-q4-exactly16_sources-5018,4,frozen_baseline,16,422.9313103125,0.023825000040233135,16,1.0,6766.900965,True,
LOCAL-v1-q4-exactly16_sources-5019,4,frozen_baseline,16,419.9049589375,0.022260500001721084,16,1.0,6718.479343,True,
LOCAL-v1-q4-exactly16_sources-5020,4,frozen_baseline,16,453.95744875,0.01675612502731383,16,1.0,7263.31918,True,
LOCAL-v1-q4-exactly16_sources-5021,4,frozen_baseline,16,585.574643125,0.018574542016722262,16,1.0,9369.19429,True,
LOCAL-v1-q4-exactly16_sources-5022,4,frozen_baseline,16,417.233901125,0.01837383396923542,16,1.0,6675.742418,True,
LOCAL-v1-q4-exactly16_sources-5023,4,frozen_baseline,16,340.222854,0.021369082969613373,16,1.0,5443.565664,True,
LOCAL-v1-q4-exactly16_sources-5024,4,frozen_baseline,16,526.3092681875,0.016272625070996583,16,1.0,8420.948291,True,
LOCAL-v1-q4-exactly16_sources-5025,4,frozen_baseline,16,443.5629875625,0.020479375030845404,16,1.0,7097.007801,True,
LOCAL-v1-q4-exactly16_sources-5026,4,frozen_baseline,16,442.3542544375,0.018834874965250492,16,1.0,7077.668071,True,
LOCAL-v1-q4-exactly16_sources-5027,4,frozen_baseline,16,400.672512875,0.023868125048466027,16,1.0,6410.760206,True,
LOCAL-v1-q4-exactly16_sources-5028,4,frozen_baseline,16,428.6942969375,0.018859916948713362,16,1.0,6859.108751,True,
LOCAL-v1-q4-exactly16_sources-5029,4,frozen_baseline,16,481.567630375,0.015269625000655651,16,1.0,7705.082086,True,
LOCAL-v1-q4-exactly16_sources-5030,4,frozen_baseline,16,478.822739,0.021718791918829083,16,1.0,7661.163824,True,
LOCAL-v1-q4-exactly16_sources-5031,4,frozen_baseline,16,460.5649975,0.022184583940543234,16,1.0,7369.03996,True,
LOCAL-v1-q4-exactly16_sources-5032,4,frozen_baseline,16,408.24621225,0.01640750002115965,16,1.0,6531.939396,True,
LOCAL-v1-q4-exactly16_sources-5033,4,frozen_baseline,16,515.44080375,0.02033874997869134,16,1.0,8247.05286,True,
LOCAL-v1-q4-exactly16_sources-5034,4,frozen_baseline,16,490.203628625,0.019635791890323162,16,1.0,7843.258058,True,
LOCAL-v1-q4-exactly16_sources-5035,4,frozen_baseline,16,462.0743438125,0.021696959040127695,16,1.0,7393.189501,True,
LOCAL-v1-q4-exactly16_sources-5036,4,frozen_baseline,16,411.37428275,0.019834958016872406,16,1.0,6581.988524,True,
LOCAL-v1-q4-exactly16_sources-5037,4,frozen_baseline,16,384.8575881875,0.022743542096577585,16,1.0,6157.721411,True,
LOCAL-v1-q4-exactly16_sources-5038,4,frozen_baseline,16,410.1532484375,0.019264417001977563,16,1.0,6562.451975,True,
LOCAL-v1-q4-exactly16_sources-5039,4,frozen_baseline,16,458.2751129375,0.0323219170095399,16,1.0,7332.401807,True,
LOCAL-v1-q4-exactly16_sources-5040,4,frozen_baseline,16,424.50246325,0.017495041945949197,16,1.0,6792.039412,True,
LOCAL-v1-q4-exactly16_sources-5041,4,frozen_baseline,16,653.604106375,0.024139082990586758,16,1.0,10457.665702,True,
LOCAL-v1-q4-exactly16_sources-5042,4,frozen_baseline,16,417.8894756875,0.02085879200603813,16,1.0,6686.231611,True,
LOCAL-v1-q4-exactly16_sources-5043,4,frozen_baseline,16,532.3388430625,0.019395583076402545,16,1.0,8517.421489,True,
LOCAL-v1-q4-exactly16_sources-5044,4,frozen_baseline,16,369.6027869375,0.019320957944728434,16,1.0,5913.644591,True,
LOCAL-v1-q4-exactly16_sources-5045,4,frozen_baseline,16,438.8543236875,0.020914708962664008,16,1.0,7021.669179,True,
LOCAL-v1-q4-exactly16_sources-5046,4,frozen_baseline,16,362.1156493125,0.022707542055286467,16,1.0,5793.850389,True,
LOCAL-v1-q4-exactly16_sources-5047,4,frozen_baseline,16,392.92408325,0.022529541980475187,16,1.0,6286.785332,True,
LOCAL-v1-q4-exactly16_sources-5048,4,frozen_baseline,16,396.5297623125,0.017525041941553354,16,1.0,6344.476197,True,
LOCAL-v1-q4-exactly16_sources-5049,4,frozen_baseline,16,623.7849384375,0.018595749977976084,16,1.0,9980.559015,True,
LOCAL-v1-q4-exactly16_sources-5050,4,frozen_baseline,16,455.1278066875,0.016881125047802925,16,1.0,7282.044907,True,
LOCAL-v1-q4-exactly16_sources-5051,4,frozen_baseline,16,390.2329958125,0.01709595904685557,16,1.0,6243.727933,True,
LOCAL-v1-q4-exactly16_sources-5052,4,frozen_baseline,16,428.984941125,0.02215579093899578,16,1.0,6863.759058,True,
LOCAL-v1-q4-exactly16_sources-5053,4,frozen_baseline,16,413.3526328125,0.020459208986721933,16,1.0,6613.642125,True,
LOCAL-v1-q4-exactly16_sources-5054,4,frozen_baseline,16,420.4218415625,0.020119416993111372,16,1.0,6726.749465,True,
LOCAL-v1-q4-exactly16_sources-5055,4,frozen_baseline,16,423.63115125,0.02090695791412145,16,1.0,6778.09842,True,
LOCAL-v1-q4-exactly16_sources-5056,4,frozen_baseline,16,505.0171175,0.019786125048995018,16,1.0,8080.27388,True,
LOCAL-v1-q4-exactly16_sources-5057,4,frozen_baseline,16,431.5847945,0.018287417013198137,16,1.0,6905.356712,True,
LOCAL-v1-q4-exactly16_sources-5058,4,frozen_baseline,16,430.9353013125,0.018324124976061285,16,1.0,6894.964821,True,
LOCAL-v1-q4-exactly16_sources-5059,4,frozen_baseline,16,410.3773650625,0.019247082993388176,16,1.0,6566.037841,True,
LOCAL-v1-q4-exactly16_sources-5060,4,frozen_baseline,16,428.188308,0.01737362495623529,16,1.0,6851.012928,True,
LOCAL-v1-q4-exactly16_sources-5061,4,frozen_baseline,16,421.7442746875,0.016737166908569634,16,1.0,6747.908395,True,
LOCAL-v1-q4-exactly16_sources-5062,4,frozen_baseline,16,620.640057,0.022019834024831653,16,1.0,9930.240912,True,
LOCAL-v1-q4-exactly16_sources-5063,4,frozen_baseline,16,527.7486560625,0.021635457989759743,16,1.0,8443.978497,True,
LOCAL-v1-q4-exactly16_sources-5064,4,frozen_baseline,16,463.852335875,0.015479083056561649,16,1.0,7421.637374,True,
LOCAL-v1-q4-exactly16_sources-5065,4,frozen_baseline,16,411.814636,0.01961370906792581,16,1.0,6589.034176,True,
LOCAL-v1-q4-exactly16_sources-5066,4,frozen_baseline,16,428.6818866875,0.018646624987013638,16,1.0,6858.910187,True,
LOCAL-v1-q4-exactly16_sources-5067,4,frozen_baseline,16,437.9762419375,0.020988042000681162,16,1.0,7007.619871,True,
LOCAL-v1-q4-exactly16_sources-5068,4,frozen_baseline,16,437.514963125,0.017551791039295495,16,1.0,7000.23941,True,
LOCAL-v1-q4-exactly16_sources-5069,4,frozen_baseline,16,482.990475,0.024732791003771126,16,1.0,7727.8476,True,
LOCAL-v1-q4-exactly16_sources-5070,4,frozen_baseline,16,510.6438135625,0.022701708017848432,16,1.0,8170.301017,True,
LOCAL-v1-q4-exactly16_sources-5071,4,frozen_baseline,16,403.6367899375,0.01803470798768103,16,1.0,6458.188639,True,
LOCAL-v1-q4-exactly16_sources-5072,4,frozen_baseline,16,396.83918175,0.020658207940869033,16,1.0,6349.426908,True,
LOCAL-v1-q4-exactly16_sources-5073,4,frozen_baseline,16,442.2456985,0.02128512493800372,16,1.0,7075.931176,True,
LOCAL-v1-q4-exactly16_sources-5074,4,frozen_baseline,16,421.9096605625,0.021101832971908152,16,1.0,6750.554569,True,
LOCAL-v1-q4-exactly16_sources-5075,4,frozen_baseline,16,400.1153016875,0.022704333998262882,16,1.0,6401.844827,True,
LOCAL-v1-q4-exactly16_sources-5076,4,frozen_baseline,16,385.7701101875,0.023099167039617896,16,1.0,6172.321763,True,
LOCAL-v1-q4-exactly16_sources-5077,4,frozen_baseline,16,463.5957270625,0.01675925008021295,16,1.0,7417.531633,True,
LOCAL-v1-q4-exactly16_sources-5078,4,frozen_baseline,16,458.2685925625,0.017352583003230393,16,1.0,7332.297481,True,
LOCAL-v1-q4-exactly16_sources-5079,4,frozen_baseline,16,474.0659999375,0.01935145806055516,16,1.0,7585.055999,True,
LOCAL-v1-q4-exactly16_sources-5080,4,frozen_baseline,16,425.2337536875,0.018784666899591684,16,1.0,6803.740059,True,
LOCAL-v1-q4-exactly16_sources-5081,4,frozen_baseline,16,472.6885008125,0.01909033302217722,16,1.0,7563.016013,True,
LOCAL-v1-q4-exactly16_sources-5082,4,frozen_baseline,16,426.080998,0.01639683300163597,16,1.0,6817.295968,True,
LOCAL-v1-q4-exactly16_sources-5083,4,frozen_baseline,16,455.73564525,0.022060499992221594,16,1.0,7291.770324,True,
LOCAL-v1-q4-exactly16_sources-5084,4,frozen_baseline,16,513.073906875,0.018738790997304022,16,1.0,8209.18251,True,
LOCAL-v1-q4-exactly16_sources-5085,4,frozen_baseline,16,370.699006125,0.020123875001445413,16,1.0,5931.184098,True,
LOCAL-v1-q4-exactly16_sources-5086,4,frozen_baseline,16,381.5230615,0.018954875064082444,16,1.0,6104.368984,True,
LOCAL-v1-q4-exactly16_sources-5087,4,frozen_baseline,16,377.557588125,0.020809332956559956,16,1.0,6040.92141,True,
LOCAL-v1-q4-exactly16_sources-5088,4,frozen_baseline,16,493.202377875,0.022189833922311664,16,1.0,7891.238046,True,
LOCAL-v1-q4-exactly16_sources-5089,4,frozen_baseline,16,452.2476994375,0.016881917021237314,16,1.0,7235.963191,True,
LOCAL-v1-q4-exactly16_sources-5090,4,frozen_baseline,16,492.8834214375,0.01793845894280821,16,1.0,7886.134743,True,
LOCAL-v1-q4-exactly16_sources-5091,4,frozen_baseline,16,481.077142,0.0223447079770267,16,1.0,7697.234272,True,
LOCAL-v1-q4-exactly16_sources-5092,4,frozen_baseline,16,427.7845094375,0.016917541972361505,16,1.0,6844.552151,True,
LOCAL-v1-q4-exactly16_sources-5093,4,frozen_baseline,16,428.4136845,0.020242166006937623,16,1.0,6854.618952,True,
LOCAL-v1-q4-exactly16_sources-5094,4,frozen_baseline,16,449.2184115,0.02183074993081391,16,1.0,7187.494584,True,
LOCAL-v1-q4-exactly16_sources-5095,4,frozen_baseline,16,380.312429625,0.021875333040952682,16,1.0,6084.998874,True,
LOCAL-v1-q4-exactly16_sources-5096,4,frozen_baseline,16,453.5694424375,0.01894858293235302,16,1.0,7257.111079,True,
LOCAL-v1-q4-exactly16_sources-5097,4,frozen_baseline,16,471.2353393125,0.02017495804466307,16,1.0,7539.765429,True,
LOCAL-v1-q4-exactly16_sources-5098,4,frozen_baseline,16,406.7532150625,0.01888058299664408,16,1.0,6508.051441,True,
LOCAL-v1-q4-exactly16_sources-5099,4,frozen_baseline,16,394.128529,0.022085250006057322,16,1.0,6306.056464,True,
LOCAL-v1-q3-reference_assumed-5000,3,candidate,11,309.5461651818182,0.00204204092733562,11,1.0,3405.007817,True,
LOCAL-v1-q3-reference_assumed-5001,3,candidate,14,238.9189832142857,0.0033386669820174575,14,1.0,3344.865765,True,
LOCAL-v1-q3-reference_assumed-5002,3,candidate,15,208.78398793333332,0.002847083960659802,15,1.0,3131.759819,True,
LOCAL-v1-q3-reference_assumed-5003,3,candidate,11,257.8936300909091,0.0023925830610096455,11,1.0,2836.829931,True,
LOCAL-v1-q3-reference_assumed-5004,3,candidate,12,279.02061833333335,0.0018143339548259974,12,1.0,3348.24742,True,
LOCAL-v1-q3-reference_assumed-5005,3,candidate,11,308.7714099090909,0.001819874974898994,11,1.0,3396.485509,True,
LOCAL-v1-q3-reference_assumed-5006,3,candidate,11,310.11622018181816,0.0017734579741954803,11,1.0,3411.278422,True,
LOCAL-v1-q3-reference_assumed-5007,3,candidate,11,289.077638,0.0017937910743057728,11,1.0,3179.854018,True,
LOCAL-v1-q3-reference_assumed-5008,3,candidate,10,281.217934,0.002224041032604873,10,1.0,2812.17934,True,
LOCAL-v1-q3-reference_assumed-5009,3,candidate,14,208.93094285714284,0.002710208995267749,14,1.0,2925.0332,True,
LOCAL-v1-q3-reference_assumed-5010,3,candidate,12,227.95537133333335,0.003334415960125625,12,1.0,2735.464456,True,
LOCAL-v1-q3-reference_assumed-5011,3,candidate,15,280.6032697333333,0.0023640000727027655,15,1.0,4209.049046,True,
LOCAL-v1-q3-reference_assumed-5012,3,candidate,10,302.94189470000003,0.001554375048726797,10,1.0,3029.418947,True,
LOCAL-v1-q3-reference_assumed-5013,3,candidate,12,272.677238,0.0018785829888656735,12,1.0,3272.126856,True,
LOCAL-v1-q3-reference_assumed-5014,3,candidate,11,281.2056780909091,0.002131875022314489,11,1.0,3093.262459,True,
LOCAL-v1-q3-reference_assumed-5015,3,candidate,12,240.92508075,0.002532541984692216,12,1.0,2891.100969,True,
LOCAL-v1-q3-reference_assumed-5016,3,candidate,16,230.2089011875,0.0033268339466303587,16,1.0,3683.342419,True,
LOCAL-v1-q3-reference_assumed-5017,3,candidate,15,242.45309586666664,0.0034397499402984977,15,1.0,3636.796438,True,
LOCAL-v1-q3-reference_assumed-5018,3,candidate,10,308.2348475,0.0017867920687422156,10,1.0,3082.348475,True,
LOCAL-v1-q3-reference_assumed-5019,3,candidate,11,314.7376724545454,0.002001540968194604,11,1.0,3462.114397,True,
LOCAL-v1-q3-reference_assumed-5020,3,candidate,16,219.3030485,0.004161666962318122,16,1.0,3508.848776,True,
LOCAL-v1-q3-reference_assumed-5021,3,candidate,14,267.68017385714285,0.002367125009186566,14,1.0,3747.522434,True,
LOCAL-v1-q3-reference_assumed-5022,3,candidate,14,215.77146,0.0032972500193864107,14,1.0,3020.80044,True,
LOCAL-v1-q3-reference_assumed-5023,3,candidate,15,212.15317186666667,0.003427291987463832,15,1.0,3182.297578,True,
LOCAL-v1-q3-reference_assumed-5024,3,candidate,13,258.1239486153846,0.002693125046789646,13,1.0,3355.611332,True,
LOCAL-v1-q3-reference_assumed-5025,3,candidate,12,277.9596226666667,0.002654082956723869,12,1.0,3335.515472,True,
LOCAL-v1-q3-reference_assumed-5026,3,candidate,15,228.91106573333334,0.0019634170457720757,15,1.0,3433.665986,True,
LOCAL-v1-q3-reference_assumed-5027,3,candidate,11,327.14476127272724,0.0013795000268146396,11,1.0,3598.592374,True,
LOCAL-v1-q3-reference_assumed-5028,3,candidate,10,292.6655353,0.0015350420726463199,10,1.0,2926.655353,True,
LOCAL-v1-q3-reference_assumed-5029,3,candidate,11,272.1152130909091,0.0016485409578308463,11,1.0,2993.267344,True,
LOCAL-v1-q3-reference_assumed-5030,3,candidate,12,225.85017583333334,0.0022929999977350235,12,1.0,2710.20211,True,
LOCAL-v1-q3-reference_assumed-5031,3,candidate,15,206.49531993333332,0.0039004579884931445,15,1.0,3097.429799,True,
LOCAL-v1-q3-reference_assumed-5032,3,candidate,11,279.38776245454545,0.002343249972909689,11,1.0,3073.265387,True,
LOCAL-v1-q3-reference_assumed-5033,3,candidate,14,242.42613807142857,0.0036469579208642244,14,1.0,3393.965933,True,
LOCAL-v1-q3-reference_assumed-5034,3,candidate,16,198.825848625,0.004650082904845476,16,1.0,3181.213578,True,
LOCAL-v1-q3-reference_assumed-5035,3,candidate,10,318.9687982,0.0021574589191004634,10,1.0,3189.687982,True,
LOCAL-v1-q3-reference_assumed-5036,3,candidate,15,215.4359094,0.0036603331100195646,15,1.0,3231.538641,True,
LOCAL-v1-q3-reference_assumed-5037,3,candidate,15,218.34172046666666,0.003166334005072713,15,1.0,3275.125807,True,
LOCAL-v1-q3-reference_assumed-5038,3,candidate,16,198.652607375,0.00399145798292011,16,1.0,3178.441718,True,
LOCAL-v1-q3-reference_assumed-5039,3,candidate,10,323.7954732,0.0017300830222666264,10,1.0,3237.954732,True,
LOCAL-v1-q3-reference_assumed-5040,3,candidate,15,239.29219393333332,0.002897750004194677,15,1.0,3589.382909,True,
LOCAL-v1-q3-reference_assumed-5041,3,candidate,15,221.18153333333333,0.0030708329286426306,15,1.0,3317.723,True,
LOCAL-v1-q3-reference_assumed-5042,3,candidate,11,282.74879327272726,0.001799000077880919,11,1.0,3110.236726,True,
LOCAL-v1-q3-reference_assumed-5043,3,candidate,12,276.1990528333333,0.003149750060401857,12,1.0,3314.388634,True,
LOCAL-v1-q3-reference_assumed-5044,3,candidate,11,295.95584745454545,0.0018211249262094498,11,1.0,3255.514322,True,
LOCAL-v1-q3-reference_assumed-5045,3,candidate,11,275.6763682727273,0.0026064160047098994,11,1.0,3032.440051,True,
LOCAL-v1-q3-reference_assumed-5046,3,candidate,10,266.4829653,0.0019046670058742166,10,1.0,2664.829653,True,
LOCAL-v1-q3-reference_assumed-5047,3,candidate,16,220.931751,0.0032986250007525086,16,1.0,3534.908016,True,
LOCAL-v1-q3-reference_assumed-5048,3,candidate,12,249.514994,0.0018778340891003609,12,1.0,2994.179928,True,
LOCAL-v1-q3-reference_assumed-5049,3,candidate,10,312.5239291,0.0015438749687746167,10,1.0,3125.239291,True,
LOCAL-v1-q3-reference_assumed-5050,3,candidate,15,246.1535122666667,0.0033601659815758467,15,1.0,3692.302684,True,
LOCAL-v1-q3-reference_assumed-5051,3,candidate,11,300.8832881818182,0.0015494580147787929,11,1.0,3309.71617,True,
LOCAL-v1-q3-reference_assumed-5052,3,candidate,13,227.86006092307693,0.0025950829731300473,13,1.0,2962.180792,True,
LOCAL-v1-q3-reference_assumed-5053,3,candidate,16,253.1448624375,0.002442957949824631,16,1.0,4050.317799,True,
LOCAL-v1-q3-reference_assumed-5054,3,candidate,16,259.5072463125,0.0030464999144896865,16,1.0,4152.115941,True,
LOCAL-v1-q3-reference_assumed-5055,3,candidate,12,266.86853816666667,0.001954208011738956,12,1.0,3202.422458,True,
LOCAL-v1-q3-reference_assumed-5056,3,candidate,13,238.48059661538463,0.00234495906624943,13,1.0,3100.247756,True,
LOCAL-v1-q3-reference_assumed-5057,3,candidate,13,280.4585966923077,0.002149208099581301,13,1.0,3645.961757,True,
LOCAL-v1-q3-reference_assumed-5058,3,candidate,14,242.32890635714284,0.0023168749175965786,14,1.0,3392.604689,True,
LOCAL-v1-q3-reference_assumed-5059,3,candidate,12,301.7646849166667,0.001964000053703785,12,1.0,3621.176219,True,
LOCAL-v1-q3-reference_assumed-5060,3,candidate,11,275.17751300000003,0.002244791015982628,11,1.0,3026.952643,True,
LOCAL-v1-q3-reference_assumed-5061,3,candidate,13,243.38364438461537,0.002577834064140916,13,1.0,3163.987377,True,
LOCAL-v1-q3-reference_assumed-5062,3,candidate,16,224.314898125,0.003632499952800572,16,1.0,3589.03837,True,
LOCAL-v1-q3-reference_assumed-5063,3,candidate,15,236.59223213333334,0.0025955000892281532,15,1.0,3548.883482,True,
LOCAL-v1-q3-reference_assumed-5064,3,candidate,13,273.8137503076923,0.002355000004172325,13,1.0,3559.578754,True,
LOCAL-v1-q3-reference_assumed-5065,3,candidate,12,277.8241255,0.0022661250550299883,12,1.0,3333.889506,True,
LOCAL-v1-q3-reference_assumed-5066,3,candidate,10,308.05466540000003,0.0015950410161167383,10,1.0,3080.546654,True,
LOCAL-v1-q3-reference_assumed-5067,3,candidate,16,232.7596325,0.0037184160901233554,16,1.0,3724.15412,True,
LOCAL-v1-q3-reference_assumed-5068,3,candidate,13,212.33627561538464,0.0025047080125659704,13,1.0,2760.371583,True,
LOCAL-v1-q3-reference_assumed-5069,3,candidate,14,222.4201620714286,0.0034470419632270932,14,1.0,3113.882269,True,
LOCAL-v1-q3-reference_assumed-5070,3,candidate,12,271.64773633333334,0.0021769999293610454,12,1.0,3259.772836,True,
LOCAL-v1-q3-reference_assumed-5071,3,candidate,12,277.06757875,0.0021219170885160565,12,1.0,3324.810945,True,
LOCAL-v1-q3-reference_assumed-5072,3,candidate,15,211.62318273333332,0.0032173339277505875,15,1.0,3174.347741,True,
LOCAL-v1-q3-reference_assumed-5073,3,candidate,10,274.8166479,0.00200524996034801,10,1.0,2748.166479,True,
LOCAL-v1-q3-reference_assumed-5074,3,candidate,16,230.32299225,0.0037819580174982548,16,1.0,3685.167876,True,
LOCAL-v1-q3-reference_assumed-5075,3,candidate,15,216.8712558,0.003429208998568356,15,1.0,3253.068837,True,
LOCAL-v1-q3-reference_assumed-5076,3,candidate,12,230.17641658333332,0.002164041972719133,12,1.0,2762.116999,True,
LOCAL-v1-q3-reference_assumed-5077,3,candidate,14,244.2618642142857,0.003134500002488494,14,1.0,3419.666099,True,
LOCAL-v1-q3-reference_assumed-5078,3,candidate,13,260.0929753846154,0.0025974169839173555,13,1.0,3381.20868,True,
LOCAL-v1-q3-reference_assumed-5079,3,candidate,10,300.33743519999996,0.0017116660019382834,10,1.0,3003.374352,True,
LOCAL-v1-q3-reference_assumed-5080,3,candidate,10,276.9775855,0.001933916937559843,10,1.0,2769.775855,True,
LOCAL-v1-q3-reference_assumed-5081,3,candidate,16,237.7155334375,0.003837666939944029,16,1.0,3803.448535,True,
LOCAL-v1-q3-reference_assumed-5082,3,candidate,13,245.7093476923077,0.002294749952852726,13,1.0,3194.22152,True,
LOCAL-v1-q3-reference_assumed-5083,3,candidate,13,252.15663907692308,0.0019341660663485527,13,1.0,3278.036308,True,
LOCAL-v1-q3-reference_assumed-5084,3,candidate,14,249.38132199999998,0.002705999999307096,14,1.0,3491.338508,True,
LOCAL-v1-q3-reference_assumed-5085,3,candidate,15,250.88713226666667,0.0031114999437704682,15,1.0,3763.306984,True,
LOCAL-v1-q3-reference_assumed-5086,3,candidate,12,281.4646784166667,0.0021454169182106853,12,1.0,3377.576141,True,
LOCAL-v1-q3-reference_assumed-5087,3,candidate,13,223.0093627692308,0.0031121670035645366,13,1.0,2899.121716,True,
LOCAL-v1-q3-reference_assumed-5088,3,candidate,16,203.0990889375,0.0033242920180782676,16,1.0,3249.585423,True,
LOCAL-v1-q3-reference_assumed-5089,3,candidate,15,231.62601686666667,0.003506291890516877,15,1.0,3474.390253,True,
LOCAL-v1-q3-reference_assumed-5090,3,candidate,14,231.9549847857143,0.004010290955193341,14,1.0,3247.369787,True,
LOCAL-v1-q3-reference_assumed-5091,3,candidate,12,276.210169,0.002515916945412755,12,1.0,3314.522028,True,
LOCAL-v1-q3-reference_assumed-5092,3,candidate,11,235.98866181818184,0.002595582976937294,11,1.0,2595.87528,True,
LOCAL-v1-q3-reference_assumed-5093,3,candidate,15,254.13070580000002,0.002463166951201856,15,1.0,3811.960587,True,
LOCAL-v1-q3-reference_assumed-5094,3,candidate,11,276.8490863636364,0.0016912500141188502,11,1.0,3045.33995,True,
LOCAL-v1-q3-reference_assumed-5095,3,candidate,10,285.731228,0.0020411249715834856,10,1.0,2857.31228,True,
LOCAL-v1-q3-reference_assumed-5096,3,candidate,14,254.78382935714285,0.0020604999735951424,14,1.0,3566.973611,True,
LOCAL-v1-q3-reference_assumed-5097,3,candidate,13,264.59859146153843,0.002885584020987153,13,1.0,3439.781689,True,
LOCAL-v1-q3-reference_assumed-5098,3,candidate,16,235.443983375,0.0027347500436007977,16,1.0,3767.103734,True,
LOCAL-v1-q3-reference_assumed-5099,3,candidate,13,246.81339984615383,0.002201333991251886,13,1.0,3208.574198,True,
LOCAL-v1-q3-fixed_positive_bias-5000,3,candidate,11,309.71107163636367,0.0018755830824375153,11,1.0,3406.821788,True,
LOCAL-v1-q3-fixed_positive_bias-5001,3,candidate,14,246.89388692857142,0.003537624957971275,14,1.0,3456.514417,True,
LOCAL-v1-q3-fixed_positive_bias-5002,3,candidate,15,211.07506526666666,0.0030089160427451134,15,1.0,3166.125979,True,
LOCAL-v1-q3-fixed_positive_bias-5003,3,candidate,11,260.05390445454543,0.0024690839927643538,11,1.0,2860.592949,True,
LOCAL-v1-q3-fixed_positive_bias-5004,3,candidate,12,276.1175195,0.0019010420655831695,12,1.0,3313.410234,True,
LOCAL-v1-q3-fixed_positive_bias-5005,3,candidate,11,315.7355402727273,0.002186249941587448,11,1.0,3473.090943,True,
LOCAL-v1-q3-fixed_positive_bias-5006,3,candidate,11,314.2860449090909,0.0019515840103849769,11,1.0,3457.146494,True,
LOCAL-v1-q3-fixed_positive_bias-5007,3,candidate,11,302.5570317272727,0.002094249939545989,11,1.0,3328.127349,True,
LOCAL-v1-q3-fixed_positive_bias-5008,3,candidate,10,284.3589544,0.002426499966531992,10,1.0,2843.589544,True,
LOCAL-v1-q3-fixed_positive_bias-5009,3,candidate,14,217.93234764285714,0.00296212499961257,14,1.0,3051.052867,True,
LOCAL-v1-q3-fixed_positive_bias-5010,3,candidate,12,235.52058391666665,0.0032449589343741536,12,1.0,2826.247007,True,
LOCAL-v1-q3-fixed_positive_bias-5011,3,candidate,15,279.7967938666667,0.002818166045472026,15,1.0,4196.951908,True,
LOCAL-v1-q3-fixed_positive_bias-5012,3,candidate,10,312.3474182,0.0016347499331459403,10,1.0,3123.474182,True,
LOCAL-v1-q3-fixed_positive_bias-5013,3,candidate,12,268.11933558333334,0.00214095797855407,12,1.0,3217.432027,True,
LOCAL-v1-q3-fixed_positive_bias-5014,3,candidate,11,281.2486272727273,0.001968667027540505,11,1.0,3093.7349,True,
LOCAL-v1-q3-fixed_positive_bias-5015,3,candidate,12,252.93938525,0.002698416938073933,12,1.0,3035.272623,True,
LOCAL-v1-q3-fixed_positive_bias-5016,3,candidate,16,221.145000125,0.0036434580106288195,16,1.0,3538.320002,True,
LOCAL-v1-q3-fixed_positive_bias-5017,3,candidate,15,227.3649113333333,0.0034516669111326337,15,1.0,3410.47367,True,
LOCAL-v1-q3-fixed_positive_bias-5018,3,candidate,10,308.72049419999996,0.0019337079720571637,10,1.0,3087.204942,True,
LOCAL-v1-q3-fixed_positive_bias-5019,3,candidate,11,313.4313029090909,0.0019305000314489007,11,1.0,3447.744332,True,
LOCAL-v1-q3-fixed_positive_bias-5020,3,candidate,16,209.933866625,0.004116042051464319,16,1.0,3358.941866,True,
LOCAL-v1-q3-fixed_positive_bias-5021,3,candidate,14,255.82287935714288,0.00266716699115932,14,1.0,3581.520311,True,
LOCAL-v1-q3-fixed_positive_bias-5022,3,candidate,14,220.81139935714285,0.003599249990656972,14,1.0,3091.359591,True,
LOCAL-v1-q3-fixed_positive_bias-5023,3,candidate,15,229.50736479999998,0.003833916038274765,15,1.0,3442.610472,True,
LOCAL-v1-q3-fixed_positive_bias-5024,3,candidate,13,250.02061884615384,0.002589500043541193,13,1.0,3250.268045,True,
LOCAL-v1-q3-fixed_positive_bias-5025,3,candidate,12,262.63705683333336,0.0023798750480636954,12,1.0,3151.644682,True,
LOCAL-v1-q3-fixed_positive_bias-5026,3,candidate,15,231.932528,0.0020802090875804424,15,1.0,3478.98792,True,
LOCAL-v1-q3-fixed_positive_bias-5027,3,candidate,11,328.886793,0.0014314999571070075,11,1.0,3617.754723,True,
LOCAL-v1-q3-fixed_positive_bias-5028,3,candidate,10,283.1902787,0.0014974999940022826,10,1.0,2831.902787,True,
LOCAL-v1-q3-fixed_positive_bias-5029,3,candidate,11,275.70144218181815,0.0019334580283612013,11,1.0,3032.715864,True,
LOCAL-v1-q3-fixed_positive_bias-5030,3,candidate,12,241.58588550000002,0.0019870830001309514,12,1.0,2899.030626,True,
LOCAL-v1-q3-fixed_positive_bias-5031,3,candidate,15,203.90084286666666,0.004117166972719133,15,1.0,3058.512643,True,
LOCAL-v1-q3-fixed_positive_bias-5032,3,candidate,11,278.948529,0.002527749980799854,11,1.0,3068.433819,True,
LOCAL-v1-q3-fixed_positive_bias-5033,3,candidate,14,237.21727857142858,0.0034028750378638506,14,1.0,3321.0419,True,
LOCAL-v1-q3-fixed_positive_bias-5034,3,candidate,16,191.897378125,0.004852791898883879,16,1.0,3070.35805,True,
LOCAL-v1-q3-fixed_positive_bias-5035,3,candidate,10,312.8755161,0.0020187089685350657,10,1.0,3128.755161,True,
LOCAL-v1-q3-fixed_positive_bias-5036,3,candidate,15,216.59914533333333,0.003988749929703772,15,1.0,3248.98718,True,
LOCAL-v1-q3-fixed_positive_bias-5037,3,candidate,15,219.6722304,0.0032093750778585672,15,1.0,3295.083456,True,
LOCAL-v1-q3-fixed_positive_bias-5038,3,candidate,16,197.5944421875,0.004223458003252745,16,1.0,3161.511075,True,
LOCAL-v1-q3-fixed_positive_bias-5039,3,candidate,10,333.125743,0.0022292499197646976,10,1.0,3331.25743,True,
LOCAL-v1-q3-fixed_positive_bias-5040,3,candidate,15,236.73175266666667,0.0028337499825283885,15,1.0,3550.97629,True,
LOCAL-v1-q3-fixed_positive_bias-5041,3,candidate,15,226.93960973333333,0.0032986659789457917,15,1.0,3404.094146,True,
LOCAL-v1-q3-fixed_positive_bias-5042,3,candidate,11,281.8323083636364,0.0017019999213516712,11,1.0,3100.155392,True,
LOCAL-v1-q3-fixed_positive_bias-5043,3,candidate,12,276.61411741666666,0.003047625068575144,12,1.0,3319.369409,True,
LOCAL-v1-q3-fixed_positive_bias-5044,3,candidate,11,292.99383363636366,0.001873833010904491,11,1.0,3222.93217,True,
LOCAL-v1-q3-fixed_positive_bias-5045,3,candidate,11,274.4385759090909,0.002766416990198195,11,1.0,3018.824335,True,
LOCAL-v1-q3-fixed_positive_bias-5046,3,candidate,10,270.5390792,0.002082750084809959,10,1.0,2705.390792,True,
LOCAL-v1-q3-fixed_positive_bias-5047,3,candidate,16,234.7751251875,0.002958207973279059,16,1.0,3756.402003,True,
LOCAL-v1-q3-fixed_positive_bias-5048,3,candidate,12,254.74468958333333,0.002250749967060983,12,1.0,3056.936275,True,
LOCAL-v1-q3-fixed_positive_bias-5049,3,candidate,10,312.9124407,0.0015130409738048911,10,1.0,3129.124407,True,
LOCAL-v1-q3-fixed_positive_bias-5050,3,candidate,15,239.31861533333333,0.003381374990567565,15,1.0,3589.77923,True,
LOCAL-v1-q3-fixed_positive_bias-5051,3,candidate,11,303.1720360909091,0.0015859169652685523,11,1.0,3334.892397,True,
LOCAL-v1-q3-fixed_positive_bias-5052,3,candidate,13,231.67689092307694,0.0029918340733274817,13,1.0,3011.799582,True,
LOCAL-v1-q3-fixed_positive_bias-5053,3,candidate,16,245.2951740625,0.002588875009678304,16,1.0,3924.722785,True,
LOCAL-v1-q3-fixed_positive_bias-5054,3,candidate,16,245.349336875,0.002805124968290329,16,1.0,3925.58939,True,
LOCAL-v1-q3-fixed_positive_bias-5055,3,candidate,12,268.45263991666667,0.0022131659789010882,12,1.0,3221.431679,True,
LOCAL-v1-q3-fixed_positive_bias-5056,3,candidate,13,247.0856012307692,0.0026305000064894557,13,1.0,3212.112816,True,
LOCAL-v1-q3-fixed_positive_bias-5057,3,candidate,13,275.12403,0.002143374993465841,13,1.0,3576.61239,True,
LOCAL-v1-q3-fixed_positive_bias-5058,3,candidate,14,232.55922114285713,0.0024948749924078584,14,1.0,3255.829096,True,
LOCAL-v1-q3-fixed_positive_bias-5059,3,candidate,12,298.29664025,0.0019063749350607395,12,1.0,3579.559683,True,
LOCAL-v1-q3-fixed_positive_bias-5060,3,candidate,11,262.75580609090906,0.0024077079724520445,11,1.0,2890.313867,True,
LOCAL-v1-q3-fixed_positive_bias-5061,3,candidate,13,242.39229015384615,0.002318875049240887,13,1.0,3151.099772,True,
LOCAL-v1-q3-fixed_positive_bias-5062,3,candidate,16,221.8968385625,0.003574750036932528,16,1.0,3550.349417,True,
LOCAL-v1-q3-fixed_positive_bias-5063,3,candidate,15,225.16132806666667,0.0032244999893009663,15,1.0,3377.419921,True,
LOCAL-v1-q3-fixed_positive_bias-5064,3,candidate,13,265.63929530769235,0.0025370839284732938,13,1.0,3453.310839,True,
LOCAL-v1-q3-fixed_positive_bias-5065,3,candidate,12,253.79719016666664,0.0018181250197812915,12,1.0,3045.566282,True,
LOCAL-v1-q3-fixed_positive_bias-5066,3,candidate,10,304.997999,0.0015779170207679272,10,1.0,3049.97999,True,
LOCAL-v1-q3-fixed_positive_bias-5067,3,candidate,16,213.7883159375,0.004264415940269828,16,1.0,3420.613055,True,
LOCAL-v1-q3-fixed_positive_bias-5068,3,candidate,13,214.6211276153846,0.002405624953098595,13,1.0,2790.074659,True,
LOCAL-v1-q3-fixed_positive_bias-5069,3,candidate,14,227.98746107142856,0.003916500019840896,14,1.0,3191.824455,True,
LOCAL-v1-q3-fixed_positive_bias-5070,3,candidate,12,271.8139978333333,0.002212041988968849,12,1.0,3261.767974,True,
LOCAL-v1-q3-fixed_positive_bias-5071,3,candidate,12,280.37835083333334,0.002346250112168491,12,1.0,3364.54021,True,
LOCAL-v1-q3-fixed_positive_bias-5072,3,candidate,15,238.03686926666666,0.0033326660050079226,15,1.0,3570.553039,True,
LOCAL-v1-q3-fixed_positive_bias-5073,3,candidate,10,275.5701478,0.0020949169993400574,10,1.0,2755.701478,True,
LOCAL-v1-q3-fixed_positive_bias-5074,3,candidate,16,232.487750375,0.0037662909599021077,16,1.0,3719.804006,True,
LOCAL-v1-q3-fixed_positive_bias-5075,3,candidate,15,214.69110093333333,0.003663207986392081,15,1.0,3220.366514,True,
LOCAL-v1-q3-fixed_positive_bias-5076,3,candidate,12,249.70388058333333,0.00270491698756814,12,1.0,2996.446567,True,
LOCAL-v1-q3-fixed_positive_bias-5077,3,candidate,14,247.19988214285715,0.003217541961930692,14,1.0,3460.79835,True,
LOCAL-v1-q3-fixed_positive_bias-5078,3,candidate,13,257.8482510769231,0.0027232919819653034,13,1.0,3352.027264,True,
LOCAL-v1-q3-fixed_positive_bias-5079,3,candidate,10,298.3316729,0.0018936250125989318,10,1.0,2983.316729,True,
LOCAL-v1-q3-fixed_positive_bias-5080,3,candidate,10,278.171247,0.0020379589404910803,10,1.0,2781.71247,True,
LOCAL-v1-q3-fixed_positive_bias-5081,3,candidate,16,219.2372735,0.0037295420188456774,16,1.0,3507.796376,True,
LOCAL-v1-q3-fixed_positive_bias-5082,3,candidate,13,251.83011376923076,0.0021456669783219695,13,1.0,3273.791479,True,
LOCAL-v1-q3-fixed_positive_bias-5083,3,candidate,13,251.33314376923076,0.002009292016737163,13,1.0,3267.330869,True,
LOCAL-v1-q3-fixed_positive_bias-5084,3,candidate,14,257.17695207142856,0.0031600409420207143,14,1.0,3600.477329,True,
LOCAL-v1-q3-fixed_positive_bias-5085,3,candidate,15,241.34635086666668,0.003051457926630974,15,1.0,3620.195263,True,
LOCAL-v1-q3-fixed_positive_bias-5086,3,candidate,12,281.2565205833333,0.002283999929204583,12,1.0,3375.078247,True,
LOCAL-v1-q3-fixed_positive_bias-5087,3,candidate,13,222.1214076923077,0.0031945829978212714,13,1.0,2887.5783,True,
LOCAL-v1-q3-fixed_positive_bias-5088,3,candidate,16,202.380329125,0.0033623749623075128,16,1.0,3238.085266,True,
LOCAL-v1-q3-fixed_positive_bias-5089,3,candidate,15,232.62892019999998,0.0035864999517798424,15,1.0,3489.433803,True,
LOCAL-v1-q3-fixed_positive_bias-5090,3,candidate,14,231.15505035714287,0.004191374988295138,14,1.0,3236.170705,True,
LOCAL-v1-q3-fixed_positive_bias-5091,3,candidate,12,289.1948605,0.002227792050689459,12,1.0,3470.338326,True,
LOCAL-v1-q3-fixed_positive_bias-5092,3,candidate,11,240.04572936363638,0.002454583067446947,11,1.0,2640.503023,True,
LOCAL-v1-q3-fixed_positive_bias-5093,3,candidate,15,262.0572241333333,0.002766791032627225,15,1.0,3930.858362,True,
LOCAL-v1-q3-fixed_positive_bias-5094,3,candidate,11,275.5373920909091,0.0018454999662935734,11,1.0,3030.911313,True,
LOCAL-v1-q3-fixed_positive_bias-5095,3,candidate,10,290.4362924,0.0022117499029263854,10,1.0,2904.362924,True,
LOCAL-v1-q3-fixed_positive_bias-5096,3,candidate,14,250.47904050000002,0.0027187500381842256,14,1.0,3506.706567,True,
LOCAL-v1-q3-fixed_positive_bias-5097,3,candidate,13,256.7454532307692,0.0026253750547766685,13,1.0,3337.690892,True,
LOCAL-v1-q3-fixed_positive_bias-5098,3,candidate,16,239.264367375,0.0030399170937016606,16,1.0,3828.229878,True,
LOCAL-v1-q3-fixed_positive_bias-5099,3,candidate,13,243.2797176153846,0.0024198750033974648,13,1.0,3162.636329,True,
LOCAL-v1-q3-fixed_negative_bias-5000,3,candidate,11,302.39261936363636,0.001788125024177134,11,1.0,3326.318813,True,
LOCAL-v1-q3-fixed_negative_bias-5001,3,candidate,14,239.89916942857144,0.003573250025510788,14,1.0,3358.588372,True,
LOCAL-v1-q3-fixed_negative_bias-5002,3,candidate,15,210.13798966666667,0.003114958992227912,15,1.0,3152.069845,True,
LOCAL-v1-q3-fixed_negative_bias-5003,3,candidate,11,262.80353,0.0023086669389158487,11,1.0,2890.83883,True,
LOCAL-v1-q3-fixed_negative_bias-5004,3,candidate,12,276.8521973333333,0.0019997499184682965,12,1.0,3322.226368,True,
LOCAL-v1-q3-fixed_negative_bias-5005,3,candidate,11,310.93689863636365,0.001502875005826354,11,1.0,3420.305885,True,
LOCAL-v1-q3-fixed_negative_bias-5006,3,candidate,11,293.49649372727276,0.002406666986644268,11,1.0,3228.461431,True,
LOCAL-v1-q3-fixed_negative_bias-5007,3,candidate,11,293.0241837272727,0.001741084037348628,11,1.0,3223.266021,True,
LOCAL-v1-q3-fixed_negative_bias-5008,3,candidate,10,281.5182174,0.002473458996973932,10,1.0,2815.182174,True,
LOCAL-v1-q3-fixed_negative_bias-5009,3,candidate,14,215.57632278571427,0.0029487500432878733,14,1.0,3018.068519,True,
LOCAL-v1-q3-fixed_negative_bias-5010,3,candidate,12,230.61838391666666,0.0032081250101327896,12,1.0,2767.420607,True,
LOCAL-v1-q3-fixed_negative_bias-5011,3,candidate,15,276.19327873333333,0.0024749169824644923,15,1.0,4142.899181,True,
LOCAL-v1-q3-fixed_negative_bias-5012,3,candidate,10,309.8064002,0.0015577910235151649,10,1.0,3098.064002,True,
LOCAL-v1-q3-fixed_negative_bias-5013,3,candidate,12,293.14600025,0.0021094169933348894,12,1.0,3517.752003,True,
LOCAL-v1-q3-fixed_negative_bias-5014,3,candidate,11,268.7965318181818,0.002197417081333697,11,1.0,2956.76185,True,
LOCAL-v1-q3-fixed_negative_bias-5015,3,candidate,12,237.69878300000002,0.0026031670859083533,12,1.0,2852.385396,True,
LOCAL-v1-q3-fixed_negative_bias-5016,3,candidate,16,202.41761675,0.003121999907307327,16,1.0,3238.681868,True,
LOCAL-v1-q3-fixed_negative_bias-5017,3,candidate,15,250.10175693333335,0.0036191249964758754,15,1.0,3751.526354,True,
LOCAL-v1-q3-fixed_negative_bias-5018,3,candidate,10,312.4148781,0.0021973750554025173,10,1.0,3124.148781,True,
LOCAL-v1-q3-fixed_negative_bias-5019,3,candidate,11,313.46529763636363,0.001983624999411404,11,1.0,3448.118274,True,
LOCAL-v1-q3-fixed_negative_bias-5020,3,candidate,16,229.430934375,0.0042505000019446015,16,1.0,3670.89495,True,
LOCAL-v1-q3-fixed_negative_bias-5021,3,candidate,14,271.88748985714284,0.002721249940805137,14,1.0,3806.424858,True,
LOCAL-v1-q3-fixed_negative_bias-5022,3,candidate,14,217.99955892857142,0.0034151250729337335,14,1.0,3051.993825,True,
LOCAL-v1-q3-fixed_negative_bias-5023,3,candidate,15,229.34987273333334,0.0037178329657763243,15,1.0,3440.248091,True,
LOCAL-v1-q3-fixed_negative_bias-5024,3,candidate,13,256.4316712307692,0.002734416979365051,13,1.0,3333.611726,True,
LOCAL-v1-q3-fixed_negative_bias-5025,3,candidate,12,282.70101225,0.0027079590363427997,12,1.0,3392.412147,True,
LOCAL-v1-q3-fixed_negative_bias-5026,3,candidate,15,233.83454680000003,0.0024261249927803874,15,1.0,3507.518202,True,
LOCAL-v1-q3-fixed_negative_bias-5027,3,candidate,11,338.05274172727275,0.0016513329464942217,11,1.0,3718.580159,True,
LOCAL-v1-q3-fixed_negative_bias-5028,3,candidate,10,310.5665567,0.0017615000251680613,10,1.0,3105.665567,True,
LOCAL-v1-q3-fixed_negative_bias-5029,3,candidate,11,274.8598287272727,0.0018819160759449005,11,1.0,3023.458116,True,
LOCAL-v1-q3-fixed_negative_bias-5030,3,candidate,12,224.3299966666667,0.002129624946974218,12,1.0,2691.95996,True,
LOCAL-v1-q3-fixed_negative_bias-5031,3,candidate,15,209.049508,0.0043279159581288695,15,1.0,3135.74262,True,
LOCAL-v1-q3-fixed_negative_bias-5032,3,candidate,11,287.42985945454546,0.0024765420239418745,11,1.0,3161.728454,True,
LOCAL-v1-q3-fixed_negative_bias-5033,3,candidate,14,253.17212771428572,0.0037003339966759086,14,1.0,3544.409788,True,
LOCAL-v1-q3-fixed_negative_bias-5034,3,candidate,16,195.6684561875,0.004684124956838787,16,1.0,3130.695299,True,
LOCAL-v1-q3-fixed_negative_bias-5035,3,candidate,10,310.6308592,0.0021167079685255885,10,1.0,3106.308592,True,
LOCAL-v1-q3-fixed_negative_bias-5036,3,candidate,15,217.05916726666666,0.004095792071893811,15,1.0,3255.887509,True,
LOCAL-v1-q3-fixed_negative_bias-5037,3,candidate,15,214.6070928,0.003161708009429276,15,1.0,3219.106392,True,
LOCAL-v1-q3-fixed_negative_bias-5038,3,candidate,16,198.7982025625,0.004370791953988373,16,1.0,3180.771241,True,
LOCAL-v1-q3-fixed_negative_bias-5039,3,candidate,10,323.3071998,0.001818415941670537,10,1.0,3233.071998,True,
LOCAL-v1-q3-fixed_negative_bias-5040,3,candidate,15,242.70919513333334,0.0030069160275161266,15,1.0,3640.637927,True,
LOCAL-v1-q3-fixed_negative_bias-5041,3,candidate,15,218.30370086666665,0.0027923750458285213,15,1.0,3274.555513,True,
LOCAL-v1-q3-fixed_negative_bias-5042,3,candidate,11,283.0057688181818,0.001779707963578403,11,1.0,3113.063457,True,
LOCAL-v1-q3-fixed_negative_bias-5043,3,candidate,12,268.9077541666667,0.0029656249098479748,12,1.0,3226.89305,True,
LOCAL-v1-q3-fixed_negative_bias-5044,3,candidate,11,300.2510621818182,0.002308707917109132,11,1.0,3302.761684,True,
LOCAL-v1-q3-fixed_negative_bias-5045,3,candidate,11,269.2512725454545,0.002738624927587807,11,1.0,2961.763998,True,
LOCAL-v1-q3-fixed_negative_bias-5046,3,candidate,10,267.755872,0.0020834999158978462,10,1.0,2677.55872,True,
LOCAL-v1-q3-fixed_negative_bias-5047,3,candidate,16,228.0296344375,0.0034077090676873922,16,1.0,3648.474151,True,
LOCAL-v1-q3-fixed_negative_bias-5048,3,candidate,12,250.30085699999998,0.002031082985922694,12,1.0,3003.610284,True,
LOCAL-v1-q3-fixed_negative_bias-5049,3,candidate,10,303.0810658,0.0015520000597462058,10,1.0,3030.810658,True,
LOCAL-v1-q3-fixed_negative_bias-5050,3,candidate,15,247.64135159999998,0.0029904580442234874,15,1.0,3714.620274,True,
LOCAL-v1-q3-fixed_negative_bias-5051,3,candidate,11,302.979466,0.001832582987844944,11,1.0,3332.774126,True,
LOCAL-v1-q3-fixed_negative_bias-5052,3,candidate,13,230.74696453846155,0.002868750016205013,13,1.0,2999.710539,True,
LOCAL-v1-q3-fixed_negative_bias-5053,3,candidate,16,252.87519725,0.002589208073914051,16,1.0,4046.003156,True,
LOCAL-v1-q3-fixed_negative_bias-5054,3,candidate,16,270.566887625,0.002536957967095077,16,1.0,4329.070202,True,
LOCAL-v1-q3-fixed_negative_bias-5055,3,candidate,12,262.5340785833333,0.00222783291246742,12,1.0,3150.408943,True,
LOCAL-v1-q3-fixed_negative_bias-5056,3,candidate,13,242.49471676923076,0.0025046670343726873,13,1.0,3152.431318,True,
LOCAL-v1-q3-fixed_negative_bias-5057,3,candidate,13,274.18171807692306,0.002122042002156377,13,1.0,3564.362335,True,
LOCAL-v1-q3-fixed_negative_bias-5058,3,candidate,14,238.3027,0.002494500018656254,14,1.0,3336.2378,True,
LOCAL-v1-q3-fixed_negative_bias-5059,3,candidate,12,276.4437825,0.0016998329665511847,12,1.0,3317.32539,True,
LOCAL-v1-q3-fixed_negative_bias-5060,3,candidate,11,271.6749174545455,0.0022139590000733733,11,1.0,2988.424092,True,
LOCAL-v1-q3-fixed_negative_bias-5061,3,candidate,13,243.52650615384616,0.0027107499772682786,13,1.0,3165.84458,True,
LOCAL-v1-q3-fixed_negative_bias-5062,3,candidate,16,220.8255781875,0.003604499972425401,16,1.0,3533.209251,True,
LOCAL-v1-q3-fixed_negative_bias-5063,3,candidate,15,248.46197666666666,0.003352041938342154,15,1.0,3726.92965,True,
LOCAL-v1-q3-fixed_negative_bias-5064,3,candidate,13,274.7080859230769,0.002477249945513904,13,1.0,3571.205117,True,
LOCAL-v1-q3-fixed_negative_bias-5065,3,candidate,12,279.604018,0.0027521660085767508,12,1.0,3355.248216,True,
LOCAL-v1-q3-fixed_negative_bias-5066,3,candidate,10,307.5125415,0.001866124919615686,10,1.0,3075.125415,True,
LOCAL-v1-q3-fixed_negative_bias-5067,3,candidate,16,234.7074773125,0.0038248749915510416,16,1.0,3755.319637,True,
LOCAL-v1-q3-fixed_negative_bias-5068,3,candidate,13,215.60900623076924,0.0026416669134050608,13,1.0,2802.917081,True,
LOCAL-v1-q3-fixed_negative_bias-5069,3,candidate,14,225.81578714285715,0.004023166955448687,14,1.0,3161.42102,True,
LOCAL-v1-q3-fixed_negative_bias-5070,3,candidate,12,277.7084325833333,0.0022099579218775034,12,1.0,3332.501191,True,
LOCAL-v1-q3-fixed_negative_bias-5071,3,candidate,12,271.18050666666664,0.002356791985221207,12,1.0,3254.16608,True,
LOCAL-v1-q3-fixed_negative_bias-5072,3,candidate,15,207.4344614,0.0034933750284835696,15,1.0,3111.516921,True,
LOCAL-v1-q3-fixed_negative_bias-5073,3,candidate,10,278.6895298,0.0020599999697878957,10,1.0,2786.895298,True,
LOCAL-v1-q3-fixed_negative_bias-5074,3,candidate,16,225.6522438125,0.004545958014205098,16,1.0,3610.435901,True,
LOCAL-v1-q3-fixed_negative_bias-5075,3,candidate,15,213.22703486666666,0.0036184589844197035,15,1.0,3198.405523,True,
LOCAL-v1-q3-fixed_negative_bias-5076,3,candidate,12,244.18900116666669,0.0026415829779580235,12,1.0,2930.268014,True,
LOCAL-v1-q3-fixed_negative_bias-5077,3,candidate,14,245.46090564285714,0.002761834068223834,14,1.0,3436.452679,True,
LOCAL-v1-q3-fixed_negative_bias-5078,3,candidate,13,267.78291392307693,0.0028071670094504952,13,1.0,3481.177881,True,
LOCAL-v1-q3-fixed_negative_bias-5079,3,candidate,10,296.7452455,0.001914041000418365,10,1.0,2967.452455,True,
LOCAL-v1-q3-fixed_negative_bias-5080,3,candidate,10,281.0021526,0.002384459017775953,10,1.0,2810.021526,True,
LOCAL-v1-q3-fixed_negative_bias-5081,3,candidate,16,233.918791,0.0038445419631898403,16,1.0,3742.700656,True,
LOCAL-v1-q3-fixed_negative_bias-5082,3,candidate,13,246.66806584615384,0.0021269170101732016,13,1.0,3206.684856,True,
LOCAL-v1-q3-fixed_negative_bias-5083,3,candidate,13,264.8766756153846,0.0027152079856023192,13,1.0,3443.396783,True,
LOCAL-v1-q3-fixed_negative_bias-5084,3,candidate,14,248.32700707142857,0.0032617499819025397,14,1.0,3476.578099,True,
LOCAL-v1-q3-fixed_negative_bias-5085,3,candidate,15,246.70435546666667,0.0030549169750884175,15,1.0,3700.565332,True,
LOCAL-v1-q3-fixed_negative_bias-5086,3,candidate,12,269.99086816666664,0.0023246670607477427,12,1.0,3239.890418,True,
LOCAL-v1-q3-fixed_negative_bias-5087,3,candidate,13,223.98447153846155,0.0030525419861078262,13,1.0,2911.79813,True,
LOCAL-v1-q3-fixed_negative_bias-5088,3,candidate,16,208.8675599375,0.0035123329143971205,16,1.0,3341.880959,True,
LOCAL-v1-q3-fixed_negative_bias-5089,3,candidate,15,241.4533244666667,0.0032325410284101963,15,1.0,3621.799867,True,
LOCAL-v1-q3-fixed_negative_bias-5090,3,candidate,14,229.03724885714286,0.004108167020604014,14,1.0,3206.521484,True,
LOCAL-v1-q3-fixed_negative_bias-5091,3,candidate,12,295.84474875,0.0027219579787924886,12,1.0,3550.136985,True,
LOCAL-v1-q3-fixed_negative_bias-5092,3,candidate,11,240.1729509090909,0.002547375042922795,11,1.0,2641.90246,True,
LOCAL-v1-q3-fixed_negative_bias-5093,3,candidate,15,257.5532532,0.0025331670185551047,15,1.0,3863.298798,True,
LOCAL-v1-q3-fixed_negative_bias-5094,3,candidate,11,276.818895,0.002029458060860634,11,1.0,3045.007845,True,
LOCAL-v1-q3-fixed_negative_bias-5095,3,candidate,10,278.334586,0.0020464580738916993,10,1.0,2783.34586,True,
LOCAL-v1-q3-fixed_negative_bias-5096,3,candidate,14,249.58274592857143,0.0023082500556483865,14,1.0,3494.158443,True,
LOCAL-v1-q3-fixed_negative_bias-5097,3,candidate,13,272.7102679230769,0.002819583984091878,13,1.0,3545.233483,True,
LOCAL-v1-q3-fixed_negative_bias-5098,3,candidate,16,215.4703595,0.0033356669591739774,16,1.0,3447.525752,True,
LOCAL-v1-q3-fixed_negative_bias-5099,3,candidate,13,262.8095386923077,0.003036750014871359,13,1.0,3416.524003,True,
LOCAL-v1-q3-smooth_shared_field-5000,3,candidate,11,313.8486475454545,0.0018510420341044664,11,1.0,3452.335123,True,
LOCAL-v1-q3-smooth_shared_field-5001,3,candidate,14,237.97217335714285,0.0033086250768974423,14,1.0,3331.610427,True,
LOCAL-v1-q3-smooth_shared_field-5002,3,candidate,15,210.32145926666666,0.0027853340143337846,15,1.0,3154.821889,True,
LOCAL-v1-q3-smooth_shared_field-5003,3,candidate,11,255.76573818181816,0.00205120793543756,11,1.0,2813.42312,True,
LOCAL-v1-q3-smooth_shared_field-5004,3,candidate,12,277.09087941666667,0.00198170798830688,12,1.0,3325.090553,True,
LOCAL-v1-q3-smooth_shared_field-5005,3,candidate,11,313.03892536363634,0.001571665983647108,11,1.0,3443.428179,True,
LOCAL-v1-q3-smooth_shared_field-5006,3,candidate,11,292.9898472727273,0.0021439590491354465,11,1.0,3222.88832,True,
LOCAL-v1-q3-smooth_shared_field-5007,3,candidate,11,287.93582154545453,0.0015712499152868986,11,1.0,3167.294037,True,
LOCAL-v1-q3-smooth_shared_field-5008,3,candidate,10,279.6871375,0.0023250419180840254,10,1.0,2796.871375,True,
LOCAL-v1-q3-smooth_shared_field-5009,3,candidate,14,212.34303935714289,0.0026838340563699603,14,1.0,2972.802551,True,
LOCAL-v1-q3-smooth_shared_field-5010,3,candidate,12,239.46098183333334,0.002846249961294234,12,1.0,2873.531782,True,
LOCAL-v1-q3-smooth_shared_field-5011,3,candidate,15,274.56057933333335,0.002488582977093756,15,1.0,4118.40869,True,
LOCAL-v1-q3-smooth_shared_field-5012,3,candidate,10,304.9663161,0.0013599999947473407,10,1.0,3049.663161,True,
LOCAL-v1-q3-smooth_shared_field-5013,3,candidate,12,295.2915535,0.0019892080454155803,12,1.0,3543.498642,True,
LOCAL-v1-q3-smooth_shared_field-5014,3,candidate,11,281.0462581818182,0.001995833939872682,11,1.0,3091.50884,True,
LOCAL-v1-q3-smooth_shared_field-5015,3,candidate,12,246.07286141666668,0.0025241250405088067,12,1.0,2952.874337,True,
LOCAL-v1-q3-smooth_shared_field-5016,3,candidate,16,198.5785525625,0.0027382910484448075,16,1.0,3177.256841,True,
LOCAL-v1-q3-smooth_shared_field-5017,3,candidate,15,248.55301566666668,0.0033231659326702356,15,1.0,3728.295235,True,
LOCAL-v1-q3-smooth_shared_field-5018,3,candidate,10,302.6218625,0.002190500032156706,10,1.0,3026.218625,True,
LOCAL-v1-q3-smooth_shared_field-5019,3,candidate,11,316.35695763636363,0.0020781659986823797,11,1.0,3479.926534,True,
LOCAL-v1-q3-smooth_shared_field-5020,3,candidate,16,213.5799926875,0.004013041965663433,16,1.0,3417.279883,True,
LOCAL-v1-q3-smooth_shared_field-5021,3,candidate,14,275.48357757142855,0.0027261669747531414,14,1.0,3856.770086,True,
LOCAL-v1-q3-smooth_shared_field-5022,3,candidate,14,224.4165055,0.0033011249033734202,14,1.0,3141.831077,True,
LOCAL-v1-q3-smooth_shared_field-5023,3,candidate,15,227.75207319999998,0.004037083010189235,15,1.0,3416.281098,True,
LOCAL-v1-q3-smooth_shared_field-5024,3,candidate,13,257.20968953846153,0.002456999965943396,13,1.0,3343.725964,True,
LOCAL-v1-q3-smooth_shared_field-5025,3,candidate,12,279.6219305,0.002434917027130723,12,1.0,3355.463166,True,
LOCAL-v1-q3-smooth_shared_field-5026,3,candidate,15,236.2717524,0.0024498329730704427,15,1.0,3544.076286,True,
LOCAL-v1-q3-smooth_shared_field-5027,3,candidate,11,332.67664145454546,0.0014778750482946634,11,1.0,3659.443056,True,
LOCAL-v1-q3-smooth_shared_field-5028,3,candidate,10,305.25199,0.0015804999275133014,10,1.0,3052.5199,True,
LOCAL-v1-q3-smooth_shared_field-5029,3,candidate,11,266.55292136363636,0.0016725420719012618,11,1.0,2932.082135,True,
LOCAL-v1-q3-smooth_shared_field-5030,3,candidate,12,222.488998,0.001988333067856729,12,1.0,2669.867976,True,
LOCAL-v1-q3-smooth_shared_field-5031,3,candidate,15,206.20634593333335,0.004167750012129545,15,1.0,3093.095189,True,
LOCAL-v1-q3-smooth_shared_field-5032,3,candidate,11,285.71129063636363,0.0026225829496979713,11,1.0,3142.824197,True,
LOCAL-v1-q3-smooth_shared_field-5033,3,candidate,14,250.0167837857143,0.0034260419197380543,14,1.0,3500.234973,True,
LOCAL-v1-q3-smooth_shared_field-5034,3,candidate,16,193.91955675,0.00463245902210474,16,1.0,3102.712908,True,
LOCAL-v1-q3-smooth_shared_field-5035,3,candidate,10,310.4227016,0.0018525830237194896,10,1.0,3104.227016,True,
LOCAL-v1-q3-smooth_shared_field-5036,3,candidate,15,217.63913993333333,0.003903167089447379,15,1.0,3264.587099,True,
LOCAL-v1-q3-smooth_shared_field-5037,3,candidate,15,221.48649500000002,0.0031744580483064055,15,1.0,3322.297425,True,
LOCAL-v1-q3-smooth_shared_field-5038,3,candidate,16,194.537492875,0.004390167072415352,16,1.0,3112.599886,True,
LOCAL-v1-q3-smooth_shared_field-5039,3,candidate,10,333.7766277,0.0018219579942524433,10,1.0,3337.766277,True,
LOCAL-v1-q3-smooth_shared_field-5040,3,candidate,15,242.09260866666668,0.0028043329948559403,15,1.0,3631.38913,True,
LOCAL-v1-q3-smooth_shared_field-5041,3,candidate,15,221.0551574,0.0027313330210745335,15,1.0,3315.827361,True,
LOCAL-v1-q3-smooth_shared_field-5042,3,candidate,11,278.0471203636364,0.001555625000037253,11,1.0,3058.518324,True,
LOCAL-v1-q3-smooth_shared_field-5043,3,candidate,12,272.4477328333333,0.0028582920785993338,12,1.0,3269.372794,True,
LOCAL-v1-q3-smooth_shared_field-5044,3,candidate,11,290.2145071818182,0.0019052500138059258,11,1.0,3192.359579,True,
LOCAL-v1-q3-smooth_shared_field-5045,3,candidate,11,271.8098450909091,0.002526083029806614,11,1.0,2989.908296,True,
LOCAL-v1-q3-smooth_shared_field-5046,3,candidate,10,268.0149538,0.0020287089282646775,10,1.0,2680.149538,True,
LOCAL-v1-q3-smooth_shared_field-5047,3,candidate,16,219.9792938125,0.002779250033199787,16,1.0,3519.668701,True,
LOCAL-v1-q3-smooth_shared_field-5048,3,candidate,12,250.75191675,0.0020648339996114373,12,1.0,3009.023001,True,
LOCAL-v1-q3-smooth_shared_field-5049,3,candidate,10,306.6891439,0.001578458002768457,10,1.0,3066.891439,True,
LOCAL-v1-q3-smooth_shared_field-5050,3,candidate,15,250.77084146666667,0.0029384579975157976,15,1.0,3761.562622,True,
LOCAL-v1-q3-smooth_shared_field-5051,3,candidate,11,298.8049207272727,0.0016715830424800515,11,1.0,3286.854128,True,
LOCAL-v1-q3-smooth_shared_field-5052,3,candidate,13,230.951402,0.0027704999083653092,13,1.0,3002.368226,True,
LOCAL-v1-q3-smooth_shared_field-5053,3,candidate,16,248.2289645625,0.002522458089515567,16,1.0,3971.663433,True,
LOCAL-v1-q3-smooth_shared_field-5054,3,candidate,16,279.5503189375,0.002306167036294937,16,1.0,4472.805103,True,
LOCAL-v1-q3-smooth_shared_field-5055,3,candidate,12,264.0635830833333,0.0024510419461876154,12,1.0,3168.762997,True,
LOCAL-v1-q3-smooth_shared_field-5056,3,candidate,13,241.74395207692308,0.0023917920188978314,13,1.0,3142.671377,True,
LOCAL-v1-q3-smooth_shared_field-5057,3,candidate,13,280.0153840769231,0.002021457999944687,13,1.0,3640.199993,True,
LOCAL-v1-q3-smooth_shared_field-5058,3,candidate,14,233.99352885714285,0.0024602089542895555,14,1.0,3275.909404,True,
LOCAL-v1-q3-smooth_shared_field-5059,3,candidate,12,277.6397135,0.001636084052734077,12,1.0,3331.676562,True,
LOCAL-v1-q3-smooth_shared_field-5060,3,candidate,11,267.55943172727274,0.0021216670284047723,11,1.0,2943.153749,True,
LOCAL-v1-q3-smooth_shared_field-5061,3,candidate,13,247.66487353846153,0.002538291970267892,13,1.0,3219.643356,True,
LOCAL-v1-q3-smooth_shared_field-5062,3,candidate,16,221.1762710625,0.0036517499247565866,16,1.0,3538.820337,True,
LOCAL-v1-q3-smooth_shared_field-5063,3,candidate,15,233.6610154,0.0029342080233618617,15,1.0,3504.915231,True,
LOCAL-v1-q3-smooth_shared_field-5064,3,candidate,13,265.30036453846157,0.002282500034198165,13,1.0,3448.904739,True,
LOCAL-v1-q3-smooth_shared_field-5065,3,candidate,12,275.8749398333333,0.002629916067235172,12,1.0,3310.499278,True,
LOCAL-v1-q3-smooth_shared_field-5066,3,candidate,10,312.468068,0.0019408330554142594,10,1.0,3124.68068,True,
LOCAL-v1-q3-smooth_shared_field-5067,3,candidate,16,234.635120375,0.004061624989844859,16,1.0,3754.161926,True,
LOCAL-v1-q3-smooth_shared_field-5068,3,candidate,13,215.03547792307694,0.002831874997355044,13,1.0,2795.461213,True,
LOCAL-v1-q3-smooth_shared_field-5069,3,candidate,14,226.22591057142859,0.003902041004039347,14,1.0,3167.162748,True,
LOCAL-v1-q3-smooth_shared_field-5070,3,candidate,12,276.56717933333334,0.002151415916159749,12,1.0,3318.806152,True,
LOCAL-v1-q3-smooth_shared_field-5071,3,candidate,12,275.696139,0.002323416993021965,12,1.0,3308.353668,True,
LOCAL-v1-q3-smooth_shared_field-5072,3,candidate,15,207.7873816,0.0032882080413401127,15,1.0,3116.810724,True,
LOCAL-v1-q3-smooth_shared_field-5073,3,candidate,10,285.0616098,0.0022436250001192093,10,1.0,2850.616098,True,
LOCAL-v1-q3-smooth_shared_field-5074,3,candidate,16,228.2883369375,0.004406083025969565,16,1.0,3652.613391,True,
LOCAL-v1-q3-smooth_shared_field-5075,3,candidate,15,212.5220843333333,0.003705916926264763,15,1.0,3187.831265,True,
LOCAL-v1-q3-smooth_shared_field-5076,3,candidate,12,244.65042275,0.0025774999521672726,12,1.0,2935.805073,True,
LOCAL-v1-q3-smooth_shared_field-5077,3,candidate,14,249.43208192857145,0.0025294170482084155,14,1.0,3492.049147,True,
LOCAL-v1-q3-smooth_shared_field-5078,3,candidate,13,264.40621323076925,0.002779416972771287,13,1.0,3437.280772,True,
LOCAL-v1-q3-smooth_shared_field-5079,3,candidate,10,293.1971403,0.0018562079640105367,10,1.0,2931.971403,True,
LOCAL-v1-q3-smooth_shared_field-5080,3,candidate,10,282.764756,0.0021074169781059027,10,1.0,2827.64756,True,
LOCAL-v1-q3-smooth_shared_field-5081,3,candidate,16,239.058731875,0.004560417030006647,16,1.0,3824.93971,True,
LOCAL-v1-q3-smooth_shared_field-5082,3,candidate,13,249.28898007692308,0.0020371669670566916,13,1.0,3240.756741,True,
LOCAL-v1-q3-smooth_shared_field-5083,3,candidate,13,258.5941639230769,0.0023132500937208533,13,1.0,3361.724131,True,
LOCAL-v1-q3-smooth_shared_field-5084,3,candidate,14,244.79941307142857,0.0032562919659540057,14,1.0,3427.191783,True,
LOCAL-v1-q3-smooth_shared_field-5085,3,candidate,15,240.29427833333332,0.0029375830199569464,15,1.0,3604.414175,True,
LOCAL-v1-q3-smooth_shared_field-5086,3,candidate,12,272.61404941666666,0.002127167070284486,12,1.0,3271.368593,True,
LOCAL-v1-q3-smooth_shared_field-5087,3,candidate,13,224.2513860769231,0.0030826249858364463,13,1.0,2915.268019,True,
LOCAL-v1-q3-smooth_shared_field-5088,3,candidate,16,205.3655103125,0.0033125829650089145,16,1.0,3285.848165,True,
LOCAL-v1-q3-smooth_shared_field-5089,3,candidate,15,234.44139140000001,0.003008167026564479,15,1.0,3516.620871,True,
LOCAL-v1-q3-smooth_shared_field-5090,3,candidate,14,234.66706614285712,0.004265166004188359,14,1.0,3285.338926,True,
LOCAL-v1-q3-smooth_shared_field-5091,3,candidate,12,292.21558275,0.0025820420123636723,12,1.0,3506.586993,True,
LOCAL-v1-q3-smooth_shared_field-5092,3,candidate,11,242.49323536363636,0.0029659169958904386,11,1.0,2667.425589,True,
LOCAL-v1-q3-smooth_shared_field-5093,3,candidate,15,258.85589139999996,0.0024731250014156103,15,1.0,3882.838371,True,
LOCAL-v1-q3-smooth_shared_field-5094,3,candidate,11,272.48298863636364,0.0017928340239450336,11,1.0,2997.312875,True,
LOCAL-v1-q3-smooth_shared_field-5095,3,candidate,10,319.4453438,0.0017919579986482859,10,1.0,3194.453438,True,
LOCAL-v1-q3-smooth_shared_field-5096,3,candidate,14,256.38584235714285,0.002727125072851777,14,1.0,3589.401793,True,
LOCAL-v1-q3-smooth_shared_field-5097,3,candidate,13,267.2522876153846,0.0028054999420419335,13,1.0,3474.279739,True,
LOCAL-v1-q3-smooth_shared_field-5098,3,candidate,16,217.4922576875,0.0031879169400781393,16,1.0,3479.876123,True,
LOCAL-v1-q3-smooth_shared_field-5099,3,candidate,13,259.98747353846153,0.0029291670070961118,13,1.0,3379.837156,True,
LOCAL-v1-q3-cell50_shared_field-5000,3,candidate,11,305.37486654545455,0.001782250008545816,11,1.0,3359.123532,True,
LOCAL-v1-q3-cell50_shared_field-5001,3,candidate,14,240.3005447142857,0.0036239170003682375,14,1.0,3364.207626,True,
LOCAL-v1-q3-cell50_shared_field-5002,3,candidate,15,210.22776346666666,0.0028429169906303287,15,1.0,3153.416452,True,
LOCAL-v1-q3-cell50_shared_field-5003,3,candidate,11,258.0900367272727,0.0022207089932635427,11,1.0,2838.990404,True,
LOCAL-v1-q3-cell50_shared_field-5004,3,candidate,12,272.6718261666667,0.0017702920595183969,12,1.0,3272.061914,True,
LOCAL-v1-q3-cell50_shared_field-5005,3,candidate,11,312.7143976363636,0.0017498750239610672,11,1.0,3439.858374,True,
LOCAL-v1-q3-cell50_shared_field-5006,3,candidate,11,291.73750236363634,0.0021371659822762012,11,1.0,3209.112526,True,
LOCAL-v1-q3-cell50_shared_field-5007,3,candidate,11,287.16687545454545,0.001621832954697311,11,1.0,3158.83563,True,
LOCAL-v1-q3-cell50_shared_field-5008,3,candidate,10,278.76501509999997,0.0023316669976338744,10,1.0,2787.650151,True,
LOCAL-v1-q3-cell50_shared_field-5009,3,candidate,14,214.29831492857144,0.002805290976539254,14,1.0,3000.176409,True,
LOCAL-v1-q3-cell50_shared_field-5010,3,candidate,12,231.10825241666666,0.0032407500548288226,12,1.0,2773.299029,True,
LOCAL-v1-q3-cell50_shared_field-5011,3,candidate,15,290.34653199999997,0.0024250000715255737,15,1.0,4355.19798,True,
LOCAL-v1-q3-cell50_shared_field-5012,3,candidate,10,311.51451149999997,0.0015850829659029841,10,1.0,3115.145115,True,
LOCAL-v1-q3-cell50_shared_field-5013,3,candidate,12,266.731091,0.001961833913810551,12,1.0,3200.773092,True,
LOCAL-v1-q3-cell50_shared_field-5014,3,candidate,11,265.52173563636364,0.00205354206264019,11,1.0,2920.739092,True,
LOCAL-v1-q3-cell50_shared_field-5015,3,candidate,12,243.467402,0.0025233749765902758,12,1.0,2921.608824,True,
LOCAL-v1-q3-cell50_shared_field-5016,3,candidate,16,226.5633490625,0.003437582985498011,16,1.0,3625.013585,True,
LOCAL-v1-q3-cell50_shared_field-5017,3,candidate,15,223.12176933333333,0.0032421660143882036,15,1.0,3346.82654,True,
LOCAL-v1-q3-cell50_shared_field-5018,3,candidate,10,304.0673358,0.0019704579608514905,10,1.0,3040.673358,True,
LOCAL-v1-q3-cell50_shared_field-5019,3,candidate,11,320.3635668181818,0.0020215840777382255,11,1.0,3523.999235,True,
LOCAL-v1-q3-cell50_shared_field-5020,3,candidate,16,216.27724125,0.004262958071194589,16,1.0,3460.43586,True,
LOCAL-v1-q3-cell50_shared_field-5021,3,candidate,14,271.5711302857143,0.0026641670847311616,14,1.0,3801.995824,True,
LOCAL-v1-q3-cell50_shared_field-5022,3,candidate,14,197.39943314285713,0.00305854098405689,14,1.0,2763.592064,True,
LOCAL-v1-q3-cell50_shared_field-5023,3,candidate,15,232.92056466666665,0.0037045000353828073,15,1.0,3493.80847,True,
LOCAL-v1-q3-cell50_shared_field-5024,3,candidate,13,255.24573400000003,0.0027081669541075826,13,1.0,3318.194542,True,
LOCAL-v1-q3-cell50_shared_field-5025,3,candidate,12,262.9737905,0.0023412080481648445,12,1.0,3155.685486,True,
LOCAL-v1-q3-cell50_shared_field-5026,3,candidate,15,230.42815426666667,0.0021768329897895455,15,1.0,3456.422314,True,
LOCAL-v1-q3-cell50_shared_field-5027,3,candidate,11,331.4954350909091,0.0017704579513520002,11,1.0,3646.449786,True,
LOCAL-v1-q3-cell50_shared_field-5028,3,candidate,10,305.0262381,0.001577042043209076,10,1.0,3050.262381,True,
LOCAL-v1-q3-cell50_shared_field-5029,3,candidate,11,271.1167765454545,0.0017055000644177198,11,1.0,2982.284542,True,
LOCAL-v1-q3-cell50_shared_field-5030,3,candidate,12,226.00926225,0.0020188329508528113,12,1.0,2712.111147,True,
LOCAL-v1-q3-cell50_shared_field-5031,3,candidate,15,214.29850560000003,0.0039024580037221313,15,1.0,3214.477584,True,
LOCAL-v1-q3-cell50_shared_field-5032,3,candidate,11,287.2863389090909,0.00258229102473706,11,1.0,3160.149728,True,
LOCAL-v1-q3-cell50_shared_field-5033,3,candidate,14,239.70074535714284,0.003375584026798606,14,1.0,3355.810435,True,
LOCAL-v1-q3-cell50_shared_field-5034,3,candidate,16,197.9836406875,0.004722125013358891,16,1.0,3167.738251,True,
LOCAL-v1-q3-cell50_shared_field-5035,3,candidate,10,311.2316479,0.0018888750346377492,10,1.0,3112.316479,True,
LOCAL-v1-q3-cell50_shared_field-5036,3,candidate,15,215.39512413333333,0.003715708968229592,15,1.0,3230.926862,True,
LOCAL-v1-q3-cell50_shared_field-5037,3,candidate,15,219.55865766666665,0.0032421670621261,15,1.0,3293.379865,True,
LOCAL-v1-q3-cell50_shared_field-5038,3,candidate,16,194.225230625,0.004085665917955339,16,1.0,3107.60369,True,
LOCAL-v1-q3-cell50_shared_field-5039,3,candidate,10,329.71423089999996,0.0017714579589664936,10,1.0,3297.142309,True,
LOCAL-v1-q3-cell50_shared_field-5040,3,candidate,15,240.13608506666665,0.0028437080327421427,15,1.0,3602.041276,True,
LOCAL-v1-q3-cell50_shared_field-5041,3,candidate,15,227.32911026666667,0.0030955419642850757,15,1.0,3409.936654,True,
LOCAL-v1-q3-cell50_shared_field-5042,3,candidate,11,284.0157519090909,0.0017064580461010337,11,1.0,3124.173271,True,
LOCAL-v1-q3-cell50_shared_field-5043,3,candidate,12,270.1399785,0.0029524170095101,12,1.0,3241.679742,True,
LOCAL-v1-q3-cell50_shared_field-5044,3,candidate,11,305.08727554545453,0.0018607079982757568,11,1.0,3355.960031,True,
LOCAL-v1-q3-cell50_shared_field-5045,3,candidate,11,265.94194763636364,0.0027266249526292086,11,1.0,2925.361424,True,
LOCAL-v1-q3-cell50_shared_field-5046,3,candidate,10,268.1103555,0.001986708026379347,10,1.0,2681.103555,True,
LOCAL-v1-q3-cell50_shared_field-5047,3,candidate,16,230.3038205,0.0030331250745803118,16,1.0,3684.861128,True,
LOCAL-v1-q3-cell50_shared_field-5048,3,candidate,12,254.070486,0.0020502499537542462,12,1.0,3048.845832,True,
LOCAL-v1-q3-cell50_shared_field-5049,3,candidate,10,307.80351740000003,0.0015215419698506594,10,1.0,3078.035174,True,
LOCAL-v1-q3-cell50_shared_field-5050,3,candidate,15,237.67226346666666,0.003181082895025611,15,1.0,3565.083952,True,
LOCAL-v1-q3-cell50_shared_field-5051,3,candidate,11,303.6562977272727,0.00169112510047853,11,1.0,3340.219275,True,
LOCAL-v1-q3-cell50_shared_field-5052,3,candidate,13,230.2578799230769,0.0026835830649361014,13,1.0,2993.352439,True,
LOCAL-v1-q3-cell50_shared_field-5053,3,candidate,16,252.0823295625,0.0024647919926792383,16,1.0,4033.317273,True,
LOCAL-v1-q3-cell50_shared_field-5054,3,candidate,16,270.536873125,0.002383165992796421,16,1.0,4328.58997,True,
LOCAL-v1-q3-cell50_shared_field-5055,3,candidate,12,265.8132028333333,0.0024235419696196914,12,1.0,3189.758434,True,
LOCAL-v1-q3-cell50_shared_field-5056,3,candidate,13,242.95117346153847,0.0024641669588163495,13,1.0,3158.365255,True,
LOCAL-v1-q3-cell50_shared_field-5057,3,candidate,13,268.5191654615385,0.0019844999769702554,13,1.0,3490.749151,True,
LOCAL-v1-q3-cell50_shared_field-5058,3,candidate,14,239.57465607142856,0.002349791000597179,14,1.0,3354.045185,True,
LOCAL-v1-q3-cell50_shared_field-5059,3,candidate,12,276.1423565833333,0.0017020830418914557,12,1.0,3313.708279,True,
LOCAL-v1-q3-cell50_shared_field-5060,3,candidate,11,271.54194418181817,0.0020829170243814588,11,1.0,2986.961386,True,
LOCAL-v1-q3-cell50_shared_field-5061,3,candidate,13,242.03049046153848,0.0024523750180378556,13,1.0,3146.396376,True,
LOCAL-v1-q3-cell50_shared_field-5062,3,candidate,16,223.967338,0.003864915925078094,16,1.0,3583.477408,True,
LOCAL-v1-q3-cell50_shared_field-5063,3,candidate,15,245.9937263333333,0.0030099580762907863,15,1.0,3689.905895,True,
LOCAL-v1-q3-cell50_shared_field-5064,3,candidate,13,264.6706031538462,0.0023341249907389283,13,1.0,3440.717841,True,
LOCAL-v1-q3-cell50_shared_field-5065,3,candidate,12,254.00876158333332,0.001987457973882556,12,1.0,3048.105139,True,
LOCAL-v1-q3-cell50_shared_field-5066,3,candidate,10,310.7956138,0.0016519579803571105,10,1.0,3107.956138,True,
LOCAL-v1-q3-cell50_shared_field-5067,3,candidate,16,215.8450958125,0.004082042025402188,16,1.0,3453.521533,True,
LOCAL-v1-q3-cell50_shared_field-5068,3,candidate,13,214.474544,0.002801083028316498,13,1.0,2788.169072,True,
LOCAL-v1-q3-cell50_shared_field-5069,3,candidate,14,226.6103355,0.003742665983736515,14,1.0,3172.544697,True,
LOCAL-v1-q3-cell50_shared_field-5070,3,candidate,12,278.1048720833333,0.001964291906915605,12,1.0,3337.258465,True,
LOCAL-v1-q3-cell50_shared_field-5071,3,candidate,12,273.50497325,0.0023499580565840006,12,1.0,3282.059679,True,
LOCAL-v1-q3-cell50_shared_field-5072,3,candidate,15,210.638123,0.0032055419869720936,15,1.0,3159.571845,True,
LOCAL-v1-q3-cell50_shared_field-5073,3,candidate,10,280.3564484,0.001944500021636486,10,1.0,2803.564484,True,
LOCAL-v1-q3-cell50_shared_field-5074,3,candidate,16,233.0921654375,0.003599249990656972,16,1.0,3729.474647,True,
LOCAL-v1-q3-cell50_shared_field-5075,3,candidate,15,211.2135564,0.0034326669992879033,15,1.0,3168.203346,True,
LOCAL-v1-q3-cell50_shared_field-5076,3,candidate,12,247.29248116666668,0.002316791913472116,12,1.0,2967.509774,True,
LOCAL-v1-q3-cell50_shared_field-5077,3,candidate,14,244.60067442857144,0.003210666007362306,14,1.0,3424.409442,True,
LOCAL-v1-q3-cell50_shared_field-5078,3,candidate,13,258.37644515384613,0.0026432500453665853,13,1.0,3358.893787,True,
LOCAL-v1-q3-cell50_shared_field-5079,3,candidate,10,305.3859383,0.001795666990801692,10,1.0,3053.859383,True,
LOCAL-v1-q3-cell50_shared_field-5080,3,candidate,10,281.9757912,0.002203207928687334,10,1.0,2819.757912,True,
LOCAL-v1-q3-cell50_shared_field-5081,3,candidate,16,219.1365815625,0.0037440829910337925,16,1.0,3506.185305,True,
LOCAL-v1-q3-cell50_shared_field-5082,3,candidate,13,250.30420830769233,0.0018964579794555902,13,1.0,3253.954708,True,
LOCAL-v1-q3-cell50_shared_field-5083,3,candidate,13,261.9375150769231,0.0021939590806141496,13,1.0,3405.187696,True,
LOCAL-v1-q3-cell50_shared_field-5084,3,candidate,14,257.0449138571429,0.0030642079655081034,14,1.0,3598.628794,True,
LOCAL-v1-q3-cell50_shared_field-5085,3,candidate,15,241.50893173333333,0.00276029109954834,15,1.0,3622.633976,True,
LOCAL-v1-q3-cell50_shared_field-5086,3,candidate,12,263.1245725,0.0021290420554578304,12,1.0,3157.49487,True,
LOCAL-v1-q3-cell50_shared_field-5087,3,candidate,13,220.00233846153847,0.002855874947272241,13,1.0,2860.0304,True,
LOCAL-v1-q3-cell50_shared_field-5088,3,candidate,16,199.0766973125,0.003046666970476508,16,1.0,3185.227157,True,
LOCAL-v1-q3-cell50_shared_field-5089,3,candidate,15,231.72939073333333,0.0037726659793406725,15,1.0,3475.940861,True,
LOCAL-v1-q3-cell50_shared_field-5090,3,candidate,14,234.83886349999997,0.004117834032513201,14,1.0,3287.744089,True,
LOCAL-v1-q3-cell50_shared_field-5091,3,candidate,12,283.0966230833333,0.0019797499990090728,12,1.0,3397.159477,True,
LOCAL-v1-q3-cell50_shared_field-5092,3,candidate,11,237.21916027272727,0.0022485419176518917,11,1.0,2609.410763,True,
LOCAL-v1-q3-cell50_shared_field-5093,3,candidate,15,258.06539626666665,0.002453958964906633,15,1.0,3870.980944,True,
LOCAL-v1-q3-cell50_shared_field-5094,3,candidate,11,272.71637336363636,0.00162041699513793,11,1.0,2999.880107,True,
LOCAL-v1-q3-cell50_shared_field-5095,3,candidate,10,273.5102775,0.0020467499271035194,10,1.0,2735.102775,True,
LOCAL-v1-q3-cell50_shared_field-5096,3,candidate,14,251.72008778571427,0.002485541976056993,14,1.0,3524.081229,True,
LOCAL-v1-q3-cell50_shared_field-5097,3,candidate,13,260.7319246923077,0.0025682919658720493,13,1.0,3389.515021,True,
LOCAL-v1-q3-cell50_shared_field-5098,3,candidate,16,235.8713964375,0.002882417058572173,16,1.0,3773.942343,True,
LOCAL-v1-q3-cell50_shared_field-5099,3,candidate,13,245.4702166153846,0.0020940409740433097,13,1.0,3191.112816,True,
LOCAL-v1-q3-cell500_shared_field-5000,3,candidate,11,303.26634109090907,0.0016617500223219395,11,1.0,3335.929752,True,
LOCAL-v1-q3-cell500_shared_field-5001,3,candidate,14,241.24882035714288,0.0035964170238003135,14,1.0,3377.483485,True,
LOCAL-v1-q3-cell500_shared_field-5002,3,candidate,15,205.27263706666665,0.0027375000063329935,15,1.0,3079.089556,True,
LOCAL-v1-q3-cell500_shared_field-5003,3,candidate,11,257.52132527272727,0.002133874921128154,11,1.0,2832.734578,True,
LOCAL-v1-q3-cell500_shared_field-5004,3,candidate,12,275.74052608333335,0.0017707920633256435,12,1.0,3308.886313,True,
LOCAL-v1-q3-cell500_shared_field-5005,3,candidate,11,310.9622608181818,0.0017794580198824406,11,1.0,3420.584869,True,
LOCAL-v1-q3-cell500_shared_field-5006,3,candidate,11,294.8097300909091,0.002066959044896066,11,1.0,3242.907031,True,
LOCAL-v1-q3-cell500_shared_field-5007,3,candidate,11,298.38083318181816,0.0016821660101413727,11,1.0,3282.189165,True,
LOCAL-v1-q3-cell500_shared_field-5008,3,candidate,10,277.9552261,0.0023722080513834953,10,1.0,2779.552261,True,
LOCAL-v1-q3-cell500_shared_field-5009,3,candidate,14,214.13530942857142,0.0028477500891312957,14,1.0,2997.894332,True,
LOCAL-v1-q3-cell500_shared_field-5010,3,candidate,12,232.86262908333333,0.0031494160648435354,12,1.0,2794.351549,True,
LOCAL-v1-q3-cell500_shared_field-5011,3,candidate,15,282.3093717333333,0.002459458075463772,15,1.0,4234.640576,True,
LOCAL-v1-q3-cell500_shared_field-5012,3,candidate,10,307.3259139,0.0016014169668778777,10,1.0,3073.259139,True,
LOCAL-v1-q3-cell500_shared_field-5013,3,candidate,12,267.21815525,0.001816667034290731,12,1.0,3206.617863,True,
LOCAL-v1-q3-cell500_shared_field-5014,3,candidate,11,265.97036381818185,0.002071041031740606,11,1.0,2925.674002,True,
LOCAL-v1-q3-cell500_shared_field-5015,3,candidate,12,245.68860108333334,0.0025938330218195915,12,1.0,2948.263213,True,
LOCAL-v1-q3-cell500_shared_field-5016,3,candidate,16,221.2235468125,0.003420916968025267,16,1.0,3539.576749,True,
LOCAL-v1-q3-cell500_shared_field-5017,3,candidate,15,223.41896020000001,0.003262583981268108,15,1.0,3351.284403,True,
LOCAL-v1-q3-cell500_shared_field-5018,3,candidate,10,310.16286260000004,0.0019925410160794854,10,1.0,3101.628626,True,
LOCAL-v1-q3-cell500_shared_field-5019,3,candidate,11,317.0972456363636,0.0020533340284600854,11,1.0,3488.069702,True,
LOCAL-v1-q3-cell500_shared_field-5020,3,candidate,16,218.76128425,0.004165209014900029,16,1.0,3500.180548,True,
LOCAL-v1-q3-cell500_shared_field-5021,3,candidate,14,266.74359535714285,0.0026047920109704137,14,1.0,3734.410335,True,
LOCAL-v1-q3-cell500_shared_field-5022,3,candidate,14,233.76361214285717,0.0030697500333189964,14,1.0,3272.69057,True,
LOCAL-v1-q3-cell500_shared_field-5023,3,candidate,15,228.4159354,0.0038848749827593565,15,1.0,3426.239031,True,
LOCAL-v1-q3-cell500_shared_field-5024,3,candidate,13,251.58249607692306,0.0024097079876810312,13,1.0,3270.572449,True,
LOCAL-v1-q3-cell500_shared_field-5025,3,candidate,12,262.34663058333336,0.0022117909975349903,12,1.0,3148.159567,True,
LOCAL-v1-q3-cell500_shared_field-5026,3,candidate,15,234.18607686666667,0.002321207895874977,15,1.0,3512.791153,True,
LOCAL-v1-q3-cell500_shared_field-5027,3,candidate,11,330.0754020909091,0.0013312919763848186,11,1.0,3630.829423,True,
LOCAL-v1-q3-cell500_shared_field-5028,3,candidate,10,307.2046516,0.0018972079269587994,10,1.0,3072.046516,True,
LOCAL-v1-q3-cell500_shared_field-5029,3,candidate,11,271.5618682727273,0.0016102080699056387,11,1.0,2987.180551,True,
LOCAL-v1-q3-cell500_shared_field-5030,3,candidate,12,223.96925841666666,0.001982041052542627,12,1.0,2687.631101,True,
LOCAL-v1-q3-cell500_shared_field-5031,3,candidate,15,208.2528824,0.0037496249424293637,15,1.0,3123.793236,True,
LOCAL-v1-q3-cell500_shared_field-5032,3,candidate,11,280.06335145454545,0.0024811249459162354,11,1.0,3080.696866,True,
LOCAL-v1-q3-cell500_shared_field-5033,3,candidate,14,235.40616157142858,0.003140707965940237,14,1.0,3295.686262,True,
LOCAL-v1-q3-cell500_shared_field-5034,3,candidate,16,200.8829206875,0.004851790959946811,16,1.0,3214.126731,True,
LOCAL-v1-q3-cell500_shared_field-5035,3,candidate,10,308.7916838,0.0018305419944226742,10,1.0,3087.916838,True,
LOCAL-v1-q3-cell500_shared_field-5036,3,candidate,15,219.15294713333333,0.0038955420022830367,15,1.0,3287.294207,True,
LOCAL-v1-q3-cell500_shared_field-5037,3,candidate,15,214.16331526666667,0.0030608339002355933,15,1.0,3212.449729,True,
LOCAL-v1-q3-cell500_shared_field-5038,3,candidate,16,193.164397875,0.0038627079920843244,16,1.0,3090.630366,True,
LOCAL-v1-q3-cell500_shared_field-5039,3,candidate,10,325.222394,0.002024624962359667,10,1.0,3252.22394,True,
LOCAL-v1-q3-cell500_shared_field-5040,3,candidate,15,242.77650673333335,0.0028285420266911387,15,1.0,3641.647601,True,
LOCAL-v1-q3-cell500_shared_field-5041,3,candidate,15,225.50030386666668,0.002913916017860174,15,1.0,3382.504558,True,
LOCAL-v1-q3-cell500_shared_field-5042,3,candidate,11,281.50273063636365,0.0018972090911120176,11,1.0,3096.530037,True,
LOCAL-v1-q3-cell500_shared_field-5043,3,candidate,12,273.5574315833333,0.0028272910276427865,12,1.0,3282.689179,True,
LOCAL-v1-q3-cell500_shared_field-5044,3,candidate,11,303.86666072727274,0.0018653339939191937,11,1.0,3342.533268,True,
LOCAL-v1-q3-cell500_shared_field-5045,3,candidate,11,265.88167063636365,0.0027268340345472097,11,1.0,2924.698377,True,
LOCAL-v1-q3-cell500_shared_field-5046,3,candidate,10,267.11714689999997,0.0019679160322993994,10,1.0,2671.171469,True,
LOCAL-v1-q3-cell500_shared_field-5047,3,candidate,16,222.5907185,0.002912833006121218,16,1.0,3561.451496,True,
LOCAL-v1-q3-cell500_shared_field-5048,3,candidate,12,249.79550766666668,0.0018256669864058495,12,1.0,2997.546092,True,
LOCAL-v1-q3-cell500_shared_field-5049,3,candidate,10,308.9564837,0.0016375419218093157,10,1.0,3089.564837,True,
LOCAL-v1-q3-cell500_shared_field-5050,3,candidate,15,238.574314,0.003125124960206449,15,1.0,3578.61471,True,
LOCAL-v1-q3-cell500_shared_field-5051,3,candidate,11,302.89209009090905,0.0015395829686895013,11,1.0,3331.812991,True,
LOCAL-v1-q3-cell500_shared_field-5052,3,candidate,13,231.45289192307695,0.002712082932703197,13,1.0,3008.887595,True,
LOCAL-v1-q3-cell500_shared_field-5053,3,candidate,16,254.3056364375,0.0025337080005556345,16,1.0,4068.890183,True,
LOCAL-v1-q3-cell500_shared_field-5054,3,candidate,16,271.4436890625,0.0022669999161735177,16,1.0,4343.099025,True,
LOCAL-v1-q3-cell500_shared_field-5055,3,candidate,12,257.78645825,0.002070832997560501,12,1.0,3093.437499,True,
LOCAL-v1-q3-cell500_shared_field-5056,3,candidate,13,244.810706,0.002770083025097847,13,1.0,3182.539178,True,
LOCAL-v1-q3-cell500_shared_field-5057,3,candidate,13,274.1649088461538,0.002051625051535666,13,1.0,3564.143815,True,
LOCAL-v1-q3-cell500_shared_field-5058,3,candidate,14,240.30659485714287,0.002506165998056531,14,1.0,3364.292328,True,
LOCAL-v1-q3-cell500_shared_field-5059,3,candidate,12,279.56877733333334,0.0015584579668939114,12,1.0,3354.825328,True,
LOCAL-v1-q3-cell500_shared_field-5060,3,candidate,11,266.70111445454546,0.0022963329683989286,11,1.0,2933.712259,True,
LOCAL-v1-q3-cell500_shared_field-5061,3,candidate,13,243.3615993846154,0.002473625005222857,13,1.0,3163.700792,True,
LOCAL-v1-q3-cell500_shared_field-5062,3,candidate,16,225.2058826875,0.003794000018388033,16,1.0,3603.294123,True,
LOCAL-v1-q3-cell500_shared_field-5063,3,candidate,15,230.0194382,0.0028221249813213944,15,1.0,3450.291573,True,
LOCAL-v1-q3-cell500_shared_field-5064,3,candidate,13,268.2791909230769,0.00229666696395725,13,1.0,3487.629482,True,
LOCAL-v1-q3-cell500_shared_field-5065,3,candidate,12,259.16946566666667,0.0018717919010668993,12,1.0,3110.033588,True,
LOCAL-v1-q3-cell500_shared_field-5066,3,candidate,10,306.538798,0.0019181669922545552,10,1.0,3065.38798,True,
LOCAL-v1-q3-cell500_shared_field-5067,3,candidate,16,216.895491625,0.00415470905136317,16,1.0,3470.327866,True,
LOCAL-v1-q3-cell500_shared_field-5068,3,candidate,13,211.54349115384613,0.002627624897286296,13,1.0,2750.065385,True,
LOCAL-v1-q3-cell500_shared_field-5069,3,candidate,14,223.68350021428571,0.003574084024876356,14,1.0,3131.569003,True,
LOCAL-v1-q3-cell500_shared_field-5070,3,candidate,12,272.7353575833333,0.0019797920249402523,12,1.0,3272.824291,True,
LOCAL-v1-q3-cell500_shared_field-5071,3,candidate,12,270.67632575,0.0022392089013010263,12,1.0,3248.115909,True,
LOCAL-v1-q3-cell500_shared_field-5072,3,candidate,15,205.17832926666668,0.003069791942834854,15,1.0,3077.674939,True,
LOCAL-v1-q3-cell500_shared_field-5073,3,candidate,10,284.088117,0.0018904580501839519,10,1.0,2840.88117,True,
LOCAL-v1-q3-cell500_shared_field-5074,3,candidate,16,229.10782075,0.003498625010251999,16,1.0,3665.725132,True,
LOCAL-v1-q3-cell500_shared_field-5075,3,candidate,15,212.8508646666667,0.00353274994995445,15,1.0,3192.76297,True,
LOCAL-v1-q3-cell500_shared_field-5076,3,candidate,12,243.442887,0.0022195830242708325,12,1.0,2921.314644,True,
LOCAL-v1-q3-cell500_shared_field-5077,3,candidate,14,244.44075921428572,0.003085666918195784,14,1.0,3422.170629,True,
LOCAL-v1-q3-cell500_shared_field-5078,3,candidate,13,259.81823323076924,0.002479459042660892,13,1.0,3377.637032,True,
LOCAL-v1-q3-cell500_shared_field-5079,3,candidate,10,296.9897476,0.0017117500538006425,10,1.0,2969.897476,True,
LOCAL-v1-q3-cell500_shared_field-5080,3,candidate,10,278.7703808,0.002024332992732525,10,1.0,2787.703808,True,
LOCAL-v1-q3-cell500_shared_field-5081,3,candidate,16,219.0369545,0.0037395829567685723,16,1.0,3504.591272,True,
LOCAL-v1-q3-cell500_shared_field-5082,3,candidate,13,238.54293484615386,0.0018876250833272934,13,1.0,3101.058153,True,
LOCAL-v1-q3-cell500_shared_field-5083,3,candidate,13,256.8180399230769,0.0019356670090928674,13,1.0,3338.634519,True,
LOCAL-v1-q3-cell500_shared_field-5084,3,candidate,14,256.02121542857145,0.0030682500218972564,14,1.0,3584.297016,True,
LOCAL-v1-q3-cell500_shared_field-5085,3,candidate,15,242.6854886,0.0028430839302018285,15,1.0,3640.282329,True,
LOCAL-v1-q3-cell500_shared_field-5086,3,candidate,12,266.1723205833333,0.0020025420235469937,12,1.0,3194.067847,True,
LOCAL-v1-q3-cell500_shared_field-5087,3,candidate,13,218.16796915384614,0.002892000018619001,13,1.0,2836.183599,True,
LOCAL-v1-q3-cell500_shared_field-5088,3,candidate,16,197.9308163125,0.003002000041306019,16,1.0,3166.893061,True,
LOCAL-v1-q3-cell500_shared_field-5089,3,candidate,15,229.85238886666667,0.0033436670200899243,15,1.0,3447.785833,True,
LOCAL-v1-q3-cell500_shared_field-5090,3,candidate,14,232.1423915,0.004133459064178169,14,1.0,3249.993481,True,
LOCAL-v1-q3-cell500_shared_field-5091,3,candidate,12,284.6581205833333,0.0021147499792277813,12,1.0,3415.897447,True,
LOCAL-v1-q3-cell500_shared_field-5092,3,candidate,11,237.32825072727272,0.002280915970914066,11,1.0,2610.610758,True,
LOCAL-v1-q3-cell500_shared_field-5093,3,candidate,15,258.20043173333335,0.0027879170374944806,15,1.0,3873.006476,True,
LOCAL-v1-q3-cell500_shared_field-5094,3,candidate,11,275.3354159090909,0.0017553750658407807,11,1.0,3028.689575,True,
LOCAL-v1-q3-cell500_shared_field-5095,3,candidate,10,273.1710128,0.0019024170469492674,10,1.0,2731.710128,True,
LOCAL-v1-q3-cell500_shared_field-5096,3,candidate,14,249.26517664285714,0.00278850004542619,14,1.0,3489.712473,True,
LOCAL-v1-q3-cell500_shared_field-5097,3,candidate,13,261.1405893846154,0.002665042062290013,13,1.0,3394.827662,True,
LOCAL-v1-q3-cell500_shared_field-5098,3,candidate,16,235.251234875,0.0028703330317512155,16,1.0,3764.019758,True,
LOCAL-v1-q3-cell500_shared_field-5099,3,candidate,13,241.95024615384617,0.002414542017504573,13,1.0,3145.3532,True,
LOCAL-v1-q3-edge_mixed_min_radius-5000,3,candidate,11,340.3507268181818,0.001292916014790535,11,1.0,3743.857995,True,
LOCAL-v1-q3-edge_mixed_min_radius-5001,3,candidate,14,305.7800085,0.0017538330284878612,14,1.0,4280.920119,True,
LOCAL-v1-q3-edge_mixed_min_radius-5002,3,candidate,15,284.75264386666663,0.0017711659893393517,15,1.0,4271.289658,True,
LOCAL-v1-q3-edge_mixed_min_radius-5003,3,candidate,11,333.3554980909091,0.0012830420164391398,11,1.0,3666.910479,True,
LOCAL-v1-q3-edge_mixed_min_radius-5004,3,candidate,12,315.4258819166667,0.0015167080564424396,12,1.0,3785.110583,True,
LOCAL-v1-q3-edge_mixed_min_radius-5005,3,candidate,11,349.8569780909091,0.0012545830104500055,11,1.0,3848.426759,True,
LOCAL-v1-q3-edge_mixed_min_radius-5006,3,candidate,11,322.57917036363636,0.0011822079541161656,11,1.0,3548.370874,True,
LOCAL-v1-q3-edge_mixed_min_radius-5007,3,candidate,11,320.72930199999996,0.0012675420148298144,11,1.0,3528.022322,True,
LOCAL-v1-q3-edge_mixed_min_radius-5008,3,candidate,10,372.4103377,0.0012402920983731747,10,1.0,3724.103377,True,
LOCAL-v1-q3-edge_mixed_min_radius-5009,3,candidate,14,268.3961371428571,0.0016930419951677322,14,1.0,3757.54592,True,
LOCAL-v1-q3-edge_mixed_min_radius-5010,3,candidate,12,309.306481,0.0012557499576359987,12,1.0,3711.677772,True,
LOCAL-v1-q3-edge_mixed_min_radius-5011,3,candidate,15,314.88276586666666,0.0018518749857321382,15,1.0,4723.241488,True,
LOCAL-v1-q3-edge_mixed_min_radius-5012,3,candidate,10,340.5503787,0.0013003330677747726,10,1.0,3405.503787,True,
LOCAL-v1-q3-edge_mixed_min_radius-5013,3,candidate,12,340.75012225,0.0013719169655814767,12,1.0,4089.001467,True,
LOCAL-v1-q3-edge_mixed_min_radius-5014,3,candidate,11,355.4980359090909,0.0012862079311162233,11,1.0,3910.478395,True,
LOCAL-v1-q3-edge_mixed_min_radius-5015,3,candidate,12,313.01633275,0.001333791995421052,12,1.0,3756.195993,True,
LOCAL-v1-q3-edge_mixed_min_radius-5016,3,candidate,16,289.665538125,0.00203987502027303,16,1.0,4634.64861,True,
LOCAL-v1-q3-edge_mixed_min_radius-5017,3,candidate,15,283.0962274666666,0.0015972080873325467,15,1.0,4246.443412,True,
LOCAL-v1-q3-edge_mixed_min_radius-5018,3,candidate,10,374.3018681,0.0012010419741272926,10,1.0,3743.018681,True,
LOCAL-v1-q3-edge_mixed_min_radius-5019,3,candidate,11,314.4035881818182,0.001290834043174982,11,1.0,3458.43947,True,
LOCAL-v1-q3-edge_mixed_min_radius-5020,3,candidate,16,230.4718825,0.0018181659979745746,16,1.0,3687.55012,True,
LOCAL-v1-q3-edge_mixed_min_radius-5021,3,candidate,14,291.3453676428571,0.0016457909950986505,14,1.0,4078.835147,True,
LOCAL-v1-q3-edge_mixed_min_radius-5022,3,candidate,14,292.8997655,0.0016318750567734241,14,1.0,4100.596717,True,
LOCAL-v1-q3-edge_mixed_min_radius-5023,3,candidate,15,269.22437733333334,0.0017904579872265458,15,1.0,4038.36566,True,
LOCAL-v1-q3-edge_mixed_min_radius-5024,3,candidate,13,296.9945319230769,0.00144212506711483,13,1.0,3860.928915,True,
LOCAL-v1-q3-edge_mixed_min_radius-5025,3,candidate,12,336.62002108333337,0.0015925419284030795,12,1.0,4039.440253,True,
LOCAL-v1-q3-edge_mixed_min_radius-5026,3,candidate,15,265.1920227333333,0.001702207955531776,15,1.0,3977.880341,True,
LOCAL-v1-q3-edge_mixed_min_radius-5027,3,candidate,11,368.4700228181818,0.001266125007532537,11,1.0,4053.170251,True,
LOCAL-v1-q3-edge_mixed_min_radius-5028,3,candidate,10,341.80207989999997,0.001096458057872951,10,1.0,3418.020799,True,
LOCAL-v1-q3-edge_mixed_min_radius-5029,3,candidate,11,335.72731254545454,0.0013130420120432973,11,1.0,3693.000438,True,
LOCAL-v1-q3-edge_mixed_min_radius-5030,3,candidate,12,304.92429941666666,0.0012700840597972274,12,1.0,3659.091593,True,
LOCAL-v1-q3-edge_mixed_min_radius-5031,3,candidate,15,276.5185649333333,0.0016745409229770303,15,1.0,4147.778474,True,
LOCAL-v1-q3-edge_mixed_min_radius-5032,3,candidate,11,314.1981134545454,0.0014214999973773956,11,1.0,3456.179248,True,
LOCAL-v1-q3-edge_mixed_min_radius-5033,3,candidate,14,289.2903230714286,0.0015445840544998646,14,1.0,4050.064523,True,
LOCAL-v1-q3-edge_mixed_min_radius-5034,3,candidate,16,281.0446255625,0.0017564579611644149,16,1.0,4496.714009,True,
LOCAL-v1-q3-edge_mixed_min_radius-5035,3,candidate,10,335.09090430000003,0.0012109159724786878,10,1.0,3350.909043,True,
LOCAL-v1-q3-edge_mixed_min_radius-5036,3,candidate,15,283.6805468666667,0.0017303329659625888,15,1.0,4255.208203,True,
LOCAL-v1-q3-edge_mixed_min_radius-5037,3,candidate,15,295.5549972,0.001722582965157926,15,1.0,4433.324958,True,
LOCAL-v1-q3-edge_mixed_min_radius-5038,3,candidate,16,273.346701875,0.0017934170318767428,16,1.0,4373.54723,True,
LOCAL-v1-q3-edge_mixed_min_radius-5039,3,candidate,10,382.91029960000003,0.0012423750013113022,10,1.0,3829.102996,True,
LOCAL-v1-q3-edge_mixed_min_radius-5040,3,candidate,15,259.55986153333333,0.0017805419629439712,15,1.0,3893.397923,True,
LOCAL-v1-q3-edge_mixed_min_radius-5041,3,candidate,15,256.8967517333333,0.0016451659612357616,15,1.0,3853.451276,True,
LOCAL-v1-q3-edge_mixed_min_radius-5042,3,candidate,11,348.57323072727274,0.0018419580301269889,11,1.0,3834.305538,True,
LOCAL-v1-q3-edge_mixed_min_radius-5043,3,candidate,12,332.28409708333334,0.0013119999784976244,12,1.0,3987.409165,True,
LOCAL-v1-q3-edge_mixed_min_radius-5044,3,candidate,11,363.2452242727273,0.0012364579597488046,11,1.0,3995.697467,True,
LOCAL-v1-q3-edge_mixed_min_radius-5045,3,candidate,11,330.4803037272727,0.001384833944030106,11,1.0,3635.283341,True,
LOCAL-v1-q3-edge_mixed_min_radius-5046,3,candidate,10,335.2847658,0.0011795839527621865,10,1.0,3352.847658,True,
LOCAL-v1-q3-edge_mixed_min_radius-5047,3,candidate,16,264.12435675,0.0019277080427855253,16,1.0,4225.989708,True,
LOCAL-v1-q3-edge_mixed_min_radius-5048,3,candidate,12,326.11515,0.0013809580123052,12,1.0,3913.3818,True,
LOCAL-v1-q3-edge_mixed_min_radius-5049,3,candidate,10,383.02531,0.001258875010535121,10,1.0,3830.2531,True,
LOCAL-v1-q3-edge_mixed_min_radius-5050,3,candidate,15,268.93777106666664,0.0016945420065894723,15,1.0,4034.066566,True,
LOCAL-v1-q3-edge_mixed_min_radius-5051,3,candidate,11,370.87825854545457,0.0012584580108523369,11,1.0,4079.660844,True,
LOCAL-v1-q3-edge_mixed_min_radius-5052,3,candidate,13,320.1181936153846,0.001591790933161974,13,1.0,4161.536517,True,
LOCAL-v1-q3-edge_mixed_min_radius-5053,3,candidate,16,267.275853,0.0019017920130863786,16,1.0,4276.413648,True,
LOCAL-v1-q3-edge_mixed_min_radius-5054,3,candidate,16,237.2244714375,0.0017205000622197986,16,1.0,3795.591543,True,
LOCAL-v1-q3-edge_mixed_min_radius-5055,3,candidate,12,286.84963583333337,0.0015178750036284328,12,1.0,3442.19563,True,
LOCAL-v1-q3-edge_mixed_min_radius-5056,3,candidate,13,263.78764815384613,0.0015606660163030028,13,1.0,3429.239426,True,
LOCAL-v1-q3-edge_mixed_min_radius-5057,3,candidate,13,309.46198646153846,0.0018853750079870224,13,1.0,4023.005824,True,
LOCAL-v1-q3-edge_mixed_min_radius-5058,3,candidate,14,282.8829897142857,0.0015279999934136868,14,1.0,3960.361856,True,
LOCAL-v1-q3-edge_mixed_min_radius-5059,3,candidate,12,328.491308,0.001281999982893467,12,1.0,3941.895696,True,
LOCAL-v1-q3-edge_mixed_min_radius-5060,3,candidate,11,364.8324121818182,0.0012283329851925373,11,1.0,4013.156534,True,
LOCAL-v1-q3-edge_mixed_min_radius-5061,3,candidate,13,293.7011595384615,0.0013849169481545687,13,1.0,3818.115074,True,
LOCAL-v1-q3-edge_mixed_min_radius-5062,3,candidate,16,259.15962925,0.001954374951310456,16,1.0,4146.554068,True,
LOCAL-v1-q3-edge_mixed_min_radius-5063,3,candidate,15,292.824732,0.0017170419450849295,15,1.0,4392.37098,True,
LOCAL-v1-q3-edge_mixed_min_radius-5064,3,candidate,13,287.20173384615384,0.0014250419335439801,13,1.0,3733.62254,True,
LOCAL-v1-q3-edge_mixed_min_radius-5065,3,candidate,12,303.6843105,0.0013542920351028442,12,1.0,3644.211726,True,
LOCAL-v1-q3-edge_mixed_min_radius-5066,3,candidate,10,416.70881419999995,0.0012666250113397837,10,1.0,4167.088142,True,
LOCAL-v1-q3-edge_mixed_min_radius-5067,3,candidate,16,273.2290085625,0.001649457961320877,16,1.0,4371.664137,True,
LOCAL-v1-q3-edge_mixed_min_radius-5068,3,candidate,13,297.41721707692307,0.0015368340536952019,13,1.0,3866.423822,True,
LOCAL-v1-q3-edge_mixed_min_radius-5069,3,candidate,14,287.4753512857143,0.0017717500450089574,14,1.0,4024.654918,True,
LOCAL-v1-q3-edge_mixed_min_radius-5070,3,candidate,12,324.18387275000003,0.001437750062905252,12,1.0,3890.206473,True,
LOCAL-v1-q3-edge_mixed_min_radius-5071,3,candidate,12,322.80683558333334,0.001411292003467679,12,1.0,3873.682027,True,
LOCAL-v1-q3-edge_mixed_min_radius-5072,3,candidate,15,292.99196639999997,0.0015908749774098396,15,1.0,4394.879496,True,
LOCAL-v1-q3-edge_mixed_min_radius-5073,3,candidate,10,334.3626031,0.0013969169231131673,10,1.0,3343.626031,True,
LOCAL-v1-q3-edge_mixed_min_radius-5074,3,candidate,16,290.204300375,0.0017539169639348984,16,1.0,4643.268806,True,
LOCAL-v1-q3-edge_mixed_min_radius-5075,3,candidate,15,265.3862394,0.001744166947901249,15,1.0,3980.793591,True,
LOCAL-v1-q3-edge_mixed_min_radius-5076,3,candidate,12,296.8127336666667,0.0014940419932827353,12,1.0,3561.752804,True,
LOCAL-v1-q3-edge_mixed_min_radius-5077,3,candidate,14,286.28894378571425,0.0016044999938458204,14,1.0,4008.045213,True,
LOCAL-v1-q3-edge_mixed_min_radius-5078,3,candidate,13,294.6913153076923,0.0016567499842494726,13,1.0,3830.987099,True,
LOCAL-v1-q3-edge_mixed_min_radius-5079,3,candidate,10,372.2873978,0.0011537079699337482,10,1.0,3722.873978,True,
LOCAL-v1-q3-edge_mixed_min_radius-5080,3,candidate,10,358.33642580000003,0.0011647079372778535,10,1.0,3583.364258,True,
LOCAL-v1-q3-edge_mixed_min_radius-5081,3,candidate,16,272.4529181875,0.001890165964141488,16,1.0,4359.246691,True,
LOCAL-v1-q3-edge_mixed_min_radius-5082,3,candidate,13,301.3033699230769,0.0013849580427631736,13,1.0,3916.943809,True,
LOCAL-v1-q3-edge_mixed_min_radius-5083,3,candidate,13,328.65358561538466,0.0016399590531364083,13,1.0,4272.496613,True,
LOCAL-v1-q3-edge_mixed_min_radius-5084,3,candidate,14,277.92667771428574,0.0015411250060424209,14,1.0,3890.973488,True,
LOCAL-v1-q3-edge_mixed_min_radius-5085,3,candidate,15,293.11455606666664,0.0017760409973561764,15,1.0,4396.718341,True,
LOCAL-v1-q3-edge_mixed_min_radius-5086,3,candidate,12,299.31407874999996,0.0014694168930873275,12,1.0,3591.768945,True,
LOCAL-v1-q3-edge_mixed_min_radius-5087,3,candidate,13,328.9093823846154,0.0014422090025618672,13,1.0,4275.821971,True,
LOCAL-v1-q3-edge_mixed_min_radius-5088,3,candidate,16,254.199906375,0.0018937919521704316,16,1.0,4067.198502,True,
LOCAL-v1-q3-edge_mixed_min_radius-5089,3,candidate,15,267.21668873333334,0.001600292045623064,15,1.0,4008.250331,True,
LOCAL-v1-q3-edge_mixed_min_radius-5090,3,candidate,14,271.7586687857143,0.0013945840764790773,14,1.0,3804.621363,True,
LOCAL-v1-q3-edge_mixed_min_radius-5091,3,candidate,12,321.2503619166667,0.0014900410315021873,12,1.0,3855.004343,True,
LOCAL-v1-q3-edge_mixed_min_radius-5092,3,candidate,11,333.6178718181818,0.001501707942225039,11,1.0,3669.79659,True,
LOCAL-v1-q3-edge_mixed_min_radius-5093,3,candidate,15,282.68769793333337,0.001975500024855137,15,1.0,4240.315469,True,
LOCAL-v1-q3-edge_mixed_min_radius-5094,3,candidate,11,324.0969081818182,0.0013045829255133867,11,1.0,3565.06599,True,
LOCAL-v1-q3-edge_mixed_min_radius-5095,3,candidate,10,357.7308882,0.0012632079888135195,10,1.0,3577.308882,True,
LOCAL-v1-q3-edge_mixed_min_radius-5096,3,candidate,14,276.44617485714286,0.0015058749122545123,14,1.0,3870.246448,True,
LOCAL-v1-q3-edge_mixed_min_radius-5097,3,candidate,13,274.03245407692305,0.0014153339434415102,13,1.0,3562.421903,True,
LOCAL-v1-q3-edge_mixed_min_radius-5098,3,candidate,16,248.378401125,0.0020312090637162328,16,1.0,3974.054418,True,
LOCAL-v1-q3-edge_mixed_min_radius-5099,3,candidate,13,278.94009700000004,0.0013900420162826777,13,1.0,3626.221261,True,
LOCAL-v1-q3-offcenter_cluster-5000,3,candidate,11,319.2980006363636,0.0017992089269682765,11,1.0,3512.278007,True,
LOCAL-v1-q3-offcenter_cluster-5001,3,candidate,14,287.09823892857145,0.0029855420580133796,14,1.0,4019.375345,True,
LOCAL-v1-q3-offcenter_cluster-5002,3,candidate,15,202.90808186666666,0.003692333004437387,15,1.0,3043.621228,True,
LOCAL-v1-q3-offcenter_cluster-5003,3,candidate,11,267.5425688181818,0.001862583914771676,11,1.0,2942.968257,True,
LOCAL-v1-q3-offcenter_cluster-5004,3,candidate,12,286.0713283333333,0.001856124959886074,12,1.0,3432.85594,True,
LOCAL-v1-q3-offcenter_cluster-5005,3,candidate,11,276.68667045454544,0.002012500073760748,11,1.0,3043.553375,True,
LOCAL-v1-q3-offcenter_cluster-5006,3,candidate,11,245.88454909090908,0.0019630000460892916,11,1.0,2704.73004,True,
LOCAL-v1-q3-offcenter_cluster-5007,3,candidate,11,265.60542636363635,0.0019303750013932586,11,1.0,2921.65969,True,
LOCAL-v1-q3-offcenter_cluster-5008,3,candidate,10,302.6775159,0.002024624962359667,10,1.0,3026.775159,True,
LOCAL-v1-q3-offcenter_cluster-5009,3,candidate,14,205.64575264285713,0.003091208986006677,14,1.0,2879.040537,True,
LOCAL-v1-q3-offcenter_cluster-5010,3,candidate,12,285.40256275,0.0021707910345867276,12,1.0,3424.830753,True,
LOCAL-v1-q3-offcenter_cluster-5011,3,candidate,15,311.1582610666666,0.0027282079681754112,15,1.0,4667.373916,True,
LOCAL-v1-q3-offcenter_cluster-5012,3,candidate,10,277.0591426,0.0018944169860333204,10,1.0,2770.591426,True,
LOCAL-v1-q3-offcenter_cluster-5013,3,candidate,12,336.68733741666665,0.0027077920967713,12,1.0,4040.248049,True,
LOCAL-v1-q3-offcenter_cluster-5014,3,candidate,11,286.12762572727274,0.0020342080388218164,11,1.0,3147.403883,True,
LOCAL-v1-q3-offcenter_cluster-5015,3,candidate,12,320.7475828333333,0.0029918330255895853,12,1.0,3848.970994,True,
LOCAL-v1-q3-offcenter_cluster-5016,3,candidate,16,207.7284476875,0.004871834069490433,16,1.0,3323.655163,True,
LOCAL-v1-q3-offcenter_cluster-5017,3,candidate,15,341.4814796666667,0.0036219999892637134,15,1.0,5122.222195,True,
LOCAL-v1-q3-offcenter_cluster-5018,3,candidate,10,272.5560294,0.0019865829963237047,10,1.0,2725.560294,True,
LOCAL-v1-q3-offcenter_cluster-5019,3,candidate,11,411.8587661818182,0.001593582914210856,11,1.0,4530.446428,True,
LOCAL-v1-q3-offcenter_cluster-5020,3,candidate,16,105.6083884375,0.004082083003595471,16,1.0,1689.734215,True,
LOCAL-v1-q3-offcenter_cluster-5021,3,candidate,14,461.71747735714285,0.002962667029350996,14,1.0,6464.044683,True,
LOCAL-v1-q3-offcenter_cluster-5022,3,candidate,14,246.5962872142857,0.0031697909580543637,14,1.0,3452.348021,True,
LOCAL-v1-q3-offcenter_cluster-5023,3,candidate,15,205.44706206666666,0.0035215000389143825,15,1.0,3081.705931,True,
LOCAL-v1-q3-offcenter_cluster-5024,3,candidate,13,439.85157707692304,0.00293870794121176,13,1.0,5718.070502,True,
LOCAL-v1-q3-offcenter_cluster-5025,3,candidate,12,359.300078,0.002783082891255617,12,1.0,4311.600936,True,
LOCAL-v1-q3-offcenter_cluster-5026,3,candidate,15,206.404114,0.0036270839627832174,15,1.0,3096.06171,True,
LOCAL-v1-q3-offcenter_cluster-5027,3,candidate,11,280.0779304545454,0.0019348330097272992,11,1.0,3080.857235,True,
LOCAL-v1-q3-offcenter_cluster-5028,3,candidate,10,383.5024873,0.001913249958306551,10,1.0,3835.024873,True,
LOCAL-v1-q3-offcenter_cluster-5029,3,candidate,11,382.1810304545454,0.002191541949287057,11,1.0,4203.991335,True,
LOCAL-v1-q3-offcenter_cluster-5030,3,candidate,12,276.44415525,0.002849249984137714,12,1.0,3317.329863,True,
LOCAL-v1-q3-offcenter_cluster-5031,3,candidate,15,273.54097813333334,0.00301574997138232,15,1.0,4103.114672,True,
LOCAL-v1-q3-offcenter_cluster-5032,3,candidate,11,323.71952463636364,0.0022108330158516765,11,1.0,3560.914771,True,
LOCAL-v1-q3-offcenter_cluster-5033,3,candidate,14,204.72452928571428,0.0028225830756127834,14,1.0,2866.14341,True,
LOCAL-v1-q3-offcenter_cluster-5034,3,candidate,16,237.8932873125,0.005057749920524657,16,1.0,3806.292597,True,
LOCAL-v1-q3-offcenter_cluster-5035,3,candidate,10,265.6134981,0.00160287506878376,10,1.0,2656.134981,True,
LOCAL-v1-q3-offcenter_cluster-5036,3,candidate,15,195.012787,0.003958708024583757,15,1.0,2925.191805,True,
LOCAL-v1-q3-offcenter_cluster-5037,3,candidate,15,401.66434533333336,0.004466832964681089,15,1.0,6024.96518,True,
LOCAL-v1-q3-offcenter_cluster-5038,3,candidate,16,149.9821588125,0.003778874990530312,16,1.0,2399.714541,True,
LOCAL-v1-q3-offcenter_cluster-5039,3,candidate,10,274.9907341,0.0016794170951470733,10,1.0,2749.907341,True,
LOCAL-v1-q3-offcenter_cluster-5040,3,candidate,15,307.7893162666667,0.0029979589162394404,15,1.0,4616.839744,True,
LOCAL-v1-q3-offcenter_cluster-5041,3,candidate,15,281.0380244,0.0040267909644171596,15,1.0,4215.570366,True,
LOCAL-v1-q3-offcenter_cluster-5042,3,candidate,11,259.0492027272727,0.001957374974153936,11,1.0,2849.54123,True,
LOCAL-v1-q3-offcenter_cluster-5043,3,candidate,12,224.1111761666667,0.002450792002491653,12,1.0,2689.334114,True,
LOCAL-v1-q3-offcenter_cluster-5044,3,candidate,11,359.57881136363636,0.0019266670569777489,11,1.0,3955.366925,True,
LOCAL-v1-q3-offcenter_cluster-5045,3,candidate,11,356.92257245454545,0.0017928750021383166,11,1.0,3926.148297,True,
LOCAL-v1-q3-offcenter_cluster-5046,3,candidate,10,321.81829170000003,0.0016861669719219208,10,1.0,3218.182917,True,
LOCAL-v1-q3-offcenter_cluster-5047,3,candidate,16,220.0558358125,0.003906709025613964,16,1.0,3520.893373,True,
LOCAL-v1-q3-offcenter_cluster-5048,3,candidate,12,313.0045048333333,0.0019814580446109176,12,1.0,3756.054058,True,
LOCAL-v1-q3-offcenter_cluster-5049,3,candidate,10,338.3107057,0.001941499998793006,10,1.0,3383.107057,True,
LOCAL-v1-q3-offcenter_cluster-5050,3,candidate,15,211.37271066666665,0.00353929097764194,15,1.0,3170.59066,True,
LOCAL-v1-q3-offcenter_cluster-5051,3,candidate,11,253.83842745454547,0.001957832952030003,11,1.0,2792.222702,True,
LOCAL-v1-q3-offcenter_cluster-5052,3,candidate,13,376.10873515384617,0.002899459097534418,13,1.0,4889.413557,True,
LOCAL-v1-q3-offcenter_cluster-5053,3,candidate,16,238.3835540625,0.004199957940727472,16,1.0,3814.136865,True,
LOCAL-v1-q3-offcenter_cluster-5054,3,candidate,16,140.8867135,0.003924832912161946,16,1.0,2254.187416,True,
LOCAL-v1-q3-offcenter_cluster-5055,3,candidate,12,227.4328275833333,0.002478957991115749,12,1.0,2729.193931,True,
LOCAL-v1-q3-offcenter_cluster-5056,3,candidate,13,266.2911987692308,0.0026826669927686453,13,1.0,3461.785584,True,
LOCAL-v1-q3-offcenter_cluster-5057,3,candidate,13,236.68578323076923,0.00306608306709677,13,1.0,3076.915182,True,
LOCAL-v1-q3-offcenter_cluster-5058,3,candidate,14,252.9400807857143,0.0026238750433549285,14,1.0,3541.161131,True,
LOCAL-v1-q3-offcenter_cluster-5059,3,candidate,12,435.13067516666666,0.0021675419993698597,12,1.0,5221.568102,True,
LOCAL-v1-q3-offcenter_cluster-5060,3,candidate,11,293.68147263636365,0.0023774169385433197,11,1.0,3230.496199,True,
LOCAL-v1-q3-offcenter_cluster-5061,3,candidate,13,251.21160215384617,0.002869540941901505,13,1.0,3265.750828,True,
LOCAL-v1-q3-offcenter_cluster-5062,3,candidate,16,115.816364875,0.0036449170438572764,16,1.0,1853.061838,True,
LOCAL-v1-q3-offcenter_cluster-5063,3,candidate,15,222.65533846666668,0.003672166960313916,15,1.0,3339.830077,True,
LOCAL-v1-q3-offcenter_cluster-5064,3,candidate,13,329.8805933846154,0.001868374994955957,13,1.0,4288.447714,True,
LOCAL-v1-q3-offcenter_cluster-5065,3,candidate,12,341.3966745,0.0024770000018179417,12,1.0,4096.760094,True,
LOCAL-v1-q3-offcenter_cluster-5066,3,candidate,10,372.1771753,0.001454666955396533,10,1.0,3721.771753,True,
LOCAL-v1-q3-offcenter_cluster-5067,3,candidate,16,133.7379335,0.004004042013548315,16,1.0,2139.806936,True,
LOCAL-v1-q3-offcenter_cluster-5068,3,candidate,13,287.1067253076923,0.0019149999134242535,13,1.0,3732.387429,True,
LOCAL-v1-q3-offcenter_cluster-5069,3,candidate,14,214.9853402142857,0.0027861250564455986,14,1.0,3009.794763,True,
LOCAL-v1-q3-offcenter_cluster-5070,3,candidate,12,366.63229791666663,0.001641124952584505,12,1.0,4399.587575,True,
LOCAL-v1-q3-offcenter_cluster-5071,3,candidate,12,274.15858733333334,0.0024081660667434335,12,1.0,3289.903048,True,
LOCAL-v1-q3-offcenter_cluster-5072,3,candidate,15,208.1179872,0.0032817499013617635,15,1.0,3121.769808,True,
LOCAL-v1-q3-offcenter_cluster-5073,3,candidate,10,320.31782499999997,0.0015451660146936774,10,1.0,3203.17825,True,
LOCAL-v1-q3-offcenter_cluster-5074,3,candidate,16,98.6606568125,0.003453582990914583,16,1.0,1578.570509,True,
LOCAL-v1-q3-offcenter_cluster-5075,3,candidate,15,286.07100013333337,0.0028674580389633775,15,1.0,4291.065002,True,
LOCAL-v1-q3-offcenter_cluster-5076,3,candidate,12,451.59700633333335,0.0025339589919894934,12,1.0,5419.164076,True,
LOCAL-v1-q3-offcenter_cluster-5077,3,candidate,14,277.50827021428574,0.0030532910022884607,14,1.0,3885.115783,True,
LOCAL-v1-q3-offcenter_cluster-5078,3,candidate,13,312.23165684615384,0.0022026250371709466,13,1.0,4059.011539,True,
LOCAL-v1-q3-offcenter_cluster-5079,3,candidate,10,317.8437235,0.0020029579754918814,10,1.0,3178.437235,True,
LOCAL-v1-q3-offcenter_cluster-5080,3,candidate,10,355.2905572,0.0020540000405162573,10,1.0,3552.905572,True,
LOCAL-v1-q3-offcenter_cluster-5081,3,candidate,16,97.9249365625,0.0037914159474894404,16,1.0,1566.798985,True,
LOCAL-v1-q3-offcenter_cluster-5082,3,candidate,13,389.4870265384615,0.0029754580464214087,13,1.0,5063.331345,True,
LOCAL-v1-q3-offcenter_cluster-5083,3,candidate,13,276.10829607692307,0.0026660410221666098,13,1.0,3589.407849,True,
LOCAL-v1-q3-offcenter_cluster-5084,3,candidate,14,197.21224885714287,0.002959333942271769,14,1.0,2760.971484,True,
LOCAL-v1-q3-offcenter_cluster-5085,3,candidate,15,232.95552886666667,0.0036491670180112123,15,1.0,3494.332933,True,
LOCAL-v1-q3-offcenter_cluster-5086,3,candidate,12,306.20245708333334,0.00262954190839082,12,1.0,3674.429485,True,
LOCAL-v1-q3-offcenter_cluster-5087,3,candidate,13,334.2718293076923,0.0031757079996168613,13,1.0,4345.533781,True,
LOCAL-v1-q3-offcenter_cluster-5088,3,candidate,16,249.7559345,0.004600915941409767,16,1.0,3996.094952,True,
LOCAL-v1-q3-offcenter_cluster-5089,3,candidate,15,196.36732753333334,0.0035065000411123037,15,1.0,2945.509913,True,
LOCAL-v1-q3-offcenter_cluster-5090,3,candidate,14,281.65603942857143,0.0030009589390829206,14,1.0,3943.184552,True,
LOCAL-v1-q3-offcenter_cluster-5091,3,candidate,12,252.411866,0.002176875015720725,12,1.0,3028.942392,True,
LOCAL-v1-q3-offcenter_cluster-5092,3,candidate,11,284.3412108181818,0.0020175829995423555,11,1.0,3127.753319,True,
LOCAL-v1-q3-offcenter_cluster-5093,3,candidate,15,197.96415073333335,0.003862750018015504,15,1.0,2969.462261,True,
LOCAL-v1-q3-offcenter_cluster-5094,3,candidate,11,252.36189490909092,0.0018505420302972198,11,1.0,2775.980844,True,
LOCAL-v1-q3-offcenter_cluster-5095,3,candidate,10,422.1961954,0.0012832499342039227,10,1.0,4221.961954,True,
LOCAL-v1-q3-offcenter_cluster-5096,3,candidate,14,227.85688642857144,0.0031110839918255806,14,1.0,3189.99641,True,
LOCAL-v1-q3-offcenter_cluster-5097,3,candidate,13,232.32197846153846,0.002537249936722219,13,1.0,3020.18572,True,
LOCAL-v1-q3-offcenter_cluster-5098,3,candidate,16,110.7775778125,0.004192958935163915,16,1.0,1772.441245,True,
LOCAL-v1-q3-offcenter_cluster-5099,3,candidate,13,230.92536676923075,0.0030132089741528034,13,1.0,3002.029768,True,
LOCAL-v1-q3-origin_cluster-5000,3,candidate,11,380.239807,0.0028030419489368796,11,1.0,4182.637877,True,
LOCAL-v1-q3-origin_cluster-5001,3,candidate,14,332.7669148571428,0.00459470902569592,14,1.0,4658.736808,True,
LOCAL-v1-q3-origin_cluster-5002,3,candidate,15,322.6722314,0.005752417026087642,15,1.0,4840.083471,True,
LOCAL-v1-q3-origin_cluster-5003,3,candidate,11,347.3223768181818,0.002250000019557774,11,1.0,3820.546145,True,
LOCAL-v1-q3-origin_cluster-5004,3,candidate,12,352.82898324999996,0.003289540996775031,12,1.0,4233.947799,True,
LOCAL-v1-q3-origin_cluster-5005,3,candidate,11,381.7749171818181,0.0028212498873472214,11,1.0,4199.524089,True,
LOCAL-v1-q3-origin_cluster-5006,3,candidate,11,370.14184500000005,0.003006207989528775,11,1.0,4071.560295,True,
LOCAL-v1-q3-origin_cluster-5007,3,candidate,11,375.3372033636364,0.00281858304515481,11,1.0,4128.709237,True,
LOCAL-v1-q3-origin_cluster-5008,3,candidate,10,401.7452331,0.0025087089743465185,10,1.0,4017.452331,True,
LOCAL-v1-q3-origin_cluster-5009,3,candidate,14,336.2202390714286,0.004842457943595946,14,1.0,4707.083347,True,
LOCAL-v1-q3-origin_cluster-5010,3,candidate,12,361.11010016666665,0.0038956250064074993,12,1.0,4333.321202,True,
LOCAL-v1-q3-origin_cluster-5011,3,candidate,15,313.1843645333333,0.005373749998398125,15,1.0,4697.765468,True,
LOCAL-v1-q3-origin_cluster-5012,3,candidate,10,394.96450930000003,0.002502000075764954,10,1.0,3949.645093,True,
LOCAL-v1-q3-origin_cluster-5013,3,candidate,12,356.86643200000003,0.0037955419393256307,12,1.0,4282.397184,True,
LOCAL-v1-q3-origin_cluster-5014,3,candidate,11,368.94070818181814,0.0030386250000447035,11,1.0,4058.34779,True,
LOCAL-v1-q3-origin_cluster-5015,3,candidate,12,341.112415,0.003499167039990425,12,1.0,4093.34898,True,
LOCAL-v1-q3-origin_cluster-5016,3,candidate,16,296.980879125,0.00645829108543694,16,1.0,4751.694066,True,
LOCAL-v1-q3-origin_cluster-5017,3,candidate,15,321.1626856666666,0.005216207937337458,15,1.0,4817.440285,True,
LOCAL-v1-q3-origin_cluster-5018,3,candidate,10,401.106938,0.002539082895964384,10,1.0,4011.06938,True,
LOCAL-v1-q3-origin_cluster-5019,3,candidate,11,375.7246520909091,0.0029893339378759265,11,1.0,4132.971173,True,
LOCAL-v1-q3-origin_cluster-5020,3,candidate,16,291.134449875,0.005970792029984295,16,1.0,4658.151198,True,
LOCAL-v1-q3-origin_cluster-5021,3,candidate,14,329.02422964285716,0.004608417046256363,14,1.0,4606.339215,True,
LOCAL-v1-q3-origin_cluster-5022,3,candidate,14,330.0170180714286,0.004638708080165088,14,1.0,4620.238253,True,
LOCAL-v1-q3-origin_cluster-5023,3,candidate,15,322.2989251333333,0.005795625038444996,15,1.0,4834.483877,True,
LOCAL-v1-q3-origin_cluster-5024,3,candidate,13,334.8395241538461,0.004001667024567723,13,1.0,4352.913814,True,
LOCAL-v1-q3-origin_cluster-5025,3,candidate,12,364.8412011666667,0.0035011250292882323,12,1.0,4378.094414,True,
LOCAL-v1-q3-origin_cluster-5026,3,candidate,15,293.46522246666666,0.0044056669576093554,15,1.0,4401.978337,True,
LOCAL-v1-q3-origin_cluster-5027,3,candidate,11,362.0199170909091,0.0028240829706192017,11,1.0,3982.219088,True,
LOCAL-v1-q3-origin_cluster-5028,3,candidate,10,405.2929272,0.0026264169719070196,10,1.0,4052.929272,True,
LOCAL-v1-q3-origin_cluster-5029,3,candidate,11,372.8241346363636,0.0029666669433936477,11,1.0,4101.065481,True,
LOCAL-v1-q3-origin_cluster-5030,3,candidate,12,349.45503575,0.0031962920911610126,12,1.0,4193.460429,True,
LOCAL-v1-q3-origin_cluster-5031,3,candidate,15,318.5535284,0.005724875023588538,15,1.0,4778.302926,True,
LOCAL-v1-q3-origin_cluster-5032,3,candidate,11,378.7993872727273,0.003075874992646277,11,1.0,4166.79326,True,
LOCAL-v1-q3-origin_cluster-5033,3,candidate,14,313.2611352857143,0.0036555000115185976,14,1.0,4385.655894,True,
LOCAL-v1-q3-origin_cluster-5034,3,candidate,16,297.0347535625,0.006175416987389326,16,1.0,4752.556057,True,
LOCAL-v1-q3-origin_cluster-5035,3,candidate,10,371.39568410000004,0.0019375000847503543,10,1.0,3713.956841,True,
LOCAL-v1-q3-origin_cluster-5036,3,candidate,15,320.6167652666666,0.005103957955725491,15,1.0,4809.251479,True,
LOCAL-v1-q3-origin_cluster-5037,3,candidate,15,316.7774664666667,0.005659834016114473,15,1.0,4751.661997,True,
LOCAL-v1-q3-origin_cluster-5038,3,candidate,16,296.8949271875,0.006539084017276764,16,1.0,4750.318835,True,
LOCAL-v1-q3-origin_cluster-5039,3,candidate,10,398.8899336,0.002378291916102171,10,1.0,3988.899336,True,
LOCAL-v1-q3-origin_cluster-5040,3,candidate,15,312.39407673333335,0.005967832985334098,15,1.0,4685.911151,True,
LOCAL-v1-q3-origin_cluster-5041,3,candidate,15,320.03827386666666,0.006418125005438924,15,1.0,4800.574108,True,
LOCAL-v1-q3-origin_cluster-5042,3,candidate,11,379.1213895454546,0.0031901249894872308,11,1.0,4170.335285,True,
LOCAL-v1-q3-origin_cluster-5043,3,candidate,12,358.6952473333333,0.0037993340520188212,12,1.0,4304.342968,True,
LOCAL-v1-q3-origin_cluster-5044,3,candidate,11,348.88964836363635,0.0026034170296043158,11,1.0,3837.786132,True,
LOCAL-v1-q3-origin_cluster-5045,3,candidate,11,375.77242509090905,0.002904291031882167,11,1.0,4133.496676,True,
LOCAL-v1-q3-origin_cluster-5046,3,candidate,10,402.9576591,0.0026848330162465572,10,1.0,4029.576591,True,
LOCAL-v1-q3-origin_cluster-5047,3,candidate,16,287.78514675,0.006248624995350838,16,1.0,4604.562348,True,
LOCAL-v1-q3-origin_cluster-5048,3,candidate,12,353.2913060833334,0.00364791601896286,12,1.0,4239.495673,True,
LOCAL-v1-q3-origin_cluster-5049,3,candidate,10,399.0215703,0.00265495793428272,10,1.0,3990.215703,True,
LOCAL-v1-q3-origin_cluster-5050,3,candidate,15,321.6986080666667,0.006307624978944659,15,1.0,4825.479121,True,
LOCAL-v1-q3-origin_cluster-5051,3,candidate,11,377.5506235454546,0.0031172079034149647,11,1.0,4153.056859,True,
LOCAL-v1-q3-origin_cluster-5052,3,candidate,13,340.2870741538461,0.005947374971583486,13,1.0,4423.731964,True,
LOCAL-v1-q3-origin_cluster-5053,3,candidate,16,276.440384625,0.00878533290233463,16,1.0,4423.046154,True,
LOCAL-v1-q3-origin_cluster-5054,3,candidate,16,283.907236875,0.006584333023056388,16,1.0,4542.51579,True,
LOCAL-v1-q3-origin_cluster-5055,3,candidate,12,351.34537858333334,0.003058292088098824,12,1.0,4216.144543,True,
LOCAL-v1-q3-origin_cluster-5056,3,candidate,13,347.5915703076923,0.004358208039775491,13,1.0,4518.690414,True,
LOCAL-v1-q3-origin_cluster-5057,3,candidate,13,323.2369052307692,0.0031727920286357403,13,1.0,4202.079768,True,
LOCAL-v1-q3-origin_cluster-5058,3,candidate,14,329.8625472857143,0.005048666964285076,14,1.0,4618.075662,True,
LOCAL-v1-q3-origin_cluster-5059,3,candidate,12,359.25755941666665,0.0032407089602202177,12,1.0,4311.090713,True,
LOCAL-v1-q3-origin_cluster-5060,3,candidate,11,357.22840754545456,0.0029369170079007745,11,1.0,3929.512483,True,
LOCAL-v1-q3-origin_cluster-5061,3,candidate,13,340.362471,0.004249415942467749,13,1.0,4424.712123,True,
LOCAL-v1-q3-origin_cluster-5062,3,candidate,16,291.3531069375,0.006243124953471124,16,1.0,4661.649711,True,
LOCAL-v1-q3-origin_cluster-5063,3,candidate,15,325.7836486,0.005755417048931122,15,1.0,4886.754729,True,
LOCAL-v1-q3-origin_cluster-5064,3,candidate,13,346.007722,0.004452332970686257,13,1.0,4498.100386,True,
LOCAL-v1-q3-origin_cluster-5065,3,candidate,12,347.8179035,0.003611166961491108,12,1.0,4173.814842,True,
LOCAL-v1-q3-origin_cluster-5066,3,candidate,10,402.0835576,0.0025472500128671527,10,1.0,4020.835576,True,
LOCAL-v1-q3-origin_cluster-5067,3,candidate,16,263.9787965,0.005240208934992552,16,1.0,4223.660744,True,
LOCAL-v1-q3-origin_cluster-5068,3,candidate,13,339.0692248461538,0.0038241250440478325,13,1.0,4407.899923,True,
LOCAL-v1-q3-origin_cluster-5069,3,candidate,14,339.0518738571428,0.005181958083994687,14,1.0,4746.726234,True,
LOCAL-v1-q3-origin_cluster-5070,3,candidate,12,358.66123575,0.0035790419206023216,12,1.0,4303.934829,True,
LOCAL-v1-q3-origin_cluster-5071,3,candidate,12,331.61494541666667,0.003187249996699393,12,1.0,3979.379345,True,
LOCAL-v1-q3-origin_cluster-5072,3,candidate,15,319.11567886666666,0.0052646249532699585,15,1.0,4786.735183,True,
LOCAL-v1-q3-origin_cluster-5073,3,candidate,10,405.2697016,0.002259374945424497,10,1.0,4052.697016,True,
LOCAL-v1-q3-origin_cluster-5074,3,candidate,16,286.9200510625,0.006490124971605837,16,1.0,4590.720817,True,
LOCAL-v1-q3-origin_cluster-5075,3,candidate,15,311.8232357333334,0.005540916929021478,15,1.0,4677.348536,True,
LOCAL-v1-q3-origin_cluster-5076,3,candidate,12,346.194777,0.003382416907697916,12,1.0,4154.337324,True,
LOCAL-v1-q3-origin_cluster-5077,3,candidate,14,310.76957671428573,0.0040062080370262265,14,1.0,4350.774074,True,
LOCAL-v1-q3-origin_cluster-5078,3,candidate,13,345.9539863846154,0.004648791975341737,13,1.0,4497.401823,True,
LOCAL-v1-q3-origin_cluster-5079,3,candidate,10,392.2237422,0.0025017079897224903,10,1.0,3922.237422,True,
LOCAL-v1-q3-origin_cluster-5080,3,candidate,10,404.4710608,0.002643291954882443,10,1.0,4044.710608,True,
LOCAL-v1-q3-origin_cluster-5081,3,candidate,16,302.68513575,0.006694416981190443,16,1.0,4842.962172,True,
LOCAL-v1-q3-origin_cluster-5082,3,candidate,13,334.72320461538465,0.003929957980290055,13,1.0,4351.40166,True,
LOCAL-v1-q3-origin_cluster-5083,3,candidate,13,338.6183742307693,0.0038471249863505363,13,1.0,4402.038865,True,
LOCAL-v1-q3-origin_cluster-5084,3,candidate,14,324.30137964285717,0.0048082079738378525,14,1.0,4540.219315,True,
LOCAL-v1-q3-origin_cluster-5085,3,candidate,15,316.0645624,0.005044999998062849,15,1.0,4740.968436,True,
LOCAL-v1-q3-origin_cluster-5086,3,candidate,12,365.8108084166667,0.0036162909818813205,12,1.0,4389.729701,True,
LOCAL-v1-q3-origin_cluster-5087,3,candidate,13,336.2875381538461,0.0038951250026002526,13,1.0,4371.737996,True,
LOCAL-v1-q3-origin_cluster-5088,3,candidate,16,252.0907870625,0.00632137490902096,16,1.0,4033.452593,True,
LOCAL-v1-q3-origin_cluster-5089,3,candidate,15,316.4114078,0.005183542030863464,15,1.0,4746.171117,True,
LOCAL-v1-q3-origin_cluster-5090,3,candidate,14,321.90443292857145,0.0047525831032544374,14,1.0,4506.662061,True,
LOCAL-v1-q3-origin_cluster-5091,3,candidate,12,331.43160725,0.0030110409716144204,12,1.0,3977.179287,True,
LOCAL-v1-q3-origin_cluster-5092,3,candidate,11,374.7583287272727,0.003121500019915402,11,1.0,4122.341616,True,
LOCAL-v1-q3-origin_cluster-5093,3,candidate,15,314.0524202666667,0.005562708014622331,15,1.0,4710.786304,True,
LOCAL-v1-q3-origin_cluster-5094,3,candidate,11,367.3658870909091,0.0029612500220537186,11,1.0,4041.024758,True,
LOCAL-v1-q3-origin_cluster-5095,3,candidate,10,404.3071868,0.0027158749289810658,10,1.0,4043.071868,True,
LOCAL-v1-q3-origin_cluster-5096,3,candidate,14,313.1131136428571,0.004144249949604273,14,1.0,4383.583591,True,
LOCAL-v1-q3-origin_cluster-5097,3,candidate,13,344.06881346153847,0.003792625037021935,13,1.0,4472.894575,True,
LOCAL-v1-q3-origin_cluster-5098,3,candidate,16,295.4778680625,0.0068727919133380055,16,1.0,4727.645889,True,
LOCAL-v1-q3-origin_cluster-5099,3,candidate,13,339.7238812307692,0.003632333013229072,13,1.0,4416.410456,True,
LOCAL-v1-q3-minimum_radius-5000,3,candidate,11,302.628912,0.0015493331011384726,11,1.0,3328.918032,True,
LOCAL-v1-q3-minimum_radius-5001,3,candidate,14,261.0429507142857,0.00204904202837497,14,1.0,3654.60131,True,
LOCAL-v1-q3-minimum_radius-5002,3,candidate,15,242.35204386666666,0.002124625025317073,15,1.0,3635.280658,True,
LOCAL-v1-q3-minimum_radius-5003,3,candidate,11,263.59038845454546,0.001600499963387847,11,1.0,2899.494273,True,
LOCAL-v1-q3-minimum_radius-5004,3,candidate,12,278.9847556666667,0.001877542003057897,12,1.0,3347.817068,True,
LOCAL-v1-q3-minimum_radius-5005,3,candidate,11,329.3737639090909,0.0017996670212596655,11,1.0,3623.111403,True,
LOCAL-v1-q3-minimum_radius-5006,3,candidate,11,329.9048420909091,0.0014729999238625169,11,1.0,3628.953263,True,
LOCAL-v1-q3-minimum_radius-5007,3,candidate,11,300.7512837272727,0.0016144169494509697,11,1.0,3308.264121,True,
LOCAL-v1-q3-minimum_radius-5008,3,candidate,10,327.036036,0.0017175000393763185,10,1.0,3270.36036,True,
LOCAL-v1-q3-minimum_radius-5009,3,candidate,14,228.49906742857144,0.002332666073925793,14,1.0,3198.986944,True,
LOCAL-v1-q3-minimum_radius-5010,3,candidate,12,229.12596299999998,0.0027369169984012842,12,1.0,2749.511556,True,
LOCAL-v1-q3-minimum_radius-5011,3,candidate,15,282.45837693333334,0.0021930409129709005,15,1.0,4236.875654,True,
LOCAL-v1-q3-minimum_radius-5012,3,candidate,10,322.334343,0.0014910829486325383,10,1.0,3223.34343,True,
LOCAL-v1-q3-minimum_radius-5013,3,candidate,12,304.2414171666667,0.0016057499451562762,12,1.0,3650.897006,True,
LOCAL-v1-q3-minimum_radius-5014,3,candidate,11,297.15253036363634,0.0013770419172942638,11,1.0,3268.677834,True,
LOCAL-v1-q3-minimum_radius-5015,3,candidate,12,261.5106611666667,0.0021648750407621264,12,1.0,3138.127934,True,
LOCAL-v1-q3-minimum_radius-5016,3,candidate,16,228.7273299375,0.0018962499452754855,16,1.0,3659.637279,True,
LOCAL-v1-q3-minimum_radius-5017,3,candidate,15,226.65206793333334,0.002104041981510818,15,1.0,3399.781019,True,
LOCAL-v1-q3-minimum_radius-5018,3,candidate,10,340.2426272,0.0016294169472530484,10,1.0,3402.426272,True,
LOCAL-v1-q3-minimum_radius-5019,3,candidate,11,317.48568445454544,0.0012648749398067594,11,1.0,3492.342529,True,
LOCAL-v1-q3-minimum_radius-5020,3,candidate,16,217.7649110625,0.002732000080868602,16,1.0,3484.238577,True,
LOCAL-v1-q3-minimum_radius-5021,3,candidate,14,277.1971192142857,0.0020492500625550747,14,1.0,3880.759669,True,
LOCAL-v1-q3-minimum_radius-5022,3,candidate,14,227.69002550000002,0.003270665998570621,14,1.0,3187.660357,True,
LOCAL-v1-q3-minimum_radius-5023,3,candidate,15,251.6541838,0.0024220830528065562,15,1.0,3774.812757,True,
LOCAL-v1-q3-minimum_radius-5024,3,candidate,13,268.1455283076923,0.0022031250409781933,13,1.0,3485.891868,True,
LOCAL-v1-q3-minimum_radius-5025,3,candidate,12,287.54724733333336,0.0016087499679997563,12,1.0,3450.566968,True,
LOCAL-v1-q3-minimum_radius-5026,3,candidate,15,246.89002119999998,0.0017551669152453542,15,1.0,3703.350318,True,
LOCAL-v1-q3-minimum_radius-5027,3,candidate,11,344.8459363636364,0.0013537080958485603,11,1.0,3793.3053,True,
LOCAL-v1-q3-minimum_radius-5028,3,candidate,10,293.40382880000004,0.0014549170155078173,10,1.0,2934.038288,True,
LOCAL-v1-q3-minimum_radius-5029,3,candidate,11,310.875138,0.0014678339939564466,11,1.0,3419.626518,True,
LOCAL-v1-q3-minimum_radius-5030,3,candidate,12,237.91090116666666,0.0016106250695884228,12,1.0,2854.930814,True,
LOCAL-v1-q3-minimum_radius-5031,3,candidate,15,224.40885246666667,0.0026057090144604445,15,1.0,3366.132787,True,
LOCAL-v1-q3-minimum_radius-5032,3,candidate,11,301.1352810909091,0.001856583054177463,11,1.0,3312.488092,True,
LOCAL-v1-q3-minimum_radius-5033,3,candidate,14,248.2967697857143,0.0021886670729145408,14,1.0,3476.154777,True,
LOCAL-v1-q3-minimum_radius-5034,3,candidate,16,249.5327281875,0.0020381249487400055,16,1.0,3992.523651,True,
LOCAL-v1-q3-minimum_radius-5035,3,candidate,10,332.1831505,0.0018907909980043769,10,1.0,3321.831505,True,
LOCAL-v1-q3-minimum_radius-5036,3,candidate,15,271.2540952,0.0021320830564945936,15,1.0,4068.811428,True,
LOCAL-v1-q3-minimum_radius-5037,3,candidate,15,233.1001106,0.0022262909915298223,15,1.0,3496.501659,True,
LOCAL-v1-q3-minimum_radius-5038,3,candidate,16,219.495398,0.0034820419969037175,16,1.0,3511.926368,True,
LOCAL-v1-q3-minimum_radius-5039,3,candidate,10,324.619795,0.0017722910270094872,10,1.0,3246.19795,True,
LOCAL-v1-q3-minimum_radius-5040,3,candidate,15,245.3992511333333,0.001965415896847844,15,1.0,3680.988767,True,
LOCAL-v1-q3-minimum_radius-5041,3,candidate,15,227.89227960000002,0.002432167064398527,15,1.0,3418.384194,True,
LOCAL-v1-q3-minimum_radius-5042,3,candidate,11,301.7664116363636,0.0016297920374199748,11,1.0,3319.430528,True,
LOCAL-v1-q3-minimum_radius-5043,3,candidate,12,272.13271025,0.002167832921259105,12,1.0,3265.592523,True,
LOCAL-v1-q3-minimum_radius-5044,3,candidate,11,312.762877,0.0020513749914243817,11,1.0,3440.391647,True,
LOCAL-v1-q3-minimum_radius-5045,3,candidate,11,281.05757154545455,0.0014685409842059016,11,1.0,3091.633287,True,
LOCAL-v1-q3-minimum_radius-5046,3,candidate,10,286.7740429,0.0011814580066129565,10,1.0,2867.740429,True,
LOCAL-v1-q3-minimum_radius-5047,3,candidate,16,240.981674375,0.002522542024962604,16,1.0,3855.70679,True,
LOCAL-v1-q3-minimum_radius-5048,3,candidate,12,274.5895061666667,0.0017948750173673034,12,1.0,3295.074074,True,
LOCAL-v1-q3-minimum_radius-5049,3,candidate,10,304.42586689999996,0.0013425829820334911,10,1.0,3044.258669,True,
LOCAL-v1-q3-minimum_radius-5050,3,candidate,15,256.6628191333333,0.002845209091901779,15,1.0,3849.942287,True,
LOCAL-v1-q3-minimum_radius-5051,3,candidate,11,335.03648263636364,0.0011942909331992269,11,1.0,3685.401309,True,
LOCAL-v1-q3-minimum_radius-5052,3,candidate,13,238.96207284615383,0.0022234999341890216,13,1.0,3106.506947,True,
LOCAL-v1-q3-minimum_radius-5053,3,candidate,16,252.9914940625,0.002512125065550208,16,1.0,4047.863905,True,
LOCAL-v1-q3-minimum_radius-5054,3,candidate,16,261.633841125,0.002210250007919967,16,1.0,4186.141458,True,
LOCAL-v1-q3-minimum_radius-5055,3,candidate,12,264.58995483333337,0.0016570420702919364,12,1.0,3175.079458,True,
LOCAL-v1-q3-minimum_radius-5056,3,candidate,13,254.52187384615385,0.002204707940109074,13,1.0,3308.78436,True,
LOCAL-v1-q3-minimum_radius-5057,3,candidate,13,280.95481661538463,0.0021864169975742698,13,1.0,3652.412616,True,
LOCAL-v1-q3-minimum_radius-5058,3,candidate,14,249.79652464285715,0.0018247920088469982,14,1.0,3497.151345,True,
LOCAL-v1-q3-minimum_radius-5059,3,candidate,12,290.4654765833333,0.0017265001079067588,12,1.0,3485.585719,True,
LOCAL-v1-q3-minimum_radius-5060,3,candidate,11,315.77819300000004,0.0014062499394640326,11,1.0,3473.560123,True,
LOCAL-v1-q3-minimum_radius-5061,3,candidate,13,261.4178430769231,0.0018157920567318797,13,1.0,3398.43196,True,
LOCAL-v1-q3-minimum_radius-5062,3,candidate,16,233.5966875,0.003517042030580342,16,1.0,3737.547,True,
LOCAL-v1-q3-minimum_radius-5063,3,candidate,15,240.29550986666666,0.002392292022705078,15,1.0,3604.432648,True,
LOCAL-v1-q3-minimum_radius-5064,3,candidate,13,255.3444183076923,0.0017334999283775687,13,1.0,3319.477438,True,
LOCAL-v1-q3-minimum_radius-5065,3,candidate,12,280.29620558333335,0.002096791984513402,12,1.0,3363.554467,True,
LOCAL-v1-q3-minimum_radius-5066,3,candidate,10,289.40828700000003,0.001566166989505291,10,1.0,2894.08287,True,
LOCAL-v1-q3-minimum_radius-5067,3,candidate,16,250.046976625,0.0025019580498337746,16,1.0,4000.751626,True,
LOCAL-v1-q3-minimum_radius-5068,3,candidate,13,235.69724076923077,0.0015871661016717553,13,1.0,3064.06413,True,
LOCAL-v1-q3-minimum_radius-5069,3,candidate,14,234.16331378571428,0.0028131670551374555,14,1.0,3278.286393,True,
LOCAL-v1-q3-minimum_radius-5070,3,candidate,12,286.40268483333335,0.001427333103492856,12,1.0,3436.832218,True,
LOCAL-v1-q3-minimum_radius-5071,3,candidate,12,281.2503585,0.0016059170011430979,12,1.0,3375.004302,True,
LOCAL-v1-q3-minimum_radius-5072,3,candidate,15,230.21960126666667,0.002193374908529222,15,1.0,3453.294019,True,
LOCAL-v1-q3-minimum_radius-5073,3,candidate,10,288.1980238,0.0018404580187052488,10,1.0,2881.980238,True,
LOCAL-v1-q3-minimum_radius-5074,3,candidate,16,228.6335524375,0.002851916942745447,16,1.0,3658.136839,True,
LOCAL-v1-q3-minimum_radius-5075,3,candidate,15,219.49203226666666,0.0027823750860989094,15,1.0,3292.380484,True,
LOCAL-v1-q3-minimum_radius-5076,3,candidate,12,260.6673555,0.0014808749547228217,12,1.0,3128.008266,True,
LOCAL-v1-q3-minimum_radius-5077,3,candidate,14,258.311819,0.0023950000759214163,14,1.0,3616.365466,True,
LOCAL-v1-q3-minimum_radius-5078,3,candidate,13,286.7861755384616,0.00188429094851017,13,1.0,3728.220282,True,
LOCAL-v1-q3-minimum_radius-5079,3,candidate,10,330.3708937,0.001823500031605363,10,1.0,3303.708937,True,
LOCAL-v1-q3-minimum_radius-5080,3,candidate,10,293.467896,0.0014862080570310354,10,1.0,2934.67896,True,
LOCAL-v1-q3-minimum_radius-5081,3,candidate,16,231.402760625,0.0025422500912100077,16,1.0,3702.44417,True,
LOCAL-v1-q3-minimum_radius-5082,3,candidate,13,252.89055223076923,0.0019567919662222266,13,1.0,3287.577179,True,
LOCAL-v1-q3-minimum_radius-5083,3,candidate,13,276.41221861538463,0.0015847500180825591,13,1.0,3593.358842,True,
LOCAL-v1-q3-minimum_radius-5084,3,candidate,14,278.63449635714284,0.0020646670600399375,14,1.0,3900.882949,True,
LOCAL-v1-q3-minimum_radius-5085,3,candidate,15,238.4612712,0.002789666992612183,15,1.0,3576.919068,True,
LOCAL-v1-q3-minimum_radius-5086,3,candidate,12,268.2035138333333,0.0016659590182825923,12,1.0,3218.442166,True,
LOCAL-v1-q3-minimum_radius-5087,3,candidate,13,245.988205,0.0023090000031515956,13,1.0,3197.846665,True,
LOCAL-v1-q3-minimum_radius-5088,3,candidate,16,243.9330045,0.0022248750319704413,16,1.0,3902.928072,True,
LOCAL-v1-q3-minimum_radius-5089,3,candidate,15,230.33508160000002,0.0020716669969260693,15,1.0,3455.026224,True,
LOCAL-v1-q3-minimum_radius-5090,3,candidate,14,271.7887415,0.0027464170707389712,14,1.0,3805.042381,True,
LOCAL-v1-q3-minimum_radius-5091,3,candidate,12,276.29658608333335,0.0024510000366717577,12,1.0,3315.559033,True,
LOCAL-v1-q3-minimum_radius-5092,3,candidate,11,282.11652300000003,0.0017296250443905592,11,1.0,3103.281753,True,
LOCAL-v1-q3-minimum_radius-5093,3,candidate,15,255.30295966666665,0.0021765839774161577,15,1.0,3829.544395,True,
LOCAL-v1-q3-minimum_radius-5094,3,candidate,11,286.6571087272727,0.0014032089384272695,11,1.0,3153.228196,True,
LOCAL-v1-q3-minimum_radius-5095,3,candidate,10,293.37988770000004,0.0019048330141231418,10,1.0,2933.798877,True,
LOCAL-v1-q3-minimum_radius-5096,3,candidate,14,248.69342992857145,0.002260457957163453,14,1.0,3481.708019,True,
LOCAL-v1-q3-minimum_radius-5097,3,candidate,13,268.46315723076924,0.0017214580439031124,13,1.0,3490.021044,True,
LOCAL-v1-q3-minimum_radius-5098,3,candidate,16,230.623540125,0.0026422080118209124,16,1.0,3689.976642,True,
LOCAL-v1-q3-minimum_radius-5099,3,candidate,13,260.2232255384616,0.002036083023995161,13,1.0,3382.901932,True,
LOCAL-v1-q3-exactly10_sources-5000,3,candidate,10,303.2571793,0.001955959014594555,10,1.0,3032.571793,True,
LOCAL-v1-q3-exactly10_sources-5001,3,candidate,10,262.8311185,0.002309249946847558,10,1.0,2628.311185,True,
LOCAL-v1-q3-exactly10_sources-5002,3,candidate,10,280.6512275,0.0019757080590352416,10,1.0,2806.512275,True,
LOCAL-v1-q3-exactly10_sources-5003,3,candidate,10,287.3041761,0.0019159169169142842,10,1.0,2873.041761,True,
LOCAL-v1-q3-exactly10_sources-5004,3,candidate,10,318.4552177,0.0015820000553503633,10,1.0,3184.552177,True,
LOCAL-v1-q3-exactly10_sources-5005,3,candidate,10,270.04251,0.002238999935798347,10,1.0,2700.4251,True,
LOCAL-v1-q3-exactly10_sources-5006,3,candidate,10,269.18665799999997,0.001707417075522244,10,1.0,2691.86658,True,
LOCAL-v1-q3-exactly10_sources-5007,3,candidate,10,349.283392,0.0016638330416753888,10,1.0,3492.83392,True,
LOCAL-v1-q3-exactly10_sources-5008,3,candidate,10,305.9463855,0.001658041961491108,10,1.0,3059.463855,True,
LOCAL-v1-q3-exactly10_sources-5009,3,candidate,10,282.4476823,0.0018748330185189843,10,1.0,2824.476823,True,
LOCAL-v1-q3-exactly10_sources-5010,3,candidate,10,290.8850485,0.001658499939367175,10,1.0,2908.850485,True,
LOCAL-v1-q3-exactly10_sources-5011,3,candidate,10,304.19728599999996,0.0017610830254852772,10,1.0,3041.97286,True,
LOCAL-v1-q3-exactly10_sources-5012,3,candidate,10,302.01963,0.001414833008311689,10,1.0,3020.1963,True,
LOCAL-v1-q3-exactly10_sources-5013,3,candidate,10,314.066951,0.0015665419632568955,10,1.0,3140.66951,True,
LOCAL-v1-q3-exactly10_sources-5014,3,candidate,10,290.74706860000003,0.0017390830907970667,10,1.0,2907.470686,True,
LOCAL-v1-q3-exactly10_sources-5015,3,candidate,10,303.7240531,0.0015666249673813581,10,1.0,3037.240531,True,
LOCAL-v1-q3-exactly10_sources-5016,3,candidate,10,321.0871047,0.001512708025984466,10,1.0,3210.871047,True,
LOCAL-v1-q3-exactly10_sources-5017,3,candidate,10,365.384744,0.0015632080612704158,10,1.0,3653.84744,True,
LOCAL-v1-q3-exactly10_sources-5018,3,candidate,10,353.0333618,0.0017048749141395092,10,1.0,3530.333618,True,
LOCAL-v1-q3-exactly10_sources-5019,3,candidate,10,353.2646619,0.0016342089511454105,10,1.0,3532.646619,True,
LOCAL-v1-q3-exactly10_sources-5020,3,candidate,10,351.83035490000003,0.0015112919500097632,10,1.0,3518.303549,True,
LOCAL-v1-q3-exactly10_sources-5021,3,candidate,10,316.6147264,0.0015341660473495722,10,1.0,3166.147264,True,
LOCAL-v1-q3-exactly10_sources-5022,3,candidate,10,282.87018309999996,0.0020711669931188226,10,1.0,2828.701831,True,
LOCAL-v1-q3-exactly10_sources-5023,3,candidate,10,300.5068727,0.002231291029602289,10,1.0,3005.068727,True,
LOCAL-v1-q3-exactly10_sources-5024,3,candidate,10,270.57302949999996,0.002382374950684607,10,1.0,2705.730295,True,
LOCAL-v1-q3-exactly10_sources-5025,3,candidate,10,316.3013803,0.001962624955922365,10,1.0,3163.013803,True,
LOCAL-v1-q3-exactly10_sources-5026,3,candidate,10,322.8121453,0.0019128749845549464,10,1.0,3228.121453,True,
LOCAL-v1-q3-exactly10_sources-5027,3,candidate,10,317.7600243,0.001905334065668285,10,1.0,3177.600243,True,
LOCAL-v1-q3-exactly10_sources-5028,3,candidate,10,293.2217789,0.0014148340560495853,10,1.0,2932.217789,True,
LOCAL-v1-q3-exactly10_sources-5029,3,candidate,10,275.6231754,0.001812000060454011,10,1.0,2756.231754,True,
LOCAL-v1-q3-exactly10_sources-5030,3,candidate,10,303.3975091,0.0012887500924989581,10,1.0,3033.975091,True,
LOCAL-v1-q3-exactly10_sources-5031,3,candidate,10,253.07958109999998,0.0020130829652771354,10,1.0,2530.795811,True,
LOCAL-v1-q3-exactly10_sources-5032,3,candidate,10,308.06432759999996,0.0016767089255154133,10,1.0,3080.643276,True,
LOCAL-v1-q3-exactly10_sources-5033,3,candidate,10,313.1243662,0.0014475419884547591,10,1.0,3131.243662,True,
LOCAL-v1-q3-exactly10_sources-5034,3,candidate,10,344.4164885,0.001982541987672448,10,1.0,3444.164885,True,
LOCAL-v1-q3-exactly10_sources-5035,3,candidate,10,336.94126889999995,0.0019966670079156756,10,1.0,3369.412689,True,
LOCAL-v1-q3-exactly10_sources-5036,3,candidate,10,337.9078915,0.0017289170064032078,10,1.0,3379.078915,True,
LOCAL-v1-q3-exactly10_sources-5037,3,candidate,10,290.898265,0.0018715000478550792,10,1.0,2908.98265,True,
LOCAL-v1-q3-exactly10_sources-5038,3,candidate,10,355.187207,0.0017911249306052923,10,1.0,3551.87207,True,
LOCAL-v1-q3-exactly10_sources-5039,3,candidate,10,307.8325495,0.0014212500536814332,10,1.0,3078.325495,True,
LOCAL-v1-q3-exactly10_sources-5040,3,candidate,10,310.3455319,0.0016359579749405384,10,1.0,3103.455319,True,
LOCAL-v1-q3-exactly10_sources-5041,3,candidate,10,333.5863817,0.001778540899977088,10,1.0,3335.863817,True,
LOCAL-v1-q3-exactly10_sources-5042,3,candidate,10,275.3555539,0.002416707924567163,10,1.0,2753.555539,True,
LOCAL-v1-q3-exactly10_sources-5043,3,candidate,10,316.56279559999996,0.0017324578948318958,10,1.0,3165.627956,True,
LOCAL-v1-q3-exactly10_sources-5044,3,candidate,10,291.85230809999996,0.0018398340325802565,10,1.0,2918.523081,True,
LOCAL-v1-q3-exactly10_sources-5045,3,candidate,10,282.61310530000003,0.0019529579440131783,10,1.0,2826.131053,True,
LOCAL-v1-q3-exactly10_sources-5046,3,candidate,10,289.23284520000004,0.0019839999731630087,10,1.0,2892.328452,True,
LOCAL-v1-q3-exactly10_sources-5047,3,candidate,10,270.7344991,0.0022556670010089874,10,1.0,2707.344991,True,
LOCAL-v1-q3-exactly10_sources-5048,3,candidate,10,305.0153131,0.0020380420610308647,10,1.0,3050.153131,True,
LOCAL-v1-q3-exactly10_sources-5049,3,candidate,10,298.0132001,0.0022240839898586273,10,1.0,2980.132001,True,
LOCAL-v1-q3-exactly10_sources-5050,3,candidate,10,270.3487932,0.0017033329932019114,10,1.0,2703.487932,True,
LOCAL-v1-q3-exactly10_sources-5051,3,candidate,10,343.40893259999996,0.001581834047101438,10,1.0,3434.089326,True,
LOCAL-v1-q3-exactly10_sources-5052,3,candidate,10,324.0687865,0.001602417090907693,10,1.0,3240.687865,True,
LOCAL-v1-q3-exactly10_sources-5053,3,candidate,10,281.2807064,0.0020006248960271478,10,1.0,2812.807064,True,
LOCAL-v1-q3-exactly10_sources-5054,3,candidate,10,329.2659463,0.0014986250316724181,10,1.0,3292.659463,True,
LOCAL-v1-q3-exactly10_sources-5055,3,candidate,10,298.76877079999997,0.001603499986231327,10,1.0,2987.687708,True,
LOCAL-v1-q3-exactly10_sources-5056,3,candidate,10,313.098551,0.0020840000361204147,10,1.0,3130.98551,True,
LOCAL-v1-q3-exactly10_sources-5057,3,candidate,10,276.173914,0.00248970789834857,10,1.0,2761.73914,True,
LOCAL-v1-q3-exactly10_sources-5058,3,candidate,10,288.2507458,0.0023117499658837914,10,1.0,2882.507458,True,
LOCAL-v1-q3-exactly10_sources-5059,3,candidate,10,315.72467489999997,0.002035000012256205,10,1.0,3157.246749,True,
LOCAL-v1-q3-exactly10_sources-5060,3,candidate,10,284.96701210000003,0.0015931250527501106,10,1.0,2849.670121,True,
LOCAL-v1-q3-exactly10_sources-5061,3,candidate,10,284.2000964,0.0018747920403257012,10,1.0,2842.000964,True,
LOCAL-v1-q3-exactly10_sources-5062,3,candidate,10,311.0065179,0.0012482909951359034,10,1.0,3110.065179,True,
LOCAL-v1-q3-exactly10_sources-5063,3,candidate,10,312.89298010000005,0.0013462499482557178,10,1.0,3128.929801,True,
LOCAL-v1-q3-exactly10_sources-5064,3,candidate,10,289.71266649999995,0.0022047499660402536,10,1.0,2897.126665,True,
LOCAL-v1-q3-exactly10_sources-5065,3,candidate,10,282.439342,0.00203683297149837,10,1.0,2824.39342,True,
LOCAL-v1-q3-exactly10_sources-5066,3,candidate,10,323.1663035,0.001524791936390102,10,1.0,3231.663035,True,
LOCAL-v1-q3-exactly10_sources-5067,3,candidate,10,320.7545053,0.0017107500461861491,10,1.0,3207.545053,True,
LOCAL-v1-q3-exactly10_sources-5068,3,candidate,10,287.8901386,0.001871999935247004,10,1.0,2878.901386,True,
LOCAL-v1-q3-exactly10_sources-5069,3,candidate,10,292.8913526,0.0017646249616518617,10,1.0,2928.913526,True,
LOCAL-v1-q3-exactly10_sources-5070,3,candidate,10,307.08727020000003,0.0018907920457422733,10,1.0,3070.872702,True,
LOCAL-v1-q3-exactly10_sources-5071,3,candidate,10,318.92736890000003,0.0016608749283477664,10,1.0,3189.273689,True,
LOCAL-v1-q3-exactly10_sources-5072,3,candidate,10,316.4325003,0.0016316670225933194,10,1.0,3164.325003,True,
LOCAL-v1-q3-exactly10_sources-5073,3,candidate,10,276.47961,0.0019661670085042715,10,1.0,2764.7961,True,
LOCAL-v1-q3-exactly10_sources-5074,3,candidate,10,343.1924788,0.0018624999793246388,10,1.0,3431.924788,True,
LOCAL-v1-q3-exactly10_sources-5075,3,candidate,10,279.5985765,0.0017995829693973064,10,1.0,2795.985765,True,
LOCAL-v1-q3-exactly10_sources-5076,3,candidate,10,332.0322245,0.0014039169764146209,10,1.0,3320.322245,True,
LOCAL-v1-q3-exactly10_sources-5077,3,candidate,10,273.93309880000004,0.0020226669730618596,10,1.0,2739.330988,True,
LOCAL-v1-q3-exactly10_sources-5078,3,candidate,10,281.5753757,0.001978415995836258,10,1.0,2815.753757,True,
LOCAL-v1-q3-exactly10_sources-5079,3,candidate,10,278.6849455,0.0021797920344397426,10,1.0,2786.849455,True,
LOCAL-v1-q3-exactly10_sources-5080,3,candidate,10,277.8259584,0.0019784580217674375,10,1.0,2778.259584,True,
LOCAL-v1-q3-exactly10_sources-5081,3,candidate,10,275.76257369999996,0.0022702919086441398,10,1.0,2757.625737,True,
LOCAL-v1-q3-exactly10_sources-5082,3,candidate,10,322.5705829,0.0016422499902546406,10,1.0,3225.705829,True,
LOCAL-v1-q3-exactly10_sources-5083,3,candidate,10,304.7691878,0.0017007080605253577,10,1.0,3047.691878,True,
LOCAL-v1-q3-exactly10_sources-5084,3,candidate,10,293.6294277,0.0017319170292466879,10,1.0,2936.294277,True,
LOCAL-v1-q3-exactly10_sources-5085,3,candidate,10,300.5314724,0.0017722079064697027,10,1.0,3005.314724,True,
LOCAL-v1-q3-exactly10_sources-5086,3,candidate,10,305.9100459,0.0017347499961033463,10,1.0,3059.100459,True,
LOCAL-v1-q3-exactly10_sources-5087,3,candidate,10,305.2622946,0.0015486669726669788,10,1.0,3052.622946,True,
LOCAL-v1-q3-exactly10_sources-5088,3,candidate,10,307.0841104,0.001623291987925768,10,1.0,3070.841104,True,
LOCAL-v1-q3-exactly10_sources-5089,3,candidate,10,305.4265025,0.0013839160092175007,10,1.0,3054.265025,True,
LOCAL-v1-q3-exactly10_sources-5090,3,candidate,10,292.4663921,0.0017075840150937438,10,1.0,2924.663921,True,
LOCAL-v1-q3-exactly10_sources-5091,3,candidate,10,343.52724939999996,0.0020104158902540803,10,1.0,3435.272494,True,
LOCAL-v1-q3-exactly10_sources-5092,3,candidate,10,296.5294318,0.0018608749378472567,10,1.0,2965.294318,True,
LOCAL-v1-q3-exactly10_sources-5093,3,candidate,10,314.8265427,0.0022428339580073953,10,1.0,3148.265427,True,
LOCAL-v1-q3-exactly10_sources-5094,3,candidate,10,310.57170379999997,0.0014064580900594592,10,1.0,3105.717038,True,
LOCAL-v1-q3-exactly10_sources-5095,3,candidate,10,319.9389036,0.002085332991555333,10,1.0,3199.389036,True,
LOCAL-v1-q3-exactly10_sources-5096,3,candidate,10,320.9879402,0.0013550000730901957,10,1.0,3209.879402,True,
LOCAL-v1-q3-exactly10_sources-5097,3,candidate,10,247.0622406,0.0024567500222474337,10,1.0,2470.622406,True,
LOCAL-v1-q3-exactly10_sources-5098,3,candidate,10,297.5731329,0.0019605420529842377,10,1.0,2975.731329,True,
LOCAL-v1-q3-exactly10_sources-5099,3,candidate,10,306.6992968,0.001987542025744915,10,1.0,3066.992968,True,
LOCAL-v1-q3-exactly16_sources-5000,3,candidate,16,252.3064403125,0.0031882920302450657,16,1.0,4036.903045,True,
LOCAL-v1-q3-exactly16_sources-5001,3,candidate,16,170.3841793125,0.00413745897822082,16,1.0,2726.146869,True,
LOCAL-v1-q3-exactly16_sources-5002,3,candidate,16,225.51059475,0.0023917920188978314,16,1.0,3608.169516,True,
LOCAL-v1-q3-exactly16_sources-5003,3,candidate,16,198.10539675,0.003983208094723523,16,1.0,3169.686348,True,
LOCAL-v1-q3-exactly16_sources-5004,3,candidate,16,227.5164465625,0.0029312920523807406,16,1.0,3640.263145,True,
LOCAL-v1-q3-exactly16_sources-5005,3,candidate,16,222.9018923125,0.003274666960351169,16,1.0,3566.430277,True,
LOCAL-v1-q3-exactly16_sources-5006,3,candidate,16,229.5173608125,0.0035874579334631562,16,1.0,3672.277773,True,
LOCAL-v1-q3-exactly16_sources-5007,3,candidate,16,224.2278023125,0.003189916955307126,16,1.0,3587.644837,True,
LOCAL-v1-q3-exactly16_sources-5008,3,candidate,16,177.196690375,0.004690125002525747,16,1.0,2835.147046,True,
LOCAL-v1-q3-exactly16_sources-5009,3,candidate,16,234.033768875,0.003945874981582165,16,1.0,3744.540302,True,
LOCAL-v1-q3-exactly16_sources-5010,3,candidate,16,237.26004,0.0037591250147670507,16,1.0,3796.16064,True,
LOCAL-v1-q3-exactly16_sources-5011,3,candidate,16,202.75457825,0.003251250018365681,16,1.0,3244.073252,True,
LOCAL-v1-q3-exactly16_sources-5012,3,candidate,16,210.3484356875,0.003877250012010336,16,1.0,3365.574971,True,
LOCAL-v1-q3-exactly16_sources-5013,3,candidate,16,235.54404275,0.0032089169835671782,16,1.0,3768.704684,True,
LOCAL-v1-q3-exactly16_sources-5014,3,candidate,16,245.614723625,0.002789582940749824,16,1.0,3929.835578,True,
LOCAL-v1-q3-exactly16_sources-5015,3,candidate,16,220.3087531875,0.0035440409556031227,16,1.0,3524.940051,True,
LOCAL-v1-q3-exactly16_sources-5016,3,candidate,16,230.2089011875,0.0032750830287113786,16,1.0,3683.342419,True,
LOCAL-v1-q3-exactly16_sources-5017,3,candidate,16,215.150818375,0.0028494589496403933,16,1.0,3442.413094,True,
LOCAL-v1-q3-exactly16_sources-5018,3,candidate,16,216.0200578125,0.003748041926883161,16,1.0,3456.320925,True,
LOCAL-v1-q3-exactly16_sources-5019,3,candidate,16,220.7767488125,0.0036997910356149077,16,1.0,3532.427981,True,
LOCAL-v1-q3-exactly16_sources-5020,3,candidate,16,219.3030485,0.004096624907106161,16,1.0,3508.848776,True,
LOCAL-v1-q3-exactly16_sources-5021,3,candidate,16,209.656277625,0.0037685419665649533,16,1.0,3354.500442,True,
LOCAL-v1-q3-exactly16_sources-5022,3,candidate,16,240.123329,0.0029952500481158495,16,1.0,3841.973264,True,
LOCAL-v1-q3-exactly16_sources-5023,3,candidate,16,237.6257643125,0.00347279105335474,16,1.0,3802.012229,True,
LOCAL-v1-q3-exactly16_sources-5024,3,candidate,16,202.6852031875,0.0033030000049620867,16,1.0,3242.963251,True,
LOCAL-v1-q3-exactly16_sources-5025,3,candidate,16,211.430283375,0.004808040917851031,16,1.0,3382.884534,True,
LOCAL-v1-q3-exactly16_sources-5026,3,candidate,16,216.66094875,0.004323040950112045,16,1.0,3466.57518,True,
LOCAL-v1-q3-exactly16_sources-5027,3,candidate,16,209.6493809375,0.004041832988150418,16,1.0,3354.390095,True,
LOCAL-v1-q3-exactly16_sources-5028,3,candidate,16,227.596002,0.003803458996117115,16,1.0,3641.536032,True,
LOCAL-v1-q3-exactly16_sources-5029,3,candidate,16,210.57456825,0.0031653749756515026,16,1.0,3369.193092,True,
LOCAL-v1-q3-exactly16_sources-5030,3,candidate,16,204.281064125,0.0029326670337468386,16,1.0,3268.497026,True,
LOCAL-v1-q3-exactly16_sources-5031,3,candidate,16,235.6864688125,0.003287542029283941,16,1.0,3770.983501,True,
LOCAL-v1-q3-exactly16_sources-5032,3,candidate,16,206.5374610625,0.0038339169695973396,16,1.0,3304.599377,True,
LOCAL-v1-q3-exactly16_sources-5033,3,candidate,16,191.1201723125,0.003302917000837624,16,1.0,3057.922757,True,
LOCAL-v1-q3-exactly16_sources-5034,3,candidate,16,198.825848625,0.00493508402723819,16,1.0,3181.213578,True,
LOCAL-v1-q3-exactly16_sources-5035,3,candidate,16,233.5574044375,0.003699416993185878,16,1.0,3736.918471,True,
LOCAL-v1-q3-exactly16_sources-5036,3,candidate,16,238.3899893125,0.004332832992076874,16,1.0,3814.239829,True,
LOCAL-v1-q3-exactly16_sources-5037,3,candidate,16,220.7495639375,0.003891750006005168,16,1.0,3531.993023,True,
LOCAL-v1-q3-exactly16_sources-5038,3,candidate,16,198.652607375,0.0043627500999718904,16,1.0,3178.441718,True,
LOCAL-v1-q3-exactly16_sources-5039,3,candidate,16,221.724785625,0.0036034160293638706,16,1.0,3547.59657,True,
LOCAL-v1-q3-exactly16_sources-5040,3,candidate,16,259.7833065625,0.003125582938082516,16,1.0,4156.532905,True,
LOCAL-v1-q3-exactly16_sources-5041,3,candidate,16,263.5571621875,0.002733208006247878,16,1.0,4216.914595,True,
LOCAL-v1-q3-exactly16_sources-5042,3,candidate,16,227.1461485,0.0037376669934019446,16,1.0,3634.338376,True,
LOCAL-v1-q3-exactly16_sources-5043,3,candidate,16,215.8061921875,0.0038312909891828895,16,1.0,3452.899075,True,
LOCAL-v1-q3-exactly16_sources-5044,3,candidate,16,211.4264529375,0.004094290896318853,16,1.0,3382.823247,True,
LOCAL-v1-q3-exactly16_sources-5045,3,candidate,16,199.5293315,0.005739083979278803,16,1.0,3192.469304,True,
LOCAL-v1-q3-exactly16_sources-5046,3,candidate,16,205.6230843125,0.0037982079666107893,16,1.0,3289.969349,True,
LOCAL-v1-q3-exactly16_sources-5047,3,candidate,16,220.931751,0.003183291992172599,16,1.0,3534.908016,True,
LOCAL-v1-q3-exactly16_sources-5048,3,candidate,16,208.755479875,0.0045661249896511436,16,1.0,3340.087678,True,
LOCAL-v1-q3-exactly16_sources-5049,3,candidate,16,203.6430370625,0.004435208975337446,16,1.0,3258.288593,True,
LOCAL-v1-q3-exactly16_sources-5050,3,candidate,16,218.60953,0.0035021250369027257,16,1.0,3497.75248,True,
LOCAL-v1-q3-exactly16_sources-5051,3,candidate,16,217.97679675,0.00287237495649606,16,1.0,3487.628748,True,
LOCAL-v1-q3-exactly16_sources-5052,3,candidate,16,192.69722525,0.003056792076677084,16,1.0,3083.155604,True,
LOCAL-v1-q3-exactly16_sources-5053,3,candidate,16,253.1448624375,0.0025439580203965306,16,1.0,4050.317799,True,
LOCAL-v1-q3-exactly16_sources-5054,3,candidate,16,259.5072463125,0.003052457934245467,16,1.0,4152.115941,True,
LOCAL-v1-q3-exactly16_sources-5055,3,candidate,16,225.886845125,0.0052031660452485085,16,1.0,3614.189522,True,
LOCAL-v1-q3-exactly16_sources-5056,3,candidate,16,226.7480914375,0.0032013750169426203,16,1.0,3627.969463,True,
LOCAL-v1-q3-exactly16_sources-5057,3,candidate,16,215.90738825,0.0035244589671492577,16,1.0,3454.518212,True,
LOCAL-v1-q3-exactly16_sources-5058,3,candidate,16,199.1781446875,0.002803000039421022,16,1.0,3186.850315,True,
LOCAL-v1-q3-exactly16_sources-5059,3,candidate,16,218.736776125,0.003510582959279418,16,1.0,3499.788418,True,
LOCAL-v1-q3-exactly16_sources-5060,3,candidate,16,207.454313125,0.004676250042393804,16,1.0,3319.26901,True,
LOCAL-v1-q3-exactly16_sources-5061,3,candidate,16,226.687332875,0.002887166920118034,16,1.0,3626.997326,True,
LOCAL-v1-q3-exactly16_sources-5062,3,candidate,16,224.314898125,0.003725541988387704,16,1.0,3589.03837,True,
LOCAL-v1-q3-exactly16_sources-5063,3,candidate,16,206.195053375,0.0034619580255821347,16,1.0,3299.120854,True,
LOCAL-v1-q3-exactly16_sources-5064,3,candidate,16,226.5720668125,0.0025765420868992805,16,1.0,3625.153069,True,
LOCAL-v1-q3-exactly16_sources-5065,3,candidate,16,228.4865435,0.004131791996769607,16,1.0,3655.784696,True,
LOCAL-v1-q3-exactly16_sources-5066,3,candidate,16,209.4715898125,0.0022914999863132834,16,1.0,3351.545437,True,
LOCAL-v1-q3-exactly16_sources-5067,3,candidate,16,232.7596325,0.0036633749259635806,16,1.0,3724.15412,True,
LOCAL-v1-q3-exactly16_sources-5068,3,candidate,16,202.9661384375,0.003478792030364275,16,1.0,3247.458215,True,
LOCAL-v1-q3-exactly16_sources-5069,3,candidate,16,219.8880095,0.003788582980632782,16,1.0,3518.208152,True,
LOCAL-v1-q3-exactly16_sources-5070,3,candidate,16,200.176112,0.002844667062163353,16,1.0,3202.817792,True,
LOCAL-v1-q3-exactly16_sources-5071,3,candidate,16,211.448230625,0.003116792067885399,16,1.0,3383.17169,True,
LOCAL-v1-q3-exactly16_sources-5072,3,candidate,16,210.912918875,0.003458915976807475,16,1.0,3374.606702,True,
LOCAL-v1-q3-exactly16_sources-5073,3,candidate,16,172.466391125,0.004108041990548372,16,1.0,2759.462258,True,
LOCAL-v1-q3-exactly16_sources-5074,3,candidate,16,230.32299225,0.0037021669559180737,16,1.0,3685.167876,True,
LOCAL-v1-q3-exactly16_sources-5075,3,candidate,16,237.443412625,0.0041266659973189235,16,1.0,3799.094602,True,
LOCAL-v1-q3-exactly16_sources-5076,3,candidate,16,213.994000125,0.00397562503349036,16,1.0,3423.904002,True,
LOCAL-v1-q3-exactly16_sources-5077,3,candidate,16,196.1695568125,0.004228499950841069,16,1.0,3138.712909,True,
LOCAL-v1-q3-exactly16_sources-5078,3,candidate,16,190.9095870625,0.0053091669688001275,16,1.0,3054.553393,True,
LOCAL-v1-q3-exactly16_sources-5079,3,candidate,16,225.37778275,0.0033207919914275408,16,1.0,3606.044524,True,
LOCAL-v1-q3-exactly16_sources-5080,3,candidate,16,213.7354261875,0.0034635839983820915,16,1.0,3419.766819,True,
LOCAL-v1-q3-exactly16_sources-5081,3,candidate,16,237.7155334375,0.004003208014182746,16,1.0,3803.448535,True,
LOCAL-v1-q3-exactly16_sources-5082,3,candidate,16,228.658104,0.002230666927061975,16,1.0,3658.529664,True,
LOCAL-v1-q3-exactly16_sources-5083,3,candidate,16,254.579641625,0.0030462919967249036,16,1.0,4073.274266,True,
LOCAL-v1-q3-exactly16_sources-5084,3,candidate,16,226.8525970625,0.0028379999566823244,16,1.0,3629.641553,True,
LOCAL-v1-q3-exactly16_sources-5085,3,candidate,16,214.3314608125,0.003570667002350092,16,1.0,3429.303373,True,
LOCAL-v1-q3-exactly16_sources-5086,3,candidate,16,199.8121055,0.004046124988235533,16,1.0,3196.993688,True,
LOCAL-v1-q3-exactly16_sources-5087,3,candidate,16,211.319260875,0.002998166950419545,16,1.0,3381.108174,True,
LOCAL-v1-q3-exactly16_sources-5088,3,candidate,16,203.0990889375,0.0033308329293504357,16,1.0,3249.585423,True,
LOCAL-v1-q3-exactly16_sources-5089,3,candidate,16,218.288872375,0.004097709082998335,16,1.0,3492.621958,True,
LOCAL-v1-q3-exactly16_sources-5090,3,candidate,16,210.6429098125,0.003697458072565496,16,1.0,3370.286557,True,
LOCAL-v1-q3-exactly16_sources-5091,3,candidate,16,216.0318791875,0.0031670830212533474,16,1.0,3456.510067,True,
LOCAL-v1-q3-exactly16_sources-5092,3,candidate,16,206.00113925,0.0037497919984161854,16,1.0,3296.018228,True,
LOCAL-v1-q3-exactly16_sources-5093,3,candidate,16,242.7155903125,0.0037356250686571,16,1.0,3883.449445,True,
LOCAL-v1-q3-exactly16_sources-5094,3,candidate,16,229.5321676875,0.004205834004096687,16,1.0,3672.514683,True,
LOCAL-v1-q3-exactly16_sources-5095,3,candidate,16,230.61561825,0.003992917016148567,16,1.0,3689.849892,True,
LOCAL-v1-q3-exactly16_sources-5096,3,candidate,16,228.58230675,0.003726583905518055,16,1.0,3657.316908,True,
LOCAL-v1-q3-exactly16_sources-5097,3,candidate,16,213.1551850625,0.0036802079994231462,16,1.0,3410.482961,True,
LOCAL-v1-q3-exactly16_sources-5098,3,candidate,16,235.443983375,0.0027793749468401074,16,1.0,3767.103734,True,
LOCAL-v1-q3-exactly16_sources-5099,3,candidate,16,251.45764,0.003071625018492341,16,1.0,4023.32224,True,
LOCAL-v1-q4-reference_assumed-5000,4,candidate,11,599.6764082727273,0.019452832988463342,11,1.0,6596.440491,True,
LOCAL-v1-q4-reference_assumed-5001,4,candidate,14,500.2759155,0.02003620902542025,14,1.0,7003.862817,True,
LOCAL-v1-q4-reference_assumed-5002,4,candidate,15,468.161923,0.01621904200874269,15,1.0,7022.428845,True,
LOCAL-v1-q4-reference_assumed-5003,4,candidate,11,619.134247,0.017566584050655365,11,1.0,6810.476717,True,
LOCAL-v1-q4-reference_assumed-5004,4,candidate,12,529.317428,0.018617875059135258,12,1.0,6351.809136,True,
LOCAL-v1-q4-reference_assumed-5005,4,candidate,11,560.8147198181819,0.02119912498164922,11,1.0,6168.961918,True,
LOCAL-v1-q4-reference_assumed-5006,4,candidate,11,626.5242185454546,0.018956833984702826,11,1.0,6891.766404,True,
LOCAL-v1-q4-reference_assumed-5007,4,candidate,11,560.7602355454545,0.01649512501899153,11,1.0,6168.362591,True,
LOCAL-v1-q4-reference_assumed-5008,4,candidate,10,795.1122061,0.017708291998133063,10,1.0,7951.122061,True,
LOCAL-v1-q4-reference_assumed-5009,4,candidate,14,445.7166355,0.02217712497804314,14,1.0,6240.032897,True,
LOCAL-v1-q4-reference_assumed-5010,4,candidate,12,523.51339525,0.019390041008591652,12,1.0,6282.160743,True,
LOCAL-v1-q4-reference_assumed-5011,4,candidate,15,439.61843733333336,0.019403500016778708,15,1.0,6594.27656,True,
LOCAL-v1-q4-reference_assumed-5012,4,candidate,10,763.0150901,0.014155457960441709,10,1.0,7630.150901,True,
LOCAL-v1-q4-reference_assumed-5013,4,candidate,12,552.2803698333333,0.015722542069852352,12,1.0,6627.364438,True,
LOCAL-v1-q4-reference_assumed-5014,4,candidate,11,632.7978842727273,0.0180942079750821,11,1.0,6960.776727,True,
LOCAL-v1-q4-reference_assumed-5015,4,candidate,12,545.9013948333334,0.01952504098881036,12,1.0,6550.816738,True,
LOCAL-v1-q4-reference_assumed-5016,4,candidate,16,396.7566794375,0.020064834039658308,16,1.0,6348.106871,True,
LOCAL-v1-q4-reference_assumed-5017,4,candidate,15,549.6781098666667,0.016943791997618973,15,1.0,8245.171648,True,
LOCAL-v1-q4-reference_assumed-5018,4,candidate,10,795.6505267,0.01806608308106661,10,1.0,7956.505267,True,
LOCAL-v1-q4-reference_assumed-5019,4,candidate,11,615.2834501818181,0.018677541986107826,11,1.0,6768.117952,True,
LOCAL-v1-q4-reference_assumed-5020,4,candidate,16,439.6662418125,0.01818729203660041,16,1.0,7034.659869,True,
LOCAL-v1-q4-reference_assumed-5021,4,candidate,14,521.3899495714286,0.018959250068292022,14,1.0,7299.459294,True,
LOCAL-v1-q4-reference_assumed-5022,4,candidate,14,549.9960806428571,0.01960912498179823,14,1.0,7699.945129,True,
LOCAL-v1-q4-reference_assumed-5023,4,candidate,15,411.651685,0.023432667017914355,15,1.0,6174.775275,True,
LOCAL-v1-q4-reference_assumed-5024,4,candidate,13,488.65973015384617,0.017374625080265105,13,1.0,6352.576492,True,
LOCAL-v1-q4-reference_assumed-5025,4,candidate,12,618.6239381666667,0.01811816601548344,12,1.0,7423.487258,True,
LOCAL-v1-q4-reference_assumed-5026,4,candidate,15,430.4211512,0.02081804198678583,15,1.0,6456.317268,True,
LOCAL-v1-q4-reference_assumed-5027,4,candidate,11,628.3089153636364,0.01979379099793732,11,1.0,6911.398069,True,
LOCAL-v1-q4-reference_assumed-5028,4,candidate,10,665.5747655,0.017555165919475257,10,1.0,6655.747655,True,
LOCAL-v1-q4-reference_assumed-5029,4,candidate,11,701.3354909999999,0.016829333966597915,11,1.0,7714.690401,True,
LOCAL-v1-q4-reference_assumed-5030,4,candidate,12,697.38049625,0.01912962505593896,12,1.0,8368.565955,True,
LOCAL-v1-q4-reference_assumed-5031,4,candidate,15,496.3321069333333,0.020574666908942163,15,1.0,7444.981604,True,
LOCAL-v1-q4-reference_assumed-5032,4,candidate,11,546.0340242727273,0.01867333403788507,11,1.0,6006.374267,True,
LOCAL-v1-q4-reference_assumed-5033,4,candidate,14,423.3537205714286,0.021809707977809012,14,1.0,5926.952088,True,
LOCAL-v1-q4-reference_assumed-5034,4,candidate,16,476.233700625,0.020592540968209505,16,1.0,7619.73921,True,
LOCAL-v1-q4-reference_assumed-5035,4,candidate,10,704.5816368,0.015670958091504872,10,1.0,7045.816368,True,
LOCAL-v1-q4-reference_assumed-5036,4,candidate,15,612.1504582,0.019117083051241934,15,1.0,9182.256873,True,
LOCAL-v1-q4-reference_assumed-5037,4,candidate,15,512.7730316,0.022215958102606237,15,1.0,7691.595474,True,
LOCAL-v1-q4-reference_assumed-5038,4,candidate,16,356.1328046875,0.02080912492237985,16,1.0,5698.124875,True,
LOCAL-v1-q4-reference_assumed-5039,4,candidate,10,679.7990629,0.018064041971229017,10,1.0,6797.990629,True,
LOCAL-v1-q4-reference_assumed-5040,4,candidate,15,422.29870300000005,0.01867537503130734,15,1.0,6334.480545,True,
LOCAL-v1-q4-reference_assumed-5041,4,candidate,15,544.3666767999999,0.01925725000910461,15,1.0,8165.500152,True,
LOCAL-v1-q4-reference_assumed-5042,4,candidate,11,611.5437504545454,0.02099324995651841,11,1.0,6726.981255,True,
LOCAL-v1-q4-reference_assumed-5043,4,candidate,12,568.3672065833333,0.022244791965931654,12,1.0,6820.406479,True,
LOCAL-v1-q4-reference_assumed-5044,4,candidate,11,720.792434909091,0.017311875009909272,11,1.0,7928.716784,True,
LOCAL-v1-q4-reference_assumed-5045,4,candidate,11,557.6869185454545,0.01588312501553446,11,1.0,6134.556104,True,
LOCAL-v1-q4-reference_assumed-5046,4,candidate,10,648.2560392,0.018385458970442414,10,1.0,6482.560392,True,
LOCAL-v1-q4-reference_assumed-5047,4,candidate,16,373.80191925,0.02359766699373722,16,1.0,5980.830708,True,
LOCAL-v1-q4-reference_assumed-5048,4,candidate,12,532.4857410000001,0.015805750037543476,12,1.0,6389.828892,True,
LOCAL-v1-q4-reference_assumed-5049,4,candidate,10,696.9030914,0.017064916901290417,10,1.0,6969.030914,True,
LOCAL-v1-q4-reference_assumed-5050,4,candidate,15,466.9962008666667,0.021232082974165678,15,1.0,7004.943013,True,
LOCAL-v1-q4-reference_assumed-5051,4,candidate,11,660.1512641818182,0.01589224999770522,11,1.0,7261.663906,True,
LOCAL-v1-q4-reference_assumed-5052,4,candidate,13,482.19734900000003,0.018495041062124074,13,1.0,6268.565537,True,
LOCAL-v1-q4-reference_assumed-5053,4,candidate,16,395.4659868125,0.02170562499668449,16,1.0,6327.455789,True,
LOCAL-v1-q4-reference_assumed-5054,4,candidate,16,396.6441321875,0.021909750066697598,16,1.0,6346.306115,True,
LOCAL-v1-q4-reference_assumed-5055,4,candidate,12,658.7881700833333,0.015486999996937811,12,1.0,7905.458041,True,
LOCAL-v1-q4-reference_assumed-5056,4,candidate,13,501.1816540769231,0.017080541932955384,13,1.0,6515.361503,True,
LOCAL-v1-q4-reference_assumed-5057,4,candidate,13,497.4047165384615,0.016412958037108183,13,1.0,6466.261315,True,
LOCAL-v1-q4-reference_assumed-5058,4,candidate,14,459.725383,0.018768583075143397,14,1.0,6436.155362,True,
LOCAL-v1-q4-reference_assumed-5059,4,candidate,12,554.8424741666666,0.018656375003047287,12,1.0,6658.10969,True,
LOCAL-v1-q4-reference_assumed-5060,4,candidate,11,589.1932807272727,0.018975083017721772,11,1.0,6481.126088,True,
LOCAL-v1-q4-reference_assumed-5061,4,candidate,13,543.5038546923076,0.015624291962012649,13,1.0,7065.550111,True,
LOCAL-v1-q4-reference_assumed-5062,4,candidate,16,616.3533165,0.02300124999601394,16,1.0,9861.653064,True,
LOCAL-v1-q4-reference_assumed-5063,4,candidate,15,433.82225106666664,0.02279137505684048,15,1.0,6507.333766,True,
LOCAL-v1-q4-reference_assumed-5064,4,candidate,13,493.9962270769231,0.019085832987912,13,1.0,6421.950952,True,
LOCAL-v1-q4-reference_assumed-5065,4,candidate,12,598.8122609166667,0.016398041043430567,12,1.0,7185.747131,True,
LOCAL-v1-q4-reference_assumed-5066,4,candidate,10,702.5047219,0.01511120900977403,10,1.0,7025.047219,True,
LOCAL-v1-q4-reference_assumed-5067,4,candidate,16,422.972247875,0.023829416022635996,16,1.0,6767.555966,True,
LOCAL-v1-q4-reference_assumed-5068,4,candidate,13,571.1698437692307,0.0206043750513345,13,1.0,7425.207969,True,
LOCAL-v1-q4-reference_assumed-5069,4,candidate,14,562.4622101428571,0.019993166089989245,14,1.0,7874.470942,True,
LOCAL-v1-q4-reference_assumed-5070,4,candidate,12,528.4631935833334,0.01741445902734995,12,1.0,6341.558323,True,
LOCAL-v1-q4-reference_assumed-5071,4,candidate,12,558.8140295,0.02065262501128018,12,1.0,6705.768354,True,
LOCAL-v1-q4-reference_assumed-5072,4,candidate,15,453.14546033333335,0.01592820801306516,15,1.0,6797.181905,True,
LOCAL-v1-q4-reference_assumed-5073,4,candidate,10,612.7128289999999,0.018498457968235016,10,1.0,6127.12829,True,
LOCAL-v1-q4-reference_assumed-5074,4,candidate,16,407.6596515625,0.023019540938548744,16,1.0,6522.554425,True,
LOCAL-v1-q4-reference_assumed-5075,4,candidate,15,459.9593557333334,0.019135207985527813,15,1.0,6899.390336,True,
LOCAL-v1-q4-reference_assumed-5076,4,candidate,12,596.1789266666666,0.02332533395383507,12,1.0,7154.14712,True,
LOCAL-v1-q4-reference_assumed-5077,4,candidate,14,445.90561607142854,0.01837587496265769,14,1.0,6242.678625,True,
LOCAL-v1-q4-reference_assumed-5078,4,candidate,13,481.0135052307692,0.020228917011991143,13,1.0,6253.175568,True,
LOCAL-v1-q4-reference_assumed-5079,4,candidate,10,647.5099622,0.015250290976837277,10,1.0,6475.099622,True,
LOCAL-v1-q4-reference_assumed-5080,4,candidate,10,978.0885850000001,0.018964041024446487,10,1.0,9780.88585,True,
LOCAL-v1-q4-reference_assumed-5081,4,candidate,16,431.3025196875,0.020977958920411766,16,1.0,6900.840315,True,
LOCAL-v1-q4-reference_assumed-5082,4,candidate,13,529.6393886153846,0.017045499989762902,13,1.0,6885.312052,True,
LOCAL-v1-q4-reference_assumed-5083,4,candidate,13,541.576499,0.021555959014222026,13,1.0,7040.494487,True,
LOCAL-v1-q4-reference_assumed-5084,4,candidate,14,566.9720665,0.01934929098933935,14,1.0,7937.608931,True,
LOCAL-v1-q4-reference_assumed-5085,4,candidate,15,402.77624913333335,0.020847167004831135,15,1.0,6041.643737,True,
LOCAL-v1-q4-reference_assumed-5086,4,candidate,12,618.7327889166667,0.020417332998476923,12,1.0,7424.793467,True,
LOCAL-v1-q4-reference_assumed-5087,4,candidate,13,549.8845437692308,0.017421792028471828,13,1.0,7148.499069,True,
LOCAL-v1-q4-reference_assumed-5088,4,candidate,16,486.216497125,0.02344875002745539,16,1.0,7779.463954,True,
LOCAL-v1-q4-reference_assumed-5089,4,candidate,15,483.97949746666666,0.02187758299987763,15,1.0,7259.692462,True,
LOCAL-v1-q4-reference_assumed-5090,4,candidate,14,528.0056348571428,0.016735667013563216,14,1.0,7392.078888,True,
LOCAL-v1-q4-reference_assumed-5091,4,candidate,12,602.4248858333334,0.01827762508764863,12,1.0,7229.09863,True,
LOCAL-v1-q4-reference_assumed-5092,4,candidate,11,560.1174182727273,0.019518958986736834,11,1.0,6161.291601,True,
LOCAL-v1-q4-reference_assumed-5093,4,candidate,15,498.43417626666667,0.017145666060969234,15,1.0,7476.512644,True,
LOCAL-v1-q4-reference_assumed-5094,4,candidate,11,749.0785441818182,0.015740416012704372,11,1.0,8239.863986,True,
LOCAL-v1-q4-reference_assumed-5095,4,candidate,10,673.4076671,0.01769208291079849,10,1.0,6734.076671,True,
LOCAL-v1-q4-reference_assumed-5096,4,candidate,14,467.8321375,0.020993041922338307,14,1.0,6549.649925,True,
LOCAL-v1-q4-reference_assumed-5097,4,candidate,13,540.5950211538461,0.0204036250943318,13,1.0,7027.735275,True,
LOCAL-v1-q4-reference_assumed-5098,4,candidate,16,405.036771875,0.02005533396732062,16,1.0,6480.58835,True,
LOCAL-v1-q4-reference_assumed-5099,4,candidate,13,610.1557389230769,0.01950708299409598,13,1.0,7932.024606,True,
LOCAL-v1-q4-fixed_positive_bias-5000,4,candidate,11,647.4375409090909,0.01903058309108019,11,1.0,7121.81295,True,
LOCAL-v1-q4-fixed_positive_bias-5001,4,candidate,14,639.6448074285714,0.020120208035223186,14,1.0,8955.027304,True,
LOCAL-v1-q4-fixed_positive_bias-5002,4,candidate,15,493.9373260666667,0.01626729196868837,15,1.0,7409.059891,True,
LOCAL-v1-q4-fixed_positive_bias-5003,4,candidate,11,619.286772090909,0.0175039159366861,11,1.0,6812.154493,True,
LOCAL-v1-q4-fixed_positive_bias-5004,4,candidate,12,522.4902934166666,0.019161166972480714,12,1.0,6269.883521,True,
LOCAL-v1-q4-fixed_positive_bias-5005,4,candidate,11,557.5443607272728,0.021414874936453998,11,1.0,6132.987968,True,
LOCAL-v1-q4-fixed_positive_bias-5006,4,candidate,11,618.2572279999999,0.020380624919198453,11,1.0,6800.829508,True,
LOCAL-v1-q4-fixed_positive_bias-5007,4,candidate,11,626.270106090909,0.01687099994160235,11,1.0,6888.971167,True,
LOCAL-v1-q4-fixed_positive_bias-5008,4,candidate,10,1297.6012527999999,0.01885816699359566,10,1.0,12976.012528,True,
LOCAL-v1-q4-fixed_positive_bias-5009,4,candidate,14,487.10570528571424,0.020466333022341132,14,1.0,6819.479874,True,
LOCAL-v1-q4-fixed_positive_bias-5010,4,candidate,12,532.0656696666666,0.019163790973834693,12,1.0,6384.788036,True,
LOCAL-v1-q4-fixed_positive_bias-5011,4,candidate,15,696.6093692666667,0.01949354202952236,15,1.0,10449.140539,True,
LOCAL-v1-q4-fixed_positive_bias-5012,4,candidate,10,931.5527599999999,0.014567708014510572,10,1.0,9315.5276,True,
LOCAL-v1-q4-fixed_positive_bias-5013,4,candidate,12,760.8487445000001,0.016116834012791514,12,1.0,9130.184934,True,
LOCAL-v1-q4-fixed_positive_bias-5014,4,candidate,11,606.4046426363636,0.01606137491762638,11,1.0,6670.451069,True,
LOCAL-v1-q4-fixed_positive_bias-5015,4,candidate,12,536.0859515,0.01963399990927428,12,1.0,6433.031418,True,
LOCAL-v1-q4-fixed_positive_bias-5016,4,candidate,16,441.3959175625,0.020501999999396503,16,1.0,7062.334681,True,
LOCAL-v1-q4-fixed_positive_bias-5017,4,candidate,15,530.8876806666666,0.01950037502683699,15,1.0,7963.31521,True,
LOCAL-v1-q4-fixed_positive_bias-5018,4,candidate,10,964.2584221999999,0.017512790975160897,10,1.0,9642.584222,True,
LOCAL-v1-q4-fixed_positive_bias-5019,4,candidate,11,613.9028215454546,0.018203999963589013,11,1.0,6752.931037,True,
LOCAL-v1-q4-fixed_positive_bias-5020,4,candidate,16,399.8863685625,0.0176564579596743,16,1.0,6398.181897,True,
LOCAL-v1-q4-fixed_positive_bias-5021,4,candidate,14,917.3549450714285,0.01969812496099621,14,1.0,12842.969231,True,
LOCAL-v1-q4-fixed_positive_bias-5022,4,candidate,14,583.5942712857143,0.01983624999411404,14,1.0,8170.319798,True,
LOCAL-v1-q4-fixed_positive_bias-5023,4,candidate,15,598.1848296666667,0.022370625054463744,15,1.0,8972.772445,True,
LOCAL-v1-q4-fixed_positive_bias-5024,4,candidate,13,488.9597961538462,0.017140125040896237,13,1.0,6356.47735,True,
LOCAL-v1-q4-fixed_positive_bias-5025,4,candidate,12,659.2115941666667,0.019913499942049384,12,1.0,7910.53913,True,
LOCAL-v1-q4-fixed_positive_bias-5026,4,candidate,15,429.16390853333337,0.020101207890547812,15,1.0,6437.458628,True,
LOCAL-v1-q4-fixed_positive_bias-5027,4,candidate,11,628.1162548181818,0.01986949995625764,11,1.0,6909.278803,True,
LOCAL-v1-q4-fixed_positive_bias-5028,4,candidate,10,822.4152942999999,0.01773366704583168,10,1.0,8224.152943,True,
LOCAL-v1-q4-fixed_positive_bias-5029,4,candidate,11,671.0526527272727,0.01616629201453179,11,1.0,7381.57918,True,
LOCAL-v1-q4-fixed_positive_bias-5030,4,candidate,12,593.0133013333333,0.01866025000344962,12,1.0,7116.159616,True,
LOCAL-v1-q4-fixed_positive_bias-5031,4,candidate,15,533.3184272,0.020610832958482206,15,1.0,7999.776408,True,
LOCAL-v1-q4-fixed_positive_bias-5032,4,candidate,11,542.8514544545454,0.019093082984909415,11,1.0,5971.365999,True,
LOCAL-v1-q4-fixed_positive_bias-5033,4,candidate,14,423.9451085714286,0.021576125058345497,14,1.0,5935.23152,True,
LOCAL-v1-q4-fixed_positive_bias-5034,4,candidate,16,606.7769205625,0.020439042011275887,16,1.0,9708.430729,True,
LOCAL-v1-q4-fixed_positive_bias-5035,4,candidate,10,734.4142994,0.015572709031403065,10,1.0,7344.142994,True,
LOCAL-v1-q4-fixed_positive_bias-5036,4,candidate,15,474.027716,0.01881495793350041,15,1.0,7110.41574,True,
LOCAL-v1-q4-fixed_positive_bias-5037,4,candidate,15,487.36880893333336,0.022254041046835482,15,1.0,7310.532134,True,
LOCAL-v1-q4-fixed_positive_bias-5038,4,candidate,16,424.4905220625,0.019430584041401744,16,1.0,6791.848353,True,
LOCAL-v1-q4-fixed_positive_bias-5039,4,candidate,10,681.4896829,0.017244042013771832,10,1.0,6814.896829,True,
LOCAL-v1-q4-fixed_positive_bias-5040,4,candidate,15,444.01002393333334,0.01884358306415379,15,1.0,6660.150359,True,
LOCAL-v1-q4-fixed_positive_bias-5041,4,candidate,15,506.3687940666667,0.019091291003860533,15,1.0,7595.531911,True,
LOCAL-v1-q4-fixed_positive_bias-5042,4,candidate,11,629.3910348181818,0.01837454200722277,11,1.0,6923.301383,True,
LOCAL-v1-q4-fixed_positive_bias-5043,4,candidate,12,609.8910070833333,0.021585082984529436,12,1.0,7318.692085,True,
LOCAL-v1-q4-fixed_positive_bias-5044,4,candidate,11,757.2716514545453,0.017588832997716963,11,1.0,8329.988166,True,
LOCAL-v1-q4-fixed_positive_bias-5045,4,candidate,11,555.8202802727272,0.018078292021527886,11,1.0,6114.023083,True,
LOCAL-v1-q4-fixed_positive_bias-5046,4,candidate,10,656.9867849999999,0.018450957955792546,10,1.0,6569.86785,True,
LOCAL-v1-q4-fixed_positive_bias-5047,4,candidate,16,373.9149441875,0.02379908401053399,16,1.0,5982.639107,True,
LOCAL-v1-q4-fixed_positive_bias-5048,4,candidate,12,539.2580068333333,0.015941624995321035,12,1.0,6471.096082,True,
LOCAL-v1-q4-fixed_positive_bias-5049,4,candidate,10,750.7016629,0.01710720791015774,10,1.0,7507.016629,True,
LOCAL-v1-q4-fixed_positive_bias-5050,4,candidate,15,422.19396993333334,0.02090583392418921,15,1.0,6332.909549,True,
LOCAL-v1-q4-fixed_positive_bias-5051,4,candidate,11,675.3154925454545,0.016136417048983276,11,1.0,7428.470418,True,
LOCAL-v1-q4-fixed_positive_bias-5052,4,candidate,13,479.40637738461544,0.018459749990142882,13,1.0,6232.282906,True,
LOCAL-v1-q4-fixed_positive_bias-5053,4,candidate,16,393.7149286875,0.02160620898939669,16,1.0,6299.438859,True,
LOCAL-v1-q4-fixed_positive_bias-5054,4,candidate,16,402.0593820625,0.022230083006434143,16,1.0,6432.950113,True,
LOCAL-v1-q4-fixed_positive_bias-5055,4,candidate,12,766.7295080833333,0.015889375004917383,12,1.0,9200.754097,True,
LOCAL-v1-q4-fixed_positive_bias-5056,4,candidate,13,502.1222853076923,0.01718129205983132,13,1.0,6527.589709,True,
LOCAL-v1-q4-fixed_positive_bias-5057,4,candidate,13,498.20960199999996,0.017170291976071894,13,1.0,6476.724826,True,
LOCAL-v1-q4-fixed_positive_bias-5058,4,candidate,14,483.8187205,0.018537124968133867,14,1.0,6773.462087,True,
LOCAL-v1-q4-fixed_positive_bias-5059,4,candidate,12,546.0511449166667,0.01899450004566461,12,1.0,6552.613739,True,
LOCAL-v1-q4-fixed_positive_bias-5060,4,candidate,11,595.8245656363637,0.020308750099502504,11,1.0,6554.070222,True,
LOCAL-v1-q4-fixed_positive_bias-5061,4,candidate,13,948.1378510000001,0.015977875096723437,13,1.0,12325.792063,True,
LOCAL-v1-q4-fixed_positive_bias-5062,4,candidate,16,621.5808245,0.022846084088087082,16,1.0,9945.293192,True,
LOCAL-v1-q4-fixed_positive_bias-5063,4,candidate,15,394.1324308,0.02312149992212653,15,1.0,5911.986462,True,
LOCAL-v1-q4-fixed_positive_bias-5064,4,candidate,13,738.9572676153846,0.01976320892572403,13,1.0,9606.444479,True,
LOCAL-v1-q4-fixed_positive_bias-5065,4,candidate,12,557.5320450833334,0.015281958971172571,12,1.0,6690.384541,True,
LOCAL-v1-q4-fixed_positive_bias-5066,4,candidate,10,697.8864104,0.015404958976432681,10,1.0,6978.864104,True,
LOCAL-v1-q4-fixed_positive_bias-5067,4,candidate,16,424.2210430625,0.023836584063246846,16,1.0,6787.536689,True,
LOCAL-v1-q4-fixed_positive_bias-5068,4,candidate,13,708.7008301538461,0.020330750034190714,13,1.0,9213.110792,True,
LOCAL-v1-q4-fixed_positive_bias-5069,4,candidate,14,689.751628,0.020227709086611867,14,1.0,9656.522792,True,
LOCAL-v1-q4-fixed_positive_bias-5070,4,candidate,12,702.8655999166667,0.017376417061313987,12,1.0,8434.387199,True,
LOCAL-v1-q4-fixed_positive_bias-5071,4,candidate,12,561.7080129166667,0.019936416996642947,12,1.0,6740.496155,True,
LOCAL-v1-q4-fixed_positive_bias-5072,4,candidate,15,478.2535307333334,0.015555833000689745,15,1.0,7173.802961,True,
LOCAL-v1-q4-fixed_positive_bias-5073,4,candidate,10,601.9072698,0.018632667022757232,10,1.0,6019.072698,True,
LOCAL-v1-q4-fixed_positive_bias-5074,4,candidate,16,399.977704625,0.022352709085680544,16,1.0,6399.643274,True,
LOCAL-v1-q4-fixed_positive_bias-5075,4,candidate,15,469.5207296666667,0.018527040956541896,15,1.0,7042.810945,True,
LOCAL-v1-q4-fixed_positive_bias-5076,4,candidate,12,602.2028643333333,0.02344958297908306,12,1.0,7226.434372,True,
LOCAL-v1-q4-fixed_positive_bias-5077,4,candidate,14,602.3602235714286,0.01971108408179134,14,1.0,8433.04313,True,
LOCAL-v1-q4-fixed_positive_bias-5078,4,candidate,13,695.7482796923076,0.01910562498960644,13,1.0,9044.727636,True,
LOCAL-v1-q4-fixed_positive_bias-5079,4,candidate,10,646.9185743,0.01617458392865956,10,1.0,6469.185743,True,
LOCAL-v1-q4-fixed_positive_bias-5080,4,candidate,10,1226.9508902,0.019135958049446344,10,1.0,12269.508902,True,
LOCAL-v1-q4-fixed_positive_bias-5081,4,candidate,16,416.376720375,0.02064645802602172,16,1.0,6662.027526,True,
LOCAL-v1-q4-fixed_positive_bias-5082,4,candidate,13,534.0279162307693,0.01663683308288455,13,1.0,6942.362911,True,
LOCAL-v1-q4-fixed_positive_bias-5083,4,candidate,13,534.4720838461539,0.021439083036966622,13,1.0,6948.13709,True,
LOCAL-v1-q4-fixed_positive_bias-5084,4,candidate,14,673.9861210714286,0.01901716599240899,14,1.0,9435.805695,True,
LOCAL-v1-q4-fixed_positive_bias-5085,4,candidate,15,485.9555584666667,0.020478958962485194,15,1.0,7289.333377,True,
LOCAL-v1-q4-fixed_positive_bias-5086,4,candidate,12,617.7642442499999,0.019804124953225255,12,1.0,7413.170931,True,
LOCAL-v1-q4-fixed_positive_bias-5087,4,candidate,13,650.2793353076923,0.017341542057693005,13,1.0,8453.631359,True,
LOCAL-v1-q4-fixed_positive_bias-5088,4,candidate,16,618.5597131875,0.023432375048287213,16,1.0,9896.955411,True,
LOCAL-v1-q4-fixed_positive_bias-5089,4,candidate,15,421.7887780666667,0.0216337499441579,15,1.0,6326.831671,True,
LOCAL-v1-q4-fixed_positive_bias-5090,4,candidate,14,460.68692264285716,0.016177833080291748,14,1.0,6449.616917,True,
LOCAL-v1-q4-fixed_positive_bias-5091,4,candidate,12,569.7651533333334,0.017645874992012978,12,1.0,6837.18184,True,
LOCAL-v1-q4-fixed_positive_bias-5092,4,candidate,11,591.6426318181818,0.019118833006359637,11,1.0,6508.06895,True,
LOCAL-v1-q4-fixed_positive_bias-5093,4,candidate,15,546.1320708,0.016553750028833747,15,1.0,8191.981062,True,
LOCAL-v1-q4-fixed_positive_bias-5094,4,candidate,11,645.8174089090909,0.01604808308184147,11,1.0,7103.991498,True,
LOCAL-v1-q4-fixed_positive_bias-5095,4,candidate,10,717.9636393,0.019106291932985187,10,1.0,7179.636393,True,
LOCAL-v1-q4-fixed_positive_bias-5096,4,candidate,14,469.4500616428572,0.021290124976076186,14,1.0,6572.300863,True,
LOCAL-v1-q4-fixed_positive_bias-5097,4,candidate,13,550.4072229230769,0.02020350005477667,13,1.0,7155.293898,True,
LOCAL-v1-q4-fixed_positive_bias-5098,4,candidate,16,404.7556625,0.019754459033720195,16,1.0,6476.0906,True,
LOCAL-v1-q4-fixed_positive_bias-5099,4,candidate,13,919.5501834615384,0.019820625078864396,13,1.0,11954.152385,True,
LOCAL-v1-q4-fixed_negative_bias-5000,4,candidate,11,584.222446,0.01831554202362895,11,1.0,6426.446906,True,
LOCAL-v1-q4-fixed_negative_bias-5001,4,candidate,14,559.287197,0.020353958010673523,14,1.0,7830.020758,True,
LOCAL-v1-q4-fixed_negative_bias-5002,4,candidate,15,679.0453916666667,0.016157542006112635,15,1.0,10185.680875,True,
LOCAL-v1-q4-fixed_negative_bias-5003,4,candidate,11,704.2586471818181,0.016895500011742115,11,1.0,7746.845119,True,
LOCAL-v1-q4-fixed_negative_bias-5004,4,candidate,12,528.6041274166666,0.018251959001645446,12,1.0,6343.249529,True,
LOCAL-v1-q4-fixed_negative_bias-5005,4,candidate,11,562.2868942727273,0.02112437505275011,11,1.0,6185.155837,True,
LOCAL-v1-q4-fixed_negative_bias-5006,4,candidate,11,668.4049221818182,0.018678291933611035,11,1.0,7352.454144,True,
LOCAL-v1-q4-fixed_negative_bias-5007,4,candidate,11,605.6034114545455,0.01689916697796434,11,1.0,6661.637526,True,
LOCAL-v1-q4-fixed_negative_bias-5008,4,candidate,10,1166.8186498999999,0.017132582957856357,10,1.0,11668.186499,True,
LOCAL-v1-q4-fixed_negative_bias-5009,4,candidate,14,483.4987408571429,0.023885790957137942,14,1.0,6768.982372,True,
LOCAL-v1-q4-fixed_negative_bias-5010,4,candidate,12,537.2694385,0.02059595799073577,12,1.0,6447.233262,True,
LOCAL-v1-q4-fixed_negative_bias-5011,4,candidate,15,438.78803866666664,0.01948679203633219,15,1.0,6581.82058,True,
LOCAL-v1-q4-fixed_negative_bias-5012,4,candidate,10,627.8676035999999,0.013909999979659915,10,1.0,6278.676036,True,
LOCAL-v1-q4-fixed_negative_bias-5013,4,candidate,12,760.6664054166666,0.015794415958225727,12,1.0,9127.996865,True,
LOCAL-v1-q4-fixed_negative_bias-5014,4,candidate,11,711.2662605454545,0.018267625011503696,11,1.0,7823.928866,True,
LOCAL-v1-q4-fixed_negative_bias-5015,4,candidate,12,611.587345,0.01996866601984948,12,1.0,7339.04814,True,
LOCAL-v1-q4-fixed_negative_bias-5016,4,candidate,16,574.9528833125,0.01983691705390811,16,1.0,9199.246133,True,
LOCAL-v1-q4-fixed_negative_bias-5017,4,candidate,15,549.2593790666667,0.01679400005377829,15,1.0,8238.890686,True,
LOCAL-v1-q4-fixed_negative_bias-5018,4,candidate,10,786.5432705000001,0.017296207952313125,10,1.0,7865.432705,True,
LOCAL-v1-q4-fixed_negative_bias-5019,4,candidate,11,615.8849873636364,0.01840283302590251,11,1.0,6774.734861,True,
LOCAL-v1-q4-fixed_negative_bias-5020,4,candidate,16,451.0733735,0.01750637509394437,16,1.0,7217.173976,True,
LOCAL-v1-q4-fixed_negative_bias-5021,4,candidate,14,674.0722719285715,0.01903854194097221,14,1.0,9437.011807,True,
LOCAL-v1-q4-fixed_negative_bias-5022,4,candidate,14,518.5197319285714,0.019564250018447638,14,1.0,7259.276247,True,
LOCAL-v1-q4-fixed_negative_bias-5023,4,candidate,15,417.56443733333333,0.02308858302421868,15,1.0,6263.46656,True,
LOCAL-v1-q4-fixed_negative_bias-5024,4,candidate,13,476.2833655384615,0.021679791971109807,13,1.0,6191.683752,True,
LOCAL-v1-q4-fixed_negative_bias-5025,4,candidate,12,672.0919593333333,0.01797679194714874,12,1.0,8065.103512,True,
LOCAL-v1-q4-fixed_negative_bias-5026,4,candidate,15,427.40978520000004,0.02006845793221146,15,1.0,6411.146778,True,
LOCAL-v1-q4-fixed_negative_bias-5027,4,candidate,11,571.9986987272728,0.019198166904971004,11,1.0,6291.985686,True,
LOCAL-v1-q4-fixed_negative_bias-5028,4,candidate,10,663.5545930999999,0.01711716689169407,10,1.0,6635.545931,True,
LOCAL-v1-q4-fixed_negative_bias-5029,4,candidate,11,701.7946442727273,0.016444665961898863,11,1.0,7719.741087,True,
LOCAL-v1-q4-fixed_negative_bias-5030,4,candidate,12,586.47021375,0.018629665952175856,12,1.0,7037.642565,True,
LOCAL-v1-q4-fixed_negative_bias-5031,4,candidate,15,608.0975254666666,0.020650541060604155,15,1.0,9121.462882,True,
LOCAL-v1-q4-fixed_negative_bias-5032,4,candidate,11,550.0211553636364,0.01863791700452566,11,1.0,6050.232709,True,
LOCAL-v1-q4-fixed_negative_bias-5033,4,candidate,14,424.2318504285714,0.021654332987964153,14,1.0,5939.245906,True,
LOCAL-v1-q4-fixed_negative_bias-5034,4,candidate,16,503.4012155625,0.02104979194700718,16,1.0,8054.419449,True,
LOCAL-v1-q4-fixed_negative_bias-5035,4,candidate,10,724.0912469,0.015301208011806011,10,1.0,7240.912469,True,
LOCAL-v1-q4-fixed_negative_bias-5036,4,candidate,15,646.3111173333333,0.01907466701231897,15,1.0,9694.66676,True,
LOCAL-v1-q4-fixed_negative_bias-5037,4,candidate,15,521.3291594666666,0.021860750042833388,15,1.0,7819.937392,True,
LOCAL-v1-q4-fixed_negative_bias-5038,4,candidate,16,358.7173164375,0.02068454201798886,16,1.0,5739.477063,True,
LOCAL-v1-q4-fixed_negative_bias-5039,4,candidate,10,669.3651194,0.017701667034998536,10,1.0,6693.651194,True,
LOCAL-v1-q4-fixed_negative_bias-5040,4,candidate,15,508.83060166666667,0.018901792005635798,15,1.0,7632.459025,True,
LOCAL-v1-q4-fixed_negative_bias-5041,4,candidate,15,581.8161130000001,0.018974000005982816,15,1.0,8727.241695,True,
LOCAL-v1-q4-fixed_negative_bias-5042,4,candidate,11,611.9623839999999,0.020585207967087626,11,1.0,6731.586224,True,
LOCAL-v1-q4-fixed_negative_bias-5043,4,candidate,12,585.5379281666667,0.018492458038963377,12,1.0,7026.455138,True,
LOCAL-v1-q4-fixed_negative_bias-5044,4,candidate,11,648.3606345454546,0.017463083029724658,11,1.0,7131.96698,True,
LOCAL-v1-q4-fixed_negative_bias-5045,4,candidate,11,556.8817476363637,0.01568075001705438,11,1.0,6125.699224,True,
LOCAL-v1-q4-fixed_negative_bias-5046,4,candidate,10,686.820449,0.018346125027164817,10,1.0,6868.20449,True,
LOCAL-v1-q4-fixed_negative_bias-5047,4,candidate,16,377.928987375,0.02368574996944517,16,1.0,6046.863798,True,
LOCAL-v1-q4-fixed_negative_bias-5048,4,candidate,12,529.7822260833333,0.015526874922215939,12,1.0,6357.386713,True,
LOCAL-v1-q4-fixed_negative_bias-5049,4,candidate,10,709.8226009,0.016958790947683156,10,1.0,7098.226009,True,
LOCAL-v1-q4-fixed_negative_bias-5050,4,candidate,15,452.11359653333335,0.020648375037126243,15,1.0,6781.703948,True,
LOCAL-v1-q4-fixed_negative_bias-5051,4,candidate,11,648.8854154545454,0.015608666930347681,11,1.0,7137.73957,True,
LOCAL-v1-q4-fixed_negative_bias-5052,4,candidate,13,460.5846307692308,0.020148250041529536,13,1.0,5987.6002,True,
LOCAL-v1-q4-fixed_negative_bias-5053,4,candidate,16,416.2447215625,0.021717209019698203,16,1.0,6659.915545,True,
LOCAL-v1-q4-fixed_negative_bias-5054,4,candidate,16,463.232585125,0.022191958036273718,16,1.0,7411.721362,True,
LOCAL-v1-q4-fixed_negative_bias-5055,4,candidate,12,638.7137730000001,0.015476333908736706,12,1.0,7664.565276,True,
LOCAL-v1-q4-fixed_negative_bias-5056,4,candidate,13,547.7837825384615,0.01744829094968736,13,1.0,7121.189173,True,
LOCAL-v1-q4-fixed_negative_bias-5057,4,candidate,13,550.7974146153846,0.016407207935117185,13,1.0,7160.36639,True,
LOCAL-v1-q4-fixed_negative_bias-5058,4,candidate,14,444.9028538571429,0.01834266702644527,14,1.0,6228.639954,True,
LOCAL-v1-q4-fixed_negative_bias-5059,4,candidate,12,552.72329325,0.018405542010441422,12,1.0,6632.679519,True,
LOCAL-v1-q4-fixed_negative_bias-5060,4,candidate,11,614.8037012727273,0.019223334034904838,11,1.0,6762.840714,True,
LOCAL-v1-q4-fixed_negative_bias-5061,4,candidate,13,559.0351099230769,0.015587458037771285,13,1.0,7267.456429,True,
LOCAL-v1-q4-fixed_negative_bias-5062,4,candidate,16,430.084865,0.022988332901149988,16,1.0,6881.35784,True,
LOCAL-v1-q4-fixed_negative_bias-5063,4,candidate,15,421.8213433333333,0.022900791955180466,15,1.0,6327.32015,True,
LOCAL-v1-q4-fixed_negative_bias-5064,4,candidate,13,494.3753103076923,0.01939249993301928,13,1.0,6426.879034,True,
LOCAL-v1-q4-fixed_negative_bias-5065,4,candidate,12,607.8007285,0.01830804196652025,12,1.0,7293.608742,True,
LOCAL-v1-q4-fixed_negative_bias-5066,4,candidate,10,701.8829188,0.015898375073447824,10,1.0,7018.829188,True,
LOCAL-v1-q4-fixed_negative_bias-5067,4,candidate,16,718.2846346875,0.02654829202219844,16,1.0,11492.554155,True,
LOCAL-v1-q4-fixed_negative_bias-5068,4,candidate,13,704.173226,0.021090166992507875,13,1.0,9154.251938,True,
LOCAL-v1-q4-fixed_negative_bias-5069,4,candidate,14,661.4440045,0.020170749980024993,14,1.0,9260.216063,True,
LOCAL-v1-q4-fixed_negative_bias-5070,4,candidate,12,529.5098914166666,0.017369875102303922,12,1.0,6354.118697,True,
LOCAL-v1-q4-fixed_negative_bias-5071,4,candidate,12,559.4936929166666,0.02043579099699855,12,1.0,6713.924315,True,
LOCAL-v1-q4-fixed_negative_bias-5072,4,candidate,15,459.2813782,0.0159297080244869,15,1.0,6889.220673,True,
LOCAL-v1-q4-fixed_negative_bias-5073,4,candidate,10,611.9068274,0.018225957988761365,10,1.0,6119.068274,True,
LOCAL-v1-q4-fixed_negative_bias-5074,4,candidate,16,413.312488625,0.02239291707519442,16,1.0,6612.999818,True,
LOCAL-v1-q4-fixed_negative_bias-5075,4,candidate,15,449.77630320000003,0.01851687498856336,15,1.0,6746.644548,True,
LOCAL-v1-q4-fixed_negative_bias-5076,4,candidate,12,708.876689,0.023385500069707632,12,1.0,8506.520268,True,
LOCAL-v1-q4-fixed_negative_bias-5077,4,candidate,14,439.4411050714285,0.020044333999976516,14,1.0,6152.175471,True,
LOCAL-v1-q4-fixed_negative_bias-5078,4,candidate,13,480.53949438461535,0.020581208053044975,13,1.0,6247.013427,True,
LOCAL-v1-q4-fixed_negative_bias-5079,4,candidate,10,646.6172572,0.015187582932412624,10,1.0,6466.172572,True,
LOCAL-v1-q4-fixed_negative_bias-5080,4,candidate,10,687.5670646,0.019062542007304728,10,1.0,6875.670646,True,
LOCAL-v1-q4-fixed_negative_bias-5081,4,candidate,16,416.6780370625,0.021698374999687076,16,1.0,6666.848593,True,
LOCAL-v1-q4-fixed_negative_bias-5082,4,candidate,13,720.0979210769231,0.016824666992761195,13,1.0,9361.272974,True,
LOCAL-v1-q4-fixed_negative_bias-5083,4,candidate,13,536.3996067692308,0.021421957993879914,13,1.0,6973.194888,True,
LOCAL-v1-q4-fixed_negative_bias-5084,4,candidate,14,516.1246735714286,0.019259292050264776,14,1.0,7225.74543,True,
LOCAL-v1-q4-fixed_negative_bias-5085,4,candidate,15,683.8634125333333,0.02116650005336851,15,1.0,10257.951188,True,
LOCAL-v1-q4-fixed_negative_bias-5086,4,candidate,12,596.573768,0.021936416975222528,12,1.0,7158.885216,True,
LOCAL-v1-q4-fixed_negative_bias-5087,4,candidate,13,566.5707281538462,0.01746666699182242,13,1.0,7365.419466,True,
LOCAL-v1-q4-fixed_negative_bias-5088,4,candidate,16,591.564669125,0.0239941660547629,16,1.0,9465.034706,True,
LOCAL-v1-q4-fixed_negative_bias-5089,4,candidate,15,405.6854093333333,0.021836250089108944,15,1.0,6085.28114,True,
LOCAL-v1-q4-fixed_negative_bias-5090,4,candidate,14,462.1339702857143,0.016485125059261918,14,1.0,6469.875584,True,
LOCAL-v1-q4-fixed_negative_bias-5091,4,candidate,12,614.7683909166667,0.01860279100947082,12,1.0,7377.220691,True,
LOCAL-v1-q4-fixed_negative_bias-5092,4,candidate,11,575.4316528181818,0.019917165976949036,11,1.0,6329.748181,True,
LOCAL-v1-q4-fixed_negative_bias-5093,4,candidate,15,532.9320183333333,0.017254833015613258,15,1.0,7993.980275,True,
LOCAL-v1-q4-fixed_negative_bias-5094,4,candidate,11,617.314591,0.015602542087435722,11,1.0,6790.460501,True,
LOCAL-v1-q4-fixed_negative_bias-5095,4,candidate,10,668.0900644999999,0.0165952080860734,10,1.0,6680.900645,True,
LOCAL-v1-q4-fixed_negative_bias-5096,4,candidate,14,467.27553785714287,0.02157991600688547,14,1.0,6541.85753,True,
LOCAL-v1-q4-fixed_negative_bias-5097,4,candidate,13,524.6838863846153,0.020360583090223372,13,1.0,6820.890523,True,
LOCAL-v1-q4-fixed_negative_bias-5098,4,candidate,16,450.445919,0.02010395796969533,16,1.0,7207.134704,True,
LOCAL-v1-q4-fixed_negative_bias-5099,4,candidate,13,642.0024823076923,0.020364207914099097,13,1.0,8346.03227,True,
LOCAL-v1-q4-smooth_shared_field-5000,4,candidate,11,587.1189813636364,0.019512792001478374,11,1.0,6458.308795,True,
LOCAL-v1-q4-smooth_shared_field-5001,4,candidate,14,498.2804602142857,0.019993207999505103,14,1.0,6975.926443,True,
LOCAL-v1-q4-smooth_shared_field-5002,4,candidate,15,460.74444213333334,0.01652879104949534,15,1.0,6911.166632,True,
LOCAL-v1-q4-smooth_shared_field-5003,4,candidate,11,616.0356149090909,0.017316500074230134,11,1.0,6776.391764,True,
LOCAL-v1-q4-smooth_shared_field-5004,4,candidate,12,530.0510386666666,0.01862866699229926,12,1.0,6360.612464,True,
LOCAL-v1-q4-smooth_shared_field-5005,4,candidate,11,557.9327275454546,0.021166166989132762,11,1.0,6137.260003,True,
LOCAL-v1-q4-smooth_shared_field-5006,4,candidate,11,796.5547764545455,0.020304375095292926,11,1.0,8762.102541,True,
LOCAL-v1-q4-smooth_shared_field-5007,4,candidate,11,612.2973881818182,0.016749999951571226,11,1.0,6735.27127,True,
LOCAL-v1-q4-smooth_shared_field-5008,4,candidate,10,964.7565299,0.01794637506827712,10,1.0,9647.565299,True,
LOCAL-v1-q4-smooth_shared_field-5009,4,candidate,14,443.2288092142857,0.02181575004942715,14,1.0,6205.203329,True,
LOCAL-v1-q4-smooth_shared_field-5010,4,candidate,12,551.6377502500001,0.019340790924616158,12,1.0,6619.653003,True,
LOCAL-v1-q4-smooth_shared_field-5011,4,candidate,15,430.93835366666667,0.01933729206211865,15,1.0,6464.075305,True,
LOCAL-v1-q4-smooth_shared_field-5012,4,candidate,10,631.0241249,0.014006791054271162,10,1.0,6310.241249,True,
LOCAL-v1-q4-smooth_shared_field-5013,4,candidate,12,811.9154164166666,0.015593291958793998,12,1.0,9742.984997,True,
LOCAL-v1-q4-smooth_shared_field-5014,4,candidate,11,661.5490396363637,0.018242917023599148,11,1.0,7277.039436,True,
LOCAL-v1-q4-smooth_shared_field-5015,4,candidate,12,524.6789474166667,0.01975375006441027,12,1.0,6296.147369,True,
LOCAL-v1-q4-smooth_shared_field-5016,4,candidate,16,439.373653375,0.020181708969175816,16,1.0,7029.978454,True,
LOCAL-v1-q4-smooth_shared_field-5017,4,candidate,15,573.1009838666666,0.016961875022388995,15,1.0,8596.514758,True,
LOCAL-v1-q4-smooth_shared_field-5018,4,candidate,10,724.2560272,0.017760290997102857,10,1.0,7242.560272,True,
LOCAL-v1-q4-smooth_shared_field-5019,4,candidate,11,614.2993477272728,0.01886641699820757,11,1.0,6757.292825,True,
LOCAL-v1-q4-smooth_shared_field-5020,4,candidate,16,466.943210625,0.017814541002735496,16,1.0,7471.09137,True,
LOCAL-v1-q4-smooth_shared_field-5021,4,candidate,14,673.863512857143,0.01945016602985561,14,1.0,9434.08918,True,
LOCAL-v1-q4-smooth_shared_field-5022,4,candidate,14,515.9871755714286,0.01971179200336337,14,1.0,7223.820458,True,
LOCAL-v1-q4-smooth_shared_field-5023,4,candidate,15,431.42842973333336,0.023032041965052485,15,1.0,6471.426446,True,
LOCAL-v1-q4-smooth_shared_field-5024,4,candidate,13,488.441819,0.0164975420339033,13,1.0,6349.743647,True,
LOCAL-v1-q4-smooth_shared_field-5025,4,candidate,12,855.1207577499999,0.01814416702836752,12,1.0,10261.449093,True,
LOCAL-v1-q4-smooth_shared_field-5026,4,candidate,15,419.2131243333333,0.020202792016789317,15,1.0,6288.196865,True,
LOCAL-v1-q4-smooth_shared_field-5027,4,candidate,11,566.0145522727272,0.019371959031559527,11,1.0,6226.160075,True,
LOCAL-v1-q4-smooth_shared_field-5028,4,candidate,10,905.0037546,0.01787550002336502,10,1.0,9050.037546,True,
LOCAL-v1-q4-smooth_shared_field-5029,4,candidate,11,844.8009729999999,0.017287916969507933,11,1.0,9292.810703,True,
LOCAL-v1-q4-smooth_shared_field-5030,4,candidate,12,564.9149076666666,0.01895525003783405,12,1.0,6778.978892,True,
LOCAL-v1-q4-smooth_shared_field-5031,4,candidate,15,661.8955731333333,0.022165458998642862,15,1.0,9928.433597,True,
LOCAL-v1-q4-smooth_shared_field-5032,4,candidate,11,547.5810408181818,0.018548208056017756,11,1.0,6023.391449,True,
LOCAL-v1-q4-smooth_shared_field-5033,4,candidate,14,424.25557299999997,0.021009917021729052,14,1.0,5939.578022,True,
LOCAL-v1-q4-smooth_shared_field-5034,4,candidate,16,581.0074504375,0.020936625078320503,16,1.0,9296.119207,True,
LOCAL-v1-q4-smooth_shared_field-5035,4,candidate,10,718.262078,0.015570458024740219,10,1.0,7182.62078,True,
LOCAL-v1-q4-smooth_shared_field-5036,4,candidate,15,522.3394705333334,0.01929562503937632,15,1.0,7835.092058,True,
LOCAL-v1-q4-smooth_shared_field-5037,4,candidate,15,487.84035873333335,0.022509834030643106,15,1.0,7317.605381,True,
LOCAL-v1-q4-smooth_shared_field-5038,4,candidate,16,356.8155695,0.02057416597381234,16,1.0,5709.049112,True,
LOCAL-v1-q4-smooth_shared_field-5039,4,candidate,10,666.8515032,0.018218624987639487,10,1.0,6668.515032,True,
LOCAL-v1-q4-smooth_shared_field-5040,4,candidate,15,420.8826269333333,0.01894683309365064,15,1.0,6313.239404,True,
LOCAL-v1-q4-smooth_shared_field-5041,4,candidate,15,536.1300398,0.018997875042259693,15,1.0,8041.950597,True,
LOCAL-v1-q4-smooth_shared_field-5042,4,candidate,11,637.2189011818182,0.02097637497354299,11,1.0,7009.407913,True,
LOCAL-v1-q4-smooth_shared_field-5043,4,candidate,12,616.4395785833334,0.018463500076904893,12,1.0,7397.274943,True,
LOCAL-v1-q4-smooth_shared_field-5044,4,candidate,11,632.3970256363637,0.016913208994083107,11,1.0,6956.367282,True,
LOCAL-v1-q4-smooth_shared_field-5045,4,candidate,11,612.7647052727273,0.01582445902749896,11,1.0,6740.411758,True,
LOCAL-v1-q4-smooth_shared_field-5046,4,candidate,10,665.9489552,0.018743333988822997,10,1.0,6659.489552,True,
LOCAL-v1-q4-smooth_shared_field-5047,4,candidate,16,375.2774314375,0.02381354197859764,16,1.0,6004.438903,True,
LOCAL-v1-q4-smooth_shared_field-5048,4,candidate,12,530.3248757499999,0.015661291079595685,12,1.0,6363.898509,True,
LOCAL-v1-q4-smooth_shared_field-5049,4,candidate,10,722.9656937,0.0171628330135718,10,1.0,7229.656937,True,
LOCAL-v1-q4-smooth_shared_field-5050,4,candidate,15,451.87818366666664,0.020902459044009447,15,1.0,6778.172755,True,
LOCAL-v1-q4-smooth_shared_field-5051,4,candidate,11,638.8345147272727,0.015921499929390848,11,1.0,7027.179662,True,
LOCAL-v1-q4-smooth_shared_field-5052,4,candidate,13,478.9797428461539,0.018493792042136192,13,1.0,6226.736657,True,
LOCAL-v1-q4-smooth_shared_field-5053,4,candidate,16,392.389697375,0.021753625012934208,16,1.0,6278.235158,True,
LOCAL-v1-q4-smooth_shared_field-5054,4,candidate,16,593.100964625,0.022586749983020127,16,1.0,9489.615434,True,
LOCAL-v1-q4-smooth_shared_field-5055,4,candidate,12,634.0977965000001,0.015565708046779037,12,1.0,7609.173558,True,
LOCAL-v1-q4-smooth_shared_field-5056,4,candidate,13,508.29519376923076,0.01733970793429762,13,1.0,6607.837519,True,
LOCAL-v1-q4-smooth_shared_field-5057,4,candidate,13,497.86175253846153,0.016247541992925107,13,1.0,6472.202783,True,
LOCAL-v1-q4-smooth_shared_field-5058,4,candidate,14,471.3328949285714,0.01863675005733967,14,1.0,6598.660529,True,
LOCAL-v1-q4-smooth_shared_field-5059,4,candidate,12,539.5252998333334,0.01850054203532636,12,1.0,6474.303598,True,
LOCAL-v1-q4-smooth_shared_field-5060,4,candidate,11,589.9632726363636,0.018855291069485247,11,1.0,6489.595999,True,
LOCAL-v1-q4-smooth_shared_field-5061,4,candidate,13,663.1919780000001,0.015452749910764396,13,1.0,8621.495714,True,
LOCAL-v1-q4-smooth_shared_field-5062,4,candidate,16,528.1692331875,0.023082958068698645,16,1.0,8450.707731,True,
LOCAL-v1-q4-smooth_shared_field-5063,4,candidate,15,405.43631166666665,0.022782791987992823,15,1.0,6081.544675,True,
LOCAL-v1-q4-smooth_shared_field-5064,4,candidate,13,492.4444487692308,0.018636332941241562,13,1.0,6401.777834,True,
LOCAL-v1-q4-smooth_shared_field-5065,4,candidate,12,632.1799725833333,0.01784900005441159,12,1.0,7586.159671,True,
LOCAL-v1-q4-smooth_shared_field-5066,4,candidate,10,678.3181024,0.01566066697705537,10,1.0,6783.181024,True,
LOCAL-v1-q4-smooth_shared_field-5067,4,candidate,16,407.39474525,0.023747375002130866,16,1.0,6518.315924,True,
LOCAL-v1-q4-smooth_shared_field-5068,4,candidate,13,515.8530536153846,0.020137208979576826,13,1.0,6706.089697,True,
LOCAL-v1-q4-smooth_shared_field-5069,4,candidate,14,550.5410572857143,0.020011208951473236,14,1.0,7707.574802,True,
LOCAL-v1-q4-smooth_shared_field-5070,4,candidate,12,520.6180919166667,0.01739404199179262,12,1.0,6247.417103,True,
LOCAL-v1-q4-smooth_shared_field-5071,4,candidate,12,560.1966320833334,0.020245541003532708,12,1.0,6722.359585,True,
LOCAL-v1-q4-smooth_shared_field-5072,4,candidate,15,457.96426486666667,0.015558499959297478,15,1.0,6869.463973,True,
LOCAL-v1-q4-smooth_shared_field-5073,4,candidate,10,609.7206009,0.01843779196497053,10,1.0,6097.206009,True,
LOCAL-v1-q4-smooth_shared_field-5074,4,candidate,16,407.7323314375,0.022444791975431144,16,1.0,6523.717303,True,
LOCAL-v1-q4-smooth_shared_field-5075,4,candidate,15,440.1705302666667,0.018509166897274554,15,1.0,6602.557954,True,
LOCAL-v1-q4-smooth_shared_field-5076,4,candidate,12,713.74815075,0.023004749906249344,12,1.0,8564.977809,True,
LOCAL-v1-q4-smooth_shared_field-5077,4,candidate,14,436.2203305714285,0.018620042013935745,14,1.0,6107.084628,True,
LOCAL-v1-q4-smooth_shared_field-5078,4,candidate,13,605.4911106153846,0.020159375038929284,13,1.0,7871.384438,True,
LOCAL-v1-q4-smooth_shared_field-5079,4,candidate,10,638.3648565000001,0.015638292068615556,10,1.0,6383.648565,True,
LOCAL-v1-q4-smooth_shared_field-5080,4,candidate,10,671.3372833000001,0.01857704110443592,10,1.0,6713.372833,True,
LOCAL-v1-q4-smooth_shared_field-5081,4,candidate,16,408.60231175,0.021586750051937997,16,1.0,6537.636988,True,
LOCAL-v1-q4-smooth_shared_field-5082,4,candidate,13,541.4066253076924,0.016636791988275945,13,1.0,7038.286129,True,
LOCAL-v1-q4-smooth_shared_field-5083,4,candidate,13,720.962094923077,0.0216820000205189,13,1.0,9372.507234,True,
LOCAL-v1-q4-smooth_shared_field-5084,4,candidate,14,561.8364250714286,0.019272707984782755,14,1.0,7865.709951,True,
LOCAL-v1-q4-smooth_shared_field-5085,4,candidate,15,413.19196453333336,0.01976812502834946,15,1.0,6197.879468,True,
LOCAL-v1-q4-smooth_shared_field-5086,4,candidate,12,623.8181075833334,0.021874458994716406,12,1.0,7485.817291,True,
LOCAL-v1-q4-smooth_shared_field-5087,4,candidate,13,538.0011936923077,0.01689450000412762,13,1.0,6994.015518,True,
LOCAL-v1-q4-smooth_shared_field-5088,4,candidate,16,573.0350355,0.022715750033967197,16,1.0,9168.560568,True,
LOCAL-v1-q4-smooth_shared_field-5089,4,candidate,15,405.2290118,0.02125187509227544,15,1.0,6078.435177,True,
LOCAL-v1-q4-smooth_shared_field-5090,4,candidate,14,462.78483050000006,0.016452791984193027,14,1.0,6478.987627,True,
LOCAL-v1-q4-smooth_shared_field-5091,4,candidate,12,611.3424092500001,0.01837954204529524,12,1.0,7336.108911,True,
LOCAL-v1-q4-smooth_shared_field-5092,4,candidate,11,571.5546522727273,0.01945870800409466,11,1.0,6287.101175,True,
LOCAL-v1-q4-smooth_shared_field-5093,4,candidate,15,521.6340872666667,0.017000459018163383,15,1.0,7824.511309,True,
LOCAL-v1-q4-smooth_shared_field-5094,4,candidate,11,620.4686384545455,0.015394999994896352,11,1.0,6825.155023,True,
LOCAL-v1-q4-smooth_shared_field-5095,4,candidate,10,897.3259992999999,0.017640375066548586,10,1.0,8973.259993,True,
LOCAL-v1-q4-smooth_shared_field-5096,4,candidate,14,467.84890185714283,0.021202417090535164,14,1.0,6549.884626,True,
LOCAL-v1-q4-smooth_shared_field-5097,4,candidate,13,537.5748116923077,0.02021983393933624,13,1.0,6988.472552,True,
LOCAL-v1-q4-smooth_shared_field-5098,4,candidate,16,493.1055385,0.019969791057519615,16,1.0,7889.688616,True,
LOCAL-v1-q4-smooth_shared_field-5099,4,candidate,13,624.5090326923078,0.01925812498666346,13,1.0,8118.617425,True,
LOCAL-v1-q4-cell50_shared_field-5000,4,candidate,11,604.2086709090909,0.018810832989402115,11,1.0,6646.29538,True,
LOCAL-v1-q4-cell50_shared_field-5001,4,candidate,14,498.22617978571424,0.019981541903689504,14,1.0,6975.166517,True,
LOCAL-v1-q4-cell50_shared_field-5002,4,candidate,15,511.1002335333333,0.015864582965150476,15,1.0,7666.503503,True,
LOCAL-v1-q4-cell50_shared_field-5003,4,candidate,11,617.5738684545454,0.016894832951948047,11,1.0,6793.312553,True,
LOCAL-v1-q4-cell50_shared_field-5004,4,candidate,12,533.5691634166667,0.019159166025929153,12,1.0,6402.829961,True,
LOCAL-v1-q4-cell50_shared_field-5005,4,candidate,11,558.3343113636364,0.021500332979485393,11,1.0,6141.677425,True,
LOCAL-v1-q4-cell50_shared_field-5006,4,candidate,11,726.5355609090909,0.01887629204429686,11,1.0,7991.89117,True,
LOCAL-v1-q4-cell50_shared_field-5007,4,candidate,11,577.0671600000001,0.016224541934207082,11,1.0,6347.73876,True,
LOCAL-v1-q4-cell50_shared_field-5008,4,candidate,10,697.5977412,0.018009374965913594,10,1.0,6975.977412,True,
LOCAL-v1-q4-cell50_shared_field-5009,4,candidate,14,442.4603189285714,0.022294500027783215,14,1.0,6194.444465,True,
LOCAL-v1-q4-cell50_shared_field-5010,4,candidate,12,525.3393719166667,0.020533250062726438,12,1.0,6304.072463,True,
LOCAL-v1-q4-cell50_shared_field-5011,4,candidate,15,704.4386133333334,0.01979891594965011,15,1.0,10566.5792,True,
LOCAL-v1-q4-cell50_shared_field-5012,4,candidate,10,979.1262967999999,0.014218208030797541,10,1.0,9791.262968,True,
LOCAL-v1-q4-cell50_shared_field-5013,4,candidate,12,581.0574969166667,0.015704750083386898,12,1.0,6972.689963,True,
LOCAL-v1-q4-cell50_shared_field-5014,4,candidate,11,612.3824422727273,0.018203541985712945,11,1.0,6736.206865,True,
LOCAL-v1-q4-cell50_shared_field-5015,4,candidate,12,546.2051511666667,0.01957433403003961,12,1.0,6554.461814,True,
LOCAL-v1-q4-cell50_shared_field-5016,4,candidate,16,425.0257288125,0.019764667027629912,16,1.0,6800.411661,True,
LOCAL-v1-q4-cell50_shared_field-5017,4,candidate,15,574.5487486666666,0.01665608398616314,15,1.0,8618.23123,True,
LOCAL-v1-q4-cell50_shared_field-5018,4,candidate,10,683.1745052,0.018174457945860922,10,1.0,6831.745052,True,
LOCAL-v1-q4-cell50_shared_field-5019,4,candidate,11,615.8817462727274,0.018844875041395426,11,1.0,6774.699209,True,
LOCAL-v1-q4-cell50_shared_field-5020,4,candidate,16,438.8621660625,0.01780970802064985,16,1.0,7021.794657,True,
LOCAL-v1-q4-cell50_shared_field-5021,4,candidate,14,611.506482,0.01903841702733189,14,1.0,8561.090748,True,
LOCAL-v1-q4-cell50_shared_field-5022,4,candidate,14,586.0300527857142,0.019736582995392382,14,1.0,8204.420739,True,
LOCAL-v1-q4-cell50_shared_field-5023,4,candidate,15,450.50265226666664,0.020856249961070716,15,1.0,6757.539784,True,
LOCAL-v1-q4-cell50_shared_field-5024,4,candidate,13,488.0557791538462,0.016706167021766305,13,1.0,6344.725129,True,
LOCAL-v1-q4-cell50_shared_field-5025,4,candidate,12,563.5076665,0.018097875057719648,12,1.0,6762.091998,True,
LOCAL-v1-q4-cell50_shared_field-5026,4,candidate,15,421.9264093333333,0.020345082972198725,15,1.0,6328.89614,True,
LOCAL-v1-q4-cell50_shared_field-5027,4,candidate,11,566.149515,0.019496459048241377,11,1.0,6227.644665,True,
LOCAL-v1-q4-cell50_shared_field-5028,4,candidate,10,665.2146966,0.017455791006796062,10,1.0,6652.146966,True,
LOCAL-v1-q4-cell50_shared_field-5029,4,candidate,11,799.1512293636363,0.016800875077024102,11,1.0,8790.663523,True,
LOCAL-v1-q4-cell50_shared_field-5030,4,candidate,12,606.6619221666666,0.01902279199566692,12,1.0,7279.943066,True,
LOCAL-v1-q4-cell50_shared_field-5031,4,candidate,15,556.7043988666667,0.020462791086174548,15,1.0,8350.565983,True,
LOCAL-v1-q4-cell50_shared_field-5032,4,candidate,11,539.9764362727273,0.018828000058420002,11,1.0,5939.740799,True,
LOCAL-v1-q4-cell50_shared_field-5033,4,candidate,14,423.63958107142855,0.02116504206787795,14,1.0,5930.954135,True,
LOCAL-v1-q4-cell50_shared_field-5034,4,candidate,16,503.7139830625,0.02125341701321304,16,1.0,8059.423729,True,
LOCAL-v1-q4-cell50_shared_field-5035,4,candidate,10,733.3430007,0.015464333933778107,10,1.0,7333.430007,True,
LOCAL-v1-q4-cell50_shared_field-5036,4,candidate,15,528.6801974,0.018845582962967455,15,1.0,7930.202961,True,
LOCAL-v1-q4-cell50_shared_field-5037,4,candidate,15,460.53256853333335,0.022051165928132832,15,1.0,6907.988528,True,
LOCAL-v1-q4-cell50_shared_field-5038,4,candidate,16,423.7133955,0.019450750085525215,16,1.0,6779.414328,True,
LOCAL-v1-q4-cell50_shared_field-5039,4,candidate,10,680.1402897,0.017881250008940697,10,1.0,6801.402897,True,
LOCAL-v1-q4-cell50_shared_field-5040,4,candidate,15,428.7294799333333,0.01840458402875811,15,1.0,6430.942199,True,
LOCAL-v1-q4-cell50_shared_field-5041,4,candidate,15,483.05065413333335,0.02063074999023229,15,1.0,7245.759812,True,
LOCAL-v1-q4-cell50_shared_field-5042,4,candidate,11,835.4924371818182,0.01788533292710781,11,1.0,9190.416809,True,
LOCAL-v1-q4-cell50_shared_field-5043,4,candidate,12,562.7372935,0.018416083068586886,12,1.0,6752.847522,True,
LOCAL-v1-q4-cell50_shared_field-5044,4,candidate,11,725.6803943636364,0.017423667013645172,11,1.0,7982.484338,True,
LOCAL-v1-q4-cell50_shared_field-5045,4,candidate,11,561.2994819090909,0.016011625062674284,11,1.0,6174.294301,True,
LOCAL-v1-q4-cell50_shared_field-5046,4,candidate,10,659.2837627,0.01846583397127688,10,1.0,6592.837627,True,
LOCAL-v1-q4-cell50_shared_field-5047,4,candidate,16,374.624890125,0.02365262503735721,16,1.0,5993.998242,True,
LOCAL-v1-q4-cell50_shared_field-5048,4,candidate,12,541.9077075,0.015603041043505073,12,1.0,6502.89249,True,
LOCAL-v1-q4-cell50_shared_field-5049,4,candidate,10,697.00778,0.016953916987404227,10,1.0,6970.0778,True,
LOCAL-v1-q4-cell50_shared_field-5050,4,candidate,15,468.29907813333335,0.020593583001755178,15,1.0,7024.486172,True,
LOCAL-v1-q4-cell50_shared_field-5051,4,candidate,11,632.3818640000001,0.015880624996498227,11,1.0,6956.200504,True,
LOCAL-v1-q4-cell50_shared_field-5052,4,candidate,13,468.37111653846154,0.02045262500178069,13,1.0,6088.824515,True,
LOCAL-v1-q4-cell50_shared_field-5053,4,candidate,16,396.914147875,0.021202374948188663,16,1.0,6350.626366,True,
LOCAL-v1-q4-cell50_shared_field-5054,4,candidate,16,381.551135375,0.02162549993954599,16,1.0,6104.818166,True,
LOCAL-v1-q4-cell50_shared_field-5055,4,candidate,12,602.3823767499999,0.015286499983631074,12,1.0,7228.588521,True,
LOCAL-v1-q4-cell50_shared_field-5056,4,candidate,13,512.1654733846154,0.017523332964628935,13,1.0,6658.151154,True,
LOCAL-v1-q4-cell50_shared_field-5057,4,candidate,13,497.21241830769236,0.016532542067579925,13,1.0,6463.761438,True,
LOCAL-v1-q4-cell50_shared_field-5058,4,candidate,14,445.3645097857143,0.018867374979890883,14,1.0,6235.103137,True,
LOCAL-v1-q4-cell50_shared_field-5059,4,candidate,12,534.4992960833333,0.018925667041912675,12,1.0,6413.991553,True,
LOCAL-v1-q4-cell50_shared_field-5060,4,candidate,11,595.5810505454546,0.021885792026296258,11,1.0,6551.391556,True,
LOCAL-v1-q4-cell50_shared_field-5061,4,candidate,13,678.2626706923077,0.015973374946042895,13,1.0,8817.414719,True,
LOCAL-v1-q4-cell50_shared_field-5062,4,candidate,16,628.991349625,0.02357658394612372,16,1.0,10063.861594,True,
LOCAL-v1-q4-cell50_shared_field-5063,4,candidate,15,395.1014896,0.023031124961562455,15,1.0,5926.522344,True,
LOCAL-v1-q4-cell50_shared_field-5064,4,candidate,13,510.090573,0.019188542035408318,13,1.0,6631.177449,True,
LOCAL-v1-q4-cell50_shared_field-5065,4,candidate,12,595.3188665833333,0.016378958011046052,12,1.0,7143.826399,True,
LOCAL-v1-q4-cell50_shared_field-5066,4,candidate,10,675.2604843,0.015512832906097174,10,1.0,6752.604843,True,
LOCAL-v1-q4-cell50_shared_field-5067,4,candidate,16,405.8796345625,0.024919332936406136,16,1.0,6494.074153,True,
LOCAL-v1-q4-cell50_shared_field-5068,4,candidate,13,545.3512208461539,0.02085120906122029,13,1.0,7089.565871,True,
LOCAL-v1-q4-cell50_shared_field-5069,4,candidate,14,509.8641087142857,0.024812708026729524,14,1.0,7138.097522,True,
LOCAL-v1-q4-cell50_shared_field-5070,4,candidate,12,520.9281595833334,0.017636124975979328,12,1.0,6251.137915,True,
LOCAL-v1-q4-cell50_shared_field-5071,4,candidate,12,559.1483802500001,0.02021308394614607,12,1.0,6709.780563,True,
LOCAL-v1-q4-cell50_shared_field-5072,4,candidate,15,491.05652633333335,0.015683375066146255,15,1.0,7365.847895,True,
LOCAL-v1-q4-cell50_shared_field-5073,4,candidate,10,616.0203839,0.01852329110261053,10,1.0,6160.203839,True,
LOCAL-v1-q4-cell50_shared_field-5074,4,candidate,16,400.15510675,0.02267387497704476,16,1.0,6402.481708,True,
LOCAL-v1-q4-cell50_shared_field-5075,4,candidate,15,442.64316126666665,0.01879570900928229,15,1.0,6639.647419,True,
LOCAL-v1-q4-cell50_shared_field-5076,4,candidate,12,576.5124194166666,0.023189416038803756,12,1.0,6918.149033,True,
LOCAL-v1-q4-cell50_shared_field-5077,4,candidate,14,551.1490995714286,0.01938249997328967,14,1.0,7716.087394,True,
LOCAL-v1-q4-cell50_shared_field-5078,4,candidate,13,478.7128197692308,0.0197802500333637,13,1.0,6223.266657,True,
LOCAL-v1-q4-cell50_shared_field-5079,4,candidate,10,646.6934376,0.015292667085304856,10,1.0,6466.934376,True,
LOCAL-v1-q4-cell50_shared_field-5080,4,candidate,10,941.2919374999999,0.01883537496905774,10,1.0,9412.919375,True,
LOCAL-v1-q4-cell50_shared_field-5081,4,candidate,16,418.542674875,0.020674249972216785,16,1.0,6696.682798,True,
LOCAL-v1-q4-cell50_shared_field-5082,4,candidate,13,527.835248923077,0.01680604205466807,13,1.0,6861.858236,True,
LOCAL-v1-q4-cell50_shared_field-5083,4,candidate,13,487.00483023076924,0.021293667028658092,13,1.0,6331.062793,True,
LOCAL-v1-q4-cell50_shared_field-5084,4,candidate,14,641.6471409285714,0.019133834051899612,14,1.0,8983.059973,True,
LOCAL-v1-q4-cell50_shared_field-5085,4,candidate,15,410.21611733333333,0.02070995804388076,15,1.0,6153.24176,True,
LOCAL-v1-q4-cell50_shared_field-5086,4,candidate,12,856.77638475,0.022289916058070958,12,1.0,10281.316617,True,
LOCAL-v1-q4-cell50_shared_field-5087,4,candidate,13,523.5887595384615,0.01740541693288833,13,1.0,6806.653874,True,
LOCAL-v1-q4-cell50_shared_field-5088,4,candidate,16,641.890520375,0.023678749916143715,16,1.0,10270.248326,True,
LOCAL-v1-q4-cell50_shared_field-5089,4,candidate,15,401.0408460666667,0.021743374993093312,15,1.0,6015.612691,True,
LOCAL-v1-q4-cell50_shared_field-5090,4,candidate,14,461.5821236428572,0.016625417047180235,14,1.0,6462.149731,True,
LOCAL-v1-q4-cell50_shared_field-5091,4,candidate,12,571.3032595,0.018393374979496002,12,1.0,6855.639114,True,
LOCAL-v1-q4-cell50_shared_field-5092,4,candidate,11,564.9999577272728,0.019785250071436167,11,1.0,6214.999535,True,
LOCAL-v1-q4-cell50_shared_field-5093,4,candidate,15,548.4597184666667,0.017603832995519042,15,1.0,8226.895777,True,
LOCAL-v1-q4-cell50_shared_field-5094,4,candidate,11,634.6346077272727,0.01558800006750971,11,1.0,6980.980685,True,
LOCAL-v1-q4-cell50_shared_field-5095,4,candidate,10,718.0910838,0.019265957991592586,10,1.0,7180.910838,True,
LOCAL-v1-q4-cell50_shared_field-5096,4,candidate,14,468.41519635714286,0.02123304200358689,14,1.0,6557.812749,True,
LOCAL-v1-q4-cell50_shared_field-5097,4,candidate,13,545.1789001538461,0.020266084000468254,13,1.0,7087.325702,True,
LOCAL-v1-q4-cell50_shared_field-5098,4,candidate,16,414.89237975,0.01984808302950114,16,1.0,6638.278076,True,
LOCAL-v1-q4-cell50_shared_field-5099,4,candidate,13,655.0496655384615,0.01970395806711167,13,1.0,8515.645652,True,
LOCAL-v1-q4-cell500_shared_field-5000,4,candidate,11,585.8205803636364,0.01952745800372213,11,1.0,6444.026384,True,
LOCAL-v1-q4-cell500_shared_field-5001,4,candidate,14,499.11431278571433,0.020213417010381818,14,1.0,6987.600379,True,
LOCAL-v1-q4-cell500_shared_field-5002,4,candidate,15,448.56709433333333,0.016444833017885685,15,1.0,6728.506415,True,
LOCAL-v1-q4-cell500_shared_field-5003,4,candidate,11,616.333721,0.01747012499254197,11,1.0,6779.670931,True,
LOCAL-v1-q4-cell500_shared_field-5004,4,candidate,12,523.9160625833333,0.019786665914580226,12,1.0,6286.992751,True,
LOCAL-v1-q4-cell500_shared_field-5005,4,candidate,11,561.1079403636363,0.021678874967619777,11,1.0,6172.187344,True,
LOCAL-v1-q4-cell500_shared_field-5006,4,candidate,11,704.8409073636363,0.019019209081307054,11,1.0,7753.249981,True,
LOCAL-v1-q4-cell500_shared_field-5007,4,candidate,11,589.462531,0.0161412499146536,11,1.0,6484.087841,True,
LOCAL-v1-q4-cell500_shared_field-5008,4,candidate,10,685.3288829,0.017869957955554128,10,1.0,6853.288829,True,
LOCAL-v1-q4-cell500_shared_field-5009,4,candidate,14,442.58129121428567,0.022234958945773542,14,1.0,6196.138077,True,
LOCAL-v1-q4-cell500_shared_field-5010,4,candidate,12,525.8330196666667,0.020666667027398944,12,1.0,6309.996236,True,
LOCAL-v1-q4-cell500_shared_field-5011,4,candidate,15,439.06621913333333,0.01937216694932431,15,1.0,6585.993287,True,
LOCAL-v1-q4-cell500_shared_field-5012,4,candidate,10,641.4036105,0.01412558404263109,10,1.0,6414.036105,True,
LOCAL-v1-q4-cell500_shared_field-5013,4,candidate,12,551.0681949166667,0.01592033391352743,12,1.0,6612.818339,True,
LOCAL-v1-q4-cell500_shared_field-5014,4,candidate,11,719.2749324545455,0.018350666970945895,11,1.0,7912.024257,True,
LOCAL-v1-q4-cell500_shared_field-5015,4,candidate,12,525.13307175,0.02012758399359882,12,1.0,6301.596861,True,
LOCAL-v1-q4-cell500_shared_field-5016,4,candidate,16,403.0857794375,0.020091917016543448,16,1.0,6449.372471,True,
LOCAL-v1-q4-cell500_shared_field-5017,4,candidate,15,524.9853972,0.018711624899879098,15,1.0,7874.780958,True,
LOCAL-v1-q4-cell500_shared_field-5018,4,candidate,10,1101.4104063,0.018183334032073617,10,1.0,11014.104063,True,
LOCAL-v1-q4-cell500_shared_field-5019,4,candidate,11,618.2980930909091,0.018784208106808364,11,1.0,6801.279024,True,
LOCAL-v1-q4-cell500_shared_field-5020,4,candidate,16,466.9563771875,0.017936915974132717,16,1.0,7471.302035,True,
LOCAL-v1-q4-cell500_shared_field-5021,4,candidate,14,827.0577365,0.01973704097326845,14,1.0,11578.808311,True,
LOCAL-v1-q4-cell500_shared_field-5022,4,candidate,14,675.8003097857143,0.0165337499929592,14,1.0,9461.204337,True,
LOCAL-v1-q4-cell500_shared_field-5023,4,candidate,15,431.403725,0.021939416998066008,15,1.0,6471.055875,True,
LOCAL-v1-q4-cell500_shared_field-5024,4,candidate,13,487.4400166153846,0.01728837506379932,13,1.0,6336.720216,True,
LOCAL-v1-q4-cell500_shared_field-5025,4,candidate,12,567.3624326666667,0.018321792013011873,12,1.0,6808.349192,True,
LOCAL-v1-q4-cell500_shared_field-5026,4,candidate,15,419.53267553333336,0.020508707966655493,15,1.0,6292.990133,True,
LOCAL-v1-q4-cell500_shared_field-5027,4,candidate,11,626.1827629090909,0.0198015000205487,11,1.0,6888.010392,True,
LOCAL-v1-q4-cell500_shared_field-5028,4,candidate,10,665.717142,0.01779766706749797,10,1.0,6657.17142,True,
LOCAL-v1-q4-cell500_shared_field-5029,4,candidate,11,697.3430762727273,0.016848917002789676,11,1.0,7670.773839,True,
LOCAL-v1-q4-cell500_shared_field-5030,4,candidate,12,564.2133243333334,0.019555083941668272,12,1.0,6770.559892,True,
LOCAL-v1-q4-cell500_shared_field-5031,4,candidate,15,569.981227,0.020875166985206306,15,1.0,8549.718405,True,
LOCAL-v1-q4-cell500_shared_field-5032,4,candidate,11,547.3086391818182,0.01891112490557134,11,1.0,6020.395031,True,
LOCAL-v1-q4-cell500_shared_field-5033,4,candidate,14,423.3321197857143,0.021281916997395456,14,1.0,5926.649677,True,
LOCAL-v1-q4-cell500_shared_field-5034,4,candidate,16,550.3552514375,0.019416750059463084,16,1.0,8805.684023,True,
LOCAL-v1-q4-cell500_shared_field-5035,4,candidate,10,719.8865815,0.015386832994408906,10,1.0,7198.865815,True,
LOCAL-v1-q4-cell500_shared_field-5036,4,candidate,15,550.5581846,0.019550791010260582,15,1.0,8258.372769,True,
LOCAL-v1-q4-cell500_shared_field-5037,4,candidate,15,500.96949233333333,0.02261616603937,15,1.0,7514.542385,True,
LOCAL-v1-q4-cell500_shared_field-5038,4,candidate,16,427.1738200625,0.020104957977309823,16,1.0,6834.781121,True,
LOCAL-v1-q4-cell500_shared_field-5039,4,candidate,10,666.0767383,0.01801141700707376,10,1.0,6660.767383,True,
LOCAL-v1-q4-cell500_shared_field-5040,4,candidate,15,420.79063226666665,0.019116958021186292,15,1.0,6311.859484,True,
LOCAL-v1-q4-cell500_shared_field-5041,4,candidate,15,526.4828401333333,0.01934324996545911,15,1.0,7897.242602,True,
LOCAL-v1-q4-cell500_shared_field-5042,4,candidate,11,624.3804620909091,0.02153345907572657,11,1.0,6868.185083,True,
LOCAL-v1-q4-cell500_shared_field-5043,4,candidate,12,558.6645001666667,0.018963709007948637,12,1.0,6703.974002,True,
LOCAL-v1-q4-cell500_shared_field-5044,4,candidate,11,626.7060650909091,0.017684832913801074,11,1.0,6893.766716,True,
LOCAL-v1-q4-cell500_shared_field-5045,4,candidate,11,560.3564711818182,0.016076000058092177,11,1.0,6163.921183,True,
LOCAL-v1-q4-cell500_shared_field-5046,4,candidate,10,680.190143,0.018881959025748074,10,1.0,6801.90143,True,
LOCAL-v1-q4-cell500_shared_field-5047,4,candidate,16,375.83429225,0.023920125095173717,16,1.0,6013.348676,True,
LOCAL-v1-q4-cell500_shared_field-5048,4,candidate,12,532.1580363333334,0.015453833970241249,12,1.0,6385.896436,True,
LOCAL-v1-q4-cell500_shared_field-5049,4,candidate,10,741.7718202,0.017258915933780372,10,1.0,7417.718202,True,
LOCAL-v1-q4-cell500_shared_field-5050,4,candidate,15,498.9501813333334,0.020970832905732095,15,1.0,7484.25272,True,
LOCAL-v1-q4-cell500_shared_field-5051,4,candidate,11,632.7923762727273,0.016087249969132245,11,1.0,6960.716139,True,
LOCAL-v1-q4-cell500_shared_field-5052,4,candidate,13,469.49158561538457,0.02044583298265934,13,1.0,6103.390613,True,
LOCAL-v1-q4-cell500_shared_field-5053,4,candidate,16,393.7451191875,0.02226866688579321,16,1.0,6299.921907,True,
LOCAL-v1-q4-cell500_shared_field-5054,4,candidate,16,439.251982875,0.022797874989919364,16,1.0,7028.031726,True,
LOCAL-v1-q4-cell500_shared_field-5055,4,candidate,12,641.975585,0.015738541958853602,12,1.0,7703.70702,True,
LOCAL-v1-q4-cell500_shared_field-5056,4,candidate,13,512.6340295384615,0.018515042029321194,13,1.0,6664.242384,True,
LOCAL-v1-q4-cell500_shared_field-5057,4,candidate,13,496.55090653846156,0.017166833975352347,13,1.0,6455.161785,True,
LOCAL-v1-q4-cell500_shared_field-5058,4,candidate,14,444.7132113571429,0.0189562919549644,14,1.0,6225.984959,True,
LOCAL-v1-q4-cell500_shared_field-5059,4,candidate,12,534.7414009166666,0.019570458913221955,12,1.0,6416.896811,True,
LOCAL-v1-q4-cell500_shared_field-5060,4,candidate,11,586.0639104545454,0.020326290978118777,11,1.0,6446.703015,True,
LOCAL-v1-q4-cell500_shared_field-5061,4,candidate,13,757.1536116153845,0.01593074994161725,13,1.0,9842.996951,True,
LOCAL-v1-q4-cell500_shared_field-5062,4,candidate,16,650.7221015,0.02485566702671349,16,1.0,10411.553624,True,
LOCAL-v1-q4-cell500_shared_field-5063,4,candidate,15,430.93124233333333,0.024025834049098194,15,1.0,6463.968635,True,
LOCAL-v1-q4-cell500_shared_field-5064,4,candidate,13,493.4758353076923,0.019252249971032143,13,1.0,6415.185859,True,
LOCAL-v1-q4-cell500_shared_field-5065,4,candidate,12,569.159831,0.015907042077742517,12,1.0,6829.917972,True,
LOCAL-v1-q4-cell500_shared_field-5066,4,candidate,10,697.2307283,0.01585583307314664,10,1.0,6972.307283,True,
LOCAL-v1-q4-cell500_shared_field-5067,4,candidate,16,416.462400875,0.02417562494520098,16,1.0,6663.398414,True,
LOCAL-v1-q4-cell500_shared_field-5068,4,candidate,13,750.8932873076924,0.020641834009438753,13,1.0,9761.612735,True,
LOCAL-v1-q4-cell500_shared_field-5069,4,candidate,14,667.0839829285715,0.020554707967676222,14,1.0,9339.175761,True,
LOCAL-v1-q4-cell500_shared_field-5070,4,candidate,12,532.3087705833333,0.01744370791129768,12,1.0,6387.705247,True,
LOCAL-v1-q4-cell500_shared_field-5071,4,candidate,12,559.9527298333334,0.020894958986900747,12,1.0,6719.432758,True,
LOCAL-v1-q4-cell500_shared_field-5072,4,candidate,15,454.9996468666667,0.016742249950766563,15,1.0,6824.994703,True,
LOCAL-v1-q4-cell500_shared_field-5073,4,candidate,10,622.4029182,0.018807291984558105,10,1.0,6224.029182,True,
LOCAL-v1-q4-cell500_shared_field-5074,4,candidate,16,400.769910875,0.022840416058897972,16,1.0,6412.318574,True,
LOCAL-v1-q4-cell500_shared_field-5075,4,candidate,15,435.0352670666667,0.01871604099869728,15,1.0,6525.529006,True,
LOCAL-v1-q4-cell500_shared_field-5076,4,candidate,12,561.0033373333333,0.02321420900989324,12,1.0,6732.040048,True,
LOCAL-v1-q4-cell500_shared_field-5077,4,candidate,14,483.1921383571429,0.019571666955016553,14,1.0,6764.689937,True,
LOCAL-v1-q4-cell500_shared_field-5078,4,candidate,13,480.30992646153845,0.019909958937205374,13,1.0,6244.029044,True,
LOCAL-v1-q4-cell500_shared_field-5079,4,candidate,10,647.7839916,0.015374957933090627,10,1.0,6477.839916,True,
LOCAL-v1-q4-cell500_shared_field-5080,4,candidate,10,897.4290758,0.018655249965377152,10,1.0,8974.290758,True,
LOCAL-v1-q4-cell500_shared_field-5081,4,candidate,16,417.545086875,0.021225541946478188,16,1.0,6680.72139,True,
LOCAL-v1-q4-cell500_shared_field-5082,4,candidate,13,515.317593,0.016614624997600913,13,1.0,6699.128709,True,
LOCAL-v1-q4-cell500_shared_field-5083,4,candidate,13,557.4210984615385,0.02149412501603365,13,1.0,7246.47428,True,
LOCAL-v1-q4-cell500_shared_field-5084,4,candidate,14,515.4654709285714,0.018770124996080995,14,1.0,7216.516593,True,
LOCAL-v1-q4-cell500_shared_field-5085,4,candidate,15,531.3847472666667,0.020385708077810705,15,1.0,7970.771209,True,
LOCAL-v1-q4-cell500_shared_field-5086,4,candidate,12,668.9914435833333,0.021779792034067214,12,1.0,8027.897323,True,
LOCAL-v1-q4-cell500_shared_field-5087,4,candidate,13,538.1000013846153,0.017070916946977377,13,1.0,6995.300018,True,
LOCAL-v1-q4-cell500_shared_field-5088,4,candidate,16,440.4230525,0.023337041959166527,16,1.0,7046.76884,True,
LOCAL-v1-q4-cell500_shared_field-5089,4,candidate,15,399.50061999999997,0.021709624910727143,15,1.0,5992.5093,True,
LOCAL-v1-q4-cell500_shared_field-5090,4,candidate,14,462.7774257142857,0.0165984999621287,14,1.0,6478.88396,True,
LOCAL-v1-q4-cell500_shared_field-5091,4,candidate,12,618.9860170833333,0.01814529101829976,12,1.0,7427.832205,True,
LOCAL-v1-q4-cell500_shared_field-5092,4,candidate,11,565.207498,0.020458374987356365,11,1.0,6217.282478,True,
LOCAL-v1-q4-cell500_shared_field-5093,4,candidate,15,521.0164238,0.017224708921276033,15,1.0,7815.246357,True,
LOCAL-v1-q4-cell500_shared_field-5094,4,candidate,11,632.8074054545455,0.015746999997645617,11,1.0,6960.88146,True,
LOCAL-v1-q4-cell500_shared_field-5095,4,candidate,10,716.94166,0.01831108401529491,10,1.0,7169.4166,True,
LOCAL-v1-q4-cell500_shared_field-5096,4,candidate,14,471.04350778571427,0.021558249951340258,14,1.0,6594.609109,True,
LOCAL-v1-q4-cell500_shared_field-5097,4,candidate,13,536.789036923077,0.020451624994166195,13,1.0,6978.25748,True,
LOCAL-v1-q4-cell500_shared_field-5098,4,candidate,16,403.5903926875,0.020142125082202256,16,1.0,6457.446283,True,
LOCAL-v1-q4-cell500_shared_field-5099,4,candidate,13,632.4422698461539,0.01997704093810171,13,1.0,8221.749508,True,
LOCAL-v1-q4-edge_mixed_min_radius-5000,4,candidate,11,800.9945518181819,0.015215542051009834,11,1.0,8810.94007,True,
LOCAL-v1-q4-edge_mixed_min_radius-5001,4,candidate,14,741.7835821428571,0.02004129090346396,14,1.0,10384.97015,True,
LOCAL-v1-q4-edge_mixed_min_radius-5002,4,candidate,15,619.1579435333333,0.01928220794070512,15,1.0,9287.369153,True,
LOCAL-v1-q4-edge_mixed_min_radius-5003,4,candidate,11,619.3091304545454,0.019027375034056604,11,1.0,6812.400435,True,
LOCAL-v1-q4-edge_mixed_min_radius-5004,4,candidate,12,546.7765215000001,0.016565750003792346,12,1.0,6561.318258,True,
LOCAL-v1-q4-edge_mixed_min_radius-5005,4,candidate,11,645.9874488181817,0.0164747079834342,11,1.0,7105.861937,True,
LOCAL-v1-q4-edge_mixed_min_radius-5006,4,candidate,11,756.5854063636363,0.017258291016332805,11,1.0,8322.43947,True,
LOCAL-v1-q4-edge_mixed_min_radius-5007,4,candidate,11,725.1556375454546,0.017603624961338937,11,1.0,7976.712013,True,
LOCAL-v1-q4-edge_mixed_min_radius-5008,4,candidate,10,729.2725922,0.01544404192827642,10,1.0,7292.725922,True,
LOCAL-v1-q4-edge_mixed_min_radius-5009,4,candidate,14,503.36899514285716,0.018202542094513774,14,1.0,7047.165932,True,
LOCAL-v1-q4-edge_mixed_min_radius-5010,4,candidate,12,531.2184483333333,0.020680167013779283,12,1.0,6374.62138,True,
LOCAL-v1-q4-edge_mixed_min_radius-5011,4,candidate,15,405.8850996666667,0.022121375077404082,15,1.0,6088.276495,True,
LOCAL-v1-q4-edge_mixed_min_radius-5012,4,candidate,10,734.4152983,0.018016249989159405,10,1.0,7344.152983,True,
LOCAL-v1-q4-edge_mixed_min_radius-5013,4,candidate,12,632.811229,0.019717000075615942,12,1.0,7593.734748,True,
LOCAL-v1-q4-edge_mixed_min_radius-5014,4,candidate,11,793.0453492727273,0.015888834022916853,11,1.0,8723.498842,True,
LOCAL-v1-q4-edge_mixed_min_radius-5015,4,candidate,12,630.5127854166667,0.016627083998173475,12,1.0,7566.153425,True,
LOCAL-v1-q4-edge_mixed_min_radius-5016,4,candidate,16,493.3497158125,0.01839645893778652,16,1.0,7893.595453,True,
LOCAL-v1-q4-edge_mixed_min_radius-5017,4,candidate,15,614.576973,0.016773000010289252,15,1.0,9218.654595,True,
LOCAL-v1-q4-edge_mixed_min_radius-5018,4,candidate,10,752.3138447,0.015123791992664337,10,1.0,7523.138447,True,
LOCAL-v1-q4-edge_mixed_min_radius-5019,4,candidate,11,582.1932485454546,0.017810708028264344,11,1.0,6404.125734,True,
LOCAL-v1-q4-edge_mixed_min_radius-5020,4,candidate,16,450.422692875,0.0193048749351874,16,1.0,7206.763086,True,
LOCAL-v1-q4-edge_mixed_min_radius-5021,4,candidate,14,696.5865047857143,0.016385375056415796,14,1.0,9752.211067,True,
LOCAL-v1-q4-edge_mixed_min_radius-5022,4,candidate,14,660.9818787857142,0.01637758396100253,14,1.0,9253.746303,True,
LOCAL-v1-q4-edge_mixed_min_radius-5023,4,candidate,15,487.80706713333336,0.016991791897453368,15,1.0,7317.106007,True,
LOCAL-v1-q4-edge_mixed_min_radius-5024,4,candidate,13,562.663962923077,0.018999958992935717,13,1.0,7314.631518,True,
LOCAL-v1-q4-edge_mixed_min_radius-5025,4,candidate,12,669.2232211666667,0.01919904095120728,12,1.0,8030.678654,True,
LOCAL-v1-q4-edge_mixed_min_radius-5026,4,candidate,15,430.46936960000005,0.020186166977509856,15,1.0,6457.040544,True,
LOCAL-v1-q4-edge_mixed_min_radius-5027,4,candidate,11,625.966649,0.016434165998362005,11,1.0,6885.633139,True,
LOCAL-v1-q4-edge_mixed_min_radius-5028,4,candidate,10,651.7642768,0.016287499922327697,10,1.0,6517.642768,True,
LOCAL-v1-q4-edge_mixed_min_radius-5029,4,candidate,11,696.7825423636364,0.015361334080807865,11,1.0,7664.607966,True,
LOCAL-v1-q4-edge_mixed_min_radius-5030,4,candidate,12,629.9151009999999,0.017901667044498026,12,1.0,7558.981212,True,
LOCAL-v1-q4-edge_mixed_min_radius-5031,4,candidate,15,569.0524075333334,0.016807249980047345,15,1.0,8535.786113,True,
LOCAL-v1-q4-edge_mixed_min_radius-5032,4,candidate,11,613.0974537272728,0.015525833005085588,11,1.0,6744.071991,True,
LOCAL-v1-q4-edge_mixed_min_radius-5033,4,candidate,14,476.27707114285715,0.018968541058711708,14,1.0,6667.878996,True,
LOCAL-v1-q4-edge_mixed_min_radius-5034,4,candidate,16,500.2597061875,0.018549750093370676,16,1.0,8004.155299,True,
LOCAL-v1-q4-edge_mixed_min_radius-5035,4,candidate,10,817.9419769,0.017549708019942045,10,1.0,8179.419769,True,
LOCAL-v1-q4-edge_mixed_min_radius-5036,4,candidate,15,635.0619801333333,0.016461874940432608,15,1.0,9525.929702,True,
LOCAL-v1-q4-edge_mixed_min_radius-5037,4,candidate,15,556.7862680666666,0.019470541970804334,15,1.0,8351.794021,True,
LOCAL-v1-q4-edge_mixed_min_radius-5038,4,candidate,16,516.242843875,0.017964042024686933,16,1.0,8259.885502,True,
LOCAL-v1-q4-edge_mixed_min_radius-5039,4,candidate,10,830.7122922000001,0.016275875037536025,10,1.0,8307.122922,True,
LOCAL-v1-q4-edge_mixed_min_radius-5040,4,candidate,15,522.6875454666666,0.017324250075034797,15,1.0,7840.313182,True,
LOCAL-v1-q4-edge_mixed_min_radius-5041,4,candidate,15,446.81992933333333,0.01844308292493224,15,1.0,6702.29894,True,
LOCAL-v1-q4-edge_mixed_min_radius-5042,4,candidate,11,801.7764628181817,0.01773804205004126,11,1.0,8819.541091,True,
LOCAL-v1-q4-edge_mixed_min_radius-5043,4,candidate,12,660.8549005833333,0.015598417026922107,12,1.0,7930.258807,True,
LOCAL-v1-q4-edge_mixed_min_radius-5044,4,candidate,11,719.4249114545454,0.016176208038814366,11,1.0,7913.674026,True,
LOCAL-v1-q4-edge_mixed_min_radius-5045,4,candidate,11,575.1879480909091,0.020333416992798448,11,1.0,6327.067429,True,
LOCAL-v1-q4-edge_mixed_min_radius-5046,4,candidate,10,581.6349322,0.016695208963938057,10,1.0,5816.349322,True,
LOCAL-v1-q4-edge_mixed_min_radius-5047,4,candidate,16,463.326438,0.018201958038844168,16,1.0,7413.223008,True,
LOCAL-v1-q4-edge_mixed_min_radius-5048,4,candidate,12,621.6266174166667,0.01812825002707541,12,1.0,7459.519409,True,
LOCAL-v1-q4-edge_mixed_min_radius-5049,4,candidate,10,731.2418732,0.016065499978139997,10,1.0,7312.418732,True,
LOCAL-v1-q4-edge_mixed_min_radius-5050,4,candidate,15,530.7985868,0.018640291993506253,15,1.0,7961.978802,True,
LOCAL-v1-q4-edge_mixed_min_radius-5051,4,candidate,11,696.9729336363636,0.01744816603604704,11,1.0,7666.70227,True,
LOCAL-v1-q4-edge_mixed_min_radius-5052,4,candidate,13,583.6490964615384,0.01839058310724795,13,1.0,7587.438254,True,
LOCAL-v1-q4-edge_mixed_min_radius-5053,4,candidate,16,487.218800375,0.01774020795710385,16,1.0,7795.500806,True,
LOCAL-v1-q4-edge_mixed_min_radius-5054,4,candidate,16,470.846790625,0.017146458034403622,16,1.0,7533.54865,True,
LOCAL-v1-q4-edge_mixed_min_radius-5055,4,candidate,12,957.7293962499999,0.015764417010359466,12,1.0,11492.752755,True,
LOCAL-v1-q4-edge_mixed_min_radius-5056,4,candidate,13,717.2350992307693,0.015509416931308806,13,1.0,9324.05629,True,
LOCAL-v1-q4-edge_mixed_min_radius-5057,4,candidate,13,527.1353869230769,0.018523457925766706,13,1.0,6852.76003,True,
LOCAL-v1-q4-edge_mixed_min_radius-5058,4,candidate,14,461.1742554285714,0.018152832984924316,14,1.0,6456.439576,True,
LOCAL-v1-q4-edge_mixed_min_radius-5059,4,candidate,12,516.8116130833333,0.019745041034184396,12,1.0,6201.739357,True,
LOCAL-v1-q4-edge_mixed_min_radius-5060,4,candidate,11,785.6466096363637,0.016430958989076316,11,1.0,8642.112706,True,
LOCAL-v1-q4-edge_mixed_min_radius-5061,4,candidate,13,641.172594076923,0.019386832951568067,13,1.0,8335.243723,True,
LOCAL-v1-q4-edge_mixed_min_radius-5062,4,candidate,16,536.53949625,0.018273208057507873,16,1.0,8584.63194,True,
LOCAL-v1-q4-edge_mixed_min_radius-5063,4,candidate,15,432.00637,0.023020207998342812,15,1.0,6480.09555,True,
LOCAL-v1-q4-edge_mixed_min_radius-5064,4,candidate,13,569.2274085384615,0.01654949993826449,13,1.0,7399.956311,True,
LOCAL-v1-q4-edge_mixed_min_radius-5065,4,candidate,12,688.1574725833334,0.01729287498164922,12,1.0,8257.889671,True,
LOCAL-v1-q4-edge_mixed_min_radius-5066,4,candidate,10,664.4096556000001,0.014481542049907148,10,1.0,6644.096556,True,
LOCAL-v1-q4-edge_mixed_min_radius-5067,4,candidate,16,460.1184969375,0.019530999939888716,16,1.0,7361.895951,True,
LOCAL-v1-q4-edge_mixed_min_radius-5068,4,candidate,13,598.0572683076923,0.019488041987642646,13,1.0,7774.744488,True,
LOCAL-v1-q4-edge_mixed_min_radius-5069,4,candidate,14,614.4647168571429,0.01738637499511242,14,1.0,8602.506036,True,
LOCAL-v1-q4-edge_mixed_min_radius-5070,4,candidate,12,624.5591076666666,0.01820012496318668,12,1.0,7494.709292,True,
LOCAL-v1-q4-edge_mixed_min_radius-5071,4,candidate,12,599.4816385833334,0.0169079159386456,12,1.0,7193.779663,True,
LOCAL-v1-q4-edge_mixed_min_radius-5072,4,candidate,15,629.2621036666666,0.018979333923198283,15,1.0,9438.931555,True,
LOCAL-v1-q4-edge_mixed_min_radius-5073,4,candidate,10,642.5549065,0.014454624964855611,10,1.0,6425.549065,True,
LOCAL-v1-q4-edge_mixed_min_radius-5074,4,candidate,16,518.7777659375,0.019544709008187056,16,1.0,8300.444255,True,
LOCAL-v1-q4-edge_mixed_min_radius-5075,4,candidate,15,468.1196442666667,0.019087666063569486,15,1.0,7021.794664,True,
LOCAL-v1-q4-edge_mixed_min_radius-5076,4,candidate,12,696.3723860833334,0.016765750013291836,12,1.0,8356.468633,True,
LOCAL-v1-q4-edge_mixed_min_radius-5077,4,candidate,14,586.654598,0.01949870807584375,14,1.0,8213.164372,True,
LOCAL-v1-q4-edge_mixed_min_radius-5078,4,candidate,13,518.4532906153846,0.01785304199438542,13,1.0,6739.892778,True,
LOCAL-v1-q4-edge_mixed_min_radius-5079,4,candidate,10,624.6593408,0.018333374988287687,10,1.0,6246.593408,True,
LOCAL-v1-q4-edge_mixed_min_radius-5080,4,candidate,10,920.0944692999999,0.01619654195383191,10,1.0,9200.944693,True,
LOCAL-v1-q4-edge_mixed_min_radius-5081,4,candidate,16,500.21595125,0.016324999975040555,16,1.0,8003.45522,True,
LOCAL-v1-q4-edge_mixed_min_radius-5082,4,candidate,13,571.9441683076923,0.016023417003452778,13,1.0,7435.274188,True,
LOCAL-v1-q4-edge_mixed_min_radius-5083,4,candidate,13,544.4397749999999,0.01909062499180436,13,1.0,7077.717075,True,
LOCAL-v1-q4-edge_mixed_min_radius-5084,4,candidate,14,731.5232792857142,0.017141457996331155,14,1.0,10241.32591,True,
LOCAL-v1-q4-edge_mixed_min_radius-5085,4,candidate,15,597.0858439333333,0.01952600001823157,15,1.0,8956.287659,True,
LOCAL-v1-q4-edge_mixed_min_radius-5086,4,candidate,12,572.0750288333334,0.01740595803130418,12,1.0,6864.900346,True,
LOCAL-v1-q4-edge_mixed_min_radius-5087,4,candidate,13,587.4295674615385,0.01707433396950364,13,1.0,7636.584377,True,
LOCAL-v1-q4-edge_mixed_min_radius-5088,4,candidate,16,530.303966625,0.01870129199232906,16,1.0,8484.863466,True,
LOCAL-v1-q4-edge_mixed_min_radius-5089,4,candidate,15,558.0452971333333,0.018991874996572733,15,1.0,8370.679457,True,
LOCAL-v1-q4-edge_mixed_min_radius-5090,4,candidate,14,455.3997849285714,0.01798487501218915,14,1.0,6375.596989,True,
LOCAL-v1-q4-edge_mixed_min_radius-5091,4,candidate,12,606.6948818333334,0.01816691702697426,12,1.0,7280.338582,True,
LOCAL-v1-q4-edge_mixed_min_radius-5092,4,candidate,11,660.683744090909,0.017710582935251296,11,1.0,7267.521185,True,
LOCAL-v1-q4-edge_mixed_min_radius-5093,4,candidate,15,516.2685904,0.016543000005185604,15,1.0,7744.028856,True,
LOCAL-v1-q4-edge_mixed_min_radius-5094,4,candidate,11,789.0820194545454,0.015047292108647525,11,1.0,8679.902214,True,
LOCAL-v1-q4-edge_mixed_min_radius-5095,4,candidate,10,830.7679340000001,0.015684791025705636,10,1.0,8307.67934,True,
LOCAL-v1-q4-edge_mixed_min_radius-5096,4,candidate,14,474.7775835714286,0.01884133298881352,14,1.0,6646.88617,True,
LOCAL-v1-q4-edge_mixed_min_radius-5097,4,candidate,13,569.7907702307692,0.017250000033527613,13,1.0,7407.280013,True,
LOCAL-v1-q4-edge_mixed_min_radius-5098,4,candidate,16,412.9890956875,0.020466208923608065,16,1.0,6607.825531,True,
LOCAL-v1-q4-edge_mixed_min_radius-5099,4,candidate,13,676.7586714615385,0.01874183292966336,13,1.0,8797.862729,True,
LOCAL-v1-q4-offcenter_cluster-5000,4,candidate,11,608.35887,0.020466499961912632,11,1.0,6691.94757,True,
LOCAL-v1-q4-offcenter_cluster-5001,4,candidate,14,456.51649150000003,0.028515415964648128,14,1.0,6391.230881,True,
LOCAL-v1-q4-offcenter_cluster-5002,4,candidate,15,575.1639574,0.02633166592568159,15,1.0,8627.459361,True,
LOCAL-v1-q4-offcenter_cluster-5003,4,candidate,11,574.9919549090909,0.021477416972629726,11,1.0,6324.911504,True,
LOCAL-v1-q4-offcenter_cluster-5004,4,candidate,12,521.0969853333334,0.02503479109145701,12,1.0,6253.163824,True,
LOCAL-v1-q4-offcenter_cluster-5005,4,candidate,11,655.7799437272727,0.02531420800369233,11,1.0,7213.579381,True,
LOCAL-v1-q4-offcenter_cluster-5006,4,candidate,11,512.3479522727273,0.021009832969866693,11,1.0,5635.827475,True,
LOCAL-v1-q4-offcenter_cluster-5007,4,candidate,11,701.3166766363637,0.02342250000219792,11,1.0,7714.483443,True,
LOCAL-v1-q4-offcenter_cluster-5008,4,candidate,10,639.0509558,0.01870116696227342,10,1.0,6390.509558,True,
LOCAL-v1-q4-offcenter_cluster-5009,4,candidate,14,470.80172064285716,0.023927167057991028,14,1.0,6591.224089,True,
LOCAL-v1-q4-offcenter_cluster-5010,4,candidate,12,558.5167975,0.022611083928495646,12,1.0,6702.20157,True,
LOCAL-v1-q4-offcenter_cluster-5011,4,candidate,15,466.68319553333333,0.024966625031083822,15,1.0,7000.247933,True,
LOCAL-v1-q4-offcenter_cluster-5012,4,candidate,10,581.2664973,0.015858042053878307,10,1.0,5812.664973,True,
LOCAL-v1-q4-offcenter_cluster-5013,4,candidate,12,537.5326542500001,0.024310290929861367,12,1.0,6450.391851,True,
LOCAL-v1-q4-offcenter_cluster-5014,4,candidate,11,657.0165850909091,0.023954416043125093,11,1.0,7227.182436,True,
LOCAL-v1-q4-offcenter_cluster-5015,4,candidate,12,608.2557961666666,0.017418542061932385,12,1.0,7299.069554,True,
LOCAL-v1-q4-offcenter_cluster-5016,4,candidate,16,207.3941174375,0.02385129197500646,16,1.0,3318.305879,True,
LOCAL-v1-q4-offcenter_cluster-5017,4,candidate,15,528.4057708666667,0.02548650000244379,15,1.0,7926.086563,True,
LOCAL-v1-q4-offcenter_cluster-5018,4,candidate,10,780.7411735,0.013035958050750196,10,1.0,7807.411735,True,
LOCAL-v1-q4-offcenter_cluster-5019,4,candidate,11,550.2181854545455,0.02113745897077024,11,1.0,6052.40004,True,
LOCAL-v1-q4-offcenter_cluster-5020,4,candidate,16,173.7283160625,0.02930883306544274,16,1.0,2779.653057,True,
LOCAL-v1-q4-offcenter_cluster-5021,4,candidate,14,477.5949839285714,0.023963583051227033,14,1.0,6686.329775,True,
LOCAL-v1-q4-offcenter_cluster-5022,4,candidate,14,428.0699132857143,0.02574312489014119,14,1.0,5992.978786,True,
LOCAL-v1-q4-offcenter_cluster-5023,4,candidate,15,421.1224087333333,0.029402291984297335,15,1.0,6316.836131,True,
LOCAL-v1-q4-offcenter_cluster-5024,4,candidate,13,485.5928907692308,0.03004624997265637,13,1.0,6312.70758,True,
LOCAL-v1-q4-offcenter_cluster-5025,4,candidate,12,478.59655191666667,0.015116167021915317,12,1.0,5743.158623,True,
LOCAL-v1-q4-offcenter_cluster-5026,4,candidate,15,356.9017704666667,0.025562791037373245,15,1.0,5353.526557,True,
LOCAL-v1-q4-offcenter_cluster-5027,4,candidate,11,546.6871509090909,0.02097470802254975,11,1.0,6013.55866,True,
LOCAL-v1-q4-offcenter_cluster-5028,4,candidate,10,665.7110123,0.01956470892764628,10,1.0,6657.110123,True,
LOCAL-v1-q4-offcenter_cluster-5029,4,candidate,11,701.6272496363637,0.02054699999280274,11,1.0,7717.899746,True,
LOCAL-v1-q4-offcenter_cluster-5030,4,candidate,12,519.6957733333334,0.020502167055383325,12,1.0,6236.34928,True,
LOCAL-v1-q4-offcenter_cluster-5031,4,candidate,15,418.78035386666664,0.02650758298113942,15,1.0,6281.705308,True,
LOCAL-v1-q4-offcenter_cluster-5032,4,candidate,11,510.4480633636364,0.020645208074711263,11,1.0,5614.928697,True,
LOCAL-v1-q4-offcenter_cluster-5033,4,candidate,14,409.12481157142855,0.02316120802424848,14,1.0,5727.747362,True,
LOCAL-v1-q4-offcenter_cluster-5034,4,candidate,16,384.4650086875,0.027517625014297664,16,1.0,6151.440139,True,
LOCAL-v1-q4-offcenter_cluster-5035,4,candidate,10,692.3923909,0.024190875003114343,10,1.0,6923.923909,True,
LOCAL-v1-q4-offcenter_cluster-5036,4,candidate,15,481.1123732,0.025035750004462898,15,1.0,7216.685598,True,
LOCAL-v1-q4-offcenter_cluster-5037,4,candidate,15,462.52634166666667,0.027445083018392324,15,1.0,6937.895125,True,
LOCAL-v1-q4-offcenter_cluster-5038,4,candidate,16,390.30105775,0.030006541055627167,16,1.0,6244.816924,True,
LOCAL-v1-q4-offcenter_cluster-5039,4,candidate,10,587.710783,0.018340124981477857,10,1.0,5877.10783,True,
LOCAL-v1-q4-offcenter_cluster-5040,4,candidate,15,417.11239106666665,0.035177625017240644,15,1.0,6256.685866,True,
LOCAL-v1-q4-offcenter_cluster-5041,4,candidate,15,361.9373771333333,0.02344270795583725,15,1.0,5429.060657,True,
LOCAL-v1-q4-offcenter_cluster-5042,4,candidate,11,619.7797719090909,0.02642133308108896,11,1.0,6817.577491,True,
LOCAL-v1-q4-offcenter_cluster-5043,4,candidate,12,491.826172,0.016936708008870482,12,1.0,5901.914064,True,
LOCAL-v1-q4-offcenter_cluster-5044,4,candidate,11,565.3288740909092,0.023186499951407313,11,1.0,6218.617615,True,
LOCAL-v1-q4-offcenter_cluster-5045,4,candidate,11,580.656155,0.02975650003645569,11,1.0,6387.217705,True,
LOCAL-v1-q4-offcenter_cluster-5046,4,candidate,10,616.2924248,0.02712499990593642,10,1.0,6162.924248,True,
LOCAL-v1-q4-offcenter_cluster-5047,4,candidate,16,154.838495875,0.02266645897179842,16,1.0,2477.415934,True,
LOCAL-v1-q4-offcenter_cluster-5048,4,candidate,12,514.1035738333334,0.021308292052708566,12,1.0,6169.242886,True,
LOCAL-v1-q4-offcenter_cluster-5049,4,candidate,10,825.7235217,0.021036084042862058,10,1.0,8257.235217,True,
LOCAL-v1-q4-offcenter_cluster-5050,4,candidate,15,390.62119186666666,0.028607542044483125,15,1.0,5859.317878,True,
LOCAL-v1-q4-offcenter_cluster-5051,4,candidate,11,595.7945320909091,0.019873292068950832,11,1.0,6553.739853,True,
LOCAL-v1-q4-offcenter_cluster-5052,4,candidate,13,468.41647953846154,0.027025624993257225,13,1.0,6089.414234,True,
LOCAL-v1-q4-offcenter_cluster-5053,4,candidate,16,259.46015125,0.026934999972581863,16,1.0,4151.36242,True,
LOCAL-v1-q4-offcenter_cluster-5054,4,candidate,16,215.31368975,0.021994000067934394,16,1.0,3445.019036,True,
LOCAL-v1-q4-offcenter_cluster-5055,4,candidate,12,505.52875558333335,0.023414375027641654,12,1.0,6066.345067,True,
LOCAL-v1-q4-offcenter_cluster-5056,4,candidate,13,570.9011720769231,0.028354665962979198,13,1.0,7421.715237,True,
LOCAL-v1-q4-offcenter_cluster-5057,4,candidate,13,524.2703058461539,0.02140429092105478,13,1.0,6815.513976,True,
LOCAL-v1-q4-offcenter_cluster-5058,4,candidate,14,445.70376307142857,0.02831212501041591,14,1.0,6239.852683,True,
LOCAL-v1-q4-offcenter_cluster-5059,4,candidate,12,449.91564416666665,0.01771291601471603,12,1.0,5398.98773,True,
LOCAL-v1-q4-offcenter_cluster-5060,4,candidate,11,665.1076114545455,0.021156625007279217,11,1.0,7316.183726,True,
LOCAL-v1-q4-offcenter_cluster-5061,4,candidate,13,559.1615108461539,0.022456292062997818,13,1.0,7269.099641,True,
LOCAL-v1-q4-offcenter_cluster-5062,4,candidate,16,450.465436,0.02410375000908971,16,1.0,7207.446976,True,
LOCAL-v1-q4-offcenter_cluster-5063,4,candidate,15,607.0805973333333,0.02897387510165572,15,1.0,9106.20896,True,
LOCAL-v1-q4-offcenter_cluster-5064,4,candidate,13,556.2837523846154,0.021383624989539385,13,1.0,7231.688781,True,
LOCAL-v1-q4-offcenter_cluster-5065,4,candidate,12,496.8734886666667,0.023832291015423834,12,1.0,5962.481864,True,
LOCAL-v1-q4-offcenter_cluster-5066,4,candidate,10,582.320709,0.02002866705879569,10,1.0,5823.20709,True,
LOCAL-v1-q4-offcenter_cluster-5067,4,candidate,16,322.681316375,0.02641016594134271,16,1.0,5162.901062,True,
LOCAL-v1-q4-offcenter_cluster-5068,4,candidate,13,531.3102650769231,0.02294491697102785,13,1.0,6907.033446,True,
LOCAL-v1-q4-offcenter_cluster-5069,4,candidate,14,470.11524414285714,0.023897374980151653,14,1.0,6581.613418,True,
LOCAL-v1-q4-offcenter_cluster-5070,4,candidate,12,494.9738004166666,0.026319292024709284,12,1.0,5939.685605,True,
LOCAL-v1-q4-offcenter_cluster-5071,4,candidate,12,533.6638696666666,0.028113665990531445,12,1.0,6403.966436,True,
LOCAL-v1-q4-offcenter_cluster-5072,4,candidate,15,436.6342118666667,0.020831750007346272,15,1.0,6549.513178,True,
LOCAL-v1-q4-offcenter_cluster-5073,4,candidate,10,570.4631521,0.025455708033405244,10,1.0,5704.631521,True,
LOCAL-v1-q4-offcenter_cluster-5074,4,candidate,16,379.6526565625,0.02379145799204707,16,1.0,6074.442505,True,
LOCAL-v1-q4-offcenter_cluster-5075,4,candidate,15,351.89411060000003,0.018621584051288664,15,1.0,5278.411659,True,
LOCAL-v1-q4-offcenter_cluster-5076,4,candidate,12,550.8663040833334,0.02129341592080891,12,1.0,6610.395649,True,
LOCAL-v1-q4-offcenter_cluster-5077,4,candidate,14,450.80100628571427,0.02574058307800442,14,1.0,6311.214088,True,
LOCAL-v1-q4-offcenter_cluster-5078,4,candidate,13,442.6337055384616,0.02678537496831268,13,1.0,5754.238172,True,
LOCAL-v1-q4-offcenter_cluster-5079,4,candidate,10,646.582944,0.024982667062431574,10,1.0,6465.82944,True,
LOCAL-v1-q4-offcenter_cluster-5080,4,candidate,10,867.1873122000001,0.02024808304850012,10,1.0,8671.873122,True,
LOCAL-v1-q4-offcenter_cluster-5081,4,candidate,16,437.2080980625,0.026400167029350996,16,1.0,6995.329569,True,
LOCAL-v1-q4-offcenter_cluster-5082,4,candidate,13,484.80046853846153,0.023317249957472086,13,1.0,6302.406091,True,
LOCAL-v1-q4-offcenter_cluster-5083,4,candidate,13,524.2877023076924,0.026883792015723884,13,1.0,6815.74013,True,
LOCAL-v1-q4-offcenter_cluster-5084,4,candidate,14,472.6127716428572,0.027914124890230596,14,1.0,6616.578803,True,
LOCAL-v1-q4-offcenter_cluster-5085,4,candidate,15,408.34212740000004,0.02552204194944352,15,1.0,6125.131911,True,
LOCAL-v1-q4-offcenter_cluster-5086,4,candidate,12,590.04101875,0.026528624934144318,12,1.0,7080.492225,True,
LOCAL-v1-q4-offcenter_cluster-5087,4,candidate,13,459.3960341538462,0.023998708929866552,13,1.0,5972.148444,True,
LOCAL-v1-q4-offcenter_cluster-5088,4,candidate,16,409.432439375,0.030316125019453466,16,1.0,6550.91903,True,
LOCAL-v1-q4-offcenter_cluster-5089,4,candidate,15,382.4039160666667,0.028031333000399172,15,1.0,5736.058741,True,
LOCAL-v1-q4-offcenter_cluster-5090,4,candidate,14,502.1910965,0.027173332986421883,14,1.0,7030.675351,True,
LOCAL-v1-q4-offcenter_cluster-5091,4,candidate,12,488.95999458333335,0.020116667030379176,12,1.0,5867.519935,True,
LOCAL-v1-q4-offcenter_cluster-5092,4,candidate,11,571.0447305454545,0.02502900001127273,11,1.0,6281.492036,True,
LOCAL-v1-q4-offcenter_cluster-5093,4,candidate,15,491.6244121333333,0.03141462500207126,15,1.0,7374.366182,True,
LOCAL-v1-q4-offcenter_cluster-5094,4,candidate,11,687.2150674545454,0.026256707962602377,11,1.0,7559.365742,True,
LOCAL-v1-q4-offcenter_cluster-5095,4,candidate,10,638.4559742,0.02155370800755918,10,1.0,6384.559742,True,
LOCAL-v1-q4-offcenter_cluster-5096,4,candidate,14,489.84641864285715,0.023308707983233035,14,1.0,6857.849861,True,
LOCAL-v1-q4-offcenter_cluster-5097,4,candidate,13,495.8846077692308,0.024702084017917514,13,1.0,6446.499901,True,
LOCAL-v1-q4-offcenter_cluster-5098,4,candidate,16,345.1811436875,0.027357041952200234,16,1.0,5522.898299,True,
LOCAL-v1-q4-offcenter_cluster-5099,4,candidate,13,485.2668261538462,0.02512654196470976,13,1.0,6308.46874,True,
LOCAL-v1-q4-origin_cluster-5000,4,candidate,11,537.3859418181818,0.024604332982562482,11,1.0,5911.24536,True,
LOCAL-v1-q4-origin_cluster-5001,4,candidate,14,457.10351149999997,0.0292850419646129,14,1.0,6399.449161,True,
LOCAL-v1-q4-origin_cluster-5002,4,candidate,15,665.8226618000001,0.02964862494263798,15,1.0,9987.339927,True,
LOCAL-v1-q4-origin_cluster-5003,4,candidate,11,555.2701281818182,0.02209916594438255,11,1.0,6107.97141,True,
LOCAL-v1-q4-origin_cluster-5004,4,candidate,12,487.68064083333337,0.02334474993404001,12,1.0,5852.16769,True,
LOCAL-v1-q4-origin_cluster-5005,4,candidate,11,551.1368428181818,0.03457341599278152,11,1.0,6062.505271,True,
LOCAL-v1-q4-origin_cluster-5006,4,candidate,11,970.0670331818183,0.03412008308805525,11,1.0,10670.737365,True,
LOCAL-v1-q4-origin_cluster-5007,4,candidate,11,549.9029727272728,0.026188458898104727,11,1.0,6048.9327,True,
LOCAL-v1-q4-origin_cluster-5008,4,candidate,10,774.0383128000001,0.02502087503671646,10,1.0,7740.383128,True,
LOCAL-v1-q4-origin_cluster-5009,4,candidate,14,414.4594100714286,0.025824707932770252,14,1.0,5802.431741,True,
LOCAL-v1-q4-origin_cluster-5010,4,candidate,12,454.15759975,0.024827542016282678,12,1.0,5449.891197,True,
LOCAL-v1-q4-origin_cluster-5011,4,candidate,15,359.30821019999996,0.030756874941289425,15,1.0,5389.623153,True,
LOCAL-v1-q4-origin_cluster-5012,4,candidate,10,573.3324224,0.023357416037470102,10,1.0,5733.324224,True,
LOCAL-v1-q4-origin_cluster-5013,4,candidate,12,747.1821626666666,0.025972249917685986,12,1.0,8966.185952,True,
LOCAL-v1-q4-origin_cluster-5014,4,candidate,11,619.5525882727272,0.025267167016863823,11,1.0,6815.078471,True,
LOCAL-v1-q4-origin_cluster-5015,4,candidate,12,1117.5633081666667,0.031614916981197894,12,1.0,13410.759698,True,
LOCAL-v1-q4-origin_cluster-5016,4,candidate,16,254.769767,0.02951579203363508,16,1.0,4076.316272,True,
LOCAL-v1-q4-origin_cluster-5017,4,candidate,15,654.0210014,0.0324602909386158,15,1.0,9810.315021,True,
LOCAL-v1-q4-origin_cluster-5018,4,candidate,10,809.0221442,0.027902540983632207,10,1.0,8090.221442,True,
LOCAL-v1-q4-origin_cluster-5019,4,candidate,11,524.4570360909091,0.025308166979812086,11,1.0,5769.027397,True,
LOCAL-v1-q4-origin_cluster-5020,4,candidate,16,155.596341625,0.02590320899616927,16,1.0,2489.541466,True,
LOCAL-v1-q4-origin_cluster-5021,4,candidate,14,584.6101752857143,0.02750620897859335,14,1.0,8184.542454,True,
LOCAL-v1-q4-origin_cluster-5022,4,candidate,14,774.1700098571429,0.029093374963849783,14,1.0,10838.380138,True,
LOCAL-v1-q4-origin_cluster-5023,4,candidate,15,383.43803706666665,0.029906375100836158,15,1.0,5751.570556,True,
LOCAL-v1-q4-origin_cluster-5024,4,candidate,13,431.83161823076927,0.027755458024330437,13,1.0,5613.811037,True,
LOCAL-v1-q4-origin_cluster-5025,4,candidate,12,682.9133445833332,0.029202792095020413,12,1.0,8194.960135,True,
LOCAL-v1-q4-origin_cluster-5026,4,candidate,15,347.83959366666664,0.03076491702813655,15,1.0,5217.593905,True,
LOCAL-v1-q4-origin_cluster-5027,4,candidate,11,512.7010364545454,0.023461583885364234,11,1.0,5639.711401,True,
LOCAL-v1-q4-origin_cluster-5028,4,candidate,10,576.8707197,0.021290374919772148,10,1.0,5768.707197,True,
LOCAL-v1-q4-origin_cluster-5029,4,candidate,11,623.104126909091,0.024735832936130464,11,1.0,6854.145396,True,
LOCAL-v1-q4-origin_cluster-5030,4,candidate,12,684.31421975,0.027360416017472744,12,1.0,8211.770637,True,
LOCAL-v1-q4-origin_cluster-5031,4,candidate,15,635.0722845333333,0.035659583983942866,15,1.0,9526.084268,True,
LOCAL-v1-q4-origin_cluster-5032,4,candidate,11,530.9062738181818,0.03214862500317395,11,1.0,5839.969012,True,
LOCAL-v1-q4-origin_cluster-5033,4,candidate,14,378.11123735714284,0.029705584049224854,14,1.0,5293.557323,True,
LOCAL-v1-q4-origin_cluster-5034,4,candidate,16,319.1179879375,0.030509875039570034,16,1.0,5105.887807,True,
LOCAL-v1-q4-origin_cluster-5035,4,candidate,10,753.9765734,0.02355958300177008,10,1.0,7539.765734,True,
LOCAL-v1-q4-origin_cluster-5036,4,candidate,15,495.0705368,0.029308749944902956,15,1.0,7426.058052,True,
LOCAL-v1-q4-origin_cluster-5037,4,candidate,15,537.3963145333333,0.030898541095666587,15,1.0,8060.944718,True,
LOCAL-v1-q4-origin_cluster-5038,4,candidate,16,159.85677075,0.02618299995083362,16,1.0,2557.708332,True,
LOCAL-v1-q4-origin_cluster-5039,4,candidate,10,731.7529222000001,0.020330458995886147,10,1.0,7317.529222,True,
LOCAL-v1-q4-origin_cluster-5040,4,candidate,15,427.71470386666664,0.029117291909642518,15,1.0,6415.720558,True,
LOCAL-v1-q4-origin_cluster-5041,4,candidate,15,465.9171895333333,0.031724292086437345,15,1.0,6988.757843,True,
LOCAL-v1-q4-origin_cluster-5042,4,candidate,11,544.3756323636363,0.023061832995153964,11,1.0,5988.131956,True,
LOCAL-v1-q4-origin_cluster-5043,4,candidate,12,620.1974225833334,0.027361375046893954,12,1.0,7442.369071,True,
LOCAL-v1-q4-origin_cluster-5044,4,candidate,11,735.5661562727273,0.028553583077155054,11,1.0,8091.227719,True,
LOCAL-v1-q4-origin_cluster-5045,4,candidate,11,509.15691945454546,0.0214359579840675,11,1.0,5600.726114,True,
LOCAL-v1-q4-origin_cluster-5046,4,candidate,10,622.1461371,0.02214483404532075,10,1.0,6221.461371,True,
LOCAL-v1-q4-origin_cluster-5047,4,candidate,16,144.642128125,0.02760550007224083,16,1.0,2314.27405,True,
LOCAL-v1-q4-origin_cluster-5048,4,candidate,12,482.1034446666667,0.024295207927934825,12,1.0,5785.241336,True,
LOCAL-v1-q4-origin_cluster-5049,4,candidate,10,770.3328018999999,0.022314750007353723,10,1.0,7703.328019,True,
LOCAL-v1-q4-origin_cluster-5050,4,candidate,15,402.87519153333335,0.029441624996252358,15,1.0,6043.127873,True,
LOCAL-v1-q4-origin_cluster-5051,4,candidate,11,642.8090476363636,0.023333583027124405,11,1.0,7070.899524,True,
LOCAL-v1-q4-origin_cluster-5052,4,candidate,13,457.3019177692307,0.026637167087756097,13,1.0,5944.924931,True,
LOCAL-v1-q4-origin_cluster-5053,4,candidate,16,138.711506125,0.02664558298420161,16,1.0,2219.384098,True,
LOCAL-v1-q4-origin_cluster-5054,4,candidate,16,194.7676759375,0.025842249975539744,16,1.0,3116.282815,True,
LOCAL-v1-q4-origin_cluster-5055,4,candidate,12,715.2074918333333,0.027655540965497494,12,1.0,8582.489902,True,
LOCAL-v1-q4-origin_cluster-5056,4,candidate,13,543.944922,0.0255475000012666,13,1.0,7071.283986,True,
LOCAL-v1-q4-origin_cluster-5057,4,candidate,13,489.05868515384617,0.02703587501309812,13,1.0,6357.762907,True,
LOCAL-v1-q4-origin_cluster-5058,4,candidate,14,454.32155414285717,0.03150691697373986,14,1.0,6360.501758,True,
LOCAL-v1-q4-origin_cluster-5059,4,candidate,12,467.0855406666667,0.02589745807927102,12,1.0,5605.026488,True,
LOCAL-v1-q4-origin_cluster-5060,4,candidate,11,788.0851503636363,0.023475041962228715,11,1.0,8668.936654,True,
LOCAL-v1-q4-origin_cluster-5061,4,candidate,13,692.5310214615384,0.02803691604640335,13,1.0,9002.903279,True,
LOCAL-v1-q4-origin_cluster-5062,4,candidate,16,267.054686375,0.027694000047631562,16,1.0,4272.874982,True,
LOCAL-v1-q4-origin_cluster-5063,4,candidate,15,380.4762376,0.030167624936439097,15,1.0,5707.143564,True,
LOCAL-v1-q4-origin_cluster-5064,4,candidate,13,437.3724846153846,0.023064790992066264,13,1.0,5685.8423,True,
LOCAL-v1-q4-origin_cluster-5065,4,candidate,12,680.8069376666666,0.027012708014808595,12,1.0,8169.683252,True,
LOCAL-v1-q4-origin_cluster-5066,4,candidate,10,572.7759139,0.020800124970264733,10,1.0,5727.759139,True,
LOCAL-v1-q4-origin_cluster-5067,4,candidate,16,437.1210341875,0.0288655839394778,16,1.0,6993.936547,True,
LOCAL-v1-q4-origin_cluster-5068,4,candidate,13,480.88765830769233,0.024634582921862602,13,1.0,6251.539558,True,
LOCAL-v1-q4-origin_cluster-5069,4,candidate,14,638.0680617142858,0.030608707922510803,14,1.0,8932.952864,True,
LOCAL-v1-q4-origin_cluster-5070,4,candidate,12,535.8987814166667,0.025200999923981726,12,1.0,6430.785377,True,
LOCAL-v1-q4-origin_cluster-5071,4,candidate,12,468.22222975,0.024578124983236194,12,1.0,5618.666757,True,
LOCAL-v1-q4-origin_cluster-5072,4,candidate,15,643.0935821333334,0.028361374977976084,15,1.0,9646.403732,True,
LOCAL-v1-q4-origin_cluster-5073,4,candidate,10,571.2565901,0.02296558301895857,10,1.0,5712.565901,True,
LOCAL-v1-q4-origin_cluster-5074,4,candidate,16,198.6088086875,0.02762029191944748,16,1.0,3177.740939,True,
LOCAL-v1-q4-origin_cluster-5075,4,candidate,15,420.6197568,0.02940366603434086,15,1.0,6309.296352,True,
LOCAL-v1-q4-origin_cluster-5076,4,candidate,12,589.7174638333333,0.02431129093747586,12,1.0,7076.609566,True,
LOCAL-v1-q4-origin_cluster-5077,4,candidate,14,385.4641047142857,0.026728917029686272,14,1.0,5396.497466,True,
LOCAL-v1-q4-origin_cluster-5078,4,candidate,13,448.462784,0.025688790949061513,13,1.0,5830.016192,True,
LOCAL-v1-q4-origin_cluster-5079,4,candidate,10,599.4837632,0.020884166937321424,10,1.0,5994.837632,True,
LOCAL-v1-q4-origin_cluster-5080,4,candidate,10,915.7676152,0.021068125031888485,10,1.0,9157.676152,True,
LOCAL-v1-q4-origin_cluster-5081,4,candidate,16,283.2926990625,0.02586762502323836,16,1.0,4532.683185,True,
LOCAL-v1-q4-origin_cluster-5082,4,candidate,13,550.7325256153846,0.026841290993615985,13,1.0,7159.522833,True,
LOCAL-v1-q4-origin_cluster-5083,4,candidate,13,428.0156213846154,0.023540541995316744,13,1.0,5564.203078,True,
LOCAL-v1-q4-origin_cluster-5084,4,candidate,14,603.583474857143,0.027847749995999038,14,1.0,8450.168648,True,
LOCAL-v1-q4-origin_cluster-5085,4,candidate,15,743.3556805333334,0.028962915996089578,15,1.0,11150.335208,True,
LOCAL-v1-q4-origin_cluster-5086,4,candidate,12,574.7301928333333,0.025925333029590547,12,1.0,6896.762314,True,
LOCAL-v1-q4-origin_cluster-5087,4,candidate,13,464.55630123076924,0.023974459036253393,13,1.0,6039.231916,True,
LOCAL-v1-q4-origin_cluster-5088,4,candidate,16,264.8981410625,0.04102924990002066,16,1.0,4238.370257,True,
LOCAL-v1-q4-origin_cluster-5089,4,candidate,15,457.34040319999997,0.028871874907054007,15,1.0,6860.106048,True,
LOCAL-v1-q4-origin_cluster-5090,4,candidate,14,426.7023596428571,0.01721520908176899,14,1.0,5973.833035,True,
LOCAL-v1-q4-origin_cluster-5091,4,candidate,12,526.6118488333333,0.027031708974391222,12,1.0,6319.342186,True,
LOCAL-v1-q4-origin_cluster-5092,4,candidate,11,518.7445021818182,0.023521333001554012,11,1.0,5706.189524,True,
LOCAL-v1-q4-origin_cluster-5093,4,candidate,15,461.250764,0.027200707932934165,15,1.0,6918.76146,True,
LOCAL-v1-q4-origin_cluster-5094,4,candidate,11,574.8254889090908,0.020529584027826786,11,1.0,6323.080378,True,
LOCAL-v1-q4-origin_cluster-5095,4,candidate,10,626.3100208,0.022828834014944732,10,1.0,6263.100208,True,
LOCAL-v1-q4-origin_cluster-5096,4,candidate,14,393.6083365,0.025911999982781708,14,1.0,5510.516711,True,
LOCAL-v1-q4-origin_cluster-5097,4,candidate,13,529.7850042307692,0.027703333995305002,13,1.0,6887.205055,True,
LOCAL-v1-q4-origin_cluster-5098,4,candidate,16,168.486084375,0.026372667052783072,16,1.0,2695.77735,True,
LOCAL-v1-q4-origin_cluster-5099,4,candidate,13,606.6362346923077,0.027273292071186006,13,1.0,7886.271051,True,
LOCAL-v1-q4-minimum_radius-5000,4,candidate,11,588.9205442727273,0.019346000044606626,11,1.0,6478.125987,True,
LOCAL-v1-q4-minimum_radius-5001,4,candidate,14,561.8386067142857,0.01926850003656,14,1.0,7865.740494,True,
LOCAL-v1-q4-minimum_radius-5002,4,candidate,15,559.1258689333333,0.015769624966196716,15,1.0,8386.888034,True,
LOCAL-v1-q4-minimum_radius-5003,4,candidate,11,623.9808050909091,0.01753958291374147,11,1.0,6863.788856,True,
LOCAL-v1-q4-minimum_radius-5004,4,candidate,12,578.0088651666666,0.018149125040508807,12,1.0,6936.106382,True,
LOCAL-v1-q4-minimum_radius-5005,4,candidate,11,581.2655291818181,0.017564000096172094,11,1.0,6393.920821,True,
LOCAL-v1-q4-minimum_radius-5006,4,candidate,11,626.6824013636364,0.01871883391868323,11,1.0,6893.506415,True,
LOCAL-v1-q4-minimum_radius-5007,4,candidate,11,615.8601933636363,0.01783254195470363,11,1.0,6774.462127,True,
LOCAL-v1-q4-minimum_radius-5008,4,candidate,10,770.4190052,0.015607542009092867,10,1.0,7704.190052,True,
LOCAL-v1-q4-minimum_radius-5009,4,candidate,14,500.02054335714286,0.017100750003010035,14,1.0,7000.287607,True,
LOCAL-v1-q4-minimum_radius-5010,4,candidate,12,592.2475801666667,0.01953829196281731,12,1.0,7106.970962,True,
LOCAL-v1-q4-minimum_radius-5011,4,candidate,15,456.1409092,0.020624500000849366,15,1.0,6842.113638,True,
LOCAL-v1-q4-minimum_radius-5012,4,candidate,10,690.5301869,0.014812874956987798,10,1.0,6905.301869,True,
LOCAL-v1-q4-minimum_radius-5013,4,candidate,12,591.05734425,0.015089208027347922,12,1.0,7092.688131,True,
LOCAL-v1-q4-minimum_radius-5014,4,candidate,11,641.6742276363636,0.016953084035776556,11,1.0,7058.416504,True,
LOCAL-v1-q4-minimum_radius-5015,4,candidate,12,651.2292495,0.018394917016848922,12,1.0,7814.750994,True,
LOCAL-v1-q4-minimum_radius-5016,4,candidate,16,469.660147375,0.021869624964892864,16,1.0,7514.562358,True,
LOCAL-v1-q4-minimum_radius-5017,4,candidate,15,649.0374037333333,0.016532625071704388,15,1.0,9735.561056,True,
LOCAL-v1-q4-minimum_radius-5018,4,candidate,10,834.4529294,0.016358125023543835,10,1.0,8344.529294,True,
LOCAL-v1-q4-minimum_radius-5019,4,candidate,11,620.8133237272727,0.017875166959129274,11,1.0,6828.946561,True,
LOCAL-v1-q4-minimum_radius-5020,4,candidate,16,413.3164583125,0.018581207958050072,16,1.0,6613.063333,True,
LOCAL-v1-q4-minimum_radius-5021,4,candidate,14,581.9643076428572,0.01609083404764533,14,1.0,8147.500307,True,
LOCAL-v1-q4-minimum_radius-5022,4,candidate,14,571.7434124285714,0.018630834063515067,14,1.0,8004.407774,True,
LOCAL-v1-q4-minimum_radius-5023,4,candidate,15,508.0517316666666,0.018366624950431287,15,1.0,7620.775975,True,
LOCAL-v1-q4-minimum_radius-5024,4,candidate,13,492.8400362307693,0.016656333929859102,13,1.0,6406.920471,True,
LOCAL-v1-q4-minimum_radius-5025,4,candidate,12,617.3645510833334,0.017339708050712943,12,1.0,7408.374613,True,
LOCAL-v1-q4-minimum_radius-5026,4,candidate,15,440.207095,0.01986679097171873,15,1.0,6603.106425,True,
LOCAL-v1-q4-minimum_radius-5027,4,candidate,11,595.3560105454545,0.021013209014199674,11,1.0,6548.916116,True,
LOCAL-v1-q4-minimum_radius-5028,4,candidate,10,682.4872035000001,0.015694000059738755,10,1.0,6824.872035,True,
LOCAL-v1-q4-minimum_radius-5029,4,candidate,11,643.8357241818181,0.020226167049258947,11,1.0,7082.192966,True,
LOCAL-v1-q4-minimum_radius-5030,4,candidate,12,732.5718409166667,0.02201320801395923,12,1.0,8790.862091,True,
LOCAL-v1-q4-minimum_radius-5031,4,candidate,15,549.3760040666667,0.019323332933709025,15,1.0,8240.640061,True,
LOCAL-v1-q4-minimum_radius-5032,4,candidate,11,578.2169144545455,0.018018500064499676,11,1.0,6360.386059,True,
LOCAL-v1-q4-minimum_radius-5033,4,candidate,14,447.49465828571425,0.019293124903924763,14,1.0,6264.925216,True,
LOCAL-v1-q4-minimum_radius-5034,4,candidate,16,504.2064359375,0.01891783403698355,16,1.0,8067.302975,True,
LOCAL-v1-q4-minimum_radius-5035,4,candidate,10,707.1427175,0.015344707993790507,10,1.0,7071.427175,True,
LOCAL-v1-q4-minimum_radius-5036,4,candidate,15,527.3243673333333,0.018683332949876785,15,1.0,7909.86551,True,
LOCAL-v1-q4-minimum_radius-5037,4,candidate,15,508.65194479999997,0.017442708951421082,15,1.0,7629.779172,True,
LOCAL-v1-q4-minimum_radius-5038,4,candidate,16,468.66701925,0.019644167041406035,16,1.0,7498.672308,True,
LOCAL-v1-q4-minimum_radius-5039,4,candidate,10,755.0445668,0.015340083045884967,10,1.0,7550.445668,True,
LOCAL-v1-q4-minimum_radius-5040,4,candidate,15,481.5069423333333,0.019197957939468324,15,1.0,7222.604135,True,
LOCAL-v1-q4-minimum_radius-5041,4,candidate,15,516.8568246,0.02098279190249741,15,1.0,7752.852369,True,
LOCAL-v1-q4-minimum_radius-5042,4,candidate,11,586.8793265454545,0.020416334038600326,11,1.0,6455.672592,True,
LOCAL-v1-q4-minimum_radius-5043,4,candidate,12,643.7210053333333,0.02241091604810208,12,1.0,7724.652064,True,
LOCAL-v1-q4-minimum_radius-5044,4,candidate,11,671.7711620909091,0.01725245895795524,11,1.0,7389.482783,True,
LOCAL-v1-q4-minimum_radius-5045,4,candidate,11,586.6104110909091,0.015075832954607904,11,1.0,6452.714522,True,
LOCAL-v1-q4-minimum_radius-5046,4,candidate,10,670.4793225000001,0.01790108298882842,10,1.0,6704.793225,True,
LOCAL-v1-q4-minimum_radius-5047,4,candidate,16,388.9166228125,0.02325991599354893,16,1.0,6222.665965,True,
LOCAL-v1-q4-minimum_radius-5048,4,candidate,12,548.0224330833333,0.015402166987769306,12,1.0,6576.269197,True,
LOCAL-v1-q4-minimum_radius-5049,4,candidate,10,742.4651659,0.018301916075870395,10,1.0,7424.651659,True,
LOCAL-v1-q4-minimum_radius-5050,4,candidate,15,456.8374707333333,0.01886204199399799,15,1.0,6852.562061,True,
LOCAL-v1-q4-minimum_radius-5051,4,candidate,11,669.3529374545454,0.01595041691325605,11,1.0,7362.882312,True,
LOCAL-v1-q4-minimum_radius-5052,4,candidate,13,475.19269346153845,0.020068958983756602,13,1.0,6177.505015,True,
LOCAL-v1-q4-minimum_radius-5053,4,candidate,16,418.7087885625,0.020073624909855425,16,1.0,6699.340617,True,
LOCAL-v1-q4-minimum_radius-5054,4,candidate,16,435.1176723125,0.02079087495803833,16,1.0,6961.882757,True,
LOCAL-v1-q4-minimum_radius-5055,4,candidate,12,698.0852314166667,0.01515700004529208,12,1.0,8377.022777,True,
LOCAL-v1-q4-minimum_radius-5056,4,candidate,13,552.086314,0.01737962500192225,13,1.0,7177.122082,True,
LOCAL-v1-q4-minimum_radius-5057,4,candidate,13,521.5093146923077,0.015845541027374566,13,1.0,6779.621091,True,
LOCAL-v1-q4-minimum_radius-5058,4,candidate,14,466.3128245714286,0.018057917011901736,14,1.0,6528.379544,True,
LOCAL-v1-q4-minimum_radius-5059,4,candidate,12,561.153467,0.01824079197831452,12,1.0,6733.841604,True,
LOCAL-v1-q4-minimum_radius-5060,4,candidate,11,652.6999416363636,0.017384083941578865,11,1.0,7179.699358,True,
LOCAL-v1-q4-minimum_radius-5061,4,candidate,13,564.5206671538461,0.01814266701694578,13,1.0,7338.768673,True,
LOCAL-v1-q4-minimum_radius-5062,4,candidate,16,627.930328,0.02249116695020348,16,1.0,10046.885248,True,
LOCAL-v1-q4-minimum_radius-5063,4,candidate,15,451.3404502,0.01962408295366913,15,1.0,6770.106753,True,
LOCAL-v1-q4-minimum_radius-5064,4,candidate,13,594.515437076923,0.019097583019174635,13,1.0,7728.700682,True,
LOCAL-v1-q4-minimum_radius-5065,4,candidate,12,601.8363318333334,0.016182375024072826,12,1.0,7222.035982,True,
LOCAL-v1-q4-minimum_radius-5066,4,candidate,10,674.7306048,0.016954999999143183,10,1.0,6747.306048,True,
LOCAL-v1-q4-minimum_radius-5067,4,candidate,16,616.0404439375,0.021510625025257468,16,1.0,9856.647103,True,
LOCAL-v1-q4-minimum_radius-5068,4,candidate,13,625.7816388461538,0.02211749996058643,13,1.0,8135.161305,True,
LOCAL-v1-q4-minimum_radius-5069,4,candidate,14,593.4584408571428,0.019673833972774446,14,1.0,8308.418172,True,
LOCAL-v1-q4-minimum_radius-5070,4,candidate,12,563.0857128333333,0.014676750055514276,12,1.0,6757.028554,True,
LOCAL-v1-q4-minimum_radius-5071,4,candidate,12,574.6936263333333,0.01946079102344811,12,1.0,6896.323516,True,
LOCAL-v1-q4-minimum_radius-5072,4,candidate,15,523.3596636666666,0.015086625004187226,15,1.0,7850.394955,True,
LOCAL-v1-q4-minimum_radius-5073,4,candidate,10,674.9713002000001,0.016315207933075726,10,1.0,6749.713002,True,
LOCAL-v1-q4-minimum_radius-5074,4,candidate,16,442.087597625,0.02238237496931106,16,1.0,7073.401562,True,
LOCAL-v1-q4-minimum_radius-5075,4,candidate,15,495.77136793333335,0.018716582912020385,15,1.0,7436.570519,True,
LOCAL-v1-q4-minimum_radius-5076,4,candidate,12,583.8674621666667,0.020874707959592342,12,1.0,7006.409546,True,
LOCAL-v1-q4-minimum_radius-5077,4,candidate,14,489.30827907142856,0.01765287492889911,14,1.0,6850.315907,True,
LOCAL-v1-q4-minimum_radius-5078,4,candidate,13,558.9220479230769,0.018816832918673754,13,1.0,7265.986623,True,
LOCAL-v1-q4-minimum_radius-5079,4,candidate,10,663.5051642999999,0.014827540959231555,10,1.0,6635.051643,True,
LOCAL-v1-q4-minimum_radius-5080,4,candidate,10,1000.0816879,0.017174790962599218,10,1.0,10000.816879,True,
LOCAL-v1-q4-minimum_radius-5081,4,candidate,16,474.739935125,0.019329165923409164,16,1.0,7595.838962,True,
LOCAL-v1-q4-minimum_radius-5082,4,candidate,13,582.1044205384616,0.01654291700106114,13,1.0,7567.357467,True,
LOCAL-v1-q4-minimum_radius-5083,4,candidate,13,524.8385772307693,0.021189291961491108,13,1.0,6822.901504,True,
LOCAL-v1-q4-minimum_radius-5084,4,candidate,14,491.7942415714286,0.019843584042973816,14,1.0,6885.119382,True,
LOCAL-v1-q4-minimum_radius-5085,4,candidate,15,478.6230184666667,0.01754245802294463,15,1.0,7179.345277,True,
LOCAL-v1-q4-minimum_radius-5086,4,candidate,12,689.23719075,0.02058400004170835,12,1.0,8270.846289,True,
LOCAL-v1-q4-minimum_radius-5087,4,candidate,13,604.9800140769231,0.01672758301720023,13,1.0,7864.740183,True,
LOCAL-v1-q4-minimum_radius-5088,4,candidate,16,452.5050585625,0.032806457951664925,16,1.0,7240.080937,True,
LOCAL-v1-q4-minimum_radius-5089,4,candidate,15,435.4137737333333,0.025963249965570867,15,1.0,6531.206606,True,
LOCAL-v1-q4-minimum_radius-5090,4,candidate,14,499.37691842857146,0.016631666920147836,14,1.0,6991.276858,True,
LOCAL-v1-q4-minimum_radius-5091,4,candidate,12,608.8420340833333,0.02039987500756979,12,1.0,7306.104409,True,
LOCAL-v1-q4-minimum_radius-5092,4,candidate,11,582.487563,0.019510707934387028,11,1.0,6407.363193,True,
LOCAL-v1-q4-minimum_radius-5093,4,candidate,15,600.8487167333333,0.01598820905201137,15,1.0,9012.730751,True,
LOCAL-v1-q4-minimum_radius-5094,4,candidate,11,735.7504886363636,0.0155510000186041,11,1.0,8093.255375,True,
LOCAL-v1-q4-minimum_radius-5095,4,candidate,10,702.1892912999999,0.015906124957837164,10,1.0,7021.892913,True,
LOCAL-v1-q4-minimum_radius-5096,4,candidate,14,460.2533120714285,0.020654625026509166,14,1.0,6443.546369,True,
LOCAL-v1-q4-minimum_radius-5097,4,candidate,13,542.5832996923077,0.02116620889864862,13,1.0,7053.582896,True,
LOCAL-v1-q4-minimum_radius-5098,4,candidate,16,424.541307875,0.018746624933555722,16,1.0,6792.660926,True,
LOCAL-v1-q4-minimum_radius-5099,4,candidate,13,632.7626849999999,0.017317957943305373,13,1.0,8225.914905,True,
LOCAL-v1-q4-exactly10_sources-5000,4,candidate,10,670.9642182,0.01850545802153647,10,1.0,6709.642182,True,
LOCAL-v1-q4-exactly10_sources-5001,4,candidate,10,890.4344702000001,0.015033042058348656,10,1.0,8904.344702,True,
LOCAL-v1-q4-exactly10_sources-5002,4,candidate,10,672.9118445,0.02082883403636515,10,1.0,6729.118445,True,
LOCAL-v1-q4-exactly10_sources-5003,4,candidate,10,649.775302,0.017517667030915618,10,1.0,6497.75302,True,
LOCAL-v1-q4-exactly10_sources-5004,4,candidate,10,633.3215532,0.017686666920781136,10,1.0,6333.215532,True,
LOCAL-v1-q4-exactly10_sources-5005,4,candidate,10,635.515437,0.016865957994014025,10,1.0,6355.15437,True,
LOCAL-v1-q4-exactly10_sources-5006,4,candidate,10,708.3215167999999,0.019294583005830646,10,1.0,7083.215168,True,
LOCAL-v1-q4-exactly10_sources-5007,4,candidate,10,647.8124123,0.01721204095520079,10,1.0,6478.124123,True,
LOCAL-v1-q4-exactly10_sources-5008,4,candidate,10,674.1590170000001,0.01954929204657674,10,1.0,6741.59017,True,
LOCAL-v1-q4-exactly10_sources-5009,4,candidate,10,645.7850541,0.015611040988005698,10,1.0,6457.850541,True,
LOCAL-v1-q4-exactly10_sources-5010,4,candidate,10,834.4195149999999,0.020200666971504688,10,1.0,8344.19515,True,
LOCAL-v1-q4-exactly10_sources-5011,4,candidate,10,673.9236041,0.01582274993415922,10,1.0,6739.236041,True,
LOCAL-v1-q4-exactly10_sources-5012,4,candidate,10,862.5016374,0.01407395803835243,10,1.0,8625.016374,True,
LOCAL-v1-q4-exactly10_sources-5013,4,candidate,10,720.7810403999999,0.014528832980431616,10,1.0,7207.810404,True,
LOCAL-v1-q4-exactly10_sources-5014,4,candidate,10,696.7589989,0.01598433405160904,10,1.0,6967.589989,True,
LOCAL-v1-q4-exactly10_sources-5015,4,candidate,10,703.1474332,0.02178537508007139,10,1.0,7031.474332,True,
LOCAL-v1-q4-exactly10_sources-5016,4,candidate,10,748.326422,0.011763875023461878,10,1.0,7483.26422,True,
LOCAL-v1-q4-exactly10_sources-5017,4,candidate,10,638.4694158,0.017506124917417765,10,1.0,6384.694158,True,
LOCAL-v1-q4-exactly10_sources-5018,4,candidate,10,635.1890323,0.01698254095390439,10,1.0,6351.890323,True,
LOCAL-v1-q4-exactly10_sources-5019,4,candidate,10,687.9057064,0.01552099990658462,10,1.0,6879.057064,True,
LOCAL-v1-q4-exactly10_sources-5020,4,candidate,10,786.9940991999999,0.013994500041007996,10,1.0,7869.940992,True,
LOCAL-v1-q4-exactly10_sources-5021,4,candidate,10,739.1687973,0.015036750002764165,10,1.0,7391.687973,True,
LOCAL-v1-q4-exactly10_sources-5022,4,candidate,10,611.4382326,0.01592545793391764,10,1.0,6114.382326,True,
LOCAL-v1-q4-exactly10_sources-5023,4,candidate,10,637.2180930000001,0.014415666926652193,10,1.0,6372.18093,True,
LOCAL-v1-q4-exactly10_sources-5024,4,candidate,10,651.5874606,0.016517459065653384,10,1.0,6515.874606,True,
LOCAL-v1-q4-exactly10_sources-5025,4,candidate,10,646.5964822,0.03559341700747609,10,1.0,6465.964822,True,
LOCAL-v1-q4-exactly10_sources-5026,4,candidate,10,789.5751170999999,0.016883499920368195,10,1.0,7895.751171,True,
LOCAL-v1-q4-exactly10_sources-5027,4,candidate,10,621.0897477999999,0.019092208007350564,10,1.0,6210.897478,True,
LOCAL-v1-q4-exactly10_sources-5028,4,candidate,10,682.2730553,0.0181232918985188,10,1.0,6822.730553,True,
LOCAL-v1-q4-exactly10_sources-5029,4,candidate,10,777.564603,0.015429374994710088,10,1.0,7775.64603,True,
LOCAL-v1-q4-exactly10_sources-5030,4,candidate,10,699.8944697,0.01977633300703019,10,1.0,6998.944697,True,
LOCAL-v1-q4-exactly10_sources-5031,4,candidate,10,670.7540905,0.019129374995827675,10,1.0,6707.540905,True,
LOCAL-v1-q4-exactly10_sources-5032,4,candidate,10,777.1413423,0.018867250066250563,10,1.0,7771.413423,True,
LOCAL-v1-q4-exactly10_sources-5033,4,candidate,10,661.6784028,0.01932466693688184,10,1.0,6616.784028,True,
LOCAL-v1-q4-exactly10_sources-5034,4,candidate,10,710.7570825,0.014969208976253867,10,1.0,7107.570825,True,
LOCAL-v1-q4-exactly10_sources-5035,4,candidate,10,741.3797736,0.016837541945278645,10,1.0,7413.797736,True,
LOCAL-v1-q4-exactly10_sources-5036,4,candidate,10,670.6954969999999,0.020007416955195367,10,1.0,6706.95497,True,
LOCAL-v1-q4-exactly10_sources-5037,4,candidate,10,616.9190725999999,0.01760683406610042,10,1.0,6169.190726,True,
LOCAL-v1-q4-exactly10_sources-5038,4,candidate,10,710.409496,0.015467124991118908,10,1.0,7104.09496,True,
LOCAL-v1-q4-exactly10_sources-5039,4,candidate,10,616.7752902,0.016970083001069725,10,1.0,6167.752902,True,
LOCAL-v1-q4-exactly10_sources-5040,4,candidate,10,628.8123042,0.01907008304260671,10,1.0,6288.123042,True,
LOCAL-v1-q4-exactly10_sources-5041,4,candidate,10,655.9388197999999,0.0197123329853639,10,1.0,6559.388198,True,
LOCAL-v1-q4-exactly10_sources-5042,4,candidate,10,615.3909402,0.017101541976444423,10,1.0,6153.909402,True,
LOCAL-v1-q4-exactly10_sources-5043,4,candidate,10,718.273894,0.01653683395124972,10,1.0,7182.73894,True,
LOCAL-v1-q4-exactly10_sources-5044,4,candidate,10,606.3690068,0.019792667008005083,10,1.0,6063.690068,True,
LOCAL-v1-q4-exactly10_sources-5045,4,candidate,10,773.5820062,0.01833125005941838,10,1.0,7735.820062,True,
LOCAL-v1-q4-exactly10_sources-5046,4,candidate,10,736.9658342,0.025813665939494967,10,1.0,7369.658342,True,
LOCAL-v1-q4-exactly10_sources-5047,4,candidate,10,625.3464683,0.01723912509623915,10,1.0,6253.464683,True,
LOCAL-v1-q4-exactly10_sources-5048,4,candidate,10,655.892833,0.018094667000696063,10,1.0,6558.92833,True,
LOCAL-v1-q4-exactly10_sources-5049,4,candidate,10,696.1448746,0.01702349993865937,10,1.0,6961.448746,True,
LOCAL-v1-q4-exactly10_sources-5050,4,candidate,10,657.1600848,0.02134099998511374,10,1.0,6571.600848,True,
LOCAL-v1-q4-exactly10_sources-5051,4,candidate,10,899.6557145999999,0.016578250098973513,10,1.0,8996.557146,True,
LOCAL-v1-q4-exactly10_sources-5052,4,candidate,10,640.76809,0.018097124993801117,10,1.0,6407.6809,True,
LOCAL-v1-q4-exactly10_sources-5053,4,candidate,10,603.6473527,0.01717754197306931,10,1.0,6036.473527,True,
LOCAL-v1-q4-exactly10_sources-5054,4,candidate,10,686.200418,0.016362500027753413,10,1.0,6862.00418,True,
LOCAL-v1-q4-exactly10_sources-5055,4,candidate,10,640.6246960000001,0.01836870808620006,10,1.0,6406.24696,True,
LOCAL-v1-q4-exactly10_sources-5056,4,candidate,10,627.3460987000001,0.018804957973770797,10,1.0,6273.460987,True,
LOCAL-v1-q4-exactly10_sources-5057,4,candidate,10,615.4105529999999,0.01895870896987617,10,1.0,6154.10553,True,
LOCAL-v1-q4-exactly10_sources-5058,4,candidate,10,667.3271034,0.01870058407075703,10,1.0,6673.271034,True,
LOCAL-v1-q4-exactly10_sources-5059,4,candidate,10,648.317639,0.01861633302178234,10,1.0,6483.17639,True,
LOCAL-v1-q4-exactly10_sources-5060,4,candidate,10,647.2637369,0.018080207984894514,10,1.0,6472.637369,True,
LOCAL-v1-q4-exactly10_sources-5061,4,candidate,10,624.3767519,0.02045354200527072,10,1.0,6243.767519,True,
LOCAL-v1-q4-exactly10_sources-5062,4,candidate,10,863.4124999,0.016697707935236394,10,1.0,8634.124999,True,
LOCAL-v1-q4-exactly10_sources-5063,4,candidate,10,667.1349623,0.018110916949808598,10,1.0,6671.349623,True,
LOCAL-v1-q4-exactly10_sources-5064,4,candidate,10,636.6909579000001,0.019804665935225785,10,1.0,6366.909579,True,
LOCAL-v1-q4-exactly10_sources-5065,4,candidate,10,640.1373050999999,0.019940458005294204,10,1.0,6401.373051,True,
LOCAL-v1-q4-exactly10_sources-5066,4,candidate,10,601.0374542,0.020592082990333438,10,1.0,6010.374542,True,
LOCAL-v1-q4-exactly10_sources-5067,4,candidate,10,701.0602334,0.01709441700950265,10,1.0,7010.602334,True,
LOCAL-v1-q4-exactly10_sources-5068,4,candidate,10,786.7570144,0.020220415899530053,10,1.0,7867.570144,True,
LOCAL-v1-q4-exactly10_sources-5069,4,candidate,10,637.1443679,0.015786916948854923,10,1.0,6371.443679,True,
LOCAL-v1-q4-exactly10_sources-5070,4,candidate,10,727.434217,0.021784791024401784,10,1.0,7274.34217,True,
LOCAL-v1-q4-exactly10_sources-5071,4,candidate,10,755.1061311999999,0.01963624998461455,10,1.0,7551.061312,True,
LOCAL-v1-q4-exactly10_sources-5072,4,candidate,10,673.5434917,0.015930542023852468,10,1.0,6735.434917,True,
LOCAL-v1-q4-exactly10_sources-5073,4,candidate,10,611.2455779,0.019091000081971288,10,1.0,6112.455779,True,
LOCAL-v1-q4-exactly10_sources-5074,4,candidate,10,605.4767409,0.015231542056426406,10,1.0,6054.767409,True,
LOCAL-v1-q4-exactly10_sources-5075,4,candidate,10,778.7109032000001,0.015215500025078654,10,1.0,7787.109032,True,
LOCAL-v1-q4-exactly10_sources-5076,4,candidate,10,668.3675433000001,0.01720999996177852,10,1.0,6683.675433,True,
LOCAL-v1-q4-exactly10_sources-5077,4,candidate,10,644.1779978,0.017603041953407228,10,1.0,6441.779978,True,
LOCAL-v1-q4-exactly10_sources-5078,4,candidate,10,732.2097952,0.01582745905034244,10,1.0,7322.097952,True,
LOCAL-v1-q4-exactly10_sources-5079,4,candidate,10,795.3227893999999,0.015830500051379204,10,1.0,7953.227894,True,
LOCAL-v1-q4-exactly10_sources-5080,4,candidate,10,977.846236,0.01875687506981194,10,1.0,9778.46236,True,
LOCAL-v1-q4-exactly10_sources-5081,4,candidate,10,734.8937971,0.01767316705081612,10,1.0,7348.937971,True,
LOCAL-v1-q4-exactly10_sources-5082,4,candidate,10,662.2358909,0.016092083998955786,10,1.0,6622.358909,True,
LOCAL-v1-q4-exactly10_sources-5083,4,candidate,10,759.9598566,0.018744958098977804,10,1.0,7599.598566,True,
LOCAL-v1-q4-exactly10_sources-5084,4,candidate,10,662.1307993,0.01796141592785716,10,1.0,6621.307993,True,
LOCAL-v1-q4-exactly10_sources-5085,4,candidate,10,604.5584148,0.019682500045746565,10,1.0,6045.584148,True,
LOCAL-v1-q4-exactly10_sources-5086,4,candidate,10,786.8001675,0.016706624999642372,10,1.0,7868.001675,True,
LOCAL-v1-q4-exactly10_sources-5087,4,candidate,10,681.4712830000001,0.015656291972845793,10,1.0,6814.71283,True,
LOCAL-v1-q4-exactly10_sources-5088,4,candidate,10,722.309991,0.018376167048700154,10,1.0,7223.09991,True,
LOCAL-v1-q4-exactly10_sources-5089,4,candidate,10,664.9716064,0.014777667005546391,10,1.0,6649.716064,True,
LOCAL-v1-q4-exactly10_sources-5090,4,candidate,10,863.6816054999999,0.015402999939396977,10,1.0,8636.816055,True,
LOCAL-v1-q4-exactly10_sources-5091,4,candidate,10,600.8882206000001,0.01638854097109288,10,1.0,6008.882206,True,
LOCAL-v1-q4-exactly10_sources-5092,4,candidate,10,720.4875096,0.020682791946455836,10,1.0,7204.875096,True,
LOCAL-v1-q4-exactly10_sources-5093,4,candidate,10,644.1266665,0.014350041979923844,10,1.0,6441.266665,True,
LOCAL-v1-q4-exactly10_sources-5094,4,candidate,10,767.9574866,0.018657708074897528,10,1.0,7679.574866,True,
LOCAL-v1-q4-exactly10_sources-5095,4,candidate,10,654.4309457,0.019551708013750613,10,1.0,6544.309457,True,
LOCAL-v1-q4-exactly10_sources-5096,4,candidate,10,632.84925,0.01689758396241814,10,1.0,6328.4925,True,
LOCAL-v1-q4-exactly10_sources-5097,4,candidate,10,725.1548012999999,0.01788166700862348,10,1.0,7251.548013,True,
LOCAL-v1-q4-exactly10_sources-5098,4,candidate,10,649.3629953,0.01652237493544817,10,1.0,6493.629953,True,
LOCAL-v1-q4-exactly10_sources-5099,4,candidate,10,776.8841093,0.01906508405227214,10,1.0,7768.841093,True,
LOCAL-v1-q4-exactly16_sources-5000,4,candidate,16,378.9411278125,0.021163375000469387,16,1.0,6063.058045,True,
LOCAL-v1-q4-exactly16_sources-5001,4,candidate,16,519.3274266875,0.02085800003260374,16,1.0,8309.238827,True,
LOCAL-v1-q4-exactly16_sources-5002,4,candidate,16,365.17690025,0.019083125051110983,16,1.0,5842.830404,True,
LOCAL-v1-q4-exactly16_sources-5003,4,candidate,16,402.525651625,0.02493508404586464,16,1.0,6440.410426,True,
LOCAL-v1-q4-exactly16_sources-5004,4,candidate,16,349.452040125,0.023482915945351124,16,1.0,5591.232642,True,
LOCAL-v1-q4-exactly16_sources-5005,4,candidate,16,389.5975059375,0.02381808392237872,16,1.0,6233.560095,True,
LOCAL-v1-q4-exactly16_sources-5006,4,candidate,16,426.27234875,0.01951033400837332,16,1.0,6820.35758,True,
LOCAL-v1-q4-exactly16_sources-5007,4,candidate,16,396.224628875,0.025436374940909445,16,1.0,6339.594062,True,
LOCAL-v1-q4-exactly16_sources-5008,4,candidate,16,404.0764670625,0.022905166959390044,16,1.0,6465.223473,True,
LOCAL-v1-q4-exactly16_sources-5009,4,candidate,16,577.5403498125,0.018358333967626095,16,1.0,9240.645597,True,
LOCAL-v1-q4-exactly16_sources-5010,4,candidate,16,483.42020625,0.023131375084631145,16,1.0,7734.7233,True,
LOCAL-v1-q4-exactly16_sources-5011,4,candidate,16,465.375571,0.018281834083609283,16,1.0,7446.009136,True,
LOCAL-v1-q4-exactly16_sources-5012,4,candidate,16,400.7629186875,0.0206377919530496,16,1.0,6412.206699,True,
LOCAL-v1-q4-exactly16_sources-5013,4,candidate,16,463.8217856875,0.021621499909088016,16,1.0,7421.148571,True,
LOCAL-v1-q4-exactly16_sources-5014,4,candidate,16,392.636063375,0.018756457953713834,16,1.0,6282.177014,True,
LOCAL-v1-q4-exactly16_sources-5015,4,candidate,16,432.5334205,0.0212400839664042,16,1.0,6920.534728,True,
LOCAL-v1-q4-exactly16_sources-5016,4,candidate,16,396.7566794375,0.020332167041487992,16,1.0,6348.106871,True,
LOCAL-v1-q4-exactly16_sources-5017,4,candidate,16,367.0977229375,0.01843462500255555,16,1.0,5873.563567,True,
LOCAL-v1-q4-exactly16_sources-5018,4,candidate,16,343.980505,0.024521916988305748,16,1.0,5503.68808,True,
LOCAL-v1-q4-exactly16_sources-5019,4,candidate,16,402.7002454375,0.023292249999940395,16,1.0,6443.203927,True,
LOCAL-v1-q4-exactly16_sources-5020,4,candidate,16,439.6662418125,0.0178344160085544,16,1.0,7034.659869,True,
LOCAL-v1-q4-exactly16_sources-5021,4,candidate,16,559.557087125,0.019530083052814007,16,1.0,8952.913394,True,
LOCAL-v1-q4-exactly16_sources-5022,4,candidate,16,404.137123375,0.019385957974009216,16,1.0,6466.193974,True,
LOCAL-v1-q4-exactly16_sources-5023,4,candidate,16,337.384546875,0.023018082953058183,16,1.0,5398.15275,True,
LOCAL-v1-q4-exactly16_sources-5024,4,candidate,16,434.1199768125,0.01883554202504456,16,1.0,6945.919629,True,
LOCAL-v1-q4-exactly16_sources-5025,4,candidate,16,411.7341004375,0.0227641660021618,16,1.0,6587.745607,True,
LOCAL-v1-q4-exactly16_sources-5026,4,candidate,16,440.64087875,0.018979249987751245,16,1.0,7050.25406,True,
LOCAL-v1-q4-exactly16_sources-5027,4,candidate,16,400.656414875,0.03278637502808124,16,1.0,6410.502638,True,
LOCAL-v1-q4-exactly16_sources-5028,4,candidate,16,428.5050085,0.023748041945509613,16,1.0,6856.080136,True,
LOCAL-v1-q4-exactly16_sources-5029,4,candidate,16,469.5937659375,0.01714025007095188,16,1.0,7513.500255,True,
LOCAL-v1-q4-exactly16_sources-5030,4,candidate,16,478.7372565,0.02321041701361537,16,1.0,7659.796104,True,
LOCAL-v1-q4-exactly16_sources-5031,4,candidate,16,441.5230283125,0.022607750026509166,16,1.0,7064.368453,True,
LOCAL-v1-q4-exactly16_sources-5032,4,candidate,16,403.716268875,0.017253334051929414,16,1.0,6459.460302,True,
LOCAL-v1-q4-exactly16_sources-5033,4,candidate,16,514.401482375,0.021275999955832958,16,1.0,8230.423718,True,
LOCAL-v1-q4-exactly16_sources-5034,4,candidate,16,476.233700625,0.020718166953884065,16,1.0,7619.73921,True,
LOCAL-v1-q4-exactly16_sources-5035,4,candidate,16,462.0032095625,0.022775165969505906,16,1.0,7392.051353,True,
LOCAL-v1-q4-exactly16_sources-5036,4,candidate,16,396.0654275,0.02154854207765311,16,1.0,6337.04684,True,
LOCAL-v1-q4-exactly16_sources-5037,4,candidate,16,369.9333315,0.023353417054750025,16,1.0,5918.933304,True,
LOCAL-v1-q4-exactly16_sources-5038,4,candidate,16,356.1328046875,0.020274083013646305,16,1.0,5698.124875,True,
LOCAL-v1-q4-exactly16_sources-5039,4,candidate,16,438.943930875,0.021392625058069825,16,1.0,7023.102894,True,
LOCAL-v1-q4-exactly16_sources-5040,4,candidate,16,380.054202875,0.01748450007289648,16,1.0,6080.867246,True,
LOCAL-v1-q4-exactly16_sources-5041,4,candidate,16,652.4220393125,0.02333520899992436,16,1.0,10438.752629,True,
LOCAL-v1-q4-exactly16_sources-5042,4,candidate,16,387.671190125,0.023711209069006145,16,1.0,6202.739042,True,
LOCAL-v1-q4-exactly16_sources-5043,4,candidate,16,529.999371875,0.019906125031411648,16,1.0,8479.98995,True,
LOCAL-v1-q4-exactly16_sources-5044,4,candidate,16,365.9275406875,0.020952458027750254,16,1.0,5854.840651,True,
LOCAL-v1-q4-exactly16_sources-5045,4,candidate,16,404.9099745,0.02195195807144046,16,1.0,6478.559592,True,
LOCAL-v1-q4-exactly16_sources-5046,4,candidate,16,347.2088501875,0.023737624986097217,16,1.0,5555.341603,True,
LOCAL-v1-q4-exactly16_sources-5047,4,candidate,16,373.80191925,0.024031957960687578,16,1.0,5980.830708,True,
LOCAL-v1-q4-exactly16_sources-5048,4,candidate,16,396.36415075,0.018643500050529838,16,1.0,6341.826412,True,
LOCAL-v1-q4-exactly16_sources-5049,4,candidate,16,623.760325375,0.018082084017805755,16,1.0,9980.165206,True,
LOCAL-v1-q4-exactly16_sources-5050,4,candidate,16,428.954586875,0.017747666919603944,16,1.0,6863.27339,True,
LOCAL-v1-q4-exactly16_sources-5051,4,candidate,16,390.1346720625,0.017476750072091818,16,1.0,6242.154753,True,
LOCAL-v1-q4-exactly16_sources-5052,4,candidate,16,428.984941125,0.022570500033907592,16,1.0,6863.759058,True,
LOCAL-v1-q4-exactly16_sources-5053,4,candidate,16,395.4659868125,0.021323916967958212,16,1.0,6327.455789,True,
LOCAL-v1-q4-exactly16_sources-5054,4,candidate,16,396.6441321875,0.022054333006963134,16,1.0,6346.306115,True,
LOCAL-v1-q4-exactly16_sources-5055,4,candidate,16,372.7809921875,0.02107374998740852,16,1.0,5964.495875,True,
LOCAL-v1-q4-exactly16_sources-5056,4,candidate,16,505.0171175,0.02008658298291266,16,1.0,8080.27388,True,
LOCAL-v1-q4-exactly16_sources-5057,4,candidate,16,410.1595493125,0.020961666014045477,16,1.0,6562.552789,True,
LOCAL-v1-q4-exactly16_sources-5058,4,candidate,16,424.2944019375,0.019538416992872953,16,1.0,6788.710431,True,
LOCAL-v1-q4-exactly16_sources-5059,4,candidate,16,334.3630055625,0.019754207925871015,16,1.0,5349.808089,True,
LOCAL-v1-q4-exactly16_sources-5060,4,candidate,16,428.14817,0.017985999933443964,16,1.0,6850.37072,True,
LOCAL-v1-q4-exactly16_sources-5061,4,candidate,16,421.714753625,0.01751554198563099,16,1.0,6747.436058,True,
LOCAL-v1-q4-exactly16_sources-5062,4,candidate,16,616.3533165,0.023090166971087456,16,1.0,9861.653064,True,
LOCAL-v1-q4-exactly16_sources-5063,4,candidate,16,527.664808625,0.022565791965462267,16,1.0,8442.636938,True,
LOCAL-v1-q4-exactly16_sources-5064,4,candidate,16,463.75492125,0.016907042008824646,16,1.0,7420.07874,True,
LOCAL-v1-q4-exactly16_sources-5065,4,candidate,16,407.7961679375,0.02092212508432567,16,1.0,6524.738687,True,
LOCAL-v1-q4-exactly16_sources-5066,4,candidate,16,437.2154469375,0.019440040923655033,16,1.0,6995.447151,True,
LOCAL-v1-q4-exactly16_sources-5067,4,candidate,16,422.972247875,0.024047125014476478,16,1.0,6767.555966,True,
LOCAL-v1-q4-exactly16_sources-5068,4,candidate,16,419.932950875,0.018735541962087154,16,1.0,6718.927214,True,
LOCAL-v1-q4-exactly16_sources-5069,4,candidate,16,498.2534974375,0.025540333008393645,16,1.0,7972.055959,True,
LOCAL-v1-q4-exactly16_sources-5070,4,candidate,16,510.6034666875,0.023066709050908685,16,1.0,8169.655467,True,
LOCAL-v1-q4-exactly16_sources-5071,4,candidate,16,386.5683869375,0.02041679190006107,16,1.0,6185.094191,True,
LOCAL-v1-q4-exactly16_sources-5072,4,candidate,16,372.2200208125,0.021793915890157223,16,1.0,5955.520333,True,
LOCAL-v1-q4-exactly16_sources-5073,4,candidate,16,401.664258125,0.021766750025562942,16,1.0,6426.62813,True,
LOCAL-v1-q4-exactly16_sources-5074,4,candidate,16,407.6596515625,0.022487082984298468,16,1.0,6522.554425,True,
LOCAL-v1-q4-exactly16_sources-5075,4,candidate,16,377.2766624375,0.023903624969534576,16,1.0,6036.426599,True,
LOCAL-v1-q4-exactly16_sources-5076,4,candidate,16,383.773717375,0.0239144170191139,16,1.0,6140.379478,True,
LOCAL-v1-q4-exactly16_sources-5077,4,candidate,16,442.3263661875,0.01785050006583333,16,1.0,7077.221859,True,
LOCAL-v1-q4-exactly16_sources-5078,4,candidate,16,441.8769075,0.019791125087067485,16,1.0,7070.03052,True,
LOCAL-v1-q4-exactly16_sources-5079,4,candidate,16,451.2583023125,0.019380500074476004,16,1.0,7220.132837,True,
LOCAL-v1-q4-exactly16_sources-5080,4,candidate,16,415.8167678125,0.019708790932781994,16,1.0,6653.068285,True,
LOCAL-v1-q4-exactly16_sources-5081,4,candidate,16,431.3025196875,0.02100454200990498,16,1.0,6900.840315,True,
LOCAL-v1-q4-exactly16_sources-5082,4,candidate,16,417.74253975,0.01737841696012765,16,1.0,6683.880636,True,
LOCAL-v1-q4-exactly16_sources-5083,4,candidate,16,417.57054225,0.02283616701606661,16,1.0,6681.128676,True,
LOCAL-v1-q4-exactly16_sources-5084,4,candidate,16,513.073906875,0.018834666931070387,16,1.0,8209.18251,True,
LOCAL-v1-q4-exactly16_sources-5085,4,candidate,16,339.7428545625,0.022391041973605752,16,1.0,5435.885673,True,
LOCAL-v1-q4-exactly16_sources-5086,4,candidate,16,378.481960375,0.01984512503258884,16,1.0,6055.711366,True,
LOCAL-v1-q4-exactly16_sources-5087,4,candidate,16,374.693261375,0.021750667016021907,16,1.0,5995.092182,True,
LOCAL-v1-q4-exactly16_sources-5088,4,candidate,16,486.216497125,0.023040208965539932,16,1.0,7779.463954,True,
LOCAL-v1-q4-exactly16_sources-5089,4,candidate,16,439.0505481875,0.018091124948114157,16,1.0,7024.808771,True,
LOCAL-v1-q4-exactly16_sources-5090,4,candidate,16,492.2928994375,0.018346834112890065,16,1.0,7876.686391,True,
LOCAL-v1-q4-exactly16_sources-5091,4,candidate,16,481.4213491875,0.023071249946951866,16,1.0,7702.741587,True,
LOCAL-v1-q4-exactly16_sources-5092,4,candidate,16,424.2220390625,0.017819583998061717,16,1.0,6787.552625,True,
LOCAL-v1-q4-exactly16_sources-5093,4,candidate,16,406.876849625,0.02276558300945908,16,1.0,6510.029594,True,
LOCAL-v1-q4-exactly16_sources-5094,4,candidate,16,434.29165025,0.022943333024159074,16,1.0,6948.666404,True,
LOCAL-v1-q4-exactly16_sources-5095,4,candidate,16,371.706108625,0.022835916024632752,16,1.0,5947.297738,True,
LOCAL-v1-q4-exactly16_sources-5096,4,candidate,16,444.506443,0.019927124958485365,16,1.0,7112.103088,True,
LOCAL-v1-q4-exactly16_sources-5097,4,candidate,16,446.4773245,0.02158341696485877,16,1.0,7143.637192,True,
LOCAL-v1-q4-exactly16_sources-5098,4,candidate,16,405.036771875,0.019608791917562485,16,1.0,6480.58835,True,
LOCAL-v1-q4-exactly16_sources-5099,4,candidate,16,398.40481875,0.02309358399361372,16,1.0,6374.4771,True,
