case_id,mode,variant,cleared_count,average_clear_time_s,program_runtime_s,source_count,cleared_fraction,total_virtual_time_s,complete,error
LOCAL-v1-q3-reference_assumed-5000,3,frozen_baseline,11,307.7000336363636,0.001373999984934926,11,1.0,3384.70037,True,
LOCAL-v1-q3-reference_assumed-5001,3,frozen_baseline,14,249.85846742857143,0.0013100419891998172,14,1.0,3498.018544,True,
LOCAL-v1-q3-reference_assumed-5002,3,frozen_baseline,15,253.39230793333334,0.0015160420443862677,15,1.0,3800.884619,True,
LOCAL-v1-q3-reference_assumed-5003,3,frozen_baseline,11,316.6374900909091,0.001049291924573481,11,1.0,3483.012391,True,
LOCAL-v1-q3-reference_assumed-5004,3,frozen_baseline,12,330.2754581666667,0.001227749977260828,12,1.0,3963.305498,True,
LOCAL-v1-q3-reference_assumed-5005,3,frozen_baseline,11,331.79895700000003,0.001275458955205977,11,1.0,3649.788527,True,
LOCAL-v1-q3-reference_assumed-5006,3,frozen_baseline,11,345.50831145454544,0.0012062500463798642,11,1.0,3800.591426,True,
LOCAL-v1-q3-reference_assumed-5007,3,frozen_baseline,11,348.8436629090909,0.0010416250443086028,11,1.0,3837.280292,True,
LOCAL-v1-q3-reference_assumed-5008,3,frozen_baseline,10,333.7374116,0.0010111669544130564,10,1.0,3337.374116,True,
LOCAL-v1-q3-reference_assumed-5009,3,frozen_baseline,14,283.641857,0.0013293750816956162,14,1.0,3970.985998,True,
LOCAL-v1-q3-reference_assumed-5010,3,frozen_baseline,12,330.59807574999996,0.0010935829486697912,12,1.0,3967.176909,True,
LOCAL-v1-q3-reference_assumed-5011,3,frozen_baseline,15,284.54865806666663,0.0015038750134408474,15,1.0,4268.229871,True,
LOCAL-v1-q3-reference_assumed-5012,3,frozen_baseline,10,355.2931689,0.0009929999941959977,10,1.0,3552.931689,True,
LOCAL-v1-q3-reference_assumed-5013,3,frozen_baseline,12,294.3771953333333,0.001292250002734363,12,1.0,3532.526344,True,
LOCAL-v1-q3-reference_assumed-5014,3,frozen_baseline,11,340.9183932727273,0.0011842090170830488,11,1.0,3750.102326,True,
LOCAL-v1-q3-reference_assumed-5015,3,frozen_baseline,12,290.52212041666667,0.0011523340363055468,12,1.0,3486.265445,True,
LOCAL-v1-q3-reference_assumed-5016,3,frozen_baseline,16,256.052974875,0.001632416038773954,16,1.0,4096.847598,True,
LOCAL-v1-q3-reference_assumed-5017,3,frozen_baseline,15,271.708143,0.00143258401658386,15,1.0,4075.622145,True,
LOCAL-v1-q3-reference_assumed-5018,3,frozen_baseline,10,380.89201979999996,0.001067875069566071,10,1.0,3808.920198,True,
LOCAL-v1-q3-reference_assumed-5019,3,frozen_baseline,11,350.6120645454546,0.0012385830050334334,11,1.0,3856.73271,True,
LOCAL-v1-q3-reference_assumed-5020,3,frozen_baseline,16,266.0172461875,0.0014996250392869115,16,1.0,4256.275939,True,
LOCAL-v1-q3-reference_assumed-5021,3,frozen_baseline,14,258.07373285714283,0.0012940840097144246,14,1.0,3613.03226,True,
LOCAL-v1-q3-reference_assumed-5022,3,frozen_baseline,14,274.3347495,0.0012704160762950778,14,1.0,3840.686493,True,
LOCAL-v1-q3-reference_assumed-5023,3,frozen_baseline,15,288.1018344666667,0.0014025409473106265,15,1.0,4321.527517,True,
LOCAL-v1-q3-reference_assumed-5024,3,frozen_baseline,13,341.9181263846154,0.001275166985578835,13,1.0,4444.935643,True,
LOCAL-v1-q3-reference_assumed-5025,3,frozen_baseline,12,317.0115739166667,0.0012321670074015856,12,1.0,3804.138887,True,
LOCAL-v1-q3-reference_assumed-5026,3,frozen_baseline,15,299.4737095333333,0.0013371659442782402,15,1.0,4492.105643,True,
LOCAL-v1-q3-reference_assumed-5027,3,frozen_baseline,11,299.4585982727273,0.0010806249920278788,11,1.0,3294.044581,True,
LOCAL-v1-q3-reference_assumed-5028,3,frozen_baseline,10,357.3114312,0.0009208749979734421,10,1.0,3573.114312,True,
LOCAL-v1-q3-reference_assumed-5029,3,frozen_baseline,11,301.53134318181816,0.00101200002245605,11,1.0,3316.844775,True,
LOCAL-v1-q3-reference_assumed-5030,3,frozen_baseline,12,311.48427341666667,0.001076625077985227,12,1.0,3737.811281,True,
LOCAL-v1-q3-reference_assumed-5031,3,frozen_baseline,15,246.60765406666667,0.0014867919962853193,15,1.0,3699.114811,True,
LOCAL-v1-q3-reference_assumed-5032,3,frozen_baseline,11,349.8501651818182,0.0010816249996423721,11,1.0,3848.351817,True,
LOCAL-v1-q3-reference_assumed-5033,3,frozen_baseline,14,287.46180421428573,0.001339958980679512,14,1.0,4024.465259,True,
LOCAL-v1-q3-reference_assumed-5034,3,frozen_baseline,16,253.77811075,0.0015011250507086515,16,1.0,4060.449772,True,
LOCAL-v1-q3-reference_assumed-5035,3,frozen_baseline,10,377.25829469999996,0.001054624910466373,10,1.0,3772.582947,True,
LOCAL-v1-q3-reference_assumed-5036,3,frozen_baseline,15,243.78415046666666,0.0014174169627949595,15,1.0,3656.762257,True,
LOCAL-v1-q3-reference_assumed-5037,3,frozen_baseline,15,274.9992613333333,0.0015232079895213246,15,1.0,4124.98892,True,
LOCAL-v1-q3-reference_assumed-5038,3,frozen_baseline,16,275.48420675,0.0015504579059779644,16,1.0,4407.747308,True,
LOCAL-v1-q3-reference_assumed-5039,3,frozen_baseline,10,367.7431441,0.0009822080610319972,10,1.0,3677.431441,True,
LOCAL-v1-q3-reference_assumed-5040,3,frozen_baseline,15,275.8249759333333,0.0014371250290423632,15,1.0,4137.374639,True,
LOCAL-v1-q3-reference_assumed-5041,3,frozen_baseline,15,301.30364526666665,0.0016184999840334058,15,1.0,4519.554679,True,
LOCAL-v1-q3-reference_assumed-5042,3,frozen_baseline,11,317.9805875454545,0.0010993340983986855,11,1.0,3497.786463,True,
LOCAL-v1-q3-reference_assumed-5043,3,frozen_baseline,12,330.7266740833333,0.0011673750123009086,12,1.0,3968.720089,True,
LOCAL-v1-q3-reference_assumed-5044,3,frozen_baseline,11,318.2703969090909,0.00105441699270159,11,1.0,3500.974366,True,
LOCAL-v1-q3-reference_assumed-5045,3,frozen_baseline,11,310.1343348181818,0.0010177079821005464,11,1.0,3411.477683,True,
LOCAL-v1-q3-reference_assumed-5046,3,frozen_baseline,10,328.80100200000004,0.0010578330839052796,10,1.0,3288.01002,True,
LOCAL-v1-q3-reference_assumed-5047,3,frozen_baseline,16,230.7874636875,0.0015215419698506594,16,1.0,3692.599419,True,
LOCAL-v1-q3-reference_assumed-5048,3,frozen_baseline,12,344.2830475,0.0012982920743525028,12,1.0,4131.39657,True,
LOCAL-v1-q3-reference_assumed-5049,3,frozen_baseline,10,316.59029019999997,0.0010364999761804938,10,1.0,3165.902902,True,
LOCAL-v1-q3-reference_assumed-5050,3,frozen_baseline,15,282.3647712666667,0.001529333065263927,15,1.0,4235.471569,True,
LOCAL-v1-q3-reference_assumed-5051,3,frozen_baseline,11,298.9414198181818,0.0010110409930348396,11,1.0,3288.355618,True,
LOCAL-v1-q3-reference_assumed-5052,3,frozen_baseline,13,320.3169414615385,0.0013460000045597553,13,1.0,4164.120239,True,
LOCAL-v1-q3-reference_assumed-5053,3,frozen_baseline,16,252.2673453125,0.0013841250911355019,16,1.0,4036.277525,True,
LOCAL-v1-q3-reference_assumed-5054,3,frozen_baseline,16,262.790193,0.0014798330375924706,16,1.0,4204.643088,True,
LOCAL-v1-q3-reference_assumed-5055,3,frozen_baseline,12,335.9658250833333,0.0013271250063553452,12,1.0,4031.589901,True,
LOCAL-v1-q3-reference_assumed-5056,3,frozen_baseline,13,285.21315799999996,0.0012283750111237168,13,1.0,3707.771054,True,
LOCAL-v1-q3-reference_assumed-5057,3,frozen_baseline,13,310.0252980769231,0.001197290956042707,13,1.0,4030.328875,True,
LOCAL-v1-q3-reference_assumed-5058,3,frozen_baseline,14,245.3325385,0.0011827079579234123,14,1.0,3434.655539,True,
LOCAL-v1-q3-reference_assumed-5059,3,frozen_baseline,12,295.7842071666667,0.0011597080156207085,12,1.0,3549.410486,True,
LOCAL-v1-q3-reference_assumed-5060,3,frozen_baseline,11,322.19719527272724,0.001152625074610114,11,1.0,3544.169148,True,
LOCAL-v1-q3-reference_assumed-5061,3,frozen_baseline,13,253.32905361538462,0.0012228749692440033,13,1.0,3293.277697,True,
LOCAL-v1-q3-reference_assumed-5062,3,frozen_baseline,16,249.1404301875,0.001338499947451055,16,1.0,3986.246883,True,
LOCAL-v1-q3-reference_assumed-5063,3,frozen_baseline,15,284.68896006666665,0.0014252499677240849,15,1.0,4270.334401,True,
LOCAL-v1-q3-reference_assumed-5064,3,frozen_baseline,13,289.7424126923077,0.0011013750918209553,13,1.0,3766.651365,True,
LOCAL-v1-q3-reference_assumed-5065,3,frozen_baseline,12,319.2959835,0.0012434580130502582,12,1.0,3831.551802,True,
LOCAL-v1-q3-reference_assumed-5066,3,frozen_baseline,10,384.73998040000004,0.0009593749418854713,10,1.0,3847.399804,True,
LOCAL-v1-q3-reference_assumed-5067,3,frozen_baseline,16,267.5560099375,0.0016063330695033073,16,1.0,4280.896159,True,
LOCAL-v1-q3-reference_assumed-5068,3,frozen_baseline,13,275.94273084615384,0.0012615410378202796,13,1.0,3587.255501,True,
LOCAL-v1-q3-reference_assumed-5069,3,frozen_baseline,14,292.5421530714286,0.0013789159711450338,14,1.0,4095.590143,True,
LOCAL-v1-q3-reference_assumed-5070,3,frozen_baseline,12,331.8745704166667,0.0013955420581623912,12,1.0,3982.494845,True,
LOCAL-v1-q3-reference_assumed-5071,3,frozen_baseline,12,321.3145620833333,0.001285666017793119,12,1.0,3855.774745,True,
LOCAL-v1-q3-reference_assumed-5072,3,frozen_baseline,15,289.87779746666666,0.0015500410227105021,15,1.0,4348.166962,True,
LOCAL-v1-q3-reference_assumed-5073,3,frozen_baseline,10,372.178723,0.0010868749814108014,10,1.0,3721.78723,True,
LOCAL-v1-q3-reference_assumed-5074,3,frozen_baseline,16,240.63327025,0.0015583749627694488,16,1.0,3850.132324,True,
LOCAL-v1-q3-reference_assumed-5075,3,frozen_baseline,15,244.04249886666668,0.0013772080419585109,15,1.0,3660.637483,True,
LOCAL-v1-q3-reference_assumed-5076,3,frozen_baseline,12,312.78336183333334,0.0013204170390963554,12,1.0,3753.400342,True,
LOCAL-v1-q3-reference_assumed-5077,3,frozen_baseline,14,287.45781985714285,0.0013458329485729337,14,1.0,4024.409478,True,
LOCAL-v1-q3-reference_assumed-5078,3,frozen_baseline,13,272.6060600769231,0.001278792042285204,13,1.0,3543.878781,True,
LOCAL-v1-q3-reference_assumed-5079,3,frozen_baseline,10,357.4617021,0.0010238329414278269,10,1.0,3574.617021,True,
LOCAL-v1-q3-reference_assumed-5080,3,frozen_baseline,10,331.867172,0.0009702090173959732,10,1.0,3318.67172,True,
LOCAL-v1-q3-reference_assumed-5081,3,frozen_baseline,16,239.019877125,0.0014960839180275798,16,1.0,3824.318034,True,
LOCAL-v1-q3-reference_assumed-5082,3,frozen_baseline,13,299.63522415384614,0.0012130000395700336,13,1.0,3895.257914,True,
LOCAL-v1-q3-reference_assumed-5083,3,frozen_baseline,13,297.4590646153846,0.0013081250945106149,13,1.0,3866.96784,True,
LOCAL-v1-q3-reference_assumed-5084,3,frozen_baseline,14,330.6167555,0.0014897920191287994,14,1.0,4628.634577,True,
LOCAL-v1-q3-reference_assumed-5085,3,frozen_baseline,15,306.02174966666666,0.00152299995534122,15,1.0,4590.326245,True,
LOCAL-v1-q3-reference_assumed-5086,3,frozen_baseline,12,297.2670059166667,0.00120433303527534,12,1.0,3567.204071,True,
LOCAL-v1-q3-reference_assumed-5087,3,frozen_baseline,13,306.23835123076924,0.00145295902621001,13,1.0,3981.098566,True,
LOCAL-v1-q3-reference_assumed-5088,3,frozen_baseline,16,226.3097661875,0.0014685000060126185,16,1.0,3620.956259,True,
LOCAL-v1-q3-reference_assumed-5089,3,frozen_baseline,15,302.9386604,0.0014748339308425784,15,1.0,4544.079906,True,
LOCAL-v1-q3-reference_assumed-5090,3,frozen_baseline,14,282.4126248571429,0.0016551249427720904,14,1.0,3953.776748,True,
LOCAL-v1-q3-reference_assumed-5091,3,frozen_baseline,12,296.6007725,0.0011907909065485,12,1.0,3559.20927,True,
LOCAL-v1-q3-reference_assumed-5092,3,frozen_baseline,11,294.15065327272725,0.0011011669412255287,11,1.0,3235.657186,True,
LOCAL-v1-q3-reference_assumed-5093,3,frozen_baseline,15,265.87705206666664,0.0013898330507799983,15,1.0,3988.155781,True,
LOCAL-v1-q3-reference_assumed-5094,3,frozen_baseline,11,343.3382279090909,0.001078624976798892,11,1.0,3776.720507,True,
LOCAL-v1-q3-reference_assumed-5095,3,frozen_baseline,10,335.5155848,0.0010679579572752118,10,1.0,3355.155848,True,
LOCAL-v1-q3-reference_assumed-5096,3,frozen_baseline,14,309.34389035714287,0.0013647079467773438,14,1.0,4330.814465,True,
LOCAL-v1-q3-reference_assumed-5097,3,frozen_baseline,13,265.27980292307694,0.001056583016179502,13,1.0,3448.637438,True,
LOCAL-v1-q3-reference_assumed-5098,3,frozen_baseline,16,260.62969925,0.001651124912314117,16,1.0,4170.075188,True,
LOCAL-v1-q3-reference_assumed-5099,3,frozen_baseline,13,307.0782733846154,0.0012208330444991589,13,1.0,3992.017554,True,
LOCAL-v1-q3-fixed_positive_bias-5000,3,frozen_baseline,11,310.06636245454547,0.0011048750020563602,11,1.0,3410.729987,True,
LOCAL-v1-q3-fixed_positive_bias-5001,3,frozen_baseline,14,272.87471714285715,0.0014674579724669456,14,1.0,3820.24604,True,
LOCAL-v1-q3-fixed_positive_bias-5002,3,frozen_baseline,15,259.1026010666667,0.0015293750911951065,15,1.0,3886.539016,True,
LOCAL-v1-q3-fixed_positive_bias-5003,3,frozen_baseline,11,315.51348154545457,0.0010465829400345683,11,1.0,3470.648297,True,
LOCAL-v1-q3-fixed_positive_bias-5004,3,frozen_baseline,12,327.89982333333336,0.0012272909516468644,12,1.0,3934.79788,True,
LOCAL-v1-q3-fixed_positive_bias-5005,3,frozen_baseline,11,338.3190908181818,0.001242334023118019,11,1.0,3721.509999,True,
LOCAL-v1-q3-fixed_positive_bias-5006,3,frozen_baseline,11,338.8168559090909,0.0010859169997274876,11,1.0,3726.985415,True,
LOCAL-v1-q3-fixed_positive_bias-5007,3,frozen_baseline,11,344.91114163636365,0.0010907500982284546,11,1.0,3794.022558,True,
LOCAL-v1-q3-fixed_positive_bias-5008,3,frozen_baseline,10,358.5721963,0.0010929589625447989,10,1.0,3585.721963,True,
LOCAL-v1-q3-fixed_positive_bias-5009,3,frozen_baseline,14,282.57164907142857,0.0013361249584704638,14,1.0,3956.003087,True,
LOCAL-v1-q3-fixed_positive_bias-5010,3,frozen_baseline,12,318.39351308333335,0.001199625083245337,12,1.0,3820.722157,True,
LOCAL-v1-q3-fixed_positive_bias-5011,3,frozen_baseline,15,270.9898531333333,0.0014732079580426216,15,1.0,4064.847797,True,
LOCAL-v1-q3-fixed_positive_bias-5012,3,frozen_baseline,10,357.4380147,0.0009706669952720404,10,1.0,3574.380147,True,
LOCAL-v1-q3-fixed_positive_bias-5013,3,frozen_baseline,12,291.82765083333334,0.0011696669971570373,12,1.0,3501.93181,True,
LOCAL-v1-q3-fixed_positive_bias-5014,3,frozen_baseline,11,345.8455199090909,0.0012659160420298576,11,1.0,3804.300719,True,
LOCAL-v1-q3-fixed_positive_bias-5015,3,frozen_baseline,12,346.24665483333337,0.0012439169222489,12,1.0,4154.959858,True,
LOCAL-v1-q3-fixed_positive_bias-5016,3,frozen_baseline,16,259.441300125,0.0016986249247565866,16,1.0,4151.060802,True,
LOCAL-v1-q3-fixed_positive_bias-5017,3,frozen_baseline,15,263.3815062,0.0016412920085713267,15,1.0,3950.722593,True,
LOCAL-v1-q3-fixed_positive_bias-5018,3,frozen_baseline,10,347.49617920000003,0.0010766660561785102,10,1.0,3474.961792,True,
LOCAL-v1-q3-fixed_positive_bias-5019,3,frozen_baseline,11,344.4515648181818,0.001143125002272427,11,1.0,3788.967213,True,
LOCAL-v1-q3-fixed_positive_bias-5020,3,frozen_baseline,16,277.4321976875,0.0015526670031249523,16,1.0,4438.915163,True,
LOCAL-v1-q3-fixed_positive_bias-5021,3,frozen_baseline,14,266.60530857142857,0.0014277909649536014,14,1.0,3732.47432,True,
LOCAL-v1-q3-fixed_positive_bias-5022,3,frozen_baseline,14,287.28438992857144,0.0015192499849945307,14,1.0,4021.981459,True,
LOCAL-v1-q3-fixed_positive_bias-5023,3,frozen_baseline,15,269.69255246666665,0.001440958003513515,15,1.0,4045.388287,True,
LOCAL-v1-q3-fixed_positive_bias-5024,3,frozen_baseline,13,348.14275699999996,0.001311708940193057,13,1.0,4525.855841,True,
LOCAL-v1-q3-fixed_positive_bias-5025,3,frozen_baseline,12,313.84543924999997,0.0012390830088406801,12,1.0,3766.145271,True,
LOCAL-v1-q3-fixed_positive_bias-5026,3,frozen_baseline,15,284.0478844666667,0.0013024170184507966,15,1.0,4260.718267,True,
LOCAL-v1-q3-fixed_positive_bias-5027,3,frozen_baseline,11,297.7133483636364,0.001084415940567851,11,1.0,3274.846832,True,
LOCAL-v1-q3-fixed_positive_bias-5028,3,frozen_baseline,10,364.719326,0.0010759999277070165,10,1.0,3647.19326,True,
LOCAL-v1-q3-fixed_positive_bias-5029,3,frozen_baseline,11,328.3728843636364,0.0010766249615699053,11,1.0,3612.101728,True,
LOCAL-v1-q3-fixed_positive_bias-5030,3,frozen_baseline,12,326.6461274166667,0.0010898750042542815,12,1.0,3919.753529,True,
LOCAL-v1-q3-fixed_positive_bias-5031,3,frozen_baseline,15,290.4846798,0.0016105410177260637,15,1.0,4357.270197,True,
LOCAL-v1-q3-fixed_positive_bias-5032,3,frozen_baseline,11,347.05408390909093,0.00104320899117738,11,1.0,3817.594923,True,
LOCAL-v1-q3-fixed_positive_bias-5033,3,frozen_baseline,14,280.1584729285714,0.0014117079554125667,14,1.0,3922.218621,True,
LOCAL-v1-q3-fixed_positive_bias-5034,3,frozen_baseline,16,265.8213105,0.0018645410891622305,16,1.0,4253.140968,True,
LOCAL-v1-q3-fixed_positive_bias-5035,3,frozen_baseline,10,390.7726334,0.0011150840437039733,10,1.0,3907.726334,True,
LOCAL-v1-q3-fixed_positive_bias-5036,3,frozen_baseline,15,289.17773493333334,0.001477499958127737,15,1.0,4337.666024,True,
LOCAL-v1-q3-fixed_positive_bias-5037,3,frozen_baseline,15,298.01370613333336,0.0016279170522466302,15,1.0,4470.205592,True,
LOCAL-v1-q3-fixed_positive_bias-5038,3,frozen_baseline,16,268.742751125,0.001822250080294907,16,1.0,4299.884018,True,
LOCAL-v1-q3-fixed_positive_bias-5039,3,frozen_baseline,10,361.6415994,0.0012493750546127558,10,1.0,3616.415994,True,
LOCAL-v1-q3-fixed_positive_bias-5040,3,frozen_baseline,15,287.93642286666665,0.0014692910481244326,15,1.0,4319.046343,True,
LOCAL-v1-q3-fixed_positive_bias-5041,3,frozen_baseline,15,308.7589221333334,0.001409208052791655,15,1.0,4631.383832,True,
LOCAL-v1-q3-fixed_positive_bias-5042,3,frozen_baseline,11,313.9890819090909,0.0009970000246539712,11,1.0,3453.879901,True,
LOCAL-v1-q3-fixed_positive_bias-5043,3,frozen_baseline,12,303.98048675,0.0012709159636870027,12,1.0,3647.765841,True,
LOCAL-v1-q3-fixed_positive_bias-5044,3,frozen_baseline,11,310.50894618181815,0.0009744589915499091,11,1.0,3415.598408,True,
LOCAL-v1-q3-fixed_positive_bias-5045,3,frozen_baseline,11,312.1068820909091,0.0010370409581810236,11,1.0,3433.175703,True,
LOCAL-v1-q3-fixed_positive_bias-5046,3,frozen_baseline,10,342.7776578,0.0012309170560911298,10,1.0,3427.776578,True,
LOCAL-v1-q3-fixed_positive_bias-5047,3,frozen_baseline,16,229.793307125,0.0014331249985843897,16,1.0,3676.692914,True,
LOCAL-v1-q3-fixed_positive_bias-5048,3,frozen_baseline,12,296.80454349999997,0.0011984159937128425,12,1.0,3561.654522,True,
LOCAL-v1-q3-fixed_positive_bias-5049,3,frozen_baseline,10,322.4451058,0.001071666949428618,10,1.0,3224.451058,True,
LOCAL-v1-q3-fixed_positive_bias-5050,3,frozen_baseline,15,291.61561693333334,0.0016064579831436276,15,1.0,4374.234254,True,
LOCAL-v1-q3-fixed_positive_bias-5051,3,frozen_baseline,11,302.69481781818183,0.001096333027817309,11,1.0,3329.642996,True,
LOCAL-v1-q3-fixed_positive_bias-5052,3,frozen_baseline,13,281.8508783076923,0.0013437080197036266,13,1.0,3664.061418,True,
LOCAL-v1-q3-fixed_positive_bias-5053,3,frozen_baseline,16,257.6292729375,0.0014976250240579247,16,1.0,4122.068367,True,
LOCAL-v1-q3-fixed_positive_bias-5054,3,frozen_baseline,16,278.756479375,0.0014866249402984977,16,1.0,4460.10367,True,
LOCAL-v1-q3-fixed_positive_bias-5055,3,frozen_baseline,12,291.4379450833333,0.0011643749894574285,12,1.0,3497.255341,True,
LOCAL-v1-q3-fixed_positive_bias-5056,3,frozen_baseline,13,289.4277702307692,0.0012260839575901628,13,1.0,3762.561013,True,
LOCAL-v1-q3-fixed_positive_bias-5057,3,frozen_baseline,13,308.85952046153847,0.0013578749494627118,13,1.0,4015.173766,True,
LOCAL-v1-q3-fixed_positive_bias-5058,3,frozen_baseline,14,268.72047657142855,0.0013220419641584158,14,1.0,3762.086672,True,
LOCAL-v1-q3-fixed_positive_bias-5059,3,frozen_baseline,12,326.31510141666666,0.0012341659748926759,12,1.0,3915.781217,True,
LOCAL-v1-q3-fixed_positive_bias-5060,3,frozen_baseline,11,354.0385804545454,0.0013730420032516122,11,1.0,3894.424385,True,
LOCAL-v1-q3-fixed_positive_bias-5061,3,frozen_baseline,13,261.31659069230767,0.001329833990894258,13,1.0,3397.115679,True,
LOCAL-v1-q3-fixed_positive_bias-5062,3,frozen_baseline,16,255.85006325,0.00149441696703434,16,1.0,4093.601012,True,
LOCAL-v1-q3-fixed_positive_bias-5063,3,frozen_baseline,15,271.3052498,0.0015125420177355409,15,1.0,4069.578747,True,
LOCAL-v1-q3-fixed_positive_bias-5064,3,frozen_baseline,13,319.09554215384617,0.0012599589535966516,13,1.0,4148.242048,True,
LOCAL-v1-q3-fixed_positive_bias-5065,3,frozen_baseline,12,317.97076108333334,0.0011871660826727748,12,1.0,3815.649133,True,
LOCAL-v1-q3-fixed_positive_bias-5066,3,frozen_baseline,10,384.7832687,0.0009942089673131704,10,1.0,3847.832687,True,
LOCAL-v1-q3-fixed_positive_bias-5067,3,frozen_baseline,16,271.91840975,0.00163312500808388,16,1.0,4350.694556,True,
LOCAL-v1-q3-fixed_positive_bias-5068,3,frozen_baseline,13,303.82094415384614,0.0011866249842569232,13,1.0,3949.672274,True,
LOCAL-v1-q3-fixed_positive_bias-5069,3,frozen_baseline,14,307.6480462857143,0.001612790976651013,14,1.0,4307.072648,True,
LOCAL-v1-q3-fixed_positive_bias-5070,3,frozen_baseline,12,333.75016225,0.0014362079091370106,12,1.0,4005.001947,True,
LOCAL-v1-q3-fixed_positive_bias-5071,3,frozen_baseline,12,317.86617425000003,0.001255334005691111,12,1.0,3814.394091,True,
LOCAL-v1-q3-fixed_positive_bias-5072,3,frozen_baseline,15,292.51739353333335,0.0015325830318033695,15,1.0,4387.760903,True,
LOCAL-v1-q3-fixed_positive_bias-5073,3,frozen_baseline,10,372.7555779,0.0012538749724626541,10,1.0,3727.555779,True,
LOCAL-v1-q3-fixed_positive_bias-5074,3,frozen_baseline,16,266.7050014375,0.001735334051772952,16,1.0,4267.280023,True,
LOCAL-v1-q3-fixed_positive_bias-5075,3,frozen_baseline,15,280.3915396666667,0.0016127499984577298,15,1.0,4205.873095,True,
LOCAL-v1-q3-fixed_positive_bias-5076,3,frozen_baseline,12,312.50306908333334,0.0012166249798610806,12,1.0,3750.036829,True,
LOCAL-v1-q3-fixed_positive_bias-5077,3,frozen_baseline,14,314.72305950000003,0.001304500037804246,14,1.0,4406.122833,True,
LOCAL-v1-q3-fixed_positive_bias-5078,3,frozen_baseline,13,268.4446127692308,0.0012934999540448189,13,1.0,3489.779966,True,
LOCAL-v1-q3-fixed_positive_bias-5079,3,frozen_baseline,10,314.0889829,0.001094625098630786,10,1.0,3140.889829,True,
LOCAL-v1-q3-fixed_positive_bias-5080,3,frozen_baseline,10,350.322563,0.0009728340664878488,10,1.0,3503.22563,True,
LOCAL-v1-q3-fixed_positive_bias-5081,3,frozen_baseline,16,258.613148,0.0014348329277709126,16,1.0,4137.810368,True,
LOCAL-v1-q3-fixed_positive_bias-5082,3,frozen_baseline,13,323.8610667692308,0.0013717080000787973,13,1.0,4210.193868,True,
LOCAL-v1-q3-fixed_positive_bias-5083,3,frozen_baseline,13,313.46880853846153,0.0012933750404044986,13,1.0,4075.094511,True,
LOCAL-v1-q3-fixed_positive_bias-5084,3,frozen_baseline,14,304.3513875714286,0.001403625006787479,14,1.0,4260.919426,True,
LOCAL-v1-q3-fixed_positive_bias-5085,3,frozen_baseline,15,297.49612033333335,0.0014800409553572536,15,1.0,4462.441805,True,
LOCAL-v1-q3-fixed_positive_bias-5086,3,frozen_baseline,12,293.50453016666665,0.0012098751030862331,12,1.0,3522.054362,True,
LOCAL-v1-q3-fixed_positive_bias-5087,3,frozen_baseline,13,291.39124207692305,0.001365375006571412,13,1.0,3788.086147,True,
LOCAL-v1-q3-fixed_positive_bias-5088,3,frozen_baseline,16,246.2939578125,0.0016214590286836028,16,1.0,3940.703325,True,
LOCAL-v1-q3-fixed_positive_bias-5089,3,frozen_baseline,15,308.36579413333334,0.0015405830927193165,15,1.0,4625.486912,True,
LOCAL-v1-q3-fixed_positive_bias-5090,3,frozen_baseline,14,265.0963610714286,0.0014125000452622771,14,1.0,3711.349055,True,
LOCAL-v1-q3-fixed_positive_bias-5091,3,frozen_baseline,12,303.49771508333333,0.0011165000032633543,12,1.0,3641.972581,True,
LOCAL-v1-q3-fixed_positive_bias-5092,3,frozen_baseline,11,302.10893063636365,0.0012591249542310834,11,1.0,3323.198237,True,
LOCAL-v1-q3-fixed_positive_bias-5093,3,frozen_baseline,15,272.299798,0.0015595000004395843,15,1.0,4084.49697,True,
LOCAL-v1-q3-fixed_positive_bias-5094,3,frozen_baseline,11,343.09474727272726,0.001165166962891817,11,1.0,3774.04222,True,
LOCAL-v1-q3-fixed_positive_bias-5095,3,frozen_baseline,10,329.7191372,0.0010639999527484179,10,1.0,3297.191372,True,
LOCAL-v1-q3-fixed_positive_bias-5096,3,frozen_baseline,14,317.2277277857143,0.001419208012521267,14,1.0,4441.188189,True,
LOCAL-v1-q3-fixed_positive_bias-5097,3,frozen_baseline,13,286.9706862307692,0.001357333967462182,13,1.0,3730.618921,True,
LOCAL-v1-q3-fixed_positive_bias-5098,3,frozen_baseline,16,283.949024375,0.0016155000776052475,16,1.0,4543.18439,True,
LOCAL-v1-q3-fixed_positive_bias-5099,3,frozen_baseline,13,308.9318563076923,0.001474292017519474,13,1.0,4016.114132,True,
LOCAL-v1-q3-fixed_negative_bias-5000,3,frozen_baseline,11,302.85482790909094,0.0011138750705868006,11,1.0,3331.403107,True,
LOCAL-v1-q3-fixed_negative_bias-5001,3,frozen_baseline,14,256.6773402142857,0.0013272500364109874,14,1.0,3593.482763,True,
LOCAL-v1-q3-fixed_negative_bias-5002,3,frozen_baseline,15,277.0555267333333,0.0014247919898480177,15,1.0,4155.832901,True,
LOCAL-v1-q3-fixed_negative_bias-5003,3,frozen_baseline,11,317.01852818181817,0.0012098749866709113,11,1.0,3487.20381,True,
LOCAL-v1-q3-fixed_negative_bias-5004,3,frozen_baseline,12,333.5435055,0.001250874949619174,12,1.0,4002.522066,True,
LOCAL-v1-q3-fixed_negative_bias-5005,3,frozen_baseline,11,356.42486572727273,0.001144958077929914,11,1.0,3920.673523,True,
LOCAL-v1-q3-fixed_negative_bias-5006,3,frozen_baseline,11,344.499111,0.0011143749579787254,11,1.0,3789.490221,True,
LOCAL-v1-q3-fixed_negative_bias-5007,3,frozen_baseline,11,343.80585918181816,0.0010316249681636691,11,1.0,3781.864451,True,
LOCAL-v1-q3-fixed_negative_bias-5008,3,frozen_baseline,10,342.90841,0.0011284590000286698,10,1.0,3429.0841,True,
LOCAL-v1-q3-fixed_negative_bias-5009,3,frozen_baseline,14,289.8730662142857,0.0013835839927196503,14,1.0,4058.222927,True,
LOCAL-v1-q3-fixed_negative_bias-5010,3,frozen_baseline,12,328.36473158333337,0.0013607079163193703,12,1.0,3940.376779,True,
LOCAL-v1-q3-fixed_negative_bias-5011,3,frozen_baseline,15,304.739545,0.0015470420476049185,15,1.0,4571.093175,True,
LOCAL-v1-q3-fixed_negative_bias-5012,3,frozen_baseline,10,359.3294723,0.0009906660998240113,10,1.0,3593.294723,True,
LOCAL-v1-q3-fixed_negative_bias-5013,3,frozen_baseline,12,297.92018408333337,0.00125512492377311,12,1.0,3575.042209,True,
LOCAL-v1-q3-fixed_negative_bias-5014,3,frozen_baseline,11,341.8869189090909,0.0011653749970719218,11,1.0,3760.756108,True,
LOCAL-v1-q3-fixed_negative_bias-5015,3,frozen_baseline,12,296.67400449999997,0.0011202500900253654,12,1.0,3560.088054,True,
LOCAL-v1-q3-fixed_negative_bias-5016,3,frozen_baseline,16,282.288823,0.0016708750044927,16,1.0,4516.621168,True,
LOCAL-v1-q3-fixed_negative_bias-5017,3,frozen_baseline,15,285.4378576666667,0.0015546249924227595,15,1.0,4281.567865,True,
LOCAL-v1-q3-fixed_negative_bias-5018,3,frozen_baseline,10,363.4882822,0.0010730419307947159,10,1.0,3634.882822,True,
LOCAL-v1-q3-fixed_negative_bias-5019,3,frozen_baseline,11,344.59075545454544,0.001219875062815845,11,1.0,3790.49831,True,
LOCAL-v1-q3-fixed_negative_bias-5020,3,frozen_baseline,16,246.972140875,0.0015250410651788116,16,1.0,3951.554254,True,
LOCAL-v1-q3-fixed_negative_bias-5021,3,frozen_baseline,14,258.9110672857143,0.0014105410082265735,14,1.0,3624.754942,True,
LOCAL-v1-q3-fixed_negative_bias-5022,3,frozen_baseline,14,299.19625042857143,0.0015481249429285526,14,1.0,4188.747506,True,
LOCAL-v1-q3-fixed_negative_bias-5023,3,frozen_baseline,15,281.17320240000004,0.001576791051775217,15,1.0,4217.598036,True,
LOCAL-v1-q3-fixed_negative_bias-5024,3,frozen_baseline,13,338.24059030769234,0.0012495409464463592,13,1.0,4397.127674,True,
LOCAL-v1-q3-fixed_negative_bias-5025,3,frozen_baseline,12,338.50266708333334,0.0012725420529022813,12,1.0,4062.032005,True,
LOCAL-v1-q3-fixed_negative_bias-5026,3,frozen_baseline,15,295.32862766666665,0.0013792079407721758,15,1.0,4429.929415,True,
LOCAL-v1-q3-fixed_negative_bias-5027,3,frozen_baseline,11,293.3331332727273,0.0009550000540912151,11,1.0,3226.664466,True,
LOCAL-v1-q3-fixed_negative_bias-5028,3,frozen_baseline,10,352.9317322,0.0008960830746218562,10,1.0,3529.317322,True,
LOCAL-v1-q3-fixed_negative_bias-5029,3,frozen_baseline,11,321.4707310909091,0.0011214580154046416,11,1.0,3536.178042,True,
LOCAL-v1-q3-fixed_negative_bias-5030,3,frozen_baseline,12,321.3808720833333,0.0012714170152321458,12,1.0,3856.570465,True,
LOCAL-v1-q3-fixed_negative_bias-5031,3,frozen_baseline,15,248.1673228,0.001612124964594841,15,1.0,3722.509842,True,
LOCAL-v1-q3-fixed_negative_bias-5032,3,frozen_baseline,11,351.7219490909091,0.0010414159623906016,11,1.0,3868.94144,True,
LOCAL-v1-q3-fixed_negative_bias-5033,3,frozen_baseline,14,307.82952971428574,0.001578458002768457,14,1.0,4309.613416,True,
LOCAL-v1-q3-fixed_negative_bias-5034,3,frozen_baseline,16,251.3727963125,0.001635667053051293,16,1.0,4021.964741,True,
LOCAL-v1-q3-fixed_negative_bias-5035,3,frozen_baseline,10,382.8544075,0.0011303339852020144,10,1.0,3828.544075,True,
LOCAL-v1-q3-fixed_negative_bias-5036,3,frozen_baseline,15,230.3543872666667,0.0014936659717932343,15,1.0,3455.315809,True,
LOCAL-v1-q3-fixed_negative_bias-5037,3,frozen_baseline,15,295.40634746666666,0.0015856670215725899,15,1.0,4431.095212,True,
LOCAL-v1-q3-fixed_negative_bias-5038,3,frozen_baseline,16,279.1128689375,0.0015508340438827872,16,1.0,4465.805903,True,
LOCAL-v1-q3-fixed_negative_bias-5039,3,frozen_baseline,10,373.264804,0.0010900829220190644,10,1.0,3732.64804,True,
LOCAL-v1-q3-fixed_negative_bias-5040,3,frozen_baseline,15,283.798766,0.0015124999918043613,15,1.0,4256.98149,True,
LOCAL-v1-q3-fixed_negative_bias-5041,3,frozen_baseline,15,312.2686608,0.0014746669912710786,15,1.0,4684.029912,True,
LOCAL-v1-q3-fixed_negative_bias-5042,3,frozen_baseline,11,303.240289,0.0010455420706421137,11,1.0,3335.643179,True,
LOCAL-v1-q3-fixed_negative_bias-5043,3,frozen_baseline,12,310.67270708333336,0.0012782500125467777,12,1.0,3728.072485,True,
LOCAL-v1-q3-fixed_negative_bias-5044,3,frozen_baseline,11,358.5183513636364,0.001225540996529162,11,1.0,3943.701865,True,
LOCAL-v1-q3-fixed_negative_bias-5045,3,frozen_baseline,11,328.1019389090909,0.0010956668993458152,11,1.0,3609.121328,True,
LOCAL-v1-q3-fixed_negative_bias-5046,3,frozen_baseline,10,373.5291857,0.0011967089958488941,10,1.0,3735.291857,True,
LOCAL-v1-q3-fixed_negative_bias-5047,3,frozen_baseline,16,252.352992875,0.0015819580294191837,16,1.0,4037.647886,True,
LOCAL-v1-q3-fixed_negative_bias-5048,3,frozen_baseline,12,299.53353450000003,0.0012770419707521796,12,1.0,3594.402414,True,
LOCAL-v1-q3-fixed_negative_bias-5049,3,frozen_baseline,10,350.7130009,0.0010984999826177955,10,1.0,3507.130009,True,
LOCAL-v1-q3-fixed_negative_bias-5050,3,frozen_baseline,15,270.2879016666667,0.0013666249578818679,15,1.0,4054.318525,True,
LOCAL-v1-q3-fixed_negative_bias-5051,3,frozen_baseline,11,297.8244070909091,0.0010997080244123936,11,1.0,3276.068478,True,
LOCAL-v1-q3-fixed_negative_bias-5052,3,frozen_baseline,13,329.9618616153846,0.001317041926085949,13,1.0,4289.504201,True,
LOCAL-v1-q3-fixed_negative_bias-5053,3,frozen_baseline,16,251.9465948125,0.0014151249779388309,16,1.0,4031.145517,True,
LOCAL-v1-q3-fixed_negative_bias-5054,3,frozen_baseline,16,275.4986738125,0.001560040982440114,16,1.0,4407.978781,True,
LOCAL-v1-q3-fixed_negative_bias-5055,3,frozen_baseline,12,315.9091270833333,0.001136208069510758,12,1.0,3790.909525,True,
LOCAL-v1-q3-fixed_negative_bias-5056,3,frozen_baseline,13,293.6704889230769,0.001286833081394434,13,1.0,3817.716356,True,
LOCAL-v1-q3-fixed_negative_bias-5057,3,frozen_baseline,13,305.98078123076925,0.00115220807492733,13,1.0,3977.750156,True,
LOCAL-v1-q3-fixed_negative_bias-5058,3,frozen_baseline,14,247.81161807142857,0.0012730000307783484,14,1.0,3469.362653,True,
LOCAL-v1-q3-fixed_negative_bias-5059,3,frozen_baseline,12,306.485024,0.0014094170182943344,12,1.0,3677.820288,True,
LOCAL-v1-q3-fixed_negative_bias-5060,3,frozen_baseline,11,343.3682222727273,0.0012732920004054904,11,1.0,3777.050445,True,
LOCAL-v1-q3-fixed_negative_bias-5061,3,frozen_baseline,13,260.8792966153846,0.001211125054396689,13,1.0,3391.430856,True,
LOCAL-v1-q3-fixed_negative_bias-5062,3,frozen_baseline,16,271.7888455625,0.0014490409521386027,16,1.0,4348.621529,True,
LOCAL-v1-q3-fixed_negative_bias-5063,3,frozen_baseline,15,285.1932338,0.0015796249499544501,15,1.0,4277.898507,True,
LOCAL-v1-q3-fixed_negative_bias-5064,3,frozen_baseline,13,291.01493230769233,0.0013080829521641135,13,1.0,3783.19412,True,
LOCAL-v1-q3-fixed_negative_bias-5065,3,frozen_baseline,12,317.50016966666664,0.0013017080491408706,12,1.0,3810.002036,True,
LOCAL-v1-q3-fixed_negative_bias-5066,3,frozen_baseline,10,387.6687328,0.0010453329887241125,10,1.0,3876.687328,True,
LOCAL-v1-q3-fixed_negative_bias-5067,3,frozen_baseline,16,250.6982210625,0.0015582090709358454,16,1.0,4011.171537,True,
LOCAL-v1-q3-fixed_negative_bias-5068,3,frozen_baseline,13,284.49398784615386,0.0012356250081211329,13,1.0,3698.421842,True,
LOCAL-v1-q3-fixed_negative_bias-5069,3,frozen_baseline,14,289.70786264285715,0.0014826670521870255,14,1.0,4055.910077,True,
LOCAL-v1-q3-fixed_negative_bias-5070,3,frozen_baseline,12,317.3956934166667,0.001322499942034483,12,1.0,3808.748321,True,
LOCAL-v1-q3-fixed_negative_bias-5071,3,frozen_baseline,12,311.21472783333337,0.0012584159849211574,12,1.0,3734.576734,True,
LOCAL-v1-q3-fixed_negative_bias-5072,3,frozen_baseline,15,263.37354853333335,0.001522500067949295,15,1.0,3950.603228,True,
LOCAL-v1-q3-fixed_negative_bias-5073,3,frozen_baseline,10,356.3166314,0.0010906669776886702,10,1.0,3563.166314,True,
LOCAL-v1-q3-fixed_negative_bias-5074,3,frozen_baseline,16,269.7649535,0.0016428329981863499,16,1.0,4316.239256,True,
LOCAL-v1-q3-fixed_negative_bias-5075,3,frozen_baseline,15,268.8015066,0.001524958061054349,15,1.0,4032.022599,True,
LOCAL-v1-q3-fixed_negative_bias-5076,3,frozen_baseline,12,309.293434,0.0013281659921631217,12,1.0,3711.521208,True,
LOCAL-v1-q3-fixed_negative_bias-5077,3,frozen_baseline,14,294.70428207142857,0.001375042018480599,14,1.0,4125.859949,True,
LOCAL-v1-q3-fixed_negative_bias-5078,3,frozen_baseline,13,268.72489415384615,0.0012140830513089895,13,1.0,3493.423624,True,
LOCAL-v1-q3-fixed_negative_bias-5079,3,frozen_baseline,10,367.7934146,0.0010384171037003398,10,1.0,3677.934146,True,
LOCAL-v1-q3-fixed_negative_bias-5080,3,frozen_baseline,10,340.8564841,0.0009503749897703528,10,1.0,3408.564841,True,
LOCAL-v1-q3-fixed_negative_bias-5081,3,frozen_baseline,16,258.53884675,0.0014806250110268593,16,1.0,4136.621548,True,
LOCAL-v1-q3-fixed_negative_bias-5082,3,frozen_baseline,13,302.70599969230767,0.0013123750686645508,13,1.0,3935.177996,True,
LOCAL-v1-q3-fixed_negative_bias-5083,3,frozen_baseline,13,300.89327307692304,0.001288541010580957,13,1.0,3911.61255,True,
LOCAL-v1-q3-fixed_negative_bias-5084,3,frozen_baseline,14,285.67493035714284,0.0015283330576494336,14,1.0,3999.449025,True,
LOCAL-v1-q3-fixed_negative_bias-5085,3,frozen_baseline,15,308.80822406666664,0.001564792008139193,15,1.0,4632.123361,True,
LOCAL-v1-q3-fixed_negative_bias-5086,3,frozen_baseline,12,297.0295570833333,0.0012006249744445086,12,1.0,3564.354685,True,
LOCAL-v1-q3-fixed_negative_bias-5087,3,frozen_baseline,13,301.0630013076923,0.0014021249953657389,13,1.0,3913.819017,True,
LOCAL-v1-q3-fixed_negative_bias-5088,3,frozen_baseline,16,223.089099625,0.001601667026989162,16,1.0,3569.425594,True,
LOCAL-v1-q3-fixed_negative_bias-5089,3,frozen_baseline,15,286.36758126666666,0.0016872920095920563,15,1.0,4295.513719,True,
LOCAL-v1-q3-fixed_negative_bias-5090,3,frozen_baseline,14,285.1919285,0.0015683749224990606,14,1.0,3992.686999,True,
LOCAL-v1-q3-fixed_negative_bias-5091,3,frozen_baseline,12,306.42051299999997,0.0011007499415427446,12,1.0,3677.046156,True,
LOCAL-v1-q3-fixed_negative_bias-5092,3,frozen_baseline,11,322.7126215454545,0.0012765000574290752,11,1.0,3549.838837,True,
LOCAL-v1-q3-fixed_negative_bias-5093,3,frozen_baseline,15,270.1160124,0.001417041989043355,15,1.0,4051.740186,True,
LOCAL-v1-q3-fixed_negative_bias-5094,3,frozen_baseline,11,341.62880590909094,0.0011693750275298953,11,1.0,3757.916865,True,
LOCAL-v1-q3-fixed_negative_bias-5095,3,frozen_baseline,10,326.5582461,0.001211125054396689,10,1.0,3265.582461,True,
LOCAL-v1-q3-fixed_negative_bias-5096,3,frozen_baseline,14,329.33833150000004,0.001572042005136609,14,1.0,4610.736641,True,
LOCAL-v1-q3-fixed_negative_bias-5097,3,frozen_baseline,13,270.3814693076923,0.0011531250784173608,13,1.0,3514.959101,True,
LOCAL-v1-q3-fixed_negative_bias-5098,3,frozen_baseline,16,252.3221956875,0.001608958002179861,16,1.0,4037.155131,True,
LOCAL-v1-q3-fixed_negative_bias-5099,3,frozen_baseline,13,304.93349753846155,0.0012355420039966702,13,1.0,3964.135468,True,
LOCAL-v1-q3-smooth_shared_field-5000,3,frozen_baseline,11,307.78704827272725,0.0010977080091834068,11,1.0,3385.657531,True,
LOCAL-v1-q3-smooth_shared_field-5001,3,frozen_baseline,14,269.83561,0.0014336660970002413,14,1.0,3777.69854,True,
LOCAL-v1-q3-smooth_shared_field-5002,3,frozen_baseline,15,272.54923726666664,0.0013554159086197615,15,1.0,4088.238559,True,
LOCAL-v1-q3-smooth_shared_field-5003,3,frozen_baseline,11,316.6576480909091,0.001122834044508636,11,1.0,3483.234129,True,
LOCAL-v1-q3-smooth_shared_field-5004,3,frozen_baseline,12,336.4757445833333,0.001135458005592227,12,1.0,4037.708935,True,
LOCAL-v1-q3-smooth_shared_field-5005,3,frozen_baseline,11,364.7102000909091,0.001111124991439283,11,1.0,4011.812201,True,
LOCAL-v1-q3-smooth_shared_field-5006,3,frozen_baseline,11,345.7009119090909,0.0011283749481663108,11,1.0,3802.710031,True,
LOCAL-v1-q3-smooth_shared_field-5007,3,frozen_baseline,11,343.89199718181817,0.0010238749673590064,11,1.0,3782.811969,True,
LOCAL-v1-q3-smooth_shared_field-5008,3,frozen_baseline,10,334.042576,0.0010299170389771461,10,1.0,3340.42576,True,
LOCAL-v1-q3-smooth_shared_field-5009,3,frozen_baseline,14,282.65353250000004,0.0012765830615535378,14,1.0,3957.149455,True,
LOCAL-v1-q3-smooth_shared_field-5010,3,frozen_baseline,12,331.29278066666666,0.0010832090629264712,12,1.0,3975.513368,True,
LOCAL-v1-q3-smooth_shared_field-5011,3,frozen_baseline,15,301.4898404,0.0014174169627949595,15,1.0,4522.347606,True,
LOCAL-v1-q3-smooth_shared_field-5012,3,frozen_baseline,10,356.2148795,0.0009244580287486315,10,1.0,3562.148795,True,
LOCAL-v1-q3-smooth_shared_field-5013,3,frozen_baseline,12,292.1658274166667,0.001217333017848432,12,1.0,3505.989929,True,
LOCAL-v1-q3-smooth_shared_field-5014,3,frozen_baseline,11,338.24272454545456,0.0010994999902322888,11,1.0,3720.66997,True,
LOCAL-v1-q3-smooth_shared_field-5015,3,frozen_baseline,12,294.8166355,0.001194083015434444,12,1.0,3537.799626,True,
LOCAL-v1-q3-smooth_shared_field-5016,3,frozen_baseline,16,275.454802875,0.0014690420357510448,16,1.0,4407.276846,True,
LOCAL-v1-q3-smooth_shared_field-5017,3,frozen_baseline,15,274.2973206666667,0.0014019159134477377,15,1.0,4114.45981,True,
LOCAL-v1-q3-smooth_shared_field-5018,3,frozen_baseline,10,357.2820757,0.0009688750142231584,10,1.0,3572.820757,True,
LOCAL-v1-q3-smooth_shared_field-5019,3,frozen_baseline,11,353.61411363636364,0.0011719160247594118,11,1.0,3889.75525,True,
LOCAL-v1-q3-smooth_shared_field-5020,3,frozen_baseline,16,269.9891521875,0.0015131250256672502,16,1.0,4319.826435,True,
LOCAL-v1-q3-smooth_shared_field-5021,3,frozen_baseline,14,259.981179,0.0013777909334748983,14,1.0,3639.736506,True,
LOCAL-v1-q3-smooth_shared_field-5022,3,frozen_baseline,14,292.6924022857143,0.0012866250472143292,14,1.0,4097.693632,True,
LOCAL-v1-q3-smooth_shared_field-5023,3,frozen_baseline,15,267.772007,0.0014154160162433982,15,1.0,4016.580105,True,
LOCAL-v1-q3-smooth_shared_field-5024,3,frozen_baseline,13,337.3469812307692,0.0011617919662967324,13,1.0,4385.510756,True,
LOCAL-v1-q3-smooth_shared_field-5025,3,frozen_baseline,12,319.782467,0.0011357920011505485,12,1.0,3837.389604,True,
LOCAL-v1-q3-smooth_shared_field-5026,3,frozen_baseline,15,290.2554002,0.0013892919523641467,15,1.0,4353.831003,True,
LOCAL-v1-q3-smooth_shared_field-5027,3,frozen_baseline,11,296.8024076363636,0.0010420409962534904,11,1.0,3264.826484,True,
LOCAL-v1-q3-smooth_shared_field-5028,3,frozen_baseline,10,350.0232417,0.000869459006935358,10,1.0,3500.232417,True,
LOCAL-v1-q3-smooth_shared_field-5029,3,frozen_baseline,11,298.43219145454543,0.0009463749593123794,11,1.0,3282.754106,True,
LOCAL-v1-q3-smooth_shared_field-5030,3,frozen_baseline,12,307.44256808333336,0.001121707959100604,12,1.0,3689.310817,True,
LOCAL-v1-q3-smooth_shared_field-5031,3,frozen_baseline,15,243.94811153333333,0.0014392919838428497,15,1.0,3659.221673,True,
LOCAL-v1-q3-smooth_shared_field-5032,3,frozen_baseline,11,350.1863459090909,0.0010556669440120459,11,1.0,3852.049805,True,
LOCAL-v1-q3-smooth_shared_field-5033,3,frozen_baseline,14,306.9503512142857,0.0013928749831393361,14,1.0,4297.304917,True,
LOCAL-v1-q3-smooth_shared_field-5034,3,frozen_baseline,16,254.4102991875,0.0015403340803459287,16,1.0,4070.564787,True,
LOCAL-v1-q3-smooth_shared_field-5035,3,frozen_baseline,10,387.28090940000004,0.0010242500575259328,10,1.0,3872.809094,True,
LOCAL-v1-q3-smooth_shared_field-5036,3,frozen_baseline,15,233.0236758,0.0013250000774860382,15,1.0,3495.355137,True,
LOCAL-v1-q3-smooth_shared_field-5037,3,frozen_baseline,15,287.1695269333333,0.0014248749939724803,15,1.0,4307.542904,True,
LOCAL-v1-q3-smooth_shared_field-5038,3,frozen_baseline,16,251.27944525,0.0014479579403996468,16,1.0,4020.471124,True,
LOCAL-v1-q3-smooth_shared_field-5039,3,frozen_baseline,10,371.1652619,0.0010409579845145345,10,1.0,3711.652619,True,
LOCAL-v1-q3-smooth_shared_field-5040,3,frozen_baseline,15,275.6498479333333,0.001425083028152585,15,1.0,4134.747719,True,
LOCAL-v1-q3-smooth_shared_field-5041,3,frozen_baseline,15,307.7362589333333,0.00125345797277987,15,1.0,4616.043884,True,
LOCAL-v1-q3-smooth_shared_field-5042,3,frozen_baseline,11,318.56218145454545,0.0010365420021116734,11,1.0,3504.183996,True,
LOCAL-v1-q3-smooth_shared_field-5043,3,frozen_baseline,12,329.7412951666667,0.001186041976325214,12,1.0,3956.895542,True,
LOCAL-v1-q3-smooth_shared_field-5044,3,frozen_baseline,11,345.76279018181816,0.001118415966629982,11,1.0,3803.390692,True,
LOCAL-v1-q3-smooth_shared_field-5045,3,frozen_baseline,11,334.02623936363636,0.0011726249940693378,11,1.0,3674.288633,True,
LOCAL-v1-q3-smooth_shared_field-5046,3,frozen_baseline,10,370.71754599999997,0.0011801669606938958,10,1.0,3707.17546,True,
LOCAL-v1-q3-smooth_shared_field-5047,3,frozen_baseline,16,248.18435375,0.0015523340553045273,16,1.0,3970.94966,True,
LOCAL-v1-q3-smooth_shared_field-5048,3,frozen_baseline,12,297.746684,0.0011205000337213278,12,1.0,3572.960208,True,
LOCAL-v1-q3-smooth_shared_field-5049,3,frozen_baseline,10,336.6616107,0.0010071670403704047,10,1.0,3366.616107,True,
LOCAL-v1-q3-smooth_shared_field-5050,3,frozen_baseline,15,282.2087934666667,0.0013368749059736729,15,1.0,4233.131902,True,
LOCAL-v1-q3-smooth_shared_field-5051,3,frozen_baseline,11,297.1335450909091,0.0010470410343259573,11,1.0,3268.468996,True,
LOCAL-v1-q3-smooth_shared_field-5052,3,frozen_baseline,13,304.4458117692308,0.0011875000782310963,13,1.0,3957.795553,True,
LOCAL-v1-q3-smooth_shared_field-5053,3,frozen_baseline,16,260.0127774375,0.001485459040850401,16,1.0,4160.204439,True,
LOCAL-v1-q3-smooth_shared_field-5054,3,frozen_baseline,16,270.03283225,0.0014041248941794038,16,1.0,4320.525316,True,
LOCAL-v1-q3-smooth_shared_field-5055,3,frozen_baseline,12,323.64960966666666,0.0011689170496538281,12,1.0,3883.795316,True,
LOCAL-v1-q3-smooth_shared_field-5056,3,frozen_baseline,13,281.4935939230769,0.0011464999988675117,13,1.0,3659.416721,True,
LOCAL-v1-q3-smooth_shared_field-5057,3,frozen_baseline,13,302.93631700000003,0.0011547079775482416,13,1.0,3938.172121,True,
LOCAL-v1-q3-smooth_shared_field-5058,3,frozen_baseline,14,245.9540875,0.0012743329862132668,14,1.0,3443.357225,True,
LOCAL-v1-q3-smooth_shared_field-5059,3,frozen_baseline,12,334.42280525,0.0012725830310955644,12,1.0,4013.073663,True,
LOCAL-v1-q3-smooth_shared_field-5060,3,frozen_baseline,11,339.36047845454544,0.0011257909936830401,11,1.0,3732.965263,True,
LOCAL-v1-q3-smooth_shared_field-5061,3,frozen_baseline,13,263.6418813846154,0.001236459007486701,13,1.0,3427.344458,True,
LOCAL-v1-q3-smooth_shared_field-5062,3,frozen_baseline,16,269.8550554375,0.001444916008040309,16,1.0,4317.680887,True,
LOCAL-v1-q3-smooth_shared_field-5063,3,frozen_baseline,15,281.87992786666666,0.0014701250474900007,15,1.0,4228.198918,True,
LOCAL-v1-q3-smooth_shared_field-5064,3,frozen_baseline,13,313.41884323076926,0.0011865830747410655,13,1.0,4074.444962,True,
LOCAL-v1-q3-smooth_shared_field-5065,3,frozen_baseline,12,316.8194869166667,0.001174334087409079,12,1.0,3801.833843,True,
LOCAL-v1-q3-smooth_shared_field-5066,3,frozen_baseline,10,388.98694650000004,0.0010247079189866781,10,1.0,3889.869465,True,
LOCAL-v1-q3-smooth_shared_field-5067,3,frozen_baseline,16,259.825928,0.0015558330342173576,16,1.0,4157.214848,True,
LOCAL-v1-q3-smooth_shared_field-5068,3,frozen_baseline,13,282.3327137692308,0.0011718329042196274,13,1.0,3670.325279,True,
LOCAL-v1-q3-smooth_shared_field-5069,3,frozen_baseline,14,290.7970747857143,0.0014857909409329295,14,1.0,4071.159047,True,
LOCAL-v1-q3-smooth_shared_field-5070,3,frozen_baseline,12,329.17901524999996,0.001335499924607575,12,1.0,3950.148183,True,
LOCAL-v1-q3-smooth_shared_field-5071,3,frozen_baseline,12,308.34032241666665,0.0011784590315073729,12,1.0,3700.083869,True,
LOCAL-v1-q3-smooth_shared_field-5072,3,frozen_baseline,15,263.1792782,0.0013761670561507344,15,1.0,3947.689173,True,
LOCAL-v1-q3-smooth_shared_field-5073,3,frozen_baseline,10,354.8160803,0.001056542037986219,10,1.0,3548.160803,True,
LOCAL-v1-q3-smooth_shared_field-5074,3,frozen_baseline,16,249.184794625,0.0014472909970209002,16,1.0,3986.956714,True,
LOCAL-v1-q3-smooth_shared_field-5075,3,frozen_baseline,15,270.2031786,0.0014896249631419778,15,1.0,4053.047679,True,
LOCAL-v1-q3-smooth_shared_field-5076,3,frozen_baseline,12,309.33931925,0.0012366250157356262,12,1.0,3712.071831,True,
LOCAL-v1-q3-smooth_shared_field-5077,3,frozen_baseline,14,297.9235165714286,0.001384416944347322,14,1.0,4170.929232,True,
LOCAL-v1-q3-smooth_shared_field-5078,3,frozen_baseline,13,270.8225135384615,0.0012579170288518071,13,1.0,3520.692676,True,
LOCAL-v1-q3-smooth_shared_field-5079,3,frozen_baseline,10,371.2509055,0.0010679999832063913,10,1.0,3712.509055,True,
LOCAL-v1-q3-smooth_shared_field-5080,3,frozen_baseline,10,340.2417972,0.0009742499096319079,10,1.0,3402.417972,True,
LOCAL-v1-q3-smooth_shared_field-5081,3,frozen_baseline,16,255.6817505625,0.001471041003242135,16,1.0,4090.908009,True,
LOCAL-v1-q3-smooth_shared_field-5082,3,frozen_baseline,13,308.2578161538462,0.0011812499724328518,13,1.0,4007.35161,True,
LOCAL-v1-q3-smooth_shared_field-5083,3,frozen_baseline,13,309.2363563076923,0.0013853749260306358,13,1.0,4020.072632,True,
LOCAL-v1-q3-smooth_shared_field-5084,3,frozen_baseline,14,304.72414478571426,0.001437708968296647,14,1.0,4266.138027,True,
LOCAL-v1-q3-smooth_shared_field-5085,3,frozen_baseline,15,310.96646913333336,0.0014847080456092954,15,1.0,4664.497037,True,
LOCAL-v1-q3-smooth_shared_field-5086,3,frozen_baseline,12,306.027273,0.0011928750900551677,12,1.0,3672.327276,True,
LOCAL-v1-q3-smooth_shared_field-5087,3,frozen_baseline,13,301.0283222307692,0.0014268329832702875,13,1.0,3913.368189,True,
LOCAL-v1-q3-smooth_shared_field-5088,3,frozen_baseline,16,218.611081,0.001552834059111774,16,1.0,3497.777296,True,
LOCAL-v1-q3-smooth_shared_field-5089,3,frozen_baseline,15,286.5362447333334,0.0016571249580010772,15,1.0,4298.043671,True,
LOCAL-v1-q3-smooth_shared_field-5090,3,frozen_baseline,14,278.161269,0.0015867500333115458,14,1.0,3894.257766,True,
LOCAL-v1-q3-smooth_shared_field-5091,3,frozen_baseline,12,306.53245975,0.0011513750068843365,12,1.0,3678.389517,True,
LOCAL-v1-q3-smooth_shared_field-5092,3,frozen_baseline,11,328.2956816363636,0.0013302919687703252,11,1.0,3611.252498,True,
LOCAL-v1-q3-smooth_shared_field-5093,3,frozen_baseline,15,263.6159444,0.0013831669930368662,15,1.0,3954.239166,True,
LOCAL-v1-q3-smooth_shared_field-5094,3,frozen_baseline,11,335.61814636363636,0.0010788330109789968,11,1.0,3691.79961,True,
LOCAL-v1-q3-smooth_shared_field-5095,3,frozen_baseline,10,326.59105450000004,0.0011142910225316882,10,1.0,3265.910545,True,
LOCAL-v1-q3-smooth_shared_field-5096,3,frozen_baseline,14,310.73258864285714,0.0012787500163540244,14,1.0,4350.256241,True,
LOCAL-v1-q3-smooth_shared_field-5097,3,frozen_baseline,13,269.20869846153846,0.0011125419987365603,13,1.0,3499.71308,True,
LOCAL-v1-q3-smooth_shared_field-5098,3,frozen_baseline,16,255.915696875,0.0016448339447379112,16,1.0,4094.65115,True,
LOCAL-v1-q3-smooth_shared_field-5099,3,frozen_baseline,13,305.02362253846155,0.0012582080671563745,13,1.0,3965.307093,True,
LOCAL-v1-q3-cell50_shared_field-5000,3,frozen_baseline,11,298.36938436363636,0.0011753329308703542,11,1.0,3282.063228,True,
LOCAL-v1-q3-cell50_shared_field-5001,3,frozen_baseline,14,271.2325697142857,0.0015178329776972532,14,1.0,3797.255976,True,
LOCAL-v1-q3-cell50_shared_field-5002,3,frozen_baseline,15,253.28510713333333,0.0014852499589323997,15,1.0,3799.276607,True,
LOCAL-v1-q3-cell50_shared_field-5003,3,frozen_baseline,11,326.11738963636367,0.0011570421047508717,11,1.0,3587.291286,True,
LOCAL-v1-q3-cell50_shared_field-5004,3,frozen_baseline,12,330.09366358333335,0.0011613330570980906,12,1.0,3961.123963,True,
LOCAL-v1-q3-cell50_shared_field-5005,3,frozen_baseline,11,325.35488563636363,0.0011519590625539422,11,1.0,3578.903742,True,
LOCAL-v1-q3-cell50_shared_field-5006,3,frozen_baseline,11,338.8248244545455,0.0011353750014677644,11,1.0,3727.073069,True,
LOCAL-v1-q3-cell50_shared_field-5007,3,frozen_baseline,11,339.0080939090909,0.0010430410038679838,11,1.0,3729.089033,True,
LOCAL-v1-q3-cell50_shared_field-5008,3,frozen_baseline,10,348.39802249999997,0.001163374981842935,10,1.0,3483.980225,True,
LOCAL-v1-q3-cell50_shared_field-5009,3,frozen_baseline,14,287.4902102142857,0.0013090000720694661,14,1.0,4024.862943,True,
LOCAL-v1-q3-cell50_shared_field-5010,3,frozen_baseline,12,329.5571821666667,0.0012376250233501196,12,1.0,3954.686186,True,
LOCAL-v1-q3-cell50_shared_field-5011,3,frozen_baseline,15,283.04561946666666,0.0015382500132545829,15,1.0,4245.684292,True,
LOCAL-v1-q3-cell50_shared_field-5012,3,frozen_baseline,10,355.7560413,0.0010246250312775373,10,1.0,3557.560413,True,
LOCAL-v1-q3-cell50_shared_field-5013,3,frozen_baseline,12,296.26149525,0.0012139580212533474,12,1.0,3555.137943,True,
LOCAL-v1-q3-cell50_shared_field-5014,3,frozen_baseline,11,334.71441336363637,0.0011643340112641454,11,1.0,3681.858547,True,
LOCAL-v1-q3-cell50_shared_field-5015,3,frozen_baseline,12,344.85270741666665,0.0011815830366685987,12,1.0,4138.232489,True,
LOCAL-v1-q3-cell50_shared_field-5016,3,frozen_baseline,16,258.237636,0.0016058749752119184,16,1.0,4131.802176,True,
LOCAL-v1-q3-cell50_shared_field-5017,3,frozen_baseline,15,255.28504926666668,0.0013572080060839653,15,1.0,3829.275739,True,
LOCAL-v1-q3-cell50_shared_field-5018,3,frozen_baseline,10,357.26311150000004,0.000983125064522028,10,1.0,3572.631115,True,
LOCAL-v1-q3-cell50_shared_field-5019,3,frozen_baseline,11,345.4908312727273,0.001258083968423307,11,1.0,3800.399144,True,
LOCAL-v1-q3-cell50_shared_field-5020,3,frozen_baseline,16,265.7170591875,0.001489125075750053,16,1.0,4251.472947,True,
LOCAL-v1-q3-cell50_shared_field-5021,3,frozen_baseline,14,253.77988835714285,0.0012888750061392784,14,1.0,3552.918437,True,
LOCAL-v1-q3-cell50_shared_field-5022,3,frozen_baseline,14,282.7809624285714,0.0012950839009135962,14,1.0,3958.933474,True,
LOCAL-v1-q3-cell50_shared_field-5023,3,frozen_baseline,15,271.4711958,0.0013101249933242798,15,1.0,4072.067937,True,
LOCAL-v1-q3-cell50_shared_field-5024,3,frozen_baseline,13,347.47822761538464,0.0012324999552220106,13,1.0,4517.216959,True,
LOCAL-v1-q3-cell50_shared_field-5025,3,frozen_baseline,12,313.75078191666665,0.001158999977633357,12,1.0,3765.009383,True,
LOCAL-v1-q3-cell50_shared_field-5026,3,frozen_baseline,15,285.7652616666667,0.001408332958817482,15,1.0,4286.478925,True,
LOCAL-v1-q3-cell50_shared_field-5027,3,frozen_baseline,11,297.3170787272727,0.001082667033188045,11,1.0,3270.487866,True,
LOCAL-v1-q3-cell50_shared_field-5028,3,frozen_baseline,10,352.6073377,0.0009072499815374613,10,1.0,3526.073377,True,
LOCAL-v1-q3-cell50_shared_field-5029,3,frozen_baseline,11,324.10750818181816,0.001041417010128498,11,1.0,3565.18259,True,
LOCAL-v1-q3-cell50_shared_field-5030,3,frozen_baseline,12,318.92251516666664,0.0011397919151932001,12,1.0,3827.070182,True,
LOCAL-v1-q3-cell50_shared_field-5031,3,frozen_baseline,15,291.39767546666667,0.0014005829580128193,15,1.0,4370.965132,True,
LOCAL-v1-q3-cell50_shared_field-5032,3,frozen_baseline,11,350.84046245454545,0.00103554199449718,11,1.0,3859.245087,True,
LOCAL-v1-q3-cell50_shared_field-5033,3,frozen_baseline,14,285.4623106428572,0.0013911660062149167,14,1.0,3996.472349,True,
LOCAL-v1-q3-cell50_shared_field-5034,3,frozen_baseline,16,263.8931980625,0.001780542079359293,16,1.0,4222.291169,True,
LOCAL-v1-q3-cell50_shared_field-5035,3,frozen_baseline,10,382.2838421,0.0010162090184167027,10,1.0,3822.838421,True,
LOCAL-v1-q3-cell50_shared_field-5036,3,frozen_baseline,15,228.14955206666667,0.001386042102240026,15,1.0,3422.243281,True,
LOCAL-v1-q3-cell50_shared_field-5037,3,frozen_baseline,15,288.8945074,0.0014851249288767576,15,1.0,4333.417611,True,
LOCAL-v1-q3-cell50_shared_field-5038,3,frozen_baseline,16,251.67739175,0.0014450419694185257,16,1.0,4026.838268,True,
LOCAL-v1-q3-cell50_shared_field-5039,3,frozen_baseline,10,362.80484889999997,0.0010233339853584766,10,1.0,3628.048489,True,
LOCAL-v1-q3-cell50_shared_field-5040,3,frozen_baseline,15,280.48287246666666,0.0014333749422803521,15,1.0,4207.243087,True,
LOCAL-v1-q3-cell50_shared_field-5041,3,frozen_baseline,15,297.74390926666666,0.0012923330068588257,15,1.0,4466.158639,True,
LOCAL-v1-q3-cell50_shared_field-5042,3,frozen_baseline,11,317.96104,0.0010670420015230775,11,1.0,3497.57144,True,
LOCAL-v1-q3-cell50_shared_field-5043,3,frozen_baseline,12,329.0854483333333,0.0013116670306771994,12,1.0,3949.02538,True,
LOCAL-v1-q3-cell50_shared_field-5044,3,frozen_baseline,11,348.4366601818182,0.001192708034068346,11,1.0,3832.803262,True,
LOCAL-v1-q3-cell50_shared_field-5045,3,frozen_baseline,11,314.5567510909091,0.0010578340152278543,11,1.0,3460.124262,True,
LOCAL-v1-q3-cell50_shared_field-5046,3,frozen_baseline,10,367.87566860000004,0.0010876670712605119,10,1.0,3678.756686,True,
LOCAL-v1-q3-cell50_shared_field-5047,3,frozen_baseline,16,251.6686890625,0.0015475000254809856,16,1.0,4026.699025,True,
LOCAL-v1-q3-cell50_shared_field-5048,3,frozen_baseline,12,296.5783608333333,0.0011560419807210565,12,1.0,3558.94033,True,
LOCAL-v1-q3-cell50_shared_field-5049,3,frozen_baseline,10,326.11556989999997,0.0010399160673841834,10,1.0,3261.155699,True,
LOCAL-v1-q3-cell50_shared_field-5050,3,frozen_baseline,15,290.297465,0.0015193329891189933,15,1.0,4354.461975,True,
LOCAL-v1-q3-cell50_shared_field-5051,3,frozen_baseline,11,296.92102836363637,0.0010552500607445836,11,1.0,3266.131312,True,
LOCAL-v1-q3-cell50_shared_field-5052,3,frozen_baseline,13,310.51423553846155,0.0013368339277803898,13,1.0,4036.685062,True,
LOCAL-v1-q3-cell50_shared_field-5053,3,frozen_baseline,16,254.97305925,0.001386375050060451,16,1.0,4079.568948,True,
LOCAL-v1-q3-cell50_shared_field-5054,3,frozen_baseline,16,278.642961125,0.0015572920674458146,16,1.0,4458.287378,True,
LOCAL-v1-q3-cell50_shared_field-5055,3,frozen_baseline,12,324.28826641666666,0.0012303339317440987,12,1.0,3891.459197,True,
LOCAL-v1-q3-cell50_shared_field-5056,3,frozen_baseline,13,278.63861623076923,0.001170082949101925,13,1.0,3622.302011,True,
LOCAL-v1-q3-cell50_shared_field-5057,3,frozen_baseline,13,306.89177584615385,0.001227332977578044,13,1.0,3989.593086,True,
LOCAL-v1-q3-cell50_shared_field-5058,3,frozen_baseline,14,268.27268664285714,0.0012860409915447235,14,1.0,3755.817613,True,
LOCAL-v1-q3-cell50_shared_field-5059,3,frozen_baseline,12,295.52984183333336,0.0011717090383172035,12,1.0,3546.358102,True,
LOCAL-v1-q3-cell50_shared_field-5060,3,frozen_baseline,11,340.9226951818182,0.0010858330642804503,11,1.0,3750.149647,True,
LOCAL-v1-q3-cell50_shared_field-5061,3,frozen_baseline,13,253.53546546153848,0.00113062490709126,13,1.0,3295.961051,True,
LOCAL-v1-q3-cell50_shared_field-5062,3,frozen_baseline,16,266.909432375,0.0014125000452622771,16,1.0,4270.550918,True,
LOCAL-v1-q3-cell50_shared_field-5063,3,frozen_baseline,15,278.6333706666667,0.0013136669294908643,15,1.0,4179.50056,True,
LOCAL-v1-q3-cell50_shared_field-5064,3,frozen_baseline,13,312.0757066153846,0.0011591670336201787,13,1.0,4056.984186,True,
LOCAL-v1-q3-cell50_shared_field-5065,3,frozen_baseline,12,321.828557,0.0013228749157860875,12,1.0,3861.942684,True,
LOCAL-v1-q3-cell50_shared_field-5066,3,frozen_baseline,10,382.6929175,0.0009486670605838299,10,1.0,3826.929175,True,
LOCAL-v1-q3-cell50_shared_field-5067,3,frozen_baseline,16,267.345909125,0.0016517090843990445,16,1.0,4277.534546,True,
LOCAL-v1-q3-cell50_shared_field-5068,3,frozen_baseline,13,276.7203042307692,0.0012092080432921648,13,1.0,3597.363955,True,
LOCAL-v1-q3-cell50_shared_field-5069,3,frozen_baseline,14,307.4522548571428,0.0016296670073643327,14,1.0,4304.331568,True,
LOCAL-v1-q3-cell50_shared_field-5070,3,frozen_baseline,12,323.26758758333335,0.0012503329198807478,12,1.0,3879.211051,True,
LOCAL-v1-q3-cell50_shared_field-5071,3,frozen_baseline,12,314.22612625,0.0011925409780815244,12,1.0,3770.713515,True,
LOCAL-v1-q3-cell50_shared_field-5072,3,frozen_baseline,15,287.21085553333336,0.001341833034530282,15,1.0,4308.162833,True,
LOCAL-v1-q3-cell50_shared_field-5073,3,frozen_baseline,10,369.5619316,0.0010781249729916453,10,1.0,3695.619316,True,
LOCAL-v1-q3-cell50_shared_field-5074,3,frozen_baseline,16,248.7028955625,0.001524958061054349,16,1.0,3979.246329,True,
LOCAL-v1-q3-cell50_shared_field-5075,3,frozen_baseline,15,268.5647441333333,0.001482625026255846,15,1.0,4028.471162,True,
LOCAL-v1-q3-cell50_shared_field-5076,3,frozen_baseline,12,296.90032091666666,0.0013448749668896198,12,1.0,3562.803851,True,
LOCAL-v1-q3-cell50_shared_field-5077,3,frozen_baseline,14,318.8244065,0.001390333054587245,14,1.0,4463.541691,True,
LOCAL-v1-q3-cell50_shared_field-5078,3,frozen_baseline,13,270.6235216923077,0.001205208944156766,13,1.0,3518.105782,True,
LOCAL-v1-q3-cell50_shared_field-5079,3,frozen_baseline,10,329.2094143,0.0012112499680370092,10,1.0,3292.094143,True,
LOCAL-v1-q3-cell50_shared_field-5080,3,frozen_baseline,10,333.2837171,0.0009490830125287175,10,1.0,3332.837171,True,
LOCAL-v1-q3-cell50_shared_field-5081,3,frozen_baseline,16,256.205755875,0.0013419999741017818,16,1.0,4099.292094,True,
LOCAL-v1-q3-cell50_shared_field-5082,3,frozen_baseline,13,297.01932630769227,0.001213249983265996,13,1.0,3861.251242,True,
LOCAL-v1-q3-cell50_shared_field-5083,3,frozen_baseline,13,313.75437976923075,0.0013694999506697059,13,1.0,4078.806937,True,
LOCAL-v1-q3-cell50_shared_field-5084,3,frozen_baseline,14,319.39957357142856,0.0013560829684138298,14,1.0,4471.59403,True,
LOCAL-v1-q3-cell50_shared_field-5085,3,frozen_baseline,15,301.75275193333334,0.0014294999418780208,15,1.0,4526.291279,True,
LOCAL-v1-q3-cell50_shared_field-5086,3,frozen_baseline,12,296.28988,0.001120291999541223,12,1.0,3555.47856,True,
LOCAL-v1-q3-cell50_shared_field-5087,3,frozen_baseline,13,285.29685407692307,0.0012507500359788537,13,1.0,3708.859103,True,
LOCAL-v1-q3-cell50_shared_field-5088,3,frozen_baseline,16,220.6481136875,0.0015387909952551126,16,1.0,3530.369819,True,
LOCAL-v1-q3-cell50_shared_field-5089,3,frozen_baseline,15,310.7493512,0.0015316250501200557,15,1.0,4661.240268,True,
LOCAL-v1-q3-cell50_shared_field-5090,3,frozen_baseline,14,287.0276317857143,0.0016229170141741633,14,1.0,4018.386845,True,
LOCAL-v1-q3-cell50_shared_field-5091,3,frozen_baseline,12,299.53763166666664,0.0011709589743986726,12,1.0,3594.45158,True,
LOCAL-v1-q3-cell50_shared_field-5092,3,frozen_baseline,11,304.11210772727276,0.0010985839180648327,11,1.0,3345.233185,True,
LOCAL-v1-q3-cell50_shared_field-5093,3,frozen_baseline,15,265.4635116,0.0014443749096244574,15,1.0,3981.952674,True,
LOCAL-v1-q3-cell50_shared_field-5094,3,frozen_baseline,11,343.321434,0.0011578749399632215,11,1.0,3776.535774,True,
LOCAL-v1-q3-cell50_shared_field-5095,3,frozen_baseline,10,324.5903157,0.0011917080264538527,10,1.0,3245.903157,True,
LOCAL-v1-q3-cell50_shared_field-5096,3,frozen_baseline,14,317.743328,0.0012785420985892415,14,1.0,4448.406592,True,
LOCAL-v1-q3-cell50_shared_field-5097,3,frozen_baseline,13,269.4126916923077,0.0011436659842729568,13,1.0,3502.364992,True,
LOCAL-v1-q3-cell50_shared_field-5098,3,frozen_baseline,16,249.8779655,0.0014545000158250332,16,1.0,3998.047448,True,
LOCAL-v1-q3-cell50_shared_field-5099,3,frozen_baseline,13,304.2191285384616,0.0011797499610111117,13,1.0,3954.848671,True,
LOCAL-v1-q3-cell500_shared_field-5000,3,frozen_baseline,11,316.61626609090905,0.0011157910339534283,11,1.0,3482.778927,True,
LOCAL-v1-q3-cell500_shared_field-5001,3,frozen_baseline,14,269.7933572857143,0.0014156249817460775,14,1.0,3777.107002,True,
LOCAL-v1-q3-cell500_shared_field-5002,3,frozen_baseline,15,273.5053620666667,0.0013988330028951168,15,1.0,4102.580431,True,
LOCAL-v1-q3-cell500_shared_field-5003,3,frozen_baseline,11,322.4569901818182,0.0010987919522449374,11,1.0,3547.026892,True,
LOCAL-v1-q3-cell500_shared_field-5004,3,frozen_baseline,12,328.77921258333333,0.0011606670450419188,12,1.0,3945.350551,True,
LOCAL-v1-q3-cell500_shared_field-5005,3,frozen_baseline,11,330.51634345454545,0.0011138749541714787,11,1.0,3635.679778,True,
LOCAL-v1-q3-cell500_shared_field-5006,3,frozen_baseline,11,343.02458854545455,0.0010668749455362558,11,1.0,3773.270474,True,
LOCAL-v1-q3-cell500_shared_field-5007,3,frozen_baseline,11,341.7434209090909,0.0010247910395264626,11,1.0,3759.17763,True,
LOCAL-v1-q3-cell500_shared_field-5008,3,frozen_baseline,10,344.1213621,0.001063374918885529,10,1.0,3441.213621,True,
LOCAL-v1-q3-cell500_shared_field-5009,3,frozen_baseline,14,282.98245657142854,0.0013332500820979476,14,1.0,3961.754392,True,
LOCAL-v1-q3-cell500_shared_field-5010,3,frozen_baseline,12,322.3275546666667,0.0011226660571992397,12,1.0,3867.930656,True,
LOCAL-v1-q3-cell500_shared_field-5011,3,frozen_baseline,15,305.6592702666667,0.0013916250318288803,15,1.0,4584.889054,True,
LOCAL-v1-q3-cell500_shared_field-5012,3,frozen_baseline,10,353.8056523,0.0009083750192075968,10,1.0,3538.056523,True,
LOCAL-v1-q3-cell500_shared_field-5013,3,frozen_baseline,12,299.1783145,0.001263833953998983,12,1.0,3590.139774,True,
LOCAL-v1-q3-cell500_shared_field-5014,3,frozen_baseline,11,337.68271263636365,0.0011392909800633788,11,1.0,3714.509839,True,
LOCAL-v1-q3-cell500_shared_field-5015,3,frozen_baseline,12,301.10399575,0.001204166910611093,12,1.0,3613.247949,True,
LOCAL-v1-q3-cell500_shared_field-5016,3,frozen_baseline,16,256.903664875,0.0015514999395236373,16,1.0,4110.458638,True,
LOCAL-v1-q3-cell500_shared_field-5017,3,frozen_baseline,15,259.39803259999996,0.0013463340001180768,15,1.0,3890.970489,True,
LOCAL-v1-q3-cell500_shared_field-5018,3,frozen_baseline,10,357.0899127,0.0009919999865815043,10,1.0,3570.899127,True,
LOCAL-v1-q3-cell500_shared_field-5019,3,frozen_baseline,11,345.1001866363636,0.0010972090531140566,11,1.0,3796.102053,True,
LOCAL-v1-q3-cell500_shared_field-5020,3,frozen_baseline,16,269.036267125,0.0015385840088129044,16,1.0,4304.580274,True,
LOCAL-v1-q3-cell500_shared_field-5021,3,frozen_baseline,14,256.53237014285713,0.0012998749734833837,14,1.0,3591.453182,True,
LOCAL-v1-q3-cell500_shared_field-5022,3,frozen_baseline,14,271.96821892857145,0.0012609169352799654,14,1.0,3807.555065,True,
LOCAL-v1-q3-cell500_shared_field-5023,3,frozen_baseline,15,269.5890880666667,0.001358125009573996,15,1.0,4043.836321,True,
LOCAL-v1-q3-cell500_shared_field-5024,3,frozen_baseline,13,345.7390000769231,0.001223083003424108,13,1.0,4494.607001,True,
LOCAL-v1-q3-cell500_shared_field-5025,3,frozen_baseline,12,316.21661766666665,0.0011918750824406743,12,1.0,3794.599412,True,
LOCAL-v1-q3-cell500_shared_field-5026,3,frozen_baseline,15,289.8392752666667,0.001397875021211803,15,1.0,4347.589129,True,
LOCAL-v1-q3-cell500_shared_field-5027,3,frozen_baseline,11,294.4752469090909,0.0010584580013528466,11,1.0,3239.227716,True,
LOCAL-v1-q3-cell500_shared_field-5028,3,frozen_baseline,10,349.13764000000003,0.0008517500245943666,10,1.0,3491.3764,True,
LOCAL-v1-q3-cell500_shared_field-5029,3,frozen_baseline,11,296.9575082727273,0.0009326250292360783,11,1.0,3266.532591,True,
LOCAL-v1-q3-cell500_shared_field-5030,3,frozen_baseline,12,312.09811125,0.0011250419775024056,12,1.0,3745.177335,True,
LOCAL-v1-q3-cell500_shared_field-5031,3,frozen_baseline,15,276.9061418666667,0.001333917025476694,15,1.0,4153.592128,True,
LOCAL-v1-q3-cell500_shared_field-5032,3,frozen_baseline,11,349.2139949090909,0.0010864170035347342,11,1.0,3841.353944,True,
LOCAL-v1-q3-cell500_shared_field-5033,3,frozen_baseline,14,284.58027185714286,0.001375459018163383,14,1.0,3984.123806,True,
LOCAL-v1-q3-cell500_shared_field-5034,3,frozen_baseline,16,250.2126965,0.0017220420995727181,16,1.0,4003.403144,True,
LOCAL-v1-q3-cell500_shared_field-5035,3,frozen_baseline,10,397.3530511,0.0010712920920923352,10,1.0,3973.530511,True,
LOCAL-v1-q3-cell500_shared_field-5036,3,frozen_baseline,15,227.99638586666666,0.0013616250362247229,15,1.0,3419.945788,True,
LOCAL-v1-q3-cell500_shared_field-5037,3,frozen_baseline,15,280.61482713333334,0.0014919170644134283,15,1.0,4209.222407,True,
LOCAL-v1-q3-cell500_shared_field-5038,3,frozen_baseline,16,281.486513125,0.0016029999824240804,16,1.0,4503.78421,True,
LOCAL-v1-q3-cell500_shared_field-5039,3,frozen_baseline,10,363.5188579,0.0009950000094249845,10,1.0,3635.188579,True,
LOCAL-v1-q3-cell500_shared_field-5040,3,frozen_baseline,15,271.5556009333333,0.001328249927610159,15,1.0,4073.334014,True,
LOCAL-v1-q3-cell500_shared_field-5041,3,frozen_baseline,15,296.6652890666667,0.0012600000482052565,15,1.0,4449.979336,True,
LOCAL-v1-q3-cell500_shared_field-5042,3,frozen_baseline,11,315.3238837272727,0.0009940839372575283,11,1.0,3468.562721,True,
LOCAL-v1-q3-cell500_shared_field-5043,3,frozen_baseline,12,328.80436791666665,0.0012629160191863775,12,1.0,3945.652415,True,
LOCAL-v1-q3-cell500_shared_field-5044,3,frozen_baseline,11,356.1091037272727,0.0011997499968856573,11,1.0,3917.200141,True,
LOCAL-v1-q3-cell500_shared_field-5045,3,frozen_baseline,11,312.2698442727273,0.0010417499579489231,11,1.0,3434.968287,True,
LOCAL-v1-q3-cell500_shared_field-5046,3,frozen_baseline,10,369.5887555,0.0011594579555094242,10,1.0,3695.887555,True,
LOCAL-v1-q3-cell500_shared_field-5047,3,frozen_baseline,16,251.4735885625,0.0014938749372959137,16,1.0,4023.577417,True,
LOCAL-v1-q3-cell500_shared_field-5048,3,frozen_baseline,12,298.9069366666667,0.0011799170169979334,12,1.0,3586.88324,True,
LOCAL-v1-q3-cell500_shared_field-5049,3,frozen_baseline,10,315.08839090000004,0.000953375012613833,10,1.0,3150.883909,True,
LOCAL-v1-q3-cell500_shared_field-5050,3,frozen_baseline,15,290.30435113333334,0.0014740829356014729,15,1.0,4354.565267,True,
LOCAL-v1-q3-cell500_shared_field-5051,3,frozen_baseline,11,298.12313927272726,0.0010275000240653753,11,1.0,3279.354532,True,
LOCAL-v1-q3-cell500_shared_field-5052,3,frozen_baseline,13,304.8139676923077,0.0011675419518724084,13,1.0,3962.58158,True,
LOCAL-v1-q3-cell500_shared_field-5053,3,frozen_baseline,16,255.0888904375,0.0014535830123350024,16,1.0,4081.422247,True,
LOCAL-v1-q3-cell500_shared_field-5054,3,frozen_baseline,16,271.3230320625,0.0013780839508399367,16,1.0,4341.168513,True,
LOCAL-v1-q3-cell500_shared_field-5055,3,frozen_baseline,12,324.05347075000003,0.001260792021639645,12,1.0,3888.641649,True,
LOCAL-v1-q3-cell500_shared_field-5056,3,frozen_baseline,13,282.8794404615385,0.0011789159616455436,13,1.0,3677.432726,True,
LOCAL-v1-q3-cell500_shared_field-5057,3,frozen_baseline,13,307.98711492307694,0.0012159999459981918,13,1.0,4003.832494,True,
LOCAL-v1-q3-cell500_shared_field-5058,3,frozen_baseline,14,264.97465764285715,0.0012320419773459435,14,1.0,3709.645207,True,
LOCAL-v1-q3-cell500_shared_field-5059,3,frozen_baseline,12,325.09958716666665,0.0012283331016078591,12,1.0,3901.195046,True,
LOCAL-v1-q3-cell500_shared_field-5060,3,frozen_baseline,11,336.042823,0.001127874944359064,11,1.0,3696.471053,True,
LOCAL-v1-q3-cell500_shared_field-5061,3,frozen_baseline,13,252.0712646923077,0.0010700420243665576,13,1.0,3276.926441,True,
LOCAL-v1-q3-cell500_shared_field-5062,3,frozen_baseline,16,267.2827444375,0.0014786249957978725,16,1.0,4276.523911,True,
LOCAL-v1-q3-cell500_shared_field-5063,3,frozen_baseline,15,279.0072065333333,0.0013255839003250003,15,1.0,4185.108098,True,
LOCAL-v1-q3-cell500_shared_field-5064,3,frozen_baseline,13,290.56843915384616,0.0011720829643309116,13,1.0,3777.389709,True,
LOCAL-v1-q3-cell500_shared_field-5065,3,frozen_baseline,12,322.31151958333334,0.0012910000514239073,12,1.0,3867.738235,True,
LOCAL-v1-q3-cell500_shared_field-5066,3,frozen_baseline,10,380.9023827,0.0009472079109400511,10,1.0,3809.023827,True,
LOCAL-v1-q3-cell500_shared_field-5067,3,frozen_baseline,16,256.92311625,0.0014545000158250332,16,1.0,4110.76986,True,
LOCAL-v1-q3-cell500_shared_field-5068,3,frozen_baseline,13,276.9824813076923,0.0012418330879881978,13,1.0,3600.772257,True,
LOCAL-v1-q3-cell500_shared_field-5069,3,frozen_baseline,14,297.34344578571427,0.0015047909691929817,14,1.0,4162.808241,True,
LOCAL-v1-q3-cell500_shared_field-5070,3,frozen_baseline,12,325.7261144166667,0.0013245830778032541,12,1.0,3908.713373,True,
LOCAL-v1-q3-cell500_shared_field-5071,3,frozen_baseline,12,314.29764258333336,0.0012467080960050225,12,1.0,3771.571711,True,
LOCAL-v1-q3-cell500_shared_field-5072,3,frozen_baseline,15,265.173994,0.0015961669851094484,15,1.0,3977.60991,True,
LOCAL-v1-q3-cell500_shared_field-5073,3,frozen_baseline,10,369.4211159,0.0010510000865906477,10,1.0,3694.211159,True,
LOCAL-v1-q3-cell500_shared_field-5074,3,frozen_baseline,16,245.7793864375,0.0015541668981313705,16,1.0,3932.470183,True,
LOCAL-v1-q3-cell500_shared_field-5075,3,frozen_baseline,15,268.9762372,0.00136674998793751,15,1.0,4034.643558,True,
LOCAL-v1-q3-cell500_shared_field-5076,3,frozen_baseline,12,292.5663621666667,0.0013432499254122376,12,1.0,3510.796346,True,
LOCAL-v1-q3-cell500_shared_field-5077,3,frozen_baseline,14,314.9400787857143,0.0013875419972464442,14,1.0,4409.161103,True,
LOCAL-v1-q3-cell500_shared_field-5078,3,frozen_baseline,13,269.991195,0.00128454202786088,13,1.0,3509.885535,True,
LOCAL-v1-q3-cell500_shared_field-5079,3,frozen_baseline,10,323.3558664,0.001115166931413114,10,1.0,3233.558664,True,
LOCAL-v1-q3-cell500_shared_field-5080,3,frozen_baseline,10,341.0494338,0.0010601250687614083,10,1.0,3410.494338,True,
LOCAL-v1-q3-cell500_shared_field-5081,3,frozen_baseline,16,257.17001525,0.0014540840638801455,16,1.0,4114.720244,True,
LOCAL-v1-q3-cell500_shared_field-5082,3,frozen_baseline,13,305.03179061538464,0.001211749971844256,13,1.0,3965.413278,True,
LOCAL-v1-q3-cell500_shared_field-5083,3,frozen_baseline,13,321.98168923076923,0.0013121250085532665,13,1.0,4185.76196,True,
LOCAL-v1-q3-cell500_shared_field-5084,3,frozen_baseline,14,304.71826400000003,0.0013170840684324503,14,1.0,4266.055696,True,
LOCAL-v1-q3-cell500_shared_field-5085,3,frozen_baseline,15,292.1528522,0.001372791943140328,15,1.0,4382.292783,True,
LOCAL-v1-q3-cell500_shared_field-5086,3,frozen_baseline,12,297.0460384166667,0.0011671249521896243,12,1.0,3564.552461,True,
LOCAL-v1-q3-cell500_shared_field-5087,3,frozen_baseline,13,293.3980166153846,0.001359958085231483,13,1.0,3814.174216,True,
LOCAL-v1-q3-cell500_shared_field-5088,3,frozen_baseline,16,219.51712575,0.0015171250561252236,16,1.0,3512.274012,True,
LOCAL-v1-q3-cell500_shared_field-5089,3,frozen_baseline,15,308.7056915333333,0.001505000051110983,15,1.0,4630.585373,True,
LOCAL-v1-q3-cell500_shared_field-5090,3,frozen_baseline,14,281.59878535714284,0.0015978339361026883,14,1.0,3942.382995,True,
LOCAL-v1-q3-cell500_shared_field-5091,3,frozen_baseline,12,307.47911633333337,0.0011609590146690607,12,1.0,3689.749396,True,
LOCAL-v1-q3-cell500_shared_field-5092,3,frozen_baseline,11,309.0719012727273,0.0011069579049944878,11,1.0,3399.790914,True,
LOCAL-v1-q3-cell500_shared_field-5093,3,frozen_baseline,15,263.4618442,0.0013293330557644367,15,1.0,3951.927663,True,
LOCAL-v1-q3-cell500_shared_field-5094,3,frozen_baseline,11,341.103515,0.0010882089845836163,11,1.0,3752.138665,True,
LOCAL-v1-q3-cell500_shared_field-5095,3,frozen_baseline,10,319.1802479,0.001151749980635941,10,1.0,3191.802479,True,
LOCAL-v1-q3-cell500_shared_field-5096,3,frozen_baseline,14,316.3444709285714,0.0013657079543918371,14,1.0,4428.822593,True,
LOCAL-v1-q3-cell500_shared_field-5097,3,frozen_baseline,13,265.32474915384614,0.001067750039510429,13,1.0,3449.221739,True,
LOCAL-v1-q3-cell500_shared_field-5098,3,frozen_baseline,16,250.176693,0.0015513329999521375,16,1.0,4002.827088,True,
LOCAL-v1-q3-cell500_shared_field-5099,3,frozen_baseline,13,306.7007273846154,0.0012680840445682406,13,1.0,3987.109456,True,
LOCAL-v1-q3-edge_mixed_min_radius-5000,3,frozen_baseline,11,339.99104518181815,0.0009464999893680215,11,1.0,3739.901497,True,
LOCAL-v1-q3-edge_mixed_min_radius-5001,3,frozen_baseline,14,295.44019614285713,0.0012472079833969474,14,1.0,4136.162746,True,
LOCAL-v1-q3-edge_mixed_min_radius-5002,3,frozen_baseline,15,301.0251404,0.001315833069384098,15,1.0,4515.377106,True,
LOCAL-v1-q3-edge_mixed_min_radius-5003,3,frozen_baseline,11,346.23542236363636,0.0009990419493988156,11,1.0,3808.589646,True,
LOCAL-v1-q3-edge_mixed_min_radius-5004,3,frozen_baseline,12,316.0949738333333,0.0010069579584524035,12,1.0,3793.139686,True,
LOCAL-v1-q3-edge_mixed_min_radius-5005,3,frozen_baseline,11,390.56766227272726,0.0009876249823719263,11,1.0,4296.244285,True,
LOCAL-v1-q3-edge_mixed_min_radius-5006,3,frozen_baseline,11,321.72702681818186,0.0008980840211734176,11,1.0,3538.997295,True,
LOCAL-v1-q3-edge_mixed_min_radius-5007,3,frozen_baseline,11,317.78303327272727,0.000983875012025237,11,1.0,3495.613366,True,
LOCAL-v1-q3-edge_mixed_min_radius-5008,3,frozen_baseline,10,444.8031927,0.0009769999887794256,10,1.0,4448.031927,True,
LOCAL-v1-q3-edge_mixed_min_radius-5009,3,frozen_baseline,14,266.0104939285714,0.001187457935884595,14,1.0,3724.146915,True,
LOCAL-v1-q3-edge_mixed_min_radius-5010,3,frozen_baseline,12,352.9040875,0.0009862079750746489,12,1.0,4234.84905,True,
LOCAL-v1-q3-edge_mixed_min_radius-5011,3,frozen_baseline,15,328.63879579999997,0.0013029170222580433,15,1.0,4929.581937,True,
LOCAL-v1-q3-edge_mixed_min_radius-5012,3,frozen_baseline,10,337.425682,0.0009695000480860472,10,1.0,3374.25682,True,
LOCAL-v1-q3-edge_mixed_min_radius-5013,3,frozen_baseline,12,341.77809391666665,0.001083750044927001,12,1.0,4101.337127,True,
LOCAL-v1-q3-edge_mixed_min_radius-5014,3,frozen_baseline,11,392.399948,0.0010852920822799206,11,1.0,4316.399428,True,
LOCAL-v1-q3-edge_mixed_min_radius-5015,3,frozen_baseline,12,312.7297275,0.0009793330682441592,12,1.0,3752.75673,True,
LOCAL-v1-q3-edge_mixed_min_radius-5016,3,frozen_baseline,16,242.4451745625,0.0013212920166552067,16,1.0,3879.122793,True,
LOCAL-v1-q3-edge_mixed_min_radius-5017,3,frozen_baseline,15,299.6787578,0.00130025006365031,15,1.0,4495.181367,True,
LOCAL-v1-q3-edge_mixed_min_radius-5018,3,frozen_baseline,10,374.3014657,0.0009637919720262289,10,1.0,3743.014657,True,
LOCAL-v1-q3-edge_mixed_min_radius-5019,3,frozen_baseline,11,313.88239672727275,0.0008664170745760202,11,1.0,3452.706364,True,
LOCAL-v1-q3-edge_mixed_min_radius-5020,3,frozen_baseline,16,255.9806079375,0.0012428329791873693,16,1.0,4095.689727,True,
LOCAL-v1-q3-edge_mixed_min_radius-5021,3,frozen_baseline,14,291.3500066428572,0.001248417072929442,14,1.0,4078.900093,True,
LOCAL-v1-q3-edge_mixed_min_radius-5022,3,frozen_baseline,14,267.17348400000003,0.0011454590130597353,14,1.0,3740.428776,True,
LOCAL-v1-q3-edge_mixed_min_radius-5023,3,frozen_baseline,15,304.35871126666666,0.0014355420134961605,15,1.0,4565.380669,True,
LOCAL-v1-q3-edge_mixed_min_radius-5024,3,frozen_baseline,13,303.8509579230769,0.0011691669933497906,13,1.0,3950.062453,True,
LOCAL-v1-q3-edge_mixed_min_radius-5025,3,frozen_baseline,12,346.64113875,0.0010954579338431358,12,1.0,4159.693665,True,
LOCAL-v1-q3-edge_mixed_min_radius-5026,3,frozen_baseline,15,268.3920202,0.0011870419839397073,15,1.0,4025.880303,True,
LOCAL-v1-q3-edge_mixed_min_radius-5027,3,frozen_baseline,11,378.8762802727273,0.0009685000404715538,11,1.0,4167.639083,True,
LOCAL-v1-q3-edge_mixed_min_radius-5028,3,frozen_baseline,10,359.888802,0.0008939590770751238,10,1.0,3598.88802,True,
LOCAL-v1-q3-edge_mixed_min_radius-5029,3,frozen_baseline,11,338.29444954545454,0.0009900419972836971,11,1.0,3721.238945,True,
LOCAL-v1-q3-edge_mixed_min_radius-5030,3,frozen_baseline,12,306.2120604166667,0.000971833011135459,12,1.0,3674.544725,True,
LOCAL-v1-q3-edge_mixed_min_radius-5031,3,frozen_baseline,15,303.0651003333333,0.001277665956877172,15,1.0,4545.976505,True,
LOCAL-v1-q3-edge_mixed_min_radius-5032,3,frozen_baseline,11,318.47432736363635,0.0009230000432580709,11,1.0,3503.217601,True,
LOCAL-v1-q3-edge_mixed_min_radius-5033,3,frozen_baseline,14,307.3807038571428,0.0011819589417427778,14,1.0,4303.329854,True,
LOCAL-v1-q3-edge_mixed_min_radius-5034,3,frozen_baseline,16,275.463067625,0.001332916901446879,16,1.0,4407.409082,True,
LOCAL-v1-q3-edge_mixed_min_radius-5035,3,frozen_baseline,10,348.71499819999997,0.0008995829848572612,10,1.0,3487.149982,True,
LOCAL-v1-q3-edge_mixed_min_radius-5036,3,frozen_baseline,15,302.74371866666667,0.0012487920466810465,15,1.0,4541.15578,True,
LOCAL-v1-q3-edge_mixed_min_radius-5037,3,frozen_baseline,15,281.1176072,0.0012791670160368085,15,1.0,4216.764108,True,
LOCAL-v1-q3-edge_mixed_min_radius-5038,3,frozen_baseline,16,300.149111875,0.0014038330409675837,16,1.0,4802.38579,True,
LOCAL-v1-q3-edge_mixed_min_radius-5039,3,frozen_baseline,10,425.1214952,0.0009535000426694751,10,1.0,4251.214952,True,
LOCAL-v1-q3-edge_mixed_min_radius-5040,3,frozen_baseline,15,261.05152913333336,0.0013100840151309967,15,1.0,3915.772937,True,
LOCAL-v1-q3-edge_mixed_min_radius-5041,3,frozen_baseline,15,260.58166926666667,0.001232834067195654,15,1.0,3908.725039,True,
LOCAL-v1-q3-edge_mixed_min_radius-5042,3,frozen_baseline,11,341.1807236363636,0.0011371669825166464,11,1.0,3752.98796,True,
LOCAL-v1-q3-edge_mixed_min_radius-5043,3,frozen_baseline,12,327.48567833333334,0.0010262499563395977,12,1.0,3929.82814,True,
LOCAL-v1-q3-edge_mixed_min_radius-5044,3,frozen_baseline,11,366.0811809090909,0.0009798750979825854,11,1.0,4026.89299,True,
LOCAL-v1-q3-edge_mixed_min_radius-5045,3,frozen_baseline,11,357.3082601818182,0.0010124159744009376,11,1.0,3930.390862,True,
LOCAL-v1-q3-edge_mixed_min_radius-5046,3,frozen_baseline,10,335.3074548,0.0009295409545302391,10,1.0,3353.074548,True,
LOCAL-v1-q3-edge_mixed_min_radius-5047,3,frozen_baseline,16,335.2628636875,0.0013421670300886035,16,1.0,5364.205819,True,
LOCAL-v1-q3-edge_mixed_min_radius-5048,3,frozen_baseline,12,308.43381841666667,0.0010549590224400163,12,1.0,3701.205821,True,
LOCAL-v1-q3-edge_mixed_min_radius-5049,3,frozen_baseline,10,364.3165892,0.0009370000334456563,10,1.0,3643.165892,True,
LOCAL-v1-q3-edge_mixed_min_radius-5050,3,frozen_baseline,15,269.30552819999997,0.0012825829908251762,15,1.0,4039.582923,True,
LOCAL-v1-q3-edge_mixed_min_radius-5051,3,frozen_baseline,11,406.64855600000004,0.0010181250981986523,11,1.0,4473.134116,True,
LOCAL-v1-q3-edge_mixed_min_radius-5052,3,frozen_baseline,13,285.74130938461536,0.001144499983638525,13,1.0,3714.637022,True,
LOCAL-v1-q3-edge_mixed_min_radius-5053,3,frozen_baseline,16,269.9598995625,0.001334875007160008,16,1.0,4319.358393,True,
LOCAL-v1-q3-edge_mixed_min_radius-5054,3,frozen_baseline,16,251.0221104375,0.0012567080557346344,16,1.0,4016.353767,True,
LOCAL-v1-q3-edge_mixed_min_radius-5055,3,frozen_baseline,12,284.3749235833333,0.0010977920610457659,12,1.0,3412.499083,True,
LOCAL-v1-q3-edge_mixed_min_radius-5056,3,frozen_baseline,13,285.69666361538464,0.0011302499333396554,13,1.0,3714.056627,True,
LOCAL-v1-q3-edge_mixed_min_radius-5057,3,frozen_baseline,13,343.73417569230764,0.0011752500431612134,13,1.0,4468.544284,True,
LOCAL-v1-q3-edge_mixed_min_radius-5058,3,frozen_baseline,14,294.2286537857143,0.0011586250038817525,14,1.0,4119.201153,True,
LOCAL-v1-q3-edge_mixed_min_radius-5059,3,frozen_baseline,12,387.45026608333336,0.0010849579703062773,12,1.0,4649.403193,True,
LOCAL-v1-q3-edge_mixed_min_radius-5060,3,frozen_baseline,11,325.5998394545455,0.0009838329860940576,11,1.0,3581.598234,True,
LOCAL-v1-q3-edge_mixed_min_radius-5061,3,frozen_baseline,13,301.0372066153846,0.001056583016179502,13,1.0,3913.483686,True,
LOCAL-v1-q3-edge_mixed_min_radius-5062,3,frozen_baseline,16,270.5007946875,0.0012894580140709877,16,1.0,4328.012715,True,
LOCAL-v1-q3-edge_mixed_min_radius-5063,3,frozen_baseline,15,324.03253980000005,0.0012652080040425062,15,1.0,4860.488097,True,
LOCAL-v1-q3-edge_mixed_min_radius-5064,3,frozen_baseline,13,350.76063307692306,0.001126458984799683,13,1.0,4559.88823,True,
LOCAL-v1-q3-edge_mixed_min_radius-5065,3,frozen_baseline,12,306.06603675,0.0010111660230904818,12,1.0,3672.792441,True,
LOCAL-v1-q3-edge_mixed_min_radius-5066,3,frozen_baseline,10,411.25853820000003,0.0009817909449338913,10,1.0,4112.585382,True,
LOCAL-v1-q3-edge_mixed_min_radius-5067,3,frozen_baseline,16,303.4158401875,0.0012902909656986594,16,1.0,4854.653443,True,
LOCAL-v1-q3-edge_mixed_min_radius-5068,3,frozen_baseline,13,307.38538261538463,0.001034499960951507,13,1.0,3996.009974,True,
LOCAL-v1-q3-edge_mixed_min_radius-5069,3,frozen_baseline,14,287.50264899999996,0.001186833018437028,14,1.0,4025.037086,True,
LOCAL-v1-q3-edge_mixed_min_radius-5070,3,frozen_baseline,12,332.06480875,0.0011045840801671147,12,1.0,3984.777705,True,
LOCAL-v1-q3-edge_mixed_min_radius-5071,3,frozen_baseline,12,341.2283713333333,0.001057000015862286,12,1.0,4094.740456,True,
LOCAL-v1-q3-edge_mixed_min_radius-5072,3,frozen_baseline,15,267.5926475333333,0.001294707995839417,15,1.0,4013.889713,True,
LOCAL-v1-q3-edge_mixed_min_radius-5073,3,frozen_baseline,10,334.73082519999997,0.000859249965287745,10,1.0,3347.308252,True,
LOCAL-v1-q3-edge_mixed_min_radius-5074,3,frozen_baseline,16,321.7621328125,0.0012745000422000885,16,1.0,5148.194125,True,
LOCAL-v1-q3-edge_mixed_min_radius-5075,3,frozen_baseline,15,259.26603886666663,0.0011253339471295476,15,1.0,3888.990583,True,
LOCAL-v1-q3-edge_mixed_min_radius-5076,3,frozen_baseline,12,324.0303134166667,0.0010802079923450947,12,1.0,3888.363761,True,
LOCAL-v1-q3-edge_mixed_min_radius-5077,3,frozen_baseline,14,293.17445349999997,0.0011719160247594118,14,1.0,4104.442349,True,
LOCAL-v1-q3-edge_mixed_min_radius-5078,3,frozen_baseline,13,292.5034756923077,0.0011639170115813613,13,1.0,3802.545184,True,
LOCAL-v1-q3-edge_mixed_min_radius-5079,3,frozen_baseline,10,383.7292167,0.0009529580129310489,10,1.0,3837.292167,True,
LOCAL-v1-q3-edge_mixed_min_radius-5080,3,frozen_baseline,10,355.9229257,0.0008818750502541661,10,1.0,3559.229257,True,
LOCAL-v1-q3-edge_mixed_min_radius-5081,3,frozen_baseline,16,288.7109273125,0.001364625059068203,16,1.0,4619.374837,True,
LOCAL-v1-q3-edge_mixed_min_radius-5082,3,frozen_baseline,13,315.454031,0.0010800000745803118,13,1.0,4100.902403,True,
LOCAL-v1-q3-edge_mixed_min_radius-5083,3,frozen_baseline,13,317.02968553846154,0.001184582943096757,13,1.0,4121.385912,True,
LOCAL-v1-q3-edge_mixed_min_radius-5084,3,frozen_baseline,14,281.7560805714286,0.001137249986641109,14,1.0,3944.585128,True,
LOCAL-v1-q3-edge_mixed_min_radius-5085,3,frozen_baseline,15,320.2433382,0.0012943330220878124,15,1.0,4803.650073,True,
LOCAL-v1-q3-edge_mixed_min_radius-5086,3,frozen_baseline,12,305.35154074999997,0.001123499940149486,12,1.0,3664.218489,True,
LOCAL-v1-q3-edge_mixed_min_radius-5087,3,frozen_baseline,13,359.17955653846155,0.0011125829769298434,13,1.0,4669.334235,True,
LOCAL-v1-q3-edge_mixed_min_radius-5088,3,frozen_baseline,16,264.52505175,0.0012615829473361373,16,1.0,4232.400828,True,
LOCAL-v1-q3-edge_mixed_min_radius-5089,3,frozen_baseline,15,287.5180124,0.0012199579505249858,15,1.0,4312.770186,True,
LOCAL-v1-q3-edge_mixed_min_radius-5090,3,frozen_baseline,14,282.65667185714284,0.0011538329999893904,14,1.0,3957.193406,True,
LOCAL-v1-q3-edge_mixed_min_radius-5091,3,frozen_baseline,12,316.48176166666667,0.0010813330300152302,12,1.0,3797.78114,True,
LOCAL-v1-q3-edge_mixed_min_radius-5092,3,frozen_baseline,11,330.66109363636366,0.0010915419552475214,11,1.0,3637.27203,True,
LOCAL-v1-q3-edge_mixed_min_radius-5093,3,frozen_baseline,15,285.5641437333333,0.0013497089967131615,15,1.0,4283.462156,True,
LOCAL-v1-q3-edge_mixed_min_radius-5094,3,frozen_baseline,11,341.548721,0.000996417016722262,11,1.0,3757.035931,True,
LOCAL-v1-q3-edge_mixed_min_radius-5095,3,frozen_baseline,10,359.9698653,0.0009579999605193734,10,1.0,3599.698653,True,
LOCAL-v1-q3-edge_mixed_min_radius-5096,3,frozen_baseline,14,283.6629417857143,0.0011957500828430057,14,1.0,3971.281185,True,
LOCAL-v1-q3-edge_mixed_min_radius-5097,3,frozen_baseline,13,273.6519505384615,0.001090249978005886,13,1.0,3557.475357,True,
LOCAL-v1-q3-edge_mixed_min_radius-5098,3,frozen_baseline,16,290.3915451875,0.0014229590306058526,16,1.0,4646.264723,True,
LOCAL-v1-q3-edge_mixed_min_radius-5099,3,frozen_baseline,13,284.5409074615385,0.0011174579849466681,13,1.0,3699.031797,True,
LOCAL-v1-q3-offcenter_cluster-5000,3,frozen_baseline,11,324.695116,0.0010604169219732285,11,1.0,3571.646276,True,
LOCAL-v1-q3-offcenter_cluster-5001,3,frozen_baseline,14,281.6218125,0.0011530830524861813,14,1.0,3942.705375,True,
LOCAL-v1-q3-offcenter_cluster-5002,3,frozen_baseline,15,217.5477302,0.0013697919202968478,15,1.0,3263.215953,True,
LOCAL-v1-q3-offcenter_cluster-5003,3,frozen_baseline,11,256.58574554545453,0.0011178749846294522,11,1.0,2822.443201,True,
LOCAL-v1-q3-offcenter_cluster-5004,3,frozen_baseline,12,266.1630886666667,0.0012173749273642898,12,1.0,3193.957064,True,
LOCAL-v1-q3-offcenter_cluster-5005,3,frozen_baseline,11,276.19069545454545,0.0011566251050680876,11,1.0,3038.09765,True,
LOCAL-v1-q3-offcenter_cluster-5006,3,frozen_baseline,11,333.7488536363636,0.0010402089683339,11,1.0,3671.23739,True,
LOCAL-v1-q3-offcenter_cluster-5007,3,frozen_baseline,11,272.1602959090909,0.0010415000142529607,11,1.0,2993.763255,True,
LOCAL-v1-q3-offcenter_cluster-5008,3,frozen_baseline,10,319.5155272,0.000952791073359549,10,1.0,3195.155272,True,
LOCAL-v1-q3-offcenter_cluster-5009,3,frozen_baseline,14,290.48929114285716,0.0013681669952347875,14,1.0,4066.850076,True,
LOCAL-v1-q3-offcenter_cluster-5010,3,frozen_baseline,12,275.01011124999997,0.0011795840691775084,12,1.0,3300.121335,True,
LOCAL-v1-q3-offcenter_cluster-5011,3,frozen_baseline,15,312.8980584,0.0011633329559117556,15,1.0,4693.470876,True,
LOCAL-v1-q3-offcenter_cluster-5012,3,frozen_baseline,10,321.1570724,0.0010579160880297422,10,1.0,3211.570724,True,
LOCAL-v1-q3-offcenter_cluster-5013,3,frozen_baseline,12,255.32010216666666,0.0011173330713063478,12,1.0,3063.841226,True,
LOCAL-v1-q3-offcenter_cluster-5014,3,frozen_baseline,11,285.1465764545455,0.0009347499581053853,11,1.0,3136.612341,True,
LOCAL-v1-q3-offcenter_cluster-5015,3,frozen_baseline,12,249.13680524999998,0.0011305410880595446,12,1.0,2989.641663,True,
LOCAL-v1-q3-offcenter_cluster-5016,3,frozen_baseline,16,178.743715,0.001551666995510459,16,1.0,2859.89944,True,
LOCAL-v1-q3-offcenter_cluster-5017,3,frozen_baseline,15,204.52214,0.0013852500123903155,15,1.0,3067.8321,True,
LOCAL-v1-q3-offcenter_cluster-5018,3,frozen_baseline,10,374.0512192,0.0010753750102594495,10,1.0,3740.512192,True,
LOCAL-v1-q3-offcenter_cluster-5019,3,frozen_baseline,11,287.05801918181817,0.001139082945883274,11,1.0,3157.638211,True,
LOCAL-v1-q3-offcenter_cluster-5020,3,frozen_baseline,16,128.22286125,0.0013717500260099769,16,1.0,2051.56578,True,
LOCAL-v1-q3-offcenter_cluster-5021,3,frozen_baseline,14,237.0281157142857,0.0014856250490993261,14,1.0,3318.39362,True,
LOCAL-v1-q3-offcenter_cluster-5022,3,frozen_baseline,14,263.4121709285714,0.0014520419063046575,14,1.0,3687.770393,True,
LOCAL-v1-q3-offcenter_cluster-5023,3,frozen_baseline,15,204.4906418,0.001191208022646606,15,1.0,3067.359627,True,
LOCAL-v1-q3-offcenter_cluster-5024,3,frozen_baseline,13,244.47289084615386,0.0013847920345142484,13,1.0,3178.147581,True,
LOCAL-v1-q3-offcenter_cluster-5025,3,frozen_baseline,12,257.1611070833333,0.0011220829328522086,12,1.0,3085.933285,True,
LOCAL-v1-q3-offcenter_cluster-5026,3,frozen_baseline,15,205.95484866666666,0.0013867920497432351,15,1.0,3089.32273,True,
LOCAL-v1-q3-offcenter_cluster-5027,3,frozen_baseline,11,286.51590363636365,0.0010251670610159636,11,1.0,3151.67494,True,
LOCAL-v1-q3-offcenter_cluster-5028,3,frozen_baseline,10,295.6986608,0.0009249589638784528,10,1.0,2956.986608,True,
LOCAL-v1-q3-offcenter_cluster-5029,3,frozen_baseline,11,268.7886562727273,0.0010950410505756736,11,1.0,2956.675219,True,
LOCAL-v1-q3-offcenter_cluster-5030,3,frozen_baseline,12,276.490654,0.001020791009068489,12,1.0,3317.887848,True,
LOCAL-v1-q3-offcenter_cluster-5031,3,frozen_baseline,15,273.39041453333334,0.0011892920592799783,15,1.0,4100.856218,True,
LOCAL-v1-q3-offcenter_cluster-5032,3,frozen_baseline,11,341.8079973636364,0.0012092500692233443,11,1.0,3759.887971,True,
LOCAL-v1-q3-offcenter_cluster-5033,3,frozen_baseline,14,255.96235342857145,0.0013607920845970511,14,1.0,3583.472948,True,
LOCAL-v1-q3-offcenter_cluster-5034,3,frozen_baseline,16,103.9333761875,0.0013390000676736236,16,1.0,1662.934019,True,
LOCAL-v1-q3-offcenter_cluster-5035,3,frozen_baseline,10,355.0922859,0.0009167499374598265,10,1.0,3550.922859,True,
LOCAL-v1-q3-offcenter_cluster-5036,3,frozen_baseline,15,218.24855153333334,0.0015604159561917186,15,1.0,3273.728273,True,
LOCAL-v1-q3-offcenter_cluster-5037,3,frozen_baseline,15,397.403392,0.0016945000970736146,15,1.0,5961.05088,True,
LOCAL-v1-q3-offcenter_cluster-5038,3,frozen_baseline,16,94.567154125,0.0013837090227752924,16,1.0,1513.074466,True,
LOCAL-v1-q3-offcenter_cluster-5039,3,frozen_baseline,10,340.8677712,0.0010882499627768993,10,1.0,3408.677712,True,
LOCAL-v1-q3-offcenter_cluster-5040,3,frozen_baseline,15,278.3169289333334,0.0013345410116016865,15,1.0,4174.753934,True,
LOCAL-v1-q3-offcenter_cluster-5041,3,frozen_baseline,15,252.98992826666665,0.001270958106033504,15,1.0,3794.848924,True,
LOCAL-v1-q3-offcenter_cluster-5042,3,frozen_baseline,11,266.45099627272725,0.0010930829448625445,11,1.0,2930.960959,True,
LOCAL-v1-q3-offcenter_cluster-5043,3,frozen_baseline,12,316.38915075,0.0011355830356478691,12,1.0,3796.669809,True,
LOCAL-v1-q3-offcenter_cluster-5044,3,frozen_baseline,11,365.36397327272726,0.0010550420265644789,11,1.0,4019.003706,True,
LOCAL-v1-q3-offcenter_cluster-5045,3,frozen_baseline,11,356.4138420909091,0.0008869169978424907,11,1.0,3920.552263,True,
LOCAL-v1-q3-offcenter_cluster-5046,3,frozen_baseline,10,320.7315425,0.000852332916110754,10,1.0,3207.315425,True,
LOCAL-v1-q3-offcenter_cluster-5047,3,frozen_baseline,16,148.119092375,0.0014212090754881501,16,1.0,2369.905478,True,
LOCAL-v1-q3-offcenter_cluster-5048,3,frozen_baseline,12,313.2861050833333,0.0009102090261876583,12,1.0,3759.433261,True,
LOCAL-v1-q3-offcenter_cluster-5049,3,frozen_baseline,10,303.4522182,0.0009541249601170421,10,1.0,3034.522182,True,
LOCAL-v1-q3-offcenter_cluster-5050,3,frozen_baseline,15,206.7358258666667,0.001240417012013495,15,1.0,3101.037388,True,
LOCAL-v1-q3-offcenter_cluster-5051,3,frozen_baseline,11,342.79969063636366,0.0011288749519735575,11,1.0,3770.796597,True,
LOCAL-v1-q3-offcenter_cluster-5052,3,frozen_baseline,13,370.6422321538461,0.001325499964877963,13,1.0,4818.349018,True,
LOCAL-v1-q3-offcenter_cluster-5053,3,frozen_baseline,16,148.04064775,0.0014980420237407088,16,1.0,2368.650364,True,
LOCAL-v1-q3-offcenter_cluster-5054,3,frozen_baseline,16,94.018387375,0.0012427499750629067,16,1.0,1504.294198,True,
LOCAL-v1-q3-offcenter_cluster-5055,3,frozen_baseline,12,283.94846916666665,0.0011955000227317214,12,1.0,3407.38163,True,
LOCAL-v1-q3-offcenter_cluster-5056,3,frozen_baseline,13,283.307991,0.0012727499706670642,13,1.0,3683.003883,True,
LOCAL-v1-q3-offcenter_cluster-5057,3,frozen_baseline,13,267.6673989230769,0.001216165954247117,13,1.0,3479.676186,True,
LOCAL-v1-q3-offcenter_cluster-5058,3,frozen_baseline,14,250.43559964285714,0.0013434579595923424,14,1.0,3506.098395,True,
LOCAL-v1-q3-offcenter_cluster-5059,3,frozen_baseline,12,422.4501719166667,0.0012259589275345206,12,1.0,5069.402063,True,
LOCAL-v1-q3-offcenter_cluster-5060,3,frozen_baseline,11,303.3444070909091,0.0009452500380575657,11,1.0,3336.788478,True,
LOCAL-v1-q3-offcenter_cluster-5061,3,frozen_baseline,13,251.15492576923077,0.0010869581019505858,13,1.0,3265.014035,True,
LOCAL-v1-q3-offcenter_cluster-5062,3,frozen_baseline,16,127.1219455625,0.0012891250662505627,16,1.0,2033.951129,True,
LOCAL-v1-q3-offcenter_cluster-5063,3,frozen_baseline,15,204.93253386666666,0.001431209035217762,15,1.0,3073.988008,True,
LOCAL-v1-q3-offcenter_cluster-5064,3,frozen_baseline,13,343.29721,0.0010994999902322888,13,1.0,4462.86373,True,
LOCAL-v1-q3-offcenter_cluster-5065,3,frozen_baseline,12,340.308287,0.0012286660494282842,12,1.0,4083.699444,True,
LOCAL-v1-q3-offcenter_cluster-5066,3,frozen_baseline,10,371.2946599,0.0008624170441180468,10,1.0,3712.946599,True,
LOCAL-v1-q3-offcenter_cluster-5067,3,frozen_baseline,16,132.8443694375,0.0012120419414713979,16,1.0,2125.509911,True,
LOCAL-v1-q3-offcenter_cluster-5068,3,frozen_baseline,13,288.478323,0.0011675000423565507,13,1.0,3750.218199,True,
LOCAL-v1-q3-offcenter_cluster-5069,3,frozen_baseline,14,246.52624635714284,0.0013419160386547446,14,1.0,3451.367449,True,
LOCAL-v1-q3-offcenter_cluster-5070,3,frozen_baseline,12,365.4021,0.001120207947678864,12,1.0,4384.8252,True,
LOCAL-v1-q3-offcenter_cluster-5071,3,frozen_baseline,12,263.85696475000003,0.0012439580168575048,12,1.0,3166.283577,True,
LOCAL-v1-q3-offcenter_cluster-5072,3,frozen_baseline,15,208.6780924,0.0013920000055804849,15,1.0,3130.171386,True,
LOCAL-v1-q3-offcenter_cluster-5073,3,frozen_baseline,10,320.3504642,0.0007880419725552201,10,1.0,3203.504642,True,
LOCAL-v1-q3-offcenter_cluster-5074,3,frozen_baseline,16,163.9774330625,0.0012804169673472643,16,1.0,2623.638929,True,
LOCAL-v1-q3-offcenter_cluster-5075,3,frozen_baseline,15,279.7258953333333,0.001450750045478344,15,1.0,4195.88843,True,
LOCAL-v1-q3-offcenter_cluster-5076,3,frozen_baseline,12,245.97824233333333,0.0011832501040771604,12,1.0,2951.738908,True,
LOCAL-v1-q3-offcenter_cluster-5077,3,frozen_baseline,14,304.03967378571434,0.0015354580245912075,14,1.0,4256.555433,True,
LOCAL-v1-q3-offcenter_cluster-5078,3,frozen_baseline,13,311.97578753846153,0.0010237910319119692,13,1.0,4055.685238,True,
LOCAL-v1-q3-offcenter_cluster-5079,3,frozen_baseline,10,340.8290692,0.0010681248968467116,10,1.0,3408.290692,True,
LOCAL-v1-q3-offcenter_cluster-5080,3,frozen_baseline,10,336.93886480000003,0.000977999996393919,10,1.0,3369.388648,True,
LOCAL-v1-q3-offcenter_cluster-5081,3,frozen_baseline,16,171.15645425,0.001281042001210153,16,1.0,2738.503268,True,
LOCAL-v1-q3-offcenter_cluster-5082,3,frozen_baseline,13,396.6731582307693,0.0014598749112337828,13,1.0,5156.751057,True,
LOCAL-v1-q3-offcenter_cluster-5083,3,frozen_baseline,13,287.1344589230769,0.0013373340480029583,13,1.0,3732.747966,True,
LOCAL-v1-q3-offcenter_cluster-5084,3,frozen_baseline,14,292.108623,0.0013377079740166664,14,1.0,4089.520722,True,
LOCAL-v1-q3-offcenter_cluster-5085,3,frozen_baseline,15,207.52483233333334,0.001382665941491723,15,1.0,3112.872485,True,
LOCAL-v1-q3-offcenter_cluster-5086,3,frozen_baseline,12,355.786277,0.0012816659873351455,12,1.0,4269.435324,True,
LOCAL-v1-q3-offcenter_cluster-5087,3,frozen_baseline,13,295.72831907692307,0.001151417032815516,13,1.0,3844.468148,True,
LOCAL-v1-q3-offcenter_cluster-5088,3,frozen_baseline,16,100.36415825,0.0012497500283643603,16,1.0,1605.826532,True,
LOCAL-v1-q3-offcenter_cluster-5089,3,frozen_baseline,15,244.232868,0.001417666906490922,15,1.0,3663.49302,True,
LOCAL-v1-q3-offcenter_cluster-5090,3,frozen_baseline,14,265.99355092857144,0.0014055829960852861,14,1.0,3723.909713,True,
LOCAL-v1-q3-offcenter_cluster-5091,3,frozen_baseline,12,249.18748691666667,0.0012138329911977053,12,1.0,2990.249843,True,
LOCAL-v1-q3-offcenter_cluster-5092,3,frozen_baseline,11,282.8718134545454,0.0009364580037072301,11,1.0,3111.589948,True,
LOCAL-v1-q3-offcenter_cluster-5093,3,frozen_baseline,15,230.53265346666666,0.001288625062443316,15,1.0,3457.989802,True,
LOCAL-v1-q3-offcenter_cluster-5094,3,frozen_baseline,11,365.9827140909091,0.0011352919973433018,11,1.0,4025.809855,True,
LOCAL-v1-q3-offcenter_cluster-5095,3,frozen_baseline,10,421.6212748,0.0008366249967366457,10,1.0,4216.212748,True,
LOCAL-v1-q3-offcenter_cluster-5096,3,frozen_baseline,14,219.86721914285712,0.0013444999931380153,14,1.0,3078.141068,True,
LOCAL-v1-q3-offcenter_cluster-5097,3,frozen_baseline,13,258.4960231538461,0.0011537910904735327,13,1.0,3360.448301,True,
LOCAL-v1-q3-offcenter_cluster-5098,3,frozen_baseline,16,105.75676975,0.0013226669980213046,16,1.0,1692.108316,True,
LOCAL-v1-q3-offcenter_cluster-5099,3,frozen_baseline,13,228.47716569230766,0.0011443750699982047,13,1.0,2970.203154,True,
LOCAL-v1-q3-origin_cluster-5000,3,frozen_baseline,11,394.50688472727273,0.00102770805824548,11,1.0,4339.575732,True,
LOCAL-v1-q3-origin_cluster-5001,3,frozen_baseline,14,341.5570008571429,0.0012902499875053763,14,1.0,4781.798012,True,
LOCAL-v1-q3-origin_cluster-5002,3,frozen_baseline,15,328.0490277333334,0.0014114580117166042,15,1.0,4920.735416,True,
LOCAL-v1-q3-origin_cluster-5003,3,frozen_baseline,11,361.78229354545454,0.0009525000350549817,11,1.0,3979.605229,True,
LOCAL-v1-q3-origin_cluster-5004,3,frozen_baseline,12,374.55629258333335,0.0011385000543668866,12,1.0,4494.675511,True,
LOCAL-v1-q3-origin_cluster-5005,3,frozen_baseline,11,391.7483938181818,0.0010272079380229115,11,1.0,4309.232332,True,
LOCAL-v1-q3-origin_cluster-5006,3,frozen_baseline,11,392.3922327272727,0.0010877919849008322,11,1.0,4316.31456,True,
LOCAL-v1-q3-origin_cluster-5007,3,frozen_baseline,11,392.7162520909091,0.0010239160619676113,11,1.0,4319.878773,True,
LOCAL-v1-q3-origin_cluster-5008,3,frozen_baseline,10,419.19348529999996,0.0010117909405380487,10,1.0,4191.934853,True,
LOCAL-v1-q3-origin_cluster-5009,3,frozen_baseline,14,342.05218057142855,0.0013301250291988254,14,1.0,4788.730528,True,
LOCAL-v1-q3-origin_cluster-5010,3,frozen_baseline,12,371.38343091666667,0.0012016668915748596,12,1.0,4456.601171,True,
LOCAL-v1-q3-origin_cluster-5011,3,frozen_baseline,15,327.5733222,0.0014709590468555689,15,1.0,4913.599833,True,
LOCAL-v1-q3-origin_cluster-5012,3,frozen_baseline,10,415.9366295,0.0009933329420164227,10,1.0,4159.366295,True,
LOCAL-v1-q3-origin_cluster-5013,3,frozen_baseline,12,370.71072875,0.0010933339362964034,12,1.0,4448.528745,True,
LOCAL-v1-q3-origin_cluster-5014,3,frozen_baseline,11,392.8082126363636,0.0010751669760793447,11,1.0,4320.890339,True,
LOCAL-v1-q3-origin_cluster-5015,3,frozen_baseline,12,371.6169003333334,0.0011758330510929227,12,1.0,4459.402804,True,
LOCAL-v1-q3-origin_cluster-5016,3,frozen_baseline,16,191.1853750625,0.0014390000142157078,16,1.0,3058.966001,True,
LOCAL-v1-q3-origin_cluster-5017,3,frozen_baseline,15,328.05381359999996,0.001402582973241806,15,1.0,4920.807204,True,
LOCAL-v1-q3-origin_cluster-5018,3,frozen_baseline,10,421.4541235,0.0010114170145243406,10,1.0,4214.541235,True,
LOCAL-v1-q3-origin_cluster-5019,3,frozen_baseline,11,394.97977599999996,0.0010759590659290552,11,1.0,4344.777536,True,
LOCAL-v1-q3-origin_cluster-5020,3,frozen_baseline,16,190.0164454375,0.0013419579481706023,16,1.0,3040.263127,True,
LOCAL-v1-q3-origin_cluster-5021,3,frozen_baseline,14,338.9992153571429,0.0013305420288816094,14,1.0,4745.989015,True,
LOCAL-v1-q3-origin_cluster-5022,3,frozen_baseline,14,339.8101363571428,0.0012422080617398024,14,1.0,4757.341909,True,
LOCAL-v1-q3-origin_cluster-5023,3,frozen_baseline,15,329.5996898,0.0013697500107809901,15,1.0,4943.995347,True,
LOCAL-v1-q3-origin_cluster-5024,3,frozen_baseline,13,356.0046066153846,0.0012869159691035748,13,1.0,4628.059886,True,
LOCAL-v1-q3-origin_cluster-5025,3,frozen_baseline,12,375.6725019166667,0.0011512499768286943,12,1.0,4508.070023,True,
LOCAL-v1-q3-origin_cluster-5026,3,frozen_baseline,15,315.77550386666667,0.0012474160175770521,15,1.0,4736.632558,True,
LOCAL-v1-q3-origin_cluster-5027,3,frozen_baseline,11,389.8464936363636,0.0010378329316154122,11,1.0,4288.31143,True,
LOCAL-v1-q3-origin_cluster-5028,3,frozen_baseline,10,419.36426339999997,0.0009794579818844795,10,1.0,4193.642634,True,
LOCAL-v1-q3-origin_cluster-5029,3,frozen_baseline,11,393.498913,0.0010742919985204935,11,1.0,4328.488043,True,
LOCAL-v1-q3-origin_cluster-5030,3,frozen_baseline,12,370.1494113333333,0.0011811669683083892,12,1.0,4441.792936,True,
LOCAL-v1-q3-origin_cluster-5031,3,frozen_baseline,15,329.21754013333333,0.0014412080636247993,15,1.0,4938.263102,True,
LOCAL-v1-q3-origin_cluster-5032,3,frozen_baseline,11,394.3776331818182,0.0011078340467065573,11,1.0,4338.153965,True,
LOCAL-v1-q3-origin_cluster-5033,3,frozen_baseline,14,330.7876908571429,0.0012076250277459621,14,1.0,4631.027672,True,
LOCAL-v1-q3-origin_cluster-5034,3,frozen_baseline,16,191.329937125,0.001405457966029644,16,1.0,3061.278994,True,
LOCAL-v1-q3-origin_cluster-5035,3,frozen_baseline,10,401.3946561,0.0008870000019669533,10,1.0,4013.946561,True,
LOCAL-v1-q3-origin_cluster-5036,3,frozen_baseline,15,326.78830533333337,0.0014269580133259296,15,1.0,4901.82458,True,
LOCAL-v1-q3-origin_cluster-5037,3,frozen_baseline,15,330.6320936666667,0.0014207919593900442,15,1.0,4959.481405,True,
LOCAL-v1-q3-origin_cluster-5038,3,frozen_baseline,16,191.9647798125,0.001351625076495111,16,1.0,3071.436477,True,
LOCAL-v1-q3-origin_cluster-5039,3,frozen_baseline,10,421.41468969999994,0.000955625087954104,10,1.0,4214.146897,True,
LOCAL-v1-q3-origin_cluster-5040,3,frozen_baseline,15,328.9821294,0.0013343750033527613,15,1.0,4934.731941,True,
LOCAL-v1-q3-origin_cluster-5041,3,frozen_baseline,15,330.3132162666667,0.0013604580890387297,15,1.0,4954.698244,True,
LOCAL-v1-q3-origin_cluster-5042,3,frozen_baseline,11,393.69650954545455,0.001063458970747888,11,1.0,4330.661605,True,
LOCAL-v1-q3-origin_cluster-5043,3,frozen_baseline,12,375.61881124999996,0.001155041973106563,12,1.0,4507.425735,True,
LOCAL-v1-q3-origin_cluster-5044,3,frozen_baseline,11,376.3892754545455,0.001026791986078024,11,1.0,4140.28203,True,
LOCAL-v1-q3-origin_cluster-5045,3,frozen_baseline,11,390.73750754545455,0.0010475419694557786,11,1.0,4298.112583,True,
LOCAL-v1-q3-origin_cluster-5046,3,frozen_baseline,10,419.9320955,0.0009755420032888651,10,1.0,4199.320955,True,
LOCAL-v1-q3-origin_cluster-5047,3,frozen_baseline,16,189.7766215625,0.0013682080898433924,16,1.0,3036.425945,True,
LOCAL-v1-q3-origin_cluster-5048,3,frozen_baseline,12,372.67429500000003,0.0012377920793369412,12,1.0,4472.09154,True,
LOCAL-v1-q3-origin_cluster-5049,3,frozen_baseline,10,416.55147129999995,0.0010336670093238354,10,1.0,4165.514713,True,
LOCAL-v1-q3-origin_cluster-5050,3,frozen_baseline,15,328.8432086,0.0014274580171331763,15,1.0,4932.648129,True,
LOCAL-v1-q3-origin_cluster-5051,3,frozen_baseline,11,393.79621981818184,0.0010640829568728805,11,1.0,4331.758418,True,
LOCAL-v1-q3-origin_cluster-5052,3,frozen_baseline,13,355.2256298461538,0.0011822499800473452,13,1.0,4617.933188,True,
LOCAL-v1-q3-origin_cluster-5053,3,frozen_baseline,16,192.481200875,0.0013165000127628446,16,1.0,3079.699214,True,
LOCAL-v1-q3-origin_cluster-5054,3,frozen_baseline,16,188.8416163125,0.0013497910695150495,16,1.0,3021.465861,True,
LOCAL-v1-q3-origin_cluster-5055,3,frozen_baseline,12,361.23488849999995,0.001011208980344236,12,1.0,4334.818662,True,
LOCAL-v1-q3-origin_cluster-5056,3,frozen_baseline,13,357.00418492307693,0.0011772080324590206,13,1.0,4641.054404,True,
LOCAL-v1-q3-origin_cluster-5057,3,frozen_baseline,13,342.5352122307692,0.0011475000064820051,13,1.0,4452.957759,True,
LOCAL-v1-q3-origin_cluster-5058,3,frozen_baseline,14,338.31843021428574,0.0012466670013964176,14,1.0,4736.458023,True,
LOCAL-v1-q3-origin_cluster-5059,3,frozen_baseline,12,369.0425235833333,0.0010610419558361173,12,1.0,4428.510283,True,
LOCAL-v1-q3-origin_cluster-5060,3,frozen_baseline,11,392.29978781818187,0.0010031249839812517,11,1.0,4315.297666,True,
LOCAL-v1-q3-origin_cluster-5061,3,frozen_baseline,13,353.66757661538463,0.0012157500023022294,13,1.0,4597.678496,True,
LOCAL-v1-q3-origin_cluster-5062,3,frozen_baseline,16,191.7371321875,0.0012989169918000698,16,1.0,3067.794115,True,
LOCAL-v1-q3-origin_cluster-5063,3,frozen_baseline,15,329.64571766666666,0.0013683339348062873,15,1.0,4944.685765,True,
LOCAL-v1-q3-origin_cluster-5064,3,frozen_baseline,13,358.5324560769231,0.001320375013165176,13,1.0,4660.921929,True,
LOCAL-v1-q3-origin_cluster-5065,3,frozen_baseline,12,373.82311766666663,0.0011174590326845646,12,1.0,4485.877412,True,
LOCAL-v1-q3-origin_cluster-5066,3,frozen_baseline,10,418.07839690000003,0.0010285410098731518,10,1.0,4180.783969,True,
LOCAL-v1-q3-origin_cluster-5067,3,frozen_baseline,16,180.617031625,0.0013129590079188347,16,1.0,2889.872506,True,
LOCAL-v1-q3-origin_cluster-5068,3,frozen_baseline,13,354.21529992307694,0.0011802499648183584,13,1.0,4604.798899,True,
LOCAL-v1-q3-origin_cluster-5069,3,frozen_baseline,14,340.9657502142857,0.0012994169956073165,14,1.0,4773.520503,True,
LOCAL-v1-q3-origin_cluster-5070,3,frozen_baseline,12,369.66980766666666,0.0011256251018494368,12,1.0,4436.037692,True,
LOCAL-v1-q3-origin_cluster-5071,3,frozen_baseline,12,360.59123225,0.0010234999936074018,12,1.0,4327.094787,True,
LOCAL-v1-q3-origin_cluster-5072,3,frozen_baseline,15,328.86655686666666,0.0013942919904366136,15,1.0,4932.998353,True,
LOCAL-v1-q3-origin_cluster-5073,3,frozen_baseline,10,418.7126904,0.0009656250476837158,10,1.0,4187.126904,True,
LOCAL-v1-q3-origin_cluster-5074,3,frozen_baseline,16,189.90380975,0.0013197079533711076,16,1.0,3038.460956,True,
LOCAL-v1-q3-origin_cluster-5075,3,frozen_baseline,15,328.80187593333335,0.0013098749332129955,15,1.0,4932.028139,True,
LOCAL-v1-q3-origin_cluster-5076,3,frozen_baseline,12,373.28347225,0.0011071249609813094,12,1.0,4479.401667,True,
LOCAL-v1-q3-origin_cluster-5077,3,frozen_baseline,14,328.30213328571426,0.001334875007160008,14,1.0,4596.229866,True,
LOCAL-v1-q3-origin_cluster-5078,3,frozen_baseline,13,358.37293015384614,0.0013599579688161612,13,1.0,4658.848092,True,
LOCAL-v1-q3-origin_cluster-5079,3,frozen_baseline,10,419.1147841,0.0010003329953178763,10,1.0,4191.147841,True,
LOCAL-v1-q3-origin_cluster-5080,3,frozen_baseline,10,418.5745728,0.0010223749559372663,10,1.0,4185.745728,True,
LOCAL-v1-q3-origin_cluster-5081,3,frozen_baseline,16,192.9070855625,0.0013377080904319882,16,1.0,3086.513369,True,
LOCAL-v1-q3-origin_cluster-5082,3,frozen_baseline,13,355.8616052307692,0.0011722090421244502,13,1.0,4626.200868,True,
LOCAL-v1-q3-origin_cluster-5083,3,frozen_baseline,13,356.0406075384616,0.001276249997317791,13,1.0,4628.527898,True,
LOCAL-v1-q3-origin_cluster-5084,3,frozen_baseline,14,338.55987721428573,0.001277417060919106,14,1.0,4739.838281,True,
LOCAL-v1-q3-origin_cluster-5085,3,frozen_baseline,15,328.6063728,0.0013648750027641654,15,1.0,4929.095592,True,
LOCAL-v1-q3-origin_cluster-5086,3,frozen_baseline,12,374.73267583333336,0.0011550000635907054,12,1.0,4496.79211,True,
LOCAL-v1-q3-origin_cluster-5087,3,frozen_baseline,13,353.73226584615384,0.001119250082410872,13,1.0,4598.519456,True,
LOCAL-v1-q3-origin_cluster-5088,3,frozen_baseline,16,191.4062064375,0.0013050000416114926,16,1.0,3062.499303,True,
LOCAL-v1-q3-origin_cluster-5089,3,frozen_baseline,15,328.30336,0.001432583900168538,15,1.0,4924.5504,True,
LOCAL-v1-q3-origin_cluster-5090,3,frozen_baseline,14,339.25548835714284,0.0012687919661402702,14,1.0,4749.576837,True,
LOCAL-v1-q3-origin_cluster-5091,3,frozen_baseline,12,356.40142783333334,0.0010694169905036688,12,1.0,4276.817134,True,
LOCAL-v1-q3-origin_cluster-5092,3,frozen_baseline,11,389.7598201818182,0.0010054169688373804,11,1.0,4287.358022,True,
LOCAL-v1-q3-origin_cluster-5093,3,frozen_baseline,15,325.08712146666664,0.0012943330220878124,15,1.0,4876.306822,True,
LOCAL-v1-q3-origin_cluster-5094,3,frozen_baseline,11,392.1201878181818,0.0010398749727755785,11,1.0,4313.322066,True,
LOCAL-v1-q3-origin_cluster-5095,3,frozen_baseline,10,420.5848838,0.0011063329875469208,10,1.0,4205.848838,True,
LOCAL-v1-q3-origin_cluster-5096,3,frozen_baseline,14,328.69696500000003,0.0012449590722098947,14,1.0,4601.75751,True,
LOCAL-v1-q3-origin_cluster-5097,3,frozen_baseline,13,356.6259959230769,0.0014079579850658774,13,1.0,4636.137947,True,
LOCAL-v1-q3-origin_cluster-5098,3,frozen_baseline,16,191.2950309375,0.0014883329859003425,16,1.0,3060.720495,True,
LOCAL-v1-q3-origin_cluster-5099,3,frozen_baseline,13,354.6167382307692,0.0011913329362869263,13,1.0,4610.017597,True,
LOCAL-v1-q3-minimum_radius-5000,3,frozen_baseline,11,305.7086880909091,0.0010973330354318023,11,1.0,3362.795569,True,
LOCAL-v1-q3-minimum_radius-5001,3,frozen_baseline,14,309.2099705,0.0012928330106660724,14,1.0,4328.939587,True,
LOCAL-v1-q3-minimum_radius-5002,3,frozen_baseline,15,261.69192953333334,0.0013193340273573995,15,1.0,3925.378943,True,
LOCAL-v1-q3-minimum_radius-5003,3,frozen_baseline,11,326.85996854545454,0.0010183339472860098,11,1.0,3595.459654,True,
LOCAL-v1-q3-minimum_radius-5004,3,frozen_baseline,12,340.300672,0.0010827500373125076,12,1.0,4083.608064,True,
LOCAL-v1-q3-minimum_radius-5005,3,frozen_baseline,11,366.66535063636366,0.001107916934415698,11,1.0,4033.318857,True,
LOCAL-v1-q3-minimum_radius-5006,3,frozen_baseline,11,362.98372518181816,0.0011407090350985527,11,1.0,3992.820977,True,
LOCAL-v1-q3-minimum_radius-5007,3,frozen_baseline,11,301.7868884545455,0.0009824580047279596,11,1.0,3319.655773,True,
LOCAL-v1-q3-minimum_radius-5008,3,frozen_baseline,10,351.0092891,0.0009634169982746243,10,1.0,3510.092891,True,
LOCAL-v1-q3-minimum_radius-5009,3,frozen_baseline,14,321.6794454285714,0.0013128750724717975,14,1.0,4503.512236,True,
LOCAL-v1-q3-minimum_radius-5010,3,frozen_baseline,12,338.0695270833333,0.0011362920049577951,12,1.0,4056.834325,True,
LOCAL-v1-q3-minimum_radius-5011,3,frozen_baseline,15,310.84924293333336,0.0013736250111833215,15,1.0,4662.738644,True,
LOCAL-v1-q3-minimum_radius-5012,3,frozen_baseline,10,332.2096957,0.0009059590520337224,10,1.0,3322.096957,True,
LOCAL-v1-q3-minimum_radius-5013,3,frozen_baseline,12,324.36514116666666,0.0010912090074270964,12,1.0,3892.381694,True,
LOCAL-v1-q3-minimum_radius-5014,3,frozen_baseline,11,362.53947636363637,0.0009657080518081784,11,1.0,3987.93424,True,
LOCAL-v1-q3-minimum_radius-5015,3,frozen_baseline,12,309.20652791666663,0.0010614999337121844,12,1.0,3710.478335,True,
LOCAL-v1-q3-minimum_radius-5016,3,frozen_baseline,16,284.0694915,0.001378249959088862,16,1.0,4545.111864,True,
LOCAL-v1-q3-minimum_radius-5017,3,frozen_baseline,15,299.70490993333334,0.001265416038222611,15,1.0,4495.573649,True,
LOCAL-v1-q3-minimum_radius-5018,3,frozen_baseline,10,390.03725199999997,0.0008999579586088657,10,1.0,3900.37252,True,
LOCAL-v1-q3-minimum_radius-5019,3,frozen_baseline,11,365.95010963636366,0.0009824169101193547,11,1.0,4025.451206,True,
LOCAL-v1-q3-minimum_radius-5020,3,frozen_baseline,16,265.38272925,0.0012562499614432454,16,1.0,4246.123668,True,
LOCAL-v1-q3-minimum_radius-5021,3,frozen_baseline,14,290.2670132142857,0.0011994170490652323,14,1.0,4063.738185,True,
LOCAL-v1-q3-minimum_radius-5022,3,frozen_baseline,14,314.8197243571429,0.0012819169787690043,14,1.0,4407.476141,True,
LOCAL-v1-q3-minimum_radius-5023,3,frozen_baseline,15,255.26485233333332,0.0012985420180484653,15,1.0,3828.972785,True,
LOCAL-v1-q3-minimum_radius-5024,3,frozen_baseline,13,333.72953884615384,0.0011969590559601784,13,1.0,4338.484005,True,
LOCAL-v1-q3-minimum_radius-5025,3,frozen_baseline,12,309.67851691666664,0.0010717500699684024,12,1.0,3716.142203,True,
LOCAL-v1-q3-minimum_radius-5026,3,frozen_baseline,15,300.1828754,0.0012627500109374523,15,1.0,4502.743131,True,
LOCAL-v1-q3-minimum_radius-5027,3,frozen_baseline,11,299.1681587272727,0.0010763750178739429,11,1.0,3290.849746,True,
LOCAL-v1-q3-minimum_radius-5028,3,frozen_baseline,10,357.3114312,0.0009813749929890037,10,1.0,3573.114312,True,
LOCAL-v1-q3-minimum_radius-5029,3,frozen_baseline,11,309.1854981818182,0.0009765410795807838,11,1.0,3401.04048,True,
LOCAL-v1-q3-minimum_radius-5030,3,frozen_baseline,12,296.735832,0.0010125000262632966,12,1.0,3560.829984,True,
LOCAL-v1-q3-minimum_radius-5031,3,frozen_baseline,15,284.03528953333335,0.001357291010208428,15,1.0,4260.529343,True,
LOCAL-v1-q3-minimum_radius-5032,3,frozen_baseline,11,336.38557336363635,0.0009527499787509441,11,1.0,3700.241307,True,
LOCAL-v1-q3-minimum_radius-5033,3,frozen_baseline,14,283.4715156428571,0.0012931249802932143,14,1.0,3968.601219,True,
LOCAL-v1-q3-minimum_radius-5034,3,frozen_baseline,16,254.5115115625,0.0013124579563736916,16,1.0,4072.184185,True,
LOCAL-v1-q3-minimum_radius-5035,3,frozen_baseline,10,382.585457,0.0009809170151129365,10,1.0,3825.85457,True,
LOCAL-v1-q3-minimum_radius-5036,3,frozen_baseline,15,294.18708613333337,0.0012387499446049333,15,1.0,4412.806292,True,
LOCAL-v1-q3-minimum_radius-5037,3,frozen_baseline,15,295.51780406666666,0.0013742500450462103,15,1.0,4432.767061,True,
LOCAL-v1-q3-minimum_radius-5038,3,frozen_baseline,16,273.7857661875,0.0014446249697357416,16,1.0,4380.572259,True,
LOCAL-v1-q3-minimum_radius-5039,3,frozen_baseline,10,378.9716109,0.0010428749956190586,10,1.0,3789.716109,True,
LOCAL-v1-q3-minimum_radius-5040,3,frozen_baseline,15,274.7490714,0.0013646669685840607,15,1.0,4121.236071,True,
LOCAL-v1-q3-minimum_radius-5041,3,frozen_baseline,15,301.28018280000003,0.0012912079691886902,15,1.0,4519.202742,True,
LOCAL-v1-q3-minimum_radius-5042,3,frozen_baseline,11,326.96942309090906,0.0010889169061556458,11,1.0,3596.663654,True,
LOCAL-v1-q3-minimum_radius-5043,3,frozen_baseline,12,350.09033675,0.001080875052139163,12,1.0,4201.084041,True,
LOCAL-v1-q3-minimum_radius-5044,3,frozen_baseline,11,336.8258277272727,0.0010639169486239552,11,1.0,3705.084105,True,
LOCAL-v1-q3-minimum_radius-5045,3,frozen_baseline,11,336.27246809090906,0.0010032500140368938,11,1.0,3698.997149,True,
LOCAL-v1-q3-minimum_radius-5046,3,frozen_baseline,10,378.5416927,0.0008562910370528698,10,1.0,3785.416927,True,
LOCAL-v1-q3-minimum_radius-5047,3,frozen_baseline,16,254.7263485,0.0013763330643996596,16,1.0,4075.621576,True,
LOCAL-v1-q3-minimum_radius-5048,3,frozen_baseline,12,306.529103,0.0011129580670967698,12,1.0,3678.349236,True,
LOCAL-v1-q3-minimum_radius-5049,3,frozen_baseline,10,365.3958665,0.0009449589997529984,10,1.0,3653.958665,True,
LOCAL-v1-q3-minimum_radius-5050,3,frozen_baseline,15,269.77879193333337,0.0013651250628754497,15,1.0,4046.681879,True,
LOCAL-v1-q3-minimum_radius-5051,3,frozen_baseline,11,357.7847836363636,0.0009494579862803221,11,1.0,3935.63262,True,
LOCAL-v1-q3-minimum_radius-5052,3,frozen_baseline,13,305.8455463846154,0.0012595420703291893,13,1.0,3975.992103,True,
LOCAL-v1-q3-minimum_radius-5053,3,frozen_baseline,16,276.21279775,0.0012884159805253148,16,1.0,4419.404764,True,
LOCAL-v1-q3-minimum_radius-5054,3,frozen_baseline,16,277.58793325,0.0013126670382916927,16,1.0,4441.406932,True,
LOCAL-v1-q3-minimum_radius-5055,3,frozen_baseline,12,349.3860661666667,0.000985457911156118,12,1.0,4192.632794,True,
LOCAL-v1-q3-minimum_radius-5056,3,frozen_baseline,13,316.86059584615384,0.0013048750115558505,13,1.0,4119.187746,True,
LOCAL-v1-q3-minimum_radius-5057,3,frozen_baseline,13,308.45884253846157,0.0012047919444739819,13,1.0,4009.964953,True,
LOCAL-v1-q3-minimum_radius-5058,3,frozen_baseline,14,263.69771099999997,0.0011573749361559749,14,1.0,3691.767954,True,
LOCAL-v1-q3-minimum_radius-5059,3,frozen_baseline,12,306.63136075,0.00116658303886652,12,1.0,3679.576329,True,
LOCAL-v1-q3-minimum_radius-5060,3,frozen_baseline,11,341.81158727272725,0.0010719170095399022,11,1.0,3759.92746,True,
LOCAL-v1-q3-minimum_radius-5061,3,frozen_baseline,13,257.9344593076923,0.0010935419704765081,13,1.0,3353.147971,True,
LOCAL-v1-q3-minimum_radius-5062,3,frozen_baseline,16,254.7861330625,0.0012798330280929804,16,1.0,4076.578129,True,
LOCAL-v1-q3-minimum_radius-5063,3,frozen_baseline,15,287.19811293333333,0.0013894170988351107,15,1.0,4307.971694,True,
LOCAL-v1-q3-minimum_radius-5064,3,frozen_baseline,13,287.92821246153846,0.0012341669062152505,13,1.0,3743.066762,True,
LOCAL-v1-q3-minimum_radius-5065,3,frozen_baseline,12,315.2774743333333,0.0010540829971432686,12,1.0,3783.329692,True,
LOCAL-v1-q3-minimum_radius-5066,3,frozen_baseline,10,353.9808375,0.0009427079930901527,10,1.0,3539.808375,True,
LOCAL-v1-q3-minimum_radius-5067,3,frozen_baseline,16,275.5447958125,0.0014096250524744391,16,1.0,4408.716733,True,
LOCAL-v1-q3-minimum_radius-5068,3,frozen_baseline,13,296.90073138461537,0.0011395830661058426,13,1.0,3859.709508,True,
LOCAL-v1-q3-minimum_radius-5069,3,frozen_baseline,14,291.65330814285716,0.0012544590281322598,14,1.0,4083.146314,True,
LOCAL-v1-q3-minimum_radius-5070,3,frozen_baseline,12,363.7522035833333,0.0011499999091029167,12,1.0,4365.026443,True,
LOCAL-v1-q3-minimum_radius-5071,3,frozen_baseline,12,305.13921166666665,0.0010276250541210175,12,1.0,3661.67054,True,
LOCAL-v1-q3-minimum_radius-5072,3,frozen_baseline,15,286.09043613333336,0.0012868749909102917,15,1.0,4291.356542,True,
LOCAL-v1-q3-minimum_radius-5073,3,frozen_baseline,10,387.5135192,0.0009189170086756349,10,1.0,3875.135192,True,
LOCAL-v1-q3-minimum_radius-5074,3,frozen_baseline,16,255.3521783125,0.0013792499667033553,16,1.0,4085.634853,True,
LOCAL-v1-q3-minimum_radius-5075,3,frozen_baseline,15,254.7150604,0.0013712500222027302,15,1.0,3820.725906,True,
LOCAL-v1-q3-minimum_radius-5076,3,frozen_baseline,12,323.75095733333336,0.0011167919728904963,12,1.0,3885.011488,True,
LOCAL-v1-q3-minimum_radius-5077,3,frozen_baseline,14,299.84065114285715,0.0013080410426482558,14,1.0,4197.769116,True,
LOCAL-v1-q3-minimum_radius-5078,3,frozen_baseline,13,300.10139869230767,0.0011198340216651559,13,1.0,3901.318183,True,
LOCAL-v1-q3-minimum_radius-5079,3,frozen_baseline,10,371.9834861,0.0009989578975364566,10,1.0,3719.834861,True,
LOCAL-v1-q3-minimum_radius-5080,3,frozen_baseline,10,340.8061095,0.0008920830441638827,10,1.0,3408.061095,True,
LOCAL-v1-q3-minimum_radius-5081,3,frozen_baseline,16,258.6571944375,0.0013832079712301493,16,1.0,4138.515111,True,
LOCAL-v1-q3-minimum_radius-5082,3,frozen_baseline,13,302.759847,0.0012412089854478836,13,1.0,3935.878011,True,
LOCAL-v1-q3-minimum_radius-5083,3,frozen_baseline,13,316.46629330769235,0.0011835000477731228,13,1.0,4114.061813,True,
LOCAL-v1-q3-minimum_radius-5084,3,frozen_baseline,14,284.3231195,0.0012799170799553394,14,1.0,3980.523673,True,
LOCAL-v1-q3-minimum_radius-5085,3,frozen_baseline,15,291.38056033333334,0.0013738750712946057,15,1.0,4370.708405,True,
LOCAL-v1-q3-minimum_radius-5086,3,frozen_baseline,12,304.08511275,0.001002333010546863,12,1.0,3649.021353,True,
LOCAL-v1-q3-minimum_radius-5087,3,frozen_baseline,13,282.6487323076923,0.0011436250060796738,13,1.0,3674.43352,True,
LOCAL-v1-q3-minimum_radius-5088,3,frozen_baseline,16,248.2604524375,0.0012258749920874834,16,1.0,3972.167239,True,
LOCAL-v1-q3-minimum_radius-5089,3,frozen_baseline,15,304.2961842,0.0013244579313322902,15,1.0,4564.442763,True,
LOCAL-v1-q3-minimum_radius-5090,3,frozen_baseline,14,269.72565614285713,0.0011990841012448072,14,1.0,3776.159186,True,
LOCAL-v1-q3-minimum_radius-5091,3,frozen_baseline,12,296.4409175833333,0.001141292043030262,12,1.0,3557.291011,True,
LOCAL-v1-q3-minimum_radius-5092,3,frozen_baseline,11,390.3652774545455,0.0010819159215316176,11,1.0,4294.018052,True,
LOCAL-v1-q3-minimum_radius-5093,3,frozen_baseline,15,269.70195666666666,0.0012809999752789736,15,1.0,4045.52935,True,
LOCAL-v1-q3-minimum_radius-5094,3,frozen_baseline,11,362.1266287272727,0.0009330000029876828,11,1.0,3983.392916,True,
LOCAL-v1-q3-minimum_radius-5095,3,frozen_baseline,10,361.7407813,0.0010105830151587725,10,1.0,3617.407813,True,
LOCAL-v1-q3-minimum_radius-5096,3,frozen_baseline,14,287.5027667857143,0.0012705830158665776,14,1.0,4025.038735,True,
LOCAL-v1-q3-minimum_radius-5097,3,frozen_baseline,13,265.93812484615387,0.0011226249625906348,13,1.0,3457.195623,True,
LOCAL-v1-q3-minimum_radius-5098,3,frozen_baseline,16,292.053879875,0.001425374997779727,16,1.0,4672.862078,True,
LOCAL-v1-q3-minimum_radius-5099,3,frozen_baseline,13,304.14029800000003,0.001174542005173862,13,1.0,3953.823874,True,
LOCAL-v1-q3-exactly10_sources-5000,3,frozen_baseline,10,356.97396480000003,0.0009678340284153819,10,1.0,3569.739648,True,
LOCAL-v1-q3-exactly10_sources-5001,3,frozen_baseline,10,330.1749312,0.0010079999919980764,10,1.0,3301.749312,True,
LOCAL-v1-q3-exactly10_sources-5002,3,frozen_baseline,10,377.8864085,0.001086207921616733,10,1.0,3778.864085,True,
LOCAL-v1-q3-exactly10_sources-5003,3,frozen_baseline,10,370.1778396,0.0010589159792289138,10,1.0,3701.778396,True,
LOCAL-v1-q3-exactly10_sources-5004,3,frozen_baseline,10,351.89035939999997,0.0010264170123264194,10,1.0,3518.903594,True,
LOCAL-v1-q3-exactly10_sources-5005,3,frozen_baseline,10,338.461847,0.000992374960333109,10,1.0,3384.61847,True,
LOCAL-v1-q3-exactly10_sources-5006,3,frozen_baseline,10,357.3564163,0.0010911249555647373,10,1.0,3573.564163,True,
LOCAL-v1-q3-exactly10_sources-5007,3,frozen_baseline,10,368.7425564,0.0010430419351905584,10,1.0,3687.425564,True,
LOCAL-v1-q3-exactly10_sources-5008,3,frozen_baseline,10,389.1680662,0.0010329170618206263,10,1.0,3891.680662,True,
LOCAL-v1-q3-exactly10_sources-5009,3,frozen_baseline,10,367.38317470000004,0.0010020839981734753,10,1.0,3673.831747,True,
LOCAL-v1-q3-exactly10_sources-5010,3,frozen_baseline,10,403.36829309999996,0.0010328330099582672,10,1.0,4033.682931,True,
LOCAL-v1-q3-exactly10_sources-5011,3,frozen_baseline,10,379.9065126,0.0011504580033943057,10,1.0,3799.065126,True,
LOCAL-v1-q3-exactly10_sources-5012,3,frozen_baseline,10,354.4180933,0.000927707995288074,10,1.0,3544.180933,True,
LOCAL-v1-q3-exactly10_sources-5013,3,frozen_baseline,10,307.9927146,0.0009724999545142055,10,1.0,3079.927146,True,
LOCAL-v1-q3-exactly10_sources-5014,3,frozen_baseline,10,363.1508272,0.0009543750202283263,10,1.0,3631.508272,True,
LOCAL-v1-q3-exactly10_sources-5015,3,frozen_baseline,10,372.13338899999997,0.0010064160451292992,10,1.0,3721.33389,True,
LOCAL-v1-q3-exactly10_sources-5016,3,frozen_baseline,10,341.2754462,0.0009464999893680215,10,1.0,3412.754462,True,
LOCAL-v1-q3-exactly10_sources-5017,3,frozen_baseline,10,385.9591238,0.0010557910427451134,10,1.0,3859.591238,True,
LOCAL-v1-q3-exactly10_sources-5018,3,frozen_baseline,10,363.76344869999997,0.0010283750016242266,10,1.0,3637.634487,True,
LOCAL-v1-q3-exactly10_sources-5019,3,frozen_baseline,10,353.8799237,0.0010331249795854092,10,1.0,3538.799237,True,
LOCAL-v1-q3-exactly10_sources-5020,3,frozen_baseline,10,372.0136705,0.0011132500367239118,10,1.0,3720.136705,True,
LOCAL-v1-q3-exactly10_sources-5021,3,frozen_baseline,10,375.9256072,0.0011069170432165265,10,1.0,3759.256072,True,
LOCAL-v1-q3-exactly10_sources-5022,3,frozen_baseline,10,367.6788689,0.0010628330055624247,10,1.0,3676.788689,True,
LOCAL-v1-q3-exactly10_sources-5023,3,frozen_baseline,10,360.82144320000003,0.0010426250519230962,10,1.0,3608.214432,True,
LOCAL-v1-q3-exactly10_sources-5024,3,frozen_baseline,10,363.4812641,0.0010908750118687749,10,1.0,3634.812641,True,
LOCAL-v1-q3-exactly10_sources-5025,3,frozen_baseline,10,384.1395777,0.0010371250100433826,10,1.0,3841.395777,True,
LOCAL-v1-q3-exactly10_sources-5026,3,frozen_baseline,10,363.1360869,0.0011309579713270068,10,1.0,3631.360869,True,
LOCAL-v1-q3-exactly10_sources-5027,3,frozen_baseline,10,353.801915,0.0010678749531507492,10,1.0,3538.01915,True,
LOCAL-v1-q3-exactly10_sources-5028,3,frozen_baseline,10,367.7180307,0.0009524999186396599,10,1.0,3677.180307,True,
LOCAL-v1-q3-exactly10_sources-5029,3,frozen_baseline,10,319.5232366,0.0010683749569579959,10,1.0,3195.232366,True,
LOCAL-v1-q3-exactly10_sources-5030,3,frozen_baseline,10,352.1145309,0.0009603339713066816,10,1.0,3521.145309,True,
LOCAL-v1-q3-exactly10_sources-5031,3,frozen_baseline,10,321.35862929999996,0.0010168750304728746,10,1.0,3213.586293,True,
LOCAL-v1-q3-exactly10_sources-5032,3,frozen_baseline,10,342.8254349,0.0009301250101998448,10,1.0,3428.254349,True,
LOCAL-v1-q3-exactly10_sources-5033,3,frozen_baseline,10,349.2339146,0.0009654168970882893,10,1.0,3492.339146,True,
LOCAL-v1-q3-exactly10_sources-5034,3,frozen_baseline,10,312.9661449,0.0010566660203039646,10,1.0,3129.661449,True,
LOCAL-v1-q3-exactly10_sources-5035,3,frozen_baseline,10,392.64589420000004,0.0011811250587925315,10,1.0,3926.458942,True,
LOCAL-v1-q3-exactly10_sources-5036,3,frozen_baseline,10,346.5874662,0.0010230829939246178,10,1.0,3465.874662,True,
LOCAL-v1-q3-exactly10_sources-5037,3,frozen_baseline,10,389.5709703,0.0009588750544935465,10,1.0,3895.709703,True,
LOCAL-v1-q3-exactly10_sources-5038,3,frozen_baseline,10,373.176898,0.0010364591144025326,10,1.0,3731.76898,True,
LOCAL-v1-q3-exactly10_sources-5039,3,frozen_baseline,10,352.9356156,0.0010252919746562839,10,1.0,3529.356156,True,
LOCAL-v1-q3-exactly10_sources-5040,3,frozen_baseline,10,334.8304057,0.0011203750036656857,10,1.0,3348.304057,True,
LOCAL-v1-q3-exactly10_sources-5041,3,frozen_baseline,10,322.5962123,0.0010270000202581286,10,1.0,3225.962123,True,
LOCAL-v1-q3-exactly10_sources-5042,3,frozen_baseline,10,342.69094789999997,0.0011607500491663814,10,1.0,3426.909479,True,
LOCAL-v1-q3-exactly10_sources-5043,3,frozen_baseline,10,333.7456006,0.0010368750663474202,10,1.0,3337.456006,True,
LOCAL-v1-q3-exactly10_sources-5044,3,frozen_baseline,10,362.7028378,0.000986957922577858,10,1.0,3627.028378,True,
LOCAL-v1-q3-exactly10_sources-5045,3,frozen_baseline,10,371.451238,0.0011122080031782389,10,1.0,3714.51238,True,
LOCAL-v1-q3-exactly10_sources-5046,3,frozen_baseline,10,387.867714,0.0009558330057188869,10,1.0,3878.67714,True,
LOCAL-v1-q3-exactly10_sources-5047,3,frozen_baseline,10,376.4498119,0.0010213329223915935,10,1.0,3764.498119,True,
LOCAL-v1-q3-exactly10_sources-5048,3,frozen_baseline,10,341.9431667,0.0010008750250563025,10,1.0,3419.431667,True,
LOCAL-v1-q3-exactly10_sources-5049,3,frozen_baseline,10,355.943662,0.00108233408536762,10,1.0,3559.43662,True,
LOCAL-v1-q3-exactly10_sources-5050,3,frozen_baseline,10,334.2026735,0.0010176659561693668,10,1.0,3342.026735,True,
LOCAL-v1-q3-exactly10_sources-5051,3,frozen_baseline,10,449.1619164,0.0010719579877331853,10,1.0,4491.619164,True,
LOCAL-v1-q3-exactly10_sources-5052,3,frozen_baseline,10,383.724313,0.0011311249108985066,10,1.0,3837.24313,True,
LOCAL-v1-q3-exactly10_sources-5053,3,frozen_baseline,10,371.3141865,0.00120749999769032,10,1.0,3713.141865,True,
LOCAL-v1-q3-exactly10_sources-5054,3,frozen_baseline,10,346.7722632,0.001111541991122067,10,1.0,3467.722632,True,
LOCAL-v1-q3-exactly10_sources-5055,3,frozen_baseline,10,345.5441186,0.0009760409593582153,10,1.0,3455.441186,True,
LOCAL-v1-q3-exactly10_sources-5056,3,frozen_baseline,10,367.1556533,0.0010363329201936722,10,1.0,3671.556533,True,
LOCAL-v1-q3-exactly10_sources-5057,3,frozen_baseline,10,349.9008124,0.001101000001654029,10,1.0,3499.008124,True,
LOCAL-v1-q3-exactly10_sources-5058,3,frozen_baseline,10,346.38800200000003,0.0011041249381378293,10,1.0,3463.88002,True,
LOCAL-v1-q3-exactly10_sources-5059,3,frozen_baseline,10,342.5745958,0.0010696669341996312,10,1.0,3425.745958,True,
LOCAL-v1-q3-exactly10_sources-5060,3,frozen_baseline,10,336.745658,0.0010525420075282454,10,1.0,3367.45658,True,
LOCAL-v1-q3-exactly10_sources-5061,3,frozen_baseline,10,342.915557,0.0010787500068545341,10,1.0,3429.15557,True,
LOCAL-v1-q3-exactly10_sources-5062,3,frozen_baseline,10,394.9475473,0.0009534170385450125,10,1.0,3949.475473,True,
LOCAL-v1-q3-exactly10_sources-5063,3,frozen_baseline,10,372.0240296,0.0009690839797258377,10,1.0,3720.240296,True,
LOCAL-v1-q3-exactly10_sources-5064,3,frozen_baseline,10,365.4539198,0.001154207973740995,10,1.0,3654.539198,True,
LOCAL-v1-q3-exactly10_sources-5065,3,frozen_baseline,10,348.5659578,0.0010489580454304814,10,1.0,3485.659578,True,
LOCAL-v1-q3-exactly10_sources-5066,3,frozen_baseline,10,334.9132881,0.0010343330213800073,10,1.0,3349.132881,True,
LOCAL-v1-q3-exactly10_sources-5067,3,frozen_baseline,10,398.3257098,0.0011441670358181,10,1.0,3983.257098,True,
LOCAL-v1-q3-exactly10_sources-5068,3,frozen_baseline,10,368.2242073,0.001065292046405375,10,1.0,3682.242073,True,
LOCAL-v1-q3-exactly10_sources-5069,3,frozen_baseline,10,358.46449590000003,0.0010218750685453415,10,1.0,3584.644959,True,
LOCAL-v1-q3-exactly10_sources-5070,3,frozen_baseline,10,358.001403,0.001194374985061586,10,1.0,3580.01403,True,
LOCAL-v1-q3-exactly10_sources-5071,3,frozen_baseline,10,346.34196149999997,0.0009672499727457762,10,1.0,3463.419615,True,
LOCAL-v1-q3-exactly10_sources-5072,3,frozen_baseline,10,368.59173300000003,0.0011462499387562275,10,1.0,3685.91733,True,
LOCAL-v1-q3-exactly10_sources-5073,3,frozen_baseline,10,366.8441139,0.0010876670712605119,10,1.0,3668.441139,True,
LOCAL-v1-q3-exactly10_sources-5074,3,frozen_baseline,10,354.7625645,0.0010912499856203794,10,1.0,3547.625645,True,
LOCAL-v1-q3-exactly10_sources-5075,3,frozen_baseline,10,394.7060226,0.0010961249936372042,10,1.0,3947.060226,True,
LOCAL-v1-q3-exactly10_sources-5076,3,frozen_baseline,10,376.49026749999996,0.0011225830530747771,10,1.0,3764.902675,True,
LOCAL-v1-q3-exactly10_sources-5077,3,frozen_baseline,10,349.2240925,0.0010814169654622674,10,1.0,3492.240925,True,
LOCAL-v1-q3-exactly10_sources-5078,3,frozen_baseline,10,363.1657865,0.0011838750215247273,10,1.0,3631.657865,True,
LOCAL-v1-q3-exactly10_sources-5079,3,frozen_baseline,10,356.76411229999997,0.0011232499964535236,10,1.0,3567.641123,True,
LOCAL-v1-q3-exactly10_sources-5080,3,frozen_baseline,10,331.9749026,0.0009603750659152865,10,1.0,3319.749026,True,
LOCAL-v1-q3-exactly10_sources-5081,3,frozen_baseline,10,333.9376972,0.0010966249974444509,10,1.0,3339.376972,True,
LOCAL-v1-q3-exactly10_sources-5082,3,frozen_baseline,10,388.21425239999996,0.00114483293145895,10,1.0,3882.142524,True,
LOCAL-v1-q3-exactly10_sources-5083,3,frozen_baseline,10,344.1869115,0.0010105420369654894,10,1.0,3441.869115,True,
LOCAL-v1-q3-exactly10_sources-5084,3,frozen_baseline,10,314.7198985,0.0010278329718858004,10,1.0,3147.198985,True,
LOCAL-v1-q3-exactly10_sources-5085,3,frozen_baseline,10,339.9422747,0.00097287492826581,10,1.0,3399.422747,True,
LOCAL-v1-q3-exactly10_sources-5086,3,frozen_baseline,10,341.85420949999997,0.0010157499928027391,10,1.0,3418.542095,True,
LOCAL-v1-q3-exactly10_sources-5087,3,frozen_baseline,10,391.1115972,0.0011812909506261349,10,1.0,3911.115972,True,
LOCAL-v1-q3-exactly10_sources-5088,3,frozen_baseline,10,324.2446214,0.0009933749679476023,10,1.0,3242.446214,True,
LOCAL-v1-q3-exactly10_sources-5089,3,frozen_baseline,10,323.74907939999997,0.0009752499172464013,10,1.0,3237.490794,True,
LOCAL-v1-q3-exactly10_sources-5090,3,frozen_baseline,10,395.9105654,0.0010867080418393016,10,1.0,3959.105654,True,
LOCAL-v1-q3-exactly10_sources-5091,3,frozen_baseline,10,335.26649299999997,0.0010010419646278024,10,1.0,3352.66493,True,
LOCAL-v1-q3-exactly10_sources-5092,3,frozen_baseline,10,348.5013468,0.0010689579648897052,10,1.0,3485.013468,True,
LOCAL-v1-q3-exactly10_sources-5093,3,frozen_baseline,10,351.2377059,0.0010463329963386059,10,1.0,3512.377059,True,
LOCAL-v1-q3-exactly10_sources-5094,3,frozen_baseline,10,382.0860657,0.0011093749199062586,10,1.0,3820.860657,True,
LOCAL-v1-q3-exactly10_sources-5095,3,frozen_baseline,10,322.5870367,0.001116375089623034,10,1.0,3225.870367,True,
LOCAL-v1-q3-exactly10_sources-5096,3,frozen_baseline,10,392.9929065,0.0010342500172555447,10,1.0,3929.929065,True,
LOCAL-v1-q3-exactly10_sources-5097,3,frozen_baseline,10,380.25699180000004,0.0010613750200718641,10,1.0,3802.569918,True,
LOCAL-v1-q3-exactly10_sources-5098,3,frozen_baseline,10,347.796915,0.0009656250476837158,10,1.0,3477.96915,True,
LOCAL-v1-q3-exactly10_sources-5099,3,frozen_baseline,10,357.79986399999996,0.0011832080781459808,10,1.0,3577.99864,True,
LOCAL-v1-q3-exactly16_sources-5000,3,frozen_baseline,16,282.9764535625,0.0015517080901190639,16,1.0,4527.623257,True,
LOCAL-v1-q3-exactly16_sources-5001,3,frozen_baseline,16,242.701398875,0.0015724580734968185,16,1.0,3883.222382,True,
LOCAL-v1-q3-exactly16_sources-5002,3,frozen_baseline,16,250.5253479375,0.0013611669419333339,16,1.0,4008.405567,True,
LOCAL-v1-q3-exactly16_sources-5003,3,frozen_baseline,16,240.5984198125,0.0014872089959681034,16,1.0,3849.574717,True,
LOCAL-v1-q3-exactly16_sources-5004,3,frozen_baseline,16,257.30547975,0.0015200000489130616,16,1.0,4116.887676,True,
LOCAL-v1-q3-exactly16_sources-5005,3,frozen_baseline,16,252.6656855,0.001695082988590002,16,1.0,4042.650968,True,
LOCAL-v1-q3-exactly16_sources-5006,3,frozen_baseline,16,279.74379075,0.0015616660239174962,16,1.0,4475.900652,True,
LOCAL-v1-q3-exactly16_sources-5007,3,frozen_baseline,16,249.6440319375,0.0014785840176045895,16,1.0,3994.304511,True,
LOCAL-v1-q3-exactly16_sources-5008,3,frozen_baseline,16,244.2223628125,0.0016134158940985799,16,1.0,3907.557805,True,
LOCAL-v1-q3-exactly16_sources-5009,3,frozen_baseline,16,248.0629074375,0.0014896669890731573,16,1.0,3969.006519,True,
LOCAL-v1-q3-exactly16_sources-5010,3,frozen_baseline,16,259.3008236875,0.0015671250876039267,16,1.0,4148.813179,True,
LOCAL-v1-q3-exactly16_sources-5011,3,frozen_baseline,16,277.23241325,0.0014563750009983778,16,1.0,4435.718612,True,
LOCAL-v1-q3-exactly16_sources-5012,3,frozen_baseline,16,244.56860275,0.0015617499593645334,16,1.0,3913.097644,True,
LOCAL-v1-q3-exactly16_sources-5013,3,frozen_baseline,16,260.721391125,0.001536083989776671,16,1.0,4171.542258,True,
LOCAL-v1-q3-exactly16_sources-5014,3,frozen_baseline,16,250.85045825,0.0015220839995890856,16,1.0,4013.607332,True,
LOCAL-v1-q3-exactly16_sources-5015,3,frozen_baseline,16,267.2309790625,0.001518749981187284,16,1.0,4275.695665,True,
LOCAL-v1-q3-exactly16_sources-5016,3,frozen_baseline,16,256.052974875,0.0015860829735174775,16,1.0,4096.847598,True,
LOCAL-v1-q3-exactly16_sources-5017,3,frozen_baseline,16,256.6807231875,0.0013516659382730722,16,1.0,4106.891571,True,
LOCAL-v1-q3-exactly16_sources-5018,3,frozen_baseline,16,296.99508575,0.0015297499485313892,16,1.0,4751.921372,True,
LOCAL-v1-q3-exactly16_sources-5019,3,frozen_baseline,16,283.2683320625,0.0013631669571623206,16,1.0,4532.293313,True,
LOCAL-v1-q3-exactly16_sources-5020,3,frozen_baseline,16,266.0172461875,0.0014809999847784638,16,1.0,4256.275939,True,
LOCAL-v1-q3-exactly16_sources-5021,3,frozen_baseline,16,272.2531525625,0.0015424999874085188,16,1.0,4356.050441,True,
LOCAL-v1-q3-exactly16_sources-5022,3,frozen_baseline,16,268.70228025,0.0014729590620845556,16,1.0,4299.236484,True,
LOCAL-v1-q3-exactly16_sources-5023,3,frozen_baseline,16,226.11858025,0.0013411249965429306,16,1.0,3617.897284,True,
LOCAL-v1-q3-exactly16_sources-5024,3,frozen_baseline,16,268.9887669375,0.001674833009019494,16,1.0,4303.820271,True,
LOCAL-v1-q3-exactly16_sources-5025,3,frozen_baseline,16,266.0792206875,0.0015412080101668835,16,1.0,4257.267531,True,
LOCAL-v1-q3-exactly16_sources-5026,3,frozen_baseline,16,299.5751114375,0.0016110000433400273,16,1.0,4793.201783,True,
LOCAL-v1-q3-exactly16_sources-5027,3,frozen_baseline,16,232.5955356875,0.0014938750537112355,16,1.0,3721.528571,True,
LOCAL-v1-q3-exactly16_sources-5028,3,frozen_baseline,16,265.441636875,0.0015548750525340438,16,1.0,4247.06619,True,
LOCAL-v1-q3-exactly16_sources-5029,3,frozen_baseline,16,250.7337781875,0.0014832500601187348,16,1.0,4011.740451,True,
LOCAL-v1-q3-exactly16_sources-5030,3,frozen_baseline,16,253.46435675,0.00404608401004225,16,1.0,4055.429708,True,
LOCAL-v1-q3-exactly16_sources-5031,3,frozen_baseline,16,260.85283825,0.001629207981750369,16,1.0,4173.645412,True,
LOCAL-v1-q3-exactly16_sources-5032,3,frozen_baseline,16,288.16257325,0.0017417080234736204,16,1.0,4610.601172,True,
LOCAL-v1-q3-exactly16_sources-5033,3,frozen_baseline,16,249.716264625,0.001402541995048523,16,1.0,3995.460234,True,
LOCAL-v1-q3-exactly16_sources-5034,3,frozen_baseline,16,253.77811075,0.0016302919248118997,16,1.0,4060.449772,True,
LOCAL-v1-q3-exactly16_sources-5035,3,frozen_baseline,16,285.7722114375,0.0015702910022810102,16,1.0,4572.355383,True,
LOCAL-v1-q3-exactly16_sources-5036,3,frozen_baseline,16,241.2167435625,0.001415250007994473,16,1.0,3859.467897,True,
LOCAL-v1-q3-exactly16_sources-5037,3,frozen_baseline,16,241.8761270625,0.0014899999368935823,16,1.0,3870.018033,True,
LOCAL-v1-q3-exactly16_sources-5038,3,frozen_baseline,16,275.48420675,0.0015531660756096244,16,1.0,4407.747308,True,
LOCAL-v1-q3-exactly16_sources-5039,3,frozen_baseline,16,261.104684,0.0014095830265432596,16,1.0,4177.674944,True,
LOCAL-v1-q3-exactly16_sources-5040,3,frozen_baseline,16,279.3794929375,0.0014034999767318368,16,1.0,4470.071887,True,
LOCAL-v1-q3-exactly16_sources-5041,3,frozen_baseline,16,255.053448375,0.001477541052736342,16,1.0,4080.855174,True,
LOCAL-v1-q3-exactly16_sources-5042,3,frozen_baseline,16,259.972884625,0.0015038750134408474,16,1.0,4159.566154,True,
LOCAL-v1-q3-exactly16_sources-5043,3,frozen_baseline,16,248.3639508125,0.001629916951060295,16,1.0,3973.823213,True,
LOCAL-v1-q3-exactly16_sources-5044,3,frozen_baseline,16,235.5035523125,0.0014174580574035645,16,1.0,3768.056837,True,
LOCAL-v1-q3-exactly16_sources-5045,3,frozen_baseline,16,256.9794864375,0.0016624999698251486,16,1.0,4111.671783,True,
LOCAL-v1-q3-exactly16_sources-5046,3,frozen_baseline,16,275.5745915,0.0015152919804677367,16,1.0,4409.193464,True,
LOCAL-v1-q3-exactly16_sources-5047,3,frozen_baseline,16,230.7874636875,0.0014493330381810665,16,1.0,3692.599419,True,
LOCAL-v1-q3-exactly16_sources-5048,3,frozen_baseline,16,251.648514875,0.0015443750889971852,16,1.0,4026.376238,True,
LOCAL-v1-q3-exactly16_sources-5049,3,frozen_baseline,16,257.3075888125,0.0015707920538261533,16,1.0,4116.921421,True,
LOCAL-v1-q3-exactly16_sources-5050,3,frozen_baseline,16,248.2239980625,0.001470666960813105,16,1.0,3971.583969,True,
LOCAL-v1-q3-exactly16_sources-5051,3,frozen_baseline,16,258.601975625,0.0015665000537410378,16,1.0,4137.63161,True,
LOCAL-v1-q3-exactly16_sources-5052,3,frozen_baseline,16,272.8621143125,0.0014835839392617345,16,1.0,4365.793829,True,
LOCAL-v1-q3-exactly16_sources-5053,3,frozen_baseline,16,252.2673453125,0.0013469590339809656,16,1.0,4036.277525,True,
LOCAL-v1-q3-exactly16_sources-5054,3,frozen_baseline,16,262.790193,0.0014185409527271986,16,1.0,4204.643088,True,
LOCAL-v1-q3-exactly16_sources-5055,3,frozen_baseline,16,255.49022775,0.001437583938241005,16,1.0,4087.843644,True,
LOCAL-v1-q3-exactly16_sources-5056,3,frozen_baseline,16,244.18355925,0.001485500019043684,16,1.0,3906.936948,True,
LOCAL-v1-q3-exactly16_sources-5057,3,frozen_baseline,16,251.6540956875,0.0016374168917536736,16,1.0,4026.465531,True,
LOCAL-v1-q3-exactly16_sources-5058,3,frozen_baseline,16,211.573409875,0.0013010420370846987,16,1.0,3385.174558,True,
LOCAL-v1-q3-exactly16_sources-5059,3,frozen_baseline,16,268.419886,0.001430041971616447,16,1.0,4294.718176,True,
LOCAL-v1-q3-exactly16_sources-5060,3,frozen_baseline,16,239.7427771875,0.0014835409820079803,16,1.0,3835.884435,True,
LOCAL-v1-q3-exactly16_sources-5061,3,frozen_baseline,16,297.62277375,0.001495208009146154,16,1.0,4761.96438,True,
LOCAL-v1-q3-exactly16_sources-5062,3,frozen_baseline,16,249.1404301875,0.0013197920052334666,16,1.0,3986.246883,True,
LOCAL-v1-q3-exactly16_sources-5063,3,frozen_baseline,16,259.7369274375,0.0014807910192757845,16,1.0,4155.790839,True,
LOCAL-v1-q3-exactly16_sources-5064,3,frozen_baseline,16,275.726359125,0.0014838749775663018,16,1.0,4411.621746,True,
LOCAL-v1-q3-exactly16_sources-5065,3,frozen_baseline,16,246.4867304375,0.001411916920915246,16,1.0,3943.787687,True,
LOCAL-v1-q3-exactly16_sources-5066,3,frozen_baseline,16,263.5460693125,0.0014001249801367521,16,1.0,4216.737109,True,
LOCAL-v1-q3-exactly16_sources-5067,3,frozen_baseline,16,267.5560099375,0.001662166090682149,16,1.0,4280.896159,True,
LOCAL-v1-q3-exactly16_sources-5068,3,frozen_baseline,16,270.5865595,0.0015390829648822546,16,1.0,4329.384952,True,
LOCAL-v1-q3-exactly16_sources-5069,3,frozen_baseline,16,254.7702769375,0.001532917027361691,16,1.0,4076.324431,True,
LOCAL-v1-q3-exactly16_sources-5070,3,frozen_baseline,16,256.6016313125,0.0015625840751454234,16,1.0,4105.626101,True,
LOCAL-v1-q3-exactly16_sources-5071,3,frozen_baseline,16,279.368518125,0.0015294579789042473,16,1.0,4469.89629,True,
LOCAL-v1-q3-exactly16_sources-5072,3,frozen_baseline,16,238.733980625,0.0014006249839439988,16,1.0,3819.74369,True,
LOCAL-v1-q3-exactly16_sources-5073,3,frozen_baseline,16,309.17354825,0.0016588339349254966,16,1.0,4946.776772,True,
LOCAL-v1-q3-exactly16_sources-5074,3,frozen_baseline,16,240.63327025,0.0015047499909996986,16,1.0,3850.132324,True,
LOCAL-v1-q3-exactly16_sources-5075,3,frozen_baseline,16,271.9668070625,0.001511584036052227,16,1.0,4351.468913,True,
LOCAL-v1-q3-exactly16_sources-5076,3,frozen_baseline,16,221.440714625,0.0014295420842245221,16,1.0,3543.051434,True,
LOCAL-v1-q3-exactly16_sources-5077,3,frozen_baseline,16,255.7308425625,0.0014856249326840043,16,1.0,4091.693481,True,
LOCAL-v1-q3-exactly16_sources-5078,3,frozen_baseline,16,232.2571135625,0.0017016250640153885,16,1.0,3716.113817,True,
LOCAL-v1-q3-exactly16_sources-5079,3,frozen_baseline,16,279.4935595,0.0013652079505845904,16,1.0,4471.896952,True,
LOCAL-v1-q3-exactly16_sources-5080,3,frozen_baseline,16,271.3768011875,0.0015649580163881183,16,1.0,4342.028819,True,
LOCAL-v1-q3-exactly16_sources-5081,3,frozen_baseline,16,239.019877125,0.001447124988771975,16,1.0,3824.318034,True,
LOCAL-v1-q3-exactly16_sources-5082,3,frozen_baseline,16,270.0133695,0.001409459044225514,16,1.0,4320.213912,True,
LOCAL-v1-q3-exactly16_sources-5083,3,frozen_baseline,16,285.2159106875,0.0015449170023202896,16,1.0,4563.454571,True,
LOCAL-v1-q3-exactly16_sources-5084,3,frozen_baseline,16,265.0563035625,0.0015904579777270555,16,1.0,4240.900857,True,
LOCAL-v1-q3-exactly16_sources-5085,3,frozen_baseline,16,244.1722564375,0.0015660839853808284,16,1.0,3906.756103,True,
LOCAL-v1-q3-exactly16_sources-5086,3,frozen_baseline,16,233.769822875,0.0015502499882131815,16,1.0,3740.317166,True,
LOCAL-v1-q3-exactly16_sources-5087,3,frozen_baseline,16,247.68604825,0.001441249973140657,16,1.0,3962.976772,True,
LOCAL-v1-q3-exactly16_sources-5088,3,frozen_baseline,16,226.3097661875,0.0015239580534398556,16,1.0,3620.956259,True,
LOCAL-v1-q3-exactly16_sources-5089,3,frozen_baseline,16,277.4882148125,0.0016002499032765627,16,1.0,4439.811437,True,
LOCAL-v1-q3-exactly16_sources-5090,3,frozen_baseline,16,258.211535875,0.001435499987564981,16,1.0,4131.384574,True,
LOCAL-v1-q3-exactly16_sources-5091,3,frozen_baseline,16,264.8371161875,0.001661792048253119,16,1.0,4237.393859,True,
LOCAL-v1-q3-exactly16_sources-5092,3,frozen_baseline,16,248.4156640625,0.0015104999765753746,16,1.0,3974.650625,True,
LOCAL-v1-q3-exactly16_sources-5093,3,frozen_baseline,16,215.411677625,0.0014651250094175339,16,1.0,3446.586842,True,
LOCAL-v1-q3-exactly16_sources-5094,3,frozen_baseline,16,288.4583174375,0.0015718749491497874,16,1.0,4615.333079,True,
LOCAL-v1-q3-exactly16_sources-5095,3,frozen_baseline,16,258.8160541875,0.0014436660567298532,16,1.0,4141.056867,True,
LOCAL-v1-q3-exactly16_sources-5096,3,frozen_baseline,16,251.396764125,0.00147070805542171,16,1.0,4022.348226,True,
LOCAL-v1-q3-exactly16_sources-5097,3,frozen_baseline,16,234.9973629375,0.0014714589342474937,16,1.0,3759.957807,True,
LOCAL-v1-q3-exactly16_sources-5098,3,frozen_baseline,16,260.62969925,0.0016601660754531622,16,1.0,4170.075188,True,
LOCAL-v1-q3-exactly16_sources-5099,3,frozen_baseline,16,226.016537375,0.0014204580802470446,16,1.0,3616.264598,True,
LOCAL-v1-q4-reference_assumed-5000,4,frozen_baseline,11,599.840063,0.018438333994708955,11,1.0,6598.240693,True,
LOCAL-v1-q4-reference_assumed-5001,4,frozen_baseline,14,544.6526032857143,0.018266209051944315,14,1.0,7625.136446,True,
LOCAL-v1-q4-reference_assumed-5002,4,frozen_baseline,15,468.19097700000003,0.015268833027221262,15,1.0,7022.864655,True,
LOCAL-v1-q4-reference_assumed-5003,4,frozen_baseline,11,619.2687357272727,0.016508334083482623,11,1.0,6811.956093,True,
LOCAL-v1-q4-reference_assumed-5004,4,frozen_baseline,12,528.41223475,0.01703850005287677,12,1.0,6340.946817,True,
LOCAL-v1-q4-reference_assumed-5005,4,frozen_baseline,11,566.3165002727272,0.020051792031154037,11,1.0,6229.481503,True,
LOCAL-v1-q4-reference_assumed-5006,4,frozen_baseline,11,644.458277909091,0.01836674998048693,11,1.0,7089.041057,True,
LOCAL-v1-q4-reference_assumed-5007,4,frozen_baseline,11,623.1219978181817,0.022342000040225685,11,1.0,6854.341976,True,
LOCAL-v1-q4-reference_assumed-5008,4,frozen_baseline,10,814.8688037,0.01946608303114772,10,1.0,8148.688037,True,
LOCAL-v1-q4-reference_assumed-5009,4,frozen_baseline,14,467.51132,0.021798167028464377,14,1.0,6545.15848,True,
LOCAL-v1-q4-reference_assumed-5010,4,frozen_baseline,12,523.51339525,0.01853266602847725,12,1.0,6282.160743,True,
LOCAL-v1-q4-reference_assumed-5011,4,frozen_baseline,15,450.05365873333335,0.01851249998435378,15,1.0,6750.804881,True,
LOCAL-v1-q4-reference_assumed-5012,4,frozen_baseline,10,657.2471982,0.01433529204223305,10,1.0,6572.471982,True,
LOCAL-v1-q4-reference_assumed-5013,4,frozen_baseline,12,583.6623150833333,0.014776000054553151,12,1.0,7003.947781,True,
LOCAL-v1-q4-reference_assumed-5014,4,frozen_baseline,11,632.9041657272727,0.01753504096996039,11,1.0,6961.945823,True,
LOCAL-v1-q4-reference_assumed-5015,4,frozen_baseline,12,545.9013948333334,0.019001250038854778,12,1.0,6550.816738,True,
LOCAL-v1-q4-reference_assumed-5016,4,frozen_baseline,16,401.793748375,0.018768416019156575,16,1.0,6428.699974,True,
LOCAL-v1-q4-reference_assumed-5017,4,frozen_baseline,15,549.6781098666667,0.016641209018416703,15,1.0,8245.171648,True,
LOCAL-v1-q4-reference_assumed-5018,4,frozen_baseline,10,796.2987323,0.016056666965596378,10,1.0,7962.987323,True,
LOCAL-v1-q4-reference_assumed-5019,4,frozen_baseline,11,625.9010803636364,0.017639667028561234,11,1.0,6884.911884,True,
LOCAL-v1-q4-reference_assumed-5020,4,frozen_baseline,16,453.95744875,0.016721374937333167,16,1.0,7263.31918,True,
LOCAL-v1-q4-reference_assumed-5021,4,frozen_baseline,14,528.5917218571428,0.018196374992839992,14,1.0,7400.284106,True,
LOCAL-v1-q4-reference_assumed-5022,4,frozen_baseline,14,550.7124377857143,0.019812875078059733,14,1.0,7709.974129,True,
LOCAL-v1-q4-reference_assumed-5023,4,frozen_baseline,15,411.6532883333333,0.02261095796711743,15,1.0,6174.799325,True,
LOCAL-v1-q4-reference_assumed-5024,4,frozen_baseline,13,489.6105983076923,0.01611949992366135,13,1.0,6364.937778,True,
LOCAL-v1-q4-reference_assumed-5025,4,frozen_baseline,12,620.79194375,0.019788083038292825,12,1.0,7449.503325,True,
LOCAL-v1-q4-reference_assumed-5026,4,frozen_baseline,15,430.5395578,0.01952512504067272,15,1.0,6458.093367,True,
LOCAL-v1-q4-reference_assumed-5027,4,frozen_baseline,11,640.5039158181818,0.018402375048026443,11,1.0,7045.543074,True,
LOCAL-v1-q4-reference_assumed-5028,4,frozen_baseline,10,679.8445515000001,0.01617962506134063,10,1.0,6798.445515,True,
LOCAL-v1-q4-reference_assumed-5029,4,frozen_baseline,11,688.4357184545454,0.016512000001966953,11,1.0,7572.792903,True,
LOCAL-v1-q4-reference_assumed-5030,4,frozen_baseline,12,697.38049625,0.018398915999569,12,1.0,8368.565955,True,
LOCAL-v1-q4-reference_assumed-5031,4,frozen_baseline,15,504.49689086666666,0.01968899997882545,15,1.0,7567.453363,True,
LOCAL-v1-q4-reference_assumed-5032,4,frozen_baseline,11,559.0710585454545,0.01778649992775172,11,1.0,6149.781644,True,
LOCAL-v1-q4-reference_assumed-5033,4,frozen_baseline,14,445.2781163571429,0.019003958092071116,14,1.0,6233.893629,True,
LOCAL-v1-q4-reference_assumed-5034,4,frozen_baseline,16,490.203628625,0.01970945904031396,16,1.0,7843.258058,True,
LOCAL-v1-q4-reference_assumed-5035,4,frozen_baseline,10,704.5816368,0.014826332917436957,10,1.0,7045.816368,True,
LOCAL-v1-q4-reference_assumed-5036,4,frozen_baseline,15,488.2574426,0.015811167075298727,15,1.0,7323.861639,True,
LOCAL-v1-q4-reference_assumed-5037,4,frozen_baseline,15,550.2521052666667,0.02182475000154227,15,1.0,8253.781579,True,
LOCAL-v1-q4-reference_assumed-5038,4,frozen_baseline,16,410.1532484375,0.01911745802499354,16,1.0,6562.451975,True,
LOCAL-v1-q4-reference_assumed-5039,4,frozen_baseline,10,679.9325279,0.01727583399042487,10,1.0,6799.325279,True,
LOCAL-v1-q4-reference_assumed-5040,4,frozen_baseline,15,422.29870300000005,0.017942290985956788,15,1.0,6334.480545,True,
LOCAL-v1-q4-reference_assumed-5041,4,frozen_baseline,15,525.4085812,0.02078533300664276,15,1.0,7881.128718,True,
LOCAL-v1-q4-reference_assumed-5042,4,frozen_baseline,11,603.1172753636364,0.020450124982744455,11,1.0,6634.290029,True,
LOCAL-v1-q4-reference_assumed-5043,4,frozen_baseline,12,580.3268004166667,0.022982334019616246,12,1.0,6963.921605,True,
LOCAL-v1-q4-reference_assumed-5044,4,frozen_baseline,11,683.660791,0.01693241694010794,11,1.0,7520.268701,True,
LOCAL-v1-q4-reference_assumed-5045,4,frozen_baseline,11,569.6669296363636,0.014533833949826658,11,1.0,6266.336226,True,
LOCAL-v1-q4-reference_assumed-5046,4,frozen_baseline,10,650.2828733,0.017248208983801305,10,1.0,6502.828733,True,
LOCAL-v1-q4-reference_assumed-5047,4,frozen_baseline,16,392.92408325,0.02253316598944366,16,1.0,6286.785332,True,
LOCAL-v1-q4-reference_assumed-5048,4,frozen_baseline,12,556.604422,0.015030540991574526,12,1.0,6679.253064,True,
LOCAL-v1-q4-reference_assumed-5049,4,frozen_baseline,10,737.8516804,0.017997249960899353,10,1.0,7378.516804,True,
LOCAL-v1-q4-reference_assumed-5050,4,frozen_baseline,15,469.9882676,0.01988966704811901,15,1.0,7049.824014,True,
LOCAL-v1-q4-reference_assumed-5051,4,frozen_baseline,11,660.1872349090909,0.015321042039431632,11,1.0,7262.059584,True,
LOCAL-v1-q4-reference_assumed-5052,4,frozen_baseline,13,482.30088423076927,0.017699333024211228,13,1.0,6269.911495,True,
LOCAL-v1-q4-reference_assumed-5053,4,frozen_baseline,16,413.3526328125,0.02044970798306167,16,1.0,6613.642125,True,
LOCAL-v1-q4-reference_assumed-5054,4,frozen_baseline,16,420.4218415625,0.02009629097301513,16,1.0,6726.749465,True,
LOCAL-v1-q4-reference_assumed-5055,4,frozen_baseline,12,702.4245598333333,0.01453729101922363,12,1.0,8429.094718,True,
LOCAL-v1-q4-reference_assumed-5056,4,frozen_baseline,13,503.2132043846154,0.01649379206355661,13,1.0,6541.771657,True,
LOCAL-v1-q4-reference_assumed-5057,4,frozen_baseline,13,525.8481337692308,0.01479770801961422,13,1.0,6836.025739,True,
LOCAL-v1-q4-reference_assumed-5058,4,frozen_baseline,14,465.2459070714286,0.017603332991711795,14,1.0,6513.442699,True,
LOCAL-v1-q4-reference_assumed-5059,4,frozen_baseline,12,557.31233075,0.017361875041387975,12,1.0,6687.747969,True,
LOCAL-v1-q4-reference_assumed-5060,4,frozen_baseline,11,627.9468371818182,0.0190348339965567,11,1.0,6907.415209,True,
LOCAL-v1-q4-reference_assumed-5061,4,frozen_baseline,13,589.9307072307693,0.017476166016422212,13,1.0,7669.099194,True,
LOCAL-v1-q4-reference_assumed-5062,4,frozen_baseline,16,620.640057,0.022047500009648502,16,1.0,9930.240912,True,
LOCAL-v1-q4-reference_assumed-5063,4,frozen_baseline,15,450.1722162,0.021765915909782052,15,1.0,6752.583243,True,
LOCAL-v1-q4-reference_assumed-5064,4,frozen_baseline,13,505.61541415384613,0.018317708047106862,13,1.0,6573.000384,True,
LOCAL-v1-q4-reference_assumed-5065,4,frozen_baseline,12,610.00306625,0.017486791010014713,12,1.0,7320.036795,True,
LOCAL-v1-q4-reference_assumed-5066,4,frozen_baseline,10,646.3032812,0.028237959020771086,10,1.0,6463.032812,True,
LOCAL-v1-q4-reference_assumed-5067,4,frozen_baseline,16,437.9762419375,0.021157916984520853,16,1.0,7007.619871,True,
LOCAL-v1-q4-reference_assumed-5068,4,frozen_baseline,13,578.3184062307693,0.019733750028535724,13,1.0,7518.139281,True,
LOCAL-v1-q4-reference_assumed-5069,4,frozen_baseline,14,630.5991988571429,0.019332624971866608,14,1.0,8828.388784,True,
LOCAL-v1-q4-reference_assumed-5070,4,frozen_baseline,12,550.2090033333333,0.016469541005790234,12,1.0,6602.50804,True,
LOCAL-v1-q4-reference_assumed-5071,4,frozen_baseline,12,563.5847838333333,0.01930649997666478,12,1.0,6763.017406,True,
LOCAL-v1-q4-reference_assumed-5072,4,frozen_baseline,15,484.1715461333333,0.014656709041446447,15,1.0,7262.573192,True,
LOCAL-v1-q4-reference_assumed-5073,4,frozen_baseline,10,617.9518816,0.016923957969993353,10,1.0,6179.518816,True,
LOCAL-v1-q4-reference_assumed-5074,4,frozen_baseline,16,421.9096605625,0.021216832916252315,16,1.0,6750.554569,True,
LOCAL-v1-q4-reference_assumed-5075,4,frozen_baseline,15,466.0731638,0.01776150008663535,15,1.0,6991.097457,True,
LOCAL-v1-q4-reference_assumed-5076,4,frozen_baseline,12,563.84831625,0.02210995799396187,12,1.0,6766.179795,True,
LOCAL-v1-q4-reference_assumed-5077,4,frozen_baseline,14,454.91972942857143,0.01751100004184991,14,1.0,6368.876212,True,
LOCAL-v1-q4-reference_assumed-5078,4,frozen_baseline,13,514.8831229230769,0.01900308404583484,13,1.0,6693.480598,True,
LOCAL-v1-q4-reference_assumed-5079,4,frozen_baseline,10,647.5099622,0.014813916990533471,10,1.0,6475.099622,True,
LOCAL-v1-q4-reference_assumed-5080,4,frozen_baseline,10,979.3210047,0.017555750091560185,10,1.0,9793.210047,True,
LOCAL-v1-q4-reference_assumed-5081,4,frozen_baseline,16,472.6885008125,0.018634291016496718,16,1.0,7563.016013,True,
LOCAL-v1-q4-reference_assumed-5082,4,frozen_baseline,13,539.0119212307692,0.016084542032331228,13,1.0,7007.154976,True,
LOCAL-v1-q4-reference_assumed-5083,4,frozen_baseline,13,559.7647041538462,0.020159041974693537,13,1.0,7276.941154,True,
LOCAL-v1-q4-reference_assumed-5084,4,frozen_baseline,14,566.9945386428572,0.018158167018555105,14,1.0,7937.923541,True,
LOCAL-v1-q4-reference_assumed-5085,4,frozen_baseline,15,415.3247566,0.01946258300449699,15,1.0,6229.871349,True,
LOCAL-v1-q4-reference_assumed-5086,4,frozen_baseline,12,622.3148574166667,0.02009062492288649,12,1.0,7467.778289,True,
LOCAL-v1-q4-reference_assumed-5087,4,frozen_baseline,13,549.8845437692308,0.01646816695574671,13,1.0,7148.499069,True,
LOCAL-v1-q4-reference_assumed-5088,4,frozen_baseline,16,493.202377875,0.022151750046759844,16,1.0,7891.238046,True,
LOCAL-v1-q4-reference_assumed-5089,4,frozen_baseline,15,488.364464,0.020537375006824732,15,1.0,7325.46696,True,
LOCAL-v1-q4-reference_assumed-5090,4,frozen_baseline,14,528.205831,0.015339459059759974,14,1.0,7394.881634,True,
LOCAL-v1-q4-reference_assumed-5091,4,frozen_baseline,12,602.5169233333334,0.017115958034992218,12,1.0,7230.20308,True,
LOCAL-v1-q4-reference_assumed-5092,4,frozen_baseline,11,567.3377536363637,0.018419958068989217,11,1.0,6240.71529,True,
LOCAL-v1-q4-reference_assumed-5093,4,frozen_baseline,15,529.2688561333333,0.01614745892584324,15,1.0,7939.032842,True,
LOCAL-v1-q4-reference_assumed-5094,4,frozen_baseline,11,749.1621640000001,0.014868875034153461,11,1.0,8240.783804,True,
LOCAL-v1-q4-reference_assumed-5095,4,frozen_baseline,10,688.0420197000001,0.017050374997779727,10,1.0,6880.420197,True,
LOCAL-v1-q4-reference_assumed-5096,4,frozen_baseline,14,478.8889315714286,0.02098629204556346,14,1.0,6704.445042,True,
LOCAL-v1-q4-reference_assumed-5097,4,frozen_baseline,13,549.2269992307693,0.019490416045300663,13,1.0,7139.95099,True,
LOCAL-v1-q4-reference_assumed-5098,4,frozen_baseline,16,406.7532150625,0.018808042048476636,16,1.0,6508.051441,True,
LOCAL-v1-q4-reference_assumed-5099,4,frozen_baseline,13,643.6463064615384,0.03194787504617125,13,1.0,8367.401984,True,
LOCAL-v1-q4-fixed_positive_bias-5000,4,frozen_baseline,11,647.6169078181819,0.01909429207444191,11,1.0,7123.785986,True,
LOCAL-v1-q4-fixed_positive_bias-5001,4,frozen_baseline,14,542.7024627142857,0.01793950004503131,14,1.0,7597.834478,True,
LOCAL-v1-q4-fixed_positive_bias-5002,4,frozen_baseline,15,494.08834459999997,0.015366000006906688,15,1.0,7411.325169,True,
LOCAL-v1-q4-fixed_positive_bias-5003,4,frozen_baseline,11,619.4778925454546,0.017381625017151237,11,1.0,6814.256818,True,
LOCAL-v1-q4-fixed_positive_bias-5004,4,frozen_baseline,12,521.8527876666667,0.01870337501168251,12,1.0,6262.233452,True,
LOCAL-v1-q4-fixed_positive_bias-5005,4,frozen_baseline,11,563.2058562727273,0.020056374953128397,11,1.0,6195.264419,True,
LOCAL-v1-q4-fixed_positive_bias-5006,4,frozen_baseline,11,630.2910909999999,0.018987625022418797,11,1.0,6933.202001,True,
LOCAL-v1-q4-fixed_positive_bias-5007,4,frozen_baseline,11,612.2778149090909,0.022592458059079945,11,1.0,6735.055964,True,
LOCAL-v1-q4-fixed_positive_bias-5008,4,frozen_baseline,10,1129.3774042,0.019757917034439743,10,1.0,11293.774042,True,
LOCAL-v1-q4-fixed_positive_bias-5009,4,frozen_baseline,14,487.3433439285714,0.019797082990407944,14,1.0,6822.806815,True,
LOCAL-v1-q4-fixed_positive_bias-5010,4,frozen_baseline,12,532.0656696666666,0.01884841697756201,12,1.0,6384.788036,True,
LOCAL-v1-q4-fixed_positive_bias-5011,4,frozen_baseline,15,708.3368226,0.018410707940347493,15,1.0,10625.052339,True,
LOCAL-v1-q4-fixed_positive_bias-5012,4,frozen_baseline,10,645.8885008999999,0.014506959007121623,10,1.0,6458.885009,True,
LOCAL-v1-q4-fixed_positive_bias-5013,4,frozen_baseline,12,790.9957625833334,0.01529579097405076,12,1.0,9491.949151,True,
LOCAL-v1-q4-fixed_positive_bias-5014,4,frozen_baseline,11,613.5659621818181,0.01454670901875943,11,1.0,6749.225584,True,
LOCAL-v1-q4-fixed_positive_bias-5015,4,frozen_baseline,12,536.0859515,0.018915749969892204,12,1.0,6433.031418,True,
LOCAL-v1-q4-fixed_positive_bias-5016,4,frozen_baseline,16,446.4601569375,0.018972583930008113,16,1.0,7143.362511,True,
LOCAL-v1-q4-fixed_positive_bias-5017,4,frozen_baseline,15,530.9082698666666,0.019023542059585452,15,1.0,7963.624048,True,
LOCAL-v1-q4-fixed_positive_bias-5018,4,frozen_baseline,10,736.3295971,0.015974667039699852,10,1.0,7363.295971,True,
LOCAL-v1-q4-fixed_positive_bias-5019,4,frozen_baseline,11,624.5664483636364,0.01787233306095004,11,1.0,6870.230932,True,
LOCAL-v1-q4-fixed_positive_bias-5020,4,frozen_baseline,16,399.8863685625,0.016534707974642515,16,1.0,6398.181897,True,
LOCAL-v1-q4-fixed_positive_bias-5021,4,frozen_baseline,14,924.6566287142857,0.018799958052113652,14,1.0,12945.192802,True,
LOCAL-v1-q4-fixed_positive_bias-5022,4,frozen_baseline,14,584.0761168571429,0.01975750003475696,14,1.0,8177.065636,True,
LOCAL-v1-q4-fixed_positive_bias-5023,4,frozen_baseline,15,512.6932488,0.020683333044871688,15,1.0,7690.398732,True,
LOCAL-v1-q4-fixed_positive_bias-5024,4,frozen_baseline,13,490.2051814615385,0.01623491698410362,13,1.0,6372.667359,True,
LOCAL-v1-q4-fixed_positive_bias-5025,4,frozen_baseline,12,624.0393021666666,0.01951908296905458,12,1.0,7488.471626,True,
LOCAL-v1-q4-fixed_positive_bias-5026,4,frozen_baseline,15,429.4525436,0.01932383410166949,15,1.0,6441.788154,True,
LOCAL-v1-q4-fixed_positive_bias-5027,4,frozen_baseline,11,639.7159478181818,0.018501584068872035,11,1.0,7036.875426,True,
LOCAL-v1-q4-fixed_positive_bias-5028,4,frozen_baseline,10,836.7672725,0.016574041917920113,10,1.0,8367.672725,True,
LOCAL-v1-q4-fixed_positive_bias-5029,4,frozen_baseline,11,624.8147927272728,0.016341333044692874,11,1.0,6872.96272,True,
LOCAL-v1-q4-fixed_positive_bias-5030,4,frozen_baseline,12,593.0133013333333,0.01814583409577608,12,1.0,7116.159616,True,
LOCAL-v1-q4-fixed_positive_bias-5031,4,frozen_baseline,15,553.9802912,0.01975758303888142,15,1.0,8309.704368,True,
LOCAL-v1-q4-fixed_positive_bias-5032,4,frozen_baseline,11,552.6472287272727,0.01800983294378966,11,1.0,6079.119516,True,
LOCAL-v1-q4-fixed_positive_bias-5033,4,frozen_baseline,14,444.8729249285714,0.019012290984392166,14,1.0,6228.220949,True,
LOCAL-v1-q4-fixed_positive_bias-5034,4,frozen_baseline,16,620.8279510625,0.019592124968767166,16,1.0,9933.247217,True,
LOCAL-v1-q4-fixed_positive_bias-5035,4,frozen_baseline,10,734.4142994,0.014969874988310039,10,1.0,7344.142994,True,
LOCAL-v1-q4-fixed_positive_bias-5036,4,frozen_baseline,15,617.7655486,0.01609379192814231,15,1.0,9266.483229,True,
LOCAL-v1-q4-fixed_positive_bias-5037,4,frozen_baseline,15,525.3197255333333,0.02176824992056936,15,1.0,7879.795883,True,
LOCAL-v1-q4-fixed_positive_bias-5038,4,frozen_baseline,16,468.2103924375,0.017994499998167157,16,1.0,7491.366279,True,
LOCAL-v1-q4-fixed_positive_bias-5039,4,frozen_baseline,10,681.6378251,0.016939499997533858,10,1.0,6816.378251,True,
LOCAL-v1-q4-fixed_positive_bias-5040,4,frozen_baseline,15,444.3993570666667,0.018088667071424425,15,1.0,6665.990356,True,
LOCAL-v1-q4-fixed_positive_bias-5041,4,frozen_baseline,15,491.11732986666664,0.020671042031608522,15,1.0,7366.759948,True,
LOCAL-v1-q4-fixed_positive_bias-5042,4,frozen_baseline,11,632.5621387272727,0.018004374927841127,11,1.0,6958.183526,True,
LOCAL-v1-q4-fixed_positive_bias-5043,4,frozen_baseline,12,682.3081060000001,0.023241834016516805,12,1.0,8187.697272,True,
LOCAL-v1-q4-fixed_positive_bias-5044,4,frozen_baseline,11,667.047251,0.016410208074375987,11,1.0,7337.519761,True,
LOCAL-v1-q4-fixed_positive_bias-5045,4,frozen_baseline,11,561.3338449090909,0.016795124975033104,11,1.0,6174.672294,True,
LOCAL-v1-q4-fixed_positive_bias-5046,4,frozen_baseline,10,659.5521474999999,0.017632999923080206,10,1.0,6595.521475,True,
LOCAL-v1-q4-fixed_positive_bias-5047,4,frozen_baseline,16,392.831134875,0.022661249968223274,16,1.0,6285.298158,True,
LOCAL-v1-q4-fixed_positive_bias-5048,4,frozen_baseline,12,563.3455124999999,0.014983124914579093,12,1.0,6760.14615,True,
LOCAL-v1-q4-fixed_positive_bias-5049,4,frozen_baseline,10,794.697583,0.0180172499967739,10,1.0,7946.97583,True,
LOCAL-v1-q4-fixed_positive_bias-5050,4,frozen_baseline,15,425.3074016666667,0.0198904579738155,15,1.0,6379.611025,True,
LOCAL-v1-q4-fixed_positive_bias-5051,4,frozen_baseline,11,675.3437353636364,0.015306834015063941,11,1.0,7428.781089,True,
LOCAL-v1-q4-fixed_positive_bias-5052,4,frozen_baseline,13,479.52855476923077,0.0176612091017887,13,1.0,6233.871212,True,
LOCAL-v1-q4-fixed_positive_bias-5053,4,frozen_baseline,16,437.5307343125,0.019324874971061945,16,1.0,7000.491749,True,
LOCAL-v1-q4-fixed_positive_bias-5054,4,frozen_baseline,16,443.56616225,0.019914250005967915,16,1.0,7097.058596,True,
LOCAL-v1-q4-fixed_positive_bias-5055,4,frozen_baseline,12,810.6356748333333,0.014874375076033175,12,1.0,9727.628098,True,
LOCAL-v1-q4-fixed_positive_bias-5056,4,frozen_baseline,13,503.38562938461536,0.01665950007736683,13,1.0,6544.013182,True,
LOCAL-v1-q4-fixed_positive_bias-5057,4,frozen_baseline,13,527.2936333076923,0.0149972919607535,13,1.0,6854.817233,True,
LOCAL-v1-q4-fixed_positive_bias-5058,4,frozen_baseline,14,511.9337745714286,0.017498582950793207,14,1.0,7167.072844,True,
LOCAL-v1-q4-fixed_positive_bias-5059,4,frozen_baseline,12,548.7392470833333,0.017581291031092405,12,1.0,6584.870965,True,
LOCAL-v1-q4-fixed_positive_bias-5060,4,frozen_baseline,11,634.2150398181818,0.020378791028633714,11,1.0,6976.365438,True,
LOCAL-v1-q4-fixed_positive_bias-5061,4,frozen_baseline,13,926.4691876923077,0.018066916964016855,13,1.0,12044.09944,True,
LOCAL-v1-q4-fixed_positive_bias-5062,4,frozen_baseline,16,625.6494463125,0.02172720804810524,16,1.0,10010.391141,True,
LOCAL-v1-q4-fixed_positive_bias-5063,4,frozen_baseline,15,410.4811517333334,0.021881999913603067,15,1.0,6157.217276,True,
LOCAL-v1-q4-fixed_positive_bias-5064,4,frozen_baseline,13,751.0448660000001,0.018588999984785914,13,1.0,9763.583258,True,
LOCAL-v1-q4-fixed_positive_bias-5065,4,frozen_baseline,12,571.2115994166667,0.014591332990676165,12,1.0,6854.539193,True,
LOCAL-v1-q4-fixed_positive_bias-5066,4,frozen_baseline,10,644.1076773,0.01699320797342807,10,1.0,6441.076773,True,
LOCAL-v1-q4-fixed_positive_bias-5067,4,frozen_baseline,16,438.218049875,0.02055991708766669,16,1.0,7011.488798,True,
LOCAL-v1-q4-fixed_positive_bias-5068,4,frozen_baseline,13,538.0452439230769,0.019589707953855395,13,1.0,6994.588171,True,
LOCAL-v1-q4-fixed_positive_bias-5069,4,frozen_baseline,14,572.5727620714285,0.01965966704301536,14,1.0,8016.018669,True,
LOCAL-v1-q4-fixed_positive_bias-5070,4,frozen_baseline,12,725.7064569166668,0.01683008309919387,12,1.0,8708.477483,True,
LOCAL-v1-q4-fixed_positive_bias-5071,4,frozen_baseline,12,566.0198575833333,0.01988287502899766,12,1.0,6792.238291,True,
LOCAL-v1-q4-fixed_positive_bias-5072,4,frozen_baseline,15,508.87169453333337,0.014803417026996613,15,1.0,7633.075418,True,
LOCAL-v1-q4-fixed_positive_bias-5073,4,frozen_baseline,10,632.7851088,0.018717708997428417,10,1.0,6327.851088,True,
LOCAL-v1-q4-fixed_positive_bias-5074,4,frozen_baseline,16,413.5577559375,0.02069649996701628,16,1.0,6616.924095,True,
LOCAL-v1-q4-fixed_positive_bias-5075,4,frozen_baseline,15,475.63161606666665,0.017531124991364777,15,1.0,7134.474241,True,
LOCAL-v1-q4-fixed_positive_bias-5076,4,frozen_baseline,12,609.6570934166667,0.022587915998883545,12,1.0,7315.885121,True,
LOCAL-v1-q4-fixed_positive_bias-5077,4,frozen_baseline,14,602.6498921428572,0.01864116603974253,14,1.0,8437.09849,True,
LOCAL-v1-q4-fixed_positive_bias-5078,4,frozen_baseline,13,585.8652187692308,0.018045041942968965,13,1.0,7616.247844,True,
LOCAL-v1-q4-fixed_positive_bias-5079,4,frozen_baseline,10,646.9185743,0.014503124984912574,10,1.0,6469.185743,True,
LOCAL-v1-q4-fixed_positive_bias-5080,4,frozen_baseline,10,1082.1817328,0.017472167033702135,10,1.0,10821.817328,True,
LOCAL-v1-q4-fixed_positive_bias-5081,4,frozen_baseline,16,443.798320875,0.018519415985792875,16,1.0,7100.773134,True,
LOCAL-v1-q4-fixed_positive_bias-5082,4,frozen_baseline,13,543.6232526153846,0.016057708067819476,13,1.0,7067.102284,True,
LOCAL-v1-q4-fixed_positive_bias-5083,4,frozen_baseline,13,555.3036930769231,0.020799709018319845,13,1.0,7218.94801,True,
LOCAL-v1-q4-fixed_positive_bias-5084,4,frozen_baseline,14,674.0013511428572,0.018430041964165866,14,1.0,9436.018916,True,
LOCAL-v1-q4-fixed_positive_bias-5085,4,frozen_baseline,15,493.5936676666667,0.01955762493889779,15,1.0,7403.905015,True,
LOCAL-v1-q4-fixed_positive_bias-5086,4,frozen_baseline,12,620.68842175,0.01997708308044821,12,1.0,7448.261061,True,
LOCAL-v1-q4-fixed_positive_bias-5087,4,frozen_baseline,13,650.2793353076923,0.01677520794328302,13,1.0,8453.631359,True,
LOCAL-v1-q4-fixed_positive_bias-5088,4,frozen_baseline,16,624.5527405625,0.022443207912147045,16,1.0,9992.843849,True,
LOCAL-v1-q4-fixed_positive_bias-5089,4,frozen_baseline,15,425.64404773333337,0.02031816600356251,15,1.0,6384.660716,True,
LOCAL-v1-q4-fixed_positive_bias-5090,4,frozen_baseline,14,461.0202609285715,0.015276040998287499,14,1.0,6454.283653,True,
LOCAL-v1-q4-fixed_positive_bias-5091,4,frozen_baseline,12,574.088567,0.01561641599982977,12,1.0,6889.062804,True,
LOCAL-v1-q4-fixed_positive_bias-5092,4,frozen_baseline,11,627.1372672727273,0.01785737497266382,11,1.0,6898.50994,True,
LOCAL-v1-q4-fixed_positive_bias-5093,4,frozen_baseline,15,576.0404438666667,0.016427541966550052,15,1.0,8640.606658,True,
LOCAL-v1-q4-fixed_positive_bias-5094,4,frozen_baseline,11,645.8174089090909,0.015657084062695503,11,1.0,7103.991498,True,
LOCAL-v1-q4-fixed_positive_bias-5095,4,frozen_baseline,10,720.7028253000001,0.018430958036333323,10,1.0,7207.028253,True,
LOCAL-v1-q4-fixed_positive_bias-5096,4,frozen_baseline,14,479.3771062142857,0.02098483289591968,14,1.0,6711.279487,True,
LOCAL-v1-q4-fixed_positive_bias-5097,4,frozen_baseline,13,558.5825705384615,0.019423500052653253,13,1.0,7261.573417,True,
LOCAL-v1-q4-fixed_positive_bias-5098,4,frozen_baseline,16,406.418525625,0.018818457960151136,16,1.0,6502.69641,True,
LOCAL-v1-q4-fixed_positive_bias-5099,4,frozen_baseline,13,915.945009076923,0.018800000078044832,13,1.0,11907.285118,True,
LOCAL-v1-q4-fixed_negative_bias-5000,4,frozen_baseline,11,589.058505,0.01747420895844698,11,1.0,6479.643555,True,
LOCAL-v1-q4-fixed_negative_bias-5001,4,frozen_baseline,14,511.67929478571426,0.018109000055119395,14,1.0,7163.510127,True,
LOCAL-v1-q4-fixed_negative_bias-5002,4,frozen_baseline,15,679.1888988666667,0.015768832992762327,15,1.0,10187.833483,True,
LOCAL-v1-q4-fixed_negative_bias-5003,4,frozen_baseline,11,704.4472073636364,0.01654966699425131,11,1.0,7748.919281,True,
LOCAL-v1-q4-fixed_negative_bias-5004,4,frozen_baseline,12,526.8931501666667,0.016953042009845376,12,1.0,6322.717802,True,
LOCAL-v1-q4-fixed_negative_bias-5005,4,frozen_baseline,11,567.9822741818182,0.020296416943892837,11,1.0,6247.805016,True,
LOCAL-v1-q4-fixed_negative_bias-5006,4,frozen_baseline,11,685.2099520909092,0.017623334075324237,11,1.0,7537.309473,True,
LOCAL-v1-q4-fixed_negative_bias-5007,4,frozen_baseline,11,627.6780271818182,0.022371584083884954,11,1.0,6904.458299,True,
LOCAL-v1-q4-fixed_negative_bias-5008,4,frozen_baseline,10,1165.5486293,0.016483708983287215,10,1.0,11655.486293,True,
LOCAL-v1-q4-fixed_negative_bias-5009,4,frozen_baseline,14,483.5306209285714,0.02316199999768287,14,1.0,6769.428693,True,
LOCAL-v1-q4-fixed_negative_bias-5010,4,frozen_baseline,12,543.1295976666667,0.019655999960377812,12,1.0,6517.555172,True,
LOCAL-v1-q4-fixed_negative_bias-5011,4,frozen_baseline,15,450.08370913333334,0.018394374987110496,15,1.0,6751.255637,True,
LOCAL-v1-q4-fixed_negative_bias-5012,4,frozen_baseline,10,646.5833345,0.014030292048119009,10,1.0,6465.833345,True,
LOCAL-v1-q4-fixed_negative_bias-5013,4,frozen_baseline,12,792.0078305833334,0.015088667045347393,12,1.0,9504.093967,True,
LOCAL-v1-q4-fixed_negative_bias-5014,4,frozen_baseline,11,711.3282204545454,0.017309917020611465,11,1.0,7824.610425,True,
LOCAL-v1-q4-fixed_negative_bias-5015,4,frozen_baseline,12,611.587345,0.019183082971721888,12,1.0,7339.04814,True,
LOCAL-v1-q4-fixed_negative_bias-5016,4,frozen_baseline,16,580.7323528125,0.019066958921030164,16,1.0,9291.717645,True,
LOCAL-v1-q4-fixed_negative_bias-5017,4,frozen_baseline,15,549.2593790666667,0.016072208061814308,15,1.0,8238.890686,True,
LOCAL-v1-q4-fixed_negative_bias-5018,4,frozen_baseline,10,828.1226027,0.015788999968208373,10,1.0,8281.226027,True,
LOCAL-v1-q4-fixed_negative_bias-5019,4,frozen_baseline,11,627.0197687272728,0.017883875058032572,11,1.0,6897.217456,True,
LOCAL-v1-q4-fixed_negative_bias-5020,4,frozen_baseline,16,451.0733735,0.01673375000245869,16,1.0,7217.173976,True,
LOCAL-v1-q4-fixed_negative_bias-5021,4,frozen_baseline,14,681.2106804285714,0.018346625030972064,14,1.0,9536.949526,True,
LOCAL-v1-q4-fixed_negative_bias-5022,4,frozen_baseline,14,519.2095646428571,0.019859583000652492,14,1.0,7268.933905,True,
LOCAL-v1-q4-fixed_negative_bias-5023,4,frozen_baseline,15,439.2349704,0.02234995795879513,15,1.0,6588.524556,True,
LOCAL-v1-q4-fixed_negative_bias-5024,4,frozen_baseline,13,491.24200292307694,0.0207147499313578,13,1.0,6386.146038,True,
LOCAL-v1-q4-fixed_negative_bias-5025,4,frozen_baseline,12,701.03120075,0.020311750005930662,12,1.0,8412.374409,True,
LOCAL-v1-q4-fixed_negative_bias-5026,4,frozen_baseline,15,427.69582453333334,0.019231832935474813,15,1.0,6415.437368,True,
LOCAL-v1-q4-fixed_negative_bias-5027,4,frozen_baseline,11,596.9314119090909,0.01835704199038446,11,1.0,6566.245531,True,
LOCAL-v1-q4-fixed_negative_bias-5028,4,frozen_baseline,10,678.0861963,0.016175208031199872,10,1.0,6780.861963,True,
LOCAL-v1-q4-fixed_negative_bias-5029,4,frozen_baseline,11,686.5556814545454,0.01630712498445064,11,1.0,7552.112496,True,
LOCAL-v1-q4-fixed_negative_bias-5030,4,frozen_baseline,12,586.47021375,0.018071874976158142,12,1.0,7037.642565,True,
LOCAL-v1-q4-fixed_negative_bias-5031,4,frozen_baseline,15,616.6483928,0.01976616692263633,15,1.0,9249.725892,True,
LOCAL-v1-q4-fixed_negative_bias-5032,4,frozen_baseline,11,563.0845437272727,0.017932833055965602,11,1.0,6193.929981,True,
LOCAL-v1-q4-fixed_negative_bias-5033,4,frozen_baseline,14,444.78832300000005,0.018976000021211803,14,1.0,6227.036522,True,
LOCAL-v1-q4-fixed_negative_bias-5034,4,frozen_baseline,16,514.235946,0.020245124935172498,16,1.0,8227.775136,True,
LOCAL-v1-q4-fixed_negative_bias-5035,4,frozen_baseline,10,724.0912469,0.014883624971844256,10,1.0,7240.912469,True,
LOCAL-v1-q4-fixed_negative_bias-5036,4,frozen_baseline,15,674.3400660666666,0.018847958999685943,15,1.0,10115.100991,True,
LOCAL-v1-q4-fixed_negative_bias-5037,4,frozen_baseline,15,534.9479900666666,0.021686874912120402,15,1.0,8024.219851,True,
LOCAL-v1-q4-fixed_negative_bias-5038,4,frozen_baseline,16,412.61597625,0.019662125036120415,16,1.0,6601.85562,True,
LOCAL-v1-q4-fixed_negative_bias-5039,4,frozen_baseline,10,669.5096688,0.01729437499307096,10,1.0,6695.096688,True,
LOCAL-v1-q4-fixed_negative_bias-5040,4,frozen_baseline,15,509.2199344666667,0.018044707947410643,15,1.0,7638.299017,True,
LOCAL-v1-q4-fixed_negative_bias-5041,4,frozen_baseline,15,567.2896316,0.020834375056438148,15,1.0,8509.344474,True,
LOCAL-v1-q4-fixed_negative_bias-5042,4,frozen_baseline,11,603.7995746363636,0.020882457960397005,11,1.0,6641.795321,True,
LOCAL-v1-q4-fixed_negative_bias-5043,4,frozen_baseline,12,585.79479625,0.017990750027820468,12,1.0,7029.537555,True,
LOCAL-v1-q4-fixed_negative_bias-5044,4,frozen_baseline,11,670.1922345454545,0.016827541054226458,11,1.0,7372.11458,True,
LOCAL-v1-q4-fixed_negative_bias-5045,4,frozen_baseline,11,568.3526575454545,0.014723500004038215,11,1.0,6251.879233,True,
LOCAL-v1-q4-fixed_negative_bias-5046,4,frozen_baseline,10,689.5226857,0.01748316700104624,10,1.0,6895.226857,True,
LOCAL-v1-q4-fixed_negative_bias-5047,4,frozen_baseline,16,396.7250470625,0.022528417059220374,16,1.0,6347.600753,True,
LOCAL-v1-q4-fixed_negative_bias-5048,4,frozen_baseline,12,553.6030783333333,0.015007375041022897,12,1.0,6643.23694,True,
LOCAL-v1-q4-fixed_negative_bias-5049,4,frozen_baseline,10,747.3393692,0.01805154199246317,10,1.0,7473.393692,True,
LOCAL-v1-q4-fixed_negative_bias-5050,4,frozen_baseline,15,455.24582826666665,0.019817541004158556,15,1.0,6828.687424,True,
LOCAL-v1-q4-fixed_negative_bias-5051,4,frozen_baseline,11,648.8854154545454,0.015083499951288104,11,1.0,7137.73957,True,
LOCAL-v1-q4-fixed_negative_bias-5052,4,frozen_baseline,13,477.59462853846156,0.019385374966077507,13,1.0,6208.730171,True,
LOCAL-v1-q4-fixed_negative_bias-5053,4,frozen_baseline,16,414.053706125,0.019274125108495355,16,1.0,6624.859298,True,
LOCAL-v1-q4-fixed_negative_bias-5054,4,frozen_baseline,16,462.130568375,0.02002620801795274,16,1.0,7394.089094,True,
LOCAL-v1-q4-fixed_negative_bias-5055,4,frozen_baseline,12,682.6392804166667,0.014459499972872436,12,1.0,8191.671365,True,
LOCAL-v1-q4-fixed_negative_bias-5056,4,frozen_baseline,13,550.5512329230769,0.016855333000421524,13,1.0,7157.166028,True,
LOCAL-v1-q4-fixed_negative_bias-5057,4,frozen_baseline,13,567.3204687692307,0.014820792013779283,13,1.0,7375.166094,True,
LOCAL-v1-q4-fixed_negative_bias-5058,4,frozen_baseline,14,450.38405471428575,0.0175629579462111,14,1.0,6305.376766,True,
LOCAL-v1-q4-fixed_negative_bias-5059,4,frozen_baseline,12,555.3578612499999,0.01752524997573346,12,1.0,6664.294335,True,
LOCAL-v1-q4-fixed_negative_bias-5060,4,frozen_baseline,11,621.4556278181818,0.019273792044259608,11,1.0,6836.011906,True,
LOCAL-v1-q4-fixed_negative_bias-5061,4,frozen_baseline,13,627.4416023846154,0.017589249997399747,13,1.0,8156.740831,True,
LOCAL-v1-q4-fixed_negative_bias-5062,4,frozen_baseline,16,434.3491895625,0.02137495798524469,16,1.0,6949.587033,True,
LOCAL-v1-q4-fixed_negative_bias-5063,4,frozen_baseline,15,437.6076167333333,0.021620208048261702,15,1.0,6564.114251,True,
LOCAL-v1-q4-fixed_negative_bias-5064,4,frozen_baseline,13,506.2184936923077,0.01814037503208965,13,1.0,6580.840418,True,
LOCAL-v1-q4-fixed_negative_bias-5065,4,frozen_baseline,12,607.8007285,0.01745062496047467,12,1.0,7293.608742,True,
LOCAL-v1-q4-fixed_negative_bias-5066,4,frozen_baseline,10,747.1216868,0.018536707968451083,10,1.0,7471.216868,True,
LOCAL-v1-q4-fixed_negative_bias-5067,4,frozen_baseline,16,729.784585625,0.021605749963782728,16,1.0,11676.55337,True,
LOCAL-v1-q4-fixed_negative_bias-5068,4,frozen_baseline,13,538.1235741538462,0.019365457934327424,13,1.0,6995.606464,True,
LOCAL-v1-q4-fixed_negative_bias-5069,4,frozen_baseline,14,712.1535180714285,0.02032795804552734,14,1.0,9970.149253,True,
LOCAL-v1-q4-fixed_negative_bias-5070,4,frozen_baseline,12,553.0574929166667,0.016375042032450438,12,1.0,6636.689915,True,
LOCAL-v1-q4-fixed_negative_bias-5071,4,frozen_baseline,12,564.0855236666666,0.01970549998804927,12,1.0,6769.026284,True,
LOCAL-v1-q4-fixed_negative_bias-5072,4,frozen_baseline,15,490.53876606666665,0.014773165923543274,15,1.0,7358.081491,True,
LOCAL-v1-q4-fixed_negative_bias-5073,4,frozen_baseline,10,617.1340616,0.0169592919992283,10,1.0,6171.340616,True,
LOCAL-v1-q4-fixed_negative_bias-5074,4,frozen_baseline,16,426.648762875,0.021177042042836547,16,1.0,6826.380206,True,
LOCAL-v1-q4-fixed_negative_bias-5075,4,frozen_baseline,15,455.53086406666665,0.017609457951039076,15,1.0,6832.962961,True,
LOCAL-v1-q4-fixed_negative_bias-5076,4,frozen_baseline,12,613.6562650833333,0.02244941599201411,12,1.0,7363.875181,True,
LOCAL-v1-q4-fixed_negative_bias-5077,4,frozen_baseline,14,456.3684713571429,0.018538624979555607,14,1.0,6389.158599,True,
LOCAL-v1-q4-fixed_negative_bias-5078,4,frozen_baseline,13,492.8813653846154,0.018971540965139866,13,1.0,6407.45775,True,
LOCAL-v1-q4-fixed_negative_bias-5079,4,frozen_baseline,10,646.6172572,0.014390707947313786,10,1.0,6466.172572,True,
LOCAL-v1-q4-fixed_negative_bias-5080,4,frozen_baseline,10,690.8661356,0.017050875001586974,10,1.0,6908.661356,True,
LOCAL-v1-q4-fixed_negative_bias-5081,4,frozen_baseline,16,424.2398670625,0.020301374956034124,16,1.0,6787.837873,True,
LOCAL-v1-q4-fixed_negative_bias-5082,4,frozen_baseline,13,555.320648076923,0.01607724989298731,13,1.0,7219.168425,True,
LOCAL-v1-q4-fixed_negative_bias-5083,4,frozen_baseline,13,548.6758080000001,0.02040287503041327,13,1.0,7132.785504,True,
LOCAL-v1-q4-fixed_negative_bias-5084,4,frozen_baseline,14,516.1414033571428,0.018101499998010695,14,1.0,7225.979647,True,
LOCAL-v1-q4-fixed_negative_bias-5085,4,frozen_baseline,15,452.3813044,0.01932679198216647,15,1.0,6785.719566,True,
LOCAL-v1-q4-fixed_negative_bias-5086,4,frozen_baseline,12,607.54619925,0.021072041941806674,12,1.0,7290.554391,True,
LOCAL-v1-q4-fixed_negative_bias-5087,4,frozen_baseline,13,566.5707281538462,0.016739583108574152,13,1.0,7365.419466,True,
LOCAL-v1-q4-fixed_negative_bias-5088,4,frozen_baseline,16,522.13166975,0.02233649999834597,16,1.0,8354.106716,True,
LOCAL-v1-q4-fixed_negative_bias-5089,4,frozen_baseline,15,410.14592586666663,0.02019779197871685,15,1.0,6152.188888,True,
LOCAL-v1-q4-fixed_negative_bias-5090,4,frozen_baseline,14,462.42273685714287,0.015340083977207541,14,1.0,6473.918316,True,
LOCAL-v1-q4-fixed_negative_bias-5091,4,frozen_baseline,12,641.7299638333333,0.01740995899308473,12,1.0,7700.759566,True,
LOCAL-v1-q4-fixed_negative_bias-5092,4,frozen_baseline,11,578.0343715454545,0.018670208053663373,11,1.0,6358.378087,True,
LOCAL-v1-q4-fixed_negative_bias-5093,4,frozen_baseline,15,562.8253112,0.016340833040885627,15,1.0,8442.379668,True,
LOCAL-v1-q4-fixed_negative_bias-5094,4,frozen_baseline,11,617.4695661818182,0.014664666960015893,11,1.0,6792.165228,True,
LOCAL-v1-q4-fixed_negative_bias-5095,4,frozen_baseline,10,744.6577198,0.014894708059728146,10,1.0,7446.577198,True,
LOCAL-v1-q4-fixed_negative_bias-5096,4,frozen_baseline,14,477.2709842142857,0.021260290988720953,14,1.0,6681.793779,True,
LOCAL-v1-q4-fixed_negative_bias-5097,4,frozen_baseline,13,531.668511923077,0.019663832965306938,13,1.0,6911.690655,True,
LOCAL-v1-q4-fixed_negative_bias-5098,4,frozen_baseline,16,452.1601748125,0.018849332933314145,16,1.0,7234.562797,True,
LOCAL-v1-q4-fixed_negative_bias-5099,4,frozen_baseline,13,683.0487674615384,0.01841195800807327,13,1.0,8879.633977,True,
LOCAL-v1-q4-smooth_shared_field-5000,4,frozen_baseline,11,587.2850775454546,0.018360958085395396,11,1.0,6460.135853,True,
LOCAL-v1-q4-smooth_shared_field-5001,4,frozen_baseline,14,543.0818107857143,0.017978582996875048,14,1.0,7603.145351,True,
LOCAL-v1-q4-smooth_shared_field-5002,4,frozen_baseline,15,460.8092622666666,0.01525695901364088,15,1.0,6912.138934,True,
LOCAL-v1-q4-smooth_shared_field-5003,4,frozen_baseline,11,616.1823596363637,0.016546792001463473,11,1.0,6778.005956,True,
LOCAL-v1-q4-smooth_shared_field-5004,4,frozen_baseline,12,528.06017075,0.01714516698848456,12,1.0,6336.722049,True,
LOCAL-v1-q4-smooth_shared_field-5005,4,frozen_baseline,11,564.0830911818182,0.019942959072068334,11,1.0,6204.914003,True,
LOCAL-v1-q4-smooth_shared_field-5006,4,frozen_baseline,11,619.3685254545454,0.018726667040027678,11,1.0,6813.05378,True,
LOCAL-v1-q4-smooth_shared_field-5007,4,frozen_baseline,11,660.914366909091,0.02078904095105827,11,1.0,7270.058036,True,
LOCAL-v1-q4-smooth_shared_field-5008,4,frozen_baseline,10,985.2355986,0.01945516699925065,10,1.0,9852.355986,True,
LOCAL-v1-q4-smooth_shared_field-5009,4,frozen_baseline,14,464.3392201428572,0.02191520796623081,14,1.0,6500.749082,True,
LOCAL-v1-q4-smooth_shared_field-5010,4,frozen_baseline,12,551.6377502500001,0.01881591696292162,12,1.0,6619.653003,True,
LOCAL-v1-q4-smooth_shared_field-5011,4,frozen_baseline,15,441.49687446666667,0.018289332976564765,15,1.0,6622.453117,True,
LOCAL-v1-q4-smooth_shared_field-5012,4,frozen_baseline,10,648.324535,0.014275999972596765,10,1.0,6483.24535,True,
LOCAL-v1-q4-smooth_shared_field-5013,4,frozen_baseline,12,842.7909224166666,0.014974917052313685,12,1.0,10113.491069,True,
LOCAL-v1-q4-smooth_shared_field-5014,4,frozen_baseline,11,661.7741017272728,0.01753345795441419,11,1.0,7279.515119,True,
LOCAL-v1-q4-smooth_shared_field-5015,4,frozen_baseline,12,524.6810545833333,0.01912525005172938,12,1.0,6296.172655,True,
LOCAL-v1-q4-smooth_shared_field-5016,4,frozen_baseline,16,444.916511625,0.018859541974961758,16,1.0,7118.664186,True,
LOCAL-v1-q4-smooth_shared_field-5017,4,frozen_baseline,15,573.1009838666666,0.016270874999463558,15,1.0,8596.514758,True,
LOCAL-v1-q4-smooth_shared_field-5018,4,frozen_baseline,10,766.5700153,0.015842792112380266,10,1.0,7665.700153,True,
LOCAL-v1-q4-smooth_shared_field-5019,4,frozen_baseline,11,624.9568141818182,0.017929541994817555,11,1.0,6874.524956,True,
LOCAL-v1-q4-smooth_shared_field-5020,4,frozen_baseline,16,466.943210625,0.017002375097945333,16,1.0,7471.09137,True,
LOCAL-v1-q4-smooth_shared_field-5021,4,frozen_baseline,14,681.1068114999999,0.018515167059376836,14,1.0,9535.495361,True,
LOCAL-v1-q4-smooth_shared_field-5022,4,frozen_baseline,14,516.4704898571429,0.019759415998123586,14,1.0,7230.586858,True,
LOCAL-v1-q4-smooth_shared_field-5023,4,frozen_baseline,15,431.4325616,0.022491834009997547,15,1.0,6471.488424,True,
LOCAL-v1-q4-smooth_shared_field-5024,4,frozen_baseline,13,488.9370250769231,0.016119624953716993,13,1.0,6356.181326,True,
LOCAL-v1-q4-smooth_shared_field-5025,4,frozen_baseline,12,611.6755254999999,0.01971383299678564,12,1.0,7340.106306,True,
LOCAL-v1-q4-smooth_shared_field-5026,4,frozen_baseline,15,419.35124693333336,0.019406666979193687,15,1.0,6290.268704,True,
LOCAL-v1-q4-smooth_shared_field-5027,4,frozen_baseline,11,590.071678,0.018328458070755005,11,1.0,6490.788458,True,
LOCAL-v1-q4-smooth_shared_field-5028,4,frozen_baseline,10,919.2742585,0.01633383403532207,10,1.0,9192.742585,True,
LOCAL-v1-q4-smooth_shared_field-5029,4,frozen_baseline,11,942.205562,0.01660016702953726,11,1.0,10364.261182,True,
LOCAL-v1-q4-smooth_shared_field-5030,4,frozen_baseline,12,564.9149076666666,0.018137124949134886,12,1.0,6778.978892,True,
LOCAL-v1-q4-smooth_shared_field-5031,4,frozen_baseline,15,662.0483188,0.02090341702569276,15,1.0,9930.724782,True,
LOCAL-v1-q4-smooth_shared_field-5032,4,frozen_baseline,11,560.1925425454546,0.01815195893868804,11,1.0,6162.117968,True,
LOCAL-v1-q4-smooth_shared_field-5033,4,frozen_baseline,14,446.1255627857143,0.01893904199823737,14,1.0,6245.757879,True,
LOCAL-v1-q4-smooth_shared_field-5034,4,frozen_baseline,16,532.268961625,0.020455416990444064,16,1.0,8516.303386,True,
LOCAL-v1-q4-smooth_shared_field-5035,4,frozen_baseline,10,718.262078,0.01506416592746973,10,1.0,7182.62078,True,
LOCAL-v1-q4-smooth_shared_field-5036,4,frozen_baseline,15,489.43723140000003,0.018018541974015534,15,1.0,7341.558471,True,
LOCAL-v1-q4-smooth_shared_field-5037,4,frozen_baseline,15,526.2698248,0.02190033404622227,15,1.0,7894.047372,True,
LOCAL-v1-q4-smooth_shared_field-5038,4,frozen_baseline,16,410.8043145,0.01926591608207673,16,1.0,6572.869032,True,
LOCAL-v1-q4-smooth_shared_field-5039,4,frozen_baseline,10,666.9911414000001,0.017160457908175886,10,1.0,6669.911414,True,
LOCAL-v1-q4-smooth_shared_field-5040,4,frozen_baseline,15,420.8826269333333,0.018150208052247763,15,1.0,6313.239404,True,
LOCAL-v1-q4-smooth_shared_field-5041,4,frozen_baseline,15,531.6071278666667,0.02088179101701826,15,1.0,7974.106918,True,
LOCAL-v1-q4-smooth_shared_field-5042,4,frozen_baseline,11,626.9501643636363,0.024375499924644828,11,1.0,6896.451808,True,
LOCAL-v1-q4-smooth_shared_field-5043,4,frozen_baseline,12,616.544893,0.01887516595888883,12,1.0,7398.538716,True,
LOCAL-v1-q4-smooth_shared_field-5044,4,frozen_baseline,11,652.6627357272727,0.01660375006031245,11,1.0,7179.290093,True,
LOCAL-v1-q4-smooth_shared_field-5045,4,frozen_baseline,11,571.6027280909092,0.014700958970934153,11,1.0,6287.630009,True,
LOCAL-v1-q4-smooth_shared_field-5046,4,frozen_baseline,10,668.1268823,0.017515874933451414,10,1.0,6681.268823,True,
LOCAL-v1-q4-smooth_shared_field-5047,4,frozen_baseline,16,394.4884258125,0.022665083059109747,16,1.0,6311.814813,True,
LOCAL-v1-q4-smooth_shared_field-5048,4,frozen_baseline,12,554.5937730833333,0.015087791020050645,12,1.0,6655.125277,True,
LOCAL-v1-q4-smooth_shared_field-5049,4,frozen_baseline,10,764.0353592,0.018131874967366457,10,1.0,7640.353592,True,
LOCAL-v1-q4-smooth_shared_field-5050,4,frozen_baseline,15,454.7160254,0.019777124980464578,15,1.0,6820.740381,True,
LOCAL-v1-q4-smooth_shared_field-5051,4,frozen_baseline,11,638.8666811818182,0.015354458009824157,11,1.0,7027.533493,True,
LOCAL-v1-q4-smooth_shared_field-5052,4,frozen_baseline,13,479.04849461538464,0.01772062503732741,13,1.0,6227.63043,True,
LOCAL-v1-q4-smooth_shared_field-5053,4,frozen_baseline,16,413.957733625,0.01949720794800669,16,1.0,6623.323738,True,
LOCAL-v1-q4-smooth_shared_field-5054,4,frozen_baseline,16,634.5434188125,0.02087958308402449,16,1.0,10152.694701,True,
LOCAL-v1-q4-smooth_shared_field-5055,4,frozen_baseline,12,677.77781125,0.014530999935232103,12,1.0,8133.333735,True,
LOCAL-v1-q4-smooth_shared_field-5056,4,frozen_baseline,13,509.92641523076924,0.01657512504607439,13,1.0,6629.043398,True,
LOCAL-v1-q4-smooth_shared_field-5057,4,frozen_baseline,13,514.3694176153847,0.014704624889418483,13,1.0,6686.802429,True,
LOCAL-v1-q4-smooth_shared_field-5058,4,frozen_baseline,14,476.8264875714286,0.017721291980706155,14,1.0,6675.570826,True,
LOCAL-v1-q4-smooth_shared_field-5059,4,frozen_baseline,12,556.12027,0.017966915969736874,12,1.0,6673.44324,True,
LOCAL-v1-q4-smooth_shared_field-5060,4,frozen_baseline,11,628.2402851818182,0.01924058306030929,11,1.0,6910.643137,True,
LOCAL-v1-q4-smooth_shared_field-5061,4,frozen_baseline,13,652.5527607692309,0.01739808393176645,13,1.0,8483.18589,True,
LOCAL-v1-q4-smooth_shared_field-5062,4,frozen_baseline,16,532.51641675,0.021623625070787966,16,1.0,8520.262668,True,
LOCAL-v1-q4-smooth_shared_field-5063,4,frozen_baseline,15,422.0687292,0.02174999995622784,15,1.0,6331.030938,True,
LOCAL-v1-q4-smooth_shared_field-5064,4,frozen_baseline,13,504.3171043846154,0.018287083017639816,13,1.0,6556.122357,True,
LOCAL-v1-q4-smooth_shared_field-5065,4,frozen_baseline,12,632.1799725833333,0.017633749986998737,12,1.0,7586.159671,True,
LOCAL-v1-q4-smooth_shared_field-5066,4,frozen_baseline,10,743.5730599999999,0.017186708049848676,10,1.0,7435.7306,True,
LOCAL-v1-q4-smooth_shared_field-5067,4,frozen_baseline,16,667.214508,0.02110162505414337,16,1.0,10675.432128,True,
LOCAL-v1-q4-smooth_shared_field-5068,4,frozen_baseline,13,523.1063479230769,0.019245750037953258,13,1.0,6800.382523,True,
LOCAL-v1-q4-smooth_shared_field-5069,4,frozen_baseline,14,710.8994553571429,0.020320332958362997,14,1.0,9952.592375,True,
LOCAL-v1-q4-smooth_shared_field-5070,4,frozen_baseline,12,542.485351,0.016432125004939735,12,1.0,6509.824212,True,
LOCAL-v1-q4-smooth_shared_field-5071,4,frozen_baseline,12,564.3303885,0.0197607500012964,12,1.0,6771.964662,True,
LOCAL-v1-q4-smooth_shared_field-5072,4,frozen_baseline,15,489.25915266666664,0.014704375062137842,15,1.0,7338.88729,True,
LOCAL-v1-q4-smooth_shared_field-5073,4,frozen_baseline,10,614.8325374,0.017161124967969954,10,1.0,6148.325374,True,
LOCAL-v1-q4-smooth_shared_field-5074,4,frozen_baseline,16,422.1212171875,0.021000124979764223,16,1.0,6753.939475,True,
LOCAL-v1-q4-smooth_shared_field-5075,4,frozen_baseline,15,445.80142326666663,0.01752387499436736,15,1.0,6687.021349,True,
LOCAL-v1-q4-smooth_shared_field-5076,4,frozen_baseline,12,722.4602423333334,0.022474083001725376,12,1.0,8669.522908,True,
LOCAL-v1-q4-smooth_shared_field-5077,4,frozen_baseline,14,452.11169985714287,0.01855462498497218,14,1.0,6329.563798,True,
LOCAL-v1-q4-smooth_shared_field-5078,4,frozen_baseline,13,618.0905286153846,0.019236332969740033,13,1.0,8035.176872,True,
LOCAL-v1-q4-smooth_shared_field-5079,4,frozen_baseline,10,638.3648565000001,0.014918165979906917,10,1.0,6383.648565,True,
LOCAL-v1-q4-smooth_shared_field-5080,4,frozen_baseline,10,672.4675607,0.017007917049340904,10,1.0,6724.675607,True,
LOCAL-v1-q4-smooth_shared_field-5081,4,frozen_baseline,16,415.8215639375,0.02012208302039653,16,1.0,6653.145023,True,
LOCAL-v1-q4-smooth_shared_field-5082,4,frozen_baseline,13,551.1566178461538,0.016092791920527816,13,1.0,7165.036032,True,
LOCAL-v1-q4-smooth_shared_field-5083,4,frozen_baseline,13,732.977971076923,0.020465957932174206,13,1.0,9528.713624,True,
LOCAL-v1-q4-smooth_shared_field-5084,4,frozen_baseline,14,561.9223804285714,0.018173375050537288,14,1.0,7866.913326,True,
LOCAL-v1-q4-smooth_shared_field-5085,4,frozen_baseline,15,424.3984031333333,0.018468166003003716,15,1.0,6365.976047,True,
LOCAL-v1-q4-smooth_shared_field-5086,4,frozen_baseline,12,644.4926941666666,0.02225866704247892,12,1.0,7733.91233,True,
LOCAL-v1-q4-smooth_shared_field-5087,4,frozen_baseline,13,538.0011936923077,0.01652145804837346,13,1.0,6994.015518,True,
LOCAL-v1-q4-smooth_shared_field-5088,4,frozen_baseline,16,521.754579625,0.0219656660920009,16,1.0,8348.073274,True,
LOCAL-v1-q4-smooth_shared_field-5089,4,frozen_baseline,15,409.77455886666667,0.02028675004839897,15,1.0,6146.618383,True,
LOCAL-v1-q4-smooth_shared_field-5090,4,frozen_baseline,14,463.07508371428577,0.015390999964438379,14,1.0,6483.051172,True,
LOCAL-v1-q4-smooth_shared_field-5091,4,frozen_baseline,12,611.6408854166667,0.017445958103053272,12,1.0,7339.690625,True,
LOCAL-v1-q4-smooth_shared_field-5092,4,frozen_baseline,11,578.8187305454545,0.018133000005036592,11,1.0,6367.006036,True,
LOCAL-v1-q4-smooth_shared_field-5093,4,frozen_baseline,15,552.0793358666667,0.016257832990959287,15,1.0,8281.190038,True,
LOCAL-v1-q4-smooth_shared_field-5094,4,frozen_baseline,11,620.6132731818182,0.014683124958537519,11,1.0,6826.746005,True,
LOCAL-v1-q4-smooth_shared_field-5095,4,frozen_baseline,10,911.7342439,0.016994416946545243,10,1.0,9117.342439,True,
LOCAL-v1-q4-smooth_shared_field-5096,4,frozen_baseline,14,477.94534607142856,0.02085279196035117,14,1.0,6691.234845,True,
LOCAL-v1-q4-smooth_shared_field-5097,4,frozen_baseline,13,544.1760371538462,0.01942049991339445,13,1.0,7074.288483,True,
LOCAL-v1-q4-smooth_shared_field-5098,4,frozen_baseline,16,494.8396441875,0.018915832974016666,16,1.0,7917.434307,True,
LOCAL-v1-q4-smooth_shared_field-5099,4,frozen_baseline,13,664.2783163846154,0.01865108299534768,13,1.0,8635.618113,True,
LOCAL-v1-q4-cell50_shared_field-5000,4,frozen_baseline,11,604.3482687272727,0.018546540988609195,11,1.0,6647.830956,True,
LOCAL-v1-q4-cell50_shared_field-5001,4,frozen_baseline,14,541.6497308571428,0.01814358402043581,14,1.0,7583.096232,True,
LOCAL-v1-q4-cell50_shared_field-5002,4,frozen_baseline,15,511.1764814,0.01531550008803606,15,1.0,7667.647221,True,
LOCAL-v1-q4-cell50_shared_field-5003,4,frozen_baseline,11,617.6353988181818,0.016242708079516888,11,1.0,6793.989387,True,
LOCAL-v1-q4-cell50_shared_field-5004,4,frozen_baseline,12,520.5278074166666,0.018380749970674515,12,1.0,6246.333689,True,
LOCAL-v1-q4-cell50_shared_field-5005,4,frozen_baseline,11,563.8737269090909,0.02045570802874863,11,1.0,6202.610996,True,
LOCAL-v1-q4-cell50_shared_field-5006,4,frozen_baseline,11,743.5668070909092,0.01803779206238687,11,1.0,8179.234878,True,
LOCAL-v1-q4-cell50_shared_field-5007,4,frozen_baseline,11,612.8341861818182,0.022584374994039536,11,1.0,6741.176048,True,
LOCAL-v1-q4-cell50_shared_field-5008,4,frozen_baseline,10,718.0834304,0.01962358399759978,10,1.0,7180.834304,True,
LOCAL-v1-q4-cell50_shared_field-5009,4,frozen_baseline,14,464.71998535714283,0.022060791961848736,14,1.0,6506.079795,True,
LOCAL-v1-q4-cell50_shared_field-5010,4,frozen_baseline,12,531.1773031666667,0.01979150006081909,12,1.0,6374.127638,True,
LOCAL-v1-q4-cell50_shared_field-5011,4,frozen_baseline,15,715.7958465333334,0.018841209006495774,15,1.0,10736.937698,True,
LOCAL-v1-q4-cell50_shared_field-5012,4,frozen_baseline,10,652.4796363,0.014471750007942319,10,1.0,6524.796363,True,
LOCAL-v1-q4-cell50_shared_field-5013,4,frozen_baseline,12,612.6001193333333,0.01487829105462879,12,1.0,7351.201432,True,
LOCAL-v1-q4-cell50_shared_field-5014,4,frozen_baseline,11,612.5008773636364,0.017239791923202574,11,1.0,6737.509651,True,
LOCAL-v1-q4-cell50_shared_field-5015,4,frozen_baseline,12,546.2051511666667,0.01914862496778369,12,1.0,6554.461814,True,
LOCAL-v1-q4-cell50_shared_field-5016,4,frozen_baseline,16,430.4567049375,0.01880437508225441,16,1.0,6887.307279,True,
LOCAL-v1-q4-cell50_shared_field-5017,4,frozen_baseline,15,574.5487486666666,0.016263583092950284,15,1.0,8618.23123,True,
LOCAL-v1-q4-cell50_shared_field-5018,4,frozen_baseline,10,725.4667328,0.015986084006726742,10,1.0,7254.667328,True,
LOCAL-v1-q4-cell50_shared_field-5019,4,frozen_baseline,11,625.9788635454545,0.017854249919764698,11,1.0,6885.767499,True,
LOCAL-v1-q4-cell50_shared_field-5020,4,frozen_baseline,16,438.8621660625,0.017008166993036866,16,1.0,7021.794657,True,
LOCAL-v1-q4-cell50_shared_field-5021,4,frozen_baseline,14,618.6978060714285,0.018519124947488308,14,1.0,8661.769285,True,
LOCAL-v1-q4-cell50_shared_field-5022,4,frozen_baseline,14,586.5506466428571,0.020033375010825694,14,1.0,8211.709053,True,
LOCAL-v1-q4-cell50_shared_field-5023,4,frozen_baseline,15,465.6886880666667,0.02047687501180917,15,1.0,6985.330321,True,
LOCAL-v1-q4-cell50_shared_field-5024,4,frozen_baseline,13,488.75242623076923,0.01600624993443489,13,1.0,6353.781541,True,
LOCAL-v1-q4-cell50_shared_field-5025,4,frozen_baseline,12,610.9026723333333,0.01951979100704193,12,1.0,7330.832068,True,
LOCAL-v1-q4-cell50_shared_field-5026,4,frozen_baseline,15,422.0555864666667,0.01966758305206895,15,1.0,6330.833797,True,
LOCAL-v1-q4-cell50_shared_field-5027,4,frozen_baseline,11,590.4071237272727,0.018108334043063223,11,1.0,6494.478361,True,
LOCAL-v1-q4-cell50_shared_field-5028,4,frozen_baseline,10,679.6411544,0.016248833038844168,10,1.0,6796.411544,True,
LOCAL-v1-q4-cell50_shared_field-5029,4,frozen_baseline,11,766.1139967272727,0.016563667100854218,11,1.0,8427.253964,True,
LOCAL-v1-q4-cell50_shared_field-5030,4,frozen_baseline,12,606.6619221666666,0.01821795804426074,12,1.0,7279.943066,True,
LOCAL-v1-q4-cell50_shared_field-5031,4,frozen_baseline,15,530.4760190000001,0.020104292081668973,15,1.0,7957.140285,True,
LOCAL-v1-q4-cell50_shared_field-5032,4,frozen_baseline,11,553.585993090909,0.017995834001339972,11,1.0,6089.445924,True,
LOCAL-v1-q4-cell50_shared_field-5033,4,frozen_baseline,14,446.3836253571429,0.01919237500987947,14,1.0,6249.370755,True,
LOCAL-v1-q4-cell50_shared_field-5034,4,frozen_baseline,16,515.2782173125,0.020331458072178066,16,1.0,8244.451477,True,
LOCAL-v1-q4-cell50_shared_field-5035,4,frozen_baseline,10,733.3430007,0.014992790995165706,10,1.0,7333.430007,True,
LOCAL-v1-q4-cell50_shared_field-5036,4,frozen_baseline,15,514.4879251333333,0.01819641701877117,15,1.0,7717.318877,True,
LOCAL-v1-q4-cell50_shared_field-5037,4,frozen_baseline,15,497.20595073333334,0.022007749998010695,15,1.0,7458.089261,True,
LOCAL-v1-q4-cell50_shared_field-5038,4,frozen_baseline,16,467.2345816875,0.01824991696048528,16,1.0,7475.753307,True,
LOCAL-v1-q4-cell50_shared_field-5039,4,frozen_baseline,10,680.2447341,0.017404875019565225,10,1.0,6802.447341,True,
LOCAL-v1-q4-cell50_shared_field-5040,4,frozen_baseline,15,428.7294799333333,0.01808933401480317,15,1.0,6430.942199,True,
LOCAL-v1-q4-cell50_shared_field-5041,4,frozen_baseline,15,504.8252174,0.02070337499026209,15,1.0,7572.378261,True,
LOCAL-v1-q4-cell50_shared_field-5042,4,frozen_baseline,11,869.3967358181818,0.01734124997165054,11,1.0,9563.364094,True,
LOCAL-v1-q4-cell50_shared_field-5043,4,frozen_baseline,12,562.9313975833334,0.017962582991458476,12,1.0,6755.176771,True,
LOCAL-v1-q4-cell50_shared_field-5044,4,frozen_baseline,11,662.3189646363636,0.016644792049191892,11,1.0,7285.508611,True,
LOCAL-v1-q4-cell50_shared_field-5045,4,frozen_baseline,11,571.8946372727273,0.014748708112165332,11,1.0,6290.84101,True,
LOCAL-v1-q4-cell50_shared_field-5046,4,frozen_baseline,10,661.8777779,0.01795854198280722,10,1.0,6618.777779,True,
LOCAL-v1-q4-cell50_shared_field-5047,4,frozen_baseline,16,394.3123415625,0.022577333031222224,16,1.0,6308.997465,True,
LOCAL-v1-q4-cell50_shared_field-5048,4,frozen_baseline,12,565.9356354166667,0.015064917039126158,12,1.0,6791.227625,True,
LOCAL-v1-q4-cell50_shared_field-5049,4,frozen_baseline,10,738.9152334,0.018013791064731777,10,1.0,7389.152334,True,
LOCAL-v1-q4-cell50_shared_field-5050,4,frozen_baseline,15,471.29673526666664,0.019802624941803515,15,1.0,7069.451029,True,
LOCAL-v1-q4-cell50_shared_field-5051,4,frozen_baseline,11,632.5333436363636,0.015282833948731422,11,1.0,6957.86678,True,
LOCAL-v1-q4-cell50_shared_field-5052,4,frozen_baseline,13,480.95671223076926,0.019611709052696824,13,1.0,6252.437259,True,
LOCAL-v1-q4-cell50_shared_field-5053,4,frozen_baseline,16,413.4444308125,0.019616374978795648,16,1.0,6615.110893,True,
LOCAL-v1-q4-cell50_shared_field-5054,4,frozen_baseline,16,423.52921875,0.020394708961248398,16,1.0,6776.4675,True,
LOCAL-v1-q4-cell50_shared_field-5055,4,frozen_baseline,12,646.1345244166666,0.014531542081385851,12,1.0,7753.614293,True,
LOCAL-v1-q4-cell50_shared_field-5056,4,frozen_baseline,13,514.9001728461539,0.0164715830469504,13,1.0,6693.702247,True,
LOCAL-v1-q4-cell50_shared_field-5057,4,frozen_baseline,13,513.7073801538462,0.014696207945235074,13,1.0,6678.195942,True,
LOCAL-v1-q4-cell50_shared_field-5058,4,frozen_baseline,14,450.9923749285714,0.017904542037285864,14,1.0,6313.893249,True,
LOCAL-v1-q4-cell50_shared_field-5059,4,frozen_baseline,12,534.5488618333333,0.018429667106829584,12,1.0,6414.586342,True,
LOCAL-v1-q4-cell50_shared_field-5060,4,frozen_baseline,11,633.1513809090909,0.020762374973855913,11,1.0,6964.66519,True,
LOCAL-v1-q4-cell50_shared_field-5061,4,frozen_baseline,13,709.0765662307692,0.017545790993608534,13,1.0,9217.995361,True,
LOCAL-v1-q4-cell50_shared_field-5062,4,frozen_baseline,16,633.2188709375,0.022046083002351224,16,1.0,10131.501935,True,
LOCAL-v1-q4-cell50_shared_field-5063,4,frozen_baseline,15,411.02873246666667,0.021635166951455176,15,1.0,6165.430987,True,
LOCAL-v1-q4-cell50_shared_field-5064,4,frozen_baseline,13,521.4249236153846,0.018297708011232316,13,1.0,6778.524007,True,
LOCAL-v1-q4-cell50_shared_field-5065,4,frozen_baseline,12,621.3949868333333,0.01588900003116578,12,1.0,7456.739842,True,
LOCAL-v1-q4-cell50_shared_field-5066,4,frozen_baseline,10,646.3892019,0.016924792085774243,10,1.0,6463.892019,True,
LOCAL-v1-q4-cell50_shared_field-5067,4,frozen_baseline,16,438.2031735625,0.02078529098071158,16,1.0,7011.250777,True,
LOCAL-v1-q4-cell50_shared_field-5068,4,frozen_baseline,13,554.3052991538461,0.019307791022583842,13,1.0,7205.968889,True,
LOCAL-v1-q4-cell50_shared_field-5069,4,frozen_baseline,14,540.9984721428572,0.020178625010885298,14,1.0,7573.97861,True,
LOCAL-v1-q4-cell50_shared_field-5070,4,frozen_baseline,12,543.2916198333334,0.016674833022989333,12,1.0,6519.499438,True,
LOCAL-v1-q4-cell50_shared_field-5071,4,frozen_baseline,12,563.6255046666666,0.01969066692981869,12,1.0,6763.506056,True,
LOCAL-v1-q4-cell50_shared_field-5072,4,frozen_baseline,15,521.976257,0.014814041904173791,15,1.0,7829.643855,True,
LOCAL-v1-q4-cell50_shared_field-5073,4,frozen_baseline,10,621.0040271,0.01737274997867644,10,1.0,6210.040271,True,
LOCAL-v1-q4-cell50_shared_field-5074,4,frozen_baseline,16,414.0610250625,0.021252249949611723,16,1.0,6624.976401,True,
LOCAL-v1-q4-cell50_shared_field-5075,4,frozen_baseline,15,448.4154791333333,0.017726791091263294,15,1.0,6726.232187,True,
LOCAL-v1-q4-cell50_shared_field-5076,4,frozen_baseline,12,584.2169807500001,0.022700582980178297,12,1.0,7010.603769,True,
LOCAL-v1-q4-cell50_shared_field-5077,4,frozen_baseline,14,561.0806693571428,0.018650416051968932,14,1.0,7855.129371,True,
LOCAL-v1-q4-cell50_shared_field-5078,4,frozen_baseline,13,512.2171202307692,0.018844333011657,13,1.0,6658.822563,True,
LOCAL-v1-q4-cell50_shared_field-5079,4,frozen_baseline,10,646.6934376,0.014420665916986763,10,1.0,6466.934376,True,
LOCAL-v1-q4-cell50_shared_field-5080,4,frozen_baseline,10,943.6374167,0.017199791967868805,10,1.0,9436.374167,True,
LOCAL-v1-q4-cell50_shared_field-5081,4,frozen_baseline,16,460.8826765,0.018809833098202944,16,1.0,7374.122824,True,
LOCAL-v1-q4-cell50_shared_field-5082,4,frozen_baseline,13,537.0607133846154,0.016245209029875696,13,1.0,6981.789274,True,
LOCAL-v1-q4-cell50_shared_field-5083,4,frozen_baseline,13,508.3174240769231,0.020572250010445714,13,1.0,6608.126513,True,
LOCAL-v1-q4-cell50_shared_field-5084,4,frozen_baseline,14,641.697263857143,0.01825891702901572,14,1.0,8983.761694,True,
LOCAL-v1-q4-cell50_shared_field-5085,4,frozen_baseline,15,416.7422158,0.019484209013171494,15,1.0,6251.133237,True,
LOCAL-v1-q4-cell50_shared_field-5086,4,frozen_baseline,12,878.2281761666667,0.022877374896779656,12,1.0,10538.738114,True,
LOCAL-v1-q4-cell50_shared_field-5087,4,frozen_baseline,13,523.5887595384615,0.016725666006095707,13,1.0,6806.653874,True,
LOCAL-v1-q4-cell50_shared_field-5088,4,frozen_baseline,16,648.9630684375,0.02221491700038314,16,1.0,10383.409095,True,
LOCAL-v1-q4-cell50_shared_field-5089,4,frozen_baseline,15,405.7587382666667,0.020109541015699506,15,1.0,6086.381074,True,
LOCAL-v1-q4-cell50_shared_field-5090,4,frozen_baseline,14,461.8008814285714,0.015383084071800113,14,1.0,6465.21234,True,
LOCAL-v1-q4-cell50_shared_field-5091,4,frozen_baseline,12,573.7406110000001,0.015937959076836705,12,1.0,6884.887332,True,
LOCAL-v1-q4-cell50_shared_field-5092,4,frozen_baseline,11,569.6138924545454,0.018814750015735626,11,1.0,6265.752817,True,
LOCAL-v1-q4-cell50_shared_field-5093,4,frozen_baseline,15,568.135729,0.016623832983896136,15,1.0,8522.035935,True,
LOCAL-v1-q4-cell50_shared_field-5094,4,frozen_baseline,11,634.715260909091,0.014814166002906859,11,1.0,6981.86787,True,
LOCAL-v1-q4-cell50_shared_field-5095,4,frozen_baseline,10,720.5779805,0.018255625036545098,10,1.0,7205.779805,True,
LOCAL-v1-q4-cell50_shared_field-5096,4,frozen_baseline,14,479.2077075714286,0.020949792000465095,14,1.0,6708.907906,True,
LOCAL-v1-q4-cell50_shared_field-5097,4,frozen_baseline,13,552.864984,0.019456916954368353,13,1.0,7187.244792,True,
LOCAL-v1-q4-cell50_shared_field-5098,4,frozen_baseline,16,416.890602375,0.019158666022121906,16,1.0,6670.249638,True,
LOCAL-v1-q4-cell50_shared_field-5099,4,frozen_baseline,13,650.5567092307693,0.019026124966330826,13,1.0,8457.23722,True,
LOCAL-v1-q4-cell500_shared_field-5000,4,frozen_baseline,11,585.9050421818182,0.01858262496534735,11,1.0,6444.955464,True,
LOCAL-v1-q4-cell500_shared_field-5001,4,frozen_baseline,14,543.4643184285715,0.018179332953877747,14,1.0,7608.500458,True,
LOCAL-v1-q4-cell500_shared_field-5002,4,frozen_baseline,15,448.5853944,0.015377750038169324,15,1.0,6728.780916,True,
LOCAL-v1-q4-cell500_shared_field-5003,4,frozen_baseline,11,616.440316,0.016413374920375645,11,1.0,6780.843476,True,
LOCAL-v1-q4-cell500_shared_field-5004,4,frozen_baseline,12,523.3238273333333,0.01817983400542289,12,1.0,6279.885928,True,
LOCAL-v1-q4-cell500_shared_field-5005,4,frozen_baseline,11,566.6793182727273,0.020459707942791283,11,1.0,6233.472501,True,
LOCAL-v1-q4-cell500_shared_field-5006,4,frozen_baseline,11,723.1248604545455,0.017928167013451457,11,1.0,7954.373465,True,
LOCAL-v1-q4-cell500_shared_field-5007,4,frozen_baseline,11,613.4991341818181,0.02239375002682209,11,1.0,6748.490476,True,
LOCAL-v1-q4-cell500_shared_field-5008,4,frozen_baseline,10,706.0138018,0.019394875038415194,10,1.0,7060.138018,True,
LOCAL-v1-q4-cell500_shared_field-5009,4,frozen_baseline,14,464.1890697142857,0.021750334068201482,14,1.0,6498.646976,True,
LOCAL-v1-q4-cell500_shared_field-5010,4,frozen_baseline,12,531.6905370833333,0.019552209065295756,12,1.0,6380.286445,True,
LOCAL-v1-q4-cell500_shared_field-5011,4,frozen_baseline,15,449.60753013333334,0.018388292053714395,15,1.0,6744.112952,True,
LOCAL-v1-q4-cell500_shared_field-5012,4,frozen_baseline,10,628.8218801,0.01436845795251429,10,1.0,6288.218801,True,
LOCAL-v1-q4-cell500_shared_field-5013,4,frozen_baseline,12,581.4079363333334,0.015075832954607904,12,1.0,6976.895236,True,
LOCAL-v1-q4-cell500_shared_field-5014,4,frozen_baseline,11,719.3817533636364,0.017509625060483813,11,1.0,7913.199287,True,
LOCAL-v1-q4-cell500_shared_field-5015,4,frozen_baseline,12,525.13307175,0.019186540972441435,12,1.0,6301.596861,True,
LOCAL-v1-q4-cell500_shared_field-5016,4,frozen_baseline,16,408.2884941875,0.019102332997135818,16,1.0,6532.615907,True,
LOCAL-v1-q4-cell500_shared_field-5017,4,frozen_baseline,15,524.9853972,0.01775395800359547,15,1.0,7874.780958,True,
LOCAL-v1-q4-cell500_shared_field-5018,4,frozen_baseline,10,835.8679491999999,0.015875375014729798,10,1.0,8358.679492,True,
LOCAL-v1-q4-cell500_shared_field-5019,4,frozen_baseline,11,628.7466505454545,0.017810208024457097,11,1.0,6916.213156,True,
LOCAL-v1-q4-cell500_shared_field-5020,4,frozen_baseline,16,466.9563771875,0.016728458926081657,16,1.0,7471.302035,True,
LOCAL-v1-q4-cell500_shared_field-5021,4,frozen_baseline,14,834.1593797857142,0.01844149990938604,14,1.0,11678.231317,True,
LOCAL-v1-q4-cell500_shared_field-5022,4,frozen_baseline,14,679.1633935714286,0.015644541941583157,14,1.0,9508.28751,True,
LOCAL-v1-q4-cell500_shared_field-5023,4,frozen_baseline,15,446.32578593333335,0.020856749964877963,15,1.0,6694.886789,True,
LOCAL-v1-q4-cell500_shared_field-5024,4,frozen_baseline,13,488.2027199230769,0.016096333973109722,13,1.0,6346.635359,True,
LOCAL-v1-q4-cell500_shared_field-5025,4,frozen_baseline,12,595.1547314166667,0.0196352080674842,12,1.0,7141.856777,True,
LOCAL-v1-q4-cell500_shared_field-5026,4,frozen_baseline,15,419.64132866666665,0.019442417076788843,15,1.0,6294.61993,True,
LOCAL-v1-q4-cell500_shared_field-5027,4,frozen_baseline,11,637.7639642727273,0.018394167069345713,11,1.0,7015.403607,True,
LOCAL-v1-q4-cell500_shared_field-5028,4,frozen_baseline,10,679.8942989999999,0.016215582960285246,10,1.0,6798.94299,True,
LOCAL-v1-q4-cell500_shared_field-5029,4,frozen_baseline,11,681.9885876363637,0.016562832985073328,11,1.0,7501.874464,True,
LOCAL-v1-q4-cell500_shared_field-5030,4,frozen_baseline,12,564.2133243333334,0.01839329209178686,12,1.0,6770.559892,True,
LOCAL-v1-q4-cell500_shared_field-5031,4,frozen_baseline,15,568.0986792,0.019987332983873785,15,1.0,8521.480188,True,
LOCAL-v1-q4-cell500_shared_field-5032,4,frozen_baseline,11,558.5027721818182,0.018074958003126085,11,1.0,6143.530494,True,
LOCAL-v1-q4-cell500_shared_field-5033,4,frozen_baseline,14,445.8311005714286,0.018826082930900156,14,1.0,6241.635408,True,
LOCAL-v1-q4-cell500_shared_field-5034,4,frozen_baseline,16,557.1638589375,0.018465750035829842,16,1.0,8914.621743,True,
LOCAL-v1-q4-cell500_shared_field-5035,4,frozen_baseline,10,719.8865815,0.014865624951198697,10,1.0,7198.865815,True,
LOCAL-v1-q4-cell500_shared_field-5036,4,frozen_baseline,15,547.4982262666667,0.01817349996417761,15,1.0,8212.473394,True,
LOCAL-v1-q4-cell500_shared_field-5037,4,frozen_baseline,15,488.11138980000004,0.021631999989040196,15,1.0,7321.670847,True,
LOCAL-v1-q4-cell500_shared_field-5038,4,frozen_baseline,16,470.319335375,0.018256874987855554,16,1.0,7525.109366,True,
LOCAL-v1-q4-cell500_shared_field-5039,4,frozen_baseline,10,666.2001325,0.017251917044632137,10,1.0,6662.001325,True,
LOCAL-v1-q4-cell500_shared_field-5040,4,frozen_baseline,15,420.79063226666665,0.01813558302819729,15,1.0,6311.859484,True,
LOCAL-v1-q4-cell500_shared_field-5041,4,frozen_baseline,15,503.37914766666665,0.02108824998140335,15,1.0,7550.687215,True,
LOCAL-v1-q4-cell500_shared_field-5042,4,frozen_baseline,11,620.8050290909091,0.02062945906072855,11,1.0,6828.85532,True,
LOCAL-v1-q4-cell500_shared_field-5043,4,frozen_baseline,12,558.9325725833334,0.01808462501503527,12,1.0,6707.190871,True,
LOCAL-v1-q4-cell500_shared_field-5044,4,frozen_baseline,11,647.6794315454546,0.01655095792375505,11,1.0,7124.473747,True,
LOCAL-v1-q4-cell500_shared_field-5045,4,frozen_baseline,11,571.9524353636364,0.014795999974012375,11,1.0,6291.476789,True,
LOCAL-v1-q4-cell500_shared_field-5046,4,frozen_baseline,10,681.8671529999999,0.017923375009559095,10,1.0,6818.67153,True,
LOCAL-v1-q4-cell500_shared_field-5047,4,frozen_baseline,16,395.0702118125,0.022896665963344276,16,1.0,6321.123389,True,
LOCAL-v1-q4-cell500_shared_field-5048,4,frozen_baseline,12,556.3044052500001,0.015011583920568228,12,1.0,6675.652863,True,
LOCAL-v1-q4-cell500_shared_field-5049,4,frozen_baseline,10,782.374744,0.018268917105160654,10,1.0,7823.74744,True,
LOCAL-v1-q4-cell500_shared_field-5050,4,frozen_baseline,15,501.8063246,0.01995633402839303,15,1.0,7527.094869,True,
LOCAL-v1-q4-cell500_shared_field-5051,4,frozen_baseline,11,632.8627528181819,0.015465250005945563,11,1.0,6961.490281,True,
LOCAL-v1-q4-cell500_shared_field-5052,4,frozen_baseline,13,482.32439369230764,0.019668332999572158,13,1.0,6270.217118,True,
LOCAL-v1-q4-cell500_shared_field-5053,4,frozen_baseline,16,412.5892156875,0.01967683294788003,16,1.0,6601.427451,True,
LOCAL-v1-q4-cell500_shared_field-5054,4,frozen_baseline,16,462.2874409375,0.02060375001747161,16,1.0,7396.599055,True,
LOCAL-v1-q4-cell500_shared_field-5055,4,frozen_baseline,12,685.6568411666667,0.014592583989724517,12,1.0,8227.882094,True,
LOCAL-v1-q4-cell500_shared_field-5056,4,frozen_baseline,13,515.1876965384615,0.01674708304926753,13,1.0,6697.440055,True,
LOCAL-v1-q4-cell500_shared_field-5057,4,frozen_baseline,13,525.4541958461539,0.0149819579673931,13,1.0,6830.904546,True,
LOCAL-v1-q4-cell500_shared_field-5058,4,frozen_baseline,14,450.4672837857143,0.018047082936391234,14,1.0,6306.541973,True,
LOCAL-v1-q4-cell500_shared_field-5059,4,frozen_baseline,12,534.8628915833334,0.018140624975785613,12,1.0,6418.354699,True,
LOCAL-v1-q4-cell500_shared_field-5060,4,frozen_baseline,11,623.4390128181818,0.0206301670987159,11,1.0,6857.829141,True,
LOCAL-v1-q4-cell500_shared_field-5061,4,frozen_baseline,13,690.904049923077,0.017513625090941787,13,1.0,8981.752649,True,
LOCAL-v1-q4-cell500_shared_field-5062,4,frozen_baseline,16,655.10225725,0.021855375031009316,16,1.0,10481.636116,True,
LOCAL-v1-q4-cell500_shared_field-5063,4,frozen_baseline,15,447.66370693333334,0.02213416702579707,15,1.0,6714.955604,True,
LOCAL-v1-q4-cell500_shared_field-5064,4,frozen_baseline,13,505.34508323076926,0.018395125051029027,13,1.0,6569.486082,True,
LOCAL-v1-q4-cell500_shared_field-5065,4,frozen_baseline,12,578.7225680833334,0.01486495800781995,12,1.0,6944.670817,True,
LOCAL-v1-q4-cell500_shared_field-5066,4,frozen_baseline,10,644.8178079,0.01728675002232194,10,1.0,6448.178079,True,
LOCAL-v1-q4-cell500_shared_field-5067,4,frozen_baseline,16,482.601456125,0.021161500015296042,16,1.0,7721.623298,True,
LOCAL-v1-q4-cell500_shared_field-5068,4,frozen_baseline,13,549.8955546923078,0.019586249953135848,13,1.0,7148.642211,True,
LOCAL-v1-q4-cell500_shared_field-5069,4,frozen_baseline,14,708.1589135,0.02025862503796816,14,1.0,9914.224789,True,
LOCAL-v1-q4-cell500_shared_field-5070,4,frozen_baseline,12,553.358307,0.01675179204903543,12,1.0,6640.299684,True,
LOCAL-v1-q4-cell500_shared_field-5071,4,frozen_baseline,12,564.49523475,0.019675874966196716,12,1.0,6773.942817,True,
LOCAL-v1-q4-cell500_shared_field-5072,4,frozen_baseline,15,485.909264,0.014786917017772794,15,1.0,7288.63896,True,
LOCAL-v1-q4-cell500_shared_field-5073,4,frozen_baseline,10,627.3822357,0.017158625065349042,10,1.0,6273.822357,True,
LOCAL-v1-q4-cell500_shared_field-5074,4,frozen_baseline,16,414.368233125,0.021267249947413802,16,1.0,6629.89173,True,
LOCAL-v1-q4-cell500_shared_field-5075,4,frozen_baseline,15,440.6888936666667,0.017722667078487575,15,1.0,6610.333405,True,
LOCAL-v1-q4-cell500_shared_field-5076,4,frozen_baseline,12,572.2078355833333,0.02242179191671312,12,1.0,6866.494027,True,
LOCAL-v1-q4-cell500_shared_field-5077,4,frozen_baseline,14,485.2149827142857,0.019551125005818903,14,1.0,6793.009758,True,
LOCAL-v1-q4-cell500_shared_field-5078,4,frozen_baseline,13,513.7206610769231,0.019183625001460314,13,1.0,6678.368594,True,
LOCAL-v1-q4-cell500_shared_field-5079,4,frozen_baseline,10,647.7839916,0.014775458024814725,10,1.0,6477.839916,True,
LOCAL-v1-q4-cell500_shared_field-5080,4,frozen_baseline,10,898.0093752,0.017319916049018502,10,1.0,8980.093752,True,
LOCAL-v1-q4-cell500_shared_field-5081,4,frozen_baseline,16,445.3970988125,0.018847249913960695,16,1.0,7126.353581,True,
LOCAL-v1-q4-cell500_shared_field-5082,4,frozen_baseline,13,524.7218942307692,0.016233625006861985,13,1.0,6821.384625,True,
LOCAL-v1-q4-cell500_shared_field-5083,4,frozen_baseline,13,570.6683529230769,0.020318415947258472,13,1.0,7418.688588,True,
LOCAL-v1-q4-cell500_shared_field-5084,4,frozen_baseline,14,515.4937297857143,0.01829191599972546,14,1.0,7216.912217,True,
LOCAL-v1-q4-cell500_shared_field-5085,4,frozen_baseline,15,538.5248856000001,0.019626874942332506,15,1.0,8077.873284,True,
LOCAL-v1-q4-cell500_shared_field-5086,4,frozen_baseline,12,680.3354829166666,0.021096166921779513,12,1.0,8164.025795,True,
LOCAL-v1-q4-cell500_shared_field-5087,4,frozen_baseline,13,538.1000013846153,0.01667229097802192,13,1.0,6995.300018,True,
LOCAL-v1-q4-cell500_shared_field-5088,4,frozen_baseline,16,447.155685875,0.022433290956541896,16,1.0,7154.490974,True,
LOCAL-v1-q4-cell500_shared_field-5089,4,frozen_baseline,15,404.1462178666667,0.020343709038570523,15,1.0,6062.193268,True,
LOCAL-v1-q4-cell500_shared_field-5090,4,frozen_baseline,14,463.0179667857143,0.015561833046376705,14,1.0,6482.251535,True,
LOCAL-v1-q4-cell500_shared_field-5091,4,frozen_baseline,12,622.1464915,0.01596987491939217,12,1.0,7465.757898,True,
LOCAL-v1-q4-cell500_shared_field-5092,4,frozen_baseline,11,569.7969081818181,0.018743708031252027,11,1.0,6267.76599,True,
LOCAL-v1-q4-cell500_shared_field-5093,4,frozen_baseline,15,552.0790888666667,0.01649599999655038,15,1.0,8281.186333,True,
LOCAL-v1-q4-cell500_shared_field-5094,4,frozen_baseline,11,632.8792178181818,0.014723374973982573,11,1.0,6961.671396,True,
LOCAL-v1-q4-cell500_shared_field-5095,4,frozen_baseline,10,731.8123760999999,0.017127208062447608,10,1.0,7318.123761,True,
LOCAL-v1-q4-cell500_shared_field-5096,4,frozen_baseline,14,481.0479361428571,0.021039583021774888,14,1.0,6734.671106,True,
LOCAL-v1-q4-cell500_shared_field-5097,4,frozen_baseline,13,544.2036276153847,0.01980866608209908,13,1.0,7074.647159,True,
LOCAL-v1-q4-cell500_shared_field-5098,4,frozen_baseline,16,405.583708125,0.019293957971967757,16,1.0,6489.33933,True,
LOCAL-v1-q4-cell500_shared_field-5099,4,frozen_baseline,13,679.8846238461539,0.01899300003424287,13,1.0,8838.50011,True,
LOCAL-v1-q4-edge_mixed_min_radius-5000,4,frozen_baseline,11,800.9945518181819,0.01786504196934402,11,1.0,8810.94007,True,
LOCAL-v1-q4-edge_mixed_min_radius-5001,4,frozen_baseline,14,741.7835821428571,0.019401292083784938,14,1.0,10384.97015,True,
LOCAL-v1-q4-edge_mixed_min_radius-5002,4,frozen_baseline,15,619.1579435333333,0.018752124975435436,15,1.0,9287.369153,True,
LOCAL-v1-q4-edge_mixed_min_radius-5003,4,frozen_baseline,11,643.8686720000001,0.018230417044833302,11,1.0,7082.555392,True,
LOCAL-v1-q4-edge_mixed_min_radius-5004,4,frozen_baseline,12,546.7765215000001,0.01660783402621746,12,1.0,6561.318258,True,
LOCAL-v1-q4-edge_mixed_min_radius-5005,4,frozen_baseline,11,645.9884263636363,0.016008500009775162,11,1.0,7105.87269,True,
LOCAL-v1-q4-edge_mixed_min_radius-5006,4,frozen_baseline,11,756.5893940000001,0.01785058295354247,11,1.0,8322.483334,True,
LOCAL-v1-q4-edge_mixed_min_radius-5007,4,frozen_baseline,11,725.1561296363636,0.016718042083084583,11,1.0,7976.717426,True,
LOCAL-v1-q4-edge_mixed_min_radius-5008,4,frozen_baseline,10,823.1531074000001,0.014096457976847887,10,1.0,8231.531074,True,
LOCAL-v1-q4-edge_mixed_min_radius-5009,4,frozen_baseline,14,503.36899514285716,0.017647291999310255,14,1.0,7047.165932,True,
LOCAL-v1-q4-edge_mixed_min_radius-5010,4,frozen_baseline,12,531.2379334999999,0.020040499977767467,12,1.0,6374.855202,True,
LOCAL-v1-q4-edge_mixed_min_radius-5011,4,frozen_baseline,15,424.12467399999997,0.02158191695343703,15,1.0,6361.87011,True,
LOCAL-v1-q4-edge_mixed_min_radius-5012,4,frozen_baseline,10,734.469208,0.017916708020493388,10,1.0,7344.69208,True,
LOCAL-v1-q4-edge_mixed_min_radius-5013,4,frozen_baseline,12,595.9616494166667,0.01924041600432247,12,1.0,7151.539793,True,
LOCAL-v1-q4-edge_mixed_min_radius-5014,4,frozen_baseline,11,807.0765850909091,0.015504625043831766,11,1.0,8877.842436,True,
LOCAL-v1-q4-edge_mixed_min_radius-5015,4,frozen_baseline,12,630.5127854166667,0.016265457961708307,12,1.0,7566.153425,True,
LOCAL-v1-q4-edge_mixed_min_radius-5016,4,frozen_baseline,16,493.3497158125,0.017672082991339266,16,1.0,7893.595453,True,
LOCAL-v1-q4-edge_mixed_min_radius-5017,4,frozen_baseline,15,614.576973,0.016781375044956803,15,1.0,9218.654595,True,
LOCAL-v1-q4-edge_mixed_min_radius-5018,4,frozen_baseline,10,773.3594223,0.01527325005736202,10,1.0,7733.594223,True,
LOCAL-v1-q4-edge_mixed_min_radius-5019,4,frozen_baseline,11,582.1932485454546,0.01850920799188316,11,1.0,6404.125734,True,
LOCAL-v1-q4-edge_mixed_min_radius-5020,4,frozen_baseline,16,456.295149375,0.019796582986600697,16,1.0,7300.72239,True,
LOCAL-v1-q4-edge_mixed_min_radius-5021,4,frozen_baseline,14,696.5865047857143,0.01575245801359415,14,1.0,9752.211067,True,
LOCAL-v1-q4-edge_mixed_min_radius-5022,4,frozen_baseline,14,660.9818787857142,0.015776874963194132,14,1.0,9253.746303,True,
LOCAL-v1-q4-edge_mixed_min_radius-5023,4,frozen_baseline,15,499.8048402,0.018860624986700714,15,1.0,7497.072603,True,
LOCAL-v1-q4-edge_mixed_min_radius-5024,4,frozen_baseline,13,607.5583015384616,0.020565208978950977,13,1.0,7898.25792,True,
LOCAL-v1-q4-edge_mixed_min_radius-5025,4,frozen_baseline,12,669.2232211666667,0.018148500006645918,12,1.0,8030.678654,True,
LOCAL-v1-q4-edge_mixed_min_radius-5026,4,frozen_baseline,15,446.9963114,0.022533749928697944,15,1.0,6704.944671,True,
LOCAL-v1-q4-edge_mixed_min_radius-5027,4,frozen_baseline,11,625.966649,0.037231958005577326,11,1.0,6885.633139,True,
LOCAL-v1-q4-edge_mixed_min_radius-5028,4,frozen_baseline,10,651.7642768,0.016199291916564107,10,1.0,6517.642768,True,
LOCAL-v1-q4-edge_mixed_min_radius-5029,4,frozen_baseline,11,696.7846290909091,0.014937250060029328,11,1.0,7664.63092,True,
LOCAL-v1-q4-edge_mixed_min_radius-5030,4,frozen_baseline,12,629.9151009999999,0.017419083043932915,12,1.0,7558.981212,True,
LOCAL-v1-q4-edge_mixed_min_radius-5031,4,frozen_baseline,15,569.0524075333334,0.016565834055654705,15,1.0,8535.786113,True,
LOCAL-v1-q4-edge_mixed_min_radius-5032,4,frozen_baseline,11,613.0974537272728,0.015301709063351154,11,1.0,6744.071991,True,
LOCAL-v1-q4-edge_mixed_min_radius-5033,4,frozen_baseline,14,516.0926977142857,0.018723709043115377,14,1.0,7225.297768,True,
LOCAL-v1-q4-edge_mixed_min_radius-5034,4,frozen_baseline,16,500.2597061875,0.01843495899811387,16,1.0,8004.155299,True,
LOCAL-v1-q4-edge_mixed_min_radius-5035,4,frozen_baseline,10,817.9419769,0.017266749986447394,10,1.0,8179.419769,True,
LOCAL-v1-q4-edge_mixed_min_radius-5036,4,frozen_baseline,15,635.0619801333333,0.016891916980966926,15,1.0,9525.929702,True,
LOCAL-v1-q4-edge_mixed_min_radius-5037,4,frozen_baseline,15,556.7862680666666,0.01997662498615682,15,1.0,8351.794021,True,
LOCAL-v1-q4-edge_mixed_min_radius-5038,4,frozen_baseline,16,450.9218555,0.020757666905410588,16,1.0,7214.749688,True,
LOCAL-v1-q4-edge_mixed_min_radius-5039,4,frozen_baseline,10,830.7216543000001,0.10667270806152374,10,1.0,8307.216543,True,
LOCAL-v1-q4-edge_mixed_min_radius-5040,4,frozen_baseline,15,522.6875454666666,0.03578124998603016,15,1.0,7840.313182,True,
LOCAL-v1-q4-edge_mixed_min_radius-5041,4,frozen_baseline,15,448.7014158666667,0.020956541993655264,15,1.0,6730.521238,True,
LOCAL-v1-q4-edge_mixed_min_radius-5042,4,frozen_baseline,11,801.7764628181817,0.025119249941781163,11,1.0,8819.541091,True,
LOCAL-v1-q4-edge_mixed_min_radius-5043,4,frozen_baseline,12,660.8631981666666,0.02621462498791516,12,1.0,7930.358378,True,
LOCAL-v1-q4-edge_mixed_min_radius-5044,4,frozen_baseline,11,752.9313286363636,0.019157250062562525,11,1.0,8282.244615,True,
LOCAL-v1-q4-edge_mixed_min_radius-5045,4,frozen_baseline,11,575.1879480909091,0.020309458952397108,11,1.0,6327.067429,True,
LOCAL-v1-q4-edge_mixed_min_radius-5046,4,frozen_baseline,10,581.6765141,0.01894558290950954,10,1.0,5816.765141,True,
LOCAL-v1-q4-edge_mixed_min_radius-5047,4,frozen_baseline,16,463.342902875,0.018526625004597008,16,1.0,7413.486446,True,
LOCAL-v1-q4-edge_mixed_min_radius-5048,4,frozen_baseline,12,621.6266174166667,0.017265249975025654,12,1.0,7459.519409,True,
LOCAL-v1-q4-edge_mixed_min_radius-5049,4,frozen_baseline,10,731.2418732,0.015821291017346084,10,1.0,7312.418732,True,
LOCAL-v1-q4-edge_mixed_min_radius-5050,4,frozen_baseline,15,530.8477098,0.01786583394277841,15,1.0,7962.715647,True,
LOCAL-v1-q4-edge_mixed_min_radius-5051,4,frozen_baseline,11,696.9729336363636,0.01583829103037715,11,1.0,7666.70227,True,
LOCAL-v1-q4-edge_mixed_min_radius-5052,4,frozen_baseline,13,583.6490964615384,0.017949874978512526,13,1.0,7587.438254,True,
LOCAL-v1-q4-edge_mixed_min_radius-5053,4,frozen_baseline,16,487.2425694375,0.017010790994390845,16,1.0,7795.881111,True,
LOCAL-v1-q4-edge_mixed_min_radius-5054,4,frozen_baseline,16,470.846790625,0.016490374924615026,16,1.0,7533.54865,True,
LOCAL-v1-q4-edge_mixed_min_radius-5055,4,frozen_baseline,12,957.7293962499999,0.015312999952584505,12,1.0,11492.752755,True,
LOCAL-v1-q4-edge_mixed_min_radius-5056,4,frozen_baseline,13,718.655138,0.015211667050607502,13,1.0,9342.516794,True,
LOCAL-v1-q4-edge_mixed_min_radius-5057,4,frozen_baseline,13,527.1363643846154,0.017989750020205975,13,1.0,6852.772737,True,
LOCAL-v1-q4-edge_mixed_min_radius-5058,4,frozen_baseline,14,461.1900678571429,0.017889040987938643,14,1.0,6456.66095,True,
LOCAL-v1-q4-edge_mixed_min_radius-5059,4,frozen_baseline,12,516.8116130833333,0.01891612506005913,12,1.0,6201.739357,True,
LOCAL-v1-q4-edge_mixed_min_radius-5060,4,frozen_baseline,11,773.7151230909091,0.015482124988920987,11,1.0,8510.866354,True,
LOCAL-v1-q4-edge_mixed_min_radius-5061,4,frozen_baseline,13,641.172594076923,0.018138500046916306,13,1.0,8335.243723,True,
LOCAL-v1-q4-edge_mixed_min_radius-5062,4,frozen_baseline,16,536.562588875,0.01782958407420665,16,1.0,8585.001422,True,
LOCAL-v1-q4-edge_mixed_min_radius-5063,4,frozen_baseline,15,432.0740098,0.022102124989032745,15,1.0,6481.110147,True,
LOCAL-v1-q4-edge_mixed_min_radius-5064,4,frozen_baseline,13,569.2274085384615,0.01592150004580617,13,1.0,7399.956311,True,
LOCAL-v1-q4-edge_mixed_min_radius-5065,4,frozen_baseline,12,688.1574725833334,0.016796041978523135,12,1.0,8257.889671,True,
LOCAL-v1-q4-edge_mixed_min_radius-5066,4,frozen_baseline,10,682.2066262999999,0.014578083995729685,10,1.0,6822.066263,True,
LOCAL-v1-q4-edge_mixed_min_radius-5067,4,frozen_baseline,16,460.1184969375,0.018508457927964628,16,1.0,7361.895951,True,
LOCAL-v1-q4-edge_mixed_min_radius-5068,4,frozen_baseline,13,598.0572683076923,0.018257500021718442,13,1.0,7774.744488,True,
LOCAL-v1-q4-edge_mixed_min_radius-5069,4,frozen_baseline,14,604.0227862857143,0.01640220801346004,14,1.0,8456.319008,True,
LOCAL-v1-q4-edge_mixed_min_radius-5070,4,frozen_baseline,12,624.5591076666666,0.017558875028043985,12,1.0,7494.709292,True,
LOCAL-v1-q4-edge_mixed_min_radius-5071,4,frozen_baseline,12,632.1435775833334,0.018145082984119654,12,1.0,7585.722931,True,
LOCAL-v1-q4-edge_mixed_min_radius-5072,4,frozen_baseline,15,613.4167892666667,0.01687266700901091,15,1.0,9201.251839,True,
LOCAL-v1-q4-edge_mixed_min_radius-5073,4,frozen_baseline,10,649.0608061,0.016973458928987384,10,1.0,6490.608061,True,
LOCAL-v1-q4-edge_mixed_min_radius-5074,4,frozen_baseline,16,518.7777659375,0.018722707987762988,16,1.0,8300.444255,True,
LOCAL-v1-q4-edge_mixed_min_radius-5075,4,frozen_baseline,15,484.69447026666666,0.01959099993109703,15,1.0,7270.417054,True,
LOCAL-v1-q4-edge_mixed_min_radius-5076,4,frozen_baseline,12,707.2136271666667,0.016030166065320373,12,1.0,8486.563526,True,
LOCAL-v1-q4-edge_mixed_min_radius-5077,4,frozen_baseline,14,606.7619192857143,0.018876916961744428,14,1.0,8494.66687,True,
LOCAL-v1-q4-edge_mixed_min_radius-5078,4,frozen_baseline,13,522.4734626923077,0.018758416990749538,13,1.0,6792.155015,True,
LOCAL-v1-q4-edge_mixed_min_radius-5079,4,frozen_baseline,10,641.7253485,0.017491625039838254,10,1.0,6417.253485,True,
LOCAL-v1-q4-edge_mixed_min_radius-5080,4,frozen_baseline,10,920.0944692999999,0.015686708968132734,10,1.0,9200.944693,True,
LOCAL-v1-q4-edge_mixed_min_radius-5081,4,frozen_baseline,16,500.21595125,0.018952458980493248,16,1.0,8003.45522,True,
LOCAL-v1-q4-edge_mixed_min_radius-5082,4,frozen_baseline,13,571.9441683076923,0.015845917048864067,13,1.0,7435.274188,True,
LOCAL-v1-q4-edge_mixed_min_radius-5083,4,frozen_baseline,13,544.4397749999999,0.018384624971076846,13,1.0,7077.717075,True,
LOCAL-v1-q4-edge_mixed_min_radius-5084,4,frozen_baseline,14,731.5232792857142,0.016486290958710015,14,1.0,10241.32591,True,
LOCAL-v1-q4-edge_mixed_min_radius-5085,4,frozen_baseline,15,597.0858439333333,0.017677999916486442,15,1.0,8956.287659,True,
LOCAL-v1-q4-edge_mixed_min_radius-5086,4,frozen_baseline,12,572.1213725,0.01839254202786833,12,1.0,6865.45647,True,
LOCAL-v1-q4-edge_mixed_min_radius-5087,4,frozen_baseline,13,587.4428839999999,0.01701645797584206,13,1.0,7636.757492,True,
LOCAL-v1-q4-edge_mixed_min_radius-5088,4,frozen_baseline,16,530.303966625,0.01870920800138265,16,1.0,8484.863466,True,
LOCAL-v1-q4-edge_mixed_min_radius-5089,4,frozen_baseline,15,509.9996294666667,0.01939795899670571,15,1.0,7649.994442,True,
LOCAL-v1-q4-edge_mixed_min_radius-5090,4,frozen_baseline,14,456.4198455,0.017769958009012043,14,1.0,6389.877837,True,
LOCAL-v1-q4-edge_mixed_min_radius-5091,4,frozen_baseline,12,611.79419325,0.017803208087570965,12,1.0,7341.530319,True,
LOCAL-v1-q4-edge_mixed_min_radius-5092,4,frozen_baseline,11,674.1511655454545,0.017936167074367404,11,1.0,7415.662821,True,
LOCAL-v1-q4-edge_mixed_min_radius-5093,4,frozen_baseline,15,516.2685904,0.017110374988988042,15,1.0,7744.028856,True,
LOCAL-v1-q4-edge_mixed_min_radius-5094,4,frozen_baseline,11,789.0822054545454,0.01614412502385676,11,1.0,8679.90426,True,
LOCAL-v1-q4-edge_mixed_min_radius-5095,4,frozen_baseline,10,830.7679340000001,0.016358666005544364,10,1.0,8307.67934,True,
LOCAL-v1-q4-edge_mixed_min_radius-5096,4,frozen_baseline,14,496.5496021428571,0.01939687505364418,14,1.0,6951.69443,True,
LOCAL-v1-q4-edge_mixed_min_radius-5097,4,frozen_baseline,13,569.7907702307692,0.019007417024113238,13,1.0,7407.280013,True,
LOCAL-v1-q4-edge_mixed_min_radius-5098,4,frozen_baseline,16,463.4137238125,0.02154641703236848,16,1.0,7414.619581,True,
LOCAL-v1-q4-edge_mixed_min_radius-5099,4,frozen_baseline,13,676.7586714615385,0.01909816695842892,13,1.0,8797.862729,True,
LOCAL-v1-q4-offcenter_cluster-5000,4,frozen_baseline,11,608.3898793636364,0.0203071249416098,11,1.0,6692.288673,True,
LOCAL-v1-q4-offcenter_cluster-5001,4,frozen_baseline,14,477.4067654285714,0.027697165962308645,14,1.0,6683.694716,True,
LOCAL-v1-q4-offcenter_cluster-5002,4,frozen_baseline,15,575.3825288,0.025479790987446904,15,1.0,8630.737932,True,
LOCAL-v1-q4-offcenter_cluster-5003,4,frozen_baseline,11,604.7105114545454,0.02116008405573666,11,1.0,6651.815626,True,
LOCAL-v1-q4-offcenter_cluster-5004,4,frozen_baseline,12,551.1587425,0.023922624997794628,12,1.0,6613.90491,True,
LOCAL-v1-q4-offcenter_cluster-5005,4,frozen_baseline,11,655.7799437272727,0.024471874930895865,11,1.0,7213.579381,True,
LOCAL-v1-q4-offcenter_cluster-5006,4,frozen_baseline,11,512.4370224545454,0.02391391701530665,11,1.0,5636.807247,True,
LOCAL-v1-q4-offcenter_cluster-5007,4,frozen_baseline,11,719.3032911818182,0.02305241592694074,11,1.0,7912.336203,True,
LOCAL-v1-q4-offcenter_cluster-5008,4,frozen_baseline,10,639.1852986,0.017989124986343086,10,1.0,6391.852986,True,
LOCAL-v1-q4-offcenter_cluster-5009,4,frozen_baseline,14,488.3169348571428,0.026456500054337084,14,1.0,6836.437088,True,
LOCAL-v1-q4-offcenter_cluster-5010,4,frozen_baseline,12,558.5167975,0.021694332943297923,12,1.0,6702.20157,True,
LOCAL-v1-q4-offcenter_cluster-5011,4,frozen_baseline,15,466.68319553333333,0.024467999930493534,15,1.0,7000.247933,True,
LOCAL-v1-q4-offcenter_cluster-5012,4,frozen_baseline,10,582.6280273,0.01445883302949369,10,1.0,5826.280273,True,
LOCAL-v1-q4-offcenter_cluster-5013,4,frozen_baseline,12,566.3354146666667,0.02296191593632102,12,1.0,6796.024976,True,
LOCAL-v1-q4-offcenter_cluster-5014,4,frozen_baseline,11,657.0165850909091,0.02349649998359382,11,1.0,7227.182436,True,
LOCAL-v1-q4-offcenter_cluster-5015,4,frozen_baseline,12,608.3057304166667,0.01763604104053229,12,1.0,7299.668765,True,
LOCAL-v1-q4-offcenter_cluster-5016,4,frozen_baseline,16,207.3941174375,0.02308974997140467,16,1.0,3318.305879,True,
LOCAL-v1-q4-offcenter_cluster-5017,4,frozen_baseline,15,538.5253830666667,0.03529891592916101,15,1.0,8077.880746,True,
LOCAL-v1-q4-offcenter_cluster-5018,4,frozen_baseline,10,701.7711778,0.01856704195961356,10,1.0,7017.711778,True,
LOCAL-v1-q4-offcenter_cluster-5019,4,frozen_baseline,11,556.6054609090909,0.0209031670819968,11,1.0,6122.66007,True,
LOCAL-v1-q4-offcenter_cluster-5020,4,frozen_baseline,16,405.860481125,0.033641125075519085,16,1.0,6493.767698,True,
LOCAL-v1-q4-offcenter_cluster-5021,4,frozen_baseline,14,484.75892135714287,0.023354416945949197,14,1.0,6786.624899,True,
LOCAL-v1-q4-offcenter_cluster-5022,4,frozen_baseline,14,428.0699132857143,0.025058874976821244,14,1.0,5992.978786,True,
LOCAL-v1-q4-offcenter_cluster-5023,4,frozen_baseline,15,436.58336146666664,0.02832191705238074,15,1.0,6548.750422,True,
LOCAL-v1-q4-offcenter_cluster-5024,4,frozen_baseline,13,506.9912261538462,0.026036832947283983,13,1.0,6590.88594,True,
LOCAL-v1-q4-offcenter_cluster-5025,4,frozen_baseline,12,478.59655191666667,0.014480625046417117,12,1.0,5743.158623,True,
LOCAL-v1-q4-offcenter_cluster-5026,4,frozen_baseline,15,359.1409542,0.026801333064213395,15,1.0,5387.114313,True,
LOCAL-v1-q4-offcenter_cluster-5027,4,frozen_baseline,11,546.7039301818181,0.020644792006351054,11,1.0,6013.743232,True,
LOCAL-v1-q4-offcenter_cluster-5028,4,frozen_baseline,10,665.7523448,0.018778958008624613,10,1.0,6657.523448,True,
LOCAL-v1-q4-offcenter_cluster-5029,4,frozen_baseline,11,701.6272496363637,0.020900000003166497,11,1.0,7717.899746,True,
LOCAL-v1-q4-offcenter_cluster-5030,4,frozen_baseline,12,532.27137325,0.02074429194908589,12,1.0,6387.256479,True,
LOCAL-v1-q4-offcenter_cluster-5031,4,frozen_baseline,15,418.78035386666664,0.026339708012528718,15,1.0,6281.705308,True,
LOCAL-v1-q4-offcenter_cluster-5032,4,frozen_baseline,11,510.4861214545454,0.02075820800382644,11,1.0,5615.347336,True,
LOCAL-v1-q4-offcenter_cluster-5033,4,frozen_baseline,14,376.90750157142855,0.027097165933810174,14,1.0,5276.705022,True,
LOCAL-v1-q4-offcenter_cluster-5034,4,frozen_baseline,16,437.8629905625,0.026270541013218462,16,1.0,7005.807849,True,
LOCAL-v1-q4-offcenter_cluster-5035,4,frozen_baseline,10,703.137656,0.022924917051568627,10,1.0,7031.37656,True,
LOCAL-v1-q4-offcenter_cluster-5036,4,frozen_baseline,15,490.3566527333333,0.02455233410000801,15,1.0,7355.349791,True,
LOCAL-v1-q4-offcenter_cluster-5037,4,frozen_baseline,15,484.947738,0.027984665939584374,15,1.0,7274.21607,True,
LOCAL-v1-q4-offcenter_cluster-5038,4,frozen_baseline,16,390.30105775,0.029664292000234127,16,1.0,6244.816924,True,
LOCAL-v1-q4-offcenter_cluster-5039,4,frozen_baseline,10,588.0014162,0.019609875045716763,10,1.0,5880.014162,True,
LOCAL-v1-q4-offcenter_cluster-5040,4,frozen_baseline,15,421.9084766,0.03298145905137062,15,1.0,6328.627149,True,
LOCAL-v1-q4-offcenter_cluster-5041,4,frozen_baseline,15,366.29704713333336,0.02390858402941376,15,1.0,5494.455707,True,
LOCAL-v1-q4-offcenter_cluster-5042,4,frozen_baseline,11,632.7542644545455,0.025666625006124377,11,1.0,6960.296909,True,
LOCAL-v1-q4-offcenter_cluster-5043,4,frozen_baseline,12,491.826172,0.016895583947189152,12,1.0,5901.914064,True,
LOCAL-v1-q4-offcenter_cluster-5044,4,frozen_baseline,11,565.3896906363636,0.02259462501388043,11,1.0,6219.286597,True,
LOCAL-v1-q4-offcenter_cluster-5045,4,frozen_baseline,11,595.0449438181818,0.027612000005319715,11,1.0,6545.494382,True,
LOCAL-v1-q4-offcenter_cluster-5046,4,frozen_baseline,10,616.2924248,0.027204332989640534,10,1.0,6162.924248,True,
LOCAL-v1-q4-offcenter_cluster-5047,4,frozen_baseline,16,154.838495875,0.023261583992280066,16,1.0,2477.415934,True,
LOCAL-v1-q4-offcenter_cluster-5048,4,frozen_baseline,12,514.1035738333334,0.021363166044466197,12,1.0,6169.242886,True,
LOCAL-v1-q4-offcenter_cluster-5049,4,frozen_baseline,10,852.590186,0.022672042017802596,10,1.0,8525.90186,True,
LOCAL-v1-q4-offcenter_cluster-5050,4,frozen_baseline,15,399.6748437333333,0.028058083029463887,15,1.0,5995.122656,True,
LOCAL-v1-q4-offcenter_cluster-5051,4,frozen_baseline,11,613.2947581818181,0.01998429198283702,11,1.0,6746.24234,True,
LOCAL-v1-q4-offcenter_cluster-5052,4,frozen_baseline,13,468.41647953846154,0.026473707985132933,13,1.0,6089.414234,True,
LOCAL-v1-q4-offcenter_cluster-5053,4,frozen_baseline,16,444.786850625,0.02895729208830744,16,1.0,7116.58961,True,
LOCAL-v1-q4-offcenter_cluster-5054,4,frozen_baseline,16,215.31368975,0.021736916969530284,16,1.0,3445.019036,True,
LOCAL-v1-q4-offcenter_cluster-5055,4,frozen_baseline,12,526.4659514166666,0.023404209059663117,12,1.0,6317.591417,True,
LOCAL-v1-q4-offcenter_cluster-5056,4,frozen_baseline,13,585.2484603846153,0.027499083080329,13,1.0,7608.229985,True,
LOCAL-v1-q4-offcenter_cluster-5057,4,frozen_baseline,13,549.4268897692308,0.02133633301127702,13,1.0,7142.549567,True,
LOCAL-v1-q4-offcenter_cluster-5058,4,frozen_baseline,14,452.31157328571425,0.02754837495740503,14,1.0,6332.362026,True,
LOCAL-v1-q4-offcenter_cluster-5059,4,frozen_baseline,12,548.19392775,0.027730542002245784,12,1.0,6578.327133,True,
LOCAL-v1-q4-offcenter_cluster-5060,4,frozen_baseline,11,690.9136405454545,0.022093125036917627,11,1.0,7600.050046,True,
LOCAL-v1-q4-offcenter_cluster-5061,4,frozen_baseline,13,559.1615108461539,0.022034915979020298,13,1.0,7269.099641,True,
LOCAL-v1-q4-offcenter_cluster-5062,4,frozen_baseline,16,450.4664636875,0.02511041599791497,16,1.0,7207.463419,True,
LOCAL-v1-q4-offcenter_cluster-5063,4,frozen_baseline,15,607.0805973333333,0.029414708027616143,15,1.0,9106.20896,True,
LOCAL-v1-q4-offcenter_cluster-5064,4,frozen_baseline,13,556.319937923077,0.021370082977227867,13,1.0,7232.159193,True,
LOCAL-v1-q4-offcenter_cluster-5065,4,frozen_baseline,12,496.8734886666667,0.023706958047114313,12,1.0,5962.481864,True,
LOCAL-v1-q4-offcenter_cluster-5066,4,frozen_baseline,10,583.700664,0.024547167005948722,10,1.0,5837.00664,True,
LOCAL-v1-q4-offcenter_cluster-5067,4,frozen_baseline,16,387.8321805625,0.02546691708266735,16,1.0,6205.314889,True,
LOCAL-v1-q4-offcenter_cluster-5068,4,frozen_baseline,13,542.8077469230769,0.022358709014952183,13,1.0,7056.50071,True,
LOCAL-v1-q4-offcenter_cluster-5069,4,frozen_baseline,14,470.14031814285715,0.023421499994583428,14,1.0,6581.964454,True,
LOCAL-v1-q4-offcenter_cluster-5070,4,frozen_baseline,12,502.9970166666667,0.025973708019591868,12,1.0,6035.9642,True,
LOCAL-v1-q4-offcenter_cluster-5071,4,frozen_baseline,12,533.6638696666666,0.02732654206920415,12,1.0,6403.966436,True,
LOCAL-v1-q4-offcenter_cluster-5072,4,frozen_baseline,15,437.0915660666667,0.021368207992054522,15,1.0,6556.373491,True,
LOCAL-v1-q4-offcenter_cluster-5073,4,frozen_baseline,10,570.4631521,0.025690624956041574,10,1.0,5704.631521,True,
LOCAL-v1-q4-offcenter_cluster-5074,4,frozen_baseline,16,379.6526565625,0.02376149990595877,16,1.0,6074.442505,True,
LOCAL-v1-q4-offcenter_cluster-5075,4,frozen_baseline,15,354.6249262,0.014977582963183522,15,1.0,5319.373893,True,
LOCAL-v1-q4-offcenter_cluster-5076,4,frozen_baseline,12,556.1472826666667,0.019988125073723495,12,1.0,6673.767392,True,
LOCAL-v1-q4-offcenter_cluster-5077,4,frozen_baseline,14,456.8729538571429,0.025227167061530054,14,1.0,6396.221354,True,
LOCAL-v1-q4-offcenter_cluster-5078,4,frozen_baseline,13,462.7618746923077,0.025987584027461708,13,1.0,6015.904371,True,
LOCAL-v1-q4-offcenter_cluster-5079,4,frozen_baseline,10,651.6091984,0.024509542039595544,10,1.0,6516.091984,True,
LOCAL-v1-q4-offcenter_cluster-5080,4,frozen_baseline,10,872.516996,0.019119582953862846,10,1.0,8725.16996,True,
LOCAL-v1-q4-offcenter_cluster-5081,4,frozen_baseline,16,437.36045675,0.026549041969701648,16,1.0,6997.767308,True,
LOCAL-v1-q4-offcenter_cluster-5082,4,frozen_baseline,13,509.48164599999996,0.022348124999552965,13,1.0,6623.261398,True,
LOCAL-v1-q4-offcenter_cluster-5083,4,frozen_baseline,13,535.8921517692307,0.025241625029593706,13,1.0,6966.597973,True,
LOCAL-v1-q4-offcenter_cluster-5084,4,frozen_baseline,14,484.2735963571428,0.023634458077140152,14,1.0,6779.830349,True,
LOCAL-v1-q4-offcenter_cluster-5085,4,frozen_baseline,15,422.0832366,0.024527542060241103,15,1.0,6331.248549,True,
LOCAL-v1-q4-offcenter_cluster-5086,4,frozen_baseline,12,590.04101875,0.026311249937862158,12,1.0,7080.492225,True,
LOCAL-v1-q4-offcenter_cluster-5087,4,frozen_baseline,13,481.4850986923077,0.023578124935738742,13,1.0,6259.306283,True,
LOCAL-v1-q4-offcenter_cluster-5088,4,frozen_baseline,16,479.3891645625,0.029008541954681277,16,1.0,7670.226633,True,
LOCAL-v1-q4-offcenter_cluster-5089,4,frozen_baseline,15,382.4499169333333,0.028384207980707288,15,1.0,5736.748754,True,
LOCAL-v1-q4-offcenter_cluster-5090,4,frozen_baseline,14,502.1910965,0.026788000017404556,14,1.0,7030.675351,True,
LOCAL-v1-q4-offcenter_cluster-5091,4,frozen_baseline,12,505.46121983333336,0.021698875003494322,12,1.0,6065.534638,True,
LOCAL-v1-q4-offcenter_cluster-5092,4,frozen_baseline,11,575.9646212727273,0.025393250049091876,11,1.0,6335.610834,True,
LOCAL-v1-q4-offcenter_cluster-5093,4,frozen_baseline,15,500.3392659333333,0.03092087502591312,15,1.0,7505.088989,True,
LOCAL-v1-q4-offcenter_cluster-5094,4,frozen_baseline,11,704.07499,0.02584654197562486,11,1.0,7744.82489,True,
LOCAL-v1-q4-offcenter_cluster-5095,4,frozen_baseline,10,638.4737772999999,0.020835125003941357,10,1.0,6384.737773,True,
LOCAL-v1-q4-offcenter_cluster-5096,4,frozen_baseline,14,489.84641864285715,0.02346016699448228,14,1.0,6857.849861,True,
LOCAL-v1-q4-offcenter_cluster-5097,4,frozen_baseline,13,495.8846077692308,0.025396666955202818,13,1.0,6446.499901,True,
LOCAL-v1-q4-offcenter_cluster-5098,4,frozen_baseline,16,386.203371375,0.027045958093367517,16,1.0,6179.253942,True,
LOCAL-v1-q4-offcenter_cluster-5099,4,frozen_baseline,13,497.5880863846154,0.024697375018149614,13,1.0,6468.645123,True,
LOCAL-v1-q4-origin_cluster-5000,4,frozen_baseline,11,537.478137,0.025169667089357972,11,1.0,5912.259507,True,
LOCAL-v1-q4-origin_cluster-5001,4,frozen_baseline,14,457.3009330714286,0.029130500042811036,14,1.0,6402.213063,True,
LOCAL-v1-q4-origin_cluster-5002,4,frozen_baseline,15,668.7657598000001,0.02837029192596674,15,1.0,10031.486397,True,
LOCAL-v1-q4-origin_cluster-5003,4,frozen_baseline,11,555.2701281818182,0.02103095909114927,11,1.0,6107.97141,True,
LOCAL-v1-q4-origin_cluster-5004,4,frozen_baseline,12,485.3621038333333,0.01519129192456603,12,1.0,5824.345246,True,
LOCAL-v1-q4-origin_cluster-5005,4,frozen_baseline,11,568.4062164545454,0.02349629206582904,11,1.0,6252.468381,True,
LOCAL-v1-q4-origin_cluster-5006,4,frozen_baseline,11,970.0855904545454,0.02334691700525582,11,1.0,10670.941495,True,
LOCAL-v1-q4-origin_cluster-5007,4,frozen_baseline,11,549.9029727272728,0.024146041949279606,11,1.0,6048.9327,True,
LOCAL-v1-q4-origin_cluster-5008,4,frozen_baseline,10,774.0614955,0.022807457949966192,10,1.0,7740.614955,True,
LOCAL-v1-q4-origin_cluster-5009,4,frozen_baseline,14,416.0700250714286,0.023978209006600082,14,1.0,5824.980351,True,
LOCAL-v1-q4-origin_cluster-5010,4,frozen_baseline,12,454.4510720833334,0.02503058291040361,12,1.0,5453.412865,True,
LOCAL-v1-q4-origin_cluster-5011,4,frozen_baseline,15,373.91341593333334,0.026588500011712313,15,1.0,5608.701239,True,
LOCAL-v1-q4-origin_cluster-5012,4,frozen_baseline,10,596.8811438,0.014689625008031726,10,1.0,5968.811438,True,
LOCAL-v1-q4-origin_cluster-5013,4,frozen_baseline,12,750.1786640833334,0.023094542091712356,12,1.0,9002.143969,True,
LOCAL-v1-q4-origin_cluster-5014,4,frozen_baseline,11,632.8173629090909,0.02280812500976026,11,1.0,6960.990992,True,
LOCAL-v1-q4-origin_cluster-5015,4,frozen_baseline,12,1134.5976745833334,0.022661125054582953,12,1.0,13615.172095,True,
LOCAL-v1-q4-origin_cluster-5016,4,frozen_baseline,16,440.766775875,0.025963124935515225,16,1.0,7052.268414,True,
LOCAL-v1-q4-origin_cluster-5017,4,frozen_baseline,15,654.0210014,0.029012791928835213,15,1.0,9810.315021,True,
LOCAL-v1-q4-origin_cluster-5018,4,frozen_baseline,10,809.0221442,0.023298207903280854,10,1.0,8090.221442,True,
LOCAL-v1-q4-origin_cluster-5019,4,frozen_baseline,11,524.5236689090909,0.025060791056603193,11,1.0,5769.760358,True,
LOCAL-v1-q4-origin_cluster-5020,4,frozen_baseline,16,370.7377795625,0.026437124935910106,16,1.0,5931.804473,True,
LOCAL-v1-q4-origin_cluster-5021,4,frozen_baseline,14,584.6101752857143,0.026076583075337112,14,1.0,8184.542454,True,
LOCAL-v1-q4-origin_cluster-5022,4,frozen_baseline,14,774.2261432142857,0.02752562495879829,14,1.0,10839.166005,True,
LOCAL-v1-q4-origin_cluster-5023,4,frozen_baseline,15,386.6098005333333,0.026515749981626868,15,1.0,5799.147008,True,
LOCAL-v1-q4-origin_cluster-5024,4,frozen_baseline,13,443.7103031538462,0.024352958076633513,13,1.0,5768.233941,True,
LOCAL-v1-q4-origin_cluster-5025,4,frozen_baseline,12,665.6774105833333,0.025371708092279732,12,1.0,7988.128927,True,
LOCAL-v1-q4-origin_cluster-5026,4,frozen_baseline,15,372.6855058,0.015434375032782555,15,1.0,5590.282587,True,
LOCAL-v1-q4-origin_cluster-5027,4,frozen_baseline,11,535.3460831818182,0.014721416984684765,11,1.0,5888.806915,True,
LOCAL-v1-q4-origin_cluster-5028,4,frozen_baseline,10,579.2452571,0.022674791980534792,10,1.0,5792.452571,True,
LOCAL-v1-q4-origin_cluster-5029,4,frozen_baseline,11,623.110555909091,0.025025791954249144,11,1.0,6854.216115,True,
LOCAL-v1-q4-origin_cluster-5030,4,frozen_baseline,12,684.31421975,0.025898208026774228,12,1.0,8211.770637,True,
LOCAL-v1-q4-origin_cluster-5031,4,frozen_baseline,15,635.0722845333333,0.030340165947563946,15,1.0,9526.084268,True,
LOCAL-v1-q4-origin_cluster-5032,4,frozen_baseline,11,535.858183090909,0.014920542016625404,11,1.0,5894.440014,True,
LOCAL-v1-q4-origin_cluster-5033,4,frozen_baseline,14,404.5540632857143,0.015596249955706298,14,1.0,5663.756886,True,
LOCAL-v1-q4-origin_cluster-5034,4,frozen_baseline,16,319.1179879375,0.027140167076140642,16,1.0,5105.887807,True,
LOCAL-v1-q4-origin_cluster-5035,4,frozen_baseline,10,753.9765734,0.02294762502424419,10,1.0,7539.765734,True,
LOCAL-v1-q4-origin_cluster-5036,4,frozen_baseline,15,497.97082846666666,0.028534458950161934,15,1.0,7469.562427,True,
LOCAL-v1-q4-origin_cluster-5037,4,frozen_baseline,15,537.3963145333333,0.030178291955962777,15,1.0,8060.944718,True,
LOCAL-v1-q4-origin_cluster-5038,4,frozen_baseline,16,358.8583991875,0.0285164579981938,16,1.0,5741.734387,True,
LOCAL-v1-q4-origin_cluster-5039,4,frozen_baseline,10,731.8589872,0.018715125042945147,10,1.0,7318.589872,True,
LOCAL-v1-q4-origin_cluster-5040,4,frozen_baseline,15,427.71470386666664,0.02831199998036027,15,1.0,6415.720558,True,
LOCAL-v1-q4-origin_cluster-5041,4,frozen_baseline,15,465.9171895333333,0.029730250011198223,15,1.0,6988.757843,True,
LOCAL-v1-q4-origin_cluster-5042,4,frozen_baseline,11,544.9328881818182,0.023855457897298038,11,1.0,5994.26177,True,
LOCAL-v1-q4-origin_cluster-5043,4,frozen_baseline,12,620.1974225833334,0.026206125039607286,12,1.0,7442.369071,True,
LOCAL-v1-q4-origin_cluster-5044,4,frozen_baseline,11,735.5661562727273,0.025979000027291477,11,1.0,8091.227719,True,
LOCAL-v1-q4-origin_cluster-5045,4,frozen_baseline,11,531.0278331818182,0.015297584002837539,11,1.0,5841.306165,True,
LOCAL-v1-q4-origin_cluster-5046,4,frozen_baseline,10,641.4937338,0.020578416995704174,10,1.0,6414.937338,True,
LOCAL-v1-q4-origin_cluster-5047,4,frozen_baseline,16,367.2938590625,0.01630641706287861,16,1.0,5876.701745,True,
LOCAL-v1-q4-origin_cluster-5048,4,frozen_baseline,12,482.10877766666664,0.02558054099790752,12,1.0,5785.305332,True,
LOCAL-v1-q4-origin_cluster-5049,4,frozen_baseline,10,770.3328018999999,0.022011207998730242,10,1.0,7703.328019,True,
LOCAL-v1-q4-origin_cluster-5050,4,frozen_baseline,15,417.7063406666667,0.027643666020594537,15,1.0,6265.59511,True,
LOCAL-v1-q4-origin_cluster-5051,4,frozen_baseline,11,647.4910032727273,0.02293858304619789,11,1.0,7122.401036,True,
LOCAL-v1-q4-origin_cluster-5052,4,frozen_baseline,13,457.3019177692307,0.025906166061758995,13,1.0,5944.924931,True,
LOCAL-v1-q4-origin_cluster-5053,4,frozen_baseline,16,343.052313125,0.015708083985373378,16,1.0,5488.83701,True,
LOCAL-v1-q4-origin_cluster-5054,4,frozen_baseline,16,412.10505775,0.02397316601127386,16,1.0,6593.680924,True,
LOCAL-v1-q4-origin_cluster-5055,4,frozen_baseline,12,715.2074918333333,0.026404374977573752,12,1.0,8582.489902,True,
LOCAL-v1-q4-origin_cluster-5056,4,frozen_baseline,13,559.7601974615384,0.02290850004646927,13,1.0,7276.882567,True,
LOCAL-v1-q4-origin_cluster-5057,4,frozen_baseline,13,489.05868515384617,0.025548832956701517,13,1.0,6357.762907,True,
LOCAL-v1-q4-origin_cluster-5058,4,frozen_baseline,14,454.330555,0.02848249999806285,14,1.0,6360.62777,True,
LOCAL-v1-q4-origin_cluster-5059,4,frozen_baseline,12,490.93611458333334,0.022896291920915246,12,1.0,5891.233375,True,
LOCAL-v1-q4-origin_cluster-5060,4,frozen_baseline,11,788.0851503636363,0.02241070894524455,11,1.0,8668.936654,True,
LOCAL-v1-q4-origin_cluster-5061,4,frozen_baseline,13,707.0871082307692,0.027168500004336238,13,1.0,9192.132407,True,
LOCAL-v1-q4-origin_cluster-5062,4,frozen_baseline,16,267.054686375,0.02538104192353785,16,1.0,4272.874982,True,
LOCAL-v1-q4-origin_cluster-5063,4,frozen_baseline,15,380.4762376,0.028789415955543518,15,1.0,5707.143564,True,
LOCAL-v1-q4-origin_cluster-5064,4,frozen_baseline,13,441.6883023846154,0.015682041994296014,13,1.0,5741.947931,True,
LOCAL-v1-q4-origin_cluster-5065,4,frozen_baseline,12,680.8069376666666,0.027217875001952052,12,1.0,8169.683252,True,
LOCAL-v1-q4-origin_cluster-5066,4,frozen_baseline,10,596.1934938,0.014416499994695187,10,1.0,5961.934938,True,
LOCAL-v1-q4-origin_cluster-5067,4,frozen_baseline,16,437.1210341875,0.02769775001797825,16,1.0,6993.936547,True,
LOCAL-v1-q4-origin_cluster-5068,4,frozen_baseline,13,480.88765830769233,0.023747417028062046,13,1.0,6251.539558,True,
LOCAL-v1-q4-origin_cluster-5069,4,frozen_baseline,14,638.0680617142858,0.02801466698292643,14,1.0,8932.952864,True,
LOCAL-v1-q4-origin_cluster-5070,4,frozen_baseline,12,496.5659981666667,0.020410750061273575,12,1.0,5958.791978,True,
LOCAL-v1-q4-origin_cluster-5071,4,frozen_baseline,12,492.1445376666666,0.020287583931349218,12,1.0,5905.734452,True,
LOCAL-v1-q4-origin_cluster-5072,4,frozen_baseline,15,532.8077664666666,0.02727058297023177,15,1.0,7992.116497,True,
LOCAL-v1-q4-origin_cluster-5073,4,frozen_baseline,10,599.9314863,0.02121879195328802,10,1.0,5999.314863,True,
LOCAL-v1-q4-origin_cluster-5074,4,frozen_baseline,16,198.6088086875,0.027355542057193816,16,1.0,3177.740939,True,
LOCAL-v1-q4-origin_cluster-5075,4,frozen_baseline,15,420.6197568,0.028790040989406407,15,1.0,6309.296352,True,
LOCAL-v1-q4-origin_cluster-5076,4,frozen_baseline,12,589.9915355833333,0.023504041018895805,12,1.0,7079.898427,True,
LOCAL-v1-q4-origin_cluster-5077,4,frozen_baseline,14,404.0165705,0.015575708006508648,14,1.0,5656.231987,True,
LOCAL-v1-q4-origin_cluster-5078,4,frozen_baseline,13,448.462784,0.02514837495982647,13,1.0,5830.016192,True,
LOCAL-v1-q4-origin_cluster-5079,4,frozen_baseline,10,606.3706377999999,0.022061499999836087,10,1.0,6063.706378,True,
LOCAL-v1-q4-origin_cluster-5080,4,frozen_baseline,10,915.7676152,0.020558833028189838,10,1.0,9157.676152,True,
LOCAL-v1-q4-origin_cluster-5081,4,frozen_baseline,16,283.2926990625,0.02569399995263666,16,1.0,4532.683185,True,
LOCAL-v1-q4-origin_cluster-5082,4,frozen_baseline,13,550.7325256153846,0.026694500003941357,13,1.0,7159.522833,True,
LOCAL-v1-q4-origin_cluster-5083,4,frozen_baseline,13,441.82211446153843,0.022356541943736374,13,1.0,5743.687488,True,
LOCAL-v1-q4-origin_cluster-5084,4,frozen_baseline,14,603.6027987142858,0.0273498329333961,14,1.0,8450.439182,True,
LOCAL-v1-q4-origin_cluster-5085,4,frozen_baseline,15,743.4114526666667,0.02938750002067536,15,1.0,11151.17179,True,
LOCAL-v1-q4-origin_cluster-5086,4,frozen_baseline,12,574.7301928333333,0.02531491604167968,12,1.0,6896.762314,True,
LOCAL-v1-q4-origin_cluster-5087,4,frozen_baseline,13,465.1066683846154,0.02565666602458805,13,1.0,6046.386689,True,
LOCAL-v1-q4-origin_cluster-5088,4,frozen_baseline,16,264.8919015,0.026969750062562525,16,1.0,4238.270424,True,
LOCAL-v1-q4-origin_cluster-5089,4,frozen_baseline,15,451.7174598666667,0.02522075001616031,15,1.0,6775.761898,True,
LOCAL-v1-q4-origin_cluster-5090,4,frozen_baseline,14,426.7023596428571,0.01515850005671382,14,1.0,5973.833035,True,
LOCAL-v1-q4-origin_cluster-5091,4,frozen_baseline,12,526.6118488333333,0.02603795798495412,12,1.0,6319.342186,True,
LOCAL-v1-q4-origin_cluster-5092,4,frozen_baseline,11,541.5556904545455,0.020894499961286783,11,1.0,5957.112595,True,
LOCAL-v1-q4-origin_cluster-5093,4,frozen_baseline,15,463.9962864,0.02633766597136855,15,1.0,6959.944296,True,
LOCAL-v1-q4-origin_cluster-5094,4,frozen_baseline,11,574.8254889090908,0.020816875039599836,11,1.0,6323.080378,True,
LOCAL-v1-q4-origin_cluster-5095,4,frozen_baseline,10,647.0054087999999,0.022038000053726137,10,1.0,6470.054088,True,
LOCAL-v1-q4-origin_cluster-5096,4,frozen_baseline,14,406.6349782142857,0.024414833984337747,14,1.0,5692.889695,True,
LOCAL-v1-q4-origin_cluster-5097,4,frozen_baseline,13,529.8637233076923,0.028241500025615096,13,1.0,6888.228403,True,
LOCAL-v1-q4-origin_cluster-5098,4,frozen_baseline,16,168.486084375,0.02610695897601545,16,1.0,2695.77735,True,
LOCAL-v1-q4-origin_cluster-5099,4,frozen_baseline,13,610.0044337692308,0.025584332994185388,13,1.0,7930.057639,True,
LOCAL-v1-q4-minimum_radius-5000,4,frozen_baseline,11,589.0163347272727,0.018168582930229604,11,1.0,6479.179682,True,
LOCAL-v1-q4-minimum_radius-5001,4,frozen_baseline,14,582.3437134285715,0.018631208105944097,14,1.0,8152.811988,True,
LOCAL-v1-q4-minimum_radius-5002,4,frozen_baseline,15,559.1258689333333,0.015143417054787278,15,1.0,8386.888034,True,
LOCAL-v1-q4-minimum_radius-5003,4,frozen_baseline,11,623.9808050909091,0.017063959036022425,11,1.0,6863.788856,True,
LOCAL-v1-q4-minimum_radius-5004,4,frozen_baseline,12,578.0088651666666,0.017588249989785254,12,1.0,6936.106382,True,
LOCAL-v1-q4-minimum_radius-5005,4,frozen_baseline,11,592.767598,0.017174999928101897,11,1.0,6520.443578,True,
LOCAL-v1-q4-minimum_radius-5006,4,frozen_baseline,11,661.8338373636363,0.017631290946155787,11,1.0,7280.172211,True,
LOCAL-v1-q4-minimum_radius-5007,4,frozen_baseline,11,639.3560650000001,0.02157954196445644,11,1.0,7032.916715,True,
LOCAL-v1-q4-minimum_radius-5008,4,frozen_baseline,10,770.4404447,0.015321708982810378,10,1.0,7704.404447,True,
LOCAL-v1-q4-minimum_radius-5009,4,frozen_baseline,14,500.0380727857143,0.016414041980169713,14,1.0,7000.533019,True,
LOCAL-v1-q4-minimum_radius-5010,4,frozen_baseline,12,592.2475801666667,0.01908266602549702,12,1.0,7106.970962,True,
LOCAL-v1-q4-minimum_radius-5011,4,frozen_baseline,15,463.1310016,0.017957624979317188,15,1.0,6946.965024,True,
LOCAL-v1-q4-minimum_radius-5012,4,frozen_baseline,10,694.9308259000001,0.014223749982193112,10,1.0,6949.308259,True,
LOCAL-v1-q4-minimum_radius-5013,4,frozen_baseline,12,622.3607915833334,0.014629665995016694,12,1.0,7468.329499,True,
LOCAL-v1-q4-minimum_radius-5014,4,frozen_baseline,11,641.6742276363636,0.016255583032034338,11,1.0,7058.416504,True,
LOCAL-v1-q4-minimum_radius-5015,4,frozen_baseline,12,651.2292495,0.01804445800371468,12,1.0,7814.750994,True,
LOCAL-v1-q4-minimum_radius-5016,4,frozen_baseline,16,469.674060125,0.022504957974888384,16,1.0,7514.784962,True,
LOCAL-v1-q4-minimum_radius-5017,4,frozen_baseline,15,649.0374037333333,0.017384666018188,15,1.0,9735.561056,True,
LOCAL-v1-q4-minimum_radius-5018,4,frozen_baseline,10,847.0742511000001,0.01674112502951175,10,1.0,8470.742511,True,
LOCAL-v1-q4-minimum_radius-5019,4,frozen_baseline,11,630.7730757272727,0.018334332969971,11,1.0,6938.503833,True,
LOCAL-v1-q4-minimum_radius-5020,4,frozen_baseline,16,432.4485851875,0.018378250068053603,16,1.0,6919.177363,True,
LOCAL-v1-q4-minimum_radius-5021,4,frozen_baseline,14,581.9643076428572,0.015841416898183525,14,1.0,8147.500307,True,
LOCAL-v1-q4-minimum_radius-5022,4,frozen_baseline,14,571.7434124285714,0.017816707957535982,14,1.0,8004.407774,True,
LOCAL-v1-q4-minimum_radius-5023,4,frozen_baseline,15,508.1702840666667,0.017694709007628262,15,1.0,7622.554261,True,
LOCAL-v1-q4-minimum_radius-5024,4,frozen_baseline,13,493.7628451538461,0.01639866700861603,13,1.0,6418.916987,True,
LOCAL-v1-q4-minimum_radius-5025,4,frozen_baseline,12,637.9563116666667,0.019798125023953617,12,1.0,7655.47574,True,
LOCAL-v1-q4-minimum_radius-5026,4,frozen_baseline,15,440.3084564666667,0.019505374948494136,15,1.0,6604.626847,True,
LOCAL-v1-q4-minimum_radius-5027,4,frozen_baseline,11,637.1403313636364,0.01924241695087403,11,1.0,7008.543645,True,
LOCAL-v1-q4-minimum_radius-5028,4,frozen_baseline,10,697.26672,0.01633837493136525,10,1.0,6972.6672,True,
LOCAL-v1-q4-minimum_radius-5029,4,frozen_baseline,11,643.8415403636363,0.016204999992623925,11,1.0,7082.256944,True,
LOCAL-v1-q4-minimum_radius-5030,4,frozen_baseline,12,732.5718409166667,0.018048792029730976,12,1.0,8790.862091,True,
LOCAL-v1-q4-minimum_radius-5031,4,frozen_baseline,15,549.3760040666667,0.018843290978111327,15,1.0,8240.640061,True,
LOCAL-v1-q4-minimum_radius-5032,4,frozen_baseline,11,591.7812058181818,0.017806415911763906,11,1.0,6509.593264,True,
LOCAL-v1-q4-minimum_radius-5033,4,frozen_baseline,14,456.53940057142853,0.01862354204058647,14,1.0,6391.551608,True,
LOCAL-v1-q4-minimum_radius-5034,4,frozen_baseline,16,512.0840901875,0.01843554200604558,16,1.0,8193.345443,True,
LOCAL-v1-q4-minimum_radius-5035,4,frozen_baseline,10,707.1427175,0.014886084012687206,10,1.0,7071.427175,True,
LOCAL-v1-q4-minimum_radius-5036,4,frozen_baseline,15,505.21826200000004,0.01602591690607369,15,1.0,7578.27393,True,
LOCAL-v1-q4-minimum_radius-5037,4,frozen_baseline,15,508.65194479999997,0.01720895804464817,15,1.0,7629.779172,True,
LOCAL-v1-q4-minimum_radius-5038,4,frozen_baseline,16,469.479370125,0.019993833964690566,16,1.0,7511.669922,True,
LOCAL-v1-q4-minimum_radius-5039,4,frozen_baseline,10,755.0576771,0.014656207989901304,10,1.0,7550.576771,True,
LOCAL-v1-q4-minimum_radius-5040,4,frozen_baseline,15,487.38008286666667,0.01854650001041591,15,1.0,7310.701243,True,
LOCAL-v1-q4-minimum_radius-5041,4,frozen_baseline,15,515.3234047333333,0.020857791998423636,15,1.0,7729.851071,True,
LOCAL-v1-q4-minimum_radius-5042,4,frozen_baseline,11,604.5271823636364,0.02039462502580136,11,1.0,6649.799006,True,
LOCAL-v1-q4-minimum_radius-5043,4,frozen_baseline,12,647.7890049166666,0.021872124983929098,12,1.0,7773.468059,True,
LOCAL-v1-q4-minimum_radius-5044,4,frozen_baseline,11,686.6036466363637,0.01646362489555031,11,1.0,7552.640113,True,
LOCAL-v1-q4-minimum_radius-5045,4,frozen_baseline,11,586.8105894545455,0.014390665921382606,11,1.0,6454.916484,True,
LOCAL-v1-q4-minimum_radius-5046,4,frozen_baseline,10,671.2360337,0.017271584016270936,10,1.0,6712.360337,True,
LOCAL-v1-q4-minimum_radius-5047,4,frozen_baseline,16,400.2111464375,0.022438291925936937,16,1.0,6403.378343,True,
LOCAL-v1-q4-minimum_radius-5048,4,frozen_baseline,12,578.3274572500001,0.014704540953971446,12,1.0,6939.929487,True,
LOCAL-v1-q4-minimum_radius-5049,4,frozen_baseline,10,742.4651659,0.017983291996642947,10,1.0,7424.651659,True,
LOCAL-v1-q4-minimum_radius-5050,4,frozen_baseline,15,456.9970567333333,0.017872167052701116,15,1.0,6854.955851,True,
LOCAL-v1-q4-minimum_radius-5051,4,frozen_baseline,11,669.4528150909091,0.015243542031385005,11,1.0,7363.980966,True,
LOCAL-v1-q4-minimum_radius-5052,4,frozen_baseline,13,477.1538323076923,0.019871124997735023,13,1.0,6202.99982,True,
LOCAL-v1-q4-minimum_radius-5053,4,frozen_baseline,16,429.4250185625,0.018581499927677214,16,1.0,6870.800297,True,
LOCAL-v1-q4-minimum_radius-5054,4,frozen_baseline,16,435.180371,0.019569957978092134,16,1.0,6962.885936,True,
LOCAL-v1-q4-minimum_radius-5055,4,frozen_baseline,12,717.5063819166667,0.014453458017669618,12,1.0,8610.076583,True,
LOCAL-v1-q4-minimum_radius-5056,4,frozen_baseline,13,553.5593490769231,0.016440416919067502,13,1.0,7196.271538,True,
LOCAL-v1-q4-minimum_radius-5057,4,frozen_baseline,13,538.991664923077,0.014649166958406568,13,1.0,7006.891644,True,
LOCAL-v1-q4-minimum_radius-5058,4,frozen_baseline,14,471.95111257142855,0.017195249907672405,14,1.0,6607.315576,True,
LOCAL-v1-q4-minimum_radius-5059,4,frozen_baseline,12,563.4737654166667,0.017242542002350092,12,1.0,6761.685185,True,
LOCAL-v1-q4-minimum_radius-5060,4,frozen_baseline,11,652.6999416363636,0.016714500030502677,11,1.0,7179.699358,True,
LOCAL-v1-q4-minimum_radius-5061,4,frozen_baseline,13,564.5404164615385,0.017540666973218322,13,1.0,7339.025414,True,
LOCAL-v1-q4-minimum_radius-5062,4,frozen_baseline,16,634.35456425,0.021689458983018994,16,1.0,10149.673028,True,
LOCAL-v1-q4-minimum_radius-5063,4,frozen_baseline,15,450.9688986666667,0.021574124926701188,15,1.0,6764.53348,True,
LOCAL-v1-q4-minimum_radius-5064,4,frozen_baseline,13,594.515437076923,0.018283833051100373,13,1.0,7728.700682,True,
LOCAL-v1-q4-minimum_radius-5065,4,frozen_baseline,12,623.8340245833333,0.015260582906194031,12,1.0,7486.008295,True,
LOCAL-v1-q4-minimum_radius-5066,4,frozen_baseline,10,674.7419659,0.016688791918568313,10,1.0,6747.419659,True,
LOCAL-v1-q4-minimum_radius-5067,4,frozen_baseline,16,616.0493496875,0.02055329200811684,16,1.0,9856.789595,True,
LOCAL-v1-q4-minimum_radius-5068,4,frozen_baseline,13,616.7507519230769,0.01979762502014637,13,1.0,8017.759775,True,
LOCAL-v1-q4-minimum_radius-5069,4,frozen_baseline,14,596.6862239285714,0.020762374973855913,14,1.0,8353.607135,True,
LOCAL-v1-q4-minimum_radius-5070,4,frozen_baseline,12,569.210962,0.017047417000867426,12,1.0,6830.531544,True,
LOCAL-v1-q4-minimum_radius-5071,4,frozen_baseline,12,580.5284306666666,0.0191220409469679,12,1.0,6966.341168,True,
LOCAL-v1-q4-minimum_radius-5072,4,frozen_baseline,15,526.4593461333333,0.014669416006654501,15,1.0,7896.890192,True,
LOCAL-v1-q4-minimum_radius-5073,4,frozen_baseline,10,680.3763498999999,0.015786292031407356,10,1.0,6803.763499,True,
LOCAL-v1-q4-minimum_radius-5074,4,frozen_baseline,16,442.087597625,0.021805708995088935,16,1.0,7073.401562,True,
LOCAL-v1-q4-minimum_radius-5075,4,frozen_baseline,15,493.09631893333335,0.01828954101074487,15,1.0,7396.444784,True,
LOCAL-v1-q4-minimum_radius-5076,4,frozen_baseline,12,583.8912885833333,0.020297499955631793,12,1.0,7006.695463,True,
LOCAL-v1-q4-minimum_radius-5077,4,frozen_baseline,14,489.30827907142856,0.017132375040091574,14,1.0,6850.315907,True,
LOCAL-v1-q4-minimum_radius-5078,4,frozen_baseline,13,595.3587687692308,0.01823254197370261,13,1.0,7739.663994,True,
LOCAL-v1-q4-minimum_radius-5079,4,frozen_baseline,10,663.5051642999999,0.014407332986593246,10,1.0,6635.051643,True,
LOCAL-v1-q4-minimum_radius-5080,4,frozen_baseline,10,1001.3152256,0.016619750065729022,10,1.0,10013.152256,True,
LOCAL-v1-q4-minimum_radius-5081,4,frozen_baseline,16,498.528889125,0.018170792027376592,16,1.0,7976.462226,True,
LOCAL-v1-q4-minimum_radius-5082,4,frozen_baseline,13,582.7389249230769,0.015621750033460557,13,1.0,7575.606024,True,
LOCAL-v1-q4-minimum_radius-5083,4,frozen_baseline,13,529.5071817692308,0.020532291964627802,13,1.0,6883.593363,True,
LOCAL-v1-q4-minimum_radius-5084,4,frozen_baseline,14,491.7942415714286,0.01942787505686283,14,1.0,6885.119382,True,
LOCAL-v1-q4-minimum_radius-5085,4,frozen_baseline,15,516.8972018,0.014795457944273949,15,1.0,7753.458027,True,
LOCAL-v1-q4-minimum_radius-5086,4,frozen_baseline,12,689.23719075,0.020143707981333137,12,1.0,8270.846289,True,
LOCAL-v1-q4-minimum_radius-5087,4,frozen_baseline,13,604.9800140769231,0.016195792006328702,13,1.0,7864.740183,True,
LOCAL-v1-q4-minimum_radius-5088,4,frozen_baseline,16,457.98243425,0.02165683393832296,16,1.0,7327.718948,True,
LOCAL-v1-q4-minimum_radius-5089,4,frozen_baseline,15,448.8907416,0.02170250006020069,15,1.0,6733.361124,True,
LOCAL-v1-q4-minimum_radius-5090,4,frozen_baseline,14,499.37691842857146,0.01463175006210804,14,1.0,6991.276858,True,
LOCAL-v1-q4-minimum_radius-5091,4,frozen_baseline,12,608.8420340833333,0.01795550005044788,12,1.0,7306.104409,True,
LOCAL-v1-q4-minimum_radius-5092,4,frozen_baseline,11,587.4129060909091,0.01856375008355826,11,1.0,6461.541967,True,
LOCAL-v1-q4-minimum_radius-5093,4,frozen_baseline,15,600.9343148,0.0154214589856565,15,1.0,9014.014722,True,
LOCAL-v1-q4-minimum_radius-5094,4,frozen_baseline,11,735.7504886363636,0.014605500036850572,11,1.0,8093.255375,True,
LOCAL-v1-q4-minimum_radius-5095,4,frozen_baseline,10,717.2163735,0.015621833968907595,10,1.0,7172.163735,True,
LOCAL-v1-q4-minimum_radius-5096,4,frozen_baseline,14,460.3911790714286,0.020009040948934853,14,1.0,6445.476507,True,
LOCAL-v1-q4-minimum_radius-5097,4,frozen_baseline,13,551.62608,0.019694791990332305,13,1.0,7171.13904,True,
LOCAL-v1-q4-minimum_radius-5098,4,frozen_baseline,16,424.541307875,0.017920417012646794,16,1.0,6792.660926,True,
LOCAL-v1-q4-minimum_radius-5099,4,frozen_baseline,13,632.7626849999999,0.01668699993751943,13,1.0,8225.914905,True,
LOCAL-v1-q4-exactly10_sources-5000,4,frozen_baseline,10,671.0434252,0.017759833950549364,10,1.0,6710.434252,True,
LOCAL-v1-q4-exactly10_sources-5001,4,frozen_baseline,10,911.5177035,0.014371459023095667,10,1.0,9115.177035,True,
LOCAL-v1-q4-exactly10_sources-5002,4,frozen_baseline,10,688.1548043,0.020301333046518266,10,1.0,6881.548043,True,
LOCAL-v1-q4-exactly10_sources-5003,4,frozen_baseline,10,650.0266396,0.017086084000766277,10,1.0,6500.266396,True,
LOCAL-v1-q4-exactly10_sources-5004,4,frozen_baseline,10,648.3235032,0.016971249948255718,10,1.0,6483.235032,True,
LOCAL-v1-q4-exactly10_sources-5005,4,frozen_baseline,10,643.8840677000001,0.01591695798560977,10,1.0,6438.840677,True,
LOCAL-v1-q4-exactly10_sources-5006,4,frozen_baseline,10,712.5853569,0.018114375066943467,10,1.0,7125.853569,True,
LOCAL-v1-q4-exactly10_sources-5007,4,frozen_baseline,10,648.0259352,0.017296250094659626,10,1.0,6480.259352,True,
LOCAL-v1-q4-exactly10_sources-5008,4,frozen_baseline,10,642.6012378,0.02054779208265245,10,1.0,6426.012378,True,
LOCAL-v1-q4-exactly10_sources-5009,4,frozen_baseline,10,658.3742878,0.01484629197511822,10,1.0,6583.742878,True,
LOCAL-v1-q4-exactly10_sources-5010,4,frozen_baseline,10,834.4195149999999,0.019375375006347895,10,1.0,8344.19515,True,
LOCAL-v1-q4-exactly10_sources-5011,4,frozen_baseline,10,682.0847184,0.01533308404032141,10,1.0,6820.847184,True,
LOCAL-v1-q4-exactly10_sources-5012,4,frozen_baseline,10,633.6248456000001,0.014252415974624455,10,1.0,6336.248456,True,
LOCAL-v1-q4-exactly10_sources-5013,4,frozen_baseline,10,720.8380697,0.013799542095512152,10,1.0,7208.380697,True,
LOCAL-v1-q4-exactly10_sources-5014,4,frozen_baseline,10,696.7686673000001,0.0155356660252437,10,1.0,6967.686673,True,
LOCAL-v1-q4-exactly10_sources-5015,4,frozen_baseline,10,716.5729862000001,0.020716666942462325,10,1.0,7165.729862,True,
LOCAL-v1-q4-exactly10_sources-5016,4,frozen_baseline,10,785.9380693,0.015134292072616518,10,1.0,7859.380693,True,
LOCAL-v1-q4-exactly10_sources-5017,4,frozen_baseline,10,671.9225705,0.016099083004519343,10,1.0,6719.225705,True,
LOCAL-v1-q4-exactly10_sources-5018,4,frozen_baseline,10,682.3818512,0.016403457964770496,10,1.0,6823.818512,True,
LOCAL-v1-q4-exactly10_sources-5019,4,frozen_baseline,10,690.0676284,0.014773124945349991,10,1.0,6900.676284,True,
LOCAL-v1-q4-exactly10_sources-5020,4,frozen_baseline,10,785.3370635,0.014579415903426707,10,1.0,7853.370635,True,
LOCAL-v1-q4-exactly10_sources-5021,4,frozen_baseline,10,770.6328937000001,0.014584540971554816,10,1.0,7706.328937,True,
LOCAL-v1-q4-exactly10_sources-5022,4,frozen_baseline,10,611.9208484,0.017065584077499807,10,1.0,6119.208484,True,
LOCAL-v1-q4-exactly10_sources-5023,4,frozen_baseline,10,643.0982205,0.014081415953114629,10,1.0,6430.982205,True,
LOCAL-v1-q4-exactly10_sources-5024,4,frozen_baseline,10,655.2330056,0.015435374923981726,10,1.0,6552.330056,True,
LOCAL-v1-q4-exactly10_sources-5025,4,frozen_baseline,10,649.1076032,0.017106959014199674,10,1.0,6491.076032,True,
LOCAL-v1-q4-exactly10_sources-5026,4,frozen_baseline,10,789.6218208,0.01545154198538512,10,1.0,7896.218208,True,
LOCAL-v1-q4-exactly10_sources-5027,4,frozen_baseline,10,706.686148,0.018338792026042938,10,1.0,7066.86148,True,
LOCAL-v1-q4-exactly10_sources-5028,4,frozen_baseline,10,681.2542781,0.016316833905875683,10,1.0,6812.542781,True,
LOCAL-v1-q4-exactly10_sources-5029,4,frozen_baseline,10,785.548867,0.014356875093653798,10,1.0,7855.48867,True,
LOCAL-v1-q4-exactly10_sources-5030,4,frozen_baseline,10,758.5454927,0.018043083022348583,10,1.0,7585.454927,True,
LOCAL-v1-q4-exactly10_sources-5031,4,frozen_baseline,10,670.7540905,0.018120249966159463,10,1.0,6707.540905,True,
LOCAL-v1-q4-exactly10_sources-5032,4,frozen_baseline,10,778.8802818,0.018009459017775953,10,1.0,7788.802818,True,
LOCAL-v1-q4-exactly10_sources-5033,4,frozen_baseline,10,666.0822042,0.01886874996125698,10,1.0,6660.822042,True,
LOCAL-v1-q4-exactly10_sources-5034,4,frozen_baseline,10,820.8521046,0.017189875012263656,10,1.0,8208.521046,True,
LOCAL-v1-q4-exactly10_sources-5035,4,frozen_baseline,10,741.3797736,0.016186041058972478,10,1.0,7413.797736,True,
LOCAL-v1-q4-exactly10_sources-5036,4,frozen_baseline,10,670.6954969999999,0.019567999988794327,10,1.0,6706.95497,True,
LOCAL-v1-q4-exactly10_sources-5037,4,frozen_baseline,10,659.9012696,0.016423749970272183,10,1.0,6599.012696,True,
LOCAL-v1-q4-exactly10_sources-5038,4,frozen_baseline,10,710.5436289,0.014915999956429005,10,1.0,7105.436289,True,
LOCAL-v1-q4-exactly10_sources-5039,4,frozen_baseline,10,640.9121766999999,0.020081082941032946,10,1.0,6409.121767,True,
LOCAL-v1-q4-exactly10_sources-5040,4,frozen_baseline,10,667.4227872,0.02211170899681747,10,1.0,6674.227872,True,
LOCAL-v1-q4-exactly10_sources-5041,4,frozen_baseline,10,708.2199298,0.020200083032250404,10,1.0,7082.199298,True,
LOCAL-v1-q4-exactly10_sources-5042,4,frozen_baseline,10,656.1282225,0.01687458297237754,10,1.0,6561.282225,True,
LOCAL-v1-q4-exactly10_sources-5043,4,frozen_baseline,10,724.7992234000001,0.016568124992772937,10,1.0,7247.992234,True,
LOCAL-v1-q4-exactly10_sources-5044,4,frozen_baseline,10,622.860355,0.019260625005699694,10,1.0,6228.60355,True,
LOCAL-v1-q4-exactly10_sources-5045,4,frozen_baseline,10,773.5820062,0.01798116706777364,10,1.0,7735.820062,True,
LOCAL-v1-q4-exactly10_sources-5046,4,frozen_baseline,10,746.196953,0.01654175005387515,10,1.0,7461.96953,True,
LOCAL-v1-q4-exactly10_sources-5047,4,frozen_baseline,10,625.4893479,0.016796750016510487,10,1.0,6254.893479,True,
LOCAL-v1-q4-exactly10_sources-5048,4,frozen_baseline,10,655.9382379,0.01832304208073765,10,1.0,6559.382379,True,
LOCAL-v1-q4-exactly10_sources-5049,4,frozen_baseline,10,738.5101972,0.01814937510062009,10,1.0,7385.101972,True,
LOCAL-v1-q4-exactly10_sources-5050,4,frozen_baseline,10,663.1741819,0.02098333404865116,10,1.0,6631.741819,True,
LOCAL-v1-q4-exactly10_sources-5051,4,frozen_baseline,10,919.9780203,0.015981916920281947,10,1.0,9199.780203,True,
LOCAL-v1-q4-exactly10_sources-5052,4,frozen_baseline,10,640.8601019,0.01744158403016627,10,1.0,6408.601019,True,
LOCAL-v1-q4-exactly10_sources-5053,4,frozen_baseline,10,604.1473952,0.01633066695649177,10,1.0,6041.473952,True,
LOCAL-v1-q4-exactly10_sources-5054,4,frozen_baseline,10,703.2281366999999,0.015402332996018231,10,1.0,7032.281367,True,
LOCAL-v1-q4-exactly10_sources-5055,4,frozen_baseline,10,656.4340478,0.01707941701170057,10,1.0,6564.340478,True,
LOCAL-v1-q4-exactly10_sources-5056,4,frozen_baseline,10,690.3089717,0.017019208054989576,10,1.0,6903.089717,True,
LOCAL-v1-q4-exactly10_sources-5057,4,frozen_baseline,10,623.2017702,0.017716541071422398,10,1.0,6232.017702,True,
LOCAL-v1-q4-exactly10_sources-5058,4,frozen_baseline,10,670.7002565,0.016427709022536874,10,1.0,6707.002565,True,
LOCAL-v1-q4-exactly10_sources-5059,4,frozen_baseline,10,671.6902524,0.015786458970978856,10,1.0,6716.902524,True,
LOCAL-v1-q4-exactly10_sources-5060,4,frozen_baseline,10,692.1986972,0.016830542008392513,10,1.0,6921.986972,True,
LOCAL-v1-q4-exactly10_sources-5061,4,frozen_baseline,10,638.6888495999999,0.018291749991476536,10,1.0,6386.888496,True,
LOCAL-v1-q4-exactly10_sources-5062,4,frozen_baseline,10,723.6307465,0.01566654199268669,10,1.0,7236.307465,True,
LOCAL-v1-q4-exactly10_sources-5063,4,frozen_baseline,10,674.8999372999999,0.01581737503875047,10,1.0,6748.999373,True,
LOCAL-v1-q4-exactly10_sources-5064,4,frozen_baseline,10,666.7275668,0.01777383405715227,10,1.0,6667.275668,True,
LOCAL-v1-q4-exactly10_sources-5065,4,frozen_baseline,10,668.7820767999999,0.0181971249403432,10,1.0,6687.820768,True,
LOCAL-v1-q4-exactly10_sources-5066,4,frozen_baseline,10,638.5723740999999,0.01756558392662555,10,1.0,6385.723741,True,
LOCAL-v1-q4-exactly10_sources-5067,4,frozen_baseline,10,701.0803218,0.01587925001513213,10,1.0,7010.803218,True,
LOCAL-v1-q4-exactly10_sources-5068,4,frozen_baseline,10,778.9924637,0.018898541922681034,10,1.0,7789.924637,True,
LOCAL-v1-q4-exactly10_sources-5069,4,frozen_baseline,10,692.0440835,0.01745220902375877,10,1.0,6920.440835,True,
LOCAL-v1-q4-exactly10_sources-5070,4,frozen_baseline,10,727.4718508,0.020211542025208473,10,1.0,7274.718508,True,
LOCAL-v1-q4-exactly10_sources-5071,4,frozen_baseline,10,755.127861,0.018490125075913966,10,1.0,7551.27861,True,
LOCAL-v1-q4-exactly10_sources-5072,4,frozen_baseline,10,699.8638854,0.014732124982401729,10,1.0,6998.638854,True,
LOCAL-v1-q4-exactly10_sources-5073,4,frozen_baseline,10,616.3687792,0.017174875014461577,10,1.0,6163.687792,True,
LOCAL-v1-q4-exactly10_sources-5074,4,frozen_baseline,10,670.1773965,0.019821083988063037,10,1.0,6701.773965,True,
LOCAL-v1-q4-exactly10_sources-5075,4,frozen_baseline,10,797.7073588999999,0.014142291969619691,10,1.0,7977.073589,True,
LOCAL-v1-q4-exactly10_sources-5076,4,frozen_baseline,10,675.3765684,0.016513166949152946,10,1.0,6753.765684,True,
LOCAL-v1-q4-exactly10_sources-5077,4,frozen_baseline,10,668.2577235,0.01641058293171227,10,1.0,6682.577235,True,
LOCAL-v1-q4-exactly10_sources-5078,4,frozen_baseline,10,735.6760271,0.016187666915357113,10,1.0,7356.760271,True,
LOCAL-v1-q4-exactly10_sources-5079,4,frozen_baseline,10,795.3227893999999,0.015646041021682322,10,1.0,7953.227894,True,
LOCAL-v1-q4-exactly10_sources-5080,4,frozen_baseline,10,979.1104269,0.01751416700426489,10,1.0,9791.104269,True,
LOCAL-v1-q4-exactly10_sources-5081,4,frozen_baseline,10,734.8937971,0.01678345794789493,10,1.0,7348.937971,True,
LOCAL-v1-q4-exactly10_sources-5082,4,frozen_baseline,10,662.5746224000001,0.014441750012338161,10,1.0,6625.746224,True,
LOCAL-v1-q4-exactly10_sources-5083,4,frozen_baseline,10,759.9598566,0.018018541974015534,10,1.0,7599.598566,True,
LOCAL-v1-q4-exactly10_sources-5084,4,frozen_baseline,10,679.6119903,0.018884125049225986,10,1.0,6796.119903,True,
LOCAL-v1-q4-exactly10_sources-5085,4,frozen_baseline,10,617.2711541,0.019129624939523637,10,1.0,6172.711541,True,
LOCAL-v1-q4-exactly10_sources-5086,4,frozen_baseline,10,848.8439908,0.015836082980968058,10,1.0,8488.439908,True,
LOCAL-v1-q4-exactly10_sources-5087,4,frozen_baseline,10,719.3654153,0.014081250061281025,10,1.0,7193.654153,True,
LOCAL-v1-q4-exactly10_sources-5088,4,frozen_baseline,10,735.2237656,0.017151125008240342,10,1.0,7352.237656,True,
LOCAL-v1-q4-exactly10_sources-5089,4,frozen_baseline,10,680.759551,0.01451245800126344,10,1.0,6807.59551,True,
LOCAL-v1-q4-exactly10_sources-5090,4,frozen_baseline,10,887.8488345,0.014981375075876713,10,1.0,8878.488345,True,
LOCAL-v1-q4-exactly10_sources-5091,4,frozen_baseline,10,633.2217162,0.015203625080175698,10,1.0,6332.217162,True,
LOCAL-v1-q4-exactly10_sources-5092,4,frozen_baseline,10,720.4875096,0.02006324997637421,10,1.0,7204.875096,True,
LOCAL-v1-q4-exactly10_sources-5093,4,frozen_baseline,10,690.4676428,0.0159446659963578,10,1.0,6904.676428,True,
LOCAL-v1-q4-exactly10_sources-5094,4,frozen_baseline,10,770.2584858,0.017637999961152673,10,1.0,7702.584858,True,
LOCAL-v1-q4-exactly10_sources-5095,4,frozen_baseline,10,658.8989966,0.018927374971099198,10,1.0,6588.989966,True,
LOCAL-v1-q4-exactly10_sources-5096,4,frozen_baseline,10,649.8586338,0.014994417084380984,10,1.0,6498.586338,True,
LOCAL-v1-q4-exactly10_sources-5097,4,frozen_baseline,10,749.9669630999999,0.01716391695663333,10,1.0,7499.669631,True,
LOCAL-v1-q4-exactly10_sources-5098,4,frozen_baseline,10,686.6663371,0.015282334061339498,10,1.0,6866.663371,True,
LOCAL-v1-q4-exactly10_sources-5099,4,frozen_baseline,10,685.1521813,0.018176875077188015,10,1.0,6851.521813,True,
LOCAL-v1-q4-exactly16_sources-5000,4,frozen_baseline,16,402.1013701875,0.02020758402068168,16,1.0,6433.621923,True,
LOCAL-v1-q4-exactly16_sources-5001,4,frozen_baseline,16,519.3403688125,0.019822792033664882,16,1.0,8309.445901,True,
LOCAL-v1-q4-exactly16_sources-5002,4,frozen_baseline,16,454.8554558125,0.0175918749300763,16,1.0,7277.687293,True,
LOCAL-v1-q4-exactly16_sources-5003,4,frozen_baseline,16,402.525651625,0.023892750032246113,16,1.0,6440.410426,True,
LOCAL-v1-q4-exactly16_sources-5004,4,frozen_baseline,16,349.43890175,0.02253995800856501,16,1.0,5591.022428,True,
LOCAL-v1-q4-exactly16_sources-5005,4,frozen_baseline,16,392.3566559375,0.023557625012472272,16,1.0,6277.706495,True,
LOCAL-v1-q4-exactly16_sources-5006,4,frozen_baseline,16,437.0646496875,0.018641999922692776,16,1.0,6993.034395,True,
LOCAL-v1-q4-exactly16_sources-5007,4,frozen_baseline,16,396.2253811875,0.02465383301023394,16,1.0,6339.606099,True,
LOCAL-v1-q4-exactly16_sources-5008,4,frozen_baseline,16,413.78917925,0.03282329090870917,16,1.0,6620.626868,True,
LOCAL-v1-q4-exactly16_sources-5009,4,frozen_baseline,16,429.93582225,0.01681916695088148,16,1.0,6878.973156,True,
LOCAL-v1-q4-exactly16_sources-5010,4,frozen_baseline,16,519.27757125,0.023175542009994388,16,1.0,8308.44114,True,
LOCAL-v1-q4-exactly16_sources-5011,4,frozen_baseline,16,465.5699156875,0.017430582898668945,16,1.0,7449.118651,True,
LOCAL-v1-q4-exactly16_sources-5012,4,frozen_baseline,16,410.8678796875,0.019704582984559238,16,1.0,6573.886075,True,
LOCAL-v1-q4-exactly16_sources-5013,4,frozen_baseline,16,468.8059315625,0.021513957995921373,16,1.0,7500.894905,True,
LOCAL-v1-q4-exactly16_sources-5014,4,frozen_baseline,16,429.7740915625,0.01723166706506163,16,1.0,6876.385465,True,
LOCAL-v1-q4-exactly16_sources-5015,4,frozen_baseline,16,446.882508125,0.01971454208251089,16,1.0,7150.12013,True,
LOCAL-v1-q4-exactly16_sources-5016,4,frozen_baseline,16,401.793748375,0.019027207978069782,16,1.0,6428.699974,True,
LOCAL-v1-q4-exactly16_sources-5017,4,frozen_baseline,16,368.114695125,0.016261667013168335,16,1.0,5889.835122,True,
LOCAL-v1-q4-exactly16_sources-5018,4,frozen_baseline,16,422.9313103125,0.023825000040233135,16,1.0,6766.900965,True,
LOCAL-v1-q4-exactly16_sources-5019,4,frozen_baseline,16,419.9049589375,0.022260500001721084,16,1.0,6718.479343,True,
LOCAL-v1-q4-exactly16_sources-5020,4,frozen_baseline,16,453.95744875,0.01675612502731383,16,1.0,7263.31918,True,
LOCAL-v1-q4-exactly16_sources-5021,4,frozen_baseline,16,585.574643125,0.018574542016722262,16,1.0,9369.19429,True,
LOCAL-v1-q4-exactly16_sources-5022,4,frozen_baseline,16,417.233901125,0.01837383396923542,16,1.0,6675.742418,True,
LOCAL-v1-q4-exactly16_sources-5023,4,frozen_baseline,16,340.222854,0.021369082969613373,16,1.0,5443.565664,True,
LOCAL-v1-q4-exactly16_sources-5024,4,frozen_baseline,16,526.3092681875,0.016272625070996583,16,1.0,8420.948291,True,
LOCAL-v1-q4-exactly16_sources-5025,4,frozen_baseline,16,443.5629875625,0.020479375030845404,16,1.0,7097.007801,True,
LOCAL-v1-q4-exactly16_sources-5026,4,frozen_baseline,16,442.3542544375,0.018834874965250492,16,1.0,7077.668071,True,
LOCAL-v1-q4-exactly16_sources-5027,4,frozen_baseline,16,400.672512875,0.023868125048466027,16,1.0,6410.760206,True,
LOCAL-v1-q4-exactly16_sources-5028,4,frozen_baseline,16,428.6942969375,0.018859916948713362,16,1.0,6859.108751,True,
LOCAL-v1-q4-exactly16_sources-5029,4,frozen_baseline,16,481.567630375,0.015269625000655651,16,1.0,7705.082086,True,
LOCAL-v1-q4-exactly16_sources-5030,4,frozen_baseline,16,478.822739,0.021718791918829083,16,1.0,7661.163824,True,
LOCAL-v1-q4-exactly16_sources-5031,4,frozen_baseline,16,460.5649975,0.022184583940543234,16,1.0,7369.03996,True,
LOCAL-v1-q4-exactly16_sources-5032,4,frozen_baseline,16,408.24621225,0.01640750002115965,16,1.0,6531.939396,True,
LOCAL-v1-q4-exactly16_sources-5033,4,frozen_baseline,16,515.44080375,0.02033874997869134,16,1.0,8247.05286,True,
LOCAL-v1-q4-exactly16_sources-5034,4,frozen_baseline,16,490.203628625,0.019635791890323162,16,1.0,7843.258058,True,
LOCAL-v1-q4-exactly16_sources-5035,4,frozen_baseline,16,462.0743438125,0.021696959040127695,16,1.0,7393.189501,True,
LOCAL-v1-q4-exactly16_sources-5036,4,frozen_baseline,16,411.37428275,0.019834958016872406,16,1.0,6581.988524,True,
LOCAL-v1-q4-exactly16_sources-5037,4,frozen_baseline,16,384.8575881875,0.022743542096577585,16,1.0,6157.721411,True,
LOCAL-v1-q4-exactly16_sources-5038,4,frozen_baseline,16,410.1532484375,0.019264417001977563,16,1.0,6562.451975,True,
LOCAL-v1-q4-exactly16_sources-5039,4,frozen_baseline,16,458.2751129375,0.0323219170095399,16,1.0,7332.401807,True,
LOCAL-v1-q4-exactly16_sources-5040,4,frozen_baseline,16,424.50246325,0.017495041945949197,16,1.0,6792.039412,True,
LOCAL-v1-q4-exactly16_sources-5041,4,frozen_baseline,16,653.604106375,0.024139082990586758,16,1.0,10457.665702,True,
LOCAL-v1-q4-exactly16_sources-5042,4,frozen_baseline,16,417.8894756875,0.02085879200603813,16,1.0,6686.231611,True,
LOCAL-v1-q4-exactly16_sources-5043,4,frozen_baseline,16,532.3388430625,0.019395583076402545,16,1.0,8517.421489,True,
LOCAL-v1-q4-exactly16_sources-5044,4,frozen_baseline,16,369.6027869375,0.019320957944728434,16,1.0,5913.644591,True,
LOCAL-v1-q4-exactly16_sources-5045,4,frozen_baseline,16,438.8543236875,0.020914708962664008,16,1.0,7021.669179,True,
LOCAL-v1-q4-exactly16_sources-5046,4,frozen_baseline,16,362.1156493125,0.022707542055286467,16,1.0,5793.850389,True,
LOCAL-v1-q4-exactly16_sources-5047,4,frozen_baseline,16,392.92408325,0.022529541980475187,16,1.0,6286.785332,True,
LOCAL-v1-q4-exactly16_sources-5048,4,frozen_baseline,16,396.5297623125,0.017525041941553354,16,1.0,6344.476197,True,
LOCAL-v1-q4-exactly16_sources-5049,4,frozen_baseline,16,623.7849384375,0.018595749977976084,16,1.0,9980.559015,True,
LOCAL-v1-q4-exactly16_sources-5050,4,frozen_baseline,16,455.1278066875,0.016881125047802925,16,1.0,7282.044907,True,
LOCAL-v1-q4-exactly16_sources-5051,4,frozen_baseline,16,390.2329958125,0.01709595904685557,16,1.0,6243.727933,True,
LOCAL-v1-q4-exactly16_sources-5052,4,frozen_baseline,16,428.984941125,0.02215579093899578,16,1.0,6863.759058,True,
LOCAL-v1-q4-exactly16_sources-5053,4,frozen_baseline,16,413.3526328125,0.020459208986721933,16,1.0,6613.642125,True,
LOCAL-v1-q4-exactly16_sources-5054,4,frozen_baseline,16,420.4218415625,0.020119416993111372,16,1.0,6726.749465,True,
LOCAL-v1-q4-exactly16_sources-5055,4,frozen_baseline,16,423.63115125,0.02090695791412145,16,1.0,6778.09842,True,
LOCAL-v1-q4-exactly16_sources-5056,4,frozen_baseline,16,505.0171175,0.019786125048995018,16,1.0,8080.27388,True,
LOCAL-v1-q4-exactly16_sources-5057,4,frozen_baseline,16,431.5847945,0.018287417013198137,16,1.0,6905.356712,True,
LOCAL-v1-q4-exactly16_sources-5058,4,frozen_baseline,16,430.9353013125,0.018324124976061285,16,1.0,6894.964821,True,
LOCAL-v1-q4-exactly16_sources-5059,4,frozen_baseline,16,410.3773650625,0.019247082993388176,16,1.0,6566.037841,True,
LOCAL-v1-q4-exactly16_sources-5060,4,frozen_baseline,16,428.188308,0.01737362495623529,16,1.0,6851.012928,True,
LOCAL-v1-q4-exactly16_sources-5061,4,frozen_baseline,16,421.7442746875,0.016737166908569634,16,1.0,6747.908395,True,
LOCAL-v1-q4-exactly16_sources-5062,4,frozen_baseline,16,620.640057,0.022019834024831653,16,1.0,9930.240912,True,
LOCAL-v1-q4-exactly16_sources-5063,4,frozen_baseline,16,527.7486560625,0.021635457989759743,16,1.0,8443.978497,True,
LOCAL-v1-q4-exactly16_sources-5064,4,frozen_baseline,16,463.852335875,0.015479083056561649,16,1.0,7421.637374,True,
LOCAL-v1-q4-exactly16_sources-5065,4,frozen_baseline,16,411.814636,0.01961370906792581,16,1.0,6589.034176,True,
LOCAL-v1-q4-exactly16_sources-5066,4,frozen_baseline,16,428.6818866875,0.018646624987013638,16,1.0,6858.910187,True,
LOCAL-v1-q4-exactly16_sources-5067,4,frozen_baseline,16,437.9762419375,0.020988042000681162,16,1.0,7007.619871,True,
LOCAL-v1-q4-exactly16_sources-5068,4,frozen_baseline,16,437.514963125,0.017551791039295495,16,1.0,7000.23941,True,
LOCAL-v1-q4-exactly16_sources-5069,4,frozen_baseline,16,482.990475,0.024732791003771126,16,1.0,7727.8476,True,
LOCAL-v1-q4-exactly16_sources-5070,4,frozen_baseline,16,510.6438135625,0.022701708017848432,16,1.0,8170.301017,True,
LOCAL-v1-q4-exactly16_sources-5071,4,frozen_baseline,16,403.6367899375,0.01803470798768103,16,1.0,6458.188639,True,
LOCAL-v1-q4-exactly16_sources-5072,4,frozen_baseline,16,396.83918175,0.020658207940869033,16,1.0,6349.426908,True,
LOCAL-v1-q4-exactly16_sources-5073,4,frozen_baseline,16,442.2456985,0.02128512493800372,16,1.0,7075.931176,True,
LOCAL-v1-q4-exactly16_sources-5074,4,frozen_baseline,16,421.9096605625,0.021101832971908152,16,1.0,6750.554569,True,
LOCAL-v1-q4-exactly16_sources-5075,4,frozen_baseline,16,400.1153016875,0.022704333998262882,16,1.0,6401.844827,True,
LOCAL-v1-q4-exactly16_sources-5076,4,frozen_baseline,16,385.7701101875,0.023099167039617896,16,1.0,6172.321763,True,
LOCAL-v1-q4-exactly16_sources-5077,4,frozen_baseline,16,463.5957270625,0.01675925008021295,16,1.0,7417.531633,True,
LOCAL-v1-q4-exactly16_sources-5078,4,frozen_baseline,16,458.2685925625,0.017352583003230393,16,1.0,7332.297481,True,
LOCAL-v1-q4-exactly16_sources-5079,4,frozen_baseline,16,474.0659999375,0.01935145806055516,16,1.0,7585.055999,True,
LOCAL-v1-q4-exactly16_sources-5080,4,frozen_baseline,16,425.2337536875,0.018784666899591684,16,1.0,6803.740059,True,
LOCAL-v1-q4-exactly16_sources-5081,4,frozen_baseline,16,472.6885008125,0.01909033302217722,16,1.0,7563.016013,True,
LOCAL-v1-q4-exactly16_sources-5082,4,frozen_baseline,16,426.080998,0.01639683300163597,16,1.0,6817.295968,True,
LOCAL-v1-q4-exactly16_sources-5083,4,frozen_baseline,16,455.73564525,0.022060499992221594,16,1.0,7291.770324,True,
LOCAL-v1-q4-exactly16_sources-5084,4,frozen_baseline,16,513.073906875,0.018738790997304022,16,1.0,8209.18251,True,
LOCAL-v1-q4-exactly16_sources-5085,4,frozen_baseline,16,370.699006125,0.020123875001445413,16,1.0,5931.184098,True,
LOCAL-v1-q4-exactly16_sources-5086,4,frozen_baseline,16,381.5230615,0.018954875064082444,16,1.0,6104.368984,True,
LOCAL-v1-q4-exactly16_sources-5087,4,frozen_baseline,16,377.557588125,0.020809332956559956,16,1.0,6040.92141,True,
LOCAL-v1-q4-exactly16_sources-5088,4,frozen_baseline,16,493.202377875,0.022189833922311664,16,1.0,7891.238046,True,
LOCAL-v1-q4-exactly16_sources-5089,4,frozen_baseline,16,452.2476994375,0.016881917021237314,16,1.0,7235.963191,True,
LOCAL-v1-q4-exactly16_sources-5090,4,frozen_baseline,16,492.8834214375,0.01793845894280821,16,1.0,7886.134743,True,
LOCAL-v1-q4-exactly16_sources-5091,4,frozen_baseline,16,481.077142,0.0223447079770267,16,1.0,7697.234272,True,
LOCAL-v1-q4-exactly16_sources-5092,4,frozen_baseline,16,427.7845094375,0.016917541972361505,16,1.0,6844.552151,True,
LOCAL-v1-q4-exactly16_sources-5093,4,frozen_baseline,16,428.4136845,0.020242166006937623,16,1.0,6854.618952,True,
LOCAL-v1-q4-exactly16_sources-5094,4,frozen_baseline,16,449.2184115,0.02183074993081391,16,1.0,7187.494584,True,
LOCAL-v1-q4-exactly16_sources-5095,4,frozen_baseline,16,380.312429625,0.021875333040952682,16,1.0,6084.998874,True,
LOCAL-v1-q4-exactly16_sources-5096,4,frozen_baseline,16,453.5694424375,0.01894858293235302,16,1.0,7257.111079,True,
LOCAL-v1-q4-exactly16_sources-5097,4,frozen_baseline,16,471.2353393125,0.02017495804466307,16,1.0,7539.765429,True,
LOCAL-v1-q4-exactly16_sources-5098,4,frozen_baseline,16,406.7532150625,0.01888058299664408,16,1.0,6508.051441,True,
LOCAL-v1-q4-exactly16_sources-5099,4,frozen_baseline,16,394.128529,0.022085250006057322,16,1.0,6306.056464,True,
LOCAL-v1-q3-reference_assumed-5000,3,candidate,11,274.8198663636363,0.035156416008248925,11,1.0,3023.01853,True,
LOCAL-v1-q3-reference_assumed-5001,3,candidate,14,215.4182577857143,0.037417958956211805,14,1.0,3015.855609,True,
LOCAL-v1-q3-reference_assumed-5002,3,candidate,15,193.01333506666666,0.02965595794375986,15,1.0,2895.200026,True,
LOCAL-v1-q3-reference_assumed-5003,3,candidate,11,242.6166079090909,0.0303245410323143,11,1.0,2668.782687,True,
LOCAL-v1-q3-reference_assumed-5004,3,candidate,12,254.36051799999998,0.02919862500857562,12,1.0,3052.326216,True,
LOCAL-v1-q3-reference_assumed-5005,3,candidate,11,263.32089754545456,0.023551124962978065,11,1.0,2896.529873,True,
LOCAL-v1-q3-reference_assumed-5006,3,candidate,11,264.65938154545455,0.029990916955284774,11,1.0,2911.253197,True,
LOCAL-v1-q3-reference_assumed-5007,3,candidate,11,268.45140054545453,0.01999270892702043,11,1.0,2952.965406,True,
LOCAL-v1-q3-reference_assumed-5008,3,candidate,10,262.5006403,0.013739958987571299,10,1.0,2625.006403,True,
LOCAL-v1-q3-reference_assumed-5009,3,candidate,14,199.95957785714288,0.029550665989518166,14,1.0,2799.43409,True,
LOCAL-v1-q3-reference_assumed-5010,3,candidate,12,219.91216966666664,0.0225997919915244,12,1.0,2638.946036,True,
LOCAL-v1-q3-reference_assumed-5011,3,candidate,15,213.91631186666666,0.03834795905277133,15,1.0,3208.744678,True,
LOCAL-v1-q3-reference_assumed-5012,3,candidate,10,293.0523045,0.026091709034517407,10,1.0,2930.523045,True,
LOCAL-v1-q3-reference_assumed-5013,3,candidate,12,249.2443515,0.03221374994609505,12,1.0,2990.932218,True,
LOCAL-v1-q3-reference_assumed-5014,3,candidate,11,251.00017799999998,0.023634875076822937,11,1.0,2761.001958,True,
LOCAL-v1-q3-reference_assumed-5015,3,candidate,12,246.9878295,0.02901058306451887,12,1.0,2963.853954,True,
LOCAL-v1-q3-reference_assumed-5016,3,candidate,16,212.1607228125,0.0369613750372082,16,1.0,3394.571565,True,
LOCAL-v1-q3-reference_assumed-5017,3,candidate,15,196.12721686666666,0.03589529206510633,15,1.0,2941.908253,True,
LOCAL-v1-q3-reference_assumed-5018,3,candidate,10,297.71756089999997,0.01905266591347754,10,1.0,2977.175609,True,
LOCAL-v1-q3-reference_assumed-5019,3,candidate,11,294.69719027272725,0.03347462497185916,11,1.0,3241.669093,True,
LOCAL-v1-q3-reference_assumed-5020,3,candidate,16,204.4053836875,0.027750417008064687,16,1.0,3270.486139,True,
LOCAL-v1-q3-reference_assumed-5021,3,candidate,14,215.70329478571426,0.02495870809070766,14,1.0,3019.846127,True,
LOCAL-v1-q3-reference_assumed-5022,3,candidate,14,207.16123907142858,0.02347695897333324,14,1.0,2900.257347,True,
LOCAL-v1-q3-reference_assumed-5023,3,candidate,15,207.65554179999998,0.02716962492559105,15,1.0,3114.833127,True,
LOCAL-v1-q3-reference_assumed-5024,3,candidate,13,245.86975761538463,0.03386362502351403,13,1.0,3196.306849,True,
LOCAL-v1-q3-reference_assumed-5025,3,candidate,12,243.99830366666666,0.033511499990709126,12,1.0,2927.979644,True,
LOCAL-v1-q3-reference_assumed-5026,3,candidate,15,211.8493088,0.03471004206221551,15,1.0,3177.739632,True,
LOCAL-v1-q3-reference_assumed-5027,3,candidate,11,285.9330510909091,0.021767209051176906,11,1.0,3145.263562,True,
LOCAL-v1-q3-reference_assumed-5028,3,candidate,10,268.3296091,0.02132808300666511,10,1.0,2683.296091,True,
LOCAL-v1-q3-reference_assumed-5029,3,candidate,11,265.30615345454544,0.018459082930348814,11,1.0,2918.367688,True,
LOCAL-v1-q3-reference_assumed-5030,3,candidate,12,213.4807475,0.023928790935315192,12,1.0,2561.76897,True,
LOCAL-v1-q3-reference_assumed-5031,3,candidate,15,184.5886084,0.03565904195420444,15,1.0,2768.829126,True,
LOCAL-v1-q3-reference_assumed-5032,3,candidate,11,260.83392054545453,0.022738790954463184,11,1.0,2869.173126,True,
LOCAL-v1-q3-reference_assumed-5033,3,candidate,14,215.16527850000003,0.029694874887354672,14,1.0,3012.313899,True,
LOCAL-v1-q3-reference_assumed-5034,3,candidate,16,167.486647125,0.039034874993376434,16,1.0,2679.786354,True,
LOCAL-v1-q3-reference_assumed-5035,3,candidate,10,287.1159972,0.032913625007495284,10,1.0,2871.159972,True,
LOCAL-v1-q3-reference_assumed-5036,3,candidate,15,210.85716786666666,0.03405491600278765,15,1.0,3162.857518,True,
LOCAL-v1-q3-reference_assumed-5037,3,candidate,15,198.50898873333333,0.047124250093474984,15,1.0,2977.634831,True,
LOCAL-v1-q3-reference_assumed-5038,3,candidate,16,184.6762475625,0.03758891602046788,16,1.0,2954.819961,True,
LOCAL-v1-q3-reference_assumed-5039,3,candidate,10,311.8016302,0.02174558292608708,10,1.0,3118.016302,True,
LOCAL-v1-q3-reference_assumed-5040,3,candidate,15,201.07503226666668,0.02983050001785159,15,1.0,3016.125484,True,
LOCAL-v1-q3-reference_assumed-5041,3,candidate,15,208.4199636,0.04547424998600036,15,1.0,3126.299454,True,
LOCAL-v1-q3-reference_assumed-5042,3,candidate,11,277.4671650909091,0.02450762502849102,11,1.0,3052.138816,True,
LOCAL-v1-q3-reference_assumed-5043,3,candidate,12,265.43066058333335,0.03004324994981289,12,1.0,3185.167927,True,
LOCAL-v1-q3-reference_assumed-5044,3,candidate,11,279.4568883636364,0.022838208940811455,11,1.0,3074.025772,True,
LOCAL-v1-q3-reference_assumed-5045,3,candidate,11,252.6436699090909,0.025253083906136453,11,1.0,2779.080369,True,
LOCAL-v1-q3-reference_assumed-5046,3,candidate,10,264.4581901,0.030881542013958097,10,1.0,2644.581901,True,
LOCAL-v1-q3-reference_assumed-5047,3,candidate,16,199.1059624375,0.040400833007879555,16,1.0,3185.695399,True,
LOCAL-v1-q3-reference_assumed-5048,3,candidate,12,246.82166733333335,0.03391008300241083,12,1.0,2961.860008,True,
LOCAL-v1-q3-reference_assumed-5049,3,candidate,10,288.0373646,0.022155958926305175,10,1.0,2880.373646,True,
LOCAL-v1-q3-reference_assumed-5050,3,candidate,15,225.61681953333334,0.023731459048576653,15,1.0,3384.252293,True,
LOCAL-v1-q3-reference_assumed-5051,3,candidate,11,276.8556410909091,0.024033292080275714,11,1.0,3045.412052,True,
LOCAL-v1-q3-reference_assumed-5052,3,candidate,13,219.96741715384616,0.025535000022500753,13,1.0,2859.576423,True,
LOCAL-v1-q3-reference_assumed-5053,3,candidate,16,225.84806975,0.03257883305195719,16,1.0,3613.569116,True,
LOCAL-v1-q3-reference_assumed-5054,3,candidate,16,230.7024495,0.04887708299793303,16,1.0,3691.239192,True,
LOCAL-v1-q3-reference_assumed-5055,3,candidate,12,247.54457424999998,0.028199041029438376,12,1.0,2970.534891,True,
LOCAL-v1-q3-reference_assumed-5056,3,candidate,13,248.66151276923077,0.03312029200606048,13,1.0,3232.599666,True,
LOCAL-v1-q3-reference_assumed-5057,3,candidate,13,241.18340430769229,0.025787916965782642,13,1.0,3135.384256,True,
LOCAL-v1-q3-reference_assumed-5058,3,candidate,14,230.17418342857144,0.032765749958343804,14,1.0,3222.438568,True,
LOCAL-v1-q3-reference_assumed-5059,3,candidate,12,257.08143208333337,0.026662542019039392,12,1.0,3084.977185,True,
LOCAL-v1-q3-reference_assumed-5060,3,candidate,11,253.23709572727273,0.027615124941803515,11,1.0,2785.608053,True,
LOCAL-v1-q3-reference_assumed-5061,3,candidate,13,222.4700297692308,0.030598083045333624,13,1.0,2892.110387,True,
LOCAL-v1-q3-reference_assumed-5062,3,candidate,16,202.0211118125,0.035798541037365794,16,1.0,3232.337789,True,
LOCAL-v1-q3-reference_assumed-5063,3,candidate,15,213.54316233333333,0.0341890420531854,15,1.0,3203.147435,True,
LOCAL-v1-q3-reference_assumed-5064,3,candidate,13,223.8996026153846,0.030652792076580226,13,1.0,2910.694834,True,
LOCAL-v1-q3-reference_assumed-5065,3,candidate,12,249.84694925,0.02454654104076326,12,1.0,2998.163391,True,
LOCAL-v1-q3-reference_assumed-5066,3,candidate,10,255.75066940000002,0.02857304096687585,10,1.0,2557.506694,True,
LOCAL-v1-q3-reference_assumed-5067,3,candidate,16,221.02654975,0.03865808399859816,16,1.0,3536.424796,True,
LOCAL-v1-q3-reference_assumed-5068,3,candidate,13,213.62553423076923,0.027489832951687276,13,1.0,2777.131945,True,
LOCAL-v1-q3-reference_assumed-5069,3,candidate,14,225.70199842857141,0.03764308395329863,14,1.0,3159.827978,True,
LOCAL-v1-q3-reference_assumed-5070,3,candidate,12,261.9753613333333,0.028599417069926858,12,1.0,3143.704336,True,
LOCAL-v1-q3-reference_assumed-5071,3,candidate,12,261.81216508333335,0.020535458927042782,12,1.0,3141.745981,True,
LOCAL-v1-q3-reference_assumed-5072,3,candidate,15,191.83671053333333,0.05619137501344085,15,1.0,2877.550658,True,
LOCAL-v1-q3-reference_assumed-5073,3,candidate,10,262.0020047,0.026044500060379505,10,1.0,2620.020047,True,
LOCAL-v1-q3-reference_assumed-5074,3,candidate,16,216.009135625,0.0462384169222787,16,1.0,3456.14617,True,
LOCAL-v1-q3-reference_assumed-5075,3,candidate,15,203.6706572,0.03427966695744544,15,1.0,3055.059858,True,
LOCAL-v1-q3-reference_assumed-5076,3,candidate,12,227.95153933333333,0.032552291988395154,12,1.0,2735.418472,True,
LOCAL-v1-q3-reference_assumed-5077,3,candidate,14,235.09943900000002,0.03425058303400874,14,1.0,3291.392146,True,
LOCAL-v1-q3-reference_assumed-5078,3,candidate,13,239.51919053846152,0.027762125013396144,13,1.0,3113.749477,True,
LOCAL-v1-q3-reference_assumed-5079,3,candidate,10,288.9429031,0.013297084020450711,10,1.0,2889.429031,True,
LOCAL-v1-q3-reference_assumed-5080,3,candidate,10,270.4567798,0.0247371249133721,10,1.0,2704.567798,True,
LOCAL-v1-q3-reference_assumed-5081,3,candidate,16,217.0855748125,0.06017141696065664,16,1.0,3473.369197,True,
LOCAL-v1-q3-reference_assumed-5082,3,candidate,13,216.78197653846155,0.026829749927856028,13,1.0,2818.165695,True,
LOCAL-v1-q3-reference_assumed-5083,3,candidate,13,231.34144661538463,0.03694470808841288,13,1.0,3007.438806,True,
LOCAL-v1-q3-reference_assumed-5084,3,candidate,14,242.43554607142855,0.037351125036366284,14,1.0,3394.097645,True,
LOCAL-v1-q3-reference_assumed-5085,3,candidate,15,199.95068039999998,0.04718837502878159,15,1.0,2999.260206,True,
LOCAL-v1-q3-reference_assumed-5086,3,candidate,12,254.58497908333334,0.028658750001341105,12,1.0,3055.019749,True,
LOCAL-v1-q3-reference_assumed-5087,3,candidate,13,195.81344753846153,0.02541683299932629,13,1.0,2545.574818,True,
LOCAL-v1-q3-reference_assumed-5088,3,candidate,16,189.3436608125,0.03681008401326835,16,1.0,3029.498573,True,
LOCAL-v1-q3-reference_assumed-5089,3,candidate,15,206.60778466666667,0.038080458994954824,15,1.0,3099.11677,True,
LOCAL-v1-q3-reference_assumed-5090,3,candidate,14,217.7259980714286,0.049030625028535724,14,1.0,3048.163973,True,
LOCAL-v1-q3-reference_assumed-5091,3,candidate,12,254.51983216666667,0.033380125067196786,12,1.0,3054.237986,True,
LOCAL-v1-q3-reference_assumed-5092,3,candidate,11,228.55286272727272,0.029722374980337918,11,1.0,2514.08149,True,
LOCAL-v1-q3-reference_assumed-5093,3,candidate,15,216.04566340000002,0.03342579095624387,15,1.0,3240.684951,True,
LOCAL-v1-q3-reference_assumed-5094,3,candidate,11,254.98754827272725,0.02915137493982911,11,1.0,2804.863031,True,
LOCAL-v1-q3-reference_assumed-5095,3,candidate,10,269.2209894,0.029262749943882227,10,1.0,2692.209894,True,
LOCAL-v1-q3-reference_assumed-5096,3,candidate,14,222.176794,0.03210462490096688,14,1.0,3110.475116,True,
LOCAL-v1-q3-reference_assumed-5097,3,candidate,13,242.03586546153844,0.0268637080444023,13,1.0,3146.466251,True,
LOCAL-v1-q3-reference_assumed-5098,3,candidate,16,182.5817383125,0.031279708025977015,16,1.0,2921.307813,True,
LOCAL-v1-q3-reference_assumed-5099,3,candidate,13,222.70151092307694,0.02507645799778402,13,1.0,2895.119642,True,
LOCAL-v1-q3-fixed_positive_bias-5000,3,candidate,11,282.1465988181818,0.035955832921899855,11,1.0,3103.612587,True,
LOCAL-v1-q3-fixed_positive_bias-5001,3,candidate,14,225.19801835714287,0.041788625065237284,14,1.0,3152.772257,True,
LOCAL-v1-q3-fixed_positive_bias-5002,3,candidate,15,191.9957166,0.029921083943918347,15,1.0,2879.935749,True,
LOCAL-v1-q3-fixed_positive_bias-5003,3,candidate,11,241.62773327272726,0.026972042047418654,11,1.0,2657.905066,True,
LOCAL-v1-q3-fixed_positive_bias-5004,3,candidate,12,253.50411491666668,0.030117499991320074,12,1.0,3042.049379,True,
LOCAL-v1-q3-fixed_positive_bias-5005,3,candidate,11,263.5567820909091,0.023463916033506393,11,1.0,2899.124603,True,
LOCAL-v1-q3-fixed_positive_bias-5006,3,candidate,11,286.31495045454545,0.02682145801372826,11,1.0,3149.464455,True,
LOCAL-v1-q3-fixed_positive_bias-5007,3,candidate,11,266.3833194545455,0.015293332980945706,11,1.0,2930.216514,True,
LOCAL-v1-q3-fixed_positive_bias-5008,3,candidate,10,262.172324,0.017655292060226202,10,1.0,2621.72324,True,
LOCAL-v1-q3-fixed_positive_bias-5009,3,candidate,14,201.32680342857142,0.03383383294567466,14,1.0,2818.575248,True,
LOCAL-v1-q3-fixed_positive_bias-5010,3,candidate,12,221.85912174999999,0.03351249999832362,12,1.0,2662.309461,True,
LOCAL-v1-q3-fixed_positive_bias-5011,3,candidate,15,230.63883506666667,0.03229820902924985,15,1.0,3459.582526,True,
LOCAL-v1-q3-fixed_positive_bias-5012,3,candidate,10,296.1829876,0.024955583037808537,10,1.0,2961.829876,True,
LOCAL-v1-q3-fixed_positive_bias-5013,3,candidate,12,237.57583250000002,0.03590566699858755,12,1.0,2850.90999,True,
LOCAL-v1-q3-fixed_positive_bias-5014,3,candidate,11,251.45325927272725,0.025980582926422358,11,1.0,2765.985852,True,
LOCAL-v1-q3-fixed_positive_bias-5015,3,candidate,12,245.44094816666666,0.03588904195930809,12,1.0,2945.291378,True,
LOCAL-v1-q3-fixed_positive_bias-5016,3,candidate,16,209.67194525,0.0325105000520125,16,1.0,3354.751124,True,
LOCAL-v1-q3-fixed_positive_bias-5017,3,candidate,15,211.08956686666667,0.0421477920608595,15,1.0,3166.343503,True,
LOCAL-v1-q3-fixed_positive_bias-5018,3,candidate,10,295.93472280000003,0.017521957983262837,10,1.0,2959.347228,True,
LOCAL-v1-q3-fixed_positive_bias-5019,3,candidate,11,288.2403321818182,0.026324165984988213,11,1.0,3170.643654,True,
LOCAL-v1-q3-fixed_positive_bias-5020,3,candidate,16,205.6397010625,0.03776387497782707,16,1.0,3290.235217,True,
LOCAL-v1-q3-fixed_positive_bias-5021,3,candidate,14,229.68779614285717,0.03617737500462681,14,1.0,3215.629146,True,
LOCAL-v1-q3-fixed_positive_bias-5022,3,candidate,14,206.38910185714286,0.03162066696677357,14,1.0,2889.447426,True,
LOCAL-v1-q3-fixed_positive_bias-5023,3,candidate,15,197.92767053333333,0.031724915956147015,15,1.0,2968.915058,True,
LOCAL-v1-q3-fixed_positive_bias-5024,3,candidate,13,240.4559550769231,0.03364141704514623,13,1.0,3125.927416,True,
LOCAL-v1-q3-fixed_positive_bias-5025,3,candidate,12,235.63553358333334,0.026530624949373305,12,1.0,2827.626403,True,
LOCAL-v1-q3-fixed_positive_bias-5026,3,candidate,15,218.11242113333336,0.02382608293555677,15,1.0,3271.686317,True,
LOCAL-v1-q3-fixed_positive_bias-5027,3,candidate,11,287.00758136363635,0.021525292075239122,11,1.0,3157.083395,True,
LOCAL-v1-q3-fixed_positive_bias-5028,3,candidate,10,284.7367476,0.020551875000819564,10,1.0,2847.367476,True,
LOCAL-v1-q3-fixed_positive_bias-5029,3,candidate,11,272.6334161818182,0.027378833037801087,11,1.0,2998.967578,True,
LOCAL-v1-q3-fixed_positive_bias-5030,3,candidate,12,213.10800075,0.025466166902333498,12,1.0,2557.296009,True,
LOCAL-v1-q3-fixed_positive_bias-5031,3,candidate,15,192.1759106,0.041536834090948105,15,1.0,2882.638659,True,
LOCAL-v1-q3-fixed_positive_bias-5032,3,candidate,11,264.99689245454545,0.02725475002080202,11,1.0,2914.965817,True,
LOCAL-v1-q3-fixed_positive_bias-5033,3,candidate,14,216.23158971428572,0.0313779580174014,14,1.0,3027.242256,True,
LOCAL-v1-q3-fixed_positive_bias-5034,3,candidate,16,170.5733396875,0.042643832974135876,16,1.0,2729.173435,True,
LOCAL-v1-q3-fixed_positive_bias-5035,3,candidate,10,300.2635955,0.014204291044734418,10,1.0,3002.635955,True,
LOCAL-v1-q3-fixed_positive_bias-5036,3,candidate,15,212.66597473333334,0.0352861670544371,15,1.0,3189.989621,True,
LOCAL-v1-q3-fixed_positive_bias-5037,3,candidate,15,198.06085926666668,0.03968337504193187,15,1.0,2970.912889,True,
LOCAL-v1-q3-fixed_positive_bias-5038,3,candidate,16,186.880496375,0.034848041948862374,16,1.0,2990.087942,True,
LOCAL-v1-q3-fixed_positive_bias-5039,3,candidate,10,313.6146361,0.017166375066153705,10,1.0,3136.146361,True,
LOCAL-v1-q3-fixed_positive_bias-5040,3,candidate,15,226.8229796,0.0361525840125978,15,1.0,3402.344694,True,
LOCAL-v1-q3-fixed_positive_bias-5041,3,candidate,15,208.079671,0.03477466700132936,15,1.0,3121.195065,True,
LOCAL-v1-q3-fixed_positive_bias-5042,3,candidate,11,271.870246,0.018192625022493303,11,1.0,2990.572706,True,
LOCAL-v1-q3-fixed_positive_bias-5043,3,candidate,12,267.76480933333335,0.029444415937177837,12,1.0,3213.177712,True,
LOCAL-v1-q3-fixed_positive_bias-5044,3,candidate,11,290.50838600000003,0.02389262500219047,11,1.0,3195.592246,True,
LOCAL-v1-q3-fixed_positive_bias-5045,3,candidate,11,261.3488858181818,0.03130287502426654,11,1.0,2874.837744,True,
LOCAL-v1-q3-fixed_positive_bias-5046,3,candidate,10,267.6833091,0.030840749968774617,10,1.0,2676.833091,True,
LOCAL-v1-q3-fixed_positive_bias-5047,3,candidate,16,201.179188125,0.03507012489717454,16,1.0,3218.86701,True,
LOCAL-v1-q3-fixed_positive_bias-5048,3,candidate,12,248.44587666666666,0.0397433340549469,12,1.0,2981.35052,True,
LOCAL-v1-q3-fixed_positive_bias-5049,3,candidate,10,293.0606474,0.022216166951693594,10,1.0,2930.606474,True,
LOCAL-v1-q3-fixed_positive_bias-5050,3,candidate,15,225.32228940000002,0.03498716710601002,15,1.0,3379.834341,True,
LOCAL-v1-q3-fixed_positive_bias-5051,3,candidate,11,276.8371858181818,0.02572508400771767,11,1.0,3045.209044,True,
LOCAL-v1-q3-fixed_positive_bias-5052,3,candidate,13,219.99275346153848,0.030139375012367964,13,1.0,2859.905795,True,
LOCAL-v1-q3-fixed_positive_bias-5053,3,candidate,16,200.698409875,0.045157750020734966,16,1.0,3211.174558,True,
LOCAL-v1-q3-fixed_positive_bias-5054,3,candidate,16,221.19854125,0.05380258394870907,16,1.0,3539.17666,True,
LOCAL-v1-q3-fixed_positive_bias-5055,3,candidate,12,252.53930566666668,0.030364500009454787,12,1.0,3030.471668,True,
LOCAL-v1-q3-fixed_positive_bias-5056,3,candidate,13,246.2889950769231,0.030319334007799625,13,1.0,3201.756936,True,
LOCAL-v1-q3-fixed_positive_bias-5057,3,candidate,13,241.42262815384615,0.022652207990176976,13,1.0,3138.494166,True,
LOCAL-v1-q3-fixed_positive_bias-5058,3,candidate,14,212.16369521428572,0.03160183399450034,14,1.0,2970.291733,True,
LOCAL-v1-q3-fixed_positive_bias-5059,3,candidate,12,254.63814308333335,0.022769124945625663,12,1.0,3055.657717,True,
LOCAL-v1-q3-fixed_positive_bias-5060,3,candidate,11,255.9263679090909,0.022767124930396676,11,1.0,2815.190047,True,
LOCAL-v1-q3-fixed_positive_bias-5061,3,candidate,13,224.83680161538462,0.026114042033441365,13,1.0,2922.878421,True,
LOCAL-v1-q3-fixed_positive_bias-5062,3,candidate,16,202.94564625,0.03756583307404071,16,1.0,3247.13034,True,
LOCAL-v1-q3-fixed_positive_bias-5063,3,candidate,15,214.03773959999998,0.034587500034831464,15,1.0,3210.566094,True,
LOCAL-v1-q3-fixed_positive_bias-5064,3,candidate,13,228.5900246923077,0.033342374954372644,13,1.0,2971.670321,True,
LOCAL-v1-q3-fixed_positive_bias-5065,3,candidate,12,251.167908,0.021613458986394107,12,1.0,3014.014896,True,
LOCAL-v1-q3-fixed_positive_bias-5066,3,candidate,10,254.6703902,0.028562874998897314,10,1.0,2546.703902,True,
LOCAL-v1-q3-fixed_positive_bias-5067,3,candidate,16,220.4303705,0.04103149997536093,16,1.0,3526.885928,True,
LOCAL-v1-q3-fixed_positive_bias-5068,3,candidate,13,214.64624230769232,0.030591250048018992,13,1.0,2790.40115,True,
LOCAL-v1-q3-fixed_positive_bias-5069,3,candidate,14,228.24101585714286,0.0332287079654634,14,1.0,3195.374222,True,
LOCAL-v1-q3-fixed_positive_bias-5070,3,candidate,12,252.9420585833333,0.023633249918930233,12,1.0,3035.304703,True,
LOCAL-v1-q3-fixed_positive_bias-5071,3,candidate,12,261.17110325,0.019731542095541954,12,1.0,3134.053239,True,
LOCAL-v1-q3-fixed_positive_bias-5072,3,candidate,15,193.35977713333332,0.04791254096198827,15,1.0,2900.396657,True,
LOCAL-v1-q3-fixed_positive_bias-5073,3,candidate,10,263.8480833,0.014621334034018219,10,1.0,2638.480833,True,
LOCAL-v1-q3-fixed_positive_bias-5074,3,candidate,16,213.9867591875,0.04223683301825076,16,1.0,3423.788147,True,
LOCAL-v1-q3-fixed_positive_bias-5075,3,candidate,15,199.00542473333334,0.03370174998417497,15,1.0,2985.081371,True,
LOCAL-v1-q3-fixed_positive_bias-5076,3,candidate,12,219.3881716666667,0.032907749991863966,12,1.0,2632.65806,True,
LOCAL-v1-q3-fixed_positive_bias-5077,3,candidate,14,226.3972545,0.03062816697638482,14,1.0,3169.561563,True,
LOCAL-v1-q3-fixed_positive_bias-5078,3,candidate,13,241.54593676923076,0.03402920893859118,13,1.0,3140.097178,True,
LOCAL-v1-q3-fixed_positive_bias-5079,3,candidate,10,289.848075,0.013491582940332592,10,1.0,2898.48075,True,
LOCAL-v1-q3-fixed_positive_bias-5080,3,candidate,10,275.0543149,0.022044625016860664,10,1.0,2750.543149,True,
LOCAL-v1-q3-fixed_positive_bias-5081,3,candidate,16,207.14769525,0.03165749995969236,16,1.0,3314.363124,True,
LOCAL-v1-q3-fixed_positive_bias-5082,3,candidate,13,218.1509726923077,0.02307091699913144,13,1.0,2835.962645,True,
LOCAL-v1-q3-fixed_positive_bias-5083,3,candidate,13,231.76800115384614,0.03441262501291931,13,1.0,3012.984015,True,
LOCAL-v1-q3-fixed_positive_bias-5084,3,candidate,14,241.97197414285714,0.028586665983311832,14,1.0,3387.607638,True,
LOCAL-v1-q3-fixed_positive_bias-5085,3,candidate,15,197.45849153333333,0.047618540935218334,15,1.0,2961.877373,True,
LOCAL-v1-q3-fixed_positive_bias-5086,3,candidate,12,249.43074091666665,0.026617583935149014,12,1.0,2993.168891,True,
LOCAL-v1-q3-fixed_positive_bias-5087,3,candidate,13,193.190812,0.026919333962723613,13,1.0,2511.480556,True,
LOCAL-v1-q3-fixed_positive_bias-5088,3,candidate,16,189.681054125,0.03233745903708041,16,1.0,3034.896866,True,
LOCAL-v1-q3-fixed_positive_bias-5089,3,candidate,15,207.6167862,0.04517629195470363,15,1.0,3114.251793,True,
LOCAL-v1-q3-fixed_positive_bias-5090,3,candidate,14,220.35421242857143,0.0364167089574039,14,1.0,3084.958974,True,
LOCAL-v1-q3-fixed_positive_bias-5091,3,candidate,12,263.17905683333333,0.026932500069960952,12,1.0,3158.148682,True,
LOCAL-v1-q3-fixed_positive_bias-5092,3,candidate,11,225.96299572727273,0.03288695798255503,11,1.0,2485.592953,True,
LOCAL-v1-q3-fixed_positive_bias-5093,3,candidate,15,219.30017493333335,0.032727957936003804,15,1.0,3289.502624,True,
LOCAL-v1-q3-fixed_positive_bias-5094,3,candidate,11,265.9916855454545,0.028719958965666592,11,1.0,2925.908541,True,
LOCAL-v1-q3-fixed_positive_bias-5095,3,candidate,10,269.9382168,0.029783917008899152,10,1.0,2699.382168,True,
LOCAL-v1-q3-fixed_positive_bias-5096,3,candidate,14,227.37943814285714,0.02894366707187146,14,1.0,3183.312134,True,
LOCAL-v1-q3-fixed_positive_bias-5097,3,candidate,13,241.2145579230769,0.02081491705030203,13,1.0,3135.789253,True,
LOCAL-v1-q3-fixed_positive_bias-5098,3,candidate,16,195.54559875,0.04172149999067187,16,1.0,3128.72958,True,
LOCAL-v1-q3-fixed_positive_bias-5099,3,candidate,13,221.54210069230768,0.02714933396782726,13,1.0,2880.047309,True,
LOCAL-v1-q3-fixed_negative_bias-5000,3,candidate,11,282.26433945454545,0.032077708980068564,11,1.0,3104.907734,True,
LOCAL-v1-q3-fixed_negative_bias-5001,3,candidate,14,227.98460821428571,0.0357750830007717,14,1.0,3191.784515,True,
LOCAL-v1-q3-fixed_negative_bias-5002,3,candidate,15,189.8907124,0.03327612509019673,15,1.0,2848.360686,True,
LOCAL-v1-q3-fixed_negative_bias-5003,3,candidate,11,245.4779559090909,0.032896708929911256,11,1.0,2700.257515,True,
LOCAL-v1-q3-fixed_negative_bias-5004,3,candidate,12,264.75247383333334,0.020275457995012403,12,1.0,3177.029686,True,
LOCAL-v1-q3-fixed_negative_bias-5005,3,candidate,11,266.2645953636364,0.023915250087156892,11,1.0,2928.910549,True,
LOCAL-v1-q3-fixed_negative_bias-5006,3,candidate,11,262.16472127272726,0.032282583066262305,11,1.0,2883.811934,True,
LOCAL-v1-q3-fixed_negative_bias-5007,3,candidate,11,265.6004518181818,0.017002166947349906,11,1.0,2921.60497,True,
LOCAL-v1-q3-fixed_negative_bias-5008,3,candidate,10,266.19232619999997,0.018739541061222553,10,1.0,2661.923262,True,
LOCAL-v1-q3-fixed_negative_bias-5009,3,candidate,14,200.180883,0.03247387509327382,14,1.0,2802.532362,True,
LOCAL-v1-q3-fixed_negative_bias-5010,3,candidate,12,216.82102799999998,0.021608042065054178,12,1.0,2601.852336,True,
LOCAL-v1-q3-fixed_negative_bias-5011,3,candidate,15,233.42061819999998,0.03101758297998458,15,1.0,3501.309273,True,
LOCAL-v1-q3-fixed_negative_bias-5012,3,candidate,10,292.5115766,0.022034875000827014,10,1.0,2925.115766,True,
LOCAL-v1-q3-fixed_negative_bias-5013,3,candidate,12,248.36915433333334,0.03322195797227323,12,1.0,2980.429852,True,
LOCAL-v1-q3-fixed_negative_bias-5014,3,candidate,11,249.92249263636361,0.024515333934687078,11,1.0,2749.147419,True,
LOCAL-v1-q3-fixed_negative_bias-5015,3,candidate,12,233.97682591666668,0.03983083402272314,12,1.0,2807.721911,True,
LOCAL-v1-q3-fixed_negative_bias-5016,3,candidate,16,194.171465375,0.04654033307451755,16,1.0,3106.743446,True,
LOCAL-v1-q3-fixed_negative_bias-5017,3,candidate,15,232.9104444666667,0.03661991702392697,15,1.0,3493.656667,True,
LOCAL-v1-q3-fixed_negative_bias-5018,3,candidate,10,298.83325490000004,0.018627541954629123,10,1.0,2988.332549,True,
LOCAL-v1-q3-fixed_negative_bias-5019,3,candidate,11,292.653683,0.021506958990357816,11,1.0,3219.190513,True,
LOCAL-v1-q3-fixed_negative_bias-5020,3,candidate,16,195.4159809375,0.04221879201941192,16,1.0,3126.655695,True,
LOCAL-v1-q3-fixed_negative_bias-5021,3,candidate,14,215.10206364285713,0.02645691705401987,14,1.0,3011.428891,True,
LOCAL-v1-q3-fixed_negative_bias-5022,3,candidate,14,203.53831392857143,0.034561083070002496,14,1.0,2849.536395,True,
LOCAL-v1-q3-fixed_negative_bias-5023,3,candidate,15,207.95585006666667,0.025409208028577268,15,1.0,3119.337751,True,
LOCAL-v1-q3-fixed_negative_bias-5024,3,candidate,13,246.72090238461539,0.03784308291506022,13,1.0,3207.371731,True,
LOCAL-v1-q3-fixed_negative_bias-5025,3,candidate,12,242.30525975,0.03291391592938453,12,1.0,2907.663117,True,
LOCAL-v1-q3-fixed_negative_bias-5026,3,candidate,15,210.84009759999998,0.026637625065632164,15,1.0,3162.601464,True,
LOCAL-v1-q3-fixed_negative_bias-5027,3,candidate,11,283.9836552727273,0.028683083946816623,11,1.0,3123.820208,True,
LOCAL-v1-q3-fixed_negative_bias-5028,3,candidate,10,287.1496067,0.018229583045467734,10,1.0,2871.496067,True,
LOCAL-v1-q3-fixed_negative_bias-5029,3,candidate,11,271.8306768181818,0.022939042071811855,11,1.0,2990.137445,True,
LOCAL-v1-q3-fixed_negative_bias-5030,3,candidate,12,216.47186216666668,0.02530174993444234,12,1.0,2597.662346,True,
LOCAL-v1-q3-fixed_negative_bias-5031,3,candidate,15,183.62747353333333,0.03904570802114904,15,1.0,2754.412103,True,
LOCAL-v1-q3-fixed_negative_bias-5032,3,candidate,11,259.6968411818182,0.0265165000455454,11,1.0,2856.665253,True,
LOCAL-v1-q3-fixed_negative_bias-5033,3,candidate,14,216.15399592857145,0.03217737493105233,14,1.0,3026.155943,True,
LOCAL-v1-q3-fixed_negative_bias-5034,3,candidate,16,169.0173884375,0.039376917062327266,16,1.0,2704.278215,True,
LOCAL-v1-q3-fixed_negative_bias-5035,3,candidate,10,302.1851864,0.012895000050775707,10,1.0,3021.851864,True,
LOCAL-v1-q3-fixed_negative_bias-5036,3,candidate,15,209.7946714,0.03807895805221051,15,1.0,3146.920071,True,
LOCAL-v1-q3-fixed_negative_bias-5037,3,candidate,15,214.5914536,0.043299959041178226,15,1.0,3218.871804,True,
LOCAL-v1-q3-fixed_negative_bias-5038,3,candidate,16,185.191423,0.03982770908623934,16,1.0,2963.062768,True,
LOCAL-v1-q3-fixed_negative_bias-5039,3,candidate,10,319.7863512,0.024741541012190282,10,1.0,3197.863512,True,
LOCAL-v1-q3-fixed_negative_bias-5040,3,candidate,15,226.82601266666668,0.03356320795137435,15,1.0,3402.39019,True,
LOCAL-v1-q3-fixed_negative_bias-5041,3,candidate,15,207.95386493333334,0.042019707965664566,15,1.0,3119.307974,True,
LOCAL-v1-q3-fixed_negative_bias-5042,3,candidate,11,281.52997600000003,0.021867875009775162,11,1.0,3096.829736,True,
LOCAL-v1-q3-fixed_negative_bias-5043,3,candidate,12,248.69813591666664,0.026975249988026917,12,1.0,2984.377631,True,
LOCAL-v1-q3-fixed_negative_bias-5044,3,candidate,11,271.6110883636363,0.026129583013243973,11,1.0,2987.721972,True,
LOCAL-v1-q3-fixed_negative_bias-5045,3,candidate,11,251.42181318181818,0.027610208024270833,11,1.0,2765.639945,True,
LOCAL-v1-q3-fixed_negative_bias-5046,3,candidate,10,271.7699378,0.028776583028957248,10,1.0,2717.699378,True,
LOCAL-v1-q3-fixed_negative_bias-5047,3,candidate,16,199.408317125,0.03320212499238551,16,1.0,3190.533074,True,
LOCAL-v1-q3-fixed_negative_bias-5048,3,candidate,12,250.19135516666665,0.03361895901616663,12,1.0,3002.296262,True,
LOCAL-v1-q3-fixed_negative_bias-5049,3,candidate,10,301.8657253,0.0164052079198882,10,1.0,3018.657253,True,
LOCAL-v1-q3-fixed_negative_bias-5050,3,candidate,15,222.7657278,0.025689958012662828,15,1.0,3341.485917,True,
LOCAL-v1-q3-fixed_negative_bias-5051,3,candidate,11,277.4109797272727,0.019914167001843452,11,1.0,3051.520777,True,
LOCAL-v1-q3-fixed_negative_bias-5052,3,candidate,13,219.1769013846154,0.02774745796341449,13,1.0,2849.299718,True,
LOCAL-v1-q3-fixed_negative_bias-5053,3,candidate,16,218.12232375,0.03747858293354511,16,1.0,3489.95718,True,
LOCAL-v1-q3-fixed_negative_bias-5054,3,candidate,16,220.7970531875,0.04915179102681577,16,1.0,3532.752851,True,
LOCAL-v1-q3-fixed_negative_bias-5055,3,candidate,12,250.166051,0.025869583012536168,12,1.0,3001.992612,True,
LOCAL-v1-q3-fixed_negative_bias-5056,3,candidate,13,236.8723843076923,0.02866737497970462,13,1.0,3079.340996,True,
LOCAL-v1-q3-fixed_negative_bias-5057,3,candidate,13,242.20145976923078,0.01789558306336403,13,1.0,3148.618977,True,
LOCAL-v1-q3-fixed_negative_bias-5058,3,candidate,14,211.90507371428572,0.027868625009432435,14,1.0,2966.671032,True,
LOCAL-v1-q3-fixed_negative_bias-5059,3,candidate,12,241.2399695,0.020478792022913694,12,1.0,2894.879634,True,
LOCAL-v1-q3-fixed_negative_bias-5060,3,candidate,11,257.4509178181818,0.022474167053587735,11,1.0,2831.960096,True,
LOCAL-v1-q3-fixed_negative_bias-5061,3,candidate,13,227.09852246153847,0.031358250067569315,13,1.0,2952.280792,True,
LOCAL-v1-q3-fixed_negative_bias-5062,3,candidate,16,203.292104,0.03729879204183817,16,1.0,3252.673664,True,
LOCAL-v1-q3-fixed_negative_bias-5063,3,candidate,15,213.5605177333333,0.03196604200638831,15,1.0,3203.407766,True,
LOCAL-v1-q3-fixed_negative_bias-5064,3,candidate,13,225.65148530769233,0.030877290992066264,13,1.0,2933.469309,True,
LOCAL-v1-q3-fixed_negative_bias-5065,3,candidate,12,246.685082,0.02129724994301796,12,1.0,2960.220984,True,
LOCAL-v1-q3-fixed_negative_bias-5066,3,candidate,10,253.49252940000002,0.030529499985277653,10,1.0,2534.925294,True,
LOCAL-v1-q3-fixed_negative_bias-5067,3,candidate,16,222.4454444375,0.03784658305812627,16,1.0,3559.127111,True,
LOCAL-v1-q3-fixed_negative_bias-5068,3,candidate,13,213.52304607692307,0.02591870806645602,13,1.0,2775.799599,True,
LOCAL-v1-q3-fixed_negative_bias-5069,3,candidate,14,216.560934,0.03975624998565763,14,1.0,3031.853076,True,
LOCAL-v1-q3-fixed_negative_bias-5070,3,candidate,12,253.62461658333334,0.02023195894435048,12,1.0,3043.495399,True,
LOCAL-v1-q3-fixed_negative_bias-5071,3,candidate,12,260.25130041666665,0.017722541000694036,12,1.0,3123.015605,True,
LOCAL-v1-q3-fixed_negative_bias-5072,3,candidate,15,193.16925106666667,0.03672720794565976,15,1.0,2897.538766,True,
LOCAL-v1-q3-fixed_negative_bias-5073,3,candidate,10,257.101195,0.02074325003195554,10,1.0,2571.01195,True,
LOCAL-v1-q3-fixed_negative_bias-5074,3,candidate,16,222.67749775,0.046258124988526106,16,1.0,3562.839964,True,
LOCAL-v1-q3-fixed_negative_bias-5075,3,candidate,15,200.98246753333333,0.036744709010235965,15,1.0,3014.737013,True,
LOCAL-v1-q3-fixed_negative_bias-5076,3,candidate,12,226.7129675,0.03184133302420378,12,1.0,2720.55561,True,
LOCAL-v1-q3-fixed_negative_bias-5077,3,candidate,14,220.99154314285715,0.03628870809916407,14,1.0,3093.881604,True,
LOCAL-v1-q3-fixed_negative_bias-5078,3,candidate,13,239.657792,0.021927875000983477,13,1.0,3115.551296,True,
LOCAL-v1-q3-fixed_negative_bias-5079,3,candidate,10,290.88825149999997,0.016101540997624397,10,1.0,2908.882515,True,
LOCAL-v1-q3-fixed_negative_bias-5080,3,candidate,10,269.820645,0.012382833054289222,10,1.0,2698.20645,True,
LOCAL-v1-q3-fixed_negative_bias-5081,3,candidate,16,205.91167575,0.0428207500372082,16,1.0,3294.586812,True,
LOCAL-v1-q3-fixed_negative_bias-5082,3,candidate,13,221.2163893846154,0.02552820893470198,13,1.0,2875.813062,True,
LOCAL-v1-q3-fixed_negative_bias-5083,3,candidate,13,233.298122,0.033813958056271076,13,1.0,3032.875586,True,
LOCAL-v1-q3-fixed_negative_bias-5084,3,candidate,14,230.95485749999997,0.034600417013280094,14,1.0,3233.368005,True,
LOCAL-v1-q3-fixed_negative_bias-5085,3,candidate,15,198.07812066666665,0.03634250001050532,15,1.0,2971.17181,True,
LOCAL-v1-q3-fixed_negative_bias-5086,3,candidate,12,244.23898641666665,0.0226917079417035,12,1.0,2930.867837,True,
LOCAL-v1-q3-fixed_negative_bias-5087,3,candidate,13,211.08979146153845,0.028315333067439497,13,1.0,2744.167289,True,
LOCAL-v1-q3-fixed_negative_bias-5088,3,candidate,16,190.78621225,0.03672674996778369,16,1.0,3052.579396,True,
LOCAL-v1-q3-fixed_negative_bias-5089,3,candidate,15,214.58343726666666,0.04445837496314198,15,1.0,3218.751559,True,
LOCAL-v1-q3-fixed_negative_bias-5090,3,candidate,14,219.75544714285712,0.05724483297672123,14,1.0,3076.57626,True,
LOCAL-v1-q3-fixed_negative_bias-5091,3,candidate,12,250.11665316666665,0.03709691599942744,12,1.0,3001.399838,True,
LOCAL-v1-q3-fixed_negative_bias-5092,3,candidate,11,228.01410163636365,0.04073483298998326,11,1.0,2508.155118,True,
LOCAL-v1-q3-fixed_negative_bias-5093,3,candidate,15,209.74584453333333,0.037564666010439396,15,1.0,3146.187668,True,
LOCAL-v1-q3-fixed_negative_bias-5094,3,candidate,11,257.06304754545454,0.03545987489633262,11,1.0,2827.693523,True,
LOCAL-v1-q3-fixed_negative_bias-5095,3,candidate,10,272.04286609999997,0.033853459055535495,10,1.0,2720.428661,True,
LOCAL-v1-q3-fixed_negative_bias-5096,3,candidate,14,230.7404112857143,0.04577083291951567,14,1.0,3230.365758,True,
LOCAL-v1-q3-fixed_negative_bias-5097,3,candidate,13,247.55609792307692,0.021969208028167486,13,1.0,3218.229273,True,
LOCAL-v1-q3-fixed_negative_bias-5098,3,candidate,16,183.102254,0.04118483397178352,16,1.0,2929.636064,True,
LOCAL-v1-q3-fixed_negative_bias-5099,3,candidate,13,221.60727138461536,0.026907750056125224,13,1.0,2880.894528,True,
LOCAL-v1-q3-smooth_shared_field-5000,3,candidate,11,277.0226559090909,0.02841237501706928,11,1.0,3047.249215,True,
LOCAL-v1-q3-smooth_shared_field-5001,3,candidate,14,217.68631092857143,0.035299915936775506,14,1.0,3047.608353,True,
LOCAL-v1-q3-smooth_shared_field-5002,3,candidate,15,190.51352773333335,0.032797374995425344,15,1.0,2857.702916,True,
LOCAL-v1-q3-smooth_shared_field-5003,3,candidate,11,241.77397363636365,0.03787687490694225,11,1.0,2659.51371,True,
LOCAL-v1-q3-smooth_shared_field-5004,3,candidate,12,251.50840691666667,0.02907216700259596,12,1.0,3018.100883,True,
LOCAL-v1-q3-smooth_shared_field-5005,3,candidate,11,267.2611990909091,0.028260917053557932,11,1.0,2939.87319,True,
LOCAL-v1-q3-smooth_shared_field-5006,3,candidate,11,265.8169807272727,0.036658332915976644,11,1.0,2923.986788,True,
LOCAL-v1-q3-smooth_shared_field-5007,3,candidate,11,268.72147990909093,0.01717074995394796,11,1.0,2955.936279,True,
LOCAL-v1-q3-smooth_shared_field-5008,3,candidate,10,262.5182465,0.014956875005736947,10,1.0,2625.182465,True,
LOCAL-v1-q3-smooth_shared_field-5009,3,candidate,14,200.2515632142857,0.03255216695833951,14,1.0,2803.521885,True,
LOCAL-v1-q3-smooth_shared_field-5010,3,candidate,12,220.1272048333333,0.026713000028394163,12,1.0,2641.526458,True,
LOCAL-v1-q3-smooth_shared_field-5011,3,candidate,15,211.81815526666665,0.031109167030081153,15,1.0,3177.272329,True,
LOCAL-v1-q3-smooth_shared_field-5012,3,candidate,10,295.1508806,0.02623208297882229,10,1.0,2951.508806,True,
LOCAL-v1-q3-smooth_shared_field-5013,3,candidate,12,247.02199266666665,0.03517291694879532,12,1.0,2964.263912,True,
LOCAL-v1-q3-smooth_shared_field-5014,3,candidate,11,249.58381236363638,0.024004667066037655,11,1.0,2745.421936,True,
LOCAL-v1-q3-smooth_shared_field-5015,3,candidate,12,244.23696841666666,0.023422457976266742,12,1.0,2930.843621,True,
LOCAL-v1-q3-smooth_shared_field-5016,3,candidate,16,208.1705959375,0.036947290995158255,16,1.0,3330.729535,True,
LOCAL-v1-q3-smooth_shared_field-5017,3,candidate,15,212.04212106666668,0.038103582919575274,15,1.0,3180.631816,True,
LOCAL-v1-q3-smooth_shared_field-5018,3,candidate,10,296.1862664,0.019170125015079975,10,1.0,2961.862664,True,
LOCAL-v1-q3-smooth_shared_field-5019,3,candidate,11,278.1521668181818,0.03113416605629027,11,1.0,3059.673835,True,
LOCAL-v1-q3-smooth_shared_field-5020,3,candidate,16,201.569648375,0.043254374992102385,16,1.0,3225.114374,True,
LOCAL-v1-q3-smooth_shared_field-5021,3,candidate,14,224.61942085714284,0.04570083401631564,14,1.0,3144.671892,True,
LOCAL-v1-q3-smooth_shared_field-5022,3,candidate,14,203.5860185,0.03658570803236216,14,1.0,2850.204259,True,
LOCAL-v1-q3-smooth_shared_field-5023,3,candidate,15,210.9124944666667,0.03237050003372133,15,1.0,3163.687417,True,
LOCAL-v1-q3-smooth_shared_field-5024,3,candidate,13,243.7839727692308,0.027997500030323863,13,1.0,3169.191646,True,
LOCAL-v1-q3-smooth_shared_field-5025,3,candidate,12,241.220508,0.02390166698023677,12,1.0,2894.646096,True,
LOCAL-v1-q3-smooth_shared_field-5026,3,candidate,15,210.92260926666668,0.027899499982595444,15,1.0,3163.839139,True,
LOCAL-v1-q3-smooth_shared_field-5027,3,candidate,11,285.7333786363636,0.019187625031918287,11,1.0,3143.067165,True,
LOCAL-v1-q3-smooth_shared_field-5028,3,candidate,10,283.8320094,0.020373833947815,10,1.0,2838.320094,True,
LOCAL-v1-q3-smooth_shared_field-5029,3,candidate,11,266.1808251818182,0.02167929196730256,11,1.0,2927.989077,True,
LOCAL-v1-q3-smooth_shared_field-5030,3,candidate,12,214.26904541666667,0.024349290993995965,12,1.0,2571.228545,True,
LOCAL-v1-q3-smooth_shared_field-5031,3,candidate,15,183.09160446666667,0.02943591692019254,15,1.0,2746.374067,True,
LOCAL-v1-q3-smooth_shared_field-5032,3,candidate,11,259.7607252727273,0.020612666965462267,11,1.0,2857.367978,True,
LOCAL-v1-q3-smooth_shared_field-5033,3,candidate,14,215.46654728571428,0.0315702089574188,14,1.0,3016.531662,True,
LOCAL-v1-q3-smooth_shared_field-5034,3,candidate,16,174.5818738125,0.03534108295571059,16,1.0,2793.309981,True,
LOCAL-v1-q3-smooth_shared_field-5035,3,candidate,10,289.55859150000003,0.029874415951780975,10,1.0,2895.585915,True,
LOCAL-v1-q3-smooth_shared_field-5036,3,candidate,15,208.94435073333335,0.03969183308072388,15,1.0,3134.165261,True,
LOCAL-v1-q3-smooth_shared_field-5037,3,candidate,15,206.45504626666667,0.03960408398415893,15,1.0,3096.825694,True,
LOCAL-v1-q3-smooth_shared_field-5038,3,candidate,16,188.97431025,0.03656595794018358,16,1.0,3023.588964,True,
LOCAL-v1-q3-smooth_shared_field-5039,3,candidate,10,319.6120254,0.019606332993134856,10,1.0,3196.120254,True,
LOCAL-v1-q3-smooth_shared_field-5040,3,candidate,15,200.70739113333332,0.032540292013436556,15,1.0,3010.610867,True,
LOCAL-v1-q3-smooth_shared_field-5041,3,candidate,15,209.14381899999998,0.040023791952989995,15,1.0,3137.157285,True,
LOCAL-v1-q3-smooth_shared_field-5042,3,candidate,11,278.64249181818184,0.023769209044985473,11,1.0,3065.06741,True,
LOCAL-v1-q3-smooth_shared_field-5043,3,candidate,12,249.21720758333333,0.02393954200670123,12,1.0,2990.606491,True,
LOCAL-v1-q3-smooth_shared_field-5044,3,candidate,11,270.94775663636364,0.02219379204325378,11,1.0,2980.425323,True,
LOCAL-v1-q3-smooth_shared_field-5045,3,candidate,11,255.02819554545457,0.026954500004649162,11,1.0,2805.310151,True,
LOCAL-v1-q3-smooth_shared_field-5046,3,candidate,10,273.1468215,0.0279745829757303,10,1.0,2731.468215,True,
LOCAL-v1-q3-smooth_shared_field-5047,3,candidate,16,197.2582449375,0.030140917049720883,16,1.0,3156.131919,True,
LOCAL-v1-q3-smooth_shared_field-5048,3,candidate,12,247.9590605,0.028158542001619935,12,1.0,2975.508726,True,
LOCAL-v1-q3-smooth_shared_field-5049,3,candidate,10,304.9569852,0.0188354579731822,10,1.0,3049.569852,True,
LOCAL-v1-q3-smooth_shared_field-5050,3,candidate,15,220.5568854,0.02388408302795142,15,1.0,3308.353281,True,
LOCAL-v1-q3-smooth_shared_field-5051,3,candidate,11,277.92416163636364,0.028364792000502348,11,1.0,3057.165778,True,
LOCAL-v1-q3-smooth_shared_field-5052,3,candidate,13,218.85994807692308,0.029623334063217044,13,1.0,2845.179325,True,
LOCAL-v1-q3-smooth_shared_field-5053,3,candidate,16,216.1367579375,0.04078516690060496,16,1.0,3458.188127,True,
LOCAL-v1-q3-smooth_shared_field-5054,3,candidate,16,220.3950596875,0.06613016698975116,16,1.0,3526.320955,True,
LOCAL-v1-q3-smooth_shared_field-5055,3,candidate,12,242.79817966666667,0.0306644169613719,12,1.0,2913.578156,True,
LOCAL-v1-q3-smooth_shared_field-5056,3,candidate,13,247.5918066923077,0.03336712496820837,13,1.0,3218.693487,True,
LOCAL-v1-q3-smooth_shared_field-5057,3,candidate,13,242.27285692307694,0.02546987507957965,13,1.0,3149.54714,True,
LOCAL-v1-q3-smooth_shared_field-5058,3,candidate,14,210.48374585714285,0.034710458014160395,14,1.0,2946.772442,True,
LOCAL-v1-q3-smooth_shared_field-5059,3,candidate,12,241.1005746666667,0.03119333297945559,12,1.0,2893.206896,True,
LOCAL-v1-q3-smooth_shared_field-5060,3,candidate,11,248.73226636363634,0.03804062504786998,11,1.0,2736.05493,True,
LOCAL-v1-q3-smooth_shared_field-5061,3,candidate,13,225.2441816923077,0.03187308297492564,13,1.0,2928.174362,True,
LOCAL-v1-q3-smooth_shared_field-5062,3,candidate,16,203.4238021875,0.044042207999154925,16,1.0,3254.780835,True,
LOCAL-v1-q3-smooth_shared_field-5063,3,candidate,15,212.01729206666667,0.040367749985307455,15,1.0,3180.259381,True,
LOCAL-v1-q3-smooth_shared_field-5064,3,candidate,13,229.7884580769231,0.0339575830148533,13,1.0,2987.249955,True,
LOCAL-v1-q3-smooth_shared_field-5065,3,candidate,12,258.2541625833333,0.039338584057986736,12,1.0,3099.049951,True,
LOCAL-v1-q3-smooth_shared_field-5066,3,candidate,10,258.48367840000003,0.03645058302208781,10,1.0,2584.836784,True,
LOCAL-v1-q3-smooth_shared_field-5067,3,candidate,16,221.0508516875,0.04644987499341369,16,1.0,3536.813627,True,
LOCAL-v1-q3-smooth_shared_field-5068,3,candidate,13,215.1275755384615,0.027841040981002152,13,1.0,2796.658482,True,
LOCAL-v1-q3-smooth_shared_field-5069,3,candidate,14,225.10026764285712,0.03463179199025035,14,1.0,3151.403747,True,
LOCAL-v1-q3-smooth_shared_field-5070,3,candidate,12,254.45162183333332,0.0391957089304924,12,1.0,3053.419462,True,
LOCAL-v1-q3-smooth_shared_field-5071,3,candidate,12,258.1283515,0.01987849990837276,12,1.0,3097.540218,True,
LOCAL-v1-q3-smooth_shared_field-5072,3,candidate,15,193.13852886666666,0.03762187494430691,15,1.0,2897.077933,True,
LOCAL-v1-q3-smooth_shared_field-5073,3,candidate,10,258.12640339999996,0.021241790964268148,10,1.0,2581.264034,True,
LOCAL-v1-q3-smooth_shared_field-5074,3,candidate,16,224.0018510625,0.050442166975699365,16,1.0,3584.029617,True,
LOCAL-v1-q3-smooth_shared_field-5075,3,candidate,15,199.83911559999999,0.03583437507040799,15,1.0,2997.586734,True,
LOCAL-v1-q3-smooth_shared_field-5076,3,candidate,12,229.09999291666668,0.029886125004850328,12,1.0,2749.199915,True,
LOCAL-v1-q3-smooth_shared_field-5077,3,candidate,14,237.85338285714286,0.033923333045095205,14,1.0,3329.94736,True,
LOCAL-v1-q3-smooth_shared_field-5078,3,candidate,13,238.40524499999998,0.022610334097407758,13,1.0,3099.268185,True,
LOCAL-v1-q3-smooth_shared_field-5079,3,candidate,10,295.8764976,0.016270583029836416,10,1.0,2958.764976,True,
LOCAL-v1-q3-smooth_shared_field-5080,3,candidate,10,272.8345966,0.03407141694333404,10,1.0,2728.345966,True,
LOCAL-v1-q3-smooth_shared_field-5081,3,candidate,16,217.252585375,0.05484391702339053,16,1.0,3476.041366,True,
LOCAL-v1-q3-smooth_shared_field-5082,3,candidate,13,220.05603015384617,0.024810750037431717,13,1.0,2860.728392,True,
LOCAL-v1-q3-smooth_shared_field-5083,3,candidate,13,231.90232753846155,0.0342972920043394,13,1.0,3014.730258,True,
LOCAL-v1-q3-smooth_shared_field-5084,3,candidate,14,230.37855885714288,0.039385750074870884,14,1.0,3225.299824,True,
LOCAL-v1-q3-smooth_shared_field-5085,3,candidate,15,197.49161393333333,0.03561341704335064,15,1.0,2962.374209,True,
LOCAL-v1-q3-smooth_shared_field-5086,3,candidate,12,247.28138875,0.020929791033267975,12,1.0,2967.376665,True,
LOCAL-v1-q3-smooth_shared_field-5087,3,candidate,13,212.68707446153846,0.023161624907515943,13,1.0,2764.931968,True,
LOCAL-v1-q3-smooth_shared_field-5088,3,candidate,16,188.8714920625,0.033429250004701316,16,1.0,3021.943873,True,
LOCAL-v1-q3-smooth_shared_field-5089,3,candidate,15,208.5717384666667,0.04427062498871237,15,1.0,3128.576077,True,
LOCAL-v1-q3-smooth_shared_field-5090,3,candidate,14,220.35388685714287,0.050075875013135374,14,1.0,3084.954416,True,
LOCAL-v1-q3-smooth_shared_field-5091,3,candidate,12,250.06338841666664,0.028246542089618742,12,1.0,3000.760661,True,
LOCAL-v1-q3-smooth_shared_field-5092,3,candidate,11,228.93823454545455,0.025387916015461087,11,1.0,2518.32058,True,
LOCAL-v1-q3-smooth_shared_field-5093,3,candidate,15,219.72653566666668,0.029813417000696063,15,1.0,3295.898035,True,
LOCAL-v1-q3-smooth_shared_field-5094,3,candidate,11,255.99356927272729,0.03333704103715718,11,1.0,2815.929262,True,
LOCAL-v1-q3-smooth_shared_field-5095,3,candidate,10,279.5851965,0.02677995793055743,10,1.0,2795.851965,True,
LOCAL-v1-q3-smooth_shared_field-5096,3,candidate,14,232.005371,0.040141250006854534,14,1.0,3248.075194,True,
LOCAL-v1-q3-smooth_shared_field-5097,3,candidate,13,244.80976546153846,0.029578458983451128,13,1.0,3182.526951,True,
LOCAL-v1-q3-smooth_shared_field-5098,3,candidate,16,181.983278375,0.04764699994120747,16,1.0,2911.732454,True,
LOCAL-v1-q3-smooth_shared_field-5099,3,candidate,13,222.87998446153844,0.03311945800669491,13,1.0,2897.439798,True,
LOCAL-v1-q3-cell50_shared_field-5000,3,candidate,11,282.57650854545454,0.037289374973624945,11,1.0,3108.341594,True,
LOCAL-v1-q3-cell50_shared_field-5001,3,candidate,14,222.52641278571429,0.04660100000910461,14,1.0,3115.369779,True,
LOCAL-v1-q3-cell50_shared_field-5002,3,candidate,15,186.86558146666667,0.03515387501101941,15,1.0,2802.983722,True,
LOCAL-v1-q3-cell50_shared_field-5003,3,candidate,11,241.76202945454546,0.036625125096179545,11,1.0,2659.382324,True,
LOCAL-v1-q3-cell50_shared_field-5004,3,candidate,12,253.08560141666666,0.02496574993710965,12,1.0,3037.027217,True,
LOCAL-v1-q3-cell50_shared_field-5005,3,candidate,11,267.6346569090909,0.027159707969985902,11,1.0,2943.981226,True,
LOCAL-v1-q3-cell50_shared_field-5006,3,candidate,11,262.59784654545456,0.03728183393832296,11,1.0,2888.576312,True,
LOCAL-v1-q3-cell50_shared_field-5007,3,candidate,11,265.22397354545456,0.024785249959677458,11,1.0,2917.463709,True,
LOCAL-v1-q3-cell50_shared_field-5008,3,candidate,10,262.0245336,0.01732241699937731,10,1.0,2620.245336,True,
LOCAL-v1-q3-cell50_shared_field-5009,3,candidate,14,200.3002895,0.038656666059978306,14,1.0,2804.204053,True,
LOCAL-v1-q3-cell50_shared_field-5010,3,candidate,12,223.2606140833333,0.035124541958794,12,1.0,2679.127369,True,
LOCAL-v1-q3-cell50_shared_field-5011,3,candidate,15,233.67334086666668,0.030986333964392543,15,1.0,3505.100113,True,
LOCAL-v1-q3-cell50_shared_field-5012,3,candidate,10,301.323108,0.02776579197961837,10,1.0,3013.23108,True,
LOCAL-v1-q3-cell50_shared_field-5013,3,candidate,12,242.8605095833333,0.030572458053939044,12,1.0,2914.326115,True,
LOCAL-v1-q3-cell50_shared_field-5014,3,candidate,11,254.26494109090908,0.02393854095134884,11,1.0,2796.914352,True,
LOCAL-v1-q3-cell50_shared_field-5015,3,candidate,12,220.58551791666665,0.028015500050969422,12,1.0,2647.026215,True,
LOCAL-v1-q3-cell50_shared_field-5016,3,candidate,16,196.6027245,0.04473495902493596,16,1.0,3145.643592,True,
LOCAL-v1-q3-cell50_shared_field-5017,3,candidate,15,218.61598999999998,0.04321487504057586,15,1.0,3279.23985,True,
LOCAL-v1-q3-cell50_shared_field-5018,3,candidate,10,302.6979186,0.01929870794992894,10,1.0,3026.979186,True,
LOCAL-v1-q3-cell50_shared_field-5019,3,candidate,11,282.33783363636365,0.02702604199294001,11,1.0,3105.71617,True,
LOCAL-v1-q3-cell50_shared_field-5020,3,candidate,16,206.5222536875,0.035942790913395584,16,1.0,3304.356059,True,
LOCAL-v1-q3-cell50_shared_field-5021,3,candidate,14,231.76807492857142,0.03657079208642244,14,1.0,3244.753049,True,
LOCAL-v1-q3-cell50_shared_field-5022,3,candidate,14,204.79833157142858,0.02899854106362909,14,1.0,2867.176642,True,
LOCAL-v1-q3-cell50_shared_field-5023,3,candidate,15,197.3401016,0.03016333293635398,15,1.0,2960.101524,True,
LOCAL-v1-q3-cell50_shared_field-5024,3,candidate,13,247.79925553846155,0.0280259579885751,13,1.0,3221.390322,True,
LOCAL-v1-q3-cell50_shared_field-5025,3,candidate,12,235.17955058333334,0.02816099999472499,12,1.0,2822.154607,True,
LOCAL-v1-q3-cell50_shared_field-5026,3,candidate,15,213.97583160000002,0.029492582892999053,15,1.0,3209.637474,True,
LOCAL-v1-q3-cell50_shared_field-5027,3,candidate,11,288.97166427272725,0.023790333070792258,11,1.0,3178.688307,True,
LOCAL-v1-q3-cell50_shared_field-5028,3,candidate,10,290.65842299999997,0.022635833942331374,10,1.0,2906.58423,True,
LOCAL-v1-q3-cell50_shared_field-5029,3,candidate,11,268.7774186363636,0.02772866701707244,11,1.0,2956.551605,True,
LOCAL-v1-q3-cell50_shared_field-5030,3,candidate,12,213.24686975,0.02259299997240305,12,1.0,2558.962437,True,
LOCAL-v1-q3-cell50_shared_field-5031,3,candidate,15,190.8673763333333,0.03472987504210323,15,1.0,2863.010645,True,
LOCAL-v1-q3-cell50_shared_field-5032,3,candidate,11,257.3107569090909,0.026155749917961657,11,1.0,2830.418326,True,
LOCAL-v1-q3-cell50_shared_field-5033,3,candidate,14,215.11211792857142,0.030343333957716823,14,1.0,3011.569651,True,
LOCAL-v1-q3-cell50_shared_field-5034,3,candidate,16,169.445253375,0.034659083001315594,16,1.0,2711.124054,True,
LOCAL-v1-q3-cell50_shared_field-5035,3,candidate,10,300.5997937,0.01547850004862994,10,1.0,3005.997937,True,
LOCAL-v1-q3-cell50_shared_field-5036,3,candidate,15,208.15642966666667,0.03863550000824034,15,1.0,3122.346445,True,
LOCAL-v1-q3-cell50_shared_field-5037,3,candidate,15,209.57416366666666,0.04165333404671401,15,1.0,3143.612455,True,
LOCAL-v1-q3-cell50_shared_field-5038,3,candidate,16,184.367428375,0.04606704192701727,16,1.0,2949.878854,True,
LOCAL-v1-q3-cell50_shared_field-5039,3,candidate,10,314.0042869,0.02377037494443357,10,1.0,3140.042869,True,
LOCAL-v1-q3-cell50_shared_field-5040,3,candidate,15,199.40744086666666,0.03692558303009719,15,1.0,2991.111613,True,
LOCAL-v1-q3-cell50_shared_field-5041,3,candidate,15,207.1017604,0.04602404101751745,15,1.0,3106.526406,True,
LOCAL-v1-q3-cell50_shared_field-5042,3,candidate,11,271.9096723636364,0.025947417016141117,11,1.0,2991.006396,True,
LOCAL-v1-q3-cell50_shared_field-5043,3,candidate,12,237.3734496666667,0.018525582971051335,12,1.0,2848.481396,True,
LOCAL-v1-q3-cell50_shared_field-5044,3,candidate,11,263.75078736363633,0.027272791950963438,11,1.0,2901.258661,True,
LOCAL-v1-q3-cell50_shared_field-5045,3,candidate,11,253.0380280909091,0.025183250079862773,11,1.0,2783.418309,True,
LOCAL-v1-q3-cell50_shared_field-5046,3,candidate,10,272.4559908,0.029174249968491495,10,1.0,2724.559908,True,
LOCAL-v1-q3-cell50_shared_field-5047,3,candidate,16,200.2273274375,0.0318314169999212,16,1.0,3203.637239,True,
LOCAL-v1-q3-cell50_shared_field-5048,3,candidate,12,249.74246541666665,0.03489291702862829,12,1.0,2996.909585,True,
LOCAL-v1-q3-cell50_shared_field-5049,3,candidate,10,298.7743954,0.01954775000922382,10,1.0,2987.743954,True,
LOCAL-v1-q3-cell50_shared_field-5050,3,candidate,15,223.99814853333334,0.02518641692586243,15,1.0,3359.972228,True,
LOCAL-v1-q3-cell50_shared_field-5051,3,candidate,11,277.2762713636364,0.03351758304052055,11,1.0,3050.038985,True,
LOCAL-v1-q3-cell50_shared_field-5052,3,candidate,13,220.5553213076923,0.025236708926968277,13,1.0,2867.219177,True,
LOCAL-v1-q3-cell50_shared_field-5053,3,candidate,16,218.9954211875,0.03955250000581145,16,1.0,3503.926739,True,
LOCAL-v1-q3-cell50_shared_field-5054,3,candidate,16,232.20520125,0.04184058296959847,16,1.0,3715.28322,True,
LOCAL-v1-q3-cell50_shared_field-5055,3,candidate,12,240.47377641666665,0.03162150003481656,12,1.0,2885.685317,True,
LOCAL-v1-q3-cell50_shared_field-5056,3,candidate,13,247.02399084615385,0.030627875006757677,13,1.0,3211.311881,True,
LOCAL-v1-q3-cell50_shared_field-5057,3,candidate,13,239.41387623076923,0.018978749983944,13,1.0,3112.380391,True,
LOCAL-v1-q3-cell50_shared_field-5058,3,candidate,14,212.48146207142855,0.02912924997508526,14,1.0,2974.740469,True,
LOCAL-v1-q3-cell50_shared_field-5059,3,candidate,12,242.49597541666665,0.017449375009164214,12,1.0,2909.951705,True,
LOCAL-v1-q3-cell50_shared_field-5060,3,candidate,11,246.94577472727272,0.03288420906756073,11,1.0,2716.403522,True,
LOCAL-v1-q3-cell50_shared_field-5061,3,candidate,13,224.6099196153846,0.026710790931247175,13,1.0,2919.928955,True,
LOCAL-v1-q3-cell50_shared_field-5062,3,candidate,16,201.901447125,0.02878962503746152,16,1.0,3230.423154,True,
LOCAL-v1-q3-cell50_shared_field-5063,3,candidate,15,212.35109580000002,0.033601334085687995,15,1.0,3185.266437,True,
LOCAL-v1-q3-cell50_shared_field-5064,3,candidate,13,224.11668207692307,0.03402250004000962,13,1.0,2913.516867,True,
LOCAL-v1-q3-cell50_shared_field-5065,3,candidate,12,250.65835825,0.030824540997855365,12,1.0,3007.900299,True,
LOCAL-v1-q3-cell50_shared_field-5066,3,candidate,10,257.09846269999997,0.03103783307597041,10,1.0,2570.984627,True,
LOCAL-v1-q3-cell50_shared_field-5067,3,candidate,16,202.515311,0.043450042023323476,16,1.0,3240.244976,True,
LOCAL-v1-q3-cell50_shared_field-5068,3,candidate,13,218.49926392307694,0.0322701659752056,13,1.0,2840.490431,True,
LOCAL-v1-q3-cell50_shared_field-5069,3,candidate,14,215.8991695,0.03357508406043053,14,1.0,3022.588373,True,
LOCAL-v1-q3-cell50_shared_field-5070,3,candidate,12,263.99321333333336,0.031826416961848736,12,1.0,3167.91856,True,
LOCAL-v1-q3-cell50_shared_field-5071,3,candidate,12,260.8806270833333,0.02139512507710606,12,1.0,3130.567525,True,
LOCAL-v1-q3-cell50_shared_field-5072,3,candidate,15,191.4281303333333,0.04285637498833239,15,1.0,2871.421955,True,
LOCAL-v1-q3-cell50_shared_field-5073,3,candidate,10,259.5513718,0.023413458024151623,10,1.0,2595.513718,True,
LOCAL-v1-q3-cell50_shared_field-5074,3,candidate,16,221.013172125,0.04313999996520579,16,1.0,3536.210754,True,
LOCAL-v1-q3-cell50_shared_field-5075,3,candidate,15,199.33167246666665,0.03262729197740555,15,1.0,2989.975087,True,
LOCAL-v1-q3-cell50_shared_field-5076,3,candidate,12,233.61825108333335,0.030443666968494654,12,1.0,2803.419013,True,
LOCAL-v1-q3-cell50_shared_field-5077,3,candidate,14,234.6893097857143,0.03363049996551126,14,1.0,3285.650337,True,
LOCAL-v1-q3-cell50_shared_field-5078,3,candidate,13,236.26883007692308,0.02812633302528411,13,1.0,3071.494791,True,
LOCAL-v1-q3-cell50_shared_field-5079,3,candidate,10,293.97730190000004,0.022179292049258947,10,1.0,2939.773019,True,
LOCAL-v1-q3-cell50_shared_field-5080,3,candidate,10,269.24448309999997,0.020716709084808826,10,1.0,2692.444831,True,
LOCAL-v1-q3-cell50_shared_field-5081,3,candidate,16,203.050953875,0.03844924992881715,16,1.0,3248.815262,True,
LOCAL-v1-q3-cell50_shared_field-5082,3,candidate,13,218.29469038461536,0.01879258407279849,13,1.0,2837.830975,True,
LOCAL-v1-q3-cell50_shared_field-5083,3,candidate,13,232.27012823076925,0.03654354205355048,13,1.0,3019.511667,True,
LOCAL-v1-q3-cell50_shared_field-5084,3,candidate,14,245.0701755,0.035863916971720755,14,1.0,3430.982457,True,
LOCAL-v1-q3-cell50_shared_field-5085,3,candidate,15,195.02307693333333,0.0388391250744462,15,1.0,2925.346154,True,
LOCAL-v1-q3-cell50_shared_field-5086,3,candidate,12,244.31950675,0.027051666984334588,12,1.0,2931.834081,True,
LOCAL-v1-q3-cell50_shared_field-5087,3,candidate,13,190.13949115384614,0.027115624980069697,13,1.0,2471.813385,True,
LOCAL-v1-q3-cell50_shared_field-5088,3,candidate,16,187.462781375,0.03651466604787856,16,1.0,2999.404502,True,
LOCAL-v1-q3-cell50_shared_field-5089,3,candidate,15,206.47110393333332,0.03754041704814881,15,1.0,3097.066559,True,
LOCAL-v1-q3-cell50_shared_field-5090,3,candidate,14,221.06381064285713,0.036022291984409094,14,1.0,3094.893349,True,
LOCAL-v1-q3-cell50_shared_field-5091,3,candidate,12,250.95811700000002,0.038232583086937666,12,1.0,3011.497404,True,
LOCAL-v1-q3-cell50_shared_field-5092,3,candidate,11,225.6447321818182,0.03872670792043209,11,1.0,2482.092054,True,
LOCAL-v1-q3-cell50_shared_field-5093,3,candidate,15,221.3008684,0.03615724993869662,15,1.0,3319.513026,True,
LOCAL-v1-q3-cell50_shared_field-5094,3,candidate,11,256.04792754545457,0.03695404203608632,11,1.0,2816.527203,True,
LOCAL-v1-q3-cell50_shared_field-5095,3,candidate,10,276.71533650000003,0.0245574580039829,10,1.0,2767.153365,True,
LOCAL-v1-q3-cell50_shared_field-5096,3,candidate,14,218.06274364285716,0.05170425004325807,14,1.0,3052.878411,True,
LOCAL-v1-q3-cell50_shared_field-5097,3,candidate,13,242.47588984615385,0.02406454097945243,13,1.0,3152.186568,True,
LOCAL-v1-q3-cell50_shared_field-5098,3,candidate,16,181.2379425,0.05291337496601045,16,1.0,2899.80708,True,
LOCAL-v1-q3-cell50_shared_field-5099,3,candidate,13,218.44265430769232,0.02807587501592934,13,1.0,2839.754506,True,
LOCAL-v1-q3-cell500_shared_field-5000,3,candidate,11,282.720209,0.03492070909123868,11,1.0,3109.922299,True,
LOCAL-v1-q3-cell500_shared_field-5001,3,candidate,14,216.71188885714287,0.04134362505283207,14,1.0,3033.966444,True,
LOCAL-v1-q3-cell500_shared_field-5002,3,candidate,15,187.80082273333335,0.03725295793265104,15,1.0,2817.012341,True,
LOCAL-v1-q3-cell500_shared_field-5003,3,candidate,11,238.8359989090909,0.03249720798339695,11,1.0,2627.195988,True,
LOCAL-v1-q3-cell500_shared_field-5004,3,candidate,12,253.89882291666666,0.029021917027421296,12,1.0,3046.785875,True,
LOCAL-v1-q3-cell500_shared_field-5005,3,candidate,11,272.0531691818182,0.023071000003255904,11,1.0,2992.584861,True,
LOCAL-v1-q3-cell500_shared_field-5006,3,candidate,11,260.19731654545456,0.03193162498064339,11,1.0,2862.170482,True,
LOCAL-v1-q3-cell500_shared_field-5007,3,candidate,11,265.6118936363636,0.013520082924515009,11,1.0,2921.73083,True,
LOCAL-v1-q3-cell500_shared_field-5008,3,candidate,10,264.9847226,0.018291582935489714,10,1.0,2649.847226,True,
LOCAL-v1-q3-cell500_shared_field-5009,3,candidate,14,199.84448457142858,0.034386209095828235,14,1.0,2797.822784,True,
LOCAL-v1-q3-cell500_shared_field-5010,3,candidate,12,224.73424691666665,0.024260459002107382,12,1.0,2696.810963,True,
LOCAL-v1-q3-cell500_shared_field-5011,3,candidate,15,236.97218546666667,0.035124458954669535,15,1.0,3554.582782,True,
LOCAL-v1-q3-cell500_shared_field-5012,3,candidate,10,292.2990015,0.03241391689516604,10,1.0,2922.990015,True,
LOCAL-v1-q3-cell500_shared_field-5013,3,candidate,12,245.4294838333333,0.04645266605075449,12,1.0,2945.153806,True,
LOCAL-v1-q3-cell500_shared_field-5014,3,candidate,11,251.33457818181816,0.0300666670082137,11,1.0,2764.68036,True,
LOCAL-v1-q3-cell500_shared_field-5015,3,candidate,12,220.65306083333334,0.03733479103539139,12,1.0,2647.83673,True,
LOCAL-v1-q3-cell500_shared_field-5016,3,candidate,16,190.2463090625,0.055255374987609684,16,1.0,3043.940945,True,
LOCAL-v1-q3-cell500_shared_field-5017,3,candidate,15,226.55419546666664,0.0501715000718832,15,1.0,3398.312932,True,
LOCAL-v1-q3-cell500_shared_field-5018,3,candidate,10,299.1786917,0.019801874994300306,10,1.0,2991.786917,True,
LOCAL-v1-q3-cell500_shared_field-5019,3,candidate,11,281.91110572727274,0.027271541999652982,11,1.0,3101.022163,True,
LOCAL-v1-q3-cell500_shared_field-5020,3,candidate,16,205.92076925,0.044698124984279275,16,1.0,3294.732308,True,
LOCAL-v1-q3-cell500_shared_field-5021,3,candidate,14,230.1362792142857,0.03319037496112287,14,1.0,3221.907909,True,
LOCAL-v1-q3-cell500_shared_field-5022,3,candidate,14,203.44906614285716,0.03501516592223197,14,1.0,2848.286926,True,
LOCAL-v1-q3-cell500_shared_field-5023,3,candidate,15,197.13803420000002,0.03328458301257342,15,1.0,2957.070513,True,
LOCAL-v1-q3-cell500_shared_field-5024,3,candidate,13,236.734273,0.03354862495325506,13,1.0,3077.545549,True,
LOCAL-v1-q3-cell500_shared_field-5025,3,candidate,12,234.04488508333336,0.03368120908271521,12,1.0,2808.538621,True,
LOCAL-v1-q3-cell500_shared_field-5026,3,candidate,15,213.00001486666667,0.031351457932032645,15,1.0,3195.000223,True,
LOCAL-v1-q3-cell500_shared_field-5027,3,candidate,11,290.6427312727273,0.026942000025883317,11,1.0,3197.070044,True,
LOCAL-v1-q3-cell500_shared_field-5028,3,candidate,10,282.6631908,0.019205791992135346,10,1.0,2826.631908,True,
LOCAL-v1-q3-cell500_shared_field-5029,3,candidate,11,268.32027863636364,0.02493829105515033,11,1.0,2951.523065,True,
LOCAL-v1-q3-cell500_shared_field-5030,3,candidate,12,212.97225958333334,0.017964458093047142,12,1.0,2555.667115,True,
LOCAL-v1-q3-cell500_shared_field-5031,3,candidate,15,191.1384082,0.09503570792730898,15,1.0,2867.076123,True,
LOCAL-v1-q3-cell500_shared_field-5032,3,candidate,11,262.35878654545456,0.12316183396615088,11,1.0,2885.946652,True,
LOCAL-v1-q3-cell500_shared_field-5033,3,candidate,14,214.6774785,0.10635287500917912,14,1.0,3005.484699,True,
LOCAL-v1-q3-cell500_shared_field-5034,3,candidate,16,167.9678835625,0.07267283299006522,16,1.0,2687.486137,True,
LOCAL-v1-q3-cell500_shared_field-5035,3,candidate,10,301.6179287,0.06762387498747557,10,1.0,3016.179287,True,
LOCAL-v1-q3-cell500_shared_field-5036,3,candidate,15,209.39822633333333,0.051595333963632584,15,1.0,3140.973395,True,
LOCAL-v1-q3-cell500_shared_field-5037,3,candidate,15,208.13186480000002,0.0597467499319464,15,1.0,3121.977972,True,
LOCAL-v1-q3-cell500_shared_field-5038,3,candidate,16,186.5691155,0.038024417008273304,16,1.0,2985.105848,True,
LOCAL-v1-q3-cell500_shared_field-5039,3,candidate,10,311.2239662,0.017512083984911442,10,1.0,3112.239662,True,
LOCAL-v1-q3-cell500_shared_field-5040,3,candidate,15,202.5604242,0.03377524996176362,15,1.0,3038.406363,True,
LOCAL-v1-q3-cell500_shared_field-5041,3,candidate,15,208.102104,0.04167354095261544,15,1.0,3121.53156,True,
LOCAL-v1-q3-cell500_shared_field-5042,3,candidate,11,271.4840507272727,0.024205458001233637,11,1.0,2986.324558,True,
LOCAL-v1-q3-cell500_shared_field-5043,3,candidate,12,253.93900008333333,0.025613000034354627,12,1.0,3047.268001,True,
LOCAL-v1-q3-cell500_shared_field-5044,3,candidate,11,264.256308,0.03298741695471108,11,1.0,2906.819388,True,
LOCAL-v1-q3-cell500_shared_field-5045,3,candidate,11,254.54566345454543,0.03434579190798104,11,1.0,2800.002298,True,
LOCAL-v1-q3-cell500_shared_field-5046,3,candidate,10,269.9747038,0.029674042016267776,10,1.0,2699.747038,True,
LOCAL-v1-q3-cell500_shared_field-5047,3,candidate,16,198.6798521875,0.04292995808646083,16,1.0,3178.877635,True,
LOCAL-v1-q3-cell500_shared_field-5048,3,candidate,12,248.86875999999998,0.03860129206441343,12,1.0,2986.42512,True,
LOCAL-v1-q3-cell500_shared_field-5049,3,candidate,10,289.4531455,0.021949916961602867,10,1.0,2894.531455,True,
LOCAL-v1-q3-cell500_shared_field-5050,3,candidate,15,225.62338913333332,0.02902137499768287,15,1.0,3384.350837,True,
LOCAL-v1-q3-cell500_shared_field-5051,3,candidate,11,273.8309491818182,0.02559191605541855,11,1.0,3012.140441,True,
LOCAL-v1-q3-cell500_shared_field-5052,3,candidate,13,217.6298283846154,0.02449175005313009,13,1.0,2829.187769,True,
LOCAL-v1-q3-cell500_shared_field-5053,3,candidate,16,219.62896475,0.037157375016249716,16,1.0,3514.063436,True,
LOCAL-v1-q3-cell500_shared_field-5054,3,candidate,16,232.8594425625,0.04587954201269895,16,1.0,3725.751081,True,
LOCAL-v1-q3-cell500_shared_field-5055,3,candidate,12,237.96236258333332,0.025833708001300693,12,1.0,2855.548351,True,
LOCAL-v1-q3-cell500_shared_field-5056,3,candidate,13,244.13994207692306,0.028381458017975092,13,1.0,3173.819247,True,
LOCAL-v1-q3-cell500_shared_field-5057,3,candidate,13,242.65041484615386,0.02941537497099489,13,1.0,3154.455393,True,
LOCAL-v1-q3-cell500_shared_field-5058,3,candidate,14,217.11833185714286,0.028778707957826555,14,1.0,3039.656646,True,
LOCAL-v1-q3-cell500_shared_field-5059,3,candidate,12,241.39944358333332,0.02476091601420194,12,1.0,2896.793323,True,
LOCAL-v1-q3-cell500_shared_field-5060,3,candidate,11,257.23815963636366,0.02258162503130734,11,1.0,2829.619756,True,
LOCAL-v1-q3-cell500_shared_field-5061,3,candidate,13,225.09359738461538,0.03115258296020329,13,1.0,2926.216766,True,
LOCAL-v1-q3-cell500_shared_field-5062,3,candidate,16,201.5221889375,0.04111687501426786,16,1.0,3224.355023,True,
LOCAL-v1-q3-cell500_shared_field-5063,3,candidate,15,212.24311526666668,0.03834158298559487,15,1.0,3183.646729,True,
LOCAL-v1-q3-cell500_shared_field-5064,3,candidate,13,225.38087823076924,0.03578087501227856,13,1.0,2929.951417,True,
LOCAL-v1-q3-cell500_shared_field-5065,3,candidate,12,248.69627849999998,0.03266429202631116,12,1.0,2984.355342,True,
LOCAL-v1-q3-cell500_shared_field-5066,3,candidate,10,256.3709702,0.03813062503468245,10,1.0,2563.709702,True,
LOCAL-v1-q3-cell500_shared_field-5067,3,candidate,16,198.2193971875,0.043981124996207654,16,1.0,3171.510355,True,
LOCAL-v1-q3-cell500_shared_field-5068,3,candidate,13,212.39283807692306,0.027069667004980147,13,1.0,2761.106895,True,
LOCAL-v1-q3-cell500_shared_field-5069,3,candidate,14,216.78347371428572,0.02898350008763373,14,1.0,3034.968632,True,
LOCAL-v1-q3-cell500_shared_field-5070,3,candidate,12,261.4818793333333,0.02797141601331532,12,1.0,3137.782552,True,
LOCAL-v1-q3-cell500_shared_field-5071,3,candidate,12,260.1313115,0.02409083303064108,12,1.0,3121.575738,True,
LOCAL-v1-q3-cell500_shared_field-5072,3,candidate,15,192.22127086666666,0.0390536249615252,15,1.0,2883.319063,True,
LOCAL-v1-q3-cell500_shared_field-5073,3,candidate,10,265.0401855,0.02407591592054814,10,1.0,2650.401855,True,
LOCAL-v1-q3-cell500_shared_field-5074,3,candidate,16,216.975109,0.05318283289670944,16,1.0,3471.601744,True,
LOCAL-v1-q3-cell500_shared_field-5075,3,candidate,15,199.663069,0.03975045797415078,15,1.0,2994.946035,True,
LOCAL-v1-q3-cell500_shared_field-5076,3,candidate,12,231.59963316666665,0.03401499998290092,12,1.0,2779.195598,True,
LOCAL-v1-q3-cell500_shared_field-5077,3,candidate,14,228.34989814285714,0.04790158395189792,14,1.0,3196.898574,True,
LOCAL-v1-q3-cell500_shared_field-5078,3,candidate,13,239.77511623076924,0.0405520829372108,13,1.0,3117.076511,True,
LOCAL-v1-q3-cell500_shared_field-5079,3,candidate,10,291.3357515,0.021330791991204023,10,1.0,2913.357515,True,
LOCAL-v1-q3-cell500_shared_field-5080,3,candidate,10,268.6422032,0.02605183399282396,10,1.0,2686.422032,True,
LOCAL-v1-q3-cell500_shared_field-5081,3,candidate,16,202.3710358125,0.03864449996035546,16,1.0,3237.936573,True,
LOCAL-v1-q3-cell500_shared_field-5082,3,candidate,13,219.5556623076923,0.026477416045963764,13,1.0,2854.22361,True,
LOCAL-v1-q3-cell500_shared_field-5083,3,candidate,13,232.20826176923077,0.04734375001862645,13,1.0,3018.707403,True,
LOCAL-v1-q3-cell500_shared_field-5084,3,candidate,14,241.2355937142857,0.04332287504803389,14,1.0,3377.298312,True,
LOCAL-v1-q3-cell500_shared_field-5085,3,candidate,15,201.10982926666665,0.0572718339972198,15,1.0,3016.647439,True,
LOCAL-v1-q3-cell500_shared_field-5086,3,candidate,12,248.63632441666667,0.03210583399049938,12,1.0,2983.635893,True,
LOCAL-v1-q3-cell500_shared_field-5087,3,candidate,13,191.69011653846155,0.028623500023968518,13,1.0,2491.971515,True,
LOCAL-v1-q3-cell500_shared_field-5088,3,candidate,16,187.5590141875,0.03762262500822544,16,1.0,3000.944227,True,
LOCAL-v1-q3-cell500_shared_field-5089,3,candidate,15,206.35926400000002,0.040812041028402746,15,1.0,3095.38896,True,
LOCAL-v1-q3-cell500_shared_field-5090,3,candidate,14,218.65110042857143,0.04083749989513308,14,1.0,3061.115406,True,
LOCAL-v1-q3-cell500_shared_field-5091,3,candidate,12,250.3836149166667,0.03849429206456989,12,1.0,3004.603379,True,
LOCAL-v1-q3-cell500_shared_field-5092,3,candidate,11,226.62331218181816,0.03940141701605171,11,1.0,2492.856434,True,
LOCAL-v1-q3-cell500_shared_field-5093,3,candidate,15,217.9924806,0.024884540936909616,15,1.0,3269.887209,True,
LOCAL-v1-q3-cell500_shared_field-5094,3,candidate,11,253.74052372727274,0.03432666603475809,11,1.0,2791.145761,True,
LOCAL-v1-q3-cell500_shared_field-5095,3,candidate,10,280.006863,0.03275170794222504,10,1.0,2800.06863,True,
LOCAL-v1-q3-cell500_shared_field-5096,3,candidate,14,216.16714071428572,0.04101787495892495,14,1.0,3026.33997,True,
LOCAL-v1-q3-cell500_shared_field-5097,3,candidate,13,241.6790726923077,0.023369292030110955,13,1.0,3141.827945,True,
LOCAL-v1-q3-cell500_shared_field-5098,3,candidate,16,180.761844375,0.04280054196715355,16,1.0,2892.18951,True,
LOCAL-v1-q3-cell500_shared_field-5099,3,candidate,13,220.5444496153846,0.041448208037763834,13,1.0,2867.077845,True,
LOCAL-v1-q3-edge_mixed_min_radius-5000,3,candidate,11,323.8622368181818,0.034614707925356925,11,1.0,3562.484605,True,
LOCAL-v1-q3-edge_mixed_min_radius-5001,3,candidate,14,246.60500642857141,0.03609654202591628,14,1.0,3452.47009,True,
LOCAL-v1-q3-edge_mixed_min_radius-5002,3,candidate,15,261.43468846666667,0.06688858289271593,15,1.0,3921.520327,True,
LOCAL-v1-q3-edge_mixed_min_radius-5003,3,candidate,11,322.2560320909091,0.03556658292654902,11,1.0,3544.816353,True,
LOCAL-v1-q3-edge_mixed_min_radius-5004,3,candidate,12,283.0854278333333,0.02830291702412069,12,1.0,3397.025134,True,
LOCAL-v1-q3-edge_mixed_min_radius-5005,3,candidate,11,348.8160337272727,0.02001487510278821,11,1.0,3836.976371,True,
LOCAL-v1-q3-edge_mixed_min_radius-5006,3,candidate,11,299.1249577272727,0.037785041029565036,11,1.0,3290.374535,True,
LOCAL-v1-q3-edge_mixed_min_radius-5007,3,candidate,11,301.51015690909094,0.03809050004929304,11,1.0,3316.611726,True,
LOCAL-v1-q3-edge_mixed_min_radius-5008,3,candidate,10,377.3736063,0.04134091595187783,10,1.0,3773.736063,True,
LOCAL-v1-q3-edge_mixed_min_radius-5009,3,candidate,14,248.95849392857144,0.034944499959237874,14,1.0,3485.418915,True,
LOCAL-v1-q3-edge_mixed_min_radius-5010,3,candidate,12,298.03496475000003,0.02950395899824798,12,1.0,3576.419577,True,
LOCAL-v1-q3-edge_mixed_min_radius-5011,3,candidate,15,252.6886539333333,0.05668183392845094,15,1.0,3790.329809,True,
LOCAL-v1-q3-edge_mixed_min_radius-5012,3,candidate,10,316.8064554,0.030469459015876055,10,1.0,3168.064554,True,
LOCAL-v1-q3-edge_mixed_min_radius-5013,3,candidate,12,309.6498785833333,0.03600695892237127,12,1.0,3715.798543,True,
LOCAL-v1-q3-edge_mixed_min_radius-5014,3,candidate,11,328.94826018181817,0.026791167096234858,11,1.0,3618.430862,True,
LOCAL-v1-q3-edge_mixed_min_radius-5015,3,candidate,12,283.15724933333337,0.030969499959610403,12,1.0,3397.886992,True,
LOCAL-v1-q3-edge_mixed_min_radius-5016,3,candidate,16,222.0405631875,0.0616823339369148,16,1.0,3552.649011,True,
LOCAL-v1-q3-edge_mixed_min_radius-5017,3,candidate,15,257.7720744,0.04260279203299433,15,1.0,3866.581116,True,
LOCAL-v1-q3-edge_mixed_min_radius-5018,3,candidate,10,323.2129476,0.02634912496432662,10,1.0,3232.129476,True,
LOCAL-v1-q3-edge_mixed_min_radius-5019,3,candidate,11,289.4064800909091,0.020622167037799954,11,1.0,3183.471281,True,
LOCAL-v1-q3-edge_mixed_min_radius-5020,3,candidate,16,205.75309125,0.03956262499559671,16,1.0,3292.04946,True,
LOCAL-v1-q3-edge_mixed_min_radius-5021,3,candidate,14,250.96209714285715,0.045963749988004565,14,1.0,3513.46936,True,
LOCAL-v1-q3-edge_mixed_min_radius-5022,3,candidate,14,246.15244957142858,0.04664508404675871,14,1.0,3446.134294,True,
LOCAL-v1-q3-edge_mixed_min_radius-5023,3,candidate,15,239.99578333333332,0.05016516603063792,15,1.0,3599.93675,True,
LOCAL-v1-q3-edge_mixed_min_radius-5024,3,candidate,13,273.953495,0.030691749998368323,13,1.0,3561.395435,True,
LOCAL-v1-q3-edge_mixed_min_radius-5025,3,candidate,12,318.81322325,0.03241754206828773,12,1.0,3825.758679,True,
LOCAL-v1-q3-edge_mixed_min_radius-5026,3,candidate,15,250.0836362,0.03845754102803767,15,1.0,3751.254543,True,
LOCAL-v1-q3-edge_mixed_min_radius-5027,3,candidate,11,322.383452,0.0280017500044778,11,1.0,3546.217972,True,
LOCAL-v1-q3-edge_mixed_min_radius-5028,3,candidate,10,329.0295567,0.032953333924524486,10,1.0,3290.295567,True,
LOCAL-v1-q3-edge_mixed_min_radius-5029,3,candidate,11,319.14620063636363,0.03745041706133634,11,1.0,3510.608207,True,
LOCAL-v1-q3-edge_mixed_min_radius-5030,3,candidate,12,289.20903549999997,0.031814207904972136,12,1.0,3470.508426,True,
LOCAL-v1-q3-edge_mixed_min_radius-5031,3,candidate,15,245.6532662,0.043176000006496906,15,1.0,3684.798993,True,
LOCAL-v1-q3-edge_mixed_min_radius-5032,3,candidate,11,305.3476497272727,0.03110408305656165,11,1.0,3358.824147,True,
LOCAL-v1-q3-edge_mixed_min_radius-5033,3,candidate,14,255.7098112142857,0.035113833961077034,14,1.0,3579.937357,True,
LOCAL-v1-q3-edge_mixed_min_radius-5034,3,candidate,16,240.562183375,0.04848154203500599,16,1.0,3848.994934,True,
LOCAL-v1-q3-edge_mixed_min_radius-5035,3,candidate,10,322.43047160000003,0.027382582891732454,10,1.0,3224.304716,True,
LOCAL-v1-q3-edge_mixed_min_radius-5036,3,candidate,15,257.1754345333333,0.03597595798783004,15,1.0,3857.631518,True,
LOCAL-v1-q3-edge_mixed_min_radius-5037,3,candidate,15,238.28519593333334,0.038409207947552204,15,1.0,3574.277939,True,
LOCAL-v1-q3-edge_mixed_min_radius-5038,3,candidate,16,257.8872359375,0.06777016597334296,16,1.0,4126.195775,True,
LOCAL-v1-q3-edge_mixed_min_radius-5039,3,candidate,10,344.9363905,0.037207916961051524,10,1.0,3449.363905,True,
LOCAL-v1-q3-edge_mixed_min_radius-5040,3,candidate,15,234.47299473333334,0.08412499993573874,15,1.0,3517.094921,True,
LOCAL-v1-q3-edge_mixed_min_radius-5041,3,candidate,15,229.44379433333333,0.05647841701284051,15,1.0,3441.656915,True,
LOCAL-v1-q3-edge_mixed_min_radius-5042,3,candidate,11,331.3784657272727,0.06136795796919614,11,1.0,3645.163123,True,
LOCAL-v1-q3-edge_mixed_min_radius-5043,3,candidate,12,307.1023479166667,0.06657583289779723,12,1.0,3685.228175,True,
LOCAL-v1-q3-edge_mixed_min_radius-5044,3,candidate,11,311.04577554545455,0.029320791945792735,11,1.0,3421.503531,True,
LOCAL-v1-q3-edge_mixed_min_radius-5045,3,candidate,11,304.7617012727273,0.04256995802279562,11,1.0,3352.378714,True,
LOCAL-v1-q3-edge_mixed_min_radius-5046,3,candidate,10,318.3302417,0.03008279192727059,10,1.0,3183.302417,True,
LOCAL-v1-q3-edge_mixed_min_radius-5047,3,candidate,16,239.8548221875,0.05728933308273554,16,1.0,3837.677155,True,
LOCAL-v1-q3-edge_mixed_min_radius-5048,3,candidate,12,308.4958960833333,0.05285791598726064,12,1.0,3701.950753,True,
LOCAL-v1-q3-edge_mixed_min_radius-5049,3,candidate,10,346.1914594,0.04058454104233533,10,1.0,3461.914594,True,
LOCAL-v1-q3-edge_mixed_min_radius-5050,3,candidate,15,227.58386706666667,0.04905570799019188,15,1.0,3413.758006,True,
LOCAL-v1-q3-edge_mixed_min_radius-5051,3,candidate,11,344.2503812727273,0.030846333946101367,11,1.0,3786.754194,True,
LOCAL-v1-q3-edge_mixed_min_radius-5052,3,candidate,13,268.1790129230769,0.043249167036265135,13,1.0,3486.327168,True,
LOCAL-v1-q3-edge_mixed_min_radius-5053,3,candidate,16,219.119466375,0.06300379196181893,16,1.0,3505.911462,True,
LOCAL-v1-q3-edge_mixed_min_radius-5054,3,candidate,16,206.2462290625,0.045399249996989965,16,1.0,3299.939665,True,
LOCAL-v1-q3-edge_mixed_min_radius-5055,3,candidate,12,268.4680856666667,0.030458708992227912,12,1.0,3221.617028,True,
LOCAL-v1-q3-edge_mixed_min_radius-5056,3,candidate,13,243.94799007692308,0.038189625018276274,13,1.0,3171.323871,True,
LOCAL-v1-q3-edge_mixed_min_radius-5057,3,candidate,13,274.39878107692306,0.05035099992528558,13,1.0,3567.184154,True,
LOCAL-v1-q3-edge_mixed_min_radius-5058,3,candidate,14,260.9873750714286,0.045471415971405804,14,1.0,3653.823251,True,
LOCAL-v1-q3-edge_mixed_min_radius-5059,3,candidate,12,293.4711275833333,0.03778316709212959,12,1.0,3521.653531,True,
LOCAL-v1-q3-edge_mixed_min_radius-5060,3,candidate,11,303.7867785454545,0.02662587503436953,11,1.0,3341.654564,True,
LOCAL-v1-q3-edge_mixed_min_radius-5061,3,candidate,13,279.61299,0.033795124967582524,13,1.0,3634.96887,True,
LOCAL-v1-q3-edge_mixed_min_radius-5062,3,candidate,16,216.3556991875,0.03520258399657905,16,1.0,3461.691187,True,
LOCAL-v1-q3-edge_mixed_min_radius-5063,3,candidate,15,258.3619836666667,0.029996042023412883,15,1.0,3875.429755,True,
LOCAL-v1-q3-edge_mixed_min_radius-5064,3,candidate,13,262.1958594615385,0.03199354198295623,13,1.0,3408.546173,True,
LOCAL-v1-q3-edge_mixed_min_radius-5065,3,candidate,12,284.66495883333334,0.03747612505685538,12,1.0,3415.979506,True,
LOCAL-v1-q3-edge_mixed_min_radius-5066,3,candidate,10,368.27984849999996,0.0603492499794811,10,1.0,3682.798485,True,
LOCAL-v1-q3-edge_mixed_min_radius-5067,3,candidate,16,241.486350875,0.041685207979753613,16,1.0,3863.781614,True,
LOCAL-v1-q3-edge_mixed_min_radius-5068,3,candidate,13,267.5582180769231,0.029920916073024273,13,1.0,3478.256835,True,
LOCAL-v1-q3-edge_mixed_min_radius-5069,3,candidate,14,245.9673797857143,0.04882912500761449,14,1.0,3443.543317,True,
LOCAL-v1-q3-edge_mixed_min_radius-5070,3,candidate,12,274.89153691666667,0.040776124922558665,12,1.0,3298.698443,True,
LOCAL-v1-q3-edge_mixed_min_radius-5071,3,candidate,12,298.5114243333333,0.04016716603655368,12,1.0,3582.137092,True,
LOCAL-v1-q3-edge_mixed_min_radius-5072,3,candidate,15,248.8857861333333,0.03976987500209361,15,1.0,3733.286792,True,
LOCAL-v1-q3-edge_mixed_min_radius-5073,3,candidate,10,330.6651969,0.024580333032645285,10,1.0,3306.651969,True,
LOCAL-v1-q3-edge_mixed_min_radius-5074,3,candidate,16,258.9494696875,0.03879850008524954,16,1.0,4143.191515,True,
LOCAL-v1-q3-edge_mixed_min_radius-5075,3,candidate,15,224.64876973333332,0.038222249946556985,15,1.0,3369.731546,True,
LOCAL-v1-q3-edge_mixed_min_radius-5076,3,candidate,12,282.43366083333336,0.03704470896627754,12,1.0,3389.20393,True,
LOCAL-v1-q3-edge_mixed_min_radius-5077,3,candidate,14,256.0773675,0.02786841697525233,14,1.0,3585.083145,True,
LOCAL-v1-q3-edge_mixed_min_radius-5078,3,candidate,13,279.54961784615386,0.02916729194112122,13,1.0,3634.145032,True,
LOCAL-v1-q3-edge_mixed_min_radius-5079,3,candidate,10,367.37711920000004,0.027031750068999827,10,1.0,3673.771192,True,
LOCAL-v1-q3-edge_mixed_min_radius-5080,3,candidate,10,347.6568605,0.030717457993887365,10,1.0,3476.568605,True,
LOCAL-v1-q3-edge_mixed_min_radius-5081,3,candidate,16,241.7735880625,0.03603391698561609,16,1.0,3868.377409,True,
LOCAL-v1-q3-edge_mixed_min_radius-5082,3,candidate,13,273.3385502307692,0.028113791020587087,13,1.0,3553.401153,True,
LOCAL-v1-q3-edge_mixed_min_radius-5083,3,candidate,13,257.29744953846154,0.02949691703543067,13,1.0,3344.866844,True,
LOCAL-v1-q3-edge_mixed_min_radius-5084,3,candidate,14,243.88008921428573,0.03204600000753999,14,1.0,3414.321249,True,
LOCAL-v1-q3-edge_mixed_min_radius-5085,3,candidate,15,248.20824480000002,0.03810666699428111,15,1.0,3723.123672,True,
LOCAL-v1-q3-edge_mixed_min_radius-5086,3,candidate,12,272.09228566666667,0.03049441601615399,12,1.0,3265.107428,True,
LOCAL-v1-q3-edge_mixed_min_radius-5087,3,candidate,13,280.50514346153847,0.039176749996840954,13,1.0,3646.566865,True,
LOCAL-v1-q3-edge_mixed_min_radius-5088,3,candidate,16,222.6912496875,0.03374074993189424,16,1.0,3563.059995,True,
LOCAL-v1-q3-edge_mixed_min_radius-5089,3,candidate,15,237.5998938,0.031600666930899024,15,1.0,3563.998407,True,
LOCAL-v1-q3-edge_mixed_min_radius-5090,3,candidate,14,257.3908313571429,0.03652566694654524,14,1.0,3603.471639,True,
LOCAL-v1-q3-edge_mixed_min_radius-5091,3,candidate,12,276.34359133333334,0.03196866693906486,12,1.0,3316.123096,True,
LOCAL-v1-q3-edge_mixed_min_radius-5092,3,candidate,11,322.24362027272724,0.021762541960924864,11,1.0,3544.679823,True,
LOCAL-v1-q3-edge_mixed_min_radius-5093,3,candidate,15,248.72339806666665,0.04301316710188985,15,1.0,3730.850971,True,
LOCAL-v1-q3-edge_mixed_min_radius-5094,3,candidate,11,308.5950818181818,0.022056416957639158,11,1.0,3394.5459,True,
LOCAL-v1-q3-edge_mixed_min_radius-5095,3,candidate,10,346.4520574,0.021348875015974045,10,1.0,3464.520574,True,
LOCAL-v1-q3-edge_mixed_min_radius-5096,3,candidate,14,262.2568443571428,0.027561208000406623,14,1.0,3671.595821,True,
LOCAL-v1-q3-edge_mixed_min_radius-5097,3,candidate,13,248.23527853846156,0.038489790982566774,13,1.0,3227.058621,True,
LOCAL-v1-q3-edge_mixed_min_radius-5098,3,candidate,16,209.8143210625,0.04474408400710672,16,1.0,3357.029137,True,
LOCAL-v1-q3-edge_mixed_min_radius-5099,3,candidate,13,244.34817453846154,0.02743066695984453,13,1.0,3176.526269,True,
LOCAL-v1-q3-offcenter_cluster-5000,3,candidate,11,212.4484318181818,0.01421737507916987,11,1.0,2336.93275,True,
LOCAL-v1-q3-offcenter_cluster-5001,3,candidate,14,189.8393245,0.01365600002463907,14,1.0,2657.750543,True,
LOCAL-v1-q3-offcenter_cluster-5002,3,candidate,15,138.77738306666666,0.014429749920964241,15,1.0,2081.660746,True,
LOCAL-v1-q3-offcenter_cluster-5003,3,candidate,11,193.2723052727273,0.010125250089913607,11,1.0,2125.995358,True,
LOCAL-v1-q3-offcenter_cluster-5004,3,candidate,12,205.27211833333334,0.011783999972976744,12,1.0,2463.26542,True,
LOCAL-v1-q3-offcenter_cluster-5005,3,candidate,11,200.49569872727272,0.008920207968913019,11,1.0,2205.452686,True,
LOCAL-v1-q3-offcenter_cluster-5006,3,candidate,11,196.99900954545456,0.009300624951720238,11,1.0,2166.989105,True,
LOCAL-v1-q3-offcenter_cluster-5007,3,candidate,11,196.8250548181818,0.008911082986742258,11,1.0,2165.075603,True,
LOCAL-v1-q3-offcenter_cluster-5008,3,candidate,10,214.43371689999998,0.011193541926331818,10,1.0,2144.337169,True,
LOCAL-v1-q3-offcenter_cluster-5009,3,candidate,14,149.53601814285713,0.012633667094632983,14,1.0,2093.504254,True,
LOCAL-v1-q3-offcenter_cluster-5010,3,candidate,12,189.58688075,0.012972458964213729,12,1.0,2275.042569,True,
LOCAL-v1-q3-offcenter_cluster-5011,3,candidate,15,186.24383086666666,0.008918458013795316,15,1.0,2793.657463,True,
LOCAL-v1-q3-offcenter_cluster-5012,3,candidate,10,216.8769812,0.006582500063814223,10,1.0,2168.769812,True,
LOCAL-v1-q3-offcenter_cluster-5013,3,candidate,12,178.97050016666665,0.01210224989335984,12,1.0,2147.646002,True,
LOCAL-v1-q3-offcenter_cluster-5014,3,candidate,11,232.9736849090909,0.009430125006474555,11,1.0,2562.710534,True,
LOCAL-v1-q3-offcenter_cluster-5015,3,candidate,12,179.52328875,0.014260541996918619,12,1.0,2154.279465,True,
LOCAL-v1-q3-offcenter_cluster-5016,3,candidate,16,64.4515916875,0.015292250085622072,16,1.0,1031.225467,True,
LOCAL-v1-q3-offcenter_cluster-5017,3,candidate,15,162.72177986666665,0.01823479204904288,15,1.0,2440.826698,True,
LOCAL-v1-q3-offcenter_cluster-5018,3,candidate,10,212.5642417,0.008266082964837551,10,1.0,2125.642417,True,
LOCAL-v1-q3-offcenter_cluster-5019,3,candidate,11,257.1377809090909,0.014402874978259206,11,1.0,2828.51559,True,
LOCAL-v1-q3-offcenter_cluster-5020,3,candidate,16,51.121763375,0.014181917067617178,16,1.0,817.948214,True,
LOCAL-v1-q3-offcenter_cluster-5021,3,candidate,14,204.5446972142857,0.01523866702336818,14,1.0,2863.625761,True,
LOCAL-v1-q3-offcenter_cluster-5022,3,candidate,14,160.45124307142856,0.013395374990068376,14,1.0,2246.317403,True,
LOCAL-v1-q3-offcenter_cluster-5023,3,candidate,15,166.03723486666667,0.013386792037636042,15,1.0,2490.558523,True,
LOCAL-v1-q3-offcenter_cluster-5024,3,candidate,13,203.202516,0.012640333035960793,13,1.0,2641.632708,True,
LOCAL-v1-q3-offcenter_cluster-5025,3,candidate,12,181.77219316666665,0.010491124936379492,12,1.0,2181.266318,True,
LOCAL-v1-q3-offcenter_cluster-5026,3,candidate,15,141.15999566666667,0.010918041924014688,15,1.0,2117.399935,True,
LOCAL-v1-q3-offcenter_cluster-5027,3,candidate,11,197.15652463636363,0.013976290938444436,11,1.0,2168.721771,True,
LOCAL-v1-q3-offcenter_cluster-5028,3,candidate,10,212.6137738,0.009276083088479936,10,1.0,2126.137738,True,
LOCAL-v1-q3-offcenter_cluster-5029,3,candidate,11,194.11177554545455,0.013137332978658378,11,1.0,2135.229531,True,
LOCAL-v1-q3-offcenter_cluster-5030,3,candidate,12,214.37173108333332,0.006108667002990842,12,1.0,2572.460773,True,
LOCAL-v1-q3-offcenter_cluster-5031,3,candidate,15,182.31708873333335,0.009596207994036376,15,1.0,2734.756331,True,
LOCAL-v1-q3-offcenter_cluster-5032,3,candidate,11,209.51044281818184,0.010797042050398886,11,1.0,2304.614871,True,
LOCAL-v1-q3-offcenter_cluster-5033,3,candidate,14,147.85590392857142,0.014633083017542958,14,1.0,2069.982655,True,
LOCAL-v1-q3-offcenter_cluster-5034,3,candidate,16,62.8443185625,0.012184667051769793,16,1.0,1005.509097,True,
LOCAL-v1-q3-offcenter_cluster-5035,3,candidate,10,214.7077767,0.010377457947470248,10,1.0,2147.077767,True,
LOCAL-v1-q3-offcenter_cluster-5036,3,candidate,15,139.2387030666667,0.009137332905083895,15,1.0,2088.580546,True,
LOCAL-v1-q3-offcenter_cluster-5037,3,candidate,15,172.13563713333332,0.02111970796249807,15,1.0,2582.034557,True,
LOCAL-v1-q3-offcenter_cluster-5038,3,candidate,16,55.317452625,0.018047334044240415,16,1.0,885.079242,True,
LOCAL-v1-q3-offcenter_cluster-5039,3,candidate,10,214.62323809999998,0.009168416960164905,10,1.0,2146.232381,True,
LOCAL-v1-q3-offcenter_cluster-5040,3,candidate,15,165.11979406666666,0.012941499939188361,15,1.0,2476.796911,True,
LOCAL-v1-q3-offcenter_cluster-5041,3,candidate,15,139.793816,0.013257250073365867,15,1.0,2096.90724,True,
LOCAL-v1-q3-offcenter_cluster-5042,3,candidate,11,193.35850736363636,0.009302209015004337,11,1.0,2126.943581,True,
LOCAL-v1-q3-offcenter_cluster-5043,3,candidate,12,174.60552399999997,0.008401958039030433,12,1.0,2095.266288,True,
LOCAL-v1-q3-offcenter_cluster-5044,3,candidate,11,249.56114054545452,0.009256665944121778,11,1.0,2745.172546,True,
LOCAL-v1-q3-offcenter_cluster-5045,3,candidate,11,263.823403,0.009523459011688828,11,1.0,2902.057433,True,
LOCAL-v1-q3-offcenter_cluster-5046,3,candidate,10,276.69108289999997,0.004586499999277294,10,1.0,2766.910829,True,
LOCAL-v1-q3-offcenter_cluster-5047,3,candidate,16,120.440861375,0.015134125016629696,16,1.0,1927.053782,True,
LOCAL-v1-q3-offcenter_cluster-5048,3,candidate,12,243.1346274166667,0.009233582997694612,12,1.0,2917.615529,True,
LOCAL-v1-q3-offcenter_cluster-5049,3,candidate,10,212.36686509999998,0.011486208997666836,10,1.0,2123.668651,True,
LOCAL-v1-q3-offcenter_cluster-5050,3,candidate,15,141.00958553333334,0.009707416989840567,15,1.0,2115.143783,True,
LOCAL-v1-q3-offcenter_cluster-5051,3,candidate,11,192.71941127272729,0.007363209035247564,11,1.0,2119.913524,True,
LOCAL-v1-q3-offcenter_cluster-5052,3,candidate,13,208.68868069230768,0.01442558306735009,13,1.0,2712.952849,True,
LOCAL-v1-q3-offcenter_cluster-5053,3,candidate,16,125.936770875,0.02212437498383224,16,1.0,2014.988334,True,
LOCAL-v1-q3-offcenter_cluster-5054,3,candidate,16,57.82113925,0.01102004200220108,16,1.0,925.138228,True,
LOCAL-v1-q3-offcenter_cluster-5055,3,candidate,12,176.655785,0.008938957937061787,12,1.0,2119.86942,True,
LOCAL-v1-q3-offcenter_cluster-5056,3,candidate,13,167.52542415384616,0.016126542002893984,13,1.0,2177.830514,True,
LOCAL-v1-q3-offcenter_cluster-5057,3,candidate,13,162.67652684615385,0.010548083926551044,13,1.0,2114.794849,True,
LOCAL-v1-q3-offcenter_cluster-5058,3,candidate,14,217.34693707142856,0.013121458003297448,14,1.0,3042.857119,True,
LOCAL-v1-q3-offcenter_cluster-5059,3,candidate,12,239.65906408333333,0.011988459038548172,12,1.0,2875.908769,True,
LOCAL-v1-q3-offcenter_cluster-5060,3,candidate,11,196.4320038181818,0.01167729205917567,11,1.0,2160.752042,True,
LOCAL-v1-q3-offcenter_cluster-5061,3,candidate,13,185.7265210769231,0.018430791911669075,13,1.0,2414.444774,True,
LOCAL-v1-q3-offcenter_cluster-5062,3,candidate,16,50.400608125,0.012550499988719821,16,1.0,806.40973,True,
LOCAL-v1-q3-offcenter_cluster-5063,3,candidate,15,150.6611886,0.016413250006735325,15,1.0,2259.917829,True,
LOCAL-v1-q3-offcenter_cluster-5064,3,candidate,13,226.98378415384616,0.010415791999548674,13,1.0,2950.789194,True,
LOCAL-v1-q3-offcenter_cluster-5065,3,candidate,12,215.97416041666668,0.010716542019508779,12,1.0,2591.689925,True,
LOCAL-v1-q3-offcenter_cluster-5066,3,candidate,10,289.3297123,0.004497000016272068,10,1.0,2893.297123,True,
LOCAL-v1-q3-offcenter_cluster-5067,3,candidate,16,82.4008713125,0.008427166962064803,16,1.0,1318.413941,True,
LOCAL-v1-q3-offcenter_cluster-5068,3,candidate,13,230.45429307692308,0.011008083005435765,13,1.0,2995.90581,True,
LOCAL-v1-q3-offcenter_cluster-5069,3,candidate,14,150.34448142857144,0.013570083072409034,14,1.0,2104.82274,True,
LOCAL-v1-q3-offcenter_cluster-5070,3,candidate,12,245.46525083333333,0.007145000039599836,12,1.0,2945.58301,True,
LOCAL-v1-q3-offcenter_cluster-5071,3,candidate,12,186.837803,0.015262249973602593,12,1.0,2242.053636,True,
LOCAL-v1-q3-offcenter_cluster-5072,3,candidate,15,158.9371876666667,0.017368750064633787,15,1.0,2384.057815,True,
LOCAL-v1-q3-offcenter_cluster-5073,3,candidate,10,275.44518600000004,0.008972957963123918,10,1.0,2754.45186,True,
LOCAL-v1-q3-offcenter_cluster-5074,3,candidate,16,49.675960375,0.011099916999228299,16,1.0,794.815366,True,
LOCAL-v1-q3-offcenter_cluster-5075,3,candidate,15,164.02414339999999,0.01203933299984783,15,1.0,2460.362151,True,
LOCAL-v1-q3-offcenter_cluster-5076,3,candidate,12,232.15982225000002,0.00916049990337342,12,1.0,2785.917867,True,
LOCAL-v1-q3-offcenter_cluster-5077,3,candidate,14,166.47946107142857,0.02847666689194739,14,1.0,2330.712455,True,
LOCAL-v1-q3-offcenter_cluster-5078,3,candidate,13,218.40356223076924,0.007649832987226546,13,1.0,2839.246309,True,
LOCAL-v1-q3-offcenter_cluster-5079,3,candidate,10,215.82439349999999,0.021362250088714063,10,1.0,2158.243935,True,
LOCAL-v1-q3-offcenter_cluster-5080,3,candidate,10,224.3980583,0.02098562498576939,10,1.0,2243.980583,True,
LOCAL-v1-q3-offcenter_cluster-5081,3,candidate,16,48.246851125,0.011329874978400767,16,1.0,771.949618,True,
LOCAL-v1-q3-offcenter_cluster-5082,3,candidate,13,201.49373076923078,0.014328958932310343,13,1.0,2619.4185,True,
LOCAL-v1-q3-offcenter_cluster-5083,3,candidate,13,179.0526966153846,0.017140834010206163,13,1.0,2327.685056,True,
LOCAL-v1-q3-offcenter_cluster-5084,3,candidate,14,152.79149021428572,0.02009725000243634,14,1.0,2139.080863,True,
LOCAL-v1-q3-offcenter_cluster-5085,3,candidate,15,139.70798806666664,0.021672041970305145,15,1.0,2095.619821,True,
LOCAL-v1-q3-offcenter_cluster-5086,3,candidate,12,178.15462575,0.020160290994681418,12,1.0,2137.855509,True,
LOCAL-v1-q3-offcenter_cluster-5087,3,candidate,13,165.15694023076924,0.029641082976013422,13,1.0,2147.040223,True,
LOCAL-v1-q3-offcenter_cluster-5088,3,candidate,16,55.1611966875,0.012465625070035458,16,1.0,882.579147,True,
LOCAL-v1-q3-offcenter_cluster-5089,3,candidate,15,138.62228093333334,0.01794112497009337,15,1.0,2079.334214,True,
LOCAL-v1-q3-offcenter_cluster-5090,3,candidate,14,168.6277562142857,0.013927249936386943,14,1.0,2360.788587,True,
LOCAL-v1-q3-offcenter_cluster-5091,3,candidate,12,179.28112733333333,0.011545625049620867,12,1.0,2151.373528,True,
LOCAL-v1-q3-offcenter_cluster-5092,3,candidate,11,246.2273707272727,0.006024666945450008,11,1.0,2708.501078,True,
LOCAL-v1-q3-offcenter_cluster-5093,3,candidate,15,137.70906753333333,0.013026333064772189,15,1.0,2065.636013,True,
LOCAL-v1-q3-offcenter_cluster-5094,3,candidate,11,198.92832845454544,0.01289358304347843,11,1.0,2188.211613,True,
LOCAL-v1-q3-offcenter_cluster-5095,3,candidate,10,291.2827833,0.004729167092591524,10,1.0,2912.827833,True,
LOCAL-v1-q3-offcenter_cluster-5096,3,candidate,14,150.9262102142857,0.018384958035312593,14,1.0,2112.966943,True,
LOCAL-v1-q3-offcenter_cluster-5097,3,candidate,13,161.8802283076923,0.015665040933527052,13,1.0,2104.442968,True,
LOCAL-v1-q3-offcenter_cluster-5098,3,candidate,16,51.000716875,0.011202624998986721,16,1.0,816.01147,True,
LOCAL-v1-q3-offcenter_cluster-5099,3,candidate,13,193.61036423076922,0.008741167024709284,13,1.0,2516.934735,True,
LOCAL-v1-q3-origin_cluster-5000,3,candidate,11,192.3382717272727,0.015282709035091102,11,1.0,2115.720989,True,
LOCAL-v1-q3-origin_cluster-5001,3,candidate,14,146.5805905,0.0176307080546394,14,1.0,2052.128267,True,
LOCAL-v1-q3-origin_cluster-5002,3,candidate,15,136.05732293333332,0.018347083940170705,15,1.0,2040.859844,True,
LOCAL-v1-q3-origin_cluster-5003,3,candidate,11,191.16243863636365,0.012023124960251153,11,1.0,2102.786825,True,
LOCAL-v1-q3-origin_cluster-5004,3,candidate,12,174.8711995,0.014815415954217315,12,1.0,2098.454394,True,
LOCAL-v1-q3-origin_cluster-5005,3,candidate,11,221.9074459090909,0.017840125015936792,11,1.0,2440.981905,True,
LOCAL-v1-q3-origin_cluster-5006,3,candidate,11,194.94847054545454,0.005753624951466918,11,1.0,2144.433176,True,
LOCAL-v1-q3-origin_cluster-5007,3,candidate,11,194.5230800909091,0.014236707938835025,11,1.0,2139.753881,True,
LOCAL-v1-q3-origin_cluster-5008,3,candidate,10,214.9043905,0.011299749952740967,10,1.0,2149.043905,True,
LOCAL-v1-q3-origin_cluster-5009,3,candidate,14,166.24272821428573,0.01730345794931054,14,1.0,2327.398195,True,
LOCAL-v1-q3-origin_cluster-5010,3,candidate,12,191.65613058333335,0.014296917011961341,12,1.0,2299.873567,True,
LOCAL-v1-q3-origin_cluster-5011,3,candidate,15,135.76240373333334,0.008668249938637018,15,1.0,2036.436056,True,
LOCAL-v1-q3-origin_cluster-5012,3,candidate,10,215.6231486,0.010947166942059994,10,1.0,2156.231486,True,
LOCAL-v1-q3-origin_cluster-5013,3,candidate,12,176.75184208333334,0.0072989159962162375,12,1.0,2121.022105,True,
LOCAL-v1-q3-origin_cluster-5014,3,candidate,11,193.25030881818182,0.008859082940034568,11,1.0,2125.753397,True,
LOCAL-v1-q3-origin_cluster-5015,3,candidate,12,176.09920924999997,0.0071758750127628446,12,1.0,2113.190511,True,
LOCAL-v1-q3-origin_cluster-5016,3,candidate,16,33.445262625,0.012135999975726008,16,1.0,535.124202,True,
LOCAL-v1-q3-origin_cluster-5017,3,candidate,15,141.61247146666668,0.01728016696870327,15,1.0,2124.187072,True,
LOCAL-v1-q3-origin_cluster-5018,3,candidate,10,280.1567711,0.01980229199398309,10,1.0,2801.567711,True,
LOCAL-v1-q3-origin_cluster-5019,3,candidate,11,191.83977745454547,0.013111790991388261,11,1.0,2110.237552,True,
LOCAL-v1-q3-origin_cluster-5020,3,candidate,16,33.1586704375,0.006784708937630057,16,1.0,530.538727,True,
LOCAL-v1-q3-origin_cluster-5021,3,candidate,14,148.78151928571427,0.010967166046611965,14,1.0,2082.94127,True,
LOCAL-v1-q3-origin_cluster-5022,3,candidate,14,146.68694292857143,0.010589000070467591,14,1.0,2053.617201,True,
LOCAL-v1-q3-origin_cluster-5023,3,candidate,15,134.74291639999998,0.01660245901439339,15,1.0,2021.143746,True,
LOCAL-v1-q3-origin_cluster-5024,3,candidate,13,159.606668,0.014557833084836602,13,1.0,2074.886684,True,
LOCAL-v1-q3-origin_cluster-5025,3,candidate,12,181.87361908333332,0.01977304194588214,12,1.0,2182.483429,True,
LOCAL-v1-q3-origin_cluster-5026,3,candidate,15,134.66391166666668,0.012012292048893869,15,1.0,2019.958675,True,
LOCAL-v1-q3-origin_cluster-5027,3,candidate,11,211.7025760909091,0.017609416041523218,11,1.0,2328.728337,True,
LOCAL-v1-q3-origin_cluster-5028,3,candidate,10,222.60324970000002,0.009917624993249774,10,1.0,2226.032497,True,
LOCAL-v1-q3-origin_cluster-5029,3,candidate,11,210.57253009090908,0.011163042043335736,11,1.0,2316.297831,True,
LOCAL-v1-q3-origin_cluster-5030,3,candidate,12,175.35095466666667,0.01637308392673731,12,1.0,2104.211456,True,
LOCAL-v1-q3-origin_cluster-5031,3,candidate,15,135.87631433333334,0.01549899997189641,15,1.0,2038.144715,True,
LOCAL-v1-q3-origin_cluster-5032,3,candidate,11,208.0319529090909,0.016229166998527944,11,1.0,2288.351482,True,
LOCAL-v1-q3-origin_cluster-5033,3,candidate,14,145.21306042857142,0.01753349998034537,14,1.0,2032.982846,True,
LOCAL-v1-q3-origin_cluster-5034,3,candidate,16,34.7263674375,0.020273583009839058,16,1.0,555.621879,True,
LOCAL-v1-q3-origin_cluster-5035,3,candidate,10,213.9312633,0.00957774999551475,10,1.0,2139.312633,True,
LOCAL-v1-q3-origin_cluster-5036,3,candidate,15,135.47450093333333,0.0250206250930205,15,1.0,2032.117514,True,
LOCAL-v1-q3-origin_cluster-5037,3,candidate,15,134.28615693333333,0.018070624908432364,15,1.0,2014.292354,True,
LOCAL-v1-q3-origin_cluster-5038,3,candidate,16,32.98216025,0.006648499984294176,16,1.0,527.714564,True,
LOCAL-v1-q3-origin_cluster-5039,3,candidate,10,214.7439061,0.012825540965422988,10,1.0,2147.439061,True,
LOCAL-v1-q3-origin_cluster-5040,3,candidate,15,134.1687716,0.01821545895654708,15,1.0,2012.531574,True,
LOCAL-v1-q3-origin_cluster-5041,3,candidate,15,136.4662158,0.012150292051956058,15,1.0,2046.993237,True,
LOCAL-v1-q3-origin_cluster-5042,3,candidate,11,192.56177463636365,0.00856487499549985,11,1.0,2118.179521,True,
LOCAL-v1-q3-origin_cluster-5043,3,candidate,12,191.41006683333333,0.014437458012253046,12,1.0,2296.920802,True,
LOCAL-v1-q3-origin_cluster-5044,3,candidate,11,191.92097045454545,0.01005233300384134,11,1.0,2111.130675,True,
LOCAL-v1-q3-origin_cluster-5045,3,candidate,11,203.5153402727273,0.011101249954663217,11,1.0,2238.668743,True,
LOCAL-v1-q3-origin_cluster-5046,3,candidate,10,214.6626104,0.010885374969802797,10,1.0,2146.626104,True,
LOCAL-v1-q3-origin_cluster-5047,3,candidate,16,32.2047189375,0.01738108298741281,16,1.0,515.275503,True,
LOCAL-v1-q3-origin_cluster-5048,3,candidate,12,174.4413215,0.013770833960734308,12,1.0,2093.295858,True,
LOCAL-v1-q3-origin_cluster-5049,3,candidate,10,237.26880580000002,0.016667917021550238,10,1.0,2372.688058,True,
LOCAL-v1-q3-origin_cluster-5050,3,candidate,15,135.97336573333334,0.012869416968896985,15,1.0,2039.600486,True,
LOCAL-v1-q3-origin_cluster-5051,3,candidate,11,216.14631418181818,0.011795833939686418,11,1.0,2377.609456,True,
LOCAL-v1-q3-origin_cluster-5052,3,candidate,13,159.20008292307693,0.017530708108097315,13,1.0,2069.601078,True,
LOCAL-v1-q3-origin_cluster-5053,3,candidate,16,33.8104995625,0.008921667002141476,16,1.0,540.967993,True,
LOCAL-v1-q3-origin_cluster-5054,3,candidate,16,34.3328295625,0.010008250013925135,16,1.0,549.325273,True,
LOCAL-v1-q3-origin_cluster-5055,3,candidate,12,203.09516341666665,0.019692542031407356,12,1.0,2437.141961,True,
LOCAL-v1-q3-origin_cluster-5056,3,candidate,13,158.43035899999998,0.01491866703145206,13,1.0,2059.594667,True,
LOCAL-v1-q3-origin_cluster-5057,3,candidate,13,158.91926353846154,0.014533667010255158,13,1.0,2065.950426,True,
LOCAL-v1-q3-origin_cluster-5058,3,candidate,14,175.61170142857142,0.027029250049963593,14,1.0,2458.56382,True,
LOCAL-v1-q3-origin_cluster-5059,3,candidate,12,175.66888091666667,0.019539208034984767,12,1.0,2108.026571,True,
LOCAL-v1-q3-origin_cluster-5060,3,candidate,11,210.84887918181815,0.014724250067956746,11,1.0,2319.337671,True,
LOCAL-v1-q3-origin_cluster-5061,3,candidate,13,163.84955461538462,0.015619833022356033,13,1.0,2130.04421,True,
LOCAL-v1-q3-origin_cluster-5062,3,candidate,16,32.2333708125,0.026301249978132546,16,1.0,515.733933,True,
LOCAL-v1-q3-origin_cluster-5063,3,candidate,15,143.2153741333333,0.02108725009020418,15,1.0,2148.230612,True,
LOCAL-v1-q3-origin_cluster-5064,3,candidate,13,184.48475023076924,0.015357542084529996,13,1.0,2398.301753,True,
LOCAL-v1-q3-origin_cluster-5065,3,candidate,12,175.10778008333332,0.009530459064990282,12,1.0,2101.293361,True,
LOCAL-v1-q3-origin_cluster-5066,3,candidate,10,214.5532432,0.013283125008456409,10,1.0,2145.532432,True,
LOCAL-v1-q3-origin_cluster-5067,3,candidate,16,33.4007171875,0.01054433302488178,16,1.0,534.411475,True,
LOCAL-v1-q3-origin_cluster-5068,3,candidate,13,164.70654753846154,0.02005704108159989,13,1.0,2141.185118,True,
LOCAL-v1-q3-origin_cluster-5069,3,candidate,14,166.73925285714287,0.025735249975696206,14,1.0,2334.34954,True,
LOCAL-v1-q3-origin_cluster-5070,3,candidate,12,175.07438975,0.009123166091740131,12,1.0,2100.892677,True,
LOCAL-v1-q3-origin_cluster-5071,3,candidate,12,173.96731341666668,0.007943500066176057,12,1.0,2087.607761,True,
LOCAL-v1-q3-origin_cluster-5072,3,candidate,15,136.03729453333332,0.01239745900966227,15,1.0,2040.559418,True,
LOCAL-v1-q3-origin_cluster-5073,3,candidate,10,214.3898393,0.01037387503311038,10,1.0,2143.898393,True,
LOCAL-v1-q3-origin_cluster-5074,3,candidate,16,33.486337875,0.01034791604615748,16,1.0,535.781406,True,
LOCAL-v1-q3-origin_cluster-5075,3,candidate,15,148.58802953333333,0.019049542024731636,15,1.0,2228.820443,True,
LOCAL-v1-q3-origin_cluster-5076,3,candidate,12,193.83986775000002,0.0179690420627594,12,1.0,2326.078413,True,
LOCAL-v1-q3-origin_cluster-5077,3,candidate,14,160.46248535714287,0.012119791936129332,14,1.0,2246.474795,True,
LOCAL-v1-q3-origin_cluster-5078,3,candidate,13,176.15227553846154,0.01264474994968623,13,1.0,2289.979582,True,
LOCAL-v1-q3-origin_cluster-5079,3,candidate,10,216.01156339999997,0.005410624900832772,10,1.0,2160.115634,True,
LOCAL-v1-q3-origin_cluster-5080,3,candidate,10,214.7107762,0.00968095799908042,10,1.0,2147.107762,True,
LOCAL-v1-q3-origin_cluster-5081,3,candidate,16,34.17932475,0.010063750087283552,16,1.0,546.869196,True,
LOCAL-v1-q3-origin_cluster-5082,3,candidate,13,164.40639061538462,0.01463770808186382,13,1.0,2137.283078,True,
LOCAL-v1-q3-origin_cluster-5083,3,candidate,13,159.77684592307693,0.009152458980679512,13,1.0,2077.098997,True,
LOCAL-v1-q3-origin_cluster-5084,3,candidate,14,147.46171342857141,0.01430562511086464,14,1.0,2064.463988,True,
LOCAL-v1-q3-origin_cluster-5085,3,candidate,15,135.58204926666667,0.014029000070877373,15,1.0,2033.730739,True,
LOCAL-v1-q3-origin_cluster-5086,3,candidate,12,174.98152791666666,0.015514250029809773,12,1.0,2099.778335,True,
LOCAL-v1-q3-origin_cluster-5087,3,candidate,13,159.30018207692308,0.010829207953065634,13,1.0,2070.902367,True,
LOCAL-v1-q3-origin_cluster-5088,3,candidate,16,32.995637375,0.012611833051778376,16,1.0,527.930198,True,
LOCAL-v1-q3-origin_cluster-5089,3,candidate,15,136.08486513333335,0.01697704102844,15,1.0,2041.272977,True,
LOCAL-v1-q3-origin_cluster-5090,3,candidate,14,155.70389885714286,0.01632449997123331,14,1.0,2179.854584,True,
LOCAL-v1-q3-origin_cluster-5091,3,candidate,12,174.44035416666668,0.014547041966579854,12,1.0,2093.28425,True,
LOCAL-v1-q3-origin_cluster-5092,3,candidate,11,213.08317363636363,0.02168958296533674,11,1.0,2343.91491,True,
LOCAL-v1-q3-origin_cluster-5093,3,candidate,15,134.750381,0.014265083009377122,15,1.0,2021.255715,True,
LOCAL-v1-q3-origin_cluster-5094,3,candidate,11,191.94999672727272,0.010460332967340946,11,1.0,2111.449964,True,
LOCAL-v1-q3-origin_cluster-5095,3,candidate,10,235.4149587,0.013798000058159232,10,1.0,2354.149587,True,
LOCAL-v1-q3-origin_cluster-5096,3,candidate,14,144.96518821428572,0.012353957979939878,14,1.0,2029.512635,True,
LOCAL-v1-q3-origin_cluster-5097,3,candidate,13,161.22236953846155,0.013395457994192839,13,1.0,2095.890804,True,
LOCAL-v1-q3-origin_cluster-5098,3,candidate,16,35.281304375,0.010460332967340946,16,1.0,564.50087,True,
LOCAL-v1-q3-origin_cluster-5099,3,candidate,13,160.70657823076922,0.007197416969574988,13,1.0,2089.185517,True,
LOCAL-v1-q3-minimum_radius-5000,3,candidate,11,276.89440990909094,0.020769833005033433,11,1.0,3045.838509,True,
LOCAL-v1-q3-minimum_radius-5001,3,candidate,14,256.050419,0.040394249954260886,14,1.0,3584.705866,True,
LOCAL-v1-q3-minimum_radius-5002,3,candidate,15,200.3829018,0.018915583030320704,15,1.0,3005.743527,True,
LOCAL-v1-q3-minimum_radius-5003,3,candidate,11,244.04914563636365,0.018400416942313313,11,1.0,2684.540602,True,
LOCAL-v1-q3-minimum_radius-5004,3,candidate,12,255.8958179166667,0.02923670900054276,12,1.0,3070.749815,True,
LOCAL-v1-q3-minimum_radius-5005,3,candidate,11,288.4951167272727,0.01975837501231581,11,1.0,3173.446284,True,
LOCAL-v1-q3-minimum_radius-5006,3,candidate,11,294.47650100000004,0.022353624925017357,11,1.0,3239.241511,True,
LOCAL-v1-q3-minimum_radius-5007,3,candidate,11,263.3416590909091,0.021411165944300592,11,1.0,2896.75825,True,
LOCAL-v1-q3-minimum_radius-5008,3,candidate,10,278.7255664,0.01849787507671863,10,1.0,2787.255664,True,
LOCAL-v1-q3-minimum_radius-5009,3,candidate,14,214.7284915,0.03537745797075331,14,1.0,3006.198881,True,
LOCAL-v1-q3-minimum_radius-5010,3,candidate,12,219.946652,0.030808417010121047,12,1.0,2639.359824,True,
LOCAL-v1-q3-minimum_radius-5011,3,candidate,15,225.06405733333335,0.03504374995827675,15,1.0,3375.96086,True,
LOCAL-v1-q3-minimum_radius-5012,3,candidate,10,309.7003013,0.023698124918155372,10,1.0,3097.003013,True,
LOCAL-v1-q3-minimum_radius-5013,3,candidate,12,266.67949616666664,0.02440333308186382,12,1.0,3200.153954,True,
LOCAL-v1-q3-minimum_radius-5014,3,candidate,11,268.1616229090909,0.022448332980275154,11,1.0,2949.777852,True,
LOCAL-v1-q3-minimum_radius-5015,3,candidate,12,225.21255525,0.027404041960835457,12,1.0,2702.550663,True,
LOCAL-v1-q3-minimum_radius-5016,3,candidate,16,192.8751880625,0.0352454170351848,16,1.0,3086.003009,True,
LOCAL-v1-q3-minimum_radius-5017,3,candidate,15,218.18382979999998,0.03251266700681299,15,1.0,3272.757447,True,
LOCAL-v1-q3-minimum_radius-5018,3,candidate,10,312.5624577,0.01941445900592953,10,1.0,3125.624577,True,
LOCAL-v1-q3-minimum_radius-5019,3,candidate,11,295.8505260909091,0.02209720795508474,11,1.0,3254.355787,True,
LOCAL-v1-q3-minimum_radius-5020,3,candidate,16,193.5523401875,0.034044458996504545,16,1.0,3096.837443,True,
LOCAL-v1-q3-minimum_radius-5021,3,candidate,14,241.33393928571428,0.028154707979410887,14,1.0,3378.67515,True,
LOCAL-v1-q3-minimum_radius-5022,3,candidate,14,209.77005628571428,0.02519795799162239,14,1.0,2936.780788,True,
LOCAL-v1-q3-minimum_radius-5023,3,candidate,15,198.12705486666667,0.020792583003640175,15,1.0,2971.905823,True,
LOCAL-v1-q3-minimum_radius-5024,3,candidate,13,244.84092746153846,0.02860433398745954,13,1.0,3182.932057,True,
LOCAL-v1-q3-minimum_radius-5025,3,candidate,12,264.09065991666665,0.021209459053352475,12,1.0,3169.087919,True,
LOCAL-v1-q3-minimum_radius-5026,3,candidate,15,215.99891026666668,0.02859420794993639,15,1.0,3239.983654,True,
LOCAL-v1-q3-minimum_radius-5027,3,candidate,11,319.39100745454544,0.023947249981574714,11,1.0,3513.301082,True,
LOCAL-v1-q3-minimum_radius-5028,3,candidate,10,274.4230848,0.0221681249095127,10,1.0,2744.230848,True,
LOCAL-v1-q3-minimum_radius-5029,3,candidate,11,283.03570345454546,0.01683654193766415,11,1.0,3113.392738,True,
LOCAL-v1-q3-minimum_radius-5030,3,candidate,12,221.19024733333333,0.02048375003505498,12,1.0,2654.282968,True,
LOCAL-v1-q3-minimum_radius-5031,3,candidate,15,198.27816986666667,0.027247166028246284,15,1.0,2974.172548,True,
LOCAL-v1-q3-minimum_radius-5032,3,candidate,11,271.11491445454544,0.0170725000789389,11,1.0,2982.264059,True,
LOCAL-v1-q3-minimum_radius-5033,3,candidate,14,235.49063057142857,0.02378754096571356,14,1.0,3296.868828,True,
LOCAL-v1-q3-minimum_radius-5034,3,candidate,16,198.48992175,0.034448166959919035,16,1.0,3175.838748,True,
LOCAL-v1-q3-minimum_radius-5035,3,candidate,10,289.5867522,0.02692187507636845,10,1.0,2895.867522,True,
LOCAL-v1-q3-minimum_radius-5036,3,candidate,15,216.7304532,0.02835437492467463,15,1.0,3250.956798,True,
LOCAL-v1-q3-minimum_radius-5037,3,candidate,15,231.99971073333333,0.02669012499973178,15,1.0,3479.995661,True,
LOCAL-v1-q3-minimum_radius-5038,3,candidate,16,202.0306564375,0.031208792002871633,16,1.0,3232.490503,True,
LOCAL-v1-q3-minimum_radius-5039,3,candidate,10,311.8016302,0.020251291105523705,10,1.0,3118.016302,True,
LOCAL-v1-q3-minimum_radius-5040,3,candidate,15,231.53166866666666,0.02478387509472668,15,1.0,3472.97503,True,
LOCAL-v1-q3-minimum_radius-5041,3,candidate,15,206.39037233333332,0.03535158408340067,15,1.0,3095.855585,True,
LOCAL-v1-q3-minimum_radius-5042,3,candidate,11,274.9879459090909,0.022237333934754133,11,1.0,3024.867405,True,
LOCAL-v1-q3-minimum_radius-5043,3,candidate,12,258.357148,0.02415599999949336,12,1.0,3100.285776,True,
LOCAL-v1-q3-minimum_radius-5044,3,candidate,11,293.1014216363637,0.030829292023554444,11,1.0,3224.115638,True,
LOCAL-v1-q3-minimum_radius-5045,3,candidate,11,277.89649881818184,0.020347332931123674,11,1.0,3056.861487,True,
LOCAL-v1-q3-minimum_radius-5046,3,candidate,10,279.2303814,0.017786958953365684,10,1.0,2792.303814,True,
LOCAL-v1-q3-minimum_radius-5047,3,candidate,16,216.465108,0.036555042024701834,16,1.0,3463.441728,True,
LOCAL-v1-q3-minimum_radius-5048,3,candidate,12,256.1382448333333,0.026967833051458,12,1.0,3073.658938,True,
LOCAL-v1-q3-minimum_radius-5049,3,candidate,10,295.2003972,0.019820582936517894,10,1.0,2952.003972,True,
LOCAL-v1-q3-minimum_radius-5050,3,candidate,15,225.15487833333333,0.02302000008057803,15,1.0,3377.323175,True,
LOCAL-v1-q3-minimum_radius-5051,3,candidate,11,315.36889336363635,0.022247958928346634,11,1.0,3469.057827,True,
LOCAL-v1-q3-minimum_radius-5052,3,candidate,13,249.38022076923076,0.025907707982696593,13,1.0,3241.94287,True,
LOCAL-v1-q3-minimum_radius-5053,3,candidate,16,216.854584125,0.02624425000976771,16,1.0,3469.673346,True,
LOCAL-v1-q3-minimum_radius-5054,3,candidate,16,231.36008975,0.03538625000510365,16,1.0,3701.761436,True,
LOCAL-v1-q3-minimum_radius-5055,3,candidate,12,248.510405,0.02721829095389694,12,1.0,2982.12486,True,
LOCAL-v1-q3-minimum_radius-5056,3,candidate,13,256.0178406923077,0.03179195802658796,13,1.0,3328.231929,True,
LOCAL-v1-q3-minimum_radius-5057,3,candidate,13,241.58964707692306,0.028716832981444895,13,1.0,3140.665412,True,
LOCAL-v1-q3-minimum_radius-5058,3,candidate,14,214.77602364285715,0.028740833047777414,14,1.0,3006.864331,True,
LOCAL-v1-q3-minimum_radius-5059,3,candidate,12,255.98913091666668,0.021363915991969407,12,1.0,3071.869571,True,
LOCAL-v1-q3-minimum_radius-5060,3,candidate,11,271.9143616363636,0.015944916987791657,11,1.0,2991.057978,True,
LOCAL-v1-q3-minimum_radius-5061,3,candidate,13,246.13505,0.02271074999589473,13,1.0,3199.75565,True,
LOCAL-v1-q3-minimum_radius-5062,3,candidate,16,203.50870425,0.034455500077456236,16,1.0,3256.139268,True,
LOCAL-v1-q3-minimum_radius-5063,3,candidate,15,204.85400953333334,0.03085529198870063,15,1.0,3072.810143,True,
LOCAL-v1-q3-minimum_radius-5064,3,candidate,13,228.25714315384616,0.020023792050778866,13,1.0,2967.342861,True,
LOCAL-v1-q3-minimum_radius-5065,3,candidate,12,263.9879235833333,0.02467991702724248,12,1.0,3167.855083,True,
LOCAL-v1-q3-minimum_radius-5066,3,candidate,10,265.6258977,0.02183654101099819,10,1.0,2656.258977,True,
LOCAL-v1-q3-minimum_radius-5067,3,candidate,16,223.4640655,0.0330403340049088,16,1.0,3575.425048,True,
LOCAL-v1-q3-minimum_radius-5068,3,candidate,13,219.989315,0.017688874970190227,13,1.0,2859.861095,True,
LOCAL-v1-q3-minimum_radius-5069,3,candidate,14,245.48549150000002,0.02975158393383026,14,1.0,3436.796881,True,
LOCAL-v1-q3-minimum_radius-5070,3,candidate,12,263.5328,0.030560332932509482,12,1.0,3162.3936,True,
LOCAL-v1-q3-minimum_radius-5071,3,candidate,12,259.97694075,0.018161374959163368,12,1.0,3119.723289,True,
LOCAL-v1-q3-minimum_radius-5072,3,candidate,15,200.9513252,0.06852274993434548,15,1.0,3014.269878,True,
LOCAL-v1-q3-minimum_radius-5073,3,candidate,10,269.9953677,0.02034037502016872,10,1.0,2699.953677,True,
LOCAL-v1-q3-minimum_radius-5074,3,candidate,16,212.185229125,0.031196875032037497,16,1.0,3394.963666,True,
LOCAL-v1-q3-minimum_radius-5075,3,candidate,15,212.000533,0.031879208981990814,15,1.0,3180.007995,True,
LOCAL-v1-q3-minimum_radius-5076,3,candidate,12,234.63095033333332,0.019800374982878566,12,1.0,2815.571404,True,
LOCAL-v1-q3-minimum_radius-5077,3,candidate,14,235.81865100000002,0.03202237491495907,14,1.0,3301.461114,True,
LOCAL-v1-q3-minimum_radius-5078,3,candidate,13,249.3048602307692,0.024047708953730762,13,1.0,3240.963183,True,
LOCAL-v1-q3-minimum_radius-5079,3,candidate,10,293.163732,0.010634124977514148,10,1.0,2931.63732,True,
LOCAL-v1-q3-minimum_radius-5080,3,candidate,10,290.92098070000003,0.02388216706458479,10,1.0,2909.209807,True,
LOCAL-v1-q3-minimum_radius-5081,3,candidate,16,214.2395954375,0.040619125007651746,16,1.0,3427.833527,True,
LOCAL-v1-q3-minimum_radius-5082,3,candidate,13,230.52233230769232,0.018567124963738024,13,1.0,2996.79032,True,
LOCAL-v1-q3-minimum_radius-5083,3,candidate,13,239.05676076923075,0.02225445897784084,13,1.0,3107.73789,True,
LOCAL-v1-q3-minimum_radius-5084,3,candidate,14,247.04392,0.03160054108593613,14,1.0,3458.61488,True,
LOCAL-v1-q3-minimum_radius-5085,3,candidate,15,215.66170006666667,0.035954541992396116,15,1.0,3234.925501,True,
LOCAL-v1-q3-minimum_radius-5086,3,candidate,12,269.2604943333333,0.01737704104743898,12,1.0,3231.125932,True,
LOCAL-v1-q3-minimum_radius-5087,3,candidate,13,205.03119600000002,0.023428624961525202,13,1.0,2665.405548,True,
LOCAL-v1-q3-minimum_radius-5088,3,candidate,16,217.8937903125,0.022382208961062133,16,1.0,3486.300645,True,
LOCAL-v1-q3-minimum_radius-5089,3,candidate,15,211.18866006666667,0.020462124957703054,15,1.0,3167.829901,True,
LOCAL-v1-q3-minimum_radius-5090,3,candidate,14,251.6100132857143,0.030049709021113813,14,1.0,3522.540186,True,
LOCAL-v1-q3-minimum_radius-5091,3,candidate,12,257.62829858333333,0.025861541973426938,12,1.0,3091.539583,True,
LOCAL-v1-q3-minimum_radius-5092,3,candidate,11,244.76227990909092,0.023482999997213483,11,1.0,2692.385079,True,
LOCAL-v1-q3-minimum_radius-5093,3,candidate,15,233.806645,0.03056008298881352,15,1.0,3507.099675,True,
LOCAL-v1-q3-minimum_radius-5094,3,candidate,11,262.2032709090909,0.02731929102446884,11,1.0,2884.23598,True,
LOCAL-v1-q3-minimum_radius-5095,3,candidate,10,276.78121219999997,0.024177375016734004,10,1.0,2767.812122,True,
LOCAL-v1-q3-minimum_radius-5096,3,candidate,14,228.48897492857142,0.040616124984808266,14,1.0,3198.845649,True,
LOCAL-v1-q3-minimum_radius-5097,3,candidate,13,252.3716853076923,0.0264351669466123,13,1.0,3280.831909,True,
LOCAL-v1-q3-minimum_radius-5098,3,candidate,16,185.7500101875,0.025250041973777115,16,1.0,2972.000163,True,
LOCAL-v1-q3-minimum_radius-5099,3,candidate,13,234.61464207692308,0.022647125064395368,13,1.0,3049.990347,True,
LOCAL-v1-q3-exactly10_sources-5000,3,candidate,10,289.4990115,0.01668058300856501,10,1.0,2894.990115,True,
LOCAL-v1-q3-exactly10_sources-5001,3,candidate,10,245.3808687,0.028927374980412424,10,1.0,2453.808687,True,
LOCAL-v1-q3-exactly10_sources-5002,3,candidate,10,264.51493999999997,0.020913999993354082,10,1.0,2645.1494,True,
LOCAL-v1-q3-exactly10_sources-5003,3,candidate,10,288.5803953,0.020756915910169482,10,1.0,2885.803953,True,
LOCAL-v1-q3-exactly10_sources-5004,3,candidate,10,272.94038919999997,0.023117791046388447,10,1.0,2729.403892,True,
LOCAL-v1-q3-exactly10_sources-5005,3,candidate,10,259.73609780000004,0.02018020791001618,10,1.0,2597.360978,True,
LOCAL-v1-q3-exactly10_sources-5006,3,candidate,10,274.83537390000004,0.021604874986223876,10,1.0,2748.353739,True,
LOCAL-v1-q3-exactly10_sources-5007,3,candidate,10,303.4898888,0.02478462504222989,10,1.0,3034.898888,True,
LOCAL-v1-q3-exactly10_sources-5008,3,candidate,10,257.96087109999996,0.022987332893535495,10,1.0,2579.608711,True,
LOCAL-v1-q3-exactly10_sources-5009,3,candidate,10,263.9675658,0.02019312500488013,10,1.0,2639.675658,True,
LOCAL-v1-q3-exactly10_sources-5010,3,candidate,10,260.5997482,0.01642204204108566,10,1.0,2605.997482,True,
LOCAL-v1-q3-exactly10_sources-5011,3,candidate,10,290.5496845,0.021936792065389454,10,1.0,2905.496845,True,
LOCAL-v1-q3-exactly10_sources-5012,3,candidate,10,291.9178447,0.02618295804131776,10,1.0,2919.178447,True,
LOCAL-v1-q3-exactly10_sources-5013,3,candidate,10,290.9278289,0.032969791907817125,10,1.0,2909.278289,True,
LOCAL-v1-q3-exactly10_sources-5014,3,candidate,10,269.1384112,0.01644212508108467,10,1.0,2691.384112,True,
LOCAL-v1-q3-exactly10_sources-5015,3,candidate,10,296.5872741,0.022440833039581776,10,1.0,2965.872741,True,
LOCAL-v1-q3-exactly10_sources-5016,3,candidate,10,289.1791291,0.02038479200564325,10,1.0,2891.791291,True,
LOCAL-v1-q3-exactly10_sources-5017,3,candidate,10,326.7224061,0.027221249998547137,10,1.0,3267.224061,True,
LOCAL-v1-q3-exactly10_sources-5018,3,candidate,10,306.6414675,0.02429170801769942,10,1.0,3066.414675,True,
LOCAL-v1-q3-exactly10_sources-5019,3,candidate,10,289.44037360000004,0.020280124968849123,10,1.0,2894.403736,True,
LOCAL-v1-q3-exactly10_sources-5020,3,candidate,10,298.09233,0.02438570896629244,10,1.0,2980.9233,True,
LOCAL-v1-q3-exactly10_sources-5021,3,candidate,10,272.2946513,0.019567000097595155,10,1.0,2722.946513,True,
LOCAL-v1-q3-exactly10_sources-5022,3,candidate,10,285.9130522,0.02006420900579542,10,1.0,2859.130522,True,
LOCAL-v1-q3-exactly10_sources-5023,3,candidate,10,271.5454492,0.022163957939483225,10,1.0,2715.454492,True,
LOCAL-v1-q3-exactly10_sources-5024,3,candidate,10,245.2633084,0.02222174999769777,10,1.0,2452.633084,True,
LOCAL-v1-q3-exactly10_sources-5025,3,candidate,10,293.7867948,0.0201997080584988,10,1.0,2937.867948,True,
LOCAL-v1-q3-exactly10_sources-5026,3,candidate,10,331.6812202,0.020582375000230968,10,1.0,3316.812202,True,
LOCAL-v1-q3-exactly10_sources-5027,3,candidate,10,305.0747881,0.01898416702169925,10,1.0,3050.747881,True,
LOCAL-v1-q3-exactly10_sources-5028,3,candidate,10,282.3154662,0.016257625073194504,10,1.0,2823.154662,True,
LOCAL-v1-q3-exactly10_sources-5029,3,candidate,10,265.0016596,0.020297832903452218,10,1.0,2650.016596,True,
LOCAL-v1-q3-exactly10_sources-5030,3,candidate,10,281.3775815,0.016691041993908584,10,1.0,2813.775815,True,
LOCAL-v1-q3-exactly10_sources-5031,3,candidate,10,261.3194502,0.02297758311033249,10,1.0,2613.194502,True,
LOCAL-v1-q3-exactly10_sources-5032,3,candidate,10,277.4319117,0.015377999981865287,10,1.0,2774.319117,True,
LOCAL-v1-q3-exactly10_sources-5033,3,candidate,10,303.728878,0.013872083043679595,10,1.0,3037.28878,True,
LOCAL-v1-q3-exactly10_sources-5034,3,candidate,10,255.33926830000001,0.020822582999244332,10,1.0,2553.392683,True,
LOCAL-v1-q3-exactly10_sources-5035,3,candidate,10,296.9320678,0.026655125082470477,10,1.0,2969.320678,True,
LOCAL-v1-q3-exactly10_sources-5036,3,candidate,10,328.1685556,0.02439074998255819,10,1.0,3281.685556,True,
LOCAL-v1-q3-exactly10_sources-5037,3,candidate,10,265.557314,0.02299916697666049,10,1.0,2655.57314,True,
LOCAL-v1-q3-exactly10_sources-5038,3,candidate,10,293.3094693,0.021805583033710718,10,1.0,2933.094693,True,
LOCAL-v1-q3-exactly10_sources-5039,3,candidate,10,293.7892999,0.025526416022330523,10,1.0,2937.892999,True,
LOCAL-v1-q3-exactly10_sources-5040,3,candidate,10,297.83416040000003,0.04152175004128367,10,1.0,2978.341604,True,
LOCAL-v1-q3-exactly10_sources-5041,3,candidate,10,307.6964309,0.027338917017914355,10,1.0,3076.964309,True,
LOCAL-v1-q3-exactly10_sources-5042,3,candidate,10,268.4763928,0.024429499986581504,10,1.0,2684.763928,True,
LOCAL-v1-q3-exactly10_sources-5043,3,candidate,10,289.8322894,0.024999417015351355,10,1.0,2898.322894,True,
LOCAL-v1-q3-exactly10_sources-5044,3,candidate,10,274.3679963,0.02196733304299414,10,1.0,2743.679963,True,
LOCAL-v1-q3-exactly10_sources-5045,3,candidate,10,267.1159268,0.029159459052607417,10,1.0,2671.159268,True,
LOCAL-v1-q3-exactly10_sources-5046,3,candidate,10,288.1924012,0.022778082988224924,10,1.0,2881.924012,True,
LOCAL-v1-q3-exactly10_sources-5047,3,candidate,10,264.8879085,0.02273845800664276,10,1.0,2648.879085,True,
LOCAL-v1-q3-exactly10_sources-5048,3,candidate,10,264.8339073,0.01881870802026242,10,1.0,2648.339073,True,
LOCAL-v1-q3-exactly10_sources-5049,3,candidate,10,268.7364356,0.017940707970410585,10,1.0,2687.364356,True,
LOCAL-v1-q3-exactly10_sources-5050,3,candidate,10,264.89708529999996,0.019199542002752423,10,1.0,2648.970853,True,
LOCAL-v1-q3-exactly10_sources-5051,3,candidate,10,306.0411597,0.02587679191492498,10,1.0,3060.411597,True,
LOCAL-v1-q3-exactly10_sources-5052,3,candidate,10,302.2212718,0.0281873750500381,10,1.0,3022.212718,True,
LOCAL-v1-q3-exactly10_sources-5053,3,candidate,10,256.33164750000003,0.022734915954060853,10,1.0,2563.316475,True,
LOCAL-v1-q3-exactly10_sources-5054,3,candidate,10,300.1046941,0.019469500053673983,10,1.0,3001.046941,True,
LOCAL-v1-q3-exactly10_sources-5055,3,candidate,10,282.7013877,0.019059374928474426,10,1.0,2827.013877,True,
LOCAL-v1-q3-exactly10_sources-5056,3,candidate,10,290.3668484,0.021769125014543533,10,1.0,2903.668484,True,
LOCAL-v1-q3-exactly10_sources-5057,3,candidate,10,265.7911239,0.01955329196061939,10,1.0,2657.911239,True,
LOCAL-v1-q3-exactly10_sources-5058,3,candidate,10,275.54206600000003,0.02794987498782575,10,1.0,2755.42066,True,
LOCAL-v1-q3-exactly10_sources-5059,3,candidate,10,274.0211686,0.02757179189939052,10,1.0,2740.211686,True,
LOCAL-v1-q3-exactly10_sources-5060,3,candidate,10,271.40206079999996,0.026846959022805095,10,1.0,2714.020608,True,
LOCAL-v1-q3-exactly10_sources-5061,3,candidate,10,275.594593,0.017984458012506366,10,1.0,2755.94593,True,
LOCAL-v1-q3-exactly10_sources-5062,3,candidate,10,305.8017528,0.028621000004932284,10,1.0,3058.017528,True,
LOCAL-v1-q3-exactly10_sources-5063,3,candidate,10,294.2132752,0.02752404205966741,10,1.0,2942.132752,True,
LOCAL-v1-q3-exactly10_sources-5064,3,candidate,10,273.1548021,0.025362666929140687,10,1.0,2731.548021,True,
LOCAL-v1-q3-exactly10_sources-5065,3,candidate,10,277.77745719999996,0.02383583295159042,10,1.0,2777.774572,True,
LOCAL-v1-q3-exactly10_sources-5066,3,candidate,10,247.9589184,0.021539084031246603,10,1.0,2479.589184,True,
LOCAL-v1-q3-exactly10_sources-5067,3,candidate,10,303.9202933,0.02817929198499769,10,1.0,3039.202933,True,
LOCAL-v1-q3-exactly10_sources-5068,3,candidate,10,279.1495522,0.030397834023460746,10,1.0,2791.495522,True,
LOCAL-v1-q3-exactly10_sources-5069,3,candidate,10,265.8930854,0.021517917048186064,10,1.0,2658.930854,True,
LOCAL-v1-q3-exactly10_sources-5070,3,candidate,10,291.2319483,0.05286512500606477,10,1.0,2912.319483,True,
LOCAL-v1-q3-exactly10_sources-5071,3,candidate,10,290.2909366,0.02501695789396763,10,1.0,2902.909366,True,
LOCAL-v1-q3-exactly10_sources-5072,3,candidate,10,281.9072695,0.034093208028934896,10,1.0,2819.072695,True,
LOCAL-v1-q3-exactly10_sources-5073,3,candidate,10,260.91349660000003,0.015880041057243943,10,1.0,2609.134966,True,
LOCAL-v1-q3-exactly10_sources-5074,3,candidate,10,317.0831147,0.027137125027365983,10,1.0,3170.831147,True,
LOCAL-v1-q3-exactly10_sources-5075,3,candidate,10,268.191675,0.023251084028743207,10,1.0,2681.91675,True,
LOCAL-v1-q3-exactly10_sources-5076,3,candidate,10,307.2471924,0.02238041698001325,10,1.0,3072.471924,True,
LOCAL-v1-q3-exactly10_sources-5077,3,candidate,10,260.91945219999997,0.015193499973975122,10,1.0,2609.194522,True,
LOCAL-v1-q3-exactly10_sources-5078,3,candidate,10,267.4991669,0.01914279197808355,10,1.0,2674.991669,True,
LOCAL-v1-q3-exactly10_sources-5079,3,candidate,10,256.6873088,0.023687999928370118,10,1.0,2566.873088,True,
LOCAL-v1-q3-exactly10_sources-5080,3,candidate,10,275.0750666,0.021782666095532477,10,1.0,2750.750666,True,
LOCAL-v1-q3-exactly10_sources-5081,3,candidate,10,259.29586290000003,0.017469084006734192,10,1.0,2592.958629,True,
LOCAL-v1-q3-exactly10_sources-5082,3,candidate,10,309.0669535,0.019713165936991572,10,1.0,3090.669535,True,
LOCAL-v1-q3-exactly10_sources-5083,3,candidate,10,264.87501000000003,0.02228683396242559,10,1.0,2648.7501,True,
LOCAL-v1-q3-exactly10_sources-5084,3,candidate,10,284.1243284,0.019209374906495214,10,1.0,2841.243284,True,
LOCAL-v1-q3-exactly10_sources-5085,3,candidate,10,286.6976115,0.02804716699756682,10,1.0,2866.976115,True,
LOCAL-v1-q3-exactly10_sources-5086,3,candidate,10,275.6922745,0.0166437920415774,10,1.0,2756.922745,True,
LOCAL-v1-q3-exactly10_sources-5087,3,candidate,10,274.0426777,0.019802332972176373,10,1.0,2740.426777,True,
LOCAL-v1-q3-exactly10_sources-5088,3,candidate,10,297.2556471,0.022041124990209937,10,1.0,2972.556471,True,
LOCAL-v1-q3-exactly10_sources-5089,3,candidate,10,284.3820753,0.021411208086647093,10,1.0,2843.820753,True,
LOCAL-v1-q3-exactly10_sources-5090,3,candidate,10,280.96044489999997,0.01818250003270805,10,1.0,2809.604449,True,
LOCAL-v1-q3-exactly10_sources-5091,3,candidate,10,309.4469716,0.02602812508121133,10,1.0,3094.469716,True,
LOCAL-v1-q3-exactly10_sources-5092,3,candidate,10,289.5956459,0.02378774993121624,10,1.0,2895.956459,True,
LOCAL-v1-q3-exactly10_sources-5093,3,candidate,10,288.1484428,0.02179283299483359,10,1.0,2881.484428,True,
LOCAL-v1-q3-exactly10_sources-5094,3,candidate,10,284.5328446,0.025889792013913393,10,1.0,2845.328446,True,
LOCAL-v1-q3-exactly10_sources-5095,3,candidate,10,293.6682697,0.031239875010214746,10,1.0,2936.682697,True,
LOCAL-v1-q3-exactly10_sources-5096,3,candidate,10,282.8665932,0.038173125009052455,10,1.0,2828.665932,True,
LOCAL-v1-q3-exactly10_sources-5097,3,candidate,10,230.9228396,0.022673040977679193,10,1.0,2309.228396,True,
LOCAL-v1-q3-exactly10_sources-5098,3,candidate,10,292.0387613,0.019902374944649637,10,1.0,2920.387613,True,
LOCAL-v1-q3-exactly10_sources-5099,3,candidate,10,275.5030545,0.025185291073285043,10,1.0,2755.030545,True,
LOCAL-v1-q3-exactly16_sources-5000,3,candidate,16,226.214944125,0.029793416964821517,16,1.0,3619.439106,True,
LOCAL-v1-q3-exactly16_sources-5001,3,candidate,16,161.202402875,0.03930616704747081,16,1.0,2579.238446,True,
LOCAL-v1-q3-exactly16_sources-5002,3,candidate,16,207.4543645625,0.03035575000103563,16,1.0,3319.269833,True,
LOCAL-v1-q3-exactly16_sources-5003,3,candidate,16,209.060222375,0.030832292046397924,16,1.0,3344.963558,True,
LOCAL-v1-q3-exactly16_sources-5004,3,candidate,16,202.062608375,0.04577962507028133,16,1.0,3233.001734,True,
LOCAL-v1-q3-exactly16_sources-5005,3,candidate,16,208.0473441875,0.0535555420210585,16,1.0,3328.757507,True,
LOCAL-v1-q3-exactly16_sources-5006,3,candidate,16,184.3559376875,0.030959875090047717,16,1.0,2949.695003,True,
LOCAL-v1-q3-exactly16_sources-5007,3,candidate,16,190.5085683125,0.03784795803949237,16,1.0,3048.137093,True,
LOCAL-v1-q3-exactly16_sources-5008,3,candidate,16,165.8958954375,0.049402875010855496,16,1.0,2654.334327,True,
LOCAL-v1-q3-exactly16_sources-5009,3,candidate,16,208.5391028125,0.058863666956312954,16,1.0,3336.625645,True,
LOCAL-v1-q3-exactly16_sources-5010,3,candidate,16,204.0061639375,0.053499708068557084,16,1.0,3264.098623,True,
LOCAL-v1-q3-exactly16_sources-5011,3,candidate,16,166.4272863125,0.033003290998749435,16,1.0,2662.836581,True,
LOCAL-v1-q3-exactly16_sources-5012,3,candidate,16,179.146861375,0.05213858396746218,16,1.0,2866.349782,True,
LOCAL-v1-q3-exactly16_sources-5013,3,candidate,16,219.2660125,0.049451833008788526,16,1.0,3508.2562,True,
LOCAL-v1-q3-exactly16_sources-5014,3,candidate,16,189.0450585,0.039941249997355044,16,1.0,3024.720936,True,
LOCAL-v1-q3-exactly16_sources-5015,3,candidate,16,177.256501375,0.04908770904876292,16,1.0,2836.104022,True,
LOCAL-v1-q3-exactly16_sources-5016,3,candidate,16,212.1607228125,0.035076666972599924,16,1.0,3394.571565,True,
LOCAL-v1-q3-exactly16_sources-5017,3,candidate,16,196.13881875,0.0315154999261722,16,1.0,3138.2211,True,
LOCAL-v1-q3-exactly16_sources-5018,3,candidate,16,203.601531875,0.033839749987237155,16,1.0,3257.62451,True,
LOCAL-v1-q3-exactly16_sources-5019,3,candidate,16,200.2023115,0.025071749929338694,16,1.0,3203.236984,True,
LOCAL-v1-q3-exactly16_sources-5020,3,candidate,16,204.4053836875,0.028605708037503064,16,1.0,3270.486139,True,
LOCAL-v1-q3-exactly16_sources-5021,3,candidate,16,199.8333829375,0.03864333301316947,16,1.0,3197.334127,True,
LOCAL-v1-q3-exactly16_sources-5022,3,candidate,16,208.9806441875,0.047052750014699996,16,1.0,3343.690307,True,
LOCAL-v1-q3-exactly16_sources-5023,3,candidate,16,219.166789625,0.03476491605397314,16,1.0,3506.668634,True,
LOCAL-v1-q3-exactly16_sources-5024,3,candidate,16,177.3300271875,0.03507129196077585,16,1.0,2837.280435,True,
LOCAL-v1-q3-exactly16_sources-5025,3,candidate,16,194.2420655625,0.04966891696676612,16,1.0,3107.873049,True,
LOCAL-v1-q3-exactly16_sources-5026,3,candidate,16,182.9708009375,0.053191374987363815,16,1.0,2927.532815,True,
LOCAL-v1-q3-exactly16_sources-5027,3,candidate,16,194.9114510625,0.050475249998271465,16,1.0,3118.583217,True,
LOCAL-v1-q3-exactly16_sources-5028,3,candidate,16,203.7446325,0.03941062500234693,16,1.0,3259.91412,True,
LOCAL-v1-q3-exactly16_sources-5029,3,candidate,16,206.806391875,0.034618584089912474,16,1.0,3308.90227,True,
LOCAL-v1-q3-exactly16_sources-5030,3,candidate,16,212.3550995625,0.027600000030361116,16,1.0,3397.681593,True,
LOCAL-v1-q3-exactly16_sources-5031,3,candidate,16,217.580401,0.047334915958344936,16,1.0,3481.286416,True,
LOCAL-v1-q3-exactly16_sources-5032,3,candidate,16,186.6339919375,0.04030337498988956,16,1.0,2986.143871,True,
LOCAL-v1-q3-exactly16_sources-5033,3,candidate,16,182.5739025,0.04820099996868521,16,1.0,2921.18244,True,
LOCAL-v1-q3-exactly16_sources-5034,3,candidate,16,167.486647125,0.03859679098241031,16,1.0,2679.786354,True,
LOCAL-v1-q3-exactly16_sources-5035,3,candidate,16,208.80844675,0.03658445901237428,16,1.0,3340.935148,True,
LOCAL-v1-q3-exactly16_sources-5036,3,candidate,16,200.215835625,0.0389306660508737,16,1.0,3203.45337,True,
LOCAL-v1-q3-exactly16_sources-5037,3,candidate,16,185.113432375,0.03213679092004895,16,1.0,2961.814918,True,
LOCAL-v1-q3-exactly16_sources-5038,3,candidate,16,184.6762475625,0.03438187506981194,16,1.0,2954.819961,True,
LOCAL-v1-q3-exactly16_sources-5039,3,candidate,16,188.7938590625,0.02830737503245473,16,1.0,3020.701745,True,
LOCAL-v1-q3-exactly16_sources-5040,3,candidate,16,209.781315,0.04098024999257177,16,1.0,3356.50104,True,
LOCAL-v1-q3-exactly16_sources-5041,3,candidate,16,214.7074273125,0.038173875072970986,16,1.0,3435.318837,True,
LOCAL-v1-q3-exactly16_sources-5042,3,candidate,16,203.55471075,0.04762533400207758,16,1.0,3256.875372,True,
LOCAL-v1-q3-exactly16_sources-5043,3,candidate,16,195.385727,0.03397041594143957,16,1.0,3126.171632,True,
LOCAL-v1-q3-exactly16_sources-5044,3,candidate,16,172.5493530625,0.035971750039607286,16,1.0,2760.789649,True,
LOCAL-v1-q3-exactly16_sources-5045,3,candidate,16,180.138050875,0.03516545798629522,16,1.0,2882.208814,True,
LOCAL-v1-q3-exactly16_sources-5046,3,candidate,16,199.3776945625,0.045479292050004005,16,1.0,3190.043113,True,
LOCAL-v1-q3-exactly16_sources-5047,3,candidate,16,199.1059624375,0.036896167090162635,16,1.0,3185.695399,True,
LOCAL-v1-q3-exactly16_sources-5048,3,candidate,16,188.3839703125,0.036128042032942176,16,1.0,3014.143525,True,
LOCAL-v1-q3-exactly16_sources-5049,3,candidate,16,183.1645456875,0.03213162499014288,16,1.0,2930.632731,True,
LOCAL-v1-q3-exactly16_sources-5050,3,candidate,16,196.9050615,0.03745229204650968,16,1.0,3150.480984,True,
LOCAL-v1-q3-exactly16_sources-5051,3,candidate,16,208.3822461875,0.04077099997084588,16,1.0,3334.115939,True,
LOCAL-v1-q3-exactly16_sources-5052,3,candidate,16,181.5395119375,0.04554650001227856,16,1.0,2904.632191,True,
LOCAL-v1-q3-exactly16_sources-5053,3,candidate,16,225.84806975,0.03500079200603068,16,1.0,3613.569116,True,
LOCAL-v1-q3-exactly16_sources-5054,3,candidate,16,230.7024495,0.05363025004044175,16,1.0,3691.239192,True,
LOCAL-v1-q3-exactly16_sources-5055,3,candidate,16,176.45663175,0.04099541692994535,16,1.0,2823.306108,True,
LOCAL-v1-q3-exactly16_sources-5056,3,candidate,16,199.5373266875,0.035761874984018505,16,1.0,3192.597227,True,
LOCAL-v1-q3-exactly16_sources-5057,3,candidate,16,195.144975375,0.027431500027887523,16,1.0,3122.319606,True,
LOCAL-v1-q3-exactly16_sources-5058,3,candidate,16,204.372666,0.03751633397769183,16,1.0,3269.962656,True,
LOCAL-v1-q3-exactly16_sources-5059,3,candidate,16,189.9678871875,0.04548420803621411,16,1.0,3039.486195,True,
LOCAL-v1-q3-exactly16_sources-5060,3,candidate,16,182.0337270625,0.046154709067195654,16,1.0,2912.539633,True,
LOCAL-v1-q3-exactly16_sources-5061,3,candidate,16,213.806418625,0.041228707996197045,16,1.0,3420.902698,True,
LOCAL-v1-q3-exactly16_sources-5062,3,candidate,16,202.0211118125,0.0539521659957245,16,1.0,3232.337789,True,
LOCAL-v1-q3-exactly16_sources-5063,3,candidate,16,170.18976075,0.02870966703630984,16,1.0,2723.036172,True,
LOCAL-v1-q3-exactly16_sources-5064,3,candidate,16,217.7683683125,0.048264042008668184,16,1.0,3484.293893,True,
LOCAL-v1-q3-exactly16_sources-5065,3,candidate,16,200.5523466875,0.03536779200658202,16,1.0,3208.837547,True,
LOCAL-v1-q3-exactly16_sources-5066,3,candidate,16,202.0340150625,0.032370417029596865,16,1.0,3232.544241,True,
LOCAL-v1-q3-exactly16_sources-5067,3,candidate,16,221.02654975,0.037097582942806184,16,1.0,3536.424796,True,
LOCAL-v1-q3-exactly16_sources-5068,3,candidate,16,195.5797125625,0.03999674995429814,16,1.0,3129.275401,True,
LOCAL-v1-q3-exactly16_sources-5069,3,candidate,16,205.0940795625,0.04404941701795906,16,1.0,3281.505273,True,
LOCAL-v1-q3-exactly16_sources-5070,3,candidate,16,190.83527,0.03998312493786216,16,1.0,3053.36432,True,
LOCAL-v1-q3-exactly16_sources-5071,3,candidate,16,182.507392375,0.031124666915275156,16,1.0,2920.118278,True,
LOCAL-v1-q3-exactly16_sources-5072,3,candidate,16,204.448915,0.04131491691805422,16,1.0,3271.18264,True,
LOCAL-v1-q3-exactly16_sources-5073,3,candidate,16,154.335019875,0.03347008302807808,16,1.0,2469.360318,True,
LOCAL-v1-q3-exactly16_sources-5074,3,candidate,16,216.009135625,0.04383404098916799,16,1.0,3456.14617,True,
LOCAL-v1-q3-exactly16_sources-5075,3,candidate,16,212.8303800625,0.036398874945007265,16,1.0,3405.286081,True,
LOCAL-v1-q3-exactly16_sources-5076,3,candidate,16,185.039477,0.025934292003512383,16,1.0,2960.631632,True,
LOCAL-v1-q3-exactly16_sources-5077,3,candidate,16,173.7038010625,0.027528249891474843,16,1.0,2779.260817,True,
LOCAL-v1-q3-exactly16_sources-5078,3,candidate,16,173.3972755,0.036271207965910435,16,1.0,2774.356408,True,
LOCAL-v1-q3-exactly16_sources-5079,3,candidate,16,199.6244185,0.05128258396871388,16,1.0,3193.990696,True,
LOCAL-v1-q3-exactly16_sources-5080,3,candidate,16,193.1793401875,0.026341374963521957,16,1.0,3090.869443,True,
LOCAL-v1-q3-exactly16_sources-5081,3,candidate,16,217.0855748125,0.05072366597596556,16,1.0,3473.369197,True,
LOCAL-v1-q3-exactly16_sources-5082,3,candidate,16,190.1066281875,0.019035666016861796,16,1.0,3041.706051,True,
LOCAL-v1-q3-exactly16_sources-5083,3,candidate,16,214.20374425,0.03694745805114508,16,1.0,3427.259908,True,
LOCAL-v1-q3-exactly16_sources-5084,3,candidate,16,222.6224370625,0.03552704199682921,16,1.0,3561.958993,True,
LOCAL-v1-q3-exactly16_sources-5085,3,candidate,16,162.4899005,0.023188041988760233,16,1.0,2599.838408,True,
LOCAL-v1-q3-exactly16_sources-5086,3,candidate,16,172.021682875,0.033081332920119166,16,1.0,2752.346926,True,
LOCAL-v1-q3-exactly16_sources-5087,3,candidate,16,213.070811375,0.03076687501743436,16,1.0,3409.132982,True,
LOCAL-v1-q3-exactly16_sources-5088,3,candidate,16,189.3436608125,0.03259891690686345,16,1.0,3029.498573,True,
LOCAL-v1-q3-exactly16_sources-5089,3,candidate,16,189.4835058125,0.04932474996894598,16,1.0,3031.736093,True,
LOCAL-v1-q3-exactly16_sources-5090,3,candidate,16,193.7091858125,0.027773540932685137,16,1.0,3099.346973,True,
LOCAL-v1-q3-exactly16_sources-5091,3,candidate,16,213.3708260625,0.03777275001630187,16,1.0,3413.933217,True,
LOCAL-v1-q3-exactly16_sources-5092,3,candidate,16,196.90435275,0.04346137505490333,16,1.0,3150.469644,True,
LOCAL-v1-q3-exactly16_sources-5093,3,candidate,16,226.55570625,0.036685041966848075,16,1.0,3624.8913,True,
LOCAL-v1-q3-exactly16_sources-5094,3,candidate,16,175.8732505,0.023973666015081108,16,1.0,2813.972008,True,
LOCAL-v1-q3-exactly16_sources-5095,3,candidate,16,210.0911068125,0.037862207973375916,16,1.0,3361.457709,True,
LOCAL-v1-q3-exactly16_sources-5096,3,candidate,16,192.0189358125,0.03738404100295156,16,1.0,3072.302973,True,
LOCAL-v1-q3-exactly16_sources-5097,3,candidate,16,193.6332651875,0.02712558303028345,16,1.0,3098.132243,True,
LOCAL-v1-q3-exactly16_sources-5098,3,candidate,16,182.5817383125,0.02975716709624976,16,1.0,2921.307813,True,
LOCAL-v1-q3-exactly16_sources-5099,3,candidate,16,204.1677451875,0.04288970795460045,16,1.0,3266.683923,True,
LOCAL-v1-q4-reference_assumed-5000,4,candidate,11,513.0746979090909,0.03945049992762506,11,1.0,5643.821677,True,
LOCAL-v1-q4-reference_assumed-5001,4,candidate,14,425.72706807142856,0.03667916601989418,14,1.0,5960.178953,True,
LOCAL-v1-q4-reference_assumed-5002,4,candidate,15,408.53894406666666,0.03882104193326086,15,1.0,6128.084161,True,
LOCAL-v1-q4-reference_assumed-5003,4,candidate,11,510.2367298181818,0.03422770893666893,11,1.0,5612.604028,True,
LOCAL-v1-q4-reference_assumed-5004,4,candidate,12,456.2853075,0.038637958001345396,12,1.0,5475.42369,True,
LOCAL-v1-q4-reference_assumed-5005,4,candidate,11,510.5320701818182,0.034269209019839764,11,1.0,5615.852772,True,
LOCAL-v1-q4-reference_assumed-5006,4,candidate,11,530.1278799090909,0.03231391601730138,11,1.0,5831.406679,True,
LOCAL-v1-q4-reference_assumed-5007,4,candidate,11,539.8041681818181,0.025860666995868087,11,1.0,5937.84585,True,
LOCAL-v1-q4-reference_assumed-5008,4,candidate,10,588.4216708,0.030090874992311,10,1.0,5884.216708,True,
LOCAL-v1-q4-reference_assumed-5009,4,candidate,14,393.4025559285714,0.04513033293187618,14,1.0,5507.635783,True,
LOCAL-v1-q4-reference_assumed-5010,4,candidate,12,472.1744168333333,0.03979020903352648,12,1.0,5666.093002,True,
LOCAL-v1-q4-reference_assumed-5011,4,candidate,15,366.88101793333334,0.2163597500184551,15,1.0,5503.215269,True,
LOCAL-v1-q4-reference_assumed-5012,4,candidate,10,609.2163611,0.08791495906189084,10,1.0,6092.163611,True,
LOCAL-v1-q4-reference_assumed-5013,4,candidate,12,479.0551163333334,0.0876045839395374,12,1.0,5748.661396,True,
LOCAL-v1-q4-reference_assumed-5014,4,candidate,11,517.1527766363637,0.03083129203878343,11,1.0,5688.680543,True,
LOCAL-v1-q4-reference_assumed-5015,4,candidate,12,496.50626141666663,0.039899124996736646,12,1.0,5958.075137,True,
LOCAL-v1-q4-reference_assumed-5016,4,candidate,16,295.1647285625,0.04639583395328373,16,1.0,4722.635657,True,
LOCAL-v1-q4-reference_assumed-5017,4,candidate,15,446.15219193333337,0.036427375045605004,15,1.0,6692.282879,True,
LOCAL-v1-q4-reference_assumed-5018,4,candidate,10,606.3802839,0.026201332919299603,10,1.0,6063.802839,True,
LOCAL-v1-q4-reference_assumed-5019,4,candidate,11,504.75111181818187,0.0304605420678854,11,1.0,5552.26223,True,
LOCAL-v1-q4-reference_assumed-5020,4,candidate,16,290.5947935,0.049654916976578534,16,1.0,4649.516696,True,
LOCAL-v1-q4-reference_assumed-5021,4,candidate,14,428.9398853571429,0.03955687501002103,14,1.0,6005.158395,True,
LOCAL-v1-q4-reference_assumed-5022,4,candidate,14,467.7071529285714,0.03515612496994436,14,1.0,6547.900141,True,
LOCAL-v1-q4-reference_assumed-5023,4,candidate,15,377.13716519999997,0.04567525000311434,15,1.0,5657.057478,True,
LOCAL-v1-q4-reference_assumed-5024,4,candidate,13,440.3648892307692,0.0381171660264954,13,1.0,5724.74356,True,
LOCAL-v1-q4-reference_assumed-5025,4,candidate,12,483.89798633333334,0.030794375110417604,12,1.0,5806.775836,True,
LOCAL-v1-q4-reference_assumed-5026,4,candidate,15,372.4407934,0.04448200005572289,15,1.0,5586.611901,True,
LOCAL-v1-q4-reference_assumed-5027,4,candidate,11,536.4130315454545,0.030057416995987296,11,1.0,5900.543347,True,
LOCAL-v1-q4-reference_assumed-5028,4,candidate,10,596.9988122,0.026933750021271408,10,1.0,5969.988122,True,
LOCAL-v1-q4-reference_assumed-5029,4,candidate,11,564.6075144545455,0.03579879191238433,11,1.0,6210.682659,True,
LOCAL-v1-q4-reference_assumed-5030,4,candidate,12,513.9304313333333,0.033541249926202,12,1.0,6167.165176,True,
LOCAL-v1-q4-reference_assumed-5031,4,candidate,15,439.47253259999997,0.04094412503764033,15,1.0,6592.087989,True,
LOCAL-v1-q4-reference_assumed-5032,4,candidate,11,521.2925185454545,0.040024833055213094,11,1.0,5734.217704,True,
LOCAL-v1-q4-reference_assumed-5033,4,candidate,14,396.4495472857143,0.05363266705535352,14,1.0,5550.293662,True,
LOCAL-v1-q4-reference_assumed-5034,4,candidate,16,372.7397685,0.0394201671006158,16,1.0,5963.836296,True,
LOCAL-v1-q4-reference_assumed-5035,4,candidate,10,589.9988218000001,0.02690283302217722,10,1.0,5899.988218,True,
LOCAL-v1-q4-reference_assumed-5036,4,candidate,15,437.5541055333333,0.07494337495882064,15,1.0,6563.311583,True,
LOCAL-v1-q4-reference_assumed-5037,4,candidate,15,422.6250647333334,0.09522058302536607,15,1.0,6339.375971,True,
LOCAL-v1-q4-reference_assumed-5038,4,candidate,16,297.490811625,0.08335504203569144,16,1.0,4759.852986,True,
LOCAL-v1-q4-reference_assumed-5039,4,candidate,10,585.5069384000001,0.038941499893553555,10,1.0,5855.069384,True,
LOCAL-v1-q4-reference_assumed-5040,4,candidate,15,393.7269542,0.059917000005953014,15,1.0,5905.904313,True,
LOCAL-v1-q4-reference_assumed-5041,4,candidate,15,386.4958876,0.047396665904670954,15,1.0,5797.438314,True,
LOCAL-v1-q4-reference_assumed-5042,4,candidate,11,530.6678938181818,0.03506562497932464,11,1.0,5837.346832,True,
LOCAL-v1-q4-reference_assumed-5043,4,candidate,12,522.9489103333334,0.03727916697971523,12,1.0,6275.386924,True,
LOCAL-v1-q4-reference_assumed-5044,4,candidate,11,597.878064,0.03665891697164625,11,1.0,6576.658704,True,
LOCAL-v1-q4-reference_assumed-5045,4,candidate,11,501.8673544545454,0.04156229202635586,11,1.0,5520.540899,True,
LOCAL-v1-q4-reference_assumed-5046,4,candidate,10,568.5910778,0.032190541038289666,10,1.0,5685.910778,True,
LOCAL-v1-q4-reference_assumed-5047,4,candidate,16,272.26069975,0.058151124976575375,16,1.0,4356.171196,True,
LOCAL-v1-q4-reference_assumed-5048,4,candidate,12,497.17325024999997,0.042056042002514005,12,1.0,5966.079003,True,
LOCAL-v1-q4-reference_assumed-5049,4,candidate,10,607.2507286,0.030681291944347322,10,1.0,6072.507286,True,
LOCAL-v1-q4-reference_assumed-5050,4,candidate,15,388.78277686666667,0.05557366693392396,15,1.0,5831.741653,True,
LOCAL-v1-q4-reference_assumed-5051,4,candidate,11,521.6574964545454,0.03186483297031373,11,1.0,5738.232461,True,
LOCAL-v1-q4-reference_assumed-5052,4,candidate,13,433.67863284615385,0.0333570420043543,13,1.0,5637.822227,True,
LOCAL-v1-q4-reference_assumed-5053,4,candidate,16,291.674057625,0.043920708005316556,16,1.0,4666.784922,True,
LOCAL-v1-q4-reference_assumed-5054,4,candidate,16,250.5360050625,0.03971462498884648,16,1.0,4008.576081,True,
LOCAL-v1-q4-reference_assumed-5055,4,candidate,12,520.52388275,0.06617629190441221,12,1.0,6246.286593,True,
LOCAL-v1-q4-reference_assumed-5056,4,candidate,13,487.41165407692307,0.04804329096805304,13,1.0,6336.351503,True,
LOCAL-v1-q4-reference_assumed-5057,4,candidate,13,471.7723056923077,0.043716292013414204,13,1.0,6133.039974,True,
LOCAL-v1-q4-reference_assumed-5058,4,candidate,14,409.5139759285715,0.04471108294092119,14,1.0,5733.195663,True,
LOCAL-v1-q4-reference_assumed-5059,4,candidate,12,438.59833475,0.04505404201336205,12,1.0,5263.180017,True,
LOCAL-v1-q4-reference_assumed-5060,4,candidate,11,523.8811746363637,0.027190583990886807,11,1.0,5762.692921,True,
LOCAL-v1-q4-reference_assumed-5061,4,candidate,13,473.5884132307692,0.036269916919991374,13,1.0,6156.649372,True,
LOCAL-v1-q4-reference_assumed-5062,4,candidate,16,273.235920625,0.05248300009407103,16,1.0,4371.77473,True,
LOCAL-v1-q4-reference_assumed-5063,4,candidate,15,384.20042846666666,0.04981445800513029,15,1.0,5763.006427,True,
LOCAL-v1-q4-reference_assumed-5064,4,candidate,13,446.9547437692308,0.03478004189673811,13,1.0,5810.411669,True,
LOCAL-v1-q4-reference_assumed-5065,4,candidate,12,529.2418555,0.031850332976318896,12,1.0,6350.902266,True,
LOCAL-v1-q4-reference_assumed-5066,4,candidate,10,589.5658861,0.02843749988824129,10,1.0,5895.658861,True,
LOCAL-v1-q4-reference_assumed-5067,4,candidate,16,316.2188593125,0.04657912498805672,16,1.0,5059.501749,True,
LOCAL-v1-q4-reference_assumed-5068,4,candidate,13,463.4966855384615,0.036626000073738396,13,1.0,6025.456912,True,
LOCAL-v1-q4-reference_assumed-5069,4,candidate,14,440.93969578571426,0.03577716590370983,14,1.0,6173.155741,True,
LOCAL-v1-q4-reference_assumed-5070,4,candidate,12,464.97040291666667,0.03128879191353917,12,1.0,5579.644835,True,
LOCAL-v1-q4-reference_assumed-5071,4,candidate,12,470.1712043333334,0.045964375021867454,12,1.0,5642.054452,True,
LOCAL-v1-q4-reference_assumed-5072,4,candidate,15,404.7261686666667,0.05040937499143183,15,1.0,6070.89253,True,
LOCAL-v1-q4-reference_assumed-5073,4,candidate,10,542.2498204999999,0.03761783300433308,10,1.0,5422.498205,True,
LOCAL-v1-q4-reference_assumed-5074,4,candidate,16,282.2100508125,0.05938233307097107,16,1.0,4515.360813,True,
LOCAL-v1-q4-reference_assumed-5075,4,candidate,15,384.8457176666667,0.04312862502411008,15,1.0,5772.685765,True,
LOCAL-v1-q4-reference_assumed-5076,4,candidate,12,489.162937,0.051226124982349575,12,1.0,5869.955244,True,
LOCAL-v1-q4-reference_assumed-5077,4,candidate,14,385.1092304285714,0.044418458943255246,14,1.0,5391.529226,True,
LOCAL-v1-q4-reference_assumed-5078,4,candidate,13,442.3677832307692,0.05439391708932817,13,1.0,5750.781182,True,
LOCAL-v1-q4-reference_assumed-5079,4,candidate,10,565.5470445,0.030548457987606525,10,1.0,5655.470445,True,
LOCAL-v1-q4-reference_assumed-5080,4,candidate,10,598.413742,0.025584334041923285,10,1.0,5984.13742,True,
LOCAL-v1-q4-reference_assumed-5081,4,candidate,16,246.633012625,0.03906049998477101,16,1.0,3946.128202,True,
LOCAL-v1-q4-reference_assumed-5082,4,candidate,13,450.45679146153844,0.03675679094158113,13,1.0,5855.938289,True,
LOCAL-v1-q4-reference_assumed-5083,4,candidate,13,415.0237977692308,0.04027683299500495,13,1.0,5395.309371,True,
LOCAL-v1-q4-reference_assumed-5084,4,candidate,14,397.76114107142854,0.04028562502935529,14,1.0,5568.655975,True,
LOCAL-v1-q4-reference_assumed-5085,4,candidate,15,388.48956266666664,0.0531495000468567,15,1.0,5827.34344,True,
LOCAL-v1-q4-reference_assumed-5086,4,candidate,12,520.1939433333333,0.037909624981693923,12,1.0,6242.32732,True,
LOCAL-v1-q4-reference_assumed-5087,4,candidate,13,439.94666146153844,0.03661116701550782,13,1.0,5719.306599,True,
LOCAL-v1-q4-reference_assumed-5088,4,candidate,16,301.3983085,0.04771833401173353,16,1.0,4822.372936,True,
LOCAL-v1-q4-reference_assumed-5089,4,candidate,15,367.882477,0.040217667003162205,15,1.0,5518.237155,True,
LOCAL-v1-q4-reference_assumed-5090,4,candidate,14,401.04107385714286,0.09801962494384497,14,1.0,5614.575034,True,
LOCAL-v1-q4-reference_assumed-5091,4,candidate,12,483.57767341666664,0.03501949994824827,12,1.0,5802.932081,True,
LOCAL-v1-q4-reference_assumed-5092,4,candidate,11,531.8437355454545,0.058232042007148266,11,1.0,5850.281091,True,
LOCAL-v1-q4-reference_assumed-5093,4,candidate,15,407.1523514,0.038904208107851446,15,1.0,6107.285271,True,
LOCAL-v1-q4-reference_assumed-5094,4,candidate,11,539.2945742727272,0.025609374977648258,11,1.0,5932.240317,True,
LOCAL-v1-q4-reference_assumed-5095,4,candidate,10,599.8534388,0.024430125020444393,10,1.0,5998.534388,True,
LOCAL-v1-q4-reference_assumed-5096,4,candidate,14,384.18536521428575,0.04249779100064188,14,1.0,5378.595113,True,
LOCAL-v1-q4-reference_assumed-5097,4,candidate,13,447.41375530769227,0.029968083021230996,13,1.0,5816.378819,True,
LOCAL-v1-q4-reference_assumed-5098,4,candidate,16,230.964425125,0.04086991597432643,16,1.0,3695.430802,True,
LOCAL-v1-q4-reference_assumed-5099,4,candidate,13,510.3352199230769,0.028149958001449704,13,1.0,6634.357859,True,
LOCAL-v1-q4-fixed_positive_bias-5000,4,candidate,11,504.72781954545457,0.038669583038426936,11,1.0,5552.006015,True,
LOCAL-v1-q4-fixed_positive_bias-5001,4,candidate,14,445.71067700000003,0.03814416693057865,14,1.0,6239.949478,True,
LOCAL-v1-q4-fixed_positive_bias-5002,4,candidate,15,404.6236096,0.038735207985155284,15,1.0,6069.354144,True,
LOCAL-v1-q4-fixed_positive_bias-5003,4,candidate,11,534.6147596363636,0.029798291041515768,11,1.0,5880.762356,True,
LOCAL-v1-q4-fixed_positive_bias-5004,4,candidate,12,457.7640533333333,0.03991670801769942,12,1.0,5493.16864,True,
LOCAL-v1-q4-fixed_positive_bias-5005,4,candidate,11,514.2070540909091,0.03325445810332894,11,1.0,5656.277595,True,
LOCAL-v1-q4-fixed_positive_bias-5006,4,candidate,11,527.6336343636364,0.03265974996611476,11,1.0,5803.969978,True,
LOCAL-v1-q4-fixed_positive_bias-5007,4,candidate,11,533.2485011818181,0.027984374901279807,11,1.0,5865.733513,True,
LOCAL-v1-q4-fixed_positive_bias-5008,4,candidate,10,595.2855104,0.03611133305821568,10,1.0,5952.855104,True,
LOCAL-v1-q4-fixed_positive_bias-5009,4,candidate,14,420.8390883571428,0.05498325009830296,14,1.0,5891.747237,True,
LOCAL-v1-q4-fixed_positive_bias-5010,4,candidate,12,474.09323025000003,0.044450500048696995,12,1.0,5689.118763,True,
LOCAL-v1-q4-fixed_positive_bias-5011,4,candidate,15,363.2284785333333,0.05467937502544373,15,1.0,5448.427178,True,
LOCAL-v1-q4-fixed_positive_bias-5012,4,candidate,10,609.6326745,0.02752337499987334,10,1.0,6096.326745,True,
LOCAL-v1-q4-fixed_positive_bias-5013,4,candidate,12,490.4005485833333,0.04235595895443112,12,1.0,5884.806583,True,
LOCAL-v1-q4-fixed_positive_bias-5014,4,candidate,11,518.9057968181819,0.03072095802053809,11,1.0,5707.963765,True,
LOCAL-v1-q4-fixed_positive_bias-5015,4,candidate,12,508.1602861666667,0.036202416056767106,12,1.0,6097.923434,True,
LOCAL-v1-q4-fixed_positive_bias-5016,4,candidate,16,213.155118625,0.041064208024181426,16,1.0,3410.481898,True,
LOCAL-v1-q4-fixed_positive_bias-5017,4,candidate,15,455.05055,0.03768512501846999,15,1.0,6825.75825,True,
LOCAL-v1-q4-fixed_positive_bias-5018,4,candidate,10,643.8497365000001,0.02262758300639689,10,1.0,6438.497365,True,
LOCAL-v1-q4-fixed_positive_bias-5019,4,candidate,11,505.31818672727275,0.026672292035073042,11,1.0,5558.500054,True,
LOCAL-v1-q4-fixed_positive_bias-5020,4,candidate,16,294.7145949375,0.05088250001426786,16,1.0,4715.433519,True,
LOCAL-v1-q4-fixed_positive_bias-5021,4,candidate,14,432.69897485714284,0.03451012494042516,14,1.0,6057.785648,True,
LOCAL-v1-q4-fixed_positive_bias-5022,4,candidate,14,470.92456221428574,0.03519724996294826,14,1.0,6592.943871,True,
LOCAL-v1-q4-fixed_positive_bias-5023,4,candidate,15,374.35866573333334,0.03932929097209126,15,1.0,5615.379986,True,
LOCAL-v1-q4-fixed_positive_bias-5024,4,candidate,13,444.3857698461539,0.03942854201886803,13,1.0,5777.015008,True,
LOCAL-v1-q4-fixed_positive_bias-5025,4,candidate,12,508.24370408333334,0.02580800000578165,12,1.0,6098.924449,True,
LOCAL-v1-q4-fixed_positive_bias-5026,4,candidate,15,367.0221174,0.050882707932032645,15,1.0,5505.331761,True,
LOCAL-v1-q4-fixed_positive_bias-5027,4,candidate,11,508.05218172727274,0.029040707973763347,11,1.0,5588.573999,True,
LOCAL-v1-q4-fixed_positive_bias-5028,4,candidate,10,595.9886474,0.028751707985065877,10,1.0,5959.886474,True,
LOCAL-v1-q4-fixed_positive_bias-5029,4,candidate,11,561.0986807272727,0.027692625066265464,11,1.0,6172.085488,True,
LOCAL-v1-q4-fixed_positive_bias-5030,4,candidate,12,504.9737069166667,0.02824283402878791,12,1.0,6059.684483,True,
LOCAL-v1-q4-fixed_positive_bias-5031,4,candidate,15,427.39293626666665,0.032752875005826354,15,1.0,6410.894044,True,
LOCAL-v1-q4-fixed_positive_bias-5032,4,candidate,11,519.9484377272728,0.028625916922464967,11,1.0,5719.432815,True,
LOCAL-v1-q4-fixed_positive_bias-5033,4,candidate,14,404.07983049999996,0.0488055000314489,14,1.0,5657.117627,True,
LOCAL-v1-q4-fixed_positive_bias-5034,4,candidate,16,397.968113625,0.038595749996602535,16,1.0,6367.489818,True,
LOCAL-v1-q4-fixed_positive_bias-5035,4,candidate,10,586.2887043,0.021845416980795562,10,1.0,5862.887043,True,
LOCAL-v1-q4-fixed_positive_bias-5036,4,candidate,15,441.9339898,0.03575625002849847,15,1.0,6629.009847,True,
LOCAL-v1-q4-fixed_positive_bias-5037,4,candidate,15,416.1285182666667,0.044712457922287285,15,1.0,6241.927774,True,
LOCAL-v1-q4-fixed_positive_bias-5038,4,candidate,16,292.6695478125,0.042310207965783775,16,1.0,4682.712765,True,
LOCAL-v1-q4-fixed_positive_bias-5039,4,candidate,10,560.8696726000001,0.038279291009530425,10,1.0,5608.696726,True,
LOCAL-v1-q4-fixed_positive_bias-5040,4,candidate,15,382.9912192666667,0.04107670800294727,15,1.0,5744.868289,True,
LOCAL-v1-q4-fixed_positive_bias-5041,4,candidate,15,405.307875,0.046359207946807146,15,1.0,6079.618125,True,
LOCAL-v1-q4-fixed_positive_bias-5042,4,candidate,11,550.1198049090909,0.03594845801126212,11,1.0,6051.317854,True,
LOCAL-v1-q4-fixed_positive_bias-5043,4,candidate,12,544.39939025,0.034241000073961914,12,1.0,6532.792683,True,
LOCAL-v1-q4-fixed_positive_bias-5044,4,candidate,11,577.7760360000001,0.03315595805179328,11,1.0,6355.536396,True,
LOCAL-v1-q4-fixed_positive_bias-5045,4,candidate,11,501.1474849090909,0.039212165982462466,11,1.0,5512.622334,True,
LOCAL-v1-q4-fixed_positive_bias-5046,4,candidate,10,584.3392345,0.027993084047921002,10,1.0,5843.392345,True,
LOCAL-v1-q4-fixed_positive_bias-5047,4,candidate,16,302.9132474375,0.04887345898896456,16,1.0,4846.611959,True,
LOCAL-v1-q4-fixed_positive_bias-5048,4,candidate,12,505.746651,0.03543404198717326,12,1.0,6068.959812,True,
LOCAL-v1-q4-fixed_positive_bias-5049,4,candidate,10,608.6285664,0.02687050006352365,10,1.0,6086.285664,True,
LOCAL-v1-q4-fixed_positive_bias-5050,4,candidate,15,391.2712034,0.06385829206556082,15,1.0,5869.068051,True,
LOCAL-v1-q4-fixed_positive_bias-5051,4,candidate,11,521.5005363636363,0.0328966670203954,11,1.0,5736.5059,True,
LOCAL-v1-q4-fixed_positive_bias-5052,4,candidate,13,435.27101853846153,0.03431600006297231,13,1.0,5658.523241,True,
LOCAL-v1-q4-fixed_positive_bias-5053,4,candidate,16,286.1901118125,0.05297295795753598,16,1.0,4579.041789,True,
LOCAL-v1-q4-fixed_positive_bias-5054,4,candidate,16,309.631280125,0.039440999971702695,16,1.0,4954.100482,True,
LOCAL-v1-q4-fixed_positive_bias-5055,4,candidate,12,541.0529553333333,0.027802374912425876,12,1.0,6492.635464,True,
LOCAL-v1-q4-fixed_positive_bias-5056,4,candidate,13,499.11343307692306,0.029788874904625118,13,1.0,6488.47463,True,
LOCAL-v1-q4-fixed_positive_bias-5057,4,candidate,13,458.40762453846156,0.03948366700205952,13,1.0,5959.299119,True,
LOCAL-v1-q4-fixed_positive_bias-5058,4,candidate,14,412.0276914285714,0.046510209096595645,14,1.0,5768.38768,True,
LOCAL-v1-q4-fixed_positive_bias-5059,4,candidate,12,442.488546,0.04643520899116993,12,1.0,5309.862552,True,
LOCAL-v1-q4-fixed_positive_bias-5060,4,candidate,11,566.9333703636364,0.02585091709624976,11,1.0,6236.267074,True,
LOCAL-v1-q4-fixed_positive_bias-5061,4,candidate,13,479.27619653846153,0.034222041023895144,13,1.0,6230.590555,True,
LOCAL-v1-q4-fixed_positive_bias-5062,4,candidate,16,275.98952225,0.03886574995703995,16,1.0,4415.832356,True,
LOCAL-v1-q4-fixed_positive_bias-5063,4,candidate,15,391.43143193333333,0.048144749947823584,15,1.0,5871.471479,True,
LOCAL-v1-q4-fixed_positive_bias-5064,4,candidate,13,456.67436592307695,0.03167062497232109,13,1.0,5936.766757,True,
LOCAL-v1-q4-fixed_positive_bias-5065,4,candidate,12,521.8298833333333,0.0325221250532195,12,1.0,6261.9586,True,
LOCAL-v1-q4-fixed_positive_bias-5066,4,candidate,10,609.556878,0.029224334051832557,10,1.0,6095.56878,True,
LOCAL-v1-q4-fixed_positive_bias-5067,4,candidate,16,338.2167554375,0.047122125048190355,16,1.0,5411.468087,True,
LOCAL-v1-q4-fixed_positive_bias-5068,4,candidate,13,511.18982230769234,0.03816833405289799,13,1.0,6645.46769,True,
LOCAL-v1-q4-fixed_positive_bias-5069,4,candidate,14,462.78076735714285,0.034794208011589944,14,1.0,6478.930743,True,
LOCAL-v1-q4-fixed_positive_bias-5070,4,candidate,12,459.2782158333334,0.029602832975797355,12,1.0,5511.33859,True,
LOCAL-v1-q4-fixed_positive_bias-5071,4,candidate,12,469.65857608333334,0.04169170802924782,12,1.0,5635.902913,True,
LOCAL-v1-q4-fixed_positive_bias-5072,4,candidate,15,425.9616906666667,0.049925000057555735,15,1.0,6389.42536,True,
LOCAL-v1-q4-fixed_positive_bias-5073,4,candidate,10,540.1910484,0.035780583042651415,10,1.0,5401.910484,True,
LOCAL-v1-q4-fixed_positive_bias-5074,4,candidate,16,339.2722025,0.04980924993287772,16,1.0,5428.35524,True,
LOCAL-v1-q4-fixed_positive_bias-5075,4,candidate,15,384.27066046666664,0.03773850004654378,15,1.0,5764.059907,True,
LOCAL-v1-q4-fixed_positive_bias-5076,4,candidate,12,493.10532541666663,0.03572662500664592,12,1.0,5917.263905,True,
LOCAL-v1-q4-fixed_positive_bias-5077,4,candidate,14,391.05457457142853,0.039302832912653685,14,1.0,5474.764044,True,
LOCAL-v1-q4-fixed_positive_bias-5078,4,candidate,13,427.5737299230769,0.04850274999625981,13,1.0,5558.458489,True,
LOCAL-v1-q4-fixed_positive_bias-5079,4,candidate,10,566.0032894,0.02772787504363805,10,1.0,5660.032894,True,
LOCAL-v1-q4-fixed_positive_bias-5080,4,candidate,10,597.3416736,0.0250946250744164,10,1.0,5973.416736,True,
LOCAL-v1-q4-fixed_positive_bias-5081,4,candidate,16,256.457983875,0.04238158301450312,16,1.0,4103.327742,True,
LOCAL-v1-q4-fixed_positive_bias-5082,4,candidate,13,462.1953592307692,0.032187208998948336,13,1.0,6008.53967,True,
LOCAL-v1-q4-fixed_positive_bias-5083,4,candidate,13,418.4247267692308,0.03852204198483378,13,1.0,5439.521448,True,
LOCAL-v1-q4-fixed_positive_bias-5084,4,candidate,14,397.9334263571428,0.0366887089330703,14,1.0,5571.067969,True,
LOCAL-v1-q4-fixed_positive_bias-5085,4,candidate,15,394.56186013333337,0.04831262503284961,15,1.0,5918.427902,True,
LOCAL-v1-q4-fixed_positive_bias-5086,4,candidate,12,490.2745883333334,0.035935332998633385,12,1.0,5883.29506,True,
LOCAL-v1-q4-fixed_positive_bias-5087,4,candidate,13,452.1727316923077,0.03244670806452632,13,1.0,5878.245512,True,
LOCAL-v1-q4-fixed_positive_bias-5088,4,candidate,16,287.82613025,0.03955870808567852,16,1.0,4605.218084,True,
LOCAL-v1-q4-fixed_positive_bias-5089,4,candidate,15,362.9719944666667,0.04307054099626839,15,1.0,5444.579917,True,
LOCAL-v1-q4-fixed_positive_bias-5090,4,candidate,14,395.54724607142856,0.04147749999538064,14,1.0,5537.661445,True,
LOCAL-v1-q4-fixed_positive_bias-5091,4,candidate,12,483.3987528333334,0.03602512495126575,12,1.0,5800.785034,True,
LOCAL-v1-q4-fixed_positive_bias-5092,4,candidate,11,516.7908655454545,0.03567279200069606,11,1.0,5684.699521,True,
LOCAL-v1-q4-fixed_positive_bias-5093,4,candidate,15,409.00147339999995,0.036459875060245395,15,1.0,6135.022101,True,
LOCAL-v1-q4-fixed_positive_bias-5094,4,candidate,11,547.9738722727272,0.029359249980188906,11,1.0,6027.712595,True,
LOCAL-v1-q4-fixed_positive_bias-5095,4,candidate,10,596.818766,0.024391624960117042,10,1.0,5968.18766,True,
LOCAL-v1-q4-fixed_positive_bias-5096,4,candidate,14,400.5803510714286,0.04055154207162559,14,1.0,5608.124915,True,
LOCAL-v1-q4-fixed_positive_bias-5097,4,candidate,13,445.9647552307692,0.03154091699980199,13,1.0,5797.541818,True,
LOCAL-v1-q4-fixed_positive_bias-5098,4,candidate,16,236.0213449375,0.04288816708140075,16,1.0,3776.341519,True,
LOCAL-v1-q4-fixed_positive_bias-5099,4,candidate,13,530.352613,0.02819420793093741,13,1.0,6894.583969,True,
LOCAL-v1-q4-fixed_negative_bias-5000,4,candidate,11,514.6097154545455,0.029452166985720396,11,1.0,5660.70687,True,
LOCAL-v1-q4-fixed_negative_bias-5001,4,candidate,14,427.20145028571426,0.0388967499602586,14,1.0,5980.820304,True,
LOCAL-v1-q4-fixed_negative_bias-5002,4,candidate,15,410.7813144666667,0.03763837506994605,15,1.0,6161.719717,True,
LOCAL-v1-q4-fixed_negative_bias-5003,4,candidate,11,508.97700609090913,0.03230179101228714,11,1.0,5598.747067,True,
LOCAL-v1-q4-fixed_negative_bias-5004,4,candidate,12,484.3656986666667,0.04492154193576425,12,1.0,5812.388384,True,
LOCAL-v1-q4-fixed_negative_bias-5005,4,candidate,11,514.3207080909091,0.0367846250301227,11,1.0,5657.527789,True,
LOCAL-v1-q4-fixed_negative_bias-5006,4,candidate,11,536.4140271818183,0.031497124931775033,11,1.0,5900.554299,True,
LOCAL-v1-q4-fixed_negative_bias-5007,4,candidate,11,531.0513042727273,0.023746625054627657,11,1.0,5841.564347,True,
LOCAL-v1-q4-fixed_negative_bias-5008,4,candidate,10,599.7786193,0.03008712502196431,10,1.0,5997.786193,True,
LOCAL-v1-q4-fixed_negative_bias-5009,4,candidate,14,407.7700185,0.04174241703003645,14,1.0,5708.780259,True,
LOCAL-v1-q4-fixed_negative_bias-5010,4,candidate,12,477.55048474999995,0.03686883393675089,12,1.0,5730.605817,True,
LOCAL-v1-q4-fixed_negative_bias-5011,4,candidate,15,383.6467592,0.041233957977965474,15,1.0,5754.701388,True,
LOCAL-v1-q4-fixed_negative_bias-5012,4,candidate,10,608.7308691999999,0.023623332963325083,10,1.0,6087.308692,True,
LOCAL-v1-q4-fixed_negative_bias-5013,4,candidate,12,505.44723358333334,0.03562970901839435,12,1.0,6065.366803,True,
LOCAL-v1-q4-fixed_negative_bias-5014,4,candidate,11,526.9165757272727,0.030181083944626153,11,1.0,5796.082333,True,
LOCAL-v1-q4-fixed_negative_bias-5015,4,candidate,12,496.65060983333336,0.036577166989445686,12,1.0,5959.807318,True,
LOCAL-v1-q4-fixed_negative_bias-5016,4,candidate,16,304.1171884375,0.04242374992463738,16,1.0,4865.875015,True,
LOCAL-v1-q4-fixed_negative_bias-5017,4,candidate,15,467.0873167333333,0.03431929205544293,15,1.0,7006.309751,True,
LOCAL-v1-q4-fixed_negative_bias-5018,4,candidate,10,641.2675031,0.021495457971468568,10,1.0,6412.675031,True,
LOCAL-v1-q4-fixed_negative_bias-5019,4,candidate,11,524.7502734545454,0.030532000004313886,11,1.0,5772.253008,True,
LOCAL-v1-q4-fixed_negative_bias-5020,4,candidate,16,337.490652375,0.0457957920152694,16,1.0,5399.850438,True,
LOCAL-v1-q4-fixed_negative_bias-5021,4,candidate,14,446.4482659285714,0.03595337504521012,14,1.0,6250.275723,True,
LOCAL-v1-q4-fixed_negative_bias-5022,4,candidate,14,467.45980514285714,0.038818374974653125,14,1.0,6544.437272,True,
LOCAL-v1-q4-fixed_negative_bias-5023,4,candidate,15,375.29835053333335,0.046581125003285706,15,1.0,5629.475258,True,
LOCAL-v1-q4-fixed_negative_bias-5024,4,candidate,13,442.2227333846154,0.039645542041398585,13,1.0,5748.895534,True,
LOCAL-v1-q4-fixed_negative_bias-5025,4,candidate,12,503.7078225833333,0.02644950000103563,12,1.0,6044.493871,True,
LOCAL-v1-q4-fixed_negative_bias-5026,4,candidate,15,371.84107980000005,0.04771808302029967,15,1.0,5577.616197,True,
LOCAL-v1-q4-fixed_negative_bias-5027,4,candidate,11,513.2415431818182,0.030460125068202615,11,1.0,5645.656975,True,
LOCAL-v1-q4-fixed_negative_bias-5028,4,candidate,10,614.5696258,0.02648179093375802,10,1.0,6145.696258,True,
LOCAL-v1-q4-fixed_negative_bias-5029,4,candidate,11,603.1352129090909,0.036604291992262006,11,1.0,6634.487342,True,
LOCAL-v1-q4-fixed_negative_bias-5030,4,candidate,12,524.3983166666667,0.030630416935309768,12,1.0,6292.7798,True,
LOCAL-v1-q4-fixed_negative_bias-5031,4,candidate,15,441.85248686666665,0.03616279107518494,15,1.0,6627.787303,True,
LOCAL-v1-q4-fixed_negative_bias-5032,4,candidate,11,541.2261992727273,0.0340662079397589,11,1.0,5953.488192,True,
LOCAL-v1-q4-fixed_negative_bias-5033,4,candidate,14,393.7499312142857,0.048819374991580844,14,1.0,5512.499037,True,
LOCAL-v1-q4-fixed_negative_bias-5034,4,candidate,16,385.379271,0.04377525008749217,16,1.0,6166.068336,True,
LOCAL-v1-q4-fixed_negative_bias-5035,4,candidate,10,620.6158968,0.03178487496916205,10,1.0,6206.158968,True,
LOCAL-v1-q4-fixed_negative_bias-5036,4,candidate,15,416.74949193333333,0.03712987492326647,15,1.0,6251.242379,True,
LOCAL-v1-q4-fixed_negative_bias-5037,4,candidate,15,420.6695488,0.042108749970793724,15,1.0,6310.043232,True,
LOCAL-v1-q4-fixed_negative_bias-5038,4,candidate,16,289.0815778125,0.03790991706773639,16,1.0,4625.305245,True,
LOCAL-v1-q4-fixed_negative_bias-5039,4,candidate,10,594.8322397,0.03442358295433223,10,1.0,5948.322397,True,
LOCAL-v1-q4-fixed_negative_bias-5040,4,candidate,15,396.8415250666667,0.04957775003276765,15,1.0,5952.622876,True,
LOCAL-v1-q4-fixed_negative_bias-5041,4,candidate,15,415.58298279999997,0.04626387497410178,15,1.0,6233.744742,True,
LOCAL-v1-q4-fixed_negative_bias-5042,4,candidate,11,554.760583,0.05399629205930978,11,1.0,6102.366413,True,
LOCAL-v1-q4-fixed_negative_bias-5043,4,candidate,12,540.78820375,0.034672708017751575,12,1.0,6489.458445,True,
LOCAL-v1-q4-fixed_negative_bias-5044,4,candidate,11,586.3461619999999,0.04155287495814264,11,1.0,6449.807782,True,
LOCAL-v1-q4-fixed_negative_bias-5045,4,candidate,11,512.2959477272727,0.04461154201999307,11,1.0,5635.255425,True,
LOCAL-v1-q4-fixed_negative_bias-5046,4,candidate,10,591.147124,0.03392695903312415,10,1.0,5911.47124,True,
LOCAL-v1-q4-fixed_negative_bias-5047,4,candidate,16,275.31115775,0.06132649991195649,16,1.0,4404.978524,True,
LOCAL-v1-q4-fixed_negative_bias-5048,4,candidate,12,490.79070099999996,0.05026745796203613,12,1.0,5889.488412,True,
LOCAL-v1-q4-fixed_negative_bias-5049,4,candidate,10,609.7095269,0.031728708068840206,10,1.0,6097.095269,True,
LOCAL-v1-q4-fixed_negative_bias-5050,4,candidate,15,397.08983040000004,0.06264966703020036,15,1.0,5956.347456,True,
LOCAL-v1-q4-fixed_negative_bias-5051,4,candidate,11,517.7517058181819,0.034549750038422644,11,1.0,5695.268764,True,
LOCAL-v1-q4-fixed_negative_bias-5052,4,candidate,13,435.0082119230769,0.04590545897372067,13,1.0,5655.106755,True,
LOCAL-v1-q4-fixed_negative_bias-5053,4,candidate,16,339.686413875,0.045448040938936174,16,1.0,5434.982622,True,
LOCAL-v1-q4-fixed_negative_bias-5054,4,candidate,16,250.3918645625,0.03861420799512416,16,1.0,4006.269833,True,
LOCAL-v1-q4-fixed_negative_bias-5055,4,candidate,12,518.14037575,0.029080457985401154,12,1.0,6217.684509,True,
LOCAL-v1-q4-fixed_negative_bias-5056,4,candidate,13,475.7220808461538,0.033519209013320506,13,1.0,6184.387051,True,
LOCAL-v1-q4-fixed_negative_bias-5057,4,candidate,13,470.29092784615386,0.04416416701860726,13,1.0,6113.782062,True,
LOCAL-v1-q4-fixed_negative_bias-5058,4,candidate,14,416.74864535714283,0.048955417005345225,14,1.0,5834.481035,True,
LOCAL-v1-q4-fixed_negative_bias-5059,4,candidate,12,458.4651104166667,0.04574962495826185,12,1.0,5501.581325,True,
LOCAL-v1-q4-fixed_negative_bias-5060,4,candidate,11,522.8948586363637,0.028907959000207484,11,1.0,5751.843445,True,
LOCAL-v1-q4-fixed_negative_bias-5061,4,candidate,13,476.7283665384615,0.03591520804911852,13,1.0,6197.468765,True,
LOCAL-v1-q4-fixed_negative_bias-5062,4,candidate,16,240.3466761875,0.046746416948735714,16,1.0,3845.546819,True,
LOCAL-v1-q4-fixed_negative_bias-5063,4,candidate,15,369.62329179999995,0.046840667026117444,15,1.0,5544.349377,True,
LOCAL-v1-q4-fixed_negative_bias-5064,4,candidate,13,491.58520338461534,0.03299766592681408,13,1.0,6390.607644,True,
LOCAL-v1-q4-fixed_negative_bias-5065,4,candidate,12,538.6872265000001,0.030159624991938472,12,1.0,6464.246718,True,
LOCAL-v1-q4-fixed_negative_bias-5066,4,candidate,10,588.7441721,0.029048915952444077,10,1.0,5887.441721,True,
LOCAL-v1-q4-fixed_negative_bias-5067,4,candidate,16,328.866275875,0.0530004589818418,16,1.0,5261.860414,True,
LOCAL-v1-q4-fixed_negative_bias-5068,4,candidate,13,470.37901207692306,0.03653070796281099,13,1.0,6114.927157,True,
LOCAL-v1-q4-fixed_negative_bias-5069,4,candidate,14,437.65848892857144,0.042903166031464934,14,1.0,6127.218845,True,
LOCAL-v1-q4-fixed_negative_bias-5070,4,candidate,12,460.4138691666667,0.03380991599988192,12,1.0,5524.96643,True,
LOCAL-v1-q4-fixed_negative_bias-5071,4,candidate,12,464.88681849999995,0.04414091701619327,12,1.0,5578.641822,True,
LOCAL-v1-q4-fixed_negative_bias-5072,4,candidate,15,448.27673726666666,0.05519899993669242,15,1.0,6724.151059,True,
LOCAL-v1-q4-fixed_negative_bias-5073,4,candidate,10,549.3708892,0.03974262508563697,10,1.0,5493.708892,True,
LOCAL-v1-q4-fixed_negative_bias-5074,4,candidate,16,296.348120125,0.0664859589887783,16,1.0,4741.569922,True,
LOCAL-v1-q4-fixed_negative_bias-5075,4,candidate,15,386.1380216,0.042989542009308934,15,1.0,5792.070324,True,
LOCAL-v1-q4-fixed_negative_bias-5076,4,candidate,12,494.8100111666667,0.04729145800229162,12,1.0,5937.720134,True,
LOCAL-v1-q4-fixed_negative_bias-5077,4,candidate,14,384.9318135,0.04085679189302027,14,1.0,5389.045389,True,
LOCAL-v1-q4-fixed_negative_bias-5078,4,candidate,13,445.1102117692308,0.0727169580059126,13,1.0,5786.432753,True,
LOCAL-v1-q4-fixed_negative_bias-5079,4,candidate,10,549.0735394999999,0.04337175004184246,10,1.0,5490.735395,True,
LOCAL-v1-q4-fixed_negative_bias-5080,4,candidate,10,601.087241,0.025784334051422775,10,1.0,6010.87241,True,
LOCAL-v1-q4-fixed_negative_bias-5081,4,candidate,16,262.272561625,0.044304167036898434,16,1.0,4196.360986,True,
LOCAL-v1-q4-fixed_negative_bias-5082,4,candidate,13,442.7874244615384,0.031109957955777645,13,1.0,5756.236518,True,
LOCAL-v1-q4-fixed_negative_bias-5083,4,candidate,13,425.47398715384617,0.03693495807237923,13,1.0,5531.161833,True,
LOCAL-v1-q4-fixed_negative_bias-5084,4,candidate,14,403.39508935714287,0.03611187497153878,14,1.0,5647.531251,True,
LOCAL-v1-q4-fixed_negative_bias-5085,4,candidate,15,371.2917053333333,0.04262299998663366,15,1.0,5569.37558,True,
LOCAL-v1-q4-fixed_negative_bias-5086,4,candidate,12,460.10091166666666,0.03018683393020183,12,1.0,5521.21094,True,
LOCAL-v1-q4-fixed_negative_bias-5087,4,candidate,13,453.78256138461535,0.03253595798742026,13,1.0,5899.173298,True,
LOCAL-v1-q4-fixed_negative_bias-5088,4,candidate,16,294.956154125,0.044741166988387704,16,1.0,4719.298466,True,
LOCAL-v1-q4-fixed_negative_bias-5089,4,candidate,15,363.74659826666664,0.039078749949112535,15,1.0,5456.198974,True,
LOCAL-v1-q4-fixed_negative_bias-5090,4,candidate,14,409.3490838571429,0.04478125006426126,14,1.0,5730.887174,True,
LOCAL-v1-q4-fixed_negative_bias-5091,4,candidate,12,484.80094966666667,0.03640387498307973,12,1.0,5817.611396,True,
LOCAL-v1-q4-fixed_negative_bias-5092,4,candidate,11,511.3861967272727,0.03400770900771022,11,1.0,5625.248164,True,
LOCAL-v1-q4-fixed_negative_bias-5093,4,candidate,15,404.3467244,0.03887974994722754,15,1.0,6065.200866,True,
LOCAL-v1-q4-fixed_negative_bias-5094,4,candidate,11,543.1017425454546,0.029824209050275385,11,1.0,5974.119168,True,
LOCAL-v1-q4-fixed_negative_bias-5095,4,candidate,10,595.2127001,0.022445708978921175,10,1.0,5952.127001,True,
LOCAL-v1-q4-fixed_negative_bias-5096,4,candidate,14,386.7355703571429,0.049266082933172584,14,1.0,5414.297985,True,
LOCAL-v1-q4-fixed_negative_bias-5097,4,candidate,13,450.2116196153846,0.03164333291351795,13,1.0,5852.751055,True,
LOCAL-v1-q4-fixed_negative_bias-5098,4,candidate,16,231.8460385625,0.03737670893315226,16,1.0,3709.536617,True,
LOCAL-v1-q4-fixed_negative_bias-5099,4,candidate,13,500.121718,0.031436000019311905,13,1.0,6501.582334,True,
LOCAL-v1-q4-smooth_shared_field-5000,4,candidate,11,504.19813363636365,0.03444108401890844,11,1.0,5546.17947,True,
LOCAL-v1-q4-smooth_shared_field-5001,4,candidate,14,433.61922278571427,0.03843870898708701,14,1.0,6070.669119,True,
LOCAL-v1-q4-smooth_shared_field-5002,4,candidate,15,403.4017760666667,0.035160250030457973,15,1.0,6051.026641,True,
LOCAL-v1-q4-smooth_shared_field-5003,4,candidate,11,509.09271872727277,0.029659374966286123,11,1.0,5600.019906,True,
LOCAL-v1-q4-smooth_shared_field-5004,4,candidate,12,483.08423250000004,0.041786290938034654,12,1.0,5797.01079,True,
LOCAL-v1-q4-smooth_shared_field-5005,4,candidate,11,511.44553481818184,0.03293800004757941,11,1.0,5625.900883,True,
LOCAL-v1-q4-smooth_shared_field-5006,4,candidate,11,532.4588048181818,0.033037499990314245,11,1.0,5857.046853,True,
LOCAL-v1-q4-smooth_shared_field-5007,4,candidate,11,531.0560406363637,0.02385550003964454,11,1.0,5841.616447,True,
LOCAL-v1-q4-smooth_shared_field-5008,4,candidate,10,592.8432716,0.029182792059145868,10,1.0,5928.432716,True,
LOCAL-v1-q4-smooth_shared_field-5009,4,candidate,14,392.14506264285717,0.04318224999587983,14,1.0,5490.030877,True,
LOCAL-v1-q4-smooth_shared_field-5010,4,candidate,12,464.78159841666667,0.03607704199384898,12,1.0,5577.379181,True,
LOCAL-v1-q4-smooth_shared_field-5011,4,candidate,15,373.474943,0.04331958305556327,15,1.0,5602.124145,True,
LOCAL-v1-q4-smooth_shared_field-5012,4,candidate,10,569.8015215,0.02700354205444455,10,1.0,5698.015215,True,
LOCAL-v1-q4-smooth_shared_field-5013,4,candidate,12,507.5800884166667,0.033615333028137684,12,1.0,6090.961061,True,
LOCAL-v1-q4-smooth_shared_field-5014,4,candidate,11,526.4010432727273,0.02972016599960625,11,1.0,5790.411476,True,
LOCAL-v1-q4-smooth_shared_field-5015,4,candidate,12,500.88030925,0.03476845799013972,12,1.0,6010.563711,True,
LOCAL-v1-q4-smooth_shared_field-5016,4,candidate,16,303.326129875,0.04830804094672203,16,1.0,4853.218078,True,
LOCAL-v1-q4-smooth_shared_field-5017,4,candidate,15,456.5301124,0.03305479197297245,15,1.0,6847.951686,True,
LOCAL-v1-q4-smooth_shared_field-5018,4,candidate,10,615.5301732,0.02497083297930658,10,1.0,6155.301732,True,
LOCAL-v1-q4-smooth_shared_field-5019,4,candidate,11,506.449091,0.02586220798548311,11,1.0,5570.940001,True,
LOCAL-v1-q4-smooth_shared_field-5020,4,candidate,16,291.234131375,0.04563816695008427,16,1.0,4659.746102,True,
LOCAL-v1-q4-smooth_shared_field-5021,4,candidate,14,414.9721607142857,0.02997104194946587,14,1.0,5809.61025,True,
LOCAL-v1-q4-smooth_shared_field-5022,4,candidate,14,478.21358528571426,0.03826558298896998,14,1.0,6694.990194,True,
LOCAL-v1-q4-smooth_shared_field-5023,4,candidate,15,374.14669433333336,0.04094383295159787,15,1.0,5612.200415,True,
LOCAL-v1-q4-smooth_shared_field-5024,4,candidate,13,443.4003692307693,0.038200875045731664,13,1.0,5764.2048,True,
LOCAL-v1-q4-smooth_shared_field-5025,4,candidate,12,504.859426,0.026109791942872107,12,1.0,6058.313112,True,
LOCAL-v1-q4-smooth_shared_field-5026,4,candidate,15,364.8211561333334,0.05098262499086559,15,1.0,5472.317342,True,
LOCAL-v1-q4-smooth_shared_field-5027,4,candidate,11,528.3115999090909,0.025794000015594065,11,1.0,5811.427599,True,
LOCAL-v1-q4-smooth_shared_field-5028,4,candidate,10,600.9587220999999,0.025495999958366156,10,1.0,6009.587221,True,
LOCAL-v1-q4-smooth_shared_field-5029,4,candidate,11,586.1378430909091,0.030401290976442397,11,1.0,6447.516274,True,
LOCAL-v1-q4-smooth_shared_field-5030,4,candidate,12,506.46828533333337,0.030697040958330035,12,1.0,6077.619424,True,
LOCAL-v1-q4-smooth_shared_field-5031,4,candidate,15,451.2947403333334,0.03507766698021442,15,1.0,6769.421105,True,
LOCAL-v1-q4-smooth_shared_field-5032,4,candidate,11,519.5115937272727,0.02872129192110151,11,1.0,5714.627531,True,
LOCAL-v1-q4-smooth_shared_field-5033,4,candidate,14,390.687453,0.04236020892858505,14,1.0,5469.624342,True,
LOCAL-v1-q4-smooth_shared_field-5034,4,candidate,16,376.9609845,0.035580749972723424,16,1.0,6031.375752,True,
LOCAL-v1-q4-smooth_shared_field-5035,4,candidate,10,618.9157631,0.023462249897420406,10,1.0,6189.157631,True,
LOCAL-v1-q4-smooth_shared_field-5036,4,candidate,15,438.21602846666667,0.03436479205265641,15,1.0,6573.240427,True,
LOCAL-v1-q4-smooth_shared_field-5037,4,candidate,15,422.3140343333333,0.03826583398040384,15,1.0,6334.710515,True,
LOCAL-v1-q4-smooth_shared_field-5038,4,candidate,16,271.4297656875,0.039620874915272,16,1.0,4342.876251,True,
LOCAL-v1-q4-smooth_shared_field-5039,4,candidate,10,593.6606912,0.03136062505654991,10,1.0,5936.606912,True,
LOCAL-v1-q4-smooth_shared_field-5040,4,candidate,15,396.04918826666665,0.03942024998832494,15,1.0,5940.737824,True,
LOCAL-v1-q4-smooth_shared_field-5041,4,candidate,15,405.2878818666667,0.03752600005827844,15,1.0,6079.318228,True,
LOCAL-v1-q4-smooth_shared_field-5042,4,candidate,11,507.603894,0.031916665961034596,11,1.0,5583.642834,True,
LOCAL-v1-q4-smooth_shared_field-5043,4,candidate,12,535.36961825,0.029537666938267648,12,1.0,6424.435419,True,
LOCAL-v1-q4-smooth_shared_field-5044,4,candidate,11,583.4010037272727,0.034701458062045276,11,1.0,6417.411041,True,
LOCAL-v1-q4-smooth_shared_field-5045,4,candidate,11,505.89110854545453,0.0512311669299379,11,1.0,5564.802194,True,
LOCAL-v1-q4-smooth_shared_field-5046,4,candidate,10,573.321229,0.027115250006318092,10,1.0,5733.21229,True,
LOCAL-v1-q4-smooth_shared_field-5047,4,candidate,16,251.8035668125,0.04911833303049207,16,1.0,4028.857069,True,
LOCAL-v1-q4-smooth_shared_field-5048,4,candidate,12,507.1616516666666,0.03379937505815178,12,1.0,6085.93982,True,
LOCAL-v1-q4-smooth_shared_field-5049,4,candidate,10,610.2262248,0.026345457998104393,10,1.0,6102.262248,True,
LOCAL-v1-q4-smooth_shared_field-5050,4,candidate,15,392.5410503333333,0.06076333299279213,15,1.0,5888.115755,True,
LOCAL-v1-q4-smooth_shared_field-5051,4,candidate,11,523.465921,0.0297237909398973,11,1.0,5758.125131,True,
LOCAL-v1-q4-smooth_shared_field-5052,4,candidate,13,435.7496781538461,0.04374229093082249,13,1.0,5664.745816,True,
LOCAL-v1-q4-smooth_shared_field-5053,4,candidate,16,339.1090161875,0.11830833298154175,16,1.0,5425.744259,True,
LOCAL-v1-q4-smooth_shared_field-5054,4,candidate,16,250.0572315,0.04707933298777789,16,1.0,4000.915704,True,
LOCAL-v1-q4-smooth_shared_field-5055,4,candidate,12,516.3000378333334,0.028368958039209247,12,1.0,6195.600454,True,
LOCAL-v1-q4-smooth_shared_field-5056,4,candidate,13,497.05697961538465,0.028916541021317244,13,1.0,6461.740735,True,
LOCAL-v1-q4-smooth_shared_field-5057,4,candidate,13,457.8259207692308,0.0319155000615865,13,1.0,5951.73697,True,
LOCAL-v1-q4-smooth_shared_field-5058,4,candidate,14,409.16324799999995,0.041993791004642844,14,1.0,5728.285472,True,
LOCAL-v1-q4-smooth_shared_field-5059,4,candidate,12,456.1415185,0.035946000018157065,12,1.0,5473.698222,True,
LOCAL-v1-q4-smooth_shared_field-5060,4,candidate,11,526.7895777272727,0.024027833016589284,11,1.0,5794.685355,True,
LOCAL-v1-q4-smooth_shared_field-5061,4,candidate,13,477.1474416923077,0.028972457977943122,13,1.0,6202.916742,True,
LOCAL-v1-q4-smooth_shared_field-5062,4,candidate,16,240.5470135625,0.044476207927800715,16,1.0,3848.752217,True,
LOCAL-v1-q4-smooth_shared_field-5063,4,candidate,15,385.63582260000004,0.05238241597544402,15,1.0,5784.537339,True,
LOCAL-v1-q4-smooth_shared_field-5064,4,candidate,13,492.2942529230769,0.03984074993059039,13,1.0,6399.825288,True,
LOCAL-v1-q4-smooth_shared_field-5065,4,candidate,12,528.1773516666666,0.031200209050439298,12,1.0,6338.12822,True,
LOCAL-v1-q4-smooth_shared_field-5066,4,candidate,10,589.7055181,0.031863040989264846,10,1.0,5897.055181,True,
LOCAL-v1-q4-smooth_shared_field-5067,4,candidate,16,354.4476719375,0.055094624985940754,16,1.0,5671.162751,True,
LOCAL-v1-q4-smooth_shared_field-5068,4,candidate,13,474.54316707692305,0.029273749911226332,13,1.0,6169.061172,True,
LOCAL-v1-q4-smooth_shared_field-5069,4,candidate,14,429.5412452857143,0.03316087496932596,14,1.0,6013.577434,True,
LOCAL-v1-q4-smooth_shared_field-5070,4,candidate,12,460.10678441666664,0.029352541896514595,12,1.0,5521.281413,True,
LOCAL-v1-q4-smooth_shared_field-5071,4,candidate,12,470.47169675000004,0.037880957941524684,12,1.0,5645.660361,True,
LOCAL-v1-q4-smooth_shared_field-5072,4,candidate,15,417.44427939999997,0.04441112501081079,15,1.0,6261.664191,True,
LOCAL-v1-q4-smooth_shared_field-5073,4,candidate,10,549.0425137999999,0.04493012500461191,10,1.0,5490.425138,True,
LOCAL-v1-q4-smooth_shared_field-5074,4,candidate,16,287.422847625,0.05933291604742408,16,1.0,4598.765562,True,
LOCAL-v1-q4-smooth_shared_field-5075,4,candidate,15,386.4542116,0.04533695906866342,15,1.0,5796.813174,True,
LOCAL-v1-q4-smooth_shared_field-5076,4,candidate,12,496.9889019166667,0.04959125001914799,12,1.0,5963.866823,True,
LOCAL-v1-q4-smooth_shared_field-5077,4,candidate,14,390.75689942857144,0.051741500035859644,14,1.0,5470.596592,True,
LOCAL-v1-q4-smooth_shared_field-5078,4,candidate,13,441.0236548461538,0.05050558305811137,13,1.0,5733.307513,True,
LOCAL-v1-q4-smooth_shared_field-5079,4,candidate,10,545.5342152999999,0.041418292094022036,10,1.0,5455.342153,True,
LOCAL-v1-q4-smooth_shared_field-5080,4,candidate,10,602.0197079,0.028083582990802824,10,1.0,6020.197079,True,
LOCAL-v1-q4-smooth_shared_field-5081,4,candidate,16,266.9380340625,0.050865791039541364,16,1.0,4271.008545,True,
LOCAL-v1-q4-smooth_shared_field-5082,4,candidate,13,444.9192597692308,0.03754912503063679,13,1.0,5783.950377,True,
LOCAL-v1-q4-smooth_shared_field-5083,4,candidate,13,434.6362018461538,0.03509183297865093,13,1.0,5650.270624,True,
LOCAL-v1-q4-smooth_shared_field-5084,4,candidate,14,399.352692,0.034629874979145825,14,1.0,5590.937688,True,
LOCAL-v1-q4-smooth_shared_field-5085,4,candidate,15,373.9076229333333,0.037683208007365465,15,1.0,5608.614344,True,
LOCAL-v1-q4-smooth_shared_field-5086,4,candidate,12,483.1607630833333,0.02687066700309515,12,1.0,5797.929157,True,
LOCAL-v1-q4-smooth_shared_field-5087,4,candidate,13,450.2075241538462,0.030958125018514693,13,1.0,5852.697814,True,
LOCAL-v1-q4-smooth_shared_field-5088,4,candidate,16,292.438217,0.04046829207800329,16,1.0,4679.011472,True,
LOCAL-v1-q4-smooth_shared_field-5089,4,candidate,15,368.7502482,0.039333916967734694,15,1.0,5531.253723,True,
LOCAL-v1-q4-smooth_shared_field-5090,4,candidate,14,406.6962113571429,0.03865429095458239,14,1.0,5693.746959,True,
LOCAL-v1-q4-smooth_shared_field-5091,4,candidate,12,483.93549475000003,0.032835291931405663,12,1.0,5807.225937,True,
LOCAL-v1-q4-smooth_shared_field-5092,4,candidate,11,507.50718981818187,0.04004816699307412,11,1.0,5582.579088,True,
LOCAL-v1-q4-smooth_shared_field-5093,4,candidate,15,411.3602424666667,0.03895508300047368,15,1.0,6170.403637,True,
LOCAL-v1-q4-smooth_shared_field-5094,4,candidate,11,546.9793094545455,0.031099249958060682,11,1.0,6016.772404,True,
LOCAL-v1-q4-smooth_shared_field-5095,4,candidate,10,598.0124656,0.025381832965649664,10,1.0,5980.124656,True,
LOCAL-v1-q4-smooth_shared_field-5096,4,candidate,14,386.93507392857146,0.04966583289206028,14,1.0,5417.091035,True,
LOCAL-v1-q4-smooth_shared_field-5097,4,candidate,13,447.53208915384613,0.02678600000217557,13,1.0,5817.917159,True,
LOCAL-v1-q4-smooth_shared_field-5098,4,candidate,16,235.2865560625,0.03651087498292327,16,1.0,3764.584897,True,
LOCAL-v1-q4-smooth_shared_field-5099,4,candidate,13,500.93204692307694,0.02766316698398441,13,1.0,6512.11661,True,
LOCAL-v1-q4-cell50_shared_field-5000,4,candidate,11,512.359848090909,0.026893500005826354,11,1.0,5635.958329,True,
LOCAL-v1-q4-cell50_shared_field-5001,4,candidate,14,441.5331107142857,0.03566499997396022,14,1.0,6181.46355,True,
LOCAL-v1-q4-cell50_shared_field-5002,4,candidate,15,409.74788559999996,0.036352540948428214,15,1.0,6146.218284,True,
LOCAL-v1-q4-cell50_shared_field-5003,4,candidate,11,508.03318127272723,0.029127625050023198,11,1.0,5588.364994,True,
LOCAL-v1-q4-cell50_shared_field-5004,4,candidate,12,457.62440033333337,0.03826566692441702,12,1.0,5491.492804,True,
LOCAL-v1-q4-cell50_shared_field-5005,4,candidate,11,513.2174705454546,0.03231849998701364,11,1.0,5645.392176,True,
LOCAL-v1-q4-cell50_shared_field-5006,4,candidate,11,530.5109764545455,0.03054741700179875,11,1.0,5835.620741,True,
LOCAL-v1-q4-cell50_shared_field-5007,4,candidate,11,529.8877640909091,0.02262241707649082,11,1.0,5828.765405,True,
LOCAL-v1-q4-cell50_shared_field-5008,4,candidate,10,598.236129,0.03395158296916634,10,1.0,5982.36129,True,
LOCAL-v1-q4-cell50_shared_field-5009,4,candidate,14,390.35037657142857,0.041360249975696206,14,1.0,5464.905272,True,
LOCAL-v1-q4-cell50_shared_field-5010,4,candidate,12,478.5802748333333,0.03555604093708098,12,1.0,5742.963298,True,
LOCAL-v1-q4-cell50_shared_field-5011,4,candidate,15,380.5608014,0.04939633293543011,15,1.0,5708.412021,True,
LOCAL-v1-q4-cell50_shared_field-5012,4,candidate,10,609.7140641,0.02471062506083399,10,1.0,6097.140641,True,
LOCAL-v1-q4-cell50_shared_field-5013,4,candidate,12,487.44827566666663,0.046451125061139464,12,1.0,5849.379308,True,
LOCAL-v1-q4-cell50_shared_field-5014,4,candidate,11,526.3687314545455,0.04024579096585512,11,1.0,5790.056046,True,
LOCAL-v1-q4-cell50_shared_field-5015,4,candidate,12,496.72793075,0.03543445793911815,12,1.0,5960.735169,True,
LOCAL-v1-q4-cell50_shared_field-5016,4,candidate,16,294.5508358125,0.04404579207766801,16,1.0,4712.813373,True,
LOCAL-v1-q4-cell50_shared_field-5017,4,candidate,15,460.7611426,0.03564641601406038,15,1.0,6911.417139,True,
LOCAL-v1-q4-cell50_shared_field-5018,4,candidate,10,629.2074301,0.022572290967218578,10,1.0,6292.074301,True,
LOCAL-v1-q4-cell50_shared_field-5019,4,candidate,11,504.7402210909091,0.05664824997074902,11,1.0,5552.142432,True,
LOCAL-v1-q4-cell50_shared_field-5020,4,candidate,16,297.153719125,0.047582708997651935,16,1.0,4754.459506,True,
LOCAL-v1-q4-cell50_shared_field-5021,4,candidate,14,422.5044554285714,0.041928375023417175,14,1.0,5915.062376,True,
LOCAL-v1-q4-cell50_shared_field-5022,4,candidate,14,452.92839235714285,0.03529783396515995,14,1.0,6340.997493,True,
LOCAL-v1-q4-cell50_shared_field-5023,4,candidate,15,373.5560630666667,0.04239054198842496,15,1.0,5603.340946,True,
LOCAL-v1-q4-cell50_shared_field-5024,4,candidate,13,442.9191798461539,0.04041958297602832,13,1.0,5757.949338,True,
LOCAL-v1-q4-cell50_shared_field-5025,4,candidate,12,498.6845175833334,0.023987208027392626,12,1.0,5984.214211,True,
LOCAL-v1-q4-cell50_shared_field-5026,4,candidate,15,376.7847228666667,0.04519500001333654,15,1.0,5651.770843,True,
LOCAL-v1-q4-cell50_shared_field-5027,4,candidate,11,505.26822536363636,0.027436374919489026,11,1.0,5557.950479,True,
LOCAL-v1-q4-cell50_shared_field-5028,4,candidate,10,617.306735,0.02602783404290676,10,1.0,6173.06735,True,
LOCAL-v1-q4-cell50_shared_field-5029,4,candidate,11,576.5489862727272,0.02796654193662107,11,1.0,6342.038849,True,
LOCAL-v1-q4-cell50_shared_field-5030,4,candidate,12,500.67205225,0.024250584072433412,12,1.0,6008.064627,True,
LOCAL-v1-q4-cell50_shared_field-5031,4,candidate,15,433.3468202,0.028808208066038787,15,1.0,6500.202303,True,
LOCAL-v1-q4-cell50_shared_field-5032,4,candidate,11,516.7571866363637,0.025041625020094216,11,1.0,5684.329053,True,
LOCAL-v1-q4-cell50_shared_field-5033,4,candidate,14,390.6281541428571,0.04047320899553597,14,1.0,5468.794158,True,
LOCAL-v1-q4-cell50_shared_field-5034,4,candidate,16,399.1813605,0.03783820802345872,16,1.0,6386.901768,True,
LOCAL-v1-q4-cell50_shared_field-5035,4,candidate,10,591.0458126000001,0.020075792097486556,10,1.0,5910.458126,True,
LOCAL-v1-q4-cell50_shared_field-5036,4,candidate,15,444.5830878666667,0.032224916969425976,15,1.0,6668.746318,True,
LOCAL-v1-q4-cell50_shared_field-5037,4,candidate,15,411.80970666666667,0.04798491706606001,15,1.0,6177.1456,True,
LOCAL-v1-q4-cell50_shared_field-5038,4,candidate,16,297.5076535625,0.042934417026117444,16,1.0,4760.122457,True,
LOCAL-v1-q4-cell50_shared_field-5039,4,candidate,10,581.77076,0.027211250038817525,10,1.0,5817.7076,True,
LOCAL-v1-q4-cell50_shared_field-5040,4,candidate,15,400.51201306666667,0.04552066698670387,15,1.0,6007.680196,True,
LOCAL-v1-q4-cell50_shared_field-5041,4,candidate,15,403.4287678,0.03710583399515599,15,1.0,6051.431517,True,
LOCAL-v1-q4-cell50_shared_field-5042,4,candidate,11,517.6800276363637,0.030833124998025596,11,1.0,5694.480304,True,
LOCAL-v1-q4-cell50_shared_field-5043,4,candidate,12,537.7616395,0.02720445895101875,12,1.0,6453.139674,True,
LOCAL-v1-q4-cell50_shared_field-5044,4,candidate,11,588.0497862727273,0.02779733296483755,11,1.0,6468.547649,True,
LOCAL-v1-q4-cell50_shared_field-5045,4,candidate,11,505.18155054545457,0.04344833304639906,11,1.0,5556.997056,True,
LOCAL-v1-q4-cell50_shared_field-5046,4,candidate,10,596.2318981000001,0.032551208045333624,10,1.0,5962.318981,True,
LOCAL-v1-q4-cell50_shared_field-5047,4,candidate,16,231.8572679375,0.042970458045601845,16,1.0,3709.716287,True,
LOCAL-v1-q4-cell50_shared_field-5048,4,candidate,12,498.754034,0.03744524996727705,12,1.0,5985.048408,True,
LOCAL-v1-q4-cell50_shared_field-5049,4,candidate,10,609.0559799,0.02730208297725767,10,1.0,6090.559799,True,
LOCAL-v1-q4-cell50_shared_field-5050,4,candidate,15,393.2498435333334,0.06515616690739989,15,1.0,5898.747653,True,
LOCAL-v1-q4-cell50_shared_field-5051,4,candidate,11,527.2510835454545,0.030432875035330653,11,1.0,5799.761919,True,
LOCAL-v1-q4-cell50_shared_field-5052,4,candidate,13,437.54501999999997,0.03455250000115484,13,1.0,5688.08526,True,
LOCAL-v1-q4-cell50_shared_field-5053,4,candidate,16,339.5694265625,0.040028249961324036,16,1.0,5433.110825,True,
LOCAL-v1-q4-cell50_shared_field-5054,4,candidate,16,330.1249051875,0.033623707946389914,16,1.0,5281.998483,True,
LOCAL-v1-q4-cell50_shared_field-5055,4,candidate,12,540.1748341666666,0.027645000023767352,12,1.0,6482.09801,True,
LOCAL-v1-q4-cell50_shared_field-5056,4,candidate,13,483.22829023076923,0.029719249927438796,13,1.0,6281.967773,True,
LOCAL-v1-q4-cell50_shared_field-5057,4,candidate,13,471.00528838461537,0.03546091599855572,13,1.0,6123.068749,True,
LOCAL-v1-q4-cell50_shared_field-5058,4,candidate,14,391.0623401428571,0.04338829102925956,14,1.0,5474.872762,True,
LOCAL-v1-q4-cell50_shared_field-5059,4,candidate,12,451.4619891666667,0.03970920806750655,12,1.0,5417.54387,True,
LOCAL-v1-q4-cell50_shared_field-5060,4,candidate,11,527.3695721818182,0.024419042048975825,11,1.0,5801.065294,True,
LOCAL-v1-q4-cell50_shared_field-5061,4,candidate,13,476.82813576923076,0.031970332958735526,13,1.0,6198.765765,True,
LOCAL-v1-q4-cell50_shared_field-5062,4,candidate,16,252.54743225,0.04399933305103332,16,1.0,4040.758916,True,
LOCAL-v1-q4-cell50_shared_field-5063,4,candidate,15,382.8991104666667,0.04137945803813636,15,1.0,5743.486657,True,
LOCAL-v1-q4-cell50_shared_field-5064,4,candidate,13,502.4147673076923,0.032291000010445714,13,1.0,6531.391975,True,
LOCAL-v1-q4-cell50_shared_field-5065,4,candidate,12,528.4971729166667,0.029909915989264846,12,1.0,6341.966075,True,
LOCAL-v1-q4-cell50_shared_field-5066,4,candidate,10,589.3999099,0.02627891697920859,10,1.0,5893.999099,True,
LOCAL-v1-q4-cell50_shared_field-5067,4,candidate,16,320.7891603125,0.0387633329955861,16,1.0,5132.626565,True,
LOCAL-v1-q4-cell50_shared_field-5068,4,candidate,13,492.43498507692306,0.05884950002655387,13,1.0,6401.654806,True,
LOCAL-v1-q4-cell50_shared_field-5069,4,candidate,14,443.0733012857143,0.03251583408564329,14,1.0,6203.026218,True,
LOCAL-v1-q4-cell50_shared_field-5070,4,candidate,12,466.90214125000006,0.02769158291630447,12,1.0,5602.825695,True,
LOCAL-v1-q4-cell50_shared_field-5071,4,candidate,12,470.194226,0.03781250002793968,12,1.0,5642.330712,True,
LOCAL-v1-q4-cell50_shared_field-5072,4,candidate,15,407.440623,0.03587970801163465,15,1.0,6111.609345,True,
LOCAL-v1-q4-cell50_shared_field-5073,4,candidate,10,541.5024972,0.028368959086947143,10,1.0,5415.024972,True,
LOCAL-v1-q4-cell50_shared_field-5074,4,candidate,16,271.623631875,0.05538470798637718,16,1.0,4345.97811,True,
LOCAL-v1-q4-cell50_shared_field-5075,4,candidate,15,384.3980026,0.037449916009791195,15,1.0,5765.970039,True,
LOCAL-v1-q4-cell50_shared_field-5076,4,candidate,12,484.53293383333335,0.037740667001344264,12,1.0,5814.395206,True,
LOCAL-v1-q4-cell50_shared_field-5077,4,candidate,14,384.56077321428575,0.03857262502424419,14,1.0,5383.850825,True,
LOCAL-v1-q4-cell50_shared_field-5078,4,candidate,13,425.4332681538462,0.050742292078211904,13,1.0,5530.632486,True,
LOCAL-v1-q4-cell50_shared_field-5079,4,candidate,10,543.7623966,0.032671374967321754,10,1.0,5437.623966,True,
LOCAL-v1-q4-cell50_shared_field-5080,4,candidate,10,600.1963278999999,0.026914290967397392,10,1.0,6001.963279,True,
LOCAL-v1-q4-cell50_shared_field-5081,4,candidate,16,258.989597375,0.04055645898915827,16,1.0,4143.833558,True,
LOCAL-v1-q4-cell50_shared_field-5082,4,candidate,13,432.2106133846154,0.03343249997124076,13,1.0,5618.737974,True,
LOCAL-v1-q4-cell50_shared_field-5083,4,candidate,13,417.0016346153846,0.036199624999426305,13,1.0,5421.02125,True,
LOCAL-v1-q4-cell50_shared_field-5084,4,candidate,14,416.9226416428572,0.03368024993687868,14,1.0,5836.916983,True,
LOCAL-v1-q4-cell50_shared_field-5085,4,candidate,15,391.7118068,0.04260208399500698,15,1.0,5875.677102,True,
LOCAL-v1-q4-cell50_shared_field-5086,4,candidate,12,459.90610108333334,0.027127666980959475,12,1.0,5518.873213,True,
LOCAL-v1-q4-cell50_shared_field-5087,4,candidate,13,451.41981699999997,0.029752417001873255,13,1.0,5868.457621,True,
LOCAL-v1-q4-cell50_shared_field-5088,4,candidate,16,312.8074088125,0.0415499999653548,16,1.0,5004.918541,True,
LOCAL-v1-q4-cell50_shared_field-5089,4,candidate,15,361.01557253333334,0.03629274992272258,15,1.0,5415.233588,True,
LOCAL-v1-q4-cell50_shared_field-5090,4,candidate,14,400.75245864285716,0.041686167009174824,14,1.0,5610.534421,True,
LOCAL-v1-q4-cell50_shared_field-5091,4,candidate,12,482.6903681666667,0.038656959077343345,12,1.0,5792.284418,True,
LOCAL-v1-q4-cell50_shared_field-5092,4,candidate,11,530.5474001818183,0.05639529100153595,11,1.0,5836.021402,True,
LOCAL-v1-q4-cell50_shared_field-5093,4,candidate,15,413.9207876666667,0.07526924996636808,15,1.0,6208.811815,True,
LOCAL-v1-q4-cell50_shared_field-5094,4,candidate,11,551.8061236363636,0.07650987501256168,11,1.0,6069.86736,True,
LOCAL-v1-q4-cell50_shared_field-5095,4,candidate,10,608.2712748,0.05193595809396356,10,1.0,6082.712748,True,
LOCAL-v1-q4-cell50_shared_field-5096,4,candidate,14,400.0317228571429,0.042515415931120515,14,1.0,5600.44412,True,
LOCAL-v1-q4-cell50_shared_field-5097,4,candidate,13,447.5655538461539,0.059173124958761036,13,1.0,5818.3522,True,
LOCAL-v1-q4-cell50_shared_field-5098,4,candidate,16,236.9717935,0.040474917041137815,16,1.0,3791.548696,True,
LOCAL-v1-q4-cell50_shared_field-5099,4,candidate,13,505.7162618461538,0.031704916968010366,13,1.0,6574.311404,True,
LOCAL-v1-q4-cell500_shared_field-5000,4,candidate,11,494.06327999999996,0.029876957996748388,11,1.0,5434.69608,True,
LOCAL-v1-q4-cell500_shared_field-5001,4,candidate,14,425.5861485,0.04279120801948011,14,1.0,5958.206079,True,
LOCAL-v1-q4-cell500_shared_field-5002,4,candidate,15,401.09913613333333,0.04237479099538177,15,1.0,6016.487042,True,
LOCAL-v1-q4-cell500_shared_field-5003,4,candidate,11,511.05163045454543,0.057227374985814095,11,1.0,5621.567935,True,
LOCAL-v1-q4-cell500_shared_field-5004,4,candidate,12,458.5836928333333,0.08764404198154807,12,1.0,5503.004314,True,
LOCAL-v1-q4-cell500_shared_field-5005,4,candidate,11,517.9137567272727,0.0370593749685213,11,1.0,5697.051324,True,
LOCAL-v1-q4-cell500_shared_field-5006,4,candidate,11,530.3752116363636,0.032790041994303465,11,1.0,5834.127328,True,
LOCAL-v1-q4-cell500_shared_field-5007,4,candidate,11,534.8749941818182,0.023972166003659368,11,1.0,5883.624936,True,
LOCAL-v1-q4-cell500_shared_field-5008,4,candidate,10,590.1048643,0.03079116705339402,10,1.0,5901.048643,True,
LOCAL-v1-q4-cell500_shared_field-5009,4,candidate,14,392.8641567857143,0.045313832932151854,14,1.0,5500.098195,True,
LOCAL-v1-q4-cell500_shared_field-5010,4,candidate,12,479.12092966666665,0.03694858297239989,12,1.0,5749.451156,True,
LOCAL-v1-q4-cell500_shared_field-5011,4,candidate,15,381.56341746666664,0.03954324999358505,15,1.0,5723.451262,True,
LOCAL-v1-q4-cell500_shared_field-5012,4,candidate,10,610.0062089,0.0237573329359293,10,1.0,6100.062089,True,
LOCAL-v1-q4-cell500_shared_field-5013,4,candidate,12,479.441349,0.03513479104731232,12,1.0,5753.296188,True,
LOCAL-v1-q4-cell500_shared_field-5014,4,candidate,11,526.7145529999999,0.028227292001247406,11,1.0,5793.860083,True,
LOCAL-v1-q4-cell500_shared_field-5015,4,candidate,12,501.1428235833334,0.03359983302652836,12,1.0,6013.713883,True,
LOCAL-v1-q4-cell500_shared_field-5016,4,candidate,16,247.291319875,0.03809950000140816,16,1.0,3956.661118,True,
LOCAL-v1-q4-cell500_shared_field-5017,4,candidate,15,460.2111691333333,0.03252433298621327,15,1.0,6903.167537,True,
LOCAL-v1-q4-cell500_shared_field-5018,4,candidate,10,639.2177168999999,0.02020029106643051,10,1.0,6392.177169,True,
LOCAL-v1-q4-cell500_shared_field-5019,4,candidate,11,505.28251145454544,0.02662525000050664,11,1.0,5558.107626,True,
LOCAL-v1-q4-cell500_shared_field-5020,4,candidate,16,335.7163991875,0.04154429095797241,16,1.0,5371.462387,True,
LOCAL-v1-q4-cell500_shared_field-5021,4,candidate,14,414.0824280714286,0.029204083024524152,14,1.0,5797.153993,True,
LOCAL-v1-q4-cell500_shared_field-5022,4,candidate,14,478.93213035714285,0.03486554103437811,14,1.0,6705.049825,True,
LOCAL-v1-q4-cell500_shared_field-5023,4,candidate,15,378.8511722,0.03905154194217175,15,1.0,5682.767583,True,
LOCAL-v1-q4-cell500_shared_field-5024,4,candidate,13,441.1946059230769,0.03529645793605596,13,1.0,5735.529877,True,
LOCAL-v1-q4-cell500_shared_field-5025,4,candidate,12,499.0752894166667,0.023890874930657446,12,1.0,5988.903473,True,
LOCAL-v1-q4-cell500_shared_field-5026,4,candidate,15,372.97354873333336,0.0512505000224337,15,1.0,5594.603231,True,
LOCAL-v1-q4-cell500_shared_field-5027,4,candidate,11,510.83336036363636,0.02728024998214096,11,1.0,5619.166964,True,
LOCAL-v1-q4-cell500_shared_field-5028,4,candidate,10,618.1837555,0.02667875005863607,10,1.0,6181.837555,True,
LOCAL-v1-q4-cell500_shared_field-5029,4,candidate,11,568.8515091818182,0.026155584026128054,11,1.0,6257.366601,True,
LOCAL-v1-q4-cell500_shared_field-5030,4,candidate,12,520.3270695,0.027085541049018502,12,1.0,6243.924834,True,
LOCAL-v1-q4-cell500_shared_field-5031,4,candidate,15,420.1085553333333,0.03492433310020715,15,1.0,6301.62833,True,
LOCAL-v1-q4-cell500_shared_field-5032,4,candidate,11,525.3177170909091,0.02890212496276945,11,1.0,5778.494888,True,
LOCAL-v1-q4-cell500_shared_field-5033,4,candidate,14,394.8289892857143,0.04439179191831499,14,1.0,5527.60585,True,
LOCAL-v1-q4-cell500_shared_field-5034,4,candidate,16,407.7730445,0.03408687503542751,16,1.0,6524.368712,True,
LOCAL-v1-q4-cell500_shared_field-5035,4,candidate,10,591.3814998,0.0201636670390144,10,1.0,5913.814998,True,
LOCAL-v1-q4-cell500_shared_field-5036,4,candidate,15,442.3079116,0.030312292044982314,15,1.0,6634.618674,True,
LOCAL-v1-q4-cell500_shared_field-5037,4,candidate,15,425.56165746666665,0.03549041703809053,15,1.0,6383.424862,True,
LOCAL-v1-q4-cell500_shared_field-5038,4,candidate,16,254.8762045625,0.033811834058724344,16,1.0,4078.019273,True,
LOCAL-v1-q4-cell500_shared_field-5039,4,candidate,10,569.9099496,0.02286816609557718,10,1.0,5699.099496,True,
LOCAL-v1-q4-cell500_shared_field-5040,4,candidate,15,397.39860573333334,0.03951291600242257,15,1.0,5960.979086,True,
LOCAL-v1-q4-cell500_shared_field-5041,4,candidate,15,402.7217786,0.03286362497601658,15,1.0,6040.826679,True,
LOCAL-v1-q4-cell500_shared_field-5042,4,candidate,11,525.2035050909091,0.02940762508660555,11,1.0,5777.238556,True,
LOCAL-v1-q4-cell500_shared_field-5043,4,candidate,12,533.8769554166666,0.02562375005800277,12,1.0,6406.523465,True,
LOCAL-v1-q4-cell500_shared_field-5044,4,candidate,11,584.420110090909,0.02594666602090001,11,1.0,6428.621211,True,
LOCAL-v1-q4-cell500_shared_field-5045,4,candidate,11,504.44025309090915,0.032451334060169756,11,1.0,5548.842784,True,
LOCAL-v1-q4-cell500_shared_field-5046,4,candidate,10,588.8110515999999,0.025604958995245397,10,1.0,5888.110516,True,
LOCAL-v1-q4-cell500_shared_field-5047,4,candidate,16,265.2728338125,0.046853542095050216,16,1.0,4244.365341,True,
LOCAL-v1-q4-cell500_shared_field-5048,4,candidate,12,497.0506909166666,0.03199333301745355,12,1.0,5964.608291,True,
LOCAL-v1-q4-cell500_shared_field-5049,4,candidate,10,607.1180191999999,0.023212541942484677,10,1.0,6071.180192,True,
LOCAL-v1-q4-cell500_shared_field-5050,4,candidate,15,391.45364033333334,0.046940250089392066,15,1.0,5871.804605,True,
LOCAL-v1-q4-cell500_shared_field-5051,4,candidate,11,524.6031807272727,0.02912866696715355,11,1.0,5770.634988,True,
LOCAL-v1-q4-cell500_shared_field-5052,4,candidate,13,433.65278246153844,0.03237462497781962,13,1.0,5637.486172,True,
LOCAL-v1-q4-cell500_shared_field-5053,4,candidate,16,335.3424633125,0.039953166036866605,16,1.0,5365.479413,True,
LOCAL-v1-q4-cell500_shared_field-5054,4,candidate,16,330.0274700625,0.03092433395795524,16,1.0,5280.439521,True,
LOCAL-v1-q4-cell500_shared_field-5055,4,candidate,12,540.8989937499999,0.024922708980739117,12,1.0,6490.787925,True,
LOCAL-v1-q4-cell500_shared_field-5056,4,candidate,13,497.77943623076925,0.025457708979956806,13,1.0,6471.132671,True,
LOCAL-v1-q4-cell500_shared_field-5057,4,candidate,13,468.4161487692308,0.033665332943201065,13,1.0,6089.409934,True,
LOCAL-v1-q4-cell500_shared_field-5058,4,candidate,14,418.07519257142854,0.03864529205020517,14,1.0,5853.052696,True,
LOCAL-v1-q4-cell500_shared_field-5059,4,candidate,12,438.88464975000005,0.036061375052668154,12,1.0,5266.615797,True,
LOCAL-v1-q4-cell500_shared_field-5060,4,candidate,11,528.5736580909091,0.022033708984963596,11,1.0,5814.310239,True,
LOCAL-v1-q4-cell500_shared_field-5061,4,candidate,13,471.0377723076923,0.025469459011219442,13,1.0,6123.49104,True,
LOCAL-v1-q4-cell500_shared_field-5062,4,candidate,16,273.8474048125,0.034480375004932284,16,1.0,4381.558477,True,
LOCAL-v1-q4-cell500_shared_field-5063,4,candidate,15,387.52358399999997,0.04010616696905345,15,1.0,5812.85376,True,
LOCAL-v1-q4-cell500_shared_field-5064,4,candidate,13,490.4431054615385,0.028462625108659267,13,1.0,6375.760371,True,
LOCAL-v1-q4-cell500_shared_field-5065,4,candidate,12,520.9138381666667,0.028602708014659584,12,1.0,6250.966058,True,
LOCAL-v1-q4-cell500_shared_field-5066,4,candidate,10,610.0881183,0.02610829204786569,10,1.0,6100.881183,True,
LOCAL-v1-q4-cell500_shared_field-5067,4,candidate,16,331.983281625,0.03745108295697719,16,1.0,5311.732506,True,
LOCAL-v1-q4-cell500_shared_field-5068,4,candidate,13,432.2893463076923,0.03696933307219297,13,1.0,5619.761502,True,
LOCAL-v1-q4-cell500_shared_field-5069,4,candidate,14,434.2488279285714,0.03304029197897762,14,1.0,6079.483591,True,
LOCAL-v1-q4-cell500_shared_field-5070,4,candidate,12,458.80480575,0.026911624940112233,12,1.0,5505.657669,True,
LOCAL-v1-q4-cell500_shared_field-5071,4,candidate,12,465.40830708333334,0.03232958307489753,12,1.0,5584.899685,True,
LOCAL-v1-q4-cell500_shared_field-5072,4,candidate,15,406.4629708,0.03356766700744629,15,1.0,6096.944562,True,
LOCAL-v1-q4-cell500_shared_field-5073,4,candidate,10,540.9855666999999,0.02904037502594292,10,1.0,5409.855667,True,
LOCAL-v1-q4-cell500_shared_field-5074,4,candidate,16,325.433878875,0.0438395420787856,16,1.0,5206.942062,True,
LOCAL-v1-q4-cell500_shared_field-5075,4,candidate,15,383.7209838666667,0.03386904194485396,15,1.0,5755.814758,True,
LOCAL-v1-q4-cell500_shared_field-5076,4,candidate,12,486.8714766666667,0.03920354205183685,12,1.0,5842.45772,True,
LOCAL-v1-q4-cell500_shared_field-5077,4,candidate,14,385.7135942857143,0.03602108301129192,14,1.0,5399.99032,True,
LOCAL-v1-q4-cell500_shared_field-5078,4,candidate,13,421.70403500000003,0.04033945803530514,13,1.0,5482.152455,True,
LOCAL-v1-q4-cell500_shared_field-5079,4,candidate,10,569.6634803,0.027289999998174608,10,1.0,5696.634803,True,
LOCAL-v1-q4-cell500_shared_field-5080,4,candidate,10,599.1049449,0.026023834012448788,10,1.0,5991.049449,True,
LOCAL-v1-q4-cell500_shared_field-5081,4,candidate,16,261.6112055,0.03887854109052569,16,1.0,4185.779288,True,
LOCAL-v1-q4-cell500_shared_field-5082,4,candidate,13,434.65180207692305,0.03507820796221495,13,1.0,5650.473427,True,
LOCAL-v1-q4-cell500_shared_field-5083,4,candidate,13,439.7532181538462,0.045172042096965015,13,1.0,5716.791836,True,
LOCAL-v1-q4-cell500_shared_field-5084,4,candidate,14,398.6827052142857,0.04181424994021654,14,1.0,5581.557873,True,
LOCAL-v1-q4-cell500_shared_field-5085,4,candidate,15,385.79995106666667,0.05088624998461455,15,1.0,5786.999266,True,
LOCAL-v1-q4-cell500_shared_field-5086,4,candidate,12,457.5331888333333,0.02853420900646597,12,1.0,5490.398266,True,
LOCAL-v1-q4-cell500_shared_field-5087,4,candidate,13,449.67034453846156,0.03815354104153812,13,1.0,5845.714479,True,
LOCAL-v1-q4-cell500_shared_field-5088,4,candidate,16,308.828454375,0.03947929199784994,16,1.0,4941.25527,True,
LOCAL-v1-q4-cell500_shared_field-5089,4,candidate,15,358.7497124,0.03633883304428309,15,1.0,5381.245686,True,
LOCAL-v1-q4-cell500_shared_field-5090,4,candidate,14,405.0070688571428,0.035364209092222154,14,1.0,5670.098964,True,
LOCAL-v1-q4-cell500_shared_field-5091,4,candidate,12,481.3466699166667,0.030386709026061,12,1.0,5776.160039,True,
LOCAL-v1-q4-cell500_shared_field-5092,4,candidate,11,530.5175012727273,0.030505083967000246,11,1.0,5835.692514,True,
LOCAL-v1-q4-cell500_shared_field-5093,4,candidate,15,401.76708313333336,0.035779083031229675,15,1.0,6026.506247,True,
LOCAL-v1-q4-cell500_shared_field-5094,4,candidate,11,542.0059458181818,0.023243083036504686,11,1.0,5962.065404,True,
LOCAL-v1-q4-cell500_shared_field-5095,4,candidate,10,597.510856,0.021885916008614004,10,1.0,5975.10856,True,
LOCAL-v1-q4-cell500_shared_field-5096,4,candidate,14,379.52694057142855,0.04049395804759115,14,1.0,5313.377168,True,
LOCAL-v1-q4-cell500_shared_field-5097,4,candidate,13,449.16619023076925,0.02708058396819979,13,1.0,5839.160473,True,
LOCAL-v1-q4-cell500_shared_field-5098,4,candidate,16,230.1915396875,0.03388091700617224,16,1.0,3683.064635,True,
LOCAL-v1-q4-cell500_shared_field-5099,4,candidate,13,492.97248299999995,0.029600333073176444,13,1.0,6408.642279,True,
LOCAL-v1-q4-edge_mixed_min_radius-5000,4,candidate,11,530.8551615454545,0.018995917052961886,11,1.0,5839.406777,True,
LOCAL-v1-q4-edge_mixed_min_radius-5001,4,candidate,14,524.6504559285714,0.022795959026552737,14,1.0,7345.106383,True,
LOCAL-v1-q4-edge_mixed_min_radius-5002,4,candidate,15,442.4080889333334,0.021746333921328187,15,1.0,6636.121334,True,
LOCAL-v1-q4-edge_mixed_min_radius-5003,4,candidate,11,556.0134111818181,0.02226041699759662,11,1.0,6116.147523,True,
LOCAL-v1-q4-edge_mixed_min_radius-5004,4,candidate,12,476.6747774166667,0.023873875034041703,12,1.0,5720.097329,True,
LOCAL-v1-q4-edge_mixed_min_radius-5005,4,candidate,11,508.0793782727273,0.019871165975928307,11,1.0,5588.873161,True,
LOCAL-v1-q4-edge_mixed_min_radius-5006,4,candidate,11,596.6401264545455,0.023636624915525317,11,1.0,6563.041391,True,
LOCAL-v1-q4-edge_mixed_min_radius-5007,4,candidate,11,599.2782139090909,0.01974808401428163,11,1.0,6592.060353,True,
LOCAL-v1-q4-edge_mixed_min_radius-5008,4,candidate,10,692.0840096,0.017044999985955656,10,1.0,6920.840096,True,
LOCAL-v1-q4-edge_mixed_min_radius-5009,4,candidate,14,441.81678564285716,0.027369583025574684,14,1.0,6185.434999,True,
LOCAL-v1-q4-edge_mixed_min_radius-5010,4,candidate,12,507.9175325833333,0.021286832983605564,12,1.0,6095.010391,True,
LOCAL-v1-q4-edge_mixed_min_radius-5011,4,candidate,15,383.0610461333333,0.03660629189107567,15,1.0,5745.915692,True,
LOCAL-v1-q4-edge_mixed_min_radius-5012,4,candidate,10,620.6319052,0.020414332975633442,10,1.0,6206.319052,True,
LOCAL-v1-q4-edge_mixed_min_radius-5013,4,candidate,12,544.3972851666666,0.017163791926577687,12,1.0,6532.767422,True,
LOCAL-v1-q4-edge_mixed_min_radius-5014,4,candidate,11,577.7945011818182,0.017392834066413343,11,1.0,6355.739513,True,
LOCAL-v1-q4-edge_mixed_min_radius-5015,4,candidate,12,566.49500025,0.018382459064014256,12,1.0,6797.940003,True,
LOCAL-v1-q4-edge_mixed_min_radius-5016,4,candidate,16,415.41729575,0.024057667003944516,16,1.0,6646.676732,True,
LOCAL-v1-q4-edge_mixed_min_radius-5017,4,candidate,15,425.9450942,0.021889833034947515,15,1.0,6389.176413,True,
LOCAL-v1-q4-edge_mixed_min_radius-5018,4,candidate,10,635.8768140999999,0.013090958003886044,10,1.0,6358.768141,True,
LOCAL-v1-q4-edge_mixed_min_radius-5019,4,candidate,11,521.2312355454545,0.019715624977834523,11,1.0,5733.543591,True,
LOCAL-v1-q4-edge_mixed_min_radius-5020,4,candidate,16,272.6324054375,0.024391041020862758,16,1.0,4362.118487,True,
LOCAL-v1-q4-edge_mixed_min_radius-5021,4,candidate,14,527.9829819285713,0.01890262507367879,14,1.0,7391.761747,True,
LOCAL-v1-q4-edge_mixed_min_radius-5022,4,candidate,14,480.7826265,0.019524083007127047,14,1.0,6730.956771,True,
LOCAL-v1-q4-edge_mixed_min_radius-5023,4,candidate,15,407.9760080666667,0.02254637493751943,15,1.0,6119.640121,True,
LOCAL-v1-q4-edge_mixed_min_radius-5024,4,candidate,13,454.94739892307695,0.020876624970696867,13,1.0,5914.316186,True,
LOCAL-v1-q4-edge_mixed_min_radius-5025,4,candidate,12,563.7398893333333,0.021556374966166914,12,1.0,6764.878672,True,
LOCAL-v1-q4-edge_mixed_min_radius-5026,4,candidate,15,407.59665493333335,0.0320648750057444,15,1.0,6113.949824,True,
LOCAL-v1-q4-edge_mixed_min_radius-5027,4,candidate,11,565.4433102727272,0.02348033303860575,11,1.0,6219.876413,True,
LOCAL-v1-q4-edge_mixed_min_radius-5028,4,candidate,10,637.6027670999999,0.015912208007648587,10,1.0,6376.027671,True,
LOCAL-v1-q4-edge_mixed_min_radius-5029,4,candidate,11,583.9349528181818,0.02048750000540167,11,1.0,6423.284481,True,
LOCAL-v1-q4-edge_mixed_min_radius-5030,4,candidate,12,539.0009325,0.021774083958007395,12,1.0,6468.01119,True,
LOCAL-v1-q4-edge_mixed_min_radius-5031,4,candidate,15,483.5692817333333,0.023199499933980405,15,1.0,7253.539226,True,
LOCAL-v1-q4-edge_mixed_min_radius-5032,4,candidate,11,534.6976351818182,0.024022041936405003,11,1.0,5881.673987,True,
LOCAL-v1-q4-edge_mixed_min_radius-5033,4,candidate,14,416.2142647857143,0.02559929108247161,14,1.0,5826.999707,True,
LOCAL-v1-q4-edge_mixed_min_radius-5034,4,candidate,16,369.3823216875,0.026167792035266757,16,1.0,5910.117147,True,
LOCAL-v1-q4-edge_mixed_min_radius-5035,4,candidate,10,693.5840546000001,0.01789770892355591,10,1.0,6935.840546,True,
LOCAL-v1-q4-edge_mixed_min_radius-5036,4,candidate,15,494.3937962,0.02514729101676494,15,1.0,7415.906943,True,
LOCAL-v1-q4-edge_mixed_min_radius-5037,4,candidate,15,452.7918162666667,0.024703292059712112,15,1.0,6791.877244,True,
LOCAL-v1-q4-edge_mixed_min_radius-5038,4,candidate,16,299.34821825,0.022727041970938444,16,1.0,4789.571492,True,
LOCAL-v1-q4-edge_mixed_min_radius-5039,4,candidate,10,639.4780912,0.018620084039866924,10,1.0,6394.780912,True,
LOCAL-v1-q4-edge_mixed_min_radius-5040,4,candidate,15,380.07660473333334,0.025235791923478246,15,1.0,5701.149071,True,
LOCAL-v1-q4-edge_mixed_min_radius-5041,4,candidate,15,410.750752,0.025679499958641827,15,1.0,6161.26128,True,
LOCAL-v1-q4-edge_mixed_min_radius-5042,4,candidate,11,596.3103905454545,0.020568792009726167,11,1.0,6559.414296,True,
LOCAL-v1-q4-edge_mixed_min_radius-5043,4,candidate,12,595.8306660833333,0.017837249906733632,12,1.0,7149.967993,True,
LOCAL-v1-q4-edge_mixed_min_radius-5044,4,candidate,11,627.4948430909091,0.017998207942582667,11,1.0,6902.443274,True,
LOCAL-v1-q4-edge_mixed_min_radius-5045,4,candidate,11,513.4092546363637,0.021515875007025898,11,1.0,5647.501801,True,
LOCAL-v1-q4-edge_mixed_min_radius-5046,4,candidate,10,607.747406,0.018515832955017686,10,1.0,6077.47406,True,
LOCAL-v1-q4-edge_mixed_min_radius-5047,4,candidate,16,328.349046,0.02390029199887067,16,1.0,5253.584736,True,
LOCAL-v1-q4-edge_mixed_min_radius-5048,4,candidate,12,497.6871505,0.021433625021018088,12,1.0,5972.245806,True,
LOCAL-v1-q4-edge_mixed_min_radius-5049,4,candidate,10,632.8226286,0.016530917026102543,10,1.0,6328.226286,True,
LOCAL-v1-q4-edge_mixed_min_radius-5050,4,candidate,15,416.6983112,0.02695345797110349,15,1.0,6250.474668,True,
LOCAL-v1-q4-edge_mixed_min_radius-5051,4,candidate,11,601.585478,0.021192167070694268,11,1.0,6617.440258,True,
LOCAL-v1-q4-edge_mixed_min_radius-5052,4,candidate,13,470.3663083076923,0.027082875021733344,13,1.0,6114.762008,True,
LOCAL-v1-q4-edge_mixed_min_radius-5053,4,candidate,16,333.9518969375,0.03230845800135285,16,1.0,5343.230351,True,
LOCAL-v1-q4-edge_mixed_min_radius-5054,4,candidate,16,369.18985075,0.034413208020851016,16,1.0,5907.037612,True,
LOCAL-v1-q4-edge_mixed_min_radius-5055,4,candidate,12,575.0353162499999,0.016720458050258458,12,1.0,6900.423795,True,
LOCAL-v1-q4-edge_mixed_min_radius-5056,4,candidate,13,558.0007362307692,0.019055375014431775,13,1.0,7254.009571,True,
LOCAL-v1-q4-edge_mixed_min_radius-5057,4,candidate,13,476.0332839230769,0.027217708062380552,13,1.0,6188.432691,True,
LOCAL-v1-q4-edge_mixed_min_radius-5058,4,candidate,14,419.4062437142857,0.023491417057812214,14,1.0,5871.687412,True,
LOCAL-v1-q4-edge_mixed_min_radius-5059,4,candidate,12,486.4104100833333,0.020707582938484848,12,1.0,5836.924921,True,
LOCAL-v1-q4-edge_mixed_min_radius-5060,4,candidate,11,626.7576441818181,0.01767908304464072,11,1.0,6894.334086,True,
LOCAL-v1-q4-edge_mixed_min_radius-5061,4,candidate,13,496.2647560769231,0.025814375025220215,13,1.0,6451.441829,True,
LOCAL-v1-q4-edge_mixed_min_radius-5062,4,candidate,16,422.6077870625,0.02900620794389397,16,1.0,6761.724593,True,
LOCAL-v1-q4-edge_mixed_min_radius-5063,4,candidate,15,422.8238790666667,0.02850975003093481,15,1.0,6342.358186,True,
LOCAL-v1-q4-edge_mixed_min_radius-5064,4,candidate,13,472.04156115384615,0.02316737500950694,13,1.0,6136.540295,True,
LOCAL-v1-q4-edge_mixed_min_radius-5065,4,candidate,12,553.1668728333333,0.02706600003875792,12,1.0,6638.002474,True,
LOCAL-v1-q4-edge_mixed_min_radius-5066,4,candidate,10,585.1321257,0.02123854192905128,10,1.0,5851.321257,True,
LOCAL-v1-q4-edge_mixed_min_radius-5067,4,candidate,16,392.1522521875,0.026194000034593046,16,1.0,6274.436035,True,
LOCAL-v1-q4-edge_mixed_min_radius-5068,4,candidate,13,456.10902923076924,0.023195917019620538,13,1.0,5929.41738,True,
LOCAL-v1-q4-edge_mixed_min_radius-5069,4,candidate,14,501.06811971428573,0.018466708017513156,14,1.0,7014.953676,True,
LOCAL-v1-q4-edge_mixed_min_radius-5070,4,candidate,12,511.59253291666664,0.01981658290605992,12,1.0,6139.110395,True,
LOCAL-v1-q4-edge_mixed_min_radius-5071,4,candidate,12,487.0125321666667,0.020672583021223545,12,1.0,5844.150386,True,
LOCAL-v1-q4-edge_mixed_min_radius-5072,4,candidate,15,455.6055224666667,0.02280145906843245,15,1.0,6834.082837,True,
LOCAL-v1-q4-edge_mixed_min_radius-5073,4,candidate,10,571.1391614,0.018596250098198652,10,1.0,5711.391614,True,
LOCAL-v1-q4-edge_mixed_min_radius-5074,4,candidate,16,347.7246111875,0.02609941700939089,16,1.0,5563.593779,True,
LOCAL-v1-q4-edge_mixed_min_radius-5075,4,candidate,15,378.8417444,0.0323987080482766,15,1.0,5682.626166,True,
LOCAL-v1-q4-edge_mixed_min_radius-5076,4,candidate,12,532.5715263333333,0.018686915980651975,12,1.0,6390.858316,True,
LOCAL-v1-q4-edge_mixed_min_radius-5077,4,candidate,14,401.25311392857145,0.021211375016719103,14,1.0,5617.543595,True,
LOCAL-v1-q4-edge_mixed_min_radius-5078,4,candidate,13,471.50535007692304,0.02389208390377462,13,1.0,6129.569551,True,
LOCAL-v1-q4-edge_mixed_min_radius-5079,4,candidate,10,593.0604339,0.019509917008690536,10,1.0,5930.604339,True,
LOCAL-v1-q4-edge_mixed_min_radius-5080,4,candidate,10,654.1662336,0.019149874919094145,10,1.0,6541.662336,True,
LOCAL-v1-q4-edge_mixed_min_radius-5081,4,candidate,16,427.240455375,0.023508250014856458,16,1.0,6835.847286,True,
LOCAL-v1-q4-edge_mixed_min_radius-5082,4,candidate,13,449.35565292307695,0.02314683294389397,13,1.0,5841.623488,True,
LOCAL-v1-q4-edge_mixed_min_radius-5083,4,candidate,13,459.7017116923077,0.02339583297725767,13,1.0,5976.122252,True,
LOCAL-v1-q4-edge_mixed_min_radius-5084,4,candidate,14,469.9526824285714,0.019501250004395843,14,1.0,6579.337554,True,
LOCAL-v1-q4-edge_mixed_min_radius-5085,4,candidate,15,414.9947252,0.027018958004191518,15,1.0,6224.920878,True,
LOCAL-v1-q4-edge_mixed_min_radius-5086,4,candidate,12,567.3595593333333,0.0212519170017913,12,1.0,6808.314712,True,
LOCAL-v1-q4-edge_mixed_min_radius-5087,4,candidate,13,494.0582182307692,0.02058204193599522,13,1.0,6422.756837,True,
LOCAL-v1-q4-edge_mixed_min_radius-5088,4,candidate,16,344.6272391875,0.024063582997769117,16,1.0,5514.035827,True,
LOCAL-v1-q4-edge_mixed_min_radius-5089,4,candidate,15,420.4743650666667,0.02716191706713289,15,1.0,6307.115476,True,
LOCAL-v1-q4-edge_mixed_min_radius-5090,4,candidate,14,409.38009064285717,0.023314791964367032,14,1.0,5731.321269,True,
LOCAL-v1-q4-edge_mixed_min_radius-5091,4,candidate,12,496.7913556666667,0.020842584082856774,12,1.0,5961.496268,True,
LOCAL-v1-q4-edge_mixed_min_radius-5092,4,candidate,11,611.834886909091,0.027469791006296873,11,1.0,6730.183756,True,
LOCAL-v1-q4-edge_mixed_min_radius-5093,4,candidate,15,476.2485262,0.020305042038671672,15,1.0,7143.727893,True,
LOCAL-v1-q4-edge_mixed_min_radius-5094,4,candidate,11,573.5508563636363,0.02129595901351422,11,1.0,6309.05942,True,
LOCAL-v1-q4-edge_mixed_min_radius-5095,4,candidate,10,611.7793356,0.020116250030696392,10,1.0,6117.793356,True,
LOCAL-v1-q4-edge_mixed_min_radius-5096,4,candidate,14,410.5238193571428,0.02786079200450331,14,1.0,5747.333471,True,
LOCAL-v1-q4-edge_mixed_min_radius-5097,4,candidate,13,465.95585507692306,0.020509084104560316,13,1.0,6057.426116,True,
LOCAL-v1-q4-edge_mixed_min_radius-5098,4,candidate,16,336.68997025,0.026440082932822406,16,1.0,5387.039524,True,
LOCAL-v1-q4-edge_mixed_min_radius-5099,4,candidate,13,548.6790666153846,0.02563658298458904,13,1.0,7132.827866,True,
LOCAL-v1-q4-offcenter_cluster-5000,4,candidate,11,470.4861407272727,0.023647665977478027,11,1.0,5175.347548,True,
LOCAL-v1-q4-offcenter_cluster-5001,4,candidate,14,362.72182914285713,0.02852495899423957,14,1.0,5078.105608,True,
LOCAL-v1-q4-offcenter_cluster-5002,4,candidate,15,378.24003973333333,0.029786290950141847,15,1.0,5673.600596,True,
LOCAL-v1-q4-offcenter_cluster-5003,4,candidate,11,489.28008836363637,0.027495416929014027,11,1.0,5382.080972,True,
LOCAL-v1-q4-offcenter_cluster-5004,4,candidate,12,432.1783530833333,0.031013250001706183,12,1.0,5186.140237,True,
LOCAL-v1-q4-offcenter_cluster-5005,4,candidate,11,488.2481721818182,0.03040404198691249,11,1.0,5370.729894,True,
LOCAL-v1-q4-offcenter_cluster-5006,4,candidate,11,466.5775526363637,0.03175500000361353,11,1.0,5132.353079,True,
LOCAL-v1-q4-offcenter_cluster-5007,4,candidate,11,485.7299550909091,0.027839040965773165,11,1.0,5343.029506,True,
LOCAL-v1-q4-offcenter_cluster-5008,4,candidate,10,575.2545273,0.01965420797932893,10,1.0,5752.545273,True,
LOCAL-v1-q4-offcenter_cluster-5009,4,candidate,14,361.5569624285714,0.031183875049464405,14,1.0,5061.797474,True,
LOCAL-v1-q4-offcenter_cluster-5010,4,candidate,12,431.8229769166667,0.027507792110554874,12,1.0,5181.875723,True,
LOCAL-v1-q4-offcenter_cluster-5011,4,candidate,15,318.44935333333336,0.0389463750179857,15,1.0,4776.7403,True,
LOCAL-v1-q4-offcenter_cluster-5012,4,candidate,10,541.8580022,0.026684625074267387,10,1.0,5418.580022,True,
LOCAL-v1-q4-offcenter_cluster-5013,4,candidate,12,458.62277650000004,0.02817916590720415,12,1.0,5503.473318,True,
LOCAL-v1-q4-offcenter_cluster-5014,4,candidate,11,495.0340087272727,0.02950599999167025,11,1.0,5445.374096,True,
LOCAL-v1-q4-offcenter_cluster-5015,4,candidate,12,500.81028158333334,0.020356375025585294,12,1.0,6009.723379,True,
LOCAL-v1-q4-offcenter_cluster-5016,4,candidate,16,234.0216533125,0.046578958979807794,16,1.0,3744.346453,True,
LOCAL-v1-q4-offcenter_cluster-5017,4,candidate,15,372.1831696,0.05062766699120402,15,1.0,5582.747544,True,
LOCAL-v1-q4-offcenter_cluster-5018,4,candidate,10,573.0337198,0.02641983306966722,10,1.0,5730.337198,True,
LOCAL-v1-q4-offcenter_cluster-5019,4,candidate,11,474.630307,0.05252200004179031,11,1.0,5220.933377,True,
LOCAL-v1-q4-offcenter_cluster-5020,4,candidate,16,109.4388814375,0.029034208972007036,16,1.0,1751.022103,True,
LOCAL-v1-q4-offcenter_cluster-5021,4,candidate,14,389.05710785714285,0.041229749913327396,14,1.0,5446.79951,True,
LOCAL-v1-q4-offcenter_cluster-5022,4,candidate,14,429.9626465714286,0.033337124972604215,14,1.0,6019.477052,True,
LOCAL-v1-q4-offcenter_cluster-5023,4,candidate,15,361.0422190666667,0.036386042018420994,15,1.0,5415.633286,True,
LOCAL-v1-q4-offcenter_cluster-5024,4,candidate,13,413.7113506153846,0.029622374917380512,13,1.0,5378.247558,True,
LOCAL-v1-q4-offcenter_cluster-5025,4,candidate,12,431.0496044166667,0.031016041059046984,12,1.0,5172.595253,True,
LOCAL-v1-q4-offcenter_cluster-5026,4,candidate,15,350.7584129333334,0.03982995904516429,15,1.0,5261.376194,True,
LOCAL-v1-q4-offcenter_cluster-5027,4,candidate,11,488.35826999999995,0.02773233293555677,11,1.0,5371.94097,True,
LOCAL-v1-q4-offcenter_cluster-5028,4,candidate,10,532.5984767,0.024127999902702868,10,1.0,5325.984767,True,
LOCAL-v1-q4-offcenter_cluster-5029,4,candidate,11,490.7469784545455,0.03260174999013543,11,1.0,5398.216763,True,
LOCAL-v1-q4-offcenter_cluster-5030,4,candidate,12,426.69578816666666,0.0252671669004485,12,1.0,5120.349458,True,
LOCAL-v1-q4-offcenter_cluster-5031,4,candidate,15,388.58635566666663,0.03481437498703599,15,1.0,5828.795335,True,
LOCAL-v1-q4-offcenter_cluster-5032,4,candidate,11,468.1436862727273,0.028922124998643994,11,1.0,5149.580549,True,
LOCAL-v1-q4-offcenter_cluster-5033,4,candidate,14,357.71726157142854,0.04628562496509403,14,1.0,5008.041662,True,
LOCAL-v1-q4-offcenter_cluster-5034,4,candidate,16,180.0930035,0.04343841702211648,16,1.0,2881.488056,True,
LOCAL-v1-q4-offcenter_cluster-5035,4,candidate,10,568.0179912,0.0232003330020234,10,1.0,5680.179912,True,
LOCAL-v1-q4-offcenter_cluster-5036,4,candidate,15,338.95459493333334,0.03848387498874217,15,1.0,5084.318924,True,
LOCAL-v1-q4-offcenter_cluster-5037,4,candidate,15,354.94547500000004,0.033287291997112334,15,1.0,5324.182125,True,
LOCAL-v1-q4-offcenter_cluster-5038,4,candidate,16,165.4000568125,0.032851750031113625,16,1.0,2646.400909,True,
LOCAL-v1-q4-offcenter_cluster-5039,4,candidate,10,565.2804097000001,0.02795729204080999,10,1.0,5652.804097,True,
LOCAL-v1-q4-offcenter_cluster-5040,4,candidate,15,341.78797986666666,0.037367083015851676,15,1.0,5126.819698,True,
LOCAL-v1-q4-offcenter_cluster-5041,4,candidate,15,337.62468846666667,0.03518754104152322,15,1.0,5064.370327,True,
LOCAL-v1-q4-offcenter_cluster-5042,4,candidate,11,511.8216500909091,0.02783962502144277,11,1.0,5630.038151,True,
LOCAL-v1-q4-offcenter_cluster-5043,4,candidate,12,450.6883276666667,0.03137012501247227,12,1.0,5408.259932,True,
LOCAL-v1-q4-offcenter_cluster-5044,4,candidate,11,532.9106067272728,0.024255541968159378,11,1.0,5862.016674,True,
LOCAL-v1-q4-offcenter_cluster-5045,4,candidate,11,502.6841626363637,0.022014582995325327,11,1.0,5529.525789,True,
LOCAL-v1-q4-offcenter_cluster-5046,4,candidate,10,522.7585154999999,0.023612000048160553,10,1.0,5227.585155,True,
LOCAL-v1-q4-offcenter_cluster-5047,4,candidate,16,54.0354729375,0.013141082949005067,16,1.0,864.567567,True,
LOCAL-v1-q4-offcenter_cluster-5048,4,candidate,12,445.94676258333334,0.034340583020821214,12,1.0,5351.361151,True,
LOCAL-v1-q4-offcenter_cluster-5049,4,candidate,10,547.6836012,0.026306374929845333,10,1.0,5476.836012,True,
LOCAL-v1-q4-offcenter_cluster-5050,4,candidate,15,332.8318138,0.04797837499063462,15,1.0,4992.477207,True,
LOCAL-v1-q4-offcenter_cluster-5051,4,candidate,11,503.7815064545455,0.028855000040493906,11,1.0,5541.596571,True,
LOCAL-v1-q4-offcenter_cluster-5052,4,candidate,13,384.63545861538466,0.06698608305305243,13,1.0,5000.260962,True,
LOCAL-v1-q4-offcenter_cluster-5053,4,candidate,16,158.7152426875,0.048696417012251914,16,1.0,2539.443883,True,
LOCAL-v1-q4-offcenter_cluster-5054,4,candidate,16,137.754130125,0.03456549998372793,16,1.0,2204.066082,True,
LOCAL-v1-q4-offcenter_cluster-5055,4,candidate,12,460.8750140833333,0.03737558296415955,12,1.0,5530.500169,True,
LOCAL-v1-q4-offcenter_cluster-5056,4,candidate,13,410.03739369230766,0.03250108298379928,13,1.0,5330.486118,True,
LOCAL-v1-q4-offcenter_cluster-5057,4,candidate,13,422.68734807692306,0.033807915984652936,13,1.0,5494.935525,True,
LOCAL-v1-q4-offcenter_cluster-5058,4,candidate,14,360.9256541428571,0.03618462500162423,14,1.0,5052.959158,True,
LOCAL-v1-q4-offcenter_cluster-5059,4,candidate,12,419.16615916666666,0.03775979101192206,12,1.0,5029.99391,True,
LOCAL-v1-q4-offcenter_cluster-5060,4,candidate,11,491.14508218181817,0.02847116708289832,11,1.0,5402.595904,True,
LOCAL-v1-q4-offcenter_cluster-5061,4,candidate,13,428.3124841538462,0.030181334004737437,13,1.0,5568.062294,True,
LOCAL-v1-q4-offcenter_cluster-5062,4,candidate,16,166.030872,0.043041500030085444,16,1.0,2656.493952,True,
LOCAL-v1-q4-offcenter_cluster-5063,4,candidate,15,328.4442183333333,0.042796249967068434,15,1.0,4926.663275,True,
LOCAL-v1-q4-offcenter_cluster-5064,4,candidate,13,436.3953272307692,0.02856483298819512,13,1.0,5673.139254,True,
LOCAL-v1-q4-offcenter_cluster-5065,4,candidate,12,502.7285151666667,0.022252875030972064,12,1.0,6032.742182,True,
LOCAL-v1-q4-offcenter_cluster-5066,4,candidate,10,539.4894741,0.028509833035059273,10,1.0,5394.894741,True,
LOCAL-v1-q4-offcenter_cluster-5067,4,candidate,16,122.2080438125,0.033435125020332634,16,1.0,1955.328701,True,
LOCAL-v1-q4-offcenter_cluster-5068,4,candidate,13,431.83063707692304,0.036956834024749696,13,1.0,5613.798282,True,
LOCAL-v1-q4-offcenter_cluster-5069,4,candidate,14,388.3659515,0.03776533401105553,14,1.0,5437.123321,True,
LOCAL-v1-q4-offcenter_cluster-5070,4,candidate,12,443.4801289166667,0.032931125024333596,12,1.0,5321.761547,True,
LOCAL-v1-q4-offcenter_cluster-5071,4,candidate,12,438.46558325,0.03740999998990446,12,1.0,5261.586999,True,
LOCAL-v1-q4-offcenter_cluster-5072,4,candidate,15,341.81470520000005,0.03872362500987947,15,1.0,5127.220578,True,
LOCAL-v1-q4-offcenter_cluster-5073,4,candidate,10,524.1557316999999,0.027113332995213568,10,1.0,5241.557317,True,
LOCAL-v1-q4-offcenter_cluster-5074,4,candidate,16,235.5827449375,0.037272458081133664,16,1.0,3769.323919,True,
LOCAL-v1-q4-offcenter_cluster-5075,4,candidate,15,321.93018473333336,0.0406489169690758,15,1.0,4828.952771,True,
LOCAL-v1-q4-offcenter_cluster-5076,4,candidate,12,467.35652483333337,0.02842391701415181,12,1.0,5608.278298,True,
LOCAL-v1-q4-offcenter_cluster-5077,4,candidate,14,352.29163228571423,0.03828758397139609,14,1.0,4932.082852,True,
LOCAL-v1-q4-offcenter_cluster-5078,4,candidate,13,401.79827384615385,0.03277679090388119,13,1.0,5223.37756,True,
LOCAL-v1-q4-offcenter_cluster-5079,4,candidate,10,529.2867532,0.02708391600754112,10,1.0,5292.867532,True,
LOCAL-v1-q4-offcenter_cluster-5080,4,candidate,10,583.9197999,0.024010332999750972,10,1.0,5839.197999,True,
LOCAL-v1-q4-offcenter_cluster-5081,4,candidate,16,175.616628625,0.03692233294714242,16,1.0,2809.866058,True,
LOCAL-v1-q4-offcenter_cluster-5082,4,candidate,13,460.7586663076923,0.02936787495855242,13,1.0,5989.862662,True,
LOCAL-v1-q4-offcenter_cluster-5083,4,candidate,13,390.2024506923077,0.03789262496866286,13,1.0,5072.631859,True,
LOCAL-v1-q4-offcenter_cluster-5084,4,candidate,14,392.7805084285714,0.03129258402623236,14,1.0,5498.927118,True,
LOCAL-v1-q4-offcenter_cluster-5085,4,candidate,15,359.47400293333334,0.03339933301322162,15,1.0,5392.110044,True,
LOCAL-v1-q4-offcenter_cluster-5086,4,candidate,12,475.66702183333337,0.03092270903289318,12,1.0,5708.004262,True,
LOCAL-v1-q4-offcenter_cluster-5087,4,candidate,13,431.4139616153846,0.03083741699811071,13,1.0,5608.381501,True,
LOCAL-v1-q4-offcenter_cluster-5088,4,candidate,16,78.9847059375,0.04033562494441867,16,1.0,1263.755295,True,
LOCAL-v1-q4-offcenter_cluster-5089,4,candidate,15,327.21220826666666,0.05793770798482001,15,1.0,4908.183124,True,
LOCAL-v1-q4-offcenter_cluster-5090,4,candidate,14,355.5236425714285,0.0458001249935478,14,1.0,4977.330996,True,
LOCAL-v1-q4-offcenter_cluster-5091,4,candidate,12,465.51831308333334,0.02594879106618464,12,1.0,5586.219757,True,
LOCAL-v1-q4-offcenter_cluster-5092,4,candidate,11,489.17814400000003,0.033131708041764796,11,1.0,5380.959584,True,
LOCAL-v1-q4-offcenter_cluster-5093,4,candidate,15,355.4781028666667,0.03755045891739428,15,1.0,5332.171543,True,
LOCAL-v1-q4-offcenter_cluster-5094,4,candidate,11,526.500532090909,0.026558457990176976,11,1.0,5791.505853,True,
LOCAL-v1-q4-offcenter_cluster-5095,4,candidate,10,578.6145659,0.022548708016984165,10,1.0,5786.145659,True,
LOCAL-v1-q4-offcenter_cluster-5096,4,candidate,14,367.41033364285715,0.04070525011047721,14,1.0,5143.744671,True,
LOCAL-v1-q4-offcenter_cluster-5097,4,candidate,13,422.108239,0.03249008394777775,13,1.0,5487.407107,True,
LOCAL-v1-q4-offcenter_cluster-5098,4,candidate,16,201.8970635625,0.05660387501120567,16,1.0,3230.353017,True,
LOCAL-v1-q4-offcenter_cluster-5099,4,candidate,13,456.61916800000006,0.024818083038553596,13,1.0,5936.049184,True,
LOCAL-v1-q4-origin_cluster-5000,4,candidate,11,498.15681045454545,0.027384832967072725,11,1.0,5479.724915,True,
LOCAL-v1-q4-origin_cluster-5001,4,candidate,14,401.5647958571429,0.03885520901530981,14,1.0,5621.907142,True,
LOCAL-v1-q4-origin_cluster-5002,4,candidate,15,405.28361286666666,0.034224833943881094,15,1.0,6079.254193,True,
LOCAL-v1-q4-origin_cluster-5003,4,candidate,11,541.8273671818182,0.025312375044450164,11,1.0,5960.101039,True,
LOCAL-v1-q4-origin_cluster-5004,4,candidate,12,436.94820316666664,0.0383759590331465,12,1.0,5243.378438,True,
LOCAL-v1-q4-origin_cluster-5005,4,candidate,11,464.17567327272724,0.027210750035010278,11,1.0,5105.932406,True,
LOCAL-v1-q4-origin_cluster-5006,4,candidate,11,551.0946105454545,0.029383750050328672,11,1.0,6062.040716,True,
LOCAL-v1-q4-origin_cluster-5007,4,candidate,11,556.810123909091,0.028915125061757863,11,1.0,6124.911363,True,
LOCAL-v1-q4-origin_cluster-5008,4,candidate,10,639.9153211,0.025385750108398497,10,1.0,6399.153211,True,
LOCAL-v1-q4-origin_cluster-5009,4,candidate,14,374.5697991428571,0.03547162492759526,14,1.0,5243.977188,True,
LOCAL-v1-q4-origin_cluster-5010,4,candidate,12,471.21770008333334,0.03388149989768863,12,1.0,5654.612401,True,
LOCAL-v1-q4-origin_cluster-5011,4,candidate,15,333.7513989333333,0.03675849991850555,15,1.0,5006.270984,True,
LOCAL-v1-q4-origin_cluster-5012,4,candidate,10,569.0905041,0.025316249928437173,10,1.0,5690.905041,True,
LOCAL-v1-q4-origin_cluster-5013,4,candidate,12,535.5009696666667,0.02774000004865229,12,1.0,6426.011636,True,
LOCAL-v1-q4-origin_cluster-5014,4,candidate,11,525.568964090909,0.023758750059641898,11,1.0,5781.258605,True,
LOCAL-v1-q4-origin_cluster-5015,4,candidate,12,499.8376378333333,0.04043183394242078,12,1.0,5998.051654,True,
LOCAL-v1-q4-origin_cluster-5016,4,candidate,16,205.0070853125,0.031354333041235805,16,1.0,3280.113365,True,
LOCAL-v1-q4-origin_cluster-5017,4,candidate,15,389.5058762,0.03500775003340095,15,1.0,5842.588143,True,
LOCAL-v1-q4-origin_cluster-5018,4,candidate,10,610.0285015000001,0.026267874985933304,10,1.0,6100.285015,True,
LOCAL-v1-q4-origin_cluster-5019,4,candidate,11,460.5753784545455,0.03092862491030246,11,1.0,5066.329163,True,
LOCAL-v1-q4-origin_cluster-5020,4,candidate,16,118.060685625,0.061756957904435694,16,1.0,1888.97097,True,
LOCAL-v1-q4-origin_cluster-5021,4,candidate,14,446.34631328571425,0.036363541963510215,14,1.0,6248.848386,True,
LOCAL-v1-q4-origin_cluster-5022,4,candidate,14,459.9274450714286,0.025379874976351857,14,1.0,6438.984231,True,
LOCAL-v1-q4-origin_cluster-5023,4,candidate,15,347.7297499333333,0.04247995791956782,15,1.0,5215.946249,True,
LOCAL-v1-q4-origin_cluster-5024,4,candidate,13,480.23238100000003,0.03075262496713549,13,1.0,6243.020953,True,
LOCAL-v1-q4-origin_cluster-5025,4,candidate,12,477.9184035833334,0.053785207914188504,12,1.0,5735.020843,True,
LOCAL-v1-q4-origin_cluster-5026,4,candidate,15,353.41693673333333,0.034860124927945435,15,1.0,5301.254051,True,
LOCAL-v1-q4-origin_cluster-5027,4,candidate,11,491.87567490909095,0.08505758305545896,11,1.0,5410.632424,True,
LOCAL-v1-q4-origin_cluster-5028,4,candidate,10,610.8859139,0.03981683298479766,10,1.0,6108.859139,True,
LOCAL-v1-q4-origin_cluster-5029,4,candidate,11,527.5182779090909,0.02761112491134554,11,1.0,5802.701057,True,
LOCAL-v1-q4-origin_cluster-5030,4,candidate,12,484.78953875,0.029687334084883332,12,1.0,5817.474465,True,
LOCAL-v1-q4-origin_cluster-5031,4,candidate,15,442.27643866666665,0.0325977080501616,15,1.0,6634.14658,True,
LOCAL-v1-q4-origin_cluster-5032,4,candidate,11,509.137812,0.02334608300589025,11,1.0,5600.515932,True,
LOCAL-v1-q4-origin_cluster-5033,4,candidate,14,340.160887,0.03376024996396154,14,1.0,4762.252418,True,
LOCAL-v1-q4-origin_cluster-5034,4,candidate,16,176.5755265,0.029272250016219914,16,1.0,2825.208424,True,
LOCAL-v1-q4-origin_cluster-5035,4,candidate,10,662.8794504,0.02293420792557299,10,1.0,6628.794504,True,
LOCAL-v1-q4-origin_cluster-5036,4,candidate,15,413.21348166666667,0.032939541968517005,15,1.0,6198.202225,True,
LOCAL-v1-q4-origin_cluster-5037,4,candidate,15,405.63170393333337,0.038394292001612484,15,1.0,6084.475559,True,
LOCAL-v1-q4-origin_cluster-5038,4,candidate,16,108.806893125,0.039343749987892807,16,1.0,1740.91029,True,
LOCAL-v1-q4-origin_cluster-5039,4,candidate,10,650.4522524,0.022584125050343573,10,1.0,6504.522524,True,
LOCAL-v1-q4-origin_cluster-5040,4,candidate,15,351.5259516666667,0.036051792092621326,15,1.0,5272.889275,True,
LOCAL-v1-q4-origin_cluster-5041,4,candidate,15,382.5821702,0.037779291975311935,15,1.0,5738.732553,True,
LOCAL-v1-q4-origin_cluster-5042,4,candidate,11,494.5561448181818,0.027459959033876657,11,1.0,5440.117593,True,
LOCAL-v1-q4-origin_cluster-5043,4,candidate,12,545.1123508333334,0.02263816597405821,12,1.0,6541.34821,True,
LOCAL-v1-q4-origin_cluster-5044,4,candidate,11,575.8416340909091,0.027347374940291047,11,1.0,6334.257975,True,
LOCAL-v1-q4-origin_cluster-5045,4,candidate,11,482.8758051818182,0.0230660829693079,11,1.0,5311.633857,True,
LOCAL-v1-q4-origin_cluster-5046,4,candidate,10,555.0328437000001,0.021547832991927862,10,1.0,5550.328437,True,
LOCAL-v1-q4-origin_cluster-5047,4,candidate,16,98.0462158125,0.04347450006753206,16,1.0,1568.739453,True,
LOCAL-v1-q4-origin_cluster-5048,4,candidate,12,483.54809616666665,0.036210374906659126,12,1.0,5802.577154,True,
LOCAL-v1-q4-origin_cluster-5049,4,candidate,10,625.2619543,0.028218832914717495,10,1.0,6252.619543,True,
LOCAL-v1-q4-origin_cluster-5050,4,candidate,15,338.8757645333333,0.04039083409588784,15,1.0,5083.136468,True,
LOCAL-v1-q4-origin_cluster-5051,4,candidate,11,552.5792168181819,0.02267679199576378,11,1.0,6078.371385,True,
LOCAL-v1-q4-origin_cluster-5052,4,candidate,13,402.47818561538463,0.038244958966970444,13,1.0,5232.216413,True,
LOCAL-v1-q4-origin_cluster-5053,4,candidate,16,122.6682649375,0.0331261659739539,16,1.0,1962.692239,True,
LOCAL-v1-q4-origin_cluster-5054,4,candidate,16,133.681163125,0.03913304093293846,16,1.0,2138.89861,True,
LOCAL-v1-q4-origin_cluster-5055,4,candidate,12,531.9243041666667,0.03406895906664431,12,1.0,6383.09165,True,
LOCAL-v1-q4-origin_cluster-5056,4,candidate,13,504.54564530769227,0.02859937504399568,13,1.0,6559.093389,True,
LOCAL-v1-q4-origin_cluster-5057,4,candidate,13,423.7530990769231,0.02537466597277671,13,1.0,5508.790288,True,
LOCAL-v1-q4-origin_cluster-5058,4,candidate,14,373.36818921428574,0.036104624974541366,14,1.0,5227.154649,True,
LOCAL-v1-q4-origin_cluster-5059,4,candidate,12,441.18617266666666,0.02627149992622435,12,1.0,5294.234072,True,
LOCAL-v1-q4-origin_cluster-5060,4,candidate,11,540.5834544545455,0.024641499971039593,11,1.0,5946.417999,True,
LOCAL-v1-q4-origin_cluster-5061,4,candidate,13,474.58166946153847,0.029340417007915676,13,1.0,6169.561703,True,
LOCAL-v1-q4-origin_cluster-5062,4,candidate,16,134.7228346875,0.029879083042033017,16,1.0,2155.565355,True,
LOCAL-v1-q4-origin_cluster-5063,4,candidate,15,365.02299566666665,0.034891416085883975,15,1.0,5475.344935,True,
LOCAL-v1-q4-origin_cluster-5064,4,candidate,13,486.92729215384617,0.03021150000859052,13,1.0,6330.054798,True,
LOCAL-v1-q4-origin_cluster-5065,4,candidate,12,511.38752825,0.024993499973788857,12,1.0,6136.650339,True,
LOCAL-v1-q4-origin_cluster-5066,4,candidate,10,602.7420975,0.023641792009584606,10,1.0,6027.420975,True,
LOCAL-v1-q4-origin_cluster-5067,4,candidate,16,197.89522625,0.03703254193533212,16,1.0,3166.32362,True,
LOCAL-v1-q4-origin_cluster-5068,4,candidate,13,425.5544086153846,0.029577750014141202,13,1.0,5532.207312,True,
LOCAL-v1-q4-origin_cluster-5069,4,candidate,14,400.1027585714286,0.03906554193235934,14,1.0,5601.43862,True,
LOCAL-v1-q4-origin_cluster-5070,4,candidate,12,493.90138333333334,0.026687041041441262,12,1.0,5926.8166,True,
LOCAL-v1-q4-origin_cluster-5071,4,candidate,12,426.8309911666667,0.027998332981951535,12,1.0,5121.971894,True,
LOCAL-v1-q4-origin_cluster-5072,4,candidate,15,386.958904,0.036831249948590994,15,1.0,5804.38356,True,
LOCAL-v1-q4-origin_cluster-5073,4,candidate,10,525.1007863,0.022752500022761524,10,1.0,5251.007863,True,
LOCAL-v1-q4-origin_cluster-5074,4,candidate,16,89.7319086875,0.03602495801169425,16,1.0,1435.710539,True,
LOCAL-v1-q4-origin_cluster-5075,4,candidate,15,332.15830793333333,0.03366512502543628,15,1.0,4982.374619,True,
LOCAL-v1-q4-origin_cluster-5076,4,candidate,12,494.36601449999995,0.02574145793914795,12,1.0,5932.392174,True,
LOCAL-v1-q4-origin_cluster-5077,4,candidate,14,376.1437945714286,0.028395500034093857,14,1.0,5266.013124,True,
LOCAL-v1-q4-origin_cluster-5078,4,candidate,13,379.1211558461539,0.035377874970436096,13,1.0,4928.575026,True,
LOCAL-v1-q4-origin_cluster-5079,4,candidate,10,537.8666555,0.028844667016528547,10,1.0,5378.666555,True,
LOCAL-v1-q4-origin_cluster-5080,4,candidate,10,609.9384033,0.029202791047282517,10,1.0,6099.384033,True,
LOCAL-v1-q4-origin_cluster-5081,4,candidate,16,79.9646573125,0.027929125004447997,16,1.0,1279.434517,True,
LOCAL-v1-q4-origin_cluster-5082,4,candidate,13,474.8978023846154,0.03674654196947813,13,1.0,6173.671431,True,
LOCAL-v1-q4-origin_cluster-5083,4,candidate,13,439.49788700000005,0.034497707965783775,13,1.0,5713.472531,True,
LOCAL-v1-q4-origin_cluster-5084,4,candidate,14,452.38825257142855,0.036739417002536356,14,1.0,6333.435536,True,
LOCAL-v1-q4-origin_cluster-5085,4,candidate,15,341.73649953333336,0.04369729198515415,15,1.0,5126.047493,True,
LOCAL-v1-q4-origin_cluster-5086,4,candidate,12,521.2094619166667,0.029256207984872162,12,1.0,6254.513543,True,
LOCAL-v1-q4-origin_cluster-5087,4,candidate,13,444.854034,0.03118495806120336,13,1.0,5783.102442,True,
LOCAL-v1-q4-origin_cluster-5088,4,candidate,16,136.926673125,0.0332092079333961,16,1.0,2190.82677,True,
LOCAL-v1-q4-origin_cluster-5089,4,candidate,15,351.03563206666666,0.03764379199128598,15,1.0,5265.534481,True,
LOCAL-v1-q4-origin_cluster-5090,4,candidate,14,378.3597964285714,0.0345886250725016,14,1.0,5297.03715,True,
LOCAL-v1-q4-origin_cluster-5091,4,candidate,12,467.4171075,0.02697008301038295,12,1.0,5609.00529,True,
LOCAL-v1-q4-origin_cluster-5092,4,candidate,11,493.1006670909091,0.05451466597151011,11,1.0,5424.107338,True,
LOCAL-v1-q4-origin_cluster-5093,4,candidate,15,389.05572126666664,0.11972454190254211,15,1.0,5835.835819,True,
LOCAL-v1-q4-origin_cluster-5094,4,candidate,11,569.1592296363636,0.023162249941378832,11,1.0,6260.751526,True,
LOCAL-v1-q4-origin_cluster-5095,4,candidate,10,598.9372158,0.023412249982357025,10,1.0,5989.372158,True,
LOCAL-v1-q4-origin_cluster-5096,4,candidate,14,339.6081082857143,0.03481087496038526,14,1.0,4754.513516,True,
LOCAL-v1-q4-origin_cluster-5097,4,candidate,13,395.99125053846154,0.04053170804399997,13,1.0,5147.886257,True,
LOCAL-v1-q4-origin_cluster-5098,4,candidate,16,139.8031846875,0.0378581250552088,16,1.0,2236.850955,True,
LOCAL-v1-q4-origin_cluster-5099,4,candidate,13,461.554387,0.03412625007331371,13,1.0,6000.207031,True,
LOCAL-v1-q4-minimum_radius-5000,4,candidate,11,509.29148072727276,0.03935025003738701,11,1.0,5602.206288,True,
LOCAL-v1-q4-minimum_radius-5001,4,candidate,14,418.8653475714286,0.03974262496922165,14,1.0,5864.114866,True,
LOCAL-v1-q4-minimum_radius-5002,4,candidate,15,409.7422372666667,0.036056666052900255,15,1.0,6146.133559,True,
LOCAL-v1-q4-minimum_radius-5003,4,candidate,11,519.315455090909,0.03699574992060661,11,1.0,5712.470006,True,
LOCAL-v1-q4-minimum_radius-5004,4,candidate,12,501.0182403333333,0.03462183300871402,12,1.0,6012.218884,True,
LOCAL-v1-q4-minimum_radius-5005,4,candidate,11,525.3576563636364,0.03598812501877546,11,1.0,5778.93422,True,
LOCAL-v1-q4-minimum_radius-5006,4,candidate,11,536.4864089090909,0.02926883299369365,11,1.0,5901.350498,True,
LOCAL-v1-q4-minimum_radius-5007,4,candidate,11,541.7113957272727,0.03799991600681096,11,1.0,5958.825353,True,
LOCAL-v1-q4-minimum_radius-5008,4,candidate,10,632.2316284999999,0.0451677079545334,10,1.0,6322.316285,True,
LOCAL-v1-q4-minimum_radius-5009,4,candidate,14,437.15284871428577,0.0875971659552306,14,1.0,6120.139882,True,
LOCAL-v1-q4-minimum_radius-5010,4,candidate,12,492.54246575,0.03453558299224824,12,1.0,5910.509589,True,
LOCAL-v1-q4-minimum_radius-5011,4,candidate,15,390.9932736666667,0.03060549998190254,15,1.0,5864.899105,True,
LOCAL-v1-q4-minimum_radius-5012,4,candidate,10,617.6583797999999,0.019877291982993484,10,1.0,6176.583798,True,
LOCAL-v1-q4-minimum_radius-5013,4,candidate,12,514.757005,0.03297908394597471,12,1.0,6177.08406,True,
LOCAL-v1-q4-minimum_radius-5014,4,candidate,11,553.7562388181818,0.041504833032377064,11,1.0,6091.318627,True,
LOCAL-v1-q4-minimum_radius-5015,4,candidate,12,522.2478551666667,0.04312012507580221,12,1.0,6266.974262,True,
LOCAL-v1-q4-minimum_radius-5016,4,candidate,16,231.0533845,0.10510049993172288,16,1.0,3696.854152,True,
LOCAL-v1-q4-minimum_radius-5017,4,candidate,15,452.6313362,0.057916666963137686,15,1.0,6789.470043,True,
LOCAL-v1-q4-minimum_radius-5018,4,candidate,10,610.0860496,0.04192270804196596,10,1.0,6100.860496,True,
LOCAL-v1-q4-minimum_radius-5019,4,candidate,11,538.4997065454546,0.03204191697295755,11,1.0,5923.496772,True,
LOCAL-v1-q4-minimum_radius-5020,4,candidate,16,259.212194125,0.055973666021600366,16,1.0,4147.395106,True,
LOCAL-v1-q4-minimum_radius-5021,4,candidate,14,494.0223942142857,0.07664641598239541,14,1.0,6916.313519,True,
LOCAL-v1-q4-minimum_radius-5022,4,candidate,14,491.6266026428571,0.03753595892339945,14,1.0,6882.772437,True,
LOCAL-v1-q4-minimum_radius-5023,4,candidate,15,393.1408566,0.05523216596338898,15,1.0,5897.112849,True,
LOCAL-v1-q4-minimum_radius-5024,4,candidate,13,444.3054020769231,0.03558416699524969,13,1.0,5775.970227,True,
LOCAL-v1-q4-minimum_radius-5025,4,candidate,12,512.9446474166667,0.031398875056765974,12,1.0,6155.335769,True,
LOCAL-v1-q4-minimum_radius-5026,4,candidate,15,394.15842799999996,0.052291665924713016,15,1.0,5912.37642,True,
LOCAL-v1-q4-minimum_radius-5027,4,candidate,11,538.7345500909091,0.07515812502242625,11,1.0,5926.080051,True,
LOCAL-v1-q4-minimum_radius-5028,4,candidate,10,593.6190776999999,0.028036165982484818,10,1.0,5936.190777,True,
LOCAL-v1-q4-minimum_radius-5029,4,candidate,11,558.8321333636363,0.03238691692240536,11,1.0,6147.153467,True,
LOCAL-v1-q4-minimum_radius-5030,4,candidate,12,518.64453375,0.035114499973133206,12,1.0,6223.734405,True,
LOCAL-v1-q4-minimum_radius-5031,4,candidate,15,444.34027760000004,0.04819950007367879,15,1.0,6665.104164,True,
LOCAL-v1-q4-minimum_radius-5032,4,candidate,11,531.5658626363637,0.046241375035606325,11,1.0,5847.224489,True,
LOCAL-v1-q4-minimum_radius-5033,4,candidate,14,420.42626064285713,0.05370270798448473,14,1.0,5885.967649,True,
LOCAL-v1-q4-minimum_radius-5034,4,candidate,16,375.60277675,0.04821466701105237,16,1.0,6009.644428,True,
LOCAL-v1-q4-minimum_radius-5035,4,candidate,10,611.1620484,0.020963208051398396,10,1.0,6111.620484,True,
LOCAL-v1-q4-minimum_radius-5036,4,candidate,15,426.54192986666664,0.030987874954007566,15,1.0,6398.128948,True,
LOCAL-v1-q4-minimum_radius-5037,4,candidate,15,401.5722552,0.03601295792032033,15,1.0,6023.583828,True,
LOCAL-v1-q4-minimum_radius-5038,4,candidate,16,339.7829285625,0.03775429097004235,16,1.0,5436.526857,True,
LOCAL-v1-q4-minimum_radius-5039,4,candidate,10,641.0491266,0.023893125005997717,10,1.0,6410.491266,True,
LOCAL-v1-q4-minimum_radius-5040,4,candidate,15,390.2011191333333,0.03856804105453193,15,1.0,5853.016787,True,
LOCAL-v1-q4-minimum_radius-5041,4,candidate,15,412.0828254666667,0.030128250014968216,15,1.0,6181.242382,True,
LOCAL-v1-q4-minimum_radius-5042,4,candidate,11,567.1941594545455,0.027408874942921102,11,1.0,6239.135754,True,
LOCAL-v1-q4-minimum_radius-5043,4,candidate,12,549.6168763333334,0.02688620809931308,12,1.0,6595.402516,True,
LOCAL-v1-q4-minimum_radius-5044,4,candidate,11,631.5418835454545,0.028134082909673452,11,1.0,6946.960719,True,
LOCAL-v1-q4-minimum_radius-5045,4,candidate,11,498.79679472727275,0.029588624951429665,11,1.0,5486.764742,True,
LOCAL-v1-q4-minimum_radius-5046,4,candidate,10,586.3662769,0.02822604204993695,10,1.0,5863.662769,True,
LOCAL-v1-q4-minimum_radius-5047,4,candidate,16,285.58152525,0.05128999997396022,16,1.0,4569.304404,True,
LOCAL-v1-q4-minimum_radius-5048,4,candidate,12,506.0121425,0.030489166965708137,12,1.0,6072.14571,True,
LOCAL-v1-q4-minimum_radius-5049,4,candidate,10,605.6491853,0.01988670800346881,10,1.0,6056.491853,True,
LOCAL-v1-q4-minimum_radius-5050,4,candidate,15,410.9062018,0.03684370801784098,15,1.0,6163.593027,True,
LOCAL-v1-q4-minimum_radius-5051,4,candidate,11,552.3782781818182,0.029646457987837493,11,1.0,6076.16106,True,
LOCAL-v1-q4-minimum_radius-5052,4,candidate,13,439.6706105384616,0.026550207985565066,13,1.0,5715.717937,True,
LOCAL-v1-q4-minimum_radius-5053,4,candidate,16,358.0075754375,0.03704958304297179,16,1.0,5728.121207,True,
LOCAL-v1-q4-minimum_radius-5054,4,candidate,16,284.1892288125,0.04032962501514703,16,1.0,4547.027661,True,
LOCAL-v1-q4-minimum_radius-5055,4,candidate,12,549.096303,0.026983040967024863,12,1.0,6589.155636,True,
LOCAL-v1-q4-minimum_radius-5056,4,candidate,13,510.74240930769236,0.028896416071802378,13,1.0,6639.651321,True,
LOCAL-v1-q4-minimum_radius-5057,4,candidate,13,483.78050907692307,0.03210424992721528,13,1.0,6289.146618,True,
LOCAL-v1-q4-minimum_radius-5058,4,candidate,14,415.2013876428572,0.039100624970160425,14,1.0,5812.819427,True,
LOCAL-v1-q4-minimum_radius-5059,4,candidate,12,441.1241135833333,0.03666558291297406,12,1.0,5293.489363,True,
LOCAL-v1-q4-minimum_radius-5060,4,candidate,11,558.1810843636364,0.024334999965503812,11,1.0,6139.991928,True,
LOCAL-v1-q4-minimum_radius-5061,4,candidate,13,465.2659123076923,0.028787791961804032,13,1.0,6048.45686,True,
LOCAL-v1-q4-minimum_radius-5062,4,candidate,16,279.50502,0.03676720894873142,16,1.0,4472.08032,True,
LOCAL-v1-q4-minimum_radius-5063,4,candidate,15,389.1847972,0.03031170798931271,15,1.0,5837.771958,True,
LOCAL-v1-q4-minimum_radius-5064,4,candidate,13,448.08684384615384,0.03383924998342991,13,1.0,5825.12897,True,
LOCAL-v1-q4-minimum_radius-5065,4,candidate,12,544.6237191666667,0.02972470805980265,12,1.0,6535.48463,True,
LOCAL-v1-q4-minimum_radius-5066,4,candidate,10,616.4341781,0.02446920797228813,10,1.0,6164.341781,True,
LOCAL-v1-q4-minimum_radius-5067,4,candidate,16,306.99101125,0.03902875003404915,16,1.0,4911.85618,True,
LOCAL-v1-q4-minimum_radius-5068,4,candidate,13,471.9789463076923,0.027531375060789287,13,1.0,6135.726302,True,
LOCAL-v1-q4-minimum_radius-5069,4,candidate,14,441.74925285714284,0.03778212494216859,14,1.0,6184.48954,True,
LOCAL-v1-q4-minimum_radius-5070,4,candidate,12,532.2140625000001,0.027422375045716763,12,1.0,6386.56875,True,
LOCAL-v1-q4-minimum_radius-5071,4,candidate,12,460.56497283333334,0.03573541599325836,12,1.0,5526.779674,True,
LOCAL-v1-q4-minimum_radius-5072,4,candidate,15,413.34947946666665,0.04138729197438806,15,1.0,6200.242192,True,
LOCAL-v1-q4-minimum_radius-5073,4,candidate,10,557.4757695999999,0.029285416938364506,10,1.0,5574.757696,True,
LOCAL-v1-q4-minimum_radius-5074,4,candidate,16,363.883290375,0.048187707900069654,16,1.0,5822.132646,True,
LOCAL-v1-q4-minimum_radius-5075,4,candidate,15,393.0030397333333,0.03500470798462629,15,1.0,5895.045596,True,
LOCAL-v1-q4-minimum_radius-5076,4,candidate,12,487.79858091666665,0.02663950005080551,12,1.0,5853.582971,True,
LOCAL-v1-q4-minimum_radius-5077,4,candidate,14,417.2657875714286,0.030020167003385723,14,1.0,5841.721026,True,
LOCAL-v1-q4-minimum_radius-5078,4,candidate,13,435.0524761538462,0.03252337500452995,13,1.0,5655.68219,True,
LOCAL-v1-q4-minimum_radius-5079,4,candidate,10,579.6981897,0.021816625026986003,10,1.0,5796.981897,True,
LOCAL-v1-q4-minimum_radius-5080,4,candidate,10,619.6107157,0.02467616694048047,10,1.0,6196.107157,True,
LOCAL-v1-q4-minimum_radius-5081,4,candidate,16,360.4911675,0.04080824996344745,16,1.0,5767.85868,True,
LOCAL-v1-q4-minimum_radius-5082,4,candidate,13,452.21859261538464,0.03476300009060651,13,1.0,5878.841704,True,
LOCAL-v1-q4-minimum_radius-5083,4,candidate,13,432.1128890769231,0.026834000018425286,13,1.0,5617.467558,True,
LOCAL-v1-q4-minimum_radius-5084,4,candidate,14,415.7212095714286,0.03236795903649181,14,1.0,5820.096934,True,
LOCAL-v1-q4-minimum_radius-5085,4,candidate,15,380.5437216,0.032706959056667984,15,1.0,5708.155824,True,
LOCAL-v1-q4-minimum_radius-5086,4,candidate,12,495.44611333333336,0.029912666999734938,12,1.0,5945.35336,True,
LOCAL-v1-q4-minimum_radius-5087,4,candidate,13,467.385994,0.03021674999035895,13,1.0,6076.017922,True,
LOCAL-v1-q4-minimum_radius-5088,4,candidate,16,313.3290205625,0.03662050003185868,16,1.0,5013.264329,True,
LOCAL-v1-q4-minimum_radius-5089,4,candidate,15,404.3324666,0.046162082930095494,15,1.0,6064.986999,True,
LOCAL-v1-q4-minimum_radius-5090,4,candidate,14,413.1808170714286,0.03849154198542237,14,1.0,5784.531439,True,
LOCAL-v1-q4-minimum_radius-5091,4,candidate,12,491.48575608333334,0.03794725006446242,12,1.0,5897.829073,True,
LOCAL-v1-q4-minimum_radius-5092,4,candidate,11,561.3410989090909,0.03160991694312543,11,1.0,6174.752088,True,
LOCAL-v1-q4-minimum_radius-5093,4,candidate,15,417.37983833333334,0.0372863340890035,15,1.0,6260.697575,True,
LOCAL-v1-q4-minimum_radius-5094,4,candidate,11,545.7475059090909,0.02771808300167322,11,1.0,6003.222565,True,
LOCAL-v1-q4-minimum_radius-5095,4,candidate,10,636.9756834,0.023565125069580972,10,1.0,6369.756834,True,
LOCAL-v1-q4-minimum_radius-5096,4,candidate,14,400.2718135714286,0.03262920898851007,14,1.0,5603.80539,True,
LOCAL-v1-q4-minimum_radius-5097,4,candidate,13,448.2063185384616,0.030396582907997072,13,1.0,5826.682141,True,
LOCAL-v1-q4-minimum_radius-5098,4,candidate,16,193.5534464375,0.038880832958966494,16,1.0,3096.855143,True,
LOCAL-v1-q4-minimum_radius-5099,4,candidate,13,488.08352092307695,0.055555792059749365,13,1.0,6345.085772,True,
LOCAL-v1-q4-exactly10_sources-5000,4,candidate,10,597.1860445,0.0367352090543136,10,1.0,5971.860445,True,
LOCAL-v1-q4-exactly10_sources-5001,4,candidate,10,611.4845459000001,0.034244250040501356,10,1.0,6114.845459,True,
LOCAL-v1-q4-exactly10_sources-5002,4,candidate,10,560.9487004,0.04596875002607703,10,1.0,5609.487004,True,
LOCAL-v1-q4-exactly10_sources-5003,4,candidate,10,605.01613,0.03805124992504716,10,1.0,6050.1613,True,
LOCAL-v1-q4-exactly10_sources-5004,4,candidate,10,559.9347531999999,0.046867124969139695,10,1.0,5599.347532,True,
LOCAL-v1-q4-exactly10_sources-5005,4,candidate,10,566.9871931,0.05275341693777591,10,1.0,5669.871931,True,
LOCAL-v1-q4-exactly10_sources-5006,4,candidate,10,581.9709094,0.04483749996870756,10,1.0,5819.709094,True,
LOCAL-v1-q4-exactly10_sources-5007,4,candidate,10,565.9959549,0.041811375063844025,10,1.0,5659.959549,True,
LOCAL-v1-q4-exactly10_sources-5008,4,candidate,10,590.5997438,0.032871332950890064,10,1.0,5905.997438,True,
LOCAL-v1-q4-exactly10_sources-5009,4,candidate,10,584.4441607,0.032977291964925826,10,1.0,5844.441607,True,
LOCAL-v1-q4-exactly10_sources-5010,4,candidate,10,581.5942031,0.034912999952211976,10,1.0,5815.942031,True,
LOCAL-v1-q4-exactly10_sources-5011,4,candidate,10,615.0051994,0.028550625080242753,10,1.0,6150.051994,True,
LOCAL-v1-q4-exactly10_sources-5012,4,candidate,10,612.774883,0.023368125082924962,10,1.0,6127.74883,True,
LOCAL-v1-q4-exactly10_sources-5013,4,candidate,10,587.3260182,0.034453957923687994,10,1.0,5873.260182,True,
LOCAL-v1-q4-exactly10_sources-5014,4,candidate,10,624.5027642,0.026838666992262006,10,1.0,6245.027642,True,
LOCAL-v1-q4-exactly10_sources-5015,4,candidate,10,602.5502371,0.028072249959222972,10,1.0,6025.502371,True,
LOCAL-v1-q4-exactly10_sources-5016,4,candidate,10,557.5570479,0.03050045808777213,10,1.0,5575.570479,True,
LOCAL-v1-q4-exactly10_sources-5017,4,candidate,10,601.2660671,0.035870624938979745,10,1.0,6012.660671,True,
LOCAL-v1-q4-exactly10_sources-5018,4,candidate,10,594.748379,0.03846241696737707,10,1.0,5947.48379,True,
LOCAL-v1-q4-exactly10_sources-5019,4,candidate,10,613.4190394999999,0.06722433306276798,10,1.0,6134.190395,True,
LOCAL-v1-q4-exactly10_sources-5020,4,candidate,10,616.8856361,0.05947212502360344,10,1.0,6168.856361,True,
LOCAL-v1-q4-exactly10_sources-5021,4,candidate,10,612.6869168000001,0.03977250005118549,10,1.0,6126.869168,True,
LOCAL-v1-q4-exactly10_sources-5022,4,candidate,10,559.5614671000001,0.03906966699287295,10,1.0,5595.614671,True,
LOCAL-v1-q4-exactly10_sources-5023,4,candidate,10,617.0951627000001,0.043594042072072625,10,1.0,6170.951627,True,
LOCAL-v1-q4-exactly10_sources-5024,4,candidate,10,616.353801,0.03494137502275407,10,1.0,6163.53801,True,
LOCAL-v1-q4-exactly10_sources-5025,4,candidate,10,572.2058463000001,0.08432150003500283,10,1.0,5722.058463,True,
LOCAL-v1-q4-exactly10_sources-5026,4,candidate,10,598.3994468,0.03779895801562816,10,1.0,5983.994468,True,
LOCAL-v1-q4-exactly10_sources-5027,4,candidate,10,555.3562445,0.032009582966566086,10,1.0,5553.562445,True,
LOCAL-v1-q4-exactly10_sources-5028,4,candidate,10,639.3164504,0.03408583300188184,10,1.0,6393.164504,True,
LOCAL-v1-q4-exactly10_sources-5029,4,candidate,10,595.3431092,0.031111208023503423,10,1.0,5953.431092,True,
LOCAL-v1-q4-exactly10_sources-5030,4,candidate,10,546.6586554,0.032756166998296976,10,1.0,5466.586554,True,
LOCAL-v1-q4-exactly10_sources-5031,4,candidate,10,560.8212721,0.032845040899701416,10,1.0,5608.212721,True,
LOCAL-v1-q4-exactly10_sources-5032,4,candidate,10,606.0800439,0.028708625002764165,10,1.0,6060.800439,True,
LOCAL-v1-q4-exactly10_sources-5033,4,candidate,10,616.0273149,0.026704957941547036,10,1.0,6160.273149,True,
LOCAL-v1-q4-exactly10_sources-5034,4,candidate,10,615.999641,0.02440933301113546,10,1.0,6159.99641,True,
LOCAL-v1-q4-exactly10_sources-5035,4,candidate,10,631.0944802,0.05164895800407976,10,1.0,6310.944802,True,
LOCAL-v1-q4-exactly10_sources-5036,4,candidate,10,584.628355,0.0411968749249354,10,1.0,5846.28355,True,
LOCAL-v1-q4-exactly10_sources-5037,4,candidate,10,592.0188469,0.0330267499666661,10,1.0,5920.188469,True,
LOCAL-v1-q4-exactly10_sources-5038,4,candidate,10,642.3660001999999,0.029278457979671657,10,1.0,6423.660002,True,
LOCAL-v1-q4-exactly10_sources-5039,4,candidate,10,601.8648154,0.037731749936938286,10,1.0,6018.648154,True,
LOCAL-v1-q4-exactly10_sources-5040,4,candidate,10,566.9107685,0.030372917070053518,10,1.0,5669.107685,True,
LOCAL-v1-q4-exactly10_sources-5041,4,candidate,10,560.9283381,0.034115790971554816,10,1.0,5609.283381,True,
LOCAL-v1-q4-exactly10_sources-5042,4,candidate,10,586.9987626,0.02678841701708734,10,1.0,5869.987626,True,
LOCAL-v1-q4-exactly10_sources-5043,4,candidate,10,582.1821907,0.0198481670813635,10,1.0,5821.821907,True,
LOCAL-v1-q4-exactly10_sources-5044,4,candidate,10,559.4218553,0.02868791704531759,10,1.0,5594.218553,True,
LOCAL-v1-q4-exactly10_sources-5045,4,candidate,10,633.2130615,0.0285481670871377,10,1.0,6332.130615,True,
LOCAL-v1-q4-exactly10_sources-5046,4,candidate,10,555.6394253999999,0.02269250003155321,10,1.0,5556.394254,True,
LOCAL-v1-q4-exactly10_sources-5047,4,candidate,10,589.9892520000001,0.02652920805849135,10,1.0,5899.89252,True,
LOCAL-v1-q4-exactly10_sources-5048,4,candidate,10,595.5559462,0.024854416027665138,10,1.0,5955.559462,True,
LOCAL-v1-q4-exactly10_sources-5049,4,candidate,10,624.471757,0.0234780830796808,10,1.0,6244.71757,True,
LOCAL-v1-q4-exactly10_sources-5050,4,candidate,10,583.0862715999999,0.025925041059963405,10,1.0,5830.862716,True,
LOCAL-v1-q4-exactly10_sources-5051,4,candidate,10,602.274357,0.025097207981161773,10,1.0,6022.74357,True,
LOCAL-v1-q4-exactly10_sources-5052,4,candidate,10,538.0075928,0.02712250000331551,10,1.0,5380.075928,True,
LOCAL-v1-q4-exactly10_sources-5053,4,candidate,10,548.7919873,0.030062749981880188,10,1.0,5487.919873,True,
LOCAL-v1-q4-exactly10_sources-5054,4,candidate,10,638.4248848999999,0.02395662502385676,10,1.0,6384.248849,True,
LOCAL-v1-q4-exactly10_sources-5055,4,candidate,10,563.3914345999999,0.02854604192543775,10,1.0,5633.914346,True,
LOCAL-v1-q4-exactly10_sources-5056,4,candidate,10,583.7936025,0.030249750008806586,10,1.0,5837.936025,True,
LOCAL-v1-q4-exactly10_sources-5057,4,candidate,10,567.8958082,0.03571187506895512,10,1.0,5678.958082,True,
LOCAL-v1-q4-exactly10_sources-5058,4,candidate,10,580.1159165,0.029857374960556626,10,1.0,5801.159165,True,
LOCAL-v1-q4-exactly10_sources-5059,4,candidate,10,564.3252362999999,0.032243457972072065,10,1.0,5643.252363,True,
LOCAL-v1-q4-exactly10_sources-5060,4,candidate,10,600.5042384999999,0.02424487506505102,10,1.0,6005.042385,True,
LOCAL-v1-q4-exactly10_sources-5061,4,candidate,10,592.1572613999999,0.02396141702774912,10,1.0,5921.572614,True,
LOCAL-v1-q4-exactly10_sources-5062,4,candidate,10,612.9468603,0.024567124899476767,10,1.0,6129.468603,True,
LOCAL-v1-q4-exactly10_sources-5063,4,candidate,10,561.650543,0.026389250066131353,10,1.0,5616.50543,True,
LOCAL-v1-q4-exactly10_sources-5064,4,candidate,10,550.2736455,0.029825124889612198,10,1.0,5502.736455,True,
LOCAL-v1-q4-exactly10_sources-5065,4,candidate,10,573.9206227,0.025978125049732625,10,1.0,5739.206227,True,
LOCAL-v1-q4-exactly10_sources-5066,4,candidate,10,569.4622971,0.029725749976933002,10,1.0,5694.622971,True,
LOCAL-v1-q4-exactly10_sources-5067,4,candidate,10,598.8607525,0.027461959049105644,10,1.0,5988.607525,True,
LOCAL-v1-q4-exactly10_sources-5068,4,candidate,10,562.4447183,0.02890216698870063,10,1.0,5624.447183,True,
LOCAL-v1-q4-exactly10_sources-5069,4,candidate,10,597.8239343,0.03039895894471556,10,1.0,5978.239343,True,
LOCAL-v1-q4-exactly10_sources-5070,4,candidate,10,609.6689837,0.022054083994589746,10,1.0,6096.689837,True,
LOCAL-v1-q4-exactly10_sources-5071,4,candidate,10,604.2461430000001,0.021960208076052368,10,1.0,6042.46143,True,
LOCAL-v1-q4-exactly10_sources-5072,4,candidate,10,591.532812,0.027204834041185677,10,1.0,5915.32812,True,
LOCAL-v1-q4-exactly10_sources-5073,4,candidate,10,546.2365995,0.03305324993561953,10,1.0,5462.365995,True,
LOCAL-v1-q4-exactly10_sources-5074,4,candidate,10,576.8257991,0.020933916908688843,10,1.0,5768.257991,True,
LOCAL-v1-q4-exactly10_sources-5075,4,candidate,10,603.6749793,0.02171691693365574,10,1.0,6036.749793,True,
LOCAL-v1-q4-exactly10_sources-5076,4,candidate,10,585.1265915,0.030925625003874302,10,1.0,5851.265915,True,
LOCAL-v1-q4-exactly10_sources-5077,4,candidate,10,552.7513689,0.027180333039723337,10,1.0,5527.513689,True,
LOCAL-v1-q4-exactly10_sources-5078,4,candidate,10,614.7614196000001,0.026506584021262825,10,1.0,6147.614196,True,
LOCAL-v1-q4-exactly10_sources-5079,4,candidate,10,634.4258305999999,0.025415124953724444,10,1.0,6344.258306,True,
LOCAL-v1-q4-exactly10_sources-5080,4,candidate,10,583.676655,0.026430874946527183,10,1.0,5836.76655,True,
LOCAL-v1-q4-exactly10_sources-5081,4,candidate,10,582.6830038,0.036346166976727545,10,1.0,5826.830038,True,
LOCAL-v1-q4-exactly10_sources-5082,4,candidate,10,562.5974112,0.026335041970014572,10,1.0,5625.974112,True,
LOCAL-v1-q4-exactly10_sources-5083,4,candidate,10,603.7039377,0.02452799992170185,10,1.0,6037.039377,True,
LOCAL-v1-q4-exactly10_sources-5084,4,candidate,10,581.9135294,0.027596208034083247,10,1.0,5819.135294,True,
LOCAL-v1-q4-exactly10_sources-5085,4,candidate,10,542.6481249999999,0.03134591691195965,10,1.0,5426.48125,True,
LOCAL-v1-q4-exactly10_sources-5086,4,candidate,10,584.4099818,0.02615979197435081,10,1.0,5844.099818,True,
LOCAL-v1-q4-exactly10_sources-5087,4,candidate,10,582.8404745,0.03130516700912267,10,1.0,5828.404745,True,
LOCAL-v1-q4-exactly10_sources-5088,4,candidate,10,661.2634559,0.021658499957993627,10,1.0,6612.634559,True,
LOCAL-v1-q4-exactly10_sources-5089,4,candidate,10,570.6435887,0.029047957970760763,10,1.0,5706.435887,True,
LOCAL-v1-q4-exactly10_sources-5090,4,candidate,10,577.654407,0.029663708060979843,10,1.0,5776.54407,True,
LOCAL-v1-q4-exactly10_sources-5091,4,candidate,10,584.6715581999999,0.03795100003480911,10,1.0,5846.715582,True,
LOCAL-v1-q4-exactly10_sources-5092,4,candidate,10,621.1802038,0.025753417052328587,10,1.0,6211.802038,True,
LOCAL-v1-q4-exactly10_sources-5093,4,candidate,10,585.3824889,0.028684417018666863,10,1.0,5853.824889,True,
LOCAL-v1-q4-exactly10_sources-5094,4,candidate,10,621.3563556,0.025532959029078484,10,1.0,6213.563556,True,
LOCAL-v1-q4-exactly10_sources-5095,4,candidate,10,572.776708,0.03429558302741498,10,1.0,5727.76708,True,
LOCAL-v1-q4-exactly10_sources-5096,4,candidate,10,600.2942780000001,0.026109084021300077,10,1.0,6002.94278,True,
LOCAL-v1-q4-exactly10_sources-5097,4,candidate,10,580.4157918,0.033016125089488924,10,1.0,5804.157918,True,
LOCAL-v1-q4-exactly10_sources-5098,4,candidate,10,576.0519541,0.023532958002761006,10,1.0,5760.519541,True,
LOCAL-v1-q4-exactly10_sources-5099,4,candidate,10,605.7855078,0.029979709070175886,10,1.0,6057.855078,True,
LOCAL-v1-q4-exactly16_sources-5000,4,candidate,16,282.4952276875,0.034288625000044703,16,1.0,4519.923643,True,
LOCAL-v1-q4-exactly16_sources-5001,4,candidate,16,266.91689725,0.037565834005363286,16,1.0,4270.670356,True,
LOCAL-v1-q4-exactly16_sources-5002,4,candidate,16,279.310766,0.038776124943979084,16,1.0,4468.972256,True,
LOCAL-v1-q4-exactly16_sources-5003,4,candidate,16,274.8423083125,0.03595074999611825,16,1.0,4397.476933,True,
LOCAL-v1-q4-exactly16_sources-5004,4,candidate,16,319.74789,0.03520216711331159,16,1.0,5115.96624,True,
LOCAL-v1-q4-exactly16_sources-5005,4,candidate,16,286.4512335625,0.0493642499204725,16,1.0,4583.219737,True,
LOCAL-v1-q4-exactly16_sources-5006,4,candidate,16,313.8085291875,0.041587249957956374,16,1.0,5020.936467,True,
LOCAL-v1-q4-exactly16_sources-5007,4,candidate,16,331.730163875,0.03808183397632092,16,1.0,5307.682622,True,
LOCAL-v1-q4-exactly16_sources-5008,4,candidate,16,225.0598955625,0.03864420799072832,16,1.0,3600.958329,True,
LOCAL-v1-q4-exactly16_sources-5009,4,candidate,16,239.6022668125,0.038965624989941716,16,1.0,3833.636269,True,
LOCAL-v1-q4-exactly16_sources-5010,4,candidate,16,379.5907033125,0.044924458023160696,16,1.0,6073.451253,True,
LOCAL-v1-q4-exactly16_sources-5011,4,candidate,16,359.021611,0.03931966598611325,16,1.0,5744.345776,True,
LOCAL-v1-q4-exactly16_sources-5012,4,candidate,16,351.2500365625,0.044283834053203464,16,1.0,5620.000585,True,
LOCAL-v1-q4-exactly16_sources-5013,4,candidate,16,367.74268225,0.03866366599686444,16,1.0,5883.882916,True,
LOCAL-v1-q4-exactly16_sources-5014,4,candidate,16,284.905898,0.05560370802413672,16,1.0,4558.494368,True,
LOCAL-v1-q4-exactly16_sources-5015,4,candidate,16,280.33027675,0.05853262497112155,16,1.0,4485.284428,True,
LOCAL-v1-q4-exactly16_sources-5016,4,candidate,16,295.1647285625,0.05497104208916426,16,1.0,4722.635657,True,
LOCAL-v1-q4-exactly16_sources-5017,4,candidate,16,196.5124014375,0.03822395799215883,16,1.0,3144.198423,True,
LOCAL-v1-q4-exactly16_sources-5018,4,candidate,16,242.842025375,0.036476667039096355,16,1.0,3885.472406,True,
LOCAL-v1-q4-exactly16_sources-5019,4,candidate,16,306.471834125,0.03304129093885422,16,1.0,4903.549346,True,
LOCAL-v1-q4-exactly16_sources-5020,4,candidate,16,290.5947935,0.04502687498461455,16,1.0,4649.516696,True,
LOCAL-v1-q4-exactly16_sources-5021,4,candidate,16,348.1635926875,0.035797958029434085,16,1.0,5570.617483,True,
LOCAL-v1-q4-exactly16_sources-5022,4,candidate,16,218.6437766875,0.04062458302360028,16,1.0,3498.300427,True,
LOCAL-v1-q4-exactly16_sources-5023,4,candidate,16,307.335671625,0.03526170796249062,16,1.0,4917.370746,True,
LOCAL-v1-q4-exactly16_sources-5024,4,candidate,16,223.7529179375,0.03778849996160716,16,1.0,3580.046687,True,
LOCAL-v1-q4-exactly16_sources-5025,4,candidate,16,266.081195875,0.03986358398105949,16,1.0,4257.299134,True,
LOCAL-v1-q4-exactly16_sources-5026,4,candidate,16,343.1071645,0.03861191694159061,16,1.0,5489.714632,True,
LOCAL-v1-q4-exactly16_sources-5027,4,candidate,16,342.4378225625,0.03730704193003476,16,1.0,5479.005161,True,
LOCAL-v1-q4-exactly16_sources-5028,4,candidate,16,329.8702420625,0.044576458050869405,16,1.0,5277.923873,True,
LOCAL-v1-q4-exactly16_sources-5029,4,candidate,16,370.494228125,0.03090833395253867,16,1.0,5927.90765,True,
LOCAL-v1-q4-exactly16_sources-5030,4,candidate,16,349.508263375,0.038680915953591466,16,1.0,5592.132214,True,
LOCAL-v1-q4-exactly16_sources-5031,4,candidate,16,341.4889425625,0.036604875000193715,16,1.0,5463.823081,True,
LOCAL-v1-q4-exactly16_sources-5032,4,candidate,16,304.2665755625,0.040411624941043556,16,1.0,4868.265209,True,
LOCAL-v1-q4-exactly16_sources-5033,4,candidate,16,299.4605115625,0.03142274997662753,16,1.0,4791.368185,True,
LOCAL-v1-q4-exactly16_sources-5034,4,candidate,16,372.7397685,0.03024329198524356,16,1.0,5963.836296,True,
LOCAL-v1-q4-exactly16_sources-5035,4,candidate,16,317.518566375,0.036997374962083995,16,1.0,5080.297062,True,
LOCAL-v1-q4-exactly16_sources-5036,4,candidate,16,306.615281875,0.03399945795536041,16,1.0,4905.84451,True,
LOCAL-v1-q4-exactly16_sources-5037,4,candidate,16,243.9370870625,0.03623087494634092,16,1.0,3902.993393,True,
LOCAL-v1-q4-exactly16_sources-5038,4,candidate,16,297.490811625,0.03787391702644527,16,1.0,4759.852986,True,
LOCAL-v1-q4-exactly16_sources-5039,4,candidate,16,277.2256359375,0.041508832946419716,16,1.0,4435.610175,True,
LOCAL-v1-q4-exactly16_sources-5040,4,candidate,16,321.9859223125,0.03347408398985863,16,1.0,5151.774757,True,
LOCAL-v1-q4-exactly16_sources-5041,4,candidate,16,276.9804939375,0.036429333966225386,16,1.0,4431.687903,True,
LOCAL-v1-q4-exactly16_sources-5042,4,candidate,16,298.22260375,0.04439120797906071,16,1.0,4771.56166,True,
LOCAL-v1-q4-exactly16_sources-5043,4,candidate,16,377.4675923125,0.038361208979040384,16,1.0,6039.481477,True,
LOCAL-v1-q4-exactly16_sources-5044,4,candidate,16,302.00077425,0.03445154195651412,16,1.0,4832.012388,True,
LOCAL-v1-q4-exactly16_sources-5045,4,candidate,16,358.1307174375,0.033439084072597325,16,1.0,5730.091479,True,
LOCAL-v1-q4-exactly16_sources-5046,4,candidate,16,300.5625821875,0.04075533407740295,16,1.0,4809.001315,True,
LOCAL-v1-q4-exactly16_sources-5047,4,candidate,16,272.26069975,0.046223207958973944,16,1.0,4356.171196,True,
LOCAL-v1-q4-exactly16_sources-5048,4,candidate,16,288.4078108125,0.03953879198525101,16,1.0,4614.524973,True,
LOCAL-v1-q4-exactly16_sources-5049,4,candidate,16,367.4241840625,0.03690050006844103,16,1.0,5878.786945,True,
LOCAL-v1-q4-exactly16_sources-5050,4,candidate,16,340.79151575,0.03448558400850743,16,1.0,5452.664252,True,
LOCAL-v1-q4-exactly16_sources-5051,4,candidate,16,273.4841526875,0.031268666964024305,16,1.0,4375.746443,True,
LOCAL-v1-q4-exactly16_sources-5052,4,candidate,16,319.46551075,0.04066845902707428,16,1.0,5111.448172,True,
LOCAL-v1-q4-exactly16_sources-5053,4,candidate,16,291.674057625,0.04147829196881503,16,1.0,4666.784922,True,
LOCAL-v1-q4-exactly16_sources-5054,4,candidate,16,250.5360050625,0.034081958001479506,16,1.0,4008.576081,True,
LOCAL-v1-q4-exactly16_sources-5055,4,candidate,16,339.5709915625,0.04729183402378112,16,1.0,5433.135865,True,
LOCAL-v1-q4-exactly16_sources-5056,4,candidate,16,259.6074539375,0.03722191695123911,16,1.0,4153.719263,True,
LOCAL-v1-q4-exactly16_sources-5057,4,candidate,16,274.1010146875,0.04176816693507135,16,1.0,4385.616235,True,
LOCAL-v1-q4-exactly16_sources-5058,4,candidate,16,259.6246241875,0.07461616699583828,16,1.0,4153.993987,True,
LOCAL-v1-q4-exactly16_sources-5059,4,candidate,16,291.38753525,0.03963083296548575,16,1.0,4662.200564,True,
LOCAL-v1-q4-exactly16_sources-5060,4,candidate,16,402.63791125,0.03649929107632488,16,1.0,6442.20658,True,
LOCAL-v1-q4-exactly16_sources-5061,4,candidate,16,400.4994461875,0.03684441698715091,16,1.0,6407.991139,True,
LOCAL-v1-q4-exactly16_sources-5062,4,candidate,16,273.235920625,0.033900749986059964,16,1.0,4371.77473,True,
LOCAL-v1-q4-exactly16_sources-5063,4,candidate,16,328.3816635625,0.04159029200673103,16,1.0,5254.106617,True,
LOCAL-v1-q4-exactly16_sources-5064,4,candidate,16,405.8766425,0.041111125028692186,16,1.0,6494.02628,True,
LOCAL-v1-q4-exactly16_sources-5065,4,candidate,16,350.889462,0.042899540974758565,16,1.0,5614.231392,True,
LOCAL-v1-q4-exactly16_sources-5066,4,candidate,16,300.5987284375,0.04538849997334182,16,1.0,4809.579655,True,
LOCAL-v1-q4-exactly16_sources-5067,4,candidate,16,316.2188593125,0.046144790947437286,16,1.0,5059.501749,True,
LOCAL-v1-q4-exactly16_sources-5068,4,candidate,16,264.489799375,0.04629670805297792,16,1.0,4231.83679,True,
LOCAL-v1-q4-exactly16_sources-5069,4,candidate,16,217.405806,0.04732466593850404,16,1.0,3478.492896,True,
LOCAL-v1-q4-exactly16_sources-5070,4,candidate,16,312.95300825,0.03892283304594457,16,1.0,5007.248132,True,
LOCAL-v1-q4-exactly16_sources-5071,4,candidate,16,280.75396025,0.035679624998010695,16,1.0,4492.063364,True,
LOCAL-v1-q4-exactly16_sources-5072,4,candidate,16,331.3093704375,0.043203708017244935,16,1.0,5300.949927,True,
LOCAL-v1-q4-exactly16_sources-5073,4,candidate,16,320.6199321875,0.04209241596981883,16,1.0,5129.918915,True,
LOCAL-v1-q4-exactly16_sources-5074,4,candidate,16,282.2100508125,0.05257583293132484,16,1.0,4515.360813,True,
LOCAL-v1-q4-exactly16_sources-5075,4,candidate,16,261.9119833125,0.04236466693691909,16,1.0,4190.591733,True,
LOCAL-v1-q4-exactly16_sources-5076,4,candidate,16,328.1766134375,0.051285707973875105,16,1.0,5250.825815,True,
LOCAL-v1-q4-exactly16_sources-5077,4,candidate,16,373.793041875,0.03172112500760704,16,1.0,5980.68867,True,
LOCAL-v1-q4-exactly16_sources-5078,4,candidate,16,346.574122,0.03598429204430431,16,1.0,5545.185952,True,
LOCAL-v1-q4-exactly16_sources-5079,4,candidate,16,340.0728719375,0.03337125002872199,16,1.0,5441.165951,True,
LOCAL-v1-q4-exactly16_sources-5080,4,candidate,16,317.1691405,0.03526533301919699,16,1.0,5074.706248,True,
LOCAL-v1-q4-exactly16_sources-5081,4,candidate,16,246.633012625,0.03700908296741545,16,1.0,3946.128202,True,
LOCAL-v1-q4-exactly16_sources-5082,4,candidate,16,327.8418369375,0.045295707997865975,16,1.0,5245.469391,True,
LOCAL-v1-q4-exactly16_sources-5083,4,candidate,16,275.144869625,0.04649079195223749,16,1.0,4402.317914,True,
LOCAL-v1-q4-exactly16_sources-5084,4,candidate,16,343.874578125,0.039969832985661924,16,1.0,5501.99325,True,
LOCAL-v1-q4-exactly16_sources-5085,4,candidate,16,235.63585425,0.04849383397959173,16,1.0,3770.173668,True,
LOCAL-v1-q4-exactly16_sources-5086,4,candidate,16,229.125959375,0.04367958300281316,16,1.0,3666.01535,True,
LOCAL-v1-q4-exactly16_sources-5087,4,candidate,16,344.8546785,0.04744158301036805,16,1.0,5517.674856,True,
LOCAL-v1-q4-exactly16_sources-5088,4,candidate,16,301.3983085,0.046867124969139695,16,1.0,4822.372936,True,
LOCAL-v1-q4-exactly16_sources-5089,4,candidate,16,249.310273625,0.04661158297676593,16,1.0,3988.964378,True,
LOCAL-v1-q4-exactly16_sources-5090,4,candidate,16,289.9371693125,0.05036495893727988,16,1.0,4638.994709,True,
LOCAL-v1-q4-exactly16_sources-5091,4,candidate,16,368.876307125,0.04191750008612871,16,1.0,5902.020914,True,
LOCAL-v1-q4-exactly16_sources-5092,4,candidate,16,387.8307691875,0.03724120790138841,16,1.0,6205.292307,True,
LOCAL-v1-q4-exactly16_sources-5093,4,candidate,16,324.2577040625,0.048564375028945506,16,1.0,5188.123265,True,
LOCAL-v1-q4-exactly16_sources-5094,4,candidate,16,356.6204419375,0.03302666696254164,16,1.0,5705.927071,True,
LOCAL-v1-q4-exactly16_sources-5095,4,candidate,16,327.88920925,0.04001966607756913,16,1.0,5246.227348,True,
LOCAL-v1-q4-exactly16_sources-5096,4,candidate,16,255.76090875,0.02814908407162875,16,1.0,4092.17454,True,
LOCAL-v1-q4-exactly16_sources-5097,4,candidate,16,266.1472004375,0.031477457960136235,16,1.0,4258.355207,True,
LOCAL-v1-q4-exactly16_sources-5098,4,candidate,16,230.964425125,0.037425833055749536,16,1.0,3695.430802,True,
LOCAL-v1-q4-exactly16_sources-5099,4,candidate,16,292.8232403125,0.07997287495527416,16,1.0,4685.171845,True,
