case_id,mode,variant,cleared_count,average_clear_time_s,program_runtime_s,source_count,cleared_fraction,total_virtual_time_s,complete,error
LOCAL-v1-q3-reference_assumed-5000,3,frozen_baseline,11,307.7000336363636,0.001373999984934926,11,1.0,3384.70037,True,
LOCAL-v1-q3-reference_assumed-5001,3,frozen_baseline,14,249.85846742857143,0.0013100419891998172,14,1.0,3498.018544,True,
LOCAL-v1-q3-reference_assumed-5002,3,frozen_baseline,15,253.39230793333334,0.0015160420443862677,15,1.0,3800.884619,True,
LOCAL-v1-q3-reference_assumed-5003,3,frozen_baseline,11,316.6374900909091,0.001049291924573481,11,1.0,3483.012391,True,
LOCAL-v1-q3-reference_assumed-5004,3,frozen_baseline,12,330.2754581666667,0.001227749977260828,12,1.0,3963.305498,True,
LOCAL-v1-q3-reference_assumed-5005,3,frozen_baseline,11,331.79895700000003,0.001275458955205977,11,1.0,3649.788527,True,
LOCAL-v1-q3-reference_assumed-5006,3,frozen_baseline,11,345.50831145454544,0.0012062500463798642,11,1.0,3800.591426,True,
LOCAL-v1-q3-reference_assumed-5007,3,frozen_baseline,11,348.8436629090909,0.0010416250443086028,11,1.0,3837.280292,True,
LOCAL-v1-q3-reference_assumed-5008,3,frozen_baseline,10,333.7374116,0.0010111669544130564,10,1.0,3337.374116,True,
LOCAL-v1-q3-reference_assumed-5009,3,frozen_baseline,14,283.641857,0.0013293750816956162,14,1.0,3970.985998,True,
LOCAL-v1-q3-reference_assumed-5010,3,frozen_baseline,12,330.59807574999996,0.0010935829486697912,12,1.0,3967.176909,True,
LOCAL-v1-q3-reference_assumed-5011,3,frozen_baseline,15,284.54865806666663,0.0015038750134408474,15,1.0,4268.229871,True,
LOCAL-v1-q3-reference_assumed-5012,3,frozen_baseline,10,355.2931689,0.0009929999941959977,10,1.0,3552.931689,True,
LOCAL-v1-q3-reference_assumed-5013,3,frozen_baseline,12,294.3771953333333,0.001292250002734363,12,1.0,3532.526344,True,
LOCAL-v1-q3-reference_assumed-5014,3,frozen_baseline,11,340.9183932727273,0.0011842090170830488,11,1.0,3750.102326,True,
LOCAL-v1-q3-reference_assumed-5015,3,frozen_baseline,12,290.52212041666667,0.0011523340363055468,12,1.0,3486.265445,True,
LOCAL-v1-q3-reference_assumed-5016,3,frozen_baseline,16,256.052974875,0.001632416038773954,16,1.0,4096.847598,True,
LOCAL-v1-q3-reference_assumed-5017,3,frozen_baseline,15,271.708143,0.00143258401658386,15,1.0,4075.622145,True,
LOCAL-v1-q3-reference_assumed-5018,3,frozen_baseline,10,380.89201979999996,0.001067875069566071,10,1.0,3808.920198,True,
LOCAL-v1-q3-reference_assumed-5019,3,frozen_baseline,11,350.6120645454546,0.0012385830050334334,11,1.0,3856.73271,True,
LOCAL-v1-q3-reference_assumed-5020,3,frozen_baseline,16,266.0172461875,0.0014996250392869115,16,1.0,4256.275939,True,
LOCAL-v1-q3-reference_assumed-5021,3,frozen_baseline,14,258.07373285714283,0.0012940840097144246,14,1.0,3613.03226,True,
LOCAL-v1-q3-reference_assumed-5022,3,frozen_baseline,14,274.3347495,0.0012704160762950778,14,1.0,3840.686493,True,
LOCAL-v1-q3-reference_assumed-5023,3,frozen_baseline,15,288.1018344666667,0.0014025409473106265,15,1.0,4321.527517,True,
LOCAL-v1-q3-reference_assumed-5024,3,frozen_baseline,13,341.9181263846154,0.001275166985578835,13,1.0,4444.935643,True,
LOCAL-v1-q3-reference_assumed-5025,3,frozen_baseline,12,317.0115739166667,0.0012321670074015856,12,1.0,3804.138887,True,
LOCAL-v1-q3-reference_assumed-5026,3,frozen_baseline,15,299.4737095333333,0.0013371659442782402,15,1.0,4492.105643,True,
LOCAL-v1-q3-reference_assumed-5027,3,frozen_baseline,11,299.4585982727273,0.0010806249920278788,11,1.0,3294.044581,True,
LOCAL-v1-q3-reference_assumed-5028,3,frozen_baseline,10,357.3114312,0.0009208749979734421,10,1.0,3573.114312,True,
LOCAL-v1-q3-reference_assumed-5029,3,frozen_baseline,11,301.53134318181816,0.00101200002245605,11,1.0,3316.844775,True,
LOCAL-v1-q3-reference_assumed-5030,3,frozen_baseline,12,311.48427341666667,0.001076625077985227,12,1.0,3737.811281,True,
LOCAL-v1-q3-reference_assumed-5031,3,frozen_baseline,15,246.60765406666667,0.0014867919962853193,15,1.0,3699.114811,True,
LOCAL-v1-q3-reference_assumed-5032,3,frozen_baseline,11,349.8501651818182,0.0010816249996423721,11,1.0,3848.351817,True,
LOCAL-v1-q3-reference_assumed-5033,3,frozen_baseline,14,287.46180421428573,0.001339958980679512,14,1.0,4024.465259,True,
LOCAL-v1-q3-reference_assumed-5034,3,frozen_baseline,16,253.77811075,0.0015011250507086515,16,1.0,4060.449772,True,
LOCAL-v1-q3-reference_assumed-5035,3,frozen_baseline,10,377.25829469999996,0.001054624910466373,10,1.0,3772.582947,True,
LOCAL-v1-q3-reference_assumed-5036,3,frozen_baseline,15,243.78415046666666,0.0014174169627949595,15,1.0,3656.762257,True,
LOCAL-v1-q3-reference_assumed-5037,3,frozen_baseline,15,274.9992613333333,0.0015232079895213246,15,1.0,4124.98892,True,
LOCAL-v1-q3-reference_assumed-5038,3,frozen_baseline,16,275.48420675,0.0015504579059779644,16,1.0,4407.747308,True,
LOCAL-v1-q3-reference_assumed-5039,3,frozen_baseline,10,367.7431441,0.0009822080610319972,10,1.0,3677.431441,True,
LOCAL-v1-q3-reference_assumed-5040,3,frozen_baseline,15,275.8249759333333,0.0014371250290423632,15,1.0,4137.374639,True,
LOCAL-v1-q3-reference_assumed-5041,3,frozen_baseline,15,301.30364526666665,0.0016184999840334058,15,1.0,4519.554679,True,
LOCAL-v1-q3-reference_assumed-5042,3,frozen_baseline,11,317.9805875454545,0.0010993340983986855,11,1.0,3497.786463,True,
LOCAL-v1-q3-reference_assumed-5043,3,frozen_baseline,12,330.7266740833333,0.0011673750123009086,12,1.0,3968.720089,True,
LOCAL-v1-q3-reference_assumed-5044,3,frozen_baseline,11,318.2703969090909,0.00105441699270159,11,1.0,3500.974366,True,
LOCAL-v1-q3-reference_assumed-5045,3,frozen_baseline,11,310.1343348181818,0.0010177079821005464,11,1.0,3411.477683,True,
LOCAL-v1-q3-reference_assumed-5046,3,frozen_baseline,10,328.80100200000004,0.0010578330839052796,10,1.0,3288.01002,True,
LOCAL-v1-q3-reference_assumed-5047,3,frozen_baseline,16,230.7874636875,0.0015215419698506594,16,1.0,3692.599419,True,
LOCAL-v1-q3-reference_assumed-5048,3,frozen_baseline,12,344.2830475,0.0012982920743525028,12,1.0,4131.39657,True,
LOCAL-v1-q3-reference_assumed-5049,3,frozen_baseline,10,316.59029019999997,0.0010364999761804938,10,1.0,3165.902902,True,
LOCAL-v1-q3-reference_assumed-5050,3,frozen_baseline,15,282.3647712666667,0.001529333065263927,15,1.0,4235.471569,True,
LOCAL-v1-q3-reference_assumed-5051,3,frozen_baseline,11,298.9414198181818,0.0010110409930348396,11,1.0,3288.355618,True,
LOCAL-v1-q3-reference_assumed-5052,3,frozen_baseline,13,320.3169414615385,0.0013460000045597553,13,1.0,4164.120239,True,
LOCAL-v1-q3-reference_assumed-5053,3,frozen_baseline,16,252.2673453125,0.0013841250911355019,16,1.0,4036.277525,True,
LOCAL-v1-q3-reference_assumed-5054,3,frozen_baseline,16,262.790193,0.0014798330375924706,16,1.0,4204.643088,True,
LOCAL-v1-q3-reference_assumed-5055,3,frozen_baseline,12,335.9658250833333,0.0013271250063553452,12,1.0,4031.589901,True,
LOCAL-v1-q3-reference_assumed-5056,3,frozen_baseline,13,285.21315799999996,0.0012283750111237168,13,1.0,3707.771054,True,
LOCAL-v1-q3-reference_assumed-5057,3,frozen_baseline,13,310.0252980769231,0.001197290956042707,13,1.0,4030.328875,True,
LOCAL-v1-q3-reference_assumed-5058,3,frozen_baseline,14,245.3325385,0.0011827079579234123,14,1.0,3434.655539,True,
LOCAL-v1-q3-reference_assumed-5059,3,frozen_baseline,12,295.7842071666667,0.0011597080156207085,12,1.0,3549.410486,True,
LOCAL-v1-q3-reference_assumed-5060,3,frozen_baseline,11,322.19719527272724,0.001152625074610114,11,1.0,3544.169148,True,
LOCAL-v1-q3-reference_assumed-5061,3,frozen_baseline,13,253.32905361538462,0.0012228749692440033,13,1.0,3293.277697,True,
LOCAL-v1-q3-reference_assumed-5062,3,frozen_baseline,16,249.1404301875,0.001338499947451055,16,1.0,3986.246883,True,
LOCAL-v1-q3-reference_assumed-5063,3,frozen_baseline,15,284.68896006666665,0.0014252499677240849,15,1.0,4270.334401,True,
LOCAL-v1-q3-reference_assumed-5064,3,frozen_baseline,13,289.7424126923077,0.0011013750918209553,13,1.0,3766.651365,True,
LOCAL-v1-q3-reference_assumed-5065,3,frozen_baseline,12,319.2959835,0.0012434580130502582,12,1.0,3831.551802,True,
LOCAL-v1-q3-reference_assumed-5066,3,frozen_baseline,10,384.73998040000004,0.0009593749418854713,10,1.0,3847.399804,True,
LOCAL-v1-q3-reference_assumed-5067,3,frozen_baseline,16,267.5560099375,0.0016063330695033073,16,1.0,4280.896159,True,
LOCAL-v1-q3-reference_assumed-5068,3,frozen_baseline,13,275.94273084615384,0.0012615410378202796,13,1.0,3587.255501,True,
LOCAL-v1-q3-reference_assumed-5069,3,frozen_baseline,14,292.5421530714286,0.0013789159711450338,14,1.0,4095.590143,True,
LOCAL-v1-q3-reference_assumed-5070,3,frozen_baseline,12,331.8745704166667,0.0013955420581623912,12,1.0,3982.494845,True,
LOCAL-v1-q3-reference_assumed-5071,3,frozen_baseline,12,321.3145620833333,0.001285666017793119,12,1.0,3855.774745,True,
LOCAL-v1-q3-reference_assumed-5072,3,frozen_baseline,15,289.87779746666666,0.0015500410227105021,15,1.0,4348.166962,True,
LOCAL-v1-q3-reference_assumed-5073,3,frozen_baseline,10,372.178723,0.0010868749814108014,10,1.0,3721.78723,True,
LOCAL-v1-q3-reference_assumed-5074,3,frozen_baseline,16,240.63327025,0.0015583749627694488,16,1.0,3850.132324,True,
LOCAL-v1-q3-reference_assumed-5075,3,frozen_baseline,15,244.04249886666668,0.0013772080419585109,15,1.0,3660.637483,True,
LOCAL-v1-q3-reference_assumed-5076,3,frozen_baseline,12,312.78336183333334,0.0013204170390963554,12,1.0,3753.400342,True,
LOCAL-v1-q3-reference_assumed-5077,3,frozen_baseline,14,287.45781985714285,0.0013458329485729337,14,1.0,4024.409478,True,
LOCAL-v1-q3-reference_assumed-5078,3,frozen_baseline,13,272.6060600769231,0.001278792042285204,13,1.0,3543.878781,True,
LOCAL-v1-q3-reference_assumed-5079,3,frozen_baseline,10,357.4617021,0.0010238329414278269,10,1.0,3574.617021,True,
LOCAL-v1-q3-reference_assumed-5080,3,frozen_baseline,10,331.867172,0.0009702090173959732,10,1.0,3318.67172,True,
LOCAL-v1-q3-reference_assumed-5081,3,frozen_baseline,16,239.019877125,0.0014960839180275798,16,1.0,3824.318034,True,
LOCAL-v1-q3-reference_assumed-5082,3,frozen_baseline,13,299.63522415384614,0.0012130000395700336,13,1.0,3895.257914,True,
LOCAL-v1-q3-reference_assumed-5083,3,frozen_baseline,13,297.4590646153846,0.0013081250945106149,13,1.0,3866.96784,True,
LOCAL-v1-q3-reference_assumed-5084,3,frozen_baseline,14,330.6167555,0.0014897920191287994,14,1.0,4628.634577,True,
LOCAL-v1-q3-reference_assumed-5085,3,frozen_baseline,15,306.02174966666666,0.00152299995534122,15,1.0,4590.326245,True,
LOCAL-v1-q3-reference_assumed-5086,3,frozen_baseline,12,297.2670059166667,0.00120433303527534,12,1.0,3567.204071,True,
LOCAL-v1-q3-reference_assumed-5087,3,frozen_baseline,13,306.23835123076924,0.00145295902621001,13,1.0,3981.098566,True,
LOCAL-v1-q3-reference_assumed-5088,3,frozen_baseline,16,226.3097661875,0.0014685000060126185,16,1.0,3620.956259,True,
LOCAL-v1-q3-reference_assumed-5089,3,frozen_baseline,15,302.9386604,0.0014748339308425784,15,1.0,4544.079906,True,
LOCAL-v1-q3-reference_assumed-5090,3,frozen_baseline,14,282.4126248571429,0.0016551249427720904,14,1.0,3953.776748,True,
LOCAL-v1-q3-reference_assumed-5091,3,frozen_baseline,12,296.6007725,0.0011907909065485,12,1.0,3559.20927,True,
LOCAL-v1-q3-reference_assumed-5092,3,frozen_baseline,11,294.15065327272725,0.0011011669412255287,11,1.0,3235.657186,True,
LOCAL-v1-q3-reference_assumed-5093,3,frozen_baseline,15,265.87705206666664,0.0013898330507799983,15,1.0,3988.155781,True,
LOCAL-v1-q3-reference_assumed-5094,3,frozen_baseline,11,343.3382279090909,0.001078624976798892,11,1.0,3776.720507,True,
LOCAL-v1-q3-reference_assumed-5095,3,frozen_baseline,10,335.5155848,0.0010679579572752118,10,1.0,3355.155848,True,
LOCAL-v1-q3-reference_assumed-5096,3,frozen_baseline,14,309.34389035714287,0.0013647079467773438,14,1.0,4330.814465,True,
LOCAL-v1-q3-reference_assumed-5097,3,frozen_baseline,13,265.27980292307694,0.001056583016179502,13,1.0,3448.637438,True,
LOCAL-v1-q3-reference_assumed-5098,3,frozen_baseline,16,260.62969925,0.001651124912314117,16,1.0,4170.075188,True,
LOCAL-v1-q3-reference_assumed-5099,3,frozen_baseline,13,307.0782733846154,0.0012208330444991589,13,1.0,3992.017554,True,
LOCAL-v1-q3-fixed_positive_bias-5000,3,frozen_baseline,11,310.06636245454547,0.0011048750020563602,11,1.0,3410.729987,True,
LOCAL-v1-q3-fixed_positive_bias-5001,3,frozen_baseline,14,272.87471714285715,0.0014674579724669456,14,1.0,3820.24604,True,
LOCAL-v1-q3-fixed_positive_bias-5002,3,frozen_baseline,15,259.1026010666667,0.0015293750911951065,15,1.0,3886.539016,True,
LOCAL-v1-q3-fixed_positive_bias-5003,3,frozen_baseline,11,315.51348154545457,0.0010465829400345683,11,1.0,3470.648297,True,
LOCAL-v1-q3-fixed_positive_bias-5004,3,frozen_baseline,12,327.89982333333336,0.0012272909516468644,12,1.0,3934.79788,True,
LOCAL-v1-q3-fixed_positive_bias-5005,3,frozen_baseline,11,338.3190908181818,0.001242334023118019,11,1.0,3721.509999,True,
LOCAL-v1-q3-fixed_positive_bias-5006,3,frozen_baseline,11,338.8168559090909,0.0010859169997274876,11,1.0,3726.985415,True,
LOCAL-v1-q3-fixed_positive_bias-5007,3,frozen_baseline,11,344.91114163636365,0.0010907500982284546,11,1.0,3794.022558,True,
LOCAL-v1-q3-fixed_positive_bias-5008,3,frozen_baseline,10,358.5721963,0.0010929589625447989,10,1.0,3585.721963,True,
LOCAL-v1-q3-fixed_positive_bias-5009,3,frozen_baseline,14,282.57164907142857,0.0013361249584704638,14,1.0,3956.003087,True,
LOCAL-v1-q3-fixed_positive_bias-5010,3,frozen_baseline,12,318.39351308333335,0.001199625083245337,12,1.0,3820.722157,True,
LOCAL-v1-q3-fixed_positive_bias-5011,3,frozen_baseline,15,270.9898531333333,0.0014732079580426216,15,1.0,4064.847797,True,
LOCAL-v1-q3-fixed_positive_bias-5012,3,frozen_baseline,10,357.4380147,0.0009706669952720404,10,1.0,3574.380147,True,
LOCAL-v1-q3-fixed_positive_bias-5013,3,frozen_baseline,12,291.82765083333334,0.0011696669971570373,12,1.0,3501.93181,True,
LOCAL-v1-q3-fixed_positive_bias-5014,3,frozen_baseline,11,345.8455199090909,0.0012659160420298576,11,1.0,3804.300719,True,
LOCAL-v1-q3-fixed_positive_bias-5015,3,frozen_baseline,12,346.24665483333337,0.0012439169222489,12,1.0,4154.959858,True,
LOCAL-v1-q3-fixed_positive_bias-5016,3,frozen_baseline,16,259.441300125,0.0016986249247565866,16,1.0,4151.060802,True,
LOCAL-v1-q3-fixed_positive_bias-5017,3,frozen_baseline,15,263.3815062,0.0016412920085713267,15,1.0,3950.722593,True,
LOCAL-v1-q3-fixed_positive_bias-5018,3,frozen_baseline,10,347.49617920000003,0.0010766660561785102,10,1.0,3474.961792,True,
LOCAL-v1-q3-fixed_positive_bias-5019,3,frozen_baseline,11,344.4515648181818,0.001143125002272427,11,1.0,3788.967213,True,
LOCAL-v1-q3-fixed_positive_bias-5020,3,frozen_baseline,16,277.4321976875,0.0015526670031249523,16,1.0,4438.915163,True,
LOCAL-v1-q3-fixed_positive_bias-5021,3,frozen_baseline,14,266.60530857142857,0.0014277909649536014,14,1.0,3732.47432,True,
LOCAL-v1-q3-fixed_positive_bias-5022,3,frozen_baseline,14,287.28438992857144,0.0015192499849945307,14,1.0,4021.981459,True,
LOCAL-v1-q3-fixed_positive_bias-5023,3,frozen_baseline,15,269.69255246666665,0.001440958003513515,15,1.0,4045.388287,True,
LOCAL-v1-q3-fixed_positive_bias-5024,3,frozen_baseline,13,348.14275699999996,0.001311708940193057,13,1.0,4525.855841,True,
LOCAL-v1-q3-fixed_positive_bias-5025,3,frozen_baseline,12,313.84543924999997,0.0012390830088406801,12,1.0,3766.145271,True,
LOCAL-v1-q3-fixed_positive_bias-5026,3,frozen_baseline,15,284.0478844666667,0.0013024170184507966,15,1.0,4260.718267,True,
LOCAL-v1-q3-fixed_positive_bias-5027,3,frozen_baseline,11,297.7133483636364,0.001084415940567851,11,1.0,3274.846832,True,
LOCAL-v1-q3-fixed_positive_bias-5028,3,frozen_baseline,10,364.719326,0.0010759999277070165,10,1.0,3647.19326,True,
LOCAL-v1-q3-fixed_positive_bias-5029,3,frozen_baseline,11,328.3728843636364,0.0010766249615699053,11,1.0,3612.101728,True,
LOCAL-v1-q3-fixed_positive_bias-5030,3,frozen_baseline,12,326.6461274166667,0.0010898750042542815,12,1.0,3919.753529,True,
LOCAL-v1-q3-fixed_positive_bias-5031,3,frozen_baseline,15,290.4846798,0.0016105410177260637,15,1.0,4357.270197,True,
LOCAL-v1-q3-fixed_positive_bias-5032,3,frozen_baseline,11,347.05408390909093,0.00104320899117738,11,1.0,3817.594923,True,
LOCAL-v1-q3-fixed_positive_bias-5033,3,frozen_baseline,14,280.1584729285714,0.0014117079554125667,14,1.0,3922.218621,True,
LOCAL-v1-q3-fixed_positive_bias-5034,3,frozen_baseline,16,265.8213105,0.0018645410891622305,16,1.0,4253.140968,True,
LOCAL-v1-q3-fixed_positive_bias-5035,3,frozen_baseline,10,390.7726334,0.0011150840437039733,10,1.0,3907.726334,True,
LOCAL-v1-q3-fixed_positive_bias-5036,3,frozen_baseline,15,289.17773493333334,0.001477499958127737,15,1.0,4337.666024,True,
LOCAL-v1-q3-fixed_positive_bias-5037,3,frozen_baseline,15,298.01370613333336,0.0016279170522466302,15,1.0,4470.205592,True,
LOCAL-v1-q3-fixed_positive_bias-5038,3,frozen_baseline,16,268.742751125,0.001822250080294907,16,1.0,4299.884018,True,
LOCAL-v1-q3-fixed_positive_bias-5039,3,frozen_baseline,10,361.6415994,0.0012493750546127558,10,1.0,3616.415994,True,
LOCAL-v1-q3-fixed_positive_bias-5040,3,frozen_baseline,15,287.93642286666665,0.0014692910481244326,15,1.0,4319.046343,True,
LOCAL-v1-q3-fixed_positive_bias-5041,3,frozen_baseline,15,308.7589221333334,0.001409208052791655,15,1.0,4631.383832,True,
LOCAL-v1-q3-fixed_positive_bias-5042,3,frozen_baseline,11,313.9890819090909,0.0009970000246539712,11,1.0,3453.879901,True,
LOCAL-v1-q3-fixed_positive_bias-5043,3,frozen_baseline,12,303.98048675,0.0012709159636870027,12,1.0,3647.765841,True,
LOCAL-v1-q3-fixed_positive_bias-5044,3,frozen_baseline,11,310.50894618181815,0.0009744589915499091,11,1.0,3415.598408,True,
LOCAL-v1-q3-fixed_positive_bias-5045,3,frozen_baseline,11,312.1068820909091,0.0010370409581810236,11,1.0,3433.175703,True,
LOCAL-v1-q3-fixed_positive_bias-5046,3,frozen_baseline,10,342.7776578,0.0012309170560911298,10,1.0,3427.776578,True,
LOCAL-v1-q3-fixed_positive_bias-5047,3,frozen_baseline,16,229.793307125,0.0014331249985843897,16,1.0,3676.692914,True,
LOCAL-v1-q3-fixed_positive_bias-5048,3,frozen_baseline,12,296.80454349999997,0.0011984159937128425,12,1.0,3561.654522,True,
LOCAL-v1-q3-fixed_positive_bias-5049,3,frozen_baseline,10,322.4451058,0.001071666949428618,10,1.0,3224.451058,True,
LOCAL-v1-q3-fixed_positive_bias-5050,3,frozen_baseline,15,291.61561693333334,0.0016064579831436276,15,1.0,4374.234254,True,
LOCAL-v1-q3-fixed_positive_bias-5051,3,frozen_baseline,11,302.69481781818183,0.001096333027817309,11,1.0,3329.642996,True,
LOCAL-v1-q3-fixed_positive_bias-5052,3,frozen_baseline,13,281.8508783076923,0.0013437080197036266,13,1.0,3664.061418,True,
LOCAL-v1-q3-fixed_positive_bias-5053,3,frozen_baseline,16,257.6292729375,0.0014976250240579247,16,1.0,4122.068367,True,
LOCAL-v1-q3-fixed_positive_bias-5054,3,frozen_baseline,16,278.756479375,0.0014866249402984977,16,1.0,4460.10367,True,
LOCAL-v1-q3-fixed_positive_bias-5055,3,frozen_baseline,12,291.4379450833333,0.0011643749894574285,12,1.0,3497.255341,True,
LOCAL-v1-q3-fixed_positive_bias-5056,3,frozen_baseline,13,289.4277702307692,0.0012260839575901628,13,1.0,3762.561013,True,
LOCAL-v1-q3-fixed_positive_bias-5057,3,frozen_baseline,13,308.85952046153847,0.0013578749494627118,13,1.0,4015.173766,True,
LOCAL-v1-q3-fixed_positive_bias-5058,3,frozen_baseline,14,268.72047657142855,0.0013220419641584158,14,1.0,3762.086672,True,
LOCAL-v1-q3-fixed_positive_bias-5059,3,frozen_baseline,12,326.31510141666666,0.0012341659748926759,12,1.0,3915.781217,True,
LOCAL-v1-q3-fixed_positive_bias-5060,3,frozen_baseline,11,354.0385804545454,0.0013730420032516122,11,1.0,3894.424385,True,
LOCAL-v1-q3-fixed_positive_bias-5061,3,frozen_baseline,13,261.31659069230767,0.001329833990894258,13,1.0,3397.115679,True,
LOCAL-v1-q3-fixed_positive_bias-5062,3,frozen_baseline,16,255.85006325,0.00149441696703434,16,1.0,4093.601012,True,
LOCAL-v1-q3-fixed_positive_bias-5063,3,frozen_baseline,15,271.3052498,0.0015125420177355409,15,1.0,4069.578747,True,
LOCAL-v1-q3-fixed_positive_bias-5064,3,frozen_baseline,13,319.09554215384617,0.0012599589535966516,13,1.0,4148.242048,True,
LOCAL-v1-q3-fixed_positive_bias-5065,3,frozen_baseline,12,317.97076108333334,0.0011871660826727748,12,1.0,3815.649133,True,
LOCAL-v1-q3-fixed_positive_bias-5066,3,frozen_baseline,10,384.7832687,0.0009942089673131704,10,1.0,3847.832687,True,
LOCAL-v1-q3-fixed_positive_bias-5067,3,frozen_baseline,16,271.91840975,0.00163312500808388,16,1.0,4350.694556,True,
LOCAL-v1-q3-fixed_positive_bias-5068,3,frozen_baseline,13,303.82094415384614,0.0011866249842569232,13,1.0,3949.672274,True,
LOCAL-v1-q3-fixed_positive_bias-5069,3,frozen_baseline,14,307.6480462857143,0.001612790976651013,14,1.0,4307.072648,True,
LOCAL-v1-q3-fixed_positive_bias-5070,3,frozen_baseline,12,333.75016225,0.0014362079091370106,12,1.0,4005.001947,True,
LOCAL-v1-q3-fixed_positive_bias-5071,3,frozen_baseline,12,317.86617425000003,0.001255334005691111,12,1.0,3814.394091,True,
LOCAL-v1-q3-fixed_positive_bias-5072,3,frozen_baseline,15,292.51739353333335,0.0015325830318033695,15,1.0,4387.760903,True,
LOCAL-v1-q3-fixed_positive_bias-5073,3,frozen_baseline,10,372.7555779,0.0012538749724626541,10,1.0,3727.555779,True,
LOCAL-v1-q3-fixed_positive_bias-5074,3,frozen_baseline,16,266.7050014375,0.001735334051772952,16,1.0,4267.280023,True,
LOCAL-v1-q3-fixed_positive_bias-5075,3,frozen_baseline,15,280.3915396666667,0.0016127499984577298,15,1.0,4205.873095,True,
LOCAL-v1-q3-fixed_positive_bias-5076,3,frozen_baseline,12,312.50306908333334,0.0012166249798610806,12,1.0,3750.036829,True,
LOCAL-v1-q3-fixed_positive_bias-5077,3,frozen_baseline,14,314.72305950000003,0.001304500037804246,14,1.0,4406.122833,True,
LOCAL-v1-q3-fixed_positive_bias-5078,3,frozen_baseline,13,268.4446127692308,0.0012934999540448189,13,1.0,3489.779966,True,
LOCAL-v1-q3-fixed_positive_bias-5079,3,frozen_baseline,10,314.0889829,0.001094625098630786,10,1.0,3140.889829,True,
LOCAL-v1-q3-fixed_positive_bias-5080,3,frozen_baseline,10,350.322563,0.0009728340664878488,10,1.0,3503.22563,True,
LOCAL-v1-q3-fixed_positive_bias-5081,3,frozen_baseline,16,258.613148,0.0014348329277709126,16,1.0,4137.810368,True,
LOCAL-v1-q3-fixed_positive_bias-5082,3,frozen_baseline,13,323.8610667692308,0.0013717080000787973,13,1.0,4210.193868,True,
LOCAL-v1-q3-fixed_positive_bias-5083,3,frozen_baseline,13,313.46880853846153,0.0012933750404044986,13,1.0,4075.094511,True,
LOCAL-v1-q3-fixed_positive_bias-5084,3,frozen_baseline,14,304.3513875714286,0.001403625006787479,14,1.0,4260.919426,True,
LOCAL-v1-q3-fixed_positive_bias-5085,3,frozen_baseline,15,297.49612033333335,0.0014800409553572536,15,1.0,4462.441805,True,
LOCAL-v1-q3-fixed_positive_bias-5086,3,frozen_baseline,12,293.50453016666665,0.0012098751030862331,12,1.0,3522.054362,True,
LOCAL-v1-q3-fixed_positive_bias-5087,3,frozen_baseline,13,291.39124207692305,0.001365375006571412,13,1.0,3788.086147,True,
LOCAL-v1-q3-fixed_positive_bias-5088,3,frozen_baseline,16,246.2939578125,0.0016214590286836028,16,1.0,3940.703325,True,
LOCAL-v1-q3-fixed_positive_bias-5089,3,frozen_baseline,15,308.36579413333334,0.0015405830927193165,15,1.0,4625.486912,True,
LOCAL-v1-q3-fixed_positive_bias-5090,3,frozen_baseline,14,265.0963610714286,0.0014125000452622771,14,1.0,3711.349055,True,
LOCAL-v1-q3-fixed_positive_bias-5091,3,frozen_baseline,12,303.49771508333333,0.0011165000032633543,12,1.0,3641.972581,True,
LOCAL-v1-q3-fixed_positive_bias-5092,3,frozen_baseline,11,302.10893063636365,0.0012591249542310834,11,1.0,3323.198237,True,
LOCAL-v1-q3-fixed_positive_bias-5093,3,frozen_baseline,15,272.299798,0.0015595000004395843,15,1.0,4084.49697,True,
LOCAL-v1-q3-fixed_positive_bias-5094,3,frozen_baseline,11,343.09474727272726,0.001165166962891817,11,1.0,3774.04222,True,
LOCAL-v1-q3-fixed_positive_bias-5095,3,frozen_baseline,10,329.7191372,0.0010639999527484179,10,1.0,3297.191372,True,
LOCAL-v1-q3-fixed_positive_bias-5096,3,frozen_baseline,14,317.2277277857143,0.001419208012521267,14,1.0,4441.188189,True,
LOCAL-v1-q3-fixed_positive_bias-5097,3,frozen_baseline,13,286.9706862307692,0.001357333967462182,13,1.0,3730.618921,True,
LOCAL-v1-q3-fixed_positive_bias-5098,3,frozen_baseline,16,283.949024375,0.0016155000776052475,16,1.0,4543.18439,True,
LOCAL-v1-q3-fixed_positive_bias-5099,3,frozen_baseline,13,308.9318563076923,0.001474292017519474,13,1.0,4016.114132,True,
LOCAL-v1-q3-fixed_negative_bias-5000,3,frozen_baseline,11,302.85482790909094,0.0011138750705868006,11,1.0,3331.403107,True,
LOCAL-v1-q3-fixed_negative_bias-5001,3,frozen_baseline,14,256.6773402142857,0.0013272500364109874,14,1.0,3593.482763,True,
LOCAL-v1-q3-fixed_negative_bias-5002,3,frozen_baseline,15,277.0555267333333,0.0014247919898480177,15,1.0,4155.832901,True,
LOCAL-v1-q3-fixed_negative_bias-5003,3,frozen_baseline,11,317.01852818181817,0.0012098749866709113,11,1.0,3487.20381,True,
LOCAL-v1-q3-fixed_negative_bias-5004,3,frozen_baseline,12,333.5435055,0.001250874949619174,12,1.0,4002.522066,True,
LOCAL-v1-q3-fixed_negative_bias-5005,3,frozen_baseline,11,356.42486572727273,0.001144958077929914,11,1.0,3920.673523,True,
LOCAL-v1-q3-fixed_negative_bias-5006,3,frozen_baseline,11,344.499111,0.0011143749579787254,11,1.0,3789.490221,True,
LOCAL-v1-q3-fixed_negative_bias-5007,3,frozen_baseline,11,343.80585918181816,0.0010316249681636691,11,1.0,3781.864451,True,
LOCAL-v1-q3-fixed_negative_bias-5008,3,frozen_baseline,10,342.90841,0.0011284590000286698,10,1.0,3429.0841,True,
LOCAL-v1-q3-fixed_negative_bias-5009,3,frozen_baseline,14,289.8730662142857,0.0013835839927196503,14,1.0,4058.222927,True,
LOCAL-v1-q3-fixed_negative_bias-5010,3,frozen_baseline,12,328.36473158333337,0.0013607079163193703,12,1.0,3940.376779,True,
LOCAL-v1-q3-fixed_negative_bias-5011,3,frozen_baseline,15,304.739545,0.0015470420476049185,15,1.0,4571.093175,True,
LOCAL-v1-q3-fixed_negative_bias-5012,3,frozen_baseline,10,359.3294723,0.0009906660998240113,10,1.0,3593.294723,True,
LOCAL-v1-q3-fixed_negative_bias-5013,3,frozen_baseline,12,297.92018408333337,0.00125512492377311,12,1.0,3575.042209,True,
LOCAL-v1-q3-fixed_negative_bias-5014,3,frozen_baseline,11,341.8869189090909,0.0011653749970719218,11,1.0,3760.756108,True,
LOCAL-v1-q3-fixed_negative_bias-5015,3,frozen_baseline,12,296.67400449999997,0.0011202500900253654,12,1.0,3560.088054,True,
LOCAL-v1-q3-fixed_negative_bias-5016,3,frozen_baseline,16,282.288823,0.0016708750044927,16,1.0,4516.621168,True,
LOCAL-v1-q3-fixed_negative_bias-5017,3,frozen_baseline,15,285.4378576666667,0.0015546249924227595,15,1.0,4281.567865,True,
LOCAL-v1-q3-fixed_negative_bias-5018,3,frozen_baseline,10,363.4882822,0.0010730419307947159,10,1.0,3634.882822,True,
LOCAL-v1-q3-fixed_negative_bias-5019,3,frozen_baseline,11,344.59075545454544,0.001219875062815845,11,1.0,3790.49831,True,
LOCAL-v1-q3-fixed_negative_bias-5020,3,frozen_baseline,16,246.972140875,0.0015250410651788116,16,1.0,3951.554254,True,
LOCAL-v1-q3-fixed_negative_bias-5021,3,frozen_baseline,14,258.9110672857143,0.0014105410082265735,14,1.0,3624.754942,True,
LOCAL-v1-q3-fixed_negative_bias-5022,3,frozen_baseline,14,299.19625042857143,0.0015481249429285526,14,1.0,4188.747506,True,
LOCAL-v1-q3-fixed_negative_bias-5023,3,frozen_baseline,15,281.17320240000004,0.001576791051775217,15,1.0,4217.598036,True,
LOCAL-v1-q3-fixed_negative_bias-5024,3,frozen_baseline,13,338.24059030769234,0.0012495409464463592,13,1.0,4397.127674,True,
LOCAL-v1-q3-fixed_negative_bias-5025,3,frozen_baseline,12,338.50266708333334,0.0012725420529022813,12,1.0,4062.032005,True,
LOCAL-v1-q3-fixed_negative_bias-5026,3,frozen_baseline,15,295.32862766666665,0.0013792079407721758,15,1.0,4429.929415,True,
LOCAL-v1-q3-fixed_negative_bias-5027,3,frozen_baseline,11,293.3331332727273,0.0009550000540912151,11,1.0,3226.664466,True,
LOCAL-v1-q3-fixed_negative_bias-5028,3,frozen_baseline,10,352.9317322,0.0008960830746218562,10,1.0,3529.317322,True,
LOCAL-v1-q3-fixed_negative_bias-5029,3,frozen_baseline,11,321.4707310909091,0.0011214580154046416,11,1.0,3536.178042,True,
LOCAL-v1-q3-fixed_negative_bias-5030,3,frozen_baseline,12,321.3808720833333,0.0012714170152321458,12,1.0,3856.570465,True,
LOCAL-v1-q3-fixed_negative_bias-5031,3,frozen_baseline,15,248.1673228,0.001612124964594841,15,1.0,3722.509842,True,
LOCAL-v1-q3-fixed_negative_bias-5032,3,frozen_baseline,11,351.7219490909091,0.0010414159623906016,11,1.0,3868.94144,True,
LOCAL-v1-q3-fixed_negative_bias-5033,3,frozen_baseline,14,307.82952971428574,0.001578458002768457,14,1.0,4309.613416,True,
LOCAL-v1-q3-fixed_negative_bias-5034,3,frozen_baseline,16,251.3727963125,0.001635667053051293,16,1.0,4021.964741,True,
LOCAL-v1-q3-fixed_negative_bias-5035,3,frozen_baseline,10,382.8544075,0.0011303339852020144,10,1.0,3828.544075,True,
LOCAL-v1-q3-fixed_negative_bias-5036,3,frozen_baseline,15,230.3543872666667,0.0014936659717932343,15,1.0,3455.315809,True,
LOCAL-v1-q3-fixed_negative_bias-5037,3,frozen_baseline,15,295.40634746666666,0.0015856670215725899,15,1.0,4431.095212,True,
LOCAL-v1-q3-fixed_negative_bias-5038,3,frozen_baseline,16,279.1128689375,0.0015508340438827872,16,1.0,4465.805903,True,
LOCAL-v1-q3-fixed_negative_bias-5039,3,frozen_baseline,10,373.264804,0.0010900829220190644,10,1.0,3732.64804,True,
LOCAL-v1-q3-fixed_negative_bias-5040,3,frozen_baseline,15,283.798766,0.0015124999918043613,15,1.0,4256.98149,True,
LOCAL-v1-q3-fixed_negative_bias-5041,3,frozen_baseline,15,312.2686608,0.0014746669912710786,15,1.0,4684.029912,True,
LOCAL-v1-q3-fixed_negative_bias-5042,3,frozen_baseline,11,303.240289,0.0010455420706421137,11,1.0,3335.643179,True,
LOCAL-v1-q3-fixed_negative_bias-5043,3,frozen_baseline,12,310.67270708333336,0.0012782500125467777,12,1.0,3728.072485,True,
LOCAL-v1-q3-fixed_negative_bias-5044,3,frozen_baseline,11,358.5183513636364,0.001225540996529162,11,1.0,3943.701865,True,
LOCAL-v1-q3-fixed_negative_bias-5045,3,frozen_baseline,11,328.1019389090909,0.0010956668993458152,11,1.0,3609.121328,True,
LOCAL-v1-q3-fixed_negative_bias-5046,3,frozen_baseline,10,373.5291857,0.0011967089958488941,10,1.0,3735.291857,True,
LOCAL-v1-q3-fixed_negative_bias-5047,3,frozen_baseline,16,252.352992875,0.0015819580294191837,16,1.0,4037.647886,True,
LOCAL-v1-q3-fixed_negative_bias-5048,3,frozen_baseline,12,299.53353450000003,0.0012770419707521796,12,1.0,3594.402414,True,
LOCAL-v1-q3-fixed_negative_bias-5049,3,frozen_baseline,10,350.7130009,0.0010984999826177955,10,1.0,3507.130009,True,
LOCAL-v1-q3-fixed_negative_bias-5050,3,frozen_baseline,15,270.2879016666667,0.0013666249578818679,15,1.0,4054.318525,True,
LOCAL-v1-q3-fixed_negative_bias-5051,3,frozen_baseline,11,297.8244070909091,0.0010997080244123936,11,1.0,3276.068478,True,
LOCAL-v1-q3-fixed_negative_bias-5052,3,frozen_baseline,13,329.9618616153846,0.001317041926085949,13,1.0,4289.504201,True,
LOCAL-v1-q3-fixed_negative_bias-5053,3,frozen_baseline,16,251.9465948125,0.0014151249779388309,16,1.0,4031.145517,True,
LOCAL-v1-q3-fixed_negative_bias-5054,3,frozen_baseline,16,275.4986738125,0.001560040982440114,16,1.0,4407.978781,True,
LOCAL-v1-q3-fixed_negative_bias-5055,3,frozen_baseline,12,315.9091270833333,0.001136208069510758,12,1.0,3790.909525,True,
LOCAL-v1-q3-fixed_negative_bias-5056,3,frozen_baseline,13,293.6704889230769,0.001286833081394434,13,1.0,3817.716356,True,
LOCAL-v1-q3-fixed_negative_bias-5057,3,frozen_baseline,13,305.98078123076925,0.00115220807492733,13,1.0,3977.750156,True,
LOCAL-v1-q3-fixed_negative_bias-5058,3,frozen_baseline,14,247.81161807142857,0.0012730000307783484,14,1.0,3469.362653,True,
LOCAL-v1-q3-fixed_negative_bias-5059,3,frozen_baseline,12,306.485024,0.0014094170182943344,12,1.0,3677.820288,True,
LOCAL-v1-q3-fixed_negative_bias-5060,3,frozen_baseline,11,343.3682222727273,0.0012732920004054904,11,1.0,3777.050445,True,
LOCAL-v1-q3-fixed_negative_bias-5061,3,frozen_baseline,13,260.8792966153846,0.001211125054396689,13,1.0,3391.430856,True,
LOCAL-v1-q3-fixed_negative_bias-5062,3,frozen_baseline,16,271.7888455625,0.0014490409521386027,16,1.0,4348.621529,True,
LOCAL-v1-q3-fixed_negative_bias-5063,3,frozen_baseline,15,285.1932338,0.0015796249499544501,15,1.0,4277.898507,True,
LOCAL-v1-q3-fixed_negative_bias-5064,3,frozen_baseline,13,291.01493230769233,0.0013080829521641135,13,1.0,3783.19412,True,
LOCAL-v1-q3-fixed_negative_bias-5065,3,frozen_baseline,12,317.50016966666664,0.0013017080491408706,12,1.0,3810.002036,True,
LOCAL-v1-q3-fixed_negative_bias-5066,3,frozen_baseline,10,387.6687328,0.0010453329887241125,10,1.0,3876.687328,True,
LOCAL-v1-q3-fixed_negative_bias-5067,3,frozen_baseline,16,250.6982210625,0.0015582090709358454,16,1.0,4011.171537,True,
LOCAL-v1-q3-fixed_negative_bias-5068,3,frozen_baseline,13,284.49398784615386,0.0012356250081211329,13,1.0,3698.421842,True,
LOCAL-v1-q3-fixed_negative_bias-5069,3,frozen_baseline,14,289.70786264285715,0.0014826670521870255,14,1.0,4055.910077,True,
LOCAL-v1-q3-fixed_negative_bias-5070,3,frozen_baseline,12,317.3956934166667,0.001322499942034483,12,1.0,3808.748321,True,
LOCAL-v1-q3-fixed_negative_bias-5071,3,frozen_baseline,12,311.21472783333337,0.0012584159849211574,12,1.0,3734.576734,True,
LOCAL-v1-q3-fixed_negative_bias-5072,3,frozen_baseline,15,263.37354853333335,0.001522500067949295,15,1.0,3950.603228,True,
LOCAL-v1-q3-fixed_negative_bias-5073,3,frozen_baseline,10,356.3166314,0.0010906669776886702,10,1.0,3563.166314,True,
LOCAL-v1-q3-fixed_negative_bias-5074,3,frozen_baseline,16,269.7649535,0.0016428329981863499,16,1.0,4316.239256,True,
LOCAL-v1-q3-fixed_negative_bias-5075,3,frozen_baseline,15,268.8015066,0.001524958061054349,15,1.0,4032.022599,True,
LOCAL-v1-q3-fixed_negative_bias-5076,3,frozen_baseline,12,309.293434,0.0013281659921631217,12,1.0,3711.521208,True,
LOCAL-v1-q3-fixed_negative_bias-5077,3,frozen_baseline,14,294.70428207142857,0.001375042018480599,14,1.0,4125.859949,True,
LOCAL-v1-q3-fixed_negative_bias-5078,3,frozen_baseline,13,268.72489415384615,0.0012140830513089895,13,1.0,3493.423624,True,
LOCAL-v1-q3-fixed_negative_bias-5079,3,frozen_baseline,10,367.7934146,0.0010384171037003398,10,1.0,3677.934146,True,
LOCAL-v1-q3-fixed_negative_bias-5080,3,frozen_baseline,10,340.8564841,0.0009503749897703528,10,1.0,3408.564841,True,
LOCAL-v1-q3-fixed_negative_bias-5081,3,frozen_baseline,16,258.53884675,0.0014806250110268593,16,1.0,4136.621548,True,
LOCAL-v1-q3-fixed_negative_bias-5082,3,frozen_baseline,13,302.70599969230767,0.0013123750686645508,13,1.0,3935.177996,True,
LOCAL-v1-q3-fixed_negative_bias-5083,3,frozen_baseline,13,300.89327307692304,0.001288541010580957,13,1.0,3911.61255,True,
LOCAL-v1-q3-fixed_negative_bias-5084,3,frozen_baseline,14,285.67493035714284,0.0015283330576494336,14,1.0,3999.449025,True,
LOCAL-v1-q3-fixed_negative_bias-5085,3,frozen_baseline,15,308.80822406666664,0.001564792008139193,15,1.0,4632.123361,True,
LOCAL-v1-q3-fixed_negative_bias-5086,3,frozen_baseline,12,297.0295570833333,0.0012006249744445086,12,1.0,3564.354685,True,
LOCAL-v1-q3-fixed_negative_bias-5087,3,frozen_baseline,13,301.0630013076923,0.0014021249953657389,13,1.0,3913.819017,True,
LOCAL-v1-q3-fixed_negative_bias-5088,3,frozen_baseline,16,223.089099625,0.001601667026989162,16,1.0,3569.425594,True,
LOCAL-v1-q3-fixed_negative_bias-5089,3,frozen_baseline,15,286.36758126666666,0.0016872920095920563,15,1.0,4295.513719,True,
LOCAL-v1-q3-fixed_negative_bias-5090,3,frozen_baseline,14,285.1919285,0.0015683749224990606,14,1.0,3992.686999,True,
LOCAL-v1-q3-fixed_negative_bias-5091,3,frozen_baseline,12,306.42051299999997,0.0011007499415427446,12,1.0,3677.046156,True,
LOCAL-v1-q3-fixed_negative_bias-5092,3,frozen_baseline,11,322.7126215454545,0.0012765000574290752,11,1.0,3549.838837,True,
LOCAL-v1-q3-fixed_negative_bias-5093,3,frozen_baseline,15,270.1160124,0.001417041989043355,15,1.0,4051.740186,True,
LOCAL-v1-q3-fixed_negative_bias-5094,3,frozen_baseline,11,341.62880590909094,0.0011693750275298953,11,1.0,3757.916865,True,
LOCAL-v1-q3-fixed_negative_bias-5095,3,frozen_baseline,10,326.5582461,0.001211125054396689,10,1.0,3265.582461,True,
LOCAL-v1-q3-fixed_negative_bias-5096,3,frozen_baseline,14,329.33833150000004,0.001572042005136609,14,1.0,4610.736641,True,
LOCAL-v1-q3-fixed_negative_bias-5097,3,frozen_baseline,13,270.3814693076923,0.0011531250784173608,13,1.0,3514.959101,True,
LOCAL-v1-q3-fixed_negative_bias-5098,3,frozen_baseline,16,252.3221956875,0.001608958002179861,16,1.0,4037.155131,True,
LOCAL-v1-q3-fixed_negative_bias-5099,3,frozen_baseline,13,304.93349753846155,0.0012355420039966702,13,1.0,3964.135468,True,
LOCAL-v1-q3-smooth_shared_field-5000,3,frozen_baseline,11,307.78704827272725,0.0010977080091834068,11,1.0,3385.657531,True,
LOCAL-v1-q3-smooth_shared_field-5001,3,frozen_baseline,14,269.83561,0.0014336660970002413,14,1.0,3777.69854,True,
LOCAL-v1-q3-smooth_shared_field-5002,3,frozen_baseline,15,272.54923726666664,0.0013554159086197615,15,1.0,4088.238559,True,
LOCAL-v1-q3-smooth_shared_field-5003,3,frozen_baseline,11,316.6576480909091,0.001122834044508636,11,1.0,3483.234129,True,
LOCAL-v1-q3-smooth_shared_field-5004,3,frozen_baseline,12,336.4757445833333,0.001135458005592227,12,1.0,4037.708935,True,
LOCAL-v1-q3-smooth_shared_field-5005,3,frozen_baseline,11,364.7102000909091,0.001111124991439283,11,1.0,4011.812201,True,
LOCAL-v1-q3-smooth_shared_field-5006,3,frozen_baseline,11,345.7009119090909,0.0011283749481663108,11,1.0,3802.710031,True,
LOCAL-v1-q3-smooth_shared_field-5007,3,frozen_baseline,11,343.89199718181817,0.0010238749673590064,11,1.0,3782.811969,True,
LOCAL-v1-q3-smooth_shared_field-5008,3,frozen_baseline,10,334.042576,0.0010299170389771461,10,1.0,3340.42576,True,
LOCAL-v1-q3-smooth_shared_field-5009,3,frozen_baseline,14,282.65353250000004,0.0012765830615535378,14,1.0,3957.149455,True,
LOCAL-v1-q3-smooth_shared_field-5010,3,frozen_baseline,12,331.29278066666666,0.0010832090629264712,12,1.0,3975.513368,True,
LOCAL-v1-q3-smooth_shared_field-5011,3,frozen_baseline,15,301.4898404,0.0014174169627949595,15,1.0,4522.347606,True,
LOCAL-v1-q3-smooth_shared_field-5012,3,frozen_baseline,10,356.2148795,0.0009244580287486315,10,1.0,3562.148795,True,
LOCAL-v1-q3-smooth_shared_field-5013,3,frozen_baseline,12,292.1658274166667,0.001217333017848432,12,1.0,3505.989929,True,
LOCAL-v1-q3-smooth_shared_field-5014,3,frozen_baseline,11,338.24272454545456,0.0010994999902322888,11,1.0,3720.66997,True,
LOCAL-v1-q3-smooth_shared_field-5015,3,frozen_baseline,12,294.8166355,0.001194083015434444,12,1.0,3537.799626,True,
LOCAL-v1-q3-smooth_shared_field-5016,3,frozen_baseline,16,275.454802875,0.0014690420357510448,16,1.0,4407.276846,True,
LOCAL-v1-q3-smooth_shared_field-5017,3,frozen_baseline,15,274.2973206666667,0.0014019159134477377,15,1.0,4114.45981,True,
LOCAL-v1-q3-smooth_shared_field-5018,3,frozen_baseline,10,357.2820757,0.0009688750142231584,10,1.0,3572.820757,True,
LOCAL-v1-q3-smooth_shared_field-5019,3,frozen_baseline,11,353.61411363636364,0.0011719160247594118,11,1.0,3889.75525,True,
LOCAL-v1-q3-smooth_shared_field-5020,3,frozen_baseline,16,269.9891521875,0.0015131250256672502,16,1.0,4319.826435,True,
LOCAL-v1-q3-smooth_shared_field-5021,3,frozen_baseline,14,259.981179,0.0013777909334748983,14,1.0,3639.736506,True,
LOCAL-v1-q3-smooth_shared_field-5022,3,frozen_baseline,14,292.6924022857143,0.0012866250472143292,14,1.0,4097.693632,True,
LOCAL-v1-q3-smooth_shared_field-5023,3,frozen_baseline,15,267.772007,0.0014154160162433982,15,1.0,4016.580105,True,
LOCAL-v1-q3-smooth_shared_field-5024,3,frozen_baseline,13,337.3469812307692,0.0011617919662967324,13,1.0,4385.510756,True,
LOCAL-v1-q3-smooth_shared_field-5025,3,frozen_baseline,12,319.782467,0.0011357920011505485,12,1.0,3837.389604,True,
LOCAL-v1-q3-smooth_shared_field-5026,3,frozen_baseline,15,290.2554002,0.0013892919523641467,15,1.0,4353.831003,True,
LOCAL-v1-q3-smooth_shared_field-5027,3,frozen_baseline,11,296.8024076363636,0.0010420409962534904,11,1.0,3264.826484,True,
LOCAL-v1-q3-smooth_shared_field-5028,3,frozen_baseline,10,350.0232417,0.000869459006935358,10,1.0,3500.232417,True,
LOCAL-v1-q3-smooth_shared_field-5029,3,frozen_baseline,11,298.43219145454543,0.0009463749593123794,11,1.0,3282.754106,True,
LOCAL-v1-q3-smooth_shared_field-5030,3,frozen_baseline,12,307.44256808333336,0.001121707959100604,12,1.0,3689.310817,True,
LOCAL-v1-q3-smooth_shared_field-5031,3,frozen_baseline,15,243.94811153333333,0.0014392919838428497,15,1.0,3659.221673,True,
LOCAL-v1-q3-smooth_shared_field-5032,3,frozen_baseline,11,350.1863459090909,0.0010556669440120459,11,1.0,3852.049805,True,
LOCAL-v1-q3-smooth_shared_field-5033,3,frozen_baseline,14,306.9503512142857,0.0013928749831393361,14,1.0,4297.304917,True,
LOCAL-v1-q3-smooth_shared_field-5034,3,frozen_baseline,16,254.4102991875,0.0015403340803459287,16,1.0,4070.564787,True,
LOCAL-v1-q3-smooth_shared_field-5035,3,frozen_baseline,10,387.28090940000004,0.0010242500575259328,10,1.0,3872.809094,True,
LOCAL-v1-q3-smooth_shared_field-5036,3,frozen_baseline,15,233.0236758,0.0013250000774860382,15,1.0,3495.355137,True,
LOCAL-v1-q3-smooth_shared_field-5037,3,frozen_baseline,15,287.1695269333333,0.0014248749939724803,15,1.0,4307.542904,True,
LOCAL-v1-q3-smooth_shared_field-5038,3,frozen_baseline,16,251.27944525,0.0014479579403996468,16,1.0,4020.471124,True,
LOCAL-v1-q3-smooth_shared_field-5039,3,frozen_baseline,10,371.1652619,0.0010409579845145345,10,1.0,3711.652619,True,
LOCAL-v1-q3-smooth_shared_field-5040,3,frozen_baseline,15,275.6498479333333,0.001425083028152585,15,1.0,4134.747719,True,
LOCAL-v1-q3-smooth_shared_field-5041,3,frozen_baseline,15,307.7362589333333,0.00125345797277987,15,1.0,4616.043884,True,
LOCAL-v1-q3-smooth_shared_field-5042,3,frozen_baseline,11,318.56218145454545,0.0010365420021116734,11,1.0,3504.183996,True,
LOCAL-v1-q3-smooth_shared_field-5043,3,frozen_baseline,12,329.7412951666667,0.001186041976325214,12,1.0,3956.895542,True,
LOCAL-v1-q3-smooth_shared_field-5044,3,frozen_baseline,11,345.76279018181816,0.001118415966629982,11,1.0,3803.390692,True,
LOCAL-v1-q3-smooth_shared_field-5045,3,frozen_baseline,11,334.02623936363636,0.0011726249940693378,11,1.0,3674.288633,True,
LOCAL-v1-q3-smooth_shared_field-5046,3,frozen_baseline,10,370.71754599999997,0.0011801669606938958,10,1.0,3707.17546,True,
LOCAL-v1-q3-smooth_shared_field-5047,3,frozen_baseline,16,248.18435375,0.0015523340553045273,16,1.0,3970.94966,True,
LOCAL-v1-q3-smooth_shared_field-5048,3,frozen_baseline,12,297.746684,0.0011205000337213278,12,1.0,3572.960208,True,
LOCAL-v1-q3-smooth_shared_field-5049,3,frozen_baseline,10,336.6616107,0.0010071670403704047,10,1.0,3366.616107,True,
LOCAL-v1-q3-smooth_shared_field-5050,3,frozen_baseline,15,282.2087934666667,0.0013368749059736729,15,1.0,4233.131902,True,
LOCAL-v1-q3-smooth_shared_field-5051,3,frozen_baseline,11,297.1335450909091,0.0010470410343259573,11,1.0,3268.468996,True,
LOCAL-v1-q3-smooth_shared_field-5052,3,frozen_baseline,13,304.4458117692308,0.0011875000782310963,13,1.0,3957.795553,True,
LOCAL-v1-q3-smooth_shared_field-5053,3,frozen_baseline,16,260.0127774375,0.001485459040850401,16,1.0,4160.204439,True,
LOCAL-v1-q3-smooth_shared_field-5054,3,frozen_baseline,16,270.03283225,0.0014041248941794038,16,1.0,4320.525316,True,
LOCAL-v1-q3-smooth_shared_field-5055,3,frozen_baseline,12,323.64960966666666,0.0011689170496538281,12,1.0,3883.795316,True,
LOCAL-v1-q3-smooth_shared_field-5056,3,frozen_baseline,13,281.4935939230769,0.0011464999988675117,13,1.0,3659.416721,True,
LOCAL-v1-q3-smooth_shared_field-5057,3,frozen_baseline,13,302.93631700000003,0.0011547079775482416,13,1.0,3938.172121,True,
LOCAL-v1-q3-smooth_shared_field-5058,3,frozen_baseline,14,245.9540875,0.0012743329862132668,14,1.0,3443.357225,True,
LOCAL-v1-q3-smooth_shared_field-5059,3,frozen_baseline,12,334.42280525,0.0012725830310955644,12,1.0,4013.073663,True,
LOCAL-v1-q3-smooth_shared_field-5060,3,frozen_baseline,11,339.36047845454544,0.0011257909936830401,11,1.0,3732.965263,True,
LOCAL-v1-q3-smooth_shared_field-5061,3,frozen_baseline,13,263.6418813846154,0.001236459007486701,13,1.0,3427.344458,True,
LOCAL-v1-q3-smooth_shared_field-5062,3,frozen_baseline,16,269.8550554375,0.001444916008040309,16,1.0,4317.680887,True,
LOCAL-v1-q3-smooth_shared_field-5063,3,frozen_baseline,15,281.87992786666666,0.0014701250474900007,15,1.0,4228.198918,True,
LOCAL-v1-q3-smooth_shared_field-5064,3,frozen_baseline,13,313.41884323076926,0.0011865830747410655,13,1.0,4074.444962,True,
LOCAL-v1-q3-smooth_shared_field-5065,3,frozen_baseline,12,316.8194869166667,0.001174334087409079,12,1.0,3801.833843,True,
LOCAL-v1-q3-smooth_shared_field-5066,3,frozen_baseline,10,388.98694650000004,0.0010247079189866781,10,1.0,3889.869465,True,
LOCAL-v1-q3-smooth_shared_field-5067,3,frozen_baseline,16,259.825928,0.0015558330342173576,16,1.0,4157.214848,True,
LOCAL-v1-q3-smooth_shared_field-5068,3,frozen_baseline,13,282.3327137692308,0.0011718329042196274,13,1.0,3670.325279,True,
LOCAL-v1-q3-smooth_shared_field-5069,3,frozen_baseline,14,290.7970747857143,0.0014857909409329295,14,1.0,4071.159047,True,
LOCAL-v1-q3-smooth_shared_field-5070,3,frozen_baseline,12,329.17901524999996,0.001335499924607575,12,1.0,3950.148183,True,
LOCAL-v1-q3-smooth_shared_field-5071,3,frozen_baseline,12,308.34032241666665,0.0011784590315073729,12,1.0,3700.083869,True,
LOCAL-v1-q3-smooth_shared_field-5072,3,frozen_baseline,15,263.1792782,0.0013761670561507344,15,1.0,3947.689173,True,
LOCAL-v1-q3-smooth_shared_field-5073,3,frozen_baseline,10,354.8160803,0.001056542037986219,10,1.0,3548.160803,True,
LOCAL-v1-q3-smooth_shared_field-5074,3,frozen_baseline,16,249.184794625,0.0014472909970209002,16,1.0,3986.956714,True,
LOCAL-v1-q3-smooth_shared_field-5075,3,frozen_baseline,15,270.2031786,0.0014896249631419778,15,1.0,4053.047679,True,
LOCAL-v1-q3-smooth_shared_field-5076,3,frozen_baseline,12,309.33931925,0.0012366250157356262,12,1.0,3712.071831,True,
LOCAL-v1-q3-smooth_shared_field-5077,3,frozen_baseline,14,297.9235165714286,0.001384416944347322,14,1.0,4170.929232,True,
LOCAL-v1-q3-smooth_shared_field-5078,3,frozen_baseline,13,270.8225135384615,0.0012579170288518071,13,1.0,3520.692676,True,
LOCAL-v1-q3-smooth_shared_field-5079,3,frozen_baseline,10,371.2509055,0.0010679999832063913,10,1.0,3712.509055,True,
LOCAL-v1-q3-smooth_shared_field-5080,3,frozen_baseline,10,340.2417972,0.0009742499096319079,10,1.0,3402.417972,True,
LOCAL-v1-q3-smooth_shared_field-5081,3,frozen_baseline,16,255.6817505625,0.001471041003242135,16,1.0,4090.908009,True,
LOCAL-v1-q3-smooth_shared_field-5082,3,frozen_baseline,13,308.2578161538462,0.0011812499724328518,13,1.0,4007.35161,True,
LOCAL-v1-q3-smooth_shared_field-5083,3,frozen_baseline,13,309.2363563076923,0.0013853749260306358,13,1.0,4020.072632,True,
LOCAL-v1-q3-smooth_shared_field-5084,3,frozen_baseline,14,304.72414478571426,0.001437708968296647,14,1.0,4266.138027,True,
LOCAL-v1-q3-smooth_shared_field-5085,3,frozen_baseline,15,310.96646913333336,0.0014847080456092954,15,1.0,4664.497037,True,
LOCAL-v1-q3-smooth_shared_field-5086,3,frozen_baseline,12,306.027273,0.0011928750900551677,12,1.0,3672.327276,True,
LOCAL-v1-q3-smooth_shared_field-5087,3,frozen_baseline,13,301.0283222307692,0.0014268329832702875,13,1.0,3913.368189,True,
LOCAL-v1-q3-smooth_shared_field-5088,3,frozen_baseline,16,218.611081,0.001552834059111774,16,1.0,3497.777296,True,
LOCAL-v1-q3-smooth_shared_field-5089,3,frozen_baseline,15,286.5362447333334,0.0016571249580010772,15,1.0,4298.043671,True,
LOCAL-v1-q3-smooth_shared_field-5090,3,frozen_baseline,14,278.161269,0.0015867500333115458,14,1.0,3894.257766,True,
LOCAL-v1-q3-smooth_shared_field-5091,3,frozen_baseline,12,306.53245975,0.0011513750068843365,12,1.0,3678.389517,True,
LOCAL-v1-q3-smooth_shared_field-5092,3,frozen_baseline,11,328.2956816363636,0.0013302919687703252,11,1.0,3611.252498,True,
LOCAL-v1-q3-smooth_shared_field-5093,3,frozen_baseline,15,263.6159444,0.0013831669930368662,15,1.0,3954.239166,True,
LOCAL-v1-q3-smooth_shared_field-5094,3,frozen_baseline,11,335.61814636363636,0.0010788330109789968,11,1.0,3691.79961,True,
LOCAL-v1-q3-smooth_shared_field-5095,3,frozen_baseline,10,326.59105450000004,0.0011142910225316882,10,1.0,3265.910545,True,
LOCAL-v1-q3-smooth_shared_field-5096,3,frozen_baseline,14,310.73258864285714,0.0012787500163540244,14,1.0,4350.256241,True,
LOCAL-v1-q3-smooth_shared_field-5097,3,frozen_baseline,13,269.20869846153846,0.0011125419987365603,13,1.0,3499.71308,True,
LOCAL-v1-q3-smooth_shared_field-5098,3,frozen_baseline,16,255.915696875,0.0016448339447379112,16,1.0,4094.65115,True,
LOCAL-v1-q3-smooth_shared_field-5099,3,frozen_baseline,13,305.02362253846155,0.0012582080671563745,13,1.0,3965.307093,True,
LOCAL-v1-q3-cell50_shared_field-5000,3,frozen_baseline,11,298.36938436363636,0.0011753329308703542,11,1.0,3282.063228,True,
LOCAL-v1-q3-cell50_shared_field-5001,3,frozen_baseline,14,271.2325697142857,0.0015178329776972532,14,1.0,3797.255976,True,
LOCAL-v1-q3-cell50_shared_field-5002,3,frozen_baseline,15,253.28510713333333,0.0014852499589323997,15,1.0,3799.276607,True,
LOCAL-v1-q3-cell50_shared_field-5003,3,frozen_baseline,11,326.11738963636367,0.0011570421047508717,11,1.0,3587.291286,True,
LOCAL-v1-q3-cell50_shared_field-5004,3,frozen_baseline,12,330.09366358333335,0.0011613330570980906,12,1.0,3961.123963,True,
LOCAL-v1-q3-cell50_shared_field-5005,3,frozen_baseline,11,325.35488563636363,0.0011519590625539422,11,1.0,3578.903742,True,
LOCAL-v1-q3-cell50_shared_field-5006,3,frozen_baseline,11,338.8248244545455,0.0011353750014677644,11,1.0,3727.073069,True,
LOCAL-v1-q3-cell50_shared_field-5007,3,frozen_baseline,11,339.0080939090909,0.0010430410038679838,11,1.0,3729.089033,True,
LOCAL-v1-q3-cell50_shared_field-5008,3,frozen_baseline,10,348.39802249999997,0.001163374981842935,10,1.0,3483.980225,True,
LOCAL-v1-q3-cell50_shared_field-5009,3,frozen_baseline,14,287.4902102142857,0.0013090000720694661,14,1.0,4024.862943,True,
LOCAL-v1-q3-cell50_shared_field-5010,3,frozen_baseline,12,329.5571821666667,0.0012376250233501196,12,1.0,3954.686186,True,
LOCAL-v1-q3-cell50_shared_field-5011,3,frozen_baseline,15,283.04561946666666,0.0015382500132545829,15,1.0,4245.684292,True,
LOCAL-v1-q3-cell50_shared_field-5012,3,frozen_baseline,10,355.7560413,0.0010246250312775373,10,1.0,3557.560413,True,
LOCAL-v1-q3-cell50_shared_field-5013,3,frozen_baseline,12,296.26149525,0.0012139580212533474,12,1.0,3555.137943,True,
LOCAL-v1-q3-cell50_shared_field-5014,3,frozen_baseline,11,334.71441336363637,0.0011643340112641454,11,1.0,3681.858547,True,
LOCAL-v1-q3-cell50_shared_field-5015,3,frozen_baseline,12,344.85270741666665,0.0011815830366685987,12,1.0,4138.232489,True,
LOCAL-v1-q3-cell50_shared_field-5016,3,frozen_baseline,16,258.237636,0.0016058749752119184,16,1.0,4131.802176,True,
LOCAL-v1-q3-cell50_shared_field-5017,3,frozen_baseline,15,255.28504926666668,0.0013572080060839653,15,1.0,3829.275739,True,
LOCAL-v1-q3-cell50_shared_field-5018,3,frozen_baseline,10,357.26311150000004,0.000983125064522028,10,1.0,3572.631115,True,
LOCAL-v1-q3-cell50_shared_field-5019,3,frozen_baseline,11,345.4908312727273,0.001258083968423307,11,1.0,3800.399144,True,
LOCAL-v1-q3-cell50_shared_field-5020,3,frozen_baseline,16,265.7170591875,0.001489125075750053,16,1.0,4251.472947,True,
LOCAL-v1-q3-cell50_shared_field-5021,3,frozen_baseline,14,253.77988835714285,0.0012888750061392784,14,1.0,3552.918437,True,
LOCAL-v1-q3-cell50_shared_field-5022,3,frozen_baseline,14,282.7809624285714,0.0012950839009135962,14,1.0,3958.933474,True,
LOCAL-v1-q3-cell50_shared_field-5023,3,frozen_baseline,15,271.4711958,0.0013101249933242798,15,1.0,4072.067937,True,
LOCAL-v1-q3-cell50_shared_field-5024,3,frozen_baseline,13,347.47822761538464,0.0012324999552220106,13,1.0,4517.216959,True,
LOCAL-v1-q3-cell50_shared_field-5025,3,frozen_baseline,12,313.75078191666665,0.001158999977633357,12,1.0,3765.009383,True,
LOCAL-v1-q3-cell50_shared_field-5026,3,frozen_baseline,15,285.7652616666667,0.001408332958817482,15,1.0,4286.478925,True,
LOCAL-v1-q3-cell50_shared_field-5027,3,frozen_baseline,11,297.3170787272727,0.001082667033188045,11,1.0,3270.487866,True,
LOCAL-v1-q3-cell50_shared_field-5028,3,frozen_baseline,10,352.6073377,0.0009072499815374613,10,1.0,3526.073377,True,
LOCAL-v1-q3-cell50_shared_field-5029,3,frozen_baseline,11,324.10750818181816,0.001041417010128498,11,1.0,3565.18259,True,
LOCAL-v1-q3-cell50_shared_field-5030,3,frozen_baseline,12,318.92251516666664,0.0011397919151932001,12,1.0,3827.070182,True,
LOCAL-v1-q3-cell50_shared_field-5031,3,frozen_baseline,15,291.39767546666667,0.0014005829580128193,15,1.0,4370.965132,True,
LOCAL-v1-q3-cell50_shared_field-5032,3,frozen_baseline,11,350.84046245454545,0.00103554199449718,11,1.0,3859.245087,True,
LOCAL-v1-q3-cell50_shared_field-5033,3,frozen_baseline,14,285.4623106428572,0.0013911660062149167,14,1.0,3996.472349,True,
LOCAL-v1-q3-cell50_shared_field-5034,3,frozen_baseline,16,263.8931980625,0.001780542079359293,16,1.0,4222.291169,True,
LOCAL-v1-q3-cell50_shared_field-5035,3,frozen_baseline,10,382.2838421,0.0010162090184167027,10,1.0,3822.838421,True,
LOCAL-v1-q3-cell50_shared_field-5036,3,frozen_baseline,15,228.14955206666667,0.001386042102240026,15,1.0,3422.243281,True,
LOCAL-v1-q3-cell50_shared_field-5037,3,frozen_baseline,15,288.8945074,0.0014851249288767576,15,1.0,4333.417611,True,
LOCAL-v1-q3-cell50_shared_field-5038,3,frozen_baseline,16,251.67739175,0.0014450419694185257,16,1.0,4026.838268,True,
LOCAL-v1-q3-cell50_shared_field-5039,3,frozen_baseline,10,362.80484889999997,0.0010233339853584766,10,1.0,3628.048489,True,
LOCAL-v1-q3-cell50_shared_field-5040,3,frozen_baseline,15,280.48287246666666,0.0014333749422803521,15,1.0,4207.243087,True,
LOCAL-v1-q3-cell50_shared_field-5041,3,frozen_baseline,15,297.74390926666666,0.0012923330068588257,15,1.0,4466.158639,True,
LOCAL-v1-q3-cell50_shared_field-5042,3,frozen_baseline,11,317.96104,0.0010670420015230775,11,1.0,3497.57144,True,
LOCAL-v1-q3-cell50_shared_field-5043,3,frozen_baseline,12,329.0854483333333,0.0013116670306771994,12,1.0,3949.02538,True,
LOCAL-v1-q3-cell50_shared_field-5044,3,frozen_baseline,11,348.4366601818182,0.001192708034068346,11,1.0,3832.803262,True,
LOCAL-v1-q3-cell50_shared_field-5045,3,frozen_baseline,11,314.5567510909091,0.0010578340152278543,11,1.0,3460.124262,True,
LOCAL-v1-q3-cell50_shared_field-5046,3,frozen_baseline,10,367.87566860000004,0.0010876670712605119,10,1.0,3678.756686,True,
LOCAL-v1-q3-cell50_shared_field-5047,3,frozen_baseline,16,251.6686890625,0.0015475000254809856,16,1.0,4026.699025,True,
LOCAL-v1-q3-cell50_shared_field-5048,3,frozen_baseline,12,296.5783608333333,0.0011560419807210565,12,1.0,3558.94033,True,
LOCAL-v1-q3-cell50_shared_field-5049,3,frozen_baseline,10,326.11556989999997,0.0010399160673841834,10,1.0,3261.155699,True,
LOCAL-v1-q3-cell50_shared_field-5050,3,frozen_baseline,15,290.297465,0.0015193329891189933,15,1.0,4354.461975,True,
LOCAL-v1-q3-cell50_shared_field-5051,3,frozen_baseline,11,296.92102836363637,0.0010552500607445836,11,1.0,3266.131312,True,
LOCAL-v1-q3-cell50_shared_field-5052,3,frozen_baseline,13,310.51423553846155,0.0013368339277803898,13,1.0,4036.685062,True,
LOCAL-v1-q3-cell50_shared_field-5053,3,frozen_baseline,16,254.97305925,0.001386375050060451,16,1.0,4079.568948,True,
LOCAL-v1-q3-cell50_shared_field-5054,3,frozen_baseline,16,278.642961125,0.0015572920674458146,16,1.0,4458.287378,True,
LOCAL-v1-q3-cell50_shared_field-5055,3,frozen_baseline,12,324.28826641666666,0.0012303339317440987,12,1.0,3891.459197,True,
LOCAL-v1-q3-cell50_shared_field-5056,3,frozen_baseline,13,278.63861623076923,0.001170082949101925,13,1.0,3622.302011,True,
LOCAL-v1-q3-cell50_shared_field-5057,3,frozen_baseline,13,306.89177584615385,0.001227332977578044,13,1.0,3989.593086,True,
LOCAL-v1-q3-cell50_shared_field-5058,3,frozen_baseline,14,268.27268664285714,0.0012860409915447235,14,1.0,3755.817613,True,
LOCAL-v1-q3-cell50_shared_field-5059,3,frozen_baseline,12,295.52984183333336,0.0011717090383172035,12,1.0,3546.358102,True,
LOCAL-v1-q3-cell50_shared_field-5060,3,frozen_baseline,11,340.9226951818182,0.0010858330642804503,11,1.0,3750.149647,True,
LOCAL-v1-q3-cell50_shared_field-5061,3,frozen_baseline,13,253.53546546153848,0.00113062490709126,13,1.0,3295.961051,True,
LOCAL-v1-q3-cell50_shared_field-5062,3,frozen_baseline,16,266.909432375,0.0014125000452622771,16,1.0,4270.550918,True,
LOCAL-v1-q3-cell50_shared_field-5063,3,frozen_baseline,15,278.6333706666667,0.0013136669294908643,15,1.0,4179.50056,True,
LOCAL-v1-q3-cell50_shared_field-5064,3,frozen_baseline,13,312.0757066153846,0.0011591670336201787,13,1.0,4056.984186,True,
LOCAL-v1-q3-cell50_shared_field-5065,3,frozen_baseline,12,321.828557,0.0013228749157860875,12,1.0,3861.942684,True,
LOCAL-v1-q3-cell50_shared_field-5066,3,frozen_baseline,10,382.6929175,0.0009486670605838299,10,1.0,3826.929175,True,
LOCAL-v1-q3-cell50_shared_field-5067,3,frozen_baseline,16,267.345909125,0.0016517090843990445,16,1.0,4277.534546,True,
LOCAL-v1-q3-cell50_shared_field-5068,3,frozen_baseline,13,276.7203042307692,0.0012092080432921648,13,1.0,3597.363955,True,
LOCAL-v1-q3-cell50_shared_field-5069,3,frozen_baseline,14,307.4522548571428,0.0016296670073643327,14,1.0,4304.331568,True,
LOCAL-v1-q3-cell50_shared_field-5070,3,frozen_baseline,12,323.26758758333335,0.0012503329198807478,12,1.0,3879.211051,True,
LOCAL-v1-q3-cell50_shared_field-5071,3,frozen_baseline,12,314.22612625,0.0011925409780815244,12,1.0,3770.713515,True,
LOCAL-v1-q3-cell50_shared_field-5072,3,frozen_baseline,15,287.21085553333336,0.001341833034530282,15,1.0,4308.162833,True,
LOCAL-v1-q3-cell50_shared_field-5073,3,frozen_baseline,10,369.5619316,0.0010781249729916453,10,1.0,3695.619316,True,
LOCAL-v1-q3-cell50_shared_field-5074,3,frozen_baseline,16,248.7028955625,0.001524958061054349,16,1.0,3979.246329,True,
LOCAL-v1-q3-cell50_shared_field-5075,3,frozen_baseline,15,268.5647441333333,0.001482625026255846,15,1.0,4028.471162,True,
LOCAL-v1-q3-cell50_shared_field-5076,3,frozen_baseline,12,296.90032091666666,0.0013448749668896198,12,1.0,3562.803851,True,
LOCAL-v1-q3-cell50_shared_field-5077,3,frozen_baseline,14,318.8244065,0.001390333054587245,14,1.0,4463.541691,True,
LOCAL-v1-q3-cell50_shared_field-5078,3,frozen_baseline,13,270.6235216923077,0.001205208944156766,13,1.0,3518.105782,True,
LOCAL-v1-q3-cell50_shared_field-5079,3,frozen_baseline,10,329.2094143,0.0012112499680370092,10,1.0,3292.094143,True,
LOCAL-v1-q3-cell50_shared_field-5080,3,frozen_baseline,10,333.2837171,0.0009490830125287175,10,1.0,3332.837171,True,
LOCAL-v1-q3-cell50_shared_field-5081,3,frozen_baseline,16,256.205755875,0.0013419999741017818,16,1.0,4099.292094,True,
LOCAL-v1-q3-cell50_shared_field-5082,3,frozen_baseline,13,297.01932630769227,0.001213249983265996,13,1.0,3861.251242,True,
LOCAL-v1-q3-cell50_shared_field-5083,3,frozen_baseline,13,313.75437976923075,0.0013694999506697059,13,1.0,4078.806937,True,
LOCAL-v1-q3-cell50_shared_field-5084,3,frozen_baseline,14,319.39957357142856,0.0013560829684138298,14,1.0,4471.59403,True,
LOCAL-v1-q3-cell50_shared_field-5085,3,frozen_baseline,15,301.75275193333334,0.0014294999418780208,15,1.0,4526.291279,True,
LOCAL-v1-q3-cell50_shared_field-5086,3,frozen_baseline,12,296.28988,0.001120291999541223,12,1.0,3555.47856,True,
LOCAL-v1-q3-cell50_shared_field-5087,3,frozen_baseline,13,285.29685407692307,0.0012507500359788537,13,1.0,3708.859103,True,
LOCAL-v1-q3-cell50_shared_field-5088,3,frozen_baseline,16,220.6481136875,0.0015387909952551126,16,1.0,3530.369819,True,
LOCAL-v1-q3-cell50_shared_field-5089,3,frozen_baseline,15,310.7493512,0.0015316250501200557,15,1.0,4661.240268,True,
LOCAL-v1-q3-cell50_shared_field-5090,3,frozen_baseline,14,287.0276317857143,0.0016229170141741633,14,1.0,4018.386845,True,
LOCAL-v1-q3-cell50_shared_field-5091,3,frozen_baseline,12,299.53763166666664,0.0011709589743986726,12,1.0,3594.45158,True,
LOCAL-v1-q3-cell50_shared_field-5092,3,frozen_baseline,11,304.11210772727276,0.0010985839180648327,11,1.0,3345.233185,True,
LOCAL-v1-q3-cell50_shared_field-5093,3,frozen_baseline,15,265.4635116,0.0014443749096244574,15,1.0,3981.952674,True,
LOCAL-v1-q3-cell50_shared_field-5094,3,frozen_baseline,11,343.321434,0.0011578749399632215,11,1.0,3776.535774,True,
LOCAL-v1-q3-cell50_shared_field-5095,3,frozen_baseline,10,324.5903157,0.0011917080264538527,10,1.0,3245.903157,True,
LOCAL-v1-q3-cell50_shared_field-5096,3,frozen_baseline,14,317.743328,0.0012785420985892415,14,1.0,4448.406592,True,
LOCAL-v1-q3-cell50_shared_field-5097,3,frozen_baseline,13,269.4126916923077,0.0011436659842729568,13,1.0,3502.364992,True,
LOCAL-v1-q3-cell50_shared_field-5098,3,frozen_baseline,16,249.8779655,0.0014545000158250332,16,1.0,3998.047448,True,
LOCAL-v1-q3-cell50_shared_field-5099,3,frozen_baseline,13,304.2191285384616,0.0011797499610111117,13,1.0,3954.848671,True,
LOCAL-v1-q3-cell500_shared_field-5000,3,frozen_baseline,11,316.61626609090905,0.0011157910339534283,11,1.0,3482.778927,True,
LOCAL-v1-q3-cell500_shared_field-5001,3,frozen_baseline,14,269.7933572857143,0.0014156249817460775,14,1.0,3777.107002,True,
LOCAL-v1-q3-cell500_shared_field-5002,3,frozen_baseline,15,273.5053620666667,0.0013988330028951168,15,1.0,4102.580431,True,
LOCAL-v1-q3-cell500_shared_field-5003,3,frozen_baseline,11,322.4569901818182,0.0010987919522449374,11,1.0,3547.026892,True,
LOCAL-v1-q3-cell500_shared_field-5004,3,frozen_baseline,12,328.77921258333333,0.0011606670450419188,12,1.0,3945.350551,True,
LOCAL-v1-q3-cell500_shared_field-5005,3,frozen_baseline,11,330.51634345454545,0.0011138749541714787,11,1.0,3635.679778,True,
LOCAL-v1-q3-cell500_shared_field-5006,3,frozen_baseline,11,343.02458854545455,0.0010668749455362558,11,1.0,3773.270474,True,
LOCAL-v1-q3-cell500_shared_field-5007,3,frozen_baseline,11,341.7434209090909,0.0010247910395264626,11,1.0,3759.17763,True,
LOCAL-v1-q3-cell500_shared_field-5008,3,frozen_baseline,10,344.1213621,0.001063374918885529,10,1.0,3441.213621,True,
LOCAL-v1-q3-cell500_shared_field-5009,3,frozen_baseline,14,282.98245657142854,0.0013332500820979476,14,1.0,3961.754392,True,
LOCAL-v1-q3-cell500_shared_field-5010,3,frozen_baseline,12,322.3275546666667,0.0011226660571992397,12,1.0,3867.930656,True,
LOCAL-v1-q3-cell500_shared_field-5011,3,frozen_baseline,15,305.6592702666667,0.0013916250318288803,15,1.0,4584.889054,True,
LOCAL-v1-q3-cell500_shared_field-5012,3,frozen_baseline,10,353.8056523,0.0009083750192075968,10,1.0,3538.056523,True,
LOCAL-v1-q3-cell500_shared_field-5013,3,frozen_baseline,12,299.1783145,0.001263833953998983,12,1.0,3590.139774,True,
LOCAL-v1-q3-cell500_shared_field-5014,3,frozen_baseline,11,337.68271263636365,0.0011392909800633788,11,1.0,3714.509839,True,
LOCAL-v1-q3-cell500_shared_field-5015,3,frozen_baseline,12,301.10399575,0.001204166910611093,12,1.0,3613.247949,True,
LOCAL-v1-q3-cell500_shared_field-5016,3,frozen_baseline,16,256.903664875,0.0015514999395236373,16,1.0,4110.458638,True,
LOCAL-v1-q3-cell500_shared_field-5017,3,frozen_baseline,15,259.39803259999996,0.0013463340001180768,15,1.0,3890.970489,True,
LOCAL-v1-q3-cell500_shared_field-5018,3,frozen_baseline,10,357.0899127,0.0009919999865815043,10,1.0,3570.899127,True,
LOCAL-v1-q3-cell500_shared_field-5019,3,frozen_baseline,11,345.1001866363636,0.0010972090531140566,11,1.0,3796.102053,True,
LOCAL-v1-q3-cell500_shared_field-5020,3,frozen_baseline,16,269.036267125,0.0015385840088129044,16,1.0,4304.580274,True,
LOCAL-v1-q3-cell500_shared_field-5021,3,frozen_baseline,14,256.53237014285713,0.0012998749734833837,14,1.0,3591.453182,True,
LOCAL-v1-q3-cell500_shared_field-5022,3,frozen_baseline,14,271.96821892857145,0.0012609169352799654,14,1.0,3807.555065,True,
LOCAL-v1-q3-cell500_shared_field-5023,3,frozen_baseline,15,269.5890880666667,0.001358125009573996,15,1.0,4043.836321,True,
LOCAL-v1-q3-cell500_shared_field-5024,3,frozen_baseline,13,345.7390000769231,0.001223083003424108,13,1.0,4494.607001,True,
LOCAL-v1-q3-cell500_shared_field-5025,3,frozen_baseline,12,316.21661766666665,0.0011918750824406743,12,1.0,3794.599412,True,
LOCAL-v1-q3-cell500_shared_field-5026,3,frozen_baseline,15,289.8392752666667,0.001397875021211803,15,1.0,4347.589129,True,
LOCAL-v1-q3-cell500_shared_field-5027,3,frozen_baseline,11,294.4752469090909,0.0010584580013528466,11,1.0,3239.227716,True,
LOCAL-v1-q3-cell500_shared_field-5028,3,frozen_baseline,10,349.13764000000003,0.0008517500245943666,10,1.0,3491.3764,True,
LOCAL-v1-q3-cell500_shared_field-5029,3,frozen_baseline,11,296.9575082727273,0.0009326250292360783,11,1.0,3266.532591,True,
LOCAL-v1-q3-cell500_shared_field-5030,3,frozen_baseline,12,312.09811125,0.0011250419775024056,12,1.0,3745.177335,True,
LOCAL-v1-q3-cell500_shared_field-5031,3,frozen_baseline,15,276.9061418666667,0.001333917025476694,15,1.0,4153.592128,True,
LOCAL-v1-q3-cell500_shared_field-5032,3,frozen_baseline,11,349.2139949090909,0.0010864170035347342,11,1.0,3841.353944,True,
LOCAL-v1-q3-cell500_shared_field-5033,3,frozen_baseline,14,284.58027185714286,0.001375459018163383,14,1.0,3984.123806,True,
LOCAL-v1-q3-cell500_shared_field-5034,3,frozen_baseline,16,250.2126965,0.0017220420995727181,16,1.0,4003.403144,True,
LOCAL-v1-q3-cell500_shared_field-5035,3,frozen_baseline,10,397.3530511,0.0010712920920923352,10,1.0,3973.530511,True,
LOCAL-v1-q3-cell500_shared_field-5036,3,frozen_baseline,15,227.99638586666666,0.0013616250362247229,15,1.0,3419.945788,True,
LOCAL-v1-q3-cell500_shared_field-5037,3,frozen_baseline,15,280.61482713333334,0.0014919170644134283,15,1.0,4209.222407,True,
LOCAL-v1-q3-cell500_shared_field-5038,3,frozen_baseline,16,281.486513125,0.0016029999824240804,16,1.0,4503.78421,True,
LOCAL-v1-q3-cell500_shared_field-5039,3,frozen_baseline,10,363.5188579,0.0009950000094249845,10,1.0,3635.188579,True,
LOCAL-v1-q3-cell500_shared_field-5040,3,frozen_baseline,15,271.5556009333333,0.001328249927610159,15,1.0,4073.334014,True,
LOCAL-v1-q3-cell500_shared_field-5041,3,frozen_baseline,15,296.6652890666667,0.0012600000482052565,15,1.0,4449.979336,True,
LOCAL-v1-q3-cell500_shared_field-5042,3,frozen_baseline,11,315.3238837272727,0.0009940839372575283,11,1.0,3468.562721,True,
LOCAL-v1-q3-cell500_shared_field-5043,3,frozen_baseline,12,328.80436791666665,0.0012629160191863775,12,1.0,3945.652415,True,
LOCAL-v1-q3-cell500_shared_field-5044,3,frozen_baseline,11,356.1091037272727,0.0011997499968856573,11,1.0,3917.200141,True,
LOCAL-v1-q3-cell500_shared_field-5045,3,frozen_baseline,11,312.2698442727273,0.0010417499579489231,11,1.0,3434.968287,True,
LOCAL-v1-q3-cell500_shared_field-5046,3,frozen_baseline,10,369.5887555,0.0011594579555094242,10,1.0,3695.887555,True,
LOCAL-v1-q3-cell500_shared_field-5047,3,frozen_baseline,16,251.4735885625,0.0014938749372959137,16,1.0,4023.577417,True,
LOCAL-v1-q3-cell500_shared_field-5048,3,frozen_baseline,12,298.9069366666667,0.0011799170169979334,12,1.0,3586.88324,True,
LOCAL-v1-q3-cell500_shared_field-5049,3,frozen_baseline,10,315.08839090000004,0.000953375012613833,10,1.0,3150.883909,True,
LOCAL-v1-q3-cell500_shared_field-5050,3,frozen_baseline,15,290.30435113333334,0.0014740829356014729,15,1.0,4354.565267,True,
LOCAL-v1-q3-cell500_shared_field-5051,3,frozen_baseline,11,298.12313927272726,0.0010275000240653753,11,1.0,3279.354532,True,
LOCAL-v1-q3-cell500_shared_field-5052,3,frozen_baseline,13,304.8139676923077,0.0011675419518724084,13,1.0,3962.58158,True,
LOCAL-v1-q3-cell500_shared_field-5053,3,frozen_baseline,16,255.0888904375,0.0014535830123350024,16,1.0,4081.422247,True,
LOCAL-v1-q3-cell500_shared_field-5054,3,frozen_baseline,16,271.3230320625,0.0013780839508399367,16,1.0,4341.168513,True,
LOCAL-v1-q3-cell500_shared_field-5055,3,frozen_baseline,12,324.05347075000003,0.001260792021639645,12,1.0,3888.641649,True,
LOCAL-v1-q3-cell500_shared_field-5056,3,frozen_baseline,13,282.8794404615385,0.0011789159616455436,13,1.0,3677.432726,True,
LOCAL-v1-q3-cell500_shared_field-5057,3,frozen_baseline,13,307.98711492307694,0.0012159999459981918,13,1.0,4003.832494,True,
LOCAL-v1-q3-cell500_shared_field-5058,3,frozen_baseline,14,264.97465764285715,0.0012320419773459435,14,1.0,3709.645207,True,
LOCAL-v1-q3-cell500_shared_field-5059,3,frozen_baseline,12,325.09958716666665,0.0012283331016078591,12,1.0,3901.195046,True,
LOCAL-v1-q3-cell500_shared_field-5060,3,frozen_baseline,11,336.042823,0.001127874944359064,11,1.0,3696.471053,True,
LOCAL-v1-q3-cell500_shared_field-5061,3,frozen_baseline,13,252.0712646923077,0.0010700420243665576,13,1.0,3276.926441,True,
LOCAL-v1-q3-cell500_shared_field-5062,3,frozen_baseline,16,267.2827444375,0.0014786249957978725,16,1.0,4276.523911,True,
LOCAL-v1-q3-cell500_shared_field-5063,3,frozen_baseline,15,279.0072065333333,0.0013255839003250003,15,1.0,4185.108098,True,
LOCAL-v1-q3-cell500_shared_field-5064,3,frozen_baseline,13,290.56843915384616,0.0011720829643309116,13,1.0,3777.389709,True,
LOCAL-v1-q3-cell500_shared_field-5065,3,frozen_baseline,12,322.31151958333334,0.0012910000514239073,12,1.0,3867.738235,True,
LOCAL-v1-q3-cell500_shared_field-5066,3,frozen_baseline,10,380.9023827,0.0009472079109400511,10,1.0,3809.023827,True,
LOCAL-v1-q3-cell500_shared_field-5067,3,frozen_baseline,16,256.92311625,0.0014545000158250332,16,1.0,4110.76986,True,
LOCAL-v1-q3-cell500_shared_field-5068,3,frozen_baseline,13,276.9824813076923,0.0012418330879881978,13,1.0,3600.772257,True,
LOCAL-v1-q3-cell500_shared_field-5069,3,frozen_baseline,14,297.34344578571427,0.0015047909691929817,14,1.0,4162.808241,True,
LOCAL-v1-q3-cell500_shared_field-5070,3,frozen_baseline,12,325.7261144166667,0.0013245830778032541,12,1.0,3908.713373,True,
LOCAL-v1-q3-cell500_shared_field-5071,3,frozen_baseline,12,314.29764258333336,0.0012467080960050225,12,1.0,3771.571711,True,
LOCAL-v1-q3-cell500_shared_field-5072,3,frozen_baseline,15,265.173994,0.0015961669851094484,15,1.0,3977.60991,True,
LOCAL-v1-q3-cell500_shared_field-5073,3,frozen_baseline,10,369.4211159,0.0010510000865906477,10,1.0,3694.211159,True,
LOCAL-v1-q3-cell500_shared_field-5074,3,frozen_baseline,16,245.7793864375,0.0015541668981313705,16,1.0,3932.470183,True,
LOCAL-v1-q3-cell500_shared_field-5075,3,frozen_baseline,15,268.9762372,0.00136674998793751,15,1.0,4034.643558,True,
LOCAL-v1-q3-cell500_shared_field-5076,3,frozen_baseline,12,292.5663621666667,0.0013432499254122376,12,1.0,3510.796346,True,
LOCAL-v1-q3-cell500_shared_field-5077,3,frozen_baseline,14,314.9400787857143,0.0013875419972464442,14,1.0,4409.161103,True,
LOCAL-v1-q3-cell500_shared_field-5078,3,frozen_baseline,13,269.991195,0.00128454202786088,13,1.0,3509.885535,True,
LOCAL-v1-q3-cell500_shared_field-5079,3,frozen_baseline,10,323.3558664,0.001115166931413114,10,1.0,3233.558664,True,
LOCAL-v1-q3-cell500_shared_field-5080,3,frozen_baseline,10,341.0494338,0.0010601250687614083,10,1.0,3410.494338,True,
LOCAL-v1-q3-cell500_shared_field-5081,3,frozen_baseline,16,257.17001525,0.0014540840638801455,16,1.0,4114.720244,True,
LOCAL-v1-q3-cell500_shared_field-5082,3,frozen_baseline,13,305.03179061538464,0.001211749971844256,13,1.0,3965.413278,True,
LOCAL-v1-q3-cell500_shared_field-5083,3,frozen_baseline,13,321.98168923076923,0.0013121250085532665,13,1.0,4185.76196,True,
LOCAL-v1-q3-cell500_shared_field-5084,3,frozen_baseline,14,304.71826400000003,0.0013170840684324503,14,1.0,4266.055696,True,
LOCAL-v1-q3-cell500_shared_field-5085,3,frozen_baseline,15,292.1528522,0.001372791943140328,15,1.0,4382.292783,True,
LOCAL-v1-q3-cell500_shared_field-5086,3,frozen_baseline,12,297.0460384166667,0.0011671249521896243,12,1.0,3564.552461,True,
LOCAL-v1-q3-cell500_shared_field-5087,3,frozen_baseline,13,293.3980166153846,0.001359958085231483,13,1.0,3814.174216,True,
LOCAL-v1-q3-cell500_shared_field-5088,3,frozen_baseline,16,219.51712575,0.0015171250561252236,16,1.0,3512.274012,True,
LOCAL-v1-q3-cell500_shared_field-5089,3,frozen_baseline,15,308.7056915333333,0.001505000051110983,15,1.0,4630.585373,True,
LOCAL-v1-q3-cell500_shared_field-5090,3,frozen_baseline,14,281.59878535714284,0.0015978339361026883,14,1.0,3942.382995,True,
LOCAL-v1-q3-cell500_shared_field-5091,3,frozen_baseline,12,307.47911633333337,0.0011609590146690607,12,1.0,3689.749396,True,
LOCAL-v1-q3-cell500_shared_field-5092,3,frozen_baseline,11,309.0719012727273,0.0011069579049944878,11,1.0,3399.790914,True,
LOCAL-v1-q3-cell500_shared_field-5093,3,frozen_baseline,15,263.4618442,0.0013293330557644367,15,1.0,3951.927663,True,
LOCAL-v1-q3-cell500_shared_field-5094,3,frozen_baseline,11,341.103515,0.0010882089845836163,11,1.0,3752.138665,True,
LOCAL-v1-q3-cell500_shared_field-5095,3,frozen_baseline,10,319.1802479,0.001151749980635941,10,1.0,3191.802479,True,
LOCAL-v1-q3-cell500_shared_field-5096,3,frozen_baseline,14,316.3444709285714,0.0013657079543918371,14,1.0,4428.822593,True,
LOCAL-v1-q3-cell500_shared_field-5097,3,frozen_baseline,13,265.32474915384614,0.001067750039510429,13,1.0,3449.221739,True,
LOCAL-v1-q3-cell500_shared_field-5098,3,frozen_baseline,16,250.176693,0.0015513329999521375,16,1.0,4002.827088,True,
LOCAL-v1-q3-cell500_shared_field-5099,3,frozen_baseline,13,306.7007273846154,0.0012680840445682406,13,1.0,3987.109456,True,
LOCAL-v1-q3-edge_mixed_min_radius-5000,3,frozen_baseline,11,339.99104518181815,0.0009464999893680215,11,1.0,3739.901497,True,
LOCAL-v1-q3-edge_mixed_min_radius-5001,3,frozen_baseline,14,295.44019614285713,0.0012472079833969474,14,1.0,4136.162746,True,
LOCAL-v1-q3-edge_mixed_min_radius-5002,3,frozen_baseline,15,301.0251404,0.001315833069384098,15,1.0,4515.377106,True,
LOCAL-v1-q3-edge_mixed_min_radius-5003,3,frozen_baseline,11,346.23542236363636,0.0009990419493988156,11,1.0,3808.589646,True,
LOCAL-v1-q3-edge_mixed_min_radius-5004,3,frozen_baseline,12,316.0949738333333,0.0010069579584524035,12,1.0,3793.139686,True,
LOCAL-v1-q3-edge_mixed_min_radius-5005,3,frozen_baseline,11,390.56766227272726,0.0009876249823719263,11,1.0,4296.244285,True,
LOCAL-v1-q3-edge_mixed_min_radius-5006,3,frozen_baseline,11,321.72702681818186,0.0008980840211734176,11,1.0,3538.997295,True,
LOCAL-v1-q3-edge_mixed_min_radius-5007,3,frozen_baseline,11,317.78303327272727,0.000983875012025237,11,1.0,3495.613366,True,
LOCAL-v1-q3-edge_mixed_min_radius-5008,3,frozen_baseline,10,444.8031927,0.0009769999887794256,10,1.0,4448.031927,True,
LOCAL-v1-q3-edge_mixed_min_radius-5009,3,frozen_baseline,14,266.0104939285714,0.001187457935884595,14,1.0,3724.146915,True,
LOCAL-v1-q3-edge_mixed_min_radius-5010,3,frozen_baseline,12,352.9040875,0.0009862079750746489,12,1.0,4234.84905,True,
LOCAL-v1-q3-edge_mixed_min_radius-5011,3,frozen_baseline,15,328.63879579999997,0.0013029170222580433,15,1.0,4929.581937,True,
LOCAL-v1-q3-edge_mixed_min_radius-5012,3,frozen_baseline,10,337.425682,0.0009695000480860472,10,1.0,3374.25682,True,
LOCAL-v1-q3-edge_mixed_min_radius-5013,3,frozen_baseline,12,341.77809391666665,0.001083750044927001,12,1.0,4101.337127,True,
LOCAL-v1-q3-edge_mixed_min_radius-5014,3,frozen_baseline,11,392.399948,0.0010852920822799206,11,1.0,4316.399428,True,
LOCAL-v1-q3-edge_mixed_min_radius-5015,3,frozen_baseline,12,312.7297275,0.0009793330682441592,12,1.0,3752.75673,True,
LOCAL-v1-q3-edge_mixed_min_radius-5016,3,frozen_baseline,16,242.4451745625,0.0013212920166552067,16,1.0,3879.122793,True,
LOCAL-v1-q3-edge_mixed_min_radius-5017,3,frozen_baseline,15,299.6787578,0.00130025006365031,15,1.0,4495.181367,True,
LOCAL-v1-q3-edge_mixed_min_radius-5018,3,frozen_baseline,10,374.3014657,0.0009637919720262289,10,1.0,3743.014657,True,
LOCAL-v1-q3-edge_mixed_min_radius-5019,3,frozen_baseline,11,313.88239672727275,0.0008664170745760202,11,1.0,3452.706364,True,
LOCAL-v1-q3-edge_mixed_min_radius-5020,3,frozen_baseline,16,255.9806079375,0.0012428329791873693,16,1.0,4095.689727,True,
LOCAL-v1-q3-edge_mixed_min_radius-5021,3,frozen_baseline,14,291.3500066428572,0.001248417072929442,14,1.0,4078.900093,True,
LOCAL-v1-q3-edge_mixed_min_radius-5022,3,frozen_baseline,14,267.17348400000003,0.0011454590130597353,14,1.0,3740.428776,True,
LOCAL-v1-q3-edge_mixed_min_radius-5023,3,frozen_baseline,15,304.35871126666666,0.0014355420134961605,15,1.0,4565.380669,True,
LOCAL-v1-q3-edge_mixed_min_radius-5024,3,frozen_baseline,13,303.8509579230769,0.0011691669933497906,13,1.0,3950.062453,True,
LOCAL-v1-q3-edge_mixed_min_radius-5025,3,frozen_baseline,12,346.64113875,0.0010954579338431358,12,1.0,4159.693665,True,
LOCAL-v1-q3-edge_mixed_min_radius-5026,3,frozen_baseline,15,268.3920202,0.0011870419839397073,15,1.0,4025.880303,True,
LOCAL-v1-q3-edge_mixed_min_radius-5027,3,frozen_baseline,11,378.8762802727273,0.0009685000404715538,11,1.0,4167.639083,True,
LOCAL-v1-q3-edge_mixed_min_radius-5028,3,frozen_baseline,10,359.888802,0.0008939590770751238,10,1.0,3598.88802,True,
LOCAL-v1-q3-edge_mixed_min_radius-5029,3,frozen_baseline,11,338.29444954545454,0.0009900419972836971,11,1.0,3721.238945,True,
LOCAL-v1-q3-edge_mixed_min_radius-5030,3,frozen_baseline,12,306.2120604166667,0.000971833011135459,12,1.0,3674.544725,True,
LOCAL-v1-q3-edge_mixed_min_radius-5031,3,frozen_baseline,15,303.0651003333333,0.001277665956877172,15,1.0,4545.976505,True,
LOCAL-v1-q3-edge_mixed_min_radius-5032,3,frozen_baseline,11,318.47432736363635,0.0009230000432580709,11,1.0,3503.217601,True,
LOCAL-v1-q3-edge_mixed_min_radius-5033,3,frozen_baseline,14,307.3807038571428,0.0011819589417427778,14,1.0,4303.329854,True,
LOCAL-v1-q3-edge_mixed_min_radius-5034,3,frozen_baseline,16,275.463067625,0.001332916901446879,16,1.0,4407.409082,True,
LOCAL-v1-q3-edge_mixed_min_radius-5035,3,frozen_baseline,10,348.71499819999997,0.0008995829848572612,10,1.0,3487.149982,True,
LOCAL-v1-q3-edge_mixed_min_radius-5036,3,frozen_baseline,15,302.74371866666667,0.0012487920466810465,15,1.0,4541.15578,True,
LOCAL-v1-q3-edge_mixed_min_radius-5037,3,frozen_baseline,15,281.1176072,0.0012791670160368085,15,1.0,4216.764108,True,
LOCAL-v1-q3-edge_mixed_min_radius-5038,3,frozen_baseline,16,300.149111875,0.0014038330409675837,16,1.0,4802.38579,True,
LOCAL-v1-q3-edge_mixed_min_radius-5039,3,frozen_baseline,10,425.1214952,0.0009535000426694751,10,1.0,4251.214952,True,
LOCAL-v1-q3-edge_mixed_min_radius-5040,3,frozen_baseline,15,261.05152913333336,0.0013100840151309967,15,1.0,3915.772937,True,
LOCAL-v1-q3-edge_mixed_min_radius-5041,3,frozen_baseline,15,260.58166926666667,0.001232834067195654,15,1.0,3908.725039,True,
LOCAL-v1-q3-edge_mixed_min_radius-5042,3,frozen_baseline,11,341.1807236363636,0.0011371669825166464,11,1.0,3752.98796,True,
LOCAL-v1-q3-edge_mixed_min_radius-5043,3,frozen_baseline,12,327.48567833333334,0.0010262499563395977,12,1.0,3929.82814,True,
LOCAL-v1-q3-edge_mixed_min_radius-5044,3,frozen_baseline,11,366.0811809090909,0.0009798750979825854,11,1.0,4026.89299,True,
LOCAL-v1-q3-edge_mixed_min_radius-5045,3,frozen_baseline,11,357.3082601818182,0.0010124159744009376,11,1.0,3930.390862,True,
LOCAL-v1-q3-edge_mixed_min_radius-5046,3,frozen_baseline,10,335.3074548,0.0009295409545302391,10,1.0,3353.074548,True,
LOCAL-v1-q3-edge_mixed_min_radius-5047,3,frozen_baseline,16,335.2628636875,0.0013421670300886035,16,1.0,5364.205819,True,
LOCAL-v1-q3-edge_mixed_min_radius-5048,3,frozen_baseline,12,308.43381841666667,0.0010549590224400163,12,1.0,3701.205821,True,
LOCAL-v1-q3-edge_mixed_min_radius-5049,3,frozen_baseline,10,364.3165892,0.0009370000334456563,10,1.0,3643.165892,True,
LOCAL-v1-q3-edge_mixed_min_radius-5050,3,frozen_baseline,15,269.30552819999997,0.0012825829908251762,15,1.0,4039.582923,True,
LOCAL-v1-q3-edge_mixed_min_radius-5051,3,frozen_baseline,11,406.64855600000004,0.0010181250981986523,11,1.0,4473.134116,True,
LOCAL-v1-q3-edge_mixed_min_radius-5052,3,frozen_baseline,13,285.74130938461536,0.001144499983638525,13,1.0,3714.637022,True,
LOCAL-v1-q3-edge_mixed_min_radius-5053,3,frozen_baseline,16,269.9598995625,0.001334875007160008,16,1.0,4319.358393,True,
LOCAL-v1-q3-edge_mixed_min_radius-5054,3,frozen_baseline,16,251.0221104375,0.0012567080557346344,16,1.0,4016.353767,True,
LOCAL-v1-q3-edge_mixed_min_radius-5055,3,frozen_baseline,12,284.3749235833333,0.0010977920610457659,12,1.0,3412.499083,True,
LOCAL-v1-q3-edge_mixed_min_radius-5056,3,frozen_baseline,13,285.69666361538464,0.0011302499333396554,13,1.0,3714.056627,True,
LOCAL-v1-q3-edge_mixed_min_radius-5057,3,frozen_baseline,13,343.73417569230764,0.0011752500431612134,13,1.0,4468.544284,True,
LOCAL-v1-q3-edge_mixed_min_radius-5058,3,frozen_baseline,14,294.2286537857143,0.0011586250038817525,14,1.0,4119.201153,True,
LOCAL-v1-q3-edge_mixed_min_radius-5059,3,frozen_baseline,12,387.45026608333336,0.0010849579703062773,12,1.0,4649.403193,True,
LOCAL-v1-q3-edge_mixed_min_radius-5060,3,frozen_baseline,11,325.5998394545455,0.0009838329860940576,11,1.0,3581.598234,True,
LOCAL-v1-q3-edge_mixed_min_radius-5061,3,frozen_baseline,13,301.0372066153846,0.001056583016179502,13,1.0,3913.483686,True,
LOCAL-v1-q3-edge_mixed_min_radius-5062,3,frozen_baseline,16,270.5007946875,0.0012894580140709877,16,1.0,4328.012715,True,
LOCAL-v1-q3-edge_mixed_min_radius-5063,3,frozen_baseline,15,324.03253980000005,0.0012652080040425062,15,1.0,4860.488097,True,
LOCAL-v1-q3-edge_mixed_min_radius-5064,3,frozen_baseline,13,350.76063307692306,0.001126458984799683,13,1.0,4559.88823,True,
LOCAL-v1-q3-edge_mixed_min_radius-5065,3,frozen_baseline,12,306.06603675,0.0010111660230904818,12,1.0,3672.792441,True,
LOCAL-v1-q3-edge_mixed_min_radius-5066,3,frozen_baseline,10,411.25853820000003,0.0009817909449338913,10,1.0,4112.585382,True,
LOCAL-v1-q3-edge_mixed_min_radius-5067,3,frozen_baseline,16,303.4158401875,0.0012902909656986594,16,1.0,4854.653443,True,
LOCAL-v1-q3-edge_mixed_min_radius-5068,3,frozen_baseline,13,307.38538261538463,0.001034499960951507,13,1.0,3996.009974,True,
LOCAL-v1-q3-edge_mixed_min_radius-5069,3,frozen_baseline,14,287.50264899999996,0.001186833018437028,14,1.0,4025.037086,True,
LOCAL-v1-q3-edge_mixed_min_radius-5070,3,frozen_baseline,12,332.06480875,0.0011045840801671147,12,1.0,3984.777705,True,
LOCAL-v1-q3-edge_mixed_min_radius-5071,3,frozen_baseline,12,341.2283713333333,0.001057000015862286,12,1.0,4094.740456,True,
LOCAL-v1-q3-edge_mixed_min_radius-5072,3,frozen_baseline,15,267.5926475333333,0.001294707995839417,15,1.0,4013.889713,True,
LOCAL-v1-q3-edge_mixed_min_radius-5073,3,frozen_baseline,10,334.73082519999997,0.000859249965287745,10,1.0,3347.308252,True,
LOCAL-v1-q3-edge_mixed_min_radius-5074,3,frozen_baseline,16,321.7621328125,0.0012745000422000885,16,1.0,5148.194125,True,
LOCAL-v1-q3-edge_mixed_min_radius-5075,3,frozen_baseline,15,259.26603886666663,0.0011253339471295476,15,1.0,3888.990583,True,
LOCAL-v1-q3-edge_mixed_min_radius-5076,3,frozen_baseline,12,324.0303134166667,0.0010802079923450947,12,1.0,3888.363761,True,
LOCAL-v1-q3-edge_mixed_min_radius-5077,3,frozen_baseline,14,293.17445349999997,0.0011719160247594118,14,1.0,4104.442349,True,
LOCAL-v1-q3-edge_mixed_min_radius-5078,3,frozen_baseline,13,292.5034756923077,0.0011639170115813613,13,1.0,3802.545184,True,
LOCAL-v1-q3-edge_mixed_min_radius-5079,3,frozen_baseline,10,383.7292167,0.0009529580129310489,10,1.0,3837.292167,True,
LOCAL-v1-q3-edge_mixed_min_radius-5080,3,frozen_baseline,10,355.9229257,0.0008818750502541661,10,1.0,3559.229257,True,
LOCAL-v1-q3-edge_mixed_min_radius-5081,3,frozen_baseline,16,288.7109273125,0.001364625059068203,16,1.0,4619.374837,True,
LOCAL-v1-q3-edge_mixed_min_radius-5082,3,frozen_baseline,13,315.454031,0.0010800000745803118,13,1.0,4100.902403,True,
LOCAL-v1-q3-edge_mixed_min_radius-5083,3,frozen_baseline,13,317.02968553846154,0.001184582943096757,13,1.0,4121.385912,True,
LOCAL-v1-q3-edge_mixed_min_radius-5084,3,frozen_baseline,14,281.7560805714286,0.001137249986641109,14,1.0,3944.585128,True,
LOCAL-v1-q3-edge_mixed_min_radius-5085,3,frozen_baseline,15,320.2433382,0.0012943330220878124,15,1.0,4803.650073,True,
LOCAL-v1-q3-edge_mixed_min_radius-5086,3,frozen_baseline,12,305.35154074999997,0.001123499940149486,12,1.0,3664.218489,True,
LOCAL-v1-q3-edge_mixed_min_radius-5087,3,frozen_baseline,13,359.17955653846155,0.0011125829769298434,13,1.0,4669.334235,True,
LOCAL-v1-q3-edge_mixed_min_radius-5088,3,frozen_baseline,16,264.52505175,0.0012615829473361373,16,1.0,4232.400828,True,
LOCAL-v1-q3-edge_mixed_min_radius-5089,3,frozen_baseline,15,287.5180124,0.0012199579505249858,15,1.0,4312.770186,True,
LOCAL-v1-q3-edge_mixed_min_radius-5090,3,frozen_baseline,14,282.65667185714284,0.0011538329999893904,14,1.0,3957.193406,True,
LOCAL-v1-q3-edge_mixed_min_radius-5091,3,frozen_baseline,12,316.48176166666667,0.0010813330300152302,12,1.0,3797.78114,True,
LOCAL-v1-q3-edge_mixed_min_radius-5092,3,frozen_baseline,11,330.66109363636366,0.0010915419552475214,11,1.0,3637.27203,True,
LOCAL-v1-q3-edge_mixed_min_radius-5093,3,frozen_baseline,15,285.5641437333333,0.0013497089967131615,15,1.0,4283.462156,True,
LOCAL-v1-q3-edge_mixed_min_radius-5094,3,frozen_baseline,11,341.548721,0.000996417016722262,11,1.0,3757.035931,True,
LOCAL-v1-q3-edge_mixed_min_radius-5095,3,frozen_baseline,10,359.9698653,0.0009579999605193734,10,1.0,3599.698653,True,
LOCAL-v1-q3-edge_mixed_min_radius-5096,3,frozen_baseline,14,283.6629417857143,0.0011957500828430057,14,1.0,3971.281185,True,
LOCAL-v1-q3-edge_mixed_min_radius-5097,3,frozen_baseline,13,273.6519505384615,0.001090249978005886,13,1.0,3557.475357,True,
LOCAL-v1-q3-edge_mixed_min_radius-5098,3,frozen_baseline,16,290.3915451875,0.0014229590306058526,16,1.0,4646.264723,True,
LOCAL-v1-q3-edge_mixed_min_radius-5099,3,frozen_baseline,13,284.5409074615385,0.0011174579849466681,13,1.0,3699.031797,True,
LOCAL-v1-q3-offcenter_cluster-5000,3,frozen_baseline,11,324.695116,0.0010604169219732285,11,1.0,3571.646276,True,
LOCAL-v1-q3-offcenter_cluster-5001,3,frozen_baseline,14,281.6218125,0.0011530830524861813,14,1.0,3942.705375,True,
LOCAL-v1-q3-offcenter_cluster-5002,3,frozen_baseline,15,217.5477302,0.0013697919202968478,15,1.0,3263.215953,True,
LOCAL-v1-q3-offcenter_cluster-5003,3,frozen_baseline,11,256.58574554545453,0.0011178749846294522,11,1.0,2822.443201,True,
LOCAL-v1-q3-offcenter_cluster-5004,3,frozen_baseline,12,266.1630886666667,0.0012173749273642898,12,1.0,3193.957064,True,
LOCAL-v1-q3-offcenter_cluster-5005,3,frozen_baseline,11,276.19069545454545,0.0011566251050680876,11,1.0,3038.09765,True,
LOCAL-v1-q3-offcenter_cluster-5006,3,frozen_baseline,11,333.7488536363636,0.0010402089683339,11,1.0,3671.23739,True,
LOCAL-v1-q3-offcenter_cluster-5007,3,frozen_baseline,11,272.1602959090909,0.0010415000142529607,11,1.0,2993.763255,True,
LOCAL-v1-q3-offcenter_cluster-5008,3,frozen_baseline,10,319.5155272,0.000952791073359549,10,1.0,3195.155272,True,
LOCAL-v1-q3-offcenter_cluster-5009,3,frozen_baseline,14,290.48929114285716,0.0013681669952347875,14,1.0,4066.850076,True,
LOCAL-v1-q3-offcenter_cluster-5010,3,frozen_baseline,12,275.01011124999997,0.0011795840691775084,12,1.0,3300.121335,True,
LOCAL-v1-q3-offcenter_cluster-5011,3,frozen_baseline,15,312.8980584,0.0011633329559117556,15,1.0,4693.470876,True,
LOCAL-v1-q3-offcenter_cluster-5012,3,frozen_baseline,10,321.1570724,0.0010579160880297422,10,1.0,3211.570724,True,
LOCAL-v1-q3-offcenter_cluster-5013,3,frozen_baseline,12,255.32010216666666,0.0011173330713063478,12,1.0,3063.841226,True,
LOCAL-v1-q3-offcenter_cluster-5014,3,frozen_baseline,11,285.1465764545455,0.0009347499581053853,11,1.0,3136.612341,True,
LOCAL-v1-q3-offcenter_cluster-5015,3,frozen_baseline,12,249.13680524999998,0.0011305410880595446,12,1.0,2989.641663,True,
LOCAL-v1-q3-offcenter_cluster-5016,3,frozen_baseline,16,178.743715,0.001551666995510459,16,1.0,2859.89944,True,
LOCAL-v1-q3-offcenter_cluster-5017,3,frozen_baseline,15,204.52214,0.0013852500123903155,15,1.0,3067.8321,True,
LOCAL-v1-q3-offcenter_cluster-5018,3,frozen_baseline,10,374.0512192,0.0010753750102594495,10,1.0,3740.512192,True,
LOCAL-v1-q3-offcenter_cluster-5019,3,frozen_baseline,11,287.05801918181817,0.001139082945883274,11,1.0,3157.638211,True,
LOCAL-v1-q3-offcenter_cluster-5020,3,frozen_baseline,16,128.22286125,0.0013717500260099769,16,1.0,2051.56578,True,
LOCAL-v1-q3-offcenter_cluster-5021,3,frozen_baseline,14,237.0281157142857,0.0014856250490993261,14,1.0,3318.39362,True,
LOCAL-v1-q3-offcenter_cluster-5022,3,frozen_baseline,14,263.4121709285714,0.0014520419063046575,14,1.0,3687.770393,True,
LOCAL-v1-q3-offcenter_cluster-5023,3,frozen_baseline,15,204.4906418,0.001191208022646606,15,1.0,3067.359627,True,
LOCAL-v1-q3-offcenter_cluster-5024,3,frozen_baseline,13,244.47289084615386,0.0013847920345142484,13,1.0,3178.147581,True,
LOCAL-v1-q3-offcenter_cluster-5025,3,frozen_baseline,12,257.1611070833333,0.0011220829328522086,12,1.0,3085.933285,True,
LOCAL-v1-q3-offcenter_cluster-5026,3,frozen_baseline,15,205.95484866666666,0.0013867920497432351,15,1.0,3089.32273,True,
LOCAL-v1-q3-offcenter_cluster-5027,3,frozen_baseline,11,286.51590363636365,0.0010251670610159636,11,1.0,3151.67494,True,
LOCAL-v1-q3-offcenter_cluster-5028,3,frozen_baseline,10,295.6986608,0.0009249589638784528,10,1.0,2956.986608,True,
LOCAL-v1-q3-offcenter_cluster-5029,3,frozen_baseline,11,268.7886562727273,0.0010950410505756736,11,1.0,2956.675219,True,
LOCAL-v1-q3-offcenter_cluster-5030,3,frozen_baseline,12,276.490654,0.001020791009068489,12,1.0,3317.887848,True,
LOCAL-v1-q3-offcenter_cluster-5031,3,frozen_baseline,15,273.39041453333334,0.0011892920592799783,15,1.0,4100.856218,True,
LOCAL-v1-q3-offcenter_cluster-5032,3,frozen_baseline,11,341.8079973636364,0.0012092500692233443,11,1.0,3759.887971,True,
LOCAL-v1-q3-offcenter_cluster-5033,3,frozen_baseline,14,255.96235342857145,0.0013607920845970511,14,1.0,3583.472948,True,
LOCAL-v1-q3-offcenter_cluster-5034,3,frozen_baseline,16,103.9333761875,0.0013390000676736236,16,1.0,1662.934019,True,
LOCAL-v1-q3-offcenter_cluster-5035,3,frozen_baseline,10,355.0922859,0.0009167499374598265,10,1.0,3550.922859,True,
LOCAL-v1-q3-offcenter_cluster-5036,3,frozen_baseline,15,218.24855153333334,0.0015604159561917186,15,1.0,3273.728273,True,
LOCAL-v1-q3-offcenter_cluster-5037,3,frozen_baseline,15,397.403392,0.0016945000970736146,15,1.0,5961.05088,True,
LOCAL-v1-q3-offcenter_cluster-5038,3,frozen_baseline,16,94.567154125,0.0013837090227752924,16,1.0,1513.074466,True,
LOCAL-v1-q3-offcenter_cluster-5039,3,frozen_baseline,10,340.8677712,0.0010882499627768993,10,1.0,3408.677712,True,
LOCAL-v1-q3-offcenter_cluster-5040,3,frozen_baseline,15,278.3169289333334,0.0013345410116016865,15,1.0,4174.753934,True,
LOCAL-v1-q3-offcenter_cluster-5041,3,frozen_baseline,15,252.98992826666665,0.001270958106033504,15,1.0,3794.848924,True,
LOCAL-v1-q3-offcenter_cluster-5042,3,frozen_baseline,11,266.45099627272725,0.0010930829448625445,11,1.0,2930.960959,True,
LOCAL-v1-q3-offcenter_cluster-5043,3,frozen_baseline,12,316.38915075,0.0011355830356478691,12,1.0,3796.669809,True,
LOCAL-v1-q3-offcenter_cluster-5044,3,frozen_baseline,11,365.36397327272726,0.0010550420265644789,11,1.0,4019.003706,True,
LOCAL-v1-q3-offcenter_cluster-5045,3,frozen_baseline,11,356.4138420909091,0.0008869169978424907,11,1.0,3920.552263,True,
LOCAL-v1-q3-offcenter_cluster-5046,3,frozen_baseline,10,320.7315425,0.000852332916110754,10,1.0,3207.315425,True,
LOCAL-v1-q3-offcenter_cluster-5047,3,frozen_baseline,16,148.119092375,0.0014212090754881501,16,1.0,2369.905478,True,
LOCAL-v1-q3-offcenter_cluster-5048,3,frozen_baseline,12,313.2861050833333,0.0009102090261876583,12,1.0,3759.433261,True,
LOCAL-v1-q3-offcenter_cluster-5049,3,frozen_baseline,10,303.4522182,0.0009541249601170421,10,1.0,3034.522182,True,
LOCAL-v1-q3-offcenter_cluster-5050,3,frozen_baseline,15,206.7358258666667,0.001240417012013495,15,1.0,3101.037388,True,
LOCAL-v1-q3-offcenter_cluster-5051,3,frozen_baseline,11,342.79969063636366,0.0011288749519735575,11,1.0,3770.796597,True,
LOCAL-v1-q3-offcenter_cluster-5052,3,frozen_baseline,13,370.6422321538461,0.001325499964877963,13,1.0,4818.349018,True,
LOCAL-v1-q3-offcenter_cluster-5053,3,frozen_baseline,16,148.04064775,0.0014980420237407088,16,1.0,2368.650364,True,
LOCAL-v1-q3-offcenter_cluster-5054,3,frozen_baseline,16,94.018387375,0.0012427499750629067,16,1.0,1504.294198,True,
LOCAL-v1-q3-offcenter_cluster-5055,3,frozen_baseline,12,283.94846916666665,0.0011955000227317214,12,1.0,3407.38163,True,
LOCAL-v1-q3-offcenter_cluster-5056,3,frozen_baseline,13,283.307991,0.0012727499706670642,13,1.0,3683.003883,True,
LOCAL-v1-q3-offcenter_cluster-5057,3,frozen_baseline,13,267.6673989230769,0.001216165954247117,13,1.0,3479.676186,True,
LOCAL-v1-q3-offcenter_cluster-5058,3,frozen_baseline,14,250.43559964285714,0.0013434579595923424,14,1.0,3506.098395,True,
LOCAL-v1-q3-offcenter_cluster-5059,3,frozen_baseline,12,422.4501719166667,0.0012259589275345206,12,1.0,5069.402063,True,
LOCAL-v1-q3-offcenter_cluster-5060,3,frozen_baseline,11,303.3444070909091,0.0009452500380575657,11,1.0,3336.788478,True,
LOCAL-v1-q3-offcenter_cluster-5061,3,frozen_baseline,13,251.15492576923077,0.0010869581019505858,13,1.0,3265.014035,True,
LOCAL-v1-q3-offcenter_cluster-5062,3,frozen_baseline,16,127.1219455625,0.0012891250662505627,16,1.0,2033.951129,True,
LOCAL-v1-q3-offcenter_cluster-5063,3,frozen_baseline,15,204.93253386666666,0.001431209035217762,15,1.0,3073.988008,True,
LOCAL-v1-q3-offcenter_cluster-5064,3,frozen_baseline,13,343.29721,0.0010994999902322888,13,1.0,4462.86373,True,
LOCAL-v1-q3-offcenter_cluster-5065,3,frozen_baseline,12,340.308287,0.0012286660494282842,12,1.0,4083.699444,True,
LOCAL-v1-q3-offcenter_cluster-5066,3,frozen_baseline,10,371.2946599,0.0008624170441180468,10,1.0,3712.946599,True,
LOCAL-v1-q3-offcenter_cluster-5067,3,frozen_baseline,16,132.8443694375,0.0012120419414713979,16,1.0,2125.509911,True,
LOCAL-v1-q3-offcenter_cluster-5068,3,frozen_baseline,13,288.478323,0.0011675000423565507,13,1.0,3750.218199,True,
LOCAL-v1-q3-offcenter_cluster-5069,3,frozen_baseline,14,246.52624635714284,0.0013419160386547446,14,1.0,3451.367449,True,
LOCAL-v1-q3-offcenter_cluster-5070,3,frozen_baseline,12,365.4021,0.001120207947678864,12,1.0,4384.8252,True,
LOCAL-v1-q3-offcenter_cluster-5071,3,frozen_baseline,12,263.85696475000003,0.0012439580168575048,12,1.0,3166.283577,True,
LOCAL-v1-q3-offcenter_cluster-5072,3,frozen_baseline,15,208.6780924,0.0013920000055804849,15,1.0,3130.171386,True,
LOCAL-v1-q3-offcenter_cluster-5073,3,frozen_baseline,10,320.3504642,0.0007880419725552201,10,1.0,3203.504642,True,
LOCAL-v1-q3-offcenter_cluster-5074,3,frozen_baseline,16,163.9774330625,0.0012804169673472643,16,1.0,2623.638929,True,
LOCAL-v1-q3-offcenter_cluster-5075,3,frozen_baseline,15,279.7258953333333,0.001450750045478344,15,1.0,4195.88843,True,
LOCAL-v1-q3-offcenter_cluster-5076,3,frozen_baseline,12,245.97824233333333,0.0011832501040771604,12,1.0,2951.738908,True,
LOCAL-v1-q3-offcenter_cluster-5077,3,frozen_baseline,14,304.03967378571434,0.0015354580245912075,14,1.0,4256.555433,True,
LOCAL-v1-q3-offcenter_cluster-5078,3,frozen_baseline,13,311.97578753846153,0.0010237910319119692,13,1.0,4055.685238,True,
LOCAL-v1-q3-offcenter_cluster-5079,3,frozen_baseline,10,340.8290692,0.0010681248968467116,10,1.0,3408.290692,True,
LOCAL-v1-q3-offcenter_cluster-5080,3,frozen_baseline,10,336.93886480000003,0.000977999996393919,10,1.0,3369.388648,True,
LOCAL-v1-q3-offcenter_cluster-5081,3,frozen_baseline,16,171.15645425,0.001281042001210153,16,1.0,2738.503268,True,
LOCAL-v1-q3-offcenter_cluster-5082,3,frozen_baseline,13,396.6731582307693,0.0014598749112337828,13,1.0,5156.751057,True,
LOCAL-v1-q3-offcenter_cluster-5083,3,frozen_baseline,13,287.1344589230769,0.0013373340480029583,13,1.0,3732.747966,True,
LOCAL-v1-q3-offcenter_cluster-5084,3,frozen_baseline,14,292.108623,0.0013377079740166664,14,1.0,4089.520722,True,
LOCAL-v1-q3-offcenter_cluster-5085,3,frozen_baseline,15,207.52483233333334,0.001382665941491723,15,1.0,3112.872485,True,
LOCAL-v1-q3-offcenter_cluster-5086,3,frozen_baseline,12,355.786277,0.0012816659873351455,12,1.0,4269.435324,True,
LOCAL-v1-q3-offcenter_cluster-5087,3,frozen_baseline,13,295.72831907692307,0.001151417032815516,13,1.0,3844.468148,True,
LOCAL-v1-q3-offcenter_cluster-5088,3,frozen_baseline,16,100.36415825,0.0012497500283643603,16,1.0,1605.826532,True,
LOCAL-v1-q3-offcenter_cluster-5089,3,frozen_baseline,15,244.232868,0.001417666906490922,15,1.0,3663.49302,True,
LOCAL-v1-q3-offcenter_cluster-5090,3,frozen_baseline,14,265.99355092857144,0.0014055829960852861,14,1.0,3723.909713,True,
LOCAL-v1-q3-offcenter_cluster-5091,3,frozen_baseline,12,249.18748691666667,0.0012138329911977053,12,1.0,2990.249843,True,
LOCAL-v1-q3-offcenter_cluster-5092,3,frozen_baseline,11,282.8718134545454,0.0009364580037072301,11,1.0,3111.589948,True,
LOCAL-v1-q3-offcenter_cluster-5093,3,frozen_baseline,15,230.53265346666666,0.001288625062443316,15,1.0,3457.989802,True,
LOCAL-v1-q3-offcenter_cluster-5094,3,frozen_baseline,11,365.9827140909091,0.0011352919973433018,11,1.0,4025.809855,True,
LOCAL-v1-q3-offcenter_cluster-5095,3,frozen_baseline,10,421.6212748,0.0008366249967366457,10,1.0,4216.212748,True,
LOCAL-v1-q3-offcenter_cluster-5096,3,frozen_baseline,14,219.86721914285712,0.0013444999931380153,14,1.0,3078.141068,True,
LOCAL-v1-q3-offcenter_cluster-5097,3,frozen_baseline,13,258.4960231538461,0.0011537910904735327,13,1.0,3360.448301,True,
LOCAL-v1-q3-offcenter_cluster-5098,3,frozen_baseline,16,105.75676975,0.0013226669980213046,16,1.0,1692.108316,True,
LOCAL-v1-q3-offcenter_cluster-5099,3,frozen_baseline,13,228.47716569230766,0.0011443750699982047,13,1.0,2970.203154,True,
LOCAL-v1-q3-origin_cluster-5000,3,frozen_baseline,11,394.50688472727273,0.00102770805824548,11,1.0,4339.575732,True,
LOCAL-v1-q3-origin_cluster-5001,3,frozen_baseline,14,341.5570008571429,0.0012902499875053763,14,1.0,4781.798012,True,
LOCAL-v1-q3-origin_cluster-5002,3,frozen_baseline,15,328.0490277333334,0.0014114580117166042,15,1.0,4920.735416,True,
LOCAL-v1-q3-origin_cluster-5003,3,frozen_baseline,11,361.78229354545454,0.0009525000350549817,11,1.0,3979.605229,True,
LOCAL-v1-q3-origin_cluster-5004,3,frozen_baseline,12,374.55629258333335,0.0011385000543668866,12,1.0,4494.675511,True,
LOCAL-v1-q3-origin_cluster-5005,3,frozen_baseline,11,391.7483938181818,0.0010272079380229115,11,1.0,4309.232332,True,
LOCAL-v1-q3-origin_cluster-5006,3,frozen_baseline,11,392.3922327272727,0.0010877919849008322,11,1.0,4316.31456,True,
LOCAL-v1-q3-origin_cluster-5007,3,frozen_baseline,11,392.7162520909091,0.0010239160619676113,11,1.0,4319.878773,True,
LOCAL-v1-q3-origin_cluster-5008,3,frozen_baseline,10,419.19348529999996,0.0010117909405380487,10,1.0,4191.934853,True,
LOCAL-v1-q3-origin_cluster-5009,3,frozen_baseline,14,342.05218057142855,0.0013301250291988254,14,1.0,4788.730528,True,
LOCAL-v1-q3-origin_cluster-5010,3,frozen_baseline,12,371.38343091666667,0.0012016668915748596,12,1.0,4456.601171,True,
LOCAL-v1-q3-origin_cluster-5011,3,frozen_baseline,15,327.5733222,0.0014709590468555689,15,1.0,4913.599833,True,
LOCAL-v1-q3-origin_cluster-5012,3,frozen_baseline,10,415.9366295,0.0009933329420164227,10,1.0,4159.366295,True,
LOCAL-v1-q3-origin_cluster-5013,3,frozen_baseline,12,370.71072875,0.0010933339362964034,12,1.0,4448.528745,True,
LOCAL-v1-q3-origin_cluster-5014,3,frozen_baseline,11,392.8082126363636,0.0010751669760793447,11,1.0,4320.890339,True,
LOCAL-v1-q3-origin_cluster-5015,3,frozen_baseline,12,371.6169003333334,0.0011758330510929227,12,1.0,4459.402804,True,
LOCAL-v1-q3-origin_cluster-5016,3,frozen_baseline,16,191.1853750625,0.0014390000142157078,16,1.0,3058.966001,True,
LOCAL-v1-q3-origin_cluster-5017,3,frozen_baseline,15,328.05381359999996,0.001402582973241806,15,1.0,4920.807204,True,
LOCAL-v1-q3-origin_cluster-5018,3,frozen_baseline,10,421.4541235,0.0010114170145243406,10,1.0,4214.541235,True,
LOCAL-v1-q3-origin_cluster-5019,3,frozen_baseline,11,394.97977599999996,0.0010759590659290552,11,1.0,4344.777536,True,
LOCAL-v1-q3-origin_cluster-5020,3,frozen_baseline,16,190.0164454375,0.0013419579481706023,16,1.0,3040.263127,True,
LOCAL-v1-q3-origin_cluster-5021,3,frozen_baseline,14,338.9992153571429,0.0013305420288816094,14,1.0,4745.989015,True,
LOCAL-v1-q3-origin_cluster-5022,3,frozen_baseline,14,339.8101363571428,0.0012422080617398024,14,1.0,4757.341909,True,
LOCAL-v1-q3-origin_cluster-5023,3,frozen_baseline,15,329.5996898,0.0013697500107809901,15,1.0,4943.995347,True,
LOCAL-v1-q3-origin_cluster-5024,3,frozen_baseline,13,356.0046066153846,0.0012869159691035748,13,1.0,4628.059886,True,
LOCAL-v1-q3-origin_cluster-5025,3,frozen_baseline,12,375.6725019166667,0.0011512499768286943,12,1.0,4508.070023,True,
LOCAL-v1-q3-origin_cluster-5026,3,frozen_baseline,15,315.77550386666667,0.0012474160175770521,15,1.0,4736.632558,True,
LOCAL-v1-q3-origin_cluster-5027,3,frozen_baseline,11,389.8464936363636,0.0010378329316154122,11,1.0,4288.31143,True,
LOCAL-v1-q3-origin_cluster-5028,3,frozen_baseline,10,419.36426339999997,0.0009794579818844795,10,1.0,4193.642634,True,
LOCAL-v1-q3-origin_cluster-5029,3,frozen_baseline,11,393.498913,0.0010742919985204935,11,1.0,4328.488043,True,
LOCAL-v1-q3-origin_cluster-5030,3,frozen_baseline,12,370.1494113333333,0.0011811669683083892,12,1.0,4441.792936,True,
LOCAL-v1-q3-origin_cluster-5031,3,frozen_baseline,15,329.21754013333333,0.0014412080636247993,15,1.0,4938.263102,True,
LOCAL-v1-q3-origin_cluster-5032,3,frozen_baseline,11,394.3776331818182,0.0011078340467065573,11,1.0,4338.153965,True,
LOCAL-v1-q3-origin_cluster-5033,3,frozen_baseline,14,330.7876908571429,0.0012076250277459621,14,1.0,4631.027672,True,
LOCAL-v1-q3-origin_cluster-5034,3,frozen_baseline,16,191.329937125,0.001405457966029644,16,1.0,3061.278994,True,
LOCAL-v1-q3-origin_cluster-5035,3,frozen_baseline,10,401.3946561,0.0008870000019669533,10,1.0,4013.946561,True,
LOCAL-v1-q3-origin_cluster-5036,3,frozen_baseline,15,326.78830533333337,0.0014269580133259296,15,1.0,4901.82458,True,
LOCAL-v1-q3-origin_cluster-5037,3,frozen_baseline,15,330.6320936666667,0.0014207919593900442,15,1.0,4959.481405,True,
LOCAL-v1-q3-origin_cluster-5038,3,frozen_baseline,16,191.9647798125,0.001351625076495111,16,1.0,3071.436477,True,
LOCAL-v1-q3-origin_cluster-5039,3,frozen_baseline,10,421.41468969999994,0.000955625087954104,10,1.0,4214.146897,True,
LOCAL-v1-q3-origin_cluster-5040,3,frozen_baseline,15,328.9821294,0.0013343750033527613,15,1.0,4934.731941,True,
LOCAL-v1-q3-origin_cluster-5041,3,frozen_baseline,15,330.3132162666667,0.0013604580890387297,15,1.0,4954.698244,True,
LOCAL-v1-q3-origin_cluster-5042,3,frozen_baseline,11,393.69650954545455,0.001063458970747888,11,1.0,4330.661605,True,
LOCAL-v1-q3-origin_cluster-5043,3,frozen_baseline,12,375.61881124999996,0.001155041973106563,12,1.0,4507.425735,True,
LOCAL-v1-q3-origin_cluster-5044,3,frozen_baseline,11,376.3892754545455,0.001026791986078024,11,1.0,4140.28203,True,
LOCAL-v1-q3-origin_cluster-5045,3,frozen_baseline,11,390.73750754545455,0.0010475419694557786,11,1.0,4298.112583,True,
LOCAL-v1-q3-origin_cluster-5046,3,frozen_baseline,10,419.9320955,0.0009755420032888651,10,1.0,4199.320955,True,
LOCAL-v1-q3-origin_cluster-5047,3,frozen_baseline,16,189.7766215625,0.0013682080898433924,16,1.0,3036.425945,True,
LOCAL-v1-q3-origin_cluster-5048,3,frozen_baseline,12,372.67429500000003,0.0012377920793369412,12,1.0,4472.09154,True,
LOCAL-v1-q3-origin_cluster-5049,3,frozen_baseline,10,416.55147129999995,0.0010336670093238354,10,1.0,4165.514713,True,
LOCAL-v1-q3-origin_cluster-5050,3,frozen_baseline,15,328.8432086,0.0014274580171331763,15,1.0,4932.648129,True,
LOCAL-v1-q3-origin_cluster-5051,3,frozen_baseline,11,393.79621981818184,0.0010640829568728805,11,1.0,4331.758418,True,
LOCAL-v1-q3-origin_cluster-5052,3,frozen_baseline,13,355.2256298461538,0.0011822499800473452,13,1.0,4617.933188,True,
LOCAL-v1-q3-origin_cluster-5053,3,frozen_baseline,16,192.481200875,0.0013165000127628446,16,1.0,3079.699214,True,
LOCAL-v1-q3-origin_cluster-5054,3,frozen_baseline,16,188.8416163125,0.0013497910695150495,16,1.0,3021.465861,True,
LOCAL-v1-q3-origin_cluster-5055,3,frozen_baseline,12,361.23488849999995,0.001011208980344236,12,1.0,4334.818662,True,
LOCAL-v1-q3-origin_cluster-5056,3,frozen_baseline,13,357.00418492307693,0.0011772080324590206,13,1.0,4641.054404,True,
LOCAL-v1-q3-origin_cluster-5057,3,frozen_baseline,13,342.5352122307692,0.0011475000064820051,13,1.0,4452.957759,True,
LOCAL-v1-q3-origin_cluster-5058,3,frozen_baseline,14,338.31843021428574,0.0012466670013964176,14,1.0,4736.458023,True,
LOCAL-v1-q3-origin_cluster-5059,3,frozen_baseline,12,369.0425235833333,0.0010610419558361173,12,1.0,4428.510283,True,
LOCAL-v1-q3-origin_cluster-5060,3,frozen_baseline,11,392.29978781818187,0.0010031249839812517,11,1.0,4315.297666,True,
LOCAL-v1-q3-origin_cluster-5061,3,frozen_baseline,13,353.66757661538463,0.0012157500023022294,13,1.0,4597.678496,True,
LOCAL-v1-q3-origin_cluster-5062,3,frozen_baseline,16,191.7371321875,0.0012989169918000698,16,1.0,3067.794115,True,
LOCAL-v1-q3-origin_cluster-5063,3,frozen_baseline,15,329.64571766666666,0.0013683339348062873,15,1.0,4944.685765,True,
LOCAL-v1-q3-origin_cluster-5064,3,frozen_baseline,13,358.5324560769231,0.001320375013165176,13,1.0,4660.921929,True,
LOCAL-v1-q3-origin_cluster-5065,3,frozen_baseline,12,373.82311766666663,0.0011174590326845646,12,1.0,4485.877412,True,
LOCAL-v1-q3-origin_cluster-5066,3,frozen_baseline,10,418.07839690000003,0.0010285410098731518,10,1.0,4180.783969,True,
LOCAL-v1-q3-origin_cluster-5067,3,frozen_baseline,16,180.617031625,0.0013129590079188347,16,1.0,2889.872506,True,
LOCAL-v1-q3-origin_cluster-5068,3,frozen_baseline,13,354.21529992307694,0.0011802499648183584,13,1.0,4604.798899,True,
LOCAL-v1-q3-origin_cluster-5069,3,frozen_baseline,14,340.9657502142857,0.0012994169956073165,14,1.0,4773.520503,True,
LOCAL-v1-q3-origin_cluster-5070,3,frozen_baseline,12,369.66980766666666,0.0011256251018494368,12,1.0,4436.037692,True,
LOCAL-v1-q3-origin_cluster-5071,3,frozen_baseline,12,360.59123225,0.0010234999936074018,12,1.0,4327.094787,True,
LOCAL-v1-q3-origin_cluster-5072,3,frozen_baseline,15,328.86655686666666,0.0013942919904366136,15,1.0,4932.998353,True,
LOCAL-v1-q3-origin_cluster-5073,3,frozen_baseline,10,418.7126904,0.0009656250476837158,10,1.0,4187.126904,True,
LOCAL-v1-q3-origin_cluster-5074,3,frozen_baseline,16,189.90380975,0.0013197079533711076,16,1.0,3038.460956,True,
LOCAL-v1-q3-origin_cluster-5075,3,frozen_baseline,15,328.80187593333335,0.0013098749332129955,15,1.0,4932.028139,True,
LOCAL-v1-q3-origin_cluster-5076,3,frozen_baseline,12,373.28347225,0.0011071249609813094,12,1.0,4479.401667,True,
LOCAL-v1-q3-origin_cluster-5077,3,frozen_baseline,14,328.30213328571426,0.001334875007160008,14,1.0,4596.229866,True,
LOCAL-v1-q3-origin_cluster-5078,3,frozen_baseline,13,358.37293015384614,0.0013599579688161612,13,1.0,4658.848092,True,
LOCAL-v1-q3-origin_cluster-5079,3,frozen_baseline,10,419.1147841,0.0010003329953178763,10,1.0,4191.147841,True,
LOCAL-v1-q3-origin_cluster-5080,3,frozen_baseline,10,418.5745728,0.0010223749559372663,10,1.0,4185.745728,True,
LOCAL-v1-q3-origin_cluster-5081,3,frozen_baseline,16,192.9070855625,0.0013377080904319882,16,1.0,3086.513369,True,
LOCAL-v1-q3-origin_cluster-5082,3,frozen_baseline,13,355.8616052307692,0.0011722090421244502,13,1.0,4626.200868,True,
LOCAL-v1-q3-origin_cluster-5083,3,frozen_baseline,13,356.0406075384616,0.001276249997317791,13,1.0,4628.527898,True,
LOCAL-v1-q3-origin_cluster-5084,3,frozen_baseline,14,338.55987721428573,0.001277417060919106,14,1.0,4739.838281,True,
LOCAL-v1-q3-origin_cluster-5085,3,frozen_baseline,15,328.6063728,0.0013648750027641654,15,1.0,4929.095592,True,
LOCAL-v1-q3-origin_cluster-5086,3,frozen_baseline,12,374.73267583333336,0.0011550000635907054,12,1.0,4496.79211,True,
LOCAL-v1-q3-origin_cluster-5087,3,frozen_baseline,13,353.73226584615384,0.001119250082410872,13,1.0,4598.519456,True,
LOCAL-v1-q3-origin_cluster-5088,3,frozen_baseline,16,191.4062064375,0.0013050000416114926,16,1.0,3062.499303,True,
LOCAL-v1-q3-origin_cluster-5089,3,frozen_baseline,15,328.30336,0.001432583900168538,15,1.0,4924.5504,True,
LOCAL-v1-q3-origin_cluster-5090,3,frozen_baseline,14,339.25548835714284,0.0012687919661402702,14,1.0,4749.576837,True,
LOCAL-v1-q3-origin_cluster-5091,3,frozen_baseline,12,356.40142783333334,0.0010694169905036688,12,1.0,4276.817134,True,
LOCAL-v1-q3-origin_cluster-5092,3,frozen_baseline,11,389.7598201818182,0.0010054169688373804,11,1.0,4287.358022,True,
LOCAL-v1-q3-origin_cluster-5093,3,frozen_baseline,15,325.08712146666664,0.0012943330220878124,15,1.0,4876.306822,True,
LOCAL-v1-q3-origin_cluster-5094,3,frozen_baseline,11,392.1201878181818,0.0010398749727755785,11,1.0,4313.322066,True,
LOCAL-v1-q3-origin_cluster-5095,3,frozen_baseline,10,420.5848838,0.0011063329875469208,10,1.0,4205.848838,True,
LOCAL-v1-q3-origin_cluster-5096,3,frozen_baseline,14,328.69696500000003,0.0012449590722098947,14,1.0,4601.75751,True,
LOCAL-v1-q3-origin_cluster-5097,3,frozen_baseline,13,356.6259959230769,0.0014079579850658774,13,1.0,4636.137947,True,
LOCAL-v1-q3-origin_cluster-5098,3,frozen_baseline,16,191.2950309375,0.0014883329859003425,16,1.0,3060.720495,True,
LOCAL-v1-q3-origin_cluster-5099,3,frozen_baseline,13,354.6167382307692,0.0011913329362869263,13,1.0,4610.017597,True,
LOCAL-v1-q3-minimum_radius-5000,3,frozen_baseline,11,305.7086880909091,0.0010973330354318023,11,1.0,3362.795569,True,
LOCAL-v1-q3-minimum_radius-5001,3,frozen_baseline,14,309.2099705,0.0012928330106660724,14,1.0,4328.939587,True,
LOCAL-v1-q3-minimum_radius-5002,3,frozen_baseline,15,261.69192953333334,0.0013193340273573995,15,1.0,3925.378943,True,
LOCAL-v1-q3-minimum_radius-5003,3,frozen_baseline,11,326.85996854545454,0.0010183339472860098,11,1.0,3595.459654,True,
LOCAL-v1-q3-minimum_radius-5004,3,frozen_baseline,12,340.300672,0.0010827500373125076,12,1.0,4083.608064,True,
LOCAL-v1-q3-minimum_radius-5005,3,frozen_baseline,11,366.66535063636366,0.001107916934415698,11,1.0,4033.318857,True,
LOCAL-v1-q3-minimum_radius-5006,3,frozen_baseline,11,362.98372518181816,0.0011407090350985527,11,1.0,3992.820977,True,
LOCAL-v1-q3-minimum_radius-5007,3,frozen_baseline,11,301.7868884545455,0.0009824580047279596,11,1.0,3319.655773,True,
LOCAL-v1-q3-minimum_radius-5008,3,frozen_baseline,10,351.0092891,0.0009634169982746243,10,1.0,3510.092891,True,
LOCAL-v1-q3-minimum_radius-5009,3,frozen_baseline,14,321.6794454285714,0.0013128750724717975,14,1.0,4503.512236,True,
LOCAL-v1-q3-minimum_radius-5010,3,frozen_baseline,12,338.0695270833333,0.0011362920049577951,12,1.0,4056.834325,True,
LOCAL-v1-q3-minimum_radius-5011,3,frozen_baseline,15,310.84924293333336,0.0013736250111833215,15,1.0,4662.738644,True,
LOCAL-v1-q3-minimum_radius-5012,3,frozen_baseline,10,332.2096957,0.0009059590520337224,10,1.0,3322.096957,True,
LOCAL-v1-q3-minimum_radius-5013,3,frozen_baseline,12,324.36514116666666,0.0010912090074270964,12,1.0,3892.381694,True,
LOCAL-v1-q3-minimum_radius-5014,3,frozen_baseline,11,362.53947636363637,0.0009657080518081784,11,1.0,3987.93424,True,
LOCAL-v1-q3-minimum_radius-5015,3,frozen_baseline,12,309.20652791666663,0.0010614999337121844,12,1.0,3710.478335,True,
LOCAL-v1-q3-minimum_radius-5016,3,frozen_baseline,16,284.0694915,0.001378249959088862,16,1.0,4545.111864,True,
LOCAL-v1-q3-minimum_radius-5017,3,frozen_baseline,15,299.70490993333334,0.001265416038222611,15,1.0,4495.573649,True,
LOCAL-v1-q3-minimum_radius-5018,3,frozen_baseline,10,390.03725199999997,0.0008999579586088657,10,1.0,3900.37252,True,
LOCAL-v1-q3-minimum_radius-5019,3,frozen_baseline,11,365.95010963636366,0.0009824169101193547,11,1.0,4025.451206,True,
LOCAL-v1-q3-minimum_radius-5020,3,frozen_baseline,16,265.38272925,0.0012562499614432454,16,1.0,4246.123668,True,
LOCAL-v1-q3-minimum_radius-5021,3,frozen_baseline,14,290.2670132142857,0.0011994170490652323,14,1.0,4063.738185,True,
LOCAL-v1-q3-minimum_radius-5022,3,frozen_baseline,14,314.8197243571429,0.0012819169787690043,14,1.0,4407.476141,True,
LOCAL-v1-q3-minimum_radius-5023,3,frozen_baseline,15,255.26485233333332,0.0012985420180484653,15,1.0,3828.972785,True,
LOCAL-v1-q3-minimum_radius-5024,3,frozen_baseline,13,333.72953884615384,0.0011969590559601784,13,1.0,4338.484005,True,
LOCAL-v1-q3-minimum_radius-5025,3,frozen_baseline,12,309.67851691666664,0.0010717500699684024,12,1.0,3716.142203,True,
LOCAL-v1-q3-minimum_radius-5026,3,frozen_baseline,15,300.1828754,0.0012627500109374523,15,1.0,4502.743131,True,
LOCAL-v1-q3-minimum_radius-5027,3,frozen_baseline,11,299.1681587272727,0.0010763750178739429,11,1.0,3290.849746,True,
LOCAL-v1-q3-minimum_radius-5028,3,frozen_baseline,10,357.3114312,0.0009813749929890037,10,1.0,3573.114312,True,
LOCAL-v1-q3-minimum_radius-5029,3,frozen_baseline,11,309.1854981818182,0.0009765410795807838,11,1.0,3401.04048,True,
LOCAL-v1-q3-minimum_radius-5030,3,frozen_baseline,12,296.735832,0.0010125000262632966,12,1.0,3560.829984,True,
LOCAL-v1-q3-minimum_radius-5031,3,frozen_baseline,15,284.03528953333335,0.001357291010208428,15,1.0,4260.529343,True,
LOCAL-v1-q3-minimum_radius-5032,3,frozen_baseline,11,336.38557336363635,0.0009527499787509441,11,1.0,3700.241307,True,
LOCAL-v1-q3-minimum_radius-5033,3,frozen_baseline,14,283.4715156428571,0.0012931249802932143,14,1.0,3968.601219,True,
LOCAL-v1-q3-minimum_radius-5034,3,frozen_baseline,16,254.5115115625,0.0013124579563736916,16,1.0,4072.184185,True,
LOCAL-v1-q3-minimum_radius-5035,3,frozen_baseline,10,382.585457,0.0009809170151129365,10,1.0,3825.85457,True,
LOCAL-v1-q3-minimum_radius-5036,3,frozen_baseline,15,294.18708613333337,0.0012387499446049333,15,1.0,4412.806292,True,
LOCAL-v1-q3-minimum_radius-5037,3,frozen_baseline,15,295.51780406666666,0.0013742500450462103,15,1.0,4432.767061,True,
LOCAL-v1-q3-minimum_radius-5038,3,frozen_baseline,16,273.7857661875,0.0014446249697357416,16,1.0,4380.572259,True,
LOCAL-v1-q3-minimum_radius-5039,3,frozen_baseline,10,378.9716109,0.0010428749956190586,10,1.0,3789.716109,True,
LOCAL-v1-q3-minimum_radius-5040,3,frozen_baseline,15,274.7490714,0.0013646669685840607,15,1.0,4121.236071,True,
LOCAL-v1-q3-minimum_radius-5041,3,frozen_baseline,15,301.28018280000003,0.0012912079691886902,15,1.0,4519.202742,True,
LOCAL-v1-q3-minimum_radius-5042,3,frozen_baseline,11,326.96942309090906,0.0010889169061556458,11,1.0,3596.663654,True,
LOCAL-v1-q3-minimum_radius-5043,3,frozen_baseline,12,350.09033675,0.001080875052139163,12,1.0,4201.084041,True,
LOCAL-v1-q3-minimum_radius-5044,3,frozen_baseline,11,336.8258277272727,0.0010639169486239552,11,1.0,3705.084105,True,
LOCAL-v1-q3-minimum_radius-5045,3,frozen_baseline,11,336.27246809090906,0.0010032500140368938,11,1.0,3698.997149,True,
LOCAL-v1-q3-minimum_radius-5046,3,frozen_baseline,10,378.5416927,0.0008562910370528698,10,1.0,3785.416927,True,
LOCAL-v1-q3-minimum_radius-5047,3,frozen_baseline,16,254.7263485,0.0013763330643996596,16,1.0,4075.621576,True,
LOCAL-v1-q3-minimum_radius-5048,3,frozen_baseline,12,306.529103,0.0011129580670967698,12,1.0,3678.349236,True,
LOCAL-v1-q3-minimum_radius-5049,3,frozen_baseline,10,365.3958665,0.0009449589997529984,10,1.0,3653.958665,True,
LOCAL-v1-q3-minimum_radius-5050,3,frozen_baseline,15,269.77879193333337,0.0013651250628754497,15,1.0,4046.681879,True,
LOCAL-v1-q3-minimum_radius-5051,3,frozen_baseline,11,357.7847836363636,0.0009494579862803221,11,1.0,3935.63262,True,
LOCAL-v1-q3-minimum_radius-5052,3,frozen_baseline,13,305.8455463846154,0.0012595420703291893,13,1.0,3975.992103,True,
LOCAL-v1-q3-minimum_radius-5053,3,frozen_baseline,16,276.21279775,0.0012884159805253148,16,1.0,4419.404764,True,
LOCAL-v1-q3-minimum_radius-5054,3,frozen_baseline,16,277.58793325,0.0013126670382916927,16,1.0,4441.406932,True,
LOCAL-v1-q3-minimum_radius-5055,3,frozen_baseline,12,349.3860661666667,0.000985457911156118,12,1.0,4192.632794,True,
LOCAL-v1-q3-minimum_radius-5056,3,frozen_baseline,13,316.86059584615384,0.0013048750115558505,13,1.0,4119.187746,True,
LOCAL-v1-q3-minimum_radius-5057,3,frozen_baseline,13,308.45884253846157,0.0012047919444739819,13,1.0,4009.964953,True,
LOCAL-v1-q3-minimum_radius-5058,3,frozen_baseline,14,263.69771099999997,0.0011573749361559749,14,1.0,3691.767954,True,
LOCAL-v1-q3-minimum_radius-5059,3,frozen_baseline,12,306.63136075,0.00116658303886652,12,1.0,3679.576329,True,
LOCAL-v1-q3-minimum_radius-5060,3,frozen_baseline,11,341.81158727272725,0.0010719170095399022,11,1.0,3759.92746,True,
LOCAL-v1-q3-minimum_radius-5061,3,frozen_baseline,13,257.9344593076923,0.0010935419704765081,13,1.0,3353.147971,True,
LOCAL-v1-q3-minimum_radius-5062,3,frozen_baseline,16,254.7861330625,0.0012798330280929804,16,1.0,4076.578129,True,
LOCAL-v1-q3-minimum_radius-5063,3,frozen_baseline,15,287.19811293333333,0.0013894170988351107,15,1.0,4307.971694,True,
LOCAL-v1-q3-minimum_radius-5064,3,frozen_baseline,13,287.92821246153846,0.0012341669062152505,13,1.0,3743.066762,True,
LOCAL-v1-q3-minimum_radius-5065,3,frozen_baseline,12,315.2774743333333,0.0010540829971432686,12,1.0,3783.329692,True,
LOCAL-v1-q3-minimum_radius-5066,3,frozen_baseline,10,353.9808375,0.0009427079930901527,10,1.0,3539.808375,True,
LOCAL-v1-q3-minimum_radius-5067,3,frozen_baseline,16,275.5447958125,0.0014096250524744391,16,1.0,4408.716733,True,
LOCAL-v1-q3-minimum_radius-5068,3,frozen_baseline,13,296.90073138461537,0.0011395830661058426,13,1.0,3859.709508,True,
LOCAL-v1-q3-minimum_radius-5069,3,frozen_baseline,14,291.65330814285716,0.0012544590281322598,14,1.0,4083.146314,True,
LOCAL-v1-q3-minimum_radius-5070,3,frozen_baseline,12,363.7522035833333,0.0011499999091029167,12,1.0,4365.026443,True,
LOCAL-v1-q3-minimum_radius-5071,3,frozen_baseline,12,305.13921166666665,0.0010276250541210175,12,1.0,3661.67054,True,
LOCAL-v1-q3-minimum_radius-5072,3,frozen_baseline,15,286.09043613333336,0.0012868749909102917,15,1.0,4291.356542,True,
LOCAL-v1-q3-minimum_radius-5073,3,frozen_baseline,10,387.5135192,0.0009189170086756349,10,1.0,3875.135192,True,
LOCAL-v1-q3-minimum_radius-5074,3,frozen_baseline,16,255.3521783125,0.0013792499667033553,16,1.0,4085.634853,True,
LOCAL-v1-q3-minimum_radius-5075,3,frozen_baseline,15,254.7150604,0.0013712500222027302,15,1.0,3820.725906,True,
LOCAL-v1-q3-minimum_radius-5076,3,frozen_baseline,12,323.75095733333336,0.0011167919728904963,12,1.0,3885.011488,True,
LOCAL-v1-q3-minimum_radius-5077,3,frozen_baseline,14,299.84065114285715,0.0013080410426482558,14,1.0,4197.769116,True,
LOCAL-v1-q3-minimum_radius-5078,3,frozen_baseline,13,300.10139869230767,0.0011198340216651559,13,1.0,3901.318183,True,
LOCAL-v1-q3-minimum_radius-5079,3,frozen_baseline,10,371.9834861,0.0009989578975364566,10,1.0,3719.834861,True,
LOCAL-v1-q3-minimum_radius-5080,3,frozen_baseline,10,340.8061095,0.0008920830441638827,10,1.0,3408.061095,True,
LOCAL-v1-q3-minimum_radius-5081,3,frozen_baseline,16,258.6571944375,0.0013832079712301493,16,1.0,4138.515111,True,
LOCAL-v1-q3-minimum_radius-5082,3,frozen_baseline,13,302.759847,0.0012412089854478836,13,1.0,3935.878011,True,
LOCAL-v1-q3-minimum_radius-5083,3,frozen_baseline,13,316.46629330769235,0.0011835000477731228,13,1.0,4114.061813,True,
LOCAL-v1-q3-minimum_radius-5084,3,frozen_baseline,14,284.3231195,0.0012799170799553394,14,1.0,3980.523673,True,
LOCAL-v1-q3-minimum_radius-5085,3,frozen_baseline,15,291.38056033333334,0.0013738750712946057,15,1.0,4370.708405,True,
LOCAL-v1-q3-minimum_radius-5086,3,frozen_baseline,12,304.08511275,0.001002333010546863,12,1.0,3649.021353,True,
LOCAL-v1-q3-minimum_radius-5087,3,frozen_baseline,13,282.6487323076923,0.0011436250060796738,13,1.0,3674.43352,True,
LOCAL-v1-q3-minimum_radius-5088,3,frozen_baseline,16,248.2604524375,0.0012258749920874834,16,1.0,3972.167239,True,
LOCAL-v1-q3-minimum_radius-5089,3,frozen_baseline,15,304.2961842,0.0013244579313322902,15,1.0,4564.442763,True,
LOCAL-v1-q3-minimum_radius-5090,3,frozen_baseline,14,269.72565614285713,0.0011990841012448072,14,1.0,3776.159186,True,
LOCAL-v1-q3-minimum_radius-5091,3,frozen_baseline,12,296.4409175833333,0.001141292043030262,12,1.0,3557.291011,True,
LOCAL-v1-q3-minimum_radius-5092,3,frozen_baseline,11,390.3652774545455,0.0010819159215316176,11,1.0,4294.018052,True,
LOCAL-v1-q3-minimum_radius-5093,3,frozen_baseline,15,269.70195666666666,0.0012809999752789736,15,1.0,4045.52935,True,
LOCAL-v1-q3-minimum_radius-5094,3,frozen_baseline,11,362.1266287272727,0.0009330000029876828,11,1.0,3983.392916,True,
LOCAL-v1-q3-minimum_radius-5095,3,frozen_baseline,10,361.7407813,0.0010105830151587725,10,1.0,3617.407813,True,
LOCAL-v1-q3-minimum_radius-5096,3,frozen_baseline,14,287.5027667857143,0.0012705830158665776,14,1.0,4025.038735,True,
LOCAL-v1-q3-minimum_radius-5097,3,frozen_baseline,13,265.93812484615387,0.0011226249625906348,13,1.0,3457.195623,True,
LOCAL-v1-q3-minimum_radius-5098,3,frozen_baseline,16,292.053879875,0.001425374997779727,16,1.0,4672.862078,True,
LOCAL-v1-q3-minimum_radius-5099,3,frozen_baseline,13,304.14029800000003,0.001174542005173862,13,1.0,3953.823874,True,
LOCAL-v1-q3-exactly10_sources-5000,3,frozen_baseline,10,356.97396480000003,0.0009678340284153819,10,1.0,3569.739648,True,
LOCAL-v1-q3-exactly10_sources-5001,3,frozen_baseline,10,330.1749312,0.0010079999919980764,10,1.0,3301.749312,True,
LOCAL-v1-q3-exactly10_sources-5002,3,frozen_baseline,10,377.8864085,0.001086207921616733,10,1.0,3778.864085,True,
LOCAL-v1-q3-exactly10_sources-5003,3,frozen_baseline,10,370.1778396,0.0010589159792289138,10,1.0,3701.778396,True,
LOCAL-v1-q3-exactly10_sources-5004,3,frozen_baseline,10,351.89035939999997,0.0010264170123264194,10,1.0,3518.903594,True,
LOCAL-v1-q3-exactly10_sources-5005,3,frozen_baseline,10,338.461847,0.000992374960333109,10,1.0,3384.61847,True,
LOCAL-v1-q3-exactly10_sources-5006,3,frozen_baseline,10,357.3564163,0.0010911249555647373,10,1.0,3573.564163,True,
LOCAL-v1-q3-exactly10_sources-5007,3,frozen_baseline,10,368.7425564,0.0010430419351905584,10,1.0,3687.425564,True,
LOCAL-v1-q3-exactly10_sources-5008,3,frozen_baseline,10,389.1680662,0.0010329170618206263,10,1.0,3891.680662,True,
LOCAL-v1-q3-exactly10_sources-5009,3,frozen_baseline,10,367.38317470000004,0.0010020839981734753,10,1.0,3673.831747,True,
LOCAL-v1-q3-exactly10_sources-5010,3,frozen_baseline,10,403.36829309999996,0.0010328330099582672,10,1.0,4033.682931,True,
LOCAL-v1-q3-exactly10_sources-5011,3,frozen_baseline,10,379.9065126,0.0011504580033943057,10,1.0,3799.065126,True,
LOCAL-v1-q3-exactly10_sources-5012,3,frozen_baseline,10,354.4180933,0.000927707995288074,10,1.0,3544.180933,True,
LOCAL-v1-q3-exactly10_sources-5013,3,frozen_baseline,10,307.9927146,0.0009724999545142055,10,1.0,3079.927146,True,
LOCAL-v1-q3-exactly10_sources-5014,3,frozen_baseline,10,363.1508272,0.0009543750202283263,10,1.0,3631.508272,True,
LOCAL-v1-q3-exactly10_sources-5015,3,frozen_baseline,10,372.13338899999997,0.0010064160451292992,10,1.0,3721.33389,True,
LOCAL-v1-q3-exactly10_sources-5016,3,frozen_baseline,10,341.2754462,0.0009464999893680215,10,1.0,3412.754462,True,
LOCAL-v1-q3-exactly10_sources-5017,3,frozen_baseline,10,385.9591238,0.0010557910427451134,10,1.0,3859.591238,True,
LOCAL-v1-q3-exactly10_sources-5018,3,frozen_baseline,10,363.76344869999997,0.0010283750016242266,10,1.0,3637.634487,True,
LOCAL-v1-q3-exactly10_sources-5019,3,frozen_baseline,10,353.8799237,0.0010331249795854092,10,1.0,3538.799237,True,
LOCAL-v1-q3-exactly10_sources-5020,3,frozen_baseline,10,372.0136705,0.0011132500367239118,10,1.0,3720.136705,True,
LOCAL-v1-q3-exactly10_sources-5021,3,frozen_baseline,10,375.9256072,0.0011069170432165265,10,1.0,3759.256072,True,
LOCAL-v1-q3-exactly10_sources-5022,3,frozen_baseline,10,367.6788689,0.0010628330055624247,10,1.0,3676.788689,True,
LOCAL-v1-q3-exactly10_sources-5023,3,frozen_baseline,10,360.82144320000003,0.0010426250519230962,10,1.0,3608.214432,True,
LOCAL-v1-q3-exactly10_sources-5024,3,frozen_baseline,10,363.4812641,0.0010908750118687749,10,1.0,3634.812641,True,
LOCAL-v1-q3-exactly10_sources-5025,3,frozen_baseline,10,384.1395777,0.0010371250100433826,10,1.0,3841.395777,True,
LOCAL-v1-q3-exactly10_sources-5026,3,frozen_baseline,10,363.1360869,0.0011309579713270068,10,1.0,3631.360869,True,
LOCAL-v1-q3-exactly10_sources-5027,3,frozen_baseline,10,353.801915,0.0010678749531507492,10,1.0,3538.01915,True,
LOCAL-v1-q3-exactly10_sources-5028,3,frozen_baseline,10,367.7180307,0.0009524999186396599,10,1.0,3677.180307,True,
LOCAL-v1-q3-exactly10_sources-5029,3,frozen_baseline,10,319.5232366,0.0010683749569579959,10,1.0,3195.232366,True,
LOCAL-v1-q3-exactly10_sources-5030,3,frozen_baseline,10,352.1145309,0.0009603339713066816,10,1.0,3521.145309,True,
LOCAL-v1-q3-exactly10_sources-5031,3,frozen_baseline,10,321.35862929999996,0.0010168750304728746,10,1.0,3213.586293,True,
LOCAL-v1-q3-exactly10_sources-5032,3,frozen_baseline,10,342.8254349,0.0009301250101998448,10,1.0,3428.254349,True,
LOCAL-v1-q3-exactly10_sources-5033,3,frozen_baseline,10,349.2339146,0.0009654168970882893,10,1.0,3492.339146,True,
LOCAL-v1-q3-exactly10_sources-5034,3,frozen_baseline,10,312.9661449,0.0010566660203039646,10,1.0,3129.661449,True,
LOCAL-v1-q3-exactly10_sources-5035,3,frozen_baseline,10,392.64589420000004,0.0011811250587925315,10,1.0,3926.458942,True,
LOCAL-v1-q3-exactly10_sources-5036,3,frozen_baseline,10,346.5874662,0.0010230829939246178,10,1.0,3465.874662,True,
LOCAL-v1-q3-exactly10_sources-5037,3,frozen_baseline,10,389.5709703,0.0009588750544935465,10,1.0,3895.709703,True,
LOCAL-v1-q3-exactly10_sources-5038,3,frozen_baseline,10,373.176898,0.0010364591144025326,10,1.0,3731.76898,True,
LOCAL-v1-q3-exactly10_sources-5039,3,frozen_baseline,10,352.9356156,0.0010252919746562839,10,1.0,3529.356156,True,
LOCAL-v1-q3-exactly10_sources-5040,3,frozen_baseline,10,334.8304057,0.0011203750036656857,10,1.0,3348.304057,True,
LOCAL-v1-q3-exactly10_sources-5041,3,frozen_baseline,10,322.5962123,0.0010270000202581286,10,1.0,3225.962123,True,
LOCAL-v1-q3-exactly10_sources-5042,3,frozen_baseline,10,342.69094789999997,0.0011607500491663814,10,1.0,3426.909479,True,
LOCAL-v1-q3-exactly10_sources-5043,3,frozen_baseline,10,333.7456006,0.0010368750663474202,10,1.0,3337.456006,True,
LOCAL-v1-q3-exactly10_sources-5044,3,frozen_baseline,10,362.7028378,0.000986957922577858,10,1.0,3627.028378,True,
LOCAL-v1-q3-exactly10_sources-5045,3,frozen_baseline,10,371.451238,0.0011122080031782389,10,1.0,3714.51238,True,
LOCAL-v1-q3-exactly10_sources-5046,3,frozen_baseline,10,387.867714,0.0009558330057188869,10,1.0,3878.67714,True,
LOCAL-v1-q3-exactly10_sources-5047,3,frozen_baseline,10,376.4498119,0.0010213329223915935,10,1.0,3764.498119,True,
LOCAL-v1-q3-exactly10_sources-5048,3,frozen_baseline,10,341.9431667,0.0010008750250563025,10,1.0,3419.431667,True,
LOCAL-v1-q3-exactly10_sources-5049,3,frozen_baseline,10,355.943662,0.00108233408536762,10,1.0,3559.43662,True,
LOCAL-v1-q3-exactly10_sources-5050,3,frozen_baseline,10,334.2026735,0.0010176659561693668,10,1.0,3342.026735,True,
LOCAL-v1-q3-exactly10_sources-5051,3,frozen_baseline,10,449.1619164,0.0010719579877331853,10,1.0,4491.619164,True,
LOCAL-v1-q3-exactly10_sources-5052,3,frozen_baseline,10,383.724313,0.0011311249108985066,10,1.0,3837.24313,True,
LOCAL-v1-q3-exactly10_sources-5053,3,frozen_baseline,10,371.3141865,0.00120749999769032,10,1.0,3713.141865,True,
LOCAL-v1-q3-exactly10_sources-5054,3,frozen_baseline,10,346.7722632,0.001111541991122067,10,1.0,3467.722632,True,
LOCAL-v1-q3-exactly10_sources-5055,3,frozen_baseline,10,345.5441186,0.0009760409593582153,10,1.0,3455.441186,True,
LOCAL-v1-q3-exactly10_sources-5056,3,frozen_baseline,10,367.1556533,0.0010363329201936722,10,1.0,3671.556533,True,
LOCAL-v1-q3-exactly10_sources-5057,3,frozen_baseline,10,349.9008124,0.001101000001654029,10,1.0,3499.008124,True,
LOCAL-v1-q3-exactly10_sources-5058,3,frozen_baseline,10,346.38800200000003,0.0011041249381378293,10,1.0,3463.88002,True,
LOCAL-v1-q3-exactly10_sources-5059,3,frozen_baseline,10,342.5745958,0.0010696669341996312,10,1.0,3425.745958,True,
LOCAL-v1-q3-exactly10_sources-5060,3,frozen_baseline,10,336.745658,0.0010525420075282454,10,1.0,3367.45658,True,
LOCAL-v1-q3-exactly10_sources-5061,3,frozen_baseline,10,342.915557,0.0010787500068545341,10,1.0,3429.15557,True,
LOCAL-v1-q3-exactly10_sources-5062,3,frozen_baseline,10,394.9475473,0.0009534170385450125,10,1.0,3949.475473,True,
LOCAL-v1-q3-exactly10_sources-5063,3,frozen_baseline,10,372.0240296,0.0009690839797258377,10,1.0,3720.240296,True,
LOCAL-v1-q3-exactly10_sources-5064,3,frozen_baseline,10,365.4539198,0.001154207973740995,10,1.0,3654.539198,True,
LOCAL-v1-q3-exactly10_sources-5065,3,frozen_baseline,10,348.5659578,0.0010489580454304814,10,1.0,3485.659578,True,
LOCAL-v1-q3-exactly10_sources-5066,3,frozen_baseline,10,334.9132881,0.0010343330213800073,10,1.0,3349.132881,True,
LOCAL-v1-q3-exactly10_sources-5067,3,frozen_baseline,10,398.3257098,0.0011441670358181,10,1.0,3983.257098,True,
LOCAL-v1-q3-exactly10_sources-5068,3,frozen_baseline,10,368.2242073,0.001065292046405375,10,1.0,3682.242073,True,
LOCAL-v1-q3-exactly10_sources-5069,3,frozen_baseline,10,358.46449590000003,0.0010218750685453415,10,1.0,3584.644959,True,
LOCAL-v1-q3-exactly10_sources-5070,3,frozen_baseline,10,358.001403,0.001194374985061586,10,1.0,3580.01403,True,
LOCAL-v1-q3-exactly10_sources-5071,3,frozen_baseline,10,346.34196149999997,0.0009672499727457762,10,1.0,3463.419615,True,
LOCAL-v1-q3-exactly10_sources-5072,3,frozen_baseline,10,368.59173300000003,0.0011462499387562275,10,1.0,3685.91733,True,
LOCAL-v1-q3-exactly10_sources-5073,3,frozen_baseline,10,366.8441139,0.0010876670712605119,10,1.0,3668.441139,True,
LOCAL-v1-q3-exactly10_sources-5074,3,frozen_baseline,10,354.7625645,0.0010912499856203794,10,1.0,3547.625645,True,
LOCAL-v1-q3-exactly10_sources-5075,3,frozen_baseline,10,394.7060226,0.0010961249936372042,10,1.0,3947.060226,True,
LOCAL-v1-q3-exactly10_sources-5076,3,frozen_baseline,10,376.49026749999996,0.0011225830530747771,10,1.0,3764.902675,True,
LOCAL-v1-q3-exactly10_sources-5077,3,frozen_baseline,10,349.2240925,0.0010814169654622674,10,1.0,3492.240925,True,
LOCAL-v1-q3-exactly10_sources-5078,3,frozen_baseline,10,363.1657865,0.0011838750215247273,10,1.0,3631.657865,True,
LOCAL-v1-q3-exactly10_sources-5079,3,frozen_baseline,10,356.76411229999997,0.0011232499964535236,10,1.0,3567.641123,True,
LOCAL-v1-q3-exactly10_sources-5080,3,frozen_baseline,10,331.9749026,0.0009603750659152865,10,1.0,3319.749026,True,
LOCAL-v1-q3-exactly10_sources-5081,3,frozen_baseline,10,333.9376972,0.0010966249974444509,10,1.0,3339.376972,True,
LOCAL-v1-q3-exactly10_sources-5082,3,frozen_baseline,10,388.21425239999996,0.00114483293145895,10,1.0,3882.142524,True,
LOCAL-v1-q3-exactly10_sources-5083,3,frozen_baseline,10,344.1869115,0.0010105420369654894,10,1.0,3441.869115,True,
LOCAL-v1-q3-exactly10_sources-5084,3,frozen_baseline,10,314.7198985,0.0010278329718858004,10,1.0,3147.198985,True,
LOCAL-v1-q3-exactly10_sources-5085,3,frozen_baseline,10,339.9422747,0.00097287492826581,10,1.0,3399.422747,True,
LOCAL-v1-q3-exactly10_sources-5086,3,frozen_baseline,10,341.85420949999997,0.0010157499928027391,10,1.0,3418.542095,True,
LOCAL-v1-q3-exactly10_sources-5087,3,frozen_baseline,10,391.1115972,0.0011812909506261349,10,1.0,3911.115972,True,
LOCAL-v1-q3-exactly10_sources-5088,3,frozen_baseline,10,324.2446214,0.0009933749679476023,10,1.0,3242.446214,True,
LOCAL-v1-q3-exactly10_sources-5089,3,frozen_baseline,10,323.74907939999997,0.0009752499172464013,10,1.0,3237.490794,True,
LOCAL-v1-q3-exactly10_sources-5090,3,frozen_baseline,10,395.9105654,0.0010867080418393016,10,1.0,3959.105654,True,
LOCAL-v1-q3-exactly10_sources-5091,3,frozen_baseline,10,335.26649299999997,0.0010010419646278024,10,1.0,3352.66493,True,
LOCAL-v1-q3-exactly10_sources-5092,3,frozen_baseline,10,348.5013468,0.0010689579648897052,10,1.0,3485.013468,True,
LOCAL-v1-q3-exactly10_sources-5093,3,frozen_baseline,10,351.2377059,0.0010463329963386059,10,1.0,3512.377059,True,
LOCAL-v1-q3-exactly10_sources-5094,3,frozen_baseline,10,382.0860657,0.0011093749199062586,10,1.0,3820.860657,True,
LOCAL-v1-q3-exactly10_sources-5095,3,frozen_baseline,10,322.5870367,0.001116375089623034,10,1.0,3225.870367,True,
LOCAL-v1-q3-exactly10_sources-5096,3,frozen_baseline,10,392.9929065,0.0010342500172555447,10,1.0,3929.929065,True,
LOCAL-v1-q3-exactly10_sources-5097,3,frozen_baseline,10,380.25699180000004,0.0010613750200718641,10,1.0,3802.569918,True,
LOCAL-v1-q3-exactly10_sources-5098,3,frozen_baseline,10,347.796915,0.0009656250476837158,10,1.0,3477.96915,True,
LOCAL-v1-q3-exactly10_sources-5099,3,frozen_baseline,10,357.79986399999996,0.0011832080781459808,10,1.0,3577.99864,True,
LOCAL-v1-q3-exactly16_sources-5000,3,frozen_baseline,16,282.9764535625,0.0015517080901190639,16,1.0,4527.623257,True,
LOCAL-v1-q3-exactly16_sources-5001,3,frozen_baseline,16,242.701398875,0.0015724580734968185,16,1.0,3883.222382,True,
LOCAL-v1-q3-exactly16_sources-5002,3,frozen_baseline,16,250.5253479375,0.0013611669419333339,16,1.0,4008.405567,True,
LOCAL-v1-q3-exactly16_sources-5003,3,frozen_baseline,16,240.5984198125,0.0014872089959681034,16,1.0,3849.574717,True,
LOCAL-v1-q3-exactly16_sources-5004,3,frozen_baseline,16,257.30547975,0.0015200000489130616,16,1.0,4116.887676,True,
LOCAL-v1-q3-exactly16_sources-5005,3,frozen_baseline,16,252.6656855,0.001695082988590002,16,1.0,4042.650968,True,
LOCAL-v1-q3-exactly16_sources-5006,3,frozen_baseline,16,279.74379075,0.0015616660239174962,16,1.0,4475.900652,True,
LOCAL-v1-q3-exactly16_sources-5007,3,frozen_baseline,16,249.6440319375,0.0014785840176045895,16,1.0,3994.304511,True,
LOCAL-v1-q3-exactly16_sources-5008,3,frozen_baseline,16,244.2223628125,0.0016134158940985799,16,1.0,3907.557805,True,
LOCAL-v1-q3-exactly16_sources-5009,3,frozen_baseline,16,248.0629074375,0.0014896669890731573,16,1.0,3969.006519,True,
LOCAL-v1-q3-exactly16_sources-5010,3,frozen_baseline,16,259.3008236875,0.0015671250876039267,16,1.0,4148.813179,True,
LOCAL-v1-q3-exactly16_sources-5011,3,frozen_baseline,16,277.23241325,0.0014563750009983778,16,1.0,4435.718612,True,
LOCAL-v1-q3-exactly16_sources-5012,3,frozen_baseline,16,244.56860275,0.0015617499593645334,16,1.0,3913.097644,True,
LOCAL-v1-q3-exactly16_sources-5013,3,frozen_baseline,16,260.721391125,0.001536083989776671,16,1.0,4171.542258,True,
LOCAL-v1-q3-exactly16_sources-5014,3,frozen_baseline,16,250.85045825,0.0015220839995890856,16,1.0,4013.607332,True,
LOCAL-v1-q3-exactly16_sources-5015,3,frozen_baseline,16,267.2309790625,0.001518749981187284,16,1.0,4275.695665,True,
LOCAL-v1-q3-exactly16_sources-5016,3,frozen_baseline,16,256.052974875,0.0015860829735174775,16,1.0,4096.847598,True,
LOCAL-v1-q3-exactly16_sources-5017,3,frozen_baseline,16,256.6807231875,0.0013516659382730722,16,1.0,4106.891571,True,
LOCAL-v1-q3-exactly16_sources-5018,3,frozen_baseline,16,296.99508575,0.0015297499485313892,16,1.0,4751.921372,True,
LOCAL-v1-q3-exactly16_sources-5019,3,frozen_baseline,16,283.2683320625,0.0013631669571623206,16,1.0,4532.293313,True,
LOCAL-v1-q3-exactly16_sources-5020,3,frozen_baseline,16,266.0172461875,0.0014809999847784638,16,1.0,4256.275939,True,
LOCAL-v1-q3-exactly16_sources-5021,3,frozen_baseline,16,272.2531525625,0.0015424999874085188,16,1.0,4356.050441,True,
LOCAL-v1-q3-exactly16_sources-5022,3,frozen_baseline,16,268.70228025,0.0014729590620845556,16,1.0,4299.236484,True,
LOCAL-v1-q3-exactly16_sources-5023,3,frozen_baseline,16,226.11858025,0.0013411249965429306,16,1.0,3617.897284,True,
LOCAL-v1-q3-exactly16_sources-5024,3,frozen_baseline,16,268.9887669375,0.001674833009019494,16,1.0,4303.820271,True,
LOCAL-v1-q3-exactly16_sources-5025,3,frozen_baseline,16,266.0792206875,0.0015412080101668835,16,1.0,4257.267531,True,
LOCAL-v1-q3-exactly16_sources-5026,3,frozen_baseline,16,299.5751114375,0.0016110000433400273,16,1.0,4793.201783,True,
LOCAL-v1-q3-exactly16_sources-5027,3,frozen_baseline,16,232.5955356875,0.0014938750537112355,16,1.0,3721.528571,True,
LOCAL-v1-q3-exactly16_sources-5028,3,frozen_baseline,16,265.441636875,0.0015548750525340438,16,1.0,4247.06619,True,
LOCAL-v1-q3-exactly16_sources-5029,3,frozen_baseline,16,250.7337781875,0.0014832500601187348,16,1.0,4011.740451,True,
LOCAL-v1-q3-exactly16_sources-5030,3,frozen_baseline,16,253.46435675,0.00404608401004225,16,1.0,4055.429708,True,
LOCAL-v1-q3-exactly16_sources-5031,3,frozen_baseline,16,260.85283825,0.001629207981750369,16,1.0,4173.645412,True,
LOCAL-v1-q3-exactly16_sources-5032,3,frozen_baseline,16,288.16257325,0.0017417080234736204,16,1.0,4610.601172,True,
LOCAL-v1-q3-exactly16_sources-5033,3,frozen_baseline,16,249.716264625,0.001402541995048523,16,1.0,3995.460234,True,
LOCAL-v1-q3-exactly16_sources-5034,3,frozen_baseline,16,253.77811075,0.0016302919248118997,16,1.0,4060.449772,True,
LOCAL-v1-q3-exactly16_sources-5035,3,frozen_baseline,16,285.7722114375,0.0015702910022810102,16,1.0,4572.355383,True,
LOCAL-v1-q3-exactly16_sources-5036,3,frozen_baseline,16,241.2167435625,0.001415250007994473,16,1.0,3859.467897,True,
LOCAL-v1-q3-exactly16_sources-5037,3,frozen_baseline,16,241.8761270625,0.0014899999368935823,16,1.0,3870.018033,True,
LOCAL-v1-q3-exactly16_sources-5038,3,frozen_baseline,16,275.48420675,0.0015531660756096244,16,1.0,4407.747308,True,
LOCAL-v1-q3-exactly16_sources-5039,3,frozen_baseline,16,261.104684,0.0014095830265432596,16,1.0,4177.674944,True,
LOCAL-v1-q3-exactly16_sources-5040,3,frozen_baseline,16,279.3794929375,0.0014034999767318368,16,1.0,4470.071887,True,
LOCAL-v1-q3-exactly16_sources-5041,3,frozen_baseline,16,255.053448375,0.001477541052736342,16,1.0,4080.855174,True,
LOCAL-v1-q3-exactly16_sources-5042,3,frozen_baseline,16,259.972884625,0.0015038750134408474,16,1.0,4159.566154,True,
LOCAL-v1-q3-exactly16_sources-5043,3,frozen_baseline,16,248.3639508125,0.001629916951060295,16,1.0,3973.823213,True,
LOCAL-v1-q3-exactly16_sources-5044,3,frozen_baseline,16,235.5035523125,0.0014174580574035645,16,1.0,3768.056837,True,
LOCAL-v1-q3-exactly16_sources-5045,3,frozen_baseline,16,256.9794864375,0.0016624999698251486,16,1.0,4111.671783,True,
LOCAL-v1-q3-exactly16_sources-5046,3,frozen_baseline,16,275.5745915,0.0015152919804677367,16,1.0,4409.193464,True,
LOCAL-v1-q3-exactly16_sources-5047,3,frozen_baseline,16,230.7874636875,0.0014493330381810665,16,1.0,3692.599419,True,
LOCAL-v1-q3-exactly16_sources-5048,3,frozen_baseline,16,251.648514875,0.0015443750889971852,16,1.0,4026.376238,True,
LOCAL-v1-q3-exactly16_sources-5049,3,frozen_baseline,16,257.3075888125,0.0015707920538261533,16,1.0,4116.921421,True,
LOCAL-v1-q3-exactly16_sources-5050,3,frozen_baseline,16,248.2239980625,0.001470666960813105,16,1.0,3971.583969,True,
LOCAL-v1-q3-exactly16_sources-5051,3,frozen_baseline,16,258.601975625,0.0015665000537410378,16,1.0,4137.63161,True,
LOCAL-v1-q3-exactly16_sources-5052,3,frozen_baseline,16,272.8621143125,0.0014835839392617345,16,1.0,4365.793829,True,
LOCAL-v1-q3-exactly16_sources-5053,3,frozen_baseline,16,252.2673453125,0.0013469590339809656,16,1.0,4036.277525,True,
LOCAL-v1-q3-exactly16_sources-5054,3,frozen_baseline,16,262.790193,0.0014185409527271986,16,1.0,4204.643088,True,
LOCAL-v1-q3-exactly16_sources-5055,3,frozen_baseline,16,255.49022775,0.001437583938241005,16,1.0,4087.843644,True,
LOCAL-v1-q3-exactly16_sources-5056,3,frozen_baseline,16,244.18355925,0.001485500019043684,16,1.0,3906.936948,True,
LOCAL-v1-q3-exactly16_sources-5057,3,frozen_baseline,16,251.6540956875,0.0016374168917536736,16,1.0,4026.465531,True,
LOCAL-v1-q3-exactly16_sources-5058,3,frozen_baseline,16,211.573409875,0.0013010420370846987,16,1.0,3385.174558,True,
LOCAL-v1-q3-exactly16_sources-5059,3,frozen_baseline,16,268.419886,0.001430041971616447,16,1.0,4294.718176,True,
LOCAL-v1-q3-exactly16_sources-5060,3,frozen_baseline,16,239.7427771875,0.0014835409820079803,16,1.0,3835.884435,True,
LOCAL-v1-q3-exactly16_sources-5061,3,frozen_baseline,16,297.62277375,0.001495208009146154,16,1.0,4761.96438,True,
LOCAL-v1-q3-exactly16_sources-5062,3,frozen_baseline,16,249.1404301875,0.0013197920052334666,16,1.0,3986.246883,True,
LOCAL-v1-q3-exactly16_sources-5063,3,frozen_baseline,16,259.7369274375,0.0014807910192757845,16,1.0,4155.790839,True,
LOCAL-v1-q3-exactly16_sources-5064,3,frozen_baseline,16,275.726359125,0.0014838749775663018,16,1.0,4411.621746,True,
LOCAL-v1-q3-exactly16_sources-5065,3,frozen_baseline,16,246.4867304375,0.001411916920915246,16,1.0,3943.787687,True,
LOCAL-v1-q3-exactly16_sources-5066,3,frozen_baseline,16,263.5460693125,0.0014001249801367521,16,1.0,4216.737109,True,
LOCAL-v1-q3-exactly16_sources-5067,3,frozen_baseline,16,267.5560099375,0.001662166090682149,16,1.0,4280.896159,True,
LOCAL-v1-q3-exactly16_sources-5068,3,frozen_baseline,16,270.5865595,0.0015390829648822546,16,1.0,4329.384952,True,
LOCAL-v1-q3-exactly16_sources-5069,3,frozen_baseline,16,254.7702769375,0.001532917027361691,16,1.0,4076.324431,True,
LOCAL-v1-q3-exactly16_sources-5070,3,frozen_baseline,16,256.6016313125,0.0015625840751454234,16,1.0,4105.626101,True,
LOCAL-v1-q3-exactly16_sources-5071,3,frozen_baseline,16,279.368518125,0.0015294579789042473,16,1.0,4469.89629,True,
LOCAL-v1-q3-exactly16_sources-5072,3,frozen_baseline,16,238.733980625,0.0014006249839439988,16,1.0,3819.74369,True,
LOCAL-v1-q3-exactly16_sources-5073,3,frozen_baseline,16,309.17354825,0.0016588339349254966,16,1.0,4946.776772,True,
LOCAL-v1-q3-exactly16_sources-5074,3,frozen_baseline,16,240.63327025,0.0015047499909996986,16,1.0,3850.132324,True,
LOCAL-v1-q3-exactly16_sources-5075,3,frozen_baseline,16,271.9668070625,0.001511584036052227,16,1.0,4351.468913,True,
LOCAL-v1-q3-exactly16_sources-5076,3,frozen_baseline,16,221.440714625,0.0014295420842245221,16,1.0,3543.051434,True,
LOCAL-v1-q3-exactly16_sources-5077,3,frozen_baseline,16,255.7308425625,0.0014856249326840043,16,1.0,4091.693481,True,
LOCAL-v1-q3-exactly16_sources-5078,3,frozen_baseline,16,232.2571135625,0.0017016250640153885,16,1.0,3716.113817,True,
LOCAL-v1-q3-exactly16_sources-5079,3,frozen_baseline,16,279.4935595,0.0013652079505845904,16,1.0,4471.896952,True,
LOCAL-v1-q3-exactly16_sources-5080,3,frozen_baseline,16,271.3768011875,0.0015649580163881183,16,1.0,4342.028819,True,
LOCAL-v1-q3-exactly16_sources-5081,3,frozen_baseline,16,239.019877125,0.001447124988771975,16,1.0,3824.318034,True,
LOCAL-v1-q3-exactly16_sources-5082,3,frozen_baseline,16,270.0133695,0.001409459044225514,16,1.0,4320.213912,True,
LOCAL-v1-q3-exactly16_sources-5083,3,frozen_baseline,16,285.2159106875,0.0015449170023202896,16,1.0,4563.454571,True,
LOCAL-v1-q3-exactly16_sources-5084,3,frozen_baseline,16,265.0563035625,0.0015904579777270555,16,1.0,4240.900857,True,
LOCAL-v1-q3-exactly16_sources-5085,3,frozen_baseline,16,244.1722564375,0.0015660839853808284,16,1.0,3906.756103,True,
LOCAL-v1-q3-exactly16_sources-5086,3,frozen_baseline,16,233.769822875,0.0015502499882131815,16,1.0,3740.317166,True,
LOCAL-v1-q3-exactly16_sources-5087,3,frozen_baseline,16,247.68604825,0.001441249973140657,16,1.0,3962.976772,True,
LOCAL-v1-q3-exactly16_sources-5088,3,frozen_baseline,16,226.3097661875,0.0015239580534398556,16,1.0,3620.956259,True,
LOCAL-v1-q3-exactly16_sources-5089,3,frozen_baseline,16,277.4882148125,0.0016002499032765627,16,1.0,4439.811437,True,
LOCAL-v1-q3-exactly16_sources-5090,3,frozen_baseline,16,258.211535875,0.001435499987564981,16,1.0,4131.384574,True,
LOCAL-v1-q3-exactly16_sources-5091,3,frozen_baseline,16,264.8371161875,0.001661792048253119,16,1.0,4237.393859,True,
LOCAL-v1-q3-exactly16_sources-5092,3,frozen_baseline,16,248.4156640625,0.0015104999765753746,16,1.0,3974.650625,True,
LOCAL-v1-q3-exactly16_sources-5093,3,frozen_baseline,16,215.411677625,0.0014651250094175339,16,1.0,3446.586842,True,
LOCAL-v1-q3-exactly16_sources-5094,3,frozen_baseline,16,288.4583174375,0.0015718749491497874,16,1.0,4615.333079,True,
LOCAL-v1-q3-exactly16_sources-5095,3,frozen_baseline,16,258.8160541875,0.0014436660567298532,16,1.0,4141.056867,True,
LOCAL-v1-q3-exactly16_sources-5096,3,frozen_baseline,16,251.396764125,0.00147070805542171,16,1.0,4022.348226,True,
LOCAL-v1-q3-exactly16_sources-5097,3,frozen_baseline,16,234.9973629375,0.0014714589342474937,16,1.0,3759.957807,True,
LOCAL-v1-q3-exactly16_sources-5098,3,frozen_baseline,16,260.62969925,0.0016601660754531622,16,1.0,4170.075188,True,
LOCAL-v1-q3-exactly16_sources-5099,3,frozen_baseline,16,226.016537375,0.0014204580802470446,16,1.0,3616.264598,True,
LOCAL-v1-q4-reference_assumed-5000,4,frozen_baseline,11,599.840063,0.018438333994708955,11,1.0,6598.240693,True,
LOCAL-v1-q4-reference_assumed-5001,4,frozen_baseline,14,544.6526032857143,0.018266209051944315,14,1.0,7625.136446,True,
LOCAL-v1-q4-reference_assumed-5002,4,frozen_baseline,15,468.19097700000003,0.015268833027221262,15,1.0,7022.864655,True,
LOCAL-v1-q4-reference_assumed-5003,4,frozen_baseline,11,619.2687357272727,0.016508334083482623,11,1.0,6811.956093,True,
LOCAL-v1-q4-reference_assumed-5004,4,frozen_baseline,12,528.41223475,0.01703850005287677,12,1.0,6340.946817,True,
LOCAL-v1-q4-reference_assumed-5005,4,frozen_baseline,11,566.3165002727272,0.020051792031154037,11,1.0,6229.481503,True,
LOCAL-v1-q4-reference_assumed-5006,4,frozen_baseline,11,644.458277909091,0.01836674998048693,11,1.0,7089.041057,True,
LOCAL-v1-q4-reference_assumed-5007,4,frozen_baseline,11,623.1219978181817,0.022342000040225685,11,1.0,6854.341976,True,
LOCAL-v1-q4-reference_assumed-5008,4,frozen_baseline,10,814.8688037,0.01946608303114772,10,1.0,8148.688037,True,
LOCAL-v1-q4-reference_assumed-5009,4,frozen_baseline,14,467.51132,0.021798167028464377,14,1.0,6545.15848,True,
LOCAL-v1-q4-reference_assumed-5010,4,frozen_baseline,12,523.51339525,0.01853266602847725,12,1.0,6282.160743,True,
LOCAL-v1-q4-reference_assumed-5011,4,frozen_baseline,15,450.05365873333335,0.01851249998435378,15,1.0,6750.804881,True,
LOCAL-v1-q4-reference_assumed-5012,4,frozen_baseline,10,657.2471982,0.01433529204223305,10,1.0,6572.471982,True,
LOCAL-v1-q4-reference_assumed-5013,4,frozen_baseline,12,583.6623150833333,0.014776000054553151,12,1.0,7003.947781,True,
LOCAL-v1-q4-reference_assumed-5014,4,frozen_baseline,11,632.9041657272727,0.01753504096996039,11,1.0,6961.945823,True,
LOCAL-v1-q4-reference_assumed-5015,4,frozen_baseline,12,545.9013948333334,0.019001250038854778,12,1.0,6550.816738,True,
LOCAL-v1-q4-reference_assumed-5016,4,frozen_baseline,16,401.793748375,0.018768416019156575,16,1.0,6428.699974,True,
LOCAL-v1-q4-reference_assumed-5017,4,frozen_baseline,15,549.6781098666667,0.016641209018416703,15,1.0,8245.171648,True,
LOCAL-v1-q4-reference_assumed-5018,4,frozen_baseline,10,796.2987323,0.016056666965596378,10,1.0,7962.987323,True,
LOCAL-v1-q4-reference_assumed-5019,4,frozen_baseline,11,625.9010803636364,0.017639667028561234,11,1.0,6884.911884,True,
LOCAL-v1-q4-reference_assumed-5020,4,frozen_baseline,16,453.95744875,0.016721374937333167,16,1.0,7263.31918,True,
LOCAL-v1-q4-reference_assumed-5021,4,frozen_baseline,14,528.5917218571428,0.018196374992839992,14,1.0,7400.284106,True,
LOCAL-v1-q4-reference_assumed-5022,4,frozen_baseline,14,550.7124377857143,0.019812875078059733,14,1.0,7709.974129,True,
LOCAL-v1-q4-reference_assumed-5023,4,frozen_baseline,15,411.6532883333333,0.02261095796711743,15,1.0,6174.799325,True,
LOCAL-v1-q4-reference_assumed-5024,4,frozen_baseline,13,489.6105983076923,0.01611949992366135,13,1.0,6364.937778,True,
LOCAL-v1-q4-reference_assumed-5025,4,frozen_baseline,12,620.79194375,0.019788083038292825,12,1.0,7449.503325,True,
LOCAL-v1-q4-reference_assumed-5026,4,frozen_baseline,15,430.5395578,0.01952512504067272,15,1.0,6458.093367,True,
LOCAL-v1-q4-reference_assumed-5027,4,frozen_baseline,11,640.5039158181818,0.018402375048026443,11,1.0,7045.543074,True,
LOCAL-v1-q4-reference_assumed-5028,4,frozen_baseline,10,679.8445515000001,0.01617962506134063,10,1.0,6798.445515,True,
LOCAL-v1-q4-reference_assumed-5029,4,frozen_baseline,11,688.4357184545454,0.016512000001966953,11,1.0,7572.792903,True,
LOCAL-v1-q4-reference_assumed-5030,4,frozen_baseline,12,697.38049625,0.018398915999569,12,1.0,8368.565955,True,
LOCAL-v1-q4-reference_assumed-5031,4,frozen_baseline,15,504.49689086666666,0.01968899997882545,15,1.0,7567.453363,True,
LOCAL-v1-q4-reference_assumed-5032,4,frozen_baseline,11,559.0710585454545,0.01778649992775172,11,1.0,6149.781644,True,
LOCAL-v1-q4-reference_assumed-5033,4,frozen_baseline,14,445.2781163571429,0.019003958092071116,14,1.0,6233.893629,True,
LOCAL-v1-q4-reference_assumed-5034,4,frozen_baseline,16,490.203628625,0.01970945904031396,16,1.0,7843.258058,True,
LOCAL-v1-q4-reference_assumed-5035,4,frozen_baseline,10,704.5816368,0.014826332917436957,10,1.0,7045.816368,True,
LOCAL-v1-q4-reference_assumed-5036,4,frozen_baseline,15,488.2574426,0.015811167075298727,15,1.0,7323.861639,True,
LOCAL-v1-q4-reference_assumed-5037,4,frozen_baseline,15,550.2521052666667,0.02182475000154227,15,1.0,8253.781579,True,
LOCAL-v1-q4-reference_assumed-5038,4,frozen_baseline,16,410.1532484375,0.01911745802499354,16,1.0,6562.451975,True,
LOCAL-v1-q4-reference_assumed-5039,4,frozen_baseline,10,679.9325279,0.01727583399042487,10,1.0,6799.325279,True,
LOCAL-v1-q4-reference_assumed-5040,4,frozen_baseline,15,422.29870300000005,0.017942290985956788,15,1.0,6334.480545,True,
LOCAL-v1-q4-reference_assumed-5041,4,frozen_baseline,15,525.4085812,0.02078533300664276,15,1.0,7881.128718,True,
LOCAL-v1-q4-reference_assumed-5042,4,frozen_baseline,11,603.1172753636364,0.020450124982744455,11,1.0,6634.290029,True,
LOCAL-v1-q4-reference_assumed-5043,4,frozen_baseline,12,580.3268004166667,0.022982334019616246,12,1.0,6963.921605,True,
LOCAL-v1-q4-reference_assumed-5044,4,frozen_baseline,11,683.660791,0.01693241694010794,11,1.0,7520.268701,True,
LOCAL-v1-q4-reference_assumed-5045,4,frozen_baseline,11,569.6669296363636,0.014533833949826658,11,1.0,6266.336226,True,
LOCAL-v1-q4-reference_assumed-5046,4,frozen_baseline,10,650.2828733,0.017248208983801305,10,1.0,6502.828733,True,
LOCAL-v1-q4-reference_assumed-5047,4,frozen_baseline,16,392.92408325,0.02253316598944366,16,1.0,6286.785332,True,
LOCAL-v1-q4-reference_assumed-5048,4,frozen_baseline,12,556.604422,0.015030540991574526,12,1.0,6679.253064,True,
LOCAL-v1-q4-reference_assumed-5049,4,frozen_baseline,10,737.8516804,0.017997249960899353,10,1.0,7378.516804,True,
LOCAL-v1-q4-reference_assumed-5050,4,frozen_baseline,15,469.9882676,0.01988966704811901,15,1.0,7049.824014,True,
LOCAL-v1-q4-reference_assumed-5051,4,frozen_baseline,11,660.1872349090909,0.015321042039431632,11,1.0,7262.059584,True,
LOCAL-v1-q4-reference_assumed-5052,4,frozen_baseline,13,482.30088423076927,0.017699333024211228,13,1.0,6269.911495,True,
LOCAL-v1-q4-reference_assumed-5053,4,frozen_baseline,16,413.3526328125,0.02044970798306167,16,1.0,6613.642125,True,
LOCAL-v1-q4-reference_assumed-5054,4,frozen_baseline,16,420.4218415625,0.02009629097301513,16,1.0,6726.749465,True,
LOCAL-v1-q4-reference_assumed-5055,4,frozen_baseline,12,702.4245598333333,0.01453729101922363,12,1.0,8429.094718,True,
LOCAL-v1-q4-reference_assumed-5056,4,frozen_baseline,13,503.2132043846154,0.01649379206355661,13,1.0,6541.771657,True,
LOCAL-v1-q4-reference_assumed-5057,4,frozen_baseline,13,525.8481337692308,0.01479770801961422,13,1.0,6836.025739,True,
LOCAL-v1-q4-reference_assumed-5058,4,frozen_baseline,14,465.2459070714286,0.017603332991711795,14,1.0,6513.442699,True,
LOCAL-v1-q4-reference_assumed-5059,4,frozen_baseline,12,557.31233075,0.017361875041387975,12,1.0,6687.747969,True,
LOCAL-v1-q4-reference_assumed-5060,4,frozen_baseline,11,627.9468371818182,0.0190348339965567,11,1.0,6907.415209,True,
LOCAL-v1-q4-reference_assumed-5061,4,frozen_baseline,13,589.9307072307693,0.017476166016422212,13,1.0,7669.099194,True,
LOCAL-v1-q4-reference_assumed-5062,4,frozen_baseline,16,620.640057,0.022047500009648502,16,1.0,9930.240912,True,
LOCAL-v1-q4-reference_assumed-5063,4,frozen_baseline,15,450.1722162,0.021765915909782052,15,1.0,6752.583243,True,
LOCAL-v1-q4-reference_assumed-5064,4,frozen_baseline,13,505.61541415384613,0.018317708047106862,13,1.0,6573.000384,True,
LOCAL-v1-q4-reference_assumed-5065,4,frozen_baseline,12,610.00306625,0.017486791010014713,12,1.0,7320.036795,True,
LOCAL-v1-q4-reference_assumed-5066,4,frozen_baseline,10,646.3032812,0.028237959020771086,10,1.0,6463.032812,True,
LOCAL-v1-q4-reference_assumed-5067,4,frozen_baseline,16,437.9762419375,0.021157916984520853,16,1.0,7007.619871,True,
LOCAL-v1-q4-reference_assumed-5068,4,frozen_baseline,13,578.3184062307693,0.019733750028535724,13,1.0,7518.139281,True,
LOCAL-v1-q4-reference_assumed-5069,4,frozen_baseline,14,630.5991988571429,0.019332624971866608,14,1.0,8828.388784,True,
LOCAL-v1-q4-reference_assumed-5070,4,frozen_baseline,12,550.2090033333333,0.016469541005790234,12,1.0,6602.50804,True,
LOCAL-v1-q4-reference_assumed-5071,4,frozen_baseline,12,563.5847838333333,0.01930649997666478,12,1.0,6763.017406,True,
LOCAL-v1-q4-reference_assumed-5072,4,frozen_baseline,15,484.1715461333333,0.014656709041446447,15,1.0,7262.573192,True,
LOCAL-v1-q4-reference_assumed-5073,4,frozen_baseline,10,617.9518816,0.016923957969993353,10,1.0,6179.518816,True,
LOCAL-v1-q4-reference_assumed-5074,4,frozen_baseline,16,421.9096605625,0.021216832916252315,16,1.0,6750.554569,True,
LOCAL-v1-q4-reference_assumed-5075,4,frozen_baseline,15,466.0731638,0.01776150008663535,15,1.0,6991.097457,True,
LOCAL-v1-q4-reference_assumed-5076,4,frozen_baseline,12,563.84831625,0.02210995799396187,12,1.0,6766.179795,True,
LOCAL-v1-q4-reference_assumed-5077,4,frozen_baseline,14,454.91972942857143,0.01751100004184991,14,1.0,6368.876212,True,
LOCAL-v1-q4-reference_assumed-5078,4,frozen_baseline,13,514.8831229230769,0.01900308404583484,13,1.0,6693.480598,True,
LOCAL-v1-q4-reference_assumed-5079,4,frozen_baseline,10,647.5099622,0.014813916990533471,10,1.0,6475.099622,True,
LOCAL-v1-q4-reference_assumed-5080,4,frozen_baseline,10,979.3210047,0.017555750091560185,10,1.0,9793.210047,True,
LOCAL-v1-q4-reference_assumed-5081,4,frozen_baseline,16,472.6885008125,0.018634291016496718,16,1.0,7563.016013,True,
LOCAL-v1-q4-reference_assumed-5082,4,frozen_baseline,13,539.0119212307692,0.016084542032331228,13,1.0,7007.154976,True,
LOCAL-v1-q4-reference_assumed-5083,4,frozen_baseline,13,559.7647041538462,0.020159041974693537,13,1.0,7276.941154,True,
LOCAL-v1-q4-reference_assumed-5084,4,frozen_baseline,14,566.9945386428572,0.018158167018555105,14,1.0,7937.923541,True,
LOCAL-v1-q4-reference_assumed-5085,4,frozen_baseline,15,415.3247566,0.01946258300449699,15,1.0,6229.871349,True,
LOCAL-v1-q4-reference_assumed-5086,4,frozen_baseline,12,622.3148574166667,0.02009062492288649,12,1.0,7467.778289,True,
LOCAL-v1-q4-reference_assumed-5087,4,frozen_baseline,13,549.8845437692308,0.01646816695574671,13,1.0,7148.499069,True,
LOCAL-v1-q4-reference_assumed-5088,4,frozen_baseline,16,493.202377875,0.022151750046759844,16,1.0,7891.238046,True,
LOCAL-v1-q4-reference_assumed-5089,4,frozen_baseline,15,488.364464,0.020537375006824732,15,1.0,7325.46696,True,
LOCAL-v1-q4-reference_assumed-5090,4,frozen_baseline,14,528.205831,0.015339459059759974,14,1.0,7394.881634,True,
LOCAL-v1-q4-reference_assumed-5091,4,frozen_baseline,12,602.5169233333334,0.017115958034992218,12,1.0,7230.20308,True,
LOCAL-v1-q4-reference_assumed-5092,4,frozen_baseline,11,567.3377536363637,0.018419958068989217,11,1.0,6240.71529,True,
LOCAL-v1-q4-reference_assumed-5093,4,frozen_baseline,15,529.2688561333333,0.01614745892584324,15,1.0,7939.032842,True,
LOCAL-v1-q4-reference_assumed-5094,4,frozen_baseline,11,749.1621640000001,0.014868875034153461,11,1.0,8240.783804,True,
LOCAL-v1-q4-reference_assumed-5095,4,frozen_baseline,10,688.0420197000001,0.017050374997779727,10,1.0,6880.420197,True,
LOCAL-v1-q4-reference_assumed-5096,4,frozen_baseline,14,478.8889315714286,0.02098629204556346,14,1.0,6704.445042,True,
LOCAL-v1-q4-reference_assumed-5097,4,frozen_baseline,13,549.2269992307693,0.019490416045300663,13,1.0,7139.95099,True,
LOCAL-v1-q4-reference_assumed-5098,4,frozen_baseline,16,406.7532150625,0.018808042048476636,16,1.0,6508.051441,True,
LOCAL-v1-q4-reference_assumed-5099,4,frozen_baseline,13,643.6463064615384,0.03194787504617125,13,1.0,8367.401984,True,
LOCAL-v1-q4-fixed_positive_bias-5000,4,frozen_baseline,11,647.6169078181819,0.01909429207444191,11,1.0,7123.785986,True,
LOCAL-v1-q4-fixed_positive_bias-5001,4,frozen_baseline,14,542.7024627142857,0.01793950004503131,14,1.0,7597.834478,True,
LOCAL-v1-q4-fixed_positive_bias-5002,4,frozen_baseline,15,494.08834459999997,0.015366000006906688,15,1.0,7411.325169,True,
LOCAL-v1-q4-fixed_positive_bias-5003,4,frozen_baseline,11,619.4778925454546,0.017381625017151237,11,1.0,6814.256818,True,
LOCAL-v1-q4-fixed_positive_bias-5004,4,frozen_baseline,12,521.8527876666667,0.01870337501168251,12,1.0,6262.233452,True,
LOCAL-v1-q4-fixed_positive_bias-5005,4,frozen_baseline,11,563.2058562727273,0.020056374953128397,11,1.0,6195.264419,True,
LOCAL-v1-q4-fixed_positive_bias-5006,4,frozen_baseline,11,630.2910909999999,0.018987625022418797,11,1.0,6933.202001,True,
LOCAL-v1-q4-fixed_positive_bias-5007,4,frozen_baseline,11,612.2778149090909,0.022592458059079945,11,1.0,6735.055964,True,
LOCAL-v1-q4-fixed_positive_bias-5008,4,frozen_baseline,10,1129.3774042,0.019757917034439743,10,1.0,11293.774042,True,
LOCAL-v1-q4-fixed_positive_bias-5009,4,frozen_baseline,14,487.3433439285714,0.019797082990407944,14,1.0,6822.806815,True,
LOCAL-v1-q4-fixed_positive_bias-5010,4,frozen_baseline,12,532.0656696666666,0.01884841697756201,12,1.0,6384.788036,True,
LOCAL-v1-q4-fixed_positive_bias-5011,4,frozen_baseline,15,708.3368226,0.018410707940347493,15,1.0,10625.052339,True,
LOCAL-v1-q4-fixed_positive_bias-5012,4,frozen_baseline,10,645.8885008999999,0.014506959007121623,10,1.0,6458.885009,True,
LOCAL-v1-q4-fixed_positive_bias-5013,4,frozen_baseline,12,790.9957625833334,0.01529579097405076,12,1.0,9491.949151,True,
LOCAL-v1-q4-fixed_positive_bias-5014,4,frozen_baseline,11,613.5659621818181,0.01454670901875943,11,1.0,6749.225584,True,
LOCAL-v1-q4-fixed_positive_bias-5015,4,frozen_baseline,12,536.0859515,0.018915749969892204,12,1.0,6433.031418,True,
LOCAL-v1-q4-fixed_positive_bias-5016,4,frozen_baseline,16,446.4601569375,0.018972583930008113,16,1.0,7143.362511,True,
LOCAL-v1-q4-fixed_positive_bias-5017,4,frozen_baseline,15,530.9082698666666,0.019023542059585452,15,1.0,7963.624048,True,
LOCAL-v1-q4-fixed_positive_bias-5018,4,frozen_baseline,10,736.3295971,0.015974667039699852,10,1.0,7363.295971,True,
LOCAL-v1-q4-fixed_positive_bias-5019,4,frozen_baseline,11,624.5664483636364,0.01787233306095004,11,1.0,6870.230932,True,
LOCAL-v1-q4-fixed_positive_bias-5020,4,frozen_baseline,16,399.8863685625,0.016534707974642515,16,1.0,6398.181897,True,
LOCAL-v1-q4-fixed_positive_bias-5021,4,frozen_baseline,14,924.6566287142857,0.018799958052113652,14,1.0,12945.192802,True,
LOCAL-v1-q4-fixed_positive_bias-5022,4,frozen_baseline,14,584.0761168571429,0.01975750003475696,14,1.0,8177.065636,True,
LOCAL-v1-q4-fixed_positive_bias-5023,4,frozen_baseline,15,512.6932488,0.020683333044871688,15,1.0,7690.398732,True,
LOCAL-v1-q4-fixed_positive_bias-5024,4,frozen_baseline,13,490.2051814615385,0.01623491698410362,13,1.0,6372.667359,True,
LOCAL-v1-q4-fixed_positive_bias-5025,4,frozen_baseline,12,624.0393021666666,0.01951908296905458,12,1.0,7488.471626,True,
LOCAL-v1-q4-fixed_positive_bias-5026,4,frozen_baseline,15,429.4525436,0.01932383410166949,15,1.0,6441.788154,True,
LOCAL-v1-q4-fixed_positive_bias-5027,4,frozen_baseline,11,639.7159478181818,0.018501584068872035,11,1.0,7036.875426,True,
LOCAL-v1-q4-fixed_positive_bias-5028,4,frozen_baseline,10,836.7672725,0.016574041917920113,10,1.0,8367.672725,True,
LOCAL-v1-q4-fixed_positive_bias-5029,4,frozen_baseline,11,624.8147927272728,0.016341333044692874,11,1.0,6872.96272,True,
LOCAL-v1-q4-fixed_positive_bias-5030,4,frozen_baseline,12,593.0133013333333,0.01814583409577608,12,1.0,7116.159616,True,
LOCAL-v1-q4-fixed_positive_bias-5031,4,frozen_baseline,15,553.9802912,0.01975758303888142,15,1.0,8309.704368,True,
LOCAL-v1-q4-fixed_positive_bias-5032,4,frozen_baseline,11,552.6472287272727,0.01800983294378966,11,1.0,6079.119516,True,
LOCAL-v1-q4-fixed_positive_bias-5033,4,frozen_baseline,14,444.8729249285714,0.019012290984392166,14,1.0,6228.220949,True,
LOCAL-v1-q4-fixed_positive_bias-5034,4,frozen_baseline,16,620.8279510625,0.019592124968767166,16,1.0,9933.247217,True,
LOCAL-v1-q4-fixed_positive_bias-5035,4,frozen_baseline,10,734.4142994,0.014969874988310039,10,1.0,7344.142994,True,
LOCAL-v1-q4-fixed_positive_bias-5036,4,frozen_baseline,15,617.7655486,0.01609379192814231,15,1.0,9266.483229,True,
LOCAL-v1-q4-fixed_positive_bias-5037,4,frozen_baseline,15,525.3197255333333,0.02176824992056936,15,1.0,7879.795883,True,
LOCAL-v1-q4-fixed_positive_bias-5038,4,frozen_baseline,16,468.2103924375,0.017994499998167157,16,1.0,7491.366279,True,
LOCAL-v1-q4-fixed_positive_bias-5039,4,frozen_baseline,10,681.6378251,0.016939499997533858,10,1.0,6816.378251,True,
LOCAL-v1-q4-fixed_positive_bias-5040,4,frozen_baseline,15,444.3993570666667,0.018088667071424425,15,1.0,6665.990356,True,
LOCAL-v1-q4-fixed_positive_bias-5041,4,frozen_baseline,15,491.11732986666664,0.020671042031608522,15,1.0,7366.759948,True,
LOCAL-v1-q4-fixed_positive_bias-5042,4,frozen_baseline,11,632.5621387272727,0.018004374927841127,11,1.0,6958.183526,True,
LOCAL-v1-q4-fixed_positive_bias-5043,4,frozen_baseline,12,682.3081060000001,0.023241834016516805,12,1.0,8187.697272,True,
LOCAL-v1-q4-fixed_positive_bias-5044,4,frozen_baseline,11,667.047251,0.016410208074375987,11,1.0,7337.519761,True,
LOCAL-v1-q4-fixed_positive_bias-5045,4,frozen_baseline,11,561.3338449090909,0.016795124975033104,11,1.0,6174.672294,True,
LOCAL-v1-q4-fixed_positive_bias-5046,4,frozen_baseline,10,659.5521474999999,0.017632999923080206,10,1.0,6595.521475,True,
LOCAL-v1-q4-fixed_positive_bias-5047,4,frozen_baseline,16,392.831134875,0.022661249968223274,16,1.0,6285.298158,True,
LOCAL-v1-q4-fixed_positive_bias-5048,4,frozen_baseline,12,563.3455124999999,0.014983124914579093,12,1.0,6760.14615,True,
LOCAL-v1-q4-fixed_positive_bias-5049,4,frozen_baseline,10,794.697583,0.0180172499967739,10,1.0,7946.97583,True,
LOCAL-v1-q4-fixed_positive_bias-5050,4,frozen_baseline,15,425.3074016666667,0.0198904579738155,15,1.0,6379.611025,True,
LOCAL-v1-q4-fixed_positive_bias-5051,4,frozen_baseline,11,675.3437353636364,0.015306834015063941,11,1.0,7428.781089,True,
LOCAL-v1-q4-fixed_positive_bias-5052,4,frozen_baseline,13,479.52855476923077,0.0176612091017887,13,1.0,6233.871212,True,
LOCAL-v1-q4-fixed_positive_bias-5053,4,frozen_baseline,16,437.5307343125,0.019324874971061945,16,1.0,7000.491749,True,
LOCAL-v1-q4-fixed_positive_bias-5054,4,frozen_baseline,16,443.56616225,0.019914250005967915,16,1.0,7097.058596,True,
LOCAL-v1-q4-fixed_positive_bias-5055,4,frozen_baseline,12,810.6356748333333,0.014874375076033175,12,1.0,9727.628098,True,
LOCAL-v1-q4-fixed_positive_bias-5056,4,frozen_baseline,13,503.38562938461536,0.01665950007736683,13,1.0,6544.013182,True,
LOCAL-v1-q4-fixed_positive_bias-5057,4,frozen_baseline,13,527.2936333076923,0.0149972919607535,13,1.0,6854.817233,True,
LOCAL-v1-q4-fixed_positive_bias-5058,4,frozen_baseline,14,511.9337745714286,0.017498582950793207,14,1.0,7167.072844,True,
LOCAL-v1-q4-fixed_positive_bias-5059,4,frozen_baseline,12,548.7392470833333,0.017581291031092405,12,1.0,6584.870965,True,
LOCAL-v1-q4-fixed_positive_bias-5060,4,frozen_baseline,11,634.2150398181818,0.020378791028633714,11,1.0,6976.365438,True,
LOCAL-v1-q4-fixed_positive_bias-5061,4,frozen_baseline,13,926.4691876923077,0.018066916964016855,13,1.0,12044.09944,True,
LOCAL-v1-q4-fixed_positive_bias-5062,4,frozen_baseline,16,625.6494463125,0.02172720804810524,16,1.0,10010.391141,True,
LOCAL-v1-q4-fixed_positive_bias-5063,4,frozen_baseline,15,410.4811517333334,0.021881999913603067,15,1.0,6157.217276,True,
LOCAL-v1-q4-fixed_positive_bias-5064,4,frozen_baseline,13,751.0448660000001,0.018588999984785914,13,1.0,9763.583258,True,
LOCAL-v1-q4-fixed_positive_bias-5065,4,frozen_baseline,12,571.2115994166667,0.014591332990676165,12,1.0,6854.539193,True,
LOCAL-v1-q4-fixed_positive_bias-5066,4,frozen_baseline,10,644.1076773,0.01699320797342807,10,1.0,6441.076773,True,
LOCAL-v1-q4-fixed_positive_bias-5067,4,frozen_baseline,16,438.218049875,0.02055991708766669,16,1.0,7011.488798,True,
LOCAL-v1-q4-fixed_positive_bias-5068,4,frozen_baseline,13,538.0452439230769,0.019589707953855395,13,1.0,6994.588171,True,
LOCAL-v1-q4-fixed_positive_bias-5069,4,frozen_baseline,14,572.5727620714285,0.01965966704301536,14,1.0,8016.018669,True,
LOCAL-v1-q4-fixed_positive_bias-5070,4,frozen_baseline,12,725.7064569166668,0.01683008309919387,12,1.0,8708.477483,True,
LOCAL-v1-q4-fixed_positive_bias-5071,4,frozen_baseline,12,566.0198575833333,0.01988287502899766,12,1.0,6792.238291,True,
LOCAL-v1-q4-fixed_positive_bias-5072,4,frozen_baseline,15,508.87169453333337,0.014803417026996613,15,1.0,7633.075418,True,
LOCAL-v1-q4-fixed_positive_bias-5073,4,frozen_baseline,10,632.7851088,0.018717708997428417,10,1.0,6327.851088,True,
LOCAL-v1-q4-fixed_positive_bias-5074,4,frozen_baseline,16,413.5577559375,0.02069649996701628,16,1.0,6616.924095,True,
LOCAL-v1-q4-fixed_positive_bias-5075,4,frozen_baseline,15,475.63161606666665,0.017531124991364777,15,1.0,7134.474241,True,
LOCAL-v1-q4-fixed_positive_bias-5076,4,frozen_baseline,12,609.6570934166667,0.022587915998883545,12,1.0,7315.885121,True,
LOCAL-v1-q4-fixed_positive_bias-5077,4,frozen_baseline,14,602.6498921428572,0.01864116603974253,14,1.0,8437.09849,True,
LOCAL-v1-q4-fixed_positive_bias-5078,4,frozen_baseline,13,585.8652187692308,0.018045041942968965,13,1.0,7616.247844,True,
LOCAL-v1-q4-fixed_positive_bias-5079,4,frozen_baseline,10,646.9185743,0.014503124984912574,10,1.0,6469.185743,True,
LOCAL-v1-q4-fixed_positive_bias-5080,4,frozen_baseline,10,1082.1817328,0.017472167033702135,10,1.0,10821.817328,True,
LOCAL-v1-q4-fixed_positive_bias-5081,4,frozen_baseline,16,443.798320875,0.018519415985792875,16,1.0,7100.773134,True,
LOCAL-v1-q4-fixed_positive_bias-5082,4,frozen_baseline,13,543.6232526153846,0.016057708067819476,13,1.0,7067.102284,True,
LOCAL-v1-q4-fixed_positive_bias-5083,4,frozen_baseline,13,555.3036930769231,0.020799709018319845,13,1.0,7218.94801,True,
LOCAL-v1-q4-fixed_positive_bias-5084,4,frozen_baseline,14,674.0013511428572,0.018430041964165866,14,1.0,9436.018916,True,
LOCAL-v1-q4-fixed_positive_bias-5085,4,frozen_baseline,15,493.5936676666667,0.01955762493889779,15,1.0,7403.905015,True,
LOCAL-v1-q4-fixed_positive_bias-5086,4,frozen_baseline,12,620.68842175,0.01997708308044821,12,1.0,7448.261061,True,
LOCAL-v1-q4-fixed_positive_bias-5087,4,frozen_baseline,13,650.2793353076923,0.01677520794328302,13,1.0,8453.631359,True,
LOCAL-v1-q4-fixed_positive_bias-5088,4,frozen_baseline,16,624.5527405625,0.022443207912147045,16,1.0,9992.843849,True,
LOCAL-v1-q4-fixed_positive_bias-5089,4,frozen_baseline,15,425.64404773333337,0.02031816600356251,15,1.0,6384.660716,True,
LOCAL-v1-q4-fixed_positive_bias-5090,4,frozen_baseline,14,461.0202609285715,0.015276040998287499,14,1.0,6454.283653,True,
LOCAL-v1-q4-fixed_positive_bias-5091,4,frozen_baseline,12,574.088567,0.01561641599982977,12,1.0,6889.062804,True,
LOCAL-v1-q4-fixed_positive_bias-5092,4,frozen_baseline,11,627.1372672727273,0.01785737497266382,11,1.0,6898.50994,True,
LOCAL-v1-q4-fixed_positive_bias-5093,4,frozen_baseline,15,576.0404438666667,0.016427541966550052,15,1.0,8640.606658,True,
LOCAL-v1-q4-fixed_positive_bias-5094,4,frozen_baseline,11,645.8174089090909,0.015657084062695503,11,1.0,7103.991498,True,
LOCAL-v1-q4-fixed_positive_bias-5095,4,frozen_baseline,10,720.7028253000001,0.018430958036333323,10,1.0,7207.028253,True,
LOCAL-v1-q4-fixed_positive_bias-5096,4,frozen_baseline,14,479.3771062142857,0.02098483289591968,14,1.0,6711.279487,True,
LOCAL-v1-q4-fixed_positive_bias-5097,4,frozen_baseline,13,558.5825705384615,0.019423500052653253,13,1.0,7261.573417,True,
LOCAL-v1-q4-fixed_positive_bias-5098,4,frozen_baseline,16,406.418525625,0.018818457960151136,16,1.0,6502.69641,True,
LOCAL-v1-q4-fixed_positive_bias-5099,4,frozen_baseline,13,915.945009076923,0.018800000078044832,13,1.0,11907.285118,True,
LOCAL-v1-q4-fixed_negative_bias-5000,4,frozen_baseline,11,589.058505,0.01747420895844698,11,1.0,6479.643555,True,
LOCAL-v1-q4-fixed_negative_bias-5001,4,frozen_baseline,14,511.67929478571426,0.018109000055119395,14,1.0,7163.510127,True,
LOCAL-v1-q4-fixed_negative_bias-5002,4,frozen_baseline,15,679.1888988666667,0.015768832992762327,15,1.0,10187.833483,True,
LOCAL-v1-q4-fixed_negative_bias-5003,4,frozen_baseline,11,704.4472073636364,0.01654966699425131,11,1.0,7748.919281,True,
LOCAL-v1-q4-fixed_negative_bias-5004,4,frozen_baseline,12,526.8931501666667,0.016953042009845376,12,1.0,6322.717802,True,
LOCAL-v1-q4-fixed_negative_bias-5005,4,frozen_baseline,11,567.9822741818182,0.020296416943892837,11,1.0,6247.805016,True,
LOCAL-v1-q4-fixed_negative_bias-5006,4,frozen_baseline,11,685.2099520909092,0.017623334075324237,11,1.0,7537.309473,True,
LOCAL-v1-q4-fixed_negative_bias-5007,4,frozen_baseline,11,627.6780271818182,0.022371584083884954,11,1.0,6904.458299,True,
LOCAL-v1-q4-fixed_negative_bias-5008,4,frozen_baseline,10,1165.5486293,0.016483708983287215,10,1.0,11655.486293,True,
LOCAL-v1-q4-fixed_negative_bias-5009,4,frozen_baseline,14,483.5306209285714,0.02316199999768287,14,1.0,6769.428693,True,
LOCAL-v1-q4-fixed_negative_bias-5010,4,frozen_baseline,12,543.1295976666667,0.019655999960377812,12,1.0,6517.555172,True,
LOCAL-v1-q4-fixed_negative_bias-5011,4,frozen_baseline,15,450.08370913333334,0.018394374987110496,15,1.0,6751.255637,True,
LOCAL-v1-q4-fixed_negative_bias-5012,4,frozen_baseline,10,646.5833345,0.014030292048119009,10,1.0,6465.833345,True,
LOCAL-v1-q4-fixed_negative_bias-5013,4,frozen_baseline,12,792.0078305833334,0.015088667045347393,12,1.0,9504.093967,True,
LOCAL-v1-q4-fixed_negative_bias-5014,4,frozen_baseline,11,711.3282204545454,0.017309917020611465,11,1.0,7824.610425,True,
LOCAL-v1-q4-fixed_negative_bias-5015,4,frozen_baseline,12,611.587345,0.019183082971721888,12,1.0,7339.04814,True,
LOCAL-v1-q4-fixed_negative_bias-5016,4,frozen_baseline,16,580.7323528125,0.019066958921030164,16,1.0,9291.717645,True,
LOCAL-v1-q4-fixed_negative_bias-5017,4,frozen_baseline,15,549.2593790666667,0.016072208061814308,15,1.0,8238.890686,True,
LOCAL-v1-q4-fixed_negative_bias-5018,4,frozen_baseline,10,828.1226027,0.015788999968208373,10,1.0,8281.226027,True,
LOCAL-v1-q4-fixed_negative_bias-5019,4,frozen_baseline,11,627.0197687272728,0.017883875058032572,11,1.0,6897.217456,True,
LOCAL-v1-q4-fixed_negative_bias-5020,4,frozen_baseline,16,451.0733735,0.01673375000245869,16,1.0,7217.173976,True,
LOCAL-v1-q4-fixed_negative_bias-5021,4,frozen_baseline,14,681.2106804285714,0.018346625030972064,14,1.0,9536.949526,True,
LOCAL-v1-q4-fixed_negative_bias-5022,4,frozen_baseline,14,519.2095646428571,0.019859583000652492,14,1.0,7268.933905,True,
LOCAL-v1-q4-fixed_negative_bias-5023,4,frozen_baseline,15,439.2349704,0.02234995795879513,15,1.0,6588.524556,True,
LOCAL-v1-q4-fixed_negative_bias-5024,4,frozen_baseline,13,491.24200292307694,0.0207147499313578,13,1.0,6386.146038,True,
LOCAL-v1-q4-fixed_negative_bias-5025,4,frozen_baseline,12,701.03120075,0.020311750005930662,12,1.0,8412.374409,True,
LOCAL-v1-q4-fixed_negative_bias-5026,4,frozen_baseline,15,427.69582453333334,0.019231832935474813,15,1.0,6415.437368,True,
LOCAL-v1-q4-fixed_negative_bias-5027,4,frozen_baseline,11,596.9314119090909,0.01835704199038446,11,1.0,6566.245531,True,
LOCAL-v1-q4-fixed_negative_bias-5028,4,frozen_baseline,10,678.0861963,0.016175208031199872,10,1.0,6780.861963,True,
LOCAL-v1-q4-fixed_negative_bias-5029,4,frozen_baseline,11,686.5556814545454,0.01630712498445064,11,1.0,7552.112496,True,
LOCAL-v1-q4-fixed_negative_bias-5030,4,frozen_baseline,12,586.47021375,0.018071874976158142,12,1.0,7037.642565,True,
LOCAL-v1-q4-fixed_negative_bias-5031,4,frozen_baseline,15,616.6483928,0.01976616692263633,15,1.0,9249.725892,True,
LOCAL-v1-q4-fixed_negative_bias-5032,4,frozen_baseline,11,563.0845437272727,0.017932833055965602,11,1.0,6193.929981,True,
LOCAL-v1-q4-fixed_negative_bias-5033,4,frozen_baseline,14,444.78832300000005,0.018976000021211803,14,1.0,6227.036522,True,
LOCAL-v1-q4-fixed_negative_bias-5034,4,frozen_baseline,16,514.235946,0.020245124935172498,16,1.0,8227.775136,True,
LOCAL-v1-q4-fixed_negative_bias-5035,4,frozen_baseline,10,724.0912469,0.014883624971844256,10,1.0,7240.912469,True,
LOCAL-v1-q4-fixed_negative_bias-5036,4,frozen_baseline,15,674.3400660666666,0.018847958999685943,15,1.0,10115.100991,True,
LOCAL-v1-q4-fixed_negative_bias-5037,4,frozen_baseline,15,534.9479900666666,0.021686874912120402,15,1.0,8024.219851,True,
LOCAL-v1-q4-fixed_negative_bias-5038,4,frozen_baseline,16,412.61597625,0.019662125036120415,16,1.0,6601.85562,True,
LOCAL-v1-q4-fixed_negative_bias-5039,4,frozen_baseline,10,669.5096688,0.01729437499307096,10,1.0,6695.096688,True,
LOCAL-v1-q4-fixed_negative_bias-5040,4,frozen_baseline,15,509.2199344666667,0.018044707947410643,15,1.0,7638.299017,True,
LOCAL-v1-q4-fixed_negative_bias-5041,4,frozen_baseline,15,567.2896316,0.020834375056438148,15,1.0,8509.344474,True,
LOCAL-v1-q4-fixed_negative_bias-5042,4,frozen_baseline,11,603.7995746363636,0.020882457960397005,11,1.0,6641.795321,True,
LOCAL-v1-q4-fixed_negative_bias-5043,4,frozen_baseline,12,585.79479625,0.017990750027820468,12,1.0,7029.537555,True,
LOCAL-v1-q4-fixed_negative_bias-5044,4,frozen_baseline,11,670.1922345454545,0.016827541054226458,11,1.0,7372.11458,True,
LOCAL-v1-q4-fixed_negative_bias-5045,4,frozen_baseline,11,568.3526575454545,0.014723500004038215,11,1.0,6251.879233,True,
LOCAL-v1-q4-fixed_negative_bias-5046,4,frozen_baseline,10,689.5226857,0.01748316700104624,10,1.0,6895.226857,True,
LOCAL-v1-q4-fixed_negative_bias-5047,4,frozen_baseline,16,396.7250470625,0.022528417059220374,16,1.0,6347.600753,True,
LOCAL-v1-q4-fixed_negative_bias-5048,4,frozen_baseline,12,553.6030783333333,0.015007375041022897,12,1.0,6643.23694,True,
LOCAL-v1-q4-fixed_negative_bias-5049,4,frozen_baseline,10,747.3393692,0.01805154199246317,10,1.0,7473.393692,True,
LOCAL-v1-q4-fixed_negative_bias-5050,4,frozen_baseline,15,455.24582826666665,0.019817541004158556,15,1.0,6828.687424,True,
LOCAL-v1-q4-fixed_negative_bias-5051,4,frozen_baseline,11,648.8854154545454,0.015083499951288104,11,1.0,7137.73957,True,
LOCAL-v1-q4-fixed_negative_bias-5052,4,frozen_baseline,13,477.59462853846156,0.019385374966077507,13,1.0,6208.730171,True,
LOCAL-v1-q4-fixed_negative_bias-5053,4,frozen_baseline,16,414.053706125,0.019274125108495355,16,1.0,6624.859298,True,
LOCAL-v1-q4-fixed_negative_bias-5054,4,frozen_baseline,16,462.130568375,0.02002620801795274,16,1.0,7394.089094,True,
LOCAL-v1-q4-fixed_negative_bias-5055,4,frozen_baseline,12,682.6392804166667,0.014459499972872436,12,1.0,8191.671365,True,
LOCAL-v1-q4-fixed_negative_bias-5056,4,frozen_baseline,13,550.5512329230769,0.016855333000421524,13,1.0,7157.166028,True,
LOCAL-v1-q4-fixed_negative_bias-5057,4,frozen_baseline,13,567.3204687692307,0.014820792013779283,13,1.0,7375.166094,True,
LOCAL-v1-q4-fixed_negative_bias-5058,4,frozen_baseline,14,450.38405471428575,0.0175629579462111,14,1.0,6305.376766,True,
LOCAL-v1-q4-fixed_negative_bias-5059,4,frozen_baseline,12,555.3578612499999,0.01752524997573346,12,1.0,6664.294335,True,
LOCAL-v1-q4-fixed_negative_bias-5060,4,frozen_baseline,11,621.4556278181818,0.019273792044259608,11,1.0,6836.011906,True,
LOCAL-v1-q4-fixed_negative_bias-5061,4,frozen_baseline,13,627.4416023846154,0.017589249997399747,13,1.0,8156.740831,True,
LOCAL-v1-q4-fixed_negative_bias-5062,4,frozen_baseline,16,434.3491895625,0.02137495798524469,16,1.0,6949.587033,True,
LOCAL-v1-q4-fixed_negative_bias-5063,4,frozen_baseline,15,437.6076167333333,0.021620208048261702,15,1.0,6564.114251,True,
LOCAL-v1-q4-fixed_negative_bias-5064,4,frozen_baseline,13,506.2184936923077,0.01814037503208965,13,1.0,6580.840418,True,
LOCAL-v1-q4-fixed_negative_bias-5065,4,frozen_baseline,12,607.8007285,0.01745062496047467,12,1.0,7293.608742,True,
LOCAL-v1-q4-fixed_negative_bias-5066,4,frozen_baseline,10,747.1216868,0.018536707968451083,10,1.0,7471.216868,True,
LOCAL-v1-q4-fixed_negative_bias-5067,4,frozen_baseline,16,729.784585625,0.021605749963782728,16,1.0,11676.55337,True,
LOCAL-v1-q4-fixed_negative_bias-5068,4,frozen_baseline,13,538.1235741538462,0.019365457934327424,13,1.0,6995.606464,True,
LOCAL-v1-q4-fixed_negative_bias-5069,4,frozen_baseline,14,712.1535180714285,0.02032795804552734,14,1.0,9970.149253,True,
LOCAL-v1-q4-fixed_negative_bias-5070,4,frozen_baseline,12,553.0574929166667,0.016375042032450438,12,1.0,6636.689915,True,
LOCAL-v1-q4-fixed_negative_bias-5071,4,frozen_baseline,12,564.0855236666666,0.01970549998804927,12,1.0,6769.026284,True,
LOCAL-v1-q4-fixed_negative_bias-5072,4,frozen_baseline,15,490.53876606666665,0.014773165923543274,15,1.0,7358.081491,True,
LOCAL-v1-q4-fixed_negative_bias-5073,4,frozen_baseline,10,617.1340616,0.0169592919992283,10,1.0,6171.340616,True,
LOCAL-v1-q4-fixed_negative_bias-5074,4,frozen_baseline,16,426.648762875,0.021177042042836547,16,1.0,6826.380206,True,
LOCAL-v1-q4-fixed_negative_bias-5075,4,frozen_baseline,15,455.53086406666665,0.017609457951039076,15,1.0,6832.962961,True,
LOCAL-v1-q4-fixed_negative_bias-5076,4,frozen_baseline,12,613.6562650833333,0.02244941599201411,12,1.0,7363.875181,True,
LOCAL-v1-q4-fixed_negative_bias-5077,4,frozen_baseline,14,456.3684713571429,0.018538624979555607,14,1.0,6389.158599,True,
LOCAL-v1-q4-fixed_negative_bias-5078,4,frozen_baseline,13,492.8813653846154,0.018971540965139866,13,1.0,6407.45775,True,
LOCAL-v1-q4-fixed_negative_bias-5079,4,frozen_baseline,10,646.6172572,0.014390707947313786,10,1.0,6466.172572,True,
LOCAL-v1-q4-fixed_negative_bias-5080,4,frozen_baseline,10,690.8661356,0.017050875001586974,10,1.0,6908.661356,True,
LOCAL-v1-q4-fixed_negative_bias-5081,4,frozen_baseline,16,424.2398670625,0.020301374956034124,16,1.0,6787.837873,True,
LOCAL-v1-q4-fixed_negative_bias-5082,4,frozen_baseline,13,555.320648076923,0.01607724989298731,13,1.0,7219.168425,True,
LOCAL-v1-q4-fixed_negative_bias-5083,4,frozen_baseline,13,548.6758080000001,0.02040287503041327,13,1.0,7132.785504,True,
LOCAL-v1-q4-fixed_negative_bias-5084,4,frozen_baseline,14,516.1414033571428,0.018101499998010695,14,1.0,7225.979647,True,
LOCAL-v1-q4-fixed_negative_bias-5085,4,frozen_baseline,15,452.3813044,0.01932679198216647,15,1.0,6785.719566,True,
LOCAL-v1-q4-fixed_negative_bias-5086,4,frozen_baseline,12,607.54619925,0.021072041941806674,12,1.0,7290.554391,True,
LOCAL-v1-q4-fixed_negative_bias-5087,4,frozen_baseline,13,566.5707281538462,0.016739583108574152,13,1.0,7365.419466,True,
LOCAL-v1-q4-fixed_negative_bias-5088,4,frozen_baseline,16,522.13166975,0.02233649999834597,16,1.0,8354.106716,True,
LOCAL-v1-q4-fixed_negative_bias-5089,4,frozen_baseline,15,410.14592586666663,0.02019779197871685,15,1.0,6152.188888,True,
LOCAL-v1-q4-fixed_negative_bias-5090,4,frozen_baseline,14,462.42273685714287,0.015340083977207541,14,1.0,6473.918316,True,
LOCAL-v1-q4-fixed_negative_bias-5091,4,frozen_baseline,12,641.7299638333333,0.01740995899308473,12,1.0,7700.759566,True,
LOCAL-v1-q4-fixed_negative_bias-5092,4,frozen_baseline,11,578.0343715454545,0.018670208053663373,11,1.0,6358.378087,True,
LOCAL-v1-q4-fixed_negative_bias-5093,4,frozen_baseline,15,562.8253112,0.016340833040885627,15,1.0,8442.379668,True,
LOCAL-v1-q4-fixed_negative_bias-5094,4,frozen_baseline,11,617.4695661818182,0.014664666960015893,11,1.0,6792.165228,True,
LOCAL-v1-q4-fixed_negative_bias-5095,4,frozen_baseline,10,744.6577198,0.014894708059728146,10,1.0,7446.577198,True,
LOCAL-v1-q4-fixed_negative_bias-5096,4,frozen_baseline,14,477.2709842142857,0.021260290988720953,14,1.0,6681.793779,True,
LOCAL-v1-q4-fixed_negative_bias-5097,4,frozen_baseline,13,531.668511923077,0.019663832965306938,13,1.0,6911.690655,True,
LOCAL-v1-q4-fixed_negative_bias-5098,4,frozen_baseline,16,452.1601748125,0.018849332933314145,16,1.0,7234.562797,True,
LOCAL-v1-q4-fixed_negative_bias-5099,4,frozen_baseline,13,683.0487674615384,0.01841195800807327,13,1.0,8879.633977,True,
LOCAL-v1-q4-smooth_shared_field-5000,4,frozen_baseline,11,587.2850775454546,0.018360958085395396,11,1.0,6460.135853,True,
LOCAL-v1-q4-smooth_shared_field-5001,4,frozen_baseline,14,543.0818107857143,0.017978582996875048,14,1.0,7603.145351,True,
LOCAL-v1-q4-smooth_shared_field-5002,4,frozen_baseline,15,460.8092622666666,0.01525695901364088,15,1.0,6912.138934,True,
LOCAL-v1-q4-smooth_shared_field-5003,4,frozen_baseline,11,616.1823596363637,0.016546792001463473,11,1.0,6778.005956,True,
LOCAL-v1-q4-smooth_shared_field-5004,4,frozen_baseline,12,528.06017075,0.01714516698848456,12,1.0,6336.722049,True,
LOCAL-v1-q4-smooth_shared_field-5005,4,frozen_baseline,11,564.0830911818182,0.019942959072068334,11,1.0,6204.914003,True,
LOCAL-v1-q4-smooth_shared_field-5006,4,frozen_baseline,11,619.3685254545454,0.018726667040027678,11,1.0,6813.05378,True,
LOCAL-v1-q4-smooth_shared_field-5007,4,frozen_baseline,11,660.914366909091,0.02078904095105827,11,1.0,7270.058036,True,
LOCAL-v1-q4-smooth_shared_field-5008,4,frozen_baseline,10,985.2355986,0.01945516699925065,10,1.0,9852.355986,True,
LOCAL-v1-q4-smooth_shared_field-5009,4,frozen_baseline,14,464.3392201428572,0.02191520796623081,14,1.0,6500.749082,True,
LOCAL-v1-q4-smooth_shared_field-5010,4,frozen_baseline,12,551.6377502500001,0.01881591696292162,12,1.0,6619.653003,True,
LOCAL-v1-q4-smooth_shared_field-5011,4,frozen_baseline,15,441.49687446666667,0.018289332976564765,15,1.0,6622.453117,True,
LOCAL-v1-q4-smooth_shared_field-5012,4,frozen_baseline,10,648.324535,0.014275999972596765,10,1.0,6483.24535,True,
LOCAL-v1-q4-smooth_shared_field-5013,4,frozen_baseline,12,842.7909224166666,0.014974917052313685,12,1.0,10113.491069,True,
LOCAL-v1-q4-smooth_shared_field-5014,4,frozen_baseline,11,661.7741017272728,0.01753345795441419,11,1.0,7279.515119,True,
LOCAL-v1-q4-smooth_shared_field-5015,4,frozen_baseline,12,524.6810545833333,0.01912525005172938,12,1.0,6296.172655,True,
LOCAL-v1-q4-smooth_shared_field-5016,4,frozen_baseline,16,444.916511625,0.018859541974961758,16,1.0,7118.664186,True,
LOCAL-v1-q4-smooth_shared_field-5017,4,frozen_baseline,15,573.1009838666666,0.016270874999463558,15,1.0,8596.514758,True,
LOCAL-v1-q4-smooth_shared_field-5018,4,frozen_baseline,10,766.5700153,0.015842792112380266,10,1.0,7665.700153,True,
LOCAL-v1-q4-smooth_shared_field-5019,4,frozen_baseline,11,624.9568141818182,0.017929541994817555,11,1.0,6874.524956,True,
LOCAL-v1-q4-smooth_shared_field-5020,4,frozen_baseline,16,466.943210625,0.017002375097945333,16,1.0,7471.09137,True,
LOCAL-v1-q4-smooth_shared_field-5021,4,frozen_baseline,14,681.1068114999999,0.018515167059376836,14,1.0,9535.495361,True,
LOCAL-v1-q4-smooth_shared_field-5022,4,frozen_baseline,14,516.4704898571429,0.019759415998123586,14,1.0,7230.586858,True,
LOCAL-v1-q4-smooth_shared_field-5023,4,frozen_baseline,15,431.4325616,0.022491834009997547,15,1.0,6471.488424,True,
LOCAL-v1-q4-smooth_shared_field-5024,4,frozen_baseline,13,488.9370250769231,0.016119624953716993,13,1.0,6356.181326,True,
LOCAL-v1-q4-smooth_shared_field-5025,4,frozen_baseline,12,611.6755254999999,0.01971383299678564,12,1.0,7340.106306,True,
LOCAL-v1-q4-smooth_shared_field-5026,4,frozen_baseline,15,419.35124693333336,0.019406666979193687,15,1.0,6290.268704,True,
LOCAL-v1-q4-smooth_shared_field-5027,4,frozen_baseline,11,590.071678,0.018328458070755005,11,1.0,6490.788458,True,
LOCAL-v1-q4-smooth_shared_field-5028,4,frozen_baseline,10,919.2742585,0.01633383403532207,10,1.0,9192.742585,True,
LOCAL-v1-q4-smooth_shared_field-5029,4,frozen_baseline,11,942.205562,0.01660016702953726,11,1.0,10364.261182,True,
LOCAL-v1-q4-smooth_shared_field-5030,4,frozen_baseline,12,564.9149076666666,0.018137124949134886,12,1.0,6778.978892,True,
LOCAL-v1-q4-smooth_shared_field-5031,4,frozen_baseline,15,662.0483188,0.02090341702569276,15,1.0,9930.724782,True,
LOCAL-v1-q4-smooth_shared_field-5032,4,frozen_baseline,11,560.1925425454546,0.01815195893868804,11,1.0,6162.117968,True,
LOCAL-v1-q4-smooth_shared_field-5033,4,frozen_baseline,14,446.1255627857143,0.01893904199823737,14,1.0,6245.757879,True,
LOCAL-v1-q4-smooth_shared_field-5034,4,frozen_baseline,16,532.268961625,0.020455416990444064,16,1.0,8516.303386,True,
LOCAL-v1-q4-smooth_shared_field-5035,4,frozen_baseline,10,718.262078,0.01506416592746973,10,1.0,7182.62078,True,
LOCAL-v1-q4-smooth_shared_field-5036,4,frozen_baseline,15,489.43723140000003,0.018018541974015534,15,1.0,7341.558471,True,
LOCAL-v1-q4-smooth_shared_field-5037,4,frozen_baseline,15,526.2698248,0.02190033404622227,15,1.0,7894.047372,True,
LOCAL-v1-q4-smooth_shared_field-5038,4,frozen_baseline,16,410.8043145,0.01926591608207673,16,1.0,6572.869032,True,
LOCAL-v1-q4-smooth_shared_field-5039,4,frozen_baseline,10,666.9911414000001,0.017160457908175886,10,1.0,6669.911414,True,
LOCAL-v1-q4-smooth_shared_field-5040,4,frozen_baseline,15,420.8826269333333,0.018150208052247763,15,1.0,6313.239404,True,
LOCAL-v1-q4-smooth_shared_field-5041,4,frozen_baseline,15,531.6071278666667,0.02088179101701826,15,1.0,7974.106918,True,
LOCAL-v1-q4-smooth_shared_field-5042,4,frozen_baseline,11,626.9501643636363,0.024375499924644828,11,1.0,6896.451808,True,
LOCAL-v1-q4-smooth_shared_field-5043,4,frozen_baseline,12,616.544893,0.01887516595888883,12,1.0,7398.538716,True,
LOCAL-v1-q4-smooth_shared_field-5044,4,frozen_baseline,11,652.6627357272727,0.01660375006031245,11,1.0,7179.290093,True,
LOCAL-v1-q4-smooth_shared_field-5045,4,frozen_baseline,11,571.6027280909092,0.014700958970934153,11,1.0,6287.630009,True,
LOCAL-v1-q4-smooth_shared_field-5046,4,frozen_baseline,10,668.1268823,0.017515874933451414,10,1.0,6681.268823,True,
LOCAL-v1-q4-smooth_shared_field-5047,4,frozen_baseline,16,394.4884258125,0.022665083059109747,16,1.0,6311.814813,True,
LOCAL-v1-q4-smooth_shared_field-5048,4,frozen_baseline,12,554.5937730833333,0.015087791020050645,12,1.0,6655.125277,True,
LOCAL-v1-q4-smooth_shared_field-5049,4,frozen_baseline,10,764.0353592,0.018131874967366457,10,1.0,7640.353592,True,
LOCAL-v1-q4-smooth_shared_field-5050,4,frozen_baseline,15,454.7160254,0.019777124980464578,15,1.0,6820.740381,True,
LOCAL-v1-q4-smooth_shared_field-5051,4,frozen_baseline,11,638.8666811818182,0.015354458009824157,11,1.0,7027.533493,True,
LOCAL-v1-q4-smooth_shared_field-5052,4,frozen_baseline,13,479.04849461538464,0.01772062503732741,13,1.0,6227.63043,True,
LOCAL-v1-q4-smooth_shared_field-5053,4,frozen_baseline,16,413.957733625,0.01949720794800669,16,1.0,6623.323738,True,
LOCAL-v1-q4-smooth_shared_field-5054,4,frozen_baseline,16,634.5434188125,0.02087958308402449,16,1.0,10152.694701,True,
LOCAL-v1-q4-smooth_shared_field-5055,4,frozen_baseline,12,677.77781125,0.014530999935232103,12,1.0,8133.333735,True,
LOCAL-v1-q4-smooth_shared_field-5056,4,frozen_baseline,13,509.92641523076924,0.01657512504607439,13,1.0,6629.043398,True,
LOCAL-v1-q4-smooth_shared_field-5057,4,frozen_baseline,13,514.3694176153847,0.014704624889418483,13,1.0,6686.802429,True,
LOCAL-v1-q4-smooth_shared_field-5058,4,frozen_baseline,14,476.8264875714286,0.017721291980706155,14,1.0,6675.570826,True,
LOCAL-v1-q4-smooth_shared_field-5059,4,frozen_baseline,12,556.12027,0.017966915969736874,12,1.0,6673.44324,True,
LOCAL-v1-q4-smooth_shared_field-5060,4,frozen_baseline,11,628.2402851818182,0.01924058306030929,11,1.0,6910.643137,True,
LOCAL-v1-q4-smooth_shared_field-5061,4,frozen_baseline,13,652.5527607692309,0.01739808393176645,13,1.0,8483.18589,True,
LOCAL-v1-q4-smooth_shared_field-5062,4,frozen_baseline,16,532.51641675,0.021623625070787966,16,1.0,8520.262668,True,
LOCAL-v1-q4-smooth_shared_field-5063,4,frozen_baseline,15,422.0687292,0.02174999995622784,15,1.0,6331.030938,True,
LOCAL-v1-q4-smooth_shared_field-5064,4,frozen_baseline,13,504.3171043846154,0.018287083017639816,13,1.0,6556.122357,True,
LOCAL-v1-q4-smooth_shared_field-5065,4,frozen_baseline,12,632.1799725833333,0.017633749986998737,12,1.0,7586.159671,True,
LOCAL-v1-q4-smooth_shared_field-5066,4,frozen_baseline,10,743.5730599999999,0.017186708049848676,10,1.0,7435.7306,True,
LOCAL-v1-q4-smooth_shared_field-5067,4,frozen_baseline,16,667.214508,0.02110162505414337,16,1.0,10675.432128,True,
LOCAL-v1-q4-smooth_shared_field-5068,4,frozen_baseline,13,523.1063479230769,0.019245750037953258,13,1.0,6800.382523,True,
LOCAL-v1-q4-smooth_shared_field-5069,4,frozen_baseline,14,710.8994553571429,0.020320332958362997,14,1.0,9952.592375,True,
LOCAL-v1-q4-smooth_shared_field-5070,4,frozen_baseline,12,542.485351,0.016432125004939735,12,1.0,6509.824212,True,
LOCAL-v1-q4-smooth_shared_field-5071,4,frozen_baseline,12,564.3303885,0.0197607500012964,12,1.0,6771.964662,True,
LOCAL-v1-q4-smooth_shared_field-5072,4,frozen_baseline,15,489.25915266666664,0.014704375062137842,15,1.0,7338.88729,True,
LOCAL-v1-q4-smooth_shared_field-5073,4,frozen_baseline,10,614.8325374,0.017161124967969954,10,1.0,6148.325374,True,
LOCAL-v1-q4-smooth_shared_field-5074,4,frozen_baseline,16,422.1212171875,0.021000124979764223,16,1.0,6753.939475,True,
LOCAL-v1-q4-smooth_shared_field-5075,4,frozen_baseline,15,445.80142326666663,0.01752387499436736,15,1.0,6687.021349,True,
LOCAL-v1-q4-smooth_shared_field-5076,4,frozen_baseline,12,722.4602423333334,0.022474083001725376,12,1.0,8669.522908,True,
LOCAL-v1-q4-smooth_shared_field-5077,4,frozen_baseline,14,452.11169985714287,0.01855462498497218,14,1.0,6329.563798,True,
LOCAL-v1-q4-smooth_shared_field-5078,4,frozen_baseline,13,618.0905286153846,0.019236332969740033,13,1.0,8035.176872,True,
LOCAL-v1-q4-smooth_shared_field-5079,4,frozen_baseline,10,638.3648565000001,0.014918165979906917,10,1.0,6383.648565,True,
LOCAL-v1-q4-smooth_shared_field-5080,4,frozen_baseline,10,672.4675607,0.017007917049340904,10,1.0,6724.675607,True,
LOCAL-v1-q4-smooth_shared_field-5081,4,frozen_baseline,16,415.8215639375,0.02012208302039653,16,1.0,6653.145023,True,
LOCAL-v1-q4-smooth_shared_field-5082,4,frozen_baseline,13,551.1566178461538,0.016092791920527816,13,1.0,7165.036032,True,
LOCAL-v1-q4-smooth_shared_field-5083,4,frozen_baseline,13,732.977971076923,0.020465957932174206,13,1.0,9528.713624,True,
LOCAL-v1-q4-smooth_shared_field-5084,4,frozen_baseline,14,561.9223804285714,0.018173375050537288,14,1.0,7866.913326,True,
LOCAL-v1-q4-smooth_shared_field-5085,4,frozen_baseline,15,424.3984031333333,0.018468166003003716,15,1.0,6365.976047,True,
LOCAL-v1-q4-smooth_shared_field-5086,4,frozen_baseline,12,644.4926941666666,0.02225866704247892,12,1.0,7733.91233,True,
LOCAL-v1-q4-smooth_shared_field-5087,4,frozen_baseline,13,538.0011936923077,0.01652145804837346,13,1.0,6994.015518,True,
LOCAL-v1-q4-smooth_shared_field-5088,4,frozen_baseline,16,521.754579625,0.0219656660920009,16,1.0,8348.073274,True,
LOCAL-v1-q4-smooth_shared_field-5089,4,frozen_baseline,15,409.77455886666667,0.02028675004839897,15,1.0,6146.618383,True,
LOCAL-v1-q4-smooth_shared_field-5090,4,frozen_baseline,14,463.07508371428577,0.015390999964438379,14,1.0,6483.051172,True,
LOCAL-v1-q4-smooth_shared_field-5091,4,frozen_baseline,12,611.6408854166667,0.017445958103053272,12,1.0,7339.690625,True,
LOCAL-v1-q4-smooth_shared_field-5092,4,frozen_baseline,11,578.8187305454545,0.018133000005036592,11,1.0,6367.006036,True,
LOCAL-v1-q4-smooth_shared_field-5093,4,frozen_baseline,15,552.0793358666667,0.016257832990959287,15,1.0,8281.190038,True,
LOCAL-v1-q4-smooth_shared_field-5094,4,frozen_baseline,11,620.6132731818182,0.014683124958537519,11,1.0,6826.746005,True,
LOCAL-v1-q4-smooth_shared_field-5095,4,frozen_baseline,10,911.7342439,0.016994416946545243,10,1.0,9117.342439,True,
LOCAL-v1-q4-smooth_shared_field-5096,4,frozen_baseline,14,477.94534607142856,0.02085279196035117,14,1.0,6691.234845,True,
LOCAL-v1-q4-smooth_shared_field-5097,4,frozen_baseline,13,544.1760371538462,0.01942049991339445,13,1.0,7074.288483,True,
LOCAL-v1-q4-smooth_shared_field-5098,4,frozen_baseline,16,494.8396441875,0.018915832974016666,16,1.0,7917.434307,True,
LOCAL-v1-q4-smooth_shared_field-5099,4,frozen_baseline,13,664.2783163846154,0.01865108299534768,13,1.0,8635.618113,True,
LOCAL-v1-q4-cell50_shared_field-5000,4,frozen_baseline,11,604.3482687272727,0.018546540988609195,11,1.0,6647.830956,True,
LOCAL-v1-q4-cell50_shared_field-5001,4,frozen_baseline,14,541.6497308571428,0.01814358402043581,14,1.0,7583.096232,True,
LOCAL-v1-q4-cell50_shared_field-5002,4,frozen_baseline,15,511.1764814,0.01531550008803606,15,1.0,7667.647221,True,
LOCAL-v1-q4-cell50_shared_field-5003,4,frozen_baseline,11,617.6353988181818,0.016242708079516888,11,1.0,6793.989387,True,
LOCAL-v1-q4-cell50_shared_field-5004,4,frozen_baseline,12,520.5278074166666,0.018380749970674515,12,1.0,6246.333689,True,
LOCAL-v1-q4-cell50_shared_field-5005,4,frozen_baseline,11,563.8737269090909,0.02045570802874863,11,1.0,6202.610996,True,
LOCAL-v1-q4-cell50_shared_field-5006,4,frozen_baseline,11,743.5668070909092,0.01803779206238687,11,1.0,8179.234878,True,
LOCAL-v1-q4-cell50_shared_field-5007,4,frozen_baseline,11,612.8341861818182,0.022584374994039536,11,1.0,6741.176048,True,
LOCAL-v1-q4-cell50_shared_field-5008,4,frozen_baseline,10,718.0834304,0.01962358399759978,10,1.0,7180.834304,True,
LOCAL-v1-q4-cell50_shared_field-5009,4,frozen_baseline,14,464.71998535714283,0.022060791961848736,14,1.0,6506.079795,True,
LOCAL-v1-q4-cell50_shared_field-5010,4,frozen_baseline,12,531.1773031666667,0.01979150006081909,12,1.0,6374.127638,True,
LOCAL-v1-q4-cell50_shared_field-5011,4,frozen_baseline,15,715.7958465333334,0.018841209006495774,15,1.0,10736.937698,True,
LOCAL-v1-q4-cell50_shared_field-5012,4,frozen_baseline,10,652.4796363,0.014471750007942319,10,1.0,6524.796363,True,
LOCAL-v1-q4-cell50_shared_field-5013,4,frozen_baseline,12,612.6001193333333,0.01487829105462879,12,1.0,7351.201432,True,
LOCAL-v1-q4-cell50_shared_field-5014,4,frozen_baseline,11,612.5008773636364,0.017239791923202574,11,1.0,6737.509651,True,
LOCAL-v1-q4-cell50_shared_field-5015,4,frozen_baseline,12,546.2051511666667,0.01914862496778369,12,1.0,6554.461814,True,
LOCAL-v1-q4-cell50_shared_field-5016,4,frozen_baseline,16,430.4567049375,0.01880437508225441,16,1.0,6887.307279,True,
LOCAL-v1-q4-cell50_shared_field-5017,4,frozen_baseline,15,574.5487486666666,0.016263583092950284,15,1.0,8618.23123,True,
LOCAL-v1-q4-cell50_shared_field-5018,4,frozen_baseline,10,725.4667328,0.015986084006726742,10,1.0,7254.667328,True,
LOCAL-v1-q4-cell50_shared_field-5019,4,frozen_baseline,11,625.9788635454545,0.017854249919764698,11,1.0,6885.767499,True,
LOCAL-v1-q4-cell50_shared_field-5020,4,frozen_baseline,16,438.8621660625,0.017008166993036866,16,1.0,7021.794657,True,
LOCAL-v1-q4-cell50_shared_field-5021,4,frozen_baseline,14,618.6978060714285,0.018519124947488308,14,1.0,8661.769285,True,
LOCAL-v1-q4-cell50_shared_field-5022,4,frozen_baseline,14,586.5506466428571,0.020033375010825694,14,1.0,8211.709053,True,
LOCAL-v1-q4-cell50_shared_field-5023,4,frozen_baseline,15,465.6886880666667,0.02047687501180917,15,1.0,6985.330321,True,
LOCAL-v1-q4-cell50_shared_field-5024,4,frozen_baseline,13,488.75242623076923,0.01600624993443489,13,1.0,6353.781541,True,
LOCAL-v1-q4-cell50_shared_field-5025,4,frozen_baseline,12,610.9026723333333,0.01951979100704193,12,1.0,7330.832068,True,
LOCAL-v1-q4-cell50_shared_field-5026,4,frozen_baseline,15,422.0555864666667,0.01966758305206895,15,1.0,6330.833797,True,
LOCAL-v1-q4-cell50_shared_field-5027,4,frozen_baseline,11,590.4071237272727,0.018108334043063223,11,1.0,6494.478361,True,
LOCAL-v1-q4-cell50_shared_field-5028,4,frozen_baseline,10,679.6411544,0.016248833038844168,10,1.0,6796.411544,True,
LOCAL-v1-q4-cell50_shared_field-5029,4,frozen_baseline,11,766.1139967272727,0.016563667100854218,11,1.0,8427.253964,True,
LOCAL-v1-q4-cell50_shared_field-5030,4,frozen_baseline,12,606.6619221666666,0.01821795804426074,12,1.0,7279.943066,True,
LOCAL-v1-q4-cell50_shared_field-5031,4,frozen_baseline,15,530.4760190000001,0.020104292081668973,15,1.0,7957.140285,True,
LOCAL-v1-q4-cell50_shared_field-5032,4,frozen_baseline,11,553.585993090909,0.017995834001339972,11,1.0,6089.445924,True,
LOCAL-v1-q4-cell50_shared_field-5033,4,frozen_baseline,14,446.3836253571429,0.01919237500987947,14,1.0,6249.370755,True,
LOCAL-v1-q4-cell50_shared_field-5034,4,frozen_baseline,16,515.2782173125,0.020331458072178066,16,1.0,8244.451477,True,
LOCAL-v1-q4-cell50_shared_field-5035,4,frozen_baseline,10,733.3430007,0.014992790995165706,10,1.0,7333.430007,True,
LOCAL-v1-q4-cell50_shared_field-5036,4,frozen_baseline,15,514.4879251333333,0.01819641701877117,15,1.0,7717.318877,True,
LOCAL-v1-q4-cell50_shared_field-5037,4,frozen_baseline,15,497.20595073333334,0.022007749998010695,15,1.0,7458.089261,True,
LOCAL-v1-q4-cell50_shared_field-5038,4,frozen_baseline,16,467.2345816875,0.01824991696048528,16,1.0,7475.753307,True,
LOCAL-v1-q4-cell50_shared_field-5039,4,frozen_baseline,10,680.2447341,0.017404875019565225,10,1.0,6802.447341,True,
LOCAL-v1-q4-cell50_shared_field-5040,4,frozen_baseline,15,428.7294799333333,0.01808933401480317,15,1.0,6430.942199,True,
LOCAL-v1-q4-cell50_shared_field-5041,4,frozen_baseline,15,504.8252174,0.02070337499026209,15,1.0,7572.378261,True,
LOCAL-v1-q4-cell50_shared_field-5042,4,frozen_baseline,11,869.3967358181818,0.01734124997165054,11,1.0,9563.364094,True,
LOCAL-v1-q4-cell50_shared_field-5043,4,frozen_baseline,12,562.9313975833334,0.017962582991458476,12,1.0,6755.176771,True,
LOCAL-v1-q4-cell50_shared_field-5044,4,frozen_baseline,11,662.3189646363636,0.016644792049191892,11,1.0,7285.508611,True,
LOCAL-v1-q4-cell50_shared_field-5045,4,frozen_baseline,11,571.8946372727273,0.014748708112165332,11,1.0,6290.84101,True,
LOCAL-v1-q4-cell50_shared_field-5046,4,frozen_baseline,10,661.8777779,0.01795854198280722,10,1.0,6618.777779,True,
LOCAL-v1-q4-cell50_shared_field-5047,4,frozen_baseline,16,394.3123415625,0.022577333031222224,16,1.0,6308.997465,True,
LOCAL-v1-q4-cell50_shared_field-5048,4,frozen_baseline,12,565.9356354166667,0.015064917039126158,12,1.0,6791.227625,True,
LOCAL-v1-q4-cell50_shared_field-5049,4,frozen_baseline,10,738.9152334,0.018013791064731777,10,1.0,7389.152334,True,
LOCAL-v1-q4-cell50_shared_field-5050,4,frozen_baseline,15,471.29673526666664,0.019802624941803515,15,1.0,7069.451029,True,
LOCAL-v1-q4-cell50_shared_field-5051,4,frozen_baseline,11,632.5333436363636,0.015282833948731422,11,1.0,6957.86678,True,
LOCAL-v1-q4-cell50_shared_field-5052,4,frozen_baseline,13,480.95671223076926,0.019611709052696824,13,1.0,6252.437259,True,
LOCAL-v1-q4-cell50_shared_field-5053,4,frozen_baseline,16,413.4444308125,0.019616374978795648,16,1.0,6615.110893,True,
LOCAL-v1-q4-cell50_shared_field-5054,4,frozen_baseline,16,423.52921875,0.020394708961248398,16,1.0,6776.4675,True,
LOCAL-v1-q4-cell50_shared_field-5055,4,frozen_baseline,12,646.1345244166666,0.014531542081385851,12,1.0,7753.614293,True,
LOCAL-v1-q4-cell50_shared_field-5056,4,frozen_baseline,13,514.9001728461539,0.0164715830469504,13,1.0,6693.702247,True,
LOCAL-v1-q4-cell50_shared_field-5057,4,frozen_baseline,13,513.7073801538462,0.014696207945235074,13,1.0,6678.195942,True,
LOCAL-v1-q4-cell50_shared_field-5058,4,frozen_baseline,14,450.9923749285714,0.017904542037285864,14,1.0,6313.893249,True,
LOCAL-v1-q4-cell50_shared_field-5059,4,frozen_baseline,12,534.5488618333333,0.018429667106829584,12,1.0,6414.586342,True,
LOCAL-v1-q4-cell50_shared_field-5060,4,frozen_baseline,11,633.1513809090909,0.020762374973855913,11,1.0,6964.66519,True,
LOCAL-v1-q4-cell50_shared_field-5061,4,frozen_baseline,13,709.0765662307692,0.017545790993608534,13,1.0,9217.995361,True,
LOCAL-v1-q4-cell50_shared_field-5062,4,frozen_baseline,16,633.2188709375,0.022046083002351224,16,1.0,10131.501935,True,
LOCAL-v1-q4-cell50_shared_field-5063,4,frozen_baseline,15,411.02873246666667,0.021635166951455176,15,1.0,6165.430987,True,
LOCAL-v1-q4-cell50_shared_field-5064,4,frozen_baseline,13,521.4249236153846,0.018297708011232316,13,1.0,6778.524007,True,
LOCAL-v1-q4-cell50_shared_field-5065,4,frozen_baseline,12,621.3949868333333,0.01588900003116578,12,1.0,7456.739842,True,
LOCAL-v1-q4-cell50_shared_field-5066,4,frozen_baseline,10,646.3892019,0.016924792085774243,10,1.0,6463.892019,True,
LOCAL-v1-q4-cell50_shared_field-5067,4,frozen_baseline,16,438.2031735625,0.02078529098071158,16,1.0,7011.250777,True,
LOCAL-v1-q4-cell50_shared_field-5068,4,frozen_baseline,13,554.3052991538461,0.019307791022583842,13,1.0,7205.968889,True,
LOCAL-v1-q4-cell50_shared_field-5069,4,frozen_baseline,14,540.9984721428572,0.020178625010885298,14,1.0,7573.97861,True,
LOCAL-v1-q4-cell50_shared_field-5070,4,frozen_baseline,12,543.2916198333334,0.016674833022989333,12,1.0,6519.499438,True,
LOCAL-v1-q4-cell50_shared_field-5071,4,frozen_baseline,12,563.6255046666666,0.01969066692981869,12,1.0,6763.506056,True,
LOCAL-v1-q4-cell50_shared_field-5072,4,frozen_baseline,15,521.976257,0.014814041904173791,15,1.0,7829.643855,True,
LOCAL-v1-q4-cell50_shared_field-5073,4,frozen_baseline,10,621.0040271,0.01737274997867644,10,1.0,6210.040271,True,
LOCAL-v1-q4-cell50_shared_field-5074,4,frozen_baseline,16,414.0610250625,0.021252249949611723,16,1.0,6624.976401,True,
LOCAL-v1-q4-cell50_shared_field-5075,4,frozen_baseline,15,448.4154791333333,0.017726791091263294,15,1.0,6726.232187,True,
LOCAL-v1-q4-cell50_shared_field-5076,4,frozen_baseline,12,584.2169807500001,0.022700582980178297,12,1.0,7010.603769,True,
LOCAL-v1-q4-cell50_shared_field-5077,4,frozen_baseline,14,561.0806693571428,0.018650416051968932,14,1.0,7855.129371,True,
LOCAL-v1-q4-cell50_shared_field-5078,4,frozen_baseline,13,512.2171202307692,0.018844333011657,13,1.0,6658.822563,True,
LOCAL-v1-q4-cell50_shared_field-5079,4,frozen_baseline,10,646.6934376,0.014420665916986763,10,1.0,6466.934376,True,
LOCAL-v1-q4-cell50_shared_field-5080,4,frozen_baseline,10,943.6374167,0.017199791967868805,10,1.0,9436.374167,True,
LOCAL-v1-q4-cell50_shared_field-5081,4,frozen_baseline,16,460.8826765,0.018809833098202944,16,1.0,7374.122824,True,
LOCAL-v1-q4-cell50_shared_field-5082,4,frozen_baseline,13,537.0607133846154,0.016245209029875696,13,1.0,6981.789274,True,
LOCAL-v1-q4-cell50_shared_field-5083,4,frozen_baseline,13,508.3174240769231,0.020572250010445714,13,1.0,6608.126513,True,
LOCAL-v1-q4-cell50_shared_field-5084,4,frozen_baseline,14,641.697263857143,0.01825891702901572,14,1.0,8983.761694,True,
LOCAL-v1-q4-cell50_shared_field-5085,4,frozen_baseline,15,416.7422158,0.019484209013171494,15,1.0,6251.133237,True,
LOCAL-v1-q4-cell50_shared_field-5086,4,frozen_baseline,12,878.2281761666667,0.022877374896779656,12,1.0,10538.738114,True,
LOCAL-v1-q4-cell50_shared_field-5087,4,frozen_baseline,13,523.5887595384615,0.016725666006095707,13,1.0,6806.653874,True,
LOCAL-v1-q4-cell50_shared_field-5088,4,frozen_baseline,16,648.9630684375,0.02221491700038314,16,1.0,10383.409095,True,
LOCAL-v1-q4-cell50_shared_field-5089,4,frozen_baseline,15,405.7587382666667,0.020109541015699506,15,1.0,6086.381074,True,
LOCAL-v1-q4-cell50_shared_field-5090,4,frozen_baseline,14,461.8008814285714,0.015383084071800113,14,1.0,6465.21234,True,
LOCAL-v1-q4-cell50_shared_field-5091,4,frozen_baseline,12,573.7406110000001,0.015937959076836705,12,1.0,6884.887332,True,
LOCAL-v1-q4-cell50_shared_field-5092,4,frozen_baseline,11,569.6138924545454,0.018814750015735626,11,1.0,6265.752817,True,
LOCAL-v1-q4-cell50_shared_field-5093,4,frozen_baseline,15,568.135729,0.016623832983896136,15,1.0,8522.035935,True,
LOCAL-v1-q4-cell50_shared_field-5094,4,frozen_baseline,11,634.715260909091,0.014814166002906859,11,1.0,6981.86787,True,
LOCAL-v1-q4-cell50_shared_field-5095,4,frozen_baseline,10,720.5779805,0.018255625036545098,10,1.0,7205.779805,True,
LOCAL-v1-q4-cell50_shared_field-5096,4,frozen_baseline,14,479.2077075714286,0.020949792000465095,14,1.0,6708.907906,True,
LOCAL-v1-q4-cell50_shared_field-5097,4,frozen_baseline,13,552.864984,0.019456916954368353,13,1.0,7187.244792,True,
LOCAL-v1-q4-cell50_shared_field-5098,4,frozen_baseline,16,416.890602375,0.019158666022121906,16,1.0,6670.249638,True,
LOCAL-v1-q4-cell50_shared_field-5099,4,frozen_baseline,13,650.5567092307693,0.019026124966330826,13,1.0,8457.23722,True,
LOCAL-v1-q4-cell500_shared_field-5000,4,frozen_baseline,11,585.9050421818182,0.01858262496534735,11,1.0,6444.955464,True,
LOCAL-v1-q4-cell500_shared_field-5001,4,frozen_baseline,14,543.4643184285715,0.018179332953877747,14,1.0,7608.500458,True,
LOCAL-v1-q4-cell500_shared_field-5002,4,frozen_baseline,15,448.5853944,0.015377750038169324,15,1.0,6728.780916,True,
LOCAL-v1-q4-cell500_shared_field-5003,4,frozen_baseline,11,616.440316,0.016413374920375645,11,1.0,6780.843476,True,
LOCAL-v1-q4-cell500_shared_field-5004,4,frozen_baseline,12,523.3238273333333,0.01817983400542289,12,1.0,6279.885928,True,
LOCAL-v1-q4-cell500_shared_field-5005,4,frozen_baseline,11,566.6793182727273,0.020459707942791283,11,1.0,6233.472501,True,
LOCAL-v1-q4-cell500_shared_field-5006,4,frozen_baseline,11,723.1248604545455,0.017928167013451457,11,1.0,7954.373465,True,
LOCAL-v1-q4-cell500_shared_field-5007,4,frozen_baseline,11,613.4991341818181,0.02239375002682209,11,1.0,6748.490476,True,
LOCAL-v1-q4-cell500_shared_field-5008,4,frozen_baseline,10,706.0138018,0.019394875038415194,10,1.0,7060.138018,True,
LOCAL-v1-q4-cell500_shared_field-5009,4,frozen_baseline,14,464.1890697142857,0.021750334068201482,14,1.0,6498.646976,True,
LOCAL-v1-q4-cell500_shared_field-5010,4,frozen_baseline,12,531.6905370833333,0.019552209065295756,12,1.0,6380.286445,True,
LOCAL-v1-q4-cell500_shared_field-5011,4,frozen_baseline,15,449.60753013333334,0.018388292053714395,15,1.0,6744.112952,True,
LOCAL-v1-q4-cell500_shared_field-5012,4,frozen_baseline,10,628.8218801,0.01436845795251429,10,1.0,6288.218801,True,
LOCAL-v1-q4-cell500_shared_field-5013,4,frozen_baseline,12,581.4079363333334,0.015075832954607904,12,1.0,6976.895236,True,
LOCAL-v1-q4-cell500_shared_field-5014,4,frozen_baseline,11,719.3817533636364,0.017509625060483813,11,1.0,7913.199287,True,
LOCAL-v1-q4-cell500_shared_field-5015,4,frozen_baseline,12,525.13307175,0.019186540972441435,12,1.0,6301.596861,True,
LOCAL-v1-q4-cell500_shared_field-5016,4,frozen_baseline,16,408.2884941875,0.019102332997135818,16,1.0,6532.615907,True,
LOCAL-v1-q4-cell500_shared_field-5017,4,frozen_baseline,15,524.9853972,0.01775395800359547,15,1.0,7874.780958,True,
LOCAL-v1-q4-cell500_shared_field-5018,4,frozen_baseline,10,835.8679491999999,0.015875375014729798,10,1.0,8358.679492,True,
LOCAL-v1-q4-cell500_shared_field-5019,4,frozen_baseline,11,628.7466505454545,0.017810208024457097,11,1.0,6916.213156,True,
LOCAL-v1-q4-cell500_shared_field-5020,4,frozen_baseline,16,466.9563771875,0.016728458926081657,16,1.0,7471.302035,True,
LOCAL-v1-q4-cell500_shared_field-5021,4,frozen_baseline,14,834.1593797857142,0.01844149990938604,14,1.0,11678.231317,True,
LOCAL-v1-q4-cell500_shared_field-5022,4,frozen_baseline,14,679.1633935714286,0.015644541941583157,14,1.0,9508.28751,True,
LOCAL-v1-q4-cell500_shared_field-5023,4,frozen_baseline,15,446.32578593333335,0.020856749964877963,15,1.0,6694.886789,True,
LOCAL-v1-q4-cell500_shared_field-5024,4,frozen_baseline,13,488.2027199230769,0.016096333973109722,13,1.0,6346.635359,True,
LOCAL-v1-q4-cell500_shared_field-5025,4,frozen_baseline,12,595.1547314166667,0.0196352080674842,12,1.0,7141.856777,True,
LOCAL-v1-q4-cell500_shared_field-5026,4,frozen_baseline,15,419.64132866666665,0.019442417076788843,15,1.0,6294.61993,True,
LOCAL-v1-q4-cell500_shared_field-5027,4,frozen_baseline,11,637.7639642727273,0.018394167069345713,11,1.0,7015.403607,True,
LOCAL-v1-q4-cell500_shared_field-5028,4,frozen_baseline,10,679.8942989999999,0.016215582960285246,10,1.0,6798.94299,True,
LOCAL-v1-q4-cell500_shared_field-5029,4,frozen_baseline,11,681.9885876363637,0.016562832985073328,11,1.0,7501.874464,True,
LOCAL-v1-q4-cell500_shared_field-5030,4,frozen_baseline,12,564.2133243333334,0.01839329209178686,12,1.0,6770.559892,True,
LOCAL-v1-q4-cell500_shared_field-5031,4,frozen_baseline,15,568.0986792,0.019987332983873785,15,1.0,8521.480188,True,
LOCAL-v1-q4-cell500_shared_field-5032,4,frozen_baseline,11,558.5027721818182,0.018074958003126085,11,1.0,6143.530494,True,
LOCAL-v1-q4-cell500_shared_field-5033,4,frozen_baseline,14,445.8311005714286,0.018826082930900156,14,1.0,6241.635408,True,
LOCAL-v1-q4-cell500_shared_field-5034,4,frozen_baseline,16,557.1638589375,0.018465750035829842,16,1.0,8914.621743,True,
LOCAL-v1-q4-cell500_shared_field-5035,4,frozen_baseline,10,719.8865815,0.014865624951198697,10,1.0,7198.865815,True,
LOCAL-v1-q4-cell500_shared_field-5036,4,frozen_baseline,15,547.4982262666667,0.01817349996417761,15,1.0,8212.473394,True,
LOCAL-v1-q4-cell500_shared_field-5037,4,frozen_baseline,15,488.11138980000004,0.021631999989040196,15,1.0,7321.670847,True,
LOCAL-v1-q4-cell500_shared_field-5038,4,frozen_baseline,16,470.319335375,0.018256874987855554,16,1.0,7525.109366,True,
LOCAL-v1-q4-cell500_shared_field-5039,4,frozen_baseline,10,666.2001325,0.017251917044632137,10,1.0,6662.001325,True,
LOCAL-v1-q4-cell500_shared_field-5040,4,frozen_baseline,15,420.79063226666665,0.01813558302819729,15,1.0,6311.859484,True,
LOCAL-v1-q4-cell500_shared_field-5041,4,frozen_baseline,15,503.37914766666665,0.02108824998140335,15,1.0,7550.687215,True,
LOCAL-v1-q4-cell500_shared_field-5042,4,frozen_baseline,11,620.8050290909091,0.02062945906072855,11,1.0,6828.85532,True,
LOCAL-v1-q4-cell500_shared_field-5043,4,frozen_baseline,12,558.9325725833334,0.01808462501503527,12,1.0,6707.190871,True,
LOCAL-v1-q4-cell500_shared_field-5044,4,frozen_baseline,11,647.6794315454546,0.01655095792375505,11,1.0,7124.473747,True,
LOCAL-v1-q4-cell500_shared_field-5045,4,frozen_baseline,11,571.9524353636364,0.014795999974012375,11,1.0,6291.476789,True,
LOCAL-v1-q4-cell500_shared_field-5046,4,frozen_baseline,10,681.8671529999999,0.017923375009559095,10,1.0,6818.67153,True,
LOCAL-v1-q4-cell500_shared_field-5047,4,frozen_baseline,16,395.0702118125,0.022896665963344276,16,1.0,6321.123389,True,
LOCAL-v1-q4-cell500_shared_field-5048,4,frozen_baseline,12,556.3044052500001,0.015011583920568228,12,1.0,6675.652863,True,
LOCAL-v1-q4-cell500_shared_field-5049,4,frozen_baseline,10,782.374744,0.018268917105160654,10,1.0,7823.74744,True,
LOCAL-v1-q4-cell500_shared_field-5050,4,frozen_baseline,15,501.8063246,0.01995633402839303,15,1.0,7527.094869,True,
LOCAL-v1-q4-cell500_shared_field-5051,4,frozen_baseline,11,632.8627528181819,0.015465250005945563,11,1.0,6961.490281,True,
LOCAL-v1-q4-cell500_shared_field-5052,4,frozen_baseline,13,482.32439369230764,0.019668332999572158,13,1.0,6270.217118,True,
LOCAL-v1-q4-cell500_shared_field-5053,4,frozen_baseline,16,412.5892156875,0.01967683294788003,16,1.0,6601.427451,True,
LOCAL-v1-q4-cell500_shared_field-5054,4,frozen_baseline,16,462.2874409375,0.02060375001747161,16,1.0,7396.599055,True,
LOCAL-v1-q4-cell500_shared_field-5055,4,frozen_baseline,12,685.6568411666667,0.014592583989724517,12,1.0,8227.882094,True,
LOCAL-v1-q4-cell500_shared_field-5056,4,frozen_baseline,13,515.1876965384615,0.01674708304926753,13,1.0,6697.440055,True,
LOCAL-v1-q4-cell500_shared_field-5057,4,frozen_baseline,13,525.4541958461539,0.0149819579673931,13,1.0,6830.904546,True,
LOCAL-v1-q4-cell500_shared_field-5058,4,frozen_baseline,14,450.4672837857143,0.018047082936391234,14,1.0,6306.541973,True,
LOCAL-v1-q4-cell500_shared_field-5059,4,frozen_baseline,12,534.8628915833334,0.018140624975785613,12,1.0,6418.354699,True,
LOCAL-v1-q4-cell500_shared_field-5060,4,frozen_baseline,11,623.4390128181818,0.0206301670987159,11,1.0,6857.829141,True,
LOCAL-v1-q4-cell500_shared_field-5061,4,frozen_baseline,13,690.904049923077,0.017513625090941787,13,1.0,8981.752649,True,
LOCAL-v1-q4-cell500_shared_field-5062,4,frozen_baseline,16,655.10225725,0.021855375031009316,16,1.0,10481.636116,True,
LOCAL-v1-q4-cell500_shared_field-5063,4,frozen_baseline,15,447.66370693333334,0.02213416702579707,15,1.0,6714.955604,True,
LOCAL-v1-q4-cell500_shared_field-5064,4,frozen_baseline,13,505.34508323076926,0.018395125051029027,13,1.0,6569.486082,True,
LOCAL-v1-q4-cell500_shared_field-5065,4,frozen_baseline,12,578.7225680833334,0.01486495800781995,12,1.0,6944.670817,True,
LOCAL-v1-q4-cell500_shared_field-5066,4,frozen_baseline,10,644.8178079,0.01728675002232194,10,1.0,6448.178079,True,
LOCAL-v1-q4-cell500_shared_field-5067,4,frozen_baseline,16,482.601456125,0.021161500015296042,16,1.0,7721.623298,True,
LOCAL-v1-q4-cell500_shared_field-5068,4,frozen_baseline,13,549.8955546923078,0.019586249953135848,13,1.0,7148.642211,True,
LOCAL-v1-q4-cell500_shared_field-5069,4,frozen_baseline,14,708.1589135,0.02025862503796816,14,1.0,9914.224789,True,
LOCAL-v1-q4-cell500_shared_field-5070,4,frozen_baseline,12,553.358307,0.01675179204903543,12,1.0,6640.299684,True,
LOCAL-v1-q4-cell500_shared_field-5071,4,frozen_baseline,12,564.49523475,0.019675874966196716,12,1.0,6773.942817,True,
LOCAL-v1-q4-cell500_shared_field-5072,4,frozen_baseline,15,485.909264,0.014786917017772794,15,1.0,7288.63896,True,
LOCAL-v1-q4-cell500_shared_field-5073,4,frozen_baseline,10,627.3822357,0.017158625065349042,10,1.0,6273.822357,True,
LOCAL-v1-q4-cell500_shared_field-5074,4,frozen_baseline,16,414.368233125,0.021267249947413802,16,1.0,6629.89173,True,
LOCAL-v1-q4-cell500_shared_field-5075,4,frozen_baseline,15,440.6888936666667,0.017722667078487575,15,1.0,6610.333405,True,
LOCAL-v1-q4-cell500_shared_field-5076,4,frozen_baseline,12,572.2078355833333,0.02242179191671312,12,1.0,6866.494027,True,
LOCAL-v1-q4-cell500_shared_field-5077,4,frozen_baseline,14,485.2149827142857,0.019551125005818903,14,1.0,6793.009758,True,
LOCAL-v1-q4-cell500_shared_field-5078,4,frozen_baseline,13,513.7206610769231,0.019183625001460314,13,1.0,6678.368594,True,
LOCAL-v1-q4-cell500_shared_field-5079,4,frozen_baseline,10,647.7839916,0.014775458024814725,10,1.0,6477.839916,True,
LOCAL-v1-q4-cell500_shared_field-5080,4,frozen_baseline,10,898.0093752,0.017319916049018502,10,1.0,8980.093752,True,
LOCAL-v1-q4-cell500_shared_field-5081,4,frozen_baseline,16,445.3970988125,0.018847249913960695,16,1.0,7126.353581,True,
LOCAL-v1-q4-cell500_shared_field-5082,4,frozen_baseline,13,524.7218942307692,0.016233625006861985,13,1.0,6821.384625,True,
LOCAL-v1-q4-cell500_shared_field-5083,4,frozen_baseline,13,570.6683529230769,0.020318415947258472,13,1.0,7418.688588,True,
LOCAL-v1-q4-cell500_shared_field-5084,4,frozen_baseline,14,515.4937297857143,0.01829191599972546,14,1.0,7216.912217,True,
LOCAL-v1-q4-cell500_shared_field-5085,4,frozen_baseline,15,538.5248856000001,0.019626874942332506,15,1.0,8077.873284,True,
LOCAL-v1-q4-cell500_shared_field-5086,4,frozen_baseline,12,680.3354829166666,0.021096166921779513,12,1.0,8164.025795,True,
LOCAL-v1-q4-cell500_shared_field-5087,4,frozen_baseline,13,538.1000013846153,0.01667229097802192,13,1.0,6995.300018,True,
LOCAL-v1-q4-cell500_shared_field-5088,4,frozen_baseline,16,447.155685875,0.022433290956541896,16,1.0,7154.490974,True,
LOCAL-v1-q4-cell500_shared_field-5089,4,frozen_baseline,15,404.1462178666667,0.020343709038570523,15,1.0,6062.193268,True,
LOCAL-v1-q4-cell500_shared_field-5090,4,frozen_baseline,14,463.0179667857143,0.015561833046376705,14,1.0,6482.251535,True,
LOCAL-v1-q4-cell500_shared_field-5091,4,frozen_baseline,12,622.1464915,0.01596987491939217,12,1.0,7465.757898,True,
LOCAL-v1-q4-cell500_shared_field-5092,4,frozen_baseline,11,569.7969081818181,0.018743708031252027,11,1.0,6267.76599,True,
LOCAL-v1-q4-cell500_shared_field-5093,4,frozen_baseline,15,552.0790888666667,0.01649599999655038,15,1.0,8281.186333,True,
LOCAL-v1-q4-cell500_shared_field-5094,4,frozen_baseline,11,632.8792178181818,0.014723374973982573,11,1.0,6961.671396,True,
LOCAL-v1-q4-cell500_shared_field-5095,4,frozen_baseline,10,731.8123760999999,0.017127208062447608,10,1.0,7318.123761,True,
LOCAL-v1-q4-cell500_shared_field-5096,4,frozen_baseline,14,481.0479361428571,0.021039583021774888,14,1.0,6734.671106,True,
LOCAL-v1-q4-cell500_shared_field-5097,4,frozen_baseline,13,544.2036276153847,0.01980866608209908,13,1.0,7074.647159,True,
LOCAL-v1-q4-cell500_shared_field-5098,4,frozen_baseline,16,405.583708125,0.019293957971967757,16,1.0,6489.33933,True,
LOCAL-v1-q4-cell500_shared_field-5099,4,frozen_baseline,13,679.8846238461539,0.01899300003424287,13,1.0,8838.50011,True,
LOCAL-v1-q4-edge_mixed_min_radius-5000,4,frozen_baseline,11,800.9945518181819,0.01786504196934402,11,1.0,8810.94007,True,
LOCAL-v1-q4-edge_mixed_min_radius-5001,4,frozen_baseline,14,741.7835821428571,0.019401292083784938,14,1.0,10384.97015,True,
LOCAL-v1-q4-edge_mixed_min_radius-5002,4,frozen_baseline,15,619.1579435333333,0.018752124975435436,15,1.0,9287.369153,True,
LOCAL-v1-q4-edge_mixed_min_radius-5003,4,frozen_baseline,11,643.8686720000001,0.018230417044833302,11,1.0,7082.555392,True,
LOCAL-v1-q4-edge_mixed_min_radius-5004,4,frozen_baseline,12,546.7765215000001,0.01660783402621746,12,1.0,6561.318258,True,
LOCAL-v1-q4-edge_mixed_min_radius-5005,4,frozen_baseline,11,645.9884263636363,0.016008500009775162,11,1.0,7105.87269,True,
LOCAL-v1-q4-edge_mixed_min_radius-5006,4,frozen_baseline,11,756.5893940000001,0.01785058295354247,11,1.0,8322.483334,True,
LOCAL-v1-q4-edge_mixed_min_radius-5007,4,frozen_baseline,11,725.1561296363636,0.016718042083084583,11,1.0,7976.717426,True,
LOCAL-v1-q4-edge_mixed_min_radius-5008,4,frozen_baseline,10,823.1531074000001,0.014096457976847887,10,1.0,8231.531074,True,
LOCAL-v1-q4-edge_mixed_min_radius-5009,4,frozen_baseline,14,503.36899514285716,0.017647291999310255,14,1.0,7047.165932,True,
LOCAL-v1-q4-edge_mixed_min_radius-5010,4,frozen_baseline,12,531.2379334999999,0.020040499977767467,12,1.0,6374.855202,True,
LOCAL-v1-q4-edge_mixed_min_radius-5011,4,frozen_baseline,15,424.12467399999997,0.02158191695343703,15,1.0,6361.87011,True,
LOCAL-v1-q4-edge_mixed_min_radius-5012,4,frozen_baseline,10,734.469208,0.017916708020493388,10,1.0,7344.69208,True,
LOCAL-v1-q4-edge_mixed_min_radius-5013,4,frozen_baseline,12,595.9616494166667,0.01924041600432247,12,1.0,7151.539793,True,
LOCAL-v1-q4-edge_mixed_min_radius-5014,4,frozen_baseline,11,807.0765850909091,0.015504625043831766,11,1.0,8877.842436,True,
LOCAL-v1-q4-edge_mixed_min_radius-5015,4,frozen_baseline,12,630.5127854166667,0.016265457961708307,12,1.0,7566.153425,True,
LOCAL-v1-q4-edge_mixed_min_radius-5016,4,frozen_baseline,16,493.3497158125,0.017672082991339266,16,1.0,7893.595453,True,
LOCAL-v1-q4-edge_mixed_min_radius-5017,4,frozen_baseline,15,614.576973,0.016781375044956803,15,1.0,9218.654595,True,
LOCAL-v1-q4-edge_mixed_min_radius-5018,4,frozen_baseline,10,773.3594223,0.01527325005736202,10,1.0,7733.594223,True,
LOCAL-v1-q4-edge_mixed_min_radius-5019,4,frozen_baseline,11,582.1932485454546,0.01850920799188316,11,1.0,6404.125734,True,
LOCAL-v1-q4-edge_mixed_min_radius-5020,4,frozen_baseline,16,456.295149375,0.019796582986600697,16,1.0,7300.72239,True,
LOCAL-v1-q4-edge_mixed_min_radius-5021,4,frozen_baseline,14,696.5865047857143,0.01575245801359415,14,1.0,9752.211067,True,
LOCAL-v1-q4-edge_mixed_min_radius-5022,4,frozen_baseline,14,660.9818787857142,0.015776874963194132,14,1.0,9253.746303,True,
LOCAL-v1-q4-edge_mixed_min_radius-5023,4,frozen_baseline,15,499.8048402,0.018860624986700714,15,1.0,7497.072603,True,
LOCAL-v1-q4-edge_mixed_min_radius-5024,4,frozen_baseline,13,607.5583015384616,0.020565208978950977,13,1.0,7898.25792,True,
LOCAL-v1-q4-edge_mixed_min_radius-5025,4,frozen_baseline,12,669.2232211666667,0.018148500006645918,12,1.0,8030.678654,True,
LOCAL-v1-q4-edge_mixed_min_radius-5026,4,frozen_baseline,15,446.9963114,0.022533749928697944,15,1.0,6704.944671,True,
LOCAL-v1-q4-edge_mixed_min_radius-5027,4,frozen_baseline,11,625.966649,0.037231958005577326,11,1.0,6885.633139,True,
LOCAL-v1-q4-edge_mixed_min_radius-5028,4,frozen_baseline,10,651.7642768,0.016199291916564107,10,1.0,6517.642768,True,
LOCAL-v1-q4-edge_mixed_min_radius-5029,4,frozen_baseline,11,696.7846290909091,0.014937250060029328,11,1.0,7664.63092,True,
LOCAL-v1-q4-edge_mixed_min_radius-5030,4,frozen_baseline,12,629.9151009999999,0.017419083043932915,12,1.0,7558.981212,True,
LOCAL-v1-q4-edge_mixed_min_radius-5031,4,frozen_baseline,15,569.0524075333334,0.016565834055654705,15,1.0,8535.786113,True,
LOCAL-v1-q4-edge_mixed_min_radius-5032,4,frozen_baseline,11,613.0974537272728,0.015301709063351154,11,1.0,6744.071991,True,
LOCAL-v1-q4-edge_mixed_min_radius-5033,4,frozen_baseline,14,516.0926977142857,0.018723709043115377,14,1.0,7225.297768,True,
LOCAL-v1-q4-edge_mixed_min_radius-5034,4,frozen_baseline,16,500.2597061875,0.01843495899811387,16,1.0,8004.155299,True,
LOCAL-v1-q4-edge_mixed_min_radius-5035,4,frozen_baseline,10,817.9419769,0.017266749986447394,10,1.0,8179.419769,True,
LOCAL-v1-q4-edge_mixed_min_radius-5036,4,frozen_baseline,15,635.0619801333333,0.016891916980966926,15,1.0,9525.929702,True,
LOCAL-v1-q4-edge_mixed_min_radius-5037,4,frozen_baseline,15,556.7862680666666,0.01997662498615682,15,1.0,8351.794021,True,
LOCAL-v1-q4-edge_mixed_min_radius-5038,4,frozen_baseline,16,450.9218555,0.020757666905410588,16,1.0,7214.749688,True,
LOCAL-v1-q4-edge_mixed_min_radius-5039,4,frozen_baseline,10,830.7216543000001,0.10667270806152374,10,1.0,8307.216543,True,
LOCAL-v1-q4-edge_mixed_min_radius-5040,4,frozen_baseline,15,522.6875454666666,0.03578124998603016,15,1.0,7840.313182,True,
LOCAL-v1-q4-edge_mixed_min_radius-5041,4,frozen_baseline,15,448.7014158666667,0.020956541993655264,15,1.0,6730.521238,True,
LOCAL-v1-q4-edge_mixed_min_radius-5042,4,frozen_baseline,11,801.7764628181817,0.025119249941781163,11,1.0,8819.541091,True,
LOCAL-v1-q4-edge_mixed_min_radius-5043,4,frozen_baseline,12,660.8631981666666,0.02621462498791516,12,1.0,7930.358378,True,
LOCAL-v1-q4-edge_mixed_min_radius-5044,4,frozen_baseline,11,752.9313286363636,0.019157250062562525,11,1.0,8282.244615,True,
LOCAL-v1-q4-edge_mixed_min_radius-5045,4,frozen_baseline,11,575.1879480909091,0.020309458952397108,11,1.0,6327.067429,True,
LOCAL-v1-q4-edge_mixed_min_radius-5046,4,frozen_baseline,10,581.6765141,0.01894558290950954,10,1.0,5816.765141,True,
LOCAL-v1-q4-edge_mixed_min_radius-5047,4,frozen_baseline,16,463.342902875,0.018526625004597008,16,1.0,7413.486446,True,
LOCAL-v1-q4-edge_mixed_min_radius-5048,4,frozen_baseline,12,621.6266174166667,0.017265249975025654,12,1.0,7459.519409,True,
LOCAL-v1-q4-edge_mixed_min_radius-5049,4,frozen_baseline,10,731.2418732,0.015821291017346084,10,1.0,7312.418732,True,
LOCAL-v1-q4-edge_mixed_min_radius-5050,4,frozen_baseline,15,530.8477098,0.01786583394277841,15,1.0,7962.715647,True,
LOCAL-v1-q4-edge_mixed_min_radius-5051,4,frozen_baseline,11,696.9729336363636,0.01583829103037715,11,1.0,7666.70227,True,
LOCAL-v1-q4-edge_mixed_min_radius-5052,4,frozen_baseline,13,583.6490964615384,0.017949874978512526,13,1.0,7587.438254,True,
LOCAL-v1-q4-edge_mixed_min_radius-5053,4,frozen_baseline,16,487.2425694375,0.017010790994390845,16,1.0,7795.881111,True,
LOCAL-v1-q4-edge_mixed_min_radius-5054,4,frozen_baseline,16,470.846790625,0.016490374924615026,16,1.0,7533.54865,True,
LOCAL-v1-q4-edge_mixed_min_radius-5055,4,frozen_baseline,12,957.7293962499999,0.015312999952584505,12,1.0,11492.752755,True,
LOCAL-v1-q4-edge_mixed_min_radius-5056,4,frozen_baseline,13,718.655138,0.015211667050607502,13,1.0,9342.516794,True,
LOCAL-v1-q4-edge_mixed_min_radius-5057,4,frozen_baseline,13,527.1363643846154,0.017989750020205975,13,1.0,6852.772737,True,
LOCAL-v1-q4-edge_mixed_min_radius-5058,4,frozen_baseline,14,461.1900678571429,0.017889040987938643,14,1.0,6456.66095,True,
LOCAL-v1-q4-edge_mixed_min_radius-5059,4,frozen_baseline,12,516.8116130833333,0.01891612506005913,12,1.0,6201.739357,True,
LOCAL-v1-q4-edge_mixed_min_radius-5060,4,frozen_baseline,11,773.7151230909091,0.015482124988920987,11,1.0,8510.866354,True,
LOCAL-v1-q4-edge_mixed_min_radius-5061,4,frozen_baseline,13,641.172594076923,0.018138500046916306,13,1.0,8335.243723,True,
LOCAL-v1-q4-edge_mixed_min_radius-5062,4,frozen_baseline,16,536.562588875,0.01782958407420665,16,1.0,8585.001422,True,
LOCAL-v1-q4-edge_mixed_min_radius-5063,4,frozen_baseline,15,432.0740098,0.022102124989032745,15,1.0,6481.110147,True,
LOCAL-v1-q4-edge_mixed_min_radius-5064,4,frozen_baseline,13,569.2274085384615,0.01592150004580617,13,1.0,7399.956311,True,
LOCAL-v1-q4-edge_mixed_min_radius-5065,4,frozen_baseline,12,688.1574725833334,0.016796041978523135,12,1.0,8257.889671,True,
LOCAL-v1-q4-edge_mixed_min_radius-5066,4,frozen_baseline,10,682.2066262999999,0.014578083995729685,10,1.0,6822.066263,True,
LOCAL-v1-q4-edge_mixed_min_radius-5067,4,frozen_baseline,16,460.1184969375,0.018508457927964628,16,1.0,7361.895951,True,
LOCAL-v1-q4-edge_mixed_min_radius-5068,4,frozen_baseline,13,598.0572683076923,0.018257500021718442,13,1.0,7774.744488,True,
LOCAL-v1-q4-edge_mixed_min_radius-5069,4,frozen_baseline,14,604.0227862857143,0.01640220801346004,14,1.0,8456.319008,True,
LOCAL-v1-q4-edge_mixed_min_radius-5070,4,frozen_baseline,12,624.5591076666666,0.017558875028043985,12,1.0,7494.709292,True,
LOCAL-v1-q4-edge_mixed_min_radius-5071,4,frozen_baseline,12,632.1435775833334,0.018145082984119654,12,1.0,7585.722931,True,
LOCAL-v1-q4-edge_mixed_min_radius-5072,4,frozen_baseline,15,613.4167892666667,0.01687266700901091,15,1.0,9201.251839,True,
LOCAL-v1-q4-edge_mixed_min_radius-5073,4,frozen_baseline,10,649.0608061,0.016973458928987384,10,1.0,6490.608061,True,
LOCAL-v1-q4-edge_mixed_min_radius-5074,4,frozen_baseline,16,518.7777659375,0.018722707987762988,16,1.0,8300.444255,True,
LOCAL-v1-q4-edge_mixed_min_radius-5075,4,frozen_baseline,15,484.69447026666666,0.01959099993109703,15,1.0,7270.417054,True,
LOCAL-v1-q4-edge_mixed_min_radius-5076,4,frozen_baseline,12,707.2136271666667,0.016030166065320373,12,1.0,8486.563526,True,
LOCAL-v1-q4-edge_mixed_min_radius-5077,4,frozen_baseline,14,606.7619192857143,0.018876916961744428,14,1.0,8494.66687,True,
LOCAL-v1-q4-edge_mixed_min_radius-5078,4,frozen_baseline,13,522.4734626923077,0.018758416990749538,13,1.0,6792.155015,True,
LOCAL-v1-q4-edge_mixed_min_radius-5079,4,frozen_baseline,10,641.7253485,0.017491625039838254,10,1.0,6417.253485,True,
LOCAL-v1-q4-edge_mixed_min_radius-5080,4,frozen_baseline,10,920.0944692999999,0.015686708968132734,10,1.0,9200.944693,True,
LOCAL-v1-q4-edge_mixed_min_radius-5081,4,frozen_baseline,16,500.21595125,0.018952458980493248,16,1.0,8003.45522,True,
LOCAL-v1-q4-edge_mixed_min_radius-5082,4,frozen_baseline,13,571.9441683076923,0.015845917048864067,13,1.0,7435.274188,True,
LOCAL-v1-q4-edge_mixed_min_radius-5083,4,frozen_baseline,13,544.4397749999999,0.018384624971076846,13,1.0,7077.717075,True,
LOCAL-v1-q4-edge_mixed_min_radius-5084,4,frozen_baseline,14,731.5232792857142,0.016486290958710015,14,1.0,10241.32591,True,
LOCAL-v1-q4-edge_mixed_min_radius-5085,4,frozen_baseline,15,597.0858439333333,0.017677999916486442,15,1.0,8956.287659,True,
LOCAL-v1-q4-edge_mixed_min_radius-5086,4,frozen_baseline,12,572.1213725,0.01839254202786833,12,1.0,6865.45647,True,
LOCAL-v1-q4-edge_mixed_min_radius-5087,4,frozen_baseline,13,587.4428839999999,0.01701645797584206,13,1.0,7636.757492,True,
LOCAL-v1-q4-edge_mixed_min_radius-5088,4,frozen_baseline,16,530.303966625,0.01870920800138265,16,1.0,8484.863466,True,
LOCAL-v1-q4-edge_mixed_min_radius-5089,4,frozen_baseline,15,509.9996294666667,0.01939795899670571,15,1.0,7649.994442,True,
LOCAL-v1-q4-edge_mixed_min_radius-5090,4,frozen_baseline,14,456.4198455,0.017769958009012043,14,1.0,6389.877837,True,
LOCAL-v1-q4-edge_mixed_min_radius-5091,4,frozen_baseline,12,611.79419325,0.017803208087570965,12,1.0,7341.530319,True,
LOCAL-v1-q4-edge_mixed_min_radius-5092,4,frozen_baseline,11,674.1511655454545,0.017936167074367404,11,1.0,7415.662821,True,
LOCAL-v1-q4-edge_mixed_min_radius-5093,4,frozen_baseline,15,516.2685904,0.017110374988988042,15,1.0,7744.028856,True,
LOCAL-v1-q4-edge_mixed_min_radius-5094,4,frozen_baseline,11,789.0822054545454,0.01614412502385676,11,1.0,8679.90426,True,
LOCAL-v1-q4-edge_mixed_min_radius-5095,4,frozen_baseline,10,830.7679340000001,0.016358666005544364,10,1.0,8307.67934,True,
LOCAL-v1-q4-edge_mixed_min_radius-5096,4,frozen_baseline,14,496.5496021428571,0.01939687505364418,14,1.0,6951.69443,True,
LOCAL-v1-q4-edge_mixed_min_radius-5097,4,frozen_baseline,13,569.7907702307692,0.019007417024113238,13,1.0,7407.280013,True,
LOCAL-v1-q4-edge_mixed_min_radius-5098,4,frozen_baseline,16,463.4137238125,0.02154641703236848,16,1.0,7414.619581,True,
LOCAL-v1-q4-edge_mixed_min_radius-5099,4,frozen_baseline,13,676.7586714615385,0.01909816695842892,13,1.0,8797.862729,True,
LOCAL-v1-q4-offcenter_cluster-5000,4,frozen_baseline,11,608.3898793636364,0.0203071249416098,11,1.0,6692.288673,True,
LOCAL-v1-q4-offcenter_cluster-5001,4,frozen_baseline,14,477.4067654285714,0.027697165962308645,14,1.0,6683.694716,True,
LOCAL-v1-q4-offcenter_cluster-5002,4,frozen_baseline,15,575.3825288,0.025479790987446904,15,1.0,8630.737932,True,
LOCAL-v1-q4-offcenter_cluster-5003,4,frozen_baseline,11,604.7105114545454,0.02116008405573666,11,1.0,6651.815626,True,
LOCAL-v1-q4-offcenter_cluster-5004,4,frozen_baseline,12,551.1587425,0.023922624997794628,12,1.0,6613.90491,True,
LOCAL-v1-q4-offcenter_cluster-5005,4,frozen_baseline,11,655.7799437272727,0.024471874930895865,11,1.0,7213.579381,True,
LOCAL-v1-q4-offcenter_cluster-5006,4,frozen_baseline,11,512.4370224545454,0.02391391701530665,11,1.0,5636.807247,True,
LOCAL-v1-q4-offcenter_cluster-5007,4,frozen_baseline,11,719.3032911818182,0.02305241592694074,11,1.0,7912.336203,True,
LOCAL-v1-q4-offcenter_cluster-5008,4,frozen_baseline,10,639.1852986,0.017989124986343086,10,1.0,6391.852986,True,
LOCAL-v1-q4-offcenter_cluster-5009,4,frozen_baseline,14,488.3169348571428,0.026456500054337084,14,1.0,6836.437088,True,
LOCAL-v1-q4-offcenter_cluster-5010,4,frozen_baseline,12,558.5167975,0.021694332943297923,12,1.0,6702.20157,True,
LOCAL-v1-q4-offcenter_cluster-5011,4,frozen_baseline,15,466.68319553333333,0.024467999930493534,15,1.0,7000.247933,True,
LOCAL-v1-q4-offcenter_cluster-5012,4,frozen_baseline,10,582.6280273,0.01445883302949369,10,1.0,5826.280273,True,
LOCAL-v1-q4-offcenter_cluster-5013,4,frozen_baseline,12,566.3354146666667,0.02296191593632102,12,1.0,6796.024976,True,
LOCAL-v1-q4-offcenter_cluster-5014,4,frozen_baseline,11,657.0165850909091,0.02349649998359382,11,1.0,7227.182436,True,
LOCAL-v1-q4-offcenter_cluster-5015,4,frozen_baseline,12,608.3057304166667,0.01763604104053229,12,1.0,7299.668765,True,
LOCAL-v1-q4-offcenter_cluster-5016,4,frozen_baseline,16,207.3941174375,0.02308974997140467,16,1.0,3318.305879,True,
LOCAL-v1-q4-offcenter_cluster-5017,4,frozen_baseline,15,538.5253830666667,0.03529891592916101,15,1.0,8077.880746,True,
LOCAL-v1-q4-offcenter_cluster-5018,4,frozen_baseline,10,701.7711778,0.01856704195961356,10,1.0,7017.711778,True,
LOCAL-v1-q4-offcenter_cluster-5019,4,frozen_baseline,11,556.6054609090909,0.0209031670819968,11,1.0,6122.66007,True,
LOCAL-v1-q4-offcenter_cluster-5020,4,frozen_baseline,16,405.860481125,0.033641125075519085,16,1.0,6493.767698,True,
LOCAL-v1-q4-offcenter_cluster-5021,4,frozen_baseline,14,484.75892135714287,0.023354416945949197,14,1.0,6786.624899,True,
LOCAL-v1-q4-offcenter_cluster-5022,4,frozen_baseline,14,428.0699132857143,0.025058874976821244,14,1.0,5992.978786,True,
LOCAL-v1-q4-offcenter_cluster-5023,4,frozen_baseline,15,436.58336146666664,0.02832191705238074,15,1.0,6548.750422,True,
LOCAL-v1-q4-offcenter_cluster-5024,4,frozen_baseline,13,506.9912261538462,0.026036832947283983,13,1.0,6590.88594,True,
LOCAL-v1-q4-offcenter_cluster-5025,4,frozen_baseline,12,478.59655191666667,0.014480625046417117,12,1.0,5743.158623,True,
LOCAL-v1-q4-offcenter_cluster-5026,4,frozen_baseline,15,359.1409542,0.026801333064213395,15,1.0,5387.114313,True,
LOCAL-v1-q4-offcenter_cluster-5027,4,frozen_baseline,11,546.7039301818181,0.020644792006351054,11,1.0,6013.743232,True,
LOCAL-v1-q4-offcenter_cluster-5028,4,frozen_baseline,10,665.7523448,0.018778958008624613,10,1.0,6657.523448,True,
LOCAL-v1-q4-offcenter_cluster-5029,4,frozen_baseline,11,701.6272496363637,0.020900000003166497,11,1.0,7717.899746,True,
LOCAL-v1-q4-offcenter_cluster-5030,4,frozen_baseline,12,532.27137325,0.02074429194908589,12,1.0,6387.256479,True,
LOCAL-v1-q4-offcenter_cluster-5031,4,frozen_baseline,15,418.78035386666664,0.026339708012528718,15,1.0,6281.705308,True,
LOCAL-v1-q4-offcenter_cluster-5032,4,frozen_baseline,11,510.4861214545454,0.02075820800382644,11,1.0,5615.347336,True,
LOCAL-v1-q4-offcenter_cluster-5033,4,frozen_baseline,14,376.90750157142855,0.027097165933810174,14,1.0,5276.705022,True,
LOCAL-v1-q4-offcenter_cluster-5034,4,frozen_baseline,16,437.8629905625,0.026270541013218462,16,1.0,7005.807849,True,
LOCAL-v1-q4-offcenter_cluster-5035,4,frozen_baseline,10,703.137656,0.022924917051568627,10,1.0,7031.37656,True,
LOCAL-v1-q4-offcenter_cluster-5036,4,frozen_baseline,15,490.3566527333333,0.02455233410000801,15,1.0,7355.349791,True,
LOCAL-v1-q4-offcenter_cluster-5037,4,frozen_baseline,15,484.947738,0.027984665939584374,15,1.0,7274.21607,True,
LOCAL-v1-q4-offcenter_cluster-5038,4,frozen_baseline,16,390.30105775,0.029664292000234127,16,1.0,6244.816924,True,
LOCAL-v1-q4-offcenter_cluster-5039,4,frozen_baseline,10,588.0014162,0.019609875045716763,10,1.0,5880.014162,True,
LOCAL-v1-q4-offcenter_cluster-5040,4,frozen_baseline,15,421.9084766,0.03298145905137062,15,1.0,6328.627149,True,
LOCAL-v1-q4-offcenter_cluster-5041,4,frozen_baseline,15,366.29704713333336,0.02390858402941376,15,1.0,5494.455707,True,
LOCAL-v1-q4-offcenter_cluster-5042,4,frozen_baseline,11,632.7542644545455,0.025666625006124377,11,1.0,6960.296909,True,
LOCAL-v1-q4-offcenter_cluster-5043,4,frozen_baseline,12,491.826172,0.016895583947189152,12,1.0,5901.914064,True,
LOCAL-v1-q4-offcenter_cluster-5044,4,frozen_baseline,11,565.3896906363636,0.02259462501388043,11,1.0,6219.286597,True,
LOCAL-v1-q4-offcenter_cluster-5045,4,frozen_baseline,11,595.0449438181818,0.027612000005319715,11,1.0,6545.494382,True,
LOCAL-v1-q4-offcenter_cluster-5046,4,frozen_baseline,10,616.2924248,0.027204332989640534,10,1.0,6162.924248,True,
LOCAL-v1-q4-offcenter_cluster-5047,4,frozen_baseline,16,154.838495875,0.023261583992280066,16,1.0,2477.415934,True,
LOCAL-v1-q4-offcenter_cluster-5048,4,frozen_baseline,12,514.1035738333334,0.021363166044466197,12,1.0,6169.242886,True,
LOCAL-v1-q4-offcenter_cluster-5049,4,frozen_baseline,10,852.590186,0.022672042017802596,10,1.0,8525.90186,True,
LOCAL-v1-q4-offcenter_cluster-5050,4,frozen_baseline,15,399.6748437333333,0.028058083029463887,15,1.0,5995.122656,True,
LOCAL-v1-q4-offcenter_cluster-5051,4,frozen_baseline,11,613.2947581818181,0.01998429198283702,11,1.0,6746.24234,True,
LOCAL-v1-q4-offcenter_cluster-5052,4,frozen_baseline,13,468.41647953846154,0.026473707985132933,13,1.0,6089.414234,True,
LOCAL-v1-q4-offcenter_cluster-5053,4,frozen_baseline,16,444.786850625,0.02895729208830744,16,1.0,7116.58961,True,
LOCAL-v1-q4-offcenter_cluster-5054,4,frozen_baseline,16,215.31368975,0.021736916969530284,16,1.0,3445.019036,True,
LOCAL-v1-q4-offcenter_cluster-5055,4,frozen_baseline,12,526.4659514166666,0.023404209059663117,12,1.0,6317.591417,True,
LOCAL-v1-q4-offcenter_cluster-5056,4,frozen_baseline,13,585.2484603846153,0.027499083080329,13,1.0,7608.229985,True,
LOCAL-v1-q4-offcenter_cluster-5057,4,frozen_baseline,13,549.4268897692308,0.02133633301127702,13,1.0,7142.549567,True,
LOCAL-v1-q4-offcenter_cluster-5058,4,frozen_baseline,14,452.31157328571425,0.02754837495740503,14,1.0,6332.362026,True,
LOCAL-v1-q4-offcenter_cluster-5059,4,frozen_baseline,12,548.19392775,0.027730542002245784,12,1.0,6578.327133,True,
LOCAL-v1-q4-offcenter_cluster-5060,4,frozen_baseline,11,690.9136405454545,0.022093125036917627,11,1.0,7600.050046,True,
LOCAL-v1-q4-offcenter_cluster-5061,4,frozen_baseline,13,559.1615108461539,0.022034915979020298,13,1.0,7269.099641,True,
LOCAL-v1-q4-offcenter_cluster-5062,4,frozen_baseline,16,450.4664636875,0.02511041599791497,16,1.0,7207.463419,True,
LOCAL-v1-q4-offcenter_cluster-5063,4,frozen_baseline,15,607.0805973333333,0.029414708027616143,15,1.0,9106.20896,True,
LOCAL-v1-q4-offcenter_cluster-5064,4,frozen_baseline,13,556.319937923077,0.021370082977227867,13,1.0,7232.159193,True,
LOCAL-v1-q4-offcenter_cluster-5065,4,frozen_baseline,12,496.8734886666667,0.023706958047114313,12,1.0,5962.481864,True,
LOCAL-v1-q4-offcenter_cluster-5066,4,frozen_baseline,10,583.700664,0.024547167005948722,10,1.0,5837.00664,True,
LOCAL-v1-q4-offcenter_cluster-5067,4,frozen_baseline,16,387.8321805625,0.02546691708266735,16,1.0,6205.314889,True,
LOCAL-v1-q4-offcenter_cluster-5068,4,frozen_baseline,13,542.8077469230769,0.022358709014952183,13,1.0,7056.50071,True,
LOCAL-v1-q4-offcenter_cluster-5069,4,frozen_baseline,14,470.14031814285715,0.023421499994583428,14,1.0,6581.964454,True,
LOCAL-v1-q4-offcenter_cluster-5070,4,frozen_baseline,12,502.9970166666667,0.025973708019591868,12,1.0,6035.9642,True,
LOCAL-v1-q4-offcenter_cluster-5071,4,frozen_baseline,12,533.6638696666666,0.02732654206920415,12,1.0,6403.966436,True,
LOCAL-v1-q4-offcenter_cluster-5072,4,frozen_baseline,15,437.0915660666667,0.021368207992054522,15,1.0,6556.373491,True,
LOCAL-v1-q4-offcenter_cluster-5073,4,frozen_baseline,10,570.4631521,0.025690624956041574,10,1.0,5704.631521,True,
LOCAL-v1-q4-offcenter_cluster-5074,4,frozen_baseline,16,379.6526565625,0.02376149990595877,16,1.0,6074.442505,True,
LOCAL-v1-q4-offcenter_cluster-5075,4,frozen_baseline,15,354.6249262,0.014977582963183522,15,1.0,5319.373893,True,
LOCAL-v1-q4-offcenter_cluster-5076,4,frozen_baseline,12,556.1472826666667,0.019988125073723495,12,1.0,6673.767392,True,
LOCAL-v1-q4-offcenter_cluster-5077,4,frozen_baseline,14,456.8729538571429,0.025227167061530054,14,1.0,6396.221354,True,
LOCAL-v1-q4-offcenter_cluster-5078,4,frozen_baseline,13,462.7618746923077,0.025987584027461708,13,1.0,6015.904371,True,
LOCAL-v1-q4-offcenter_cluster-5079,4,frozen_baseline,10,651.6091984,0.024509542039595544,10,1.0,6516.091984,True,
LOCAL-v1-q4-offcenter_cluster-5080,4,frozen_baseline,10,872.516996,0.019119582953862846,10,1.0,8725.16996,True,
LOCAL-v1-q4-offcenter_cluster-5081,4,frozen_baseline,16,437.36045675,0.026549041969701648,16,1.0,6997.767308,True,
LOCAL-v1-q4-offcenter_cluster-5082,4,frozen_baseline,13,509.48164599999996,0.022348124999552965,13,1.0,6623.261398,True,
LOCAL-v1-q4-offcenter_cluster-5083,4,frozen_baseline,13,535.8921517692307,0.025241625029593706,13,1.0,6966.597973,True,
LOCAL-v1-q4-offcenter_cluster-5084,4,frozen_baseline,14,484.2735963571428,0.023634458077140152,14,1.0,6779.830349,True,
LOCAL-v1-q4-offcenter_cluster-5085,4,frozen_baseline,15,422.0832366,0.024527542060241103,15,1.0,6331.248549,True,
LOCAL-v1-q4-offcenter_cluster-5086,4,frozen_baseline,12,590.04101875,0.026311249937862158,12,1.0,7080.492225,True,
LOCAL-v1-q4-offcenter_cluster-5087,4,frozen_baseline,13,481.4850986923077,0.023578124935738742,13,1.0,6259.306283,True,
LOCAL-v1-q4-offcenter_cluster-5088,4,frozen_baseline,16,479.3891645625,0.029008541954681277,16,1.0,7670.226633,True,
LOCAL-v1-q4-offcenter_cluster-5089,4,frozen_baseline,15,382.4499169333333,0.028384207980707288,15,1.0,5736.748754,True,
LOCAL-v1-q4-offcenter_cluster-5090,4,frozen_baseline,14,502.1910965,0.026788000017404556,14,1.0,7030.675351,True,
LOCAL-v1-q4-offcenter_cluster-5091,4,frozen_baseline,12,505.46121983333336,0.021698875003494322,12,1.0,6065.534638,True,
LOCAL-v1-q4-offcenter_cluster-5092,4,frozen_baseline,11,575.9646212727273,0.025393250049091876,11,1.0,6335.610834,True,
LOCAL-v1-q4-offcenter_cluster-5093,4,frozen_baseline,15,500.3392659333333,0.03092087502591312,15,1.0,7505.088989,True,
LOCAL-v1-q4-offcenter_cluster-5094,4,frozen_baseline,11,704.07499,0.02584654197562486,11,1.0,7744.82489,True,
LOCAL-v1-q4-offcenter_cluster-5095,4,frozen_baseline,10,638.4737772999999,0.020835125003941357,10,1.0,6384.737773,True,
LOCAL-v1-q4-offcenter_cluster-5096,4,frozen_baseline,14,489.84641864285715,0.02346016699448228,14,1.0,6857.849861,True,
LOCAL-v1-q4-offcenter_cluster-5097,4,frozen_baseline,13,495.8846077692308,0.025396666955202818,13,1.0,6446.499901,True,
LOCAL-v1-q4-offcenter_cluster-5098,4,frozen_baseline,16,386.203371375,0.027045958093367517,16,1.0,6179.253942,True,
LOCAL-v1-q4-offcenter_cluster-5099,4,frozen_baseline,13,497.5880863846154,0.024697375018149614,13,1.0,6468.645123,True,
LOCAL-v1-q4-origin_cluster-5000,4,frozen_baseline,11,537.478137,0.025169667089357972,11,1.0,5912.259507,True,
LOCAL-v1-q4-origin_cluster-5001,4,frozen_baseline,14,457.3009330714286,0.029130500042811036,14,1.0,6402.213063,True,
LOCAL-v1-q4-origin_cluster-5002,4,frozen_baseline,15,668.7657598000001,0.02837029192596674,15,1.0,10031.486397,True,
LOCAL-v1-q4-origin_cluster-5003,4,frozen_baseline,11,555.2701281818182,0.02103095909114927,11,1.0,6107.97141,True,
LOCAL-v1-q4-origin_cluster-5004,4,frozen_baseline,12,485.3621038333333,0.01519129192456603,12,1.0,5824.345246,True,
LOCAL-v1-q4-origin_cluster-5005,4,frozen_baseline,11,568.4062164545454,0.02349629206582904,11,1.0,6252.468381,True,
LOCAL-v1-q4-origin_cluster-5006,4,frozen_baseline,11,970.0855904545454,0.02334691700525582,11,1.0,10670.941495,True,
LOCAL-v1-q4-origin_cluster-5007,4,frozen_baseline,11,549.9029727272728,0.024146041949279606,11,1.0,6048.9327,True,
LOCAL-v1-q4-origin_cluster-5008,4,frozen_baseline,10,774.0614955,0.022807457949966192,10,1.0,7740.614955,True,
LOCAL-v1-q4-origin_cluster-5009,4,frozen_baseline,14,416.0700250714286,0.023978209006600082,14,1.0,5824.980351,True,
LOCAL-v1-q4-origin_cluster-5010,4,frozen_baseline,12,454.4510720833334,0.02503058291040361,12,1.0,5453.412865,True,
LOCAL-v1-q4-origin_cluster-5011,4,frozen_baseline,15,373.91341593333334,0.026588500011712313,15,1.0,5608.701239,True,
LOCAL-v1-q4-origin_cluster-5012,4,frozen_baseline,10,596.8811438,0.014689625008031726,10,1.0,5968.811438,True,
LOCAL-v1-q4-origin_cluster-5013,4,frozen_baseline,12,750.1786640833334,0.023094542091712356,12,1.0,9002.143969,True,
LOCAL-v1-q4-origin_cluster-5014,4,frozen_baseline,11,632.8173629090909,0.02280812500976026,11,1.0,6960.990992,True,
LOCAL-v1-q4-origin_cluster-5015,4,frozen_baseline,12,1134.5976745833334,0.022661125054582953,12,1.0,13615.172095,True,
LOCAL-v1-q4-origin_cluster-5016,4,frozen_baseline,16,440.766775875,0.025963124935515225,16,1.0,7052.268414,True,
LOCAL-v1-q4-origin_cluster-5017,4,frozen_baseline,15,654.0210014,0.029012791928835213,15,1.0,9810.315021,True,
LOCAL-v1-q4-origin_cluster-5018,4,frozen_baseline,10,809.0221442,0.023298207903280854,10,1.0,8090.221442,True,
LOCAL-v1-q4-origin_cluster-5019,4,frozen_baseline,11,524.5236689090909,0.025060791056603193,11,1.0,5769.760358,True,
LOCAL-v1-q4-origin_cluster-5020,4,frozen_baseline,16,370.7377795625,0.026437124935910106,16,1.0,5931.804473,True,
LOCAL-v1-q4-origin_cluster-5021,4,frozen_baseline,14,584.6101752857143,0.026076583075337112,14,1.0,8184.542454,True,
LOCAL-v1-q4-origin_cluster-5022,4,frozen_baseline,14,774.2261432142857,0.02752562495879829,14,1.0,10839.166005,True,
LOCAL-v1-q4-origin_cluster-5023,4,frozen_baseline,15,386.6098005333333,0.026515749981626868,15,1.0,5799.147008,True,
LOCAL-v1-q4-origin_cluster-5024,4,frozen_baseline,13,443.7103031538462,0.024352958076633513,13,1.0,5768.233941,True,
LOCAL-v1-q4-origin_cluster-5025,4,frozen_baseline,12,665.6774105833333,0.025371708092279732,12,1.0,7988.128927,True,
LOCAL-v1-q4-origin_cluster-5026,4,frozen_baseline,15,372.6855058,0.015434375032782555,15,1.0,5590.282587,True,
LOCAL-v1-q4-origin_cluster-5027,4,frozen_baseline,11,535.3460831818182,0.014721416984684765,11,1.0,5888.806915,True,
LOCAL-v1-q4-origin_cluster-5028,4,frozen_baseline,10,579.2452571,0.022674791980534792,10,1.0,5792.452571,True,
LOCAL-v1-q4-origin_cluster-5029,4,frozen_baseline,11,623.110555909091,0.025025791954249144,11,1.0,6854.216115,True,
LOCAL-v1-q4-origin_cluster-5030,4,frozen_baseline,12,684.31421975,0.025898208026774228,12,1.0,8211.770637,True,
LOCAL-v1-q4-origin_cluster-5031,4,frozen_baseline,15,635.0722845333333,0.030340165947563946,15,1.0,9526.084268,True,
LOCAL-v1-q4-origin_cluster-5032,4,frozen_baseline,11,535.858183090909,0.014920542016625404,11,1.0,5894.440014,True,
LOCAL-v1-q4-origin_cluster-5033,4,frozen_baseline,14,404.5540632857143,0.015596249955706298,14,1.0,5663.756886,True,
LOCAL-v1-q4-origin_cluster-5034,4,frozen_baseline,16,319.1179879375,0.027140167076140642,16,1.0,5105.887807,True,
LOCAL-v1-q4-origin_cluster-5035,4,frozen_baseline,10,753.9765734,0.02294762502424419,10,1.0,7539.765734,True,
LOCAL-v1-q4-origin_cluster-5036,4,frozen_baseline,15,497.97082846666666,0.028534458950161934,15,1.0,7469.562427,True,
LOCAL-v1-q4-origin_cluster-5037,4,frozen_baseline,15,537.3963145333333,0.030178291955962777,15,1.0,8060.944718,True,
LOCAL-v1-q4-origin_cluster-5038,4,frozen_baseline,16,358.8583991875,0.0285164579981938,16,1.0,5741.734387,True,
LOCAL-v1-q4-origin_cluster-5039,4,frozen_baseline,10,731.8589872,0.018715125042945147,10,1.0,7318.589872,True,
LOCAL-v1-q4-origin_cluster-5040,4,frozen_baseline,15,427.71470386666664,0.02831199998036027,15,1.0,6415.720558,True,
LOCAL-v1-q4-origin_cluster-5041,4,frozen_baseline,15,465.9171895333333,0.029730250011198223,15,1.0,6988.757843,True,
LOCAL-v1-q4-origin_cluster-5042,4,frozen_baseline,11,544.9328881818182,0.023855457897298038,11,1.0,5994.26177,True,
LOCAL-v1-q4-origin_cluster-5043,4,frozen_baseline,12,620.1974225833334,0.026206125039607286,12,1.0,7442.369071,True,
LOCAL-v1-q4-origin_cluster-5044,4,frozen_baseline,11,735.5661562727273,0.025979000027291477,11,1.0,8091.227719,True,
LOCAL-v1-q4-origin_cluster-5045,4,frozen_baseline,11,531.0278331818182,0.015297584002837539,11,1.0,5841.306165,True,
LOCAL-v1-q4-origin_cluster-5046,4,frozen_baseline,10,641.4937338,0.020578416995704174,10,1.0,6414.937338,True,
LOCAL-v1-q4-origin_cluster-5047,4,frozen_baseline,16,367.2938590625,0.01630641706287861,16,1.0,5876.701745,True,
LOCAL-v1-q4-origin_cluster-5048,4,frozen_baseline,12,482.10877766666664,0.02558054099790752,12,1.0,5785.305332,True,
LOCAL-v1-q4-origin_cluster-5049,4,frozen_baseline,10,770.3328018999999,0.022011207998730242,10,1.0,7703.328019,True,
LOCAL-v1-q4-origin_cluster-5050,4,frozen_baseline,15,417.7063406666667,0.027643666020594537,15,1.0,6265.59511,True,
LOCAL-v1-q4-origin_cluster-5051,4,frozen_baseline,11,647.4910032727273,0.02293858304619789,11,1.0,7122.401036,True,
LOCAL-v1-q4-origin_cluster-5052,4,frozen_baseline,13,457.3019177692307,0.025906166061758995,13,1.0,5944.924931,True,
LOCAL-v1-q4-origin_cluster-5053,4,frozen_baseline,16,343.052313125,0.015708083985373378,16,1.0,5488.83701,True,
LOCAL-v1-q4-origin_cluster-5054,4,frozen_baseline,16,412.10505775,0.02397316601127386,16,1.0,6593.680924,True,
LOCAL-v1-q4-origin_cluster-5055,4,frozen_baseline,12,715.2074918333333,0.026404374977573752,12,1.0,8582.489902,True,
LOCAL-v1-q4-origin_cluster-5056,4,frozen_baseline,13,559.7601974615384,0.02290850004646927,13,1.0,7276.882567,True,
LOCAL-v1-q4-origin_cluster-5057,4,frozen_baseline,13,489.05868515384617,0.025548832956701517,13,1.0,6357.762907,True,
LOCAL-v1-q4-origin_cluster-5058,4,frozen_baseline,14,454.330555,0.02848249999806285,14,1.0,6360.62777,True,
LOCAL-v1-q4-origin_cluster-5059,4,frozen_baseline,12,490.93611458333334,0.022896291920915246,12,1.0,5891.233375,True,
LOCAL-v1-q4-origin_cluster-5060,4,frozen_baseline,11,788.0851503636363,0.02241070894524455,11,1.0,8668.936654,True,
LOCAL-v1-q4-origin_cluster-5061,4,frozen_baseline,13,707.0871082307692,0.027168500004336238,13,1.0,9192.132407,True,
LOCAL-v1-q4-origin_cluster-5062,4,frozen_baseline,16,267.054686375,0.02538104192353785,16,1.0,4272.874982,True,
LOCAL-v1-q4-origin_cluster-5063,4,frozen_baseline,15,380.4762376,0.028789415955543518,15,1.0,5707.143564,True,
LOCAL-v1-q4-origin_cluster-5064,4,frozen_baseline,13,441.6883023846154,0.015682041994296014,13,1.0,5741.947931,True,
LOCAL-v1-q4-origin_cluster-5065,4,frozen_baseline,12,680.8069376666666,0.027217875001952052,12,1.0,8169.683252,True,
LOCAL-v1-q4-origin_cluster-5066,4,frozen_baseline,10,596.1934938,0.014416499994695187,10,1.0,5961.934938,True,
LOCAL-v1-q4-origin_cluster-5067,4,frozen_baseline,16,437.1210341875,0.02769775001797825,16,1.0,6993.936547,True,
LOCAL-v1-q4-origin_cluster-5068,4,frozen_baseline,13,480.88765830769233,0.023747417028062046,13,1.0,6251.539558,True,
LOCAL-v1-q4-origin_cluster-5069,4,frozen_baseline,14,638.0680617142858,0.02801466698292643,14,1.0,8932.952864,True,
LOCAL-v1-q4-origin_cluster-5070,4,frozen_baseline,12,496.5659981666667,0.020410750061273575,12,1.0,5958.791978,True,
LOCAL-v1-q4-origin_cluster-5071,4,frozen_baseline,12,492.1445376666666,0.020287583931349218,12,1.0,5905.734452,True,
LOCAL-v1-q4-origin_cluster-5072,4,frozen_baseline,15,532.8077664666666,0.02727058297023177,15,1.0,7992.116497,True,
LOCAL-v1-q4-origin_cluster-5073,4,frozen_baseline,10,599.9314863,0.02121879195328802,10,1.0,5999.314863,True,
LOCAL-v1-q4-origin_cluster-5074,4,frozen_baseline,16,198.6088086875,0.027355542057193816,16,1.0,3177.740939,True,
LOCAL-v1-q4-origin_cluster-5075,4,frozen_baseline,15,420.6197568,0.028790040989406407,15,1.0,6309.296352,True,
LOCAL-v1-q4-origin_cluster-5076,4,frozen_baseline,12,589.9915355833333,0.023504041018895805,12,1.0,7079.898427,True,
LOCAL-v1-q4-origin_cluster-5077,4,frozen_baseline,14,404.0165705,0.015575708006508648,14,1.0,5656.231987,True,
LOCAL-v1-q4-origin_cluster-5078,4,frozen_baseline,13,448.462784,0.02514837495982647,13,1.0,5830.016192,True,
LOCAL-v1-q4-origin_cluster-5079,4,frozen_baseline,10,606.3706377999999,0.022061499999836087,10,1.0,6063.706378,True,
LOCAL-v1-q4-origin_cluster-5080,4,frozen_baseline,10,915.7676152,0.020558833028189838,10,1.0,9157.676152,True,
LOCAL-v1-q4-origin_cluster-5081,4,frozen_baseline,16,283.2926990625,0.02569399995263666,16,1.0,4532.683185,True,
LOCAL-v1-q4-origin_cluster-5082,4,frozen_baseline,13,550.7325256153846,0.026694500003941357,13,1.0,7159.522833,True,
LOCAL-v1-q4-origin_cluster-5083,4,frozen_baseline,13,441.82211446153843,0.022356541943736374,13,1.0,5743.687488,True,
LOCAL-v1-q4-origin_cluster-5084,4,frozen_baseline,14,603.6027987142858,0.0273498329333961,14,1.0,8450.439182,True,
LOCAL-v1-q4-origin_cluster-5085,4,frozen_baseline,15,743.4114526666667,0.02938750002067536,15,1.0,11151.17179,True,
LOCAL-v1-q4-origin_cluster-5086,4,frozen_baseline,12,574.7301928333333,0.02531491604167968,12,1.0,6896.762314,True,
LOCAL-v1-q4-origin_cluster-5087,4,frozen_baseline,13,465.1066683846154,0.02565666602458805,13,1.0,6046.386689,True,
LOCAL-v1-q4-origin_cluster-5088,4,frozen_baseline,16,264.8919015,0.026969750062562525,16,1.0,4238.270424,True,
LOCAL-v1-q4-origin_cluster-5089,4,frozen_baseline,15,451.7174598666667,0.02522075001616031,15,1.0,6775.761898,True,
LOCAL-v1-q4-origin_cluster-5090,4,frozen_baseline,14,426.7023596428571,0.01515850005671382,14,1.0,5973.833035,True,
LOCAL-v1-q4-origin_cluster-5091,4,frozen_baseline,12,526.6118488333333,0.02603795798495412,12,1.0,6319.342186,True,
LOCAL-v1-q4-origin_cluster-5092,4,frozen_baseline,11,541.5556904545455,0.020894499961286783,11,1.0,5957.112595,True,
LOCAL-v1-q4-origin_cluster-5093,4,frozen_baseline,15,463.9962864,0.02633766597136855,15,1.0,6959.944296,True,
LOCAL-v1-q4-origin_cluster-5094,4,frozen_baseline,11,574.8254889090908,0.020816875039599836,11,1.0,6323.080378,True,
LOCAL-v1-q4-origin_cluster-5095,4,frozen_baseline,10,647.0054087999999,0.022038000053726137,10,1.0,6470.054088,True,
LOCAL-v1-q4-origin_cluster-5096,4,frozen_baseline,14,406.6349782142857,0.024414833984337747,14,1.0,5692.889695,True,
LOCAL-v1-q4-origin_cluster-5097,4,frozen_baseline,13,529.8637233076923,0.028241500025615096,13,1.0,6888.228403,True,
LOCAL-v1-q4-origin_cluster-5098,4,frozen_baseline,16,168.486084375,0.02610695897601545,16,1.0,2695.77735,True,
LOCAL-v1-q4-origin_cluster-5099,4,frozen_baseline,13,610.0044337692308,0.025584332994185388,13,1.0,7930.057639,True,
LOCAL-v1-q4-minimum_radius-5000,4,frozen_baseline,11,589.0163347272727,0.018168582930229604,11,1.0,6479.179682,True,
LOCAL-v1-q4-minimum_radius-5001,4,frozen_baseline,14,582.3437134285715,0.018631208105944097,14,1.0,8152.811988,True,
LOCAL-v1-q4-minimum_radius-5002,4,frozen_baseline,15,559.1258689333333,0.015143417054787278,15,1.0,8386.888034,True,
LOCAL-v1-q4-minimum_radius-5003,4,frozen_baseline,11,623.9808050909091,0.017063959036022425,11,1.0,6863.788856,True,
LOCAL-v1-q4-minimum_radius-5004,4,frozen_baseline,12,578.0088651666666,0.017588249989785254,12,1.0,6936.106382,True,
LOCAL-v1-q4-minimum_radius-5005,4,frozen_baseline,11,592.767598,0.017174999928101897,11,1.0,6520.443578,True,
LOCAL-v1-q4-minimum_radius-5006,4,frozen_baseline,11,661.8338373636363,0.017631290946155787,11,1.0,7280.172211,True,
LOCAL-v1-q4-minimum_radius-5007,4,frozen_baseline,11,639.3560650000001,0.02157954196445644,11,1.0,7032.916715,True,
LOCAL-v1-q4-minimum_radius-5008,4,frozen_baseline,10,770.4404447,0.015321708982810378,10,1.0,7704.404447,True,
LOCAL-v1-q4-minimum_radius-5009,4,frozen_baseline,14,500.0380727857143,0.016414041980169713,14,1.0,7000.533019,True,
LOCAL-v1-q4-minimum_radius-5010,4,frozen_baseline,12,592.2475801666667,0.01908266602549702,12,1.0,7106.970962,True,
LOCAL-v1-q4-minimum_radius-5011,4,frozen_baseline,15,463.1310016,0.017957624979317188,15,1.0,6946.965024,True,
LOCAL-v1-q4-minimum_radius-5012,4,frozen_baseline,10,694.9308259000001,0.014223749982193112,10,1.0,6949.308259,True,
LOCAL-v1-q4-minimum_radius-5013,4,frozen_baseline,12,622.3607915833334,0.014629665995016694,12,1.0,7468.329499,True,
LOCAL-v1-q4-minimum_radius-5014,4,frozen_baseline,11,641.6742276363636,0.016255583032034338,11,1.0,7058.416504,True,
LOCAL-v1-q4-minimum_radius-5015,4,frozen_baseline,12,651.2292495,0.01804445800371468,12,1.0,7814.750994,True,
LOCAL-v1-q4-minimum_radius-5016,4,frozen_baseline,16,469.674060125,0.022504957974888384,16,1.0,7514.784962,True,
LOCAL-v1-q4-minimum_radius-5017,4,frozen_baseline,15,649.0374037333333,0.017384666018188,15,1.0,9735.561056,True,
LOCAL-v1-q4-minimum_radius-5018,4,frozen_baseline,10,847.0742511000001,0.01674112502951175,10,1.0,8470.742511,True,
LOCAL-v1-q4-minimum_radius-5019,4,frozen_baseline,11,630.7730757272727,0.018334332969971,11,1.0,6938.503833,True,
LOCAL-v1-q4-minimum_radius-5020,4,frozen_baseline,16,432.4485851875,0.018378250068053603,16,1.0,6919.177363,True,
LOCAL-v1-q4-minimum_radius-5021,4,frozen_baseline,14,581.9643076428572,0.015841416898183525,14,1.0,8147.500307,True,
LOCAL-v1-q4-minimum_radius-5022,4,frozen_baseline,14,571.7434124285714,0.017816707957535982,14,1.0,8004.407774,True,
LOCAL-v1-q4-minimum_radius-5023,4,frozen_baseline,15,508.1702840666667,0.017694709007628262,15,1.0,7622.554261,True,
LOCAL-v1-q4-minimum_radius-5024,4,frozen_baseline,13,493.7628451538461,0.01639866700861603,13,1.0,6418.916987,True,
LOCAL-v1-q4-minimum_radius-5025,4,frozen_baseline,12,637.9563116666667,0.019798125023953617,12,1.0,7655.47574,True,
LOCAL-v1-q4-minimum_radius-5026,4,frozen_baseline,15,440.3084564666667,0.019505374948494136,15,1.0,6604.626847,True,
LOCAL-v1-q4-minimum_radius-5027,4,frozen_baseline,11,637.1403313636364,0.01924241695087403,11,1.0,7008.543645,True,
LOCAL-v1-q4-minimum_radius-5028,4,frozen_baseline,10,697.26672,0.01633837493136525,10,1.0,6972.6672,True,
LOCAL-v1-q4-minimum_radius-5029,4,frozen_baseline,11,643.8415403636363,0.016204999992623925,11,1.0,7082.256944,True,
LOCAL-v1-q4-minimum_radius-5030,4,frozen_baseline,12,732.5718409166667,0.018048792029730976,12,1.0,8790.862091,True,
LOCAL-v1-q4-minimum_radius-5031,4,frozen_baseline,15,549.3760040666667,0.018843290978111327,15,1.0,8240.640061,True,
LOCAL-v1-q4-minimum_radius-5032,4,frozen_baseline,11,591.7812058181818,0.017806415911763906,11,1.0,6509.593264,True,
LOCAL-v1-q4-minimum_radius-5033,4,frozen_baseline,14,456.53940057142853,0.01862354204058647,14,1.0,6391.551608,True,
LOCAL-v1-q4-minimum_radius-5034,4,frozen_baseline,16,512.0840901875,0.01843554200604558,16,1.0,8193.345443,True,
LOCAL-v1-q4-minimum_radius-5035,4,frozen_baseline,10,707.1427175,0.014886084012687206,10,1.0,7071.427175,True,
LOCAL-v1-q4-minimum_radius-5036,4,frozen_baseline,15,505.21826200000004,0.01602591690607369,15,1.0,7578.27393,True,
LOCAL-v1-q4-minimum_radius-5037,4,frozen_baseline,15,508.65194479999997,0.01720895804464817,15,1.0,7629.779172,True,
LOCAL-v1-q4-minimum_radius-5038,4,frozen_baseline,16,469.479370125,0.019993833964690566,16,1.0,7511.669922,True,
LOCAL-v1-q4-minimum_radius-5039,4,frozen_baseline,10,755.0576771,0.014656207989901304,10,1.0,7550.576771,True,
LOCAL-v1-q4-minimum_radius-5040,4,frozen_baseline,15,487.38008286666667,0.01854650001041591,15,1.0,7310.701243,True,
LOCAL-v1-q4-minimum_radius-5041,4,frozen_baseline,15,515.3234047333333,0.020857791998423636,15,1.0,7729.851071,True,
LOCAL-v1-q4-minimum_radius-5042,4,frozen_baseline,11,604.5271823636364,0.02039462502580136,11,1.0,6649.799006,True,
LOCAL-v1-q4-minimum_radius-5043,4,frozen_baseline,12,647.7890049166666,0.021872124983929098,12,1.0,7773.468059,True,
LOCAL-v1-q4-minimum_radius-5044,4,frozen_baseline,11,686.6036466363637,0.01646362489555031,11,1.0,7552.640113,True,
LOCAL-v1-q4-minimum_radius-5045,4,frozen_baseline,11,586.8105894545455,0.014390665921382606,11,1.0,6454.916484,True,
LOCAL-v1-q4-minimum_radius-5046,4,frozen_baseline,10,671.2360337,0.017271584016270936,10,1.0,6712.360337,True,
LOCAL-v1-q4-minimum_radius-5047,4,frozen_baseline,16,400.2111464375,0.022438291925936937,16,1.0,6403.378343,True,
LOCAL-v1-q4-minimum_radius-5048,4,frozen_baseline,12,578.3274572500001,0.014704540953971446,12,1.0,6939.929487,True,
LOCAL-v1-q4-minimum_radius-5049,4,frozen_baseline,10,742.4651659,0.017983291996642947,10,1.0,7424.651659,True,
LOCAL-v1-q4-minimum_radius-5050,4,frozen_baseline,15,456.9970567333333,0.017872167052701116,15,1.0,6854.955851,True,
LOCAL-v1-q4-minimum_radius-5051,4,frozen_baseline,11,669.4528150909091,0.015243542031385005,11,1.0,7363.980966,True,
LOCAL-v1-q4-minimum_radius-5052,4,frozen_baseline,13,477.1538323076923,0.019871124997735023,13,1.0,6202.99982,True,
LOCAL-v1-q4-minimum_radius-5053,4,frozen_baseline,16,429.4250185625,0.018581499927677214,16,1.0,6870.800297,True,
LOCAL-v1-q4-minimum_radius-5054,4,frozen_baseline,16,435.180371,0.019569957978092134,16,1.0,6962.885936,True,
LOCAL-v1-q4-minimum_radius-5055,4,frozen_baseline,12,717.5063819166667,0.014453458017669618,12,1.0,8610.076583,True,
LOCAL-v1-q4-minimum_radius-5056,4,frozen_baseline,13,553.5593490769231,0.016440416919067502,13,1.0,7196.271538,True,
LOCAL-v1-q4-minimum_radius-5057,4,frozen_baseline,13,538.991664923077,0.014649166958406568,13,1.0,7006.891644,True,
LOCAL-v1-q4-minimum_radius-5058,4,frozen_baseline,14,471.95111257142855,0.017195249907672405,14,1.0,6607.315576,True,
LOCAL-v1-q4-minimum_radius-5059,4,frozen_baseline,12,563.4737654166667,0.017242542002350092,12,1.0,6761.685185,True,
LOCAL-v1-q4-minimum_radius-5060,4,frozen_baseline,11,652.6999416363636,0.016714500030502677,11,1.0,7179.699358,True,
LOCAL-v1-q4-minimum_radius-5061,4,frozen_baseline,13,564.5404164615385,0.017540666973218322,13,1.0,7339.025414,True,
LOCAL-v1-q4-minimum_radius-5062,4,frozen_baseline,16,634.35456425,0.021689458983018994,16,1.0,10149.673028,True,
LOCAL-v1-q4-minimum_radius-5063,4,frozen_baseline,15,450.9688986666667,0.021574124926701188,15,1.0,6764.53348,True,
LOCAL-v1-q4-minimum_radius-5064,4,frozen_baseline,13,594.515437076923,0.018283833051100373,13,1.0,7728.700682,True,
LOCAL-v1-q4-minimum_radius-5065,4,frozen_baseline,12,623.8340245833333,0.015260582906194031,12,1.0,7486.008295,True,
LOCAL-v1-q4-minimum_radius-5066,4,frozen_baseline,10,674.7419659,0.016688791918568313,10,1.0,6747.419659,True,
LOCAL-v1-q4-minimum_radius-5067,4,frozen_baseline,16,616.0493496875,0.02055329200811684,16,1.0,9856.789595,True,
LOCAL-v1-q4-minimum_radius-5068,4,frozen_baseline,13,616.7507519230769,0.01979762502014637,13,1.0,8017.759775,True,
LOCAL-v1-q4-minimum_radius-5069,4,frozen_baseline,14,596.6862239285714,0.020762374973855913,14,1.0,8353.607135,True,
LOCAL-v1-q4-minimum_radius-5070,4,frozen_baseline,12,569.210962,0.017047417000867426,12,1.0,6830.531544,True,
LOCAL-v1-q4-minimum_radius-5071,4,frozen_baseline,12,580.5284306666666,0.0191220409469679,12,1.0,6966.341168,True,
LOCAL-v1-q4-minimum_radius-5072,4,frozen_baseline,15,526.4593461333333,0.014669416006654501,15,1.0,7896.890192,True,
LOCAL-v1-q4-minimum_radius-5073,4,frozen_baseline,10,680.3763498999999,0.015786292031407356,10,1.0,6803.763499,True,
LOCAL-v1-q4-minimum_radius-5074,4,frozen_baseline,16,442.087597625,0.021805708995088935,16,1.0,7073.401562,True,
LOCAL-v1-q4-minimum_radius-5075,4,frozen_baseline,15,493.09631893333335,0.01828954101074487,15,1.0,7396.444784,True,
LOCAL-v1-q4-minimum_radius-5076,4,frozen_baseline,12,583.8912885833333,0.020297499955631793,12,1.0,7006.695463,True,
LOCAL-v1-q4-minimum_radius-5077,4,frozen_baseline,14,489.30827907142856,0.017132375040091574,14,1.0,6850.315907,True,
LOCAL-v1-q4-minimum_radius-5078,4,frozen_baseline,13,595.3587687692308,0.01823254197370261,13,1.0,7739.663994,True,
LOCAL-v1-q4-minimum_radius-5079,4,frozen_baseline,10,663.5051642999999,0.014407332986593246,10,1.0,6635.051643,True,
LOCAL-v1-q4-minimum_radius-5080,4,frozen_baseline,10,1001.3152256,0.016619750065729022,10,1.0,10013.152256,True,
LOCAL-v1-q4-minimum_radius-5081,4,frozen_baseline,16,498.528889125,0.018170792027376592,16,1.0,7976.462226,True,
LOCAL-v1-q4-minimum_radius-5082,4,frozen_baseline,13,582.7389249230769,0.015621750033460557,13,1.0,7575.606024,True,
LOCAL-v1-q4-minimum_radius-5083,4,frozen_baseline,13,529.5071817692308,0.020532291964627802,13,1.0,6883.593363,True,
LOCAL-v1-q4-minimum_radius-5084,4,frozen_baseline,14,491.7942415714286,0.01942787505686283,14,1.0,6885.119382,True,
LOCAL-v1-q4-minimum_radius-5085,4,frozen_baseline,15,516.8972018,0.014795457944273949,15,1.0,7753.458027,True,
LOCAL-v1-q4-minimum_radius-5086,4,frozen_baseline,12,689.23719075,0.020143707981333137,12,1.0,8270.846289,True,
LOCAL-v1-q4-minimum_radius-5087,4,frozen_baseline,13,604.9800140769231,0.016195792006328702,13,1.0,7864.740183,True,
LOCAL-v1-q4-minimum_radius-5088,4,frozen_baseline,16,457.98243425,0.02165683393832296,16,1.0,7327.718948,True,
LOCAL-v1-q4-minimum_radius-5089,4,frozen_baseline,15,448.8907416,0.02170250006020069,15,1.0,6733.361124,True,
LOCAL-v1-q4-minimum_radius-5090,4,frozen_baseline,14,499.37691842857146,0.01463175006210804,14,1.0,6991.276858,True,
LOCAL-v1-q4-minimum_radius-5091,4,frozen_baseline,12,608.8420340833333,0.01795550005044788,12,1.0,7306.104409,True,
LOCAL-v1-q4-minimum_radius-5092,4,frozen_baseline,11,587.4129060909091,0.01856375008355826,11,1.0,6461.541967,True,
LOCAL-v1-q4-minimum_radius-5093,4,frozen_baseline,15,600.9343148,0.0154214589856565,15,1.0,9014.014722,True,
LOCAL-v1-q4-minimum_radius-5094,4,frozen_baseline,11,735.7504886363636,0.014605500036850572,11,1.0,8093.255375,True,
LOCAL-v1-q4-minimum_radius-5095,4,frozen_baseline,10,717.2163735,0.015621833968907595,10,1.0,7172.163735,True,
LOCAL-v1-q4-minimum_radius-5096,4,frozen_baseline,14,460.3911790714286,0.020009040948934853,14,1.0,6445.476507,True,
LOCAL-v1-q4-minimum_radius-5097,4,frozen_baseline,13,551.62608,0.019694791990332305,13,1.0,7171.13904,True,
LOCAL-v1-q4-minimum_radius-5098,4,frozen_baseline,16,424.541307875,0.017920417012646794,16,1.0,6792.660926,True,
LOCAL-v1-q4-minimum_radius-5099,4,frozen_baseline,13,632.7626849999999,0.01668699993751943,13,1.0,8225.914905,True,
LOCAL-v1-q4-exactly10_sources-5000,4,frozen_baseline,10,671.0434252,0.017759833950549364,10,1.0,6710.434252,True,
LOCAL-v1-q4-exactly10_sources-5001,4,frozen_baseline,10,911.5177035,0.014371459023095667,10,1.0,9115.177035,True,
LOCAL-v1-q4-exactly10_sources-5002,4,frozen_baseline,10,688.1548043,0.020301333046518266,10,1.0,6881.548043,True,
LOCAL-v1-q4-exactly10_sources-5003,4,frozen_baseline,10,650.0266396,0.017086084000766277,10,1.0,6500.266396,True,
LOCAL-v1-q4-exactly10_sources-5004,4,frozen_baseline,10,648.3235032,0.016971249948255718,10,1.0,6483.235032,True,
LOCAL-v1-q4-exactly10_sources-5005,4,frozen_baseline,10,643.8840677000001,0.01591695798560977,10,1.0,6438.840677,True,
LOCAL-v1-q4-exactly10_sources-5006,4,frozen_baseline,10,712.5853569,0.018114375066943467,10,1.0,7125.853569,True,
LOCAL-v1-q4-exactly10_sources-5007,4,frozen_baseline,10,648.0259352,0.017296250094659626,10,1.0,6480.259352,True,
LOCAL-v1-q4-exactly10_sources-5008,4,frozen_baseline,10,642.6012378,0.02054779208265245,10,1.0,6426.012378,True,
LOCAL-v1-q4-exactly10_sources-5009,4,frozen_baseline,10,658.3742878,0.01484629197511822,10,1.0,6583.742878,True,
LOCAL-v1-q4-exactly10_sources-5010,4,frozen_baseline,10,834.4195149999999,0.019375375006347895,10,1.0,8344.19515,True,
LOCAL-v1-q4-exactly10_sources-5011,4,frozen_baseline,10,682.0847184,0.01533308404032141,10,1.0,6820.847184,True,
LOCAL-v1-q4-exactly10_sources-5012,4,frozen_baseline,10,633.6248456000001,0.014252415974624455,10,1.0,6336.248456,True,
LOCAL-v1-q4-exactly10_sources-5013,4,frozen_baseline,10,720.8380697,0.013799542095512152,10,1.0,7208.380697,True,
LOCAL-v1-q4-exactly10_sources-5014,4,frozen_baseline,10,696.7686673000001,0.0155356660252437,10,1.0,6967.686673,True,
LOCAL-v1-q4-exactly10_sources-5015,4,frozen_baseline,10,716.5729862000001,0.020716666942462325,10,1.0,7165.729862,True,
LOCAL-v1-q4-exactly10_sources-5016,4,frozen_baseline,10,785.9380693,0.015134292072616518,10,1.0,7859.380693,True,
LOCAL-v1-q4-exactly10_sources-5017,4,frozen_baseline,10,671.9225705,0.016099083004519343,10,1.0,6719.225705,True,
LOCAL-v1-q4-exactly10_sources-5018,4,frozen_baseline,10,682.3818512,0.016403457964770496,10,1.0,6823.818512,True,
LOCAL-v1-q4-exactly10_sources-5019,4,frozen_baseline,10,690.0676284,0.014773124945349991,10,1.0,6900.676284,True,
LOCAL-v1-q4-exactly10_sources-5020,4,frozen_baseline,10,785.3370635,0.014579415903426707,10,1.0,7853.370635,True,
LOCAL-v1-q4-exactly10_sources-5021,4,frozen_baseline,10,770.6328937000001,0.014584540971554816,10,1.0,7706.328937,True,
LOCAL-v1-q4-exactly10_sources-5022,4,frozen_baseline,10,611.9208484,0.017065584077499807,10,1.0,6119.208484,True,
LOCAL-v1-q4-exactly10_sources-5023,4,frozen_baseline,10,643.0982205,0.014081415953114629,10,1.0,6430.982205,True,
LOCAL-v1-q4-exactly10_sources-5024,4,frozen_baseline,10,655.2330056,0.015435374923981726,10,1.0,6552.330056,True,
LOCAL-v1-q4-exactly10_sources-5025,4,frozen_baseline,10,649.1076032,0.017106959014199674,10,1.0,6491.076032,True,
LOCAL-v1-q4-exactly10_sources-5026,4,frozen_baseline,10,789.6218208,0.01545154198538512,10,1.0,7896.218208,True,
LOCAL-v1-q4-exactly10_sources-5027,4,frozen_baseline,10,706.686148,0.018338792026042938,10,1.0,7066.86148,True,
LOCAL-v1-q4-exactly10_sources-5028,4,frozen_baseline,10,681.2542781,0.016316833905875683,10,1.0,6812.542781,True,
LOCAL-v1-q4-exactly10_sources-5029,4,frozen_baseline,10,785.548867,0.014356875093653798,10,1.0,7855.48867,True,
LOCAL-v1-q4-exactly10_sources-5030,4,frozen_baseline,10,758.5454927,0.018043083022348583,10,1.0,7585.454927,True,
LOCAL-v1-q4-exactly10_sources-5031,4,frozen_baseline,10,670.7540905,0.018120249966159463,10,1.0,6707.540905,True,
LOCAL-v1-q4-exactly10_sources-5032,4,frozen_baseline,10,778.8802818,0.018009459017775953,10,1.0,7788.802818,True,
LOCAL-v1-q4-exactly10_sources-5033,4,frozen_baseline,10,666.0822042,0.01886874996125698,10,1.0,6660.822042,True,
LOCAL-v1-q4-exactly10_sources-5034,4,frozen_baseline,10,820.8521046,0.017189875012263656,10,1.0,8208.521046,True,
LOCAL-v1-q4-exactly10_sources-5035,4,frozen_baseline,10,741.3797736,0.016186041058972478,10,1.0,7413.797736,True,
LOCAL-v1-q4-exactly10_sources-5036,4,frozen_baseline,10,670.6954969999999,0.019567999988794327,10,1.0,6706.95497,True,
LOCAL-v1-q4-exactly10_sources-5037,4,frozen_baseline,10,659.9012696,0.016423749970272183,10,1.0,6599.012696,True,
LOCAL-v1-q4-exactly10_sources-5038,4,frozen_baseline,10,710.5436289,0.014915999956429005,10,1.0,7105.436289,True,
LOCAL-v1-q4-exactly10_sources-5039,4,frozen_baseline,10,640.9121766999999,0.020081082941032946,10,1.0,6409.121767,True,
LOCAL-v1-q4-exactly10_sources-5040,4,frozen_baseline,10,667.4227872,0.02211170899681747,10,1.0,6674.227872,True,
LOCAL-v1-q4-exactly10_sources-5041,4,frozen_baseline,10,708.2199298,0.020200083032250404,10,1.0,7082.199298,True,
LOCAL-v1-q4-exactly10_sources-5042,4,frozen_baseline,10,656.1282225,0.01687458297237754,10,1.0,6561.282225,True,
LOCAL-v1-q4-exactly10_sources-5043,4,frozen_baseline,10,724.7992234000001,0.016568124992772937,10,1.0,7247.992234,True,
LOCAL-v1-q4-exactly10_sources-5044,4,frozen_baseline,10,622.860355,0.019260625005699694,10,1.0,6228.60355,True,
LOCAL-v1-q4-exactly10_sources-5045,4,frozen_baseline,10,773.5820062,0.01798116706777364,10,1.0,7735.820062,True,
LOCAL-v1-q4-exactly10_sources-5046,4,frozen_baseline,10,746.196953,0.01654175005387515,10,1.0,7461.96953,True,
LOCAL-v1-q4-exactly10_sources-5047,4,frozen_baseline,10,625.4893479,0.016796750016510487,10,1.0,6254.893479,True,
LOCAL-v1-q4-exactly10_sources-5048,4,frozen_baseline,10,655.9382379,0.01832304208073765,10,1.0,6559.382379,True,
LOCAL-v1-q4-exactly10_sources-5049,4,frozen_baseline,10,738.5101972,0.01814937510062009,10,1.0,7385.101972,True,
LOCAL-v1-q4-exactly10_sources-5050,4,frozen_baseline,10,663.1741819,0.02098333404865116,10,1.0,6631.741819,True,
LOCAL-v1-q4-exactly10_sources-5051,4,frozen_baseline,10,919.9780203,0.015981916920281947,10,1.0,9199.780203,True,
LOCAL-v1-q4-exactly10_sources-5052,4,frozen_baseline,10,640.8601019,0.01744158403016627,10,1.0,6408.601019,True,
LOCAL-v1-q4-exactly10_sources-5053,4,frozen_baseline,10,604.1473952,0.01633066695649177,10,1.0,6041.473952,True,
LOCAL-v1-q4-exactly10_sources-5054,4,frozen_baseline,10,703.2281366999999,0.015402332996018231,10,1.0,7032.281367,True,
LOCAL-v1-q4-exactly10_sources-5055,4,frozen_baseline,10,656.4340478,0.01707941701170057,10,1.0,6564.340478,True,
LOCAL-v1-q4-exactly10_sources-5056,4,frozen_baseline,10,690.3089717,0.017019208054989576,10,1.0,6903.089717,True,
LOCAL-v1-q4-exactly10_sources-5057,4,frozen_baseline,10,623.2017702,0.017716541071422398,10,1.0,6232.017702,True,
LOCAL-v1-q4-exactly10_sources-5058,4,frozen_baseline,10,670.7002565,0.016427709022536874,10,1.0,6707.002565,True,
LOCAL-v1-q4-exactly10_sources-5059,4,frozen_baseline,10,671.6902524,0.015786458970978856,10,1.0,6716.902524,True,
LOCAL-v1-q4-exactly10_sources-5060,4,frozen_baseline,10,692.1986972,0.016830542008392513,10,1.0,6921.986972,True,
LOCAL-v1-q4-exactly10_sources-5061,4,frozen_baseline,10,638.6888495999999,0.018291749991476536,10,1.0,6386.888496,True,
LOCAL-v1-q4-exactly10_sources-5062,4,frozen_baseline,10,723.6307465,0.01566654199268669,10,1.0,7236.307465,True,
LOCAL-v1-q4-exactly10_sources-5063,4,frozen_baseline,10,674.8999372999999,0.01581737503875047,10,1.0,6748.999373,True,
LOCAL-v1-q4-exactly10_sources-5064,4,frozen_baseline,10,666.7275668,0.01777383405715227,10,1.0,6667.275668,True,
LOCAL-v1-q4-exactly10_sources-5065,4,frozen_baseline,10,668.7820767999999,0.0181971249403432,10,1.0,6687.820768,True,
LOCAL-v1-q4-exactly10_sources-5066,4,frozen_baseline,10,638.5723740999999,0.01756558392662555,10,1.0,6385.723741,True,
LOCAL-v1-q4-exactly10_sources-5067,4,frozen_baseline,10,701.0803218,0.01587925001513213,10,1.0,7010.803218,True,
LOCAL-v1-q4-exactly10_sources-5068,4,frozen_baseline,10,778.9924637,0.018898541922681034,10,1.0,7789.924637,True,
LOCAL-v1-q4-exactly10_sources-5069,4,frozen_baseline,10,692.0440835,0.01745220902375877,10,1.0,6920.440835,True,
LOCAL-v1-q4-exactly10_sources-5070,4,frozen_baseline,10,727.4718508,0.020211542025208473,10,1.0,7274.718508,True,
LOCAL-v1-q4-exactly10_sources-5071,4,frozen_baseline,10,755.127861,0.018490125075913966,10,1.0,7551.27861,True,
LOCAL-v1-q4-exactly10_sources-5072,4,frozen_baseline,10,699.8638854,0.014732124982401729,10,1.0,6998.638854,True,
LOCAL-v1-q4-exactly10_sources-5073,4,frozen_baseline,10,616.3687792,0.017174875014461577,10,1.0,6163.687792,True,
LOCAL-v1-q4-exactly10_sources-5074,4,frozen_baseline,10,670.1773965,0.019821083988063037,10,1.0,6701.773965,True,
LOCAL-v1-q4-exactly10_sources-5075,4,frozen_baseline,10,797.7073588999999,0.014142291969619691,10,1.0,7977.073589,True,
LOCAL-v1-q4-exactly10_sources-5076,4,frozen_baseline,10,675.3765684,0.016513166949152946,10,1.0,6753.765684,True,
LOCAL-v1-q4-exactly10_sources-5077,4,frozen_baseline,10,668.2577235,0.01641058293171227,10,1.0,6682.577235,True,
LOCAL-v1-q4-exactly10_sources-5078,4,frozen_baseline,10,735.6760271,0.016187666915357113,10,1.0,7356.760271,True,
LOCAL-v1-q4-exactly10_sources-5079,4,frozen_baseline,10,795.3227893999999,0.015646041021682322,10,1.0,7953.227894,True,
LOCAL-v1-q4-exactly10_sources-5080,4,frozen_baseline,10,979.1104269,0.01751416700426489,10,1.0,9791.104269,True,
LOCAL-v1-q4-exactly10_sources-5081,4,frozen_baseline,10,734.8937971,0.01678345794789493,10,1.0,7348.937971,True,
LOCAL-v1-q4-exactly10_sources-5082,4,frozen_baseline,10,662.5746224000001,0.014441750012338161,10,1.0,6625.746224,True,
LOCAL-v1-q4-exactly10_sources-5083,4,frozen_baseline,10,759.9598566,0.018018541974015534,10,1.0,7599.598566,True,
LOCAL-v1-q4-exactly10_sources-5084,4,frozen_baseline,10,679.6119903,0.018884125049225986,10,1.0,6796.119903,True,
LOCAL-v1-q4-exactly10_sources-5085,4,frozen_baseline,10,617.2711541,0.019129624939523637,10,1.0,6172.711541,True,
LOCAL-v1-q4-exactly10_sources-5086,4,frozen_baseline,10,848.8439908,0.015836082980968058,10,1.0,8488.439908,True,
LOCAL-v1-q4-exactly10_sources-5087,4,frozen_baseline,10,719.3654153,0.014081250061281025,10,1.0,7193.654153,True,
LOCAL-v1-q4-exactly10_sources-5088,4,frozen_baseline,10,735.2237656,0.017151125008240342,10,1.0,7352.237656,True,
LOCAL-v1-q4-exactly10_sources-5089,4,frozen_baseline,10,680.759551,0.01451245800126344,10,1.0,6807.59551,True,
LOCAL-v1-q4-exactly10_sources-5090,4,frozen_baseline,10,887.8488345,0.014981375075876713,10,1.0,8878.488345,True,
LOCAL-v1-q4-exactly10_sources-5091,4,frozen_baseline,10,633.2217162,0.015203625080175698,10,1.0,6332.217162,True,
LOCAL-v1-q4-exactly10_sources-5092,4,frozen_baseline,10,720.4875096,0.02006324997637421,10,1.0,7204.875096,True,
LOCAL-v1-q4-exactly10_sources-5093,4,frozen_baseline,10,690.4676428,0.0159446659963578,10,1.0,6904.676428,True,
LOCAL-v1-q4-exactly10_sources-5094,4,frozen_baseline,10,770.2584858,0.017637999961152673,10,1.0,7702.584858,True,
LOCAL-v1-q4-exactly10_sources-5095,4,frozen_baseline,10,658.8989966,0.018927374971099198,10,1.0,6588.989966,True,
LOCAL-v1-q4-exactly10_sources-5096,4,frozen_baseline,10,649.8586338,0.014994417084380984,10,1.0,6498.586338,True,
LOCAL-v1-q4-exactly10_sources-5097,4,frozen_baseline,10,749.9669630999999,0.01716391695663333,10,1.0,7499.669631,True,
LOCAL-v1-q4-exactly10_sources-5098,4,frozen_baseline,10,686.6663371,0.015282334061339498,10,1.0,6866.663371,True,
LOCAL-v1-q4-exactly10_sources-5099,4,frozen_baseline,10,685.1521813,0.018176875077188015,10,1.0,6851.521813,True,
LOCAL-v1-q4-exactly16_sources-5000,4,frozen_baseline,16,402.1013701875,0.02020758402068168,16,1.0,6433.621923,True,
LOCAL-v1-q4-exactly16_sources-5001,4,frozen_baseline,16,519.3403688125,0.019822792033664882,16,1.0,8309.445901,True,
LOCAL-v1-q4-exactly16_sources-5002,4,frozen_baseline,16,454.8554558125,0.0175918749300763,16,1.0,7277.687293,True,
LOCAL-v1-q4-exactly16_sources-5003,4,frozen_baseline,16,402.525651625,0.023892750032246113,16,1.0,6440.410426,True,
LOCAL-v1-q4-exactly16_sources-5004,4,frozen_baseline,16,349.43890175,0.02253995800856501,16,1.0,5591.022428,True,
LOCAL-v1-q4-exactly16_sources-5005,4,frozen_baseline,16,392.3566559375,0.023557625012472272,16,1.0,6277.706495,True,
LOCAL-v1-q4-exactly16_sources-5006,4,frozen_baseline,16,437.0646496875,0.018641999922692776,16,1.0,6993.034395,True,
LOCAL-v1-q4-exactly16_sources-5007,4,frozen_baseline,16,396.2253811875,0.02465383301023394,16,1.0,6339.606099,True,
LOCAL-v1-q4-exactly16_sources-5008,4,frozen_baseline,16,413.78917925,0.03282329090870917,16,1.0,6620.626868,True,
LOCAL-v1-q4-exactly16_sources-5009,4,frozen_baseline,16,429.93582225,0.01681916695088148,16,1.0,6878.973156,True,
LOCAL-v1-q4-exactly16_sources-5010,4,frozen_baseline,16,519.27757125,0.023175542009994388,16,1.0,8308.44114,True,
LOCAL-v1-q4-exactly16_sources-5011,4,frozen_baseline,16,465.5699156875,0.017430582898668945,16,1.0,7449.118651,True,
LOCAL-v1-q4-exactly16_sources-5012,4,frozen_baseline,16,410.8678796875,0.019704582984559238,16,1.0,6573.886075,True,
LOCAL-v1-q4-exactly16_sources-5013,4,frozen_baseline,16,468.8059315625,0.021513957995921373,16,1.0,7500.894905,True,
LOCAL-v1-q4-exactly16_sources-5014,4,frozen_baseline,16,429.7740915625,0.01723166706506163,16,1.0,6876.385465,True,
LOCAL-v1-q4-exactly16_sources-5015,4,frozen_baseline,16,446.882508125,0.01971454208251089,16,1.0,7150.12013,True,
LOCAL-v1-q4-exactly16_sources-5016,4,frozen_baseline,16,401.793748375,0.019027207978069782,16,1.0,6428.699974,True,
LOCAL-v1-q4-exactly16_sources-5017,4,frozen_baseline,16,368.114695125,0.016261667013168335,16,1.0,5889.835122,True,
LOCAL-v1-q4-exactly16_sources-5018,4,frozen_baseline,16,422.9313103125,0.023825000040233135,16,1.0,6766.900965,True,
LOCAL-v1-q4-exactly16_sources-5019,4,frozen_baseline,16,419.9049589375,0.022260500001721084,16,1.0,6718.479343,True,
LOCAL-v1-q4-exactly16_sources-5020,4,frozen_baseline,16,453.95744875,0.01675612502731383,16,1.0,7263.31918,True,
LOCAL-v1-q4-exactly16_sources-5021,4,frozen_baseline,16,585.574643125,0.018574542016722262,16,1.0,9369.19429,True,
LOCAL-v1-q4-exactly16_sources-5022,4,frozen_baseline,16,417.233901125,0.01837383396923542,16,1.0,6675.742418,True,
LOCAL-v1-q4-exactly16_sources-5023,4,frozen_baseline,16,340.222854,0.021369082969613373,16,1.0,5443.565664,True,
LOCAL-v1-q4-exactly16_sources-5024,4,frozen_baseline,16,526.3092681875,0.016272625070996583,16,1.0,8420.948291,True,
LOCAL-v1-q4-exactly16_sources-5025,4,frozen_baseline,16,443.5629875625,0.020479375030845404,16,1.0,7097.007801,True,
LOCAL-v1-q4-exactly16_sources-5026,4,frozen_baseline,16,442.3542544375,0.018834874965250492,16,1.0,7077.668071,True,
LOCAL-v1-q4-exactly16_sources-5027,4,frozen_baseline,16,400.672512875,0.023868125048466027,16,1.0,6410.760206,True,
LOCAL-v1-q4-exactly16_sources-5028,4,frozen_baseline,16,428.6942969375,0.018859916948713362,16,1.0,6859.108751,True,
LOCAL-v1-q4-exactly16_sources-5029,4,frozen_baseline,16,481.567630375,0.015269625000655651,16,1.0,7705.082086,True,
LOCAL-v1-q4-exactly16_sources-5030,4,frozen_baseline,16,478.822739,0.021718791918829083,16,1.0,7661.163824,True,
LOCAL-v1-q4-exactly16_sources-5031,4,frozen_baseline,16,460.5649975,0.022184583940543234,16,1.0,7369.03996,True,
LOCAL-v1-q4-exactly16_sources-5032,4,frozen_baseline,16,408.24621225,0.01640750002115965,16,1.0,6531.939396,True,
LOCAL-v1-q4-exactly16_sources-5033,4,frozen_baseline,16,515.44080375,0.02033874997869134,16,1.0,8247.05286,True,
LOCAL-v1-q4-exactly16_sources-5034,4,frozen_baseline,16,490.203628625,0.019635791890323162,16,1.0,7843.258058,True,
LOCAL-v1-q4-exactly16_sources-5035,4,frozen_baseline,16,462.0743438125,0.021696959040127695,16,1.0,7393.189501,True,
LOCAL-v1-q4-exactly16_sources-5036,4,frozen_baseline,16,411.37428275,0.019834958016872406,16,1.0,6581.988524,True,
LOCAL-v1-q4-exactly16_sources-5037,4,frozen_baseline,16,384.8575881875,0.022743542096577585,16,1.0,6157.721411,True,
LOCAL-v1-q4-exactly16_sources-5038,4,frozen_baseline,16,410.1532484375,0.019264417001977563,16,1.0,6562.451975,True,
LOCAL-v1-q4-exactly16_sources-5039,4,frozen_baseline,16,458.2751129375,0.0323219170095399,16,1.0,7332.401807,True,
LOCAL-v1-q4-exactly16_sources-5040,4,frozen_baseline,16,424.50246325,0.017495041945949197,16,1.0,6792.039412,True,
LOCAL-v1-q4-exactly16_sources-5041,4,frozen_baseline,16,653.604106375,0.024139082990586758,16,1.0,10457.665702,True,
LOCAL-v1-q4-exactly16_sources-5042,4,frozen_baseline,16,417.8894756875,0.02085879200603813,16,1.0,6686.231611,True,
LOCAL-v1-q4-exactly16_sources-5043,4,frozen_baseline,16,532.3388430625,0.019395583076402545,16,1.0,8517.421489,True,
LOCAL-v1-q4-exactly16_sources-5044,4,frozen_baseline,16,369.6027869375,0.019320957944728434,16,1.0,5913.644591,True,
LOCAL-v1-q4-exactly16_sources-5045,4,frozen_baseline,16,438.8543236875,0.020914708962664008,16,1.0,7021.669179,True,
LOCAL-v1-q4-exactly16_sources-5046,4,frozen_baseline,16,362.1156493125,0.022707542055286467,16,1.0,5793.850389,True,
LOCAL-v1-q4-exactly16_sources-5047,4,frozen_baseline,16,392.92408325,0.022529541980475187,16,1.0,6286.785332,True,
LOCAL-v1-q4-exactly16_sources-5048,4,frozen_baseline,16,396.5297623125,0.017525041941553354,16,1.0,6344.476197,True,
LOCAL-v1-q4-exactly16_sources-5049,4,frozen_baseline,16,623.7849384375,0.018595749977976084,16,1.0,9980.559015,True,
LOCAL-v1-q4-exactly16_sources-5050,4,frozen_baseline,16,455.1278066875,0.016881125047802925,16,1.0,7282.044907,True,
LOCAL-v1-q4-exactly16_sources-5051,4,frozen_baseline,16,390.2329958125,0.01709595904685557,16,1.0,6243.727933,True,
LOCAL-v1-q4-exactly16_sources-5052,4,frozen_baseline,16,428.984941125,0.02215579093899578,16,1.0,6863.759058,True,
LOCAL-v1-q4-exactly16_sources-5053,4,frozen_baseline,16,413.3526328125,0.020459208986721933,16,1.0,6613.642125,True,
LOCAL-v1-q4-exactly16_sources-5054,4,frozen_baseline,16,420.4218415625,0.020119416993111372,16,1.0,6726.749465,True,
LOCAL-v1-q4-exactly16_sources-5055,4,frozen_baseline,16,423.63115125,0.02090695791412145,16,1.0,6778.09842,True,
LOCAL-v1-q4-exactly16_sources-5056,4,frozen_baseline,16,505.0171175,0.019786125048995018,16,1.0,8080.27388,True,
LOCAL-v1-q4-exactly16_sources-5057,4,frozen_baseline,16,431.5847945,0.018287417013198137,16,1.0,6905.356712,True,
LOCAL-v1-q4-exactly16_sources-5058,4,frozen_baseline,16,430.9353013125,0.018324124976061285,16,1.0,6894.964821,True,
LOCAL-v1-q4-exactly16_sources-5059,4,frozen_baseline,16,410.3773650625,0.019247082993388176,16,1.0,6566.037841,True,
LOCAL-v1-q4-exactly16_sources-5060,4,frozen_baseline,16,428.188308,0.01737362495623529,16,1.0,6851.012928,True,
LOCAL-v1-q4-exactly16_sources-5061,4,frozen_baseline,16,421.7442746875,0.016737166908569634,16,1.0,6747.908395,True,
LOCAL-v1-q4-exactly16_sources-5062,4,frozen_baseline,16,620.640057,0.022019834024831653,16,1.0,9930.240912,True,
LOCAL-v1-q4-exactly16_sources-5063,4,frozen_baseline,16,527.7486560625,0.021635457989759743,16,1.0,8443.978497,True,
LOCAL-v1-q4-exactly16_sources-5064,4,frozen_baseline,16,463.852335875,0.015479083056561649,16,1.0,7421.637374,True,
LOCAL-v1-q4-exactly16_sources-5065,4,frozen_baseline,16,411.814636,0.01961370906792581,16,1.0,6589.034176,True,
LOCAL-v1-q4-exactly16_sources-5066,4,frozen_baseline,16,428.6818866875,0.018646624987013638,16,1.0,6858.910187,True,
LOCAL-v1-q4-exactly16_sources-5067,4,frozen_baseline,16,437.9762419375,0.020988042000681162,16,1.0,7007.619871,True,
LOCAL-v1-q4-exactly16_sources-5068,4,frozen_baseline,16,437.514963125,0.017551791039295495,16,1.0,7000.23941,True,
LOCAL-v1-q4-exactly16_sources-5069,4,frozen_baseline,16,482.990475,0.024732791003771126,16,1.0,7727.8476,True,
LOCAL-v1-q4-exactly16_sources-5070,4,frozen_baseline,16,510.6438135625,0.022701708017848432,16,1.0,8170.301017,True,
LOCAL-v1-q4-exactly16_sources-5071,4,frozen_baseline,16,403.6367899375,0.01803470798768103,16,1.0,6458.188639,True,
LOCAL-v1-q4-exactly16_sources-5072,4,frozen_baseline,16,396.83918175,0.020658207940869033,16,1.0,6349.426908,True,
LOCAL-v1-q4-exactly16_sources-5073,4,frozen_baseline,16,442.2456985,0.02128512493800372,16,1.0,7075.931176,True,
LOCAL-v1-q4-exactly16_sources-5074,4,frozen_baseline,16,421.9096605625,0.021101832971908152,16,1.0,6750.554569,True,
LOCAL-v1-q4-exactly16_sources-5075,4,frozen_baseline,16,400.1153016875,0.022704333998262882,16,1.0,6401.844827,True,
LOCAL-v1-q4-exactly16_sources-5076,4,frozen_baseline,16,385.7701101875,0.023099167039617896,16,1.0,6172.321763,True,
LOCAL-v1-q4-exactly16_sources-5077,4,frozen_baseline,16,463.5957270625,0.01675925008021295,16,1.0,7417.531633,True,
LOCAL-v1-q4-exactly16_sources-5078,4,frozen_baseline,16,458.2685925625,0.017352583003230393,16,1.0,7332.297481,True,
LOCAL-v1-q4-exactly16_sources-5079,4,frozen_baseline,16,474.0659999375,0.01935145806055516,16,1.0,7585.055999,True,
LOCAL-v1-q4-exactly16_sources-5080,4,frozen_baseline,16,425.2337536875,0.018784666899591684,16,1.0,6803.740059,True,
LOCAL-v1-q4-exactly16_sources-5081,4,frozen_baseline,16,472.6885008125,0.01909033302217722,16,1.0,7563.016013,True,
LOCAL-v1-q4-exactly16_sources-5082,4,frozen_baseline,16,426.080998,0.01639683300163597,16,1.0,6817.295968,True,
LOCAL-v1-q4-exactly16_sources-5083,4,frozen_baseline,16,455.73564525,0.022060499992221594,16,1.0,7291.770324,True,
LOCAL-v1-q4-exactly16_sources-5084,4,frozen_baseline,16,513.073906875,0.018738790997304022,16,1.0,8209.18251,True,
LOCAL-v1-q4-exactly16_sources-5085,4,frozen_baseline,16,370.699006125,0.020123875001445413,16,1.0,5931.184098,True,
LOCAL-v1-q4-exactly16_sources-5086,4,frozen_baseline,16,381.5230615,0.018954875064082444,16,1.0,6104.368984,True,
LOCAL-v1-q4-exactly16_sources-5087,4,frozen_baseline,16,377.557588125,0.020809332956559956,16,1.0,6040.92141,True,
LOCAL-v1-q4-exactly16_sources-5088,4,frozen_baseline,16,493.202377875,0.022189833922311664,16,1.0,7891.238046,True,
LOCAL-v1-q4-exactly16_sources-5089,4,frozen_baseline,16,452.2476994375,0.016881917021237314,16,1.0,7235.963191,True,
LOCAL-v1-q4-exactly16_sources-5090,4,frozen_baseline,16,492.8834214375,0.01793845894280821,16,1.0,7886.134743,True,
LOCAL-v1-q4-exactly16_sources-5091,4,frozen_baseline,16,481.077142,0.0223447079770267,16,1.0,7697.234272,True,
LOCAL-v1-q4-exactly16_sources-5092,4,frozen_baseline,16,427.7845094375,0.016917541972361505,16,1.0,6844.552151,True,
LOCAL-v1-q4-exactly16_sources-5093,4,frozen_baseline,16,428.4136845,0.020242166006937623,16,1.0,6854.618952,True,
LOCAL-v1-q4-exactly16_sources-5094,4,frozen_baseline,16,449.2184115,0.02183074993081391,16,1.0,7187.494584,True,
LOCAL-v1-q4-exactly16_sources-5095,4,frozen_baseline,16,380.312429625,0.021875333040952682,16,1.0,6084.998874,True,
LOCAL-v1-q4-exactly16_sources-5096,4,frozen_baseline,16,453.5694424375,0.01894858293235302,16,1.0,7257.111079,True,
LOCAL-v1-q4-exactly16_sources-5097,4,frozen_baseline,16,471.2353393125,0.02017495804466307,16,1.0,7539.765429,True,
LOCAL-v1-q4-exactly16_sources-5098,4,frozen_baseline,16,406.7532150625,0.01888058299664408,16,1.0,6508.051441,True,
LOCAL-v1-q4-exactly16_sources-5099,4,frozen_baseline,16,394.128529,0.022085250006057322,16,1.0,6306.056464,True,
LOCAL-v1-q3-reference_assumed-5000,3,candidate,11,294.9197949090909,0.003276792005635798,11,1.0,3244.117744,True,
LOCAL-v1-q3-reference_assumed-5001,3,candidate,14,236.48644614285715,0.00455416610930115,14,1.0,3310.810246,True,
LOCAL-v1-q3-reference_assumed-5002,3,candidate,15,200.69272473333334,0.004188958089798689,15,1.0,3010.390871,True,
LOCAL-v1-q3-reference_assumed-5003,3,candidate,11,253.17095881818184,0.0031657909275963902,11,1.0,2784.880547,True,
LOCAL-v1-q3-reference_assumed-5004,3,candidate,12,260.805836,0.0024455420207232237,12,1.0,3129.670032,True,
LOCAL-v1-q3-reference_assumed-5005,3,candidate,11,275.75374472727276,0.002345082932151854,11,1.0,3033.291192,True,
LOCAL-v1-q3-reference_assumed-5006,3,candidate,11,269.18825218181814,0.002339499886147678,11,1.0,2961.070774,True,
LOCAL-v1-q3-reference_assumed-5007,3,candidate,11,271.54859827272725,0.0022420419845730066,11,1.0,2987.034581,True,
LOCAL-v1-q3-reference_assumed-5008,3,candidate,10,278.96832720000003,0.0030964999459683895,10,1.0,2789.683272,True,
LOCAL-v1-q3-reference_assumed-5009,3,candidate,14,212.68046792857143,0.003666167031042278,14,1.0,2977.526551,True,
LOCAL-v1-q3-reference_assumed-5010,3,candidate,12,240.07417458333336,0.004123541992157698,12,1.0,2880.890095,True,
LOCAL-v1-q3-reference_assumed-5011,3,candidate,15,230.068015,0.0033400830579921603,15,1.0,3451.020225,True,
LOCAL-v1-q3-reference_assumed-5012,3,candidate,10,296.9601987,0.0018764169653877616,10,1.0,2969.601987,True,
LOCAL-v1-q3-reference_assumed-5013,3,candidate,12,244.72020083333334,0.0029273330001160502,12,1.0,2936.64241,True,
LOCAL-v1-q3-reference_assumed-5014,3,candidate,11,258.40508836363637,0.0024736670311540365,11,1.0,2842.455972,True,
LOCAL-v1-q3-reference_assumed-5015,3,candidate,12,237.33229408333332,0.004001708934083581,12,1.0,2847.987529,True,
LOCAL-v1-q3-reference_assumed-5016,3,candidate,16,219.5260180625,0.004572666948661208,16,1.0,3512.416289,True,
LOCAL-v1-q3-reference_assumed-5017,3,candidate,15,243.57876533333334,0.004817540990188718,15,1.0,3653.68148,True,
LOCAL-v1-q3-reference_assumed-5018,3,candidate,10,306.2942956,0.0028449170058593154,10,1.0,3062.942956,True,
LOCAL-v1-q3-reference_assumed-5019,3,candidate,11,291.1930561818182,0.0024851250927895308,11,1.0,3203.123618,True,
LOCAL-v1-q3-reference_assumed-5020,3,candidate,16,202.9859630625,0.005333582987077534,16,1.0,3247.775409,True,
LOCAL-v1-q3-reference_assumed-5021,3,candidate,14,219.038233,0.0034026249777525663,14,1.0,3066.535262,True,
LOCAL-v1-q3-reference_assumed-5022,3,candidate,14,224.39601435714286,0.004413667018525302,14,1.0,3141.544201,True,
LOCAL-v1-q3-reference_assumed-5023,3,candidate,15,206.62309653333332,0.004204625030979514,15,1.0,3099.346448,True,
LOCAL-v1-q3-reference_assumed-5024,3,candidate,13,263.11888553846154,0.003578874981030822,13,1.0,3420.545512,True,
LOCAL-v1-q3-reference_assumed-5025,3,candidate,12,266.3143126666667,0.003595000016503036,12,1.0,3195.771752,True,
LOCAL-v1-q3-reference_assumed-5026,3,candidate,15,216.062802,0.002565916976891458,15,1.0,3240.94203,True,
LOCAL-v1-q3-reference_assumed-5027,3,candidate,11,293.874416,0.0017622499726712704,11,1.0,3232.618576,True,
LOCAL-v1-q3-reference_assumed-5028,3,candidate,10,294.669986,0.0020410000579431653,10,1.0,2946.69986,True,
LOCAL-v1-q3-reference_assumed-5029,3,candidate,11,276.06339745454545,0.0023596660466864705,11,1.0,3036.697372,True,
LOCAL-v1-q3-reference_assumed-5030,3,candidate,12,220.59423016666665,0.0026888339780271053,12,1.0,2647.130762,True,
LOCAL-v1-q3-reference_assumed-5031,3,candidate,15,203.14725660000002,0.005533499992452562,15,1.0,3047.208849,True,
LOCAL-v1-q3-reference_assumed-5032,3,candidate,11,285.008059,0.0032553329365327954,11,1.0,3135.088649,True,
LOCAL-v1-q3-reference_assumed-5033,3,candidate,14,230.98381907142857,0.00412212498486042,14,1.0,3233.773467,True,
LOCAL-v1-q3-reference_assumed-5034,3,candidate,16,182.21920875,0.005303916987031698,16,1.0,2915.50734,True,
LOCAL-v1-q3-reference_assumed-5035,3,candidate,10,308.726129,0.0026224589673802257,10,1.0,3087.26129,True,
LOCAL-v1-q3-reference_assumed-5036,3,candidate,15,223.99101973333333,0.005438041058368981,15,1.0,3359.865296,True,
LOCAL-v1-q3-reference_assumed-5037,3,candidate,15,212.01202906666668,0.004176792106591165,15,1.0,3180.180436,True,
LOCAL-v1-q3-reference_assumed-5038,3,candidate,16,203.955214625,0.005919832969084382,16,1.0,3263.283434,True,
LOCAL-v1-q3-reference_assumed-5039,3,candidate,10,329.4153197,0.0025892920093610883,10,1.0,3294.153197,True,
LOCAL-v1-q3-reference_assumed-5040,3,candidate,15,230.04289593333334,0.003937499946914613,15,1.0,3450.643439,True,
LOCAL-v1-q3-reference_assumed-5041,3,candidate,15,219.6636974,0.0044987499713897705,15,1.0,3294.955461,True,
LOCAL-v1-q3-reference_assumed-5042,3,candidate,11,273.2913853636364,0.0021169589599594474,11,1.0,3006.205239,True,
LOCAL-v1-q3-reference_assumed-5043,3,candidate,12,266.0226415833333,0.0038828750839456916,12,1.0,3192.271699,True,
LOCAL-v1-q3-reference_assumed-5044,3,candidate,11,288.21252190909087,0.002411500085145235,11,1.0,3170.337741,True,
LOCAL-v1-q3-reference_assumed-5045,3,candidate,11,274.6255361818182,0.0032111250329762697,11,1.0,3020.880898,True,
LOCAL-v1-q3-reference_assumed-5046,3,candidate,10,270.3848551,0.002774834050796926,10,1.0,2703.848551,True,
LOCAL-v1-q3-reference_assumed-5047,3,candidate,16,200.3182195625,0.004155999980866909,16,1.0,3205.091513,True,
LOCAL-v1-q3-reference_assumed-5048,3,candidate,12,247.36506583333335,0.002349875052459538,12,1.0,2968.38079,True,
LOCAL-v1-q3-reference_assumed-5049,3,candidate,10,293.36557469999997,0.0018096660496667027,10,1.0,2933.655747,True,
LOCAL-v1-q3-reference_assumed-5050,3,candidate,15,221.1820714,0.004148500040173531,15,1.0,3317.731071,True,
LOCAL-v1-q3-reference_assumed-5051,3,candidate,11,288.01126963636364,0.0018492499366402626,11,1.0,3168.123966,True,
LOCAL-v1-q3-reference_assumed-5052,3,candidate,13,218.41795315384616,0.002919958089478314,13,1.0,2839.433391,True,
LOCAL-v1-q3-reference_assumed-5053,3,candidate,16,235.2012065625,0.003757541999220848,16,1.0,3763.219305,True,
LOCAL-v1-q3-reference_assumed-5054,3,candidate,16,238.409163875,0.004051041090860963,16,1.0,3814.546622,True,
LOCAL-v1-q3-reference_assumed-5055,3,candidate,12,261.5091154166667,0.002768374979496002,12,1.0,3138.109385,True,
LOCAL-v1-q3-reference_assumed-5056,3,candidate,13,240.64919315384617,0.003284374950453639,13,1.0,3128.439511,True,
LOCAL-v1-q3-reference_assumed-5057,3,candidate,13,244.28050476923076,0.002558209002017975,13,1.0,3175.646562,True,
LOCAL-v1-q3-reference_assumed-5058,3,candidate,14,222.80799685714285,0.0032563330605626106,14,1.0,3119.311956,True,
LOCAL-v1-q3-reference_assumed-5059,3,candidate,12,267.1039715,0.002630125032737851,12,1.0,3205.247658,True,
LOCAL-v1-q3-reference_assumed-5060,3,candidate,11,270.2748053636364,0.003358250018209219,11,1.0,2973.022859,True,
LOCAL-v1-q3-reference_assumed-5061,3,candidate,13,232.79414738461537,0.0033265420934185386,13,1.0,3026.323916,True,
LOCAL-v1-q3-reference_assumed-5062,3,candidate,16,213.8038993125,0.00406533305067569,16,1.0,3420.862389,True,
LOCAL-v1-q3-reference_assumed-5063,3,candidate,15,214.141795,0.0032593749929219484,15,1.0,3212.126925,True,
LOCAL-v1-q3-reference_assumed-5064,3,candidate,13,234.6481206153846,0.003547208965755999,13,1.0,3050.425568,True,
LOCAL-v1-q3-reference_assumed-5065,3,candidate,12,260.0732455,0.0023944999556988478,12,1.0,3120.878946,True,
LOCAL-v1-q3-reference_assumed-5066,3,candidate,10,269.2529908,0.00238491699565202,10,1.0,2692.529908,True,
LOCAL-v1-q3-reference_assumed-5067,3,candidate,16,221.72415325,0.004900083993561566,16,1.0,3547.586452,True,
LOCAL-v1-q3-reference_assumed-5068,3,candidate,13,212.285836,0.003256083931773901,13,1.0,2759.715868,True,
LOCAL-v1-q3-reference_assumed-5069,3,candidate,14,225.46887957142857,0.005198624916374683,14,1.0,3156.564314,True,
LOCAL-v1-q3-reference_assumed-5070,3,candidate,12,270.91739824999996,0.0028288749745115638,12,1.0,3251.008779,True,
LOCAL-v1-q3-reference_assumed-5071,3,candidate,12,280.8152575,0.0029167919419705868,12,1.0,3369.78309,True,
LOCAL-v1-q3-reference_assumed-5072,3,candidate,15,209.0388498,0.004564416944049299,15,1.0,3135.582747,True,
LOCAL-v1-q3-reference_assumed-5073,3,candidate,10,269.7051613,0.002683207974769175,10,1.0,2697.051613,True,
LOCAL-v1-q3-reference_assumed-5074,3,candidate,16,226.036115,0.004800333990715444,16,1.0,3616.57784,True,
LOCAL-v1-q3-reference_assumed-5075,3,candidate,15,206.75059766666666,0.004789083963260055,15,1.0,3101.258965,True,
LOCAL-v1-q3-reference_assumed-5076,3,candidate,12,236.91942241666666,0.0036263340152800083,12,1.0,2843.033069,True,
LOCAL-v1-q3-reference_assumed-5077,3,candidate,14,237.7307270714286,0.004373708041384816,14,1.0,3328.230179,True,
LOCAL-v1-q3-reference_assumed-5078,3,candidate,13,258.06483546153845,0.004715458024293184,13,1.0,3354.842861,True,
LOCAL-v1-q3-reference_assumed-5079,3,candidate,10,302.1877653,0.0024556670105084777,10,1.0,3021.877653,True,
LOCAL-v1-q3-reference_assumed-5080,3,candidate,10,276.2165507,0.0028694169595837593,10,1.0,2762.165507,True,
LOCAL-v1-q3-reference_assumed-5081,3,candidate,16,231.0307404375,0.005938709015026689,16,1.0,3696.491847,True,
LOCAL-v1-q3-reference_assumed-5082,3,candidate,13,228.5531620769231,0.0033616250148043036,13,1.0,2971.191107,True,
LOCAL-v1-q3-reference_assumed-5083,3,candidate,13,242.6503259230769,0.002750541898421943,13,1.0,3154.454237,True,
LOCAL-v1-q3-reference_assumed-5084,3,candidate,14,244.044521,0.004240541020408273,14,1.0,3416.623294,True,
LOCAL-v1-q3-reference_assumed-5085,3,candidate,15,207.7131046,0.004071041941642761,15,1.0,3115.696569,True,
LOCAL-v1-q3-reference_assumed-5086,3,candidate,12,277.22193758333333,0.003585583996027708,12,1.0,3326.663251,True,
LOCAL-v1-q3-reference_assumed-5087,3,candidate,13,223.47881084615386,0.004118041950277984,13,1.0,2905.224541,True,
LOCAL-v1-q3-reference_assumed-5088,3,candidate,16,194.6378813125,0.004682208993472159,16,1.0,3114.206101,True,
LOCAL-v1-q3-reference_assumed-5089,3,candidate,15,219.34818886666665,0.004980042111128569,15,1.0,3290.222833,True,
LOCAL-v1-q3-reference_assumed-5090,3,candidate,14,230.35589607142856,0.005246832966804504,14,1.0,3224.982545,True,
LOCAL-v1-q3-reference_assumed-5091,3,candidate,12,272.87682616666666,0.0033394580241292715,12,1.0,3274.521914,True,
LOCAL-v1-q3-reference_assumed-5092,3,candidate,11,242.53867509090907,0.003406457952223718,11,1.0,2667.925426,True,
LOCAL-v1-q3-reference_assumed-5093,3,candidate,15,229.71721620000002,0.0031633340986445546,15,1.0,3445.758243,True,
LOCAL-v1-q3-reference_assumed-5094,3,candidate,11,268.9686397272727,0.0022037499584257603,11,1.0,2958.655037,True,
LOCAL-v1-q3-reference_assumed-5095,3,candidate,10,282.4653726,0.0027143339393660426,10,1.0,2824.653726,True,
LOCAL-v1-q3-reference_assumed-5096,3,candidate,14,230.9927257857143,0.0031747090397402644,14,1.0,3233.898161,True,
LOCAL-v1-q3-reference_assumed-5097,3,candidate,13,256.26336153846154,0.003874375019222498,13,1.0,3331.4237,True,
LOCAL-v1-q3-reference_assumed-5098,3,candidate,16,201.575043375,0.0041886669350788,16,1.0,3225.200694,True,
LOCAL-v1-q3-reference_assumed-5099,3,candidate,13,235.962642,0.00301041710190475,13,1.0,3067.514346,True,
LOCAL-v1-q3-fixed_positive_bias-5000,3,candidate,11,295.72752454545457,0.002531207981519401,11,1.0,3253.00277,True,
LOCAL-v1-q3-fixed_positive_bias-5001,3,candidate,14,238.69856142857142,0.00448641600087285,14,1.0,3341.77986,True,
LOCAL-v1-q3-fixed_positive_bias-5002,3,candidate,15,204.66160606666665,0.004274584003724158,15,1.0,3069.924091,True,
LOCAL-v1-q3-fixed_positive_bias-5003,3,candidate,11,256.0212782727273,0.0032189589692279696,11,1.0,2816.234061,True,
LOCAL-v1-q3-fixed_positive_bias-5004,3,candidate,12,259.1450775,0.0022573339520022273,12,1.0,3109.74093,True,
LOCAL-v1-q3-fixed_positive_bias-5005,3,candidate,11,273.10464754545455,0.0019049170659855008,11,1.0,3004.151123,True,
LOCAL-v1-q3-fixed_positive_bias-5006,3,candidate,11,270.55232654545455,0.002447625040076673,11,1.0,2976.075592,True,
LOCAL-v1-q3-fixed_positive_bias-5007,3,candidate,11,281.4623506363636,0.0022277079988271,11,1.0,3096.085857,True,
LOCAL-v1-q3-fixed_positive_bias-5008,3,candidate,10,277.6818587,0.0033368750009685755,10,1.0,2776.818587,True,
LOCAL-v1-q3-fixed_positive_bias-5009,3,candidate,14,217.56920378571428,0.003961500013247132,14,1.0,3045.968853,True,
LOCAL-v1-q3-fixed_positive_bias-5010,3,candidate,12,230.85641141666667,0.003892624983564019,12,1.0,2770.276937,True,
LOCAL-v1-q3-fixed_positive_bias-5011,3,candidate,15,233.7007652,0.0038123340345919132,15,1.0,3505.511478,True,
LOCAL-v1-q3-fixed_positive_bias-5012,3,candidate,10,301.52012690000004,0.0020009579602628946,10,1.0,3015.201269,True,
LOCAL-v1-q3-fixed_positive_bias-5013,3,candidate,12,245.14272025,0.0027063750894740224,12,1.0,2941.712643,True,
LOCAL-v1-q3-fixed_positive_bias-5014,3,candidate,11,282.3987618181818,0.002874666010029614,11,1.0,3106.38638,True,
LOCAL-v1-q3-fixed_positive_bias-5015,3,candidate,12,257.20929766666666,0.004081000108271837,12,1.0,3086.511572,True,
LOCAL-v1-q3-fixed_positive_bias-5016,3,candidate,16,222.1373904375,0.004200750030577183,16,1.0,3554.198247,True,
LOCAL-v1-q3-fixed_positive_bias-5017,3,candidate,15,226.4070336,0.00481395807582885,15,1.0,3396.105504,True,
LOCAL-v1-q3-fixed_positive_bias-5018,3,candidate,10,308.3331267,0.0029023749521002173,10,1.0,3083.331267,True,
LOCAL-v1-q3-fixed_positive_bias-5019,3,candidate,11,299.94940036363636,0.002311958000063896,11,1.0,3299.443404,True,
LOCAL-v1-q3-fixed_positive_bias-5020,3,candidate,16,203.16024575,0.005788583890534937,16,1.0,3250.563932,True,
LOCAL-v1-q3-fixed_positive_bias-5021,3,candidate,14,238.98193935714286,0.0033968338975682855,14,1.0,3345.747151,True,
LOCAL-v1-q3-fixed_positive_bias-5022,3,candidate,14,218.899257,0.004870375036261976,14,1.0,3064.589598,True,
LOCAL-v1-q3-fixed_positive_bias-5023,3,candidate,15,218.97639253333332,0.005060542025603354,15,1.0,3284.645888,True,
LOCAL-v1-q3-fixed_positive_bias-5024,3,candidate,13,258.9965980769231,0.0036002499982714653,13,1.0,3366.955775,True,
LOCAL-v1-q3-fixed_positive_bias-5025,3,candidate,12,240.9277986666667,0.002920874976553023,12,1.0,2891.133584,True,
LOCAL-v1-q3-fixed_positive_bias-5026,3,candidate,15,216.20191346666667,0.0025105420500040054,15,1.0,3243.028702,True,
LOCAL-v1-q3-fixed_positive_bias-5027,3,candidate,11,295.88797427272726,0.0018104590708389878,11,1.0,3254.767717,True,
LOCAL-v1-q3-fixed_positive_bias-5028,3,candidate,10,276.7377923,0.0020820419304072857,10,1.0,2767.377923,True,
LOCAL-v1-q3-fixed_positive_bias-5029,3,candidate,11,278.77804181818186,0.002706291968934238,11,1.0,3066.55846,True,
LOCAL-v1-q3-fixed_positive_bias-5030,3,candidate,12,236.55153441666667,0.0027422080747783184,12,1.0,2838.618413,True,
LOCAL-v1-q3-fixed_positive_bias-5031,3,candidate,15,201.6565816,0.005859542055986822,15,1.0,3024.848724,True,
LOCAL-v1-q3-fixed_positive_bias-5032,3,candidate,11,277.1125253636364,0.003293084097094834,11,1.0,3048.237779,True,
LOCAL-v1-q3-fixed_positive_bias-5033,3,candidate,14,253.98607257142856,0.005217790952883661,14,1.0,3555.805016,True,
LOCAL-v1-q3-fixed_positive_bias-5034,3,candidate,16,188.4833935625,0.005956250010058284,16,1.0,3015.734297,True,
LOCAL-v1-q3-fixed_positive_bias-5035,3,candidate,10,303.1144443,0.0027004159055650234,10,1.0,3031.144443,True,
LOCAL-v1-q3-fixed_positive_bias-5036,3,candidate,15,221.38448053333335,0.005426041898317635,15,1.0,3320.767208,True,
LOCAL-v1-q3-fixed_positive_bias-5037,3,candidate,15,218.17398839999998,0.0042082080617547035,15,1.0,3272.609826,True,
LOCAL-v1-q3-fixed_positive_bias-5038,3,candidate,16,201.002594125,0.006637582904659212,16,1.0,3216.041506,True,
LOCAL-v1-q3-fixed_positive_bias-5039,3,candidate,10,333.14080739999997,0.0030407499289140105,10,1.0,3331.408074,True,
LOCAL-v1-q3-fixed_positive_bias-5040,3,candidate,15,227.5075828,0.004215499968267977,15,1.0,3412.613742,True,
LOCAL-v1-q3-fixed_positive_bias-5041,3,candidate,15,220.69620186666668,0.004323332919739187,15,1.0,3310.443028,True,
LOCAL-v1-q3-fixed_positive_bias-5042,3,candidate,11,273.83579345454547,0.0023901249514892697,11,1.0,3012.193728,True,
LOCAL-v1-q3-fixed_positive_bias-5043,3,candidate,12,267.811657,0.003827415988780558,12,1.0,3213.739884,True,
LOCAL-v1-q3-fixed_positive_bias-5044,3,candidate,11,287.99406700000003,0.0025043749483302236,11,1.0,3167.934737,True,
LOCAL-v1-q3-fixed_positive_bias-5045,3,candidate,11,284.02805690909094,0.00368116598110646,11,1.0,3124.308626,True,
LOCAL-v1-q3-fixed_positive_bias-5046,3,candidate,10,273.94145530000003,0.002850834047421813,10,1.0,2739.414553,True,
LOCAL-v1-q3-fixed_positive_bias-5047,3,candidate,16,208.73453475,0.004778417060151696,16,1.0,3339.752556,True,
LOCAL-v1-q3-fixed_positive_bias-5048,3,candidate,12,251.31908333333334,0.002688625012524426,12,1.0,3015.829,True,
LOCAL-v1-q3-fixed_positive_bias-5049,3,candidate,10,303.1382454,0.0028395410627126694,10,1.0,3031.382454,True,
LOCAL-v1-q3-fixed_positive_bias-5050,3,candidate,15,227.38568726666665,0.004508249927312136,15,1.0,3410.785309,True,
LOCAL-v1-q3-fixed_positive_bias-5051,3,candidate,11,289.04569909090907,0.0019480830524116755,11,1.0,3179.50269,True,
LOCAL-v1-q3-fixed_positive_bias-5052,3,candidate,13,221.07118538461538,0.003608333063311875,13,1.0,2873.92541,True,
LOCAL-v1-q3-fixed_positive_bias-5053,3,candidate,16,223.75231775,0.0038356250151991844,16,1.0,3580.037084,True,
LOCAL-v1-q3-fixed_positive_bias-5054,3,candidate,16,223.0835163125,0.004344832967035472,16,1.0,3569.336261,True,
LOCAL-v1-q3-fixed_positive_bias-5055,3,candidate,12,266.18449058333334,0.0031457500299438834,12,1.0,3194.213887,True,
LOCAL-v1-q3-fixed_positive_bias-5056,3,candidate,13,248.54314376923077,0.0041259590070694685,13,1.0,3231.060869,True,
LOCAL-v1-q3-fixed_positive_bias-5057,3,candidate,13,244.6474046153846,0.002734749927185476,13,1.0,3180.41626,True,
LOCAL-v1-q3-fixed_positive_bias-5058,3,candidate,14,214.05138814285715,0.00345558300614357,14,1.0,2996.719434,True,
LOCAL-v1-q3-fixed_positive_bias-5059,3,candidate,12,266.83061275,0.0027252909494563937,12,1.0,3201.967353,True,
LOCAL-v1-q3-fixed_positive_bias-5060,3,candidate,11,256.9937949090909,0.0036049169721081853,11,1.0,2826.931744,True,
LOCAL-v1-q3-fixed_positive_bias-5061,3,candidate,13,241.60328207692308,0.003849250031635165,13,1.0,3140.842667,True,
LOCAL-v1-q3-fixed_positive_bias-5062,3,candidate,16,209.4593430625,0.003966958960518241,16,1.0,3351.349489,True,
LOCAL-v1-q3-fixed_positive_bias-5063,3,candidate,15,213.52561426666668,0.004630082985386252,15,1.0,3202.884214,True,
LOCAL-v1-q3-fixed_positive_bias-5064,3,candidate,13,235.634765,0.0037512920098379254,13,1.0,3063.251945,True,
LOCAL-v1-q3-fixed_positive_bias-5065,3,candidate,12,252.41731074999998,0.0026768340030685067,12,1.0,3029.007729,True,
LOCAL-v1-q3-fixed_positive_bias-5066,3,candidate,10,266.2394486,0.002366083092056215,10,1.0,2662.394486,True,
LOCAL-v1-q3-fixed_positive_bias-5067,3,candidate,16,214.976368625,0.00610833300743252,16,1.0,3439.621898,True,
LOCAL-v1-q3-fixed_positive_bias-5068,3,candidate,13,216.6726283846154,0.0038152500055730343,13,1.0,2816.744169,True,
LOCAL-v1-q3-fixed_positive_bias-5069,3,candidate,14,230.91337900000002,0.006027999916113913,14,1.0,3232.787306,True,
LOCAL-v1-q3-fixed_positive_bias-5070,3,candidate,12,271.74005116666666,0.003232415998354554,12,1.0,3260.880614,True,
LOCAL-v1-q3-fixed_positive_bias-5071,3,candidate,12,271.5332975,0.0029450838919728994,12,1.0,3258.39957,True,
LOCAL-v1-q3-fixed_positive_bias-5072,3,candidate,15,210.74117346666665,0.00476212496869266,15,1.0,3161.117602,True,
LOCAL-v1-q3-fixed_positive_bias-5073,3,candidate,10,276.197898,0.0028246669098734856,10,1.0,2761.97898,True,
LOCAL-v1-q3-fixed_positive_bias-5074,3,candidate,16,220.1530948125,0.0051405420526862144,16,1.0,3522.449517,True,
LOCAL-v1-q3-fixed_positive_bias-5075,3,candidate,15,211.60535399999998,0.005245625041425228,15,1.0,3174.08031,True,
LOCAL-v1-q3-fixed_positive_bias-5076,3,candidate,12,251.52241783333332,0.0038309169467538595,12,1.0,3018.269014,True,
LOCAL-v1-q3-fixed_positive_bias-5077,3,candidate,14,239.16512357142855,0.004692582995630801,14,1.0,3348.31173,True,
LOCAL-v1-q3-fixed_positive_bias-5078,3,candidate,13,252.31573638461538,0.004372666007839143,13,1.0,3280.104573,True,
LOCAL-v1-q3-fixed_positive_bias-5079,3,candidate,10,303.4316593,0.0026998750399798155,10,1.0,3034.316593,True,
LOCAL-v1-q3-fixed_positive_bias-5080,3,candidate,10,278.5945566,0.0027332500321790576,10,1.0,2785.945566,True,
LOCAL-v1-q3-fixed_positive_bias-5081,3,candidate,16,227.0177891875,0.006786959012970328,16,1.0,3632.284627,True,
LOCAL-v1-q3-fixed_positive_bias-5082,3,candidate,13,223.62043346153845,0.00286470795981586,13,1.0,2907.065635,True,
LOCAL-v1-q3-fixed_positive_bias-5083,3,candidate,13,238.39722330769231,0.002845166018232703,13,1.0,3099.163903,True,
LOCAL-v1-q3-fixed_positive_bias-5084,3,candidate,14,253.523247,0.0048472919734194875,14,1.0,3549.325458,True,
LOCAL-v1-q3-fixed_positive_bias-5085,3,candidate,15,202.91732946666667,0.004155542002990842,15,1.0,3043.759942,True,
LOCAL-v1-q3-fixed_positive_bias-5086,3,candidate,12,269.45843541666665,0.0030187920201569796,12,1.0,3233.501225,True,
LOCAL-v1-q3-fixed_positive_bias-5087,3,candidate,13,196.5541264615385,0.003917833091691136,13,1.0,2555.203644,True,
LOCAL-v1-q3-fixed_positive_bias-5088,3,candidate,16,193.4629214375,0.004884249996393919,16,1.0,3095.406743,True,
LOCAL-v1-q3-fixed_positive_bias-5089,3,candidate,15,222.68547566666666,0.005207959096878767,15,1.0,3340.282135,True,
LOCAL-v1-q3-fixed_positive_bias-5090,3,candidate,14,234.14591314285715,0.0057420419761911035,14,1.0,3278.042784,True,
LOCAL-v1-q3-fixed_positive_bias-5091,3,candidate,12,272.5121418333333,0.0035668329801410437,12,1.0,3270.145702,True,
LOCAL-v1-q3-fixed_positive_bias-5092,3,candidate,11,246.01970818181817,0.0040143749210983515,11,1.0,2706.21679,True,
LOCAL-v1-q3-fixed_positive_bias-5093,3,candidate,15,231.51431573333332,0.0036117919953539968,15,1.0,3472.714736,True,
LOCAL-v1-q3-fixed_positive_bias-5094,3,candidate,11,283.3189878181818,0.0025800419971346855,11,1.0,3116.508866,True,
LOCAL-v1-q3-fixed_positive_bias-5095,3,candidate,10,286.26926779999997,0.00341112504247576,10,1.0,2862.692678,True,
LOCAL-v1-q3-fixed_positive_bias-5096,3,candidate,14,227.24851742857143,0.003790042013861239,14,1.0,3181.479244,True,
LOCAL-v1-q3-fixed_positive_bias-5097,3,candidate,13,245.07789761538464,0.003775291028432548,13,1.0,3186.012669,True,
LOCAL-v1-q3-fixed_positive_bias-5098,3,candidate,16,199.4424091875,0.0046131249982863665,16,1.0,3191.078547,True,
LOCAL-v1-q3-fixed_positive_bias-5099,3,candidate,13,228.16789453846152,0.0041025420650839806,13,1.0,2966.182629,True,
LOCAL-v1-q3-fixed_negative_bias-5000,3,candidate,11,298.2627477272727,0.0025699579855427146,11,1.0,3280.890225,True,
LOCAL-v1-q3-fixed_negative_bias-5001,3,candidate,14,234.06394485714284,0.004610124975442886,14,1.0,3276.895228,True,
LOCAL-v1-q3-fixed_negative_bias-5002,3,candidate,15,202.59812173333333,0.004405499901622534,15,1.0,3038.971826,True,
LOCAL-v1-q3-fixed_negative_bias-5003,3,candidate,11,257.3393679090909,0.003348749945871532,11,1.0,2830.733047,True,
LOCAL-v1-q3-fixed_negative_bias-5004,3,candidate,12,260.02526958333334,0.002435542060993612,12,1.0,3120.303235,True,
LOCAL-v1-q3-fixed_negative_bias-5005,3,candidate,11,269.5845450909091,0.002296042046509683,11,1.0,2965.429996,True,
LOCAL-v1-q3-fixed_negative_bias-5006,3,candidate,11,284.6875290909091,0.003185583045706153,11,1.0,3131.56282,True,
LOCAL-v1-q3-fixed_negative_bias-5007,3,candidate,11,269.8719724545454,0.0022254158975556493,11,1.0,2968.591697,True,
LOCAL-v1-q3-fixed_negative_bias-5008,3,candidate,10,277.7420067,0.0034171249717473984,10,1.0,2777.420067,True,
LOCAL-v1-q3-fixed_negative_bias-5009,3,candidate,14,219.99319471428572,0.004490082967095077,14,1.0,3079.904726,True,
LOCAL-v1-q3-fixed_negative_bias-5010,3,candidate,12,233.31576283333334,0.004257082939147949,12,1.0,2799.789154,True,
LOCAL-v1-q3-fixed_negative_bias-5011,3,candidate,15,230.43341126666667,0.0037002500612288713,15,1.0,3456.501169,True,
LOCAL-v1-q3-fixed_negative_bias-5012,3,candidate,10,302.7275346,0.002056583994999528,10,1.0,3027.275346,True,
LOCAL-v1-q3-fixed_negative_bias-5013,3,candidate,12,258.9560559166667,0.0029929999727755785,12,1.0,3107.472671,True,
LOCAL-v1-q3-fixed_negative_bias-5014,3,candidate,11,284.19862763636365,0.003245249972678721,11,1.0,3126.184904,True,
LOCAL-v1-q3-fixed_negative_bias-5015,3,candidate,12,235.78187033333333,0.00374249997548759,12,1.0,2829.382444,True,
LOCAL-v1-q3-fixed_negative_bias-5016,3,candidate,16,206.9248198125,0.004899207968264818,16,1.0,3310.797117,True,
LOCAL-v1-q3-fixed_negative_bias-5017,3,candidate,15,237.68834573333334,0.005023417063057423,15,1.0,3565.325186,True,
LOCAL-v1-q3-fixed_negative_bias-5018,3,candidate,10,281.2734163,0.0031174999894574285,10,1.0,2812.734163,True,
LOCAL-v1-q3-fixed_negative_bias-5019,3,candidate,11,298.3517244545455,0.004928541951812804,11,1.0,3281.868969,True,
LOCAL-v1-q3-fixed_negative_bias-5020,3,candidate,16,230.74844575,0.010226542013697326,16,1.0,3691.975132,True,
LOCAL-v1-q3-fixed_negative_bias-5021,3,candidate,14,219.06289157142857,0.003490000031888485,14,1.0,3066.880482,True,
LOCAL-v1-q3-fixed_negative_bias-5022,3,candidate,14,210.7694995,0.0046877500135451555,14,1.0,2950.772993,True,
LOCAL-v1-q3-fixed_negative_bias-5023,3,candidate,15,212.57012166666667,0.005283624981530011,15,1.0,3188.551825,True,
LOCAL-v1-q3-fixed_negative_bias-5024,3,candidate,13,256.88043646153847,0.0038262499729171395,13,1.0,3339.445674,True,
LOCAL-v1-q3-fixed_negative_bias-5025,3,candidate,12,263.5908475833333,0.003819959005340934,12,1.0,3163.090171,True,
LOCAL-v1-q3-fixed_negative_bias-5026,3,candidate,15,220.57454959999998,0.0034999160561710596,15,1.0,3308.618244,True,
LOCAL-v1-q3-fixed_negative_bias-5027,3,candidate,11,297.0655566363636,0.0020125419832766056,11,1.0,3267.721123,True,
LOCAL-v1-q3-fixed_negative_bias-5028,3,candidate,10,291.1658277,0.0023352090502157807,10,1.0,2911.658277,True,
LOCAL-v1-q3-fixed_negative_bias-5029,3,candidate,11,276.8542893636364,0.0027316659688949585,11,1.0,3045.397183,True,
LOCAL-v1-q3-fixed_negative_bias-5030,3,candidate,12,221.23106600000003,0.002815833082422614,12,1.0,2654.772792,True,
LOCAL-v1-q3-fixed_negative_bias-5031,3,candidate,15,199.96960153333333,0.006168083054944873,15,1.0,2999.544023,True,
LOCAL-v1-q3-fixed_negative_bias-5032,3,candidate,11,289.71510145454545,0.003369416925124824,11,1.0,3186.866116,True,
LOCAL-v1-q3-fixed_negative_bias-5033,3,candidate,14,234.99530864285717,0.004759208066388965,14,1.0,3289.934321,True,
LOCAL-v1-q3-fixed_negative_bias-5034,3,candidate,16,182.10671075,0.005479792016558349,16,1.0,2913.707372,True,
LOCAL-v1-q3-fixed_negative_bias-5035,3,candidate,10,300.7427565,0.0027415419463068247,10,1.0,3007.427565,True,
LOCAL-v1-q3-fixed_negative_bias-5036,3,candidate,15,225.45525393333335,0.005451707984320819,15,1.0,3381.828809,True,
LOCAL-v1-q3-fixed_negative_bias-5037,3,candidate,15,209.1945658,0.004029459087178111,15,1.0,3137.918487,True,
LOCAL-v1-q3-fixed_negative_bias-5038,3,candidate,16,203.6833855,0.006408249959349632,16,1.0,3258.934168,True,
LOCAL-v1-q3-fixed_negative_bias-5039,3,candidate,10,327.9528824,0.0024777919752523303,10,1.0,3279.528824,True,
LOCAL-v1-q3-fixed_negative_bias-5040,3,candidate,15,226.81680766666665,0.003951417049393058,15,1.0,3402.252115,True,
LOCAL-v1-q3-fixed_negative_bias-5041,3,candidate,15,215.77150046666665,0.0034895000280812383,15,1.0,3236.572507,True,
LOCAL-v1-q3-fixed_negative_bias-5042,3,candidate,11,274.2510643636364,0.0022878750460222363,11,1.0,3016.761708,True,
LOCAL-v1-q3-fixed_negative_bias-5043,3,candidate,12,255.52204225,0.0038650829810649157,12,1.0,3066.264507,True,
LOCAL-v1-q3-fixed_negative_bias-5044,3,candidate,11,285.628166,0.0026394579326733947,11,1.0,3141.909826,True,
LOCAL-v1-q3-fixed_negative_bias-5045,3,candidate,11,280.5957042727273,0.0035594580695033073,11,1.0,3086.552747,True,
LOCAL-v1-q3-fixed_negative_bias-5046,3,candidate,10,272.4129233,0.003022667020559311,10,1.0,2724.129233,True,
LOCAL-v1-q3-fixed_negative_bias-5047,3,candidate,16,202.4993586875,0.004461041069589555,16,1.0,3239.989739,True,
LOCAL-v1-q3-fixed_negative_bias-5048,3,candidate,12,249.82437383333334,0.0027149999514222145,12,1.0,2997.892486,True,
LOCAL-v1-q3-fixed_negative_bias-5049,3,candidate,10,309.9444444,0.0020213749958202243,10,1.0,3099.444444,True,
LOCAL-v1-q3-fixed_negative_bias-5050,3,candidate,15,223.80177139999998,0.003986458061262965,15,1.0,3357.026571,True,
LOCAL-v1-q3-fixed_negative_bias-5051,3,candidate,11,289.0281602727273,0.002058416954241693,11,1.0,3179.309763,True,
LOCAL-v1-q3-fixed_negative_bias-5052,3,candidate,13,224.263684,0.003401790978386998,13,1.0,2915.427892,True,
LOCAL-v1-q3-fixed_negative_bias-5053,3,candidate,16,225.764576625,0.00356587499845773,16,1.0,3612.233226,True,
LOCAL-v1-q3-fixed_negative_bias-5054,3,candidate,16,249.591943,0.003396291984245181,16,1.0,3993.471088,True,
LOCAL-v1-q3-fixed_negative_bias-5055,3,candidate,12,254.07072991666666,0.003200832987204194,12,1.0,3048.848759,True,
LOCAL-v1-q3-fixed_negative_bias-5056,3,candidate,13,249.63106176923077,0.003786874935030937,13,1.0,3245.203803,True,
LOCAL-v1-q3-fixed_negative_bias-5057,3,candidate,13,244.03423115384615,0.0025434159906581044,13,1.0,3172.445005,True,
LOCAL-v1-q3-fixed_negative_bias-5058,3,candidate,14,216.9517815714286,0.0033554999390617013,14,1.0,3037.324942,True,
LOCAL-v1-q3-fixed_negative_bias-5059,3,candidate,12,263.02407008333336,0.0022422090405598283,12,1.0,3156.288841,True,
LOCAL-v1-q3-fixed_negative_bias-5060,3,candidate,11,257.4759102727273,0.0033051249338313937,11,1.0,2832.235013,True,
LOCAL-v1-q3-fixed_negative_bias-5061,3,candidate,13,235.8293406923077,0.0038822500500828028,13,1.0,3065.781429,True,
LOCAL-v1-q3-fixed_negative_bias-5062,3,candidate,16,208.6911603125,0.004128625034354627,16,1.0,3339.058565,True,
LOCAL-v1-q3-fixed_negative_bias-5063,3,candidate,15,224.28430973333334,0.004354292061179876,15,1.0,3364.264646,True,
LOCAL-v1-q3-fixed_negative_bias-5064,3,candidate,13,234.74395676923075,0.0035984580172225833,13,1.0,3051.671438,True,
LOCAL-v1-q3-fixed_negative_bias-5065,3,candidate,12,267.79424316666666,0.004061957937665284,12,1.0,3213.530918,True,
LOCAL-v1-q3-fixed_negative_bias-5066,3,candidate,10,265.4205864,0.002248791977763176,10,1.0,2654.205864,True,
LOCAL-v1-q3-fixed_negative_bias-5067,3,candidate,16,224.216223,0.005272666923701763,16,1.0,3587.459568,True,
LOCAL-v1-q3-fixed_negative_bias-5068,3,candidate,13,218.65427038461536,0.003823666018433869,13,1.0,2842.505515,True,
LOCAL-v1-q3-fixed_negative_bias-5069,3,candidate,14,236.4865762142857,0.005672500003129244,14,1.0,3310.812067,True,
LOCAL-v1-q3-fixed_negative_bias-5070,3,candidate,12,275.32608925,0.003216832992620766,12,1.0,3303.913071,True,
LOCAL-v1-q3-fixed_negative_bias-5071,3,candidate,12,273.64000225,0.0029806250240653753,12,1.0,3283.680027,True,
LOCAL-v1-q3-fixed_negative_bias-5072,3,candidate,15,207.67836166666666,0.00457429199013859,15,1.0,3115.175425,True,
LOCAL-v1-q3-fixed_negative_bias-5073,3,candidate,10,268.9906376,0.0027890000492334366,10,1.0,2689.906376,True,
LOCAL-v1-q3-fixed_negative_bias-5074,3,candidate,16,219.133004625,0.005897625000216067,16,1.0,3506.128074,True,
LOCAL-v1-q3-fixed_negative_bias-5075,3,candidate,15,211.77713219999998,0.00506929203402251,15,1.0,3176.656983,True,
LOCAL-v1-q3-fixed_negative_bias-5076,3,candidate,12,244.9869163333333,0.003516291966661811,12,1.0,2939.842996,True,
LOCAL-v1-q3-fixed_negative_bias-5077,3,candidate,14,232.25498514285712,0.0033894580556079745,14,1.0,3251.569792,True,
LOCAL-v1-q3-fixed_negative_bias-5078,3,candidate,13,250.03544646153844,0.0036344999680295587,13,1.0,3250.460804,True,
LOCAL-v1-q3-fixed_negative_bias-5079,3,candidate,10,291.59698530000003,0.0018866250757128,10,1.0,2915.969853,True,
LOCAL-v1-q3-fixed_negative_bias-5080,3,candidate,10,277.9843035,0.002773415995761752,10,1.0,2779.843035,True,
LOCAL-v1-q3-fixed_negative_bias-5081,3,candidate,16,226.699614125,0.0056987080024555326,16,1.0,3627.193826,True,
LOCAL-v1-q3-fixed_negative_bias-5082,3,candidate,13,221.1924212307692,0.002680207951925695,13,1.0,2875.501476,True,
LOCAL-v1-q3-fixed_negative_bias-5083,3,candidate,13,256.6396669230769,0.0038333330303430557,13,1.0,3336.31567,True,
LOCAL-v1-q3-fixed_negative_bias-5084,3,candidate,14,250.20009007142858,0.004674124997109175,14,1.0,3502.801261,True,
LOCAL-v1-q3-fixed_negative_bias-5085,3,candidate,15,210.10625753333335,0.004380625090561807,15,1.0,3151.593863,True,
LOCAL-v1-q3-fixed_negative_bias-5086,3,candidate,12,269.50421,0.0031626250129193068,12,1.0,3234.05052,True,
LOCAL-v1-q3-fixed_negative_bias-5087,3,candidate,13,200.17293261538464,0.003816624986939132,13,1.0,2602.248124,True,
LOCAL-v1-q3-fixed_negative_bias-5088,3,candidate,16,195.5303433125,0.0051345000974833965,16,1.0,3128.485493,True,
LOCAL-v1-q3-fixed_negative_bias-5089,3,candidate,15,220.31551466666667,0.00433966692071408,15,1.0,3304.73272,True,
LOCAL-v1-q3-fixed_negative_bias-5090,3,candidate,14,235.62260450000002,0.005988167016766965,14,1.0,3298.716463,True,
LOCAL-v1-q3-fixed_negative_bias-5091,3,candidate,12,280.72268883333334,0.003655583946965635,12,1.0,3368.672266,True,
LOCAL-v1-q3-fixed_negative_bias-5092,3,candidate,11,246.40277627272727,0.004070791997946799,11,1.0,2710.430539,True,
LOCAL-v1-q3-fixed_negative_bias-5093,3,candidate,15,230.12465939999998,0.0032442500814795494,15,1.0,3451.869891,True,
LOCAL-v1-q3-fixed_negative_bias-5094,3,candidate,11,267.466685,0.00239595805760473,11,1.0,2942.133535,True,
LOCAL-v1-q3-fixed_negative_bias-5095,3,candidate,10,304.53261940000004,0.0028275829972699285,10,1.0,3045.326194,True,
LOCAL-v1-q3-fixed_negative_bias-5096,3,candidate,14,236.19110300000003,0.0031239170348271728,14,1.0,3306.675442,True,
LOCAL-v1-q3-fixed_negative_bias-5097,3,candidate,13,252.74336415384616,0.0037180830258876085,13,1.0,3285.663734,True,
LOCAL-v1-q3-fixed_negative_bias-5098,3,candidate,16,189.8923154375,0.004781333031132817,16,1.0,3038.277047,True,
LOCAL-v1-q3-fixed_negative_bias-5099,3,candidate,13,237.3049803846154,0.004389000008814037,13,1.0,3084.964745,True,
LOCAL-v1-q3-smooth_shared_field-5000,3,candidate,11,291.56761281818183,0.002413207897916436,11,1.0,3207.243741,True,
LOCAL-v1-q3-smooth_shared_field-5001,3,candidate,14,234.45748657142857,0.004305750015191734,14,1.0,3282.404812,True,
LOCAL-v1-q3-smooth_shared_field-5002,3,candidate,15,198.75363753333335,0.0038536658976227045,15,1.0,2981.304563,True,
LOCAL-v1-q3-smooth_shared_field-5003,3,candidate,11,251.22485190909092,0.0029153749346733093,11,1.0,2763.473371,True,
LOCAL-v1-q3-smooth_shared_field-5004,3,candidate,12,260.39518733333335,0.0023197500267997384,12,1.0,3124.742248,True,
LOCAL-v1-q3-smooth_shared_field-5005,3,candidate,11,269.4322820909091,0.0020807499531656504,11,1.0,2963.755103,True,
LOCAL-v1-q3-smooth_shared_field-5006,3,candidate,11,283.2650389090909,0.002848041011020541,11,1.0,3115.915428,True,
LOCAL-v1-q3-smooth_shared_field-5007,3,candidate,11,271.7777877272727,0.0022793340031057596,11,1.0,2989.555665,True,
LOCAL-v1-q3-smooth_shared_field-5008,3,candidate,10,276.25578759999996,0.0031501660123467445,10,1.0,2762.557876,True,
LOCAL-v1-q3-smooth_shared_field-5009,3,candidate,14,212.81532285714283,0.0036804580595344305,14,1.0,2979.41452,True,
LOCAL-v1-q3-smooth_shared_field-5010,3,candidate,12,231.81568208333331,0.003761249943636358,12,1.0,2781.788185,True,
LOCAL-v1-q3-smooth_shared_field-5011,3,candidate,15,234.33026980000002,0.003922790987417102,15,1.0,3514.954047,True,
LOCAL-v1-q3-smooth_shared_field-5012,3,candidate,10,296.4830778,0.0017237919382750988,10,1.0,2964.830778,True,
LOCAL-v1-q3-smooth_shared_field-5013,3,candidate,12,259.37924225,0.0028107090620324016,12,1.0,3112.550907,True,
LOCAL-v1-q3-smooth_shared_field-5014,3,candidate,11,280.33995018181815,0.0028049579123035073,11,1.0,3083.739452,True,
LOCAL-v1-q3-smooth_shared_field-5015,3,candidate,12,253.09199641666666,0.003791583003476262,12,1.0,3037.103957,True,
LOCAL-v1-q3-smooth_shared_field-5016,3,candidate,16,200.457494375,0.004119917051866651,16,1.0,3207.31991,True,
LOCAL-v1-q3-smooth_shared_field-5017,3,candidate,15,245.69884140000002,0.004923125030472875,15,1.0,3685.482621,True,
LOCAL-v1-q3-smooth_shared_field-5018,3,candidate,10,279.9484061,0.0024669580161571503,10,1.0,2799.484061,True,
LOCAL-v1-q3-smooth_shared_field-5019,3,candidate,11,296.9323612727273,0.0028000830207020044,11,1.0,3266.255974,True,
LOCAL-v1-q3-smooth_shared_field-5020,3,candidate,16,211.2285874375,0.005107124918140471,16,1.0,3379.657399,True,
LOCAL-v1-q3-smooth_shared_field-5021,3,candidate,14,220.4945225,0.003684957977384329,14,1.0,3086.923315,True,
LOCAL-v1-q3-smooth_shared_field-5022,3,candidate,14,205.07663499999998,0.004641334060579538,14,1.0,2871.07289,True,
LOCAL-v1-q3-smooth_shared_field-5023,3,candidate,15,211.31958926666667,0.004758125054650009,15,1.0,3169.793839,True,
LOCAL-v1-q3-smooth_shared_field-5024,3,candidate,13,257.26953815384616,0.00346929207444191,13,1.0,3344.503996,True,
LOCAL-v1-q3-smooth_shared_field-5025,3,candidate,12,264.13605975,0.003442666959017515,12,1.0,3169.632717,True,
LOCAL-v1-q3-smooth_shared_field-5026,3,candidate,15,221.68183506666668,0.0031245839782059193,15,1.0,3325.227526,True,
LOCAL-v1-q3-smooth_shared_field-5027,3,candidate,11,286.64534827272723,0.0018487919587641954,11,1.0,3153.098831,True,
LOCAL-v1-q3-smooth_shared_field-5028,3,candidate,10,284.42390919999997,0.0020902908872812986,10,1.0,2844.239092,True,
LOCAL-v1-q3-smooth_shared_field-5029,3,candidate,11,270.625545,0.0024750829907134175,11,1.0,2976.880995,True,
LOCAL-v1-q3-smooth_shared_field-5030,3,candidate,12,219.5527953333333,0.0030264579690992832,12,1.0,2634.633544,True,
LOCAL-v1-q3-smooth_shared_field-5031,3,candidate,15,204.05055766666666,0.005776957958005369,15,1.0,3060.758365,True,
LOCAL-v1-q3-smooth_shared_field-5032,3,candidate,11,287.5271030909091,0.003600875032134354,11,1.0,3162.798134,True,
LOCAL-v1-q3-smooth_shared_field-5033,3,candidate,14,224.7858512142857,0.004430542001500726,14,1.0,3147.001917,True,
LOCAL-v1-q3-smooth_shared_field-5034,3,candidate,16,178.6959320625,0.005603457917459309,16,1.0,2859.134913,True,
LOCAL-v1-q3-smooth_shared_field-5035,3,candidate,10,300.255802,0.002585874986834824,10,1.0,3002.55802,True,
LOCAL-v1-q3-smooth_shared_field-5036,3,candidate,15,224.8484358,0.005716208950616419,15,1.0,3372.726537,True,
LOCAL-v1-q3-smooth_shared_field-5037,3,candidate,15,211.84189633333332,0.004170833039097488,15,1.0,3177.628445,True,
LOCAL-v1-q3-smooth_shared_field-5038,3,candidate,16,200.971710625,0.006056542042642832,16,1.0,3215.54737,True,
LOCAL-v1-q3-smooth_shared_field-5039,3,candidate,10,340.86363240000003,0.002628625021316111,10,1.0,3408.636324,True,
LOCAL-v1-q3-smooth_shared_field-5040,3,candidate,15,231.45578253333332,0.004096292075701058,15,1.0,3471.836738,True,
LOCAL-v1-q3-smooth_shared_field-5041,3,candidate,15,217.95821146666668,0.0033767499262467027,15,1.0,3269.373172,True,
LOCAL-v1-q3-smooth_shared_field-5042,3,candidate,11,271.63798654545457,0.002094583003781736,11,1.0,2988.017852,True,
LOCAL-v1-q3-smooth_shared_field-5043,3,candidate,12,250.8778851666667,0.003690917044878006,12,1.0,3010.534622,True,
LOCAL-v1-q3-smooth_shared_field-5044,3,candidate,11,288.75076172727273,0.0024310830049216747,11,1.0,3176.258379,True,
LOCAL-v1-q3-smooth_shared_field-5045,3,candidate,11,264.8695753636364,0.0035304579650983214,11,1.0,2913.565329,True,
LOCAL-v1-q3-smooth_shared_field-5046,3,candidate,10,275.2142667,0.002924540895037353,10,1.0,2752.142667,True,
LOCAL-v1-q3-smooth_shared_field-5047,3,candidate,16,200.808093625,0.004076792043633759,16,1.0,3212.929498,True,
LOCAL-v1-q3-smooth_shared_field-5048,3,candidate,12,249.540154,0.0026347499806433916,12,1.0,2994.481848,True,
LOCAL-v1-q3-smooth_shared_field-5049,3,candidate,10,313.3592716,0.002319416031241417,10,1.0,3133.592716,True,
LOCAL-v1-q3-smooth_shared_field-5050,3,candidate,15,227.7297824,0.004316792008467019,15,1.0,3415.946736,True,
LOCAL-v1-q3-smooth_shared_field-5051,3,candidate,11,289.53077436363634,0.002061084029264748,11,1.0,3184.838518,True,
LOCAL-v1-q3-smooth_shared_field-5052,3,candidate,13,218.63623453846154,0.003563250065781176,13,1.0,2842.271049,True,
LOCAL-v1-q3-smooth_shared_field-5053,3,candidate,16,223.2753444375,0.0037023749900981784,16,1.0,3572.405511,True,
LOCAL-v1-q3-smooth_shared_field-5054,3,candidate,16,256.15759425,0.003415083047002554,16,1.0,4098.521508,True,
LOCAL-v1-q3-smooth_shared_field-5055,3,candidate,12,256.58235816666667,0.00331837497651577,12,1.0,3078.988298,True,
LOCAL-v1-q3-smooth_shared_field-5056,3,candidate,13,243.694005,0.0036092919763177633,13,1.0,3168.022065,True,
LOCAL-v1-q3-smooth_shared_field-5057,3,candidate,13,249.40266515384616,0.0027895000530406833,13,1.0,3242.234647,True,
LOCAL-v1-q3-smooth_shared_field-5058,3,candidate,14,214.74524342857143,0.0032462499802932143,14,1.0,3006.433408,True,
LOCAL-v1-q3-smooth_shared_field-5059,3,candidate,12,262.4315575,0.0022097920300439,12,1.0,3149.17869,True,
LOCAL-v1-q3-smooth_shared_field-5060,3,candidate,11,256.6593965454545,0.003191540949046612,11,1.0,2823.253362,True,
LOCAL-v1-q3-smooth_shared_field-5061,3,candidate,13,234.78479923076924,0.0034677080111578107,13,1.0,3052.20239,True,
LOCAL-v1-q3-smooth_shared_field-5062,3,candidate,16,208.7392779375,0.0037674589548259974,16,1.0,3339.828447,True,
LOCAL-v1-q3-smooth_shared_field-5063,3,candidate,15,225.50196746666668,0.004057332989759743,15,1.0,3382.529512,True,
LOCAL-v1-q3-smooth_shared_field-5064,3,candidate,13,231.6312649230769,0.003503083949908614,13,1.0,3011.206444,True,
LOCAL-v1-q3-smooth_shared_field-5065,3,candidate,12,263.78567541666666,0.0033254579175263643,12,1.0,3165.428105,True,
LOCAL-v1-q3-smooth_shared_field-5066,3,candidate,10,270.1802088,0.0025410830276086926,10,1.0,2701.802088,True,
LOCAL-v1-q3-smooth_shared_field-5067,3,candidate,16,220.131185625,0.0049287499859929085,16,1.0,3522.09897,True,
LOCAL-v1-q3-smooth_shared_field-5068,3,candidate,13,215.42689523076922,0.003505166037939489,13,1.0,2800.549638,True,
LOCAL-v1-q3-smooth_shared_field-5069,3,candidate,14,226.46055242857142,0.0054045000579208136,14,1.0,3170.447734,True,
LOCAL-v1-q3-smooth_shared_field-5070,3,candidate,12,266.38807808333337,0.002864832989871502,12,1.0,3196.656937,True,
LOCAL-v1-q3-smooth_shared_field-5071,3,candidate,12,282.96213441666663,0.003175791003741324,12,1.0,3395.545613,True,
LOCAL-v1-q3-smooth_shared_field-5072,3,candidate,15,208.44420273333333,0.0045553750824183226,15,1.0,3126.663041,True,
LOCAL-v1-q3-smooth_shared_field-5073,3,candidate,10,275.1961804,0.0026184170274063945,10,1.0,2751.961804,True,
LOCAL-v1-q3-smooth_shared_field-5074,3,candidate,16,222.74086425,0.005517207900993526,16,1.0,3563.853828,True,
LOCAL-v1-q3-smooth_shared_field-5075,3,candidate,15,209.2694856,0.004634625045582652,15,1.0,3139.042284,True,
LOCAL-v1-q3-smooth_shared_field-5076,3,candidate,12,246.35802841666668,0.0035000829957425594,12,1.0,2956.296341,True,
LOCAL-v1-q3-smooth_shared_field-5077,3,candidate,14,229.28475964285715,0.0032203749287873507,14,1.0,3209.986635,True,
LOCAL-v1-q3-smooth_shared_field-5078,3,candidate,13,250.0715576923077,0.0038087080465629697,13,1.0,3250.93025,True,
LOCAL-v1-q3-smooth_shared_field-5079,3,candidate,10,295.21449859999996,0.002362124971114099,10,1.0,2952.144986,True,
LOCAL-v1-q3-smooth_shared_field-5080,3,candidate,10,281.4729507,0.0027652919525280595,10,1.0,2814.729507,True,
LOCAL-v1-q3-smooth_shared_field-5081,3,candidate,16,226.0243939375,0.0053602500120177865,16,1.0,3616.390303,True,
LOCAL-v1-q3-smooth_shared_field-5082,3,candidate,13,223.63344284615386,0.0026572910137474537,13,1.0,2907.234757,True,
LOCAL-v1-q3-smooth_shared_field-5083,3,candidate,13,257.15106046153846,0.003252916969358921,13,1.0,3342.963786,True,
LOCAL-v1-q3-smooth_shared_field-5084,3,candidate,14,237.8591059285714,0.004181875032372773,14,1.0,3330.027483,True,
LOCAL-v1-q3-smooth_shared_field-5085,3,candidate,15,202.3761514,0.004017750034108758,15,1.0,3035.642271,True,
LOCAL-v1-q3-smooth_shared_field-5086,3,candidate,12,274.69933883333334,0.0029691250529140234,12,1.0,3296.392066,True,
LOCAL-v1-q3-smooth_shared_field-5087,3,candidate,13,195.9638133846154,0.0035600829869508743,13,1.0,2547.529574,True,
LOCAL-v1-q3-smooth_shared_field-5088,3,candidate,16,192.533245875,0.004491292056627572,16,1.0,3080.531934,True,
LOCAL-v1-q3-smooth_shared_field-5089,3,candidate,15,222.5620246,0.004441083059646189,15,1.0,3338.430369,True,
LOCAL-v1-q3-smooth_shared_field-5090,3,candidate,14,234.81230864285712,0.005662166979163885,14,1.0,3287.372321,True,
LOCAL-v1-q3-smooth_shared_field-5091,3,candidate,12,281.22335375,0.0034827920608222485,12,1.0,3374.680245,True,
LOCAL-v1-q3-smooth_shared_field-5092,3,candidate,11,248.56691572727274,0.0038732090033590794,11,1.0,2734.236073,True,
LOCAL-v1-q3-smooth_shared_field-5093,3,candidate,15,233.7899078,0.003129916964098811,15,1.0,3506.848617,True,
LOCAL-v1-q3-smooth_shared_field-5094,3,candidate,11,266.6532719090909,0.0022723330184817314,11,1.0,2933.185991,True,
LOCAL-v1-q3-smooth_shared_field-5095,3,candidate,10,310.5425447,0.0028610830195248127,10,1.0,3105.425447,True,
LOCAL-v1-q3-smooth_shared_field-5096,3,candidate,14,236.8146302142857,0.0029802919598296285,14,1.0,3315.404823,True,
LOCAL-v1-q3-smooth_shared_field-5097,3,candidate,13,255.0412456153846,0.003930666949599981,13,1.0,3315.536193,True,
LOCAL-v1-q3-smooth_shared_field-5098,3,candidate,16,190.5804589375,0.004570541903376579,16,1.0,3049.287343,True,
LOCAL-v1-q3-smooth_shared_field-5099,3,candidate,13,231.04547384615384,0.004312542034313083,13,1.0,3003.59116,True,
LOCAL-v1-q3-cell50_shared_field-5000,3,candidate,11,300.3016939090909,0.0023088749730959535,11,1.0,3303.318633,True,
LOCAL-v1-q3-cell50_shared_field-5001,3,candidate,14,243.41368521428572,0.004657916957512498,14,1.0,3407.791593,True,
LOCAL-v1-q3-cell50_shared_field-5002,3,candidate,15,204.83454160000002,0.004049333045259118,15,1.0,3072.518124,True,
LOCAL-v1-q3-cell50_shared_field-5003,3,candidate,11,252.00754363636364,0.0028732080245390534,11,1.0,2772.08298,True,
LOCAL-v1-q3-cell50_shared_field-5004,3,candidate,12,260.2728280833333,0.002372249960899353,12,1.0,3123.273937,True,
LOCAL-v1-q3-cell50_shared_field-5005,3,candidate,11,270.7465762727273,0.002189457998611033,11,1.0,2978.212339,True,
LOCAL-v1-q3-cell50_shared_field-5006,3,candidate,11,282.8133482727273,0.002841667039319873,11,1.0,3110.946831,True,
LOCAL-v1-q3-cell50_shared_field-5007,3,candidate,11,268.48767336363636,0.0021137080620974302,11,1.0,2953.364407,True,
LOCAL-v1-q3-cell50_shared_field-5008,3,candidate,10,275.72321700000003,0.0031568340491503477,10,1.0,2757.23217,True,
LOCAL-v1-q3-cell50_shared_field-5009,3,candidate,14,215.30723778571428,0.003796875011175871,14,1.0,3014.301329,True,
LOCAL-v1-q3-cell50_shared_field-5010,3,candidate,12,232.62424424999998,0.004165375023148954,12,1.0,2791.490931,True,
LOCAL-v1-q3-cell50_shared_field-5011,3,candidate,15,232.18779866666668,0.003404167015105486,15,1.0,3482.81698,True,
LOCAL-v1-q3-cell50_shared_field-5012,3,candidate,10,302.3696072,0.0017439579823985696,10,1.0,3023.696072,True,
LOCAL-v1-q3-cell50_shared_field-5013,3,candidate,12,248.8715595,0.0027434579096734524,12,1.0,2986.458714,True,
LOCAL-v1-q3-cell50_shared_field-5014,3,candidate,11,290.45637663636364,0.003031542059034109,11,1.0,3195.020143,True,
LOCAL-v1-q3-cell50_shared_field-5015,3,candidate,12,241.42840333333334,0.003493417054414749,12,1.0,2897.14084,True,
LOCAL-v1-q3-cell50_shared_field-5016,3,candidate,16,225.2982304375,0.004258124972693622,16,1.0,3604.771687,True,
LOCAL-v1-q3-cell50_shared_field-5017,3,candidate,15,220.3567692,0.004461625008843839,15,1.0,3305.351538,True,
LOCAL-v1-q3-cell50_shared_field-5018,3,candidate,10,280.4202593,0.002493124920874834,10,1.0,2804.202593,True,
LOCAL-v1-q3-cell50_shared_field-5019,3,candidate,11,308.17996054545455,0.0026967499870806932,11,1.0,3389.979566,True,
LOCAL-v1-q3-cell50_shared_field-5020,3,candidate,16,212.5392531875,0.005131165962666273,16,1.0,3400.628051,True,
LOCAL-v1-q3-cell50_shared_field-5021,3,candidate,14,218.77346571428572,0.003442667075432837,14,1.0,3062.82852,True,
LOCAL-v1-q3-cell50_shared_field-5022,3,candidate,14,201.39445985714286,0.004313249955885112,14,1.0,2819.522438,True,
LOCAL-v1-q3-cell50_shared_field-5023,3,candidate,15,213.05272653333336,0.005031083011999726,15,1.0,3195.790898,True,
LOCAL-v1-q3-cell50_shared_field-5024,3,candidate,13,262.67015615384616,0.0036187079967930913,13,1.0,3414.71203,True,
LOCAL-v1-q3-cell50_shared_field-5025,3,candidate,12,241.16416733333332,0.0029196249088272452,12,1.0,2893.970008,True,
LOCAL-v1-q3-cell50_shared_field-5026,3,candidate,15,222.69068613333332,0.003188541973941028,15,1.0,3340.360292,True,
LOCAL-v1-q3-cell50_shared_field-5027,3,candidate,11,294.69390272727276,0.0019474580185487866,11,1.0,3241.63293,True,
LOCAL-v1-q3-cell50_shared_field-5028,3,candidate,10,293.02726240000004,0.0022944159572944045,10,1.0,2930.272624,True,
LOCAL-v1-q3-cell50_shared_field-5029,3,candidate,11,277.50252754545454,0.002588875009678304,11,1.0,3052.527803,True,
LOCAL-v1-q3-cell50_shared_field-5030,3,candidate,12,221.01678983333332,0.0027745419647544622,12,1.0,2652.201478,True,
LOCAL-v1-q3-cell50_shared_field-5031,3,candidate,15,195.811288,0.005601792014203966,15,1.0,2937.16932,True,
LOCAL-v1-q3-cell50_shared_field-5032,3,candidate,11,279.67472945454546,0.003039040951989591,11,1.0,3076.422024,True,
LOCAL-v1-q3-cell50_shared_field-5033,3,candidate,14,235.0291937142857,0.004059333936311305,14,1.0,3290.408712,True,
LOCAL-v1-q3-cell50_shared_field-5034,3,candidate,16,184.85438025,0.005511000053957105,16,1.0,2957.670084,True,
LOCAL-v1-q3-cell50_shared_field-5035,3,candidate,10,300.69750250000004,0.0024927089689299464,10,1.0,3006.975025,True,
LOCAL-v1-q3-cell50_shared_field-5036,3,candidate,15,225.03283813333334,0.005147874937392771,15,1.0,3375.492572,True,
LOCAL-v1-q3-cell50_shared_field-5037,3,candidate,15,214.28699066666667,0.004158750060014427,15,1.0,3214.30486,True,
LOCAL-v1-q3-cell50_shared_field-5038,3,candidate,16,197.0591855625,0.005308749969117343,16,1.0,3152.946969,True,
LOCAL-v1-q3-cell50_shared_field-5039,3,candidate,10,339.56150560000003,0.002554417005740106,10,1.0,3395.615056,True,
LOCAL-v1-q3-cell50_shared_field-5040,3,candidate,15,230.73160193333334,0.003966832999140024,15,1.0,3460.974029,True,
LOCAL-v1-q3-cell50_shared_field-5041,3,candidate,15,219.8898608,0.003972792066633701,15,1.0,3298.347912,True,
LOCAL-v1-q3-cell50_shared_field-5042,3,candidate,11,275.3763209090909,0.002124625025317073,11,1.0,3029.13953,True,
LOCAL-v1-q3-cell50_shared_field-5043,3,candidate,12,252.60595091666667,0.003467709058895707,12,1.0,3031.271411,True,
LOCAL-v1-q3-cell50_shared_field-5044,3,candidate,11,293.6437912727273,0.0024295420153066516,11,1.0,3230.081704,True,
LOCAL-v1-q3-cell50_shared_field-5045,3,candidate,11,277.72966136363635,0.003218207973986864,11,1.0,3055.026275,True,
LOCAL-v1-q3-cell50_shared_field-5046,3,candidate,10,275.84365379999997,0.0027030830970034003,10,1.0,2758.436538,True,
LOCAL-v1-q3-cell50_shared_field-5047,3,candidate,16,204.9979909375,0.003975083935074508,16,1.0,3279.967855,True,
LOCAL-v1-q3-cell50_shared_field-5048,3,candidate,12,247.42148091666664,0.002352916984818876,12,1.0,2969.057771,True,
LOCAL-v1-q3-cell50_shared_field-5049,3,candidate,10,313.5819503,0.002042250009253621,10,1.0,3135.819503,True,
LOCAL-v1-q3-cell50_shared_field-5050,3,candidate,15,227.74197966666668,0.0039366669952869415,15,1.0,3416.129695,True,
LOCAL-v1-q3-cell50_shared_field-5051,3,candidate,11,289.8755750909091,0.0018993329722434282,11,1.0,3188.631326,True,
LOCAL-v1-q3-cell50_shared_field-5052,3,candidate,13,223.80553123076925,0.0031424169428646564,13,1.0,2909.471906,True,
LOCAL-v1-q3-cell50_shared_field-5053,3,candidate,16,229.9676376875,0.0038053750758990645,16,1.0,3679.482203,True,
LOCAL-v1-q3-cell50_shared_field-5054,3,candidate,16,250.5324860625,0.0033002080162987113,16,1.0,4008.519777,True,
LOCAL-v1-q3-cell50_shared_field-5055,3,candidate,12,259.39608025,0.0031632089521735907,12,1.0,3112.752963,True,
LOCAL-v1-q3-cell50_shared_field-5056,3,candidate,13,246.22013184615386,0.003399583976715803,13,1.0,3200.861714,True,
LOCAL-v1-q3-cell50_shared_field-5057,3,candidate,13,242.78882592307693,0.002474959008395672,13,1.0,3156.254737,True,
LOCAL-v1-q3-cell50_shared_field-5058,3,candidate,14,215.1332942142857,0.003274124930612743,14,1.0,3011.866119,True,
LOCAL-v1-q3-cell50_shared_field-5059,3,candidate,12,259.8086921666667,0.0020542920101433992,12,1.0,3117.704306,True,
LOCAL-v1-q3-cell50_shared_field-5060,3,candidate,11,260.2751517272727,0.0031525419326499104,11,1.0,2863.026669,True,
LOCAL-v1-q3-cell50_shared_field-5061,3,candidate,13,234.09164823076924,0.0033941250294446945,13,1.0,3043.191427,True,
LOCAL-v1-q3-cell50_shared_field-5062,3,candidate,16,211.6710849375,0.004121333011426032,16,1.0,3386.737359,True,
LOCAL-v1-q3-cell50_shared_field-5063,3,candidate,15,226.31068426666667,0.004260249901562929,15,1.0,3394.660264,True,
LOCAL-v1-q3-cell50_shared_field-5064,3,candidate,13,226.94287276923075,0.003110332996584475,13,1.0,2950.257346,True,
LOCAL-v1-q3-cell50_shared_field-5065,3,candidate,12,254.45304341666667,0.0022482919739559293,12,1.0,3053.436521,True,
LOCAL-v1-q3-cell50_shared_field-5066,3,candidate,10,271.6456695,0.0023929160088300705,10,1.0,2716.456695,True,
LOCAL-v1-q3-cell50_shared_field-5067,3,candidate,16,214.0277136875,0.005702499998733401,16,1.0,3424.443419,True,
LOCAL-v1-q3-cell50_shared_field-5068,3,candidate,13,213.7656612307692,0.0033749579451978207,13,1.0,2778.953596,True,
LOCAL-v1-q3-cell50_shared_field-5069,3,candidate,14,233.00490435714283,0.005298624979332089,14,1.0,3262.068661,True,
LOCAL-v1-q3-cell50_shared_field-5070,3,candidate,12,272.10542875,0.0027988749789074063,12,1.0,3265.265145,True,
LOCAL-v1-q3-cell50_shared_field-5071,3,candidate,12,275.6554251666667,0.0028182920068502426,12,1.0,3307.865102,True,
LOCAL-v1-q3-cell50_shared_field-5072,3,candidate,15,207.98932359999998,0.0044940420193597674,15,1.0,3119.839854,True,
LOCAL-v1-q3-cell50_shared_field-5073,3,candidate,10,272.5391284,0.0025465419748798013,10,1.0,2725.391284,True,
LOCAL-v1-q3-cell50_shared_field-5074,3,candidate,16,229.469798625,0.0048057090025395155,16,1.0,3671.516778,True,
LOCAL-v1-q3-cell50_shared_field-5075,3,candidate,15,207.3171874,0.004422542057000101,15,1.0,3109.757811,True,
LOCAL-v1-q3-cell50_shared_field-5076,3,candidate,12,246.32662741666664,0.0033846249571070075,12,1.0,2955.919529,True,
LOCAL-v1-q3-cell50_shared_field-5077,3,candidate,14,232.27737585714286,0.003982999944128096,14,1.0,3251.883262,True,
LOCAL-v1-q3-cell50_shared_field-5078,3,candidate,13,252.90068746153844,0.0041574579663574696,13,1.0,3287.708937,True,
LOCAL-v1-q3-cell50_shared_field-5079,3,candidate,10,310.1605086,0.0025307920295745134,10,1.0,3101.605086,True,
LOCAL-v1-q3-cell50_shared_field-5080,3,candidate,10,282.45539399999996,0.0027750839944928885,10,1.0,2824.55394,True,
LOCAL-v1-q3-cell50_shared_field-5081,3,candidate,16,230.4056075625,0.005325458012521267,16,1.0,3686.489721,True,
LOCAL-v1-q3-cell50_shared_field-5082,3,candidate,13,223.2129216153846,0.0026025830302387476,13,1.0,2901.767981,True,
LOCAL-v1-q3-cell50_shared_field-5083,3,candidate,13,243.75730415384618,0.002873667050153017,13,1.0,3168.844954,True,
LOCAL-v1-q3-cell50_shared_field-5084,3,candidate,14,249.53591571428572,0.004030999960377812,14,1.0,3493.50282,True,
LOCAL-v1-q3-cell50_shared_field-5085,3,candidate,15,200.1568378,0.003746083937585354,15,1.0,3002.352567,True,
LOCAL-v1-q3-cell50_shared_field-5086,3,candidate,12,264.10889175,0.002761790994554758,12,1.0,3169.306701,True,
LOCAL-v1-q3-cell50_shared_field-5087,3,candidate,13,199.0782783076923,0.0036117919953539968,13,1.0,2588.017618,True,
LOCAL-v1-q3-cell50_shared_field-5088,3,candidate,16,190.525063625,0.004313458106480539,16,1.0,3048.401018,True,
LOCAL-v1-q3-cell50_shared_field-5089,3,candidate,15,217.6633234,0.004824833944439888,15,1.0,3264.949851,True,
LOCAL-v1-q3-cell50_shared_field-5090,3,candidate,14,235.13213435714286,0.005655499990098178,14,1.0,3291.849881,True,
LOCAL-v1-q3-cell50_shared_field-5091,3,candidate,12,269.9004806666667,0.002806584001518786,12,1.0,3238.805768,True,
LOCAL-v1-q3-cell50_shared_field-5092,3,candidate,11,243.37275272727274,0.0034326669992879033,11,1.0,2677.10028,True,
LOCAL-v1-q3-cell50_shared_field-5093,3,candidate,15,228.84890026666665,0.00310179207008332,15,1.0,3432.733504,True,
LOCAL-v1-q3-cell50_shared_field-5094,3,candidate,11,267.0435213636364,0.002209500060416758,11,1.0,2937.478735,True,
LOCAL-v1-q3-cell50_shared_field-5095,3,candidate,10,308.3941013,0.002787292003631592,10,1.0,3083.941013,True,
LOCAL-v1-q3-cell50_shared_field-5096,3,candidate,14,227.6080112142857,0.0037352079525589943,14,1.0,3186.512157,True,
LOCAL-v1-q3-cell50_shared_field-5097,3,candidate,13,252.57165446153846,0.003926708013750613,13,1.0,3283.431508,True,
LOCAL-v1-q3-cell50_shared_field-5098,3,candidate,16,199.116052375,0.0039010840700939298,16,1.0,3185.856838,True,
LOCAL-v1-q3-cell50_shared_field-5099,3,candidate,13,229.59010492307692,0.003803374944254756,13,1.0,2984.671364,True,
LOCAL-v1-q3-cell500_shared_field-5000,3,candidate,11,301.1771060909091,0.0023536670487374067,11,1.0,3312.948167,True,
LOCAL-v1-q3-cell500_shared_field-5001,3,candidate,14,237.9201062857143,0.00443912495393306,14,1.0,3330.881488,True,
LOCAL-v1-q3-cell500_shared_field-5002,3,candidate,15,196.23483406666668,0.0038524590199813247,15,1.0,2943.522511,True,
LOCAL-v1-q3-cell500_shared_field-5003,3,candidate,11,253.9439141818182,0.003009666921570897,11,1.0,2793.383056,True,
LOCAL-v1-q3-cell500_shared_field-5004,3,candidate,12,263.3946360833333,0.002705999999307096,12,1.0,3160.735633,True,
LOCAL-v1-q3-cell500_shared_field-5005,3,candidate,11,269.54171127272724,0.002295041922479868,11,1.0,2964.958824,True,
LOCAL-v1-q3-cell500_shared_field-5006,3,candidate,11,283.617309,0.003019707975909114,11,1.0,3119.790399,True,
LOCAL-v1-q3-cell500_shared_field-5007,3,candidate,11,278.1849987272727,0.00250037491787225,11,1.0,3060.034986,True,
LOCAL-v1-q3-cell500_shared_field-5008,3,candidate,10,273.66176129999997,0.003277749987319112,10,1.0,2736.617613,True,
LOCAL-v1-q3-cell500_shared_field-5009,3,candidate,14,216.79447257142857,0.0039420840330421925,14,1.0,3035.122616,True,
LOCAL-v1-q3-cell500_shared_field-5010,3,candidate,12,236.23969724999998,0.004178875009529293,12,1.0,2834.876367,True,
LOCAL-v1-q3-cell500_shared_field-5011,3,candidate,15,232.0410428666667,0.0034214999759569764,15,1.0,3480.615643,True,
LOCAL-v1-q3-cell500_shared_field-5012,3,candidate,10,297.9758516,0.001835834002122283,10,1.0,2979.758516,True,
LOCAL-v1-q3-cell500_shared_field-5013,3,candidate,12,248.35525575,0.0027075830148532987,12,1.0,2980.263069,True,
LOCAL-v1-q3-cell500_shared_field-5014,3,candidate,11,280.78938327272726,0.0027727080741897225,11,1.0,3088.683216,True,
LOCAL-v1-q3-cell500_shared_field-5015,3,candidate,12,243.22764083333334,0.003484999993816018,12,1.0,2918.73169,True,
LOCAL-v1-q3-cell500_shared_field-5016,3,candidate,16,220.763507125,0.004016834078356624,16,1.0,3532.216114,True,
LOCAL-v1-q3-cell500_shared_field-5017,3,candidate,15,221.71853733333333,0.0045412080362439156,15,1.0,3325.77806,True,
LOCAL-v1-q3-cell500_shared_field-5018,3,candidate,10,279.3990029,0.0023268749937415123,10,1.0,2793.990029,True,
LOCAL-v1-q3-cell500_shared_field-5019,3,candidate,11,304.5304899090909,0.0026582080172374845,11,1.0,3349.835389,True,
LOCAL-v1-q3-cell500_shared_field-5020,3,candidate,16,206.7309521875,0.005343249998986721,16,1.0,3307.695235,True,
LOCAL-v1-q3-cell500_shared_field-5021,3,candidate,14,218.63218442857143,0.0033252909779548645,14,1.0,3060.850582,True,
LOCAL-v1-q3-cell500_shared_field-5022,3,candidate,14,201.3006602142857,0.0042415420757606626,14,1.0,2818.209243,True,
LOCAL-v1-q3-cell500_shared_field-5023,3,candidate,15,208.31614346666666,0.004747166996821761,15,1.0,3124.742152,True,
LOCAL-v1-q3-cell500_shared_field-5024,3,candidate,13,258.43745653846156,0.003607124905101955,13,1.0,3359.686935,True,
LOCAL-v1-q3-cell500_shared_field-5025,3,candidate,12,242.371838,0.0029100829269737005,12,1.0,2908.462056,True,
LOCAL-v1-q3-cell500_shared_field-5026,3,candidate,15,222.48786520000002,0.003183875000104308,15,1.0,3337.317978,True,
LOCAL-v1-q3-cell500_shared_field-5027,3,candidate,11,295.91206245454543,0.0017694580601528287,11,1.0,3255.032687,True,
LOCAL-v1-q3-cell500_shared_field-5028,3,candidate,10,286.9133997,0.0021162499906495214,10,1.0,2869.133997,True,
LOCAL-v1-q3-cell500_shared_field-5029,3,candidate,11,278.1765343636364,0.0025126670952886343,11,1.0,3059.941878,True,
LOCAL-v1-q3-cell500_shared_field-5030,3,candidate,12,220.0183065,0.0027607500087469816,12,1.0,2640.219678,True,
LOCAL-v1-q3-cell500_shared_field-5031,3,candidate,15,193.3335954,0.0051574999233707786,15,1.0,2900.003931,True,
LOCAL-v1-q3-cell500_shared_field-5032,3,candidate,11,268.207877,0.0028797079576179385,11,1.0,2950.286647,True,
LOCAL-v1-q3-cell500_shared_field-5033,3,candidate,14,229.4693499285714,0.004043999942950904,14,1.0,3212.570899,True,
LOCAL-v1-q3-cell500_shared_field-5034,3,candidate,16,185.4914471875,0.00544179102871567,16,1.0,2967.863155,True,
LOCAL-v1-q3-cell500_shared_field-5035,3,candidate,10,300.13623240000004,0.0024934590328484774,10,1.0,3001.362324,True,
LOCAL-v1-q3-cell500_shared_field-5036,3,candidate,15,225.2537880666667,0.005135415936820209,15,1.0,3378.806821,True,
LOCAL-v1-q3-cell500_shared_field-5037,3,candidate,15,210.64291913333332,0.004028000053949654,15,1.0,3159.643787,True,
LOCAL-v1-q3-cell500_shared_field-5038,3,candidate,16,197.627456875,0.005428040982224047,16,1.0,3162.03931,True,
LOCAL-v1-q3-cell500_shared_field-5039,3,candidate,10,331.0187011,0.0024333340115845203,10,1.0,3310.187011,True,
LOCAL-v1-q3-cell500_shared_field-5040,3,candidate,15,227.9444228,0.004044707980938256,15,1.0,3419.166342,True,
LOCAL-v1-q3-cell500_shared_field-5041,3,candidate,15,219.1084678,0.003936542081646621,15,1.0,3286.627017,True,
LOCAL-v1-q3-cell500_shared_field-5042,3,candidate,11,273.6325417272727,0.002030750038102269,11,1.0,3009.957959,True,
LOCAL-v1-q3-cell500_shared_field-5043,3,candidate,12,255.46591650000002,0.003595084068365395,12,1.0,3065.590998,True,
LOCAL-v1-q3-cell500_shared_field-5044,3,candidate,11,295.54670636363636,0.0024694999447092414,11,1.0,3251.01377,True,
LOCAL-v1-q3-cell500_shared_field-5045,3,candidate,11,271.9771070909091,0.0033088750205934048,11,1.0,2991.748178,True,
LOCAL-v1-q3-cell500_shared_field-5046,3,candidate,10,275.9706024,0.002621041960082948,10,1.0,2759.706024,True,
LOCAL-v1-q3-cell500_shared_field-5047,3,candidate,16,199.580388875,0.00400533399078995,16,1.0,3193.286222,True,
LOCAL-v1-q3-cell500_shared_field-5048,3,candidate,12,247.73120191666666,0.002382958075031638,12,1.0,2972.774423,True,
LOCAL-v1-q3-cell500_shared_field-5049,3,candidate,10,296.71565150000004,0.0018322919495403767,10,1.0,2967.156515,True,
LOCAL-v1-q3-cell500_shared_field-5050,3,candidate,15,228.1401494,0.004049916984513402,15,1.0,3422.102241,True,
LOCAL-v1-q3-cell500_shared_field-5051,3,candidate,11,289.6636719090909,0.001915792003273964,11,1.0,3186.300391,True,
LOCAL-v1-q3-cell500_shared_field-5052,3,candidate,13,224.18798184615386,0.0030599579913541675,13,1.0,2914.443764,True,
LOCAL-v1-q3-cell500_shared_field-5053,3,candidate,16,228.733173,0.003578541916795075,16,1.0,3659.730768,True,
LOCAL-v1-q3-cell500_shared_field-5054,3,candidate,16,250.3754719375,0.0031722920248284936,16,1.0,4006.007551,True,
LOCAL-v1-q3-cell500_shared_field-5055,3,candidate,12,251.38543333333334,0.002944834064692259,12,1.0,3016.6252,True,
LOCAL-v1-q3-cell500_shared_field-5056,3,candidate,13,246.9603953076923,0.003514208015985787,13,1.0,3210.485139,True,
LOCAL-v1-q3-cell500_shared_field-5057,3,candidate,13,245.3427023846154,0.0025876250583678484,13,1.0,3189.455131,True,
LOCAL-v1-q3-cell500_shared_field-5058,3,candidate,14,218.40317385714283,0.0034117919858545065,14,1.0,3057.644434,True,
LOCAL-v1-q3-cell500_shared_field-5059,3,candidate,12,265.01376216666665,0.0022015830036252737,12,1.0,3180.165146,True,
LOCAL-v1-q3-cell500_shared_field-5060,3,candidate,11,252.7110890909091,0.0031484579667448997,11,1.0,2779.82198,True,
LOCAL-v1-q3-cell500_shared_field-5061,3,candidate,13,234.13084899999998,0.0035757089499384165,13,1.0,3043.701037,True,
LOCAL-v1-q3-cell500_shared_field-5062,3,candidate,16,211.7084873125,0.0038672499358654022,16,1.0,3387.335797,True,
LOCAL-v1-q3-cell500_shared_field-5063,3,candidate,15,226.9297784,0.003916791989468038,15,1.0,3403.946676,True,
LOCAL-v1-q3-cell500_shared_field-5064,3,candidate,13,228.0999912307692,0.0031590000726282597,13,1.0,2965.299886,True,
LOCAL-v1-q3-cell500_shared_field-5065,3,candidate,12,256.80740541666665,0.002345792017877102,12,1.0,3081.688865,True,
LOCAL-v1-q3-cell500_shared_field-5066,3,candidate,10,266.6821079,0.0022581249941140413,10,1.0,2666.821079,True,
LOCAL-v1-q3-cell500_shared_field-5067,3,candidate,16,217.189688375,0.0058245830005034804,16,1.0,3475.035014,True,
LOCAL-v1-q3-cell500_shared_field-5068,3,candidate,13,213.067907,0.003511000075377524,13,1.0,2769.882791,True,
LOCAL-v1-q3-cell500_shared_field-5069,3,candidate,14,227.72805514285713,0.005389665951952338,14,1.0,3188.192772,True,
LOCAL-v1-q3-cell500_shared_field-5070,3,candidate,12,267.98387733333334,0.0028210419695824385,12,1.0,3215.806528,True,
LOCAL-v1-q3-cell500_shared_field-5071,3,candidate,12,275.8729075833333,0.0028675840003415942,12,1.0,3310.474891,True,
LOCAL-v1-q3-cell500_shared_field-5072,3,candidate,15,205.52337853333333,0.004324415931478143,15,1.0,3082.850678,True,
LOCAL-v1-q3-cell500_shared_field-5073,3,candidate,10,274.36870250000004,0.002665375010110438,10,1.0,2743.687025,True,
LOCAL-v1-q3-cell500_shared_field-5074,3,candidate,16,225.4807368125,0.00487545900978148,16,1.0,3607.691789,True,
LOCAL-v1-q3-cell500_shared_field-5075,3,candidate,15,208.78489853333335,0.004837999935261905,15,1.0,3131.773478,True,
LOCAL-v1-q3-cell500_shared_field-5076,3,candidate,12,244.3588993333333,0.00328008399810642,12,1.0,2932.306792,True,
LOCAL-v1-q3-cell500_shared_field-5077,3,candidate,14,232.7985505714286,0.004381582955829799,14,1.0,3259.179708,True,
LOCAL-v1-q3-cell500_shared_field-5078,3,candidate,13,250.05874523076923,0.004177084076218307,13,1.0,3250.763688,True,
LOCAL-v1-q3-cell500_shared_field-5079,3,candidate,10,301.1773397,0.002320125000551343,10,1.0,3011.773397,True,
LOCAL-v1-q3-cell500_shared_field-5080,3,candidate,10,278.95630259999996,0.0027492500375956297,10,1.0,2789.563026,True,
LOCAL-v1-q3-cell500_shared_field-5081,3,candidate,16,217.5406439375,0.005154625046998262,16,1.0,3480.650303,True,
LOCAL-v1-q3-cell500_shared_field-5082,3,candidate,13,224.22281892307694,0.0027135409181937575,13,1.0,2914.896646,True,
LOCAL-v1-q3-cell500_shared_field-5083,3,candidate,13,242.8607743076923,0.0028306249296292663,13,1.0,3157.190066,True,
LOCAL-v1-q3-cell500_shared_field-5084,3,candidate,14,249.5009045,0.004225249984301627,14,1.0,3493.012663,True,
LOCAL-v1-q3-cell500_shared_field-5085,3,candidate,15,206.70764026666666,0.0040792920626699924,15,1.0,3100.614604,True,
LOCAL-v1-q3-cell500_shared_field-5086,3,candidate,12,266.4795985,0.0027565840864554048,12,1.0,3197.755182,True,
LOCAL-v1-q3-cell500_shared_field-5087,3,candidate,13,195.8033596153846,0.003443333087489009,13,1.0,2545.443675,True,
LOCAL-v1-q3-cell500_shared_field-5088,3,candidate,16,190.1477695625,0.0041675829561427236,16,1.0,3042.364313,True,
LOCAL-v1-q3-cell500_shared_field-5089,3,candidate,15,222.02780246666669,0.004968791967257857,15,1.0,3330.417037,True,
LOCAL-v1-q3-cell500_shared_field-5090,3,candidate,14,232.74326814285715,0.005384832969866693,14,1.0,3258.405754,True,
LOCAL-v1-q3-cell500_shared_field-5091,3,candidate,12,273.6659975833333,0.003006792045198381,12,1.0,3283.991971,True,
LOCAL-v1-q3-cell500_shared_field-5092,3,candidate,11,243.46751618181818,0.0034594159806147218,11,1.0,2678.142678,True,
LOCAL-v1-q3-cell500_shared_field-5093,3,candidate,15,229.94759426666667,0.0030469169141724706,15,1.0,3449.213914,True,
LOCAL-v1-q3-cell500_shared_field-5094,3,candidate,11,271.552387,0.0022719160187989473,11,1.0,2987.076257,True,
LOCAL-v1-q3-cell500_shared_field-5095,3,candidate,10,314.8090499,0.0028236660873517394,10,1.0,3148.090499,True,
LOCAL-v1-q3-cell500_shared_field-5096,3,candidate,14,227.9175634285714,0.0035975000355392694,14,1.0,3190.845888,True,
LOCAL-v1-q3-cell500_shared_field-5097,3,candidate,13,248.6218636923077,0.0036037499085068703,13,1.0,3232.084228,True,
LOCAL-v1-q3-cell500_shared_field-5098,3,candidate,16,199.59813875,0.004142666002735496,16,1.0,3193.57022,True,
LOCAL-v1-q3-cell500_shared_field-5099,3,candidate,13,232.5214399230769,0.0039848750457167625,13,1.0,3022.778719,True,
LOCAL-v1-q3-edge_mixed_min_radius-5000,3,candidate,11,326.3377009090909,0.0015632499707862735,11,1.0,3589.71471,True,
LOCAL-v1-q3-edge_mixed_min_radius-5001,3,candidate,14,276.6956070714286,0.002283458015881479,14,1.0,3873.738499,True,
LOCAL-v1-q3-edge_mixed_min_radius-5002,3,candidate,15,249.56955393333334,0.0019962090300396085,15,1.0,3743.543309,True,
LOCAL-v1-q3-edge_mixed_min_radius-5003,3,candidate,11,325.88457227272727,0.0015038750134408474,11,1.0,3584.730295,True,
LOCAL-v1-q3-edge_mixed_min_radius-5004,3,candidate,12,287.10353116666664,0.0015978750307112932,12,1.0,3445.242374,True,
LOCAL-v1-q3-edge_mixed_min_radius-5005,3,candidate,11,345.2219756363636,0.0014140000566840172,11,1.0,3797.441732,True,
LOCAL-v1-q3-edge_mixed_min_radius-5006,3,candidate,11,300.70046063636363,0.0014662080211564898,11,1.0,3307.705067,True,
LOCAL-v1-q3-edge_mixed_min_radius-5007,3,candidate,11,304.32062145454546,0.0015234999591484666,11,1.0,3347.526836,True,
LOCAL-v1-q3-edge_mixed_min_radius-5008,3,candidate,10,382.750049,0.001705916947685182,10,1.0,3827.50049,True,
LOCAL-v1-q3-edge_mixed_min_radius-5009,3,candidate,14,250.40946557142857,0.0020097499946132302,14,1.0,3505.732518,True,
LOCAL-v1-q3-edge_mixed_min_radius-5010,3,candidate,12,300.85365125,0.0015294590266421437,12,1.0,3610.243815,True,
LOCAL-v1-q3-edge_mixed_min_radius-5011,3,candidate,15,252.91089293333334,0.002186166006140411,15,1.0,3793.663394,True,
LOCAL-v1-q3-edge_mixed_min_radius-5012,3,candidate,10,314.34395789999996,0.001519958022981882,10,1.0,3143.439579,True,
LOCAL-v1-q3-edge_mixed_min_radius-5013,3,candidate,12,313.63252758333334,0.0017430000007152557,12,1.0,3763.590331,True,
LOCAL-v1-q3-edge_mixed_min_radius-5014,3,candidate,11,334.35722054545454,0.0015685830730944872,11,1.0,3677.929426,True,
LOCAL-v1-q3-edge_mixed_min_radius-5015,3,candidate,12,284.24527716666665,0.0018224590457975864,12,1.0,3410.943326,True,
LOCAL-v1-q3-edge_mixed_min_radius-5016,3,candidate,16,247.567069,0.0021603329805657268,16,1.0,3961.073104,True,
LOCAL-v1-q3-edge_mixed_min_radius-5017,3,candidate,15,272.95371113333334,0.002211207989603281,15,1.0,4094.305667,True,
LOCAL-v1-q3-edge_mixed_min_radius-5018,3,candidate,10,328.0923759,0.001561500015668571,10,1.0,3280.923759,True,
LOCAL-v1-q3-edge_mixed_min_radius-5019,3,candidate,11,289.3709568181818,0.0014496659860014915,11,1.0,3183.080525,True,
LOCAL-v1-q3-edge_mixed_min_radius-5020,3,candidate,16,205.3744568125,0.002370000001974404,16,1.0,3285.991309,True,
LOCAL-v1-q3-edge_mixed_min_radius-5021,3,candidate,14,254.19347542857142,0.001954958075657487,14,1.0,3558.708656,True,
LOCAL-v1-q3-edge_mixed_min_radius-5022,3,candidate,14,273.48393664285715,0.0019826670177280903,14,1.0,3828.775113,True,
LOCAL-v1-q3-edge_mixed_min_radius-5023,3,candidate,15,247.41540893333334,0.002413791953586042,15,1.0,3711.231134,True,
LOCAL-v1-q3-edge_mixed_min_radius-5024,3,candidate,13,279.19653407692306,0.0018735419725999236,13,1.0,3629.554943,True,
LOCAL-v1-q3-edge_mixed_min_radius-5025,3,candidate,12,317.2107701666667,0.001716415979899466,12,1.0,3806.529242,True,
LOCAL-v1-q3-edge_mixed_min_radius-5026,3,candidate,15,250.60900346666668,0.0022401659516617656,15,1.0,3759.135052,True,
LOCAL-v1-q3-edge_mixed_min_radius-5027,3,candidate,11,321.59058,0.0015215419698506594,11,1.0,3537.49638,True,
LOCAL-v1-q3-edge_mixed_min_radius-5028,3,candidate,10,322.7379113,0.001401167013682425,10,1.0,3227.379113,True,
LOCAL-v1-q3-edge_mixed_min_radius-5029,3,candidate,11,320.60563245454546,0.0015770000172778964,11,1.0,3526.661957,True,
LOCAL-v1-q3-edge_mixed_min_radius-5030,3,candidate,12,287.35158616666666,0.0015259169740602374,12,1.0,3448.219034,True,
LOCAL-v1-q3-edge_mixed_min_radius-5031,3,candidate,15,250.51480840000002,0.0022694579092785716,15,1.0,3757.722126,True,
LOCAL-v1-q3-edge_mixed_min_radius-5032,3,candidate,11,308.77887563636364,0.0015657910844311118,11,1.0,3396.567632,True,
LOCAL-v1-q3-edge_mixed_min_radius-5033,3,candidate,14,262.8347221428572,0.002058084006421268,14,1.0,3679.68611,True,
LOCAL-v1-q3-edge_mixed_min_radius-5034,3,candidate,16,243.6300805,0.002111417008563876,16,1.0,3898.081288,True,
LOCAL-v1-q3-edge_mixed_min_radius-5035,3,candidate,10,323.0364072,0.0014234998961910605,10,1.0,3230.364072,True,
LOCAL-v1-q3-edge_mixed_min_radius-5036,3,candidate,15,262.8620236,0.0021900830324739218,15,1.0,3942.930354,True,
LOCAL-v1-q3-edge_mixed_min_radius-5037,3,candidate,15,252.7181098,0.0022505420492962003,15,1.0,3790.771647,True,
LOCAL-v1-q3-edge_mixed_min_radius-5038,3,candidate,16,255.024038625,0.002254334045574069,16,1.0,4080.384618,True,
LOCAL-v1-q3-edge_mixed_min_radius-5039,3,candidate,10,347.7326914,0.0016643330454826355,10,1.0,3477.326914,True,
LOCAL-v1-q3-edge_mixed_min_radius-5040,3,candidate,15,237.4960388,0.002305040950886905,15,1.0,3562.440582,True,
LOCAL-v1-q3-edge_mixed_min_radius-5041,3,candidate,15,236.16448933333334,0.0021754580084234476,15,1.0,3542.46734,True,
LOCAL-v1-q3-edge_mixed_min_radius-5042,3,candidate,11,341.91259381818185,0.0022017089650034904,11,1.0,3761.038532,True,
LOCAL-v1-q3-edge_mixed_min_radius-5043,3,candidate,12,312.5796001666667,0.001640375005081296,12,1.0,3750.955202,True,
LOCAL-v1-q3-edge_mixed_min_radius-5044,3,candidate,11,312.9149780909091,0.0016560419462621212,11,1.0,3442.064759,True,
LOCAL-v1-q3-edge_mixed_min_radius-5045,3,candidate,11,306.35871099999997,0.0015502499882131815,11,1.0,3369.945821,True,
LOCAL-v1-q3-edge_mixed_min_radius-5046,3,candidate,10,317.2513595,0.0014065830036997795,10,1.0,3172.513595,True,
LOCAL-v1-q3-edge_mixed_min_radius-5047,3,candidate,16,242.9682674375,0.0021892921067774296,16,1.0,3887.492279,True,
LOCAL-v1-q3-edge_mixed_min_radius-5048,3,candidate,12,311.40074491666667,0.0016793750692158937,12,1.0,3736.808939,True,
LOCAL-v1-q3-edge_mixed_min_radius-5049,3,candidate,10,365.2948401,0.0017545419977977872,10,1.0,3652.948401,True,
LOCAL-v1-q3-edge_mixed_min_radius-5050,3,candidate,15,227.9141382,0.002146083046682179,15,1.0,3418.712073,True,
LOCAL-v1-q3-edge_mixed_min_radius-5051,3,candidate,11,350.45948,0.001687082927674055,11,1.0,3855.05428,True,
LOCAL-v1-q3-edge_mixed_min_radius-5052,3,candidate,13,300.4408190769231,0.00197033304721117,13,1.0,3905.730648,True,
LOCAL-v1-q3-edge_mixed_min_radius-5053,3,candidate,16,221.29604725,0.0023724579950794578,16,1.0,3540.736756,True,
LOCAL-v1-q3-edge_mixed_min_radius-5054,3,candidate,16,205.7730811875,0.0021232080180197954,16,1.0,3292.369299,True,
LOCAL-v1-q3-edge_mixed_min_radius-5055,3,candidate,12,271.0427319166667,0.0016952500445768237,12,1.0,3252.512783,True,
LOCAL-v1-q3-edge_mixed_min_radius-5056,3,candidate,13,244.76511530769233,0.0020146670285612345,13,1.0,3181.946499,True,
LOCAL-v1-q3-edge_mixed_min_radius-5057,3,candidate,13,284.00254884615384,0.0018210000125691295,13,1.0,3692.033135,True,
LOCAL-v1-q3-edge_mixed_min_radius-5058,3,candidate,14,265.76254192857147,0.002069625072181225,14,1.0,3720.675587,True,
LOCAL-v1-q3-edge_mixed_min_radius-5059,3,candidate,12,297.9137065,0.0017018340295180678,12,1.0,3574.964478,True,
LOCAL-v1-q3-edge_mixed_min_radius-5060,3,candidate,11,344.2809291818182,0.0013990419683977962,11,1.0,3787.090221,True,
LOCAL-v1-q3-edge_mixed_min_radius-5061,3,candidate,13,281.83332584615385,0.001759417005814612,13,1.0,3663.833236,True,
LOCAL-v1-q3-edge_mixed_min_radius-5062,3,candidate,16,217.9098189375,0.0022115830797702074,16,1.0,3486.557103,True,
LOCAL-v1-q3-edge_mixed_min_radius-5063,3,candidate,15,255.27274793333333,0.002178167109377682,15,1.0,3829.091219,True,
LOCAL-v1-q3-edge_mixed_min_radius-5064,3,candidate,13,261.5936864615385,0.0018332500476390123,13,1.0,3400.717924,True,
LOCAL-v1-q3-edge_mixed_min_radius-5065,3,candidate,12,289.1610861666667,0.0016861669719219208,12,1.0,3469.933034,True,
LOCAL-v1-q3-edge_mixed_min_radius-5066,3,candidate,10,371.6593253,0.0016970830038189888,10,1.0,3716.593253,True,
LOCAL-v1-q3-edge_mixed_min_radius-5067,3,candidate,16,241.4380338125,0.002253917045891285,16,1.0,3863.008541,True,
LOCAL-v1-q3-edge_mixed_min_radius-5068,3,candidate,13,269.7912113076923,0.0016528340056538582,13,1.0,3507.285747,True,
LOCAL-v1-q3-edge_mixed_min_radius-5069,3,candidate,14,252.0165405,0.0024060829309746623,14,1.0,3528.231567,True,
LOCAL-v1-q3-edge_mixed_min_radius-5070,3,candidate,12,276.07119341666663,0.001697333063930273,12,1.0,3312.854321,True,
LOCAL-v1-q3-edge_mixed_min_radius-5071,3,candidate,12,299.46819825,0.0016818339936435223,12,1.0,3593.618379,True,
LOCAL-v1-q3-edge_mixed_min_radius-5072,3,candidate,15,254.79965840000003,0.0020341669442132115,15,1.0,3821.994876,True,
LOCAL-v1-q3-edge_mixed_min_radius-5073,3,candidate,10,332.291779,0.001293292036280036,10,1.0,3322.91779,True,
LOCAL-v1-q3-edge_mixed_min_radius-5074,3,candidate,16,266.015312625,0.002322291024029255,16,1.0,4256.245002,True,
LOCAL-v1-q3-edge_mixed_min_radius-5075,3,candidate,15,222.567797,0.002214916981756687,15,1.0,3338.516955,True,
LOCAL-v1-q3-edge_mixed_min_radius-5076,3,candidate,12,279.0556383333333,0.0017915420467033982,12,1.0,3348.66766,True,
LOCAL-v1-q3-edge_mixed_min_radius-5077,3,candidate,14,264.0805079285714,0.002003583940677345,14,1.0,3697.127111,True,
LOCAL-v1-q3-edge_mixed_min_radius-5078,3,candidate,13,278.17666615384616,0.0017314580036327243,13,1.0,3616.29666,True,
LOCAL-v1-q3-edge_mixed_min_radius-5079,3,candidate,10,369.96801089999997,0.001321959076449275,10,1.0,3699.680109,True,
LOCAL-v1-q3-edge_mixed_min_radius-5080,3,candidate,10,350.0590664,0.0013436670415103436,10,1.0,3500.590664,True,
LOCAL-v1-q3-edge_mixed_min_radius-5081,3,candidate,16,257.4870265,0.0024767910363152623,16,1.0,4119.792424,True,
LOCAL-v1-q3-edge_mixed_min_radius-5082,3,candidate,13,273.4037123076923,0.0017342920182272792,13,1.0,3554.24826,True,
LOCAL-v1-q3-edge_mixed_min_radius-5083,3,candidate,13,296.11709884615385,0.0020354579901322722,13,1.0,3849.522285,True,
LOCAL-v1-q3-edge_mixed_min_radius-5084,3,candidate,14,249.80829392857143,0.0019161660457029939,14,1.0,3497.316115,True,
LOCAL-v1-q3-edge_mixed_min_radius-5085,3,candidate,15,252.627962,0.0022279589902609587,15,1.0,3789.41943,True,
LOCAL-v1-q3-edge_mixed_min_radius-5086,3,candidate,12,273.20675825,0.001748541952110827,12,1.0,3278.481099,True,
LOCAL-v1-q3-edge_mixed_min_radius-5087,3,candidate,13,285.7092633076923,0.002044708002358675,13,1.0,3714.220423,True,
LOCAL-v1-q3-edge_mixed_min_radius-5088,3,candidate,16,228.476251625,0.002407749998383224,16,1.0,3655.620026,True,
LOCAL-v1-q3-edge_mixed_min_radius-5089,3,candidate,15,239.35314586666667,0.002058124984614551,15,1.0,3590.297188,True,
LOCAL-v1-q3-edge_mixed_min_radius-5090,3,candidate,14,258.04605314285715,0.0017970410408452153,14,1.0,3612.644744,True,
LOCAL-v1-q3-edge_mixed_min_radius-5091,3,candidate,12,292.96543783333334,0.001914125052280724,12,1.0,3515.585254,True,
LOCAL-v1-q3-edge_mixed_min_radius-5092,3,candidate,11,317.17480081818184,0.002033584052696824,11,1.0,3488.922809,True,
LOCAL-v1-q3-edge_mixed_min_radius-5093,3,candidate,15,248.06794253333334,0.00218487496022135,15,1.0,3721.019138,True,
LOCAL-v1-q3-edge_mixed_min_radius-5094,3,candidate,11,315.5031104545455,0.0015562078915536404,11,1.0,3470.534215,True,
LOCAL-v1-q3-edge_mixed_min_radius-5095,3,candidate,10,346.3087805,0.0015312499599531293,10,1.0,3463.087805,True,
LOCAL-v1-q3-edge_mixed_min_radius-5096,3,candidate,14,264.9025994285714,0.001797833014279604,14,1.0,3708.636392,True,
LOCAL-v1-q3-edge_mixed_min_radius-5097,3,candidate,13,248.94575776923077,0.0017273329431191087,13,1.0,3236.294851,True,
LOCAL-v1-q3-edge_mixed_min_radius-5098,3,candidate,16,215.230779,0.002648749970830977,16,1.0,3443.692464,True,
LOCAL-v1-q3-edge_mixed_min_radius-5099,3,candidate,13,248.08875115384615,0.0017541659763082862,13,1.0,3225.153765,True,
LOCAL-v1-q3-offcenter_cluster-5000,3,candidate,11,219.66384445454548,0.0026982499985024333,11,1.0,2416.302289,True,
LOCAL-v1-q3-offcenter_cluster-5001,3,candidate,14,189.89054092857143,0.0040253750048577785,14,1.0,2658.467573,True,
LOCAL-v1-q3-offcenter_cluster-5002,3,candidate,15,148.41519513333333,0.00455612491350621,15,1.0,2226.227927,True,
LOCAL-v1-q3-offcenter_cluster-5003,3,candidate,11,217.71740381818182,0.0029854580061510205,11,1.0,2394.891442,True,
LOCAL-v1-q3-offcenter_cluster-5004,3,candidate,12,200.4170568333333,0.003079624962992966,12,1.0,2405.004682,True,
LOCAL-v1-q3-offcenter_cluster-5005,3,candidate,11,202.12900263636365,0.002863875008188188,11,1.0,2223.419029,True,
LOCAL-v1-q3-offcenter_cluster-5006,3,candidate,11,207.04680772727272,0.0021772909676656127,11,1.0,2277.514885,True,
LOCAL-v1-q3-offcenter_cluster-5007,3,candidate,11,203.90086290909088,0.002559624961577356,11,1.0,2242.909492,True,
LOCAL-v1-q3-offcenter_cluster-5008,3,candidate,10,216.78908929999997,0.0024738749489188194,10,1.0,2167.890893,True,
LOCAL-v1-q3-offcenter_cluster-5009,3,candidate,14,157.4801957857143,0.0041937080677598715,14,1.0,2204.722741,True,
LOCAL-v1-q3-offcenter_cluster-5010,3,candidate,12,192.00637491666666,0.003723209025338292,12,1.0,2304.076499,True,
LOCAL-v1-q3-offcenter_cluster-5011,3,candidate,15,197.51488453333334,0.0036373749608173966,15,1.0,2962.723268,True,
LOCAL-v1-q3-offcenter_cluster-5012,3,candidate,10,233.74133569999998,0.0021499579306691885,10,1.0,2337.413357,True,
LOCAL-v1-q3-offcenter_cluster-5013,3,candidate,12,178.36763983333333,0.0033580419840291142,12,1.0,2140.411678,True,
LOCAL-v1-q3-offcenter_cluster-5014,3,candidate,11,235.87659836363636,0.0026601250283420086,11,1.0,2594.642582,True,
LOCAL-v1-q3-offcenter_cluster-5015,3,candidate,12,178.51254983333334,0.003622957970947027,12,1.0,2142.150598,True,
LOCAL-v1-q3-offcenter_cluster-5016,3,candidate,16,62.02103475,0.003967499942518771,16,1.0,992.336556,True,
LOCAL-v1-q3-offcenter_cluster-5017,3,candidate,15,163.11729640000001,0.004211749997921288,15,1.0,2446.759446,True,
LOCAL-v1-q3-offcenter_cluster-5018,3,candidate,10,227.4276796,0.002144249971024692,10,1.0,2274.276796,True,
LOCAL-v1-q3-offcenter_cluster-5019,3,candidate,11,269.59661545454543,0.0021846250165253878,11,1.0,2965.56277,True,
LOCAL-v1-q3-offcenter_cluster-5020,3,candidate,16,60.2074664375,0.0029709169175475836,16,1.0,963.319463,True,
LOCAL-v1-q3-offcenter_cluster-5021,3,candidate,14,213.25099364285714,0.0047144589480012655,14,1.0,2985.513911,True,
LOCAL-v1-q3-offcenter_cluster-5022,3,candidate,14,161.52063707142858,0.004358625039458275,14,1.0,2261.288919,True,
LOCAL-v1-q3-offcenter_cluster-5023,3,candidate,15,167.43468686666665,0.004514958010986447,15,1.0,2511.520303,True,
LOCAL-v1-q3-offcenter_cluster-5024,3,candidate,13,204.7188540769231,0.0036952090449631214,13,1.0,2661.345103,True,
LOCAL-v1-q3-offcenter_cluster-5025,3,candidate,12,189.78469716666666,0.0038699579890817404,12,1.0,2277.416366,True,
LOCAL-v1-q3-offcenter_cluster-5026,3,candidate,15,151.05370706666665,0.004070415976457298,15,1.0,2265.805606,True,
LOCAL-v1-q3-offcenter_cluster-5027,3,candidate,11,210.81940845454545,0.002621249994263053,11,1.0,2319.013493,True,
LOCAL-v1-q3-offcenter_cluster-5028,3,candidate,10,224.1010201,0.0027334579499438405,10,1.0,2241.010201,True,
LOCAL-v1-q3-offcenter_cluster-5029,3,candidate,11,203.87256,0.0027485419996082783,11,1.0,2242.59816,True,
LOCAL-v1-q3-offcenter_cluster-5030,3,candidate,12,215.9118694166667,0.0030247089453041553,12,1.0,2590.942433,True,
LOCAL-v1-q3-offcenter_cluster-5031,3,candidate,15,190.02885293333333,0.003318500006571412,15,1.0,2850.432794,True,
LOCAL-v1-q3-offcenter_cluster-5032,3,candidate,11,212.45649654545457,0.002758749993517995,11,1.0,2337.021462,True,
LOCAL-v1-q3-offcenter_cluster-5033,3,candidate,14,163.83093407142857,0.003503125044517219,14,1.0,2293.633077,True,
LOCAL-v1-q3-offcenter_cluster-5034,3,candidate,16,61.961353375,0.00366995797958225,16,1.0,991.381654,True,
LOCAL-v1-q3-offcenter_cluster-5035,3,candidate,10,229.5209993,0.002259250031784177,10,1.0,2295.209993,True,
LOCAL-v1-q3-offcenter_cluster-5036,3,candidate,15,150.80873093333332,0.0037883329205214977,15,1.0,2262.130964,True,
LOCAL-v1-q3-offcenter_cluster-5037,3,candidate,15,172.16808053333335,0.004992916015908122,15,1.0,2582.521208,True,
LOCAL-v1-q3-offcenter_cluster-5038,3,candidate,16,67.152476125,0.004790666047483683,16,1.0,1074.439618,True,
LOCAL-v1-q3-offcenter_cluster-5039,3,candidate,10,228.00489480000002,0.002162874909117818,10,1.0,2280.048948,True,
LOCAL-v1-q3-offcenter_cluster-5040,3,candidate,15,166.32301253333333,0.00418699998408556,15,1.0,2494.845188,True,
LOCAL-v1-q3-offcenter_cluster-5041,3,candidate,15,143.0506400666667,0.004968541907146573,15,1.0,2145.759601,True,
LOCAL-v1-q3-offcenter_cluster-5042,3,candidate,11,209.13895354545454,0.002217541914433241,11,1.0,2300.528489,True,
LOCAL-v1-q3-offcenter_cluster-5043,3,candidate,12,187.01421625,0.002941792015917599,12,1.0,2244.170595,True,
LOCAL-v1-q3-offcenter_cluster-5044,3,candidate,11,246.81487454545456,0.0028199590742588043,11,1.0,2714.96362,True,
LOCAL-v1-q3-offcenter_cluster-5045,3,candidate,11,262.3608955454545,0.002670333022251725,11,1.0,2885.969851,True,
LOCAL-v1-q3-offcenter_cluster-5046,3,candidate,10,277.2740731,0.001868500025011599,10,1.0,2772.740731,True,
LOCAL-v1-q3-offcenter_cluster-5047,3,candidate,16,126.001225375,0.00554537505377084,16,1.0,2016.019606,True,
LOCAL-v1-q3-offcenter_cluster-5048,3,candidate,12,243.72612133333334,0.0025826249038800597,12,1.0,2924.713456,True,
LOCAL-v1-q3-offcenter_cluster-5049,3,candidate,10,216.1168556,0.0025004170602187514,10,1.0,2161.168556,True,
LOCAL-v1-q3-offcenter_cluster-5050,3,candidate,15,150.04088439999998,0.004145749961026013,15,1.0,2250.613266,True,
LOCAL-v1-q3-offcenter_cluster-5051,3,candidate,11,206.9885892727273,0.0021661249920725822,11,1.0,2276.874482,True,
LOCAL-v1-q3-offcenter_cluster-5052,3,candidate,13,206.2341626923077,0.003484749933704734,13,1.0,2681.044115,True,
LOCAL-v1-q3-offcenter_cluster-5053,3,candidate,16,124.2076600625,0.005077792098745704,16,1.0,1987.322561,True,
LOCAL-v1-q3-offcenter_cluster-5054,3,candidate,16,62.3227343125,0.004333917051553726,16,1.0,997.163749,True,
LOCAL-v1-q3-offcenter_cluster-5055,3,candidate,12,187.05772850000002,0.0025892090052366257,12,1.0,2244.692742,True,
LOCAL-v1-q3-offcenter_cluster-5056,3,candidate,13,169.40131100000002,0.0035382499918341637,13,1.0,2202.217043,True,
LOCAL-v1-q3-offcenter_cluster-5057,3,candidate,13,162.85181284615385,0.003960541100241244,13,1.0,2117.073567,True,
LOCAL-v1-q3-offcenter_cluster-5058,3,candidate,14,223.4149742857143,0.0022693329956382513,14,1.0,3127.80964,True,
LOCAL-v1-q3-offcenter_cluster-5059,3,candidate,12,236.94710816666668,0.002707041916437447,12,1.0,2843.365298,True,
LOCAL-v1-q3-offcenter_cluster-5060,3,candidate,11,201.2654428181818,0.00302958395332098,11,1.0,2213.919871,True,
LOCAL-v1-q3-offcenter_cluster-5061,3,candidate,13,164.52235576923078,0.003574333037249744,13,1.0,2138.790625,True,
LOCAL-v1-q3-offcenter_cluster-5062,3,candidate,16,60.3827004375,0.00391691701952368,16,1.0,966.123207,True,
LOCAL-v1-q3-offcenter_cluster-5063,3,candidate,15,153.89091539999998,0.004620874999091029,15,1.0,2308.363731,True,
LOCAL-v1-q3-offcenter_cluster-5064,3,candidate,13,241.54847092307693,0.002581584034487605,13,1.0,3140.130122,True,
LOCAL-v1-q3-offcenter_cluster-5065,3,candidate,12,218.58869283333334,0.0031711659394204617,12,1.0,2623.064314,True,
LOCAL-v1-q3-offcenter_cluster-5066,3,candidate,10,289.74021980000003,0.0016561660449951887,10,1.0,2897.402198,True,
LOCAL-v1-q3-offcenter_cluster-5067,3,candidate,16,83.67194975,0.0032353339483961463,16,1.0,1338.751196,True,
LOCAL-v1-q3-offcenter_cluster-5068,3,candidate,13,242.93641107692306,0.002218875102698803,13,1.0,3158.173344,True,
LOCAL-v1-q3-offcenter_cluster-5069,3,candidate,14,157.987774,0.00395999988541007,14,1.0,2211.828836,True,
LOCAL-v1-q3-offcenter_cluster-5070,3,candidate,12,259.7579534166667,0.0021949580404907465,12,1.0,3117.095441,True,
LOCAL-v1-q3-offcenter_cluster-5071,3,candidate,12,194.4927928333333,0.003539916011504829,12,1.0,2333.913514,True,
LOCAL-v1-q3-offcenter_cluster-5072,3,candidate,15,150.53502273333334,0.004103207960724831,15,1.0,2258.025341,True,
LOCAL-v1-q3-offcenter_cluster-5073,3,candidate,10,279.5575344,0.002063708030618727,10,1.0,2795.575344,True,
LOCAL-v1-q3-offcenter_cluster-5074,3,candidate,16,57.9709169375,0.0027950829826295376,16,1.0,927.534671,True,
LOCAL-v1-q3-offcenter_cluster-5075,3,candidate,15,167.66479406666667,0.00524729210883379,15,1.0,2514.971911,True,
LOCAL-v1-q3-offcenter_cluster-5076,3,candidate,12,232.9149545,0.003083124989643693,12,1.0,2794.979454,True,
LOCAL-v1-q3-offcenter_cluster-5077,3,candidate,14,173.37258242857143,0.004596582963131368,14,1.0,2427.216154,True,
LOCAL-v1-q3-offcenter_cluster-5078,3,candidate,13,227.48372661538463,0.002916292054578662,13,1.0,2957.288446,True,
LOCAL-v1-q3-offcenter_cluster-5079,3,candidate,10,217.44415469999998,0.002502540941350162,10,1.0,2174.441547,True,
LOCAL-v1-q3-offcenter_cluster-5080,3,candidate,10,217.5991648,0.002352000097744167,10,1.0,2175.991648,True,
LOCAL-v1-q3-offcenter_cluster-5081,3,candidate,16,58.26752175,0.003457791986875236,16,1.0,932.280348,True,
LOCAL-v1-q3-offcenter_cluster-5082,3,candidate,13,202.47041015384613,0.0036533750826492906,13,1.0,2632.115332,True,
LOCAL-v1-q3-offcenter_cluster-5083,3,candidate,13,176.06148261538462,0.0034734170185402036,13,1.0,2288.799274,True,
LOCAL-v1-q3-offcenter_cluster-5084,3,candidate,14,158.18215771428572,0.00332958297803998,14,1.0,2214.550208,True,
LOCAL-v1-q3-offcenter_cluster-5085,3,candidate,15,151.8906292,0.004280583001673222,15,1.0,2278.359438,True,
LOCAL-v1-q3-offcenter_cluster-5086,3,candidate,12,178.84995875,0.0032623750157654285,12,1.0,2146.199505,True,
LOCAL-v1-q3-offcenter_cluster-5087,3,candidate,13,165.40805607692306,0.004148791078478098,13,1.0,2150.304729,True,
LOCAL-v1-q3-offcenter_cluster-5088,3,candidate,16,70.95540675,0.00506779202260077,16,1.0,1135.286508,True,
LOCAL-v1-q3-offcenter_cluster-5089,3,candidate,15,148.91844606666666,0.003992583020590246,15,1.0,2233.776691,True,
LOCAL-v1-q3-offcenter_cluster-5090,3,candidate,14,170.4816072857143,0.004433291032910347,14,1.0,2386.742502,True,
LOCAL-v1-q3-offcenter_cluster-5091,3,candidate,12,190.34342708333335,0.0033072500955313444,12,1.0,2284.121125,True,
LOCAL-v1-q3-offcenter_cluster-5092,3,candidate,11,248.92808436363637,0.0024959580041468143,11,1.0,2738.208928,True,
LOCAL-v1-q3-offcenter_cluster-5093,3,candidate,15,146.8455214,0.004184167017228901,15,1.0,2202.682821,True,
LOCAL-v1-q3-offcenter_cluster-5094,3,candidate,11,204.37287536363635,0.002371291979216039,11,1.0,2248.101629,True,
LOCAL-v1-q3-offcenter_cluster-5095,3,candidate,10,302.1118057,0.0015820410335436463,10,1.0,3021.118057,True,
LOCAL-v1-q3-offcenter_cluster-5096,3,candidate,14,160.80383228571426,0.003295290982350707,14,1.0,2251.253652,True,
LOCAL-v1-q3-offcenter_cluster-5097,3,candidate,13,173.19336223076922,0.003569000051356852,13,1.0,2251.513709,True,
LOCAL-v1-q3-offcenter_cluster-5098,3,candidate,16,63.620538375,0.003129333956167102,16,1.0,1017.928614,True,
LOCAL-v1-q3-offcenter_cluster-5099,3,candidate,13,194.92680492307693,0.0032961670076474547,13,1.0,2534.048464,True,
LOCAL-v1-q3-origin_cluster-5000,3,candidate,11,192.6462439090909,0.002479042042978108,11,1.0,2119.108683,True,
LOCAL-v1-q3-origin_cluster-5001,3,candidate,14,145.90443614285715,0.0037122920621186495,14,1.0,2042.662106,True,
LOCAL-v1-q3-origin_cluster-5002,3,candidate,15,135.47585766666666,0.005195333971641958,15,1.0,2032.137865,True,
LOCAL-v1-q3-origin_cluster-5003,3,candidate,11,192.32410209090907,0.0019769580103456974,11,1.0,2115.565123,True,
LOCAL-v1-q3-origin_cluster-5004,3,candidate,12,176.3418245833333,0.0031674590427428484,12,1.0,2116.101895,True,
LOCAL-v1-q3-origin_cluster-5005,3,candidate,11,221.874536,0.0029029579600319266,11,1.0,2440.619896,True,
LOCAL-v1-q3-origin_cluster-5006,3,candidate,11,198.18634972727276,0.0032034580362960696,11,1.0,2180.049847,True,
LOCAL-v1-q3-origin_cluster-5007,3,candidate,11,199.19874099999998,0.002454834058880806,11,1.0,2191.186151,True,
LOCAL-v1-q3-origin_cluster-5008,3,candidate,10,213.51557880000001,0.0023268749937415123,10,1.0,2135.155788,True,
LOCAL-v1-q3-origin_cluster-5009,3,candidate,14,157.26291942857142,0.004465292091481388,14,1.0,2201.680872,True,
LOCAL-v1-q3-origin_cluster-5010,3,candidate,12,190.31348,0.00327858398668468,12,1.0,2283.76176,True,
LOCAL-v1-q3-origin_cluster-5011,3,candidate,15,137.7674534,0.004139165976084769,15,1.0,2066.511801,True,
LOCAL-v1-q3-origin_cluster-5012,3,candidate,10,226.7341109,0.0025868749944493175,10,1.0,2267.341109,True,
LOCAL-v1-q3-origin_cluster-5013,3,candidate,12,176.17818350000002,0.0030395420035347342,12,1.0,2114.138202,True,
LOCAL-v1-q3-origin_cluster-5014,3,candidate,11,196.48819054545456,0.002685790997929871,11,1.0,2161.370096,True,
LOCAL-v1-q3-origin_cluster-5015,3,candidate,12,175.40504099999998,0.003357833018526435,12,1.0,2104.860492,True,
LOCAL-v1-q3-origin_cluster-5016,3,candidate,16,33.7515419375,0.002970249974168837,16,1.0,540.024671,True,
LOCAL-v1-q3-origin_cluster-5017,3,candidate,15,136.11561386666668,0.003809666959568858,15,1.0,2041.734208,True,
LOCAL-v1-q3-origin_cluster-5018,3,candidate,10,225.1508913,0.002285707974806428,10,1.0,2251.508913,True,
LOCAL-v1-q3-origin_cluster-5019,3,candidate,11,194.77581718181818,0.0028994589811190963,11,1.0,2142.533989,True,
LOCAL-v1-q3-origin_cluster-5020,3,candidate,16,36.3172775625,0.0030226249946281314,16,1.0,581.076441,True,
LOCAL-v1-q3-origin_cluster-5021,3,candidate,14,146.44376392857143,0.003975415951572359,14,1.0,2050.212695,True,
LOCAL-v1-q3-origin_cluster-5022,3,candidate,14,154.76250907142858,0.0040695409988984466,14,1.0,2166.675127,True,
LOCAL-v1-q3-origin_cluster-5023,3,candidate,15,136.43405333333334,0.004829209065064788,15,1.0,2046.5108,True,
LOCAL-v1-q3-origin_cluster-5024,3,candidate,13,160.76262499999999,0.003469457966275513,13,1.0,2089.914125,True,
LOCAL-v1-q3-origin_cluster-5025,3,candidate,12,175.567992,0.002906042034737766,12,1.0,2106.815904,True,
LOCAL-v1-q3-origin_cluster-5026,3,candidate,15,136.06811626666666,0.004062749911099672,15,1.0,2041.021744,True,
LOCAL-v1-q3-origin_cluster-5027,3,candidate,11,195.02174045454547,0.002428125008009374,11,1.0,2145.239145,True,
LOCAL-v1-q3-origin_cluster-5028,3,candidate,10,213.0122207,0.002348374924622476,10,1.0,2130.122207,True,
LOCAL-v1-q3-origin_cluster-5029,3,candidate,11,194.85562972727274,0.0028252910124137998,11,1.0,2143.411927,True,
LOCAL-v1-q3-origin_cluster-5030,3,candidate,12,175.79200558333332,0.003045958001166582,12,1.0,2109.504067,True,
LOCAL-v1-q3-origin_cluster-5031,3,candidate,15,136.84415693333332,0.005056124995462596,15,1.0,2052.662354,True,
LOCAL-v1-q3-origin_cluster-5032,3,candidate,11,211.63757445454547,0.0031090410193428397,11,1.0,2328.013319,True,
LOCAL-v1-q3-origin_cluster-5033,3,candidate,14,149.07180407142855,0.003806375083513558,14,1.0,2087.005257,True,
LOCAL-v1-q3-origin_cluster-5034,3,candidate,16,32.9983453125,0.002895207959227264,16,1.0,527.973525,True,
LOCAL-v1-q3-origin_cluster-5035,3,candidate,10,213.7339873,0.001832915935665369,10,1.0,2137.339873,True,
LOCAL-v1-q3-origin_cluster-5036,3,candidate,15,135.38990366666667,0.0044412079732865095,15,1.0,2030.848555,True,
LOCAL-v1-q3-origin_cluster-5037,3,candidate,15,137.4666662,0.005106666940264404,15,1.0,2061.999993,True,
LOCAL-v1-q3-origin_cluster-5038,3,candidate,16,34.29710325,0.002987292013131082,16,1.0,548.753652,True,
LOCAL-v1-q3-origin_cluster-5039,3,candidate,10,215.91867069999998,0.002306584035977721,10,1.0,2159.186707,True,
LOCAL-v1-q3-origin_cluster-5040,3,candidate,15,135.402684,0.004740750067867339,15,1.0,2031.04026,True,
LOCAL-v1-q3-origin_cluster-5041,3,candidate,15,135.77659226666665,0.004984125029295683,15,1.0,2036.648884,True,
LOCAL-v1-q3-origin_cluster-5042,3,candidate,11,238.06058627272725,0.002874750061891973,11,1.0,2618.666449,True,
LOCAL-v1-q3-origin_cluster-5043,3,candidate,12,177.72153233333333,0.0033657921012490988,12,1.0,2132.658388,True,
LOCAL-v1-q3-origin_cluster-5044,3,candidate,11,191.89301681818185,0.002264833077788353,11,1.0,2110.823185,True,
LOCAL-v1-q3-origin_cluster-5045,3,candidate,11,197.56140854545455,0.0030659169424325228,11,1.0,2173.175494,True,
LOCAL-v1-q3-origin_cluster-5046,3,candidate,10,213.7354937,0.002114000031724572,10,1.0,2137.354937,True,
LOCAL-v1-q3-origin_cluster-5047,3,candidate,16,35.4980779375,0.0030608749948441982,16,1.0,567.969247,True,
LOCAL-v1-q3-origin_cluster-5048,3,candidate,12,177.40427675,0.0031764169689267874,12,1.0,2128.851321,True,
LOCAL-v1-q3-origin_cluster-5049,3,candidate,10,219.0684127,0.002331750001758337,10,1.0,2190.684127,True,
LOCAL-v1-q3-origin_cluster-5050,3,candidate,15,136.36013246666667,0.005065375007688999,15,1.0,2045.401987,True,
LOCAL-v1-q3-origin_cluster-5051,3,candidate,11,194.3479,0.0027091670781373978,11,1.0,2137.8269,True,
LOCAL-v1-q3-origin_cluster-5052,3,candidate,13,162.60724915384617,0.0038017909973859787,13,1.0,2113.894239,True,
LOCAL-v1-q3-origin_cluster-5053,3,candidate,16,36.0733931875,0.002924000029452145,16,1.0,577.174291,True,
LOCAL-v1-q3-origin_cluster-5054,3,candidate,16,35.273000125,0.0029581249691545963,16,1.0,564.368002,True,
LOCAL-v1-q3-origin_cluster-5055,3,candidate,12,186.46752025,0.002857374958693981,12,1.0,2237.610243,True,
LOCAL-v1-q3-origin_cluster-5056,3,candidate,13,158.6071406923077,0.0035415419843047857,13,1.0,2061.892829,True,
LOCAL-v1-q3-origin_cluster-5057,3,candidate,13,158.77754992307695,0.0028772910591214895,13,1.0,2064.108149,True,
LOCAL-v1-q3-origin_cluster-5058,3,candidate,14,146.34155878571428,0.0038678329437971115,14,1.0,2048.781823,True,
LOCAL-v1-q3-origin_cluster-5059,3,candidate,12,176.02849658333332,0.003169541945680976,12,1.0,2112.341959,True,
LOCAL-v1-q3-origin_cluster-5060,3,candidate,11,196.19661618181817,0.002746916958130896,11,1.0,2158.162778,True,
LOCAL-v1-q3-origin_cluster-5061,3,candidate,13,160.3732912307692,0.003965375013649464,13,1.0,2084.852786,True,
LOCAL-v1-q3-origin_cluster-5062,3,candidate,16,35.472426375,0.0031264580320566893,16,1.0,567.558822,True,
LOCAL-v1-q3-origin_cluster-5063,3,candidate,15,142.15613506666665,0.004547166987322271,15,1.0,2132.342026,True,
LOCAL-v1-q3-origin_cluster-5064,3,candidate,13,159.9191136923077,0.0034897089935839176,13,1.0,2078.948478,True,
LOCAL-v1-q3-origin_cluster-5065,3,candidate,12,192.93735841666668,0.0031110841082409024,12,1.0,2315.248301,True,
LOCAL-v1-q3-origin_cluster-5066,3,candidate,10,214.7868636,0.0022370408987626433,10,1.0,2147.868636,True,
LOCAL-v1-q3-origin_cluster-5067,3,candidate,16,32.19028825,0.0027407080633565784,16,1.0,515.044612,True,
LOCAL-v1-q3-origin_cluster-5068,3,candidate,13,160.26895761538464,0.003261249978095293,13,1.0,2083.496449,True,
LOCAL-v1-q3-origin_cluster-5069,3,candidate,14,154.48621535714284,0.004427707986906171,14,1.0,2162.807015,True,
LOCAL-v1-q3-origin_cluster-5070,3,candidate,12,177.27169558333333,0.003019833005964756,12,1.0,2127.260347,True,
LOCAL-v1-q3-origin_cluster-5071,3,candidate,12,172.93829816666667,0.0026479170192033052,12,1.0,2075.259578,True,
LOCAL-v1-q3-origin_cluster-5072,3,candidate,15,152.20540466666668,0.004604457993991673,15,1.0,2283.08107,True,
LOCAL-v1-q3-origin_cluster-5073,3,candidate,10,213.79034259999997,0.0021162909688428044,10,1.0,2137.903426,True,
LOCAL-v1-q3-origin_cluster-5074,3,candidate,16,34.5538903125,0.0029741660691797733,16,1.0,552.862245,True,
LOCAL-v1-q3-origin_cluster-5075,3,candidate,15,150.4295857333333,0.005120666930451989,15,1.0,2256.443786,True,
LOCAL-v1-q3-origin_cluster-5076,3,candidate,12,182.86901375,0.0033420410472899675,12,1.0,2194.428165,True,
LOCAL-v1-q3-origin_cluster-5077,3,candidate,14,167.83886964285713,0.003778708982281387,14,1.0,2349.744175,True,
LOCAL-v1-q3-origin_cluster-5078,3,candidate,13,162.94967946153844,0.003792291972786188,13,1.0,2118.345833,True,
LOCAL-v1-q3-origin_cluster-5079,3,candidate,10,216.6809413,0.002312958939000964,10,1.0,2166.809413,True,
LOCAL-v1-q3-origin_cluster-5080,3,candidate,10,215.7562761,0.0022660830290988088,10,1.0,2157.562761,True,
LOCAL-v1-q3-origin_cluster-5081,3,candidate,16,35.093585375,0.0031419580336660147,16,1.0,561.497366,True,
LOCAL-v1-q3-origin_cluster-5082,3,candidate,13,163.28798515384614,0.003718749969266355,13,1.0,2122.743807,True,
LOCAL-v1-q3-origin_cluster-5083,3,candidate,13,159.9654056923077,0.0038549579912796617,13,1.0,2079.550274,True,
LOCAL-v1-q3-origin_cluster-5084,3,candidate,14,146.56546657142857,0.0039967079646885395,14,1.0,2051.916532,True,
LOCAL-v1-q3-origin_cluster-5085,3,candidate,15,138.04525866666665,0.004264541086740792,15,1.0,2070.67888,True,
LOCAL-v1-q3-origin_cluster-5086,3,candidate,12,175.27458366666667,0.0030718330526724458,12,1.0,2103.295004,True,
LOCAL-v1-q3-origin_cluster-5087,3,candidate,13,159.4909363846154,0.0034925839863717556,13,1.0,2073.382173,True,
LOCAL-v1-q3-origin_cluster-5088,3,candidate,16,47.515970375,0.003101749927736819,16,1.0,760.255526,True,
LOCAL-v1-q3-origin_cluster-5089,3,candidate,15,136.50185286666667,0.004973291070200503,15,1.0,2047.527793,True,
LOCAL-v1-q3-origin_cluster-5090,3,candidate,14,154.57926885714284,0.004327917005866766,14,1.0,2164.109764,True,
LOCAL-v1-q3-origin_cluster-5091,3,candidate,12,177.26003366666666,0.002570666023530066,12,1.0,2127.120404,True,
LOCAL-v1-q3-origin_cluster-5092,3,candidate,11,212.58650554545454,0.002671708003617823,11,1.0,2338.451561,True,
LOCAL-v1-q3-origin_cluster-5093,3,candidate,15,137.7308138,0.004928292008116841,15,1.0,2065.962207,True,
LOCAL-v1-q3-origin_cluster-5094,3,candidate,11,194.82945781818182,0.0026532920310273767,11,1.0,2143.124036,True,
LOCAL-v1-q3-origin_cluster-5095,3,candidate,10,215.44879340000003,0.002635041018947959,10,1.0,2154.487934,True,
LOCAL-v1-q3-origin_cluster-5096,3,candidate,14,145.81991864285715,0.0034136250615119934,14,1.0,2041.478861,True,
LOCAL-v1-q3-origin_cluster-5097,3,candidate,13,161.61679584615382,0.0036778749199584126,13,1.0,2101.018346,True,
LOCAL-v1-q3-origin_cluster-5098,3,candidate,16,38.62763825,0.003143375040963292,16,1.0,618.042212,True,
LOCAL-v1-q3-origin_cluster-5099,3,candidate,13,159.23918223076922,0.0033060419373214245,13,1.0,2070.109369,True,
LOCAL-v1-q3-minimum_radius-5000,3,candidate,11,289.4487628181818,0.0018995830323547125,11,1.0,3183.936391,True,
LOCAL-v1-q3-minimum_radius-5001,3,candidate,14,265.3426475,0.003795208060182631,14,1.0,3714.797065,True,
LOCAL-v1-q3-minimum_radius-5002,3,candidate,15,212.09084993333332,0.002868541982024908,15,1.0,3181.362749,True,
LOCAL-v1-q3-minimum_radius-5003,3,candidate,11,248.04448045454546,0.0019217090448364615,11,1.0,2728.489285,True,
LOCAL-v1-q3-minimum_radius-5004,3,candidate,12,262.47025883333333,0.002221666043624282,12,1.0,3149.643106,True,
LOCAL-v1-q3-minimum_radius-5005,3,candidate,11,314.6332444545455,0.002452207962051034,11,1.0,3460.965689,True,
LOCAL-v1-q3-minimum_radius-5006,3,candidate,11,302.6012564545454,0.001839541015215218,11,1.0,3328.613821,True,
LOCAL-v1-q3-minimum_radius-5007,3,candidate,11,263.69092754545454,0.0019413330592215061,11,1.0,2900.600203,True,
LOCAL-v1-q3-minimum_radius-5008,3,candidate,10,311.7509708,0.0024293330498039722,10,1.0,3117.509708,True,
LOCAL-v1-q3-minimum_radius-5009,3,candidate,14,230.93185007142856,0.0034187500132247806,14,1.0,3233.045901,True,
LOCAL-v1-q3-minimum_radius-5010,3,candidate,12,247.853563,0.0030668750405311584,12,1.0,2974.242756,True,
LOCAL-v1-q3-minimum_radius-5011,3,candidate,15,246.3037958,0.002688832930289209,15,1.0,3694.556937,True,
LOCAL-v1-q3-minimum_radius-5012,3,candidate,10,315.774705,0.0018573330016806722,10,1.0,3157.74705,True,
LOCAL-v1-q3-minimum_radius-5013,3,candidate,12,268.41830608333333,0.0018340419046580791,12,1.0,3221.019673,True,
LOCAL-v1-q3-minimum_radius-5014,3,candidate,11,275.71848354545455,0.0016814579721540213,11,1.0,3032.903319,True,
LOCAL-v1-q3-minimum_radius-5015,3,candidate,12,230.26410283333334,0.0026146250311285257,12,1.0,2763.169234,True,
LOCAL-v1-q3-minimum_radius-5016,3,candidate,16,223.066521,0.0027298330096527934,16,1.0,3569.064336,True,
LOCAL-v1-q3-minimum_radius-5017,3,candidate,15,225.80227593333333,0.0028580420184880495,15,1.0,3387.034139,True,
LOCAL-v1-q3-minimum_radius-5018,3,candidate,10,305.7753908,0.0018797500524669886,10,1.0,3057.753908,True,
LOCAL-v1-q3-minimum_radius-5019,3,candidate,11,297.92024154545453,0.0014907079748809338,11,1.0,3277.122657,True,
LOCAL-v1-q3-minimum_radius-5020,3,candidate,16,205.203568375,0.003766207955777645,16,1.0,3283.257094,True,
LOCAL-v1-q3-minimum_radius-5021,3,candidate,14,264.3797255714286,0.0026043340330943465,14,1.0,3701.316158,True,
LOCAL-v1-q3-minimum_radius-5022,3,candidate,14,233.2768157857143,0.004672457929700613,14,1.0,3265.875421,True,
LOCAL-v1-q3-minimum_radius-5023,3,candidate,15,218.28854773333333,0.002555708051659167,15,1.0,3274.328216,True,
LOCAL-v1-q3-minimum_radius-5024,3,candidate,13,266.9202742307692,0.0031503329519182444,13,1.0,3469.963565,True,
LOCAL-v1-q3-minimum_radius-5025,3,candidate,12,266.15214425,0.0023257500724866986,12,1.0,3193.825731,True,
LOCAL-v1-q3-minimum_radius-5026,3,candidate,15,215.50581079999998,0.0020051250467076898,15,1.0,3232.587162,True,
LOCAL-v1-q3-minimum_radius-5027,3,candidate,11,320.28912445454546,0.001696833991445601,11,1.0,3523.180369,True,
LOCAL-v1-q3-minimum_radius-5028,3,candidate,10,295.4080331,0.0020604580640792847,10,1.0,2954.080331,True,
LOCAL-v1-q3-minimum_radius-5029,3,candidate,11,283.7100278181818,0.0016477080062031746,11,1.0,3120.810306,True,
LOCAL-v1-q3-minimum_radius-5030,3,candidate,12,240.07666275,0.0020726670045405626,12,1.0,2880.919953,True,
LOCAL-v1-q3-minimum_radius-5031,3,candidate,15,223.10207780000002,0.003872959059663117,15,1.0,3346.531167,True,
LOCAL-v1-q3-minimum_radius-5032,3,candidate,11,277.6366999090909,0.002312249969691038,11,1.0,3054.003699,True,
LOCAL-v1-q3-minimum_radius-5033,3,candidate,14,243.0127997142857,0.003165166941471398,14,1.0,3402.179196,True,
LOCAL-v1-q3-minimum_radius-5034,3,candidate,16,206.6235830625,0.0026108750607818365,16,1.0,3305.977329,True,
LOCAL-v1-q3-minimum_radius-5035,3,candidate,10,308.84313499999996,0.0024017919786274433,10,1.0,3088.43135,True,
LOCAL-v1-q3-minimum_radius-5036,3,candidate,15,216.6171218,0.002635875018313527,15,1.0,3249.256827,True,
LOCAL-v1-q3-minimum_radius-5037,3,candidate,15,222.6522642666667,0.003206875058822334,15,1.0,3339.783964,True,
LOCAL-v1-q3-minimum_radius-5038,3,candidate,16,224.9029845625,0.005034875008277595,16,1.0,3598.447753,True,
LOCAL-v1-q3-minimum_radius-5039,3,candidate,10,334.5104933,0.002530541969463229,10,1.0,3345.104933,True,
LOCAL-v1-q3-minimum_radius-5040,3,candidate,15,236.35576700000001,0.0027941250009462237,15,1.0,3545.336505,True,
LOCAL-v1-q3-minimum_radius-5041,3,candidate,15,222.98787793333335,0.003443000023253262,15,1.0,3344.818169,True,
LOCAL-v1-q3-minimum_radius-5042,3,candidate,11,299.9816037272727,0.0021785000571981072,11,1.0,3299.797641,True,
LOCAL-v1-q3-minimum_radius-5043,3,candidate,12,265.47142225,0.002959792036563158,12,1.0,3185.657067,True,
LOCAL-v1-q3-minimum_radius-5044,3,candidate,11,310.2786883636364,0.002183667034842074,11,1.0,3413.065572,True,
LOCAL-v1-q3-minimum_radius-5045,3,candidate,11,285.7443390909091,0.0019561249064281583,11,1.0,3143.18773,True,
LOCAL-v1-q3-minimum_radius-5046,3,candidate,10,278.9998004,0.0015078330179676414,10,1.0,2789.998004,True,
LOCAL-v1-q3-minimum_radius-5047,3,candidate,16,220.264048125,0.0035846249666064978,16,1.0,3524.22477,True,
LOCAL-v1-q3-minimum_radius-5048,3,candidate,12,270.7325098333333,0.002265708055347204,12,1.0,3248.790118,True,
LOCAL-v1-q3-minimum_radius-5049,3,candidate,10,300.8859152,0.0016332499217242002,10,1.0,3008.859152,True,
LOCAL-v1-q3-minimum_radius-5050,3,candidate,15,240.379512,0.003767166053876281,15,1.0,3605.69268,True,
LOCAL-v1-q3-minimum_radius-5051,3,candidate,11,330.2775348181818,0.0013782089808955789,11,1.0,3633.052883,True,
LOCAL-v1-q3-minimum_radius-5052,3,candidate,13,246.84212853846154,0.0024699169443920255,13,1.0,3208.947671,True,
LOCAL-v1-q3-minimum_radius-5053,3,candidate,16,224.0433511875,0.003658540896140039,16,1.0,3584.693619,True,
LOCAL-v1-q3-minimum_radius-5054,3,candidate,16,248.6844084375,0.002932958072051406,16,1.0,3978.950535,True,
LOCAL-v1-q3-minimum_radius-5055,3,candidate,12,263.67006941666665,0.002367708017118275,12,1.0,3164.040833,True,
LOCAL-v1-q3-minimum_radius-5056,3,candidate,13,262.01808892307696,0.0029109170427545905,13,1.0,3406.235156,True,
LOCAL-v1-q3-minimum_radius-5057,3,candidate,13,244.4276816923077,0.002533665974624455,13,1.0,3177.559862,True,
LOCAL-v1-q3-minimum_radius-5058,3,candidate,14,224.60998642857143,0.0024401670088991523,14,1.0,3144.53981,True,
LOCAL-v1-q3-minimum_radius-5059,3,candidate,12,263.40209158333334,0.002357125049456954,12,1.0,3160.825099,True,
LOCAL-v1-q3-minimum_radius-5060,3,candidate,11,292.727819,0.0016479159239679575,11,1.0,3220.006009,True,
LOCAL-v1-q3-minimum_radius-5061,3,candidate,13,260.0645976923077,0.0026755420258268714,13,1.0,3380.83977,True,
LOCAL-v1-q3-minimum_radius-5062,3,candidate,16,214.563804375,0.003734332975000143,16,1.0,3433.02087,True,
LOCAL-v1-q3-minimum_radius-5063,3,candidate,15,215.769315,0.0031343339942395687,15,1.0,3236.539725,True,
LOCAL-v1-q3-minimum_radius-5064,3,candidate,13,235.3034476153846,0.0024450840428471565,13,1.0,3058.944819,True,
LOCAL-v1-q3-minimum_radius-5065,3,candidate,12,274.83404733333333,0.002321333042345941,12,1.0,3298.008568,True,
LOCAL-v1-q3-minimum_radius-5066,3,candidate,10,259.1023301,0.0019880830077454448,10,1.0,2591.023301,True,
LOCAL-v1-q3-minimum_radius-5067,3,candidate,16,225.1512559375,0.0033110419753938913,16,1.0,3602.420095,True,
LOCAL-v1-q3-minimum_radius-5068,3,candidate,13,217.8844313846154,0.0019097920740023255,13,1.0,2832.497608,True,
LOCAL-v1-q3-minimum_radius-5069,3,candidate,14,237.0835897142857,0.004005457973107696,14,1.0,3319.170256,True,
LOCAL-v1-q3-minimum_radius-5070,3,candidate,12,276.8327286666667,0.0018840000266209245,12,1.0,3321.992744,True,
LOCAL-v1-q3-minimum_radius-5071,3,candidate,12,276.71994366666667,0.002065833075903356,12,1.0,3320.639324,True,
LOCAL-v1-q3-minimum_radius-5072,3,candidate,15,220.3765264,0.00299520802218467,15,1.0,3305.647896,True,
LOCAL-v1-q3-minimum_radius-5073,3,candidate,10,279.8683775,0.002185082994401455,10,1.0,2798.683775,True,
LOCAL-v1-q3-minimum_radius-5074,3,candidate,16,219.0354106875,0.0036572499666363,16,1.0,3504.566571,True,
LOCAL-v1-q3-minimum_radius-5075,3,candidate,15,221.6132300666667,0.004077624995261431,15,1.0,3324.198451,True,
LOCAL-v1-q3-minimum_radius-5076,3,candidate,12,243.35090808333334,0.001817041076719761,12,1.0,2920.210897,True,
LOCAL-v1-q3-minimum_radius-5077,3,candidate,14,237.61916335714287,0.0031641670502722263,14,1.0,3326.668287,True,
LOCAL-v1-q3-minimum_radius-5078,3,candidate,13,277.2471486923077,0.0025977090699598193,13,1.0,3604.212933,True,
LOCAL-v1-q3-minimum_radius-5079,3,candidate,10,305.7115877,0.001681166933849454,10,1.0,3057.115877,True,
LOCAL-v1-q3-minimum_radius-5080,3,candidate,10,296.403047,0.0021260419161990285,10,1.0,2964.03047,True,
LOCAL-v1-q3-minimum_radius-5081,3,candidate,16,217.5150580625,0.0031369589269161224,16,1.0,3480.240929,True,
LOCAL-v1-q3-minimum_radius-5082,3,candidate,13,236.95992192307693,0.002830707933753729,13,1.0,3080.478985,True,
LOCAL-v1-q3-minimum_radius-5083,3,candidate,13,250.37021684615385,0.0017883749678730965,13,1.0,3254.812819,True,
LOCAL-v1-q3-minimum_radius-5084,3,candidate,14,271.2122470714286,0.0032230840297415853,14,1.0,3796.971459,True,
LOCAL-v1-q3-minimum_radius-5085,3,candidate,15,223.71176706666665,0.00333558302372694,15,1.0,3355.676506,True,
LOCAL-v1-q3-minimum_radius-5086,3,candidate,12,256.8496949166667,0.0022659170208498836,12,1.0,3082.196339,True,
LOCAL-v1-q3-minimum_radius-5087,3,candidate,13,212.50978592307695,0.003083999967202544,13,1.0,2762.627217,True,
LOCAL-v1-q3-minimum_radius-5088,3,candidate,16,195.5370039375,0.003053540945984423,16,1.0,3128.592063,True,
LOCAL-v1-q3-minimum_radius-5089,3,candidate,15,220.9147768,0.0026280839229002595,15,1.0,3313.721652,True,
LOCAL-v1-q3-minimum_radius-5090,3,candidate,14,260.76590707142856,0.003881417098455131,14,1.0,3650.722699,True,
LOCAL-v1-q3-minimum_radius-5091,3,candidate,12,273.3288365833333,0.003258500015363097,12,1.0,3279.946039,True,
LOCAL-v1-q3-minimum_radius-5092,3,candidate,11,279.3525830909091,0.002099792007356882,11,1.0,3072.878414,True,
LOCAL-v1-q3-minimum_radius-5093,3,candidate,15,240.24006453333334,0.0025348750641569495,15,1.0,3603.600968,True,
LOCAL-v1-q3-minimum_radius-5094,3,candidate,11,270.1088634545454,0.0015217919135466218,11,1.0,2971.197498,True,
LOCAL-v1-q3-minimum_radius-5095,3,candidate,10,284.4160954,0.0023138748947530985,10,1.0,2844.160954,True,
LOCAL-v1-q3-minimum_radius-5096,3,candidate,14,234.61751792857143,0.002927207970060408,14,1.0,3284.645251,True,
LOCAL-v1-q3-minimum_radius-5097,3,candidate,13,251.79828384615382,0.002397499978542328,13,1.0,3273.37769,True,
LOCAL-v1-q3-minimum_radius-5098,3,candidate,16,204.306775875,0.0037309579784050584,16,1.0,3268.908414,True,
LOCAL-v1-q3-minimum_radius-5099,3,candidate,13,245.92260307692308,0.002811416983604431,13,1.0,3196.99384,True,
LOCAL-v1-q3-exactly10_sources-5000,3,candidate,10,299.77882439999996,0.0025022500194609165,10,1.0,2997.788244,True,
LOCAL-v1-q3-exactly10_sources-5001,3,candidate,10,258.7955943,0.0028560420032590628,10,1.0,2587.955943,True,
LOCAL-v1-q3-exactly10_sources-5002,3,candidate,10,267.80514320000003,0.0022657500812783837,10,1.0,2678.051432,True,
LOCAL-v1-q3-exactly10_sources-5003,3,candidate,10,290.6366711,0.002317875041626394,10,1.0,2906.366711,True,
LOCAL-v1-q3-exactly10_sources-5004,3,candidate,10,311.4573132,0.0020759999752044678,10,1.0,3114.573132,True,
LOCAL-v1-q3-exactly10_sources-5005,3,candidate,10,274.5824976,0.003126292023807764,10,1.0,2745.824976,True,
LOCAL-v1-q3-exactly10_sources-5006,3,candidate,10,259.7467993,0.0022668750025331974,10,1.0,2597.467993,True,
LOCAL-v1-q3-exactly10_sources-5007,3,candidate,10,299.8995142,0.001973208039999008,10,1.0,2998.995142,True,
LOCAL-v1-q3-exactly10_sources-5008,3,candidate,10,265.008986,0.0022100830683484674,10,1.0,2650.08986,True,
LOCAL-v1-q3-exactly10_sources-5009,3,candidate,10,273.28801400000003,0.002265541930682957,10,1.0,2732.88014,True,
LOCAL-v1-q3-exactly10_sources-5010,3,candidate,10,272.5302502,0.002517875051125884,10,1.0,2725.302502,True,
LOCAL-v1-q3-exactly10_sources-5011,3,candidate,10,305.9764646,0.0024440829874947667,10,1.0,3059.764646,True,
LOCAL-v1-q3-exactly10_sources-5012,3,candidate,10,295.1551512,0.0017796671018004417,10,1.0,2951.551512,True,
LOCAL-v1-q3-exactly10_sources-5013,3,candidate,10,318.5643584,0.0020469590090215206,10,1.0,3185.643584,True,
LOCAL-v1-q3-exactly10_sources-5014,3,candidate,10,282.110073,0.002113458001986146,10,1.0,2821.10073,True,
LOCAL-v1-q3-exactly10_sources-5015,3,candidate,10,298.60562960000004,0.002107915934175253,10,1.0,2986.056296,True,
LOCAL-v1-q3-exactly10_sources-5016,3,candidate,10,292.1984842,0.0019392910180613399,10,1.0,2921.984842,True,
LOCAL-v1-q3-exactly10_sources-5017,3,candidate,10,361.3413537,0.001854916918091476,10,1.0,3613.413537,True,
LOCAL-v1-q3-exactly10_sources-5018,3,candidate,10,281.1717479,0.002441875054500997,10,1.0,2811.717479,True,
LOCAL-v1-q3-exactly10_sources-5019,3,candidate,10,296.59131130000003,0.0020925410790368915,10,1.0,2965.913113,True,
LOCAL-v1-q3-exactly10_sources-5020,3,candidate,10,330.225551,0.0020608340855687857,10,1.0,3302.25551,True,
LOCAL-v1-q3-exactly10_sources-5021,3,candidate,10,303.51894120000003,0.0020330410916358232,10,1.0,3035.189412,True,
LOCAL-v1-q3-exactly10_sources-5022,3,candidate,10,287.3846115,0.002183582982979715,10,1.0,2873.846115,True,
LOCAL-v1-q3-exactly10_sources-5023,3,candidate,10,279.8275043,0.002647833083756268,10,1.0,2798.275043,True,
LOCAL-v1-q3-exactly10_sources-5024,3,candidate,10,272.3326852,0.003224582993425429,10,1.0,2723.326852,True,
LOCAL-v1-q3-exactly10_sources-5025,3,candidate,10,313.3390156,0.002586624934338033,10,1.0,3133.390156,True,
LOCAL-v1-q3-exactly10_sources-5026,3,candidate,10,335.3449,0.002565625007264316,10,1.0,3353.449,True,
LOCAL-v1-q3-exactly10_sources-5027,3,candidate,10,304.4698689,0.0020477090729400516,10,1.0,3044.698689,True,
LOCAL-v1-q3-exactly10_sources-5028,3,candidate,10,297.1811822,0.0020392079604789615,10,1.0,2971.811822,True,
LOCAL-v1-q3-exactly10_sources-5029,3,candidate,10,276.5113896,0.0024834999348968267,10,1.0,2765.113896,True,
LOCAL-v1-q3-exactly10_sources-5030,3,candidate,10,285.59496290000004,0.0015871250070631504,10,1.0,2855.949629,True,
LOCAL-v1-q3-exactly10_sources-5031,3,candidate,10,263.3879956,0.002845542039722204,10,1.0,2633.879956,True,
LOCAL-v1-q3-exactly10_sources-5032,3,candidate,10,293.5289042,0.0019817500142380595,10,1.0,2935.289042,True,
LOCAL-v1-q3-exactly10_sources-5033,3,candidate,10,312.2839889,0.0017748749814927578,10,1.0,3122.839889,True,
LOCAL-v1-q3-exactly10_sources-5034,3,candidate,10,318.3240247,0.002353625022806227,10,1.0,3183.240247,True,
LOCAL-v1-q3-exactly10_sources-5035,3,candidate,10,310.9121776,0.002777750021778047,10,1.0,3109.121776,True,
LOCAL-v1-q3-exactly10_sources-5036,3,candidate,10,330.46333880000003,0.002140624914318323,10,1.0,3304.633388,True,
LOCAL-v1-q3-exactly10_sources-5037,3,candidate,10,276.9306799,0.0024941250449046493,10,1.0,2769.306799,True,
LOCAL-v1-q3-exactly10_sources-5038,3,candidate,10,293.0843683,0.002262249938212335,10,1.0,2930.843683,True,
LOCAL-v1-q3-exactly10_sources-5039,3,candidate,10,305.8922616,0.0019127920968458056,10,1.0,3058.922616,True,
LOCAL-v1-q3-exactly10_sources-5040,3,candidate,10,300.0805491,0.0021479580318555236,10,1.0,3000.805491,True,
LOCAL-v1-q3-exactly10_sources-5041,3,candidate,10,311.1574389,0.0018970409873872995,10,1.0,3111.574389,True,
LOCAL-v1-q3-exactly10_sources-5042,3,candidate,10,291.9780326,0.0035988340387120843,10,1.0,2919.780326,True,
LOCAL-v1-q3-exactly10_sources-5043,3,candidate,10,290.1754666,0.001854624948464334,10,1.0,2901.754666,True,
LOCAL-v1-q3-exactly10_sources-5044,3,candidate,10,300.4537858,0.002668707980774343,10,1.0,3004.537858,True,
LOCAL-v1-q3-exactly10_sources-5045,3,candidate,10,277.2373975,0.002552666934207082,10,1.0,2772.373975,True,
LOCAL-v1-q3-exactly10_sources-5046,3,candidate,10,294.8577042,0.0029175831004977226,10,1.0,2948.577042,True,
LOCAL-v1-q3-exactly10_sources-5047,3,candidate,10,269.6468254,0.0028866659849882126,10,1.0,2696.468254,True,
LOCAL-v1-q3-exactly10_sources-5048,3,candidate,10,275.7714865,0.002795457956381142,10,1.0,2757.714865,True,
LOCAL-v1-q3-exactly10_sources-5049,3,candidate,10,291.4412015,0.002868875046260655,10,1.0,2914.412015,True,
LOCAL-v1-q3-exactly10_sources-5050,3,candidate,10,279.8235707,0.002373624942265451,10,1.0,2798.235707,True,
LOCAL-v1-q3-exactly10_sources-5051,3,candidate,10,316.9215507,0.0018852080684155226,10,1.0,3169.215507,True,
LOCAL-v1-q3-exactly10_sources-5052,3,candidate,10,321.1129211,0.0021510000806301832,10,1.0,3211.129211,True,
LOCAL-v1-q3-exactly10_sources-5053,3,candidate,10,261.4669743,0.0026415419997647405,10,1.0,2614.669743,True,
LOCAL-v1-q3-exactly10_sources-5054,3,candidate,10,305.5850041,0.0019834169652312994,10,1.0,3055.850041,True,
LOCAL-v1-q3-exactly10_sources-5055,3,candidate,10,282.87159529999997,0.002181667019613087,10,1.0,2828.715953,True,
LOCAL-v1-q3-exactly10_sources-5056,3,candidate,10,316.2519579,0.0028960841009393334,10,1.0,3162.519579,True,
LOCAL-v1-q3-exactly10_sources-5057,3,candidate,10,275.8177106,0.003099084016866982,10,1.0,2758.177106,True,
LOCAL-v1-q3-exactly10_sources-5058,3,candidate,10,298.4841013,0.0032570420298725367,10,1.0,2984.841013,True,
LOCAL-v1-q3-exactly10_sources-5059,3,candidate,10,299.5987943,0.0025633329059928656,10,1.0,2995.987943,True,
LOCAL-v1-q3-exactly10_sources-5060,3,candidate,10,276.1005118,0.0019285839516669512,10,1.0,2761.005118,True,
LOCAL-v1-q3-exactly10_sources-5061,3,candidate,10,272.5532412,0.002303167013451457,10,1.0,2725.532412,True,
LOCAL-v1-q3-exactly10_sources-5062,3,candidate,10,311.5033936,0.0015757500659674406,10,1.0,3115.033936,True,
LOCAL-v1-q3-exactly10_sources-5063,3,candidate,10,295.8424862,0.001432333025150001,10,1.0,2958.424862,True,
LOCAL-v1-q3-exactly10_sources-5064,3,candidate,10,294.9884989,0.0030616249423474073,10,1.0,2949.884989,True,
LOCAL-v1-q3-exactly10_sources-5065,3,candidate,10,277.0121415,0.0025342920562252402,10,1.0,2770.121415,True,
LOCAL-v1-q3-exactly10_sources-5066,3,candidate,10,250.40109999999999,0.0021411250345408916,10,1.0,2504.011,True,
LOCAL-v1-q3-exactly10_sources-5067,3,candidate,10,308.18261309999997,0.0022160829976201057,10,1.0,3081.826131,True,
LOCAL-v1-q3-exactly10_sources-5068,3,candidate,10,290.44127979999996,0.002575957914814353,10,1.0,2904.412798,True,
LOCAL-v1-q3-exactly10_sources-5069,3,candidate,10,287.9326634,0.0021571669494733214,10,1.0,2879.326634,True,
LOCAL-v1-q3-exactly10_sources-5070,3,candidate,10,298.2209864,0.002442333963699639,10,1.0,2982.209864,True,
LOCAL-v1-q3-exactly10_sources-5071,3,candidate,10,306.1393789,0.0023577079409733415,10,1.0,3061.393789,True,
LOCAL-v1-q3-exactly10_sources-5072,3,candidate,10,294.3986946,0.002183999982662499,10,1.0,2943.986946,True,
LOCAL-v1-q3-exactly10_sources-5073,3,candidate,10,273.9838253,0.0025430000387132168,10,1.0,2739.838253,True,
LOCAL-v1-q3-exactly10_sources-5074,3,candidate,10,333.6727445,0.0026978329988196492,10,1.0,3336.727445,True,
LOCAL-v1-q3-exactly10_sources-5075,3,candidate,10,269.476894,0.0025498330360278487,10,1.0,2694.76894,True,
LOCAL-v1-q3-exactly10_sources-5076,3,candidate,10,306.99791719999996,0.001937124994583428,10,1.0,3069.979172,True,
LOCAL-v1-q3-exactly10_sources-5077,3,candidate,10,275.9293516,0.0027036250103265047,10,1.0,2759.293516,True,
LOCAL-v1-q3-exactly10_sources-5078,3,candidate,10,273.7106433,0.0027909999480471015,10,1.0,2737.106433,True,
LOCAL-v1-q3-exactly10_sources-5079,3,candidate,10,286.0816636,0.0029714169213548303,10,1.0,2860.816636,True,
LOCAL-v1-q3-exactly10_sources-5080,3,candidate,10,276.2602664,0.002640834078192711,10,1.0,2762.602664,True,
LOCAL-v1-q3-exactly10_sources-5081,3,candidate,10,278.3537655,0.0031782080186530948,10,1.0,2783.537655,True,
LOCAL-v1-q3-exactly10_sources-5082,3,candidate,10,319.2808455,0.0022478329483419657,10,1.0,3192.808455,True,
LOCAL-v1-q3-exactly10_sources-5083,3,candidate,10,283.2864902,0.0023863750975579023,10,1.0,2832.864902,True,
LOCAL-v1-q3-exactly10_sources-5084,3,candidate,10,296.02940010000003,0.002028082963079214,10,1.0,2960.294001,True,
LOCAL-v1-q3-exactly10_sources-5085,3,candidate,10,310.4585509,0.0024238749174401164,10,1.0,3104.585509,True,
LOCAL-v1-q3-exactly10_sources-5086,3,candidate,10,279.38177099999996,0.002276209066621959,10,1.0,2793.81771,True,
LOCAL-v1-q3-exactly10_sources-5087,3,candidate,10,277.2424286,0.002003708970732987,10,1.0,2772.424286,True,
LOCAL-v1-q3-exactly10_sources-5088,3,candidate,10,304.09526489999996,0.0023329579271376133,10,1.0,3040.952649,True,
LOCAL-v1-q3-exactly10_sources-5089,3,candidate,10,291.3389998,0.001733790966682136,10,1.0,2913.389998,True,
LOCAL-v1-q3-exactly10_sources-5090,3,candidate,10,298.4977767,0.002397750038653612,10,1.0,2984.977767,True,
LOCAL-v1-q3-exactly10_sources-5091,3,candidate,10,329.0019853,0.002622084110043943,10,1.0,3290.019853,True,
LOCAL-v1-q3-exactly10_sources-5092,3,candidate,10,295.00519410000004,0.0027979579754173756,10,1.0,2950.051941,True,
LOCAL-v1-q3-exactly10_sources-5093,3,candidate,10,288.8263084,0.0022200000239536166,10,1.0,2888.263084,True,
LOCAL-v1-q3-exactly10_sources-5094,3,candidate,10,289.1829004,0.0018034999957308173,10,1.0,2891.829004,True,
LOCAL-v1-q3-exactly10_sources-5095,3,candidate,10,327.5397246,0.002765375073067844,10,1.0,3275.397246,True,
LOCAL-v1-q3-exactly10_sources-5096,3,candidate,10,315.4592169,0.0017267079092562199,10,1.0,3154.592169,True,
LOCAL-v1-q3-exactly10_sources-5097,3,candidate,10,242.34368949999998,0.0033504170132800937,10,1.0,2423.436895,True,
LOCAL-v1-q3-exactly10_sources-5098,3,candidate,10,297.78234299999997,0.002649082918651402,10,1.0,2977.82343,True,
LOCAL-v1-q3-exactly10_sources-5099,3,candidate,10,287.72341240000003,0.002294000005349517,10,1.0,2877.234124,True,
LOCAL-v1-q3-exactly16_sources-5000,3,candidate,16,219.8052938125,0.004356708028353751,16,1.0,3516.884701,True,
LOCAL-v1-q3-exactly16_sources-5001,3,candidate,16,173.2804815,0.005636833026073873,16,1.0,2772.487704,True,
LOCAL-v1-q3-exactly16_sources-5002,3,candidate,16,211.2270525,0.0032002499792724848,16,1.0,3379.63284,True,
LOCAL-v1-q3-exactly16_sources-5003,3,candidate,16,220.0724806875,0.0047958329087123275,16,1.0,3521.159691,True,
LOCAL-v1-q3-exactly16_sources-5004,3,candidate,16,220.7226993125,0.004722208017483354,16,1.0,3531.563189,True,
LOCAL-v1-q3-exactly16_sources-5005,3,candidate,16,222.9866020625,0.004520124988630414,16,1.0,3567.785633,True,
LOCAL-v1-q3-exactly16_sources-5006,3,candidate,16,195.794677,0.005127207958139479,16,1.0,3132.714832,True,
LOCAL-v1-q3-exactly16_sources-5007,3,candidate,16,197.74692125,0.00436500005889684,16,1.0,3163.95074,True,
LOCAL-v1-q3-exactly16_sources-5008,3,candidate,16,175.389584625,0.005986874923110008,16,1.0,2806.233354,True,
LOCAL-v1-q3-exactly16_sources-5009,3,candidate,16,199.27368,0.005116875050589442,16,1.0,3188.37888,True,
LOCAL-v1-q3-exactly16_sources-5010,3,candidate,16,214.246994875,0.004880332970060408,16,1.0,3427.951918,True,
LOCAL-v1-q3-exactly16_sources-5011,3,candidate,16,176.290488625,0.004577165935188532,16,1.0,2820.647818,True,
LOCAL-v1-q3-exactly16_sources-5012,3,candidate,16,190.2192429375,0.005040041985921562,16,1.0,3043.507887,True,
LOCAL-v1-q3-exactly16_sources-5013,3,candidate,16,227.4203755625,0.004935750039294362,16,1.0,3638.726009,True,
LOCAL-v1-q3-exactly16_sources-5014,3,candidate,16,222.1304991875,0.003820209065452218,16,1.0,3554.087987,True,
LOCAL-v1-q3-exactly16_sources-5015,3,candidate,16,184.470879375,0.004081333987414837,16,1.0,2951.53407,True,
LOCAL-v1-q3-exactly16_sources-5016,3,candidate,16,219.5260180625,0.004577666986733675,16,1.0,3512.416289,True,
LOCAL-v1-q3-exactly16_sources-5017,3,candidate,16,204.5460801875,0.0038999159587547183,16,1.0,3272.737283,True,
LOCAL-v1-q3-exactly16_sources-5018,3,candidate,16,202.93437175,0.004352624993771315,16,1.0,3246.949948,True,
LOCAL-v1-q3-exactly16_sources-5019,3,candidate,16,210.9155155,0.004982667043805122,16,1.0,3374.648248,True,
LOCAL-v1-q3-exactly16_sources-5020,3,candidate,16,202.9859630625,0.005401791888289154,16,1.0,3247.775409,True,
LOCAL-v1-q3-exactly16_sources-5021,3,candidate,16,190.7566946875,0.004589374992065132,16,1.0,3052.107115,True,
LOCAL-v1-q3-exactly16_sources-5022,3,candidate,16,209.4758535625,0.0039037909591570497,16,1.0,3351.613657,True,
LOCAL-v1-q3-exactly16_sources-5023,3,candidate,16,226.2588411875,0.004373125033453107,16,1.0,3620.141459,True,
LOCAL-v1-q3-exactly16_sources-5024,3,candidate,16,186.3545854375,0.004329625051468611,16,1.0,2981.673367,True,
LOCAL-v1-q3-exactly16_sources-5025,3,candidate,16,219.419455125,0.006637707934714854,16,1.0,3510.711282,True,
LOCAL-v1-q3-exactly16_sources-5026,3,candidate,16,189.479841375,0.00553775008302182,16,1.0,3031.677462,True,
LOCAL-v1-q3-exactly16_sources-5027,3,candidate,16,201.3670800625,0.005287625011987984,16,1.0,3221.873281,True,
LOCAL-v1-q3-exactly16_sources-5028,3,candidate,16,210.535942125,0.004709665896371007,16,1.0,3368.575074,True,
LOCAL-v1-q3-exactly16_sources-5029,3,candidate,16,186.7927326875,0.004716875031590462,16,1.0,2988.683723,True,
LOCAL-v1-q3-exactly16_sources-5030,3,candidate,16,201.733716125,0.0038706250488758087,16,1.0,3227.739458,True,
LOCAL-v1-q3-exactly16_sources-5031,3,candidate,16,217.2523683125,0.004869875032454729,16,1.0,3476.037893,True,
LOCAL-v1-q3-exactly16_sources-5032,3,candidate,16,206.37213875,0.005463916924782097,16,1.0,3301.95422,True,
LOCAL-v1-q3-exactly16_sources-5033,3,candidate,16,194.6849375,0.0049798330292105675,16,1.0,3114.959,True,
LOCAL-v1-q3-exactly16_sources-5034,3,candidate,16,182.21920875,0.005365458899177611,16,1.0,2915.50734,True,
LOCAL-v1-q3-exactly16_sources-5035,3,candidate,16,222.387983875,0.005382625036872923,16,1.0,3558.207742,True,
LOCAL-v1-q3-exactly16_sources-5036,3,candidate,16,204.8599661875,0.004837458953261375,16,1.0,3277.759459,True,
LOCAL-v1-q3-exactly16_sources-5037,3,candidate,16,206.4044009375,0.005635041976347566,16,1.0,3302.470415,True,
LOCAL-v1-q3-exactly16_sources-5038,3,candidate,16,203.955214625,0.005978666944429278,16,1.0,3263.283434,True,
LOCAL-v1-q3-exactly16_sources-5039,3,candidate,16,191.07944625,0.004787500016391277,16,1.0,3057.27114,True,
LOCAL-v1-q3-exactly16_sources-5040,3,candidate,16,217.0435453125,0.004022750072181225,16,1.0,3472.696725,True,
LOCAL-v1-q3-exactly16_sources-5041,3,candidate,16,244.1603129375,0.003894958063028753,16,1.0,3906.565007,True,
LOCAL-v1-q3-exactly16_sources-5042,3,candidate,16,211.128543375,0.004984416998922825,16,1.0,3378.056694,True,
LOCAL-v1-q3-exactly16_sources-5043,3,candidate,16,193.2727679375,0.004911249969154596,16,1.0,3092.364287,True,
LOCAL-v1-q3-exactly16_sources-5044,3,candidate,16,187.598224,0.0056689169723540545,16,1.0,3001.571584,True,
LOCAL-v1-q3-exactly16_sources-5045,3,candidate,16,187.0436665,0.006946249981410801,16,1.0,2992.698664,True,
LOCAL-v1-q3-exactly16_sources-5046,3,candidate,16,210.57721375,0.005368332960642874,16,1.0,3369.23542,True,
LOCAL-v1-q3-exactly16_sources-5047,3,candidate,16,200.3182195625,0.004288042080588639,16,1.0,3205.091513,True,
LOCAL-v1-q3-exactly16_sources-5048,3,candidate,16,204.64394775,0.006205708021298051,16,1.0,3274.303164,True,
LOCAL-v1-q3-exactly16_sources-5049,3,candidate,16,181.8846403125,0.005455459002405405,16,1.0,2910.154245,True,
LOCAL-v1-q3-exactly16_sources-5050,3,candidate,16,213.51180425,0.0048874589847400784,16,1.0,3416.188868,True,
LOCAL-v1-q3-exactly16_sources-5051,3,candidate,16,215.8523043125,0.003956582979299128,16,1.0,3453.636869,True,
LOCAL-v1-q3-exactly16_sources-5052,3,candidate,16,183.4948469375,0.0036547089694067836,16,1.0,2935.917551,True,
LOCAL-v1-q3-exactly16_sources-5053,3,candidate,16,235.2012065625,0.0038560419343411922,16,1.0,3763.219305,True,
LOCAL-v1-q3-exactly16_sources-5054,3,candidate,16,238.409163875,0.0041727080242708325,16,1.0,3814.546622,True,
LOCAL-v1-q3-exactly16_sources-5055,3,candidate,16,203.6443168125,0.007056540925987065,16,1.0,3258.309069,True,
LOCAL-v1-q3-exactly16_sources-5056,3,candidate,16,211.5748010625,0.004751792061142623,16,1.0,3385.196817,True,
LOCAL-v1-q3-exactly16_sources-5057,3,candidate,16,200.3017030625,0.004555792082101107,16,1.0,3204.827249,True,
LOCAL-v1-q3-exactly16_sources-5058,3,candidate,16,187.741056,0.003907374921254814,16,1.0,3003.856896,True,
LOCAL-v1-q3-exactly16_sources-5059,3,candidate,16,209.738190875,0.003968707984313369,16,1.0,3355.811054,True,
LOCAL-v1-q3-exactly16_sources-5060,3,candidate,16,196.1720475625,0.005634541972540319,16,1.0,3138.752761,True,
LOCAL-v1-q3-exactly16_sources-5061,3,candidate,16,220.0147169375,0.0038235419197008014,16,1.0,3520.235471,True,
LOCAL-v1-q3-exactly16_sources-5062,3,candidate,16,213.8038993125,0.004271999932825565,16,1.0,3420.862389,True,
LOCAL-v1-q3-exactly16_sources-5063,3,candidate,16,172.5406299375,0.004240333917550743,16,1.0,2760.650079,True,
LOCAL-v1-q3-exactly16_sources-5064,3,candidate,16,215.531034,0.003665708005428314,16,1.0,3448.496544,True,
LOCAL-v1-q3-exactly16_sources-5065,3,candidate,16,209.520228875,0.004790249979123473,16,1.0,3352.323662,True,
LOCAL-v1-q3-exactly16_sources-5066,3,candidate,16,195.4991500625,0.003274083021096885,16,1.0,3127.986401,True,
LOCAL-v1-q3-exactly16_sources-5067,3,candidate,16,221.72415325,0.004937833058647811,16,1.0,3547.586452,True,
LOCAL-v1-q3-exactly16_sources-5068,3,candidate,16,206.537011875,0.004660999984480441,16,1.0,3304.59219,True,
LOCAL-v1-q3-exactly16_sources-5069,3,candidate,16,216.984745625,0.005558625096455216,16,1.0,3471.75593,True,
LOCAL-v1-q3-exactly16_sources-5070,3,candidate,16,183.3816975625,0.00367916701361537,16,1.0,2934.107161,True,
LOCAL-v1-q3-exactly16_sources-5071,3,candidate,16,186.8612095,0.004128290922380984,16,1.0,2989.779352,True,
LOCAL-v1-q3-exactly16_sources-5072,3,candidate,16,219.0038500625,0.004847708041779697,16,1.0,3504.061601,True,
LOCAL-v1-q3-exactly16_sources-5073,3,candidate,16,165.5489268125,0.005704250070266426,16,1.0,2648.782829,True,
LOCAL-v1-q3-exactly16_sources-5074,3,candidate,16,226.036115,0.004820249974727631,16,1.0,3616.57784,True,
LOCAL-v1-q3-exactly16_sources-5075,3,candidate,16,222.4966521875,0.005460417014546692,16,1.0,3559.946435,True,
LOCAL-v1-q3-exactly16_sources-5076,3,candidate,16,201.7035405,0.0062752499943599105,16,1.0,3227.256648,True,
LOCAL-v1-q3-exactly16_sources-5077,3,candidate,16,186.15213175,0.005226499983109534,16,1.0,2978.434108,True,
LOCAL-v1-q3-exactly16_sources-5078,3,candidate,16,189.230272,0.007001375081017613,16,1.0,3027.684352,True,
LOCAL-v1-q3-exactly16_sources-5079,3,candidate,16,225.28350575,0.004625040921382606,16,1.0,3604.536092,True,
LOCAL-v1-q3-exactly16_sources-5080,3,candidate,16,187.9384028125,0.0038520829984918237,16,1.0,3007.014445,True,
LOCAL-v1-q3-exactly16_sources-5081,3,candidate,16,231.0307404375,0.00548204209189862,16,1.0,3696.491847,True,
LOCAL-v1-q3-exactly16_sources-5082,3,candidate,16,194.0016834375,0.0032071250025182962,16,1.0,3104.026935,True,
LOCAL-v1-q3-exactly16_sources-5083,3,candidate,16,220.719181625,0.003762125037610531,16,1.0,3531.506906,True,
LOCAL-v1-q3-exactly16_sources-5084,3,candidate,16,228.428296625,0.0037144580855965614,16,1.0,3654.852746,True,
LOCAL-v1-q3-exactly16_sources-5085,3,candidate,16,196.9282345,0.005603249999694526,16,1.0,3150.851752,True,
LOCAL-v1-q3-exactly16_sources-5086,3,candidate,16,181.8820160625,0.005484874942339957,16,1.0,2910.112257,True,
LOCAL-v1-q3-exactly16_sources-5087,3,candidate,16,211.495095375,0.004001916968263686,16,1.0,3383.921526,True,
LOCAL-v1-q3-exactly16_sources-5088,3,candidate,16,194.6378813125,0.004662208026275039,16,1.0,3114.206101,True,
LOCAL-v1-q3-exactly16_sources-5089,3,candidate,16,180.8060271875,0.0063844999531283975,16,1.0,2892.896435,True,
LOCAL-v1-q3-exactly16_sources-5090,3,candidate,16,216.07445775,0.005080290953628719,16,1.0,3457.191324,True,
LOCAL-v1-q3-exactly16_sources-5091,3,candidate,16,218.3940975625,0.004521750030107796,16,1.0,3494.305561,True,
LOCAL-v1-q3-exactly16_sources-5092,3,candidate,16,217.4268733125,0.005261832964606583,16,1.0,3478.829973,True,
LOCAL-v1-q3-exactly16_sources-5093,3,candidate,16,224.016033875,0.004978541983291507,16,1.0,3584.256542,True,
LOCAL-v1-q3-exactly16_sources-5094,3,candidate,16,180.659668375,0.004573207930661738,16,1.0,2890.554694,True,
LOCAL-v1-q3-exactly16_sources-5095,3,candidate,16,213.19339925,0.004994834074750543,16,1.0,3411.094388,True,
LOCAL-v1-q3-exactly16_sources-5096,3,candidate,16,209.6779330625,0.004851749981753528,16,1.0,3354.846929,True,
LOCAL-v1-q3-exactly16_sources-5097,3,candidate,16,216.10642675,0.004846584051847458,16,1.0,3457.702828,True,
LOCAL-v1-q3-exactly16_sources-5098,3,candidate,16,201.575043375,0.004238000023178756,16,1.0,3225.200694,True,
LOCAL-v1-q3-exactly16_sources-5099,3,candidate,16,212.30233475,0.0038431250723078847,16,1.0,3396.837356,True,
LOCAL-v1-q4-reference_assumed-5000,4,candidate,11,493.35535045454543,0.011796083999797702,11,1.0,5426.908855,True,
LOCAL-v1-q4-reference_assumed-5001,4,candidate,14,443.7740887142857,0.012654541991651058,14,1.0,6212.837242,True,
LOCAL-v1-q4-reference_assumed-5002,4,candidate,15,425.1881738,0.015523749985732138,15,1.0,6377.822607,True,
LOCAL-v1-q4-reference_assumed-5003,4,candidate,11,541.124076909091,0.011012999922968447,11,1.0,5952.364846,True,
LOCAL-v1-q4-reference_assumed-5004,4,candidate,12,480.5441124166667,0.015393874957226217,12,1.0,5766.529349,True,
LOCAL-v1-q4-reference_assumed-5005,4,candidate,11,524.3861320909091,0.016051415936090052,11,1.0,5768.247453,True,
LOCAL-v1-q4-reference_assumed-5006,4,candidate,11,543.3519153636363,0.013253458077087998,11,1.0,5976.871069,True,
LOCAL-v1-q4-reference_assumed-5007,4,candidate,11,569.1892139090909,0.012122750049456954,11,1.0,6261.081353,True,
LOCAL-v1-q4-reference_assumed-5008,4,candidate,10,593.2776337,0.011051542009226978,10,1.0,5932.776337,True,
LOCAL-v1-q4-reference_assumed-5009,4,candidate,14,449.94750935714285,0.013784084003418684,14,1.0,6299.265131,True,
LOCAL-v1-q4-reference_assumed-5010,4,candidate,12,513.40513125,0.014977958053350449,12,1.0,6160.861575,True,
LOCAL-v1-q4-reference_assumed-5011,4,candidate,15,392.7202605333333,0.01725904201157391,15,1.0,5890.803908,True,
LOCAL-v1-q4-reference_assumed-5012,4,candidate,10,625.8986888000001,0.008171833003871143,10,1.0,6258.986888,True,
LOCAL-v1-q4-reference_assumed-5013,4,candidate,12,513.190597,0.014326791977509856,12,1.0,6158.287164,True,
LOCAL-v1-q4-reference_assumed-5014,4,candidate,11,534.7999773636363,0.014019166002981365,11,1.0,5882.799751,True,
LOCAL-v1-q4-reference_assumed-5015,4,candidate,12,554.1963010833333,0.014967874973081052,12,1.0,6650.355613,True,
LOCAL-v1-q4-reference_assumed-5016,4,candidate,16,363.2503269375,0.02008749998640269,16,1.0,5812.005231,True,
LOCAL-v1-q4-reference_assumed-5017,4,candidate,15,467.58497520000003,0.014101624954491854,15,1.0,7013.774628,True,
LOCAL-v1-q4-reference_assumed-5018,4,candidate,10,624.5909796,0.00842295796610415,10,1.0,6245.909796,True,
LOCAL-v1-q4-reference_assumed-5019,4,candidate,11,529.5883246363636,0.010185041930526495,11,1.0,5825.471571,True,
LOCAL-v1-q4-reference_assumed-5020,4,candidate,16,334.8895335625,0.018502291990444064,16,1.0,5358.232537,True,
LOCAL-v1-q4-reference_assumed-5021,4,candidate,14,450.747648,0.016840166063047945,14,1.0,6310.467072,True,
LOCAL-v1-q4-reference_assumed-5022,4,candidate,14,468.6234479285714,0.013515333062969148,14,1.0,6560.728271,True,
LOCAL-v1-q4-reference_assumed-5023,4,candidate,15,421.03829586666666,0.014064417104236782,15,1.0,6315.574438,True,
LOCAL-v1-q4-reference_assumed-5024,4,candidate,13,453.9998553846154,0.01528016699012369,13,1.0,5901.99812,True,
LOCAL-v1-q4-reference_assumed-5025,4,candidate,12,517.2570805,0.00967962492723018,12,1.0,6207.084966,True,
LOCAL-v1-q4-reference_assumed-5026,4,candidate,15,386.8471442,0.018338500056415796,15,1.0,5802.707163,True,
LOCAL-v1-q4-reference_assumed-5027,4,candidate,11,516.8125682727273,0.010075207916088402,11,1.0,5684.938251,True,
LOCAL-v1-q4-reference_assumed-5028,4,candidate,10,620.788516,0.010812916094437242,10,1.0,6207.88516,True,
LOCAL-v1-q4-reference_assumed-5029,4,candidate,11,588.4223770909091,0.011206958908587694,11,1.0,6472.646148,True,
LOCAL-v1-q4-reference_assumed-5030,4,candidate,12,497.45546033333335,0.011827999958768487,12,1.0,5969.465524,True,
LOCAL-v1-q4-reference_assumed-5031,4,candidate,15,444.5740858666667,0.015137166017666459,15,1.0,6668.611288,True,
LOCAL-v1-q4-reference_assumed-5032,4,candidate,11,531.2827704545455,0.012629542034119368,11,1.0,5844.110475,True,
LOCAL-v1-q4-reference_assumed-5033,4,candidate,14,404.4428125,0.02471195801626891,14,1.0,5662.199375,True,
LOCAL-v1-q4-reference_assumed-5034,4,candidate,16,360.3046191875,0.015889958012849092,16,1.0,5764.873907,True,
LOCAL-v1-q4-reference_assumed-5035,4,candidate,10,596.4832623,0.007262583007104695,10,1.0,5964.832623,True,
LOCAL-v1-q4-reference_assumed-5036,4,candidate,15,426.6155647333333,0.013953291927464306,15,1.0,6399.233471,True,
LOCAL-v1-q4-reference_assumed-5037,4,candidate,15,410.97326400000003,0.017716708010993898,15,1.0,6164.59896,True,
LOCAL-v1-q4-reference_assumed-5038,4,candidate,16,306.8772768125,0.016702583990991116,16,1.0,4910.036429,True,
LOCAL-v1-q4-reference_assumed-5039,4,candidate,10,605.4334881,0.011734458967112005,10,1.0,6054.334881,True,
LOCAL-v1-q4-reference_assumed-5040,4,candidate,15,397.35625940000006,0.017073582974262536,15,1.0,5960.343891,True,
LOCAL-v1-q4-reference_assumed-5041,4,candidate,15,409.0270705333333,0.015445083030499518,15,1.0,6135.406058,True,
LOCAL-v1-q4-reference_assumed-5042,4,candidate,11,533.7733095454546,0.012376415892504156,11,1.0,5871.506405,True,
LOCAL-v1-q4-reference_assumed-5043,4,candidate,12,551.647074,0.011903000064194202,12,1.0,6619.764888,True,
LOCAL-v1-q4-reference_assumed-5044,4,candidate,11,610.1137994545454,0.010453457944095135,11,1.0,6711.251794,True,
LOCAL-v1-q4-reference_assumed-5045,4,candidate,11,511.23510672727275,0.015042042010463774,11,1.0,5623.586174,True,
LOCAL-v1-q4-reference_assumed-5046,4,candidate,10,633.9934527,0.010685875080525875,10,1.0,6339.934527,True,
LOCAL-v1-q4-reference_assumed-5047,4,candidate,16,248.9073865,0.020314874942414463,16,1.0,3982.518184,True,
LOCAL-v1-q4-reference_assumed-5048,4,candidate,12,481.48385,0.013520166045054793,12,1.0,5777.8062,True,
LOCAL-v1-q4-reference_assumed-5049,4,candidate,10,635.9253943,0.00938145793043077,10,1.0,6359.253943,True,
LOCAL-v1-q4-reference_assumed-5050,4,candidate,15,387.42764646666666,0.02765916706994176,15,1.0,5811.414697,True,
LOCAL-v1-q4-reference_assumed-5051,4,candidate,11,557.2534710909091,0.012347458046860993,11,1.0,6129.788182,True,
LOCAL-v1-q4-reference_assumed-5052,4,candidate,13,463.10138199999994,0.014728624955751002,13,1.0,6020.317966,True,
LOCAL-v1-q4-reference_assumed-5053,4,candidate,16,304.0792786875,0.017095541930757463,16,1.0,4865.268459,True,
LOCAL-v1-q4-reference_assumed-5054,4,candidate,16,344.9881900625,0.019625375047326088,16,1.0,5519.811041,True,
LOCAL-v1-q4-reference_assumed-5055,4,candidate,12,528.03922575,0.008935958030633628,12,1.0,6336.470709,True,
LOCAL-v1-q4-reference_assumed-5056,4,candidate,13,499.21176415384616,0.011302166036330163,13,1.0,6489.752934,True,
LOCAL-v1-q4-reference_assumed-5057,4,candidate,13,491.6988581538462,0.013209249940700829,13,1.0,6392.085156,True,
LOCAL-v1-q4-reference_assumed-5058,4,candidate,14,401.7275877142857,0.01798033295199275,14,1.0,5624.186228,True,
LOCAL-v1-q4-reference_assumed-5059,4,candidate,12,463.6419099166667,0.015798249980434775,12,1.0,5563.702919,True,
LOCAL-v1-q4-reference_assumed-5060,4,candidate,11,546.1583017272727,0.008630249998532236,11,1.0,6007.741319,True,
LOCAL-v1-q4-reference_assumed-5061,4,candidate,13,510.59131446153845,0.0131345420377329,13,1.0,6637.687088,True,
LOCAL-v1-q4-reference_assumed-5062,4,candidate,16,235.091637375,0.014480583020485938,16,1.0,3761.466198,True,
LOCAL-v1-q4-reference_assumed-5063,4,candidate,15,407.2828648,0.01670483301859349,15,1.0,6109.242972,True,
LOCAL-v1-q4-reference_assumed-5064,4,candidate,13,493.42390246153843,0.012197208008728921,13,1.0,6414.510732,True,
LOCAL-v1-q4-reference_assumed-5065,4,candidate,12,559.2371251666667,0.011517541017383337,12,1.0,6710.845502,True,
LOCAL-v1-q4-reference_assumed-5066,4,candidate,10,617.6710858,0.009904042002744973,10,1.0,6176.710858,True,
LOCAL-v1-q4-reference_assumed-5067,4,candidate,16,358.9812051875,0.02300533396191895,16,1.0,5743.699283,True,
LOCAL-v1-q4-reference_assumed-5068,4,candidate,13,487.0420362307692,0.015640583005733788,13,1.0,6331.546471,True,
LOCAL-v1-q4-reference_assumed-5069,4,candidate,14,448.4953638571429,0.01430966705083847,14,1.0,6278.935094,True,
LOCAL-v1-q4-reference_assumed-5070,4,candidate,12,511.1250161666667,0.01266191597096622,12,1.0,6133.500194,True,
LOCAL-v1-q4-reference_assumed-5071,4,candidate,12,474.30377550000003,0.014610333018936217,12,1.0,5691.645306,True,
LOCAL-v1-q4-reference_assumed-5072,4,candidate,15,435.56293346666666,0.020003499928861856,15,1.0,6533.444002,True,
LOCAL-v1-q4-reference_assumed-5073,4,candidate,10,553.3022133000001,0.013906541047617793,10,1.0,5533.022133,True,
LOCAL-v1-q4-reference_assumed-5074,4,candidate,16,343.0683761875,0.021771583007648587,16,1.0,5489.094019,True,
LOCAL-v1-q4-reference_assumed-5075,4,candidate,15,393.6740375333333,0.01632537506520748,15,1.0,5905.110563,True,
LOCAL-v1-q4-reference_assumed-5076,4,candidate,12,533.5355045833334,0.014754791976884007,12,1.0,6402.426055,True,
LOCAL-v1-q4-reference_assumed-5077,4,candidate,14,417.6455072142857,0.016255374997854233,14,1.0,5847.037101,True,
LOCAL-v1-q4-reference_assumed-5078,4,candidate,13,483.581899,0.020241749938577414,13,1.0,6286.564687,True,
LOCAL-v1-q4-reference_assumed-5079,4,candidate,10,610.8405303,0.014474875060841441,10,1.0,6108.405303,True,
LOCAL-v1-q4-reference_assumed-5080,4,candidate,10,618.0457067,0.009532917058095336,10,1.0,6180.457067,True,
LOCAL-v1-q4-reference_assumed-5081,4,candidate,16,386.4276723125,0.017339125042781234,16,1.0,6182.842757,True,
LOCAL-v1-q4-reference_assumed-5082,4,candidate,13,458.74268553846156,0.012343208072707057,13,1.0,5963.654912,True,
LOCAL-v1-q4-reference_assumed-5083,4,candidate,13,468.55779630769234,0.01603266701567918,13,1.0,6091.251352,True,
LOCAL-v1-q4-reference_assumed-5084,4,candidate,14,497.6947187857143,0.02159520797431469,14,1.0,6967.726063,True,
LOCAL-v1-q4-reference_assumed-5085,4,candidate,15,399.2884138,0.017204749980010092,15,1.0,5989.326207,True,
LOCAL-v1-q4-reference_assumed-5086,4,candidate,12,527.8631788333333,0.014334207982756197,12,1.0,6334.358146,True,
LOCAL-v1-q4-reference_assumed-5087,4,candidate,13,448.1409033846154,0.012048625038005412,13,1.0,5825.831744,True,
LOCAL-v1-q4-reference_assumed-5088,4,candidate,16,377.0863971875,0.017411084030754864,16,1.0,6033.382355,True,
LOCAL-v1-q4-reference_assumed-5089,4,candidate,15,373.14579886666667,0.017438124981708825,15,1.0,5597.186983,True,
LOCAL-v1-q4-reference_assumed-5090,4,candidate,14,447.9506685,0.014526665909215808,14,1.0,6271.309359,True,
LOCAL-v1-q4-reference_assumed-5091,4,candidate,12,520.9602811666667,0.014789166976697743,12,1.0,6251.523374,True,
LOCAL-v1-q4-reference_assumed-5092,4,candidate,11,532.8184520909091,0.014041624963283539,11,1.0,5861.002973,True,
LOCAL-v1-q4-reference_assumed-5093,4,candidate,15,453.27067093333335,0.021396458032540977,15,1.0,6799.060064,True,
LOCAL-v1-q4-reference_assumed-5094,4,candidate,11,580.7227899999999,0.008872416918165982,11,1.0,6387.95069,True,
LOCAL-v1-q4-reference_assumed-5095,4,candidate,10,613.8378801,0.007343958015553653,10,1.0,6138.378801,True,
LOCAL-v1-q4-reference_assumed-5096,4,candidate,14,404.04916585714284,0.018280708929523826,14,1.0,5656.688322,True,
LOCAL-v1-q4-reference_assumed-5097,4,candidate,13,464.82141192307694,0.013726417091675103,13,1.0,6042.678355,True,
LOCAL-v1-q4-reference_assumed-5098,4,candidate,16,250.99085175,0.017571666976436973,16,1.0,4015.853628,True,
LOCAL-v1-q4-reference_assumed-5099,4,candidate,13,495.11090769230765,0.010840541101060808,13,1.0,6436.4418,True,
LOCAL-v1-q4-fixed_positive_bias-5000,4,candidate,11,498.59032072727274,0.012459040968678892,11,1.0,5484.493528,True,
LOCAL-v1-q4-fixed_positive_bias-5001,4,candidate,14,458.17578585714284,0.014631875092163682,14,1.0,6414.461002,True,
LOCAL-v1-q4-fixed_positive_bias-5002,4,candidate,15,411.9213818,0.016219542012549937,15,1.0,6178.820727,True,
LOCAL-v1-q4-fixed_positive_bias-5003,4,candidate,11,512.6095155454545,0.011683917022310197,11,1.0,5638.704671,True,
LOCAL-v1-q4-fixed_positive_bias-5004,4,candidate,12,481.49463041666667,0.016113333054818213,12,1.0,5777.935565,True,
LOCAL-v1-q4-fixed_positive_bias-5005,4,candidate,11,521.1788678181819,0.015798082924447954,11,1.0,5732.967546,True,
LOCAL-v1-q4-fixed_positive_bias-5006,4,candidate,11,568.0468754545454,0.014238541945815086,11,1.0,6248.51563,True,
LOCAL-v1-q4-fixed_positive_bias-5007,4,candidate,11,537.2914662727272,0.011525542009621859,11,1.0,5910.206129,True,
LOCAL-v1-q4-fixed_positive_bias-5008,4,candidate,10,605.0961778,0.011233416036702693,10,1.0,6050.961778,True,
LOCAL-v1-q4-fixed_positive_bias-5009,4,candidate,14,426.49555185714286,0.014511625049635768,14,1.0,5970.937726,True,
LOCAL-v1-q4-fixed_positive_bias-5010,4,candidate,12,515.8975960833333,0.016152790980413556,12,1.0,6190.771153,True,
LOCAL-v1-q4-fixed_positive_bias-5011,4,candidate,15,395.9578651333333,0.01723162503913045,15,1.0,5939.367977,True,
LOCAL-v1-q4-fixed_positive_bias-5012,4,candidate,10,626.5450423999999,0.008206082973629236,10,1.0,6265.450424,True,
LOCAL-v1-q4-fixed_positive_bias-5013,4,candidate,12,500.5434164166666,0.01566433405969292,12,1.0,6006.520997,True,
LOCAL-v1-q4-fixed_positive_bias-5014,4,candidate,11,532.245588,0.01389687496703118,11,1.0,5854.701468,True,
LOCAL-v1-q4-fixed_positive_bias-5015,4,candidate,12,544.7040665833333,0.014965750044211745,12,1.0,6536.448799,True,
LOCAL-v1-q4-fixed_positive_bias-5016,4,candidate,16,352.9821426875,0.019286709022708237,16,1.0,5647.714283,True,
LOCAL-v1-q4-fixed_positive_bias-5017,4,candidate,15,533.6352328666667,0.015036500059068203,15,1.0,8004.528493,True,
LOCAL-v1-q4-fixed_positive_bias-5018,4,candidate,10,611.2122996,0.008264792035333812,10,1.0,6112.122996,True,
LOCAL-v1-q4-fixed_positive_bias-5019,4,candidate,11,531.4115620909091,0.010538749978877604,11,1.0,5845.527183,True,
LOCAL-v1-q4-fixed_positive_bias-5020,4,candidate,16,318.4124723125,0.018928584060631692,16,1.0,5094.599557,True,
LOCAL-v1-q4-fixed_positive_bias-5021,4,candidate,14,437.58385007142857,0.013423832948319614,14,1.0,6126.173901,True,
LOCAL-v1-q4-fixed_positive_bias-5022,4,candidate,14,481.4398217857143,0.014353665988892317,14,1.0,6740.157505,True,
LOCAL-v1-q4-fixed_positive_bias-5023,4,candidate,15,423.5824502,0.014518333948217332,15,1.0,6353.736753,True,
LOCAL-v1-q4-fixed_positive_bias-5024,4,candidate,13,455.62179023076925,0.01605620898772031,13,1.0,5923.083273,True,
LOCAL-v1-q4-fixed_positive_bias-5025,4,candidate,12,522.0474401666667,0.010680209030397236,12,1.0,6264.569282,True,
LOCAL-v1-q4-fixed_positive_bias-5026,4,candidate,15,398.7131088,0.020608833990991116,15,1.0,5980.696632,True,
LOCAL-v1-q4-fixed_positive_bias-5027,4,candidate,11,515.2328985454545,0.010171749978326261,11,1.0,5667.561884,True,
LOCAL-v1-q4-fixed_positive_bias-5028,4,candidate,10,617.555339,0.010795833077281713,10,1.0,6175.55339,True,
LOCAL-v1-q4-fixed_positive_bias-5029,4,candidate,11,566.4254460000001,0.010530833038501441,11,1.0,6230.679906,True,
LOCAL-v1-q4-fixed_positive_bias-5030,4,candidate,12,494.8691906666666,0.01209466706495732,12,1.0,5938.430288,True,
LOCAL-v1-q4-fixed_positive_bias-5031,4,candidate,15,441.5404446,0.014591083978302777,15,1.0,6623.106669,True,
LOCAL-v1-q4-fixed_positive_bias-5032,4,candidate,11,542.3692289090909,0.01167037500999868,11,1.0,5966.061518,True,
LOCAL-v1-q4-fixed_positive_bias-5033,4,candidate,14,404.3941812857143,0.023973000003024936,14,1.0,5661.518538,True,
LOCAL-v1-q4-fixed_positive_bias-5034,4,candidate,16,408.927762,0.012496416922658682,16,1.0,6542.844192,True,
LOCAL-v1-q4-fixed_positive_bias-5035,4,candidate,10,601.1081346,0.00768020807299763,10,1.0,6011.081346,True,
LOCAL-v1-q4-fixed_positive_bias-5036,4,candidate,15,428.78860346666664,0.014205291983671486,15,1.0,6431.829052,True,
LOCAL-v1-q4-fixed_positive_bias-5037,4,candidate,15,428.16332486666664,0.019052083021961153,15,1.0,6422.449873,True,
LOCAL-v1-q4-fixed_positive_bias-5038,4,candidate,16,304.8208450625,0.01687995798420161,16,1.0,4877.133521,True,
LOCAL-v1-q4-fixed_positive_bias-5039,4,candidate,10,597.5845455,0.012445084052160382,10,1.0,5975.845455,True,
LOCAL-v1-q4-fixed_positive_bias-5040,4,candidate,15,400.751726,0.015303792082704604,15,1.0,6011.27589,True,
LOCAL-v1-q4-fixed_positive_bias-5041,4,candidate,15,414.67270893333335,0.015745999990031123,15,1.0,6220.090634,True,
LOCAL-v1-q4-fixed_positive_bias-5042,4,candidate,11,560.3638416363636,0.01289229211397469,11,1.0,6164.002258,True,
LOCAL-v1-q4-fixed_positive_bias-5043,4,candidate,12,561.2494395833334,0.01271429203916341,12,1.0,6734.993275,True,
LOCAL-v1-q4-fixed_positive_bias-5044,4,candidate,11,586.7574433636363,0.009778958046808839,11,1.0,6454.331877,True,
LOCAL-v1-q4-fixed_positive_bias-5045,4,candidate,11,513.4743346363637,0.014761875034309924,11,1.0,5648.217681,True,
LOCAL-v1-q4-fixed_positive_bias-5046,4,candidate,10,597.0701137,0.01050062500871718,10,1.0,5970.701137,True,
LOCAL-v1-q4-fixed_positive_bias-5047,4,candidate,16,298.075325,0.02237558295018971,16,1.0,4769.2052,True,
LOCAL-v1-q4-fixed_positive_bias-5048,4,candidate,12,493.19540966666665,0.013714042026549578,12,1.0,5918.344916,True,
LOCAL-v1-q4-fixed_positive_bias-5049,4,candidate,10,664.14889,0.009661125019192696,10,1.0,6641.4889,True,
LOCAL-v1-q4-fixed_positive_bias-5050,4,candidate,15,386.1182072666667,0.027405040920712054,15,1.0,5791.773109,True,
LOCAL-v1-q4-fixed_positive_bias-5051,4,candidate,11,575.0346129090909,0.012403583037666976,11,1.0,6325.380742,True,
LOCAL-v1-q4-fixed_positive_bias-5052,4,candidate,13,460.6170534615385,0.014915124978870153,13,1.0,5988.021695,True,
LOCAL-v1-q4-fixed_positive_bias-5053,4,candidate,16,320.44628175,0.021293874946422875,16,1.0,5127.140508,True,
LOCAL-v1-q4-fixed_positive_bias-5054,4,candidate,16,288.7178935,0.014413541997782886,16,1.0,4619.486296,True,
LOCAL-v1-q4-fixed_positive_bias-5055,4,candidate,12,539.4498820833334,0.009718290995806456,12,1.0,6473.398585,True,
LOCAL-v1-q4-fixed_positive_bias-5056,4,candidate,13,492.8623203076923,0.011230042087845504,13,1.0,6407.210164,True,
LOCAL-v1-q4-fixed_positive_bias-5057,4,candidate,13,483.8101747692308,0.015180625021457672,13,1.0,6289.532272,True,
LOCAL-v1-q4-fixed_positive_bias-5058,4,candidate,14,406.27002942857143,0.019061374943703413,14,1.0,5687.780412,True,
LOCAL-v1-q4-fixed_positive_bias-5059,4,candidate,12,449.04133583333333,0.01734424999449402,12,1.0,5388.49603,True,
LOCAL-v1-q4-fixed_positive_bias-5060,4,candidate,11,546.4782795454546,0.008898333995603025,11,1.0,6011.261075,True,
LOCAL-v1-q4-fixed_positive_bias-5061,4,candidate,13,518.0388952307692,0.014369708020240068,13,1.0,6734.505638,True,
LOCAL-v1-q4-fixed_positive_bias-5062,4,candidate,16,283.2318249375,0.01582120801322162,16,1.0,4531.709199,True,
LOCAL-v1-q4-fixed_positive_bias-5063,4,candidate,15,406.78447306666664,0.016095709055662155,15,1.0,6101.767096,True,
LOCAL-v1-q4-fixed_positive_bias-5064,4,candidate,13,472.02160376923075,0.015572167001664639,13,1.0,6136.280849,True,
LOCAL-v1-q4-fixed_positive_bias-5065,4,candidate,12,552.844541,0.011630665976554155,12,1.0,6634.134492,True,
LOCAL-v1-q4-fixed_positive_bias-5066,4,candidate,10,608.2536199,0.011013707960955799,10,1.0,6082.536199,True,
LOCAL-v1-q4-fixed_positive_bias-5067,4,candidate,16,370.455208625,0.020588958985172212,16,1.0,5927.283338,True,
LOCAL-v1-q4-fixed_positive_bias-5068,4,candidate,13,512.0477236923077,0.015964083024300635,13,1.0,6656.620408,True,
LOCAL-v1-q4-fixed_positive_bias-5069,4,candidate,14,477.12872357142857,0.015148333040997386,14,1.0,6679.80213,True,
LOCAL-v1-q4-fixed_positive_bias-5070,4,candidate,12,519.50116325,0.013053041999228299,12,1.0,6234.013959,True,
LOCAL-v1-q4-fixed_positive_bias-5071,4,candidate,12,497.89656091666666,0.01611612504348159,12,1.0,5974.758731,True,
LOCAL-v1-q4-fixed_positive_bias-5072,4,candidate,15,453.39704566666666,0.016983207897283137,15,1.0,6800.955685,True,
LOCAL-v1-q4-fixed_positive_bias-5073,4,candidate,10,550.8983132999999,0.01390816702041775,10,1.0,5508.983133,True,
LOCAL-v1-q4-fixed_positive_bias-5074,4,candidate,16,307.29539675,0.021781499963253736,16,1.0,4916.726348,True,
LOCAL-v1-q4-fixed_positive_bias-5075,4,candidate,15,397.35994653333336,0.01744824997149408,15,1.0,5960.399198,True,
LOCAL-v1-q4-fixed_positive_bias-5076,4,candidate,12,528.2229255833333,0.015594332944601774,12,1.0,6338.675107,True,
LOCAL-v1-q4-fixed_positive_bias-5077,4,candidate,14,419.3704472142857,0.016525625018402934,14,1.0,5871.186261,True,
LOCAL-v1-q4-fixed_positive_bias-5078,4,candidate,13,479.64160353846154,0.018908209051005542,13,1.0,6235.340846,True,
LOCAL-v1-q4-fixed_positive_bias-5079,4,candidate,10,579.6388272,0.014383250032551587,10,1.0,5796.388272,True,
LOCAL-v1-q4-fixed_positive_bias-5080,4,candidate,10,611.9191840000001,0.0104088339721784,10,1.0,6119.19184,True,
LOCAL-v1-q4-fixed_positive_bias-5081,4,candidate,16,307.2271475,0.022840957972221076,16,1.0,4915.63436,True,
LOCAL-v1-q4-fixed_positive_bias-5082,4,candidate,13,453.5876492307692,0.011901041958481073,13,1.0,5896.63944,True,
LOCAL-v1-q4-fixed_positive_bias-5083,4,candidate,13,430.36285007692305,0.017569500021636486,13,1.0,5594.717051,True,
LOCAL-v1-q4-fixed_positive_bias-5084,4,candidate,14,431.2024100714286,0.018501583021134138,14,1.0,6036.833741,True,
LOCAL-v1-q4-fixed_positive_bias-5085,4,candidate,15,401.5751214,0.017525333096273243,15,1.0,6023.626821,True,
LOCAL-v1-q4-fixed_positive_bias-5086,4,candidate,12,504.97637258333333,0.014542666962370276,12,1.0,6059.716471,True,
LOCAL-v1-q4-fixed_positive_bias-5087,4,candidate,13,447.4101630769231,0.012105709058232605,13,1.0,5816.33212,True,
LOCAL-v1-q4-fixed_positive_bias-5088,4,candidate,16,372.7233921875,0.016181624960154295,16,1.0,5963.574275,True,
LOCAL-v1-q4-fixed_positive_bias-5089,4,candidate,15,370.19471493333333,0.017694999929517508,15,1.0,5552.920724,True,
LOCAL-v1-q4-fixed_positive_bias-5090,4,candidate,14,424.4437877857143,0.017464041942730546,14,1.0,5942.213029,True,
LOCAL-v1-q4-fixed_positive_bias-5091,4,candidate,12,517.8324536666667,0.015069334069266915,12,1.0,6213.989444,True,
LOCAL-v1-q4-fixed_positive_bias-5092,4,candidate,11,542.5200286363636,0.013232790981419384,11,1.0,5967.720315,True,
LOCAL-v1-q4-fixed_positive_bias-5093,4,candidate,15,417.4391776666667,0.015831624972634017,15,1.0,6261.587665,True,
LOCAL-v1-q4-fixed_positive_bias-5094,4,candidate,11,567.1243983636364,0.011972208973020315,11,1.0,6238.368382,True,
LOCAL-v1-q4-fixed_positive_bias-5095,4,candidate,10,613.5230953,0.007647500024177134,10,1.0,6135.230953,True,
LOCAL-v1-q4-fixed_positive_bias-5096,4,candidate,14,403.0127102142857,0.018708665971644223,14,1.0,5642.177943,True,
LOCAL-v1-q4-fixed_positive_bias-5097,4,candidate,13,470.0849356153846,0.011268459027633071,13,1.0,6111.104163,True,
LOCAL-v1-q4-fixed_positive_bias-5098,4,candidate,16,289.57448925,0.022286207997240126,16,1.0,4633.191828,True,
LOCAL-v1-q4-fixed_positive_bias-5099,4,candidate,13,553.4512160769231,0.01058529200963676,13,1.0,7194.865809,True,
LOCAL-v1-q4-fixed_negative_bias-5000,4,candidate,11,497.1486318181818,0.01209908293094486,11,1.0,5468.63495,True,
LOCAL-v1-q4-fixed_negative_bias-5001,4,candidate,14,444.08527785714284,0.012305084033869207,14,1.0,6217.19389,True,
LOCAL-v1-q4-fixed_negative_bias-5002,4,candidate,15,426.4718732666667,0.016438625054433942,15,1.0,6397.078099,True,
LOCAL-v1-q4-fixed_negative_bias-5003,4,candidate,11,535.2328598181819,0.010380499996244907,11,1.0,5887.561458,True,
LOCAL-v1-q4-fixed_negative_bias-5004,4,candidate,12,506.57759566666664,0.017004541936330497,12,1.0,6078.931148,True,
LOCAL-v1-q4-fixed_negative_bias-5005,4,candidate,11,551.9498877272728,0.014896666049025953,11,1.0,6071.448765,True,
LOCAL-v1-q4-fixed_negative_bias-5006,4,candidate,11,544.6178545454545,0.013728875084780157,11,1.0,5990.7964,True,
LOCAL-v1-q4-fixed_negative_bias-5007,4,candidate,11,547.0699282727272,0.0117519999621436,11,1.0,6017.769211,True,
LOCAL-v1-q4-fixed_negative_bias-5008,4,candidate,10,603.6657253000001,0.012084165937267244,10,1.0,6036.657253,True,
LOCAL-v1-q4-fixed_negative_bias-5009,4,candidate,14,426.70951278571425,0.015897708013653755,14,1.0,5973.933179,True,
LOCAL-v1-q4-fixed_negative_bias-5010,4,candidate,12,516.2073459166667,0.016515417024493217,12,1.0,6194.488151,True,
LOCAL-v1-q4-fixed_negative_bias-5011,4,candidate,15,399.44195246666663,0.01884525001514703,15,1.0,5991.629287,True,
LOCAL-v1-q4-fixed_negative_bias-5012,4,candidate,10,629.2978147,0.008542665978893638,10,1.0,6292.978147,True,
LOCAL-v1-q4-fixed_negative_bias-5013,4,candidate,12,513.6672790833334,0.013912708032876253,12,1.0,6164.007349,True,
LOCAL-v1-q4-fixed_negative_bias-5014,4,candidate,11,576.2992715454545,0.012437499943189323,11,1.0,6339.291987,True,
LOCAL-v1-q4-fixed_negative_bias-5015,4,candidate,12,536.5532229166666,0.014496542047709227,12,1.0,6438.638675,True,
LOCAL-v1-q4-fixed_negative_bias-5016,4,candidate,16,305.0639368125,0.01849654095713049,16,1.0,4881.022989,True,
LOCAL-v1-q4-fixed_negative_bias-5017,4,candidate,15,477.03950886666667,0.013124332996085286,15,1.0,7155.592633,True,
LOCAL-v1-q4-fixed_negative_bias-5018,4,candidate,10,633.1807481,0.00908424996305257,10,1.0,6331.807481,True,
LOCAL-v1-q4-fixed_negative_bias-5019,4,candidate,11,537.8856613636364,0.013900374993681908,11,1.0,5916.742275,True,
LOCAL-v1-q4-fixed_negative_bias-5020,4,candidate,16,358.8052314375,0.018404416041448712,16,1.0,5740.883703,True,
LOCAL-v1-q4-fixed_negative_bias-5021,4,candidate,14,456.36768592857146,0.012596625019796193,14,1.0,6389.147603,True,
LOCAL-v1-q4-fixed_negative_bias-5022,4,candidate,14,456.21168271428576,0.013994249980896711,14,1.0,6386.963558,True,
LOCAL-v1-q4-fixed_negative_bias-5023,4,candidate,15,391.48523546666667,0.015288415946997702,15,1.0,5872.278532,True,
LOCAL-v1-q4-fixed_negative_bias-5024,4,candidate,13,458.46035446153843,0.015643666964024305,13,1.0,5959.984608,True,
LOCAL-v1-q4-fixed_negative_bias-5025,4,candidate,12,531.80678675,0.01029816607479006,12,1.0,6381.681441,True,
LOCAL-v1-q4-fixed_negative_bias-5026,4,candidate,15,372.2612314,0.01823329203762114,15,1.0,5583.918471,True,
LOCAL-v1-q4-fixed_negative_bias-5027,4,candidate,11,513.2359018181818,0.00991212495137006,11,1.0,5645.59492,True,
LOCAL-v1-q4-fixed_negative_bias-5028,4,candidate,10,638.659103,0.010478875017724931,10,1.0,6386.59103,True,
LOCAL-v1-q4-fixed_negative_bias-5029,4,candidate,11,599.3351507272727,0.010673125041648746,11,1.0,6592.686658,True,
LOCAL-v1-q4-fixed_negative_bias-5030,4,candidate,12,518.2160960833334,0.011003499967046082,12,1.0,6218.593153,True,
LOCAL-v1-q4-fixed_negative_bias-5031,4,candidate,15,443.96870493333336,0.015255167032591999,15,1.0,6659.530574,True,
LOCAL-v1-q4-fixed_negative_bias-5032,4,candidate,11,542.4384033636363,0.012295959051698446,11,1.0,5966.822437,True,
LOCAL-v1-q4-fixed_negative_bias-5033,4,candidate,14,400.7638252857143,0.020138415973633528,14,1.0,5610.693554,True,
LOCAL-v1-q4-fixed_negative_bias-5034,4,candidate,16,394.21646375,0.013810458010993898,16,1.0,6307.46342,True,
LOCAL-v1-q4-fixed_negative_bias-5035,4,candidate,10,650.2216254,0.007155959028750658,10,1.0,6502.216254,True,
LOCAL-v1-q4-fixed_negative_bias-5036,4,candidate,15,427.12971826666666,0.016514040995389223,15,1.0,6406.945774,True,
LOCAL-v1-q4-fixed_negative_bias-5037,4,candidate,15,420.1887144666667,0.017616499913856387,15,1.0,6302.830717,True,
LOCAL-v1-q4-fixed_negative_bias-5038,4,candidate,16,309.3101570625,0.016476290998980403,16,1.0,4948.962513,True,
LOCAL-v1-q4-fixed_negative_bias-5039,4,candidate,10,634.0535635,0.011823999928310513,10,1.0,6340.535635,True,
LOCAL-v1-q4-fixed_negative_bias-5040,4,candidate,15,405.5382762666667,0.01735783403273672,15,1.0,6083.074144,True,
LOCAL-v1-q4-fixed_negative_bias-5041,4,candidate,15,419.6629852666667,0.01439266698434949,15,1.0,6294.944779,True,
LOCAL-v1-q4-fixed_negative_bias-5042,4,candidate,11,527.2903080909091,0.012886749929748476,11,1.0,5800.193389,True,
LOCAL-v1-q4-fixed_negative_bias-5043,4,candidate,12,550.1432954166667,0.012726041954010725,12,1.0,6601.719545,True,
LOCAL-v1-q4-fixed_negative_bias-5044,4,candidate,11,619.4240345454546,0.009857042110525072,11,1.0,6813.66438,True,
LOCAL-v1-q4-fixed_negative_bias-5045,4,candidate,11,518.4649138181818,0.014221291989088058,11,1.0,5703.114052,True,
LOCAL-v1-q4-fixed_negative_bias-5046,4,candidate,10,597.948194,0.011310041998513043,10,1.0,5979.48194,True,
LOCAL-v1-q4-fixed_negative_bias-5047,4,candidate,16,250.872347,0.020632500061765313,16,1.0,4013.957552,True,
LOCAL-v1-q4-fixed_negative_bias-5048,4,candidate,12,501.20477258333335,0.012992791016586125,12,1.0,6014.457271,True,
LOCAL-v1-q4-fixed_negative_bias-5049,4,candidate,10,612.4980031,0.009631542023271322,10,1.0,6124.980031,True,
LOCAL-v1-q4-fixed_negative_bias-5050,4,candidate,15,384.12322653333337,0.02714366710279137,15,1.0,5761.848398,True,
LOCAL-v1-q4-fixed_negative_bias-5051,4,candidate,11,557.971143,0.012731625000014901,11,1.0,6137.682573,True,
LOCAL-v1-q4-fixed_negative_bias-5052,4,candidate,13,431.5969503076923,0.013785667018964887,13,1.0,5610.760354,True,
LOCAL-v1-q4-fixed_negative_bias-5053,4,candidate,16,305.8134301875,0.0195432499749586,16,1.0,4893.014883,True,
LOCAL-v1-q4-fixed_negative_bias-5054,4,candidate,16,350.6920225,0.02070108405314386,16,1.0,5611.07236,True,
LOCAL-v1-q4-fixed_negative_bias-5055,4,candidate,12,531.5696238333334,0.009366207988932729,12,1.0,6378.835486,True,
LOCAL-v1-q4-fixed_negative_bias-5056,4,candidate,13,484.95598961538457,0.011301457998342812,13,1.0,6304.427865,True,
LOCAL-v1-q4-fixed_negative_bias-5057,4,candidate,13,491.57932776923076,0.01337391696870327,13,1.0,6390.531261,True,
LOCAL-v1-q4-fixed_negative_bias-5058,4,candidate,14,402.5556754285714,0.018115707905963063,14,1.0,5635.779456,True,
LOCAL-v1-q4-fixed_negative_bias-5059,4,candidate,12,444.9910810833333,0.01667412498500198,12,1.0,5339.892973,True,
LOCAL-v1-q4-fixed_negative_bias-5060,4,candidate,11,547.1579666363637,0.008838083944283426,11,1.0,6018.737633,True,
LOCAL-v1-q4-fixed_negative_bias-5061,4,candidate,13,488.4528965384616,0.011380666051991284,13,1.0,6349.887655,True,
LOCAL-v1-q4-fixed_negative_bias-5062,4,candidate,16,278.9024705,0.017593667027540505,16,1.0,4462.439528,True,
LOCAL-v1-q4-fixed_negative_bias-5063,4,candidate,15,387.86150853333334,0.017367915948852897,15,1.0,5817.922628,True,
LOCAL-v1-q4-fixed_negative_bias-5064,4,candidate,13,464.90799984615387,0.01394500001333654,13,1.0,6043.803998,True,
LOCAL-v1-q4-fixed_negative_bias-5065,4,candidate,12,546.9292795833334,0.011269375099800527,12,1.0,6563.151355,True,
LOCAL-v1-q4-fixed_negative_bias-5066,4,candidate,10,615.4429829,0.00940783298574388,10,1.0,6154.429829,True,
LOCAL-v1-q4-fixed_negative_bias-5067,4,candidate,16,354.739776625,0.021992499940097332,16,1.0,5675.836426,True,
LOCAL-v1-q4-fixed_negative_bias-5068,4,candidate,13,478.1909138461539,0.015117083908990026,13,1.0,6216.48188,True,
LOCAL-v1-q4-fixed_negative_bias-5069,4,candidate,14,449.6629341428571,0.015652667032554746,14,1.0,6295.281078,True,
LOCAL-v1-q4-fixed_negative_bias-5070,4,candidate,12,502.686886,0.01251199992839247,12,1.0,6032.242632,True,
LOCAL-v1-q4-fixed_negative_bias-5071,4,candidate,12,471.96601175,0.014428624999709427,12,1.0,5663.592141,True,
LOCAL-v1-q4-fixed_negative_bias-5072,4,candidate,15,457.54468126666666,0.021477875066921115,15,1.0,6863.170219,True,
LOCAL-v1-q4-fixed_negative_bias-5073,4,candidate,10,559.7788029000001,0.014393125078640878,10,1.0,5597.788029,True,
LOCAL-v1-q4-fixed_negative_bias-5074,4,candidate,16,309.0571579375,0.022459874977357686,16,1.0,4944.914527,True,
LOCAL-v1-q4-fixed_negative_bias-5075,4,candidate,15,394.28745953333333,0.016281708958558738,15,1.0,5914.311893,True,
LOCAL-v1-q4-fixed_negative_bias-5076,4,candidate,12,511.80597291666663,0.015457167057320476,12,1.0,6141.671675,True,
LOCAL-v1-q4-fixed_negative_bias-5077,4,candidate,14,412.447518,0.015333874966017902,14,1.0,5774.265252,True,
LOCAL-v1-q4-fixed_negative_bias-5078,4,candidate,13,488.47775569230765,0.01999924995470792,13,1.0,6350.210824,True,
LOCAL-v1-q4-fixed_negative_bias-5079,4,candidate,10,613.1684136,0.019399624899961054,10,1.0,6131.684136,True,
LOCAL-v1-q4-fixed_negative_bias-5080,4,candidate,10,611.7444652,0.011293957941234112,10,1.0,6117.444652,True,
LOCAL-v1-q4-fixed_negative_bias-5081,4,candidate,16,309.0263848125,0.022357041016221046,16,1.0,4944.422157,True,
LOCAL-v1-q4-fixed_negative_bias-5082,4,candidate,13,468.63503546153845,0.012146833003498614,13,1.0,6092.255461,True,
LOCAL-v1-q4-fixed_negative_bias-5083,4,candidate,13,434.44544438461537,0.013793625053949654,13,1.0,5647.790777,True,
LOCAL-v1-q4-fixed_negative_bias-5084,4,candidate,14,436.3272481428571,0.01909275003708899,14,1.0,6108.581474,True,
LOCAL-v1-q4-fixed_negative_bias-5085,4,candidate,15,412.4305346666667,0.01818804198410362,15,1.0,6186.45802,True,
LOCAL-v1-q4-fixed_negative_bias-5086,4,candidate,12,484.079772,0.012400374980643392,12,1.0,5808.957264,True,
LOCAL-v1-q4-fixed_negative_bias-5087,4,candidate,13,438.99402546153846,0.013291708077304065,13,1.0,5706.922331,True,
LOCAL-v1-q4-fixed_negative_bias-5088,4,candidate,16,375.479184625,0.016799291945062578,16,1.0,6007.666954,True,
LOCAL-v1-q4-fixed_negative_bias-5089,4,candidate,15,377.97630733333335,0.017188666970469058,15,1.0,5669.64461,True,
LOCAL-v1-q4-fixed_negative_bias-5090,4,candidate,14,434.8457399285714,0.013175792060792446,14,1.0,6087.840359,True,
LOCAL-v1-q4-fixed_negative_bias-5091,4,candidate,12,496.64084758333337,0.014654958038590848,12,1.0,5959.690171,True,
LOCAL-v1-q4-fixed_negative_bias-5092,4,candidate,11,525.0539293636364,0.013318584067746997,11,1.0,5775.593223,True,
LOCAL-v1-q4-fixed_negative_bias-5093,4,candidate,15,429.79590966666666,0.019000250031240284,15,1.0,6446.938645,True,
LOCAL-v1-q4-fixed_negative_bias-5094,4,candidate,11,556.4784984545454,0.01081895804964006,11,1.0,6121.263483,True,
LOCAL-v1-q4-fixed_negative_bias-5095,4,candidate,10,622.3806607,0.007563207997009158,10,1.0,6223.806607,True,
LOCAL-v1-q4-fixed_negative_bias-5096,4,candidate,14,416.17965599999997,0.01743624999653548,14,1.0,5826.515184,True,
LOCAL-v1-q4-fixed_negative_bias-5097,4,candidate,13,473.84877507692306,0.012884625000879169,13,1.0,6160.034076,True,
LOCAL-v1-q4-fixed_negative_bias-5098,4,candidate,16,275.3780295625,0.023258999921381474,16,1.0,4406.048473,True,
LOCAL-v1-q4-fixed_negative_bias-5099,4,candidate,13,493.56302061538463,0.011067166924476624,13,1.0,6416.319268,True,
LOCAL-v1-q4-smooth_shared_field-5000,4,candidate,11,516.909251,0.01180229103192687,11,1.0,5686.001761,True,
LOCAL-v1-q4-smooth_shared_field-5001,4,candidate,14,437.6973562857143,0.013737541972659528,14,1.0,6127.762988,True,
LOCAL-v1-q4-smooth_shared_field-5002,4,candidate,15,424.7110719333333,0.016600542003288865,15,1.0,6370.666079,True,
LOCAL-v1-q4-smooth_shared_field-5003,4,candidate,11,534.9098508181819,0.011276374920271337,11,1.0,5884.008359,True,
LOCAL-v1-q4-smooth_shared_field-5004,4,candidate,12,499.65347591666665,0.017184457974508405,12,1.0,5995.841711,True,
LOCAL-v1-q4-smooth_shared_field-5005,4,candidate,11,540.0717610909091,0.01539991598110646,11,1.0,5940.789372,True,
LOCAL-v1-q4-smooth_shared_field-5006,4,candidate,11,555.9760011818181,0.01369841699488461,11,1.0,6115.736013,True,
LOCAL-v1-q4-smooth_shared_field-5007,4,candidate,11,536.2449217272728,0.011140416958369315,11,1.0,5898.694139,True,
LOCAL-v1-q4-smooth_shared_field-5008,4,candidate,10,600.0836456,0.011145458091050386,10,1.0,6000.836456,True,
LOCAL-v1-q4-smooth_shared_field-5009,4,candidate,14,434.1852320714285,0.0140990000218153,14,1.0,6078.593249,True,
LOCAL-v1-q4-smooth_shared_field-5010,4,candidate,12,516.2134201666667,0.015432499931193888,12,1.0,6194.561042,True,
LOCAL-v1-q4-smooth_shared_field-5011,4,candidate,15,394.92302846666666,0.01789725001435727,15,1.0,5923.845427,True,
LOCAL-v1-q4-smooth_shared_field-5012,4,candidate,10,627.0101361,0.008185124956071377,10,1.0,6270.101361,True,
LOCAL-v1-q4-smooth_shared_field-5013,4,candidate,12,506.45332533333334,0.013052208931185305,12,1.0,6077.439904,True,
LOCAL-v1-q4-smooth_shared_field-5014,4,candidate,11,572.7404418181818,0.012959165964275599,11,1.0,6300.14486,True,
LOCAL-v1-q4-smooth_shared_field-5015,4,candidate,12,547.1233198333333,0.014753291034139693,12,1.0,6565.479838,True,
LOCAL-v1-q4-smooth_shared_field-5016,4,candidate,16,312.1359245625,0.018963292008265853,16,1.0,4994.174793,True,
LOCAL-v1-q4-smooth_shared_field-5017,4,candidate,15,470.6576846,0.013472000020556152,15,1.0,7059.865269,True,
LOCAL-v1-q4-smooth_shared_field-5018,4,candidate,10,625.0048523,0.00865554204210639,10,1.0,6250.048523,True,
LOCAL-v1-q4-smooth_shared_field-5019,4,candidate,11,535.2591760909091,0.013873041025362909,11,1.0,5887.850937,True,
LOCAL-v1-q4-smooth_shared_field-5020,4,candidate,16,315.72721925,0.019221249967813492,16,1.0,5051.635508,True,
LOCAL-v1-q4-smooth_shared_field-5021,4,candidate,14,448.3036727142857,0.0123133750166744,14,1.0,6276.251418,True,
LOCAL-v1-q4-smooth_shared_field-5022,4,candidate,14,490.0891627142857,0.01485587505158037,14,1.0,6861.248278,True,
LOCAL-v1-q4-smooth_shared_field-5023,4,candidate,15,429.00734953333335,0.014698209008201957,15,1.0,6435.110243,True,
LOCAL-v1-q4-smooth_shared_field-5024,4,candidate,13,453.9467560769231,0.014852166990749538,13,1.0,5901.307829,True,
LOCAL-v1-q4-smooth_shared_field-5025,4,candidate,12,523.0077429166666,0.010008959099650383,12,1.0,6276.092915,True,
LOCAL-v1-q4-smooth_shared_field-5026,4,candidate,15,386.4457402,0.02068762492854148,15,1.0,5796.686103,True,
LOCAL-v1-q4-smooth_shared_field-5027,4,candidate,11,514.5559066363636,0.010394458076916635,11,1.0,5660.114973,True,
LOCAL-v1-q4-smooth_shared_field-5028,4,candidate,10,619.6261615000001,0.009637084091082215,10,1.0,6196.261615,True,
LOCAL-v1-q4-smooth_shared_field-5029,4,candidate,11,586.1801442727273,0.011336583993397653,11,1.0,6447.981587,True,
LOCAL-v1-q4-smooth_shared_field-5030,4,candidate,12,482.67598350000003,0.012280708993785083,12,1.0,5792.111802,True,
LOCAL-v1-q4-smooth_shared_field-5031,4,candidate,15,450.7133371333333,0.015431334031745791,15,1.0,6760.700057,True,
LOCAL-v1-q4-smooth_shared_field-5032,4,candidate,11,541.9743993636364,0.01196004101075232,11,1.0,5961.718393,True,
LOCAL-v1-q4-smooth_shared_field-5033,4,candidate,14,402.72713657142856,0.02150704199448228,14,1.0,5638.179912,True,
LOCAL-v1-q4-smooth_shared_field-5034,4,candidate,16,367.623587875,0.016085249953903258,16,1.0,5881.977406,True,
LOCAL-v1-q4-smooth_shared_field-5035,4,candidate,10,620.6434179,0.008067124988883734,10,1.0,6206.434179,True,
LOCAL-v1-q4-smooth_shared_field-5036,4,candidate,15,426.04010173333336,0.013907082960940897,15,1.0,6390.601526,True,
LOCAL-v1-q4-smooth_shared_field-5037,4,candidate,15,409.5083477333334,0.017642666934989393,15,1.0,6142.625216,True,
LOCAL-v1-q4-smooth_shared_field-5038,4,candidate,16,308.1548251875,0.016401458997279406,16,1.0,4930.477203,True,
LOCAL-v1-q4-smooth_shared_field-5039,4,candidate,10,618.7785925000001,0.011766958050429821,10,1.0,6187.785925,True,
LOCAL-v1-q4-smooth_shared_field-5040,4,candidate,15,407.8385285333333,0.01667187490966171,15,1.0,6117.577928,True,
LOCAL-v1-q4-smooth_shared_field-5041,4,candidate,15,417.10488813333336,0.016081166919320822,15,1.0,6256.573322,True,
LOCAL-v1-q4-smooth_shared_field-5042,4,candidate,11,530.0882616363637,0.013051207992248237,11,1.0,5830.970878,True,
LOCAL-v1-q4-smooth_shared_field-5043,4,candidate,12,475.47779725000004,0.013681250042282045,12,1.0,5705.733567,True,
LOCAL-v1-q4-smooth_shared_field-5044,4,candidate,11,592.777237,0.010220333002507687,11,1.0,6520.549607,True,
LOCAL-v1-q4-smooth_shared_field-5045,4,candidate,11,539.1330463636364,0.014406624948605895,11,1.0,5930.46351,True,
LOCAL-v1-q4-smooth_shared_field-5046,4,candidate,10,640.2584349,0.010590957943350077,10,1.0,6402.584349,True,
LOCAL-v1-q4-smooth_shared_field-5047,4,candidate,16,249.0982175625,0.02101420797407627,16,1.0,3985.571481,True,
LOCAL-v1-q4-smooth_shared_field-5048,4,candidate,12,512.3257878333333,0.01309283310547471,12,1.0,6147.909454,True,
LOCAL-v1-q4-smooth_shared_field-5049,4,candidate,10,610.3757049,0.009091833024285734,10,1.0,6103.757049,True,
LOCAL-v1-q4-smooth_shared_field-5050,4,candidate,15,392.25348893333336,0.02715329104103148,15,1.0,5883.802334,True,
LOCAL-v1-q4-smooth_shared_field-5051,4,candidate,11,557.9671523636363,0.012889374978840351,11,1.0,6137.638676,True,
LOCAL-v1-q4-smooth_shared_field-5052,4,candidate,13,447.14549946153846,0.01369116606656462,13,1.0,5812.891493,True,
LOCAL-v1-q4-smooth_shared_field-5053,4,candidate,16,304.507258125,0.01739454106427729,16,1.0,4872.11613,True,
LOCAL-v1-q4-smooth_shared_field-5054,4,candidate,16,348.13259625,0.021247041993774474,16,1.0,5570.12154,True,
LOCAL-v1-q4-smooth_shared_field-5055,4,candidate,12,542.6656609166666,0.009473750018514693,12,1.0,6511.987931,True,
LOCAL-v1-q4-smooth_shared_field-5056,4,candidate,13,489.7342993846154,0.010695625096559525,13,1.0,6366.545892,True,
LOCAL-v1-q4-smooth_shared_field-5057,4,candidate,13,494.9146076153846,0.013752082944847643,13,1.0,6433.889899,True,
LOCAL-v1-q4-smooth_shared_field-5058,4,candidate,14,403.7175612142857,0.01841870800126344,14,1.0,5652.045857,True,
LOCAL-v1-q4-smooth_shared_field-5059,4,candidate,12,460.89162525,0.016459665959700942,12,1.0,5530.699503,True,
LOCAL-v1-q4-smooth_shared_field-5060,4,candidate,11,548.7632096363636,0.00833404203876853,11,1.0,6036.395306,True,
LOCAL-v1-q4-smooth_shared_field-5061,4,candidate,13,510.06261161538464,0.014087332994677126,13,1.0,6630.813951,True,
LOCAL-v1-q4-smooth_shared_field-5062,4,candidate,16,275.8868934375,0.017384791979566216,16,1.0,4414.190295,True,
LOCAL-v1-q4-smooth_shared_field-5063,4,candidate,15,394.23326126666666,0.01756383292376995,15,1.0,5913.498919,True,
LOCAL-v1-q4-smooth_shared_field-5064,4,candidate,13,484.32374338461534,0.011944166966713965,13,1.0,6296.208664,True,
LOCAL-v1-q4-smooth_shared_field-5065,4,candidate,12,545.7984255,0.012316125095821917,12,1.0,6549.581106,True,
LOCAL-v1-q4-smooth_shared_field-5066,4,candidate,10,617.9304748,0.009827584028244019,10,1.0,6179.304748,True,
LOCAL-v1-q4-smooth_shared_field-5067,4,candidate,16,349.344706625,0.023774500004947186,16,1.0,5589.515306,True,
LOCAL-v1-q4-smooth_shared_field-5068,4,candidate,13,478.5235957692308,0.01498870796058327,13,1.0,6220.806745,True,
LOCAL-v1-q4-smooth_shared_field-5069,4,candidate,14,443.25632178571425,0.015013917000032961,14,1.0,6205.588505,True,
LOCAL-v1-q4-smooth_shared_field-5070,4,candidate,12,504.6385298333333,0.011216250015422702,12,1.0,6055.662358,True,
LOCAL-v1-q4-smooth_shared_field-5071,4,candidate,12,496.5285676666667,0.015309041016735137,12,1.0,5958.342812,True,
LOCAL-v1-q4-smooth_shared_field-5072,4,candidate,15,438.98805286666664,0.017907624947838485,15,1.0,6584.820793,True,
LOCAL-v1-q4-smooth_shared_field-5073,4,candidate,10,559.2870348,0.014032042003236711,10,1.0,5592.870348,True,
LOCAL-v1-q4-smooth_shared_field-5074,4,candidate,16,307.4101545625,0.02082100010011345,16,1.0,4918.562473,True,
LOCAL-v1-q4-smooth_shared_field-5075,4,candidate,15,399.2167382,0.017088749911636114,15,1.0,5988.251073,True,
LOCAL-v1-q4-smooth_shared_field-5076,4,candidate,12,510.3569198333333,0.014951458084397018,12,1.0,6124.283038,True,
LOCAL-v1-q4-smooth_shared_field-5077,4,candidate,14,414.6807184285714,0.01585979200899601,14,1.0,5805.530058,True,
LOCAL-v1-q4-smooth_shared_field-5078,4,candidate,13,476.37206153846154,0.01943404204212129,13,1.0,6192.8368,True,
LOCAL-v1-q4-smooth_shared_field-5079,4,candidate,10,598.7864781999999,0.013653292087838054,10,1.0,5987.864782,True,
LOCAL-v1-q4-smooth_shared_field-5080,4,candidate,10,616.8257043,0.00962820800486952,10,1.0,6168.257043,True,
LOCAL-v1-q4-smooth_shared_field-5081,4,candidate,16,309.5588051875,0.02182262495625764,16,1.0,4952.940883,True,
LOCAL-v1-q4-smooth_shared_field-5082,4,candidate,13,469.6121837692308,0.012830166961066425,13,1.0,6104.958389,True,
LOCAL-v1-q4-smooth_shared_field-5083,4,candidate,13,436.89933461538465,0.01380850002169609,13,1.0,5679.69135,True,
LOCAL-v1-q4-smooth_shared_field-5084,4,candidate,14,430.2431120714286,0.017934500006958842,14,1.0,6023.403569,True,
LOCAL-v1-q4-smooth_shared_field-5085,4,candidate,15,416.22281680000003,0.01721287507098168,15,1.0,6243.342252,True,
LOCAL-v1-q4-smooth_shared_field-5086,4,candidate,12,485.7322059166667,0.01198287506122142,12,1.0,5828.786471,True,
LOCAL-v1-q4-smooth_shared_field-5087,4,candidate,13,442.18209384615386,0.01168100000359118,13,1.0,5748.36722,True,
LOCAL-v1-q4-smooth_shared_field-5088,4,candidate,16,369.8618084375,0.015664083999581635,16,1.0,5917.788935,True,
LOCAL-v1-q4-smooth_shared_field-5089,4,candidate,15,379.0811482,0.017229292076081038,15,1.0,5686.217223,True,
LOCAL-v1-q4-smooth_shared_field-5090,4,candidate,14,438.5129625,0.010695083998143673,14,1.0,6139.181475,True,
LOCAL-v1-q4-smooth_shared_field-5091,4,candidate,12,523.07998375,0.0143403330584988,12,1.0,6276.959805,True,
LOCAL-v1-q4-smooth_shared_field-5092,4,candidate,11,528.8697923636363,0.01266458397731185,11,1.0,5817.567716,True,
LOCAL-v1-q4-smooth_shared_field-5093,4,candidate,15,426.0224914,0.016749458969570696,15,1.0,6390.337371,True,
LOCAL-v1-q4-smooth_shared_field-5094,4,candidate,11,573.0297312727272,0.01051366701722145,11,1.0,6303.327044,True,
LOCAL-v1-q4-smooth_shared_field-5095,4,candidate,10,610.0576033,0.006974834017455578,10,1.0,6100.576033,True,
LOCAL-v1-q4-smooth_shared_field-5096,4,candidate,14,402.92607407142856,0.017393749905750155,14,1.0,5640.965037,True,
LOCAL-v1-q4-smooth_shared_field-5097,4,candidate,13,439.84904523076926,0.01024783297907561,13,1.0,5718.037588,True,
LOCAL-v1-q4-smooth_shared_field-5098,4,candidate,16,278.6970449375,0.021651292103342712,16,1.0,4459.152719,True,
LOCAL-v1-q4-smooth_shared_field-5099,4,candidate,13,489.8353876923077,0.010926499962806702,13,1.0,6367.86004,True,
LOCAL-v1-q4-cell50_shared_field-5000,4,candidate,11,518.9825529999999,0.01149774994701147,11,1.0,5708.808083,True,
LOCAL-v1-q4-cell50_shared_field-5001,4,candidate,14,452.62817521428576,0.01227895903866738,14,1.0,6336.794453,True,
LOCAL-v1-q4-cell50_shared_field-5002,4,candidate,15,421.78198506666666,0.015236624982208014,15,1.0,6326.729776,True,
LOCAL-v1-q4-cell50_shared_field-5003,4,candidate,11,534.1629691818182,0.010225750040262938,11,1.0,5875.792661,True,
LOCAL-v1-q4-cell50_shared_field-5004,4,candidate,12,498.66446033333335,0.015834624995477498,12,1.0,5983.973524,True,
LOCAL-v1-q4-cell50_shared_field-5005,4,candidate,11,525.7254385454545,0.016203791950829327,11,1.0,5782.979824,True,
LOCAL-v1-q4-cell50_shared_field-5006,4,candidate,11,555.3361828181819,0.01260174997150898,11,1.0,6108.698011,True,
LOCAL-v1-q4-cell50_shared_field-5007,4,candidate,11,536.1711161818182,0.010962000000290573,11,1.0,5897.882278,True,
LOCAL-v1-q4-cell50_shared_field-5008,4,candidate,10,607.2322743,0.010687125031836331,10,1.0,6072.322743,True,
LOCAL-v1-q4-cell50_shared_field-5009,4,candidate,14,444.7501942142857,0.013149250065907836,14,1.0,6226.502719,True,
LOCAL-v1-q4-cell50_shared_field-5010,4,candidate,12,535.3643729166666,0.01604154205415398,12,1.0,6424.372475,True,
LOCAL-v1-q4-cell50_shared_field-5011,4,candidate,15,401.00510173333333,0.01740020897705108,15,1.0,6015.076526,True,
LOCAL-v1-q4-cell50_shared_field-5012,4,candidate,10,627.7041323000001,0.00799420801922679,10,1.0,6277.041323,True,
LOCAL-v1-q4-cell50_shared_field-5013,4,candidate,12,539.7536455833333,0.01371483295224607,12,1.0,6477.043747,True,
LOCAL-v1-q4-cell50_shared_field-5014,4,candidate,11,576.8211962727272,0.01233204104937613,11,1.0,6345.033159,True,
LOCAL-v1-q4-cell50_shared_field-5015,4,candidate,12,536.40725725,0.013840375002473593,12,1.0,6436.887087,True,
LOCAL-v1-q4-cell50_shared_field-5016,4,candidate,16,352.3817460625,0.01887762499973178,16,1.0,5638.107937,True,
LOCAL-v1-q4-cell50_shared_field-5017,4,candidate,15,493.5517056666667,0.014433457981795073,15,1.0,7403.275585,True,
LOCAL-v1-q4-cell50_shared_field-5018,4,candidate,10,630.7767193,0.008762583020143211,10,1.0,6307.767193,True,
LOCAL-v1-q4-cell50_shared_field-5019,4,candidate,11,531.8456706363636,0.00999812490772456,11,1.0,5850.302377,True,
LOCAL-v1-q4-cell50_shared_field-5020,4,candidate,16,315.4649896875,0.019275000086054206,16,1.0,5047.439835,True,
LOCAL-v1-q4-cell50_shared_field-5021,4,candidate,14,451.280885,0.01228470797650516,14,1.0,6317.93239,True,
LOCAL-v1-q4-cell50_shared_field-5022,4,candidate,14,473.37723392857146,0.013640042045153677,14,1.0,6627.281275,True,
LOCAL-v1-q4-cell50_shared_field-5023,4,candidate,15,420.8701706,0.013549791066907346,15,1.0,6313.052559,True,
LOCAL-v1-q4-cell50_shared_field-5024,4,candidate,13,454.0848950769231,0.015056583099067211,13,1.0,5903.103636,True,
LOCAL-v1-q4-cell50_shared_field-5025,4,candidate,12,513.17540575,0.009353417088277638,12,1.0,6158.104869,True,
LOCAL-v1-q4-cell50_shared_field-5026,4,candidate,15,378.539984,0.016916709020733833,15,1.0,5678.09976,True,
LOCAL-v1-q4-cell50_shared_field-5027,4,candidate,11,511.7273476363636,0.010462042060680687,11,1.0,5629.000824,True,
LOCAL-v1-q4-cell50_shared_field-5028,4,candidate,10,639.9099948,0.010356875020079315,10,1.0,6399.099948,True,
LOCAL-v1-q4-cell50_shared_field-5029,4,candidate,11,585.5584875454546,0.010902540991082788,11,1.0,6441.143363,True,
LOCAL-v1-q4-cell50_shared_field-5030,4,candidate,12,489.3239408333333,0.011563083040528,12,1.0,5871.88729,True,
LOCAL-v1-q4-cell50_shared_field-5031,4,candidate,15,419.6092261333333,0.014427458052523434,15,1.0,6294.138392,True,
LOCAL-v1-q4-cell50_shared_field-5032,4,candidate,11,541.172336,0.011594208073802292,11,1.0,5952.895696,True,
LOCAL-v1-q4-cell50_shared_field-5033,4,candidate,14,404.54559321428576,0.024250041926279664,14,1.0,5663.638305,True,
LOCAL-v1-q4-cell50_shared_field-5034,4,candidate,16,399.6304496875,0.011687958030961454,16,1.0,6394.087195,True,
LOCAL-v1-q4-cell50_shared_field-5035,4,candidate,10,598.1126105000001,0.007235458004288375,10,1.0,5981.126105,True,
LOCAL-v1-q4-cell50_shared_field-5036,4,candidate,15,426.3049812666667,0.012889374978840351,15,1.0,6394.574719,True,
LOCAL-v1-q4-cell50_shared_field-5037,4,candidate,15,429.85923226666665,0.0169441249454394,15,1.0,6447.888484,True,
LOCAL-v1-q4-cell50_shared_field-5038,4,candidate,16,308.835552375,0.015759582980535924,16,1.0,4941.368838,True,
LOCAL-v1-q4-cell50_shared_field-5039,4,candidate,10,613.6356544,0.011145041906274855,10,1.0,6136.356544,True,
LOCAL-v1-q4-cell50_shared_field-5040,4,candidate,15,396.1202158666667,0.016277333023026586,15,1.0,5941.803238,True,
LOCAL-v1-q4-cell50_shared_field-5041,4,candidate,15,416.98423786666666,0.014524917001836002,15,1.0,6254.763568,True,
LOCAL-v1-q4-cell50_shared_field-5042,4,candidate,11,542.2566446363636,0.011974250082857907,11,1.0,5964.823091,True,
LOCAL-v1-q4-cell50_shared_field-5043,4,candidate,12,578.9057491666666,0.012342749978415668,12,1.0,6946.86899,True,
LOCAL-v1-q4-cell50_shared_field-5044,4,candidate,11,624.7103197272727,0.00922433310188353,11,1.0,6871.813517,True,
LOCAL-v1-q4-cell50_shared_field-5045,4,candidate,11,509.9059491818182,0.014507499989122152,11,1.0,5608.965441,True,
LOCAL-v1-q4-cell50_shared_field-5046,4,candidate,10,598.1036529,0.010965332970954478,10,1.0,5981.036529,True,
LOCAL-v1-q4-cell50_shared_field-5047,4,candidate,16,247.0508391875,0.02018266695085913,16,1.0,3952.813427,True,
LOCAL-v1-q4-cell50_shared_field-5048,4,candidate,12,479.1583910833333,0.01296908303629607,12,1.0,5749.900693,True,
LOCAL-v1-q4-cell50_shared_field-5049,4,candidate,10,614.6421425999999,0.008489334024488926,10,1.0,6146.421426,True,
LOCAL-v1-q4-cell50_shared_field-5050,4,candidate,15,389.1527304,0.027283750008791685,15,1.0,5837.290956,True,
LOCAL-v1-q4-cell50_shared_field-5051,4,candidate,11,557.7862325454545,0.01210804097354412,11,1.0,6135.648558,True,
LOCAL-v1-q4-cell50_shared_field-5052,4,candidate,13,434.5701556923077,0.013289958005771041,13,1.0,5649.412024,True,
LOCAL-v1-q4-cell50_shared_field-5053,4,candidate,16,295.29523375,0.015435333014465868,16,1.0,4724.72374,True,
LOCAL-v1-q4-cell50_shared_field-5054,4,candidate,16,305.7273318125,0.013531042030081153,16,1.0,4891.637309,True,
LOCAL-v1-q4-cell50_shared_field-5055,4,candidate,12,535.7987400000001,0.008873082930222154,12,1.0,6429.58488,True,
LOCAL-v1-q4-cell50_shared_field-5056,4,candidate,13,487.0144881538462,0.010115541983395815,13,1.0,6331.188346,True,
LOCAL-v1-q4-cell50_shared_field-5057,4,candidate,13,491.41041384615386,0.013860084000043571,13,1.0,6388.33538,True,
LOCAL-v1-q4-cell50_shared_field-5058,4,candidate,14,406.32797414285716,0.017586875008419156,14,1.0,5688.591638,True,
LOCAL-v1-q4-cell50_shared_field-5059,4,candidate,12,460.53920166666666,0.016649624914862216,12,1.0,5526.47042,True,
LOCAL-v1-q4-cell50_shared_field-5060,4,candidate,11,550.0601889999999,0.008678792044520378,11,1.0,6050.662079,True,
LOCAL-v1-q4-cell50_shared_field-5061,4,candidate,13,521.838430923077,0.013485125033184886,13,1.0,6783.899602,True,
LOCAL-v1-q4-cell50_shared_field-5062,4,candidate,16,263.549917625,0.01829595898743719,16,1.0,4216.798682,True,
LOCAL-v1-q4-cell50_shared_field-5063,4,candidate,15,410.0880828666667,0.01651908305939287,15,1.0,6151.321243,True,
LOCAL-v1-q4-cell50_shared_field-5064,4,candidate,13,462.44599115384614,0.013331583002582192,13,1.0,6011.797885,True,
LOCAL-v1-q4-cell50_shared_field-5065,4,candidate,12,576.88242225,0.011920500081032515,12,1.0,6922.589067,True,
LOCAL-v1-q4-cell50_shared_field-5066,4,candidate,10,617.8165718,0.009553416981361806,10,1.0,6178.165718,True,
LOCAL-v1-q4-cell50_shared_field-5067,4,candidate,16,325.45249025,0.01936362509150058,16,1.0,5207.239844,True,
LOCAL-v1-q4-cell50_shared_field-5068,4,candidate,13,502.48093015384615,0.015110624954104424,13,1.0,6532.252092,True,
LOCAL-v1-q4-cell50_shared_field-5069,4,candidate,14,452.55873514285713,0.015005249995738268,14,1.0,6335.822292,True,
LOCAL-v1-q4-cell50_shared_field-5070,4,candidate,12,506.1626429166667,0.011735917069017887,12,1.0,6073.951715,True,
LOCAL-v1-q4-cell50_shared_field-5071,4,candidate,12,495.6648221666667,0.014838000060990453,12,1.0,5947.977866,True,
LOCAL-v1-q4-cell50_shared_field-5072,4,candidate,15,441.3902550666666,0.018159708008170128,15,1.0,6620.853826,True,
LOCAL-v1-q4-cell50_shared_field-5073,4,candidate,10,553.3970927,0.013548208982683718,10,1.0,5533.970927,True,
LOCAL-v1-q4-cell50_shared_field-5074,4,candidate,16,305.4825831875,0.020647833007387817,16,1.0,4887.721331,True,
LOCAL-v1-q4-cell50_shared_field-5075,4,candidate,15,396.52249513333334,0.01694175007287413,15,1.0,5947.837427,True,
LOCAL-v1-q4-cell50_shared_field-5076,4,candidate,12,532.8093357500001,0.014967291965149343,12,1.0,6393.712029,True,
LOCAL-v1-q4-cell50_shared_field-5077,4,candidate,14,414.56333271428576,0.015497917076572776,14,1.0,5803.886658,True,
LOCAL-v1-q4-cell50_shared_field-5078,4,candidate,13,478.4309623076923,0.018751207971945405,13,1.0,6219.60251,True,
LOCAL-v1-q4-cell50_shared_field-5079,4,candidate,10,584.0841767,0.013544624904170632,10,1.0,5840.841767,True,
LOCAL-v1-q4-cell50_shared_field-5080,4,candidate,10,610.792544,0.010071916971355677,10,1.0,6107.92544,True,
LOCAL-v1-q4-cell50_shared_field-5081,4,candidate,16,323.8532395,0.022276667063124478,16,1.0,5181.651832,True,
LOCAL-v1-q4-cell50_shared_field-5082,4,candidate,13,455.38185176923076,0.011856666998937726,13,1.0,5919.964073,True,
LOCAL-v1-q4-cell50_shared_field-5083,4,candidate,13,478.9385580769231,0.016323624993674457,13,1.0,6226.201255,True,
LOCAL-v1-q4-cell50_shared_field-5084,4,candidate,14,453.0638077857143,0.01636591600254178,14,1.0,6342.893309,True,
LOCAL-v1-q4-cell50_shared_field-5085,4,candidate,15,398.0002654,0.01682112494017929,15,1.0,5970.003981,True,
LOCAL-v1-q4-cell50_shared_field-5086,4,candidate,12,482.2103205,0.011915417038835585,12,1.0,5786.523846,True,
LOCAL-v1-q4-cell50_shared_field-5087,4,candidate,13,436.12768453846155,0.011590000009164214,13,1.0,5669.659899,True,
LOCAL-v1-q4-cell50_shared_field-5088,4,candidate,16,370.3989079375,0.01646170800086111,16,1.0,5926.382527,True,
LOCAL-v1-q4-cell50_shared_field-5089,4,candidate,15,372.4252656666667,0.01692687498871237,15,1.0,5586.378985,True,
LOCAL-v1-q4-cell50_shared_field-5090,4,candidate,14,431.93483764285713,0.010487999999895692,14,1.0,6047.087727,True,
LOCAL-v1-q4-cell50_shared_field-5091,4,candidate,12,524.39787275,0.014827625011093915,12,1.0,6292.774473,True,
LOCAL-v1-q4-cell50_shared_field-5092,4,candidate,11,529.0427164545455,0.012196458992548287,11,1.0,5819.469881,True,
LOCAL-v1-q4-cell50_shared_field-5093,4,candidate,15,435.94366393333337,0.01652687508612871,15,1.0,6539.154959,True,
LOCAL-v1-q4-cell50_shared_field-5094,4,candidate,11,576.859332,0.008453792077489197,11,1.0,6345.452652,True,
LOCAL-v1-q4-cell50_shared_field-5095,4,candidate,10,612.7496078,0.007184291956946254,10,1.0,6127.496078,True,
LOCAL-v1-q4-cell50_shared_field-5096,4,candidate,14,401.7766072142857,0.01751704199705273,14,1.0,5624.872501,True,
LOCAL-v1-q4-cell50_shared_field-5097,4,candidate,13,468.75563092307686,0.011064291931688786,13,1.0,6093.823202,True,
LOCAL-v1-q4-cell50_shared_field-5098,4,candidate,16,277.6839421875,0.02144741697702557,16,1.0,4442.943075,True,
LOCAL-v1-q4-cell50_shared_field-5099,4,candidate,13,507.2954896153846,0.011558958096429706,13,1.0,6594.841365,True,
LOCAL-v1-q4-cell500_shared_field-5000,4,candidate,11,520.6401613636364,0.011749707977287471,11,1.0,5727.041775,True,
LOCAL-v1-q4-cell500_shared_field-5001,4,candidate,14,449.326202,0.012303083087317646,14,1.0,6290.566828,True,
LOCAL-v1-q4-cell500_shared_field-5002,4,candidate,15,430.0721384666667,0.01578487502411008,15,1.0,6451.082077,True,
LOCAL-v1-q4-cell500_shared_field-5003,4,candidate,11,537.2657662727273,0.010378582985140383,11,1.0,5909.923429,True,
LOCAL-v1-q4-cell500_shared_field-5004,4,candidate,12,488.46377149999995,0.015776208019815385,12,1.0,5861.565258,True,
LOCAL-v1-q4-cell500_shared_field-5005,4,candidate,11,535.6850346363636,0.016295625013299286,11,1.0,5892.535381,True,
LOCAL-v1-q4-cell500_shared_field-5006,4,candidate,11,542.6454949090909,0.012652457924559712,11,1.0,5969.100444,True,
LOCAL-v1-q4-cell500_shared_field-5007,4,candidate,11,540.2830802727273,0.011178917018696666,11,1.0,5943.113883,True,
LOCAL-v1-q4-cell500_shared_field-5008,4,candidate,10,602.0234541,0.01058670796919614,10,1.0,6020.234541,True,
LOCAL-v1-q4-cell500_shared_field-5009,4,candidate,14,428.0432567857143,0.012934459024108946,14,1.0,5992.605595,True,
LOCAL-v1-q4-cell500_shared_field-5010,4,candidate,12,518.2084730833334,0.015696333022788167,12,1.0,6218.501677,True,
LOCAL-v1-q4-cell500_shared_field-5011,4,candidate,15,399.96615966666667,0.017050999915227294,15,1.0,5999.492395,True,
LOCAL-v1-q4-cell500_shared_field-5012,4,candidate,10,637.1183776,0.008048666059039533,10,1.0,6371.183776,True,
LOCAL-v1-q4-cell500_shared_field-5013,4,candidate,12,530.06471475,0.013297458062879741,12,1.0,6360.776577,True,
LOCAL-v1-q4-cell500_shared_field-5014,4,candidate,11,576.5599377272728,0.012496832991018891,11,1.0,6342.159315,True,
LOCAL-v1-q4-cell500_shared_field-5015,4,candidate,12,539.9722953333334,0.014246165985241532,12,1.0,6479.667544,True,
LOCAL-v1-q4-cell500_shared_field-5016,4,candidate,16,361.6302418125,0.019733167020604014,16,1.0,5786.083869,True,
LOCAL-v1-q4-cell500_shared_field-5017,4,candidate,15,498.4647894,0.013919709017500281,15,1.0,7476.971841,True,
LOCAL-v1-q4-cell500_shared_field-5018,4,candidate,10,618.7069417,0.007994459010660648,10,1.0,6187.069417,True,
LOCAL-v1-q4-cell500_shared_field-5019,4,candidate,11,534.5651544545454,0.01074900000821799,11,1.0,5880.216699,True,
LOCAL-v1-q4-cell500_shared_field-5020,4,candidate,16,314.7733108125,0.018862999975681305,16,1.0,5036.372973,True,
LOCAL-v1-q4-cell500_shared_field-5021,4,candidate,14,449.2952376428571,0.011992166051641107,14,1.0,6290.133327,True,
LOCAL-v1-q4-cell500_shared_field-5022,4,candidate,14,469.86477164285714,0.013741625007241964,14,1.0,6578.106803,True,
LOCAL-v1-q4-cell500_shared_field-5023,4,candidate,15,424.0155787333333,0.013885915977880359,15,1.0,6360.233681,True,
LOCAL-v1-q4-cell500_shared_field-5024,4,candidate,13,454.7615945384615,0.015310541028156877,13,1.0,5911.900729,True,
LOCAL-v1-q4-cell500_shared_field-5025,4,candidate,12,513.0712389166666,0.009319707984104753,12,1.0,6156.854867,True,
LOCAL-v1-q4-cell500_shared_field-5026,4,candidate,15,370.55961406666665,0.018097084015607834,15,1.0,5558.394211,True,
LOCAL-v1-q4-cell500_shared_field-5027,4,candidate,11,519.3135219999999,0.010000874986872077,11,1.0,5712.448742,True,
LOCAL-v1-q4-cell500_shared_field-5028,4,candidate,10,642.4083634,0.010399707942269742,10,1.0,6424.083634,True,
LOCAL-v1-q4-cell500_shared_field-5029,4,candidate,11,607.4365227272727,0.010418249992653728,11,1.0,6681.80175,True,
LOCAL-v1-q4-cell500_shared_field-5030,4,candidate,12,492.2436895833334,0.011794416001066566,12,1.0,5906.924275,True,
LOCAL-v1-q4-cell500_shared_field-5031,4,candidate,15,423.1964344666667,0.014685124973766506,15,1.0,6347.946517,True,
LOCAL-v1-q4-cell500_shared_field-5032,4,candidate,11,543.4214847272727,0.011560917017050087,11,1.0,5977.636332,True,
LOCAL-v1-q4-cell500_shared_field-5033,4,candidate,14,411.4538357142857,0.024999666959047318,14,1.0,5760.3537,True,
LOCAL-v1-q4-cell500_shared_field-5034,4,candidate,16,419.0088265,0.012501916964538395,16,1.0,6704.141224,True,
LOCAL-v1-q4-cell500_shared_field-5035,4,candidate,10,601.7680873,0.00820649997331202,10,1.0,6017.680873,True,
LOCAL-v1-q4-cell500_shared_field-5036,4,candidate,15,430.3639235333333,0.014830542029812932,15,1.0,6455.458853,True,
LOCAL-v1-q4-cell500_shared_field-5037,4,candidate,15,420.0259994666667,0.016771333990618587,15,1.0,6300.389992,True,
LOCAL-v1-q4-cell500_shared_field-5038,4,candidate,16,311.3765785,0.016070334007963538,16,1.0,4982.025256,True,
LOCAL-v1-q4-cell500_shared_field-5039,4,candidate,10,608.4322171,0.011241249972954392,10,1.0,6084.322171,True,
LOCAL-v1-q4-cell500_shared_field-5040,4,candidate,15,397.20609386666666,0.016650708043016493,15,1.0,5958.091408,True,
LOCAL-v1-q4-cell500_shared_field-5041,4,candidate,15,418.1857842,0.01510958292055875,15,1.0,6272.786763,True,
LOCAL-v1-q4-cell500_shared_field-5042,4,candidate,11,537.3619630909091,0.012405540910549462,11,1.0,5910.981594,True,
LOCAL-v1-q4-cell500_shared_field-5043,4,candidate,12,588.1110393333333,0.0140507920878008,12,1.0,7057.332472,True,
LOCAL-v1-q4-cell500_shared_field-5044,4,candidate,11,597.7880920909091,0.009794290992431343,11,1.0,6575.669013,True,
LOCAL-v1-q4-cell500_shared_field-5045,4,candidate,11,509.40927981818186,0.01353524997830391,11,1.0,5603.502078,True,
LOCAL-v1-q4-cell500_shared_field-5046,4,candidate,10,599.7703176,0.010645792004652321,10,1.0,5997.703176,True,
LOCAL-v1-q4-cell500_shared_field-5047,4,candidate,16,247.4152138125,0.020216334029100835,16,1.0,3958.643421,True,
LOCAL-v1-q4-cell500_shared_field-5048,4,candidate,12,479.22634416666665,0.013319249963387847,12,1.0,5750.71613,True,
LOCAL-v1-q4-cell500_shared_field-5049,4,candidate,10,610.5203007,0.008636250044219196,10,1.0,6105.203007,True,
LOCAL-v1-q4-cell500_shared_field-5050,4,candidate,15,393.16602,0.027346500079147518,15,1.0,5897.4903,True,
LOCAL-v1-q4-cell500_shared_field-5051,4,candidate,11,558.5862546363636,0.012748208013363183,11,1.0,6144.448801,True,
LOCAL-v1-q4-cell500_shared_field-5052,4,candidate,13,443.5026715384616,0.013136749970726669,13,1.0,5765.53473,True,
LOCAL-v1-q4-cell500_shared_field-5053,4,candidate,16,291.3915096875,0.015816333005204797,16,1.0,4662.264155,True,
LOCAL-v1-q4-cell500_shared_field-5054,4,candidate,16,304.8478574375,0.013529084040783346,16,1.0,4877.565719,True,
LOCAL-v1-q4-cell500_shared_field-5055,4,candidate,12,586.1843765,0.01138741709291935,12,1.0,7034.212518,True,
LOCAL-v1-q4-cell500_shared_field-5056,4,candidate,13,491.9366106923077,0.010865666903555393,13,1.0,6395.175939,True,
LOCAL-v1-q4-cell500_shared_field-5057,4,candidate,13,484.6808095384616,0.013568124966695905,13,1.0,6300.850524,True,
LOCAL-v1-q4-cell500_shared_field-5058,4,candidate,14,409.06926614285715,0.018377500004135072,14,1.0,5726.969726,True,
LOCAL-v1-q4-cell500_shared_field-5059,4,candidate,12,459.90874858333336,0.01568549999501556,12,1.0,5518.904983,True,
LOCAL-v1-q4-cell500_shared_field-5060,4,candidate,11,551.4749503636364,0.00886954099405557,11,1.0,6066.224454,True,
LOCAL-v1-q4-cell500_shared_field-5061,4,candidate,13,511.8870633076923,0.013537166989408433,13,1.0,6654.531823,True,
LOCAL-v1-q4-cell500_shared_field-5062,4,candidate,16,330.972090125,0.017878415994346142,16,1.0,5295.553442,True,
LOCAL-v1-q4-cell500_shared_field-5063,4,candidate,15,411.0668420666667,0.016581541975028813,15,1.0,6166.002631,True,
LOCAL-v1-q4-cell500_shared_field-5064,4,candidate,13,462.88242546153845,0.013335125055164099,13,1.0,6017.471531,True,
LOCAL-v1-q4-cell500_shared_field-5065,4,candidate,12,555.2807126666667,0.011821833089925349,12,1.0,6663.368552,True,
LOCAL-v1-q4-cell500_shared_field-5066,4,candidate,10,613.6326363000001,0.009336624993011355,10,1.0,6136.326363,True,
LOCAL-v1-q4-cell500_shared_field-5067,4,candidate,16,388.6902638125,0.01788216596469283,16,1.0,6219.044221,True,
LOCAL-v1-q4-cell500_shared_field-5068,4,candidate,13,523.5617169230769,0.015269417082890868,13,1.0,6806.30232,True,
LOCAL-v1-q4-cell500_shared_field-5069,4,candidate,14,453.47743564285713,0.01580912503413856,14,1.0,6348.684099,True,
LOCAL-v1-q4-cell500_shared_field-5070,4,candidate,12,504.62428825,0.01212545798625797,12,1.0,6055.491459,True,
LOCAL-v1-q4-cell500_shared_field-5071,4,candidate,12,470.04735266666665,0.014551249914802611,12,1.0,5640.568232,True,
LOCAL-v1-q4-cell500_shared_field-5072,4,candidate,15,458.60555980000004,0.021016750019043684,15,1.0,6879.083397,True,
LOCAL-v1-q4-cell500_shared_field-5073,4,candidate,10,551.6163699,0.0134935830719769,10,1.0,5516.163699,True,
LOCAL-v1-q4-cell500_shared_field-5074,4,candidate,16,306.202630375,0.020377708948217332,16,1.0,4899.242086,True,
LOCAL-v1-q4-cell500_shared_field-5075,4,candidate,15,397.6082464666667,0.016868041013367474,15,1.0,5964.123697,True,
LOCAL-v1-q4-cell500_shared_field-5076,4,candidate,12,541.327947,0.015139041002839804,12,1.0,6495.935364,True,
LOCAL-v1-q4-cell500_shared_field-5077,4,candidate,14,415.3631165714286,0.015949250082485378,14,1.0,5815.083632,True,
LOCAL-v1-q4-cell500_shared_field-5078,4,candidate,13,477.54340515384615,0.019356374978087842,13,1.0,6208.064267,True,
LOCAL-v1-q4-cell500_shared_field-5079,4,candidate,10,595.6674622,0.014089750009588897,10,1.0,5956.674622,True,
LOCAL-v1-q4-cell500_shared_field-5080,4,candidate,10,615.9899975999999,0.010057792067527771,10,1.0,6159.899976,True,
LOCAL-v1-q4-cell500_shared_field-5081,4,candidate,16,309.3184361875,0.022679582936689258,16,1.0,4949.094979,True,
LOCAL-v1-q4-cell500_shared_field-5082,4,candidate,13,453.3475246153846,0.011737999971956015,13,1.0,5893.51782,True,
LOCAL-v1-q4-cell500_shared_field-5083,4,candidate,13,425.5922713076923,0.016125167021527886,13,1.0,5532.699527,True,
LOCAL-v1-q4-cell500_shared_field-5084,4,candidate,14,429.09787807142857,0.018049791920930147,14,1.0,6007.370293,True,
LOCAL-v1-q4-cell500_shared_field-5085,4,candidate,15,401.00810586666665,0.017725709010846913,15,1.0,6015.121588,True,
LOCAL-v1-q4-cell500_shared_field-5086,4,candidate,12,498.72579341666665,0.011682832962833345,12,1.0,5984.709521,True,
LOCAL-v1-q4-cell500_shared_field-5087,4,candidate,13,448.5488369230769,0.015758125111460686,13,1.0,5831.13488,True,
LOCAL-v1-q4-cell500_shared_field-5088,4,candidate,16,372.04042825,0.016186041990295053,16,1.0,5952.646852,True,
LOCAL-v1-q4-cell500_shared_field-5089,4,candidate,15,371.03442406666665,0.016836166963912547,15,1.0,5565.516361,True,
LOCAL-v1-q4-cell500_shared_field-5090,4,candidate,14,435.7172112142857,0.010581291979178786,14,1.0,6100.040957,True,
LOCAL-v1-q4-cell500_shared_field-5091,4,candidate,12,514.73970175,0.014700999949127436,12,1.0,6176.876421,True,
LOCAL-v1-q4-cell500_shared_field-5092,4,candidate,11,530.482204,0.012037875014357269,11,1.0,5835.304244,True,
LOCAL-v1-q4-cell500_shared_field-5093,4,candidate,15,419.04991693333335,0.014309499994851649,15,1.0,6285.748754,True,
LOCAL-v1-q4-cell500_shared_field-5094,4,candidate,11,555.6920372727272,0.011268874979577959,11,1.0,6112.61241,True,
LOCAL-v1-q4-cell500_shared_field-5095,4,candidate,10,624.1249303,0.007879166980274022,10,1.0,6241.249303,True,
LOCAL-v1-q4-cell500_shared_field-5096,4,candidate,14,404.1597151428572,0.017902958090417087,14,1.0,5658.236012,True,
LOCAL-v1-q4-cell500_shared_field-5097,4,candidate,13,468.8956943076923,0.010979208047501743,13,1.0,6095.644026,True,
LOCAL-v1-q4-cell500_shared_field-5098,4,candidate,16,291.6711149375,0.024081874988041818,16,1.0,4666.737839,True,
LOCAL-v1-q4-cell500_shared_field-5099,4,candidate,13,503.7203937692308,0.011421957984566689,13,1.0,6548.365119,True,
LOCAL-v1-q4-edge_mixed_min_radius-5000,4,candidate,11,544.9221900909091,0.0063468749867752194,11,1.0,5994.144091,True,
LOCAL-v1-q4-edge_mixed_min_radius-5001,4,candidate,14,523.5746113571429,0.009799583931453526,14,1.0,7330.044559,True,
LOCAL-v1-q4-edge_mixed_min_radius-5002,4,candidate,15,448.58581426666666,0.0077546670800074935,15,1.0,6728.787214,True,
LOCAL-v1-q4-edge_mixed_min_radius-5003,4,candidate,11,580.0219578181818,0.008020999957807362,11,1.0,6380.241536,True,
LOCAL-v1-q4-edge_mixed_min_radius-5004,4,candidate,12,506.0199925,0.007748749922029674,12,1.0,6072.23991,True,
LOCAL-v1-q4-edge_mixed_min_radius-5005,4,candidate,11,521.6130175454546,0.007191875018179417,11,1.0,5737.743193,True,
LOCAL-v1-q4-edge_mixed_min_radius-5006,4,candidate,11,596.9296045454546,0.008837667061015964,11,1.0,6566.22565,True,
LOCAL-v1-q4-edge_mixed_min_radius-5007,4,candidate,11,601.1227192727273,0.006528500001877546,11,1.0,6612.349912,True,
LOCAL-v1-q4-edge_mixed_min_radius-5008,4,candidate,10,693.204935,0.006487249978817999,10,1.0,6932.04935,True,
LOCAL-v1-q4-edge_mixed_min_radius-5009,4,candidate,14,442.0320592857143,0.010197750059887767,14,1.0,6188.44883,True,
LOCAL-v1-q4-edge_mixed_min_radius-5010,4,candidate,12,510.28334975,0.010004207957535982,12,1.0,6123.400197,True,
LOCAL-v1-q4-edge_mixed_min_radius-5011,4,candidate,15,383.0899178,0.012844833079725504,15,1.0,5746.348767,True,
LOCAL-v1-q4-edge_mixed_min_radius-5012,4,candidate,10,621.7177166,0.006160167045891285,10,1.0,6217.177166,True,
LOCAL-v1-q4-edge_mixed_min_radius-5013,4,candidate,12,552.17452225,0.006443583057262003,12,1.0,6626.094267,True,
LOCAL-v1-q4-edge_mixed_min_radius-5014,4,candidate,11,581.095023,0.006022708024829626,11,1.0,6392.045253,True,
LOCAL-v1-q4-edge_mixed_min_radius-5015,4,candidate,12,591.6656140833334,0.008365415968000889,12,1.0,7099.987369,True,
LOCAL-v1-q4-edge_mixed_min_radius-5016,4,candidate,16,376.6846096875,0.008489749976433814,16,1.0,6026.953755,True,
LOCAL-v1-q4-edge_mixed_min_radius-5017,4,candidate,15,447.99564699999996,0.008916749968193471,15,1.0,6719.934705,True,
LOCAL-v1-q4-edge_mixed_min_radius-5018,4,candidate,10,622.3439923,0.0054051249753683805,10,1.0,6223.439923,True,
LOCAL-v1-q4-edge_mixed_min_radius-5019,4,candidate,11,542.8601457272727,0.007478791056200862,11,1.0,5971.461603,True,
LOCAL-v1-q4-edge_mixed_min_radius-5020,4,candidate,16,279.363663625,0.009606666979379952,16,1.0,4469.818618,True,
LOCAL-v1-q4-edge_mixed_min_radius-5021,4,candidate,14,528.4449179285714,0.00888925010804087,14,1.0,7398.228851,True,
LOCAL-v1-q4-edge_mixed_min_radius-5022,4,candidate,14,478.03220749999997,0.010525790974497795,14,1.0,6692.450905,True,
LOCAL-v1-q4-edge_mixed_min_radius-5023,4,candidate,15,410.2435914,0.009856707998551428,15,1.0,6153.653871,True,
LOCAL-v1-q4-edge_mixed_min_radius-5024,4,candidate,13,459.21299892307695,0.007959208101965487,13,1.0,5969.768986,True,
LOCAL-v1-q4-edge_mixed_min_radius-5025,4,candidate,12,574.76471675,0.008416165946982801,12,1.0,6897.176601,True,
LOCAL-v1-q4-edge_mixed_min_radius-5026,4,candidate,15,426.33533273333336,0.010341666988097131,15,1.0,6395.029991,True,
LOCAL-v1-q4-edge_mixed_min_radius-5027,4,candidate,11,539.3919304545454,0.006365875015035272,11,1.0,5933.311235,True,
LOCAL-v1-q4-edge_mixed_min_radius-5028,4,candidate,10,638.6884295,0.00531266606412828,10,1.0,6386.884295,True,
LOCAL-v1-q4-edge_mixed_min_radius-5029,4,candidate,11,620.5814338181818,0.00901008304208517,11,1.0,6826.395772,True,
LOCAL-v1-q4-edge_mixed_min_radius-5030,4,candidate,12,539.86473075,0.008089083945378661,12,1.0,6478.376769,True,
LOCAL-v1-q4-edge_mixed_min_radius-5031,4,candidate,15,473.15739906666664,0.008393333991989493,15,1.0,7097.360986,True,
LOCAL-v1-q4-edge_mixed_min_radius-5032,4,candidate,11,560.8613242727273,0.006617667037062347,11,1.0,6169.474567,True,
LOCAL-v1-q4-edge_mixed_min_radius-5033,4,candidate,14,401.5013511428571,0.0103783750673756,14,1.0,5621.018916,True,
LOCAL-v1-q4-edge_mixed_min_radius-5034,4,candidate,16,438.850200875,0.010027374955825508,16,1.0,7021.603214,True,
LOCAL-v1-q4-edge_mixed_min_radius-5035,4,candidate,10,718.6178397,0.007628791965544224,10,1.0,7186.178397,True,
LOCAL-v1-q4-edge_mixed_min_radius-5036,4,candidate,15,482.5684534666667,0.01032395800575614,15,1.0,7238.526802,True,
LOCAL-v1-q4-edge_mixed_min_radius-5037,4,candidate,15,450.07859913333334,0.00947512499988079,15,1.0,6751.178987,True,
LOCAL-v1-q4-edge_mixed_min_radius-5038,4,candidate,16,313.4948191875,0.008606750052422285,16,1.0,5015.917107,True,
LOCAL-v1-q4-edge_mixed_min_radius-5039,4,candidate,10,643.8500592,0.007445625029504299,10,1.0,6438.500592,True,
LOCAL-v1-q4-edge_mixed_min_radius-5040,4,candidate,15,391.34188026666664,0.01174879097379744,15,1.0,5870.128204,True,
LOCAL-v1-q4-edge_mixed_min_radius-5041,4,candidate,15,426.52991213333337,0.009528041002340615,15,1.0,6397.948682,True,
LOCAL-v1-q4-edge_mixed_min_radius-5042,4,candidate,11,599.7147117272727,0.007520999992266297,11,1.0,6596.861829,True,
LOCAL-v1-q4-edge_mixed_min_radius-5043,4,candidate,12,596.2214175,0.007785791996866465,12,1.0,7154.65701,True,
LOCAL-v1-q4-edge_mixed_min_radius-5044,4,candidate,11,612.8479775454545,0.006992499926127493,11,1.0,6741.327753,True,
LOCAL-v1-q4-edge_mixed_min_radius-5045,4,candidate,11,529.0848570909092,0.007858750061132014,11,1.0,5819.933428,True,
LOCAL-v1-q4-edge_mixed_min_radius-5046,4,candidate,10,586.800961,0.006944417022168636,10,1.0,5868.00961,True,
LOCAL-v1-q4-edge_mixed_min_radius-5047,4,candidate,16,346.4229699375,0.012405458954162896,16,1.0,5542.767519,True,
LOCAL-v1-q4-edge_mixed_min_radius-5048,4,candidate,12,523.1371760000001,0.008338415995240211,12,1.0,6277.646112,True,
LOCAL-v1-q4-edge_mixed_min_radius-5049,4,candidate,10,594.0657100999999,0.006024874979630113,10,1.0,5940.657101,True,
LOCAL-v1-q4-edge_mixed_min_radius-5050,4,candidate,15,437.94981086666667,0.010240791947580874,15,1.0,6569.247163,True,
LOCAL-v1-q4-edge_mixed_min_radius-5051,4,candidate,11,594.5366675454545,0.009850124944932759,11,1.0,6539.903343,True,
LOCAL-v1-q4-edge_mixed_min_radius-5052,4,candidate,13,482.70915546153844,0.011246707988902926,13,1.0,6275.219021,True,
LOCAL-v1-q4-edge_mixed_min_radius-5053,4,candidate,16,352.4438199375,0.013131708954460919,16,1.0,5639.101119,True,
LOCAL-v1-q4-edge_mixed_min_radius-5054,4,candidate,16,370.5710401875,0.010288916993886232,16,1.0,5929.136643,True,
LOCAL-v1-q4-edge_mixed_min_radius-5055,4,candidate,12,576.4950825833333,0.006593416910618544,12,1.0,6917.940991,True,
LOCAL-v1-q4-edge_mixed_min_radius-5056,4,candidate,13,569.9063363076923,0.01002208306454122,13,1.0,7408.782372,True,
LOCAL-v1-q4-edge_mixed_min_radius-5057,4,candidate,13,516.9896447692307,0.01141766703221947,13,1.0,6720.865382,True,
LOCAL-v1-q4-edge_mixed_min_radius-5058,4,candidate,14,445.8095202857143,0.00717250001616776,14,1.0,6241.333284,True,
LOCAL-v1-q4-edge_mixed_min_radius-5059,4,candidate,12,512.3023068333333,0.006279291003011167,12,1.0,6147.627682,True,
LOCAL-v1-q4-edge_mixed_min_radius-5060,4,candidate,11,627.104616909091,0.0060384999960660934,11,1.0,6898.150786,True,
LOCAL-v1-q4-edge_mixed_min_radius-5061,4,candidate,13,507.7715436923077,0.00994770904071629,13,1.0,6601.030068,True,
LOCAL-v1-q4-edge_mixed_min_radius-5062,4,candidate,16,405.5206135625,0.011560208979062736,16,1.0,6488.329817,True,
LOCAL-v1-q4-edge_mixed_min_radius-5063,4,candidate,15,461.33490773333335,0.009413582971319556,15,1.0,6920.023616,True,
LOCAL-v1-q4-edge_mixed_min_radius-5064,4,candidate,13,477.366293,0.008617167011834681,13,1.0,6205.761809,True,
LOCAL-v1-q4-edge_mixed_min_radius-5065,4,candidate,12,554.9416006666667,0.009879084071144462,12,1.0,6659.299208,True,
LOCAL-v1-q4-edge_mixed_min_radius-5066,4,candidate,10,579.7016582,0.006678166915662587,10,1.0,5797.016582,True,
LOCAL-v1-q4-edge_mixed_min_radius-5067,4,candidate,16,359.5343799375,0.01022658299189061,16,1.0,5752.550079,True,
LOCAL-v1-q4-edge_mixed_min_radius-5068,4,candidate,13,471.94875369230766,0.00862391700502485,13,1.0,6135.333798,True,
LOCAL-v1-q4-edge_mixed_min_radius-5069,4,candidate,14,503.365408,0.008803292061202228,14,1.0,7047.115712,True,
LOCAL-v1-q4-edge_mixed_min_radius-5070,4,candidate,12,557.9532058333333,0.009791541961021721,12,1.0,6695.43847,True,
LOCAL-v1-q4-edge_mixed_min_radius-5071,4,candidate,12,501.04780258333335,0.007201292086392641,12,1.0,6012.573631,True,
LOCAL-v1-q4-edge_mixed_min_radius-5072,4,candidate,15,468.2048863333333,0.009473249898292124,15,1.0,7023.073295,True,
LOCAL-v1-q4-edge_mixed_min_radius-5073,4,candidate,10,595.0395048,0.007106916047632694,10,1.0,5950.395048,True,
LOCAL-v1-q4-edge_mixed_min_radius-5074,4,candidate,16,362.4133891875,0.011197708896361291,16,1.0,5798.614227,True,
LOCAL-v1-q4-edge_mixed_min_radius-5075,4,candidate,15,426.73789113333333,0.009388540987856686,15,1.0,6401.068367,True,
LOCAL-v1-q4-edge_mixed_min_radius-5076,4,candidate,12,529.9595044166666,0.006875624996609986,12,1.0,6359.514053,True,
LOCAL-v1-q4-edge_mixed_min_radius-5077,4,candidate,14,411.66303392857145,0.007754791062325239,14,1.0,5763.282475,True,
LOCAL-v1-q4-edge_mixed_min_radius-5078,4,candidate,13,451.85566800000004,0.007318542106077075,13,1.0,5874.123684,True,
LOCAL-v1-q4-edge_mixed_min_radius-5079,4,candidate,10,619.6590899,0.007142750080674887,10,1.0,6196.590899,True,
LOCAL-v1-q4-edge_mixed_min_radius-5080,4,candidate,10,648.5594301,0.006659041973762214,10,1.0,6485.594301,True,
LOCAL-v1-q4-edge_mixed_min_radius-5081,4,candidate,16,431.7097031875,0.010993792093358934,16,1.0,6907.355251,True,
LOCAL-v1-q4-edge_mixed_min_radius-5082,4,candidate,13,461.2851529230769,0.007570584071800113,13,1.0,5996.706988,True,
LOCAL-v1-q4-edge_mixed_min_radius-5083,4,candidate,13,453.143314,0.007577541982755065,13,1.0,5890.863082,True,
LOCAL-v1-q4-edge_mixed_min_radius-5084,4,candidate,14,478.6305147857143,0.007462833076715469,14,1.0,6700.827207,True,
LOCAL-v1-q4-edge_mixed_min_radius-5085,4,candidate,15,437.29313533333334,0.009532792028039694,15,1.0,6559.39703,True,
LOCAL-v1-q4-edge_mixed_min_radius-5086,4,candidate,12,563.0836099166667,0.00770387495867908,12,1.0,6757.003319,True,
LOCAL-v1-q4-edge_mixed_min_radius-5087,4,candidate,13,498.95709315384613,0.00801716698333621,13,1.0,6486.442211,True,
LOCAL-v1-q4-edge_mixed_min_radius-5088,4,candidate,16,347.064121875,0.010216625058092177,16,1.0,5553.02595,True,
LOCAL-v1-q4-edge_mixed_min_radius-5089,4,candidate,15,408.6229611333334,0.010838832939043641,15,1.0,6129.344417,True,
LOCAL-v1-q4-edge_mixed_min_radius-5090,4,candidate,14,440.8033822857143,0.009016375057399273,14,1.0,6171.247352,True,
LOCAL-v1-q4-edge_mixed_min_radius-5091,4,candidate,12,505.7062520833333,0.007629917003214359,12,1.0,6068.475025,True,
LOCAL-v1-q4-edge_mixed_min_radius-5092,4,candidate,11,586.9266397272727,0.007494958001188934,11,1.0,6456.193037,True,
LOCAL-v1-q4-edge_mixed_min_radius-5093,4,candidate,15,484.2152742,0.008511334075592458,15,1.0,7263.229113,True,
LOCAL-v1-q4-edge_mixed_min_radius-5094,4,candidate,11,576.0323927272727,0.008075541933067143,11,1.0,6336.35632,True,
LOCAL-v1-q4-edge_mixed_min_radius-5095,4,candidate,10,647.3995249,0.008233291911892593,10,1.0,6473.995249,True,
LOCAL-v1-q4-edge_mixed_min_radius-5096,4,candidate,14,425.9265953571429,0.009158583008684218,14,1.0,5962.972335,True,
LOCAL-v1-q4-edge_mixed_min_radius-5097,4,candidate,13,493.8772680769231,0.008022791938856244,13,1.0,6420.404485,True,
LOCAL-v1-q4-edge_mixed_min_radius-5098,4,candidate,16,341.276158625,0.009323000092990696,16,1.0,5460.418538,True,
LOCAL-v1-q4-edge_mixed_min_radius-5099,4,candidate,13,553.0264264615384,0.008104708045721054,13,1.0,7189.343544,True,
LOCAL-v1-q4-offcenter_cluster-5000,4,candidate,11,496.4809084545455,0.011510791955515742,11,1.0,5461.289993,True,
LOCAL-v1-q4-offcenter_cluster-5001,4,candidate,14,450.6698562142857,0.012443749932572246,14,1.0,6309.377987,True,
LOCAL-v1-q4-offcenter_cluster-5002,4,candidate,15,389.6777734666667,0.014170374954119325,15,1.0,5845.166602,True,
LOCAL-v1-q4-offcenter_cluster-5003,4,candidate,11,500.8098002727273,0.009166625095531344,11,1.0,5508.907803,True,
LOCAL-v1-q4-offcenter_cluster-5004,4,candidate,12,486.12543024999997,0.013448249897919595,12,1.0,5833.505163,True,
LOCAL-v1-q4-offcenter_cluster-5005,4,candidate,11,482.01517418181817,0.012376165948808193,11,1.0,5302.166916,True,
LOCAL-v1-q4-offcenter_cluster-5006,4,candidate,11,481.36271763636364,0.010347416973672807,11,1.0,5294.989894,True,
LOCAL-v1-q4-offcenter_cluster-5007,4,candidate,11,508.6048856363637,0.012661249958910048,11,1.0,5594.653742,True,
LOCAL-v1-q4-offcenter_cluster-5008,4,candidate,10,594.7317353999999,0.008236709050834179,10,1.0,5947.317354,True,
LOCAL-v1-q4-offcenter_cluster-5009,4,candidate,14,405.90450185714286,0.010495666996575892,14,1.0,5682.663026,True,
LOCAL-v1-q4-offcenter_cluster-5010,4,candidate,12,445.06706075000005,0.012401917017996311,12,1.0,5340.804729,True,
LOCAL-v1-q4-offcenter_cluster-5011,4,candidate,15,316.61043766666666,0.017918374971486628,15,1.0,4749.156565,True,
LOCAL-v1-q4-offcenter_cluster-5012,4,candidate,10,560.7699643,0.008282374939881265,10,1.0,5607.699643,True,
LOCAL-v1-q4-offcenter_cluster-5013,4,candidate,12,474.2745913333333,0.011834374978207052,12,1.0,5691.295096,True,
LOCAL-v1-q4-offcenter_cluster-5014,4,candidate,11,515.703879,0.010069292038679123,11,1.0,5672.742669,True,
LOCAL-v1-q4-offcenter_cluster-5015,4,candidate,12,507.2258780833333,0.008125166990794241,12,1.0,6086.710537,True,
LOCAL-v1-q4-offcenter_cluster-5016,4,candidate,16,106.7586526875,0.012471708003431559,16,1.0,1708.138443,True,
LOCAL-v1-q4-offcenter_cluster-5017,4,candidate,15,379.48161453333336,0.012962208013050258,15,1.0,5692.224218,True,
LOCAL-v1-q4-offcenter_cluster-5018,4,candidate,10,549.368939,0.01068266702350229,10,1.0,5493.68939,True,
LOCAL-v1-q4-offcenter_cluster-5019,4,candidate,11,485.3819663636363,0.009197000064887106,11,1.0,5339.20163,True,
LOCAL-v1-q4-offcenter_cluster-5020,4,candidate,16,232.1924855,0.013417374924756587,16,1.0,3715.079768,True,
LOCAL-v1-q4-offcenter_cluster-5021,4,candidate,14,409.61922942857143,0.010252833017148077,14,1.0,5734.669212,True,
LOCAL-v1-q4-offcenter_cluster-5022,4,candidate,14,430.438596,0.012229208019562066,14,1.0,6026.140344,True,
LOCAL-v1-q4-offcenter_cluster-5023,4,candidate,15,397.2469068666667,0.01724820793606341,15,1.0,5958.703603,True,
LOCAL-v1-q4-offcenter_cluster-5024,4,candidate,13,426.44982953846153,0.010639957967214286,13,1.0,5543.847784,True,
LOCAL-v1-q4-offcenter_cluster-5025,4,candidate,12,462.63296341666666,0.008857791079208255,12,1.0,5551.595561,True,
LOCAL-v1-q4-offcenter_cluster-5026,4,candidate,15,342.55843773333334,0.014334583072923124,15,1.0,5138.376566,True,
LOCAL-v1-q4-offcenter_cluster-5027,4,candidate,11,522.6587041818182,0.010775374947115779,11,1.0,5749.245746,True,
LOCAL-v1-q4-offcenter_cluster-5028,4,candidate,10,538.1200969,0.008778250077739358,10,1.0,5381.200969,True,
LOCAL-v1-q4-offcenter_cluster-5029,4,candidate,11,514.7522020909091,0.008065582951530814,11,1.0,5662.274223,True,
LOCAL-v1-q4-offcenter_cluster-5030,4,candidate,12,426.1128244166667,0.009361666976474226,12,1.0,5113.353893,True,
LOCAL-v1-q4-offcenter_cluster-5031,4,candidate,15,409.67529593333336,0.012008042074739933,15,1.0,6145.129439,True,
LOCAL-v1-q4-offcenter_cluster-5032,4,candidate,11,488.19437272727276,0.010436541982926428,11,1.0,5370.1381,True,
LOCAL-v1-q4-offcenter_cluster-5033,4,candidate,14,357.1907619285715,0.016128042014315724,14,1.0,5000.670667,True,
LOCAL-v1-q4-offcenter_cluster-5034,4,candidate,16,125.7135223125,0.015675166971050203,16,1.0,2011.416357,True,
LOCAL-v1-q4-offcenter_cluster-5035,4,candidate,10,586.8646039,0.008750583976507187,10,1.0,5868.646039,True,
LOCAL-v1-q4-offcenter_cluster-5036,4,candidate,15,348.8067301333333,0.013840625062584877,15,1.0,5232.100952,True,
LOCAL-v1-q4-offcenter_cluster-5037,4,candidate,15,359.8910053333333,0.015851042000576854,15,1.0,5398.36508,True,
LOCAL-v1-q4-offcenter_cluster-5038,4,candidate,16,93.0104974375,0.014966375078074634,16,1.0,1488.167959,True,
LOCAL-v1-q4-offcenter_cluster-5039,4,candidate,10,572.2865198000001,0.01009774999693036,10,1.0,5722.865198,True,
LOCAL-v1-q4-offcenter_cluster-5040,4,candidate,15,357.38460779999997,0.012566291959956288,15,1.0,5360.769117,True,
LOCAL-v1-q4-offcenter_cluster-5041,4,candidate,15,418.5472102,0.012681541964411736,15,1.0,6278.208153,True,
LOCAL-v1-q4-offcenter_cluster-5042,4,candidate,11,524.0430951818181,0.009148000041022897,11,1.0,5764.474047,True,
LOCAL-v1-q4-offcenter_cluster-5043,4,candidate,12,482.9006421666666,0.011695291963405907,12,1.0,5794.807706,True,
LOCAL-v1-q4-offcenter_cluster-5044,4,candidate,11,529.6384479090909,0.008117082994431257,11,1.0,5826.022927,True,
LOCAL-v1-q4-offcenter_cluster-5045,4,candidate,11,526.7027207272727,0.007352542015723884,11,1.0,5793.729928,True,
LOCAL-v1-q4-offcenter_cluster-5046,4,candidate,10,554.1815162,0.00959683395922184,10,1.0,5541.815162,True,
LOCAL-v1-q4-offcenter_cluster-5047,4,candidate,16,55.7901666875,0.006887875031679869,16,1.0,892.642667,True,
LOCAL-v1-q4-offcenter_cluster-5048,4,candidate,12,449.05873575000004,0.012502374942414463,12,1.0,5388.704829,True,
LOCAL-v1-q4-offcenter_cluster-5049,4,candidate,10,562.8264782,0.009839124977588654,10,1.0,5628.264782,True,
LOCAL-v1-q4-offcenter_cluster-5050,4,candidate,15,332.3324791333333,0.011676957947202027,15,1.0,4984.987187,True,
LOCAL-v1-q4-offcenter_cluster-5051,4,candidate,11,504.1214317272727,0.009863667073659599,11,1.0,5545.335749,True,
LOCAL-v1-q4-offcenter_cluster-5052,4,candidate,13,404.7771292307692,0.011708582984283566,13,1.0,5262.10268,True,
LOCAL-v1-q4-offcenter_cluster-5053,4,candidate,16,82.9545068125,0.006842540926299989,16,1.0,1327.272109,True,
LOCAL-v1-q4-offcenter_cluster-5054,4,candidate,16,112.271638375,0.012297709006816149,16,1.0,1796.346214,True,
LOCAL-v1-q4-offcenter_cluster-5055,4,candidate,12,469.6717770833333,0.011648707906715572,12,1.0,5636.061325,True,
LOCAL-v1-q4-offcenter_cluster-5056,4,candidate,13,426.7748151538462,0.011215125094167888,13,1.0,5548.072597,True,
LOCAL-v1-q4-offcenter_cluster-5057,4,candidate,13,425.0775926923077,0.015398791991174221,13,1.0,5526.008705,True,
LOCAL-v1-q4-offcenter_cluster-5058,4,candidate,14,366.93138121428575,0.01180404203478247,14,1.0,5137.039337,True,
LOCAL-v1-q4-offcenter_cluster-5059,4,candidate,12,448.209071,0.012435207958333194,12,1.0,5378.508852,True,
LOCAL-v1-q4-offcenter_cluster-5060,4,candidate,11,484.491331,0.009365499950945377,11,1.0,5329.404641,True,
LOCAL-v1-q4-offcenter_cluster-5061,4,candidate,13,442.0611183076923,0.011712874984368682,13,1.0,5746.794538,True,
LOCAL-v1-q4-offcenter_cluster-5062,4,candidate,16,213.1301755625,0.019812999991700053,16,1.0,3410.082809,True,
LOCAL-v1-q4-offcenter_cluster-5063,4,candidate,15,351.5076636,0.020267417072318494,15,1.0,5272.614954,True,
LOCAL-v1-q4-offcenter_cluster-5064,4,candidate,13,489.81705384615384,0.010178709053434432,13,1.0,6367.6217,True,
LOCAL-v1-q4-offcenter_cluster-5065,4,candidate,12,520.6043283333333,0.01002375001553446,12,1.0,6247.25194,True,
LOCAL-v1-q4-offcenter_cluster-5066,4,candidate,10,536.4886225,0.009630625019781291,10,1.0,5364.886225,True,
LOCAL-v1-q4-offcenter_cluster-5067,4,candidate,16,367.5462785625,0.009469916927628219,16,1.0,5880.740457,True,
LOCAL-v1-q4-offcenter_cluster-5068,4,candidate,13,455.80232184615386,0.01117516600061208,13,1.0,5925.430184,True,
LOCAL-v1-q4-offcenter_cluster-5069,4,candidate,14,438.53436700000003,0.008217083057388663,14,1.0,6139.481138,True,
LOCAL-v1-q4-offcenter_cluster-5070,4,candidate,12,433.56633674999995,0.008427834021858871,12,1.0,5202.796041,True,
LOCAL-v1-q4-offcenter_cluster-5071,4,candidate,12,453.3438383333333,0.011278833961114287,12,1.0,5440.12606,True,
LOCAL-v1-q4-offcenter_cluster-5072,4,candidate,15,373.2617467333333,0.013214250095188618,15,1.0,5598.926201,True,
LOCAL-v1-q4-offcenter_cluster-5073,4,candidate,10,538.6443005,0.009143500006757677,10,1.0,5386.443005,True,
LOCAL-v1-q4-offcenter_cluster-5074,4,candidate,16,109.6238165625,0.018296957947313786,16,1.0,1753.981065,True,
LOCAL-v1-q4-offcenter_cluster-5075,4,candidate,15,327.8305676666667,0.017656957963481545,15,1.0,4917.458515,True,
LOCAL-v1-q4-offcenter_cluster-5076,4,candidate,12,452.34876425,0.01092191704083234,12,1.0,5428.185171,True,
LOCAL-v1-q4-offcenter_cluster-5077,4,candidate,14,353.7779423571429,0.011740957968868315,14,1.0,4952.891193,True,
LOCAL-v1-q4-offcenter_cluster-5078,4,candidate,13,439.7678763846154,0.009877332951873541,13,1.0,5716.982393,True,
LOCAL-v1-q4-offcenter_cluster-5079,4,candidate,10,551.5883732,0.009255415992811322,10,1.0,5515.883732,True,
LOCAL-v1-q4-offcenter_cluster-5080,4,candidate,10,575.4169922,0.008321958011947572,10,1.0,5754.169922,True,
LOCAL-v1-q4-offcenter_cluster-5081,4,candidate,16,89.9847461875,0.008859666995704174,16,1.0,1439.755939,True,
LOCAL-v1-q4-offcenter_cluster-5082,4,candidate,13,468.1657143076923,0.011610875022597611,13,1.0,6086.154286,True,
LOCAL-v1-q4-offcenter_cluster-5083,4,candidate,13,390.88153607692306,0.012787707964889705,13,1.0,5081.459969,True,
LOCAL-v1-q4-offcenter_cluster-5084,4,candidate,14,418.1325871428571,0.012776624993421137,14,1.0,5853.85622,True,
LOCAL-v1-q4-offcenter_cluster-5085,4,candidate,15,340.257334,0.013798750005662441,15,1.0,5103.86001,True,
LOCAL-v1-q4-offcenter_cluster-5086,4,candidate,12,463.4262725833333,0.011169625096954405,12,1.0,5561.115271,True,
LOCAL-v1-q4-offcenter_cluster-5087,4,candidate,13,457.471276,0.009913166053593159,13,1.0,5947.126588,True,
LOCAL-v1-q4-offcenter_cluster-5088,4,candidate,16,69.1112605625,0.017277541919611394,16,1.0,1105.780169,True,
LOCAL-v1-q4-offcenter_cluster-5089,4,candidate,15,340.5354703333333,0.01285150006879121,15,1.0,5108.032055,True,
LOCAL-v1-q4-offcenter_cluster-5090,4,candidate,14,379.86562585714285,0.018600709037855268,14,1.0,5318.118762,True,
LOCAL-v1-q4-offcenter_cluster-5091,4,candidate,12,494.536845,0.009930624975822866,12,1.0,5934.44214,True,
LOCAL-v1-q4-offcenter_cluster-5092,4,candidate,11,513.3073751818182,0.010960499988868833,11,1.0,5646.381127,True,
LOCAL-v1-q4-offcenter_cluster-5093,4,candidate,15,340.5535884,0.012060332926921546,15,1.0,5108.303826,True,
LOCAL-v1-q4-offcenter_cluster-5094,4,candidate,11,523.773026,0.009548083995468915,11,1.0,5761.503286,True,
LOCAL-v1-q4-offcenter_cluster-5095,4,candidate,10,629.3588363,0.007628125022165477,10,1.0,6293.588363,True,
LOCAL-v1-q4-offcenter_cluster-5096,4,candidate,14,364.5201786428571,0.012629083008505404,14,1.0,5103.282501,True,
LOCAL-v1-q4-offcenter_cluster-5097,4,candidate,13,440.02426623076923,0.013292166055180132,13,1.0,5720.315461,True,
LOCAL-v1-q4-offcenter_cluster-5098,4,candidate,16,79.5368210625,0.011326708015985787,16,1.0,1272.589137,True,
LOCAL-v1-q4-offcenter_cluster-5099,4,candidate,13,463.8889085384616,0.008234124979935586,13,1.0,6030.555811,True,
LOCAL-v1-q4-origin_cluster-5000,4,candidate,11,512.8343412727273,0.012400750070810318,11,1.0,5641.177754,True,
LOCAL-v1-q4-origin_cluster-5001,4,candidate,14,401.7410180714286,0.015672125038690865,14,1.0,5624.374253,True,
LOCAL-v1-q4-origin_cluster-5002,4,candidate,15,417.53274626666666,0.011647374951280653,15,1.0,6262.991194,True,
LOCAL-v1-q4-origin_cluster-5003,4,candidate,11,589.6456712727272,0.009767208946868777,11,1.0,6486.102384,True,
LOCAL-v1-q4-origin_cluster-5004,4,candidate,12,496.59884024999997,0.009039042051881552,12,1.0,5959.186083,True,
LOCAL-v1-q4-origin_cluster-5005,4,candidate,11,464.7746337272727,0.010284290998242795,11,1.0,5112.520971,True,
LOCAL-v1-q4-origin_cluster-5006,4,candidate,11,542.8206936363636,0.008042582892812788,11,1.0,5971.02763,True,
LOCAL-v1-q4-origin_cluster-5007,4,candidate,11,557.3090241818182,0.008233541040681303,11,1.0,6130.399266,True,
LOCAL-v1-q4-origin_cluster-5008,4,candidate,10,645.4235095,0.008392624906264246,10,1.0,6454.235095,True,
LOCAL-v1-q4-origin_cluster-5009,4,candidate,14,385.6076461428571,0.011284291045740247,14,1.0,5398.507046,True,
LOCAL-v1-q4-origin_cluster-5010,4,candidate,12,471.5996226666667,0.009902124991640449,12,1.0,5659.195472,True,
LOCAL-v1-q4-origin_cluster-5011,4,candidate,15,343.55510066666665,0.01382587500847876,15,1.0,5153.32651,True,
LOCAL-v1-q4-origin_cluster-5012,4,candidate,10,557.7690285,0.010347665986046195,10,1.0,5577.690285,True,
LOCAL-v1-q4-origin_cluster-5013,4,candidate,12,532.564121,0.009703415911644697,12,1.0,6390.769452,True,
LOCAL-v1-q4-origin_cluster-5014,4,candidate,11,557.4178346363636,0.008230875013396144,11,1.0,6131.596181,True,
LOCAL-v1-q4-origin_cluster-5015,4,candidate,12,539.4687573333333,0.009771125041879714,12,1.0,6473.625088,True,
LOCAL-v1-q4-origin_cluster-5016,4,candidate,16,217.22553525,0.011509125004522502,16,1.0,3475.608564,True,
LOCAL-v1-q4-origin_cluster-5017,4,candidate,15,393.4816848666667,0.011786290910094976,15,1.0,5902.225273,True,
LOCAL-v1-q4-origin_cluster-5018,4,candidate,10,612.0278006,0.007700541988015175,10,1.0,6120.278006,True,
LOCAL-v1-q4-origin_cluster-5019,4,candidate,11,461.24760263636364,0.0098697500070557,11,1.0,5073.723629,True,
LOCAL-v1-q4-origin_cluster-5020,4,candidate,16,118.522927125,0.014749165973626077,16,1.0,1896.366834,True,
LOCAL-v1-q4-origin_cluster-5021,4,candidate,14,412.94926085714286,0.011386124999262393,14,1.0,5781.289652,True,
LOCAL-v1-q4-origin_cluster-5022,4,candidate,14,431.658779,0.010799000039696693,14,1.0,6043.222906,True,
LOCAL-v1-q4-origin_cluster-5023,4,candidate,15,353.98050846666666,0.02033137495163828,15,1.0,5309.707627,True,
LOCAL-v1-q4-origin_cluster-5024,4,candidate,13,486.09421453846153,0.010606082971207798,13,1.0,6319.224789,True,
LOCAL-v1-q4-origin_cluster-5025,4,candidate,12,500.1544581666667,0.009071166976355016,12,1.0,6001.853498,True,
LOCAL-v1-q4-origin_cluster-5026,4,candidate,15,356.4038523333333,0.011523459106683731,15,1.0,5346.057785,True,
LOCAL-v1-q4-origin_cluster-5027,4,candidate,11,492.8843693636363,0.009026792016811669,11,1.0,5421.728063,True,
LOCAL-v1-q4-origin_cluster-5028,4,candidate,10,645.4871124,0.010095458012074232,10,1.0,6454.871124,True,
LOCAL-v1-q4-origin_cluster-5029,4,candidate,11,533.1659185454545,0.010058625019155443,11,1.0,5864.825104,True,
LOCAL-v1-q4-origin_cluster-5030,4,candidate,12,521.63043925,0.014483290957286954,12,1.0,6259.565271,True,
LOCAL-v1-q4-origin_cluster-5031,4,candidate,15,432.7408944,0.011414333013817668,15,1.0,6491.113416,True,
LOCAL-v1-q4-origin_cluster-5032,4,candidate,11,512.189777,0.008078000042587519,11,1.0,5634.087547,True,
LOCAL-v1-q4-origin_cluster-5033,4,candidate,14,340.9106212857143,0.013932166970334947,14,1.0,4772.748698,True,
LOCAL-v1-q4-origin_cluster-5034,4,candidate,16,214.9412284375,0.011840916937217116,16,1.0,3439.059655,True,
LOCAL-v1-q4-origin_cluster-5035,4,candidate,10,679.6159778,0.007278916076757014,10,1.0,6796.159778,True,
LOCAL-v1-q4-origin_cluster-5036,4,candidate,15,417.89409199999994,0.012163624982349575,15,1.0,6268.41138,True,
LOCAL-v1-q4-origin_cluster-5037,4,candidate,15,426.2786789333333,0.012152250041253865,15,1.0,6394.180184,True,
LOCAL-v1-q4-origin_cluster-5038,4,candidate,16,108.779860625,0.016126500093378127,16,1.0,1740.47777,True,
LOCAL-v1-q4-origin_cluster-5039,4,candidate,10,653.7059075999999,0.007281792000867426,10,1.0,6537.059076,True,
LOCAL-v1-q4-origin_cluster-5040,4,candidate,15,351.6600398,0.01519470801576972,15,1.0,5274.900597,True,
LOCAL-v1-q4-origin_cluster-5041,4,candidate,15,400.60305733333337,0.014437582925893366,15,1.0,6009.04586,True,
LOCAL-v1-q4-origin_cluster-5042,4,candidate,11,497.5925889090909,0.009216582984663546,11,1.0,5473.518478,True,
LOCAL-v1-q4-origin_cluster-5043,4,candidate,12,537.1579008333333,0.007981042028404772,12,1.0,6445.89481,True,
LOCAL-v1-q4-origin_cluster-5044,4,candidate,11,551.6864411818182,0.008926582988351583,11,1.0,6068.550853,True,
LOCAL-v1-q4-origin_cluster-5045,4,candidate,11,478.62731754545456,0.009337667026557028,11,1.0,5264.900493,True,
LOCAL-v1-q4-origin_cluster-5046,4,candidate,10,557.2361487000001,0.008376333047635853,10,1.0,5572.361487,True,
LOCAL-v1-q4-origin_cluster-5047,4,candidate,16,101.0621215625,0.01908845896832645,16,1.0,1616.993945,True,
LOCAL-v1-q4-origin_cluster-5048,4,candidate,12,452.46617625,0.01333970797713846,12,1.0,5429.594115,True,
LOCAL-v1-q4-origin_cluster-5049,4,candidate,10,635.5988745,0.006963250110857189,10,1.0,6355.988745,True,
LOCAL-v1-q4-origin_cluster-5050,4,candidate,15,354.8913068666667,0.011301208985969424,15,1.0,5323.369603,True,
LOCAL-v1-q4-origin_cluster-5051,4,candidate,11,579.697413,0.007881790981628,11,1.0,6376.671543,True,
LOCAL-v1-q4-origin_cluster-5052,4,candidate,13,403.2551166153846,0.013417333015240729,13,1.0,5242.316516,True,
LOCAL-v1-q4-origin_cluster-5053,4,candidate,16,105.170590125,0.013069542008452117,16,1.0,1682.729442,True,
LOCAL-v1-q4-origin_cluster-5054,4,candidate,16,181.879135,0.011891834088601172,16,1.0,2910.06616,True,
LOCAL-v1-q4-origin_cluster-5055,4,candidate,12,511.87544041666666,0.010891040903516114,12,1.0,6142.505285,True,
LOCAL-v1-q4-origin_cluster-5056,4,candidate,13,484.386012,0.009199875057674944,13,1.0,6297.018156,True,
LOCAL-v1-q4-origin_cluster-5057,4,candidate,13,430.4509207692308,0.00968283403199166,13,1.0,5595.86197,True,
LOCAL-v1-q4-origin_cluster-5058,4,candidate,14,369.33556407142856,0.013595708995126188,14,1.0,5170.697897,True,
LOCAL-v1-q4-origin_cluster-5059,4,candidate,12,437.6381748333333,0.010354584082961082,12,1.0,5251.658098,True,
LOCAL-v1-q4-origin_cluster-5060,4,candidate,11,590.0963311818182,0.008233290980570018,11,1.0,6491.059643,True,
LOCAL-v1-q4-origin_cluster-5061,4,candidate,13,478.77209546153847,0.011461999965831637,13,1.0,6224.037241,True,
LOCAL-v1-q4-origin_cluster-5062,4,candidate,16,156.9164435,0.012680666986852884,16,1.0,2510.663096,True,
LOCAL-v1-q4-origin_cluster-5063,4,candidate,15,370.00346733333333,0.013773291953839362,15,1.0,5550.05201,True,
LOCAL-v1-q4-origin_cluster-5064,4,candidate,13,498.4755056153846,0.009734791005030274,13,1.0,6480.181573,True,
LOCAL-v1-q4-origin_cluster-5065,4,candidate,12,528.9742864166667,0.009026624960824847,12,1.0,6347.691437,True,
LOCAL-v1-q4-origin_cluster-5066,4,candidate,10,609.9249731,0.007680666982196271,10,1.0,6099.249731,True,
LOCAL-v1-q4-origin_cluster-5067,4,candidate,16,205.247431375,0.01579179207328707,16,1.0,3283.958902,True,
LOCAL-v1-q4-origin_cluster-5068,4,candidate,13,433.6762763846154,0.011048666085116565,13,1.0,5637.791593,True,
LOCAL-v1-q4-origin_cluster-5069,4,candidate,14,404.953594,0.013656249968335032,14,1.0,5669.350316,True,
LOCAL-v1-q4-origin_cluster-5070,4,candidate,12,461.57451833333334,0.014056459069252014,12,1.0,5538.89422,True,
LOCAL-v1-q4-origin_cluster-5071,4,candidate,12,426.76953125,0.011648165993392467,12,1.0,5121.234375,True,
LOCAL-v1-q4-origin_cluster-5072,4,candidate,15,410.4817931333333,0.013945042039267719,15,1.0,6157.226897,True,
LOCAL-v1-q4-origin_cluster-5073,4,candidate,10,525.461575,0.009707541903480887,10,1.0,5254.61575,True,
LOCAL-v1-q4-origin_cluster-5074,4,candidate,16,140.47402575,0.015016333083622158,16,1.0,2247.584412,True,
LOCAL-v1-q4-origin_cluster-5075,4,candidate,15,332.54160233333334,0.013960041920654476,15,1.0,4988.124035,True,
LOCAL-v1-q4-origin_cluster-5076,4,candidate,12,513.7723701666666,0.010143624967895448,12,1.0,6165.268442,True,
LOCAL-v1-q4-origin_cluster-5077,4,candidate,14,377.26406342857143,0.011568082962185144,14,1.0,5281.696888,True,
LOCAL-v1-q4-origin_cluster-5078,4,candidate,13,380.7257898461539,0.01311854098457843,13,1.0,4949.435268,True,
LOCAL-v1-q4-origin_cluster-5079,4,candidate,10,526.1672864,0.009208292001858354,10,1.0,5261.672864,True,
LOCAL-v1-q4-origin_cluster-5080,4,candidate,10,658.8629116,0.009612832916900516,10,1.0,6588.629116,True,
LOCAL-v1-q4-origin_cluster-5081,4,candidate,16,119.120979375,0.011574500007554889,16,1.0,1905.93567,True,
LOCAL-v1-q4-origin_cluster-5082,4,candidate,13,475.9219281538462,0.01237291598226875,13,1.0,6186.985066,True,
LOCAL-v1-q4-origin_cluster-5083,4,candidate,13,444.3983474615385,0.011221166932955384,13,1.0,5777.178517,True,
LOCAL-v1-q4-origin_cluster-5084,4,candidate,14,475.4134322857143,0.014507499989122152,14,1.0,6655.788052,True,
LOCAL-v1-q4-origin_cluster-5085,4,candidate,15,353.30142566666666,0.01664458296727389,15,1.0,5299.521385,True,
LOCAL-v1-q4-origin_cluster-5086,4,candidate,12,506.8523588333333,0.010360542102716863,12,1.0,6082.228306,True,
LOCAL-v1-q4-origin_cluster-5087,4,candidate,13,427.1574176153846,0.010971540934406221,13,1.0,5553.046429,True,
LOCAL-v1-q4-origin_cluster-5088,4,candidate,16,139.3191776875,0.012103875051252544,16,1.0,2229.106843,True,
LOCAL-v1-q4-origin_cluster-5089,4,candidate,15,351.69832560000003,0.013579374994151294,15,1.0,5275.474884,True,
LOCAL-v1-q4-origin_cluster-5090,4,candidate,14,378.4863692857143,0.011540459003299475,14,1.0,5298.80917,True,
LOCAL-v1-q4-origin_cluster-5091,4,candidate,12,471.22375725,0.010325292008928955,12,1.0,5654.685087,True,
LOCAL-v1-q4-origin_cluster-5092,4,candidate,11,504.8931290909091,0.009555708966217935,11,1.0,5553.82442,True,
LOCAL-v1-q4-origin_cluster-5093,4,candidate,15,392.1031924,0.012384207919239998,15,1.0,5881.547886,True,
LOCAL-v1-q4-origin_cluster-5094,4,candidate,11,593.3521947272727,0.007897250005044043,11,1.0,6526.874142,True,
LOCAL-v1-q4-origin_cluster-5095,4,candidate,10,600.5803262000001,0.008833041065372527,10,1.0,6005.803262,True,
LOCAL-v1-q4-origin_cluster-5096,4,candidate,14,339.98586650000004,0.013344999984838068,14,1.0,4759.802131,True,
LOCAL-v1-q4-origin_cluster-5097,4,candidate,13,397.4022533846154,0.011420916998758912,13,1.0,5166.229294,True,
LOCAL-v1-q4-origin_cluster-5098,4,candidate,16,158.82639475,0.012285916949622333,16,1.0,2541.222316,True,
LOCAL-v1-q4-origin_cluster-5099,4,candidate,13,457.24784184615385,0.00963341596070677,13,1.0,5944.221944,True,
LOCAL-v1-q4-minimum_radius-5000,4,candidate,11,503.3963900909091,0.011049999971874058,11,1.0,5537.360291,True,
LOCAL-v1-q4-minimum_radius-5001,4,candidate,14,459.35764821428575,0.01350758399348706,14,1.0,6431.007075,True,
LOCAL-v1-q4-minimum_radius-5002,4,candidate,15,422.19830333333334,0.01093687501270324,15,1.0,6332.97455,True,
LOCAL-v1-q4-minimum_radius-5003,4,candidate,11,569.9217518181817,0.010885416995733976,11,1.0,6269.13927,True,
LOCAL-v1-q4-minimum_radius-5004,4,candidate,12,521.33054525,0.011309833033010364,12,1.0,6255.966543,True,
LOCAL-v1-q4-minimum_radius-5005,4,candidate,11,539.7683407272727,0.01350383402314037,11,1.0,5937.451748,True,
LOCAL-v1-q4-minimum_radius-5006,4,candidate,11,548.8646601818182,0.007664375007152557,11,1.0,6037.511262,True,
LOCAL-v1-q4-minimum_radius-5007,4,candidate,11,553.9894823636364,0.010042333975434303,11,1.0,6093.884306,True,
LOCAL-v1-q4-minimum_radius-5008,4,candidate,10,608.0941823,0.008824790944345295,10,1.0,6080.941823,True,
LOCAL-v1-q4-minimum_radius-5009,4,candidate,14,427.75843435714285,0.008815416018478572,14,1.0,5988.618081,True,
LOCAL-v1-q4-minimum_radius-5010,4,candidate,12,531.9824974166667,0.006675667013041675,12,1.0,6383.789969,True,
LOCAL-v1-q4-minimum_radius-5011,4,candidate,15,390.42234026666665,0.012424250016920269,15,1.0,5856.335104,True,
LOCAL-v1-q4-minimum_radius-5012,4,candidate,10,621.5945765,0.006284667062573135,10,1.0,6215.945765,True,
LOCAL-v1-q4-minimum_radius-5013,4,candidate,12,533.4314980833334,0.010619209031574428,12,1.0,6401.177977,True,
LOCAL-v1-q4-minimum_radius-5014,4,candidate,11,586.5905348181818,0.010022207978181541,11,1.0,6452.495883,True,
LOCAL-v1-q4-minimum_radius-5015,4,candidate,12,538.5838188333333,0.010953125078231096,12,1.0,6463.005826,True,
LOCAL-v1-q4-minimum_radius-5016,4,candidate,16,349.060245875,0.012934833997860551,16,1.0,5584.963934,True,
LOCAL-v1-q4-minimum_radius-5017,4,candidate,15,444.6043676666667,0.012527041952125728,15,1.0,6669.065515,True,
LOCAL-v1-q4-minimum_radius-5018,4,candidate,10,639.9726091,0.007622457924298942,10,1.0,6399.726091,True,
LOCAL-v1-q4-minimum_radius-5019,4,candidate,11,544.7126485454545,0.008085333975031972,11,1.0,5991.839134,True,
LOCAL-v1-q4-minimum_radius-5020,4,candidate,16,294.2773478125,0.016624583047814667,16,1.0,4708.437565,True,
LOCAL-v1-q4-minimum_radius-5021,4,candidate,14,471.6031709285714,0.012282834039069712,14,1.0,6602.444393,True,
LOCAL-v1-q4-minimum_radius-5022,4,candidate,14,505.16523564285717,0.010175040923058987,14,1.0,7072.313299,True,
LOCAL-v1-q4-minimum_radius-5023,4,candidate,15,422.97716246666664,0.010446916916407645,15,1.0,6344.657437,True,
LOCAL-v1-q4-minimum_radius-5024,4,candidate,13,471.9489127692308,0.010201958939433098,13,1.0,6135.335866,True,
LOCAL-v1-q4-minimum_radius-5025,4,candidate,12,547.3544524166667,0.008294708095490932,12,1.0,6568.253429,True,
LOCAL-v1-q4-minimum_radius-5026,4,candidate,15,418.4471622,0.01893570797983557,15,1.0,6276.707433,True,
LOCAL-v1-q4-minimum_radius-5027,4,candidate,11,579.8526749090909,0.008734750095754862,11,1.0,6378.379424,True,
LOCAL-v1-q4-minimum_radius-5028,4,candidate,10,647.1845673,0.00902825000230223,10,1.0,6471.845673,True,
LOCAL-v1-q4-minimum_radius-5029,4,candidate,11,578.3259776363636,0.010420124977827072,11,1.0,6361.585754,True,
LOCAL-v1-q4-minimum_radius-5030,4,candidate,12,536.8778189999999,0.00934750004671514,12,1.0,6442.533828,True,
LOCAL-v1-q4-minimum_radius-5031,4,candidate,15,451.9817228,0.014220583019778132,15,1.0,6779.725842,True,
LOCAL-v1-q4-minimum_radius-5032,4,candidate,11,542.9939769090909,0.010980207938700914,11,1.0,5972.933746,True,
LOCAL-v1-q4-minimum_radius-5033,4,candidate,14,420.1551008571428,0.015850957948714495,14,1.0,5882.171412,True,
LOCAL-v1-q4-minimum_radius-5034,4,candidate,16,396.7002454375,0.011903125094249845,16,1.0,6347.203927,True,
LOCAL-v1-q4-minimum_radius-5035,4,candidate,10,639.4239735,0.007644666940905154,10,1.0,6394.239735,True,
LOCAL-v1-q4-minimum_radius-5036,4,candidate,15,411.74467346666665,0.01126283302437514,15,1.0,6176.170102,True,
LOCAL-v1-q4-minimum_radius-5037,4,candidate,15,422.18412886666664,0.017026458051986992,15,1.0,6332.761933,True,
LOCAL-v1-q4-minimum_radius-5038,4,candidate,16,385.824633125,0.014182333019562066,16,1.0,6173.19413,True,
LOCAL-v1-q4-minimum_radius-5039,4,candidate,10,632.745354,0.0078110420145094395,10,1.0,6327.45354,True,
LOCAL-v1-q4-minimum_radius-5040,4,candidate,15,435.4209738,0.012421166058629751,15,1.0,6531.314607,True,
LOCAL-v1-q4-minimum_radius-5041,4,candidate,15,433.96287993333334,0.011853832984343171,15,1.0,6509.443199,True,
LOCAL-v1-q4-minimum_radius-5042,4,candidate,11,569.4748807272728,0.01141237502451986,11,1.0,6264.223688,True,
LOCAL-v1-q4-minimum_radius-5043,4,candidate,12,556.40759825,0.008357499958947301,12,1.0,6676.891179,True,
LOCAL-v1-q4-minimum_radius-5044,4,candidate,11,636.5065998181818,0.008899166015908122,11,1.0,7001.572598,True,
LOCAL-v1-q4-minimum_radius-5045,4,candidate,11,524.0652461818182,0.010060125030577183,11,1.0,5764.717708,True,
LOCAL-v1-q4-minimum_radius-5046,4,candidate,10,601.4262117999999,0.010972167016007006,10,1.0,6014.262118,True,
LOCAL-v1-q4-minimum_radius-5047,4,candidate,16,262.3272365,0.02008604200091213,16,1.0,4197.235784,True,
LOCAL-v1-q4-minimum_radius-5048,4,candidate,12,534.1983233333334,0.009715249994769692,12,1.0,6410.37988,True,
LOCAL-v1-q4-minimum_radius-5049,4,candidate,10,610.0048041,0.0062455830629915,10,1.0,6100.048041,True,
LOCAL-v1-q4-minimum_radius-5050,4,candidate,15,409.53950960000003,0.014958875020965934,15,1.0,6143.092644,True,
LOCAL-v1-q4-minimum_radius-5051,4,candidate,11,561.1577764545455,0.013052375055849552,11,1.0,6172.735541,True,
LOCAL-v1-q4-minimum_radius-5052,4,candidate,13,445.4204562307692,0.011909374967217445,13,1.0,5790.465931,True,
LOCAL-v1-q4-minimum_radius-5053,4,candidate,16,336.385106,0.013060083030723035,16,1.0,5382.161696,True,
LOCAL-v1-q4-minimum_radius-5054,4,candidate,16,327.217040875,0.013871249975636601,16,1.0,5235.472654,True,
LOCAL-v1-q4-minimum_radius-5055,4,candidate,12,566.6001633333334,0.008048375020734966,12,1.0,6799.20196,True,
LOCAL-v1-q4-minimum_radius-5056,4,candidate,13,516.6353882307692,0.009409292018972337,13,1.0,6716.260047,True,
LOCAL-v1-q4-minimum_radius-5057,4,candidate,13,489.7578926923077,0.010604250011965632,13,1.0,6366.852605,True,
LOCAL-v1-q4-minimum_radius-5058,4,candidate,14,400.9160367857143,0.01336474996060133,14,1.0,5612.824515,True,
LOCAL-v1-q4-minimum_radius-5059,4,candidate,12,446.6548823333333,0.012971665943041444,12,1.0,5359.858588,True,
LOCAL-v1-q4-minimum_radius-5060,4,candidate,11,588.0797118181819,0.009076124988496304,11,1.0,6468.87683,True,
LOCAL-v1-q4-minimum_radius-5061,4,candidate,13,474.32804084615384,0.010393416043370962,13,1.0,6166.264531,True,
LOCAL-v1-q4-minimum_radius-5062,4,candidate,16,318.4719453125,0.017411916982382536,16,1.0,5095.551125,True,
LOCAL-v1-q4-minimum_radius-5063,4,candidate,15,393.74397753333335,0.010239874944090843,15,1.0,5906.159663,True,
LOCAL-v1-q4-minimum_radius-5064,4,candidate,13,487.6441093846154,0.01579637499526143,13,1.0,6339.373422,True,
LOCAL-v1-q4-minimum_radius-5065,4,candidate,12,550.42558,0.011246457928791642,12,1.0,6605.10696,True,
LOCAL-v1-q4-minimum_radius-5066,4,candidate,10,626.945277,0.007233042037114501,10,1.0,6269.45277,True,
LOCAL-v1-q4-minimum_radius-5067,4,candidate,16,325.2280430625,0.017020541010424495,16,1.0,5203.648689,True,
LOCAL-v1-q4-minimum_radius-5068,4,candidate,13,484.65866153846156,0.009033832931891084,13,1.0,6300.5626,True,
LOCAL-v1-q4-minimum_radius-5069,4,candidate,14,427.4678706428571,0.015613999916240573,14,1.0,5984.550189,True,
LOCAL-v1-q4-minimum_radius-5070,4,candidate,12,553.1273810833333,0.01048024999909103,12,1.0,6637.528573,True,
LOCAL-v1-q4-minimum_radius-5071,4,candidate,12,486.6694245833333,0.011609249981120229,12,1.0,5840.033095,True,
LOCAL-v1-q4-minimum_radius-5072,4,candidate,15,462.64729693333334,0.013126665959134698,15,1.0,6939.709454,True,
LOCAL-v1-q4-minimum_radius-5073,4,candidate,10,580.5731241000001,0.010320917004719377,10,1.0,5805.731241,True,
LOCAL-v1-q4-minimum_radius-5074,4,candidate,16,402.4283881875,0.017567333066836,16,1.0,6438.854211,True,
LOCAL-v1-q4-minimum_radius-5075,4,candidate,15,402.39937406666667,0.012497124960646033,15,1.0,6035.990611,True,
LOCAL-v1-q4-minimum_radius-5076,4,candidate,12,520.0673895833334,0.013235750026069582,12,1.0,6240.808675,True,
LOCAL-v1-q4-minimum_radius-5077,4,candidate,14,430.043261,0.01110074995085597,14,1.0,6020.605654,True,
LOCAL-v1-q4-minimum_radius-5078,4,candidate,13,453.4140803076923,0.013907458982430398,13,1.0,5894.383044,True,
LOCAL-v1-q4-minimum_radius-5079,4,candidate,10,603.9719799000001,0.007636833004653454,10,1.0,6039.719799,True,
LOCAL-v1-q4-minimum_radius-5080,4,candidate,10,688.2681013,0.007918458082713187,10,1.0,6882.681013,True,
LOCAL-v1-q4-minimum_radius-5081,4,candidate,16,331.64386725,0.014697207952849567,16,1.0,5306.301876,True,
LOCAL-v1-q4-minimum_radius-5082,4,candidate,13,516.3789659230769,0.015739125083200634,13,1.0,6712.926557,True,
LOCAL-v1-q4-minimum_radius-5083,4,candidate,13,471.64877661538463,0.008848458994179964,13,1.0,6131.434096,True,
LOCAL-v1-q4-minimum_radius-5084,4,candidate,14,462.11960142857146,0.012023790972307324,14,1.0,6469.67442,True,
LOCAL-v1-q4-minimum_radius-5085,4,candidate,15,428.0790802,0.013122415984980762,15,1.0,6421.186203,True,
LOCAL-v1-q4-minimum_radius-5086,4,candidate,12,498.175955,0.012221000040881336,12,1.0,5978.11146,True,
LOCAL-v1-q4-minimum_radius-5087,4,candidate,13,468.26783323076927,0.012218334013596177,13,1.0,6087.481832,True,
LOCAL-v1-q4-minimum_radius-5088,4,candidate,16,311.5380226875,0.01586499996483326,16,1.0,4984.608363,True,
LOCAL-v1-q4-minimum_radius-5089,4,candidate,15,411.8811887333333,0.015530750039033592,15,1.0,6178.217831,True,
LOCAL-v1-q4-minimum_radius-5090,4,candidate,14,452.4342565714286,0.013762915972620249,14,1.0,6334.079592,True,
LOCAL-v1-q4-minimum_radius-5091,4,candidate,12,515.43116775,0.01275637501385063,12,1.0,6185.174013,True,
LOCAL-v1-q4-minimum_radius-5092,4,candidate,11,559.4216384545455,0.008459375007078052,11,1.0,6153.638023,True,
LOCAL-v1-q4-minimum_radius-5093,4,candidate,15,443.9020038,0.011926042032428086,15,1.0,6658.530057,True,
LOCAL-v1-q4-minimum_radius-5094,4,candidate,11,559.8803607272728,0.007885417086072266,11,1.0,6158.683968,True,
LOCAL-v1-q4-minimum_radius-5095,4,candidate,10,650.2820167,0.007625458994880319,10,1.0,6502.820167,True,
LOCAL-v1-q4-minimum_radius-5096,4,candidate,14,423.26285014285713,0.012699750019237399,14,1.0,5925.679902,True,
LOCAL-v1-q4-minimum_radius-5097,4,candidate,13,473.9131932307692,0.011666333070024848,13,1.0,6160.871512,True,
LOCAL-v1-q4-minimum_radius-5098,4,candidate,16,337.7166249375,0.016704375040717423,16,1.0,5403.465999,True,
LOCAL-v1-q4-minimum_radius-5099,4,candidate,13,503.02181246153845,0.011691416963003576,13,1.0,6539.283562,True,
LOCAL-v1-q4-exactly10_sources-5000,4,candidate,10,628.6976702,0.010190333938226104,10,1.0,6286.976702,True,
LOCAL-v1-q4-exactly10_sources-5001,4,candidate,10,646.5498678,0.01260683301370591,10,1.0,6465.498678,True,
LOCAL-v1-q4-exactly10_sources-5002,4,candidate,10,574.730192,0.009996582986786962,10,1.0,5747.30192,True,
LOCAL-v1-q4-exactly10_sources-5003,4,candidate,10,582.7460629999999,0.009610290988348424,10,1.0,5827.46063,True,
LOCAL-v1-q4-exactly10_sources-5004,4,candidate,10,599.4427781,0.012806290993466973,10,1.0,5994.427781,True,
LOCAL-v1-q4-exactly10_sources-5005,4,candidate,10,593.1906753000001,0.00974341609980911,10,1.0,5931.906753,True,
LOCAL-v1-q4-exactly10_sources-5006,4,candidate,10,594.2437192,0.01086441706866026,10,1.0,5942.437192,True,
LOCAL-v1-q4-exactly10_sources-5007,4,candidate,10,566.8998785,0.008389999973587692,10,1.0,5668.998785,True,
LOCAL-v1-q4-exactly10_sources-5008,4,candidate,10,628.1135422,0.010988584021106362,10,1.0,6281.135422,True,
LOCAL-v1-q4-exactly10_sources-5009,4,candidate,10,589.3162863,0.011608166038058698,10,1.0,5893.162863,True,
LOCAL-v1-q4-exactly10_sources-5010,4,candidate,10,608.9223269,0.009369791951030493,10,1.0,6089.223269,True,
LOCAL-v1-q4-exactly10_sources-5011,4,candidate,10,631.8583492,0.009599959012120962,10,1.0,6318.583492,True,
LOCAL-v1-q4-exactly10_sources-5012,4,candidate,10,602.8443829,0.006704750005155802,10,1.0,6028.443829,True,
LOCAL-v1-q4-exactly10_sources-5013,4,candidate,10,695.6958611,0.008161208941601217,10,1.0,6956.958611,True,
LOCAL-v1-q4-exactly10_sources-5014,4,candidate,10,640.95433,0.008327750023454428,10,1.0,6409.5433,True,
LOCAL-v1-q4-exactly10_sources-5015,4,candidate,10,631.8203086999999,0.011861166916787624,10,1.0,6318.203087,True,
LOCAL-v1-q4-exactly10_sources-5016,4,candidate,10,605.4118715,0.008985291933640838,10,1.0,6054.118715,True,
LOCAL-v1-q4-exactly10_sources-5017,4,candidate,10,618.1237831999999,0.010002750088460743,10,1.0,6181.237832,True,
LOCAL-v1-q4-exactly10_sources-5018,4,candidate,10,615.3059125,0.010104999993927777,10,1.0,6153.059125,True,
LOCAL-v1-q4-exactly10_sources-5019,4,candidate,10,680.3725529999999,0.008250750019215047,10,1.0,6803.72553,True,
LOCAL-v1-q4-exactly10_sources-5020,4,candidate,10,614.7859556000001,0.008833375060930848,10,1.0,6147.859556,True,
LOCAL-v1-q4-exactly10_sources-5021,4,candidate,10,650.5938361000001,0.008010332938283682,10,1.0,6505.938361,True,
LOCAL-v1-q4-exactly10_sources-5022,4,candidate,10,622.9079853999999,0.009531624964438379,10,1.0,6229.079854,True,
LOCAL-v1-q4-exactly10_sources-5023,4,candidate,10,644.0917489000001,0.00959345803130418,10,1.0,6440.917489,True,
LOCAL-v1-q4-exactly10_sources-5024,4,candidate,10,614.2833976,0.006537874927744269,10,1.0,6142.833976,True,
LOCAL-v1-q4-exactly10_sources-5025,4,candidate,10,590.1970079,0.01048933295533061,10,1.0,5901.970079,True,
LOCAL-v1-q4-exactly10_sources-5026,4,candidate,10,614.2780697999999,0.010714707896113396,10,1.0,6142.780698,True,
LOCAL-v1-q4-exactly10_sources-5027,4,candidate,10,566.7987755,0.011086708982475102,10,1.0,5667.987755,True,
LOCAL-v1-q4-exactly10_sources-5028,4,candidate,10,641.2773638,0.011891125002875924,10,1.0,6412.773638,True,
LOCAL-v1-q4-exactly10_sources-5029,4,candidate,10,614.3371884999999,0.010231417021714151,10,1.0,6143.371885,True,
LOCAL-v1-q4-exactly10_sources-5030,4,candidate,10,552.4938316,0.010311000049114227,10,1.0,5524.938316,True,
LOCAL-v1-q4-exactly10_sources-5031,4,candidate,10,583.436324,0.011377666029147804,10,1.0,5834.36324,True,
LOCAL-v1-q4-exactly10_sources-5032,4,candidate,10,635.8566308000001,0.007919291034340858,10,1.0,6358.566308,True,
LOCAL-v1-q4-exactly10_sources-5033,4,candidate,10,595.8721394,0.010585834039375186,10,1.0,5958.721394,True,
LOCAL-v1-q4-exactly10_sources-5034,4,candidate,10,618.8623205,0.006741457968018949,10,1.0,6188.623205,True,
LOCAL-v1-q4-exactly10_sources-5035,4,candidate,10,669.7286882999999,0.007759916945360601,10,1.0,6697.286883,True,
LOCAL-v1-q4-exactly10_sources-5036,4,candidate,10,618.2053751000001,0.011159791960380971,10,1.0,6182.053751,True,
LOCAL-v1-q4-exactly10_sources-5037,4,candidate,10,605.4174607,0.009541000006720424,10,1.0,6054.174607,True,
LOCAL-v1-q4-exactly10_sources-5038,4,candidate,10,652.809575,0.007923458004370332,10,1.0,6528.09575,True,
LOCAL-v1-q4-exactly10_sources-5039,4,candidate,10,622.9542405999999,0.012421666062436998,10,1.0,6229.542406,True,
LOCAL-v1-q4-exactly10_sources-5040,4,candidate,10,561.1570014,0.012037041946314275,10,1.0,5611.570014,True,
LOCAL-v1-q4-exactly10_sources-5041,4,candidate,10,580.2023825,0.012502958998084068,10,1.0,5802.023825,True,
LOCAL-v1-q4-exactly10_sources-5042,4,candidate,10,627.9733046,0.01031275000423193,10,1.0,6279.733046,True,
LOCAL-v1-q4-exactly10_sources-5043,4,candidate,10,589.025939,0.0068134169559925795,10,1.0,5890.25939,True,
LOCAL-v1-q4-exactly10_sources-5044,4,candidate,10,592.6355181,0.013909208006225526,10,1.0,5926.355181,True,
LOCAL-v1-q4-exactly10_sources-5045,4,candidate,10,645.8860375,0.011155167012475431,10,1.0,6458.860375,True,
LOCAL-v1-q4-exactly10_sources-5046,4,candidate,10,560.2421712,0.0084539579693228,10,1.0,5602.421712,True,
LOCAL-v1-q4-exactly10_sources-5047,4,candidate,10,581.7917289,0.01068866706918925,10,1.0,5817.917289,True,
LOCAL-v1-q4-exactly10_sources-5048,4,candidate,10,625.8928885,0.010749332956038415,10,1.0,6258.928885,True,
LOCAL-v1-q4-exactly10_sources-5049,4,candidate,10,617.5767334,0.008555915905162692,10,1.0,6175.767334,True,
LOCAL-v1-q4-exactly10_sources-5050,4,candidate,10,607.0377892,0.012246667058207095,10,1.0,6070.377892,True,
LOCAL-v1-q4-exactly10_sources-5051,4,candidate,10,645.0861138,0.008329750038683414,10,1.0,6450.861138,True,
LOCAL-v1-q4-exactly10_sources-5052,4,candidate,10,549.5330569,0.01119254098739475,10,1.0,5495.330569,True,
LOCAL-v1-q4-exactly10_sources-5053,4,candidate,10,573.8070055000001,0.010684416978619993,10,1.0,5738.070055,True,
LOCAL-v1-q4-exactly10_sources-5054,4,candidate,10,598.0047631,0.008573667029850185,10,1.0,5980.047631,True,
LOCAL-v1-q4-exactly10_sources-5055,4,candidate,10,574.6881882,0.01059541606809944,10,1.0,5746.881882,True,
LOCAL-v1-q4-exactly10_sources-5056,4,candidate,10,613.4482767000001,0.008054125006310642,10,1.0,6134.482767,True,
LOCAL-v1-q4-exactly10_sources-5057,4,candidate,10,602.0226735,0.010881041991524398,10,1.0,6020.226735,True,
LOCAL-v1-q4-exactly10_sources-5058,4,candidate,10,615.3703899,0.010154582909308374,10,1.0,6153.703899,True,
LOCAL-v1-q4-exactly10_sources-5059,4,candidate,10,620.0718183,0.011318499920889735,10,1.0,6200.718183,True,
LOCAL-v1-q4-exactly10_sources-5060,4,candidate,10,618.0630927,0.009888790897093713,10,1.0,6180.630927,True,
LOCAL-v1-q4-exactly10_sources-5061,4,candidate,10,624.4923213,0.009087249985896051,10,1.0,6244.923213,True,
LOCAL-v1-q4-exactly10_sources-5062,4,candidate,10,634.4596567,0.012120374944061041,10,1.0,6344.596567,True,
LOCAL-v1-q4-exactly10_sources-5063,4,candidate,10,637.1977995999999,0.009037874988280237,10,1.0,6371.977996,True,
LOCAL-v1-q4-exactly10_sources-5064,4,candidate,10,610.9794734,0.012456416036002338,10,1.0,6109.794734,True,
LOCAL-v1-q4-exactly10_sources-5065,4,candidate,10,581.3517546,0.010752292000688612,10,1.0,5813.517546,True,
LOCAL-v1-q4-exactly10_sources-5066,4,candidate,10,582.5097633,0.011744540999643505,10,1.0,5825.097633,True,
LOCAL-v1-q4-exactly10_sources-5067,4,candidate,10,663.1077279,0.011115417000837624,10,1.0,6631.077279,True,
LOCAL-v1-q4-exactly10_sources-5068,4,candidate,10,604.2603992,0.012305042007938027,10,1.0,6042.603992,True,
LOCAL-v1-q4-exactly10_sources-5069,4,candidate,10,606.663367,0.011181000038050115,10,1.0,6066.63367,True,
LOCAL-v1-q4-exactly10_sources-5070,4,candidate,10,635.2042263000001,0.007675166008993983,10,1.0,6352.042263,True,
LOCAL-v1-q4-exactly10_sources-5071,4,candidate,10,650.4887695,0.009073792025446892,10,1.0,6504.887695,True,
LOCAL-v1-q4-exactly10_sources-5072,4,candidate,10,639.0140107999999,0.011898875003680587,10,1.0,6390.140108,True,
LOCAL-v1-q4-exactly10_sources-5073,4,candidate,10,581.5310397999999,0.013339416938833892,10,1.0,5815.310398,True,
LOCAL-v1-q4-exactly10_sources-5074,4,candidate,10,598.1253823,0.007163667003624141,10,1.0,5981.253823,True,
LOCAL-v1-q4-exactly10_sources-5075,4,candidate,10,619.2901275,0.007031916989944875,10,1.0,6192.901275,True,
LOCAL-v1-q4-exactly10_sources-5076,4,candidate,10,601.3288955,0.010233583045192063,10,1.0,6013.288955,True,
LOCAL-v1-q4-exactly10_sources-5077,4,candidate,10,569.6008840000001,0.012066541938111186,10,1.0,5696.00884,True,
LOCAL-v1-q4-exactly10_sources-5078,4,candidate,10,661.6633196,0.011876874952577055,10,1.0,6616.633196,True,
LOCAL-v1-q4-exactly10_sources-5079,4,candidate,10,663.4158612,0.009342709090560675,10,1.0,6634.158612,True,
LOCAL-v1-q4-exactly10_sources-5080,4,candidate,10,606.6157919999999,0.00911779107991606,10,1.0,6066.15792,True,
LOCAL-v1-q4-exactly10_sources-5081,4,candidate,10,624.0341859,0.01078437501564622,10,1.0,6240.341859,True,
LOCAL-v1-q4-exactly10_sources-5082,4,candidate,10,596.2631561999999,0.010741041041910648,10,1.0,5962.631562,True,
LOCAL-v1-q4-exactly10_sources-5083,4,candidate,10,598.0269822,0.007579124998301268,10,1.0,5980.269822,True,
LOCAL-v1-q4-exactly10_sources-5084,4,candidate,10,596.5223516,0.009817249956540763,10,1.0,5965.223516,True,
LOCAL-v1-q4-exactly10_sources-5085,4,candidate,10,551.2491436,0.010846832999959588,10,1.0,5512.491436,True,
LOCAL-v1-q4-exactly10_sources-5086,4,candidate,10,592.5157658,0.006506458041258156,10,1.0,5925.157658,True,
LOCAL-v1-q4-exactly10_sources-5087,4,candidate,10,591.8589826,0.009648917010053992,10,1.0,5918.589826,True,
LOCAL-v1-q4-exactly10_sources-5088,4,candidate,10,662.8076523,0.005961499991826713,10,1.0,6628.076523,True,
LOCAL-v1-q4-exactly10_sources-5089,4,candidate,10,622.7983055,0.011647667037323117,10,1.0,6227.983055,True,
LOCAL-v1-q4-exactly10_sources-5090,4,candidate,10,617.0591376,0.010897542000748217,10,1.0,6170.591376,True,
LOCAL-v1-q4-exactly10_sources-5091,4,candidate,10,630.7908594,0.009591583046130836,10,1.0,6307.908594,True,
LOCAL-v1-q4-exactly10_sources-5092,4,candidate,10,624.5597974,0.011863499996252358,10,1.0,6245.597974,True,
LOCAL-v1-q4-exactly10_sources-5093,4,candidate,10,616.8749517,0.007875250070355833,10,1.0,6168.749517,True,
LOCAL-v1-q4-exactly10_sources-5094,4,candidate,10,649.2077139,0.009987166966311634,10,1.0,6492.077139,True,
LOCAL-v1-q4-exactly10_sources-5095,4,candidate,10,569.6605813,0.010053667007014155,10,1.0,5696.605813,True,
LOCAL-v1-q4-exactly10_sources-5096,4,candidate,10,605.586282,0.00947329099290073,10,1.0,6055.86282,True,
LOCAL-v1-q4-exactly10_sources-5097,4,candidate,10,583.587221,0.011644249898381531,10,1.0,5835.87221,True,
LOCAL-v1-q4-exactly10_sources-5098,4,candidate,10,594.8525219,0.009137624991126359,10,1.0,5948.525219,True,
LOCAL-v1-q4-exactly10_sources-5099,4,candidate,10,649.6649561,0.010621207999065518,10,1.0,6496.649561,True,
LOCAL-v1-q4-exactly16_sources-5000,4,candidate,16,368.2033980625,0.01760241703595966,16,1.0,5891.254369,True,
LOCAL-v1-q4-exactly16_sources-5001,4,candidate,16,325.6127103125,0.01809808297548443,16,1.0,5209.803365,True,
LOCAL-v1-q4-exactly16_sources-5002,4,candidate,16,303.4655699375,0.014452875009737909,16,1.0,4855.449119,True,
LOCAL-v1-q4-exactly16_sources-5003,4,candidate,16,297.438399375,0.020045957993716,16,1.0,4759.01439,True,
LOCAL-v1-q4-exactly16_sources-5004,4,candidate,16,325.7449321875,0.01610574999358505,16,1.0,5211.918915,True,
LOCAL-v1-q4-exactly16_sources-5005,4,candidate,16,373.768754375,0.020524875028058887,16,1.0,5980.30007,True,
LOCAL-v1-q4-exactly16_sources-5006,4,candidate,16,333.69390775,0.016395166981965303,16,1.0,5339.102524,True,
LOCAL-v1-q4-exactly16_sources-5007,4,candidate,16,335.6732329375,0.013064833008684218,16,1.0,5370.771727,True,
LOCAL-v1-q4-exactly16_sources-5008,4,candidate,16,311.9355520625,0.02138699998613447,16,1.0,4990.968833,True,
LOCAL-v1-q4-exactly16_sources-5009,4,candidate,16,287.2513321875,0.01849058410152793,16,1.0,4596.021315,True,
LOCAL-v1-q4-exactly16_sources-5010,4,candidate,16,394.89245325,0.01911866699811071,16,1.0,6318.279252,True,
LOCAL-v1-q4-exactly16_sources-5011,4,candidate,16,353.93193075,0.015151041909120977,16,1.0,5662.910892,True,
LOCAL-v1-q4-exactly16_sources-5012,4,candidate,16,366.642473,0.015002917032688856,16,1.0,5866.279568,True,
LOCAL-v1-q4-exactly16_sources-5013,4,candidate,16,384.055566125,0.014500417048111558,16,1.0,6144.889058,True,
LOCAL-v1-q4-exactly16_sources-5014,4,candidate,16,340.8796369375,0.020213291980326176,16,1.0,5454.074191,True,
LOCAL-v1-q4-exactly16_sources-5015,4,candidate,16,343.154993,0.017839750042185187,16,1.0,5490.479888,True,
LOCAL-v1-q4-exactly16_sources-5016,4,candidate,16,363.2503269375,0.019656957942061126,16,1.0,5812.005231,True,
LOCAL-v1-q4-exactly16_sources-5017,4,candidate,16,273.0634994375,0.02293099998496473,16,1.0,4369.015991,True,
LOCAL-v1-q4-exactly16_sources-5018,4,candidate,16,228.17764075,0.01667545805685222,16,1.0,3650.842252,True,
LOCAL-v1-q4-exactly16_sources-5019,4,candidate,16,306.190508375,0.01274812500923872,16,1.0,4899.048134,True,
LOCAL-v1-q4-exactly16_sources-5020,4,candidate,16,334.8895335625,0.018405625014565885,16,1.0,5358.232537,True,
LOCAL-v1-q4-exactly16_sources-5021,4,candidate,16,340.175016125,0.015824625035747886,16,1.0,5442.800258,True,
LOCAL-v1-q4-exactly16_sources-5022,4,candidate,16,270.3399018125,0.021729957894422114,16,1.0,4325.438429,True,
LOCAL-v1-q4-exactly16_sources-5023,4,candidate,16,292.7743605,0.022014458081685007,16,1.0,4684.389768,True,
LOCAL-v1-q4-exactly16_sources-5024,4,candidate,16,316.6511060625,0.021006416995078325,16,1.0,5066.417697,True,
LOCAL-v1-q4-exactly16_sources-5025,4,candidate,16,297.6125575,0.02297816693317145,16,1.0,4761.80092,True,
LOCAL-v1-q4-exactly16_sources-5026,4,candidate,16,345.0756569375,0.01312533300369978,16,1.0,5521.210511,True,
LOCAL-v1-q4-exactly16_sources-5027,4,candidate,16,309.9546771875,0.013675750000402331,16,1.0,4959.274835,True,
LOCAL-v1-q4-exactly16_sources-5028,4,candidate,16,341.351626125,0.018608166952617466,16,1.0,5461.626018,True,
LOCAL-v1-q4-exactly16_sources-5029,4,candidate,16,427.8979618125,0.016249625012278557,16,1.0,6846.367389,True,
LOCAL-v1-q4-exactly16_sources-5030,4,candidate,16,396.6531856875,0.01749975001439452,16,1.0,6346.450971,True,
LOCAL-v1-q4-exactly16_sources-5031,4,candidate,16,352.7151760625,0.01963841705583036,16,1.0,5643.442817,True,
LOCAL-v1-q4-exactly16_sources-5032,4,candidate,16,308.7535826875,0.016473375027999282,16,1.0,4940.057323,True,
LOCAL-v1-q4-exactly16_sources-5033,4,candidate,16,319.2490448125,0.013972499989904463,16,1.0,5107.984717,True,
LOCAL-v1-q4-exactly16_sources-5034,4,candidate,16,360.3046191875,0.01572383299935609,16,1.0,5764.873907,True,
LOCAL-v1-q4-exactly16_sources-5035,4,candidate,16,324.0960506875,0.012169625028036535,16,1.0,5185.536811,True,
LOCAL-v1-q4-exactly16_sources-5036,4,candidate,16,291.737694375,0.017407207982614636,16,1.0,4667.80311,True,
LOCAL-v1-q4-exactly16_sources-5037,4,candidate,16,262.4451095625,0.01659929205197841,16,1.0,4199.121753,True,
LOCAL-v1-q4-exactly16_sources-5038,4,candidate,16,306.8772768125,0.015709874918684363,16,1.0,4910.036429,True,
LOCAL-v1-q4-exactly16_sources-5039,4,candidate,16,313.3317035625,0.018973249942064285,16,1.0,5013.307257,True,
LOCAL-v1-q4-exactly16_sources-5040,4,candidate,16,338.4570590625,0.01590187510009855,16,1.0,5415.312945,True,
LOCAL-v1-q4-exactly16_sources-5041,4,candidate,16,367.468683125,0.017934457981027663,16,1.0,5879.49893,True,
LOCAL-v1-q4-exactly16_sources-5042,4,candidate,16,309.10534575,0.020770667004399,16,1.0,4945.685532,True,
LOCAL-v1-q4-exactly16_sources-5043,4,candidate,16,381.588846,0.019699207972735167,16,1.0,6105.421536,True,
LOCAL-v1-q4-exactly16_sources-5044,4,candidate,16,287.3401290625,0.019478583009913564,16,1.0,4597.442065,True,
LOCAL-v1-q4-exactly16_sources-5045,4,candidate,16,354.179245875,0.012836124980822206,16,1.0,5666.867934,True,
LOCAL-v1-q4-exactly16_sources-5046,4,candidate,16,273.284755125,0.01909108296968043,16,1.0,4372.556082,True,
LOCAL-v1-q4-exactly16_sources-5047,4,candidate,16,248.9073865,0.020148916053585708,16,1.0,3982.518184,True,
LOCAL-v1-q4-exactly16_sources-5048,4,candidate,16,294.021191875,0.015781290945596993,16,1.0,4704.33907,True,
LOCAL-v1-q4-exactly16_sources-5049,4,candidate,16,385.653249,0.018228917033411562,16,1.0,6170.451984,True,
LOCAL-v1-q4-exactly16_sources-5050,4,candidate,16,376.59584525,0.01541520794853568,16,1.0,6025.533524,True,
LOCAL-v1-q4-exactly16_sources-5051,4,candidate,16,303.7819924375,0.013097250019200146,16,1.0,4860.511879,True,
LOCAL-v1-q4-exactly16_sources-5052,4,candidate,16,320.2714288125,0.016562124947085977,16,1.0,5124.342861,True,
LOCAL-v1-q4-exactly16_sources-5053,4,candidate,16,304.0792786875,0.035831250017508864,16,1.0,4865.268459,True,
LOCAL-v1-q4-exactly16_sources-5054,4,candidate,16,344.9881900625,0.019367416971363127,16,1.0,5519.811041,True,
LOCAL-v1-q4-exactly16_sources-5055,4,candidate,16,356.4254130625,0.018161416985094547,16,1.0,5702.806609,True,
LOCAL-v1-q4-exactly16_sources-5056,4,candidate,16,338.877056125,0.0168461250141263,16,1.0,5422.032898,True,
LOCAL-v1-q4-exactly16_sources-5057,4,candidate,16,273.1841884375,0.018294000066816807,16,1.0,4370.947015,True,
LOCAL-v1-q4-exactly16_sources-5058,4,candidate,16,293.2804144375,0.02138699998613447,16,1.0,4692.486631,True,
LOCAL-v1-q4-exactly16_sources-5059,4,candidate,16,268.9850560625,0.014209332992322743,16,1.0,4303.760897,True,
LOCAL-v1-q4-exactly16_sources-5060,4,candidate,16,417.4987616875,0.017183124902658165,16,1.0,6679.980187,True,
LOCAL-v1-q4-exactly16_sources-5061,4,candidate,16,416.820449375,0.01889887498691678,16,1.0,6669.12719,True,
LOCAL-v1-q4-exactly16_sources-5062,4,candidate,16,235.091637375,0.014297374989837408,16,1.0,3761.466198,True,
LOCAL-v1-q4-exactly16_sources-5063,4,candidate,16,386.9533390625,0.017875167075544596,16,1.0,6191.253425,True,
LOCAL-v1-q4-exactly16_sources-5064,4,candidate,16,406.1170209375,0.016776875010691583,16,1.0,6497.872335,True,
LOCAL-v1-q4-exactly16_sources-5065,4,candidate,16,350.5238274375,0.016070750076323748,16,1.0,5608.381239,True,
LOCAL-v1-q4-exactly16_sources-5066,4,candidate,16,360.6517025,0.01994400005787611,16,1.0,5770.42724,True,
LOCAL-v1-q4-exactly16_sources-5067,4,candidate,16,358.9812051875,0.022860083961859345,16,1.0,5743.699283,True,
LOCAL-v1-q4-exactly16_sources-5068,4,candidate,16,370.2448251875,0.02373354195151478,16,1.0,5923.917203,True,
LOCAL-v1-q4-exactly16_sources-5069,4,candidate,16,257.9505085625,0.019492499995976686,16,1.0,4127.208137,True,
LOCAL-v1-q4-exactly16_sources-5070,4,candidate,16,361.7935196875,0.016979665961116552,16,1.0,5788.696315,True,
LOCAL-v1-q4-exactly16_sources-5071,4,candidate,16,335.8048261875,0.014768749941140413,16,1.0,5372.877219,True,
LOCAL-v1-q4-exactly16_sources-5072,4,candidate,16,328.7891086875,0.015438583097420633,16,1.0,5260.625739,True,
LOCAL-v1-q4-exactly16_sources-5073,4,candidate,16,331.5933494375,0.018114624894224107,16,1.0,5305.493591,True,
LOCAL-v1-q4-exactly16_sources-5074,4,candidate,16,343.0683761875,0.02169283397961408,16,1.0,5489.094019,True,
LOCAL-v1-q4-exactly16_sources-5075,4,candidate,16,291.0935298125,0.01710358401760459,16,1.0,4657.496477,True,
LOCAL-v1-q4-exactly16_sources-5076,4,candidate,16,302.641538125,0.024258041055873036,16,1.0,4842.26461,True,
LOCAL-v1-q4-exactly16_sources-5077,4,candidate,16,403.4206075,0.01196841592900455,16,1.0,6454.72972,True,
LOCAL-v1-q4-exactly16_sources-5078,4,candidate,16,387.0689370625,0.014503000071272254,16,1.0,6193.102993,True,
LOCAL-v1-q4-exactly16_sources-5079,4,candidate,16,333.2436804375,0.015737042063847184,16,1.0,5331.898887,True,
LOCAL-v1-q4-exactly16_sources-5080,4,candidate,16,396.4362005625,0.019092542002908885,16,1.0,6342.979209,True,
LOCAL-v1-q4-exactly16_sources-5081,4,candidate,16,386.4276723125,0.01717945805285126,16,1.0,6182.842757,True,
LOCAL-v1-q4-exactly16_sources-5082,4,candidate,16,323.585412,0.018502332968637347,16,1.0,5177.366592,True,
LOCAL-v1-q4-exactly16_sources-5083,4,candidate,16,366.0195165,0.017904250067658722,16,1.0,5856.312264,True,
LOCAL-v1-q4-exactly16_sources-5084,4,candidate,16,364.8964868125,0.01580679207108915,16,1.0,5838.343789,True,
LOCAL-v1-q4-exactly16_sources-5085,4,candidate,16,265.070225,0.022358624963089824,16,1.0,4241.1236,True,
LOCAL-v1-q4-exactly16_sources-5086,4,candidate,16,296.851982125,0.017766250064596534,16,1.0,4749.631714,True,
LOCAL-v1-q4-exactly16_sources-5087,4,candidate,16,323.13500725,0.020323708071373403,16,1.0,5170.160116,True,
LOCAL-v1-q4-exactly16_sources-5088,4,candidate,16,377.0863971875,0.01724600000306964,16,1.0,6033.382355,True,
LOCAL-v1-q4-exactly16_sources-5089,4,candidate,16,274.22808175,0.022029750049114227,16,1.0,4387.649308,True,
LOCAL-v1-q4-exactly16_sources-5090,4,candidate,16,364.636623875,0.01665658305864781,16,1.0,5834.185982,True,
LOCAL-v1-q4-exactly16_sources-5091,4,candidate,16,336.613989625,0.014944499940611422,16,1.0,5385.823834,True,
LOCAL-v1-q4-exactly16_sources-5092,4,candidate,16,353.14981775,0.01645137497689575,16,1.0,5650.397084,True,
LOCAL-v1-q4-exactly16_sources-5093,4,candidate,16,300.2061550625,0.020071708015166223,16,1.0,4803.298481,True,
LOCAL-v1-q4-exactly16_sources-5094,4,candidate,16,388.867065625,0.0142363749910146,16,1.0,6221.87305,True,
LOCAL-v1-q4-exactly16_sources-5095,4,candidate,16,344.99890225,0.015463166986592114,16,1.0,5519.982436,True,
LOCAL-v1-q4-exactly16_sources-5096,4,candidate,16,256.040549,0.010664958041161299,16,1.0,4096.648784,True,
LOCAL-v1-q4-exactly16_sources-5097,4,candidate,16,282.3978905625,0.013548542046919465,16,1.0,4518.366249,True,
LOCAL-v1-q4-exactly16_sources-5098,4,candidate,16,250.99085175,0.017254542093724012,16,1.0,4015.853628,True,
LOCAL-v1-q4-exactly16_sources-5099,4,candidate,16,245.707631125,0.017494665924459696,16,1.0,3931.322098,True,
