case_id,mode,variant,cleared_count,average_clear_time_s,program_runtime_s,source_count,cleared_fraction,total_virtual_time_s,complete,error
LOCAL-v1-q3-reference_assumed-5000,3,frozen_baseline,11,307.7000336363636,0.001373999984934926,11,1.0,3384.70037,True,
LOCAL-v1-q3-reference_assumed-5001,3,frozen_baseline,14,249.85846742857143,0.0013100419891998172,14,1.0,3498.018544,True,
LOCAL-v1-q3-reference_assumed-5002,3,frozen_baseline,15,253.39230793333334,0.0015160420443862677,15,1.0,3800.884619,True,
LOCAL-v1-q3-reference_assumed-5003,3,frozen_baseline,11,316.6374900909091,0.001049291924573481,11,1.0,3483.012391,True,
LOCAL-v1-q3-reference_assumed-5004,3,frozen_baseline,12,330.2754581666667,0.001227749977260828,12,1.0,3963.305498,True,
LOCAL-v1-q3-reference_assumed-5005,3,frozen_baseline,11,331.79895700000003,0.001275458955205977,11,1.0,3649.788527,True,
LOCAL-v1-q3-reference_assumed-5006,3,frozen_baseline,11,345.50831145454544,0.0012062500463798642,11,1.0,3800.591426,True,
LOCAL-v1-q3-reference_assumed-5007,3,frozen_baseline,11,348.8436629090909,0.0010416250443086028,11,1.0,3837.280292,True,
LOCAL-v1-q3-reference_assumed-5008,3,frozen_baseline,10,333.7374116,0.0010111669544130564,10,1.0,3337.374116,True,
LOCAL-v1-q3-reference_assumed-5009,3,frozen_baseline,14,283.641857,0.0013293750816956162,14,1.0,3970.985998,True,
LOCAL-v1-q3-reference_assumed-5010,3,frozen_baseline,12,330.59807574999996,0.0010935829486697912,12,1.0,3967.176909,True,
LOCAL-v1-q3-reference_assumed-5011,3,frozen_baseline,15,284.54865806666663,0.0015038750134408474,15,1.0,4268.229871,True,
LOCAL-v1-q3-reference_assumed-5012,3,frozen_baseline,10,355.2931689,0.0009929999941959977,10,1.0,3552.931689,True,
LOCAL-v1-q3-reference_assumed-5013,3,frozen_baseline,12,294.3771953333333,0.001292250002734363,12,1.0,3532.526344,True,
LOCAL-v1-q3-reference_assumed-5014,3,frozen_baseline,11,340.9183932727273,0.0011842090170830488,11,1.0,3750.102326,True,
LOCAL-v1-q3-reference_assumed-5015,3,frozen_baseline,12,290.52212041666667,0.0011523340363055468,12,1.0,3486.265445,True,
LOCAL-v1-q3-reference_assumed-5016,3,frozen_baseline,16,256.052974875,0.001632416038773954,16,1.0,4096.847598,True,
LOCAL-v1-q3-reference_assumed-5017,3,frozen_baseline,15,271.708143,0.00143258401658386,15,1.0,4075.622145,True,
LOCAL-v1-q3-reference_assumed-5018,3,frozen_baseline,10,380.89201979999996,0.001067875069566071,10,1.0,3808.920198,True,
LOCAL-v1-q3-reference_assumed-5019,3,frozen_baseline,11,350.6120645454546,0.0012385830050334334,11,1.0,3856.73271,True,
LOCAL-v1-q3-reference_assumed-5020,3,frozen_baseline,16,266.0172461875,0.0014996250392869115,16,1.0,4256.275939,True,
LOCAL-v1-q3-reference_assumed-5021,3,frozen_baseline,14,258.07373285714283,0.0012940840097144246,14,1.0,3613.03226,True,
LOCAL-v1-q3-reference_assumed-5022,3,frozen_baseline,14,274.3347495,0.0012704160762950778,14,1.0,3840.686493,True,
LOCAL-v1-q3-reference_assumed-5023,3,frozen_baseline,15,288.1018344666667,0.0014025409473106265,15,1.0,4321.527517,True,
LOCAL-v1-q3-reference_assumed-5024,3,frozen_baseline,13,341.9181263846154,0.001275166985578835,13,1.0,4444.935643,True,
LOCAL-v1-q3-reference_assumed-5025,3,frozen_baseline,12,317.0115739166667,0.0012321670074015856,12,1.0,3804.138887,True,
LOCAL-v1-q3-reference_assumed-5026,3,frozen_baseline,15,299.4737095333333,0.0013371659442782402,15,1.0,4492.105643,True,
LOCAL-v1-q3-reference_assumed-5027,3,frozen_baseline,11,299.4585982727273,0.0010806249920278788,11,1.0,3294.044581,True,
LOCAL-v1-q3-reference_assumed-5028,3,frozen_baseline,10,357.3114312,0.0009208749979734421,10,1.0,3573.114312,True,
LOCAL-v1-q3-reference_assumed-5029,3,frozen_baseline,11,301.53134318181816,0.00101200002245605,11,1.0,3316.844775,True,
LOCAL-v1-q3-reference_assumed-5030,3,frozen_baseline,12,311.48427341666667,0.001076625077985227,12,1.0,3737.811281,True,
LOCAL-v1-q3-reference_assumed-5031,3,frozen_baseline,15,246.60765406666667,0.0014867919962853193,15,1.0,3699.114811,True,
LOCAL-v1-q3-reference_assumed-5032,3,frozen_baseline,11,349.8501651818182,0.0010816249996423721,11,1.0,3848.351817,True,
LOCAL-v1-q3-reference_assumed-5033,3,frozen_baseline,14,287.46180421428573,0.001339958980679512,14,1.0,4024.465259,True,
LOCAL-v1-q3-reference_assumed-5034,3,frozen_baseline,16,253.77811075,0.0015011250507086515,16,1.0,4060.449772,True,
LOCAL-v1-q3-reference_assumed-5035,3,frozen_baseline,10,377.25829469999996,0.001054624910466373,10,1.0,3772.582947,True,
LOCAL-v1-q3-reference_assumed-5036,3,frozen_baseline,15,243.78415046666666,0.0014174169627949595,15,1.0,3656.762257,True,
LOCAL-v1-q3-reference_assumed-5037,3,frozen_baseline,15,274.9992613333333,0.0015232079895213246,15,1.0,4124.98892,True,
LOCAL-v1-q3-reference_assumed-5038,3,frozen_baseline,16,275.48420675,0.0015504579059779644,16,1.0,4407.747308,True,
LOCAL-v1-q3-reference_assumed-5039,3,frozen_baseline,10,367.7431441,0.0009822080610319972,10,1.0,3677.431441,True,
LOCAL-v1-q3-reference_assumed-5040,3,frozen_baseline,15,275.8249759333333,0.0014371250290423632,15,1.0,4137.374639,True,
LOCAL-v1-q3-reference_assumed-5041,3,frozen_baseline,15,301.30364526666665,0.0016184999840334058,15,1.0,4519.554679,True,
LOCAL-v1-q3-reference_assumed-5042,3,frozen_baseline,11,317.9805875454545,0.0010993340983986855,11,1.0,3497.786463,True,
LOCAL-v1-q3-reference_assumed-5043,3,frozen_baseline,12,330.7266740833333,0.0011673750123009086,12,1.0,3968.720089,True,
LOCAL-v1-q3-reference_assumed-5044,3,frozen_baseline,11,318.2703969090909,0.00105441699270159,11,1.0,3500.974366,True,
LOCAL-v1-q3-reference_assumed-5045,3,frozen_baseline,11,310.1343348181818,0.0010177079821005464,11,1.0,3411.477683,True,
LOCAL-v1-q3-reference_assumed-5046,3,frozen_baseline,10,328.80100200000004,0.0010578330839052796,10,1.0,3288.01002,True,
LOCAL-v1-q3-reference_assumed-5047,3,frozen_baseline,16,230.7874636875,0.0015215419698506594,16,1.0,3692.599419,True,
LOCAL-v1-q3-reference_assumed-5048,3,frozen_baseline,12,344.2830475,0.0012982920743525028,12,1.0,4131.39657,True,
LOCAL-v1-q3-reference_assumed-5049,3,frozen_baseline,10,316.59029019999997,0.0010364999761804938,10,1.0,3165.902902,True,
LOCAL-v1-q3-reference_assumed-5050,3,frozen_baseline,15,282.3647712666667,0.001529333065263927,15,1.0,4235.471569,True,
LOCAL-v1-q3-reference_assumed-5051,3,frozen_baseline,11,298.9414198181818,0.0010110409930348396,11,1.0,3288.355618,True,
LOCAL-v1-q3-reference_assumed-5052,3,frozen_baseline,13,320.3169414615385,0.0013460000045597553,13,1.0,4164.120239,True,
LOCAL-v1-q3-reference_assumed-5053,3,frozen_baseline,16,252.2673453125,0.0013841250911355019,16,1.0,4036.277525,True,
LOCAL-v1-q3-reference_assumed-5054,3,frozen_baseline,16,262.790193,0.0014798330375924706,16,1.0,4204.643088,True,
LOCAL-v1-q3-reference_assumed-5055,3,frozen_baseline,12,335.9658250833333,0.0013271250063553452,12,1.0,4031.589901,True,
LOCAL-v1-q3-reference_assumed-5056,3,frozen_baseline,13,285.21315799999996,0.0012283750111237168,13,1.0,3707.771054,True,
LOCAL-v1-q3-reference_assumed-5057,3,frozen_baseline,13,310.0252980769231,0.001197290956042707,13,1.0,4030.328875,True,
LOCAL-v1-q3-reference_assumed-5058,3,frozen_baseline,14,245.3325385,0.0011827079579234123,14,1.0,3434.655539,True,
LOCAL-v1-q3-reference_assumed-5059,3,frozen_baseline,12,295.7842071666667,0.0011597080156207085,12,1.0,3549.410486,True,
LOCAL-v1-q3-reference_assumed-5060,3,frozen_baseline,11,322.19719527272724,0.001152625074610114,11,1.0,3544.169148,True,
LOCAL-v1-q3-reference_assumed-5061,3,frozen_baseline,13,253.32905361538462,0.0012228749692440033,13,1.0,3293.277697,True,
LOCAL-v1-q3-reference_assumed-5062,3,frozen_baseline,16,249.1404301875,0.001338499947451055,16,1.0,3986.246883,True,
LOCAL-v1-q3-reference_assumed-5063,3,frozen_baseline,15,284.68896006666665,0.0014252499677240849,15,1.0,4270.334401,True,
LOCAL-v1-q3-reference_assumed-5064,3,frozen_baseline,13,289.7424126923077,0.0011013750918209553,13,1.0,3766.651365,True,
LOCAL-v1-q3-reference_assumed-5065,3,frozen_baseline,12,319.2959835,0.0012434580130502582,12,1.0,3831.551802,True,
LOCAL-v1-q3-reference_assumed-5066,3,frozen_baseline,10,384.73998040000004,0.0009593749418854713,10,1.0,3847.399804,True,
LOCAL-v1-q3-reference_assumed-5067,3,frozen_baseline,16,267.5560099375,0.0016063330695033073,16,1.0,4280.896159,True,
LOCAL-v1-q3-reference_assumed-5068,3,frozen_baseline,13,275.94273084615384,0.0012615410378202796,13,1.0,3587.255501,True,
LOCAL-v1-q3-reference_assumed-5069,3,frozen_baseline,14,292.5421530714286,0.0013789159711450338,14,1.0,4095.590143,True,
LOCAL-v1-q3-reference_assumed-5070,3,frozen_baseline,12,331.8745704166667,0.0013955420581623912,12,1.0,3982.494845,True,
LOCAL-v1-q3-reference_assumed-5071,3,frozen_baseline,12,321.3145620833333,0.001285666017793119,12,1.0,3855.774745,True,
LOCAL-v1-q3-reference_assumed-5072,3,frozen_baseline,15,289.87779746666666,0.0015500410227105021,15,1.0,4348.166962,True,
LOCAL-v1-q3-reference_assumed-5073,3,frozen_baseline,10,372.178723,0.0010868749814108014,10,1.0,3721.78723,True,
LOCAL-v1-q3-reference_assumed-5074,3,frozen_baseline,16,240.63327025,0.0015583749627694488,16,1.0,3850.132324,True,
LOCAL-v1-q3-reference_assumed-5075,3,frozen_baseline,15,244.04249886666668,0.0013772080419585109,15,1.0,3660.637483,True,
LOCAL-v1-q3-reference_assumed-5076,3,frozen_baseline,12,312.78336183333334,0.0013204170390963554,12,1.0,3753.400342,True,
LOCAL-v1-q3-reference_assumed-5077,3,frozen_baseline,14,287.45781985714285,0.0013458329485729337,14,1.0,4024.409478,True,
LOCAL-v1-q3-reference_assumed-5078,3,frozen_baseline,13,272.6060600769231,0.001278792042285204,13,1.0,3543.878781,True,
LOCAL-v1-q3-reference_assumed-5079,3,frozen_baseline,10,357.4617021,0.0010238329414278269,10,1.0,3574.617021,True,
LOCAL-v1-q3-reference_assumed-5080,3,frozen_baseline,10,331.867172,0.0009702090173959732,10,1.0,3318.67172,True,
LOCAL-v1-q3-reference_assumed-5081,3,frozen_baseline,16,239.019877125,0.0014960839180275798,16,1.0,3824.318034,True,
LOCAL-v1-q3-reference_assumed-5082,3,frozen_baseline,13,299.63522415384614,0.0012130000395700336,13,1.0,3895.257914,True,
LOCAL-v1-q3-reference_assumed-5083,3,frozen_baseline,13,297.4590646153846,0.0013081250945106149,13,1.0,3866.96784,True,
LOCAL-v1-q3-reference_assumed-5084,3,frozen_baseline,14,330.6167555,0.0014897920191287994,14,1.0,4628.634577,True,
LOCAL-v1-q3-reference_assumed-5085,3,frozen_baseline,15,306.02174966666666,0.00152299995534122,15,1.0,4590.326245,True,
LOCAL-v1-q3-reference_assumed-5086,3,frozen_baseline,12,297.2670059166667,0.00120433303527534,12,1.0,3567.204071,True,
LOCAL-v1-q3-reference_assumed-5087,3,frozen_baseline,13,306.23835123076924,0.00145295902621001,13,1.0,3981.098566,True,
LOCAL-v1-q3-reference_assumed-5088,3,frozen_baseline,16,226.3097661875,0.0014685000060126185,16,1.0,3620.956259,True,
LOCAL-v1-q3-reference_assumed-5089,3,frozen_baseline,15,302.9386604,0.0014748339308425784,15,1.0,4544.079906,True,
LOCAL-v1-q3-reference_assumed-5090,3,frozen_baseline,14,282.4126248571429,0.0016551249427720904,14,1.0,3953.776748,True,
LOCAL-v1-q3-reference_assumed-5091,3,frozen_baseline,12,296.6007725,0.0011907909065485,12,1.0,3559.20927,True,
LOCAL-v1-q3-reference_assumed-5092,3,frozen_baseline,11,294.15065327272725,0.0011011669412255287,11,1.0,3235.657186,True,
LOCAL-v1-q3-reference_assumed-5093,3,frozen_baseline,15,265.87705206666664,0.0013898330507799983,15,1.0,3988.155781,True,
LOCAL-v1-q3-reference_assumed-5094,3,frozen_baseline,11,343.3382279090909,0.001078624976798892,11,1.0,3776.720507,True,
LOCAL-v1-q3-reference_assumed-5095,3,frozen_baseline,10,335.5155848,0.0010679579572752118,10,1.0,3355.155848,True,
LOCAL-v1-q3-reference_assumed-5096,3,frozen_baseline,14,309.34389035714287,0.0013647079467773438,14,1.0,4330.814465,True,
LOCAL-v1-q3-reference_assumed-5097,3,frozen_baseline,13,265.27980292307694,0.001056583016179502,13,1.0,3448.637438,True,
LOCAL-v1-q3-reference_assumed-5098,3,frozen_baseline,16,260.62969925,0.001651124912314117,16,1.0,4170.075188,True,
LOCAL-v1-q3-reference_assumed-5099,3,frozen_baseline,13,307.0782733846154,0.0012208330444991589,13,1.0,3992.017554,True,
LOCAL-v1-q3-fixed_positive_bias-5000,3,frozen_baseline,11,310.06636245454547,0.0011048750020563602,11,1.0,3410.729987,True,
LOCAL-v1-q3-fixed_positive_bias-5001,3,frozen_baseline,14,272.87471714285715,0.0014674579724669456,14,1.0,3820.24604,True,
LOCAL-v1-q3-fixed_positive_bias-5002,3,frozen_baseline,15,259.1026010666667,0.0015293750911951065,15,1.0,3886.539016,True,
LOCAL-v1-q3-fixed_positive_bias-5003,3,frozen_baseline,11,315.51348154545457,0.0010465829400345683,11,1.0,3470.648297,True,
LOCAL-v1-q3-fixed_positive_bias-5004,3,frozen_baseline,12,327.89982333333336,0.0012272909516468644,12,1.0,3934.79788,True,
LOCAL-v1-q3-fixed_positive_bias-5005,3,frozen_baseline,11,338.3190908181818,0.001242334023118019,11,1.0,3721.509999,True,
LOCAL-v1-q3-fixed_positive_bias-5006,3,frozen_baseline,11,338.8168559090909,0.0010859169997274876,11,1.0,3726.985415,True,
LOCAL-v1-q3-fixed_positive_bias-5007,3,frozen_baseline,11,344.91114163636365,0.0010907500982284546,11,1.0,3794.022558,True,
LOCAL-v1-q3-fixed_positive_bias-5008,3,frozen_baseline,10,358.5721963,0.0010929589625447989,10,1.0,3585.721963,True,
LOCAL-v1-q3-fixed_positive_bias-5009,3,frozen_baseline,14,282.57164907142857,0.0013361249584704638,14,1.0,3956.003087,True,
LOCAL-v1-q3-fixed_positive_bias-5010,3,frozen_baseline,12,318.39351308333335,0.001199625083245337,12,1.0,3820.722157,True,
LOCAL-v1-q3-fixed_positive_bias-5011,3,frozen_baseline,15,270.9898531333333,0.0014732079580426216,15,1.0,4064.847797,True,
LOCAL-v1-q3-fixed_positive_bias-5012,3,frozen_baseline,10,357.4380147,0.0009706669952720404,10,1.0,3574.380147,True,
LOCAL-v1-q3-fixed_positive_bias-5013,3,frozen_baseline,12,291.82765083333334,0.0011696669971570373,12,1.0,3501.93181,True,
LOCAL-v1-q3-fixed_positive_bias-5014,3,frozen_baseline,11,345.8455199090909,0.0012659160420298576,11,1.0,3804.300719,True,
LOCAL-v1-q3-fixed_positive_bias-5015,3,frozen_baseline,12,346.24665483333337,0.0012439169222489,12,1.0,4154.959858,True,
LOCAL-v1-q3-fixed_positive_bias-5016,3,frozen_baseline,16,259.441300125,0.0016986249247565866,16,1.0,4151.060802,True,
LOCAL-v1-q3-fixed_positive_bias-5017,3,frozen_baseline,15,263.3815062,0.0016412920085713267,15,1.0,3950.722593,True,
LOCAL-v1-q3-fixed_positive_bias-5018,3,frozen_baseline,10,347.49617920000003,0.0010766660561785102,10,1.0,3474.961792,True,
LOCAL-v1-q3-fixed_positive_bias-5019,3,frozen_baseline,11,344.4515648181818,0.001143125002272427,11,1.0,3788.967213,True,
LOCAL-v1-q3-fixed_positive_bias-5020,3,frozen_baseline,16,277.4321976875,0.0015526670031249523,16,1.0,4438.915163,True,
LOCAL-v1-q3-fixed_positive_bias-5021,3,frozen_baseline,14,266.60530857142857,0.0014277909649536014,14,1.0,3732.47432,True,
LOCAL-v1-q3-fixed_positive_bias-5022,3,frozen_baseline,14,287.28438992857144,0.0015192499849945307,14,1.0,4021.981459,True,
LOCAL-v1-q3-fixed_positive_bias-5023,3,frozen_baseline,15,269.69255246666665,0.001440958003513515,15,1.0,4045.388287,True,
LOCAL-v1-q3-fixed_positive_bias-5024,3,frozen_baseline,13,348.14275699999996,0.001311708940193057,13,1.0,4525.855841,True,
LOCAL-v1-q3-fixed_positive_bias-5025,3,frozen_baseline,12,313.84543924999997,0.0012390830088406801,12,1.0,3766.145271,True,
LOCAL-v1-q3-fixed_positive_bias-5026,3,frozen_baseline,15,284.0478844666667,0.0013024170184507966,15,1.0,4260.718267,True,
LOCAL-v1-q3-fixed_positive_bias-5027,3,frozen_baseline,11,297.7133483636364,0.001084415940567851,11,1.0,3274.846832,True,
LOCAL-v1-q3-fixed_positive_bias-5028,3,frozen_baseline,10,364.719326,0.0010759999277070165,10,1.0,3647.19326,True,
LOCAL-v1-q3-fixed_positive_bias-5029,3,frozen_baseline,11,328.3728843636364,0.0010766249615699053,11,1.0,3612.101728,True,
LOCAL-v1-q3-fixed_positive_bias-5030,3,frozen_baseline,12,326.6461274166667,0.0010898750042542815,12,1.0,3919.753529,True,
LOCAL-v1-q3-fixed_positive_bias-5031,3,frozen_baseline,15,290.4846798,0.0016105410177260637,15,1.0,4357.270197,True,
LOCAL-v1-q3-fixed_positive_bias-5032,3,frozen_baseline,11,347.05408390909093,0.00104320899117738,11,1.0,3817.594923,True,
LOCAL-v1-q3-fixed_positive_bias-5033,3,frozen_baseline,14,280.1584729285714,0.0014117079554125667,14,1.0,3922.218621,True,
LOCAL-v1-q3-fixed_positive_bias-5034,3,frozen_baseline,16,265.8213105,0.0018645410891622305,16,1.0,4253.140968,True,
LOCAL-v1-q3-fixed_positive_bias-5035,3,frozen_baseline,10,390.7726334,0.0011150840437039733,10,1.0,3907.726334,True,
LOCAL-v1-q3-fixed_positive_bias-5036,3,frozen_baseline,15,289.17773493333334,0.001477499958127737,15,1.0,4337.666024,True,
LOCAL-v1-q3-fixed_positive_bias-5037,3,frozen_baseline,15,298.01370613333336,0.0016279170522466302,15,1.0,4470.205592,True,
LOCAL-v1-q3-fixed_positive_bias-5038,3,frozen_baseline,16,268.742751125,0.001822250080294907,16,1.0,4299.884018,True,
LOCAL-v1-q3-fixed_positive_bias-5039,3,frozen_baseline,10,361.6415994,0.0012493750546127558,10,1.0,3616.415994,True,
LOCAL-v1-q3-fixed_positive_bias-5040,3,frozen_baseline,15,287.93642286666665,0.0014692910481244326,15,1.0,4319.046343,True,
LOCAL-v1-q3-fixed_positive_bias-5041,3,frozen_baseline,15,308.7589221333334,0.001409208052791655,15,1.0,4631.383832,True,
LOCAL-v1-q3-fixed_positive_bias-5042,3,frozen_baseline,11,313.9890819090909,0.0009970000246539712,11,1.0,3453.879901,True,
LOCAL-v1-q3-fixed_positive_bias-5043,3,frozen_baseline,12,303.98048675,0.0012709159636870027,12,1.0,3647.765841,True,
LOCAL-v1-q3-fixed_positive_bias-5044,3,frozen_baseline,11,310.50894618181815,0.0009744589915499091,11,1.0,3415.598408,True,
LOCAL-v1-q3-fixed_positive_bias-5045,3,frozen_baseline,11,312.1068820909091,0.0010370409581810236,11,1.0,3433.175703,True,
LOCAL-v1-q3-fixed_positive_bias-5046,3,frozen_baseline,10,342.7776578,0.0012309170560911298,10,1.0,3427.776578,True,
LOCAL-v1-q3-fixed_positive_bias-5047,3,frozen_baseline,16,229.793307125,0.0014331249985843897,16,1.0,3676.692914,True,
LOCAL-v1-q3-fixed_positive_bias-5048,3,frozen_baseline,12,296.80454349999997,0.0011984159937128425,12,1.0,3561.654522,True,
LOCAL-v1-q3-fixed_positive_bias-5049,3,frozen_baseline,10,322.4451058,0.001071666949428618,10,1.0,3224.451058,True,
LOCAL-v1-q3-fixed_positive_bias-5050,3,frozen_baseline,15,291.61561693333334,0.0016064579831436276,15,1.0,4374.234254,True,
LOCAL-v1-q3-fixed_positive_bias-5051,3,frozen_baseline,11,302.69481781818183,0.001096333027817309,11,1.0,3329.642996,True,
LOCAL-v1-q3-fixed_positive_bias-5052,3,frozen_baseline,13,281.8508783076923,0.0013437080197036266,13,1.0,3664.061418,True,
LOCAL-v1-q3-fixed_positive_bias-5053,3,frozen_baseline,16,257.6292729375,0.0014976250240579247,16,1.0,4122.068367,True,
LOCAL-v1-q3-fixed_positive_bias-5054,3,frozen_baseline,16,278.756479375,0.0014866249402984977,16,1.0,4460.10367,True,
LOCAL-v1-q3-fixed_positive_bias-5055,3,frozen_baseline,12,291.4379450833333,0.0011643749894574285,12,1.0,3497.255341,True,
LOCAL-v1-q3-fixed_positive_bias-5056,3,frozen_baseline,13,289.4277702307692,0.0012260839575901628,13,1.0,3762.561013,True,
LOCAL-v1-q3-fixed_positive_bias-5057,3,frozen_baseline,13,308.85952046153847,0.0013578749494627118,13,1.0,4015.173766,True,
LOCAL-v1-q3-fixed_positive_bias-5058,3,frozen_baseline,14,268.72047657142855,0.0013220419641584158,14,1.0,3762.086672,True,
LOCAL-v1-q3-fixed_positive_bias-5059,3,frozen_baseline,12,326.31510141666666,0.0012341659748926759,12,1.0,3915.781217,True,
LOCAL-v1-q3-fixed_positive_bias-5060,3,frozen_baseline,11,354.0385804545454,0.0013730420032516122,11,1.0,3894.424385,True,
LOCAL-v1-q3-fixed_positive_bias-5061,3,frozen_baseline,13,261.31659069230767,0.001329833990894258,13,1.0,3397.115679,True,
LOCAL-v1-q3-fixed_positive_bias-5062,3,frozen_baseline,16,255.85006325,0.00149441696703434,16,1.0,4093.601012,True,
LOCAL-v1-q3-fixed_positive_bias-5063,3,frozen_baseline,15,271.3052498,0.0015125420177355409,15,1.0,4069.578747,True,
LOCAL-v1-q3-fixed_positive_bias-5064,3,frozen_baseline,13,319.09554215384617,0.0012599589535966516,13,1.0,4148.242048,True,
LOCAL-v1-q3-fixed_positive_bias-5065,3,frozen_baseline,12,317.97076108333334,0.0011871660826727748,12,1.0,3815.649133,True,
LOCAL-v1-q3-fixed_positive_bias-5066,3,frozen_baseline,10,384.7832687,0.0009942089673131704,10,1.0,3847.832687,True,
LOCAL-v1-q3-fixed_positive_bias-5067,3,frozen_baseline,16,271.91840975,0.00163312500808388,16,1.0,4350.694556,True,
LOCAL-v1-q3-fixed_positive_bias-5068,3,frozen_baseline,13,303.82094415384614,0.0011866249842569232,13,1.0,3949.672274,True,
LOCAL-v1-q3-fixed_positive_bias-5069,3,frozen_baseline,14,307.6480462857143,0.001612790976651013,14,1.0,4307.072648,True,
LOCAL-v1-q3-fixed_positive_bias-5070,3,frozen_baseline,12,333.75016225,0.0014362079091370106,12,1.0,4005.001947,True,
LOCAL-v1-q3-fixed_positive_bias-5071,3,frozen_baseline,12,317.86617425000003,0.001255334005691111,12,1.0,3814.394091,True,
LOCAL-v1-q3-fixed_positive_bias-5072,3,frozen_baseline,15,292.51739353333335,0.0015325830318033695,15,1.0,4387.760903,True,
LOCAL-v1-q3-fixed_positive_bias-5073,3,frozen_baseline,10,372.7555779,0.0012538749724626541,10,1.0,3727.555779,True,
LOCAL-v1-q3-fixed_positive_bias-5074,3,frozen_baseline,16,266.7050014375,0.001735334051772952,16,1.0,4267.280023,True,
LOCAL-v1-q3-fixed_positive_bias-5075,3,frozen_baseline,15,280.3915396666667,0.0016127499984577298,15,1.0,4205.873095,True,
LOCAL-v1-q3-fixed_positive_bias-5076,3,frozen_baseline,12,312.50306908333334,0.0012166249798610806,12,1.0,3750.036829,True,
LOCAL-v1-q3-fixed_positive_bias-5077,3,frozen_baseline,14,314.72305950000003,0.001304500037804246,14,1.0,4406.122833,True,
LOCAL-v1-q3-fixed_positive_bias-5078,3,frozen_baseline,13,268.4446127692308,0.0012934999540448189,13,1.0,3489.779966,True,
LOCAL-v1-q3-fixed_positive_bias-5079,3,frozen_baseline,10,314.0889829,0.001094625098630786,10,1.0,3140.889829,True,
LOCAL-v1-q3-fixed_positive_bias-5080,3,frozen_baseline,10,350.322563,0.0009728340664878488,10,1.0,3503.22563,True,
LOCAL-v1-q3-fixed_positive_bias-5081,3,frozen_baseline,16,258.613148,0.0014348329277709126,16,1.0,4137.810368,True,
LOCAL-v1-q3-fixed_positive_bias-5082,3,frozen_baseline,13,323.8610667692308,0.0013717080000787973,13,1.0,4210.193868,True,
LOCAL-v1-q3-fixed_positive_bias-5083,3,frozen_baseline,13,313.46880853846153,0.0012933750404044986,13,1.0,4075.094511,True,
LOCAL-v1-q3-fixed_positive_bias-5084,3,frozen_baseline,14,304.3513875714286,0.001403625006787479,14,1.0,4260.919426,True,
LOCAL-v1-q3-fixed_positive_bias-5085,3,frozen_baseline,15,297.49612033333335,0.0014800409553572536,15,1.0,4462.441805,True,
LOCAL-v1-q3-fixed_positive_bias-5086,3,frozen_baseline,12,293.50453016666665,0.0012098751030862331,12,1.0,3522.054362,True,
LOCAL-v1-q3-fixed_positive_bias-5087,3,frozen_baseline,13,291.39124207692305,0.001365375006571412,13,1.0,3788.086147,True,
LOCAL-v1-q3-fixed_positive_bias-5088,3,frozen_baseline,16,246.2939578125,0.0016214590286836028,16,1.0,3940.703325,True,
LOCAL-v1-q3-fixed_positive_bias-5089,3,frozen_baseline,15,308.36579413333334,0.0015405830927193165,15,1.0,4625.486912,True,
LOCAL-v1-q3-fixed_positive_bias-5090,3,frozen_baseline,14,265.0963610714286,0.0014125000452622771,14,1.0,3711.349055,True,
LOCAL-v1-q3-fixed_positive_bias-5091,3,frozen_baseline,12,303.49771508333333,0.0011165000032633543,12,1.0,3641.972581,True,
LOCAL-v1-q3-fixed_positive_bias-5092,3,frozen_baseline,11,302.10893063636365,0.0012591249542310834,11,1.0,3323.198237,True,
LOCAL-v1-q3-fixed_positive_bias-5093,3,frozen_baseline,15,272.299798,0.0015595000004395843,15,1.0,4084.49697,True,
LOCAL-v1-q3-fixed_positive_bias-5094,3,frozen_baseline,11,343.09474727272726,0.001165166962891817,11,1.0,3774.04222,True,
LOCAL-v1-q3-fixed_positive_bias-5095,3,frozen_baseline,10,329.7191372,0.0010639999527484179,10,1.0,3297.191372,True,
LOCAL-v1-q3-fixed_positive_bias-5096,3,frozen_baseline,14,317.2277277857143,0.001419208012521267,14,1.0,4441.188189,True,
LOCAL-v1-q3-fixed_positive_bias-5097,3,frozen_baseline,13,286.9706862307692,0.001357333967462182,13,1.0,3730.618921,True,
LOCAL-v1-q3-fixed_positive_bias-5098,3,frozen_baseline,16,283.949024375,0.0016155000776052475,16,1.0,4543.18439,True,
LOCAL-v1-q3-fixed_positive_bias-5099,3,frozen_baseline,13,308.9318563076923,0.001474292017519474,13,1.0,4016.114132,True,
LOCAL-v1-q3-fixed_negative_bias-5000,3,frozen_baseline,11,302.85482790909094,0.0011138750705868006,11,1.0,3331.403107,True,
LOCAL-v1-q3-fixed_negative_bias-5001,3,frozen_baseline,14,256.6773402142857,0.0013272500364109874,14,1.0,3593.482763,True,
LOCAL-v1-q3-fixed_negative_bias-5002,3,frozen_baseline,15,277.0555267333333,0.0014247919898480177,15,1.0,4155.832901,True,
LOCAL-v1-q3-fixed_negative_bias-5003,3,frozen_baseline,11,317.01852818181817,0.0012098749866709113,11,1.0,3487.20381,True,
LOCAL-v1-q3-fixed_negative_bias-5004,3,frozen_baseline,12,333.5435055,0.001250874949619174,12,1.0,4002.522066,True,
LOCAL-v1-q3-fixed_negative_bias-5005,3,frozen_baseline,11,356.42486572727273,0.001144958077929914,11,1.0,3920.673523,True,
LOCAL-v1-q3-fixed_negative_bias-5006,3,frozen_baseline,11,344.499111,0.0011143749579787254,11,1.0,3789.490221,True,
LOCAL-v1-q3-fixed_negative_bias-5007,3,frozen_baseline,11,343.80585918181816,0.0010316249681636691,11,1.0,3781.864451,True,
LOCAL-v1-q3-fixed_negative_bias-5008,3,frozen_baseline,10,342.90841,0.0011284590000286698,10,1.0,3429.0841,True,
LOCAL-v1-q3-fixed_negative_bias-5009,3,frozen_baseline,14,289.8730662142857,0.0013835839927196503,14,1.0,4058.222927,True,
LOCAL-v1-q3-fixed_negative_bias-5010,3,frozen_baseline,12,328.36473158333337,0.0013607079163193703,12,1.0,3940.376779,True,
LOCAL-v1-q3-fixed_negative_bias-5011,3,frozen_baseline,15,304.739545,0.0015470420476049185,15,1.0,4571.093175,True,
LOCAL-v1-q3-fixed_negative_bias-5012,3,frozen_baseline,10,359.3294723,0.0009906660998240113,10,1.0,3593.294723,True,
LOCAL-v1-q3-fixed_negative_bias-5013,3,frozen_baseline,12,297.92018408333337,0.00125512492377311,12,1.0,3575.042209,True,
LOCAL-v1-q3-fixed_negative_bias-5014,3,frozen_baseline,11,341.8869189090909,0.0011653749970719218,11,1.0,3760.756108,True,
LOCAL-v1-q3-fixed_negative_bias-5015,3,frozen_baseline,12,296.67400449999997,0.0011202500900253654,12,1.0,3560.088054,True,
LOCAL-v1-q3-fixed_negative_bias-5016,3,frozen_baseline,16,282.288823,0.0016708750044927,16,1.0,4516.621168,True,
LOCAL-v1-q3-fixed_negative_bias-5017,3,frozen_baseline,15,285.4378576666667,0.0015546249924227595,15,1.0,4281.567865,True,
LOCAL-v1-q3-fixed_negative_bias-5018,3,frozen_baseline,10,363.4882822,0.0010730419307947159,10,1.0,3634.882822,True,
LOCAL-v1-q3-fixed_negative_bias-5019,3,frozen_baseline,11,344.59075545454544,0.001219875062815845,11,1.0,3790.49831,True,
LOCAL-v1-q3-fixed_negative_bias-5020,3,frozen_baseline,16,246.972140875,0.0015250410651788116,16,1.0,3951.554254,True,
LOCAL-v1-q3-fixed_negative_bias-5021,3,frozen_baseline,14,258.9110672857143,0.0014105410082265735,14,1.0,3624.754942,True,
LOCAL-v1-q3-fixed_negative_bias-5022,3,frozen_baseline,14,299.19625042857143,0.0015481249429285526,14,1.0,4188.747506,True,
LOCAL-v1-q3-fixed_negative_bias-5023,3,frozen_baseline,15,281.17320240000004,0.001576791051775217,15,1.0,4217.598036,True,
LOCAL-v1-q3-fixed_negative_bias-5024,3,frozen_baseline,13,338.24059030769234,0.0012495409464463592,13,1.0,4397.127674,True,
LOCAL-v1-q3-fixed_negative_bias-5025,3,frozen_baseline,12,338.50266708333334,0.0012725420529022813,12,1.0,4062.032005,True,
LOCAL-v1-q3-fixed_negative_bias-5026,3,frozen_baseline,15,295.32862766666665,0.0013792079407721758,15,1.0,4429.929415,True,
LOCAL-v1-q3-fixed_negative_bias-5027,3,frozen_baseline,11,293.3331332727273,0.0009550000540912151,11,1.0,3226.664466,True,
LOCAL-v1-q3-fixed_negative_bias-5028,3,frozen_baseline,10,352.9317322,0.0008960830746218562,10,1.0,3529.317322,True,
LOCAL-v1-q3-fixed_negative_bias-5029,3,frozen_baseline,11,321.4707310909091,0.0011214580154046416,11,1.0,3536.178042,True,
LOCAL-v1-q3-fixed_negative_bias-5030,3,frozen_baseline,12,321.3808720833333,0.0012714170152321458,12,1.0,3856.570465,True,
LOCAL-v1-q3-fixed_negative_bias-5031,3,frozen_baseline,15,248.1673228,0.001612124964594841,15,1.0,3722.509842,True,
LOCAL-v1-q3-fixed_negative_bias-5032,3,frozen_baseline,11,351.7219490909091,0.0010414159623906016,11,1.0,3868.94144,True,
LOCAL-v1-q3-fixed_negative_bias-5033,3,frozen_baseline,14,307.82952971428574,0.001578458002768457,14,1.0,4309.613416,True,
LOCAL-v1-q3-fixed_negative_bias-5034,3,frozen_baseline,16,251.3727963125,0.001635667053051293,16,1.0,4021.964741,True,
LOCAL-v1-q3-fixed_negative_bias-5035,3,frozen_baseline,10,382.8544075,0.0011303339852020144,10,1.0,3828.544075,True,
LOCAL-v1-q3-fixed_negative_bias-5036,3,frozen_baseline,15,230.3543872666667,0.0014936659717932343,15,1.0,3455.315809,True,
LOCAL-v1-q3-fixed_negative_bias-5037,3,frozen_baseline,15,295.40634746666666,0.0015856670215725899,15,1.0,4431.095212,True,
LOCAL-v1-q3-fixed_negative_bias-5038,3,frozen_baseline,16,279.1128689375,0.0015508340438827872,16,1.0,4465.805903,True,
LOCAL-v1-q3-fixed_negative_bias-5039,3,frozen_baseline,10,373.264804,0.0010900829220190644,10,1.0,3732.64804,True,
LOCAL-v1-q3-fixed_negative_bias-5040,3,frozen_baseline,15,283.798766,0.0015124999918043613,15,1.0,4256.98149,True,
LOCAL-v1-q3-fixed_negative_bias-5041,3,frozen_baseline,15,312.2686608,0.0014746669912710786,15,1.0,4684.029912,True,
LOCAL-v1-q3-fixed_negative_bias-5042,3,frozen_baseline,11,303.240289,0.0010455420706421137,11,1.0,3335.643179,True,
LOCAL-v1-q3-fixed_negative_bias-5043,3,frozen_baseline,12,310.67270708333336,0.0012782500125467777,12,1.0,3728.072485,True,
LOCAL-v1-q3-fixed_negative_bias-5044,3,frozen_baseline,11,358.5183513636364,0.001225540996529162,11,1.0,3943.701865,True,
LOCAL-v1-q3-fixed_negative_bias-5045,3,frozen_baseline,11,328.1019389090909,0.0010956668993458152,11,1.0,3609.121328,True,
LOCAL-v1-q3-fixed_negative_bias-5046,3,frozen_baseline,10,373.5291857,0.0011967089958488941,10,1.0,3735.291857,True,
LOCAL-v1-q3-fixed_negative_bias-5047,3,frozen_baseline,16,252.352992875,0.0015819580294191837,16,1.0,4037.647886,True,
LOCAL-v1-q3-fixed_negative_bias-5048,3,frozen_baseline,12,299.53353450000003,0.0012770419707521796,12,1.0,3594.402414,True,
LOCAL-v1-q3-fixed_negative_bias-5049,3,frozen_baseline,10,350.7130009,0.0010984999826177955,10,1.0,3507.130009,True,
LOCAL-v1-q3-fixed_negative_bias-5050,3,frozen_baseline,15,270.2879016666667,0.0013666249578818679,15,1.0,4054.318525,True,
LOCAL-v1-q3-fixed_negative_bias-5051,3,frozen_baseline,11,297.8244070909091,0.0010997080244123936,11,1.0,3276.068478,True,
LOCAL-v1-q3-fixed_negative_bias-5052,3,frozen_baseline,13,329.9618616153846,0.001317041926085949,13,1.0,4289.504201,True,
LOCAL-v1-q3-fixed_negative_bias-5053,3,frozen_baseline,16,251.9465948125,0.0014151249779388309,16,1.0,4031.145517,True,
LOCAL-v1-q3-fixed_negative_bias-5054,3,frozen_baseline,16,275.4986738125,0.001560040982440114,16,1.0,4407.978781,True,
LOCAL-v1-q3-fixed_negative_bias-5055,3,frozen_baseline,12,315.9091270833333,0.001136208069510758,12,1.0,3790.909525,True,
LOCAL-v1-q3-fixed_negative_bias-5056,3,frozen_baseline,13,293.6704889230769,0.001286833081394434,13,1.0,3817.716356,True,
LOCAL-v1-q3-fixed_negative_bias-5057,3,frozen_baseline,13,305.98078123076925,0.00115220807492733,13,1.0,3977.750156,True,
LOCAL-v1-q3-fixed_negative_bias-5058,3,frozen_baseline,14,247.81161807142857,0.0012730000307783484,14,1.0,3469.362653,True,
LOCAL-v1-q3-fixed_negative_bias-5059,3,frozen_baseline,12,306.485024,0.0014094170182943344,12,1.0,3677.820288,True,
LOCAL-v1-q3-fixed_negative_bias-5060,3,frozen_baseline,11,343.3682222727273,0.0012732920004054904,11,1.0,3777.050445,True,
LOCAL-v1-q3-fixed_negative_bias-5061,3,frozen_baseline,13,260.8792966153846,0.001211125054396689,13,1.0,3391.430856,True,
LOCAL-v1-q3-fixed_negative_bias-5062,3,frozen_baseline,16,271.7888455625,0.0014490409521386027,16,1.0,4348.621529,True,
LOCAL-v1-q3-fixed_negative_bias-5063,3,frozen_baseline,15,285.1932338,0.0015796249499544501,15,1.0,4277.898507,True,
LOCAL-v1-q3-fixed_negative_bias-5064,3,frozen_baseline,13,291.01493230769233,0.0013080829521641135,13,1.0,3783.19412,True,
LOCAL-v1-q3-fixed_negative_bias-5065,3,frozen_baseline,12,317.50016966666664,0.0013017080491408706,12,1.0,3810.002036,True,
LOCAL-v1-q3-fixed_negative_bias-5066,3,frozen_baseline,10,387.6687328,0.0010453329887241125,10,1.0,3876.687328,True,
LOCAL-v1-q3-fixed_negative_bias-5067,3,frozen_baseline,16,250.6982210625,0.0015582090709358454,16,1.0,4011.171537,True,
LOCAL-v1-q3-fixed_negative_bias-5068,3,frozen_baseline,13,284.49398784615386,0.0012356250081211329,13,1.0,3698.421842,True,
LOCAL-v1-q3-fixed_negative_bias-5069,3,frozen_baseline,14,289.70786264285715,0.0014826670521870255,14,1.0,4055.910077,True,
LOCAL-v1-q3-fixed_negative_bias-5070,3,frozen_baseline,12,317.3956934166667,0.001322499942034483,12,1.0,3808.748321,True,
LOCAL-v1-q3-fixed_negative_bias-5071,3,frozen_baseline,12,311.21472783333337,0.0012584159849211574,12,1.0,3734.576734,True,
LOCAL-v1-q3-fixed_negative_bias-5072,3,frozen_baseline,15,263.37354853333335,0.001522500067949295,15,1.0,3950.603228,True,
LOCAL-v1-q3-fixed_negative_bias-5073,3,frozen_baseline,10,356.3166314,0.0010906669776886702,10,1.0,3563.166314,True,
LOCAL-v1-q3-fixed_negative_bias-5074,3,frozen_baseline,16,269.7649535,0.0016428329981863499,16,1.0,4316.239256,True,
LOCAL-v1-q3-fixed_negative_bias-5075,3,frozen_baseline,15,268.8015066,0.001524958061054349,15,1.0,4032.022599,True,
LOCAL-v1-q3-fixed_negative_bias-5076,3,frozen_baseline,12,309.293434,0.0013281659921631217,12,1.0,3711.521208,True,
LOCAL-v1-q3-fixed_negative_bias-5077,3,frozen_baseline,14,294.70428207142857,0.001375042018480599,14,1.0,4125.859949,True,
LOCAL-v1-q3-fixed_negative_bias-5078,3,frozen_baseline,13,268.72489415384615,0.0012140830513089895,13,1.0,3493.423624,True,
LOCAL-v1-q3-fixed_negative_bias-5079,3,frozen_baseline,10,367.7934146,0.0010384171037003398,10,1.0,3677.934146,True,
LOCAL-v1-q3-fixed_negative_bias-5080,3,frozen_baseline,10,340.8564841,0.0009503749897703528,10,1.0,3408.564841,True,
LOCAL-v1-q3-fixed_negative_bias-5081,3,frozen_baseline,16,258.53884675,0.0014806250110268593,16,1.0,4136.621548,True,
LOCAL-v1-q3-fixed_negative_bias-5082,3,frozen_baseline,13,302.70599969230767,0.0013123750686645508,13,1.0,3935.177996,True,
LOCAL-v1-q3-fixed_negative_bias-5083,3,frozen_baseline,13,300.89327307692304,0.001288541010580957,13,1.0,3911.61255,True,
LOCAL-v1-q3-fixed_negative_bias-5084,3,frozen_baseline,14,285.67493035714284,0.0015283330576494336,14,1.0,3999.449025,True,
LOCAL-v1-q3-fixed_negative_bias-5085,3,frozen_baseline,15,308.80822406666664,0.001564792008139193,15,1.0,4632.123361,True,
LOCAL-v1-q3-fixed_negative_bias-5086,3,frozen_baseline,12,297.0295570833333,0.0012006249744445086,12,1.0,3564.354685,True,
LOCAL-v1-q3-fixed_negative_bias-5087,3,frozen_baseline,13,301.0630013076923,0.0014021249953657389,13,1.0,3913.819017,True,
LOCAL-v1-q3-fixed_negative_bias-5088,3,frozen_baseline,16,223.089099625,0.001601667026989162,16,1.0,3569.425594,True,
LOCAL-v1-q3-fixed_negative_bias-5089,3,frozen_baseline,15,286.36758126666666,0.0016872920095920563,15,1.0,4295.513719,True,
LOCAL-v1-q3-fixed_negative_bias-5090,3,frozen_baseline,14,285.1919285,0.0015683749224990606,14,1.0,3992.686999,True,
LOCAL-v1-q3-fixed_negative_bias-5091,3,frozen_baseline,12,306.42051299999997,0.0011007499415427446,12,1.0,3677.046156,True,
LOCAL-v1-q3-fixed_negative_bias-5092,3,frozen_baseline,11,322.7126215454545,0.0012765000574290752,11,1.0,3549.838837,True,
LOCAL-v1-q3-fixed_negative_bias-5093,3,frozen_baseline,15,270.1160124,0.001417041989043355,15,1.0,4051.740186,True,
LOCAL-v1-q3-fixed_negative_bias-5094,3,frozen_baseline,11,341.62880590909094,0.0011693750275298953,11,1.0,3757.916865,True,
LOCAL-v1-q3-fixed_negative_bias-5095,3,frozen_baseline,10,326.5582461,0.001211125054396689,10,1.0,3265.582461,True,
LOCAL-v1-q3-fixed_negative_bias-5096,3,frozen_baseline,14,329.33833150000004,0.001572042005136609,14,1.0,4610.736641,True,
LOCAL-v1-q3-fixed_negative_bias-5097,3,frozen_baseline,13,270.3814693076923,0.0011531250784173608,13,1.0,3514.959101,True,
LOCAL-v1-q3-fixed_negative_bias-5098,3,frozen_baseline,16,252.3221956875,0.001608958002179861,16,1.0,4037.155131,True,
LOCAL-v1-q3-fixed_negative_bias-5099,3,frozen_baseline,13,304.93349753846155,0.0012355420039966702,13,1.0,3964.135468,True,
LOCAL-v1-q3-smooth_shared_field-5000,3,frozen_baseline,11,307.78704827272725,0.0010977080091834068,11,1.0,3385.657531,True,
LOCAL-v1-q3-smooth_shared_field-5001,3,frozen_baseline,14,269.83561,0.0014336660970002413,14,1.0,3777.69854,True,
LOCAL-v1-q3-smooth_shared_field-5002,3,frozen_baseline,15,272.54923726666664,0.0013554159086197615,15,1.0,4088.238559,True,
LOCAL-v1-q3-smooth_shared_field-5003,3,frozen_baseline,11,316.6576480909091,0.001122834044508636,11,1.0,3483.234129,True,
LOCAL-v1-q3-smooth_shared_field-5004,3,frozen_baseline,12,336.4757445833333,0.001135458005592227,12,1.0,4037.708935,True,
LOCAL-v1-q3-smooth_shared_field-5005,3,frozen_baseline,11,364.7102000909091,0.001111124991439283,11,1.0,4011.812201,True,
LOCAL-v1-q3-smooth_shared_field-5006,3,frozen_baseline,11,345.7009119090909,0.0011283749481663108,11,1.0,3802.710031,True,
LOCAL-v1-q3-smooth_shared_field-5007,3,frozen_baseline,11,343.89199718181817,0.0010238749673590064,11,1.0,3782.811969,True,
LOCAL-v1-q3-smooth_shared_field-5008,3,frozen_baseline,10,334.042576,0.0010299170389771461,10,1.0,3340.42576,True,
LOCAL-v1-q3-smooth_shared_field-5009,3,frozen_baseline,14,282.65353250000004,0.0012765830615535378,14,1.0,3957.149455,True,
LOCAL-v1-q3-smooth_shared_field-5010,3,frozen_baseline,12,331.29278066666666,0.0010832090629264712,12,1.0,3975.513368,True,
LOCAL-v1-q3-smooth_shared_field-5011,3,frozen_baseline,15,301.4898404,0.0014174169627949595,15,1.0,4522.347606,True,
LOCAL-v1-q3-smooth_shared_field-5012,3,frozen_baseline,10,356.2148795,0.0009244580287486315,10,1.0,3562.148795,True,
LOCAL-v1-q3-smooth_shared_field-5013,3,frozen_baseline,12,292.1658274166667,0.001217333017848432,12,1.0,3505.989929,True,
LOCAL-v1-q3-smooth_shared_field-5014,3,frozen_baseline,11,338.24272454545456,0.0010994999902322888,11,1.0,3720.66997,True,
LOCAL-v1-q3-smooth_shared_field-5015,3,frozen_baseline,12,294.8166355,0.001194083015434444,12,1.0,3537.799626,True,
LOCAL-v1-q3-smooth_shared_field-5016,3,frozen_baseline,16,275.454802875,0.0014690420357510448,16,1.0,4407.276846,True,
LOCAL-v1-q3-smooth_shared_field-5017,3,frozen_baseline,15,274.2973206666667,0.0014019159134477377,15,1.0,4114.45981,True,
LOCAL-v1-q3-smooth_shared_field-5018,3,frozen_baseline,10,357.2820757,0.0009688750142231584,10,1.0,3572.820757,True,
LOCAL-v1-q3-smooth_shared_field-5019,3,frozen_baseline,11,353.61411363636364,0.0011719160247594118,11,1.0,3889.75525,True,
LOCAL-v1-q3-smooth_shared_field-5020,3,frozen_baseline,16,269.9891521875,0.0015131250256672502,16,1.0,4319.826435,True,
LOCAL-v1-q3-smooth_shared_field-5021,3,frozen_baseline,14,259.981179,0.0013777909334748983,14,1.0,3639.736506,True,
LOCAL-v1-q3-smooth_shared_field-5022,3,frozen_baseline,14,292.6924022857143,0.0012866250472143292,14,1.0,4097.693632,True,
LOCAL-v1-q3-smooth_shared_field-5023,3,frozen_baseline,15,267.772007,0.0014154160162433982,15,1.0,4016.580105,True,
LOCAL-v1-q3-smooth_shared_field-5024,3,frozen_baseline,13,337.3469812307692,0.0011617919662967324,13,1.0,4385.510756,True,
LOCAL-v1-q3-smooth_shared_field-5025,3,frozen_baseline,12,319.782467,0.0011357920011505485,12,1.0,3837.389604,True,
LOCAL-v1-q3-smooth_shared_field-5026,3,frozen_baseline,15,290.2554002,0.0013892919523641467,15,1.0,4353.831003,True,
LOCAL-v1-q3-smooth_shared_field-5027,3,frozen_baseline,11,296.8024076363636,0.0010420409962534904,11,1.0,3264.826484,True,
LOCAL-v1-q3-smooth_shared_field-5028,3,frozen_baseline,10,350.0232417,0.000869459006935358,10,1.0,3500.232417,True,
LOCAL-v1-q3-smooth_shared_field-5029,3,frozen_baseline,11,298.43219145454543,0.0009463749593123794,11,1.0,3282.754106,True,
LOCAL-v1-q3-smooth_shared_field-5030,3,frozen_baseline,12,307.44256808333336,0.001121707959100604,12,1.0,3689.310817,True,
LOCAL-v1-q3-smooth_shared_field-5031,3,frozen_baseline,15,243.94811153333333,0.0014392919838428497,15,1.0,3659.221673,True,
LOCAL-v1-q3-smooth_shared_field-5032,3,frozen_baseline,11,350.1863459090909,0.0010556669440120459,11,1.0,3852.049805,True,
LOCAL-v1-q3-smooth_shared_field-5033,3,frozen_baseline,14,306.9503512142857,0.0013928749831393361,14,1.0,4297.304917,True,
LOCAL-v1-q3-smooth_shared_field-5034,3,frozen_baseline,16,254.4102991875,0.0015403340803459287,16,1.0,4070.564787,True,
LOCAL-v1-q3-smooth_shared_field-5035,3,frozen_baseline,10,387.28090940000004,0.0010242500575259328,10,1.0,3872.809094,True,
LOCAL-v1-q3-smooth_shared_field-5036,3,frozen_baseline,15,233.0236758,0.0013250000774860382,15,1.0,3495.355137,True,
LOCAL-v1-q3-smooth_shared_field-5037,3,frozen_baseline,15,287.1695269333333,0.0014248749939724803,15,1.0,4307.542904,True,
LOCAL-v1-q3-smooth_shared_field-5038,3,frozen_baseline,16,251.27944525,0.0014479579403996468,16,1.0,4020.471124,True,
LOCAL-v1-q3-smooth_shared_field-5039,3,frozen_baseline,10,371.1652619,0.0010409579845145345,10,1.0,3711.652619,True,
LOCAL-v1-q3-smooth_shared_field-5040,3,frozen_baseline,15,275.6498479333333,0.001425083028152585,15,1.0,4134.747719,True,
LOCAL-v1-q3-smooth_shared_field-5041,3,frozen_baseline,15,307.7362589333333,0.00125345797277987,15,1.0,4616.043884,True,
LOCAL-v1-q3-smooth_shared_field-5042,3,frozen_baseline,11,318.56218145454545,0.0010365420021116734,11,1.0,3504.183996,True,
LOCAL-v1-q3-smooth_shared_field-5043,3,frozen_baseline,12,329.7412951666667,0.001186041976325214,12,1.0,3956.895542,True,
LOCAL-v1-q3-smooth_shared_field-5044,3,frozen_baseline,11,345.76279018181816,0.001118415966629982,11,1.0,3803.390692,True,
LOCAL-v1-q3-smooth_shared_field-5045,3,frozen_baseline,11,334.02623936363636,0.0011726249940693378,11,1.0,3674.288633,True,
LOCAL-v1-q3-smooth_shared_field-5046,3,frozen_baseline,10,370.71754599999997,0.0011801669606938958,10,1.0,3707.17546,True,
LOCAL-v1-q3-smooth_shared_field-5047,3,frozen_baseline,16,248.18435375,0.0015523340553045273,16,1.0,3970.94966,True,
LOCAL-v1-q3-smooth_shared_field-5048,3,frozen_baseline,12,297.746684,0.0011205000337213278,12,1.0,3572.960208,True,
LOCAL-v1-q3-smooth_shared_field-5049,3,frozen_baseline,10,336.6616107,0.0010071670403704047,10,1.0,3366.616107,True,
LOCAL-v1-q3-smooth_shared_field-5050,3,frozen_baseline,15,282.2087934666667,0.0013368749059736729,15,1.0,4233.131902,True,
LOCAL-v1-q3-smooth_shared_field-5051,3,frozen_baseline,11,297.1335450909091,0.0010470410343259573,11,1.0,3268.468996,True,
LOCAL-v1-q3-smooth_shared_field-5052,3,frozen_baseline,13,304.4458117692308,0.0011875000782310963,13,1.0,3957.795553,True,
LOCAL-v1-q3-smooth_shared_field-5053,3,frozen_baseline,16,260.0127774375,0.001485459040850401,16,1.0,4160.204439,True,
LOCAL-v1-q3-smooth_shared_field-5054,3,frozen_baseline,16,270.03283225,0.0014041248941794038,16,1.0,4320.525316,True,
LOCAL-v1-q3-smooth_shared_field-5055,3,frozen_baseline,12,323.64960966666666,0.0011689170496538281,12,1.0,3883.795316,True,
LOCAL-v1-q3-smooth_shared_field-5056,3,frozen_baseline,13,281.4935939230769,0.0011464999988675117,13,1.0,3659.416721,True,
LOCAL-v1-q3-smooth_shared_field-5057,3,frozen_baseline,13,302.93631700000003,0.0011547079775482416,13,1.0,3938.172121,True,
LOCAL-v1-q3-smooth_shared_field-5058,3,frozen_baseline,14,245.9540875,0.0012743329862132668,14,1.0,3443.357225,True,
LOCAL-v1-q3-smooth_shared_field-5059,3,frozen_baseline,12,334.42280525,0.0012725830310955644,12,1.0,4013.073663,True,
LOCAL-v1-q3-smooth_shared_field-5060,3,frozen_baseline,11,339.36047845454544,0.0011257909936830401,11,1.0,3732.965263,True,
LOCAL-v1-q3-smooth_shared_field-5061,3,frozen_baseline,13,263.6418813846154,0.001236459007486701,13,1.0,3427.344458,True,
LOCAL-v1-q3-smooth_shared_field-5062,3,frozen_baseline,16,269.8550554375,0.001444916008040309,16,1.0,4317.680887,True,
LOCAL-v1-q3-smooth_shared_field-5063,3,frozen_baseline,15,281.87992786666666,0.0014701250474900007,15,1.0,4228.198918,True,
LOCAL-v1-q3-smooth_shared_field-5064,3,frozen_baseline,13,313.41884323076926,0.0011865830747410655,13,1.0,4074.444962,True,
LOCAL-v1-q3-smooth_shared_field-5065,3,frozen_baseline,12,316.8194869166667,0.001174334087409079,12,1.0,3801.833843,True,
LOCAL-v1-q3-smooth_shared_field-5066,3,frozen_baseline,10,388.98694650000004,0.0010247079189866781,10,1.0,3889.869465,True,
LOCAL-v1-q3-smooth_shared_field-5067,3,frozen_baseline,16,259.825928,0.0015558330342173576,16,1.0,4157.214848,True,
LOCAL-v1-q3-smooth_shared_field-5068,3,frozen_baseline,13,282.3327137692308,0.0011718329042196274,13,1.0,3670.325279,True,
LOCAL-v1-q3-smooth_shared_field-5069,3,frozen_baseline,14,290.7970747857143,0.0014857909409329295,14,1.0,4071.159047,True,
LOCAL-v1-q3-smooth_shared_field-5070,3,frozen_baseline,12,329.17901524999996,0.001335499924607575,12,1.0,3950.148183,True,
LOCAL-v1-q3-smooth_shared_field-5071,3,frozen_baseline,12,308.34032241666665,0.0011784590315073729,12,1.0,3700.083869,True,
LOCAL-v1-q3-smooth_shared_field-5072,3,frozen_baseline,15,263.1792782,0.0013761670561507344,15,1.0,3947.689173,True,
LOCAL-v1-q3-smooth_shared_field-5073,3,frozen_baseline,10,354.8160803,0.001056542037986219,10,1.0,3548.160803,True,
LOCAL-v1-q3-smooth_shared_field-5074,3,frozen_baseline,16,249.184794625,0.0014472909970209002,16,1.0,3986.956714,True,
LOCAL-v1-q3-smooth_shared_field-5075,3,frozen_baseline,15,270.2031786,0.0014896249631419778,15,1.0,4053.047679,True,
LOCAL-v1-q3-smooth_shared_field-5076,3,frozen_baseline,12,309.33931925,0.0012366250157356262,12,1.0,3712.071831,True,
LOCAL-v1-q3-smooth_shared_field-5077,3,frozen_baseline,14,297.9235165714286,0.001384416944347322,14,1.0,4170.929232,True,
LOCAL-v1-q3-smooth_shared_field-5078,3,frozen_baseline,13,270.8225135384615,0.0012579170288518071,13,1.0,3520.692676,True,
LOCAL-v1-q3-smooth_shared_field-5079,3,frozen_baseline,10,371.2509055,0.0010679999832063913,10,1.0,3712.509055,True,
LOCAL-v1-q3-smooth_shared_field-5080,3,frozen_baseline,10,340.2417972,0.0009742499096319079,10,1.0,3402.417972,True,
LOCAL-v1-q3-smooth_shared_field-5081,3,frozen_baseline,16,255.6817505625,0.001471041003242135,16,1.0,4090.908009,True,
LOCAL-v1-q3-smooth_shared_field-5082,3,frozen_baseline,13,308.2578161538462,0.0011812499724328518,13,1.0,4007.35161,True,
LOCAL-v1-q3-smooth_shared_field-5083,3,frozen_baseline,13,309.2363563076923,0.0013853749260306358,13,1.0,4020.072632,True,
LOCAL-v1-q3-smooth_shared_field-5084,3,frozen_baseline,14,304.72414478571426,0.001437708968296647,14,1.0,4266.138027,True,
LOCAL-v1-q3-smooth_shared_field-5085,3,frozen_baseline,15,310.96646913333336,0.0014847080456092954,15,1.0,4664.497037,True,
LOCAL-v1-q3-smooth_shared_field-5086,3,frozen_baseline,12,306.027273,0.0011928750900551677,12,1.0,3672.327276,True,
LOCAL-v1-q3-smooth_shared_field-5087,3,frozen_baseline,13,301.0283222307692,0.0014268329832702875,13,1.0,3913.368189,True,
LOCAL-v1-q3-smooth_shared_field-5088,3,frozen_baseline,16,218.611081,0.001552834059111774,16,1.0,3497.777296,True,
LOCAL-v1-q3-smooth_shared_field-5089,3,frozen_baseline,15,286.5362447333334,0.0016571249580010772,15,1.0,4298.043671,True,
LOCAL-v1-q3-smooth_shared_field-5090,3,frozen_baseline,14,278.161269,0.0015867500333115458,14,1.0,3894.257766,True,
LOCAL-v1-q3-smooth_shared_field-5091,3,frozen_baseline,12,306.53245975,0.0011513750068843365,12,1.0,3678.389517,True,
LOCAL-v1-q3-smooth_shared_field-5092,3,frozen_baseline,11,328.2956816363636,0.0013302919687703252,11,1.0,3611.252498,True,
LOCAL-v1-q3-smooth_shared_field-5093,3,frozen_baseline,15,263.6159444,0.0013831669930368662,15,1.0,3954.239166,True,
LOCAL-v1-q3-smooth_shared_field-5094,3,frozen_baseline,11,335.61814636363636,0.0010788330109789968,11,1.0,3691.79961,True,
LOCAL-v1-q3-smooth_shared_field-5095,3,frozen_baseline,10,326.59105450000004,0.0011142910225316882,10,1.0,3265.910545,True,
LOCAL-v1-q3-smooth_shared_field-5096,3,frozen_baseline,14,310.73258864285714,0.0012787500163540244,14,1.0,4350.256241,True,
LOCAL-v1-q3-smooth_shared_field-5097,3,frozen_baseline,13,269.20869846153846,0.0011125419987365603,13,1.0,3499.71308,True,
LOCAL-v1-q3-smooth_shared_field-5098,3,frozen_baseline,16,255.915696875,0.0016448339447379112,16,1.0,4094.65115,True,
LOCAL-v1-q3-smooth_shared_field-5099,3,frozen_baseline,13,305.02362253846155,0.0012582080671563745,13,1.0,3965.307093,True,
LOCAL-v1-q3-cell50_shared_field-5000,3,frozen_baseline,11,298.36938436363636,0.0011753329308703542,11,1.0,3282.063228,True,
LOCAL-v1-q3-cell50_shared_field-5001,3,frozen_baseline,14,271.2325697142857,0.0015178329776972532,14,1.0,3797.255976,True,
LOCAL-v1-q3-cell50_shared_field-5002,3,frozen_baseline,15,253.28510713333333,0.0014852499589323997,15,1.0,3799.276607,True,
LOCAL-v1-q3-cell50_shared_field-5003,3,frozen_baseline,11,326.11738963636367,0.0011570421047508717,11,1.0,3587.291286,True,
LOCAL-v1-q3-cell50_shared_field-5004,3,frozen_baseline,12,330.09366358333335,0.0011613330570980906,12,1.0,3961.123963,True,
LOCAL-v1-q3-cell50_shared_field-5005,3,frozen_baseline,11,325.35488563636363,0.0011519590625539422,11,1.0,3578.903742,True,
LOCAL-v1-q3-cell50_shared_field-5006,3,frozen_baseline,11,338.8248244545455,0.0011353750014677644,11,1.0,3727.073069,True,
LOCAL-v1-q3-cell50_shared_field-5007,3,frozen_baseline,11,339.0080939090909,0.0010430410038679838,11,1.0,3729.089033,True,
LOCAL-v1-q3-cell50_shared_field-5008,3,frozen_baseline,10,348.39802249999997,0.001163374981842935,10,1.0,3483.980225,True,
LOCAL-v1-q3-cell50_shared_field-5009,3,frozen_baseline,14,287.4902102142857,0.0013090000720694661,14,1.0,4024.862943,True,
LOCAL-v1-q3-cell50_shared_field-5010,3,frozen_baseline,12,329.5571821666667,0.0012376250233501196,12,1.0,3954.686186,True,
LOCAL-v1-q3-cell50_shared_field-5011,3,frozen_baseline,15,283.04561946666666,0.0015382500132545829,15,1.0,4245.684292,True,
LOCAL-v1-q3-cell50_shared_field-5012,3,frozen_baseline,10,355.7560413,0.0010246250312775373,10,1.0,3557.560413,True,
LOCAL-v1-q3-cell50_shared_field-5013,3,frozen_baseline,12,296.26149525,0.0012139580212533474,12,1.0,3555.137943,True,
LOCAL-v1-q3-cell50_shared_field-5014,3,frozen_baseline,11,334.71441336363637,0.0011643340112641454,11,1.0,3681.858547,True,
LOCAL-v1-q3-cell50_shared_field-5015,3,frozen_baseline,12,344.85270741666665,0.0011815830366685987,12,1.0,4138.232489,True,
LOCAL-v1-q3-cell50_shared_field-5016,3,frozen_baseline,16,258.237636,0.0016058749752119184,16,1.0,4131.802176,True,
LOCAL-v1-q3-cell50_shared_field-5017,3,frozen_baseline,15,255.28504926666668,0.0013572080060839653,15,1.0,3829.275739,True,
LOCAL-v1-q3-cell50_shared_field-5018,3,frozen_baseline,10,357.26311150000004,0.000983125064522028,10,1.0,3572.631115,True,
LOCAL-v1-q3-cell50_shared_field-5019,3,frozen_baseline,11,345.4908312727273,0.001258083968423307,11,1.0,3800.399144,True,
LOCAL-v1-q3-cell50_shared_field-5020,3,frozen_baseline,16,265.7170591875,0.001489125075750053,16,1.0,4251.472947,True,
LOCAL-v1-q3-cell50_shared_field-5021,3,frozen_baseline,14,253.77988835714285,0.0012888750061392784,14,1.0,3552.918437,True,
LOCAL-v1-q3-cell50_shared_field-5022,3,frozen_baseline,14,282.7809624285714,0.0012950839009135962,14,1.0,3958.933474,True,
LOCAL-v1-q3-cell50_shared_field-5023,3,frozen_baseline,15,271.4711958,0.0013101249933242798,15,1.0,4072.067937,True,
LOCAL-v1-q3-cell50_shared_field-5024,3,frozen_baseline,13,347.47822761538464,0.0012324999552220106,13,1.0,4517.216959,True,
LOCAL-v1-q3-cell50_shared_field-5025,3,frozen_baseline,12,313.75078191666665,0.001158999977633357,12,1.0,3765.009383,True,
LOCAL-v1-q3-cell50_shared_field-5026,3,frozen_baseline,15,285.7652616666667,0.001408332958817482,15,1.0,4286.478925,True,
LOCAL-v1-q3-cell50_shared_field-5027,3,frozen_baseline,11,297.3170787272727,0.001082667033188045,11,1.0,3270.487866,True,
LOCAL-v1-q3-cell50_shared_field-5028,3,frozen_baseline,10,352.6073377,0.0009072499815374613,10,1.0,3526.073377,True,
LOCAL-v1-q3-cell50_shared_field-5029,3,frozen_baseline,11,324.10750818181816,0.001041417010128498,11,1.0,3565.18259,True,
LOCAL-v1-q3-cell50_shared_field-5030,3,frozen_baseline,12,318.92251516666664,0.0011397919151932001,12,1.0,3827.070182,True,
LOCAL-v1-q3-cell50_shared_field-5031,3,frozen_baseline,15,291.39767546666667,0.0014005829580128193,15,1.0,4370.965132,True,
LOCAL-v1-q3-cell50_shared_field-5032,3,frozen_baseline,11,350.84046245454545,0.00103554199449718,11,1.0,3859.245087,True,
LOCAL-v1-q3-cell50_shared_field-5033,3,frozen_baseline,14,285.4623106428572,0.0013911660062149167,14,1.0,3996.472349,True,
LOCAL-v1-q3-cell50_shared_field-5034,3,frozen_baseline,16,263.8931980625,0.001780542079359293,16,1.0,4222.291169,True,
LOCAL-v1-q3-cell50_shared_field-5035,3,frozen_baseline,10,382.2838421,0.0010162090184167027,10,1.0,3822.838421,True,
LOCAL-v1-q3-cell50_shared_field-5036,3,frozen_baseline,15,228.14955206666667,0.001386042102240026,15,1.0,3422.243281,True,
LOCAL-v1-q3-cell50_shared_field-5037,3,frozen_baseline,15,288.8945074,0.0014851249288767576,15,1.0,4333.417611,True,
LOCAL-v1-q3-cell50_shared_field-5038,3,frozen_baseline,16,251.67739175,0.0014450419694185257,16,1.0,4026.838268,True,
LOCAL-v1-q3-cell50_shared_field-5039,3,frozen_baseline,10,362.80484889999997,0.0010233339853584766,10,1.0,3628.048489,True,
LOCAL-v1-q3-cell50_shared_field-5040,3,frozen_baseline,15,280.48287246666666,0.0014333749422803521,15,1.0,4207.243087,True,
LOCAL-v1-q3-cell50_shared_field-5041,3,frozen_baseline,15,297.74390926666666,0.0012923330068588257,15,1.0,4466.158639,True,
LOCAL-v1-q3-cell50_shared_field-5042,3,frozen_baseline,11,317.96104,0.0010670420015230775,11,1.0,3497.57144,True,
LOCAL-v1-q3-cell50_shared_field-5043,3,frozen_baseline,12,329.0854483333333,0.0013116670306771994,12,1.0,3949.02538,True,
LOCAL-v1-q3-cell50_shared_field-5044,3,frozen_baseline,11,348.4366601818182,0.001192708034068346,11,1.0,3832.803262,True,
LOCAL-v1-q3-cell50_shared_field-5045,3,frozen_baseline,11,314.5567510909091,0.0010578340152278543,11,1.0,3460.124262,True,
LOCAL-v1-q3-cell50_shared_field-5046,3,frozen_baseline,10,367.87566860000004,0.0010876670712605119,10,1.0,3678.756686,True,
LOCAL-v1-q3-cell50_shared_field-5047,3,frozen_baseline,16,251.6686890625,0.0015475000254809856,16,1.0,4026.699025,True,
LOCAL-v1-q3-cell50_shared_field-5048,3,frozen_baseline,12,296.5783608333333,0.0011560419807210565,12,1.0,3558.94033,True,
LOCAL-v1-q3-cell50_shared_field-5049,3,frozen_baseline,10,326.11556989999997,0.0010399160673841834,10,1.0,3261.155699,True,
LOCAL-v1-q3-cell50_shared_field-5050,3,frozen_baseline,15,290.297465,0.0015193329891189933,15,1.0,4354.461975,True,
LOCAL-v1-q3-cell50_shared_field-5051,3,frozen_baseline,11,296.92102836363637,0.0010552500607445836,11,1.0,3266.131312,True,
LOCAL-v1-q3-cell50_shared_field-5052,3,frozen_baseline,13,310.51423553846155,0.0013368339277803898,13,1.0,4036.685062,True,
LOCAL-v1-q3-cell50_shared_field-5053,3,frozen_baseline,16,254.97305925,0.001386375050060451,16,1.0,4079.568948,True,
LOCAL-v1-q3-cell50_shared_field-5054,3,frozen_baseline,16,278.642961125,0.0015572920674458146,16,1.0,4458.287378,True,
LOCAL-v1-q3-cell50_shared_field-5055,3,frozen_baseline,12,324.28826641666666,0.0012303339317440987,12,1.0,3891.459197,True,
LOCAL-v1-q3-cell50_shared_field-5056,3,frozen_baseline,13,278.63861623076923,0.001170082949101925,13,1.0,3622.302011,True,
LOCAL-v1-q3-cell50_shared_field-5057,3,frozen_baseline,13,306.89177584615385,0.001227332977578044,13,1.0,3989.593086,True,
LOCAL-v1-q3-cell50_shared_field-5058,3,frozen_baseline,14,268.27268664285714,0.0012860409915447235,14,1.0,3755.817613,True,
LOCAL-v1-q3-cell50_shared_field-5059,3,frozen_baseline,12,295.52984183333336,0.0011717090383172035,12,1.0,3546.358102,True,
LOCAL-v1-q3-cell50_shared_field-5060,3,frozen_baseline,11,340.9226951818182,0.0010858330642804503,11,1.0,3750.149647,True,
LOCAL-v1-q3-cell50_shared_field-5061,3,frozen_baseline,13,253.53546546153848,0.00113062490709126,13,1.0,3295.961051,True,
LOCAL-v1-q3-cell50_shared_field-5062,3,frozen_baseline,16,266.909432375,0.0014125000452622771,16,1.0,4270.550918,True,
LOCAL-v1-q3-cell50_shared_field-5063,3,frozen_baseline,15,278.6333706666667,0.0013136669294908643,15,1.0,4179.50056,True,
LOCAL-v1-q3-cell50_shared_field-5064,3,frozen_baseline,13,312.0757066153846,0.0011591670336201787,13,1.0,4056.984186,True,
LOCAL-v1-q3-cell50_shared_field-5065,3,frozen_baseline,12,321.828557,0.0013228749157860875,12,1.0,3861.942684,True,
LOCAL-v1-q3-cell50_shared_field-5066,3,frozen_baseline,10,382.6929175,0.0009486670605838299,10,1.0,3826.929175,True,
LOCAL-v1-q3-cell50_shared_field-5067,3,frozen_baseline,16,267.345909125,0.0016517090843990445,16,1.0,4277.534546,True,
LOCAL-v1-q3-cell50_shared_field-5068,3,frozen_baseline,13,276.7203042307692,0.0012092080432921648,13,1.0,3597.363955,True,
LOCAL-v1-q3-cell50_shared_field-5069,3,frozen_baseline,14,307.4522548571428,0.0016296670073643327,14,1.0,4304.331568,True,
LOCAL-v1-q3-cell50_shared_field-5070,3,frozen_baseline,12,323.26758758333335,0.0012503329198807478,12,1.0,3879.211051,True,
LOCAL-v1-q3-cell50_shared_field-5071,3,frozen_baseline,12,314.22612625,0.0011925409780815244,12,1.0,3770.713515,True,
LOCAL-v1-q3-cell50_shared_field-5072,3,frozen_baseline,15,287.21085553333336,0.001341833034530282,15,1.0,4308.162833,True,
LOCAL-v1-q3-cell50_shared_field-5073,3,frozen_baseline,10,369.5619316,0.0010781249729916453,10,1.0,3695.619316,True,
LOCAL-v1-q3-cell50_shared_field-5074,3,frozen_baseline,16,248.7028955625,0.001524958061054349,16,1.0,3979.246329,True,
LOCAL-v1-q3-cell50_shared_field-5075,3,frozen_baseline,15,268.5647441333333,0.001482625026255846,15,1.0,4028.471162,True,
LOCAL-v1-q3-cell50_shared_field-5076,3,frozen_baseline,12,296.90032091666666,0.0013448749668896198,12,1.0,3562.803851,True,
LOCAL-v1-q3-cell50_shared_field-5077,3,frozen_baseline,14,318.8244065,0.001390333054587245,14,1.0,4463.541691,True,
LOCAL-v1-q3-cell50_shared_field-5078,3,frozen_baseline,13,270.6235216923077,0.001205208944156766,13,1.0,3518.105782,True,
LOCAL-v1-q3-cell50_shared_field-5079,3,frozen_baseline,10,329.2094143,0.0012112499680370092,10,1.0,3292.094143,True,
LOCAL-v1-q3-cell50_shared_field-5080,3,frozen_baseline,10,333.2837171,0.0009490830125287175,10,1.0,3332.837171,True,
LOCAL-v1-q3-cell50_shared_field-5081,3,frozen_baseline,16,256.205755875,0.0013419999741017818,16,1.0,4099.292094,True,
LOCAL-v1-q3-cell50_shared_field-5082,3,frozen_baseline,13,297.01932630769227,0.001213249983265996,13,1.0,3861.251242,True,
LOCAL-v1-q3-cell50_shared_field-5083,3,frozen_baseline,13,313.75437976923075,0.0013694999506697059,13,1.0,4078.806937,True,
LOCAL-v1-q3-cell50_shared_field-5084,3,frozen_baseline,14,319.39957357142856,0.0013560829684138298,14,1.0,4471.59403,True,
LOCAL-v1-q3-cell50_shared_field-5085,3,frozen_baseline,15,301.75275193333334,0.0014294999418780208,15,1.0,4526.291279,True,
LOCAL-v1-q3-cell50_shared_field-5086,3,frozen_baseline,12,296.28988,0.001120291999541223,12,1.0,3555.47856,True,
LOCAL-v1-q3-cell50_shared_field-5087,3,frozen_baseline,13,285.29685407692307,0.0012507500359788537,13,1.0,3708.859103,True,
LOCAL-v1-q3-cell50_shared_field-5088,3,frozen_baseline,16,220.6481136875,0.0015387909952551126,16,1.0,3530.369819,True,
LOCAL-v1-q3-cell50_shared_field-5089,3,frozen_baseline,15,310.7493512,0.0015316250501200557,15,1.0,4661.240268,True,
LOCAL-v1-q3-cell50_shared_field-5090,3,frozen_baseline,14,287.0276317857143,0.0016229170141741633,14,1.0,4018.386845,True,
LOCAL-v1-q3-cell50_shared_field-5091,3,frozen_baseline,12,299.53763166666664,0.0011709589743986726,12,1.0,3594.45158,True,
LOCAL-v1-q3-cell50_shared_field-5092,3,frozen_baseline,11,304.11210772727276,0.0010985839180648327,11,1.0,3345.233185,True,
LOCAL-v1-q3-cell50_shared_field-5093,3,frozen_baseline,15,265.4635116,0.0014443749096244574,15,1.0,3981.952674,True,
LOCAL-v1-q3-cell50_shared_field-5094,3,frozen_baseline,11,343.321434,0.0011578749399632215,11,1.0,3776.535774,True,
LOCAL-v1-q3-cell50_shared_field-5095,3,frozen_baseline,10,324.5903157,0.0011917080264538527,10,1.0,3245.903157,True,
LOCAL-v1-q3-cell50_shared_field-5096,3,frozen_baseline,14,317.743328,0.0012785420985892415,14,1.0,4448.406592,True,
LOCAL-v1-q3-cell50_shared_field-5097,3,frozen_baseline,13,269.4126916923077,0.0011436659842729568,13,1.0,3502.364992,True,
LOCAL-v1-q3-cell50_shared_field-5098,3,frozen_baseline,16,249.8779655,0.0014545000158250332,16,1.0,3998.047448,True,
LOCAL-v1-q3-cell50_shared_field-5099,3,frozen_baseline,13,304.2191285384616,0.0011797499610111117,13,1.0,3954.848671,True,
LOCAL-v1-q3-cell500_shared_field-5000,3,frozen_baseline,11,316.61626609090905,0.0011157910339534283,11,1.0,3482.778927,True,
LOCAL-v1-q3-cell500_shared_field-5001,3,frozen_baseline,14,269.7933572857143,0.0014156249817460775,14,1.0,3777.107002,True,
LOCAL-v1-q3-cell500_shared_field-5002,3,frozen_baseline,15,273.5053620666667,0.0013988330028951168,15,1.0,4102.580431,True,
LOCAL-v1-q3-cell500_shared_field-5003,3,frozen_baseline,11,322.4569901818182,0.0010987919522449374,11,1.0,3547.026892,True,
LOCAL-v1-q3-cell500_shared_field-5004,3,frozen_baseline,12,328.77921258333333,0.0011606670450419188,12,1.0,3945.350551,True,
LOCAL-v1-q3-cell500_shared_field-5005,3,frozen_baseline,11,330.51634345454545,0.0011138749541714787,11,1.0,3635.679778,True,
LOCAL-v1-q3-cell500_shared_field-5006,3,frozen_baseline,11,343.02458854545455,0.0010668749455362558,11,1.0,3773.270474,True,
LOCAL-v1-q3-cell500_shared_field-5007,3,frozen_baseline,11,341.7434209090909,0.0010247910395264626,11,1.0,3759.17763,True,
LOCAL-v1-q3-cell500_shared_field-5008,3,frozen_baseline,10,344.1213621,0.001063374918885529,10,1.0,3441.213621,True,
LOCAL-v1-q3-cell500_shared_field-5009,3,frozen_baseline,14,282.98245657142854,0.0013332500820979476,14,1.0,3961.754392,True,
LOCAL-v1-q3-cell500_shared_field-5010,3,frozen_baseline,12,322.3275546666667,0.0011226660571992397,12,1.0,3867.930656,True,
LOCAL-v1-q3-cell500_shared_field-5011,3,frozen_baseline,15,305.6592702666667,0.0013916250318288803,15,1.0,4584.889054,True,
LOCAL-v1-q3-cell500_shared_field-5012,3,frozen_baseline,10,353.8056523,0.0009083750192075968,10,1.0,3538.056523,True,
LOCAL-v1-q3-cell500_shared_field-5013,3,frozen_baseline,12,299.1783145,0.001263833953998983,12,1.0,3590.139774,True,
LOCAL-v1-q3-cell500_shared_field-5014,3,frozen_baseline,11,337.68271263636365,0.0011392909800633788,11,1.0,3714.509839,True,
LOCAL-v1-q3-cell500_shared_field-5015,3,frozen_baseline,12,301.10399575,0.001204166910611093,12,1.0,3613.247949,True,
LOCAL-v1-q3-cell500_shared_field-5016,3,frozen_baseline,16,256.903664875,0.0015514999395236373,16,1.0,4110.458638,True,
LOCAL-v1-q3-cell500_shared_field-5017,3,frozen_baseline,15,259.39803259999996,0.0013463340001180768,15,1.0,3890.970489,True,
LOCAL-v1-q3-cell500_shared_field-5018,3,frozen_baseline,10,357.0899127,0.0009919999865815043,10,1.0,3570.899127,True,
LOCAL-v1-q3-cell500_shared_field-5019,3,frozen_baseline,11,345.1001866363636,0.0010972090531140566,11,1.0,3796.102053,True,
LOCAL-v1-q3-cell500_shared_field-5020,3,frozen_baseline,16,269.036267125,0.0015385840088129044,16,1.0,4304.580274,True,
LOCAL-v1-q3-cell500_shared_field-5021,3,frozen_baseline,14,256.53237014285713,0.0012998749734833837,14,1.0,3591.453182,True,
LOCAL-v1-q3-cell500_shared_field-5022,3,frozen_baseline,14,271.96821892857145,0.0012609169352799654,14,1.0,3807.555065,True,
LOCAL-v1-q3-cell500_shared_field-5023,3,frozen_baseline,15,269.5890880666667,0.001358125009573996,15,1.0,4043.836321,True,
LOCAL-v1-q3-cell500_shared_field-5024,3,frozen_baseline,13,345.7390000769231,0.001223083003424108,13,1.0,4494.607001,True,
LOCAL-v1-q3-cell500_shared_field-5025,3,frozen_baseline,12,316.21661766666665,0.0011918750824406743,12,1.0,3794.599412,True,
LOCAL-v1-q3-cell500_shared_field-5026,3,frozen_baseline,15,289.8392752666667,0.001397875021211803,15,1.0,4347.589129,True,
LOCAL-v1-q3-cell500_shared_field-5027,3,frozen_baseline,11,294.4752469090909,0.0010584580013528466,11,1.0,3239.227716,True,
LOCAL-v1-q3-cell500_shared_field-5028,3,frozen_baseline,10,349.13764000000003,0.0008517500245943666,10,1.0,3491.3764,True,
LOCAL-v1-q3-cell500_shared_field-5029,3,frozen_baseline,11,296.9575082727273,0.0009326250292360783,11,1.0,3266.532591,True,
LOCAL-v1-q3-cell500_shared_field-5030,3,frozen_baseline,12,312.09811125,0.0011250419775024056,12,1.0,3745.177335,True,
LOCAL-v1-q3-cell500_shared_field-5031,3,frozen_baseline,15,276.9061418666667,0.001333917025476694,15,1.0,4153.592128,True,
LOCAL-v1-q3-cell500_shared_field-5032,3,frozen_baseline,11,349.2139949090909,0.0010864170035347342,11,1.0,3841.353944,True,
LOCAL-v1-q3-cell500_shared_field-5033,3,frozen_baseline,14,284.58027185714286,0.001375459018163383,14,1.0,3984.123806,True,
LOCAL-v1-q3-cell500_shared_field-5034,3,frozen_baseline,16,250.2126965,0.0017220420995727181,16,1.0,4003.403144,True,
LOCAL-v1-q3-cell500_shared_field-5035,3,frozen_baseline,10,397.3530511,0.0010712920920923352,10,1.0,3973.530511,True,
LOCAL-v1-q3-cell500_shared_field-5036,3,frozen_baseline,15,227.99638586666666,0.0013616250362247229,15,1.0,3419.945788,True,
LOCAL-v1-q3-cell500_shared_field-5037,3,frozen_baseline,15,280.61482713333334,0.0014919170644134283,15,1.0,4209.222407,True,
LOCAL-v1-q3-cell500_shared_field-5038,3,frozen_baseline,16,281.486513125,0.0016029999824240804,16,1.0,4503.78421,True,
LOCAL-v1-q3-cell500_shared_field-5039,3,frozen_baseline,10,363.5188579,0.0009950000094249845,10,1.0,3635.188579,True,
LOCAL-v1-q3-cell500_shared_field-5040,3,frozen_baseline,15,271.5556009333333,0.001328249927610159,15,1.0,4073.334014,True,
LOCAL-v1-q3-cell500_shared_field-5041,3,frozen_baseline,15,296.6652890666667,0.0012600000482052565,15,1.0,4449.979336,True,
LOCAL-v1-q3-cell500_shared_field-5042,3,frozen_baseline,11,315.3238837272727,0.0009940839372575283,11,1.0,3468.562721,True,
LOCAL-v1-q3-cell500_shared_field-5043,3,frozen_baseline,12,328.80436791666665,0.0012629160191863775,12,1.0,3945.652415,True,
LOCAL-v1-q3-cell500_shared_field-5044,3,frozen_baseline,11,356.1091037272727,0.0011997499968856573,11,1.0,3917.200141,True,
LOCAL-v1-q3-cell500_shared_field-5045,3,frozen_baseline,11,312.2698442727273,0.0010417499579489231,11,1.0,3434.968287,True,
LOCAL-v1-q3-cell500_shared_field-5046,3,frozen_baseline,10,369.5887555,0.0011594579555094242,10,1.0,3695.887555,True,
LOCAL-v1-q3-cell500_shared_field-5047,3,frozen_baseline,16,251.4735885625,0.0014938749372959137,16,1.0,4023.577417,True,
LOCAL-v1-q3-cell500_shared_field-5048,3,frozen_baseline,12,298.9069366666667,0.0011799170169979334,12,1.0,3586.88324,True,
LOCAL-v1-q3-cell500_shared_field-5049,3,frozen_baseline,10,315.08839090000004,0.000953375012613833,10,1.0,3150.883909,True,
LOCAL-v1-q3-cell500_shared_field-5050,3,frozen_baseline,15,290.30435113333334,0.0014740829356014729,15,1.0,4354.565267,True,
LOCAL-v1-q3-cell500_shared_field-5051,3,frozen_baseline,11,298.12313927272726,0.0010275000240653753,11,1.0,3279.354532,True,
LOCAL-v1-q3-cell500_shared_field-5052,3,frozen_baseline,13,304.8139676923077,0.0011675419518724084,13,1.0,3962.58158,True,
LOCAL-v1-q3-cell500_shared_field-5053,3,frozen_baseline,16,255.0888904375,0.0014535830123350024,16,1.0,4081.422247,True,
LOCAL-v1-q3-cell500_shared_field-5054,3,frozen_baseline,16,271.3230320625,0.0013780839508399367,16,1.0,4341.168513,True,
LOCAL-v1-q3-cell500_shared_field-5055,3,frozen_baseline,12,324.05347075000003,0.001260792021639645,12,1.0,3888.641649,True,
LOCAL-v1-q3-cell500_shared_field-5056,3,frozen_baseline,13,282.8794404615385,0.0011789159616455436,13,1.0,3677.432726,True,
LOCAL-v1-q3-cell500_shared_field-5057,3,frozen_baseline,13,307.98711492307694,0.0012159999459981918,13,1.0,4003.832494,True,
LOCAL-v1-q3-cell500_shared_field-5058,3,frozen_baseline,14,264.97465764285715,0.0012320419773459435,14,1.0,3709.645207,True,
LOCAL-v1-q3-cell500_shared_field-5059,3,frozen_baseline,12,325.09958716666665,0.0012283331016078591,12,1.0,3901.195046,True,
LOCAL-v1-q3-cell500_shared_field-5060,3,frozen_baseline,11,336.042823,0.001127874944359064,11,1.0,3696.471053,True,
LOCAL-v1-q3-cell500_shared_field-5061,3,frozen_baseline,13,252.0712646923077,0.0010700420243665576,13,1.0,3276.926441,True,
LOCAL-v1-q3-cell500_shared_field-5062,3,frozen_baseline,16,267.2827444375,0.0014786249957978725,16,1.0,4276.523911,True,
LOCAL-v1-q3-cell500_shared_field-5063,3,frozen_baseline,15,279.0072065333333,0.0013255839003250003,15,1.0,4185.108098,True,
LOCAL-v1-q3-cell500_shared_field-5064,3,frozen_baseline,13,290.56843915384616,0.0011720829643309116,13,1.0,3777.389709,True,
LOCAL-v1-q3-cell500_shared_field-5065,3,frozen_baseline,12,322.31151958333334,0.0012910000514239073,12,1.0,3867.738235,True,
LOCAL-v1-q3-cell500_shared_field-5066,3,frozen_baseline,10,380.9023827,0.0009472079109400511,10,1.0,3809.023827,True,
LOCAL-v1-q3-cell500_shared_field-5067,3,frozen_baseline,16,256.92311625,0.0014545000158250332,16,1.0,4110.76986,True,
LOCAL-v1-q3-cell500_shared_field-5068,3,frozen_baseline,13,276.9824813076923,0.0012418330879881978,13,1.0,3600.772257,True,
LOCAL-v1-q3-cell500_shared_field-5069,3,frozen_baseline,14,297.34344578571427,0.0015047909691929817,14,1.0,4162.808241,True,
LOCAL-v1-q3-cell500_shared_field-5070,3,frozen_baseline,12,325.7261144166667,0.0013245830778032541,12,1.0,3908.713373,True,
LOCAL-v1-q3-cell500_shared_field-5071,3,frozen_baseline,12,314.29764258333336,0.0012467080960050225,12,1.0,3771.571711,True,
LOCAL-v1-q3-cell500_shared_field-5072,3,frozen_baseline,15,265.173994,0.0015961669851094484,15,1.0,3977.60991,True,
LOCAL-v1-q3-cell500_shared_field-5073,3,frozen_baseline,10,369.4211159,0.0010510000865906477,10,1.0,3694.211159,True,
LOCAL-v1-q3-cell500_shared_field-5074,3,frozen_baseline,16,245.7793864375,0.0015541668981313705,16,1.0,3932.470183,True,
LOCAL-v1-q3-cell500_shared_field-5075,3,frozen_baseline,15,268.9762372,0.00136674998793751,15,1.0,4034.643558,True,
LOCAL-v1-q3-cell500_shared_field-5076,3,frozen_baseline,12,292.5663621666667,0.0013432499254122376,12,1.0,3510.796346,True,
LOCAL-v1-q3-cell500_shared_field-5077,3,frozen_baseline,14,314.9400787857143,0.0013875419972464442,14,1.0,4409.161103,True,
LOCAL-v1-q3-cell500_shared_field-5078,3,frozen_baseline,13,269.991195,0.00128454202786088,13,1.0,3509.885535,True,
LOCAL-v1-q3-cell500_shared_field-5079,3,frozen_baseline,10,323.3558664,0.001115166931413114,10,1.0,3233.558664,True,
LOCAL-v1-q3-cell500_shared_field-5080,3,frozen_baseline,10,341.0494338,0.0010601250687614083,10,1.0,3410.494338,True,
LOCAL-v1-q3-cell500_shared_field-5081,3,frozen_baseline,16,257.17001525,0.0014540840638801455,16,1.0,4114.720244,True,
LOCAL-v1-q3-cell500_shared_field-5082,3,frozen_baseline,13,305.03179061538464,0.001211749971844256,13,1.0,3965.413278,True,
LOCAL-v1-q3-cell500_shared_field-5083,3,frozen_baseline,13,321.98168923076923,0.0013121250085532665,13,1.0,4185.76196,True,
LOCAL-v1-q3-cell500_shared_field-5084,3,frozen_baseline,14,304.71826400000003,0.0013170840684324503,14,1.0,4266.055696,True,
LOCAL-v1-q3-cell500_shared_field-5085,3,frozen_baseline,15,292.1528522,0.001372791943140328,15,1.0,4382.292783,True,
LOCAL-v1-q3-cell500_shared_field-5086,3,frozen_baseline,12,297.0460384166667,0.0011671249521896243,12,1.0,3564.552461,True,
LOCAL-v1-q3-cell500_shared_field-5087,3,frozen_baseline,13,293.3980166153846,0.001359958085231483,13,1.0,3814.174216,True,
LOCAL-v1-q3-cell500_shared_field-5088,3,frozen_baseline,16,219.51712575,0.0015171250561252236,16,1.0,3512.274012,True,
LOCAL-v1-q3-cell500_shared_field-5089,3,frozen_baseline,15,308.7056915333333,0.001505000051110983,15,1.0,4630.585373,True,
LOCAL-v1-q3-cell500_shared_field-5090,3,frozen_baseline,14,281.59878535714284,0.0015978339361026883,14,1.0,3942.382995,True,
LOCAL-v1-q3-cell500_shared_field-5091,3,frozen_baseline,12,307.47911633333337,0.0011609590146690607,12,1.0,3689.749396,True,
LOCAL-v1-q3-cell500_shared_field-5092,3,frozen_baseline,11,309.0719012727273,0.0011069579049944878,11,1.0,3399.790914,True,
LOCAL-v1-q3-cell500_shared_field-5093,3,frozen_baseline,15,263.4618442,0.0013293330557644367,15,1.0,3951.927663,True,
LOCAL-v1-q3-cell500_shared_field-5094,3,frozen_baseline,11,341.103515,0.0010882089845836163,11,1.0,3752.138665,True,
LOCAL-v1-q3-cell500_shared_field-5095,3,frozen_baseline,10,319.1802479,0.001151749980635941,10,1.0,3191.802479,True,
LOCAL-v1-q3-cell500_shared_field-5096,3,frozen_baseline,14,316.3444709285714,0.0013657079543918371,14,1.0,4428.822593,True,
LOCAL-v1-q3-cell500_shared_field-5097,3,frozen_baseline,13,265.32474915384614,0.001067750039510429,13,1.0,3449.221739,True,
LOCAL-v1-q3-cell500_shared_field-5098,3,frozen_baseline,16,250.176693,0.0015513329999521375,16,1.0,4002.827088,True,
LOCAL-v1-q3-cell500_shared_field-5099,3,frozen_baseline,13,306.7007273846154,0.0012680840445682406,13,1.0,3987.109456,True,
LOCAL-v1-q3-edge_mixed_min_radius-5000,3,frozen_baseline,11,339.99104518181815,0.0009464999893680215,11,1.0,3739.901497,True,
LOCAL-v1-q3-edge_mixed_min_radius-5001,3,frozen_baseline,14,295.44019614285713,0.0012472079833969474,14,1.0,4136.162746,True,
LOCAL-v1-q3-edge_mixed_min_radius-5002,3,frozen_baseline,15,301.0251404,0.001315833069384098,15,1.0,4515.377106,True,
LOCAL-v1-q3-edge_mixed_min_radius-5003,3,frozen_baseline,11,346.23542236363636,0.0009990419493988156,11,1.0,3808.589646,True,
LOCAL-v1-q3-edge_mixed_min_radius-5004,3,frozen_baseline,12,316.0949738333333,0.0010069579584524035,12,1.0,3793.139686,True,
LOCAL-v1-q3-edge_mixed_min_radius-5005,3,frozen_baseline,11,390.56766227272726,0.0009876249823719263,11,1.0,4296.244285,True,
LOCAL-v1-q3-edge_mixed_min_radius-5006,3,frozen_baseline,11,321.72702681818186,0.0008980840211734176,11,1.0,3538.997295,True,
LOCAL-v1-q3-edge_mixed_min_radius-5007,3,frozen_baseline,11,317.78303327272727,0.000983875012025237,11,1.0,3495.613366,True,
LOCAL-v1-q3-edge_mixed_min_radius-5008,3,frozen_baseline,10,444.8031927,0.0009769999887794256,10,1.0,4448.031927,True,
LOCAL-v1-q3-edge_mixed_min_radius-5009,3,frozen_baseline,14,266.0104939285714,0.001187457935884595,14,1.0,3724.146915,True,
LOCAL-v1-q3-edge_mixed_min_radius-5010,3,frozen_baseline,12,352.9040875,0.0009862079750746489,12,1.0,4234.84905,True,
LOCAL-v1-q3-edge_mixed_min_radius-5011,3,frozen_baseline,15,328.63879579999997,0.0013029170222580433,15,1.0,4929.581937,True,
LOCAL-v1-q3-edge_mixed_min_radius-5012,3,frozen_baseline,10,337.425682,0.0009695000480860472,10,1.0,3374.25682,True,
LOCAL-v1-q3-edge_mixed_min_radius-5013,3,frozen_baseline,12,341.77809391666665,0.001083750044927001,12,1.0,4101.337127,True,
LOCAL-v1-q3-edge_mixed_min_radius-5014,3,frozen_baseline,11,392.399948,0.0010852920822799206,11,1.0,4316.399428,True,
LOCAL-v1-q3-edge_mixed_min_radius-5015,3,frozen_baseline,12,312.7297275,0.0009793330682441592,12,1.0,3752.75673,True,
LOCAL-v1-q3-edge_mixed_min_radius-5016,3,frozen_baseline,16,242.4451745625,0.0013212920166552067,16,1.0,3879.122793,True,
LOCAL-v1-q3-edge_mixed_min_radius-5017,3,frozen_baseline,15,299.6787578,0.00130025006365031,15,1.0,4495.181367,True,
LOCAL-v1-q3-edge_mixed_min_radius-5018,3,frozen_baseline,10,374.3014657,0.0009637919720262289,10,1.0,3743.014657,True,
LOCAL-v1-q3-edge_mixed_min_radius-5019,3,frozen_baseline,11,313.88239672727275,0.0008664170745760202,11,1.0,3452.706364,True,
LOCAL-v1-q3-edge_mixed_min_radius-5020,3,frozen_baseline,16,255.9806079375,0.0012428329791873693,16,1.0,4095.689727,True,
LOCAL-v1-q3-edge_mixed_min_radius-5021,3,frozen_baseline,14,291.3500066428572,0.001248417072929442,14,1.0,4078.900093,True,
LOCAL-v1-q3-edge_mixed_min_radius-5022,3,frozen_baseline,14,267.17348400000003,0.0011454590130597353,14,1.0,3740.428776,True,
LOCAL-v1-q3-edge_mixed_min_radius-5023,3,frozen_baseline,15,304.35871126666666,0.0014355420134961605,15,1.0,4565.380669,True,
LOCAL-v1-q3-edge_mixed_min_radius-5024,3,frozen_baseline,13,303.8509579230769,0.0011691669933497906,13,1.0,3950.062453,True,
LOCAL-v1-q3-edge_mixed_min_radius-5025,3,frozen_baseline,12,346.64113875,0.0010954579338431358,12,1.0,4159.693665,True,
LOCAL-v1-q3-edge_mixed_min_radius-5026,3,frozen_baseline,15,268.3920202,0.0011870419839397073,15,1.0,4025.880303,True,
LOCAL-v1-q3-edge_mixed_min_radius-5027,3,frozen_baseline,11,378.8762802727273,0.0009685000404715538,11,1.0,4167.639083,True,
LOCAL-v1-q3-edge_mixed_min_radius-5028,3,frozen_baseline,10,359.888802,0.0008939590770751238,10,1.0,3598.88802,True,
LOCAL-v1-q3-edge_mixed_min_radius-5029,3,frozen_baseline,11,338.29444954545454,0.0009900419972836971,11,1.0,3721.238945,True,
LOCAL-v1-q3-edge_mixed_min_radius-5030,3,frozen_baseline,12,306.2120604166667,0.000971833011135459,12,1.0,3674.544725,True,
LOCAL-v1-q3-edge_mixed_min_radius-5031,3,frozen_baseline,15,303.0651003333333,0.001277665956877172,15,1.0,4545.976505,True,
LOCAL-v1-q3-edge_mixed_min_radius-5032,3,frozen_baseline,11,318.47432736363635,0.0009230000432580709,11,1.0,3503.217601,True,
LOCAL-v1-q3-edge_mixed_min_radius-5033,3,frozen_baseline,14,307.3807038571428,0.0011819589417427778,14,1.0,4303.329854,True,
LOCAL-v1-q3-edge_mixed_min_radius-5034,3,frozen_baseline,16,275.463067625,0.001332916901446879,16,1.0,4407.409082,True,
LOCAL-v1-q3-edge_mixed_min_radius-5035,3,frozen_baseline,10,348.71499819999997,0.0008995829848572612,10,1.0,3487.149982,True,
LOCAL-v1-q3-edge_mixed_min_radius-5036,3,frozen_baseline,15,302.74371866666667,0.0012487920466810465,15,1.0,4541.15578,True,
LOCAL-v1-q3-edge_mixed_min_radius-5037,3,frozen_baseline,15,281.1176072,0.0012791670160368085,15,1.0,4216.764108,True,
LOCAL-v1-q3-edge_mixed_min_radius-5038,3,frozen_baseline,16,300.149111875,0.0014038330409675837,16,1.0,4802.38579,True,
LOCAL-v1-q3-edge_mixed_min_radius-5039,3,frozen_baseline,10,425.1214952,0.0009535000426694751,10,1.0,4251.214952,True,
LOCAL-v1-q3-edge_mixed_min_radius-5040,3,frozen_baseline,15,261.05152913333336,0.0013100840151309967,15,1.0,3915.772937,True,
LOCAL-v1-q3-edge_mixed_min_radius-5041,3,frozen_baseline,15,260.58166926666667,0.001232834067195654,15,1.0,3908.725039,True,
LOCAL-v1-q3-edge_mixed_min_radius-5042,3,frozen_baseline,11,341.1807236363636,0.0011371669825166464,11,1.0,3752.98796,True,
LOCAL-v1-q3-edge_mixed_min_radius-5043,3,frozen_baseline,12,327.48567833333334,0.0010262499563395977,12,1.0,3929.82814,True,
LOCAL-v1-q3-edge_mixed_min_radius-5044,3,frozen_baseline,11,366.0811809090909,0.0009798750979825854,11,1.0,4026.89299,True,
LOCAL-v1-q3-edge_mixed_min_radius-5045,3,frozen_baseline,11,357.3082601818182,0.0010124159744009376,11,1.0,3930.390862,True,
LOCAL-v1-q3-edge_mixed_min_radius-5046,3,frozen_baseline,10,335.3074548,0.0009295409545302391,10,1.0,3353.074548,True,
LOCAL-v1-q3-edge_mixed_min_radius-5047,3,frozen_baseline,16,335.2628636875,0.0013421670300886035,16,1.0,5364.205819,True,
LOCAL-v1-q3-edge_mixed_min_radius-5048,3,frozen_baseline,12,308.43381841666667,0.0010549590224400163,12,1.0,3701.205821,True,
LOCAL-v1-q3-edge_mixed_min_radius-5049,3,frozen_baseline,10,364.3165892,0.0009370000334456563,10,1.0,3643.165892,True,
LOCAL-v1-q3-edge_mixed_min_radius-5050,3,frozen_baseline,15,269.30552819999997,0.0012825829908251762,15,1.0,4039.582923,True,
LOCAL-v1-q3-edge_mixed_min_radius-5051,3,frozen_baseline,11,406.64855600000004,0.0010181250981986523,11,1.0,4473.134116,True,
LOCAL-v1-q3-edge_mixed_min_radius-5052,3,frozen_baseline,13,285.74130938461536,0.001144499983638525,13,1.0,3714.637022,True,
LOCAL-v1-q3-edge_mixed_min_radius-5053,3,frozen_baseline,16,269.9598995625,0.001334875007160008,16,1.0,4319.358393,True,
LOCAL-v1-q3-edge_mixed_min_radius-5054,3,frozen_baseline,16,251.0221104375,0.0012567080557346344,16,1.0,4016.353767,True,
LOCAL-v1-q3-edge_mixed_min_radius-5055,3,frozen_baseline,12,284.3749235833333,0.0010977920610457659,12,1.0,3412.499083,True,
LOCAL-v1-q3-edge_mixed_min_radius-5056,3,frozen_baseline,13,285.69666361538464,0.0011302499333396554,13,1.0,3714.056627,True,
LOCAL-v1-q3-edge_mixed_min_radius-5057,3,frozen_baseline,13,343.73417569230764,0.0011752500431612134,13,1.0,4468.544284,True,
LOCAL-v1-q3-edge_mixed_min_radius-5058,3,frozen_baseline,14,294.2286537857143,0.0011586250038817525,14,1.0,4119.201153,True,
LOCAL-v1-q3-edge_mixed_min_radius-5059,3,frozen_baseline,12,387.45026608333336,0.0010849579703062773,12,1.0,4649.403193,True,
LOCAL-v1-q3-edge_mixed_min_radius-5060,3,frozen_baseline,11,325.5998394545455,0.0009838329860940576,11,1.0,3581.598234,True,
LOCAL-v1-q3-edge_mixed_min_radius-5061,3,frozen_baseline,13,301.0372066153846,0.001056583016179502,13,1.0,3913.483686,True,
LOCAL-v1-q3-edge_mixed_min_radius-5062,3,frozen_baseline,16,270.5007946875,0.0012894580140709877,16,1.0,4328.012715,True,
LOCAL-v1-q3-edge_mixed_min_radius-5063,3,frozen_baseline,15,324.03253980000005,0.0012652080040425062,15,1.0,4860.488097,True,
LOCAL-v1-q3-edge_mixed_min_radius-5064,3,frozen_baseline,13,350.76063307692306,0.001126458984799683,13,1.0,4559.88823,True,
LOCAL-v1-q3-edge_mixed_min_radius-5065,3,frozen_baseline,12,306.06603675,0.0010111660230904818,12,1.0,3672.792441,True,
LOCAL-v1-q3-edge_mixed_min_radius-5066,3,frozen_baseline,10,411.25853820000003,0.0009817909449338913,10,1.0,4112.585382,True,
LOCAL-v1-q3-edge_mixed_min_radius-5067,3,frozen_baseline,16,303.4158401875,0.0012902909656986594,16,1.0,4854.653443,True,
LOCAL-v1-q3-edge_mixed_min_radius-5068,3,frozen_baseline,13,307.38538261538463,0.001034499960951507,13,1.0,3996.009974,True,
LOCAL-v1-q3-edge_mixed_min_radius-5069,3,frozen_baseline,14,287.50264899999996,0.001186833018437028,14,1.0,4025.037086,True,
LOCAL-v1-q3-edge_mixed_min_radius-5070,3,frozen_baseline,12,332.06480875,0.0011045840801671147,12,1.0,3984.777705,True,
LOCAL-v1-q3-edge_mixed_min_radius-5071,3,frozen_baseline,12,341.2283713333333,0.001057000015862286,12,1.0,4094.740456,True,
LOCAL-v1-q3-edge_mixed_min_radius-5072,3,frozen_baseline,15,267.5926475333333,0.001294707995839417,15,1.0,4013.889713,True,
LOCAL-v1-q3-edge_mixed_min_radius-5073,3,frozen_baseline,10,334.73082519999997,0.000859249965287745,10,1.0,3347.308252,True,
LOCAL-v1-q3-edge_mixed_min_radius-5074,3,frozen_baseline,16,321.7621328125,0.0012745000422000885,16,1.0,5148.194125,True,
LOCAL-v1-q3-edge_mixed_min_radius-5075,3,frozen_baseline,15,259.26603886666663,0.0011253339471295476,15,1.0,3888.990583,True,
LOCAL-v1-q3-edge_mixed_min_radius-5076,3,frozen_baseline,12,324.0303134166667,0.0010802079923450947,12,1.0,3888.363761,True,
LOCAL-v1-q3-edge_mixed_min_radius-5077,3,frozen_baseline,14,293.17445349999997,0.0011719160247594118,14,1.0,4104.442349,True,
LOCAL-v1-q3-edge_mixed_min_radius-5078,3,frozen_baseline,13,292.5034756923077,0.0011639170115813613,13,1.0,3802.545184,True,
LOCAL-v1-q3-edge_mixed_min_radius-5079,3,frozen_baseline,10,383.7292167,0.0009529580129310489,10,1.0,3837.292167,True,
LOCAL-v1-q3-edge_mixed_min_radius-5080,3,frozen_baseline,10,355.9229257,0.0008818750502541661,10,1.0,3559.229257,True,
LOCAL-v1-q3-edge_mixed_min_radius-5081,3,frozen_baseline,16,288.7109273125,0.001364625059068203,16,1.0,4619.374837,True,
LOCAL-v1-q3-edge_mixed_min_radius-5082,3,frozen_baseline,13,315.454031,0.0010800000745803118,13,1.0,4100.902403,True,
LOCAL-v1-q3-edge_mixed_min_radius-5083,3,frozen_baseline,13,317.02968553846154,0.001184582943096757,13,1.0,4121.385912,True,
LOCAL-v1-q3-edge_mixed_min_radius-5084,3,frozen_baseline,14,281.7560805714286,0.001137249986641109,14,1.0,3944.585128,True,
LOCAL-v1-q3-edge_mixed_min_radius-5085,3,frozen_baseline,15,320.2433382,0.0012943330220878124,15,1.0,4803.650073,True,
LOCAL-v1-q3-edge_mixed_min_radius-5086,3,frozen_baseline,12,305.35154074999997,0.001123499940149486,12,1.0,3664.218489,True,
LOCAL-v1-q3-edge_mixed_min_radius-5087,3,frozen_baseline,13,359.17955653846155,0.0011125829769298434,13,1.0,4669.334235,True,
LOCAL-v1-q3-edge_mixed_min_radius-5088,3,frozen_baseline,16,264.52505175,0.0012615829473361373,16,1.0,4232.400828,True,
LOCAL-v1-q3-edge_mixed_min_radius-5089,3,frozen_baseline,15,287.5180124,0.0012199579505249858,15,1.0,4312.770186,True,
LOCAL-v1-q3-edge_mixed_min_radius-5090,3,frozen_baseline,14,282.65667185714284,0.0011538329999893904,14,1.0,3957.193406,True,
LOCAL-v1-q3-edge_mixed_min_radius-5091,3,frozen_baseline,12,316.48176166666667,0.0010813330300152302,12,1.0,3797.78114,True,
LOCAL-v1-q3-edge_mixed_min_radius-5092,3,frozen_baseline,11,330.66109363636366,0.0010915419552475214,11,1.0,3637.27203,True,
LOCAL-v1-q3-edge_mixed_min_radius-5093,3,frozen_baseline,15,285.5641437333333,0.0013497089967131615,15,1.0,4283.462156,True,
LOCAL-v1-q3-edge_mixed_min_radius-5094,3,frozen_baseline,11,341.548721,0.000996417016722262,11,1.0,3757.035931,True,
LOCAL-v1-q3-edge_mixed_min_radius-5095,3,frozen_baseline,10,359.9698653,0.0009579999605193734,10,1.0,3599.698653,True,
LOCAL-v1-q3-edge_mixed_min_radius-5096,3,frozen_baseline,14,283.6629417857143,0.0011957500828430057,14,1.0,3971.281185,True,
LOCAL-v1-q3-edge_mixed_min_radius-5097,3,frozen_baseline,13,273.6519505384615,0.001090249978005886,13,1.0,3557.475357,True,
LOCAL-v1-q3-edge_mixed_min_radius-5098,3,frozen_baseline,16,290.3915451875,0.0014229590306058526,16,1.0,4646.264723,True,
LOCAL-v1-q3-edge_mixed_min_radius-5099,3,frozen_baseline,13,284.5409074615385,0.0011174579849466681,13,1.0,3699.031797,True,
LOCAL-v1-q3-offcenter_cluster-5000,3,frozen_baseline,11,324.695116,0.0010604169219732285,11,1.0,3571.646276,True,
LOCAL-v1-q3-offcenter_cluster-5001,3,frozen_baseline,14,281.6218125,0.0011530830524861813,14,1.0,3942.705375,True,
LOCAL-v1-q3-offcenter_cluster-5002,3,frozen_baseline,15,217.5477302,0.0013697919202968478,15,1.0,3263.215953,True,
LOCAL-v1-q3-offcenter_cluster-5003,3,frozen_baseline,11,256.58574554545453,0.0011178749846294522,11,1.0,2822.443201,True,
LOCAL-v1-q3-offcenter_cluster-5004,3,frozen_baseline,12,266.1630886666667,0.0012173749273642898,12,1.0,3193.957064,True,
LOCAL-v1-q3-offcenter_cluster-5005,3,frozen_baseline,11,276.19069545454545,0.0011566251050680876,11,1.0,3038.09765,True,
LOCAL-v1-q3-offcenter_cluster-5006,3,frozen_baseline,11,333.7488536363636,0.0010402089683339,11,1.0,3671.23739,True,
LOCAL-v1-q3-offcenter_cluster-5007,3,frozen_baseline,11,272.1602959090909,0.0010415000142529607,11,1.0,2993.763255,True,
LOCAL-v1-q3-offcenter_cluster-5008,3,frozen_baseline,10,319.5155272,0.000952791073359549,10,1.0,3195.155272,True,
LOCAL-v1-q3-offcenter_cluster-5009,3,frozen_baseline,14,290.48929114285716,0.0013681669952347875,14,1.0,4066.850076,True,
LOCAL-v1-q3-offcenter_cluster-5010,3,frozen_baseline,12,275.01011124999997,0.0011795840691775084,12,1.0,3300.121335,True,
LOCAL-v1-q3-offcenter_cluster-5011,3,frozen_baseline,15,312.8980584,0.0011633329559117556,15,1.0,4693.470876,True,
LOCAL-v1-q3-offcenter_cluster-5012,3,frozen_baseline,10,321.1570724,0.0010579160880297422,10,1.0,3211.570724,True,
LOCAL-v1-q3-offcenter_cluster-5013,3,frozen_baseline,12,255.32010216666666,0.0011173330713063478,12,1.0,3063.841226,True,
LOCAL-v1-q3-offcenter_cluster-5014,3,frozen_baseline,11,285.1465764545455,0.0009347499581053853,11,1.0,3136.612341,True,
LOCAL-v1-q3-offcenter_cluster-5015,3,frozen_baseline,12,249.13680524999998,0.0011305410880595446,12,1.0,2989.641663,True,
LOCAL-v1-q3-offcenter_cluster-5016,3,frozen_baseline,16,178.743715,0.001551666995510459,16,1.0,2859.89944,True,
LOCAL-v1-q3-offcenter_cluster-5017,3,frozen_baseline,15,204.52214,0.0013852500123903155,15,1.0,3067.8321,True,
LOCAL-v1-q3-offcenter_cluster-5018,3,frozen_baseline,10,374.0512192,0.0010753750102594495,10,1.0,3740.512192,True,
LOCAL-v1-q3-offcenter_cluster-5019,3,frozen_baseline,11,287.05801918181817,0.001139082945883274,11,1.0,3157.638211,True,
LOCAL-v1-q3-offcenter_cluster-5020,3,frozen_baseline,16,128.22286125,0.0013717500260099769,16,1.0,2051.56578,True,
LOCAL-v1-q3-offcenter_cluster-5021,3,frozen_baseline,14,237.0281157142857,0.0014856250490993261,14,1.0,3318.39362,True,
LOCAL-v1-q3-offcenter_cluster-5022,3,frozen_baseline,14,263.4121709285714,0.0014520419063046575,14,1.0,3687.770393,True,
LOCAL-v1-q3-offcenter_cluster-5023,3,frozen_baseline,15,204.4906418,0.001191208022646606,15,1.0,3067.359627,True,
LOCAL-v1-q3-offcenter_cluster-5024,3,frozen_baseline,13,244.47289084615386,0.0013847920345142484,13,1.0,3178.147581,True,
LOCAL-v1-q3-offcenter_cluster-5025,3,frozen_baseline,12,257.1611070833333,0.0011220829328522086,12,1.0,3085.933285,True,
LOCAL-v1-q3-offcenter_cluster-5026,3,frozen_baseline,15,205.95484866666666,0.0013867920497432351,15,1.0,3089.32273,True,
LOCAL-v1-q3-offcenter_cluster-5027,3,frozen_baseline,11,286.51590363636365,0.0010251670610159636,11,1.0,3151.67494,True,
LOCAL-v1-q3-offcenter_cluster-5028,3,frozen_baseline,10,295.6986608,0.0009249589638784528,10,1.0,2956.986608,True,
LOCAL-v1-q3-offcenter_cluster-5029,3,frozen_baseline,11,268.7886562727273,0.0010950410505756736,11,1.0,2956.675219,True,
LOCAL-v1-q3-offcenter_cluster-5030,3,frozen_baseline,12,276.490654,0.001020791009068489,12,1.0,3317.887848,True,
LOCAL-v1-q3-offcenter_cluster-5031,3,frozen_baseline,15,273.39041453333334,0.0011892920592799783,15,1.0,4100.856218,True,
LOCAL-v1-q3-offcenter_cluster-5032,3,frozen_baseline,11,341.8079973636364,0.0012092500692233443,11,1.0,3759.887971,True,
LOCAL-v1-q3-offcenter_cluster-5033,3,frozen_baseline,14,255.96235342857145,0.0013607920845970511,14,1.0,3583.472948,True,
LOCAL-v1-q3-offcenter_cluster-5034,3,frozen_baseline,16,103.9333761875,0.0013390000676736236,16,1.0,1662.934019,True,
LOCAL-v1-q3-offcenter_cluster-5035,3,frozen_baseline,10,355.0922859,0.0009167499374598265,10,1.0,3550.922859,True,
LOCAL-v1-q3-offcenter_cluster-5036,3,frozen_baseline,15,218.24855153333334,0.0015604159561917186,15,1.0,3273.728273,True,
LOCAL-v1-q3-offcenter_cluster-5037,3,frozen_baseline,15,397.403392,0.0016945000970736146,15,1.0,5961.05088,True,
LOCAL-v1-q3-offcenter_cluster-5038,3,frozen_baseline,16,94.567154125,0.0013837090227752924,16,1.0,1513.074466,True,
LOCAL-v1-q3-offcenter_cluster-5039,3,frozen_baseline,10,340.8677712,0.0010882499627768993,10,1.0,3408.677712,True,
LOCAL-v1-q3-offcenter_cluster-5040,3,frozen_baseline,15,278.3169289333334,0.0013345410116016865,15,1.0,4174.753934,True,
LOCAL-v1-q3-offcenter_cluster-5041,3,frozen_baseline,15,252.98992826666665,0.001270958106033504,15,1.0,3794.848924,True,
LOCAL-v1-q3-offcenter_cluster-5042,3,frozen_baseline,11,266.45099627272725,0.0010930829448625445,11,1.0,2930.960959,True,
LOCAL-v1-q3-offcenter_cluster-5043,3,frozen_baseline,12,316.38915075,0.0011355830356478691,12,1.0,3796.669809,True,
LOCAL-v1-q3-offcenter_cluster-5044,3,frozen_baseline,11,365.36397327272726,0.0010550420265644789,11,1.0,4019.003706,True,
LOCAL-v1-q3-offcenter_cluster-5045,3,frozen_baseline,11,356.4138420909091,0.0008869169978424907,11,1.0,3920.552263,True,
LOCAL-v1-q3-offcenter_cluster-5046,3,frozen_baseline,10,320.7315425,0.000852332916110754,10,1.0,3207.315425,True,
LOCAL-v1-q3-offcenter_cluster-5047,3,frozen_baseline,16,148.119092375,0.0014212090754881501,16,1.0,2369.905478,True,
LOCAL-v1-q3-offcenter_cluster-5048,3,frozen_baseline,12,313.2861050833333,0.0009102090261876583,12,1.0,3759.433261,True,
LOCAL-v1-q3-offcenter_cluster-5049,3,frozen_baseline,10,303.4522182,0.0009541249601170421,10,1.0,3034.522182,True,
LOCAL-v1-q3-offcenter_cluster-5050,3,frozen_baseline,15,206.7358258666667,0.001240417012013495,15,1.0,3101.037388,True,
LOCAL-v1-q3-offcenter_cluster-5051,3,frozen_baseline,11,342.79969063636366,0.0011288749519735575,11,1.0,3770.796597,True,
LOCAL-v1-q3-offcenter_cluster-5052,3,frozen_baseline,13,370.6422321538461,0.001325499964877963,13,1.0,4818.349018,True,
LOCAL-v1-q3-offcenter_cluster-5053,3,frozen_baseline,16,148.04064775,0.0014980420237407088,16,1.0,2368.650364,True,
LOCAL-v1-q3-offcenter_cluster-5054,3,frozen_baseline,16,94.018387375,0.0012427499750629067,16,1.0,1504.294198,True,
LOCAL-v1-q3-offcenter_cluster-5055,3,frozen_baseline,12,283.94846916666665,0.0011955000227317214,12,1.0,3407.38163,True,
LOCAL-v1-q3-offcenter_cluster-5056,3,frozen_baseline,13,283.307991,0.0012727499706670642,13,1.0,3683.003883,True,
LOCAL-v1-q3-offcenter_cluster-5057,3,frozen_baseline,13,267.6673989230769,0.001216165954247117,13,1.0,3479.676186,True,
LOCAL-v1-q3-offcenter_cluster-5058,3,frozen_baseline,14,250.43559964285714,0.0013434579595923424,14,1.0,3506.098395,True,
LOCAL-v1-q3-offcenter_cluster-5059,3,frozen_baseline,12,422.4501719166667,0.0012259589275345206,12,1.0,5069.402063,True,
LOCAL-v1-q3-offcenter_cluster-5060,3,frozen_baseline,11,303.3444070909091,0.0009452500380575657,11,1.0,3336.788478,True,
LOCAL-v1-q3-offcenter_cluster-5061,3,frozen_baseline,13,251.15492576923077,0.0010869581019505858,13,1.0,3265.014035,True,
LOCAL-v1-q3-offcenter_cluster-5062,3,frozen_baseline,16,127.1219455625,0.0012891250662505627,16,1.0,2033.951129,True,
LOCAL-v1-q3-offcenter_cluster-5063,3,frozen_baseline,15,204.93253386666666,0.001431209035217762,15,1.0,3073.988008,True,
LOCAL-v1-q3-offcenter_cluster-5064,3,frozen_baseline,13,343.29721,0.0010994999902322888,13,1.0,4462.86373,True,
LOCAL-v1-q3-offcenter_cluster-5065,3,frozen_baseline,12,340.308287,0.0012286660494282842,12,1.0,4083.699444,True,
LOCAL-v1-q3-offcenter_cluster-5066,3,frozen_baseline,10,371.2946599,0.0008624170441180468,10,1.0,3712.946599,True,
LOCAL-v1-q3-offcenter_cluster-5067,3,frozen_baseline,16,132.8443694375,0.0012120419414713979,16,1.0,2125.509911,True,
LOCAL-v1-q3-offcenter_cluster-5068,3,frozen_baseline,13,288.478323,0.0011675000423565507,13,1.0,3750.218199,True,
LOCAL-v1-q3-offcenter_cluster-5069,3,frozen_baseline,14,246.52624635714284,0.0013419160386547446,14,1.0,3451.367449,True,
LOCAL-v1-q3-offcenter_cluster-5070,3,frozen_baseline,12,365.4021,0.001120207947678864,12,1.0,4384.8252,True,
LOCAL-v1-q3-offcenter_cluster-5071,3,frozen_baseline,12,263.85696475000003,0.0012439580168575048,12,1.0,3166.283577,True,
LOCAL-v1-q3-offcenter_cluster-5072,3,frozen_baseline,15,208.6780924,0.0013920000055804849,15,1.0,3130.171386,True,
LOCAL-v1-q3-offcenter_cluster-5073,3,frozen_baseline,10,320.3504642,0.0007880419725552201,10,1.0,3203.504642,True,
LOCAL-v1-q3-offcenter_cluster-5074,3,frozen_baseline,16,163.9774330625,0.0012804169673472643,16,1.0,2623.638929,True,
LOCAL-v1-q3-offcenter_cluster-5075,3,frozen_baseline,15,279.7258953333333,0.001450750045478344,15,1.0,4195.88843,True,
LOCAL-v1-q3-offcenter_cluster-5076,3,frozen_baseline,12,245.97824233333333,0.0011832501040771604,12,1.0,2951.738908,True,
LOCAL-v1-q3-offcenter_cluster-5077,3,frozen_baseline,14,304.03967378571434,0.0015354580245912075,14,1.0,4256.555433,True,
LOCAL-v1-q3-offcenter_cluster-5078,3,frozen_baseline,13,311.97578753846153,0.0010237910319119692,13,1.0,4055.685238,True,
LOCAL-v1-q3-offcenter_cluster-5079,3,frozen_baseline,10,340.8290692,0.0010681248968467116,10,1.0,3408.290692,True,
LOCAL-v1-q3-offcenter_cluster-5080,3,frozen_baseline,10,336.93886480000003,0.000977999996393919,10,1.0,3369.388648,True,
LOCAL-v1-q3-offcenter_cluster-5081,3,frozen_baseline,16,171.15645425,0.001281042001210153,16,1.0,2738.503268,True,
LOCAL-v1-q3-offcenter_cluster-5082,3,frozen_baseline,13,396.6731582307693,0.0014598749112337828,13,1.0,5156.751057,True,
LOCAL-v1-q3-offcenter_cluster-5083,3,frozen_baseline,13,287.1344589230769,0.0013373340480029583,13,1.0,3732.747966,True,
LOCAL-v1-q3-offcenter_cluster-5084,3,frozen_baseline,14,292.108623,0.0013377079740166664,14,1.0,4089.520722,True,
LOCAL-v1-q3-offcenter_cluster-5085,3,frozen_baseline,15,207.52483233333334,0.001382665941491723,15,1.0,3112.872485,True,
LOCAL-v1-q3-offcenter_cluster-5086,3,frozen_baseline,12,355.786277,0.0012816659873351455,12,1.0,4269.435324,True,
LOCAL-v1-q3-offcenter_cluster-5087,3,frozen_baseline,13,295.72831907692307,0.001151417032815516,13,1.0,3844.468148,True,
LOCAL-v1-q3-offcenter_cluster-5088,3,frozen_baseline,16,100.36415825,0.0012497500283643603,16,1.0,1605.826532,True,
LOCAL-v1-q3-offcenter_cluster-5089,3,frozen_baseline,15,244.232868,0.001417666906490922,15,1.0,3663.49302,True,
LOCAL-v1-q3-offcenter_cluster-5090,3,frozen_baseline,14,265.99355092857144,0.0014055829960852861,14,1.0,3723.909713,True,
LOCAL-v1-q3-offcenter_cluster-5091,3,frozen_baseline,12,249.18748691666667,0.0012138329911977053,12,1.0,2990.249843,True,
LOCAL-v1-q3-offcenter_cluster-5092,3,frozen_baseline,11,282.8718134545454,0.0009364580037072301,11,1.0,3111.589948,True,
LOCAL-v1-q3-offcenter_cluster-5093,3,frozen_baseline,15,230.53265346666666,0.001288625062443316,15,1.0,3457.989802,True,
LOCAL-v1-q3-offcenter_cluster-5094,3,frozen_baseline,11,365.9827140909091,0.0011352919973433018,11,1.0,4025.809855,True,
LOCAL-v1-q3-offcenter_cluster-5095,3,frozen_baseline,10,421.6212748,0.0008366249967366457,10,1.0,4216.212748,True,
LOCAL-v1-q3-offcenter_cluster-5096,3,frozen_baseline,14,219.86721914285712,0.0013444999931380153,14,1.0,3078.141068,True,
LOCAL-v1-q3-offcenter_cluster-5097,3,frozen_baseline,13,258.4960231538461,0.0011537910904735327,13,1.0,3360.448301,True,
LOCAL-v1-q3-offcenter_cluster-5098,3,frozen_baseline,16,105.75676975,0.0013226669980213046,16,1.0,1692.108316,True,
LOCAL-v1-q3-offcenter_cluster-5099,3,frozen_baseline,13,228.47716569230766,0.0011443750699982047,13,1.0,2970.203154,True,
LOCAL-v1-q3-origin_cluster-5000,3,frozen_baseline,11,394.50688472727273,0.00102770805824548,11,1.0,4339.575732,True,
LOCAL-v1-q3-origin_cluster-5001,3,frozen_baseline,14,341.5570008571429,0.0012902499875053763,14,1.0,4781.798012,True,
LOCAL-v1-q3-origin_cluster-5002,3,frozen_baseline,15,328.0490277333334,0.0014114580117166042,15,1.0,4920.735416,True,
LOCAL-v1-q3-origin_cluster-5003,3,frozen_baseline,11,361.78229354545454,0.0009525000350549817,11,1.0,3979.605229,True,
LOCAL-v1-q3-origin_cluster-5004,3,frozen_baseline,12,374.55629258333335,0.0011385000543668866,12,1.0,4494.675511,True,
LOCAL-v1-q3-origin_cluster-5005,3,frozen_baseline,11,391.7483938181818,0.0010272079380229115,11,1.0,4309.232332,True,
LOCAL-v1-q3-origin_cluster-5006,3,frozen_baseline,11,392.3922327272727,0.0010877919849008322,11,1.0,4316.31456,True,
LOCAL-v1-q3-origin_cluster-5007,3,frozen_baseline,11,392.7162520909091,0.0010239160619676113,11,1.0,4319.878773,True,
LOCAL-v1-q3-origin_cluster-5008,3,frozen_baseline,10,419.19348529999996,0.0010117909405380487,10,1.0,4191.934853,True,
LOCAL-v1-q3-origin_cluster-5009,3,frozen_baseline,14,342.05218057142855,0.0013301250291988254,14,1.0,4788.730528,True,
LOCAL-v1-q3-origin_cluster-5010,3,frozen_baseline,12,371.38343091666667,0.0012016668915748596,12,1.0,4456.601171,True,
LOCAL-v1-q3-origin_cluster-5011,3,frozen_baseline,15,327.5733222,0.0014709590468555689,15,1.0,4913.599833,True,
LOCAL-v1-q3-origin_cluster-5012,3,frozen_baseline,10,415.9366295,0.0009933329420164227,10,1.0,4159.366295,True,
LOCAL-v1-q3-origin_cluster-5013,3,frozen_baseline,12,370.71072875,0.0010933339362964034,12,1.0,4448.528745,True,
LOCAL-v1-q3-origin_cluster-5014,3,frozen_baseline,11,392.8082126363636,0.0010751669760793447,11,1.0,4320.890339,True,
LOCAL-v1-q3-origin_cluster-5015,3,frozen_baseline,12,371.6169003333334,0.0011758330510929227,12,1.0,4459.402804,True,
LOCAL-v1-q3-origin_cluster-5016,3,frozen_baseline,16,191.1853750625,0.0014390000142157078,16,1.0,3058.966001,True,
LOCAL-v1-q3-origin_cluster-5017,3,frozen_baseline,15,328.05381359999996,0.001402582973241806,15,1.0,4920.807204,True,
LOCAL-v1-q3-origin_cluster-5018,3,frozen_baseline,10,421.4541235,0.0010114170145243406,10,1.0,4214.541235,True,
LOCAL-v1-q3-origin_cluster-5019,3,frozen_baseline,11,394.97977599999996,0.0010759590659290552,11,1.0,4344.777536,True,
LOCAL-v1-q3-origin_cluster-5020,3,frozen_baseline,16,190.0164454375,0.0013419579481706023,16,1.0,3040.263127,True,
LOCAL-v1-q3-origin_cluster-5021,3,frozen_baseline,14,338.9992153571429,0.0013305420288816094,14,1.0,4745.989015,True,
LOCAL-v1-q3-origin_cluster-5022,3,frozen_baseline,14,339.8101363571428,0.0012422080617398024,14,1.0,4757.341909,True,
LOCAL-v1-q3-origin_cluster-5023,3,frozen_baseline,15,329.5996898,0.0013697500107809901,15,1.0,4943.995347,True,
LOCAL-v1-q3-origin_cluster-5024,3,frozen_baseline,13,356.0046066153846,0.0012869159691035748,13,1.0,4628.059886,True,
LOCAL-v1-q3-origin_cluster-5025,3,frozen_baseline,12,375.6725019166667,0.0011512499768286943,12,1.0,4508.070023,True,
LOCAL-v1-q3-origin_cluster-5026,3,frozen_baseline,15,315.77550386666667,0.0012474160175770521,15,1.0,4736.632558,True,
LOCAL-v1-q3-origin_cluster-5027,3,frozen_baseline,11,389.8464936363636,0.0010378329316154122,11,1.0,4288.31143,True,
LOCAL-v1-q3-origin_cluster-5028,3,frozen_baseline,10,419.36426339999997,0.0009794579818844795,10,1.0,4193.642634,True,
LOCAL-v1-q3-origin_cluster-5029,3,frozen_baseline,11,393.498913,0.0010742919985204935,11,1.0,4328.488043,True,
LOCAL-v1-q3-origin_cluster-5030,3,frozen_baseline,12,370.1494113333333,0.0011811669683083892,12,1.0,4441.792936,True,
LOCAL-v1-q3-origin_cluster-5031,3,frozen_baseline,15,329.21754013333333,0.0014412080636247993,15,1.0,4938.263102,True,
LOCAL-v1-q3-origin_cluster-5032,3,frozen_baseline,11,394.3776331818182,0.0011078340467065573,11,1.0,4338.153965,True,
LOCAL-v1-q3-origin_cluster-5033,3,frozen_baseline,14,330.7876908571429,0.0012076250277459621,14,1.0,4631.027672,True,
LOCAL-v1-q3-origin_cluster-5034,3,frozen_baseline,16,191.329937125,0.001405457966029644,16,1.0,3061.278994,True,
LOCAL-v1-q3-origin_cluster-5035,3,frozen_baseline,10,401.3946561,0.0008870000019669533,10,1.0,4013.946561,True,
LOCAL-v1-q3-origin_cluster-5036,3,frozen_baseline,15,326.78830533333337,0.0014269580133259296,15,1.0,4901.82458,True,
LOCAL-v1-q3-origin_cluster-5037,3,frozen_baseline,15,330.6320936666667,0.0014207919593900442,15,1.0,4959.481405,True,
LOCAL-v1-q3-origin_cluster-5038,3,frozen_baseline,16,191.9647798125,0.001351625076495111,16,1.0,3071.436477,True,
LOCAL-v1-q3-origin_cluster-5039,3,frozen_baseline,10,421.41468969999994,0.000955625087954104,10,1.0,4214.146897,True,
LOCAL-v1-q3-origin_cluster-5040,3,frozen_baseline,15,328.9821294,0.0013343750033527613,15,1.0,4934.731941,True,
LOCAL-v1-q3-origin_cluster-5041,3,frozen_baseline,15,330.3132162666667,0.0013604580890387297,15,1.0,4954.698244,True,
LOCAL-v1-q3-origin_cluster-5042,3,frozen_baseline,11,393.69650954545455,0.001063458970747888,11,1.0,4330.661605,True,
LOCAL-v1-q3-origin_cluster-5043,3,frozen_baseline,12,375.61881124999996,0.001155041973106563,12,1.0,4507.425735,True,
LOCAL-v1-q3-origin_cluster-5044,3,frozen_baseline,11,376.3892754545455,0.001026791986078024,11,1.0,4140.28203,True,
LOCAL-v1-q3-origin_cluster-5045,3,frozen_baseline,11,390.73750754545455,0.0010475419694557786,11,1.0,4298.112583,True,
LOCAL-v1-q3-origin_cluster-5046,3,frozen_baseline,10,419.9320955,0.0009755420032888651,10,1.0,4199.320955,True,
LOCAL-v1-q3-origin_cluster-5047,3,frozen_baseline,16,189.7766215625,0.0013682080898433924,16,1.0,3036.425945,True,
LOCAL-v1-q3-origin_cluster-5048,3,frozen_baseline,12,372.67429500000003,0.0012377920793369412,12,1.0,4472.09154,True,
LOCAL-v1-q3-origin_cluster-5049,3,frozen_baseline,10,416.55147129999995,0.0010336670093238354,10,1.0,4165.514713,True,
LOCAL-v1-q3-origin_cluster-5050,3,frozen_baseline,15,328.8432086,0.0014274580171331763,15,1.0,4932.648129,True,
LOCAL-v1-q3-origin_cluster-5051,3,frozen_baseline,11,393.79621981818184,0.0010640829568728805,11,1.0,4331.758418,True,
LOCAL-v1-q3-origin_cluster-5052,3,frozen_baseline,13,355.2256298461538,0.0011822499800473452,13,1.0,4617.933188,True,
LOCAL-v1-q3-origin_cluster-5053,3,frozen_baseline,16,192.481200875,0.0013165000127628446,16,1.0,3079.699214,True,
LOCAL-v1-q3-origin_cluster-5054,3,frozen_baseline,16,188.8416163125,0.0013497910695150495,16,1.0,3021.465861,True,
LOCAL-v1-q3-origin_cluster-5055,3,frozen_baseline,12,361.23488849999995,0.001011208980344236,12,1.0,4334.818662,True,
LOCAL-v1-q3-origin_cluster-5056,3,frozen_baseline,13,357.00418492307693,0.0011772080324590206,13,1.0,4641.054404,True,
LOCAL-v1-q3-origin_cluster-5057,3,frozen_baseline,13,342.5352122307692,0.0011475000064820051,13,1.0,4452.957759,True,
LOCAL-v1-q3-origin_cluster-5058,3,frozen_baseline,14,338.31843021428574,0.0012466670013964176,14,1.0,4736.458023,True,
LOCAL-v1-q3-origin_cluster-5059,3,frozen_baseline,12,369.0425235833333,0.0010610419558361173,12,1.0,4428.510283,True,
LOCAL-v1-q3-origin_cluster-5060,3,frozen_baseline,11,392.29978781818187,0.0010031249839812517,11,1.0,4315.297666,True,
LOCAL-v1-q3-origin_cluster-5061,3,frozen_baseline,13,353.66757661538463,0.0012157500023022294,13,1.0,4597.678496,True,
LOCAL-v1-q3-origin_cluster-5062,3,frozen_baseline,16,191.7371321875,0.0012989169918000698,16,1.0,3067.794115,True,
LOCAL-v1-q3-origin_cluster-5063,3,frozen_baseline,15,329.64571766666666,0.0013683339348062873,15,1.0,4944.685765,True,
LOCAL-v1-q3-origin_cluster-5064,3,frozen_baseline,13,358.5324560769231,0.001320375013165176,13,1.0,4660.921929,True,
LOCAL-v1-q3-origin_cluster-5065,3,frozen_baseline,12,373.82311766666663,0.0011174590326845646,12,1.0,4485.877412,True,
LOCAL-v1-q3-origin_cluster-5066,3,frozen_baseline,10,418.07839690000003,0.0010285410098731518,10,1.0,4180.783969,True,
LOCAL-v1-q3-origin_cluster-5067,3,frozen_baseline,16,180.617031625,0.0013129590079188347,16,1.0,2889.872506,True,
LOCAL-v1-q3-origin_cluster-5068,3,frozen_baseline,13,354.21529992307694,0.0011802499648183584,13,1.0,4604.798899,True,
LOCAL-v1-q3-origin_cluster-5069,3,frozen_baseline,14,340.9657502142857,0.0012994169956073165,14,1.0,4773.520503,True,
LOCAL-v1-q3-origin_cluster-5070,3,frozen_baseline,12,369.66980766666666,0.0011256251018494368,12,1.0,4436.037692,True,
LOCAL-v1-q3-origin_cluster-5071,3,frozen_baseline,12,360.59123225,0.0010234999936074018,12,1.0,4327.094787,True,
LOCAL-v1-q3-origin_cluster-5072,3,frozen_baseline,15,328.86655686666666,0.0013942919904366136,15,1.0,4932.998353,True,
LOCAL-v1-q3-origin_cluster-5073,3,frozen_baseline,10,418.7126904,0.0009656250476837158,10,1.0,4187.126904,True,
LOCAL-v1-q3-origin_cluster-5074,3,frozen_baseline,16,189.90380975,0.0013197079533711076,16,1.0,3038.460956,True,
LOCAL-v1-q3-origin_cluster-5075,3,frozen_baseline,15,328.80187593333335,0.0013098749332129955,15,1.0,4932.028139,True,
LOCAL-v1-q3-origin_cluster-5076,3,frozen_baseline,12,373.28347225,0.0011071249609813094,12,1.0,4479.401667,True,
LOCAL-v1-q3-origin_cluster-5077,3,frozen_baseline,14,328.30213328571426,0.001334875007160008,14,1.0,4596.229866,True,
LOCAL-v1-q3-origin_cluster-5078,3,frozen_baseline,13,358.37293015384614,0.0013599579688161612,13,1.0,4658.848092,True,
LOCAL-v1-q3-origin_cluster-5079,3,frozen_baseline,10,419.1147841,0.0010003329953178763,10,1.0,4191.147841,True,
LOCAL-v1-q3-origin_cluster-5080,3,frozen_baseline,10,418.5745728,0.0010223749559372663,10,1.0,4185.745728,True,
LOCAL-v1-q3-origin_cluster-5081,3,frozen_baseline,16,192.9070855625,0.0013377080904319882,16,1.0,3086.513369,True,
LOCAL-v1-q3-origin_cluster-5082,3,frozen_baseline,13,355.8616052307692,0.0011722090421244502,13,1.0,4626.200868,True,
LOCAL-v1-q3-origin_cluster-5083,3,frozen_baseline,13,356.0406075384616,0.001276249997317791,13,1.0,4628.527898,True,
LOCAL-v1-q3-origin_cluster-5084,3,frozen_baseline,14,338.55987721428573,0.001277417060919106,14,1.0,4739.838281,True,
LOCAL-v1-q3-origin_cluster-5085,3,frozen_baseline,15,328.6063728,0.0013648750027641654,15,1.0,4929.095592,True,
LOCAL-v1-q3-origin_cluster-5086,3,frozen_baseline,12,374.73267583333336,0.0011550000635907054,12,1.0,4496.79211,True,
LOCAL-v1-q3-origin_cluster-5087,3,frozen_baseline,13,353.73226584615384,0.001119250082410872,13,1.0,4598.519456,True,
LOCAL-v1-q3-origin_cluster-5088,3,frozen_baseline,16,191.4062064375,0.0013050000416114926,16,1.0,3062.499303,True,
LOCAL-v1-q3-origin_cluster-5089,3,frozen_baseline,15,328.30336,0.001432583900168538,15,1.0,4924.5504,True,
LOCAL-v1-q3-origin_cluster-5090,3,frozen_baseline,14,339.25548835714284,0.0012687919661402702,14,1.0,4749.576837,True,
LOCAL-v1-q3-origin_cluster-5091,3,frozen_baseline,12,356.40142783333334,0.0010694169905036688,12,1.0,4276.817134,True,
LOCAL-v1-q3-origin_cluster-5092,3,frozen_baseline,11,389.7598201818182,0.0010054169688373804,11,1.0,4287.358022,True,
LOCAL-v1-q3-origin_cluster-5093,3,frozen_baseline,15,325.08712146666664,0.0012943330220878124,15,1.0,4876.306822,True,
LOCAL-v1-q3-origin_cluster-5094,3,frozen_baseline,11,392.1201878181818,0.0010398749727755785,11,1.0,4313.322066,True,
LOCAL-v1-q3-origin_cluster-5095,3,frozen_baseline,10,420.5848838,0.0011063329875469208,10,1.0,4205.848838,True,
LOCAL-v1-q3-origin_cluster-5096,3,frozen_baseline,14,328.69696500000003,0.0012449590722098947,14,1.0,4601.75751,True,
LOCAL-v1-q3-origin_cluster-5097,3,frozen_baseline,13,356.6259959230769,0.0014079579850658774,13,1.0,4636.137947,True,
LOCAL-v1-q3-origin_cluster-5098,3,frozen_baseline,16,191.2950309375,0.0014883329859003425,16,1.0,3060.720495,True,
LOCAL-v1-q3-origin_cluster-5099,3,frozen_baseline,13,354.6167382307692,0.0011913329362869263,13,1.0,4610.017597,True,
LOCAL-v1-q3-minimum_radius-5000,3,frozen_baseline,11,305.7086880909091,0.0010973330354318023,11,1.0,3362.795569,True,
LOCAL-v1-q3-minimum_radius-5001,3,frozen_baseline,14,309.2099705,0.0012928330106660724,14,1.0,4328.939587,True,
LOCAL-v1-q3-minimum_radius-5002,3,frozen_baseline,15,261.69192953333334,0.0013193340273573995,15,1.0,3925.378943,True,
LOCAL-v1-q3-minimum_radius-5003,3,frozen_baseline,11,326.85996854545454,0.0010183339472860098,11,1.0,3595.459654,True,
LOCAL-v1-q3-minimum_radius-5004,3,frozen_baseline,12,340.300672,0.0010827500373125076,12,1.0,4083.608064,True,
LOCAL-v1-q3-minimum_radius-5005,3,frozen_baseline,11,366.66535063636366,0.001107916934415698,11,1.0,4033.318857,True,
LOCAL-v1-q3-minimum_radius-5006,3,frozen_baseline,11,362.98372518181816,0.0011407090350985527,11,1.0,3992.820977,True,
LOCAL-v1-q3-minimum_radius-5007,3,frozen_baseline,11,301.7868884545455,0.0009824580047279596,11,1.0,3319.655773,True,
LOCAL-v1-q3-minimum_radius-5008,3,frozen_baseline,10,351.0092891,0.0009634169982746243,10,1.0,3510.092891,True,
LOCAL-v1-q3-minimum_radius-5009,3,frozen_baseline,14,321.6794454285714,0.0013128750724717975,14,1.0,4503.512236,True,
LOCAL-v1-q3-minimum_radius-5010,3,frozen_baseline,12,338.0695270833333,0.0011362920049577951,12,1.0,4056.834325,True,
LOCAL-v1-q3-minimum_radius-5011,3,frozen_baseline,15,310.84924293333336,0.0013736250111833215,15,1.0,4662.738644,True,
LOCAL-v1-q3-minimum_radius-5012,3,frozen_baseline,10,332.2096957,0.0009059590520337224,10,1.0,3322.096957,True,
LOCAL-v1-q3-minimum_radius-5013,3,frozen_baseline,12,324.36514116666666,0.0010912090074270964,12,1.0,3892.381694,True,
LOCAL-v1-q3-minimum_radius-5014,3,frozen_baseline,11,362.53947636363637,0.0009657080518081784,11,1.0,3987.93424,True,
LOCAL-v1-q3-minimum_radius-5015,3,frozen_baseline,12,309.20652791666663,0.0010614999337121844,12,1.0,3710.478335,True,
LOCAL-v1-q3-minimum_radius-5016,3,frozen_baseline,16,284.0694915,0.001378249959088862,16,1.0,4545.111864,True,
LOCAL-v1-q3-minimum_radius-5017,3,frozen_baseline,15,299.70490993333334,0.001265416038222611,15,1.0,4495.573649,True,
LOCAL-v1-q3-minimum_radius-5018,3,frozen_baseline,10,390.03725199999997,0.0008999579586088657,10,1.0,3900.37252,True,
LOCAL-v1-q3-minimum_radius-5019,3,frozen_baseline,11,365.95010963636366,0.0009824169101193547,11,1.0,4025.451206,True,
LOCAL-v1-q3-minimum_radius-5020,3,frozen_baseline,16,265.38272925,0.0012562499614432454,16,1.0,4246.123668,True,
LOCAL-v1-q3-minimum_radius-5021,3,frozen_baseline,14,290.2670132142857,0.0011994170490652323,14,1.0,4063.738185,True,
LOCAL-v1-q3-minimum_radius-5022,3,frozen_baseline,14,314.8197243571429,0.0012819169787690043,14,1.0,4407.476141,True,
LOCAL-v1-q3-minimum_radius-5023,3,frozen_baseline,15,255.26485233333332,0.0012985420180484653,15,1.0,3828.972785,True,
LOCAL-v1-q3-minimum_radius-5024,3,frozen_baseline,13,333.72953884615384,0.0011969590559601784,13,1.0,4338.484005,True,
LOCAL-v1-q3-minimum_radius-5025,3,frozen_baseline,12,309.67851691666664,0.0010717500699684024,12,1.0,3716.142203,True,
LOCAL-v1-q3-minimum_radius-5026,3,frozen_baseline,15,300.1828754,0.0012627500109374523,15,1.0,4502.743131,True,
LOCAL-v1-q3-minimum_radius-5027,3,frozen_baseline,11,299.1681587272727,0.0010763750178739429,11,1.0,3290.849746,True,
LOCAL-v1-q3-minimum_radius-5028,3,frozen_baseline,10,357.3114312,0.0009813749929890037,10,1.0,3573.114312,True,
LOCAL-v1-q3-minimum_radius-5029,3,frozen_baseline,11,309.1854981818182,0.0009765410795807838,11,1.0,3401.04048,True,
LOCAL-v1-q3-minimum_radius-5030,3,frozen_baseline,12,296.735832,0.0010125000262632966,12,1.0,3560.829984,True,
LOCAL-v1-q3-minimum_radius-5031,3,frozen_baseline,15,284.03528953333335,0.001357291010208428,15,1.0,4260.529343,True,
LOCAL-v1-q3-minimum_radius-5032,3,frozen_baseline,11,336.38557336363635,0.0009527499787509441,11,1.0,3700.241307,True,
LOCAL-v1-q3-minimum_radius-5033,3,frozen_baseline,14,283.4715156428571,0.0012931249802932143,14,1.0,3968.601219,True,
LOCAL-v1-q3-minimum_radius-5034,3,frozen_baseline,16,254.5115115625,0.0013124579563736916,16,1.0,4072.184185,True,
LOCAL-v1-q3-minimum_radius-5035,3,frozen_baseline,10,382.585457,0.0009809170151129365,10,1.0,3825.85457,True,
LOCAL-v1-q3-minimum_radius-5036,3,frozen_baseline,15,294.18708613333337,0.0012387499446049333,15,1.0,4412.806292,True,
LOCAL-v1-q3-minimum_radius-5037,3,frozen_baseline,15,295.51780406666666,0.0013742500450462103,15,1.0,4432.767061,True,
LOCAL-v1-q3-minimum_radius-5038,3,frozen_baseline,16,273.7857661875,0.0014446249697357416,16,1.0,4380.572259,True,
LOCAL-v1-q3-minimum_radius-5039,3,frozen_baseline,10,378.9716109,0.0010428749956190586,10,1.0,3789.716109,True,
LOCAL-v1-q3-minimum_radius-5040,3,frozen_baseline,15,274.7490714,0.0013646669685840607,15,1.0,4121.236071,True,
LOCAL-v1-q3-minimum_radius-5041,3,frozen_baseline,15,301.28018280000003,0.0012912079691886902,15,1.0,4519.202742,True,
LOCAL-v1-q3-minimum_radius-5042,3,frozen_baseline,11,326.96942309090906,0.0010889169061556458,11,1.0,3596.663654,True,
LOCAL-v1-q3-minimum_radius-5043,3,frozen_baseline,12,350.09033675,0.001080875052139163,12,1.0,4201.084041,True,
LOCAL-v1-q3-minimum_radius-5044,3,frozen_baseline,11,336.8258277272727,0.0010639169486239552,11,1.0,3705.084105,True,
LOCAL-v1-q3-minimum_radius-5045,3,frozen_baseline,11,336.27246809090906,0.0010032500140368938,11,1.0,3698.997149,True,
LOCAL-v1-q3-minimum_radius-5046,3,frozen_baseline,10,378.5416927,0.0008562910370528698,10,1.0,3785.416927,True,
LOCAL-v1-q3-minimum_radius-5047,3,frozen_baseline,16,254.7263485,0.0013763330643996596,16,1.0,4075.621576,True,
LOCAL-v1-q3-minimum_radius-5048,3,frozen_baseline,12,306.529103,0.0011129580670967698,12,1.0,3678.349236,True,
LOCAL-v1-q3-minimum_radius-5049,3,frozen_baseline,10,365.3958665,0.0009449589997529984,10,1.0,3653.958665,True,
LOCAL-v1-q3-minimum_radius-5050,3,frozen_baseline,15,269.77879193333337,0.0013651250628754497,15,1.0,4046.681879,True,
LOCAL-v1-q3-minimum_radius-5051,3,frozen_baseline,11,357.7847836363636,0.0009494579862803221,11,1.0,3935.63262,True,
LOCAL-v1-q3-minimum_radius-5052,3,frozen_baseline,13,305.8455463846154,0.0012595420703291893,13,1.0,3975.992103,True,
LOCAL-v1-q3-minimum_radius-5053,3,frozen_baseline,16,276.21279775,0.0012884159805253148,16,1.0,4419.404764,True,
LOCAL-v1-q3-minimum_radius-5054,3,frozen_baseline,16,277.58793325,0.0013126670382916927,16,1.0,4441.406932,True,
LOCAL-v1-q3-minimum_radius-5055,3,frozen_baseline,12,349.3860661666667,0.000985457911156118,12,1.0,4192.632794,True,
LOCAL-v1-q3-minimum_radius-5056,3,frozen_baseline,13,316.86059584615384,0.0013048750115558505,13,1.0,4119.187746,True,
LOCAL-v1-q3-minimum_radius-5057,3,frozen_baseline,13,308.45884253846157,0.0012047919444739819,13,1.0,4009.964953,True,
LOCAL-v1-q3-minimum_radius-5058,3,frozen_baseline,14,263.69771099999997,0.0011573749361559749,14,1.0,3691.767954,True,
LOCAL-v1-q3-minimum_radius-5059,3,frozen_baseline,12,306.63136075,0.00116658303886652,12,1.0,3679.576329,True,
LOCAL-v1-q3-minimum_radius-5060,3,frozen_baseline,11,341.81158727272725,0.0010719170095399022,11,1.0,3759.92746,True,
LOCAL-v1-q3-minimum_radius-5061,3,frozen_baseline,13,257.9344593076923,0.0010935419704765081,13,1.0,3353.147971,True,
LOCAL-v1-q3-minimum_radius-5062,3,frozen_baseline,16,254.7861330625,0.0012798330280929804,16,1.0,4076.578129,True,
LOCAL-v1-q3-minimum_radius-5063,3,frozen_baseline,15,287.19811293333333,0.0013894170988351107,15,1.0,4307.971694,True,
LOCAL-v1-q3-minimum_radius-5064,3,frozen_baseline,13,287.92821246153846,0.0012341669062152505,13,1.0,3743.066762,True,
LOCAL-v1-q3-minimum_radius-5065,3,frozen_baseline,12,315.2774743333333,0.0010540829971432686,12,1.0,3783.329692,True,
LOCAL-v1-q3-minimum_radius-5066,3,frozen_baseline,10,353.9808375,0.0009427079930901527,10,1.0,3539.808375,True,
LOCAL-v1-q3-minimum_radius-5067,3,frozen_baseline,16,275.5447958125,0.0014096250524744391,16,1.0,4408.716733,True,
LOCAL-v1-q3-minimum_radius-5068,3,frozen_baseline,13,296.90073138461537,0.0011395830661058426,13,1.0,3859.709508,True,
LOCAL-v1-q3-minimum_radius-5069,3,frozen_baseline,14,291.65330814285716,0.0012544590281322598,14,1.0,4083.146314,True,
LOCAL-v1-q3-minimum_radius-5070,3,frozen_baseline,12,363.7522035833333,0.0011499999091029167,12,1.0,4365.026443,True,
LOCAL-v1-q3-minimum_radius-5071,3,frozen_baseline,12,305.13921166666665,0.0010276250541210175,12,1.0,3661.67054,True,
LOCAL-v1-q3-minimum_radius-5072,3,frozen_baseline,15,286.09043613333336,0.0012868749909102917,15,1.0,4291.356542,True,
LOCAL-v1-q3-minimum_radius-5073,3,frozen_baseline,10,387.5135192,0.0009189170086756349,10,1.0,3875.135192,True,
LOCAL-v1-q3-minimum_radius-5074,3,frozen_baseline,16,255.3521783125,0.0013792499667033553,16,1.0,4085.634853,True,
LOCAL-v1-q3-minimum_radius-5075,3,frozen_baseline,15,254.7150604,0.0013712500222027302,15,1.0,3820.725906,True,
LOCAL-v1-q3-minimum_radius-5076,3,frozen_baseline,12,323.75095733333336,0.0011167919728904963,12,1.0,3885.011488,True,
LOCAL-v1-q3-minimum_radius-5077,3,frozen_baseline,14,299.84065114285715,0.0013080410426482558,14,1.0,4197.769116,True,
LOCAL-v1-q3-minimum_radius-5078,3,frozen_baseline,13,300.10139869230767,0.0011198340216651559,13,1.0,3901.318183,True,
LOCAL-v1-q3-minimum_radius-5079,3,frozen_baseline,10,371.9834861,0.0009989578975364566,10,1.0,3719.834861,True,
LOCAL-v1-q3-minimum_radius-5080,3,frozen_baseline,10,340.8061095,0.0008920830441638827,10,1.0,3408.061095,True,
LOCAL-v1-q3-minimum_radius-5081,3,frozen_baseline,16,258.6571944375,0.0013832079712301493,16,1.0,4138.515111,True,
LOCAL-v1-q3-minimum_radius-5082,3,frozen_baseline,13,302.759847,0.0012412089854478836,13,1.0,3935.878011,True,
LOCAL-v1-q3-minimum_radius-5083,3,frozen_baseline,13,316.46629330769235,0.0011835000477731228,13,1.0,4114.061813,True,
LOCAL-v1-q3-minimum_radius-5084,3,frozen_baseline,14,284.3231195,0.0012799170799553394,14,1.0,3980.523673,True,
LOCAL-v1-q3-minimum_radius-5085,3,frozen_baseline,15,291.38056033333334,0.0013738750712946057,15,1.0,4370.708405,True,
LOCAL-v1-q3-minimum_radius-5086,3,frozen_baseline,12,304.08511275,0.001002333010546863,12,1.0,3649.021353,True,
LOCAL-v1-q3-minimum_radius-5087,3,frozen_baseline,13,282.6487323076923,0.0011436250060796738,13,1.0,3674.43352,True,
LOCAL-v1-q3-minimum_radius-5088,3,frozen_baseline,16,248.2604524375,0.0012258749920874834,16,1.0,3972.167239,True,
LOCAL-v1-q3-minimum_radius-5089,3,frozen_baseline,15,304.2961842,0.0013244579313322902,15,1.0,4564.442763,True,
LOCAL-v1-q3-minimum_radius-5090,3,frozen_baseline,14,269.72565614285713,0.0011990841012448072,14,1.0,3776.159186,True,
LOCAL-v1-q3-minimum_radius-5091,3,frozen_baseline,12,296.4409175833333,0.001141292043030262,12,1.0,3557.291011,True,
LOCAL-v1-q3-minimum_radius-5092,3,frozen_baseline,11,390.3652774545455,0.0010819159215316176,11,1.0,4294.018052,True,
LOCAL-v1-q3-minimum_radius-5093,3,frozen_baseline,15,269.70195666666666,0.0012809999752789736,15,1.0,4045.52935,True,
LOCAL-v1-q3-minimum_radius-5094,3,frozen_baseline,11,362.1266287272727,0.0009330000029876828,11,1.0,3983.392916,True,
LOCAL-v1-q3-minimum_radius-5095,3,frozen_baseline,10,361.7407813,0.0010105830151587725,10,1.0,3617.407813,True,
LOCAL-v1-q3-minimum_radius-5096,3,frozen_baseline,14,287.5027667857143,0.0012705830158665776,14,1.0,4025.038735,True,
LOCAL-v1-q3-minimum_radius-5097,3,frozen_baseline,13,265.93812484615387,0.0011226249625906348,13,1.0,3457.195623,True,
LOCAL-v1-q3-minimum_radius-5098,3,frozen_baseline,16,292.053879875,0.001425374997779727,16,1.0,4672.862078,True,
LOCAL-v1-q3-minimum_radius-5099,3,frozen_baseline,13,304.14029800000003,0.001174542005173862,13,1.0,3953.823874,True,
LOCAL-v1-q3-exactly10_sources-5000,3,frozen_baseline,10,356.97396480000003,0.0009678340284153819,10,1.0,3569.739648,True,
LOCAL-v1-q3-exactly10_sources-5001,3,frozen_baseline,10,330.1749312,0.0010079999919980764,10,1.0,3301.749312,True,
LOCAL-v1-q3-exactly10_sources-5002,3,frozen_baseline,10,377.8864085,0.001086207921616733,10,1.0,3778.864085,True,
LOCAL-v1-q3-exactly10_sources-5003,3,frozen_baseline,10,370.1778396,0.0010589159792289138,10,1.0,3701.778396,True,
LOCAL-v1-q3-exactly10_sources-5004,3,frozen_baseline,10,351.89035939999997,0.0010264170123264194,10,1.0,3518.903594,True,
LOCAL-v1-q3-exactly10_sources-5005,3,frozen_baseline,10,338.461847,0.000992374960333109,10,1.0,3384.61847,True,
LOCAL-v1-q3-exactly10_sources-5006,3,frozen_baseline,10,357.3564163,0.0010911249555647373,10,1.0,3573.564163,True,
LOCAL-v1-q3-exactly10_sources-5007,3,frozen_baseline,10,368.7425564,0.0010430419351905584,10,1.0,3687.425564,True,
LOCAL-v1-q3-exactly10_sources-5008,3,frozen_baseline,10,389.1680662,0.0010329170618206263,10,1.0,3891.680662,True,
LOCAL-v1-q3-exactly10_sources-5009,3,frozen_baseline,10,367.38317470000004,0.0010020839981734753,10,1.0,3673.831747,True,
LOCAL-v1-q3-exactly10_sources-5010,3,frozen_baseline,10,403.36829309999996,0.0010328330099582672,10,1.0,4033.682931,True,
LOCAL-v1-q3-exactly10_sources-5011,3,frozen_baseline,10,379.9065126,0.0011504580033943057,10,1.0,3799.065126,True,
LOCAL-v1-q3-exactly10_sources-5012,3,frozen_baseline,10,354.4180933,0.000927707995288074,10,1.0,3544.180933,True,
LOCAL-v1-q3-exactly10_sources-5013,3,frozen_baseline,10,307.9927146,0.0009724999545142055,10,1.0,3079.927146,True,
LOCAL-v1-q3-exactly10_sources-5014,3,frozen_baseline,10,363.1508272,0.0009543750202283263,10,1.0,3631.508272,True,
LOCAL-v1-q3-exactly10_sources-5015,3,frozen_baseline,10,372.13338899999997,0.0010064160451292992,10,1.0,3721.33389,True,
LOCAL-v1-q3-exactly10_sources-5016,3,frozen_baseline,10,341.2754462,0.0009464999893680215,10,1.0,3412.754462,True,
LOCAL-v1-q3-exactly10_sources-5017,3,frozen_baseline,10,385.9591238,0.0010557910427451134,10,1.0,3859.591238,True,
LOCAL-v1-q3-exactly10_sources-5018,3,frozen_baseline,10,363.76344869999997,0.0010283750016242266,10,1.0,3637.634487,True,
LOCAL-v1-q3-exactly10_sources-5019,3,frozen_baseline,10,353.8799237,0.0010331249795854092,10,1.0,3538.799237,True,
LOCAL-v1-q3-exactly10_sources-5020,3,frozen_baseline,10,372.0136705,0.0011132500367239118,10,1.0,3720.136705,True,
LOCAL-v1-q3-exactly10_sources-5021,3,frozen_baseline,10,375.9256072,0.0011069170432165265,10,1.0,3759.256072,True,
LOCAL-v1-q3-exactly10_sources-5022,3,frozen_baseline,10,367.6788689,0.0010628330055624247,10,1.0,3676.788689,True,
LOCAL-v1-q3-exactly10_sources-5023,3,frozen_baseline,10,360.82144320000003,0.0010426250519230962,10,1.0,3608.214432,True,
LOCAL-v1-q3-exactly10_sources-5024,3,frozen_baseline,10,363.4812641,0.0010908750118687749,10,1.0,3634.812641,True,
LOCAL-v1-q3-exactly10_sources-5025,3,frozen_baseline,10,384.1395777,0.0010371250100433826,10,1.0,3841.395777,True,
LOCAL-v1-q3-exactly10_sources-5026,3,frozen_baseline,10,363.1360869,0.0011309579713270068,10,1.0,3631.360869,True,
LOCAL-v1-q3-exactly10_sources-5027,3,frozen_baseline,10,353.801915,0.0010678749531507492,10,1.0,3538.01915,True,
LOCAL-v1-q3-exactly10_sources-5028,3,frozen_baseline,10,367.7180307,0.0009524999186396599,10,1.0,3677.180307,True,
LOCAL-v1-q3-exactly10_sources-5029,3,frozen_baseline,10,319.5232366,0.0010683749569579959,10,1.0,3195.232366,True,
LOCAL-v1-q3-exactly10_sources-5030,3,frozen_baseline,10,352.1145309,0.0009603339713066816,10,1.0,3521.145309,True,
LOCAL-v1-q3-exactly10_sources-5031,3,frozen_baseline,10,321.35862929999996,0.0010168750304728746,10,1.0,3213.586293,True,
LOCAL-v1-q3-exactly10_sources-5032,3,frozen_baseline,10,342.8254349,0.0009301250101998448,10,1.0,3428.254349,True,
LOCAL-v1-q3-exactly10_sources-5033,3,frozen_baseline,10,349.2339146,0.0009654168970882893,10,1.0,3492.339146,True,
LOCAL-v1-q3-exactly10_sources-5034,3,frozen_baseline,10,312.9661449,0.0010566660203039646,10,1.0,3129.661449,True,
LOCAL-v1-q3-exactly10_sources-5035,3,frozen_baseline,10,392.64589420000004,0.0011811250587925315,10,1.0,3926.458942,True,
LOCAL-v1-q3-exactly10_sources-5036,3,frozen_baseline,10,346.5874662,0.0010230829939246178,10,1.0,3465.874662,True,
LOCAL-v1-q3-exactly10_sources-5037,3,frozen_baseline,10,389.5709703,0.0009588750544935465,10,1.0,3895.709703,True,
LOCAL-v1-q3-exactly10_sources-5038,3,frozen_baseline,10,373.176898,0.0010364591144025326,10,1.0,3731.76898,True,
LOCAL-v1-q3-exactly10_sources-5039,3,frozen_baseline,10,352.9356156,0.0010252919746562839,10,1.0,3529.356156,True,
LOCAL-v1-q3-exactly10_sources-5040,3,frozen_baseline,10,334.8304057,0.0011203750036656857,10,1.0,3348.304057,True,
LOCAL-v1-q3-exactly10_sources-5041,3,frozen_baseline,10,322.5962123,0.0010270000202581286,10,1.0,3225.962123,True,
LOCAL-v1-q3-exactly10_sources-5042,3,frozen_baseline,10,342.69094789999997,0.0011607500491663814,10,1.0,3426.909479,True,
LOCAL-v1-q3-exactly10_sources-5043,3,frozen_baseline,10,333.7456006,0.0010368750663474202,10,1.0,3337.456006,True,
LOCAL-v1-q3-exactly10_sources-5044,3,frozen_baseline,10,362.7028378,0.000986957922577858,10,1.0,3627.028378,True,
LOCAL-v1-q3-exactly10_sources-5045,3,frozen_baseline,10,371.451238,0.0011122080031782389,10,1.0,3714.51238,True,
LOCAL-v1-q3-exactly10_sources-5046,3,frozen_baseline,10,387.867714,0.0009558330057188869,10,1.0,3878.67714,True,
LOCAL-v1-q3-exactly10_sources-5047,3,frozen_baseline,10,376.4498119,0.0010213329223915935,10,1.0,3764.498119,True,
LOCAL-v1-q3-exactly10_sources-5048,3,frozen_baseline,10,341.9431667,0.0010008750250563025,10,1.0,3419.431667,True,
LOCAL-v1-q3-exactly10_sources-5049,3,frozen_baseline,10,355.943662,0.00108233408536762,10,1.0,3559.43662,True,
LOCAL-v1-q3-exactly10_sources-5050,3,frozen_baseline,10,334.2026735,0.0010176659561693668,10,1.0,3342.026735,True,
LOCAL-v1-q3-exactly10_sources-5051,3,frozen_baseline,10,449.1619164,0.0010719579877331853,10,1.0,4491.619164,True,
LOCAL-v1-q3-exactly10_sources-5052,3,frozen_baseline,10,383.724313,0.0011311249108985066,10,1.0,3837.24313,True,
LOCAL-v1-q3-exactly10_sources-5053,3,frozen_baseline,10,371.3141865,0.00120749999769032,10,1.0,3713.141865,True,
LOCAL-v1-q3-exactly10_sources-5054,3,frozen_baseline,10,346.7722632,0.001111541991122067,10,1.0,3467.722632,True,
LOCAL-v1-q3-exactly10_sources-5055,3,frozen_baseline,10,345.5441186,0.0009760409593582153,10,1.0,3455.441186,True,
LOCAL-v1-q3-exactly10_sources-5056,3,frozen_baseline,10,367.1556533,0.0010363329201936722,10,1.0,3671.556533,True,
LOCAL-v1-q3-exactly10_sources-5057,3,frozen_baseline,10,349.9008124,0.001101000001654029,10,1.0,3499.008124,True,
LOCAL-v1-q3-exactly10_sources-5058,3,frozen_baseline,10,346.38800200000003,0.0011041249381378293,10,1.0,3463.88002,True,
LOCAL-v1-q3-exactly10_sources-5059,3,frozen_baseline,10,342.5745958,0.0010696669341996312,10,1.0,3425.745958,True,
LOCAL-v1-q3-exactly10_sources-5060,3,frozen_baseline,10,336.745658,0.0010525420075282454,10,1.0,3367.45658,True,
LOCAL-v1-q3-exactly10_sources-5061,3,frozen_baseline,10,342.915557,0.0010787500068545341,10,1.0,3429.15557,True,
LOCAL-v1-q3-exactly10_sources-5062,3,frozen_baseline,10,394.9475473,0.0009534170385450125,10,1.0,3949.475473,True,
LOCAL-v1-q3-exactly10_sources-5063,3,frozen_baseline,10,372.0240296,0.0009690839797258377,10,1.0,3720.240296,True,
LOCAL-v1-q3-exactly10_sources-5064,3,frozen_baseline,10,365.4539198,0.001154207973740995,10,1.0,3654.539198,True,
LOCAL-v1-q3-exactly10_sources-5065,3,frozen_baseline,10,348.5659578,0.0010489580454304814,10,1.0,3485.659578,True,
LOCAL-v1-q3-exactly10_sources-5066,3,frozen_baseline,10,334.9132881,0.0010343330213800073,10,1.0,3349.132881,True,
LOCAL-v1-q3-exactly10_sources-5067,3,frozen_baseline,10,398.3257098,0.0011441670358181,10,1.0,3983.257098,True,
LOCAL-v1-q3-exactly10_sources-5068,3,frozen_baseline,10,368.2242073,0.001065292046405375,10,1.0,3682.242073,True,
LOCAL-v1-q3-exactly10_sources-5069,3,frozen_baseline,10,358.46449590000003,0.0010218750685453415,10,1.0,3584.644959,True,
LOCAL-v1-q3-exactly10_sources-5070,3,frozen_baseline,10,358.001403,0.001194374985061586,10,1.0,3580.01403,True,
LOCAL-v1-q3-exactly10_sources-5071,3,frozen_baseline,10,346.34196149999997,0.0009672499727457762,10,1.0,3463.419615,True,
LOCAL-v1-q3-exactly10_sources-5072,3,frozen_baseline,10,368.59173300000003,0.0011462499387562275,10,1.0,3685.91733,True,
LOCAL-v1-q3-exactly10_sources-5073,3,frozen_baseline,10,366.8441139,0.0010876670712605119,10,1.0,3668.441139,True,
LOCAL-v1-q3-exactly10_sources-5074,3,frozen_baseline,10,354.7625645,0.0010912499856203794,10,1.0,3547.625645,True,
LOCAL-v1-q3-exactly10_sources-5075,3,frozen_baseline,10,394.7060226,0.0010961249936372042,10,1.0,3947.060226,True,
LOCAL-v1-q3-exactly10_sources-5076,3,frozen_baseline,10,376.49026749999996,0.0011225830530747771,10,1.0,3764.902675,True,
LOCAL-v1-q3-exactly10_sources-5077,3,frozen_baseline,10,349.2240925,0.0010814169654622674,10,1.0,3492.240925,True,
LOCAL-v1-q3-exactly10_sources-5078,3,frozen_baseline,10,363.1657865,0.0011838750215247273,10,1.0,3631.657865,True,
LOCAL-v1-q3-exactly10_sources-5079,3,frozen_baseline,10,356.76411229999997,0.0011232499964535236,10,1.0,3567.641123,True,
LOCAL-v1-q3-exactly10_sources-5080,3,frozen_baseline,10,331.9749026,0.0009603750659152865,10,1.0,3319.749026,True,
LOCAL-v1-q3-exactly10_sources-5081,3,frozen_baseline,10,333.9376972,0.0010966249974444509,10,1.0,3339.376972,True,
LOCAL-v1-q3-exactly10_sources-5082,3,frozen_baseline,10,388.21425239999996,0.00114483293145895,10,1.0,3882.142524,True,
LOCAL-v1-q3-exactly10_sources-5083,3,frozen_baseline,10,344.1869115,0.0010105420369654894,10,1.0,3441.869115,True,
LOCAL-v1-q3-exactly10_sources-5084,3,frozen_baseline,10,314.7198985,0.0010278329718858004,10,1.0,3147.198985,True,
LOCAL-v1-q3-exactly10_sources-5085,3,frozen_baseline,10,339.9422747,0.00097287492826581,10,1.0,3399.422747,True,
LOCAL-v1-q3-exactly10_sources-5086,3,frozen_baseline,10,341.85420949999997,0.0010157499928027391,10,1.0,3418.542095,True,
LOCAL-v1-q3-exactly10_sources-5087,3,frozen_baseline,10,391.1115972,0.0011812909506261349,10,1.0,3911.115972,True,
LOCAL-v1-q3-exactly10_sources-5088,3,frozen_baseline,10,324.2446214,0.0009933749679476023,10,1.0,3242.446214,True,
LOCAL-v1-q3-exactly10_sources-5089,3,frozen_baseline,10,323.74907939999997,0.0009752499172464013,10,1.0,3237.490794,True,
LOCAL-v1-q3-exactly10_sources-5090,3,frozen_baseline,10,395.9105654,0.0010867080418393016,10,1.0,3959.105654,True,
LOCAL-v1-q3-exactly10_sources-5091,3,frozen_baseline,10,335.26649299999997,0.0010010419646278024,10,1.0,3352.66493,True,
LOCAL-v1-q3-exactly10_sources-5092,3,frozen_baseline,10,348.5013468,0.0010689579648897052,10,1.0,3485.013468,True,
LOCAL-v1-q3-exactly10_sources-5093,3,frozen_baseline,10,351.2377059,0.0010463329963386059,10,1.0,3512.377059,True,
LOCAL-v1-q3-exactly10_sources-5094,3,frozen_baseline,10,382.0860657,0.0011093749199062586,10,1.0,3820.860657,True,
LOCAL-v1-q3-exactly10_sources-5095,3,frozen_baseline,10,322.5870367,0.001116375089623034,10,1.0,3225.870367,True,
LOCAL-v1-q3-exactly10_sources-5096,3,frozen_baseline,10,392.9929065,0.0010342500172555447,10,1.0,3929.929065,True,
LOCAL-v1-q3-exactly10_sources-5097,3,frozen_baseline,10,380.25699180000004,0.0010613750200718641,10,1.0,3802.569918,True,
LOCAL-v1-q3-exactly10_sources-5098,3,frozen_baseline,10,347.796915,0.0009656250476837158,10,1.0,3477.96915,True,
LOCAL-v1-q3-exactly10_sources-5099,3,frozen_baseline,10,357.79986399999996,0.0011832080781459808,10,1.0,3577.99864,True,
LOCAL-v1-q3-exactly16_sources-5000,3,frozen_baseline,16,282.9764535625,0.0015517080901190639,16,1.0,4527.623257,True,
LOCAL-v1-q3-exactly16_sources-5001,3,frozen_baseline,16,242.701398875,0.0015724580734968185,16,1.0,3883.222382,True,
LOCAL-v1-q3-exactly16_sources-5002,3,frozen_baseline,16,250.5253479375,0.0013611669419333339,16,1.0,4008.405567,True,
LOCAL-v1-q3-exactly16_sources-5003,3,frozen_baseline,16,240.5984198125,0.0014872089959681034,16,1.0,3849.574717,True,
LOCAL-v1-q3-exactly16_sources-5004,3,frozen_baseline,16,257.30547975,0.0015200000489130616,16,1.0,4116.887676,True,
LOCAL-v1-q3-exactly16_sources-5005,3,frozen_baseline,16,252.6656855,0.001695082988590002,16,1.0,4042.650968,True,
LOCAL-v1-q3-exactly16_sources-5006,3,frozen_baseline,16,279.74379075,0.0015616660239174962,16,1.0,4475.900652,True,
LOCAL-v1-q3-exactly16_sources-5007,3,frozen_baseline,16,249.6440319375,0.0014785840176045895,16,1.0,3994.304511,True,
LOCAL-v1-q3-exactly16_sources-5008,3,frozen_baseline,16,244.2223628125,0.0016134158940985799,16,1.0,3907.557805,True,
LOCAL-v1-q3-exactly16_sources-5009,3,frozen_baseline,16,248.0629074375,0.0014896669890731573,16,1.0,3969.006519,True,
LOCAL-v1-q3-exactly16_sources-5010,3,frozen_baseline,16,259.3008236875,0.0015671250876039267,16,1.0,4148.813179,True,
LOCAL-v1-q3-exactly16_sources-5011,3,frozen_baseline,16,277.23241325,0.0014563750009983778,16,1.0,4435.718612,True,
LOCAL-v1-q3-exactly16_sources-5012,3,frozen_baseline,16,244.56860275,0.0015617499593645334,16,1.0,3913.097644,True,
LOCAL-v1-q3-exactly16_sources-5013,3,frozen_baseline,16,260.721391125,0.001536083989776671,16,1.0,4171.542258,True,
LOCAL-v1-q3-exactly16_sources-5014,3,frozen_baseline,16,250.85045825,0.0015220839995890856,16,1.0,4013.607332,True,
LOCAL-v1-q3-exactly16_sources-5015,3,frozen_baseline,16,267.2309790625,0.001518749981187284,16,1.0,4275.695665,True,
LOCAL-v1-q3-exactly16_sources-5016,3,frozen_baseline,16,256.052974875,0.0015860829735174775,16,1.0,4096.847598,True,
LOCAL-v1-q3-exactly16_sources-5017,3,frozen_baseline,16,256.6807231875,0.0013516659382730722,16,1.0,4106.891571,True,
LOCAL-v1-q3-exactly16_sources-5018,3,frozen_baseline,16,296.99508575,0.0015297499485313892,16,1.0,4751.921372,True,
LOCAL-v1-q3-exactly16_sources-5019,3,frozen_baseline,16,283.2683320625,0.0013631669571623206,16,1.0,4532.293313,True,
LOCAL-v1-q3-exactly16_sources-5020,3,frozen_baseline,16,266.0172461875,0.0014809999847784638,16,1.0,4256.275939,True,
LOCAL-v1-q3-exactly16_sources-5021,3,frozen_baseline,16,272.2531525625,0.0015424999874085188,16,1.0,4356.050441,True,
LOCAL-v1-q3-exactly16_sources-5022,3,frozen_baseline,16,268.70228025,0.0014729590620845556,16,1.0,4299.236484,True,
LOCAL-v1-q3-exactly16_sources-5023,3,frozen_baseline,16,226.11858025,0.0013411249965429306,16,1.0,3617.897284,True,
LOCAL-v1-q3-exactly16_sources-5024,3,frozen_baseline,16,268.9887669375,0.001674833009019494,16,1.0,4303.820271,True,
LOCAL-v1-q3-exactly16_sources-5025,3,frozen_baseline,16,266.0792206875,0.0015412080101668835,16,1.0,4257.267531,True,
LOCAL-v1-q3-exactly16_sources-5026,3,frozen_baseline,16,299.5751114375,0.0016110000433400273,16,1.0,4793.201783,True,
LOCAL-v1-q3-exactly16_sources-5027,3,frozen_baseline,16,232.5955356875,0.0014938750537112355,16,1.0,3721.528571,True,
LOCAL-v1-q3-exactly16_sources-5028,3,frozen_baseline,16,265.441636875,0.0015548750525340438,16,1.0,4247.06619,True,
LOCAL-v1-q3-exactly16_sources-5029,3,frozen_baseline,16,250.7337781875,0.0014832500601187348,16,1.0,4011.740451,True,
LOCAL-v1-q3-exactly16_sources-5030,3,frozen_baseline,16,253.46435675,0.00404608401004225,16,1.0,4055.429708,True,
LOCAL-v1-q3-exactly16_sources-5031,3,frozen_baseline,16,260.85283825,0.001629207981750369,16,1.0,4173.645412,True,
LOCAL-v1-q3-exactly16_sources-5032,3,frozen_baseline,16,288.16257325,0.0017417080234736204,16,1.0,4610.601172,True,
LOCAL-v1-q3-exactly16_sources-5033,3,frozen_baseline,16,249.716264625,0.001402541995048523,16,1.0,3995.460234,True,
LOCAL-v1-q3-exactly16_sources-5034,3,frozen_baseline,16,253.77811075,0.0016302919248118997,16,1.0,4060.449772,True,
LOCAL-v1-q3-exactly16_sources-5035,3,frozen_baseline,16,285.7722114375,0.0015702910022810102,16,1.0,4572.355383,True,
LOCAL-v1-q3-exactly16_sources-5036,3,frozen_baseline,16,241.2167435625,0.001415250007994473,16,1.0,3859.467897,True,
LOCAL-v1-q3-exactly16_sources-5037,3,frozen_baseline,16,241.8761270625,0.0014899999368935823,16,1.0,3870.018033,True,
LOCAL-v1-q3-exactly16_sources-5038,3,frozen_baseline,16,275.48420675,0.0015531660756096244,16,1.0,4407.747308,True,
LOCAL-v1-q3-exactly16_sources-5039,3,frozen_baseline,16,261.104684,0.0014095830265432596,16,1.0,4177.674944,True,
LOCAL-v1-q3-exactly16_sources-5040,3,frozen_baseline,16,279.3794929375,0.0014034999767318368,16,1.0,4470.071887,True,
LOCAL-v1-q3-exactly16_sources-5041,3,frozen_baseline,16,255.053448375,0.001477541052736342,16,1.0,4080.855174,True,
LOCAL-v1-q3-exactly16_sources-5042,3,frozen_baseline,16,259.972884625,0.0015038750134408474,16,1.0,4159.566154,True,
LOCAL-v1-q3-exactly16_sources-5043,3,frozen_baseline,16,248.3639508125,0.001629916951060295,16,1.0,3973.823213,True,
LOCAL-v1-q3-exactly16_sources-5044,3,frozen_baseline,16,235.5035523125,0.0014174580574035645,16,1.0,3768.056837,True,
LOCAL-v1-q3-exactly16_sources-5045,3,frozen_baseline,16,256.9794864375,0.0016624999698251486,16,1.0,4111.671783,True,
LOCAL-v1-q3-exactly16_sources-5046,3,frozen_baseline,16,275.5745915,0.0015152919804677367,16,1.0,4409.193464,True,
LOCAL-v1-q3-exactly16_sources-5047,3,frozen_baseline,16,230.7874636875,0.0014493330381810665,16,1.0,3692.599419,True,
LOCAL-v1-q3-exactly16_sources-5048,3,frozen_baseline,16,251.648514875,0.0015443750889971852,16,1.0,4026.376238,True,
LOCAL-v1-q3-exactly16_sources-5049,3,frozen_baseline,16,257.3075888125,0.0015707920538261533,16,1.0,4116.921421,True,
LOCAL-v1-q3-exactly16_sources-5050,3,frozen_baseline,16,248.2239980625,0.001470666960813105,16,1.0,3971.583969,True,
LOCAL-v1-q3-exactly16_sources-5051,3,frozen_baseline,16,258.601975625,0.0015665000537410378,16,1.0,4137.63161,True,
LOCAL-v1-q3-exactly16_sources-5052,3,frozen_baseline,16,272.8621143125,0.0014835839392617345,16,1.0,4365.793829,True,
LOCAL-v1-q3-exactly16_sources-5053,3,frozen_baseline,16,252.2673453125,0.0013469590339809656,16,1.0,4036.277525,True,
LOCAL-v1-q3-exactly16_sources-5054,3,frozen_baseline,16,262.790193,0.0014185409527271986,16,1.0,4204.643088,True,
LOCAL-v1-q3-exactly16_sources-5055,3,frozen_baseline,16,255.49022775,0.001437583938241005,16,1.0,4087.843644,True,
LOCAL-v1-q3-exactly16_sources-5056,3,frozen_baseline,16,244.18355925,0.001485500019043684,16,1.0,3906.936948,True,
LOCAL-v1-q3-exactly16_sources-5057,3,frozen_baseline,16,251.6540956875,0.0016374168917536736,16,1.0,4026.465531,True,
LOCAL-v1-q3-exactly16_sources-5058,3,frozen_baseline,16,211.573409875,0.0013010420370846987,16,1.0,3385.174558,True,
LOCAL-v1-q3-exactly16_sources-5059,3,frozen_baseline,16,268.419886,0.001430041971616447,16,1.0,4294.718176,True,
LOCAL-v1-q3-exactly16_sources-5060,3,frozen_baseline,16,239.7427771875,0.0014835409820079803,16,1.0,3835.884435,True,
LOCAL-v1-q3-exactly16_sources-5061,3,frozen_baseline,16,297.62277375,0.001495208009146154,16,1.0,4761.96438,True,
LOCAL-v1-q3-exactly16_sources-5062,3,frozen_baseline,16,249.1404301875,0.0013197920052334666,16,1.0,3986.246883,True,
LOCAL-v1-q3-exactly16_sources-5063,3,frozen_baseline,16,259.7369274375,0.0014807910192757845,16,1.0,4155.790839,True,
LOCAL-v1-q3-exactly16_sources-5064,3,frozen_baseline,16,275.726359125,0.0014838749775663018,16,1.0,4411.621746,True,
LOCAL-v1-q3-exactly16_sources-5065,3,frozen_baseline,16,246.4867304375,0.001411916920915246,16,1.0,3943.787687,True,
LOCAL-v1-q3-exactly16_sources-5066,3,frozen_baseline,16,263.5460693125,0.0014001249801367521,16,1.0,4216.737109,True,
LOCAL-v1-q3-exactly16_sources-5067,3,frozen_baseline,16,267.5560099375,0.001662166090682149,16,1.0,4280.896159,True,
LOCAL-v1-q3-exactly16_sources-5068,3,frozen_baseline,16,270.5865595,0.0015390829648822546,16,1.0,4329.384952,True,
LOCAL-v1-q3-exactly16_sources-5069,3,frozen_baseline,16,254.7702769375,0.001532917027361691,16,1.0,4076.324431,True,
LOCAL-v1-q3-exactly16_sources-5070,3,frozen_baseline,16,256.6016313125,0.0015625840751454234,16,1.0,4105.626101,True,
LOCAL-v1-q3-exactly16_sources-5071,3,frozen_baseline,16,279.368518125,0.0015294579789042473,16,1.0,4469.89629,True,
LOCAL-v1-q3-exactly16_sources-5072,3,frozen_baseline,16,238.733980625,0.0014006249839439988,16,1.0,3819.74369,True,
LOCAL-v1-q3-exactly16_sources-5073,3,frozen_baseline,16,309.17354825,0.0016588339349254966,16,1.0,4946.776772,True,
LOCAL-v1-q3-exactly16_sources-5074,3,frozen_baseline,16,240.63327025,0.0015047499909996986,16,1.0,3850.132324,True,
LOCAL-v1-q3-exactly16_sources-5075,3,frozen_baseline,16,271.9668070625,0.001511584036052227,16,1.0,4351.468913,True,
LOCAL-v1-q3-exactly16_sources-5076,3,frozen_baseline,16,221.440714625,0.0014295420842245221,16,1.0,3543.051434,True,
LOCAL-v1-q3-exactly16_sources-5077,3,frozen_baseline,16,255.7308425625,0.0014856249326840043,16,1.0,4091.693481,True,
LOCAL-v1-q3-exactly16_sources-5078,3,frozen_baseline,16,232.2571135625,0.0017016250640153885,16,1.0,3716.113817,True,
LOCAL-v1-q3-exactly16_sources-5079,3,frozen_baseline,16,279.4935595,0.0013652079505845904,16,1.0,4471.896952,True,
LOCAL-v1-q3-exactly16_sources-5080,3,frozen_baseline,16,271.3768011875,0.0015649580163881183,16,1.0,4342.028819,True,
LOCAL-v1-q3-exactly16_sources-5081,3,frozen_baseline,16,239.019877125,0.001447124988771975,16,1.0,3824.318034,True,
LOCAL-v1-q3-exactly16_sources-5082,3,frozen_baseline,16,270.0133695,0.001409459044225514,16,1.0,4320.213912,True,
LOCAL-v1-q3-exactly16_sources-5083,3,frozen_baseline,16,285.2159106875,0.0015449170023202896,16,1.0,4563.454571,True,
LOCAL-v1-q3-exactly16_sources-5084,3,frozen_baseline,16,265.0563035625,0.0015904579777270555,16,1.0,4240.900857,True,
LOCAL-v1-q3-exactly16_sources-5085,3,frozen_baseline,16,244.1722564375,0.0015660839853808284,16,1.0,3906.756103,True,
LOCAL-v1-q3-exactly16_sources-5086,3,frozen_baseline,16,233.769822875,0.0015502499882131815,16,1.0,3740.317166,True,
LOCAL-v1-q3-exactly16_sources-5087,3,frozen_baseline,16,247.68604825,0.001441249973140657,16,1.0,3962.976772,True,
LOCAL-v1-q3-exactly16_sources-5088,3,frozen_baseline,16,226.3097661875,0.0015239580534398556,16,1.0,3620.956259,True,
LOCAL-v1-q3-exactly16_sources-5089,3,frozen_baseline,16,277.4882148125,0.0016002499032765627,16,1.0,4439.811437,True,
LOCAL-v1-q3-exactly16_sources-5090,3,frozen_baseline,16,258.211535875,0.001435499987564981,16,1.0,4131.384574,True,
LOCAL-v1-q3-exactly16_sources-5091,3,frozen_baseline,16,264.8371161875,0.001661792048253119,16,1.0,4237.393859,True,
LOCAL-v1-q3-exactly16_sources-5092,3,frozen_baseline,16,248.4156640625,0.0015104999765753746,16,1.0,3974.650625,True,
LOCAL-v1-q3-exactly16_sources-5093,3,frozen_baseline,16,215.411677625,0.0014651250094175339,16,1.0,3446.586842,True,
LOCAL-v1-q3-exactly16_sources-5094,3,frozen_baseline,16,288.4583174375,0.0015718749491497874,16,1.0,4615.333079,True,
LOCAL-v1-q3-exactly16_sources-5095,3,frozen_baseline,16,258.8160541875,0.0014436660567298532,16,1.0,4141.056867,True,
LOCAL-v1-q3-exactly16_sources-5096,3,frozen_baseline,16,251.396764125,0.00147070805542171,16,1.0,4022.348226,True,
LOCAL-v1-q3-exactly16_sources-5097,3,frozen_baseline,16,234.9973629375,0.0014714589342474937,16,1.0,3759.957807,True,
LOCAL-v1-q3-exactly16_sources-5098,3,frozen_baseline,16,260.62969925,0.0016601660754531622,16,1.0,4170.075188,True,
LOCAL-v1-q3-exactly16_sources-5099,3,frozen_baseline,16,226.016537375,0.0014204580802470446,16,1.0,3616.264598,True,
LOCAL-v1-q4-reference_assumed-5000,4,frozen_baseline,11,599.840063,0.018438333994708955,11,1.0,6598.240693,True,
LOCAL-v1-q4-reference_assumed-5001,4,frozen_baseline,14,544.6526032857143,0.018266209051944315,14,1.0,7625.136446,True,
LOCAL-v1-q4-reference_assumed-5002,4,frozen_baseline,15,468.19097700000003,0.015268833027221262,15,1.0,7022.864655,True,
LOCAL-v1-q4-reference_assumed-5003,4,frozen_baseline,11,619.2687357272727,0.016508334083482623,11,1.0,6811.956093,True,
LOCAL-v1-q4-reference_assumed-5004,4,frozen_baseline,12,528.41223475,0.01703850005287677,12,1.0,6340.946817,True,
LOCAL-v1-q4-reference_assumed-5005,4,frozen_baseline,11,566.3165002727272,0.020051792031154037,11,1.0,6229.481503,True,
LOCAL-v1-q4-reference_assumed-5006,4,frozen_baseline,11,644.458277909091,0.01836674998048693,11,1.0,7089.041057,True,
LOCAL-v1-q4-reference_assumed-5007,4,frozen_baseline,11,623.1219978181817,0.022342000040225685,11,1.0,6854.341976,True,
LOCAL-v1-q4-reference_assumed-5008,4,frozen_baseline,10,814.8688037,0.01946608303114772,10,1.0,8148.688037,True,
LOCAL-v1-q4-reference_assumed-5009,4,frozen_baseline,14,467.51132,0.021798167028464377,14,1.0,6545.15848,True,
LOCAL-v1-q4-reference_assumed-5010,4,frozen_baseline,12,523.51339525,0.01853266602847725,12,1.0,6282.160743,True,
LOCAL-v1-q4-reference_assumed-5011,4,frozen_baseline,15,450.05365873333335,0.01851249998435378,15,1.0,6750.804881,True,
LOCAL-v1-q4-reference_assumed-5012,4,frozen_baseline,10,657.2471982,0.01433529204223305,10,1.0,6572.471982,True,
LOCAL-v1-q4-reference_assumed-5013,4,frozen_baseline,12,583.6623150833333,0.014776000054553151,12,1.0,7003.947781,True,
LOCAL-v1-q4-reference_assumed-5014,4,frozen_baseline,11,632.9041657272727,0.01753504096996039,11,1.0,6961.945823,True,
LOCAL-v1-q4-reference_assumed-5015,4,frozen_baseline,12,545.9013948333334,0.019001250038854778,12,1.0,6550.816738,True,
LOCAL-v1-q4-reference_assumed-5016,4,frozen_baseline,16,401.793748375,0.018768416019156575,16,1.0,6428.699974,True,
LOCAL-v1-q4-reference_assumed-5017,4,frozen_baseline,15,549.6781098666667,0.016641209018416703,15,1.0,8245.171648,True,
LOCAL-v1-q4-reference_assumed-5018,4,frozen_baseline,10,796.2987323,0.016056666965596378,10,1.0,7962.987323,True,
LOCAL-v1-q4-reference_assumed-5019,4,frozen_baseline,11,625.9010803636364,0.017639667028561234,11,1.0,6884.911884,True,
LOCAL-v1-q4-reference_assumed-5020,4,frozen_baseline,16,453.95744875,0.016721374937333167,16,1.0,7263.31918,True,
LOCAL-v1-q4-reference_assumed-5021,4,frozen_baseline,14,528.5917218571428,0.018196374992839992,14,1.0,7400.284106,True,
LOCAL-v1-q4-reference_assumed-5022,4,frozen_baseline,14,550.7124377857143,0.019812875078059733,14,1.0,7709.974129,True,
LOCAL-v1-q4-reference_assumed-5023,4,frozen_baseline,15,411.6532883333333,0.02261095796711743,15,1.0,6174.799325,True,
LOCAL-v1-q4-reference_assumed-5024,4,frozen_baseline,13,489.6105983076923,0.01611949992366135,13,1.0,6364.937778,True,
LOCAL-v1-q4-reference_assumed-5025,4,frozen_baseline,12,620.79194375,0.019788083038292825,12,1.0,7449.503325,True,
LOCAL-v1-q4-reference_assumed-5026,4,frozen_baseline,15,430.5395578,0.01952512504067272,15,1.0,6458.093367,True,
LOCAL-v1-q4-reference_assumed-5027,4,frozen_baseline,11,640.5039158181818,0.018402375048026443,11,1.0,7045.543074,True,
LOCAL-v1-q4-reference_assumed-5028,4,frozen_baseline,10,679.8445515000001,0.01617962506134063,10,1.0,6798.445515,True,
LOCAL-v1-q4-reference_assumed-5029,4,frozen_baseline,11,688.4357184545454,0.016512000001966953,11,1.0,7572.792903,True,
LOCAL-v1-q4-reference_assumed-5030,4,frozen_baseline,12,697.38049625,0.018398915999569,12,1.0,8368.565955,True,
LOCAL-v1-q4-reference_assumed-5031,4,frozen_baseline,15,504.49689086666666,0.01968899997882545,15,1.0,7567.453363,True,
LOCAL-v1-q4-reference_assumed-5032,4,frozen_baseline,11,559.0710585454545,0.01778649992775172,11,1.0,6149.781644,True,
LOCAL-v1-q4-reference_assumed-5033,4,frozen_baseline,14,445.2781163571429,0.019003958092071116,14,1.0,6233.893629,True,
LOCAL-v1-q4-reference_assumed-5034,4,frozen_baseline,16,490.203628625,0.01970945904031396,16,1.0,7843.258058,True,
LOCAL-v1-q4-reference_assumed-5035,4,frozen_baseline,10,704.5816368,0.014826332917436957,10,1.0,7045.816368,True,
LOCAL-v1-q4-reference_assumed-5036,4,frozen_baseline,15,488.2574426,0.015811167075298727,15,1.0,7323.861639,True,
LOCAL-v1-q4-reference_assumed-5037,4,frozen_baseline,15,550.2521052666667,0.02182475000154227,15,1.0,8253.781579,True,
LOCAL-v1-q4-reference_assumed-5038,4,frozen_baseline,16,410.1532484375,0.01911745802499354,16,1.0,6562.451975,True,
LOCAL-v1-q4-reference_assumed-5039,4,frozen_baseline,10,679.9325279,0.01727583399042487,10,1.0,6799.325279,True,
LOCAL-v1-q4-reference_assumed-5040,4,frozen_baseline,15,422.29870300000005,0.017942290985956788,15,1.0,6334.480545,True,
LOCAL-v1-q4-reference_assumed-5041,4,frozen_baseline,15,525.4085812,0.02078533300664276,15,1.0,7881.128718,True,
LOCAL-v1-q4-reference_assumed-5042,4,frozen_baseline,11,603.1172753636364,0.020450124982744455,11,1.0,6634.290029,True,
LOCAL-v1-q4-reference_assumed-5043,4,frozen_baseline,12,580.3268004166667,0.022982334019616246,12,1.0,6963.921605,True,
LOCAL-v1-q4-reference_assumed-5044,4,frozen_baseline,11,683.660791,0.01693241694010794,11,1.0,7520.268701,True,
LOCAL-v1-q4-reference_assumed-5045,4,frozen_baseline,11,569.6669296363636,0.014533833949826658,11,1.0,6266.336226,True,
LOCAL-v1-q4-reference_assumed-5046,4,frozen_baseline,10,650.2828733,0.017248208983801305,10,1.0,6502.828733,True,
LOCAL-v1-q4-reference_assumed-5047,4,frozen_baseline,16,392.92408325,0.02253316598944366,16,1.0,6286.785332,True,
LOCAL-v1-q4-reference_assumed-5048,4,frozen_baseline,12,556.604422,0.015030540991574526,12,1.0,6679.253064,True,
LOCAL-v1-q4-reference_assumed-5049,4,frozen_baseline,10,737.8516804,0.017997249960899353,10,1.0,7378.516804,True,
LOCAL-v1-q4-reference_assumed-5050,4,frozen_baseline,15,469.9882676,0.01988966704811901,15,1.0,7049.824014,True,
LOCAL-v1-q4-reference_assumed-5051,4,frozen_baseline,11,660.1872349090909,0.015321042039431632,11,1.0,7262.059584,True,
LOCAL-v1-q4-reference_assumed-5052,4,frozen_baseline,13,482.30088423076927,0.017699333024211228,13,1.0,6269.911495,True,
LOCAL-v1-q4-reference_assumed-5053,4,frozen_baseline,16,413.3526328125,0.02044970798306167,16,1.0,6613.642125,True,
LOCAL-v1-q4-reference_assumed-5054,4,frozen_baseline,16,420.4218415625,0.02009629097301513,16,1.0,6726.749465,True,
LOCAL-v1-q4-reference_assumed-5055,4,frozen_baseline,12,702.4245598333333,0.01453729101922363,12,1.0,8429.094718,True,
LOCAL-v1-q4-reference_assumed-5056,4,frozen_baseline,13,503.2132043846154,0.01649379206355661,13,1.0,6541.771657,True,
LOCAL-v1-q4-reference_assumed-5057,4,frozen_baseline,13,525.8481337692308,0.01479770801961422,13,1.0,6836.025739,True,
LOCAL-v1-q4-reference_assumed-5058,4,frozen_baseline,14,465.2459070714286,0.017603332991711795,14,1.0,6513.442699,True,
LOCAL-v1-q4-reference_assumed-5059,4,frozen_baseline,12,557.31233075,0.017361875041387975,12,1.0,6687.747969,True,
LOCAL-v1-q4-reference_assumed-5060,4,frozen_baseline,11,627.9468371818182,0.0190348339965567,11,1.0,6907.415209,True,
LOCAL-v1-q4-reference_assumed-5061,4,frozen_baseline,13,589.9307072307693,0.017476166016422212,13,1.0,7669.099194,True,
LOCAL-v1-q4-reference_assumed-5062,4,frozen_baseline,16,620.640057,0.022047500009648502,16,1.0,9930.240912,True,
LOCAL-v1-q4-reference_assumed-5063,4,frozen_baseline,15,450.1722162,0.021765915909782052,15,1.0,6752.583243,True,
LOCAL-v1-q4-reference_assumed-5064,4,frozen_baseline,13,505.61541415384613,0.018317708047106862,13,1.0,6573.000384,True,
LOCAL-v1-q4-reference_assumed-5065,4,frozen_baseline,12,610.00306625,0.017486791010014713,12,1.0,7320.036795,True,
LOCAL-v1-q4-reference_assumed-5066,4,frozen_baseline,10,646.3032812,0.028237959020771086,10,1.0,6463.032812,True,
LOCAL-v1-q4-reference_assumed-5067,4,frozen_baseline,16,437.9762419375,0.021157916984520853,16,1.0,7007.619871,True,
LOCAL-v1-q4-reference_assumed-5068,4,frozen_baseline,13,578.3184062307693,0.019733750028535724,13,1.0,7518.139281,True,
LOCAL-v1-q4-reference_assumed-5069,4,frozen_baseline,14,630.5991988571429,0.019332624971866608,14,1.0,8828.388784,True,
LOCAL-v1-q4-reference_assumed-5070,4,frozen_baseline,12,550.2090033333333,0.016469541005790234,12,1.0,6602.50804,True,
LOCAL-v1-q4-reference_assumed-5071,4,frozen_baseline,12,563.5847838333333,0.01930649997666478,12,1.0,6763.017406,True,
LOCAL-v1-q4-reference_assumed-5072,4,frozen_baseline,15,484.1715461333333,0.014656709041446447,15,1.0,7262.573192,True,
LOCAL-v1-q4-reference_assumed-5073,4,frozen_baseline,10,617.9518816,0.016923957969993353,10,1.0,6179.518816,True,
LOCAL-v1-q4-reference_assumed-5074,4,frozen_baseline,16,421.9096605625,0.021216832916252315,16,1.0,6750.554569,True,
LOCAL-v1-q4-reference_assumed-5075,4,frozen_baseline,15,466.0731638,0.01776150008663535,15,1.0,6991.097457,True,
LOCAL-v1-q4-reference_assumed-5076,4,frozen_baseline,12,563.84831625,0.02210995799396187,12,1.0,6766.179795,True,
LOCAL-v1-q4-reference_assumed-5077,4,frozen_baseline,14,454.91972942857143,0.01751100004184991,14,1.0,6368.876212,True,
LOCAL-v1-q4-reference_assumed-5078,4,frozen_baseline,13,514.8831229230769,0.01900308404583484,13,1.0,6693.480598,True,
LOCAL-v1-q4-reference_assumed-5079,4,frozen_baseline,10,647.5099622,0.014813916990533471,10,1.0,6475.099622,True,
LOCAL-v1-q4-reference_assumed-5080,4,frozen_baseline,10,979.3210047,0.017555750091560185,10,1.0,9793.210047,True,
LOCAL-v1-q4-reference_assumed-5081,4,frozen_baseline,16,472.6885008125,0.018634291016496718,16,1.0,7563.016013,True,
LOCAL-v1-q4-reference_assumed-5082,4,frozen_baseline,13,539.0119212307692,0.016084542032331228,13,1.0,7007.154976,True,
LOCAL-v1-q4-reference_assumed-5083,4,frozen_baseline,13,559.7647041538462,0.020159041974693537,13,1.0,7276.941154,True,
LOCAL-v1-q4-reference_assumed-5084,4,frozen_baseline,14,566.9945386428572,0.018158167018555105,14,1.0,7937.923541,True,
LOCAL-v1-q4-reference_assumed-5085,4,frozen_baseline,15,415.3247566,0.01946258300449699,15,1.0,6229.871349,True,
LOCAL-v1-q4-reference_assumed-5086,4,frozen_baseline,12,622.3148574166667,0.02009062492288649,12,1.0,7467.778289,True,
LOCAL-v1-q4-reference_assumed-5087,4,frozen_baseline,13,549.8845437692308,0.01646816695574671,13,1.0,7148.499069,True,
LOCAL-v1-q4-reference_assumed-5088,4,frozen_baseline,16,493.202377875,0.022151750046759844,16,1.0,7891.238046,True,
LOCAL-v1-q4-reference_assumed-5089,4,frozen_baseline,15,488.364464,0.020537375006824732,15,1.0,7325.46696,True,
LOCAL-v1-q4-reference_assumed-5090,4,frozen_baseline,14,528.205831,0.015339459059759974,14,1.0,7394.881634,True,
LOCAL-v1-q4-reference_assumed-5091,4,frozen_baseline,12,602.5169233333334,0.017115958034992218,12,1.0,7230.20308,True,
LOCAL-v1-q4-reference_assumed-5092,4,frozen_baseline,11,567.3377536363637,0.018419958068989217,11,1.0,6240.71529,True,
LOCAL-v1-q4-reference_assumed-5093,4,frozen_baseline,15,529.2688561333333,0.01614745892584324,15,1.0,7939.032842,True,
LOCAL-v1-q4-reference_assumed-5094,4,frozen_baseline,11,749.1621640000001,0.014868875034153461,11,1.0,8240.783804,True,
LOCAL-v1-q4-reference_assumed-5095,4,frozen_baseline,10,688.0420197000001,0.017050374997779727,10,1.0,6880.420197,True,
LOCAL-v1-q4-reference_assumed-5096,4,frozen_baseline,14,478.8889315714286,0.02098629204556346,14,1.0,6704.445042,True,
LOCAL-v1-q4-reference_assumed-5097,4,frozen_baseline,13,549.2269992307693,0.019490416045300663,13,1.0,7139.95099,True,
LOCAL-v1-q4-reference_assumed-5098,4,frozen_baseline,16,406.7532150625,0.018808042048476636,16,1.0,6508.051441,True,
LOCAL-v1-q4-reference_assumed-5099,4,frozen_baseline,13,643.6463064615384,0.03194787504617125,13,1.0,8367.401984,True,
LOCAL-v1-q4-fixed_positive_bias-5000,4,frozen_baseline,11,647.6169078181819,0.01909429207444191,11,1.0,7123.785986,True,
LOCAL-v1-q4-fixed_positive_bias-5001,4,frozen_baseline,14,542.7024627142857,0.01793950004503131,14,1.0,7597.834478,True,
LOCAL-v1-q4-fixed_positive_bias-5002,4,frozen_baseline,15,494.08834459999997,0.015366000006906688,15,1.0,7411.325169,True,
LOCAL-v1-q4-fixed_positive_bias-5003,4,frozen_baseline,11,619.4778925454546,0.017381625017151237,11,1.0,6814.256818,True,
LOCAL-v1-q4-fixed_positive_bias-5004,4,frozen_baseline,12,521.8527876666667,0.01870337501168251,12,1.0,6262.233452,True,
LOCAL-v1-q4-fixed_positive_bias-5005,4,frozen_baseline,11,563.2058562727273,0.020056374953128397,11,1.0,6195.264419,True,
LOCAL-v1-q4-fixed_positive_bias-5006,4,frozen_baseline,11,630.2910909999999,0.018987625022418797,11,1.0,6933.202001,True,
LOCAL-v1-q4-fixed_positive_bias-5007,4,frozen_baseline,11,612.2778149090909,0.022592458059079945,11,1.0,6735.055964,True,
LOCAL-v1-q4-fixed_positive_bias-5008,4,frozen_baseline,10,1129.3774042,0.019757917034439743,10,1.0,11293.774042,True,
LOCAL-v1-q4-fixed_positive_bias-5009,4,frozen_baseline,14,487.3433439285714,0.019797082990407944,14,1.0,6822.806815,True,
LOCAL-v1-q4-fixed_positive_bias-5010,4,frozen_baseline,12,532.0656696666666,0.01884841697756201,12,1.0,6384.788036,True,
LOCAL-v1-q4-fixed_positive_bias-5011,4,frozen_baseline,15,708.3368226,0.018410707940347493,15,1.0,10625.052339,True,
LOCAL-v1-q4-fixed_positive_bias-5012,4,frozen_baseline,10,645.8885008999999,0.014506959007121623,10,1.0,6458.885009,True,
LOCAL-v1-q4-fixed_positive_bias-5013,4,frozen_baseline,12,790.9957625833334,0.01529579097405076,12,1.0,9491.949151,True,
LOCAL-v1-q4-fixed_positive_bias-5014,4,frozen_baseline,11,613.5659621818181,0.01454670901875943,11,1.0,6749.225584,True,
LOCAL-v1-q4-fixed_positive_bias-5015,4,frozen_baseline,12,536.0859515,0.018915749969892204,12,1.0,6433.031418,True,
LOCAL-v1-q4-fixed_positive_bias-5016,4,frozen_baseline,16,446.4601569375,0.018972583930008113,16,1.0,7143.362511,True,
LOCAL-v1-q4-fixed_positive_bias-5017,4,frozen_baseline,15,530.9082698666666,0.019023542059585452,15,1.0,7963.624048,True,
LOCAL-v1-q4-fixed_positive_bias-5018,4,frozen_baseline,10,736.3295971,0.015974667039699852,10,1.0,7363.295971,True,
LOCAL-v1-q4-fixed_positive_bias-5019,4,frozen_baseline,11,624.5664483636364,0.01787233306095004,11,1.0,6870.230932,True,
LOCAL-v1-q4-fixed_positive_bias-5020,4,frozen_baseline,16,399.8863685625,0.016534707974642515,16,1.0,6398.181897,True,
LOCAL-v1-q4-fixed_positive_bias-5021,4,frozen_baseline,14,924.6566287142857,0.018799958052113652,14,1.0,12945.192802,True,
LOCAL-v1-q4-fixed_positive_bias-5022,4,frozen_baseline,14,584.0761168571429,0.01975750003475696,14,1.0,8177.065636,True,
LOCAL-v1-q4-fixed_positive_bias-5023,4,frozen_baseline,15,512.6932488,0.020683333044871688,15,1.0,7690.398732,True,
LOCAL-v1-q4-fixed_positive_bias-5024,4,frozen_baseline,13,490.2051814615385,0.01623491698410362,13,1.0,6372.667359,True,
LOCAL-v1-q4-fixed_positive_bias-5025,4,frozen_baseline,12,624.0393021666666,0.01951908296905458,12,1.0,7488.471626,True,
LOCAL-v1-q4-fixed_positive_bias-5026,4,frozen_baseline,15,429.4525436,0.01932383410166949,15,1.0,6441.788154,True,
LOCAL-v1-q4-fixed_positive_bias-5027,4,frozen_baseline,11,639.7159478181818,0.018501584068872035,11,1.0,7036.875426,True,
LOCAL-v1-q4-fixed_positive_bias-5028,4,frozen_baseline,10,836.7672725,0.016574041917920113,10,1.0,8367.672725,True,
LOCAL-v1-q4-fixed_positive_bias-5029,4,frozen_baseline,11,624.8147927272728,0.016341333044692874,11,1.0,6872.96272,True,
LOCAL-v1-q4-fixed_positive_bias-5030,4,frozen_baseline,12,593.0133013333333,0.01814583409577608,12,1.0,7116.159616,True,
LOCAL-v1-q4-fixed_positive_bias-5031,4,frozen_baseline,15,553.9802912,0.01975758303888142,15,1.0,8309.704368,True,
LOCAL-v1-q4-fixed_positive_bias-5032,4,frozen_baseline,11,552.6472287272727,0.01800983294378966,11,1.0,6079.119516,True,
LOCAL-v1-q4-fixed_positive_bias-5033,4,frozen_baseline,14,444.8729249285714,0.019012290984392166,14,1.0,6228.220949,True,
LOCAL-v1-q4-fixed_positive_bias-5034,4,frozen_baseline,16,620.8279510625,0.019592124968767166,16,1.0,9933.247217,True,
LOCAL-v1-q4-fixed_positive_bias-5035,4,frozen_baseline,10,734.4142994,0.014969874988310039,10,1.0,7344.142994,True,
LOCAL-v1-q4-fixed_positive_bias-5036,4,frozen_baseline,15,617.7655486,0.01609379192814231,15,1.0,9266.483229,True,
LOCAL-v1-q4-fixed_positive_bias-5037,4,frozen_baseline,15,525.3197255333333,0.02176824992056936,15,1.0,7879.795883,True,
LOCAL-v1-q4-fixed_positive_bias-5038,4,frozen_baseline,16,468.2103924375,0.017994499998167157,16,1.0,7491.366279,True,
LOCAL-v1-q4-fixed_positive_bias-5039,4,frozen_baseline,10,681.6378251,0.016939499997533858,10,1.0,6816.378251,True,
LOCAL-v1-q4-fixed_positive_bias-5040,4,frozen_baseline,15,444.3993570666667,0.018088667071424425,15,1.0,6665.990356,True,
LOCAL-v1-q4-fixed_positive_bias-5041,4,frozen_baseline,15,491.11732986666664,0.020671042031608522,15,1.0,7366.759948,True,
LOCAL-v1-q4-fixed_positive_bias-5042,4,frozen_baseline,11,632.5621387272727,0.018004374927841127,11,1.0,6958.183526,True,
LOCAL-v1-q4-fixed_positive_bias-5043,4,frozen_baseline,12,682.3081060000001,0.023241834016516805,12,1.0,8187.697272,True,
LOCAL-v1-q4-fixed_positive_bias-5044,4,frozen_baseline,11,667.047251,0.016410208074375987,11,1.0,7337.519761,True,
LOCAL-v1-q4-fixed_positive_bias-5045,4,frozen_baseline,11,561.3338449090909,0.016795124975033104,11,1.0,6174.672294,True,
LOCAL-v1-q4-fixed_positive_bias-5046,4,frozen_baseline,10,659.5521474999999,0.017632999923080206,10,1.0,6595.521475,True,
LOCAL-v1-q4-fixed_positive_bias-5047,4,frozen_baseline,16,392.831134875,0.022661249968223274,16,1.0,6285.298158,True,
LOCAL-v1-q4-fixed_positive_bias-5048,4,frozen_baseline,12,563.3455124999999,0.014983124914579093,12,1.0,6760.14615,True,
LOCAL-v1-q4-fixed_positive_bias-5049,4,frozen_baseline,10,794.697583,0.0180172499967739,10,1.0,7946.97583,True,
LOCAL-v1-q4-fixed_positive_bias-5050,4,frozen_baseline,15,425.3074016666667,0.0198904579738155,15,1.0,6379.611025,True,
LOCAL-v1-q4-fixed_positive_bias-5051,4,frozen_baseline,11,675.3437353636364,0.015306834015063941,11,1.0,7428.781089,True,
LOCAL-v1-q4-fixed_positive_bias-5052,4,frozen_baseline,13,479.52855476923077,0.0176612091017887,13,1.0,6233.871212,True,
LOCAL-v1-q4-fixed_positive_bias-5053,4,frozen_baseline,16,437.5307343125,0.019324874971061945,16,1.0,7000.491749,True,
LOCAL-v1-q4-fixed_positive_bias-5054,4,frozen_baseline,16,443.56616225,0.019914250005967915,16,1.0,7097.058596,True,
LOCAL-v1-q4-fixed_positive_bias-5055,4,frozen_baseline,12,810.6356748333333,0.014874375076033175,12,1.0,9727.628098,True,
LOCAL-v1-q4-fixed_positive_bias-5056,4,frozen_baseline,13,503.38562938461536,0.01665950007736683,13,1.0,6544.013182,True,
LOCAL-v1-q4-fixed_positive_bias-5057,4,frozen_baseline,13,527.2936333076923,0.0149972919607535,13,1.0,6854.817233,True,
LOCAL-v1-q4-fixed_positive_bias-5058,4,frozen_baseline,14,511.9337745714286,0.017498582950793207,14,1.0,7167.072844,True,
LOCAL-v1-q4-fixed_positive_bias-5059,4,frozen_baseline,12,548.7392470833333,0.017581291031092405,12,1.0,6584.870965,True,
LOCAL-v1-q4-fixed_positive_bias-5060,4,frozen_baseline,11,634.2150398181818,0.020378791028633714,11,1.0,6976.365438,True,
LOCAL-v1-q4-fixed_positive_bias-5061,4,frozen_baseline,13,926.4691876923077,0.018066916964016855,13,1.0,12044.09944,True,
LOCAL-v1-q4-fixed_positive_bias-5062,4,frozen_baseline,16,625.6494463125,0.02172720804810524,16,1.0,10010.391141,True,
LOCAL-v1-q4-fixed_positive_bias-5063,4,frozen_baseline,15,410.4811517333334,0.021881999913603067,15,1.0,6157.217276,True,
LOCAL-v1-q4-fixed_positive_bias-5064,4,frozen_baseline,13,751.0448660000001,0.018588999984785914,13,1.0,9763.583258,True,
LOCAL-v1-q4-fixed_positive_bias-5065,4,frozen_baseline,12,571.2115994166667,0.014591332990676165,12,1.0,6854.539193,True,
LOCAL-v1-q4-fixed_positive_bias-5066,4,frozen_baseline,10,644.1076773,0.01699320797342807,10,1.0,6441.076773,True,
LOCAL-v1-q4-fixed_positive_bias-5067,4,frozen_baseline,16,438.218049875,0.02055991708766669,16,1.0,7011.488798,True,
LOCAL-v1-q4-fixed_positive_bias-5068,4,frozen_baseline,13,538.0452439230769,0.019589707953855395,13,1.0,6994.588171,True,
LOCAL-v1-q4-fixed_positive_bias-5069,4,frozen_baseline,14,572.5727620714285,0.01965966704301536,14,1.0,8016.018669,True,
LOCAL-v1-q4-fixed_positive_bias-5070,4,frozen_baseline,12,725.7064569166668,0.01683008309919387,12,1.0,8708.477483,True,
LOCAL-v1-q4-fixed_positive_bias-5071,4,frozen_baseline,12,566.0198575833333,0.01988287502899766,12,1.0,6792.238291,True,
LOCAL-v1-q4-fixed_positive_bias-5072,4,frozen_baseline,15,508.87169453333337,0.014803417026996613,15,1.0,7633.075418,True,
LOCAL-v1-q4-fixed_positive_bias-5073,4,frozen_baseline,10,632.7851088,0.018717708997428417,10,1.0,6327.851088,True,
LOCAL-v1-q4-fixed_positive_bias-5074,4,frozen_baseline,16,413.5577559375,0.02069649996701628,16,1.0,6616.924095,True,
LOCAL-v1-q4-fixed_positive_bias-5075,4,frozen_baseline,15,475.63161606666665,0.017531124991364777,15,1.0,7134.474241,True,
LOCAL-v1-q4-fixed_positive_bias-5076,4,frozen_baseline,12,609.6570934166667,0.022587915998883545,12,1.0,7315.885121,True,
LOCAL-v1-q4-fixed_positive_bias-5077,4,frozen_baseline,14,602.6498921428572,0.01864116603974253,14,1.0,8437.09849,True,
LOCAL-v1-q4-fixed_positive_bias-5078,4,frozen_baseline,13,585.8652187692308,0.018045041942968965,13,1.0,7616.247844,True,
LOCAL-v1-q4-fixed_positive_bias-5079,4,frozen_baseline,10,646.9185743,0.014503124984912574,10,1.0,6469.185743,True,
LOCAL-v1-q4-fixed_positive_bias-5080,4,frozen_baseline,10,1082.1817328,0.017472167033702135,10,1.0,10821.817328,True,
LOCAL-v1-q4-fixed_positive_bias-5081,4,frozen_baseline,16,443.798320875,0.018519415985792875,16,1.0,7100.773134,True,
LOCAL-v1-q4-fixed_positive_bias-5082,4,frozen_baseline,13,543.6232526153846,0.016057708067819476,13,1.0,7067.102284,True,
LOCAL-v1-q4-fixed_positive_bias-5083,4,frozen_baseline,13,555.3036930769231,0.020799709018319845,13,1.0,7218.94801,True,
LOCAL-v1-q4-fixed_positive_bias-5084,4,frozen_baseline,14,674.0013511428572,0.018430041964165866,14,1.0,9436.018916,True,
LOCAL-v1-q4-fixed_positive_bias-5085,4,frozen_baseline,15,493.5936676666667,0.01955762493889779,15,1.0,7403.905015,True,
LOCAL-v1-q4-fixed_positive_bias-5086,4,frozen_baseline,12,620.68842175,0.01997708308044821,12,1.0,7448.261061,True,
LOCAL-v1-q4-fixed_positive_bias-5087,4,frozen_baseline,13,650.2793353076923,0.01677520794328302,13,1.0,8453.631359,True,
LOCAL-v1-q4-fixed_positive_bias-5088,4,frozen_baseline,16,624.5527405625,0.022443207912147045,16,1.0,9992.843849,True,
LOCAL-v1-q4-fixed_positive_bias-5089,4,frozen_baseline,15,425.64404773333337,0.02031816600356251,15,1.0,6384.660716,True,
LOCAL-v1-q4-fixed_positive_bias-5090,4,frozen_baseline,14,461.0202609285715,0.015276040998287499,14,1.0,6454.283653,True,
LOCAL-v1-q4-fixed_positive_bias-5091,4,frozen_baseline,12,574.088567,0.01561641599982977,12,1.0,6889.062804,True,
LOCAL-v1-q4-fixed_positive_bias-5092,4,frozen_baseline,11,627.1372672727273,0.01785737497266382,11,1.0,6898.50994,True,
LOCAL-v1-q4-fixed_positive_bias-5093,4,frozen_baseline,15,576.0404438666667,0.016427541966550052,15,1.0,8640.606658,True,
LOCAL-v1-q4-fixed_positive_bias-5094,4,frozen_baseline,11,645.8174089090909,0.015657084062695503,11,1.0,7103.991498,True,
LOCAL-v1-q4-fixed_positive_bias-5095,4,frozen_baseline,10,720.7028253000001,0.018430958036333323,10,1.0,7207.028253,True,
LOCAL-v1-q4-fixed_positive_bias-5096,4,frozen_baseline,14,479.3771062142857,0.02098483289591968,14,1.0,6711.279487,True,
LOCAL-v1-q4-fixed_positive_bias-5097,4,frozen_baseline,13,558.5825705384615,0.019423500052653253,13,1.0,7261.573417,True,
LOCAL-v1-q4-fixed_positive_bias-5098,4,frozen_baseline,16,406.418525625,0.018818457960151136,16,1.0,6502.69641,True,
LOCAL-v1-q4-fixed_positive_bias-5099,4,frozen_baseline,13,915.945009076923,0.018800000078044832,13,1.0,11907.285118,True,
LOCAL-v1-q4-fixed_negative_bias-5000,4,frozen_baseline,11,589.058505,0.01747420895844698,11,1.0,6479.643555,True,
LOCAL-v1-q4-fixed_negative_bias-5001,4,frozen_baseline,14,511.67929478571426,0.018109000055119395,14,1.0,7163.510127,True,
LOCAL-v1-q4-fixed_negative_bias-5002,4,frozen_baseline,15,679.1888988666667,0.015768832992762327,15,1.0,10187.833483,True,
LOCAL-v1-q4-fixed_negative_bias-5003,4,frozen_baseline,11,704.4472073636364,0.01654966699425131,11,1.0,7748.919281,True,
LOCAL-v1-q4-fixed_negative_bias-5004,4,frozen_baseline,12,526.8931501666667,0.016953042009845376,12,1.0,6322.717802,True,
LOCAL-v1-q4-fixed_negative_bias-5005,4,frozen_baseline,11,567.9822741818182,0.020296416943892837,11,1.0,6247.805016,True,
LOCAL-v1-q4-fixed_negative_bias-5006,4,frozen_baseline,11,685.2099520909092,0.017623334075324237,11,1.0,7537.309473,True,
LOCAL-v1-q4-fixed_negative_bias-5007,4,frozen_baseline,11,627.6780271818182,0.022371584083884954,11,1.0,6904.458299,True,
LOCAL-v1-q4-fixed_negative_bias-5008,4,frozen_baseline,10,1165.5486293,0.016483708983287215,10,1.0,11655.486293,True,
LOCAL-v1-q4-fixed_negative_bias-5009,4,frozen_baseline,14,483.5306209285714,0.02316199999768287,14,1.0,6769.428693,True,
LOCAL-v1-q4-fixed_negative_bias-5010,4,frozen_baseline,12,543.1295976666667,0.019655999960377812,12,1.0,6517.555172,True,
LOCAL-v1-q4-fixed_negative_bias-5011,4,frozen_baseline,15,450.08370913333334,0.018394374987110496,15,1.0,6751.255637,True,
LOCAL-v1-q4-fixed_negative_bias-5012,4,frozen_baseline,10,646.5833345,0.014030292048119009,10,1.0,6465.833345,True,
LOCAL-v1-q4-fixed_negative_bias-5013,4,frozen_baseline,12,792.0078305833334,0.015088667045347393,12,1.0,9504.093967,True,
LOCAL-v1-q4-fixed_negative_bias-5014,4,frozen_baseline,11,711.3282204545454,0.017309917020611465,11,1.0,7824.610425,True,
LOCAL-v1-q4-fixed_negative_bias-5015,4,frozen_baseline,12,611.587345,0.019183082971721888,12,1.0,7339.04814,True,
LOCAL-v1-q4-fixed_negative_bias-5016,4,frozen_baseline,16,580.7323528125,0.019066958921030164,16,1.0,9291.717645,True,
LOCAL-v1-q4-fixed_negative_bias-5017,4,frozen_baseline,15,549.2593790666667,0.016072208061814308,15,1.0,8238.890686,True,
LOCAL-v1-q4-fixed_negative_bias-5018,4,frozen_baseline,10,828.1226027,0.015788999968208373,10,1.0,8281.226027,True,
LOCAL-v1-q4-fixed_negative_bias-5019,4,frozen_baseline,11,627.0197687272728,0.017883875058032572,11,1.0,6897.217456,True,
LOCAL-v1-q4-fixed_negative_bias-5020,4,frozen_baseline,16,451.0733735,0.01673375000245869,16,1.0,7217.173976,True,
LOCAL-v1-q4-fixed_negative_bias-5021,4,frozen_baseline,14,681.2106804285714,0.018346625030972064,14,1.0,9536.949526,True,
LOCAL-v1-q4-fixed_negative_bias-5022,4,frozen_baseline,14,519.2095646428571,0.019859583000652492,14,1.0,7268.933905,True,
LOCAL-v1-q4-fixed_negative_bias-5023,4,frozen_baseline,15,439.2349704,0.02234995795879513,15,1.0,6588.524556,True,
LOCAL-v1-q4-fixed_negative_bias-5024,4,frozen_baseline,13,491.24200292307694,0.0207147499313578,13,1.0,6386.146038,True,
LOCAL-v1-q4-fixed_negative_bias-5025,4,frozen_baseline,12,701.03120075,0.020311750005930662,12,1.0,8412.374409,True,
LOCAL-v1-q4-fixed_negative_bias-5026,4,frozen_baseline,15,427.69582453333334,0.019231832935474813,15,1.0,6415.437368,True,
LOCAL-v1-q4-fixed_negative_bias-5027,4,frozen_baseline,11,596.9314119090909,0.01835704199038446,11,1.0,6566.245531,True,
LOCAL-v1-q4-fixed_negative_bias-5028,4,frozen_baseline,10,678.0861963,0.016175208031199872,10,1.0,6780.861963,True,
LOCAL-v1-q4-fixed_negative_bias-5029,4,frozen_baseline,11,686.5556814545454,0.01630712498445064,11,1.0,7552.112496,True,
LOCAL-v1-q4-fixed_negative_bias-5030,4,frozen_baseline,12,586.47021375,0.018071874976158142,12,1.0,7037.642565,True,
LOCAL-v1-q4-fixed_negative_bias-5031,4,frozen_baseline,15,616.6483928,0.01976616692263633,15,1.0,9249.725892,True,
LOCAL-v1-q4-fixed_negative_bias-5032,4,frozen_baseline,11,563.0845437272727,0.017932833055965602,11,1.0,6193.929981,True,
LOCAL-v1-q4-fixed_negative_bias-5033,4,frozen_baseline,14,444.78832300000005,0.018976000021211803,14,1.0,6227.036522,True,
LOCAL-v1-q4-fixed_negative_bias-5034,4,frozen_baseline,16,514.235946,0.020245124935172498,16,1.0,8227.775136,True,
LOCAL-v1-q4-fixed_negative_bias-5035,4,frozen_baseline,10,724.0912469,0.014883624971844256,10,1.0,7240.912469,True,
LOCAL-v1-q4-fixed_negative_bias-5036,4,frozen_baseline,15,674.3400660666666,0.018847958999685943,15,1.0,10115.100991,True,
LOCAL-v1-q4-fixed_negative_bias-5037,4,frozen_baseline,15,534.9479900666666,0.021686874912120402,15,1.0,8024.219851,True,
LOCAL-v1-q4-fixed_negative_bias-5038,4,frozen_baseline,16,412.61597625,0.019662125036120415,16,1.0,6601.85562,True,
LOCAL-v1-q4-fixed_negative_bias-5039,4,frozen_baseline,10,669.5096688,0.01729437499307096,10,1.0,6695.096688,True,
LOCAL-v1-q4-fixed_negative_bias-5040,4,frozen_baseline,15,509.2199344666667,0.018044707947410643,15,1.0,7638.299017,True,
LOCAL-v1-q4-fixed_negative_bias-5041,4,frozen_baseline,15,567.2896316,0.020834375056438148,15,1.0,8509.344474,True,
LOCAL-v1-q4-fixed_negative_bias-5042,4,frozen_baseline,11,603.7995746363636,0.020882457960397005,11,1.0,6641.795321,True,
LOCAL-v1-q4-fixed_negative_bias-5043,4,frozen_baseline,12,585.79479625,0.017990750027820468,12,1.0,7029.537555,True,
LOCAL-v1-q4-fixed_negative_bias-5044,4,frozen_baseline,11,670.1922345454545,0.016827541054226458,11,1.0,7372.11458,True,
LOCAL-v1-q4-fixed_negative_bias-5045,4,frozen_baseline,11,568.3526575454545,0.014723500004038215,11,1.0,6251.879233,True,
LOCAL-v1-q4-fixed_negative_bias-5046,4,frozen_baseline,10,689.5226857,0.01748316700104624,10,1.0,6895.226857,True,
LOCAL-v1-q4-fixed_negative_bias-5047,4,frozen_baseline,16,396.7250470625,0.022528417059220374,16,1.0,6347.600753,True,
LOCAL-v1-q4-fixed_negative_bias-5048,4,frozen_baseline,12,553.6030783333333,0.015007375041022897,12,1.0,6643.23694,True,
LOCAL-v1-q4-fixed_negative_bias-5049,4,frozen_baseline,10,747.3393692,0.01805154199246317,10,1.0,7473.393692,True,
LOCAL-v1-q4-fixed_negative_bias-5050,4,frozen_baseline,15,455.24582826666665,0.019817541004158556,15,1.0,6828.687424,True,
LOCAL-v1-q4-fixed_negative_bias-5051,4,frozen_baseline,11,648.8854154545454,0.015083499951288104,11,1.0,7137.73957,True,
LOCAL-v1-q4-fixed_negative_bias-5052,4,frozen_baseline,13,477.59462853846156,0.019385374966077507,13,1.0,6208.730171,True,
LOCAL-v1-q4-fixed_negative_bias-5053,4,frozen_baseline,16,414.053706125,0.019274125108495355,16,1.0,6624.859298,True,
LOCAL-v1-q4-fixed_negative_bias-5054,4,frozen_baseline,16,462.130568375,0.02002620801795274,16,1.0,7394.089094,True,
LOCAL-v1-q4-fixed_negative_bias-5055,4,frozen_baseline,12,682.6392804166667,0.014459499972872436,12,1.0,8191.671365,True,
LOCAL-v1-q4-fixed_negative_bias-5056,4,frozen_baseline,13,550.5512329230769,0.016855333000421524,13,1.0,7157.166028,True,
LOCAL-v1-q4-fixed_negative_bias-5057,4,frozen_baseline,13,567.3204687692307,0.014820792013779283,13,1.0,7375.166094,True,
LOCAL-v1-q4-fixed_negative_bias-5058,4,frozen_baseline,14,450.38405471428575,0.0175629579462111,14,1.0,6305.376766,True,
LOCAL-v1-q4-fixed_negative_bias-5059,4,frozen_baseline,12,555.3578612499999,0.01752524997573346,12,1.0,6664.294335,True,
LOCAL-v1-q4-fixed_negative_bias-5060,4,frozen_baseline,11,621.4556278181818,0.019273792044259608,11,1.0,6836.011906,True,
LOCAL-v1-q4-fixed_negative_bias-5061,4,frozen_baseline,13,627.4416023846154,0.017589249997399747,13,1.0,8156.740831,True,
LOCAL-v1-q4-fixed_negative_bias-5062,4,frozen_baseline,16,434.3491895625,0.02137495798524469,16,1.0,6949.587033,True,
LOCAL-v1-q4-fixed_negative_bias-5063,4,frozen_baseline,15,437.6076167333333,0.021620208048261702,15,1.0,6564.114251,True,
LOCAL-v1-q4-fixed_negative_bias-5064,4,frozen_baseline,13,506.2184936923077,0.01814037503208965,13,1.0,6580.840418,True,
LOCAL-v1-q4-fixed_negative_bias-5065,4,frozen_baseline,12,607.8007285,0.01745062496047467,12,1.0,7293.608742,True,
LOCAL-v1-q4-fixed_negative_bias-5066,4,frozen_baseline,10,747.1216868,0.018536707968451083,10,1.0,7471.216868,True,
LOCAL-v1-q4-fixed_negative_bias-5067,4,frozen_baseline,16,729.784585625,0.021605749963782728,16,1.0,11676.55337,True,
LOCAL-v1-q4-fixed_negative_bias-5068,4,frozen_baseline,13,538.1235741538462,0.019365457934327424,13,1.0,6995.606464,True,
LOCAL-v1-q4-fixed_negative_bias-5069,4,frozen_baseline,14,712.1535180714285,0.02032795804552734,14,1.0,9970.149253,True,
LOCAL-v1-q4-fixed_negative_bias-5070,4,frozen_baseline,12,553.0574929166667,0.016375042032450438,12,1.0,6636.689915,True,
LOCAL-v1-q4-fixed_negative_bias-5071,4,frozen_baseline,12,564.0855236666666,0.01970549998804927,12,1.0,6769.026284,True,
LOCAL-v1-q4-fixed_negative_bias-5072,4,frozen_baseline,15,490.53876606666665,0.014773165923543274,15,1.0,7358.081491,True,
LOCAL-v1-q4-fixed_negative_bias-5073,4,frozen_baseline,10,617.1340616,0.0169592919992283,10,1.0,6171.340616,True,
LOCAL-v1-q4-fixed_negative_bias-5074,4,frozen_baseline,16,426.648762875,0.021177042042836547,16,1.0,6826.380206,True,
LOCAL-v1-q4-fixed_negative_bias-5075,4,frozen_baseline,15,455.53086406666665,0.017609457951039076,15,1.0,6832.962961,True,
LOCAL-v1-q4-fixed_negative_bias-5076,4,frozen_baseline,12,613.6562650833333,0.02244941599201411,12,1.0,7363.875181,True,
LOCAL-v1-q4-fixed_negative_bias-5077,4,frozen_baseline,14,456.3684713571429,0.018538624979555607,14,1.0,6389.158599,True,
LOCAL-v1-q4-fixed_negative_bias-5078,4,frozen_baseline,13,492.8813653846154,0.018971540965139866,13,1.0,6407.45775,True,
LOCAL-v1-q4-fixed_negative_bias-5079,4,frozen_baseline,10,646.6172572,0.014390707947313786,10,1.0,6466.172572,True,
LOCAL-v1-q4-fixed_negative_bias-5080,4,frozen_baseline,10,690.8661356,0.017050875001586974,10,1.0,6908.661356,True,
LOCAL-v1-q4-fixed_negative_bias-5081,4,frozen_baseline,16,424.2398670625,0.020301374956034124,16,1.0,6787.837873,True,
LOCAL-v1-q4-fixed_negative_bias-5082,4,frozen_baseline,13,555.320648076923,0.01607724989298731,13,1.0,7219.168425,True,
LOCAL-v1-q4-fixed_negative_bias-5083,4,frozen_baseline,13,548.6758080000001,0.02040287503041327,13,1.0,7132.785504,True,
LOCAL-v1-q4-fixed_negative_bias-5084,4,frozen_baseline,14,516.1414033571428,0.018101499998010695,14,1.0,7225.979647,True,
LOCAL-v1-q4-fixed_negative_bias-5085,4,frozen_baseline,15,452.3813044,0.01932679198216647,15,1.0,6785.719566,True,
LOCAL-v1-q4-fixed_negative_bias-5086,4,frozen_baseline,12,607.54619925,0.021072041941806674,12,1.0,7290.554391,True,
LOCAL-v1-q4-fixed_negative_bias-5087,4,frozen_baseline,13,566.5707281538462,0.016739583108574152,13,1.0,7365.419466,True,
LOCAL-v1-q4-fixed_negative_bias-5088,4,frozen_baseline,16,522.13166975,0.02233649999834597,16,1.0,8354.106716,True,
LOCAL-v1-q4-fixed_negative_bias-5089,4,frozen_baseline,15,410.14592586666663,0.02019779197871685,15,1.0,6152.188888,True,
LOCAL-v1-q4-fixed_negative_bias-5090,4,frozen_baseline,14,462.42273685714287,0.015340083977207541,14,1.0,6473.918316,True,
LOCAL-v1-q4-fixed_negative_bias-5091,4,frozen_baseline,12,641.7299638333333,0.01740995899308473,12,1.0,7700.759566,True,
LOCAL-v1-q4-fixed_negative_bias-5092,4,frozen_baseline,11,578.0343715454545,0.018670208053663373,11,1.0,6358.378087,True,
LOCAL-v1-q4-fixed_negative_bias-5093,4,frozen_baseline,15,562.8253112,0.016340833040885627,15,1.0,8442.379668,True,
LOCAL-v1-q4-fixed_negative_bias-5094,4,frozen_baseline,11,617.4695661818182,0.014664666960015893,11,1.0,6792.165228,True,
LOCAL-v1-q4-fixed_negative_bias-5095,4,frozen_baseline,10,744.6577198,0.014894708059728146,10,1.0,7446.577198,True,
LOCAL-v1-q4-fixed_negative_bias-5096,4,frozen_baseline,14,477.2709842142857,0.021260290988720953,14,1.0,6681.793779,True,
LOCAL-v1-q4-fixed_negative_bias-5097,4,frozen_baseline,13,531.668511923077,0.019663832965306938,13,1.0,6911.690655,True,
LOCAL-v1-q4-fixed_negative_bias-5098,4,frozen_baseline,16,452.1601748125,0.018849332933314145,16,1.0,7234.562797,True,
LOCAL-v1-q4-fixed_negative_bias-5099,4,frozen_baseline,13,683.0487674615384,0.01841195800807327,13,1.0,8879.633977,True,
LOCAL-v1-q4-smooth_shared_field-5000,4,frozen_baseline,11,587.2850775454546,0.018360958085395396,11,1.0,6460.135853,True,
LOCAL-v1-q4-smooth_shared_field-5001,4,frozen_baseline,14,543.0818107857143,0.017978582996875048,14,1.0,7603.145351,True,
LOCAL-v1-q4-smooth_shared_field-5002,4,frozen_baseline,15,460.8092622666666,0.01525695901364088,15,1.0,6912.138934,True,
LOCAL-v1-q4-smooth_shared_field-5003,4,frozen_baseline,11,616.1823596363637,0.016546792001463473,11,1.0,6778.005956,True,
LOCAL-v1-q4-smooth_shared_field-5004,4,frozen_baseline,12,528.06017075,0.01714516698848456,12,1.0,6336.722049,True,
LOCAL-v1-q4-smooth_shared_field-5005,4,frozen_baseline,11,564.0830911818182,0.019942959072068334,11,1.0,6204.914003,True,
LOCAL-v1-q4-smooth_shared_field-5006,4,frozen_baseline,11,619.3685254545454,0.018726667040027678,11,1.0,6813.05378,True,
LOCAL-v1-q4-smooth_shared_field-5007,4,frozen_baseline,11,660.914366909091,0.02078904095105827,11,1.0,7270.058036,True,
LOCAL-v1-q4-smooth_shared_field-5008,4,frozen_baseline,10,985.2355986,0.01945516699925065,10,1.0,9852.355986,True,
LOCAL-v1-q4-smooth_shared_field-5009,4,frozen_baseline,14,464.3392201428572,0.02191520796623081,14,1.0,6500.749082,True,
LOCAL-v1-q4-smooth_shared_field-5010,4,frozen_baseline,12,551.6377502500001,0.01881591696292162,12,1.0,6619.653003,True,
LOCAL-v1-q4-smooth_shared_field-5011,4,frozen_baseline,15,441.49687446666667,0.018289332976564765,15,1.0,6622.453117,True,
LOCAL-v1-q4-smooth_shared_field-5012,4,frozen_baseline,10,648.324535,0.014275999972596765,10,1.0,6483.24535,True,
LOCAL-v1-q4-smooth_shared_field-5013,4,frozen_baseline,12,842.7909224166666,0.014974917052313685,12,1.0,10113.491069,True,
LOCAL-v1-q4-smooth_shared_field-5014,4,frozen_baseline,11,661.7741017272728,0.01753345795441419,11,1.0,7279.515119,True,
LOCAL-v1-q4-smooth_shared_field-5015,4,frozen_baseline,12,524.6810545833333,0.01912525005172938,12,1.0,6296.172655,True,
LOCAL-v1-q4-smooth_shared_field-5016,4,frozen_baseline,16,444.916511625,0.018859541974961758,16,1.0,7118.664186,True,
LOCAL-v1-q4-smooth_shared_field-5017,4,frozen_baseline,15,573.1009838666666,0.016270874999463558,15,1.0,8596.514758,True,
LOCAL-v1-q4-smooth_shared_field-5018,4,frozen_baseline,10,766.5700153,0.015842792112380266,10,1.0,7665.700153,True,
LOCAL-v1-q4-smooth_shared_field-5019,4,frozen_baseline,11,624.9568141818182,0.017929541994817555,11,1.0,6874.524956,True,
LOCAL-v1-q4-smooth_shared_field-5020,4,frozen_baseline,16,466.943210625,0.017002375097945333,16,1.0,7471.09137,True,
LOCAL-v1-q4-smooth_shared_field-5021,4,frozen_baseline,14,681.1068114999999,0.018515167059376836,14,1.0,9535.495361,True,
LOCAL-v1-q4-smooth_shared_field-5022,4,frozen_baseline,14,516.4704898571429,0.019759415998123586,14,1.0,7230.586858,True,
LOCAL-v1-q4-smooth_shared_field-5023,4,frozen_baseline,15,431.4325616,0.022491834009997547,15,1.0,6471.488424,True,
LOCAL-v1-q4-smooth_shared_field-5024,4,frozen_baseline,13,488.9370250769231,0.016119624953716993,13,1.0,6356.181326,True,
LOCAL-v1-q4-smooth_shared_field-5025,4,frozen_baseline,12,611.6755254999999,0.01971383299678564,12,1.0,7340.106306,True,
LOCAL-v1-q4-smooth_shared_field-5026,4,frozen_baseline,15,419.35124693333336,0.019406666979193687,15,1.0,6290.268704,True,
LOCAL-v1-q4-smooth_shared_field-5027,4,frozen_baseline,11,590.071678,0.018328458070755005,11,1.0,6490.788458,True,
LOCAL-v1-q4-smooth_shared_field-5028,4,frozen_baseline,10,919.2742585,0.01633383403532207,10,1.0,9192.742585,True,
LOCAL-v1-q4-smooth_shared_field-5029,4,frozen_baseline,11,942.205562,0.01660016702953726,11,1.0,10364.261182,True,
LOCAL-v1-q4-smooth_shared_field-5030,4,frozen_baseline,12,564.9149076666666,0.018137124949134886,12,1.0,6778.978892,True,
LOCAL-v1-q4-smooth_shared_field-5031,4,frozen_baseline,15,662.0483188,0.02090341702569276,15,1.0,9930.724782,True,
LOCAL-v1-q4-smooth_shared_field-5032,4,frozen_baseline,11,560.1925425454546,0.01815195893868804,11,1.0,6162.117968,True,
LOCAL-v1-q4-smooth_shared_field-5033,4,frozen_baseline,14,446.1255627857143,0.01893904199823737,14,1.0,6245.757879,True,
LOCAL-v1-q4-smooth_shared_field-5034,4,frozen_baseline,16,532.268961625,0.020455416990444064,16,1.0,8516.303386,True,
LOCAL-v1-q4-smooth_shared_field-5035,4,frozen_baseline,10,718.262078,0.01506416592746973,10,1.0,7182.62078,True,
LOCAL-v1-q4-smooth_shared_field-5036,4,frozen_baseline,15,489.43723140000003,0.018018541974015534,15,1.0,7341.558471,True,
LOCAL-v1-q4-smooth_shared_field-5037,4,frozen_baseline,15,526.2698248,0.02190033404622227,15,1.0,7894.047372,True,
LOCAL-v1-q4-smooth_shared_field-5038,4,frozen_baseline,16,410.8043145,0.01926591608207673,16,1.0,6572.869032,True,
LOCAL-v1-q4-smooth_shared_field-5039,4,frozen_baseline,10,666.9911414000001,0.017160457908175886,10,1.0,6669.911414,True,
LOCAL-v1-q4-smooth_shared_field-5040,4,frozen_baseline,15,420.8826269333333,0.018150208052247763,15,1.0,6313.239404,True,
LOCAL-v1-q4-smooth_shared_field-5041,4,frozen_baseline,15,531.6071278666667,0.02088179101701826,15,1.0,7974.106918,True,
LOCAL-v1-q4-smooth_shared_field-5042,4,frozen_baseline,11,626.9501643636363,0.024375499924644828,11,1.0,6896.451808,True,
LOCAL-v1-q4-smooth_shared_field-5043,4,frozen_baseline,12,616.544893,0.01887516595888883,12,1.0,7398.538716,True,
LOCAL-v1-q4-smooth_shared_field-5044,4,frozen_baseline,11,652.6627357272727,0.01660375006031245,11,1.0,7179.290093,True,
LOCAL-v1-q4-smooth_shared_field-5045,4,frozen_baseline,11,571.6027280909092,0.014700958970934153,11,1.0,6287.630009,True,
LOCAL-v1-q4-smooth_shared_field-5046,4,frozen_baseline,10,668.1268823,0.017515874933451414,10,1.0,6681.268823,True,
LOCAL-v1-q4-smooth_shared_field-5047,4,frozen_baseline,16,394.4884258125,0.022665083059109747,16,1.0,6311.814813,True,
LOCAL-v1-q4-smooth_shared_field-5048,4,frozen_baseline,12,554.5937730833333,0.015087791020050645,12,1.0,6655.125277,True,
LOCAL-v1-q4-smooth_shared_field-5049,4,frozen_baseline,10,764.0353592,0.018131874967366457,10,1.0,7640.353592,True,
LOCAL-v1-q4-smooth_shared_field-5050,4,frozen_baseline,15,454.7160254,0.019777124980464578,15,1.0,6820.740381,True,
LOCAL-v1-q4-smooth_shared_field-5051,4,frozen_baseline,11,638.8666811818182,0.015354458009824157,11,1.0,7027.533493,True,
LOCAL-v1-q4-smooth_shared_field-5052,4,frozen_baseline,13,479.04849461538464,0.01772062503732741,13,1.0,6227.63043,True,
LOCAL-v1-q4-smooth_shared_field-5053,4,frozen_baseline,16,413.957733625,0.01949720794800669,16,1.0,6623.323738,True,
LOCAL-v1-q4-smooth_shared_field-5054,4,frozen_baseline,16,634.5434188125,0.02087958308402449,16,1.0,10152.694701,True,
LOCAL-v1-q4-smooth_shared_field-5055,4,frozen_baseline,12,677.77781125,0.014530999935232103,12,1.0,8133.333735,True,
LOCAL-v1-q4-smooth_shared_field-5056,4,frozen_baseline,13,509.92641523076924,0.01657512504607439,13,1.0,6629.043398,True,
LOCAL-v1-q4-smooth_shared_field-5057,4,frozen_baseline,13,514.3694176153847,0.014704624889418483,13,1.0,6686.802429,True,
LOCAL-v1-q4-smooth_shared_field-5058,4,frozen_baseline,14,476.8264875714286,0.017721291980706155,14,1.0,6675.570826,True,
LOCAL-v1-q4-smooth_shared_field-5059,4,frozen_baseline,12,556.12027,0.017966915969736874,12,1.0,6673.44324,True,
LOCAL-v1-q4-smooth_shared_field-5060,4,frozen_baseline,11,628.2402851818182,0.01924058306030929,11,1.0,6910.643137,True,
LOCAL-v1-q4-smooth_shared_field-5061,4,frozen_baseline,13,652.5527607692309,0.01739808393176645,13,1.0,8483.18589,True,
LOCAL-v1-q4-smooth_shared_field-5062,4,frozen_baseline,16,532.51641675,0.021623625070787966,16,1.0,8520.262668,True,
LOCAL-v1-q4-smooth_shared_field-5063,4,frozen_baseline,15,422.0687292,0.02174999995622784,15,1.0,6331.030938,True,
LOCAL-v1-q4-smooth_shared_field-5064,4,frozen_baseline,13,504.3171043846154,0.018287083017639816,13,1.0,6556.122357,True,
LOCAL-v1-q4-smooth_shared_field-5065,4,frozen_baseline,12,632.1799725833333,0.017633749986998737,12,1.0,7586.159671,True,
LOCAL-v1-q4-smooth_shared_field-5066,4,frozen_baseline,10,743.5730599999999,0.017186708049848676,10,1.0,7435.7306,True,
LOCAL-v1-q4-smooth_shared_field-5067,4,frozen_baseline,16,667.214508,0.02110162505414337,16,1.0,10675.432128,True,
LOCAL-v1-q4-smooth_shared_field-5068,4,frozen_baseline,13,523.1063479230769,0.019245750037953258,13,1.0,6800.382523,True,
LOCAL-v1-q4-smooth_shared_field-5069,4,frozen_baseline,14,710.8994553571429,0.020320332958362997,14,1.0,9952.592375,True,
LOCAL-v1-q4-smooth_shared_field-5070,4,frozen_baseline,12,542.485351,0.016432125004939735,12,1.0,6509.824212,True,
LOCAL-v1-q4-smooth_shared_field-5071,4,frozen_baseline,12,564.3303885,0.0197607500012964,12,1.0,6771.964662,True,
LOCAL-v1-q4-smooth_shared_field-5072,4,frozen_baseline,15,489.25915266666664,0.014704375062137842,15,1.0,7338.88729,True,
LOCAL-v1-q4-smooth_shared_field-5073,4,frozen_baseline,10,614.8325374,0.017161124967969954,10,1.0,6148.325374,True,
LOCAL-v1-q4-smooth_shared_field-5074,4,frozen_baseline,16,422.1212171875,0.021000124979764223,16,1.0,6753.939475,True,
LOCAL-v1-q4-smooth_shared_field-5075,4,frozen_baseline,15,445.80142326666663,0.01752387499436736,15,1.0,6687.021349,True,
LOCAL-v1-q4-smooth_shared_field-5076,4,frozen_baseline,12,722.4602423333334,0.022474083001725376,12,1.0,8669.522908,True,
LOCAL-v1-q4-smooth_shared_field-5077,4,frozen_baseline,14,452.11169985714287,0.01855462498497218,14,1.0,6329.563798,True,
LOCAL-v1-q4-smooth_shared_field-5078,4,frozen_baseline,13,618.0905286153846,0.019236332969740033,13,1.0,8035.176872,True,
LOCAL-v1-q4-smooth_shared_field-5079,4,frozen_baseline,10,638.3648565000001,0.014918165979906917,10,1.0,6383.648565,True,
LOCAL-v1-q4-smooth_shared_field-5080,4,frozen_baseline,10,672.4675607,0.017007917049340904,10,1.0,6724.675607,True,
LOCAL-v1-q4-smooth_shared_field-5081,4,frozen_baseline,16,415.8215639375,0.02012208302039653,16,1.0,6653.145023,True,
LOCAL-v1-q4-smooth_shared_field-5082,4,frozen_baseline,13,551.1566178461538,0.016092791920527816,13,1.0,7165.036032,True,
LOCAL-v1-q4-smooth_shared_field-5083,4,frozen_baseline,13,732.977971076923,0.020465957932174206,13,1.0,9528.713624,True,
LOCAL-v1-q4-smooth_shared_field-5084,4,frozen_baseline,14,561.9223804285714,0.018173375050537288,14,1.0,7866.913326,True,
LOCAL-v1-q4-smooth_shared_field-5085,4,frozen_baseline,15,424.3984031333333,0.018468166003003716,15,1.0,6365.976047,True,
LOCAL-v1-q4-smooth_shared_field-5086,4,frozen_baseline,12,644.4926941666666,0.02225866704247892,12,1.0,7733.91233,True,
LOCAL-v1-q4-smooth_shared_field-5087,4,frozen_baseline,13,538.0011936923077,0.01652145804837346,13,1.0,6994.015518,True,
LOCAL-v1-q4-smooth_shared_field-5088,4,frozen_baseline,16,521.754579625,0.0219656660920009,16,1.0,8348.073274,True,
LOCAL-v1-q4-smooth_shared_field-5089,4,frozen_baseline,15,409.77455886666667,0.02028675004839897,15,1.0,6146.618383,True,
LOCAL-v1-q4-smooth_shared_field-5090,4,frozen_baseline,14,463.07508371428577,0.015390999964438379,14,1.0,6483.051172,True,
LOCAL-v1-q4-smooth_shared_field-5091,4,frozen_baseline,12,611.6408854166667,0.017445958103053272,12,1.0,7339.690625,True,
LOCAL-v1-q4-smooth_shared_field-5092,4,frozen_baseline,11,578.8187305454545,0.018133000005036592,11,1.0,6367.006036,True,
LOCAL-v1-q4-smooth_shared_field-5093,4,frozen_baseline,15,552.0793358666667,0.016257832990959287,15,1.0,8281.190038,True,
LOCAL-v1-q4-smooth_shared_field-5094,4,frozen_baseline,11,620.6132731818182,0.014683124958537519,11,1.0,6826.746005,True,
LOCAL-v1-q4-smooth_shared_field-5095,4,frozen_baseline,10,911.7342439,0.016994416946545243,10,1.0,9117.342439,True,
LOCAL-v1-q4-smooth_shared_field-5096,4,frozen_baseline,14,477.94534607142856,0.02085279196035117,14,1.0,6691.234845,True,
LOCAL-v1-q4-smooth_shared_field-5097,4,frozen_baseline,13,544.1760371538462,0.01942049991339445,13,1.0,7074.288483,True,
LOCAL-v1-q4-smooth_shared_field-5098,4,frozen_baseline,16,494.8396441875,0.018915832974016666,16,1.0,7917.434307,True,
LOCAL-v1-q4-smooth_shared_field-5099,4,frozen_baseline,13,664.2783163846154,0.01865108299534768,13,1.0,8635.618113,True,
LOCAL-v1-q4-cell50_shared_field-5000,4,frozen_baseline,11,604.3482687272727,0.018546540988609195,11,1.0,6647.830956,True,
LOCAL-v1-q4-cell50_shared_field-5001,4,frozen_baseline,14,541.6497308571428,0.01814358402043581,14,1.0,7583.096232,True,
LOCAL-v1-q4-cell50_shared_field-5002,4,frozen_baseline,15,511.1764814,0.01531550008803606,15,1.0,7667.647221,True,
LOCAL-v1-q4-cell50_shared_field-5003,4,frozen_baseline,11,617.6353988181818,0.016242708079516888,11,1.0,6793.989387,True,
LOCAL-v1-q4-cell50_shared_field-5004,4,frozen_baseline,12,520.5278074166666,0.018380749970674515,12,1.0,6246.333689,True,
LOCAL-v1-q4-cell50_shared_field-5005,4,frozen_baseline,11,563.8737269090909,0.02045570802874863,11,1.0,6202.610996,True,
LOCAL-v1-q4-cell50_shared_field-5006,4,frozen_baseline,11,743.5668070909092,0.01803779206238687,11,1.0,8179.234878,True,
LOCAL-v1-q4-cell50_shared_field-5007,4,frozen_baseline,11,612.8341861818182,0.022584374994039536,11,1.0,6741.176048,True,
LOCAL-v1-q4-cell50_shared_field-5008,4,frozen_baseline,10,718.0834304,0.01962358399759978,10,1.0,7180.834304,True,
LOCAL-v1-q4-cell50_shared_field-5009,4,frozen_baseline,14,464.71998535714283,0.022060791961848736,14,1.0,6506.079795,True,
LOCAL-v1-q4-cell50_shared_field-5010,4,frozen_baseline,12,531.1773031666667,0.01979150006081909,12,1.0,6374.127638,True,
LOCAL-v1-q4-cell50_shared_field-5011,4,frozen_baseline,15,715.7958465333334,0.018841209006495774,15,1.0,10736.937698,True,
LOCAL-v1-q4-cell50_shared_field-5012,4,frozen_baseline,10,652.4796363,0.014471750007942319,10,1.0,6524.796363,True,
LOCAL-v1-q4-cell50_shared_field-5013,4,frozen_baseline,12,612.6001193333333,0.01487829105462879,12,1.0,7351.201432,True,
LOCAL-v1-q4-cell50_shared_field-5014,4,frozen_baseline,11,612.5008773636364,0.017239791923202574,11,1.0,6737.509651,True,
LOCAL-v1-q4-cell50_shared_field-5015,4,frozen_baseline,12,546.2051511666667,0.01914862496778369,12,1.0,6554.461814,True,
LOCAL-v1-q4-cell50_shared_field-5016,4,frozen_baseline,16,430.4567049375,0.01880437508225441,16,1.0,6887.307279,True,
LOCAL-v1-q4-cell50_shared_field-5017,4,frozen_baseline,15,574.5487486666666,0.016263583092950284,15,1.0,8618.23123,True,
LOCAL-v1-q4-cell50_shared_field-5018,4,frozen_baseline,10,725.4667328,0.015986084006726742,10,1.0,7254.667328,True,
LOCAL-v1-q4-cell50_shared_field-5019,4,frozen_baseline,11,625.9788635454545,0.017854249919764698,11,1.0,6885.767499,True,
LOCAL-v1-q4-cell50_shared_field-5020,4,frozen_baseline,16,438.8621660625,0.017008166993036866,16,1.0,7021.794657,True,
LOCAL-v1-q4-cell50_shared_field-5021,4,frozen_baseline,14,618.6978060714285,0.018519124947488308,14,1.0,8661.769285,True,
LOCAL-v1-q4-cell50_shared_field-5022,4,frozen_baseline,14,586.5506466428571,0.020033375010825694,14,1.0,8211.709053,True,
LOCAL-v1-q4-cell50_shared_field-5023,4,frozen_baseline,15,465.6886880666667,0.02047687501180917,15,1.0,6985.330321,True,
LOCAL-v1-q4-cell50_shared_field-5024,4,frozen_baseline,13,488.75242623076923,0.01600624993443489,13,1.0,6353.781541,True,
LOCAL-v1-q4-cell50_shared_field-5025,4,frozen_baseline,12,610.9026723333333,0.01951979100704193,12,1.0,7330.832068,True,
LOCAL-v1-q4-cell50_shared_field-5026,4,frozen_baseline,15,422.0555864666667,0.01966758305206895,15,1.0,6330.833797,True,
LOCAL-v1-q4-cell50_shared_field-5027,4,frozen_baseline,11,590.4071237272727,0.018108334043063223,11,1.0,6494.478361,True,
LOCAL-v1-q4-cell50_shared_field-5028,4,frozen_baseline,10,679.6411544,0.016248833038844168,10,1.0,6796.411544,True,
LOCAL-v1-q4-cell50_shared_field-5029,4,frozen_baseline,11,766.1139967272727,0.016563667100854218,11,1.0,8427.253964,True,
LOCAL-v1-q4-cell50_shared_field-5030,4,frozen_baseline,12,606.6619221666666,0.01821795804426074,12,1.0,7279.943066,True,
LOCAL-v1-q4-cell50_shared_field-5031,4,frozen_baseline,15,530.4760190000001,0.020104292081668973,15,1.0,7957.140285,True,
LOCAL-v1-q4-cell50_shared_field-5032,4,frozen_baseline,11,553.585993090909,0.017995834001339972,11,1.0,6089.445924,True,
LOCAL-v1-q4-cell50_shared_field-5033,4,frozen_baseline,14,446.3836253571429,0.01919237500987947,14,1.0,6249.370755,True,
LOCAL-v1-q4-cell50_shared_field-5034,4,frozen_baseline,16,515.2782173125,0.020331458072178066,16,1.0,8244.451477,True,
LOCAL-v1-q4-cell50_shared_field-5035,4,frozen_baseline,10,733.3430007,0.014992790995165706,10,1.0,7333.430007,True,
LOCAL-v1-q4-cell50_shared_field-5036,4,frozen_baseline,15,514.4879251333333,0.01819641701877117,15,1.0,7717.318877,True,
LOCAL-v1-q4-cell50_shared_field-5037,4,frozen_baseline,15,497.20595073333334,0.022007749998010695,15,1.0,7458.089261,True,
LOCAL-v1-q4-cell50_shared_field-5038,4,frozen_baseline,16,467.2345816875,0.01824991696048528,16,1.0,7475.753307,True,
LOCAL-v1-q4-cell50_shared_field-5039,4,frozen_baseline,10,680.2447341,0.017404875019565225,10,1.0,6802.447341,True,
LOCAL-v1-q4-cell50_shared_field-5040,4,frozen_baseline,15,428.7294799333333,0.01808933401480317,15,1.0,6430.942199,True,
LOCAL-v1-q4-cell50_shared_field-5041,4,frozen_baseline,15,504.8252174,0.02070337499026209,15,1.0,7572.378261,True,
LOCAL-v1-q4-cell50_shared_field-5042,4,frozen_baseline,11,869.3967358181818,0.01734124997165054,11,1.0,9563.364094,True,
LOCAL-v1-q4-cell50_shared_field-5043,4,frozen_baseline,12,562.9313975833334,0.017962582991458476,12,1.0,6755.176771,True,
LOCAL-v1-q4-cell50_shared_field-5044,4,frozen_baseline,11,662.3189646363636,0.016644792049191892,11,1.0,7285.508611,True,
LOCAL-v1-q4-cell50_shared_field-5045,4,frozen_baseline,11,571.8946372727273,0.014748708112165332,11,1.0,6290.84101,True,
LOCAL-v1-q4-cell50_shared_field-5046,4,frozen_baseline,10,661.8777779,0.01795854198280722,10,1.0,6618.777779,True,
LOCAL-v1-q4-cell50_shared_field-5047,4,frozen_baseline,16,394.3123415625,0.022577333031222224,16,1.0,6308.997465,True,
LOCAL-v1-q4-cell50_shared_field-5048,4,frozen_baseline,12,565.9356354166667,0.015064917039126158,12,1.0,6791.227625,True,
LOCAL-v1-q4-cell50_shared_field-5049,4,frozen_baseline,10,738.9152334,0.018013791064731777,10,1.0,7389.152334,True,
LOCAL-v1-q4-cell50_shared_field-5050,4,frozen_baseline,15,471.29673526666664,0.019802624941803515,15,1.0,7069.451029,True,
LOCAL-v1-q4-cell50_shared_field-5051,4,frozen_baseline,11,632.5333436363636,0.015282833948731422,11,1.0,6957.86678,True,
LOCAL-v1-q4-cell50_shared_field-5052,4,frozen_baseline,13,480.95671223076926,0.019611709052696824,13,1.0,6252.437259,True,
LOCAL-v1-q4-cell50_shared_field-5053,4,frozen_baseline,16,413.4444308125,0.019616374978795648,16,1.0,6615.110893,True,
LOCAL-v1-q4-cell50_shared_field-5054,4,frozen_baseline,16,423.52921875,0.020394708961248398,16,1.0,6776.4675,True,
LOCAL-v1-q4-cell50_shared_field-5055,4,frozen_baseline,12,646.1345244166666,0.014531542081385851,12,1.0,7753.614293,True,
LOCAL-v1-q4-cell50_shared_field-5056,4,frozen_baseline,13,514.9001728461539,0.0164715830469504,13,1.0,6693.702247,True,
LOCAL-v1-q4-cell50_shared_field-5057,4,frozen_baseline,13,513.7073801538462,0.014696207945235074,13,1.0,6678.195942,True,
LOCAL-v1-q4-cell50_shared_field-5058,4,frozen_baseline,14,450.9923749285714,0.017904542037285864,14,1.0,6313.893249,True,
LOCAL-v1-q4-cell50_shared_field-5059,4,frozen_baseline,12,534.5488618333333,0.018429667106829584,12,1.0,6414.586342,True,
LOCAL-v1-q4-cell50_shared_field-5060,4,frozen_baseline,11,633.1513809090909,0.020762374973855913,11,1.0,6964.66519,True,
LOCAL-v1-q4-cell50_shared_field-5061,4,frozen_baseline,13,709.0765662307692,0.017545790993608534,13,1.0,9217.995361,True,
LOCAL-v1-q4-cell50_shared_field-5062,4,frozen_baseline,16,633.2188709375,0.022046083002351224,16,1.0,10131.501935,True,
LOCAL-v1-q4-cell50_shared_field-5063,4,frozen_baseline,15,411.02873246666667,0.021635166951455176,15,1.0,6165.430987,True,
LOCAL-v1-q4-cell50_shared_field-5064,4,frozen_baseline,13,521.4249236153846,0.018297708011232316,13,1.0,6778.524007,True,
LOCAL-v1-q4-cell50_shared_field-5065,4,frozen_baseline,12,621.3949868333333,0.01588900003116578,12,1.0,7456.739842,True,
LOCAL-v1-q4-cell50_shared_field-5066,4,frozen_baseline,10,646.3892019,0.016924792085774243,10,1.0,6463.892019,True,
LOCAL-v1-q4-cell50_shared_field-5067,4,frozen_baseline,16,438.2031735625,0.02078529098071158,16,1.0,7011.250777,True,
LOCAL-v1-q4-cell50_shared_field-5068,4,frozen_baseline,13,554.3052991538461,0.019307791022583842,13,1.0,7205.968889,True,
LOCAL-v1-q4-cell50_shared_field-5069,4,frozen_baseline,14,540.9984721428572,0.020178625010885298,14,1.0,7573.97861,True,
LOCAL-v1-q4-cell50_shared_field-5070,4,frozen_baseline,12,543.2916198333334,0.016674833022989333,12,1.0,6519.499438,True,
LOCAL-v1-q4-cell50_shared_field-5071,4,frozen_baseline,12,563.6255046666666,0.01969066692981869,12,1.0,6763.506056,True,
LOCAL-v1-q4-cell50_shared_field-5072,4,frozen_baseline,15,521.976257,0.014814041904173791,15,1.0,7829.643855,True,
LOCAL-v1-q4-cell50_shared_field-5073,4,frozen_baseline,10,621.0040271,0.01737274997867644,10,1.0,6210.040271,True,
LOCAL-v1-q4-cell50_shared_field-5074,4,frozen_baseline,16,414.0610250625,0.021252249949611723,16,1.0,6624.976401,True,
LOCAL-v1-q4-cell50_shared_field-5075,4,frozen_baseline,15,448.4154791333333,0.017726791091263294,15,1.0,6726.232187,True,
LOCAL-v1-q4-cell50_shared_field-5076,4,frozen_baseline,12,584.2169807500001,0.022700582980178297,12,1.0,7010.603769,True,
LOCAL-v1-q4-cell50_shared_field-5077,4,frozen_baseline,14,561.0806693571428,0.018650416051968932,14,1.0,7855.129371,True,
LOCAL-v1-q4-cell50_shared_field-5078,4,frozen_baseline,13,512.2171202307692,0.018844333011657,13,1.0,6658.822563,True,
LOCAL-v1-q4-cell50_shared_field-5079,4,frozen_baseline,10,646.6934376,0.014420665916986763,10,1.0,6466.934376,True,
LOCAL-v1-q4-cell50_shared_field-5080,4,frozen_baseline,10,943.6374167,0.017199791967868805,10,1.0,9436.374167,True,
LOCAL-v1-q4-cell50_shared_field-5081,4,frozen_baseline,16,460.8826765,0.018809833098202944,16,1.0,7374.122824,True,
LOCAL-v1-q4-cell50_shared_field-5082,4,frozen_baseline,13,537.0607133846154,0.016245209029875696,13,1.0,6981.789274,True,
LOCAL-v1-q4-cell50_shared_field-5083,4,frozen_baseline,13,508.3174240769231,0.020572250010445714,13,1.0,6608.126513,True,
LOCAL-v1-q4-cell50_shared_field-5084,4,frozen_baseline,14,641.697263857143,0.01825891702901572,14,1.0,8983.761694,True,
LOCAL-v1-q4-cell50_shared_field-5085,4,frozen_baseline,15,416.7422158,0.019484209013171494,15,1.0,6251.133237,True,
LOCAL-v1-q4-cell50_shared_field-5086,4,frozen_baseline,12,878.2281761666667,0.022877374896779656,12,1.0,10538.738114,True,
LOCAL-v1-q4-cell50_shared_field-5087,4,frozen_baseline,13,523.5887595384615,0.016725666006095707,13,1.0,6806.653874,True,
LOCAL-v1-q4-cell50_shared_field-5088,4,frozen_baseline,16,648.9630684375,0.02221491700038314,16,1.0,10383.409095,True,
LOCAL-v1-q4-cell50_shared_field-5089,4,frozen_baseline,15,405.7587382666667,0.020109541015699506,15,1.0,6086.381074,True,
LOCAL-v1-q4-cell50_shared_field-5090,4,frozen_baseline,14,461.8008814285714,0.015383084071800113,14,1.0,6465.21234,True,
LOCAL-v1-q4-cell50_shared_field-5091,4,frozen_baseline,12,573.7406110000001,0.015937959076836705,12,1.0,6884.887332,True,
LOCAL-v1-q4-cell50_shared_field-5092,4,frozen_baseline,11,569.6138924545454,0.018814750015735626,11,1.0,6265.752817,True,
LOCAL-v1-q4-cell50_shared_field-5093,4,frozen_baseline,15,568.135729,0.016623832983896136,15,1.0,8522.035935,True,
LOCAL-v1-q4-cell50_shared_field-5094,4,frozen_baseline,11,634.715260909091,0.014814166002906859,11,1.0,6981.86787,True,
LOCAL-v1-q4-cell50_shared_field-5095,4,frozen_baseline,10,720.5779805,0.018255625036545098,10,1.0,7205.779805,True,
LOCAL-v1-q4-cell50_shared_field-5096,4,frozen_baseline,14,479.2077075714286,0.020949792000465095,14,1.0,6708.907906,True,
LOCAL-v1-q4-cell50_shared_field-5097,4,frozen_baseline,13,552.864984,0.019456916954368353,13,1.0,7187.244792,True,
LOCAL-v1-q4-cell50_shared_field-5098,4,frozen_baseline,16,416.890602375,0.019158666022121906,16,1.0,6670.249638,True,
LOCAL-v1-q4-cell50_shared_field-5099,4,frozen_baseline,13,650.5567092307693,0.019026124966330826,13,1.0,8457.23722,True,
LOCAL-v1-q4-cell500_shared_field-5000,4,frozen_baseline,11,585.9050421818182,0.01858262496534735,11,1.0,6444.955464,True,
LOCAL-v1-q4-cell500_shared_field-5001,4,frozen_baseline,14,543.4643184285715,0.018179332953877747,14,1.0,7608.500458,True,
LOCAL-v1-q4-cell500_shared_field-5002,4,frozen_baseline,15,448.5853944,0.015377750038169324,15,1.0,6728.780916,True,
LOCAL-v1-q4-cell500_shared_field-5003,4,frozen_baseline,11,616.440316,0.016413374920375645,11,1.0,6780.843476,True,
LOCAL-v1-q4-cell500_shared_field-5004,4,frozen_baseline,12,523.3238273333333,0.01817983400542289,12,1.0,6279.885928,True,
LOCAL-v1-q4-cell500_shared_field-5005,4,frozen_baseline,11,566.6793182727273,0.020459707942791283,11,1.0,6233.472501,True,
LOCAL-v1-q4-cell500_shared_field-5006,4,frozen_baseline,11,723.1248604545455,0.017928167013451457,11,1.0,7954.373465,True,
LOCAL-v1-q4-cell500_shared_field-5007,4,frozen_baseline,11,613.4991341818181,0.02239375002682209,11,1.0,6748.490476,True,
LOCAL-v1-q4-cell500_shared_field-5008,4,frozen_baseline,10,706.0138018,0.019394875038415194,10,1.0,7060.138018,True,
LOCAL-v1-q4-cell500_shared_field-5009,4,frozen_baseline,14,464.1890697142857,0.021750334068201482,14,1.0,6498.646976,True,
LOCAL-v1-q4-cell500_shared_field-5010,4,frozen_baseline,12,531.6905370833333,0.019552209065295756,12,1.0,6380.286445,True,
LOCAL-v1-q4-cell500_shared_field-5011,4,frozen_baseline,15,449.60753013333334,0.018388292053714395,15,1.0,6744.112952,True,
LOCAL-v1-q4-cell500_shared_field-5012,4,frozen_baseline,10,628.8218801,0.01436845795251429,10,1.0,6288.218801,True,
LOCAL-v1-q4-cell500_shared_field-5013,4,frozen_baseline,12,581.4079363333334,0.015075832954607904,12,1.0,6976.895236,True,
LOCAL-v1-q4-cell500_shared_field-5014,4,frozen_baseline,11,719.3817533636364,0.017509625060483813,11,1.0,7913.199287,True,
LOCAL-v1-q4-cell500_shared_field-5015,4,frozen_baseline,12,525.13307175,0.019186540972441435,12,1.0,6301.596861,True,
LOCAL-v1-q4-cell500_shared_field-5016,4,frozen_baseline,16,408.2884941875,0.019102332997135818,16,1.0,6532.615907,True,
LOCAL-v1-q4-cell500_shared_field-5017,4,frozen_baseline,15,524.9853972,0.01775395800359547,15,1.0,7874.780958,True,
LOCAL-v1-q4-cell500_shared_field-5018,4,frozen_baseline,10,835.8679491999999,0.015875375014729798,10,1.0,8358.679492,True,
LOCAL-v1-q4-cell500_shared_field-5019,4,frozen_baseline,11,628.7466505454545,0.017810208024457097,11,1.0,6916.213156,True,
LOCAL-v1-q4-cell500_shared_field-5020,4,frozen_baseline,16,466.9563771875,0.016728458926081657,16,1.0,7471.302035,True,
LOCAL-v1-q4-cell500_shared_field-5021,4,frozen_baseline,14,834.1593797857142,0.01844149990938604,14,1.0,11678.231317,True,
LOCAL-v1-q4-cell500_shared_field-5022,4,frozen_baseline,14,679.1633935714286,0.015644541941583157,14,1.0,9508.28751,True,
LOCAL-v1-q4-cell500_shared_field-5023,4,frozen_baseline,15,446.32578593333335,0.020856749964877963,15,1.0,6694.886789,True,
LOCAL-v1-q4-cell500_shared_field-5024,4,frozen_baseline,13,488.2027199230769,0.016096333973109722,13,1.0,6346.635359,True,
LOCAL-v1-q4-cell500_shared_field-5025,4,frozen_baseline,12,595.1547314166667,0.0196352080674842,12,1.0,7141.856777,True,
LOCAL-v1-q4-cell500_shared_field-5026,4,frozen_baseline,15,419.64132866666665,0.019442417076788843,15,1.0,6294.61993,True,
LOCAL-v1-q4-cell500_shared_field-5027,4,frozen_baseline,11,637.7639642727273,0.018394167069345713,11,1.0,7015.403607,True,
LOCAL-v1-q4-cell500_shared_field-5028,4,frozen_baseline,10,679.8942989999999,0.016215582960285246,10,1.0,6798.94299,True,
LOCAL-v1-q4-cell500_shared_field-5029,4,frozen_baseline,11,681.9885876363637,0.016562832985073328,11,1.0,7501.874464,True,
LOCAL-v1-q4-cell500_shared_field-5030,4,frozen_baseline,12,564.2133243333334,0.01839329209178686,12,1.0,6770.559892,True,
LOCAL-v1-q4-cell500_shared_field-5031,4,frozen_baseline,15,568.0986792,0.019987332983873785,15,1.0,8521.480188,True,
LOCAL-v1-q4-cell500_shared_field-5032,4,frozen_baseline,11,558.5027721818182,0.018074958003126085,11,1.0,6143.530494,True,
LOCAL-v1-q4-cell500_shared_field-5033,4,frozen_baseline,14,445.8311005714286,0.018826082930900156,14,1.0,6241.635408,True,
LOCAL-v1-q4-cell500_shared_field-5034,4,frozen_baseline,16,557.1638589375,0.018465750035829842,16,1.0,8914.621743,True,
LOCAL-v1-q4-cell500_shared_field-5035,4,frozen_baseline,10,719.8865815,0.014865624951198697,10,1.0,7198.865815,True,
LOCAL-v1-q4-cell500_shared_field-5036,4,frozen_baseline,15,547.4982262666667,0.01817349996417761,15,1.0,8212.473394,True,
LOCAL-v1-q4-cell500_shared_field-5037,4,frozen_baseline,15,488.11138980000004,0.021631999989040196,15,1.0,7321.670847,True,
LOCAL-v1-q4-cell500_shared_field-5038,4,frozen_baseline,16,470.319335375,0.018256874987855554,16,1.0,7525.109366,True,
LOCAL-v1-q4-cell500_shared_field-5039,4,frozen_baseline,10,666.2001325,0.017251917044632137,10,1.0,6662.001325,True,
LOCAL-v1-q4-cell500_shared_field-5040,4,frozen_baseline,15,420.79063226666665,0.01813558302819729,15,1.0,6311.859484,True,
LOCAL-v1-q4-cell500_shared_field-5041,4,frozen_baseline,15,503.37914766666665,0.02108824998140335,15,1.0,7550.687215,True,
LOCAL-v1-q4-cell500_shared_field-5042,4,frozen_baseline,11,620.8050290909091,0.02062945906072855,11,1.0,6828.85532,True,
LOCAL-v1-q4-cell500_shared_field-5043,4,frozen_baseline,12,558.9325725833334,0.01808462501503527,12,1.0,6707.190871,True,
LOCAL-v1-q4-cell500_shared_field-5044,4,frozen_baseline,11,647.6794315454546,0.01655095792375505,11,1.0,7124.473747,True,
LOCAL-v1-q4-cell500_shared_field-5045,4,frozen_baseline,11,571.9524353636364,0.014795999974012375,11,1.0,6291.476789,True,
LOCAL-v1-q4-cell500_shared_field-5046,4,frozen_baseline,10,681.8671529999999,0.017923375009559095,10,1.0,6818.67153,True,
LOCAL-v1-q4-cell500_shared_field-5047,4,frozen_baseline,16,395.0702118125,0.022896665963344276,16,1.0,6321.123389,True,
LOCAL-v1-q4-cell500_shared_field-5048,4,frozen_baseline,12,556.3044052500001,0.015011583920568228,12,1.0,6675.652863,True,
LOCAL-v1-q4-cell500_shared_field-5049,4,frozen_baseline,10,782.374744,0.018268917105160654,10,1.0,7823.74744,True,
LOCAL-v1-q4-cell500_shared_field-5050,4,frozen_baseline,15,501.8063246,0.01995633402839303,15,1.0,7527.094869,True,
LOCAL-v1-q4-cell500_shared_field-5051,4,frozen_baseline,11,632.8627528181819,0.015465250005945563,11,1.0,6961.490281,True,
LOCAL-v1-q4-cell500_shared_field-5052,4,frozen_baseline,13,482.32439369230764,0.019668332999572158,13,1.0,6270.217118,True,
LOCAL-v1-q4-cell500_shared_field-5053,4,frozen_baseline,16,412.5892156875,0.01967683294788003,16,1.0,6601.427451,True,
LOCAL-v1-q4-cell500_shared_field-5054,4,frozen_baseline,16,462.2874409375,0.02060375001747161,16,1.0,7396.599055,True,
LOCAL-v1-q4-cell500_shared_field-5055,4,frozen_baseline,12,685.6568411666667,0.014592583989724517,12,1.0,8227.882094,True,
LOCAL-v1-q4-cell500_shared_field-5056,4,frozen_baseline,13,515.1876965384615,0.01674708304926753,13,1.0,6697.440055,True,
LOCAL-v1-q4-cell500_shared_field-5057,4,frozen_baseline,13,525.4541958461539,0.0149819579673931,13,1.0,6830.904546,True,
LOCAL-v1-q4-cell500_shared_field-5058,4,frozen_baseline,14,450.4672837857143,0.018047082936391234,14,1.0,6306.541973,True,
LOCAL-v1-q4-cell500_shared_field-5059,4,frozen_baseline,12,534.8628915833334,0.018140624975785613,12,1.0,6418.354699,True,
LOCAL-v1-q4-cell500_shared_field-5060,4,frozen_baseline,11,623.4390128181818,0.0206301670987159,11,1.0,6857.829141,True,
LOCAL-v1-q4-cell500_shared_field-5061,4,frozen_baseline,13,690.904049923077,0.017513625090941787,13,1.0,8981.752649,True,
LOCAL-v1-q4-cell500_shared_field-5062,4,frozen_baseline,16,655.10225725,0.021855375031009316,16,1.0,10481.636116,True,
LOCAL-v1-q4-cell500_shared_field-5063,4,frozen_baseline,15,447.66370693333334,0.02213416702579707,15,1.0,6714.955604,True,
LOCAL-v1-q4-cell500_shared_field-5064,4,frozen_baseline,13,505.34508323076926,0.018395125051029027,13,1.0,6569.486082,True,
LOCAL-v1-q4-cell500_shared_field-5065,4,frozen_baseline,12,578.7225680833334,0.01486495800781995,12,1.0,6944.670817,True,
LOCAL-v1-q4-cell500_shared_field-5066,4,frozen_baseline,10,644.8178079,0.01728675002232194,10,1.0,6448.178079,True,
LOCAL-v1-q4-cell500_shared_field-5067,4,frozen_baseline,16,482.601456125,0.021161500015296042,16,1.0,7721.623298,True,
LOCAL-v1-q4-cell500_shared_field-5068,4,frozen_baseline,13,549.8955546923078,0.019586249953135848,13,1.0,7148.642211,True,
LOCAL-v1-q4-cell500_shared_field-5069,4,frozen_baseline,14,708.1589135,0.02025862503796816,14,1.0,9914.224789,True,
LOCAL-v1-q4-cell500_shared_field-5070,4,frozen_baseline,12,553.358307,0.01675179204903543,12,1.0,6640.299684,True,
LOCAL-v1-q4-cell500_shared_field-5071,4,frozen_baseline,12,564.49523475,0.019675874966196716,12,1.0,6773.942817,True,
LOCAL-v1-q4-cell500_shared_field-5072,4,frozen_baseline,15,485.909264,0.014786917017772794,15,1.0,7288.63896,True,
LOCAL-v1-q4-cell500_shared_field-5073,4,frozen_baseline,10,627.3822357,0.017158625065349042,10,1.0,6273.822357,True,
LOCAL-v1-q4-cell500_shared_field-5074,4,frozen_baseline,16,414.368233125,0.021267249947413802,16,1.0,6629.89173,True,
LOCAL-v1-q4-cell500_shared_field-5075,4,frozen_baseline,15,440.6888936666667,0.017722667078487575,15,1.0,6610.333405,True,
LOCAL-v1-q4-cell500_shared_field-5076,4,frozen_baseline,12,572.2078355833333,0.02242179191671312,12,1.0,6866.494027,True,
LOCAL-v1-q4-cell500_shared_field-5077,4,frozen_baseline,14,485.2149827142857,0.019551125005818903,14,1.0,6793.009758,True,
LOCAL-v1-q4-cell500_shared_field-5078,4,frozen_baseline,13,513.7206610769231,0.019183625001460314,13,1.0,6678.368594,True,
LOCAL-v1-q4-cell500_shared_field-5079,4,frozen_baseline,10,647.7839916,0.014775458024814725,10,1.0,6477.839916,True,
LOCAL-v1-q4-cell500_shared_field-5080,4,frozen_baseline,10,898.0093752,0.017319916049018502,10,1.0,8980.093752,True,
LOCAL-v1-q4-cell500_shared_field-5081,4,frozen_baseline,16,445.3970988125,0.018847249913960695,16,1.0,7126.353581,True,
LOCAL-v1-q4-cell500_shared_field-5082,4,frozen_baseline,13,524.7218942307692,0.016233625006861985,13,1.0,6821.384625,True,
LOCAL-v1-q4-cell500_shared_field-5083,4,frozen_baseline,13,570.6683529230769,0.020318415947258472,13,1.0,7418.688588,True,
LOCAL-v1-q4-cell500_shared_field-5084,4,frozen_baseline,14,515.4937297857143,0.01829191599972546,14,1.0,7216.912217,True,
LOCAL-v1-q4-cell500_shared_field-5085,4,frozen_baseline,15,538.5248856000001,0.019626874942332506,15,1.0,8077.873284,True,
LOCAL-v1-q4-cell500_shared_field-5086,4,frozen_baseline,12,680.3354829166666,0.021096166921779513,12,1.0,8164.025795,True,
LOCAL-v1-q4-cell500_shared_field-5087,4,frozen_baseline,13,538.1000013846153,0.01667229097802192,13,1.0,6995.300018,True,
LOCAL-v1-q4-cell500_shared_field-5088,4,frozen_baseline,16,447.155685875,0.022433290956541896,16,1.0,7154.490974,True,
LOCAL-v1-q4-cell500_shared_field-5089,4,frozen_baseline,15,404.1462178666667,0.020343709038570523,15,1.0,6062.193268,True,
LOCAL-v1-q4-cell500_shared_field-5090,4,frozen_baseline,14,463.0179667857143,0.015561833046376705,14,1.0,6482.251535,True,
LOCAL-v1-q4-cell500_shared_field-5091,4,frozen_baseline,12,622.1464915,0.01596987491939217,12,1.0,7465.757898,True,
LOCAL-v1-q4-cell500_shared_field-5092,4,frozen_baseline,11,569.7969081818181,0.018743708031252027,11,1.0,6267.76599,True,
LOCAL-v1-q4-cell500_shared_field-5093,4,frozen_baseline,15,552.0790888666667,0.01649599999655038,15,1.0,8281.186333,True,
LOCAL-v1-q4-cell500_shared_field-5094,4,frozen_baseline,11,632.8792178181818,0.014723374973982573,11,1.0,6961.671396,True,
LOCAL-v1-q4-cell500_shared_field-5095,4,frozen_baseline,10,731.8123760999999,0.017127208062447608,10,1.0,7318.123761,True,
LOCAL-v1-q4-cell500_shared_field-5096,4,frozen_baseline,14,481.0479361428571,0.021039583021774888,14,1.0,6734.671106,True,
LOCAL-v1-q4-cell500_shared_field-5097,4,frozen_baseline,13,544.2036276153847,0.01980866608209908,13,1.0,7074.647159,True,
LOCAL-v1-q4-cell500_shared_field-5098,4,frozen_baseline,16,405.583708125,0.019293957971967757,16,1.0,6489.33933,True,
LOCAL-v1-q4-cell500_shared_field-5099,4,frozen_baseline,13,679.8846238461539,0.01899300003424287,13,1.0,8838.50011,True,
LOCAL-v1-q4-edge_mixed_min_radius-5000,4,frozen_baseline,11,800.9945518181819,0.01786504196934402,11,1.0,8810.94007,True,
LOCAL-v1-q4-edge_mixed_min_radius-5001,4,frozen_baseline,14,741.7835821428571,0.019401292083784938,14,1.0,10384.97015,True,
LOCAL-v1-q4-edge_mixed_min_radius-5002,4,frozen_baseline,15,619.1579435333333,0.018752124975435436,15,1.0,9287.369153,True,
LOCAL-v1-q4-edge_mixed_min_radius-5003,4,frozen_baseline,11,643.8686720000001,0.018230417044833302,11,1.0,7082.555392,True,
LOCAL-v1-q4-edge_mixed_min_radius-5004,4,frozen_baseline,12,546.7765215000001,0.01660783402621746,12,1.0,6561.318258,True,
LOCAL-v1-q4-edge_mixed_min_radius-5005,4,frozen_baseline,11,645.9884263636363,0.016008500009775162,11,1.0,7105.87269,True,
LOCAL-v1-q4-edge_mixed_min_radius-5006,4,frozen_baseline,11,756.5893940000001,0.01785058295354247,11,1.0,8322.483334,True,
LOCAL-v1-q4-edge_mixed_min_radius-5007,4,frozen_baseline,11,725.1561296363636,0.016718042083084583,11,1.0,7976.717426,True,
LOCAL-v1-q4-edge_mixed_min_radius-5008,4,frozen_baseline,10,823.1531074000001,0.014096457976847887,10,1.0,8231.531074,True,
LOCAL-v1-q4-edge_mixed_min_radius-5009,4,frozen_baseline,14,503.36899514285716,0.017647291999310255,14,1.0,7047.165932,True,
LOCAL-v1-q4-edge_mixed_min_radius-5010,4,frozen_baseline,12,531.2379334999999,0.020040499977767467,12,1.0,6374.855202,True,
LOCAL-v1-q4-edge_mixed_min_radius-5011,4,frozen_baseline,15,424.12467399999997,0.02158191695343703,15,1.0,6361.87011,True,
LOCAL-v1-q4-edge_mixed_min_radius-5012,4,frozen_baseline,10,734.469208,0.017916708020493388,10,1.0,7344.69208,True,
LOCAL-v1-q4-edge_mixed_min_radius-5013,4,frozen_baseline,12,595.9616494166667,0.01924041600432247,12,1.0,7151.539793,True,
LOCAL-v1-q4-edge_mixed_min_radius-5014,4,frozen_baseline,11,807.0765850909091,0.015504625043831766,11,1.0,8877.842436,True,
LOCAL-v1-q4-edge_mixed_min_radius-5015,4,frozen_baseline,12,630.5127854166667,0.016265457961708307,12,1.0,7566.153425,True,
LOCAL-v1-q4-edge_mixed_min_radius-5016,4,frozen_baseline,16,493.3497158125,0.017672082991339266,16,1.0,7893.595453,True,
LOCAL-v1-q4-edge_mixed_min_radius-5017,4,frozen_baseline,15,614.576973,0.016781375044956803,15,1.0,9218.654595,True,
LOCAL-v1-q4-edge_mixed_min_radius-5018,4,frozen_baseline,10,773.3594223,0.01527325005736202,10,1.0,7733.594223,True,
LOCAL-v1-q4-edge_mixed_min_radius-5019,4,frozen_baseline,11,582.1932485454546,0.01850920799188316,11,1.0,6404.125734,True,
LOCAL-v1-q4-edge_mixed_min_radius-5020,4,frozen_baseline,16,456.295149375,0.019796582986600697,16,1.0,7300.72239,True,
LOCAL-v1-q4-edge_mixed_min_radius-5021,4,frozen_baseline,14,696.5865047857143,0.01575245801359415,14,1.0,9752.211067,True,
LOCAL-v1-q4-edge_mixed_min_radius-5022,4,frozen_baseline,14,660.9818787857142,0.015776874963194132,14,1.0,9253.746303,True,
LOCAL-v1-q4-edge_mixed_min_radius-5023,4,frozen_baseline,15,499.8048402,0.018860624986700714,15,1.0,7497.072603,True,
LOCAL-v1-q4-edge_mixed_min_radius-5024,4,frozen_baseline,13,607.5583015384616,0.020565208978950977,13,1.0,7898.25792,True,
LOCAL-v1-q4-edge_mixed_min_radius-5025,4,frozen_baseline,12,669.2232211666667,0.018148500006645918,12,1.0,8030.678654,True,
LOCAL-v1-q4-edge_mixed_min_radius-5026,4,frozen_baseline,15,446.9963114,0.022533749928697944,15,1.0,6704.944671,True,
LOCAL-v1-q4-edge_mixed_min_radius-5027,4,frozen_baseline,11,625.966649,0.037231958005577326,11,1.0,6885.633139,True,
LOCAL-v1-q4-edge_mixed_min_radius-5028,4,frozen_baseline,10,651.7642768,0.016199291916564107,10,1.0,6517.642768,True,
LOCAL-v1-q4-edge_mixed_min_radius-5029,4,frozen_baseline,11,696.7846290909091,0.014937250060029328,11,1.0,7664.63092,True,
LOCAL-v1-q4-edge_mixed_min_radius-5030,4,frozen_baseline,12,629.9151009999999,0.017419083043932915,12,1.0,7558.981212,True,
LOCAL-v1-q4-edge_mixed_min_radius-5031,4,frozen_baseline,15,569.0524075333334,0.016565834055654705,15,1.0,8535.786113,True,
LOCAL-v1-q4-edge_mixed_min_radius-5032,4,frozen_baseline,11,613.0974537272728,0.015301709063351154,11,1.0,6744.071991,True,
LOCAL-v1-q4-edge_mixed_min_radius-5033,4,frozen_baseline,14,516.0926977142857,0.018723709043115377,14,1.0,7225.297768,True,
LOCAL-v1-q4-edge_mixed_min_radius-5034,4,frozen_baseline,16,500.2597061875,0.01843495899811387,16,1.0,8004.155299,True,
LOCAL-v1-q4-edge_mixed_min_radius-5035,4,frozen_baseline,10,817.9419769,0.017266749986447394,10,1.0,8179.419769,True,
LOCAL-v1-q4-edge_mixed_min_radius-5036,4,frozen_baseline,15,635.0619801333333,0.016891916980966926,15,1.0,9525.929702,True,
LOCAL-v1-q4-edge_mixed_min_radius-5037,4,frozen_baseline,15,556.7862680666666,0.01997662498615682,15,1.0,8351.794021,True,
LOCAL-v1-q4-edge_mixed_min_radius-5038,4,frozen_baseline,16,450.9218555,0.020757666905410588,16,1.0,7214.749688,True,
LOCAL-v1-q4-edge_mixed_min_radius-5039,4,frozen_baseline,10,830.7216543000001,0.10667270806152374,10,1.0,8307.216543,True,
LOCAL-v1-q4-edge_mixed_min_radius-5040,4,frozen_baseline,15,522.6875454666666,0.03578124998603016,15,1.0,7840.313182,True,
LOCAL-v1-q4-edge_mixed_min_radius-5041,4,frozen_baseline,15,448.7014158666667,0.020956541993655264,15,1.0,6730.521238,True,
LOCAL-v1-q4-edge_mixed_min_radius-5042,4,frozen_baseline,11,801.7764628181817,0.025119249941781163,11,1.0,8819.541091,True,
LOCAL-v1-q4-edge_mixed_min_radius-5043,4,frozen_baseline,12,660.8631981666666,0.02621462498791516,12,1.0,7930.358378,True,
LOCAL-v1-q4-edge_mixed_min_radius-5044,4,frozen_baseline,11,752.9313286363636,0.019157250062562525,11,1.0,8282.244615,True,
LOCAL-v1-q4-edge_mixed_min_radius-5045,4,frozen_baseline,11,575.1879480909091,0.020309458952397108,11,1.0,6327.067429,True,
LOCAL-v1-q4-edge_mixed_min_radius-5046,4,frozen_baseline,10,581.6765141,0.01894558290950954,10,1.0,5816.765141,True,
LOCAL-v1-q4-edge_mixed_min_radius-5047,4,frozen_baseline,16,463.342902875,0.018526625004597008,16,1.0,7413.486446,True,
LOCAL-v1-q4-edge_mixed_min_radius-5048,4,frozen_baseline,12,621.6266174166667,0.017265249975025654,12,1.0,7459.519409,True,
LOCAL-v1-q4-edge_mixed_min_radius-5049,4,frozen_baseline,10,731.2418732,0.015821291017346084,10,1.0,7312.418732,True,
LOCAL-v1-q4-edge_mixed_min_radius-5050,4,frozen_baseline,15,530.8477098,0.01786583394277841,15,1.0,7962.715647,True,
LOCAL-v1-q4-edge_mixed_min_radius-5051,4,frozen_baseline,11,696.9729336363636,0.01583829103037715,11,1.0,7666.70227,True,
LOCAL-v1-q4-edge_mixed_min_radius-5052,4,frozen_baseline,13,583.6490964615384,0.017949874978512526,13,1.0,7587.438254,True,
LOCAL-v1-q4-edge_mixed_min_radius-5053,4,frozen_baseline,16,487.2425694375,0.017010790994390845,16,1.0,7795.881111,True,
LOCAL-v1-q4-edge_mixed_min_radius-5054,4,frozen_baseline,16,470.846790625,0.016490374924615026,16,1.0,7533.54865,True,
LOCAL-v1-q4-edge_mixed_min_radius-5055,4,frozen_baseline,12,957.7293962499999,0.015312999952584505,12,1.0,11492.752755,True,
LOCAL-v1-q4-edge_mixed_min_radius-5056,4,frozen_baseline,13,718.655138,0.015211667050607502,13,1.0,9342.516794,True,
LOCAL-v1-q4-edge_mixed_min_radius-5057,4,frozen_baseline,13,527.1363643846154,0.017989750020205975,13,1.0,6852.772737,True,
LOCAL-v1-q4-edge_mixed_min_radius-5058,4,frozen_baseline,14,461.1900678571429,0.017889040987938643,14,1.0,6456.66095,True,
LOCAL-v1-q4-edge_mixed_min_radius-5059,4,frozen_baseline,12,516.8116130833333,0.01891612506005913,12,1.0,6201.739357,True,
LOCAL-v1-q4-edge_mixed_min_radius-5060,4,frozen_baseline,11,773.7151230909091,0.015482124988920987,11,1.0,8510.866354,True,
LOCAL-v1-q4-edge_mixed_min_radius-5061,4,frozen_baseline,13,641.172594076923,0.018138500046916306,13,1.0,8335.243723,True,
LOCAL-v1-q4-edge_mixed_min_radius-5062,4,frozen_baseline,16,536.562588875,0.01782958407420665,16,1.0,8585.001422,True,
LOCAL-v1-q4-edge_mixed_min_radius-5063,4,frozen_baseline,15,432.0740098,0.022102124989032745,15,1.0,6481.110147,True,
LOCAL-v1-q4-edge_mixed_min_radius-5064,4,frozen_baseline,13,569.2274085384615,0.01592150004580617,13,1.0,7399.956311,True,
LOCAL-v1-q4-edge_mixed_min_radius-5065,4,frozen_baseline,12,688.1574725833334,0.016796041978523135,12,1.0,8257.889671,True,
LOCAL-v1-q4-edge_mixed_min_radius-5066,4,frozen_baseline,10,682.2066262999999,0.014578083995729685,10,1.0,6822.066263,True,
LOCAL-v1-q4-edge_mixed_min_radius-5067,4,frozen_baseline,16,460.1184969375,0.018508457927964628,16,1.0,7361.895951,True,
LOCAL-v1-q4-edge_mixed_min_radius-5068,4,frozen_baseline,13,598.0572683076923,0.018257500021718442,13,1.0,7774.744488,True,
LOCAL-v1-q4-edge_mixed_min_radius-5069,4,frozen_baseline,14,604.0227862857143,0.01640220801346004,14,1.0,8456.319008,True,
LOCAL-v1-q4-edge_mixed_min_radius-5070,4,frozen_baseline,12,624.5591076666666,0.017558875028043985,12,1.0,7494.709292,True,
LOCAL-v1-q4-edge_mixed_min_radius-5071,4,frozen_baseline,12,632.1435775833334,0.018145082984119654,12,1.0,7585.722931,True,
LOCAL-v1-q4-edge_mixed_min_radius-5072,4,frozen_baseline,15,613.4167892666667,0.01687266700901091,15,1.0,9201.251839,True,
LOCAL-v1-q4-edge_mixed_min_radius-5073,4,frozen_baseline,10,649.0608061,0.016973458928987384,10,1.0,6490.608061,True,
LOCAL-v1-q4-edge_mixed_min_radius-5074,4,frozen_baseline,16,518.7777659375,0.018722707987762988,16,1.0,8300.444255,True,
LOCAL-v1-q4-edge_mixed_min_radius-5075,4,frozen_baseline,15,484.69447026666666,0.01959099993109703,15,1.0,7270.417054,True,
LOCAL-v1-q4-edge_mixed_min_radius-5076,4,frozen_baseline,12,707.2136271666667,0.016030166065320373,12,1.0,8486.563526,True,
LOCAL-v1-q4-edge_mixed_min_radius-5077,4,frozen_baseline,14,606.7619192857143,0.018876916961744428,14,1.0,8494.66687,True,
LOCAL-v1-q4-edge_mixed_min_radius-5078,4,frozen_baseline,13,522.4734626923077,0.018758416990749538,13,1.0,6792.155015,True,
LOCAL-v1-q4-edge_mixed_min_radius-5079,4,frozen_baseline,10,641.7253485,0.017491625039838254,10,1.0,6417.253485,True,
LOCAL-v1-q4-edge_mixed_min_radius-5080,4,frozen_baseline,10,920.0944692999999,0.015686708968132734,10,1.0,9200.944693,True,
LOCAL-v1-q4-edge_mixed_min_radius-5081,4,frozen_baseline,16,500.21595125,0.018952458980493248,16,1.0,8003.45522,True,
LOCAL-v1-q4-edge_mixed_min_radius-5082,4,frozen_baseline,13,571.9441683076923,0.015845917048864067,13,1.0,7435.274188,True,
LOCAL-v1-q4-edge_mixed_min_radius-5083,4,frozen_baseline,13,544.4397749999999,0.018384624971076846,13,1.0,7077.717075,True,
LOCAL-v1-q4-edge_mixed_min_radius-5084,4,frozen_baseline,14,731.5232792857142,0.016486290958710015,14,1.0,10241.32591,True,
LOCAL-v1-q4-edge_mixed_min_radius-5085,4,frozen_baseline,15,597.0858439333333,0.017677999916486442,15,1.0,8956.287659,True,
LOCAL-v1-q4-edge_mixed_min_radius-5086,4,frozen_baseline,12,572.1213725,0.01839254202786833,12,1.0,6865.45647,True,
LOCAL-v1-q4-edge_mixed_min_radius-5087,4,frozen_baseline,13,587.4428839999999,0.01701645797584206,13,1.0,7636.757492,True,
LOCAL-v1-q4-edge_mixed_min_radius-5088,4,frozen_baseline,16,530.303966625,0.01870920800138265,16,1.0,8484.863466,True,
LOCAL-v1-q4-edge_mixed_min_radius-5089,4,frozen_baseline,15,509.9996294666667,0.01939795899670571,15,1.0,7649.994442,True,
LOCAL-v1-q4-edge_mixed_min_radius-5090,4,frozen_baseline,14,456.4198455,0.017769958009012043,14,1.0,6389.877837,True,
LOCAL-v1-q4-edge_mixed_min_radius-5091,4,frozen_baseline,12,611.79419325,0.017803208087570965,12,1.0,7341.530319,True,
LOCAL-v1-q4-edge_mixed_min_radius-5092,4,frozen_baseline,11,674.1511655454545,0.017936167074367404,11,1.0,7415.662821,True,
LOCAL-v1-q4-edge_mixed_min_radius-5093,4,frozen_baseline,15,516.2685904,0.017110374988988042,15,1.0,7744.028856,True,
LOCAL-v1-q4-edge_mixed_min_radius-5094,4,frozen_baseline,11,789.0822054545454,0.01614412502385676,11,1.0,8679.90426,True,
LOCAL-v1-q4-edge_mixed_min_radius-5095,4,frozen_baseline,10,830.7679340000001,0.016358666005544364,10,1.0,8307.67934,True,
LOCAL-v1-q4-edge_mixed_min_radius-5096,4,frozen_baseline,14,496.5496021428571,0.01939687505364418,14,1.0,6951.69443,True,
LOCAL-v1-q4-edge_mixed_min_radius-5097,4,frozen_baseline,13,569.7907702307692,0.019007417024113238,13,1.0,7407.280013,True,
LOCAL-v1-q4-edge_mixed_min_radius-5098,4,frozen_baseline,16,463.4137238125,0.02154641703236848,16,1.0,7414.619581,True,
LOCAL-v1-q4-edge_mixed_min_radius-5099,4,frozen_baseline,13,676.7586714615385,0.01909816695842892,13,1.0,8797.862729,True,
LOCAL-v1-q4-offcenter_cluster-5000,4,frozen_baseline,11,608.3898793636364,0.0203071249416098,11,1.0,6692.288673,True,
LOCAL-v1-q4-offcenter_cluster-5001,4,frozen_baseline,14,477.4067654285714,0.027697165962308645,14,1.0,6683.694716,True,
LOCAL-v1-q4-offcenter_cluster-5002,4,frozen_baseline,15,575.3825288,0.025479790987446904,15,1.0,8630.737932,True,
LOCAL-v1-q4-offcenter_cluster-5003,4,frozen_baseline,11,604.7105114545454,0.02116008405573666,11,1.0,6651.815626,True,
LOCAL-v1-q4-offcenter_cluster-5004,4,frozen_baseline,12,551.1587425,0.023922624997794628,12,1.0,6613.90491,True,
LOCAL-v1-q4-offcenter_cluster-5005,4,frozen_baseline,11,655.7799437272727,0.024471874930895865,11,1.0,7213.579381,True,
LOCAL-v1-q4-offcenter_cluster-5006,4,frozen_baseline,11,512.4370224545454,0.02391391701530665,11,1.0,5636.807247,True,
LOCAL-v1-q4-offcenter_cluster-5007,4,frozen_baseline,11,719.3032911818182,0.02305241592694074,11,1.0,7912.336203,True,
LOCAL-v1-q4-offcenter_cluster-5008,4,frozen_baseline,10,639.1852986,0.017989124986343086,10,1.0,6391.852986,True,
LOCAL-v1-q4-offcenter_cluster-5009,4,frozen_baseline,14,488.3169348571428,0.026456500054337084,14,1.0,6836.437088,True,
LOCAL-v1-q4-offcenter_cluster-5010,4,frozen_baseline,12,558.5167975,0.021694332943297923,12,1.0,6702.20157,True,
LOCAL-v1-q4-offcenter_cluster-5011,4,frozen_baseline,15,466.68319553333333,0.024467999930493534,15,1.0,7000.247933,True,
LOCAL-v1-q4-offcenter_cluster-5012,4,frozen_baseline,10,582.6280273,0.01445883302949369,10,1.0,5826.280273,True,
LOCAL-v1-q4-offcenter_cluster-5013,4,frozen_baseline,12,566.3354146666667,0.02296191593632102,12,1.0,6796.024976,True,
LOCAL-v1-q4-offcenter_cluster-5014,4,frozen_baseline,11,657.0165850909091,0.02349649998359382,11,1.0,7227.182436,True,
LOCAL-v1-q4-offcenter_cluster-5015,4,frozen_baseline,12,608.3057304166667,0.01763604104053229,12,1.0,7299.668765,True,
LOCAL-v1-q4-offcenter_cluster-5016,4,frozen_baseline,16,207.3941174375,0.02308974997140467,16,1.0,3318.305879,True,
LOCAL-v1-q4-offcenter_cluster-5017,4,frozen_baseline,15,538.5253830666667,0.03529891592916101,15,1.0,8077.880746,True,
LOCAL-v1-q4-offcenter_cluster-5018,4,frozen_baseline,10,701.7711778,0.01856704195961356,10,1.0,7017.711778,True,
LOCAL-v1-q4-offcenter_cluster-5019,4,frozen_baseline,11,556.6054609090909,0.0209031670819968,11,1.0,6122.66007,True,
LOCAL-v1-q4-offcenter_cluster-5020,4,frozen_baseline,16,405.860481125,0.033641125075519085,16,1.0,6493.767698,True,
LOCAL-v1-q4-offcenter_cluster-5021,4,frozen_baseline,14,484.75892135714287,0.023354416945949197,14,1.0,6786.624899,True,
LOCAL-v1-q4-offcenter_cluster-5022,4,frozen_baseline,14,428.0699132857143,0.025058874976821244,14,1.0,5992.978786,True,
LOCAL-v1-q4-offcenter_cluster-5023,4,frozen_baseline,15,436.58336146666664,0.02832191705238074,15,1.0,6548.750422,True,
LOCAL-v1-q4-offcenter_cluster-5024,4,frozen_baseline,13,506.9912261538462,0.026036832947283983,13,1.0,6590.88594,True,
LOCAL-v1-q4-offcenter_cluster-5025,4,frozen_baseline,12,478.59655191666667,0.014480625046417117,12,1.0,5743.158623,True,
LOCAL-v1-q4-offcenter_cluster-5026,4,frozen_baseline,15,359.1409542,0.026801333064213395,15,1.0,5387.114313,True,
LOCAL-v1-q4-offcenter_cluster-5027,4,frozen_baseline,11,546.7039301818181,0.020644792006351054,11,1.0,6013.743232,True,
LOCAL-v1-q4-offcenter_cluster-5028,4,frozen_baseline,10,665.7523448,0.018778958008624613,10,1.0,6657.523448,True,
LOCAL-v1-q4-offcenter_cluster-5029,4,frozen_baseline,11,701.6272496363637,0.020900000003166497,11,1.0,7717.899746,True,
LOCAL-v1-q4-offcenter_cluster-5030,4,frozen_baseline,12,532.27137325,0.02074429194908589,12,1.0,6387.256479,True,
LOCAL-v1-q4-offcenter_cluster-5031,4,frozen_baseline,15,418.78035386666664,0.026339708012528718,15,1.0,6281.705308,True,
LOCAL-v1-q4-offcenter_cluster-5032,4,frozen_baseline,11,510.4861214545454,0.02075820800382644,11,1.0,5615.347336,True,
LOCAL-v1-q4-offcenter_cluster-5033,4,frozen_baseline,14,376.90750157142855,0.027097165933810174,14,1.0,5276.705022,True,
LOCAL-v1-q4-offcenter_cluster-5034,4,frozen_baseline,16,437.8629905625,0.026270541013218462,16,1.0,7005.807849,True,
LOCAL-v1-q4-offcenter_cluster-5035,4,frozen_baseline,10,703.137656,0.022924917051568627,10,1.0,7031.37656,True,
LOCAL-v1-q4-offcenter_cluster-5036,4,frozen_baseline,15,490.3566527333333,0.02455233410000801,15,1.0,7355.349791,True,
LOCAL-v1-q4-offcenter_cluster-5037,4,frozen_baseline,15,484.947738,0.027984665939584374,15,1.0,7274.21607,True,
LOCAL-v1-q4-offcenter_cluster-5038,4,frozen_baseline,16,390.30105775,0.029664292000234127,16,1.0,6244.816924,True,
LOCAL-v1-q4-offcenter_cluster-5039,4,frozen_baseline,10,588.0014162,0.019609875045716763,10,1.0,5880.014162,True,
LOCAL-v1-q4-offcenter_cluster-5040,4,frozen_baseline,15,421.9084766,0.03298145905137062,15,1.0,6328.627149,True,
LOCAL-v1-q4-offcenter_cluster-5041,4,frozen_baseline,15,366.29704713333336,0.02390858402941376,15,1.0,5494.455707,True,
LOCAL-v1-q4-offcenter_cluster-5042,4,frozen_baseline,11,632.7542644545455,0.025666625006124377,11,1.0,6960.296909,True,
LOCAL-v1-q4-offcenter_cluster-5043,4,frozen_baseline,12,491.826172,0.016895583947189152,12,1.0,5901.914064,True,
LOCAL-v1-q4-offcenter_cluster-5044,4,frozen_baseline,11,565.3896906363636,0.02259462501388043,11,1.0,6219.286597,True,
LOCAL-v1-q4-offcenter_cluster-5045,4,frozen_baseline,11,595.0449438181818,0.027612000005319715,11,1.0,6545.494382,True,
LOCAL-v1-q4-offcenter_cluster-5046,4,frozen_baseline,10,616.2924248,0.027204332989640534,10,1.0,6162.924248,True,
LOCAL-v1-q4-offcenter_cluster-5047,4,frozen_baseline,16,154.838495875,0.023261583992280066,16,1.0,2477.415934,True,
LOCAL-v1-q4-offcenter_cluster-5048,4,frozen_baseline,12,514.1035738333334,0.021363166044466197,12,1.0,6169.242886,True,
LOCAL-v1-q4-offcenter_cluster-5049,4,frozen_baseline,10,852.590186,0.022672042017802596,10,1.0,8525.90186,True,
LOCAL-v1-q4-offcenter_cluster-5050,4,frozen_baseline,15,399.6748437333333,0.028058083029463887,15,1.0,5995.122656,True,
LOCAL-v1-q4-offcenter_cluster-5051,4,frozen_baseline,11,613.2947581818181,0.01998429198283702,11,1.0,6746.24234,True,
LOCAL-v1-q4-offcenter_cluster-5052,4,frozen_baseline,13,468.41647953846154,0.026473707985132933,13,1.0,6089.414234,True,
LOCAL-v1-q4-offcenter_cluster-5053,4,frozen_baseline,16,444.786850625,0.02895729208830744,16,1.0,7116.58961,True,
LOCAL-v1-q4-offcenter_cluster-5054,4,frozen_baseline,16,215.31368975,0.021736916969530284,16,1.0,3445.019036,True,
LOCAL-v1-q4-offcenter_cluster-5055,4,frozen_baseline,12,526.4659514166666,0.023404209059663117,12,1.0,6317.591417,True,
LOCAL-v1-q4-offcenter_cluster-5056,4,frozen_baseline,13,585.2484603846153,0.027499083080329,13,1.0,7608.229985,True,
LOCAL-v1-q4-offcenter_cluster-5057,4,frozen_baseline,13,549.4268897692308,0.02133633301127702,13,1.0,7142.549567,True,
LOCAL-v1-q4-offcenter_cluster-5058,4,frozen_baseline,14,452.31157328571425,0.02754837495740503,14,1.0,6332.362026,True,
LOCAL-v1-q4-offcenter_cluster-5059,4,frozen_baseline,12,548.19392775,0.027730542002245784,12,1.0,6578.327133,True,
LOCAL-v1-q4-offcenter_cluster-5060,4,frozen_baseline,11,690.9136405454545,0.022093125036917627,11,1.0,7600.050046,True,
LOCAL-v1-q4-offcenter_cluster-5061,4,frozen_baseline,13,559.1615108461539,0.022034915979020298,13,1.0,7269.099641,True,
LOCAL-v1-q4-offcenter_cluster-5062,4,frozen_baseline,16,450.4664636875,0.02511041599791497,16,1.0,7207.463419,True,
LOCAL-v1-q4-offcenter_cluster-5063,4,frozen_baseline,15,607.0805973333333,0.029414708027616143,15,1.0,9106.20896,True,
LOCAL-v1-q4-offcenter_cluster-5064,4,frozen_baseline,13,556.319937923077,0.021370082977227867,13,1.0,7232.159193,True,
LOCAL-v1-q4-offcenter_cluster-5065,4,frozen_baseline,12,496.8734886666667,0.023706958047114313,12,1.0,5962.481864,True,
LOCAL-v1-q4-offcenter_cluster-5066,4,frozen_baseline,10,583.700664,0.024547167005948722,10,1.0,5837.00664,True,
LOCAL-v1-q4-offcenter_cluster-5067,4,frozen_baseline,16,387.8321805625,0.02546691708266735,16,1.0,6205.314889,True,
LOCAL-v1-q4-offcenter_cluster-5068,4,frozen_baseline,13,542.8077469230769,0.022358709014952183,13,1.0,7056.50071,True,
LOCAL-v1-q4-offcenter_cluster-5069,4,frozen_baseline,14,470.14031814285715,0.023421499994583428,14,1.0,6581.964454,True,
LOCAL-v1-q4-offcenter_cluster-5070,4,frozen_baseline,12,502.9970166666667,0.025973708019591868,12,1.0,6035.9642,True,
LOCAL-v1-q4-offcenter_cluster-5071,4,frozen_baseline,12,533.6638696666666,0.02732654206920415,12,1.0,6403.966436,True,
LOCAL-v1-q4-offcenter_cluster-5072,4,frozen_baseline,15,437.0915660666667,0.021368207992054522,15,1.0,6556.373491,True,
LOCAL-v1-q4-offcenter_cluster-5073,4,frozen_baseline,10,570.4631521,0.025690624956041574,10,1.0,5704.631521,True,
LOCAL-v1-q4-offcenter_cluster-5074,4,frozen_baseline,16,379.6526565625,0.02376149990595877,16,1.0,6074.442505,True,
LOCAL-v1-q4-offcenter_cluster-5075,4,frozen_baseline,15,354.6249262,0.014977582963183522,15,1.0,5319.373893,True,
LOCAL-v1-q4-offcenter_cluster-5076,4,frozen_baseline,12,556.1472826666667,0.019988125073723495,12,1.0,6673.767392,True,
LOCAL-v1-q4-offcenter_cluster-5077,4,frozen_baseline,14,456.8729538571429,0.025227167061530054,14,1.0,6396.221354,True,
LOCAL-v1-q4-offcenter_cluster-5078,4,frozen_baseline,13,462.7618746923077,0.025987584027461708,13,1.0,6015.904371,True,
LOCAL-v1-q4-offcenter_cluster-5079,4,frozen_baseline,10,651.6091984,0.024509542039595544,10,1.0,6516.091984,True,
LOCAL-v1-q4-offcenter_cluster-5080,4,frozen_baseline,10,872.516996,0.019119582953862846,10,1.0,8725.16996,True,
LOCAL-v1-q4-offcenter_cluster-5081,4,frozen_baseline,16,437.36045675,0.026549041969701648,16,1.0,6997.767308,True,
LOCAL-v1-q4-offcenter_cluster-5082,4,frozen_baseline,13,509.48164599999996,0.022348124999552965,13,1.0,6623.261398,True,
LOCAL-v1-q4-offcenter_cluster-5083,4,frozen_baseline,13,535.8921517692307,0.025241625029593706,13,1.0,6966.597973,True,
LOCAL-v1-q4-offcenter_cluster-5084,4,frozen_baseline,14,484.2735963571428,0.023634458077140152,14,1.0,6779.830349,True,
LOCAL-v1-q4-offcenter_cluster-5085,4,frozen_baseline,15,422.0832366,0.024527542060241103,15,1.0,6331.248549,True,
LOCAL-v1-q4-offcenter_cluster-5086,4,frozen_baseline,12,590.04101875,0.026311249937862158,12,1.0,7080.492225,True,
LOCAL-v1-q4-offcenter_cluster-5087,4,frozen_baseline,13,481.4850986923077,0.023578124935738742,13,1.0,6259.306283,True,
LOCAL-v1-q4-offcenter_cluster-5088,4,frozen_baseline,16,479.3891645625,0.029008541954681277,16,1.0,7670.226633,True,
LOCAL-v1-q4-offcenter_cluster-5089,4,frozen_baseline,15,382.4499169333333,0.028384207980707288,15,1.0,5736.748754,True,
LOCAL-v1-q4-offcenter_cluster-5090,4,frozen_baseline,14,502.1910965,0.026788000017404556,14,1.0,7030.675351,True,
LOCAL-v1-q4-offcenter_cluster-5091,4,frozen_baseline,12,505.46121983333336,0.021698875003494322,12,1.0,6065.534638,True,
LOCAL-v1-q4-offcenter_cluster-5092,4,frozen_baseline,11,575.9646212727273,0.025393250049091876,11,1.0,6335.610834,True,
LOCAL-v1-q4-offcenter_cluster-5093,4,frozen_baseline,15,500.3392659333333,0.03092087502591312,15,1.0,7505.088989,True,
LOCAL-v1-q4-offcenter_cluster-5094,4,frozen_baseline,11,704.07499,0.02584654197562486,11,1.0,7744.82489,True,
LOCAL-v1-q4-offcenter_cluster-5095,4,frozen_baseline,10,638.4737772999999,0.020835125003941357,10,1.0,6384.737773,True,
LOCAL-v1-q4-offcenter_cluster-5096,4,frozen_baseline,14,489.84641864285715,0.02346016699448228,14,1.0,6857.849861,True,
LOCAL-v1-q4-offcenter_cluster-5097,4,frozen_baseline,13,495.8846077692308,0.025396666955202818,13,1.0,6446.499901,True,
LOCAL-v1-q4-offcenter_cluster-5098,4,frozen_baseline,16,386.203371375,0.027045958093367517,16,1.0,6179.253942,True,
LOCAL-v1-q4-offcenter_cluster-5099,4,frozen_baseline,13,497.5880863846154,0.024697375018149614,13,1.0,6468.645123,True,
LOCAL-v1-q4-origin_cluster-5000,4,frozen_baseline,11,537.478137,0.025169667089357972,11,1.0,5912.259507,True,
LOCAL-v1-q4-origin_cluster-5001,4,frozen_baseline,14,457.3009330714286,0.029130500042811036,14,1.0,6402.213063,True,
LOCAL-v1-q4-origin_cluster-5002,4,frozen_baseline,15,668.7657598000001,0.02837029192596674,15,1.0,10031.486397,True,
LOCAL-v1-q4-origin_cluster-5003,4,frozen_baseline,11,555.2701281818182,0.02103095909114927,11,1.0,6107.97141,True,
LOCAL-v1-q4-origin_cluster-5004,4,frozen_baseline,12,485.3621038333333,0.01519129192456603,12,1.0,5824.345246,True,
LOCAL-v1-q4-origin_cluster-5005,4,frozen_baseline,11,568.4062164545454,0.02349629206582904,11,1.0,6252.468381,True,
LOCAL-v1-q4-origin_cluster-5006,4,frozen_baseline,11,970.0855904545454,0.02334691700525582,11,1.0,10670.941495,True,
LOCAL-v1-q4-origin_cluster-5007,4,frozen_baseline,11,549.9029727272728,0.024146041949279606,11,1.0,6048.9327,True,
LOCAL-v1-q4-origin_cluster-5008,4,frozen_baseline,10,774.0614955,0.022807457949966192,10,1.0,7740.614955,True,
LOCAL-v1-q4-origin_cluster-5009,4,frozen_baseline,14,416.0700250714286,0.023978209006600082,14,1.0,5824.980351,True,
LOCAL-v1-q4-origin_cluster-5010,4,frozen_baseline,12,454.4510720833334,0.02503058291040361,12,1.0,5453.412865,True,
LOCAL-v1-q4-origin_cluster-5011,4,frozen_baseline,15,373.91341593333334,0.026588500011712313,15,1.0,5608.701239,True,
LOCAL-v1-q4-origin_cluster-5012,4,frozen_baseline,10,596.8811438,0.014689625008031726,10,1.0,5968.811438,True,
LOCAL-v1-q4-origin_cluster-5013,4,frozen_baseline,12,750.1786640833334,0.023094542091712356,12,1.0,9002.143969,True,
LOCAL-v1-q4-origin_cluster-5014,4,frozen_baseline,11,632.8173629090909,0.02280812500976026,11,1.0,6960.990992,True,
LOCAL-v1-q4-origin_cluster-5015,4,frozen_baseline,12,1134.5976745833334,0.022661125054582953,12,1.0,13615.172095,True,
LOCAL-v1-q4-origin_cluster-5016,4,frozen_baseline,16,440.766775875,0.025963124935515225,16,1.0,7052.268414,True,
LOCAL-v1-q4-origin_cluster-5017,4,frozen_baseline,15,654.0210014,0.029012791928835213,15,1.0,9810.315021,True,
LOCAL-v1-q4-origin_cluster-5018,4,frozen_baseline,10,809.0221442,0.023298207903280854,10,1.0,8090.221442,True,
LOCAL-v1-q4-origin_cluster-5019,4,frozen_baseline,11,524.5236689090909,0.025060791056603193,11,1.0,5769.760358,True,
LOCAL-v1-q4-origin_cluster-5020,4,frozen_baseline,16,370.7377795625,0.026437124935910106,16,1.0,5931.804473,True,
LOCAL-v1-q4-origin_cluster-5021,4,frozen_baseline,14,584.6101752857143,0.026076583075337112,14,1.0,8184.542454,True,
LOCAL-v1-q4-origin_cluster-5022,4,frozen_baseline,14,774.2261432142857,0.02752562495879829,14,1.0,10839.166005,True,
LOCAL-v1-q4-origin_cluster-5023,4,frozen_baseline,15,386.6098005333333,0.026515749981626868,15,1.0,5799.147008,True,
LOCAL-v1-q4-origin_cluster-5024,4,frozen_baseline,13,443.7103031538462,0.024352958076633513,13,1.0,5768.233941,True,
LOCAL-v1-q4-origin_cluster-5025,4,frozen_baseline,12,665.6774105833333,0.025371708092279732,12,1.0,7988.128927,True,
LOCAL-v1-q4-origin_cluster-5026,4,frozen_baseline,15,372.6855058,0.015434375032782555,15,1.0,5590.282587,True,
LOCAL-v1-q4-origin_cluster-5027,4,frozen_baseline,11,535.3460831818182,0.014721416984684765,11,1.0,5888.806915,True,
LOCAL-v1-q4-origin_cluster-5028,4,frozen_baseline,10,579.2452571,0.022674791980534792,10,1.0,5792.452571,True,
LOCAL-v1-q4-origin_cluster-5029,4,frozen_baseline,11,623.110555909091,0.025025791954249144,11,1.0,6854.216115,True,
LOCAL-v1-q4-origin_cluster-5030,4,frozen_baseline,12,684.31421975,0.025898208026774228,12,1.0,8211.770637,True,
LOCAL-v1-q4-origin_cluster-5031,4,frozen_baseline,15,635.0722845333333,0.030340165947563946,15,1.0,9526.084268,True,
LOCAL-v1-q4-origin_cluster-5032,4,frozen_baseline,11,535.858183090909,0.014920542016625404,11,1.0,5894.440014,True,
LOCAL-v1-q4-origin_cluster-5033,4,frozen_baseline,14,404.5540632857143,0.015596249955706298,14,1.0,5663.756886,True,
LOCAL-v1-q4-origin_cluster-5034,4,frozen_baseline,16,319.1179879375,0.027140167076140642,16,1.0,5105.887807,True,
LOCAL-v1-q4-origin_cluster-5035,4,frozen_baseline,10,753.9765734,0.02294762502424419,10,1.0,7539.765734,True,
LOCAL-v1-q4-origin_cluster-5036,4,frozen_baseline,15,497.97082846666666,0.028534458950161934,15,1.0,7469.562427,True,
LOCAL-v1-q4-origin_cluster-5037,4,frozen_baseline,15,537.3963145333333,0.030178291955962777,15,1.0,8060.944718,True,
LOCAL-v1-q4-origin_cluster-5038,4,frozen_baseline,16,358.8583991875,0.0285164579981938,16,1.0,5741.734387,True,
LOCAL-v1-q4-origin_cluster-5039,4,frozen_baseline,10,731.8589872,0.018715125042945147,10,1.0,7318.589872,True,
LOCAL-v1-q4-origin_cluster-5040,4,frozen_baseline,15,427.71470386666664,0.02831199998036027,15,1.0,6415.720558,True,
LOCAL-v1-q4-origin_cluster-5041,4,frozen_baseline,15,465.9171895333333,0.029730250011198223,15,1.0,6988.757843,True,
LOCAL-v1-q4-origin_cluster-5042,4,frozen_baseline,11,544.9328881818182,0.023855457897298038,11,1.0,5994.26177,True,
LOCAL-v1-q4-origin_cluster-5043,4,frozen_baseline,12,620.1974225833334,0.026206125039607286,12,1.0,7442.369071,True,
LOCAL-v1-q4-origin_cluster-5044,4,frozen_baseline,11,735.5661562727273,0.025979000027291477,11,1.0,8091.227719,True,
LOCAL-v1-q4-origin_cluster-5045,4,frozen_baseline,11,531.0278331818182,0.015297584002837539,11,1.0,5841.306165,True,
LOCAL-v1-q4-origin_cluster-5046,4,frozen_baseline,10,641.4937338,0.020578416995704174,10,1.0,6414.937338,True,
LOCAL-v1-q4-origin_cluster-5047,4,frozen_baseline,16,367.2938590625,0.01630641706287861,16,1.0,5876.701745,True,
LOCAL-v1-q4-origin_cluster-5048,4,frozen_baseline,12,482.10877766666664,0.02558054099790752,12,1.0,5785.305332,True,
LOCAL-v1-q4-origin_cluster-5049,4,frozen_baseline,10,770.3328018999999,0.022011207998730242,10,1.0,7703.328019,True,
LOCAL-v1-q4-origin_cluster-5050,4,frozen_baseline,15,417.7063406666667,0.027643666020594537,15,1.0,6265.59511,True,
LOCAL-v1-q4-origin_cluster-5051,4,frozen_baseline,11,647.4910032727273,0.02293858304619789,11,1.0,7122.401036,True,
LOCAL-v1-q4-origin_cluster-5052,4,frozen_baseline,13,457.3019177692307,0.025906166061758995,13,1.0,5944.924931,True,
LOCAL-v1-q4-origin_cluster-5053,4,frozen_baseline,16,343.052313125,0.015708083985373378,16,1.0,5488.83701,True,
LOCAL-v1-q4-origin_cluster-5054,4,frozen_baseline,16,412.10505775,0.02397316601127386,16,1.0,6593.680924,True,
LOCAL-v1-q4-origin_cluster-5055,4,frozen_baseline,12,715.2074918333333,0.026404374977573752,12,1.0,8582.489902,True,
LOCAL-v1-q4-origin_cluster-5056,4,frozen_baseline,13,559.7601974615384,0.02290850004646927,13,1.0,7276.882567,True,
LOCAL-v1-q4-origin_cluster-5057,4,frozen_baseline,13,489.05868515384617,0.025548832956701517,13,1.0,6357.762907,True,
LOCAL-v1-q4-origin_cluster-5058,4,frozen_baseline,14,454.330555,0.02848249999806285,14,1.0,6360.62777,True,
LOCAL-v1-q4-origin_cluster-5059,4,frozen_baseline,12,490.93611458333334,0.022896291920915246,12,1.0,5891.233375,True,
LOCAL-v1-q4-origin_cluster-5060,4,frozen_baseline,11,788.0851503636363,0.02241070894524455,11,1.0,8668.936654,True,
LOCAL-v1-q4-origin_cluster-5061,4,frozen_baseline,13,707.0871082307692,0.027168500004336238,13,1.0,9192.132407,True,
LOCAL-v1-q4-origin_cluster-5062,4,frozen_baseline,16,267.054686375,0.02538104192353785,16,1.0,4272.874982,True,
LOCAL-v1-q4-origin_cluster-5063,4,frozen_baseline,15,380.4762376,0.028789415955543518,15,1.0,5707.143564,True,
LOCAL-v1-q4-origin_cluster-5064,4,frozen_baseline,13,441.6883023846154,0.015682041994296014,13,1.0,5741.947931,True,
LOCAL-v1-q4-origin_cluster-5065,4,frozen_baseline,12,680.8069376666666,0.027217875001952052,12,1.0,8169.683252,True,
LOCAL-v1-q4-origin_cluster-5066,4,frozen_baseline,10,596.1934938,0.014416499994695187,10,1.0,5961.934938,True,
LOCAL-v1-q4-origin_cluster-5067,4,frozen_baseline,16,437.1210341875,0.02769775001797825,16,1.0,6993.936547,True,
LOCAL-v1-q4-origin_cluster-5068,4,frozen_baseline,13,480.88765830769233,0.023747417028062046,13,1.0,6251.539558,True,
LOCAL-v1-q4-origin_cluster-5069,4,frozen_baseline,14,638.0680617142858,0.02801466698292643,14,1.0,8932.952864,True,
LOCAL-v1-q4-origin_cluster-5070,4,frozen_baseline,12,496.5659981666667,0.020410750061273575,12,1.0,5958.791978,True,
LOCAL-v1-q4-origin_cluster-5071,4,frozen_baseline,12,492.1445376666666,0.020287583931349218,12,1.0,5905.734452,True,
LOCAL-v1-q4-origin_cluster-5072,4,frozen_baseline,15,532.8077664666666,0.02727058297023177,15,1.0,7992.116497,True,
LOCAL-v1-q4-origin_cluster-5073,4,frozen_baseline,10,599.9314863,0.02121879195328802,10,1.0,5999.314863,True,
LOCAL-v1-q4-origin_cluster-5074,4,frozen_baseline,16,198.6088086875,0.027355542057193816,16,1.0,3177.740939,True,
LOCAL-v1-q4-origin_cluster-5075,4,frozen_baseline,15,420.6197568,0.028790040989406407,15,1.0,6309.296352,True,
LOCAL-v1-q4-origin_cluster-5076,4,frozen_baseline,12,589.9915355833333,0.023504041018895805,12,1.0,7079.898427,True,
LOCAL-v1-q4-origin_cluster-5077,4,frozen_baseline,14,404.0165705,0.015575708006508648,14,1.0,5656.231987,True,
LOCAL-v1-q4-origin_cluster-5078,4,frozen_baseline,13,448.462784,0.02514837495982647,13,1.0,5830.016192,True,
LOCAL-v1-q4-origin_cluster-5079,4,frozen_baseline,10,606.3706377999999,0.022061499999836087,10,1.0,6063.706378,True,
LOCAL-v1-q4-origin_cluster-5080,4,frozen_baseline,10,915.7676152,0.020558833028189838,10,1.0,9157.676152,True,
LOCAL-v1-q4-origin_cluster-5081,4,frozen_baseline,16,283.2926990625,0.02569399995263666,16,1.0,4532.683185,True,
LOCAL-v1-q4-origin_cluster-5082,4,frozen_baseline,13,550.7325256153846,0.026694500003941357,13,1.0,7159.522833,True,
LOCAL-v1-q4-origin_cluster-5083,4,frozen_baseline,13,441.82211446153843,0.022356541943736374,13,1.0,5743.687488,True,
LOCAL-v1-q4-origin_cluster-5084,4,frozen_baseline,14,603.6027987142858,0.0273498329333961,14,1.0,8450.439182,True,
LOCAL-v1-q4-origin_cluster-5085,4,frozen_baseline,15,743.4114526666667,0.02938750002067536,15,1.0,11151.17179,True,
LOCAL-v1-q4-origin_cluster-5086,4,frozen_baseline,12,574.7301928333333,0.02531491604167968,12,1.0,6896.762314,True,
LOCAL-v1-q4-origin_cluster-5087,4,frozen_baseline,13,465.1066683846154,0.02565666602458805,13,1.0,6046.386689,True,
LOCAL-v1-q4-origin_cluster-5088,4,frozen_baseline,16,264.8919015,0.026969750062562525,16,1.0,4238.270424,True,
LOCAL-v1-q4-origin_cluster-5089,4,frozen_baseline,15,451.7174598666667,0.02522075001616031,15,1.0,6775.761898,True,
LOCAL-v1-q4-origin_cluster-5090,4,frozen_baseline,14,426.7023596428571,0.01515850005671382,14,1.0,5973.833035,True,
LOCAL-v1-q4-origin_cluster-5091,4,frozen_baseline,12,526.6118488333333,0.02603795798495412,12,1.0,6319.342186,True,
LOCAL-v1-q4-origin_cluster-5092,4,frozen_baseline,11,541.5556904545455,0.020894499961286783,11,1.0,5957.112595,True,
LOCAL-v1-q4-origin_cluster-5093,4,frozen_baseline,15,463.9962864,0.02633766597136855,15,1.0,6959.944296,True,
LOCAL-v1-q4-origin_cluster-5094,4,frozen_baseline,11,574.8254889090908,0.020816875039599836,11,1.0,6323.080378,True,
LOCAL-v1-q4-origin_cluster-5095,4,frozen_baseline,10,647.0054087999999,0.022038000053726137,10,1.0,6470.054088,True,
LOCAL-v1-q4-origin_cluster-5096,4,frozen_baseline,14,406.6349782142857,0.024414833984337747,14,1.0,5692.889695,True,
LOCAL-v1-q4-origin_cluster-5097,4,frozen_baseline,13,529.8637233076923,0.028241500025615096,13,1.0,6888.228403,True,
LOCAL-v1-q4-origin_cluster-5098,4,frozen_baseline,16,168.486084375,0.02610695897601545,16,1.0,2695.77735,True,
LOCAL-v1-q4-origin_cluster-5099,4,frozen_baseline,13,610.0044337692308,0.025584332994185388,13,1.0,7930.057639,True,
LOCAL-v1-q4-minimum_radius-5000,4,frozen_baseline,11,589.0163347272727,0.018168582930229604,11,1.0,6479.179682,True,
LOCAL-v1-q4-minimum_radius-5001,4,frozen_baseline,14,582.3437134285715,0.018631208105944097,14,1.0,8152.811988,True,
LOCAL-v1-q4-minimum_radius-5002,4,frozen_baseline,15,559.1258689333333,0.015143417054787278,15,1.0,8386.888034,True,
LOCAL-v1-q4-minimum_radius-5003,4,frozen_baseline,11,623.9808050909091,0.017063959036022425,11,1.0,6863.788856,True,
LOCAL-v1-q4-minimum_radius-5004,4,frozen_baseline,12,578.0088651666666,0.017588249989785254,12,1.0,6936.106382,True,
LOCAL-v1-q4-minimum_radius-5005,4,frozen_baseline,11,592.767598,0.017174999928101897,11,1.0,6520.443578,True,
LOCAL-v1-q4-minimum_radius-5006,4,frozen_baseline,11,661.8338373636363,0.017631290946155787,11,1.0,7280.172211,True,
LOCAL-v1-q4-minimum_radius-5007,4,frozen_baseline,11,639.3560650000001,0.02157954196445644,11,1.0,7032.916715,True,
LOCAL-v1-q4-minimum_radius-5008,4,frozen_baseline,10,770.4404447,0.015321708982810378,10,1.0,7704.404447,True,
LOCAL-v1-q4-minimum_radius-5009,4,frozen_baseline,14,500.0380727857143,0.016414041980169713,14,1.0,7000.533019,True,
LOCAL-v1-q4-minimum_radius-5010,4,frozen_baseline,12,592.2475801666667,0.01908266602549702,12,1.0,7106.970962,True,
LOCAL-v1-q4-minimum_radius-5011,4,frozen_baseline,15,463.1310016,0.017957624979317188,15,1.0,6946.965024,True,
LOCAL-v1-q4-minimum_radius-5012,4,frozen_baseline,10,694.9308259000001,0.014223749982193112,10,1.0,6949.308259,True,
LOCAL-v1-q4-minimum_radius-5013,4,frozen_baseline,12,622.3607915833334,0.014629665995016694,12,1.0,7468.329499,True,
LOCAL-v1-q4-minimum_radius-5014,4,frozen_baseline,11,641.6742276363636,0.016255583032034338,11,1.0,7058.416504,True,
LOCAL-v1-q4-minimum_radius-5015,4,frozen_baseline,12,651.2292495,0.01804445800371468,12,1.0,7814.750994,True,
LOCAL-v1-q4-minimum_radius-5016,4,frozen_baseline,16,469.674060125,0.022504957974888384,16,1.0,7514.784962,True,
LOCAL-v1-q4-minimum_radius-5017,4,frozen_baseline,15,649.0374037333333,0.017384666018188,15,1.0,9735.561056,True,
LOCAL-v1-q4-minimum_radius-5018,4,frozen_baseline,10,847.0742511000001,0.01674112502951175,10,1.0,8470.742511,True,
LOCAL-v1-q4-minimum_radius-5019,4,frozen_baseline,11,630.7730757272727,0.018334332969971,11,1.0,6938.503833,True,
LOCAL-v1-q4-minimum_radius-5020,4,frozen_baseline,16,432.4485851875,0.018378250068053603,16,1.0,6919.177363,True,
LOCAL-v1-q4-minimum_radius-5021,4,frozen_baseline,14,581.9643076428572,0.015841416898183525,14,1.0,8147.500307,True,
LOCAL-v1-q4-minimum_radius-5022,4,frozen_baseline,14,571.7434124285714,0.017816707957535982,14,1.0,8004.407774,True,
LOCAL-v1-q4-minimum_radius-5023,4,frozen_baseline,15,508.1702840666667,0.017694709007628262,15,1.0,7622.554261,True,
LOCAL-v1-q4-minimum_radius-5024,4,frozen_baseline,13,493.7628451538461,0.01639866700861603,13,1.0,6418.916987,True,
LOCAL-v1-q4-minimum_radius-5025,4,frozen_baseline,12,637.9563116666667,0.019798125023953617,12,1.0,7655.47574,True,
LOCAL-v1-q4-minimum_radius-5026,4,frozen_baseline,15,440.3084564666667,0.019505374948494136,15,1.0,6604.626847,True,
LOCAL-v1-q4-minimum_radius-5027,4,frozen_baseline,11,637.1403313636364,0.01924241695087403,11,1.0,7008.543645,True,
LOCAL-v1-q4-minimum_radius-5028,4,frozen_baseline,10,697.26672,0.01633837493136525,10,1.0,6972.6672,True,
LOCAL-v1-q4-minimum_radius-5029,4,frozen_baseline,11,643.8415403636363,0.016204999992623925,11,1.0,7082.256944,True,
LOCAL-v1-q4-minimum_radius-5030,4,frozen_baseline,12,732.5718409166667,0.018048792029730976,12,1.0,8790.862091,True,
LOCAL-v1-q4-minimum_radius-5031,4,frozen_baseline,15,549.3760040666667,0.018843290978111327,15,1.0,8240.640061,True,
LOCAL-v1-q4-minimum_radius-5032,4,frozen_baseline,11,591.7812058181818,0.017806415911763906,11,1.0,6509.593264,True,
LOCAL-v1-q4-minimum_radius-5033,4,frozen_baseline,14,456.53940057142853,0.01862354204058647,14,1.0,6391.551608,True,
LOCAL-v1-q4-minimum_radius-5034,4,frozen_baseline,16,512.0840901875,0.01843554200604558,16,1.0,8193.345443,True,
LOCAL-v1-q4-minimum_radius-5035,4,frozen_baseline,10,707.1427175,0.014886084012687206,10,1.0,7071.427175,True,
LOCAL-v1-q4-minimum_radius-5036,4,frozen_baseline,15,505.21826200000004,0.01602591690607369,15,1.0,7578.27393,True,
LOCAL-v1-q4-minimum_radius-5037,4,frozen_baseline,15,508.65194479999997,0.01720895804464817,15,1.0,7629.779172,True,
LOCAL-v1-q4-minimum_radius-5038,4,frozen_baseline,16,469.479370125,0.019993833964690566,16,1.0,7511.669922,True,
LOCAL-v1-q4-minimum_radius-5039,4,frozen_baseline,10,755.0576771,0.014656207989901304,10,1.0,7550.576771,True,
LOCAL-v1-q4-minimum_radius-5040,4,frozen_baseline,15,487.38008286666667,0.01854650001041591,15,1.0,7310.701243,True,
LOCAL-v1-q4-minimum_radius-5041,4,frozen_baseline,15,515.3234047333333,0.020857791998423636,15,1.0,7729.851071,True,
LOCAL-v1-q4-minimum_radius-5042,4,frozen_baseline,11,604.5271823636364,0.02039462502580136,11,1.0,6649.799006,True,
LOCAL-v1-q4-minimum_radius-5043,4,frozen_baseline,12,647.7890049166666,0.021872124983929098,12,1.0,7773.468059,True,
LOCAL-v1-q4-minimum_radius-5044,4,frozen_baseline,11,686.6036466363637,0.01646362489555031,11,1.0,7552.640113,True,
LOCAL-v1-q4-minimum_radius-5045,4,frozen_baseline,11,586.8105894545455,0.014390665921382606,11,1.0,6454.916484,True,
LOCAL-v1-q4-minimum_radius-5046,4,frozen_baseline,10,671.2360337,0.017271584016270936,10,1.0,6712.360337,True,
LOCAL-v1-q4-minimum_radius-5047,4,frozen_baseline,16,400.2111464375,0.022438291925936937,16,1.0,6403.378343,True,
LOCAL-v1-q4-minimum_radius-5048,4,frozen_baseline,12,578.3274572500001,0.014704540953971446,12,1.0,6939.929487,True,
LOCAL-v1-q4-minimum_radius-5049,4,frozen_baseline,10,742.4651659,0.017983291996642947,10,1.0,7424.651659,True,
LOCAL-v1-q4-minimum_radius-5050,4,frozen_baseline,15,456.9970567333333,0.017872167052701116,15,1.0,6854.955851,True,
LOCAL-v1-q4-minimum_radius-5051,4,frozen_baseline,11,669.4528150909091,0.015243542031385005,11,1.0,7363.980966,True,
LOCAL-v1-q4-minimum_radius-5052,4,frozen_baseline,13,477.1538323076923,0.019871124997735023,13,1.0,6202.99982,True,
LOCAL-v1-q4-minimum_radius-5053,4,frozen_baseline,16,429.4250185625,0.018581499927677214,16,1.0,6870.800297,True,
LOCAL-v1-q4-minimum_radius-5054,4,frozen_baseline,16,435.180371,0.019569957978092134,16,1.0,6962.885936,True,
LOCAL-v1-q4-minimum_radius-5055,4,frozen_baseline,12,717.5063819166667,0.014453458017669618,12,1.0,8610.076583,True,
LOCAL-v1-q4-minimum_radius-5056,4,frozen_baseline,13,553.5593490769231,0.016440416919067502,13,1.0,7196.271538,True,
LOCAL-v1-q4-minimum_radius-5057,4,frozen_baseline,13,538.991664923077,0.014649166958406568,13,1.0,7006.891644,True,
LOCAL-v1-q4-minimum_radius-5058,4,frozen_baseline,14,471.95111257142855,0.017195249907672405,14,1.0,6607.315576,True,
LOCAL-v1-q4-minimum_radius-5059,4,frozen_baseline,12,563.4737654166667,0.017242542002350092,12,1.0,6761.685185,True,
LOCAL-v1-q4-minimum_radius-5060,4,frozen_baseline,11,652.6999416363636,0.016714500030502677,11,1.0,7179.699358,True,
LOCAL-v1-q4-minimum_radius-5061,4,frozen_baseline,13,564.5404164615385,0.017540666973218322,13,1.0,7339.025414,True,
LOCAL-v1-q4-minimum_radius-5062,4,frozen_baseline,16,634.35456425,0.021689458983018994,16,1.0,10149.673028,True,
LOCAL-v1-q4-minimum_radius-5063,4,frozen_baseline,15,450.9688986666667,0.021574124926701188,15,1.0,6764.53348,True,
LOCAL-v1-q4-minimum_radius-5064,4,frozen_baseline,13,594.515437076923,0.018283833051100373,13,1.0,7728.700682,True,
LOCAL-v1-q4-minimum_radius-5065,4,frozen_baseline,12,623.8340245833333,0.015260582906194031,12,1.0,7486.008295,True,
LOCAL-v1-q4-minimum_radius-5066,4,frozen_baseline,10,674.7419659,0.016688791918568313,10,1.0,6747.419659,True,
LOCAL-v1-q4-minimum_radius-5067,4,frozen_baseline,16,616.0493496875,0.02055329200811684,16,1.0,9856.789595,True,
LOCAL-v1-q4-minimum_radius-5068,4,frozen_baseline,13,616.7507519230769,0.01979762502014637,13,1.0,8017.759775,True,
LOCAL-v1-q4-minimum_radius-5069,4,frozen_baseline,14,596.6862239285714,0.020762374973855913,14,1.0,8353.607135,True,
LOCAL-v1-q4-minimum_radius-5070,4,frozen_baseline,12,569.210962,0.017047417000867426,12,1.0,6830.531544,True,
LOCAL-v1-q4-minimum_radius-5071,4,frozen_baseline,12,580.5284306666666,0.0191220409469679,12,1.0,6966.341168,True,
LOCAL-v1-q4-minimum_radius-5072,4,frozen_baseline,15,526.4593461333333,0.014669416006654501,15,1.0,7896.890192,True,
LOCAL-v1-q4-minimum_radius-5073,4,frozen_baseline,10,680.3763498999999,0.015786292031407356,10,1.0,6803.763499,True,
LOCAL-v1-q4-minimum_radius-5074,4,frozen_baseline,16,442.087597625,0.021805708995088935,16,1.0,7073.401562,True,
LOCAL-v1-q4-minimum_radius-5075,4,frozen_baseline,15,493.09631893333335,0.01828954101074487,15,1.0,7396.444784,True,
LOCAL-v1-q4-minimum_radius-5076,4,frozen_baseline,12,583.8912885833333,0.020297499955631793,12,1.0,7006.695463,True,
LOCAL-v1-q4-minimum_radius-5077,4,frozen_baseline,14,489.30827907142856,0.017132375040091574,14,1.0,6850.315907,True,
LOCAL-v1-q4-minimum_radius-5078,4,frozen_baseline,13,595.3587687692308,0.01823254197370261,13,1.0,7739.663994,True,
LOCAL-v1-q4-minimum_radius-5079,4,frozen_baseline,10,663.5051642999999,0.014407332986593246,10,1.0,6635.051643,True,
LOCAL-v1-q4-minimum_radius-5080,4,frozen_baseline,10,1001.3152256,0.016619750065729022,10,1.0,10013.152256,True,
LOCAL-v1-q4-minimum_radius-5081,4,frozen_baseline,16,498.528889125,0.018170792027376592,16,1.0,7976.462226,True,
LOCAL-v1-q4-minimum_radius-5082,4,frozen_baseline,13,582.7389249230769,0.015621750033460557,13,1.0,7575.606024,True,
LOCAL-v1-q4-minimum_radius-5083,4,frozen_baseline,13,529.5071817692308,0.020532291964627802,13,1.0,6883.593363,True,
LOCAL-v1-q4-minimum_radius-5084,4,frozen_baseline,14,491.7942415714286,0.01942787505686283,14,1.0,6885.119382,True,
LOCAL-v1-q4-minimum_radius-5085,4,frozen_baseline,15,516.8972018,0.014795457944273949,15,1.0,7753.458027,True,
LOCAL-v1-q4-minimum_radius-5086,4,frozen_baseline,12,689.23719075,0.020143707981333137,12,1.0,8270.846289,True,
LOCAL-v1-q4-minimum_radius-5087,4,frozen_baseline,13,604.9800140769231,0.016195792006328702,13,1.0,7864.740183,True,
LOCAL-v1-q4-minimum_radius-5088,4,frozen_baseline,16,457.98243425,0.02165683393832296,16,1.0,7327.718948,True,
LOCAL-v1-q4-minimum_radius-5089,4,frozen_baseline,15,448.8907416,0.02170250006020069,15,1.0,6733.361124,True,
LOCAL-v1-q4-minimum_radius-5090,4,frozen_baseline,14,499.37691842857146,0.01463175006210804,14,1.0,6991.276858,True,
LOCAL-v1-q4-minimum_radius-5091,4,frozen_baseline,12,608.8420340833333,0.01795550005044788,12,1.0,7306.104409,True,
LOCAL-v1-q4-minimum_radius-5092,4,frozen_baseline,11,587.4129060909091,0.01856375008355826,11,1.0,6461.541967,True,
LOCAL-v1-q4-minimum_radius-5093,4,frozen_baseline,15,600.9343148,0.0154214589856565,15,1.0,9014.014722,True,
LOCAL-v1-q4-minimum_radius-5094,4,frozen_baseline,11,735.7504886363636,0.014605500036850572,11,1.0,8093.255375,True,
LOCAL-v1-q4-minimum_radius-5095,4,frozen_baseline,10,717.2163735,0.015621833968907595,10,1.0,7172.163735,True,
LOCAL-v1-q4-minimum_radius-5096,4,frozen_baseline,14,460.3911790714286,0.020009040948934853,14,1.0,6445.476507,True,
LOCAL-v1-q4-minimum_radius-5097,4,frozen_baseline,13,551.62608,0.019694791990332305,13,1.0,7171.13904,True,
LOCAL-v1-q4-minimum_radius-5098,4,frozen_baseline,16,424.541307875,0.017920417012646794,16,1.0,6792.660926,True,
LOCAL-v1-q4-minimum_radius-5099,4,frozen_baseline,13,632.7626849999999,0.01668699993751943,13,1.0,8225.914905,True,
LOCAL-v1-q4-exactly10_sources-5000,4,frozen_baseline,10,671.0434252,0.017759833950549364,10,1.0,6710.434252,True,
LOCAL-v1-q4-exactly10_sources-5001,4,frozen_baseline,10,911.5177035,0.014371459023095667,10,1.0,9115.177035,True,
LOCAL-v1-q4-exactly10_sources-5002,4,frozen_baseline,10,688.1548043,0.020301333046518266,10,1.0,6881.548043,True,
LOCAL-v1-q4-exactly10_sources-5003,4,frozen_baseline,10,650.0266396,0.017086084000766277,10,1.0,6500.266396,True,
LOCAL-v1-q4-exactly10_sources-5004,4,frozen_baseline,10,648.3235032,0.016971249948255718,10,1.0,6483.235032,True,
LOCAL-v1-q4-exactly10_sources-5005,4,frozen_baseline,10,643.8840677000001,0.01591695798560977,10,1.0,6438.840677,True,
LOCAL-v1-q4-exactly10_sources-5006,4,frozen_baseline,10,712.5853569,0.018114375066943467,10,1.0,7125.853569,True,
LOCAL-v1-q4-exactly10_sources-5007,4,frozen_baseline,10,648.0259352,0.017296250094659626,10,1.0,6480.259352,True,
LOCAL-v1-q4-exactly10_sources-5008,4,frozen_baseline,10,642.6012378,0.02054779208265245,10,1.0,6426.012378,True,
LOCAL-v1-q4-exactly10_sources-5009,4,frozen_baseline,10,658.3742878,0.01484629197511822,10,1.0,6583.742878,True,
LOCAL-v1-q4-exactly10_sources-5010,4,frozen_baseline,10,834.4195149999999,0.019375375006347895,10,1.0,8344.19515,True,
LOCAL-v1-q4-exactly10_sources-5011,4,frozen_baseline,10,682.0847184,0.01533308404032141,10,1.0,6820.847184,True,
LOCAL-v1-q4-exactly10_sources-5012,4,frozen_baseline,10,633.6248456000001,0.014252415974624455,10,1.0,6336.248456,True,
LOCAL-v1-q4-exactly10_sources-5013,4,frozen_baseline,10,720.8380697,0.013799542095512152,10,1.0,7208.380697,True,
LOCAL-v1-q4-exactly10_sources-5014,4,frozen_baseline,10,696.7686673000001,0.0155356660252437,10,1.0,6967.686673,True,
LOCAL-v1-q4-exactly10_sources-5015,4,frozen_baseline,10,716.5729862000001,0.020716666942462325,10,1.0,7165.729862,True,
LOCAL-v1-q4-exactly10_sources-5016,4,frozen_baseline,10,785.9380693,0.015134292072616518,10,1.0,7859.380693,True,
LOCAL-v1-q4-exactly10_sources-5017,4,frozen_baseline,10,671.9225705,0.016099083004519343,10,1.0,6719.225705,True,
LOCAL-v1-q4-exactly10_sources-5018,4,frozen_baseline,10,682.3818512,0.016403457964770496,10,1.0,6823.818512,True,
LOCAL-v1-q4-exactly10_sources-5019,4,frozen_baseline,10,690.0676284,0.014773124945349991,10,1.0,6900.676284,True,
LOCAL-v1-q4-exactly10_sources-5020,4,frozen_baseline,10,785.3370635,0.014579415903426707,10,1.0,7853.370635,True,
LOCAL-v1-q4-exactly10_sources-5021,4,frozen_baseline,10,770.6328937000001,0.014584540971554816,10,1.0,7706.328937,True,
LOCAL-v1-q4-exactly10_sources-5022,4,frozen_baseline,10,611.9208484,0.017065584077499807,10,1.0,6119.208484,True,
LOCAL-v1-q4-exactly10_sources-5023,4,frozen_baseline,10,643.0982205,0.014081415953114629,10,1.0,6430.982205,True,
LOCAL-v1-q4-exactly10_sources-5024,4,frozen_baseline,10,655.2330056,0.015435374923981726,10,1.0,6552.330056,True,
LOCAL-v1-q4-exactly10_sources-5025,4,frozen_baseline,10,649.1076032,0.017106959014199674,10,1.0,6491.076032,True,
LOCAL-v1-q4-exactly10_sources-5026,4,frozen_baseline,10,789.6218208,0.01545154198538512,10,1.0,7896.218208,True,
LOCAL-v1-q4-exactly10_sources-5027,4,frozen_baseline,10,706.686148,0.018338792026042938,10,1.0,7066.86148,True,
LOCAL-v1-q4-exactly10_sources-5028,4,frozen_baseline,10,681.2542781,0.016316833905875683,10,1.0,6812.542781,True,
LOCAL-v1-q4-exactly10_sources-5029,4,frozen_baseline,10,785.548867,0.014356875093653798,10,1.0,7855.48867,True,
LOCAL-v1-q4-exactly10_sources-5030,4,frozen_baseline,10,758.5454927,0.018043083022348583,10,1.0,7585.454927,True,
LOCAL-v1-q4-exactly10_sources-5031,4,frozen_baseline,10,670.7540905,0.018120249966159463,10,1.0,6707.540905,True,
LOCAL-v1-q4-exactly10_sources-5032,4,frozen_baseline,10,778.8802818,0.018009459017775953,10,1.0,7788.802818,True,
LOCAL-v1-q4-exactly10_sources-5033,4,frozen_baseline,10,666.0822042,0.01886874996125698,10,1.0,6660.822042,True,
LOCAL-v1-q4-exactly10_sources-5034,4,frozen_baseline,10,820.8521046,0.017189875012263656,10,1.0,8208.521046,True,
LOCAL-v1-q4-exactly10_sources-5035,4,frozen_baseline,10,741.3797736,0.016186041058972478,10,1.0,7413.797736,True,
LOCAL-v1-q4-exactly10_sources-5036,4,frozen_baseline,10,670.6954969999999,0.019567999988794327,10,1.0,6706.95497,True,
LOCAL-v1-q4-exactly10_sources-5037,4,frozen_baseline,10,659.9012696,0.016423749970272183,10,1.0,6599.012696,True,
LOCAL-v1-q4-exactly10_sources-5038,4,frozen_baseline,10,710.5436289,0.014915999956429005,10,1.0,7105.436289,True,
LOCAL-v1-q4-exactly10_sources-5039,4,frozen_baseline,10,640.9121766999999,0.020081082941032946,10,1.0,6409.121767,True,
LOCAL-v1-q4-exactly10_sources-5040,4,frozen_baseline,10,667.4227872,0.02211170899681747,10,1.0,6674.227872,True,
LOCAL-v1-q4-exactly10_sources-5041,4,frozen_baseline,10,708.2199298,0.020200083032250404,10,1.0,7082.199298,True,
LOCAL-v1-q4-exactly10_sources-5042,4,frozen_baseline,10,656.1282225,0.01687458297237754,10,1.0,6561.282225,True,
LOCAL-v1-q4-exactly10_sources-5043,4,frozen_baseline,10,724.7992234000001,0.016568124992772937,10,1.0,7247.992234,True,
LOCAL-v1-q4-exactly10_sources-5044,4,frozen_baseline,10,622.860355,0.019260625005699694,10,1.0,6228.60355,True,
LOCAL-v1-q4-exactly10_sources-5045,4,frozen_baseline,10,773.5820062,0.01798116706777364,10,1.0,7735.820062,True,
LOCAL-v1-q4-exactly10_sources-5046,4,frozen_baseline,10,746.196953,0.01654175005387515,10,1.0,7461.96953,True,
LOCAL-v1-q4-exactly10_sources-5047,4,frozen_baseline,10,625.4893479,0.016796750016510487,10,1.0,6254.893479,True,
LOCAL-v1-q4-exactly10_sources-5048,4,frozen_baseline,10,655.9382379,0.01832304208073765,10,1.0,6559.382379,True,
LOCAL-v1-q4-exactly10_sources-5049,4,frozen_baseline,10,738.5101972,0.01814937510062009,10,1.0,7385.101972,True,
LOCAL-v1-q4-exactly10_sources-5050,4,frozen_baseline,10,663.1741819,0.02098333404865116,10,1.0,6631.741819,True,
LOCAL-v1-q4-exactly10_sources-5051,4,frozen_baseline,10,919.9780203,0.015981916920281947,10,1.0,9199.780203,True,
LOCAL-v1-q4-exactly10_sources-5052,4,frozen_baseline,10,640.8601019,0.01744158403016627,10,1.0,6408.601019,True,
LOCAL-v1-q4-exactly10_sources-5053,4,frozen_baseline,10,604.1473952,0.01633066695649177,10,1.0,6041.473952,True,
LOCAL-v1-q4-exactly10_sources-5054,4,frozen_baseline,10,703.2281366999999,0.015402332996018231,10,1.0,7032.281367,True,
LOCAL-v1-q4-exactly10_sources-5055,4,frozen_baseline,10,656.4340478,0.01707941701170057,10,1.0,6564.340478,True,
LOCAL-v1-q4-exactly10_sources-5056,4,frozen_baseline,10,690.3089717,0.017019208054989576,10,1.0,6903.089717,True,
LOCAL-v1-q4-exactly10_sources-5057,4,frozen_baseline,10,623.2017702,0.017716541071422398,10,1.0,6232.017702,True,
LOCAL-v1-q4-exactly10_sources-5058,4,frozen_baseline,10,670.7002565,0.016427709022536874,10,1.0,6707.002565,True,
LOCAL-v1-q4-exactly10_sources-5059,4,frozen_baseline,10,671.6902524,0.015786458970978856,10,1.0,6716.902524,True,
LOCAL-v1-q4-exactly10_sources-5060,4,frozen_baseline,10,692.1986972,0.016830542008392513,10,1.0,6921.986972,True,
LOCAL-v1-q4-exactly10_sources-5061,4,frozen_baseline,10,638.6888495999999,0.018291749991476536,10,1.0,6386.888496,True,
LOCAL-v1-q4-exactly10_sources-5062,4,frozen_baseline,10,723.6307465,0.01566654199268669,10,1.0,7236.307465,True,
LOCAL-v1-q4-exactly10_sources-5063,4,frozen_baseline,10,674.8999372999999,0.01581737503875047,10,1.0,6748.999373,True,
LOCAL-v1-q4-exactly10_sources-5064,4,frozen_baseline,10,666.7275668,0.01777383405715227,10,1.0,6667.275668,True,
LOCAL-v1-q4-exactly10_sources-5065,4,frozen_baseline,10,668.7820767999999,0.0181971249403432,10,1.0,6687.820768,True,
LOCAL-v1-q4-exactly10_sources-5066,4,frozen_baseline,10,638.5723740999999,0.01756558392662555,10,1.0,6385.723741,True,
LOCAL-v1-q4-exactly10_sources-5067,4,frozen_baseline,10,701.0803218,0.01587925001513213,10,1.0,7010.803218,True,
LOCAL-v1-q4-exactly10_sources-5068,4,frozen_baseline,10,778.9924637,0.018898541922681034,10,1.0,7789.924637,True,
LOCAL-v1-q4-exactly10_sources-5069,4,frozen_baseline,10,692.0440835,0.01745220902375877,10,1.0,6920.440835,True,
LOCAL-v1-q4-exactly10_sources-5070,4,frozen_baseline,10,727.4718508,0.020211542025208473,10,1.0,7274.718508,True,
LOCAL-v1-q4-exactly10_sources-5071,4,frozen_baseline,10,755.127861,0.018490125075913966,10,1.0,7551.27861,True,
LOCAL-v1-q4-exactly10_sources-5072,4,frozen_baseline,10,699.8638854,0.014732124982401729,10,1.0,6998.638854,True,
LOCAL-v1-q4-exactly10_sources-5073,4,frozen_baseline,10,616.3687792,0.017174875014461577,10,1.0,6163.687792,True,
LOCAL-v1-q4-exactly10_sources-5074,4,frozen_baseline,10,670.1773965,0.019821083988063037,10,1.0,6701.773965,True,
LOCAL-v1-q4-exactly10_sources-5075,4,frozen_baseline,10,797.7073588999999,0.014142291969619691,10,1.0,7977.073589,True,
LOCAL-v1-q4-exactly10_sources-5076,4,frozen_baseline,10,675.3765684,0.016513166949152946,10,1.0,6753.765684,True,
LOCAL-v1-q4-exactly10_sources-5077,4,frozen_baseline,10,668.2577235,0.01641058293171227,10,1.0,6682.577235,True,
LOCAL-v1-q4-exactly10_sources-5078,4,frozen_baseline,10,735.6760271,0.016187666915357113,10,1.0,7356.760271,True,
LOCAL-v1-q4-exactly10_sources-5079,4,frozen_baseline,10,795.3227893999999,0.015646041021682322,10,1.0,7953.227894,True,
LOCAL-v1-q4-exactly10_sources-5080,4,frozen_baseline,10,979.1104269,0.01751416700426489,10,1.0,9791.104269,True,
LOCAL-v1-q4-exactly10_sources-5081,4,frozen_baseline,10,734.8937971,0.01678345794789493,10,1.0,7348.937971,True,
LOCAL-v1-q4-exactly10_sources-5082,4,frozen_baseline,10,662.5746224000001,0.014441750012338161,10,1.0,6625.746224,True,
LOCAL-v1-q4-exactly10_sources-5083,4,frozen_baseline,10,759.9598566,0.018018541974015534,10,1.0,7599.598566,True,
LOCAL-v1-q4-exactly10_sources-5084,4,frozen_baseline,10,679.6119903,0.018884125049225986,10,1.0,6796.119903,True,
LOCAL-v1-q4-exactly10_sources-5085,4,frozen_baseline,10,617.2711541,0.019129624939523637,10,1.0,6172.711541,True,
LOCAL-v1-q4-exactly10_sources-5086,4,frozen_baseline,10,848.8439908,0.015836082980968058,10,1.0,8488.439908,True,
LOCAL-v1-q4-exactly10_sources-5087,4,frozen_baseline,10,719.3654153,0.014081250061281025,10,1.0,7193.654153,True,
LOCAL-v1-q4-exactly10_sources-5088,4,frozen_baseline,10,735.2237656,0.017151125008240342,10,1.0,7352.237656,True,
LOCAL-v1-q4-exactly10_sources-5089,4,frozen_baseline,10,680.759551,0.01451245800126344,10,1.0,6807.59551,True,
LOCAL-v1-q4-exactly10_sources-5090,4,frozen_baseline,10,887.8488345,0.014981375075876713,10,1.0,8878.488345,True,
LOCAL-v1-q4-exactly10_sources-5091,4,frozen_baseline,10,633.2217162,0.015203625080175698,10,1.0,6332.217162,True,
LOCAL-v1-q4-exactly10_sources-5092,4,frozen_baseline,10,720.4875096,0.02006324997637421,10,1.0,7204.875096,True,
LOCAL-v1-q4-exactly10_sources-5093,4,frozen_baseline,10,690.4676428,0.0159446659963578,10,1.0,6904.676428,True,
LOCAL-v1-q4-exactly10_sources-5094,4,frozen_baseline,10,770.2584858,0.017637999961152673,10,1.0,7702.584858,True,
LOCAL-v1-q4-exactly10_sources-5095,4,frozen_baseline,10,658.8989966,0.018927374971099198,10,1.0,6588.989966,True,
LOCAL-v1-q4-exactly10_sources-5096,4,frozen_baseline,10,649.8586338,0.014994417084380984,10,1.0,6498.586338,True,
LOCAL-v1-q4-exactly10_sources-5097,4,frozen_baseline,10,749.9669630999999,0.01716391695663333,10,1.0,7499.669631,True,
LOCAL-v1-q4-exactly10_sources-5098,4,frozen_baseline,10,686.6663371,0.015282334061339498,10,1.0,6866.663371,True,
LOCAL-v1-q4-exactly10_sources-5099,4,frozen_baseline,10,685.1521813,0.018176875077188015,10,1.0,6851.521813,True,
LOCAL-v1-q4-exactly16_sources-5000,4,frozen_baseline,16,402.1013701875,0.02020758402068168,16,1.0,6433.621923,True,
LOCAL-v1-q4-exactly16_sources-5001,4,frozen_baseline,16,519.3403688125,0.019822792033664882,16,1.0,8309.445901,True,
LOCAL-v1-q4-exactly16_sources-5002,4,frozen_baseline,16,454.8554558125,0.0175918749300763,16,1.0,7277.687293,True,
LOCAL-v1-q4-exactly16_sources-5003,4,frozen_baseline,16,402.525651625,0.023892750032246113,16,1.0,6440.410426,True,
LOCAL-v1-q4-exactly16_sources-5004,4,frozen_baseline,16,349.43890175,0.02253995800856501,16,1.0,5591.022428,True,
LOCAL-v1-q4-exactly16_sources-5005,4,frozen_baseline,16,392.3566559375,0.023557625012472272,16,1.0,6277.706495,True,
LOCAL-v1-q4-exactly16_sources-5006,4,frozen_baseline,16,437.0646496875,0.018641999922692776,16,1.0,6993.034395,True,
LOCAL-v1-q4-exactly16_sources-5007,4,frozen_baseline,16,396.2253811875,0.02465383301023394,16,1.0,6339.606099,True,
LOCAL-v1-q4-exactly16_sources-5008,4,frozen_baseline,16,413.78917925,0.03282329090870917,16,1.0,6620.626868,True,
LOCAL-v1-q4-exactly16_sources-5009,4,frozen_baseline,16,429.93582225,0.01681916695088148,16,1.0,6878.973156,True,
LOCAL-v1-q4-exactly16_sources-5010,4,frozen_baseline,16,519.27757125,0.023175542009994388,16,1.0,8308.44114,True,
LOCAL-v1-q4-exactly16_sources-5011,4,frozen_baseline,16,465.5699156875,0.017430582898668945,16,1.0,7449.118651,True,
LOCAL-v1-q4-exactly16_sources-5012,4,frozen_baseline,16,410.8678796875,0.019704582984559238,16,1.0,6573.886075,True,
LOCAL-v1-q4-exactly16_sources-5013,4,frozen_baseline,16,468.8059315625,0.021513957995921373,16,1.0,7500.894905,True,
LOCAL-v1-q4-exactly16_sources-5014,4,frozen_baseline,16,429.7740915625,0.01723166706506163,16,1.0,6876.385465,True,
LOCAL-v1-q4-exactly16_sources-5015,4,frozen_baseline,16,446.882508125,0.01971454208251089,16,1.0,7150.12013,True,
LOCAL-v1-q4-exactly16_sources-5016,4,frozen_baseline,16,401.793748375,0.019027207978069782,16,1.0,6428.699974,True,
LOCAL-v1-q4-exactly16_sources-5017,4,frozen_baseline,16,368.114695125,0.016261667013168335,16,1.0,5889.835122,True,
LOCAL-v1-q4-exactly16_sources-5018,4,frozen_baseline,16,422.9313103125,0.023825000040233135,16,1.0,6766.900965,True,
LOCAL-v1-q4-exactly16_sources-5019,4,frozen_baseline,16,419.9049589375,0.022260500001721084,16,1.0,6718.479343,True,
LOCAL-v1-q4-exactly16_sources-5020,4,frozen_baseline,16,453.95744875,0.01675612502731383,16,1.0,7263.31918,True,
LOCAL-v1-q4-exactly16_sources-5021,4,frozen_baseline,16,585.574643125,0.018574542016722262,16,1.0,9369.19429,True,
LOCAL-v1-q4-exactly16_sources-5022,4,frozen_baseline,16,417.233901125,0.01837383396923542,16,1.0,6675.742418,True,
LOCAL-v1-q4-exactly16_sources-5023,4,frozen_baseline,16,340.222854,0.021369082969613373,16,1.0,5443.565664,True,
LOCAL-v1-q4-exactly16_sources-5024,4,frozen_baseline,16,526.3092681875,0.016272625070996583,16,1.0,8420.948291,True,
LOCAL-v1-q4-exactly16_sources-5025,4,frozen_baseline,16,443.5629875625,0.020479375030845404,16,1.0,7097.007801,True,
LOCAL-v1-q4-exactly16_sources-5026,4,frozen_baseline,16,442.3542544375,0.018834874965250492,16,1.0,7077.668071,True,
LOCAL-v1-q4-exactly16_sources-5027,4,frozen_baseline,16,400.672512875,0.023868125048466027,16,1.0,6410.760206,True,
LOCAL-v1-q4-exactly16_sources-5028,4,frozen_baseline,16,428.6942969375,0.018859916948713362,16,1.0,6859.108751,True,
LOCAL-v1-q4-exactly16_sources-5029,4,frozen_baseline,16,481.567630375,0.015269625000655651,16,1.0,7705.082086,True,
LOCAL-v1-q4-exactly16_sources-5030,4,frozen_baseline,16,478.822739,0.021718791918829083,16,1.0,7661.163824,True,
LOCAL-v1-q4-exactly16_sources-5031,4,frozen_baseline,16,460.5649975,0.022184583940543234,16,1.0,7369.03996,True,
LOCAL-v1-q4-exactly16_sources-5032,4,frozen_baseline,16,408.24621225,0.01640750002115965,16,1.0,6531.939396,True,
LOCAL-v1-q4-exactly16_sources-5033,4,frozen_baseline,16,515.44080375,0.02033874997869134,16,1.0,8247.05286,True,
LOCAL-v1-q4-exactly16_sources-5034,4,frozen_baseline,16,490.203628625,0.019635791890323162,16,1.0,7843.258058,True,
LOCAL-v1-q4-exactly16_sources-5035,4,frozen_baseline,16,462.0743438125,0.021696959040127695,16,1.0,7393.189501,True,
LOCAL-v1-q4-exactly16_sources-5036,4,frozen_baseline,16,411.37428275,0.019834958016872406,16,1.0,6581.988524,True,
LOCAL-v1-q4-exactly16_sources-5037,4,frozen_baseline,16,384.8575881875,0.022743542096577585,16,1.0,6157.721411,True,
LOCAL-v1-q4-exactly16_sources-5038,4,frozen_baseline,16,410.1532484375,0.019264417001977563,16,1.0,6562.451975,True,
LOCAL-v1-q4-exactly16_sources-5039,4,frozen_baseline,16,458.2751129375,0.0323219170095399,16,1.0,7332.401807,True,
LOCAL-v1-q4-exactly16_sources-5040,4,frozen_baseline,16,424.50246325,0.017495041945949197,16,1.0,6792.039412,True,
LOCAL-v1-q4-exactly16_sources-5041,4,frozen_baseline,16,653.604106375,0.024139082990586758,16,1.0,10457.665702,True,
LOCAL-v1-q4-exactly16_sources-5042,4,frozen_baseline,16,417.8894756875,0.02085879200603813,16,1.0,6686.231611,True,
LOCAL-v1-q4-exactly16_sources-5043,4,frozen_baseline,16,532.3388430625,0.019395583076402545,16,1.0,8517.421489,True,
LOCAL-v1-q4-exactly16_sources-5044,4,frozen_baseline,16,369.6027869375,0.019320957944728434,16,1.0,5913.644591,True,
LOCAL-v1-q4-exactly16_sources-5045,4,frozen_baseline,16,438.8543236875,0.020914708962664008,16,1.0,7021.669179,True,
LOCAL-v1-q4-exactly16_sources-5046,4,frozen_baseline,16,362.1156493125,0.022707542055286467,16,1.0,5793.850389,True,
LOCAL-v1-q4-exactly16_sources-5047,4,frozen_baseline,16,392.92408325,0.022529541980475187,16,1.0,6286.785332,True,
LOCAL-v1-q4-exactly16_sources-5048,4,frozen_baseline,16,396.5297623125,0.017525041941553354,16,1.0,6344.476197,True,
LOCAL-v1-q4-exactly16_sources-5049,4,frozen_baseline,16,623.7849384375,0.018595749977976084,16,1.0,9980.559015,True,
LOCAL-v1-q4-exactly16_sources-5050,4,frozen_baseline,16,455.1278066875,0.016881125047802925,16,1.0,7282.044907,True,
LOCAL-v1-q4-exactly16_sources-5051,4,frozen_baseline,16,390.2329958125,0.01709595904685557,16,1.0,6243.727933,True,
LOCAL-v1-q4-exactly16_sources-5052,4,frozen_baseline,16,428.984941125,0.02215579093899578,16,1.0,6863.759058,True,
LOCAL-v1-q4-exactly16_sources-5053,4,frozen_baseline,16,413.3526328125,0.020459208986721933,16,1.0,6613.642125,True,
LOCAL-v1-q4-exactly16_sources-5054,4,frozen_baseline,16,420.4218415625,0.020119416993111372,16,1.0,6726.749465,True,
LOCAL-v1-q4-exactly16_sources-5055,4,frozen_baseline,16,423.63115125,0.02090695791412145,16,1.0,6778.09842,True,
LOCAL-v1-q4-exactly16_sources-5056,4,frozen_baseline,16,505.0171175,0.019786125048995018,16,1.0,8080.27388,True,
LOCAL-v1-q4-exactly16_sources-5057,4,frozen_baseline,16,431.5847945,0.018287417013198137,16,1.0,6905.356712,True,
LOCAL-v1-q4-exactly16_sources-5058,4,frozen_baseline,16,430.9353013125,0.018324124976061285,16,1.0,6894.964821,True,
LOCAL-v1-q4-exactly16_sources-5059,4,frozen_baseline,16,410.3773650625,0.019247082993388176,16,1.0,6566.037841,True,
LOCAL-v1-q4-exactly16_sources-5060,4,frozen_baseline,16,428.188308,0.01737362495623529,16,1.0,6851.012928,True,
LOCAL-v1-q4-exactly16_sources-5061,4,frozen_baseline,16,421.7442746875,0.016737166908569634,16,1.0,6747.908395,True,
LOCAL-v1-q4-exactly16_sources-5062,4,frozen_baseline,16,620.640057,0.022019834024831653,16,1.0,9930.240912,True,
LOCAL-v1-q4-exactly16_sources-5063,4,frozen_baseline,16,527.7486560625,0.021635457989759743,16,1.0,8443.978497,True,
LOCAL-v1-q4-exactly16_sources-5064,4,frozen_baseline,16,463.852335875,0.015479083056561649,16,1.0,7421.637374,True,
LOCAL-v1-q4-exactly16_sources-5065,4,frozen_baseline,16,411.814636,0.01961370906792581,16,1.0,6589.034176,True,
LOCAL-v1-q4-exactly16_sources-5066,4,frozen_baseline,16,428.6818866875,0.018646624987013638,16,1.0,6858.910187,True,
LOCAL-v1-q4-exactly16_sources-5067,4,frozen_baseline,16,437.9762419375,0.020988042000681162,16,1.0,7007.619871,True,
LOCAL-v1-q4-exactly16_sources-5068,4,frozen_baseline,16,437.514963125,0.017551791039295495,16,1.0,7000.23941,True,
LOCAL-v1-q4-exactly16_sources-5069,4,frozen_baseline,16,482.990475,0.024732791003771126,16,1.0,7727.8476,True,
LOCAL-v1-q4-exactly16_sources-5070,4,frozen_baseline,16,510.6438135625,0.022701708017848432,16,1.0,8170.301017,True,
LOCAL-v1-q4-exactly16_sources-5071,4,frozen_baseline,16,403.6367899375,0.01803470798768103,16,1.0,6458.188639,True,
LOCAL-v1-q4-exactly16_sources-5072,4,frozen_baseline,16,396.83918175,0.020658207940869033,16,1.0,6349.426908,True,
LOCAL-v1-q4-exactly16_sources-5073,4,frozen_baseline,16,442.2456985,0.02128512493800372,16,1.0,7075.931176,True,
LOCAL-v1-q4-exactly16_sources-5074,4,frozen_baseline,16,421.9096605625,0.021101832971908152,16,1.0,6750.554569,True,
LOCAL-v1-q4-exactly16_sources-5075,4,frozen_baseline,16,400.1153016875,0.022704333998262882,16,1.0,6401.844827,True,
LOCAL-v1-q4-exactly16_sources-5076,4,frozen_baseline,16,385.7701101875,0.023099167039617896,16,1.0,6172.321763,True,
LOCAL-v1-q4-exactly16_sources-5077,4,frozen_baseline,16,463.5957270625,0.01675925008021295,16,1.0,7417.531633,True,
LOCAL-v1-q4-exactly16_sources-5078,4,frozen_baseline,16,458.2685925625,0.017352583003230393,16,1.0,7332.297481,True,
LOCAL-v1-q4-exactly16_sources-5079,4,frozen_baseline,16,474.0659999375,0.01935145806055516,16,1.0,7585.055999,True,
LOCAL-v1-q4-exactly16_sources-5080,4,frozen_baseline,16,425.2337536875,0.018784666899591684,16,1.0,6803.740059,True,
LOCAL-v1-q4-exactly16_sources-5081,4,frozen_baseline,16,472.6885008125,0.01909033302217722,16,1.0,7563.016013,True,
LOCAL-v1-q4-exactly16_sources-5082,4,frozen_baseline,16,426.080998,0.01639683300163597,16,1.0,6817.295968,True,
LOCAL-v1-q4-exactly16_sources-5083,4,frozen_baseline,16,455.73564525,0.022060499992221594,16,1.0,7291.770324,True,
LOCAL-v1-q4-exactly16_sources-5084,4,frozen_baseline,16,513.073906875,0.018738790997304022,16,1.0,8209.18251,True,
LOCAL-v1-q4-exactly16_sources-5085,4,frozen_baseline,16,370.699006125,0.020123875001445413,16,1.0,5931.184098,True,
LOCAL-v1-q4-exactly16_sources-5086,4,frozen_baseline,16,381.5230615,0.018954875064082444,16,1.0,6104.368984,True,
LOCAL-v1-q4-exactly16_sources-5087,4,frozen_baseline,16,377.557588125,0.020809332956559956,16,1.0,6040.92141,True,
LOCAL-v1-q4-exactly16_sources-5088,4,frozen_baseline,16,493.202377875,0.022189833922311664,16,1.0,7891.238046,True,
LOCAL-v1-q4-exactly16_sources-5089,4,frozen_baseline,16,452.2476994375,0.016881917021237314,16,1.0,7235.963191,True,
LOCAL-v1-q4-exactly16_sources-5090,4,frozen_baseline,16,492.8834214375,0.01793845894280821,16,1.0,7886.134743,True,
LOCAL-v1-q4-exactly16_sources-5091,4,frozen_baseline,16,481.077142,0.0223447079770267,16,1.0,7697.234272,True,
LOCAL-v1-q4-exactly16_sources-5092,4,frozen_baseline,16,427.7845094375,0.016917541972361505,16,1.0,6844.552151,True,
LOCAL-v1-q4-exactly16_sources-5093,4,frozen_baseline,16,428.4136845,0.020242166006937623,16,1.0,6854.618952,True,
LOCAL-v1-q4-exactly16_sources-5094,4,frozen_baseline,16,449.2184115,0.02183074993081391,16,1.0,7187.494584,True,
LOCAL-v1-q4-exactly16_sources-5095,4,frozen_baseline,16,380.312429625,0.021875333040952682,16,1.0,6084.998874,True,
LOCAL-v1-q4-exactly16_sources-5096,4,frozen_baseline,16,453.5694424375,0.01894858293235302,16,1.0,7257.111079,True,
LOCAL-v1-q4-exactly16_sources-5097,4,frozen_baseline,16,471.2353393125,0.02017495804466307,16,1.0,7539.765429,True,
LOCAL-v1-q4-exactly16_sources-5098,4,frozen_baseline,16,406.7532150625,0.01888058299664408,16,1.0,6508.051441,True,
LOCAL-v1-q4-exactly16_sources-5099,4,frozen_baseline,16,394.128529,0.022085250006057322,16,1.0,6306.056464,True,
LOCAL-v1-q3-reference_assumed-5000,3,candidate,11,281.6510645454545,0.008645917056128383,11,1.0,3098.16171,True,
LOCAL-v1-q3-reference_assumed-5001,3,candidate,14,228.8597467142857,0.011143125011585653,14,1.0,3204.036454,True,
LOCAL-v1-q3-reference_assumed-5002,3,candidate,15,198.38545293333334,0.011191666941158473,15,1.0,2975.781794,True,
LOCAL-v1-q3-reference_assumed-5003,3,candidate,11,245.67403345454548,0.008090000017546117,11,1.0,2702.414368,True,
LOCAL-v1-q3-reference_assumed-5004,3,candidate,12,256.42007125000003,0.00731116603128612,12,1.0,3077.040855,True,
LOCAL-v1-q3-reference_assumed-5005,3,candidate,11,271.045283,0.006092207971960306,11,1.0,2981.498113,True,
LOCAL-v1-q3-reference_assumed-5006,3,candidate,11,271.66137645454546,0.008354124962352216,11,1.0,2988.275141,True,
LOCAL-v1-q3-reference_assumed-5007,3,candidate,11,274.6812944545455,0.006736999959684908,11,1.0,3021.494239,True,
LOCAL-v1-q3-reference_assumed-5008,3,candidate,10,278.3795817,0.007755375001579523,10,1.0,2783.795817,True,
LOCAL-v1-q3-reference_assumed-5009,3,candidate,14,212.2542210714286,0.009471417055465281,14,1.0,2971.559095,True,
LOCAL-v1-q3-reference_assumed-5010,3,candidate,12,231.02195774999998,0.010143041028641164,12,1.0,2772.263493,True,
LOCAL-v1-q3-reference_assumed-5011,3,candidate,15,218.74442873333334,0.013646916020661592,15,1.0,3281.166431,True,
LOCAL-v1-q3-reference_assumed-5012,3,candidate,10,297.5924341,0.005609499989077449,10,1.0,2975.924341,True,
LOCAL-v1-q3-reference_assumed-5013,3,candidate,12,260.29367141666665,0.00806912500411272,12,1.0,3123.524057,True,
LOCAL-v1-q3-reference_assumed-5014,3,candidate,11,259.21659718181814,0.009512207936495543,11,1.0,2851.382569,True,
LOCAL-v1-q3-reference_assumed-5015,3,candidate,12,258.250644,0.010693083051592112,12,1.0,3099.007728,True,
LOCAL-v1-q3-reference_assumed-5016,3,candidate,16,219.107313125,0.011804666020907462,16,1.0,3505.71701,True,
LOCAL-v1-q3-reference_assumed-5017,3,candidate,15,206.30234546666668,0.012586624943651259,15,1.0,3094.535182,True,
LOCAL-v1-q3-reference_assumed-5018,3,candidate,10,309.73321799999997,0.007821292034350336,10,1.0,3097.33218,True,
LOCAL-v1-q3-reference_assumed-5019,3,candidate,11,301.8630250909091,0.008157624979503453,11,1.0,3320.493276,True,
LOCAL-v1-q3-reference_assumed-5020,3,candidate,16,221.63258425,0.011024083942174911,16,1.0,3546.121348,True,
LOCAL-v1-q3-reference_assumed-5021,3,candidate,14,242.1861962142857,0.015315582975745201,14,1.0,3390.606747,True,
LOCAL-v1-q3-reference_assumed-5022,3,candidate,14,206.8510845,0.012147707981057465,14,1.0,2895.915183,True,
LOCAL-v1-q3-reference_assumed-5023,3,candidate,15,215.63394866666667,0.011985333054326475,15,1.0,3234.50923,True,
LOCAL-v1-q3-reference_assumed-5024,3,candidate,13,251.03460161538462,0.011005708016455173,13,1.0,3263.449821,True,
LOCAL-v1-q3-reference_assumed-5025,3,candidate,12,259.17196858333335,0.01017708401195705,12,1.0,3110.063623,True,
LOCAL-v1-q3-reference_assumed-5026,3,candidate,15,214.74207846666667,0.007002666941843927,15,1.0,3221.131177,True,
LOCAL-v1-q3-reference_assumed-5027,3,candidate,11,290.5625100909091,0.006179500021971762,11,1.0,3196.187611,True,
LOCAL-v1-q3-reference_assumed-5028,3,candidate,10,271.0408903,0.0065377079881727695,10,1.0,2710.408903,True,
LOCAL-v1-q3-reference_assumed-5029,3,candidate,11,267.30429881818185,0.007027250016108155,11,1.0,2940.347287,True,
LOCAL-v1-q3-reference_assumed-5030,3,candidate,12,216.83841841666666,0.006658916943706572,12,1.0,2602.061021,True,
LOCAL-v1-q3-reference_assumed-5031,3,candidate,15,193.54538586666666,0.015375750022940338,15,1.0,2903.180788,True,
LOCAL-v1-q3-reference_assumed-5032,3,candidate,11,285.3079677272727,0.008044834015890956,11,1.0,3138.387645,True,
LOCAL-v1-q3-reference_assumed-5033,3,candidate,14,219.4378745,0.009819707949645817,14,1.0,3072.130243,True,
LOCAL-v1-q3-reference_assumed-5034,3,candidate,16,172.666316375,0.013222499983385205,16,1.0,2762.661062,True,
LOCAL-v1-q3-reference_assumed-5035,3,candidate,10,296.3242385,0.00667983409948647,10,1.0,2963.242385,True,
LOCAL-v1-q3-reference_assumed-5036,3,candidate,15,213.93379413333332,0.013662041979841888,15,1.0,3209.006912,True,
LOCAL-v1-q3-reference_assumed-5037,3,candidate,15,211.27693226666668,0.011111625004559755,15,1.0,3169.153984,True,
LOCAL-v1-q3-reference_assumed-5038,3,candidate,16,196.1500318125,0.01498479105066508,16,1.0,3138.400509,True,
LOCAL-v1-q3-reference_assumed-5039,3,candidate,10,328.9510985,0.006200208910740912,10,1.0,3289.510985,True,
LOCAL-v1-q3-reference_assumed-5040,3,candidate,15,222.6386468,0.011571208946406841,15,1.0,3339.579702,True,
LOCAL-v1-q3-reference_assumed-5041,3,candidate,15,214.75600646666666,0.014087999938055873,15,1.0,3221.340097,True,
LOCAL-v1-q3-reference_assumed-5042,3,candidate,11,280.2560137272727,0.0053313750540837646,11,1.0,3082.816151,True,
LOCAL-v1-q3-reference_assumed-5043,3,candidate,12,264.28788683333335,0.008866125019267201,12,1.0,3171.454642,True,
LOCAL-v1-q3-reference_assumed-5044,3,candidate,11,286.96120372727273,0.007078708033077419,11,1.0,3156.573241,True,
LOCAL-v1-q3-reference_assumed-5045,3,candidate,11,275.5970638181818,0.008622332941740751,11,1.0,3031.567702,True,
LOCAL-v1-q3-reference_assumed-5046,3,candidate,10,271.5351448,0.007881166995503008,10,1.0,2715.351448,True,
LOCAL-v1-q3-reference_assumed-5047,3,candidate,16,202.568121,0.011025084066204727,16,1.0,3241.089936,True,
LOCAL-v1-q3-reference_assumed-5048,3,candidate,12,248.56881008333335,0.007834957912564278,12,1.0,2982.825721,True,
LOCAL-v1-q3-reference_assumed-5049,3,candidate,10,294.8072536,0.005409874953329563,10,1.0,2948.072536,True,
LOCAL-v1-q3-reference_assumed-5050,3,candidate,15,228.04155453333334,0.010915125021710992,15,1.0,3420.623318,True,
LOCAL-v1-q3-reference_assumed-5051,3,candidate,11,285.0007013636364,0.006980334059335291,11,1.0,3135.007715,True,
LOCAL-v1-q3-reference_assumed-5052,3,candidate,13,222.12512592307692,0.00824795791413635,13,1.0,2887.626637,True,
LOCAL-v1-q3-reference_assumed-5053,3,candidate,16,232.615478875,0.011497500003315508,16,1.0,3721.847662,True,
LOCAL-v1-q3-reference_assumed-5054,3,candidate,16,246.9357378125,0.011802084045484662,16,1.0,3950.971805,True,
LOCAL-v1-q3-reference_assumed-5055,3,candidate,12,256.64514775000004,0.008619874948635697,12,1.0,3079.741773,True,
LOCAL-v1-q3-reference_assumed-5056,3,candidate,13,254.45992492307693,0.010062124929390848,13,1.0,3307.979024,True,
LOCAL-v1-q3-reference_assumed-5057,3,candidate,13,244.05171453846154,0.007613291963934898,13,1.0,3172.672289,True,
LOCAL-v1-q3-reference_assumed-5058,3,candidate,14,244.34778028571426,0.012065290939062834,14,1.0,3420.868924,True,
LOCAL-v1-q3-reference_assumed-5059,3,candidate,12,263.26049525,0.006555957952514291,12,1.0,3159.125943,True,
LOCAL-v1-q3-reference_assumed-5060,3,candidate,11,270.15345336363634,0.011617416981607676,11,1.0,2971.687987,True,
LOCAL-v1-q3-reference_assumed-5061,3,candidate,13,223.40850623076923,0.00822225003503263,13,1.0,2904.310581,True,
LOCAL-v1-q3-reference_assumed-5062,3,candidate,16,208.5170095,0.009986291988752782,16,1.0,3336.272152,True,
LOCAL-v1-q3-reference_assumed-5063,3,candidate,15,223.13056513333333,0.012752583948895335,15,1.0,3346.958477,True,
LOCAL-v1-q3-reference_assumed-5064,3,candidate,13,229.52846776923076,0.008924958063289523,13,1.0,2983.870081,True,
LOCAL-v1-q3-reference_assumed-5065,3,candidate,12,251.64664041666666,0.0068144999677315354,12,1.0,3019.759685,True,
LOCAL-v1-q3-reference_assumed-5066,3,candidate,10,269.09255659999997,0.010955124977044761,10,1.0,2690.925566,True,
LOCAL-v1-q3-reference_assumed-5067,3,candidate,16,216.890235375,0.012977375066839159,16,1.0,3470.243766,True,
LOCAL-v1-q3-reference_assumed-5068,3,candidate,13,210.69270384615385,0.008270291960798204,13,1.0,2739.00515,True,
LOCAL-v1-q3-reference_assumed-5069,3,candidate,14,232.28404792857143,0.01266958296764642,14,1.0,3251.976671,True,
LOCAL-v1-q3-reference_assumed-5070,3,candidate,12,267.27242041666665,0.009320707991719246,12,1.0,3207.269045,True,
LOCAL-v1-q3-reference_assumed-5071,3,candidate,12,266.9425600833333,0.008013707934878767,12,1.0,3203.310721,True,
LOCAL-v1-q3-reference_assumed-5072,3,candidate,15,202.62780446666665,0.014437415986321867,15,1.0,3039.417067,True,
LOCAL-v1-q3-reference_assumed-5073,3,candidate,10,270.4831605,0.006962207960896194,10,1.0,2704.831605,True,
LOCAL-v1-q3-reference_assumed-5074,3,candidate,16,224.6865696875,0.016444875043816864,16,1.0,3594.985115,True,
LOCAL-v1-q3-reference_assumed-5075,3,candidate,15,206.24969213333333,0.011213666992262006,15,1.0,3093.745382,True,
LOCAL-v1-q3-reference_assumed-5076,3,candidate,12,238.41796358333332,0.0096994589548558,12,1.0,2861.015563,True,
LOCAL-v1-q3-reference_assumed-5077,3,candidate,14,234.48107735714285,0.009643416968174279,14,1.0,3282.735083,True,
LOCAL-v1-q3-reference_assumed-5078,3,candidate,13,239.637512,0.006888542091473937,13,1.0,3115.287656,True,
LOCAL-v1-q3-reference_assumed-5079,3,candidate,10,301.77724950000004,0.00669175002258271,10,1.0,3017.772495,True,
LOCAL-v1-q3-reference_assumed-5080,3,candidate,10,275.2453552,0.007521333056502044,10,1.0,2752.453552,True,
LOCAL-v1-q3-reference_assumed-5081,3,candidate,16,211.2150706875,0.016484791063703597,16,1.0,3379.441131,True,
LOCAL-v1-q3-reference_assumed-5082,3,candidate,13,220.73062246153845,0.0110454160021618,13,1.0,2869.498092,True,
LOCAL-v1-q3-reference_assumed-5083,3,candidate,13,235.33532876923076,0.008612082921899855,13,1.0,3059.359274,True,
LOCAL-v1-q3-reference_assumed-5084,3,candidate,14,246.80048957142859,0.01063420798163861,14,1.0,3455.206854,True,
LOCAL-v1-q3-reference_assumed-5085,3,candidate,15,203.2651273333333,0.011761917034164071,15,1.0,3048.97691,True,
LOCAL-v1-q3-reference_assumed-5086,3,candidate,12,266.71023875,0.008275290951132774,12,1.0,3200.522865,True,
LOCAL-v1-q3-reference_assumed-5087,3,candidate,13,201.05921669230767,0.008442166959866881,13,1.0,2613.769817,True,
LOCAL-v1-q3-reference_assumed-5088,3,candidate,16,195.5632575,0.011898290948010981,16,1.0,3129.01212,True,
LOCAL-v1-q3-reference_assumed-5089,3,candidate,15,216.00771606666666,0.011144042015075684,15,1.0,3240.115741,True,
LOCAL-v1-q3-reference_assumed-5090,3,candidate,14,229.31801014285716,0.014632750069722533,14,1.0,3210.452142,True,
LOCAL-v1-q3-reference_assumed-5091,3,candidate,12,264.5496054166667,0.010777416988275945,12,1.0,3174.595265,True,
LOCAL-v1-q3-reference_assumed-5092,3,candidate,11,232.40473436363635,0.0093412910355255,11,1.0,2556.452078,True,
LOCAL-v1-q3-reference_assumed-5093,3,candidate,15,219.74202186666668,0.008758040959946811,15,1.0,3296.130328,True,
LOCAL-v1-q3-reference_assumed-5094,3,candidate,11,255.133015,0.0065620000241324306,11,1.0,2806.463165,True,
LOCAL-v1-q3-reference_assumed-5095,3,candidate,10,283.94260859999997,0.009302999940700829,10,1.0,2839.426086,True,
LOCAL-v1-q3-reference_assumed-5096,3,candidate,14,225.15782285714286,0.009005915955640376,14,1.0,3152.20952,True,
LOCAL-v1-q3-reference_assumed-5097,3,candidate,13,255.7791526923077,0.011429334059357643,13,1.0,3325.128985,True,
LOCAL-v1-q3-reference_assumed-5098,3,candidate,16,183.6506908125,0.012368916999548674,16,1.0,2938.411053,True,
LOCAL-v1-q3-reference_assumed-5099,3,candidate,13,238.61792323076924,0.011821791995316744,13,1.0,3102.033002,True,
LOCAL-v1-q3-fixed_positive_bias-5000,3,candidate,11,287.00161127272725,0.010469375061802566,11,1.0,3157.017724,True,
LOCAL-v1-q3-fixed_positive_bias-5001,3,candidate,14,235.67421307142857,0.015571165946312249,14,1.0,3299.438983,True,
LOCAL-v1-q3-fixed_positive_bias-5002,3,candidate,15,198.6939366,0.013495416031219065,15,1.0,2980.409049,True,
LOCAL-v1-q3-fixed_positive_bias-5003,3,candidate,11,258.3949408181818,0.01075295906048268,11,1.0,2842.344349,True,
LOCAL-v1-q3-fixed_positive_bias-5004,3,candidate,12,257.39537408333337,0.008110374910756946,12,1.0,3088.744489,True,
LOCAL-v1-q3-fixed_positive_bias-5005,3,candidate,11,267.8148928181818,0.0061430418863892555,11,1.0,2945.963821,True,
LOCAL-v1-q3-fixed_positive_bias-5006,3,candidate,11,289.7581974545455,0.008216333924792707,11,1.0,3187.340172,True,
LOCAL-v1-q3-fixed_positive_bias-5007,3,candidate,11,268.4154363636364,0.005894165951758623,11,1.0,2952.5698,True,
LOCAL-v1-q3-fixed_positive_bias-5008,3,candidate,10,277.25893959999996,0.008736457908526063,10,1.0,2772.589396,True,
LOCAL-v1-q3-fixed_positive_bias-5009,3,candidate,14,211.568482,0.010062833083793521,14,1.0,2961.958748,True,
LOCAL-v1-q3-fixed_positive_bias-5010,3,candidate,12,228.22952958333335,0.01115887495689094,12,1.0,2738.754355,True,
LOCAL-v1-q3-fixed_positive_bias-5011,3,candidate,15,230.80181026666665,0.01044787501450628,15,1.0,3462.027154,True,
LOCAL-v1-q3-fixed_positive_bias-5012,3,candidate,10,296.8380902,0.00614462501835078,10,1.0,2968.380902,True,
LOCAL-v1-q3-fixed_positive_bias-5013,3,candidate,12,244.86736725,0.008248833008110523,12,1.0,2938.408407,True,
LOCAL-v1-q3-fixed_positive_bias-5014,3,candidate,11,257.31241118181816,0.012420332990586758,11,1.0,2830.436523,True,
LOCAL-v1-q3-fixed_positive_bias-5015,3,candidate,12,251.68565999999998,0.013839791994541883,12,1.0,3020.22792,True,
LOCAL-v1-q3-fixed_positive_bias-5016,3,candidate,16,217.3528569375,0.018526708940044045,16,1.0,3477.645711,True,
LOCAL-v1-q3-fixed_positive_bias-5017,3,candidate,15,237.38765659999999,0.020713042002171278,15,1.0,3560.814849,True,
LOCAL-v1-q3-fixed_positive_bias-5018,3,candidate,10,295.44175789999997,0.00718329194933176,10,1.0,2954.417579,True,
LOCAL-v1-q3-fixed_positive_bias-5019,3,candidate,11,292.62651590909087,0.008579208049923182,11,1.0,3218.891675,True,
LOCAL-v1-q3-fixed_positive_bias-5020,3,candidate,16,225.883091375,0.014623540919274092,16,1.0,3614.129462,True,
LOCAL-v1-q3-fixed_positive_bias-5021,3,candidate,14,231.28531685714285,0.017573332996107638,14,1.0,3237.994436,True,
LOCAL-v1-q3-fixed_positive_bias-5022,3,candidate,14,214.21134149999997,0.01350591704249382,14,1.0,2998.958781,True,
LOCAL-v1-q3-fixed_positive_bias-5023,3,candidate,15,209.1127186,0.013261457905173302,15,1.0,3136.690779,True,
LOCAL-v1-q3-fixed_positive_bias-5024,3,candidate,13,250.700825,0.011316874995827675,13,1.0,3259.110725,True,
LOCAL-v1-q3-fixed_positive_bias-5025,3,candidate,12,238.74878108333334,0.0080994589952752,12,1.0,2864.985373,True,
LOCAL-v1-q3-fixed_positive_bias-5026,3,candidate,15,217.24914913333333,0.008874500053934753,15,1.0,3258.737237,True,
LOCAL-v1-q3-fixed_positive_bias-5027,3,candidate,11,289.4037916363636,0.0062992500606924295,11,1.0,3183.441708,True,
LOCAL-v1-q3-fixed_positive_bias-5028,3,candidate,10,287.7935089,0.0069264170015230775,10,1.0,2877.935089,True,
LOCAL-v1-q3-fixed_positive_bias-5029,3,candidate,11,274.95208681818184,0.008558375062420964,11,1.0,3024.472955,True,
LOCAL-v1-q3-fixed_positive_bias-5030,3,candidate,12,218.67146191666666,0.007990416954271495,12,1.0,2624.057543,True,
LOCAL-v1-q3-fixed_positive_bias-5031,3,candidate,15,202.77159426666668,0.01671474997419864,15,1.0,3041.573914,True,
LOCAL-v1-q3-fixed_positive_bias-5032,3,candidate,11,269.600458,0.010033499915152788,11,1.0,2965.605038,True,
LOCAL-v1-q3-fixed_positive_bias-5033,3,candidate,14,220.55946485714284,0.01075070898514241,14,1.0,3087.832508,True,
LOCAL-v1-q3-fixed_positive_bias-5034,3,candidate,16,182.1979590625,0.017676542047411203,16,1.0,2915.167345,True,
LOCAL-v1-q3-fixed_positive_bias-5035,3,candidate,10,304.5557993,0.005149500095285475,10,1.0,3045.557993,True,
LOCAL-v1-q3-fixed_positive_bias-5036,3,candidate,15,213.83954886666666,0.014890915947034955,15,1.0,3207.593233,True,
LOCAL-v1-q3-fixed_positive_bias-5037,3,candidate,15,211.15624340000002,0.011570833041332662,15,1.0,3167.343651,True,
LOCAL-v1-q3-fixed_positive_bias-5038,3,candidate,16,194.3525359375,0.014995499979704618,16,1.0,3109.640575,True,
LOCAL-v1-q3-fixed_positive_bias-5039,3,candidate,10,330.90381080000003,0.007065542042255402,10,1.0,3309.038108,True,
LOCAL-v1-q3-fixed_positive_bias-5040,3,candidate,15,228.41190479999997,0.010226291953586042,15,1.0,3426.178572,True,
LOCAL-v1-q3-fixed_positive_bias-5041,3,candidate,15,215.9619569333333,0.011750624980777502,15,1.0,3239.429354,True,
LOCAL-v1-q3-fixed_positive_bias-5042,3,candidate,11,274.7376729090909,0.005962457973510027,11,1.0,3022.114402,True,
LOCAL-v1-q3-fixed_positive_bias-5043,3,candidate,12,264.95162024999996,0.00934295798651874,12,1.0,3179.419443,True,
LOCAL-v1-q3-fixed_positive_bias-5044,3,candidate,11,284.49954536363634,0.007174417027272284,11,1.0,3129.494999,True,
LOCAL-v1-q3-fixed_positive_bias-5045,3,candidate,11,278.70689,0.00837099994532764,11,1.0,3065.77579,True,
LOCAL-v1-q3-fixed_positive_bias-5046,3,candidate,10,283.1403212,0.00743437500204891,10,1.0,2831.403212,True,
LOCAL-v1-q3-fixed_positive_bias-5047,3,candidate,16,202.70745875,0.012752542039379478,16,1.0,3243.31934,True,
LOCAL-v1-q3-fixed_positive_bias-5048,3,candidate,12,251.2968405833333,0.010342624969780445,12,1.0,3015.562087,True,
LOCAL-v1-q3-fixed_positive_bias-5049,3,candidate,10,294.4364198,0.004886999959126115,10,1.0,2944.364198,True,
LOCAL-v1-q3-fixed_positive_bias-5050,3,candidate,15,227.5496266,0.012140583945438266,15,1.0,3413.244399,True,
LOCAL-v1-q3-fixed_positive_bias-5051,3,candidate,11,282.0813081818182,0.00668816699180752,11,1.0,3102.89439,True,
LOCAL-v1-q3-fixed_positive_bias-5052,3,candidate,13,223.054879,0.008789542014710605,13,1.0,2899.713427,True,
LOCAL-v1-q3-fixed_positive_bias-5053,3,candidate,16,220.6289955,0.010970374918542802,16,1.0,3530.063928,True,
LOCAL-v1-q3-fixed_positive_bias-5054,3,candidate,16,222.774760875,0.011655458016321063,16,1.0,3564.396174,True,
LOCAL-v1-q3-fixed_positive_bias-5055,3,candidate,12,257.4007033333333,0.009185125003568828,12,1.0,3088.80844,True,
LOCAL-v1-q3-fixed_positive_bias-5056,3,candidate,13,253.82122384615383,0.010320500005036592,13,1.0,3299.67591,True,
LOCAL-v1-q3-fixed_positive_bias-5057,3,candidate,13,245.78389484615386,0.00876966689247638,13,1.0,3195.190633,True,
LOCAL-v1-q3-fixed_positive_bias-5058,3,candidate,14,216.34086642857142,0.009741457994095981,14,1.0,3028.77213,True,
LOCAL-v1-q3-fixed_positive_bias-5059,3,candidate,12,263.012342,0.007563415914773941,12,1.0,3156.148104,True,
LOCAL-v1-q3-fixed_positive_bias-5060,3,candidate,11,257.5307955454545,0.010508499923162162,11,1.0,2832.838751,True,
LOCAL-v1-q3-fixed_positive_bias-5061,3,candidate,13,230.03310830769232,0.01624783396255225,13,1.0,2990.430408,True,
LOCAL-v1-q3-fixed_positive_bias-5062,3,candidate,16,209.704034875,0.015066459076479077,16,1.0,3355.264558,True,
LOCAL-v1-q3-fixed_positive_bias-5063,3,candidate,15,221.05912653333334,0.016318915993906558,15,1.0,3315.886898,True,
LOCAL-v1-q3-fixed_positive_bias-5064,3,candidate,13,228.3943803076923,0.008477874915115535,13,1.0,2969.126944,True,
LOCAL-v1-q3-fixed_positive_bias-5065,3,candidate,12,252.14108941666666,0.00958154199179262,12,1.0,3025.693073,True,
LOCAL-v1-q3-fixed_positive_bias-5066,3,candidate,10,265.2720545,0.014296832960098982,10,1.0,2652.720545,True,
LOCAL-v1-q3-fixed_positive_bias-5067,3,candidate,16,216.93266,0.024626541999168694,16,1.0,3470.92256,True,
LOCAL-v1-q3-fixed_positive_bias-5068,3,candidate,13,212.53383869230768,0.012933249934576452,13,1.0,2762.939903,True,
LOCAL-v1-q3-fixed_positive_bias-5069,3,candidate,14,225.30390742857142,0.018208959023468196,14,1.0,3154.254704,True,
LOCAL-v1-q3-fixed_positive_bias-5070,3,candidate,12,256.77484583333336,0.008811417035758495,12,1.0,3081.29815,True,
LOCAL-v1-q3-fixed_positive_bias-5071,3,candidate,12,266.81787983333334,0.007357291993685067,12,1.0,3201.814558,True,
LOCAL-v1-q3-fixed_positive_bias-5072,3,candidate,15,206.66822686666669,0.012417249963618815,15,1.0,3100.023403,True,
LOCAL-v1-q3-fixed_positive_bias-5073,3,candidate,10,266.4960269,0.007275958894751966,10,1.0,2664.960269,True,
LOCAL-v1-q3-fixed_positive_bias-5074,3,candidate,16,217.393082625,0.013724833028391004,16,1.0,3478.289322,True,
LOCAL-v1-q3-fixed_positive_bias-5075,3,candidate,15,205.4830329333333,0.012552917003631592,15,1.0,3082.245494,True,
LOCAL-v1-q3-fixed_positive_bias-5076,3,candidate,12,238.54483166666668,0.009780624997802079,12,1.0,2862.53798,True,
LOCAL-v1-q3-fixed_positive_bias-5077,3,candidate,14,238.50674685714284,0.012557583046145737,14,1.0,3339.094456,True,
LOCAL-v1-q3-fixed_positive_bias-5078,3,candidate,13,238.37478815384614,0.007620458956807852,13,1.0,3098.872246,True,
LOCAL-v1-q3-fixed_positive_bias-5079,3,candidate,10,297.3627833,0.006297625019215047,10,1.0,2973.627833,True,
LOCAL-v1-q3-fixed_positive_bias-5080,3,candidate,10,275.7461243,0.0074512920109555125,10,1.0,2757.461243,True,
LOCAL-v1-q3-fixed_positive_bias-5081,3,candidate,16,222.244975375,0.0170650000218302,16,1.0,3555.919606,True,
LOCAL-v1-q3-fixed_positive_bias-5082,3,candidate,13,224.07202269230768,0.010805582976900041,13,1.0,2912.936295,True,
LOCAL-v1-q3-fixed_positive_bias-5083,3,candidate,13,234.88481215384616,0.009977833018638194,13,1.0,3053.502558,True,
LOCAL-v1-q3-fixed_positive_bias-5084,3,candidate,14,249.7097027142857,0.0120897910092026,14,1.0,3495.935838,True,
LOCAL-v1-q3-fixed_positive_bias-5085,3,candidate,15,201.56532373333332,0.012526999926194549,15,1.0,3023.479856,True,
LOCAL-v1-q3-fixed_positive_bias-5086,3,candidate,12,268.96691358333334,0.009543041931465268,12,1.0,3227.602963,True,
LOCAL-v1-q3-fixed_positive_bias-5087,3,candidate,13,196.82989353846153,0.009560166043229401,13,1.0,2558.788616,True,
LOCAL-v1-q3-fixed_positive_bias-5088,3,candidate,16,193.3525585,0.012954083969816566,16,1.0,3093.640936,True,
LOCAL-v1-q3-fixed_positive_bias-5089,3,candidate,15,214.04962220000002,0.01140625006519258,15,1.0,3210.744333,True,
LOCAL-v1-q3-fixed_positive_bias-5090,3,candidate,14,235.52568642857142,0.014273833949118853,14,1.0,3297.35961,True,
LOCAL-v1-q3-fixed_positive_bias-5091,3,candidate,12,268.8656018333333,0.01073704194277525,12,1.0,3226.387222,True,
LOCAL-v1-q3-fixed_positive_bias-5092,3,candidate,11,233.19226600000002,0.010261249961331487,11,1.0,2565.114926,True,
LOCAL-v1-q3-fixed_positive_bias-5093,3,candidate,15,225.19358953333332,0.011236875085160136,15,1.0,3377.903843,True,
LOCAL-v1-q3-fixed_positive_bias-5094,3,candidate,11,272.5364506363636,0.007638374925591052,11,1.0,2997.900957,True,
LOCAL-v1-q3-fixed_positive_bias-5095,3,candidate,10,280.3694425,0.010978416888974607,10,1.0,2803.694425,True,
LOCAL-v1-q3-fixed_positive_bias-5096,3,candidate,14,223.70305535714286,0.009000916965305805,14,1.0,3131.842775,True,
LOCAL-v1-q3-fixed_positive_bias-5097,3,candidate,13,240.98278407692308,0.009464417002163827,13,1.0,3132.776193,True,
LOCAL-v1-q3-fixed_positive_bias-5098,3,candidate,16,198.1181169375,0.01306141703389585,16,1.0,3169.889871,True,
LOCAL-v1-q3-fixed_positive_bias-5099,3,candidate,13,227.0513113076923,0.01083275000564754,13,1.0,2951.667047,True,
LOCAL-v1-q3-fixed_negative_bias-5000,3,candidate,11,291.02228672727273,0.007859708042815328,11,1.0,3201.245154,True,
LOCAL-v1-q3-fixed_negative_bias-5001,3,candidate,14,236.83357592857143,0.014946624985896051,14,1.0,3315.670063,True,
LOCAL-v1-q3-fixed_negative_bias-5002,3,candidate,15,198.57134059999998,0.013052541995421052,15,1.0,2978.570109,True,
LOCAL-v1-q3-fixed_negative_bias-5003,3,candidate,11,246.7678659090909,0.009206832968629897,11,1.0,2714.446525,True,
LOCAL-v1-q3-fixed_negative_bias-5004,3,candidate,12,263.18105833333334,0.00711395894177258,12,1.0,3158.1727,True,
LOCAL-v1-q3-fixed_negative_bias-5005,3,candidate,11,267.1335516363636,0.005762291024439037,11,1.0,2938.469068,True,
LOCAL-v1-q3-fixed_negative_bias-5006,3,candidate,11,266.7453112727273,0.00814054103102535,11,1.0,2934.198424,True,
LOCAL-v1-q3-fixed_negative_bias-5007,3,candidate,11,269.28539281818183,0.006418416975066066,11,1.0,2962.139321,True,
LOCAL-v1-q3-fixed_negative_bias-5008,3,candidate,10,274.0552888,0.008991040987893939,10,1.0,2740.552888,True,
LOCAL-v1-q3-fixed_negative_bias-5009,3,candidate,14,212.04664,0.009881583042442799,14,1.0,2968.65296,True,
LOCAL-v1-q3-fixed_negative_bias-5010,3,candidate,12,220.07049066666664,0.008778915973380208,12,1.0,2640.845888,True,
LOCAL-v1-q3-fixed_negative_bias-5011,3,candidate,15,233.7814816,0.00916358397807926,15,1.0,3506.722224,True,
LOCAL-v1-q3-fixed_negative_bias-5012,3,candidate,10,295.3401688,0.005247333901934326,10,1.0,2953.401688,True,
LOCAL-v1-q3-fixed_negative_bias-5013,3,candidate,12,260.1067575,0.009507249924354255,12,1.0,3121.28109,True,
LOCAL-v1-q3-fixed_negative_bias-5014,3,candidate,11,255.41170727272728,0.008014458930119872,11,1.0,2809.52878,True,
LOCAL-v1-q3-fixed_negative_bias-5015,3,candidate,12,239.15251858333332,0.0123800840228796,12,1.0,2869.830223,True,
LOCAL-v1-q3-fixed_negative_bias-5016,3,candidate,16,198.25934175,0.014415374957025051,16,1.0,3172.149468,True,
LOCAL-v1-q3-fixed_negative_bias-5017,3,candidate,15,237.43051053333332,0.013172041974030435,15,1.0,3561.457658,True,
LOCAL-v1-q3-fixed_negative_bias-5018,3,candidate,10,305.8218505,0.009390708990395069,10,1.0,3058.218505,True,
LOCAL-v1-q3-fixed_negative_bias-5019,3,candidate,11,304.166155,0.006919541978277266,11,1.0,3345.827705,True,
LOCAL-v1-q3-fixed_negative_bias-5020,3,candidate,16,202.8884661875,0.016083833994343877,16,1.0,3246.215459,True,
LOCAL-v1-q3-fixed_negative_bias-5021,3,candidate,14,216.2814025,0.01206416601780802,14,1.0,3027.939635,True,
LOCAL-v1-q3-fixed_negative_bias-5022,3,candidate,14,210.79316342857143,0.011895542033016682,14,1.0,2951.104288,True,
LOCAL-v1-q3-fixed_negative_bias-5023,3,candidate,15,208.63456213333333,0.01336941693443805,15,1.0,3129.518432,True,
LOCAL-v1-q3-fixed_negative_bias-5024,3,candidate,13,250.66169407692308,0.011124500073492527,13,1.0,3258.602023,True,
LOCAL-v1-q3-fixed_negative_bias-5025,3,candidate,12,255.81088066666666,0.011352459085173905,12,1.0,3069.730568,True,
LOCAL-v1-q3-fixed_negative_bias-5026,3,candidate,15,213.94597246666666,0.007460374967195094,15,1.0,3209.189587,True,
LOCAL-v1-q3-fixed_negative_bias-5027,3,candidate,11,285.0070037272727,0.008576625026762486,11,1.0,3135.077041,True,
LOCAL-v1-q3-fixed_negative_bias-5028,3,candidate,10,289.2465264,0.006720791105180979,10,1.0,2892.465264,True,
LOCAL-v1-q3-fixed_negative_bias-5029,3,candidate,11,272.0181104545455,0.008300249930471182,11,1.0,2992.199215,True,
LOCAL-v1-q3-fixed_negative_bias-5030,3,candidate,12,219.53645591666668,0.00792945793364197,12,1.0,2634.437471,True,
LOCAL-v1-q3-fixed_negative_bias-5031,3,candidate,15,195.07428813333334,0.017372374888509512,15,1.0,2926.114322,True,
LOCAL-v1-q3-fixed_negative_bias-5032,3,candidate,11,286.2408863636364,0.008212042041122913,11,1.0,3148.64975,True,
LOCAL-v1-q3-fixed_negative_bias-5033,3,candidate,14,219.56346085714287,0.012895749998278916,14,1.0,3073.888452,True,
LOCAL-v1-q3-fixed_negative_bias-5034,3,candidate,16,179.3376855625,0.016362790949642658,16,1.0,2869.402969,True,
LOCAL-v1-q3-fixed_negative_bias-5035,3,candidate,10,306.06885900000003,0.005650792038068175,10,1.0,3060.68859,True,
LOCAL-v1-q3-fixed_negative_bias-5036,3,candidate,15,215.60190446666667,0.014828499988652766,15,1.0,3234.028567,True,
LOCAL-v1-q3-fixed_negative_bias-5037,3,candidate,15,209.56013993333332,0.011072458000853658,15,1.0,3143.402099,True,
LOCAL-v1-q3-fixed_negative_bias-5038,3,candidate,16,196.5568948125,0.01756145793478936,16,1.0,3144.910317,True,
LOCAL-v1-q3-fixed_negative_bias-5039,3,candidate,10,324.6902438,0.009351666085422039,10,1.0,3246.902438,True,
LOCAL-v1-q3-fixed_negative_bias-5040,3,candidate,15,231.1715401333333,0.012893083039671183,15,1.0,3467.573102,True,
LOCAL-v1-q3-fixed_negative_bias-5041,3,candidate,15,216.15656679999998,0.014373166020959616,15,1.0,3242.348502,True,
LOCAL-v1-q3-fixed_negative_bias-5042,3,candidate,11,280.5022597272727,0.006756167043931782,11,1.0,3085.524857,True,
LOCAL-v1-q3-fixed_negative_bias-5043,3,candidate,12,254.65296408333333,0.010828666971065104,12,1.0,3055.835569,True,
LOCAL-v1-q3-fixed_negative_bias-5044,3,candidate,11,284.1390229090909,0.007610291941091418,11,1.0,3125.529252,True,
LOCAL-v1-q3-fixed_negative_bias-5045,3,candidate,11,270.64121209090905,0.009113665902987123,11,1.0,2977.053333,True,
LOCAL-v1-q3-fixed_negative_bias-5046,3,candidate,10,268.074856,0.008228750084526837,10,1.0,2680.74856,True,
LOCAL-v1-q3-fixed_negative_bias-5047,3,candidate,16,203.6476231875,0.011948707979172468,16,1.0,3258.361971,True,
LOCAL-v1-q3-fixed_negative_bias-5048,3,candidate,12,254.61919233333333,0.010982042062096298,12,1.0,3055.430308,True,
LOCAL-v1-q3-fixed_negative_bias-5049,3,candidate,10,299.2520817,0.005856874980963767,10,1.0,2992.520817,True,
LOCAL-v1-q3-fixed_negative_bias-5050,3,candidate,15,226.96470146666667,0.013351208064705133,15,1.0,3404.470522,True,
LOCAL-v1-q3-fixed_negative_bias-5051,3,candidate,11,278.508987,0.007320334087125957,11,1.0,3063.598857,True,
LOCAL-v1-q3-fixed_negative_bias-5052,3,candidate,13,223.39717284615384,0.01007233397103846,13,1.0,2904.163247,True,
LOCAL-v1-q3-fixed_negative_bias-5053,3,candidate,16,223.0586111875,0.013265582965686917,16,1.0,3568.937779,True,
LOCAL-v1-q3-fixed_negative_bias-5054,3,candidate,16,223.2147565,0.016465542023070157,16,1.0,3571.436104,True,
LOCAL-v1-q3-fixed_negative_bias-5055,3,candidate,12,249.4195190833333,0.01082379196304828,12,1.0,2993.034229,True,
LOCAL-v1-q3-fixed_negative_bias-5056,3,candidate,13,244.04911146153847,0.01156458305194974,13,1.0,3172.638449,True,
LOCAL-v1-q3-fixed_negative_bias-5057,3,candidate,13,243.60087315384615,0.008197500021196902,13,1.0,3166.811351,True,
LOCAL-v1-q3-fixed_negative_bias-5058,3,candidate,14,216.15244171428571,0.010274583008140326,14,1.0,3026.134184,True,
LOCAL-v1-q3-fixed_negative_bias-5059,3,candidate,12,267.2664736666667,0.009892167057842016,12,1.0,3207.197684,True,
LOCAL-v1-q3-fixed_negative_bias-5060,3,candidate,11,252.98881381818182,0.009798250044696033,11,1.0,2782.876952,True,
LOCAL-v1-q3-fixed_negative_bias-5061,3,candidate,13,230.04769100000001,0.014626582968048751,13,1.0,2990.619983,True,
LOCAL-v1-q3-fixed_negative_bias-5062,3,candidate,16,207.266369375,0.011173166916705668,16,1.0,3316.26191,True,
LOCAL-v1-q3-fixed_negative_bias-5063,3,candidate,15,221.83530753333335,0.014453124953433871,15,1.0,3327.529613,True,
LOCAL-v1-q3-fixed_negative_bias-5064,3,candidate,13,231.231235,0.01118808297906071,13,1.0,3006.006055,True,
LOCAL-v1-q3-fixed_negative_bias-5065,3,candidate,12,262.1746273333333,0.010043333983048797,12,1.0,3146.095528,True,
LOCAL-v1-q3-fixed_negative_bias-5066,3,candidate,10,265.31024149999996,0.008305958006531,10,1.0,2653.102415,True,
LOCAL-v1-q3-fixed_negative_bias-5067,3,candidate,16,232.639578125,0.015387916937470436,16,1.0,3722.23325,True,
LOCAL-v1-q3-fixed_negative_bias-5068,3,candidate,13,212.6516673076923,0.01074695901479572,13,1.0,2764.471675,True,
LOCAL-v1-q3-fixed_negative_bias-5069,3,candidate,14,225.07809885714283,0.015339666977524757,14,1.0,3151.093384,True,
LOCAL-v1-q3-fixed_negative_bias-5070,3,candidate,12,260.35518658333336,0.007554957992397249,12,1.0,3124.262239,True,
LOCAL-v1-q3-fixed_negative_bias-5071,3,candidate,12,269.50314375,0.008230249979533255,12,1.0,3234.037725,True,
LOCAL-v1-q3-fixed_negative_bias-5072,3,candidate,15,197.36028806666667,0.014734874945133924,15,1.0,2960.404321,True,
LOCAL-v1-q3-fixed_negative_bias-5073,3,candidate,10,270.6588844,0.007647166959941387,10,1.0,2706.588844,True,
LOCAL-v1-q3-fixed_negative_bias-5074,3,candidate,16,218.3164469375,0.014038166962563992,16,1.0,3493.063151,True,
LOCAL-v1-q3-fixed_negative_bias-5075,3,candidate,15,207.51342226666665,0.014503582962788641,15,1.0,3112.701334,True,
LOCAL-v1-q3-fixed_negative_bias-5076,3,candidate,12,239.41326016666667,0.011656041955575347,12,1.0,2872.959122,True,
LOCAL-v1-q3-fixed_negative_bias-5077,3,candidate,14,222.27557535714286,0.01370908401440829,14,1.0,3111.858055,True,
LOCAL-v1-q3-fixed_negative_bias-5078,3,candidate,13,238.81670992307693,0.009277999983169138,13,1.0,3104.617229,True,
LOCAL-v1-q3-fixed_negative_bias-5079,3,candidate,10,299.77938869999997,0.007911292021162808,10,1.0,2997.793887,True,
LOCAL-v1-q3-fixed_negative_bias-5080,3,candidate,10,276.1616064,0.00991458399221301,10,1.0,2761.616064,True,
LOCAL-v1-q3-fixed_negative_bias-5081,3,candidate,16,213.34309775,0.02114550000987947,16,1.0,3413.489564,True,
LOCAL-v1-q3-fixed_negative_bias-5082,3,candidate,13,223.73127930769232,0.012204958009533584,13,1.0,2908.506631,True,
LOCAL-v1-q3-fixed_negative_bias-5083,3,candidate,13,238.03223515384616,0.01079054200090468,13,1.0,3094.419057,True,
LOCAL-v1-q3-fixed_negative_bias-5084,3,candidate,14,241.04895221428572,0.011795292026363313,14,1.0,3374.685331,True,
LOCAL-v1-q3-fixed_negative_bias-5085,3,candidate,15,201.0597038,0.014452749979682267,15,1.0,3015.895557,True,
LOCAL-v1-q3-fixed_negative_bias-5086,3,candidate,12,265.35547291666666,0.00844337500166148,12,1.0,3184.265675,True,
LOCAL-v1-q3-fixed_negative_bias-5087,3,candidate,13,217.34887846153848,0.011469125049188733,13,1.0,2825.53542,True,
LOCAL-v1-q3-fixed_negative_bias-5088,3,candidate,16,193.7434274375,0.013287249952554703,16,1.0,3099.894839,True,
LOCAL-v1-q3-fixed_negative_bias-5089,3,candidate,15,212.60248146666666,0.012584458920173347,15,1.0,3189.037222,True,
LOCAL-v1-q3-fixed_negative_bias-5090,3,candidate,14,231.16790257142858,0.01869829196948558,14,1.0,3236.350636,True,
LOCAL-v1-q3-fixed_negative_bias-5091,3,candidate,12,261.19066258333334,0.011853749980218709,12,1.0,3134.287951,True,
LOCAL-v1-q3-fixed_negative_bias-5092,3,candidate,11,241.07402209090907,0.010933166951872408,11,1.0,2651.814243,True,
LOCAL-v1-q3-fixed_negative_bias-5093,3,candidate,15,212.495532,0.010546916048042476,15,1.0,3187.43298,True,
LOCAL-v1-q3-fixed_negative_bias-5094,3,candidate,11,261.07529836363636,0.008382499916478992,11,1.0,2871.828282,True,
LOCAL-v1-q3-fixed_negative_bias-5095,3,candidate,10,280.6404745,0.01089987508021295,10,1.0,2806.404745,True,
LOCAL-v1-q3-fixed_negative_bias-5096,3,candidate,14,236.15307471428574,0.01288491697050631,14,1.0,3306.143046,True,
LOCAL-v1-q3-fixed_negative_bias-5097,3,candidate,13,245.82230323076922,0.011342208017595112,13,1.0,3195.689942,True,
LOCAL-v1-q3-fixed_negative_bias-5098,3,candidate,16,185.7587191875,0.016002750024199486,16,1.0,2972.139507,True,
LOCAL-v1-q3-fixed_negative_bias-5099,3,candidate,13,233.75601184615383,0.014042665949091315,13,1.0,3038.828154,True,
LOCAL-v1-q3-smooth_shared_field-5000,3,candidate,11,282.39391018181817,0.009445208008401096,11,1.0,3106.333012,True,
LOCAL-v1-q3-smooth_shared_field-5001,3,candidate,14,224.24204664285713,0.012706333072856069,14,1.0,3139.388653,True,
LOCAL-v1-q3-smooth_shared_field-5002,3,candidate,15,194.7607356,0.01152316597290337,15,1.0,2921.411034,True,
LOCAL-v1-q3-smooth_shared_field-5003,3,candidate,11,245.47107627272726,0.008826625067740679,11,1.0,2700.181839,True,
LOCAL-v1-q3-smooth_shared_field-5004,3,candidate,12,257.93296075,0.007868665968999267,12,1.0,3095.195529,True,
LOCAL-v1-q3-smooth_shared_field-5005,3,candidate,11,269.1932508181818,0.0064390420448035,11,1.0,2961.125759,True,
LOCAL-v1-q3-smooth_shared_field-5006,3,candidate,11,267.05161499999997,0.008701124927029014,11,1.0,2937.567765,True,
LOCAL-v1-q3-smooth_shared_field-5007,3,candidate,11,273.6692468181818,0.006844041985459626,11,1.0,3010.361715,True,
LOCAL-v1-q3-smooth_shared_field-5008,3,candidate,10,276.3490807,0.010452000075019896,10,1.0,2763.490807,True,
LOCAL-v1-q3-smooth_shared_field-5009,3,candidate,14,210.90061685714286,0.010879375040531158,14,1.0,2952.608636,True,
LOCAL-v1-q3-smooth_shared_field-5010,3,candidate,12,231.35661558333334,0.011037625023163855,12,1.0,2776.279387,True,
LOCAL-v1-q3-smooth_shared_field-5011,3,candidate,15,212.83702780000002,0.012219584081321955,15,1.0,3192.555417,True,
LOCAL-v1-q3-smooth_shared_field-5012,3,candidate,10,295.929569,0.0058837090618908405,10,1.0,2959.29569,True,
LOCAL-v1-q3-smooth_shared_field-5013,3,candidate,12,257.0278651666667,0.009848000016063452,12,1.0,3084.334382,True,
LOCAL-v1-q3-smooth_shared_field-5014,3,candidate,11,255.46842245454545,0.014099500025622547,11,1.0,2810.152647,True,
LOCAL-v1-q3-smooth_shared_field-5015,3,candidate,12,250.17181741666664,0.012684374931268394,12,1.0,3002.061809,True,
LOCAL-v1-q3-smooth_shared_field-5016,3,candidate,16,213.801534125,0.012290582992136478,16,1.0,3420.824546,True,
LOCAL-v1-q3-smooth_shared_field-5017,3,candidate,15,218.4127326,0.013398709008470178,15,1.0,3276.190989,True,
LOCAL-v1-q3-smooth_shared_field-5018,3,candidate,10,304.3917832,0.009341750061139464,10,1.0,3043.917832,True,
LOCAL-v1-q3-smooth_shared_field-5019,3,candidate,11,287.63735936363634,0.00860720791388303,11,1.0,3164.010953,True,
LOCAL-v1-q3-smooth_shared_field-5020,3,candidate,16,210.796432625,0.015327375032939017,16,1.0,3372.742922,True,
LOCAL-v1-q3-smooth_shared_field-5021,3,candidate,14,227.21069085714288,0.012200708035379648,14,1.0,3180.949672,True,
LOCAL-v1-q3-smooth_shared_field-5022,3,candidate,14,211.55940314285712,0.01394950004760176,14,1.0,2961.831644,True,
LOCAL-v1-q3-smooth_shared_field-5023,3,candidate,15,205.86372126666666,0.012984124943614006,15,1.0,3087.955819,True,
LOCAL-v1-q3-smooth_shared_field-5024,3,candidate,13,247.02132723076923,0.011744000017642975,13,1.0,3211.277254,True,
LOCAL-v1-q3-smooth_shared_field-5025,3,candidate,12,245.87592108333334,0.008855124935507774,12,1.0,2950.511053,True,
LOCAL-v1-q3-smooth_shared_field-5026,3,candidate,15,212.68826040000002,0.008112667012028396,15,1.0,3190.323906,True,
LOCAL-v1-q3-smooth_shared_field-5027,3,candidate,11,286.7485698181818,0.006246333010494709,11,1.0,3154.234268,True,
LOCAL-v1-q3-smooth_shared_field-5028,3,candidate,10,284.65032460000003,0.006767458049580455,10,1.0,2846.503246,True,
LOCAL-v1-q3-smooth_shared_field-5029,3,candidate,11,271.6701199090909,0.008303875103592873,11,1.0,2988.371319,True,
LOCAL-v1-q3-smooth_shared_field-5030,3,candidate,12,211.83668666666665,0.007443042006343603,12,1.0,2542.04024,True,
LOCAL-v1-q3-smooth_shared_field-5031,3,candidate,15,192.39858246666665,0.014759792014956474,15,1.0,2885.978737,True,
LOCAL-v1-q3-smooth_shared_field-5032,3,candidate,11,285.7985013636364,0.009087042068131268,11,1.0,3143.783515,True,
LOCAL-v1-q3-smooth_shared_field-5033,3,candidate,14,219.622444,0.012172540999017656,14,1.0,3074.714216,True,
LOCAL-v1-q3-smooth_shared_field-5034,3,candidate,16,177.1394326875,0.014877625042572618,16,1.0,2834.230923,True,
LOCAL-v1-q3-smooth_shared_field-5035,3,candidate,10,298.59028939999996,0.007077208021655679,10,1.0,2985.902894,True,
LOCAL-v1-q3-smooth_shared_field-5036,3,candidate,15,215.89414040000003,0.014526917017064989,15,1.0,3238.412106,True,
LOCAL-v1-q3-smooth_shared_field-5037,3,candidate,15,211.303893,0.011304207961075008,15,1.0,3169.558395,True,
LOCAL-v1-q3-smooth_shared_field-5038,3,candidate,16,193.772798375,0.01653975003864616,16,1.0,3100.364774,True,
LOCAL-v1-q3-smooth_shared_field-5039,3,candidate,10,326.0971673,0.009439292014576495,10,1.0,3260.971673,True,
LOCAL-v1-q3-smooth_shared_field-5040,3,candidate,15,203.91836793333331,0.013245875015854836,15,1.0,3058.775519,True,
LOCAL-v1-q3-smooth_shared_field-5041,3,candidate,15,214.12477013333333,0.013555833022110164,15,1.0,3211.871552,True,
LOCAL-v1-q3-smooth_shared_field-5042,3,candidate,11,279.80099081818184,0.007032291032373905,11,1.0,3077.810899,True,
LOCAL-v1-q3-smooth_shared_field-5043,3,candidate,12,252.3108905,0.009395208093337715,12,1.0,3027.730686,True,
LOCAL-v1-q3-smooth_shared_field-5044,3,candidate,11,281.427015,0.007164500071667135,11,1.0,3095.697165,True,
LOCAL-v1-q3-smooth_shared_field-5045,3,candidate,11,265.60572181818185,0.00930074998177588,11,1.0,2921.66294,True,
LOCAL-v1-q3-smooth_shared_field-5046,3,candidate,10,275.0220894,0.007419249974191189,10,1.0,2750.220894,True,
LOCAL-v1-q3-smooth_shared_field-5047,3,candidate,16,201.219818125,0.01180529105477035,16,1.0,3219.51709,True,
LOCAL-v1-q3-smooth_shared_field-5048,3,candidate,12,251.015592,0.008371999952942133,12,1.0,3012.187104,True,
LOCAL-v1-q3-smooth_shared_field-5049,3,candidate,10,306.73115939999997,0.007537540979683399,10,1.0,3067.311594,True,
LOCAL-v1-q3-smooth_shared_field-5050,3,candidate,15,225.74542813333335,0.011412166990339756,15,1.0,3386.181422,True,
LOCAL-v1-q3-smooth_shared_field-5051,3,candidate,11,280.4453459090909,0.007821625098586082,11,1.0,3084.898805,True,
LOCAL-v1-q3-smooth_shared_field-5052,3,candidate,13,224.45342069230767,0.010730625013820827,13,1.0,2917.894469,True,
LOCAL-v1-q3-smooth_shared_field-5053,3,candidate,16,221.5065416875,0.013205667026340961,16,1.0,3544.104667,True,
LOCAL-v1-q3-smooth_shared_field-5054,3,candidate,16,222.7466315,0.012394624995067716,16,1.0,3563.946104,True,
LOCAL-v1-q3-smooth_shared_field-5055,3,candidate,12,252.68580116666666,0.009834542055614293,12,1.0,3032.229614,True,
LOCAL-v1-q3-smooth_shared_field-5056,3,candidate,13,252.8968153076923,0.01033254200592637,13,1.0,3287.658599,True,
LOCAL-v1-q3-smooth_shared_field-5057,3,candidate,13,246.82368992307693,0.008278249995782971,13,1.0,3208.707969,True,
LOCAL-v1-q3-smooth_shared_field-5058,3,candidate,14,215.1467802857143,0.008795207948423922,14,1.0,3012.054924,True,
LOCAL-v1-q3-smooth_shared_field-5059,3,candidate,12,270.2858915,0.008934249985031784,12,1.0,3243.430698,True,
LOCAL-v1-q3-smooth_shared_field-5060,3,candidate,11,254.57846745454546,0.009245791006833315,11,1.0,2800.363142,True,
LOCAL-v1-q3-smooth_shared_field-5061,3,candidate,13,229.8657436923077,0.012203499907627702,13,1.0,2988.254668,True,
LOCAL-v1-q3-smooth_shared_field-5062,3,candidate,16,208.969440625,0.010812334017828107,16,1.0,3343.51105,True,
LOCAL-v1-q3-smooth_shared_field-5063,3,candidate,15,221.8941144,0.01283341704402119,15,1.0,3328.411716,True,
LOCAL-v1-q3-smooth_shared_field-5064,3,candidate,13,234.86346861538462,0.009751000092364848,13,1.0,3053.225092,True,
LOCAL-v1-q3-smooth_shared_field-5065,3,candidate,12,262.93651141666663,0.009677874972112477,12,1.0,3155.238137,True,
LOCAL-v1-q3-smooth_shared_field-5066,3,candidate,10,269.8560799,0.011515917023643851,10,1.0,2698.560799,True,
LOCAL-v1-q3-smooth_shared_field-5067,3,candidate,16,215.3716451875,0.013971874956041574,16,1.0,3445.946323,True,
LOCAL-v1-q3-smooth_shared_field-5068,3,candidate,13,211.25977615384616,0.009304624982178211,13,1.0,2746.37709,True,
LOCAL-v1-q3-smooth_shared_field-5069,3,candidate,14,228.184446,0.012645957991480827,14,1.0,3194.582244,True,
LOCAL-v1-q3-smooth_shared_field-5070,3,candidate,12,261.1603255833333,0.00839425006415695,12,1.0,3133.923907,True,
LOCAL-v1-q3-smooth_shared_field-5071,3,candidate,12,267.22503025,0.007977999979630113,12,1.0,3206.700363,True,
LOCAL-v1-q3-smooth_shared_field-5072,3,candidate,15,195.46123746666666,0.012916957959532738,15,1.0,2931.918562,True,
LOCAL-v1-q3-smooth_shared_field-5073,3,candidate,10,266.32315359999996,0.007402957999147475,10,1.0,2663.231536,True,
LOCAL-v1-q3-smooth_shared_field-5074,3,candidate,16,218.9121423125,0.014530249987728894,16,1.0,3502.594277,True,
LOCAL-v1-q3-smooth_shared_field-5075,3,candidate,15,204.13643666666667,0.012290833983570337,15,1.0,3062.04655,True,
LOCAL-v1-q3-smooth_shared_field-5076,3,candidate,12,237.28481724999997,0.008979332982562482,12,1.0,2847.417807,True,
LOCAL-v1-q3-smooth_shared_field-5077,3,candidate,14,238.56868342857143,0.00988933292683214,14,1.0,3339.961568,True,
LOCAL-v1-q3-smooth_shared_field-5078,3,candidate,13,237.3056356153846,0.006923708016984165,13,1.0,3084.973263,True,
LOCAL-v1-q3-smooth_shared_field-5079,3,candidate,10,296.1292185,0.005592082976363599,10,1.0,2961.292185,True,
LOCAL-v1-q3-smooth_shared_field-5080,3,candidate,10,279.940424,0.007897791918367147,10,1.0,2799.40424,True,
LOCAL-v1-q3-smooth_shared_field-5081,3,candidate,16,226.300882,0.020893291919492185,16,1.0,3620.814112,True,
LOCAL-v1-q3-smooth_shared_field-5082,3,candidate,13,222.42343676923076,0.009481124929152429,13,1.0,2891.504678,True,
LOCAL-v1-q3-smooth_shared_field-5083,3,candidate,13,237.89177953846155,0.008827249985188246,13,1.0,3092.593134,True,
LOCAL-v1-q3-smooth_shared_field-5084,3,candidate,14,236.5632217142857,0.010345624992623925,14,1.0,3311.885104,True,
LOCAL-v1-q3-smooth_shared_field-5085,3,candidate,15,199.07044966666666,0.013054542010650039,15,1.0,2986.056745,True,
LOCAL-v1-q3-smooth_shared_field-5086,3,candidate,12,266.2306791666667,0.00808187504298985,12,1.0,3194.76815,True,
LOCAL-v1-q3-smooth_shared_field-5087,3,candidate,13,216.6476446153846,0.009515457903034985,13,1.0,2816.41938,True,
LOCAL-v1-q3-smooth_shared_field-5088,3,candidate,16,193.861279625,0.012145209009759128,16,1.0,3101.780474,True,
LOCAL-v1-q3-smooth_shared_field-5089,3,candidate,15,212.20882833333332,0.011424417025409639,15,1.0,3183.132425,True,
LOCAL-v1-q3-smooth_shared_field-5090,3,candidate,14,228.62514057142857,0.014123665983788669,14,1.0,3200.751968,True,
LOCAL-v1-q3-smooth_shared_field-5091,3,candidate,12,259.39845383333335,0.01144625002052635,12,1.0,3112.781446,True,
LOCAL-v1-q3-smooth_shared_field-5092,3,candidate,11,240.61956681818182,0.010278624948114157,11,1.0,2646.815235,True,
LOCAL-v1-q3-smooth_shared_field-5093,3,candidate,15,228.24373313333334,0.011207749950699508,15,1.0,3423.655997,True,
LOCAL-v1-q3-smooth_shared_field-5094,3,candidate,11,262.52569890909086,0.008245041943155229,11,1.0,2887.782688,True,
LOCAL-v1-q3-smooth_shared_field-5095,3,candidate,10,290.5704213,0.00845404202118516,10,1.0,2905.704213,True,
LOCAL-v1-q3-smooth_shared_field-5096,3,candidate,14,236.4474725,0.011133083957247436,14,1.0,3310.264615,True,
LOCAL-v1-q3-smooth_shared_field-5097,3,candidate,13,257.40184946153846,0.012310791993513703,13,1.0,3346.224043,True,
LOCAL-v1-q3-smooth_shared_field-5098,3,candidate,16,189.3902576875,0.014015166903845966,16,1.0,3030.244123,True,
LOCAL-v1-q3-smooth_shared_field-5099,3,candidate,13,225.48829969230772,0.011404459015466273,13,1.0,2931.347896,True,
LOCAL-v1-q3-cell50_shared_field-5000,3,candidate,11,295.6290512727273,0.00806466699577868,11,1.0,3251.919564,True,
LOCAL-v1-q3-cell50_shared_field-5001,3,candidate,14,233.1251734285714,0.012671415926888585,14,1.0,3263.752428,True,
LOCAL-v1-q3-cell50_shared_field-5002,3,candidate,15,198.63455246666666,0.010886875097639859,15,1.0,2979.518287,True,
LOCAL-v1-q3-cell50_shared_field-5003,3,candidate,11,260.20100745454545,0.008480207994580269,11,1.0,2862.211082,True,
LOCAL-v1-q3-cell50_shared_field-5004,3,candidate,12,258.3537758333333,0.008230792009271681,12,1.0,3100.24531,True,
LOCAL-v1-q3-cell50_shared_field-5005,3,candidate,11,271.4383337272727,0.006645207991823554,11,1.0,2985.821671,True,
LOCAL-v1-q3-cell50_shared_field-5006,3,candidate,11,267.3405512727273,0.008319958113133907,11,1.0,2940.746064,True,
LOCAL-v1-q3-cell50_shared_field-5007,3,candidate,11,269.8597972727273,0.005771209020167589,11,1.0,2968.45777,True,
LOCAL-v1-q3-cell50_shared_field-5008,3,candidate,10,272.8625485,0.00843354209791869,10,1.0,2728.625485,True,
LOCAL-v1-q3-cell50_shared_field-5009,3,candidate,14,213.92647749999998,0.00937758304644376,14,1.0,2994.970685,True,
LOCAL-v1-q3-cell50_shared_field-5010,3,candidate,12,231.45216633333334,0.010608582990244031,12,1.0,2777.425996,True,
LOCAL-v1-q3-cell50_shared_field-5011,3,candidate,15,236.52400799999998,0.010746625019237399,15,1.0,3547.86012,True,
LOCAL-v1-q3-cell50_shared_field-5012,3,candidate,10,302.00733959999997,0.005234666983596981,10,1.0,3020.073396,True,
LOCAL-v1-q3-cell50_shared_field-5013,3,candidate,12,261.7866218333333,0.00873100000899285,12,1.0,3141.439462,True,
LOCAL-v1-q3-cell50_shared_field-5014,3,candidate,11,256.03765272727276,0.011203749920241535,11,1.0,2816.41418,True,
LOCAL-v1-q3-cell50_shared_field-5015,3,candidate,12,258.07394700000003,0.010777874966152012,12,1.0,3096.887364,True,
LOCAL-v1-q3-cell50_shared_field-5016,3,candidate,16,199.552099375,0.013315791031345725,16,1.0,3192.83359,True,
LOCAL-v1-q3-cell50_shared_field-5017,3,candidate,15,223.74865873333334,0.01163558301050216,15,1.0,3356.229881,True,
LOCAL-v1-q3-cell50_shared_field-5018,3,candidate,10,307.0345825,0.007952249958179891,10,1.0,3070.345825,True,
LOCAL-v1-q3-cell50_shared_field-5019,3,candidate,11,286.4370323636363,0.007387499907054007,11,1.0,3150.807356,True,
LOCAL-v1-q3-cell50_shared_field-5020,3,candidate,16,224.3820121875,0.012322832946665585,16,1.0,3590.112195,True,
LOCAL-v1-q3-cell50_shared_field-5021,3,candidate,14,232.93568135714284,0.017738208058290184,14,1.0,3261.099539,True,
LOCAL-v1-q3-cell50_shared_field-5022,3,candidate,14,211.1617715,0.01179445895832032,14,1.0,2956.264801,True,
LOCAL-v1-q3-cell50_shared_field-5023,3,candidate,15,219.23687280000001,0.011285999906249344,15,1.0,3288.553092,True,
LOCAL-v1-q3-cell50_shared_field-5024,3,candidate,13,251.45311446153846,0.011543333996087313,13,1.0,3268.890488,True,
LOCAL-v1-q3-cell50_shared_field-5025,3,candidate,12,242.083581,0.008118208032101393,12,1.0,2905.002972,True,
LOCAL-v1-q3-cell50_shared_field-5026,3,candidate,15,220.08390773333335,0.00798433308955282,15,1.0,3301.258616,True,
LOCAL-v1-q3-cell50_shared_field-5027,3,candidate,11,291.9146479090909,0.006260833004489541,11,1.0,3211.061127,True,
LOCAL-v1-q3-cell50_shared_field-5028,3,candidate,10,294.43800580000004,0.0072257909923791885,10,1.0,2944.380058,True,
LOCAL-v1-q3-cell50_shared_field-5029,3,candidate,11,271.9347299090909,0.00798104191198945,11,1.0,2991.282029,True,
LOCAL-v1-q3-cell50_shared_field-5030,3,candidate,12,218.84644933333334,0.00734312494751066,12,1.0,2626.157392,True,
LOCAL-v1-q3-cell50_shared_field-5031,3,candidate,15,209.13187586666666,0.014353499980643392,15,1.0,3136.978138,True,
LOCAL-v1-q3-cell50_shared_field-5032,3,candidate,11,286.01706181818184,0.0077737499959766865,11,1.0,3146.18768,True,
LOCAL-v1-q3-cell50_shared_field-5033,3,candidate,14,222.69401285714284,0.009549582959152758,14,1.0,3117.71618,True,
LOCAL-v1-q3-cell50_shared_field-5034,3,candidate,16,179.8347588125,0.014445999986492097,16,1.0,2877.356141,True,
LOCAL-v1-q3-cell50_shared_field-5035,3,candidate,10,309.2585936,0.0054977500112727284,10,1.0,3092.585936,True,
LOCAL-v1-q3-cell50_shared_field-5036,3,candidate,15,215.6350978,0.013477750006131828,15,1.0,3234.526467,True,
LOCAL-v1-q3-cell50_shared_field-5037,3,candidate,15,212.29144906666667,0.01108787499833852,15,1.0,3184.371736,True,
LOCAL-v1-q3-cell50_shared_field-5038,3,candidate,16,194.88624025,0.01597004197537899,16,1.0,3118.179844,True,
LOCAL-v1-q3-cell50_shared_field-5039,3,candidate,10,334.5056467,0.006258832989260554,10,1.0,3345.056467,True,
LOCAL-v1-q3-cell50_shared_field-5040,3,candidate,15,225.55552913333335,0.012083375011570752,15,1.0,3383.332937,True,
LOCAL-v1-q3-cell50_shared_field-5041,3,candidate,15,214.88119939999999,0.01395766600035131,15,1.0,3223.217991,True,
LOCAL-v1-q3-cell50_shared_field-5042,3,candidate,11,276.06140536363637,0.00662520807236433,11,1.0,3036.675459,True,
LOCAL-v1-q3-cell50_shared_field-5043,3,candidate,12,257.9063571666667,0.008755834074690938,12,1.0,3094.876286,True,
LOCAL-v1-q3-cell50_shared_field-5044,3,candidate,11,266.15853363636364,0.006533625070005655,11,1.0,2927.74387,True,
LOCAL-v1-q3-cell50_shared_field-5045,3,candidate,11,269.7634719090909,0.007626082981005311,11,1.0,2967.398191,True,
LOCAL-v1-q3-cell50_shared_field-5046,3,candidate,10,268.4707856,0.007157833082601428,10,1.0,2684.707856,True,
LOCAL-v1-q3-cell50_shared_field-5047,3,candidate,16,206.7855503125,0.010766874998807907,16,1.0,3308.568805,True,
LOCAL-v1-q3-cell50_shared_field-5048,3,candidate,12,250.97580191666668,0.01038837491068989,12,1.0,3011.709623,True,
LOCAL-v1-q3-cell50_shared_field-5049,3,candidate,10,299.9557611,0.00678091705776751,10,1.0,2999.557611,True,
LOCAL-v1-q3-cell50_shared_field-5050,3,candidate,15,228.06223366666666,0.009274834068492055,15,1.0,3420.933505,True,
LOCAL-v1-q3-cell50_shared_field-5051,3,candidate,11,287.92552454545455,0.006181208998896182,11,1.0,3167.18077,True,
LOCAL-v1-q3-cell50_shared_field-5052,3,candidate,13,227.49456192307693,0.008843834046274424,13,1.0,2957.429305,True,
LOCAL-v1-q3-cell50_shared_field-5053,3,candidate,16,223.5937050625,0.011907082982361317,16,1.0,3577.499281,True,
LOCAL-v1-q3-cell50_shared_field-5054,3,candidate,16,236.4220245,0.013320500031113625,16,1.0,3782.752392,True,
LOCAL-v1-q3-cell50_shared_field-5055,3,candidate,12,257.06709033333334,0.00883666705340147,12,1.0,3084.805084,True,
LOCAL-v1-q3-cell50_shared_field-5056,3,candidate,13,249.45382723076924,0.00940129195805639,13,1.0,3242.899754,True,
LOCAL-v1-q3-cell50_shared_field-5057,3,candidate,13,243.805402,0.006662999978289008,13,1.0,3169.470226,True,
LOCAL-v1-q3-cell50_shared_field-5058,3,candidate,14,214.2604282857143,0.008655249956063926,14,1.0,2999.645996,True,
LOCAL-v1-q3-cell50_shared_field-5059,3,candidate,12,267.7566595833333,0.008319124928675592,12,1.0,3213.079915,True,
LOCAL-v1-q3-cell50_shared_field-5060,3,candidate,11,254.0239612727273,0.009079959010705352,11,1.0,2794.263574,True,
LOCAL-v1-q3-cell50_shared_field-5061,3,candidate,13,230.83525061538464,0.011279667029157281,13,1.0,3000.858258,True,
LOCAL-v1-q3-cell50_shared_field-5062,3,candidate,16,208.7699838125,0.010385458008386195,16,1.0,3340.319741,True,
LOCAL-v1-q3-cell50_shared_field-5063,3,candidate,15,223.08575119999998,0.013547083013691008,15,1.0,3346.286268,True,
LOCAL-v1-q3-cell50_shared_field-5064,3,candidate,13,226.13477223076922,0.009057417046278715,13,1.0,2939.752039,True,
LOCAL-v1-q3-cell50_shared_field-5065,3,candidate,12,259.51039941666664,0.009783915942534804,12,1.0,3114.124793,True,
LOCAL-v1-q3-cell50_shared_field-5066,3,candidate,10,267.6985368,0.008726082975044847,10,1.0,2676.985368,True,
LOCAL-v1-q3-cell50_shared_field-5067,3,candidate,16,208.291480125,0.0141954580321908,16,1.0,3332.663682,True,
LOCAL-v1-q3-cell50_shared_field-5068,3,candidate,13,211.66984346153848,0.009156582993455231,13,1.0,2751.707965,True,
LOCAL-v1-q3-cell50_shared_field-5069,3,candidate,14,222.66393835714285,0.012922624940983951,14,1.0,3117.295137,True,
LOCAL-v1-q3-cell50_shared_field-5070,3,candidate,12,267.54416025,0.007806250010617077,12,1.0,3210.529923,True,
LOCAL-v1-q3-cell50_shared_field-5071,3,candidate,12,269.529824,0.007485250011086464,12,1.0,3234.357888,True,
LOCAL-v1-q3-cell50_shared_field-5072,3,candidate,15,199.90999086666667,0.013695333967916667,15,1.0,2998.649863,True,
LOCAL-v1-q3-cell50_shared_field-5073,3,candidate,10,268.55686529999997,0.006808875012211502,10,1.0,2685.568653,True,
LOCAL-v1-q3-cell50_shared_field-5074,3,candidate,16,219.607634125,0.01335033297073096,16,1.0,3513.722146,True,
LOCAL-v1-q3-cell50_shared_field-5075,3,candidate,15,203.8220166,0.011642166995443404,15,1.0,3057.330249,True,
LOCAL-v1-q3-cell50_shared_field-5076,3,candidate,12,256.877297,0.009273166069760919,12,1.0,3082.527564,True,
LOCAL-v1-q3-cell50_shared_field-5077,3,candidate,14,236.57029064285715,0.011779375025071204,14,1.0,3311.984069,True,
LOCAL-v1-q3-cell50_shared_field-5078,3,candidate,13,249.19489223076923,0.010803833021782339,13,1.0,3239.533599,True,
LOCAL-v1-q3-cell50_shared_field-5079,3,candidate,10,294.3382787,0.00514849997125566,10,1.0,2943.382787,True,
LOCAL-v1-q3-cell50_shared_field-5080,3,candidate,10,280.3985252,0.007657332927919924,10,1.0,2803.985252,True,
LOCAL-v1-q3-cell50_shared_field-5081,3,candidate,16,224.191763125,0.018016458954662085,16,1.0,3587.06821,True,
LOCAL-v1-q3-cell50_shared_field-5082,3,candidate,13,221.11744546153844,0.006981541053391993,13,1.0,2874.526791,True,
LOCAL-v1-q3-cell50_shared_field-5083,3,candidate,13,235.2620873076923,0.008805250050500035,13,1.0,3058.407135,True,
LOCAL-v1-q3-cell50_shared_field-5084,3,candidate,14,243.82505407142858,0.009560624952428043,14,1.0,3413.550757,True,
LOCAL-v1-q3-cell50_shared_field-5085,3,candidate,15,198.7703504,0.011675374931655824,15,1.0,2981.555256,True,
LOCAL-v1-q3-cell50_shared_field-5086,3,candidate,12,261.7650215,0.00720258301589638,12,1.0,3141.180258,True,
LOCAL-v1-q3-cell50_shared_field-5087,3,candidate,13,203.17277076923077,0.009755541919730604,13,1.0,2641.24602,True,
LOCAL-v1-q3-cell50_shared_field-5088,3,candidate,16,193.67532275,0.011609875014983118,16,1.0,3098.805164,True,
LOCAL-v1-q3-cell50_shared_field-5089,3,candidate,15,209.99567960000002,0.010599417029879987,15,1.0,3149.935194,True,
LOCAL-v1-q3-cell50_shared_field-5090,3,candidate,14,239.8177597857143,0.01523320795968175,14,1.0,3357.448637,True,
LOCAL-v1-q3-cell50_shared_field-5091,3,candidate,12,258.85581275,0.01196945901028812,12,1.0,3106.269753,True,
LOCAL-v1-q3-cell50_shared_field-5092,3,candidate,11,238.3200296363636,0.009129624930210412,11,1.0,2621.520326,True,
LOCAL-v1-q3-cell50_shared_field-5093,3,candidate,15,225.0431770666667,0.010179916978813708,15,1.0,3375.647656,True,
LOCAL-v1-q3-cell50_shared_field-5094,3,candidate,11,256.99779954545454,0.0065059170592576265,11,1.0,2826.975795,True,
LOCAL-v1-q3-cell50_shared_field-5095,3,candidate,10,289.72353880000003,0.008490958018228412,10,1.0,2897.235388,True,
LOCAL-v1-q3-cell50_shared_field-5096,3,candidate,14,222.29094742857143,0.012031916994601488,14,1.0,3112.073264,True,
LOCAL-v1-q3-cell50_shared_field-5097,3,candidate,13,245.02985223076922,0.012541875010356307,13,1.0,3185.388079,True,
LOCAL-v1-q3-cell50_shared_field-5098,3,candidate,16,185.8984294375,0.04980987496674061,16,1.0,2974.374871,True,
LOCAL-v1-q3-cell50_shared_field-5099,3,candidate,13,224.75833661538462,0.010609458899125457,13,1.0,2921.858376,True,
LOCAL-v1-q3-cell500_shared_field-5000,3,candidate,11,295.26751490909095,0.0076475420501083136,11,1.0,3247.942664,True,
LOCAL-v1-q3-cell500_shared_field-5001,3,candidate,14,231.83843271428572,0.01268537505529821,14,1.0,3245.738058,True,
LOCAL-v1-q3-cell500_shared_field-5002,3,candidate,15,192.315541,0.011221250053495169,15,1.0,2884.733115,True,
LOCAL-v1-q3-cell500_shared_field-5003,3,candidate,11,256.31277145454544,0.008637292077764869,11,1.0,2819.440486,True,
LOCAL-v1-q3-cell500_shared_field-5004,3,candidate,12,256.42031025,0.007050542044453323,12,1.0,3077.043723,True,
LOCAL-v1-q3-cell500_shared_field-5005,3,candidate,11,272.1792623636363,0.006099625024944544,11,1.0,2993.971886,True,
LOCAL-v1-q3-cell500_shared_field-5006,3,candidate,11,262.73628236363635,0.00775133294519037,11,1.0,2890.099106,True,
LOCAL-v1-q3-cell500_shared_field-5007,3,candidate,11,269.07126872727275,0.006398874917067587,11,1.0,2959.783956,True,
LOCAL-v1-q3-cell500_shared_field-5008,3,candidate,10,273.8463433,0.008440791978500783,10,1.0,2738.463433,True,
LOCAL-v1-q3-cell500_shared_field-5009,3,candidate,14,210.86930149999998,0.008998041041195393,14,1.0,2952.170221,True,
LOCAL-v1-q3-cell500_shared_field-5010,3,candidate,12,231.57869916666667,0.0108314169337973,12,1.0,2778.94439,True,
LOCAL-v1-q3-cell500_shared_field-5011,3,candidate,15,231.62225726666665,0.010828500031493604,15,1.0,3474.333859,True,
LOCAL-v1-q3-cell500_shared_field-5012,3,candidate,10,295.2290555,0.004945208900608122,10,1.0,2952.290555,True,
LOCAL-v1-q3-cell500_shared_field-5013,3,candidate,12,256.7945695,0.008376665995456278,12,1.0,3081.534834,True,
LOCAL-v1-q3-cell500_shared_field-5014,3,candidate,11,253.44360781818185,0.011784582980908453,11,1.0,2787.879686,True,
LOCAL-v1-q3-cell500_shared_field-5015,3,candidate,12,263.20956774999996,0.011316167074255645,12,1.0,3158.514813,True,
LOCAL-v1-q3-cell500_shared_field-5016,3,candidate,16,197.022440375,0.013271417003124952,16,1.0,3152.359046,True,
LOCAL-v1-q3-cell500_shared_field-5017,3,candidate,15,223.3576139333333,0.011080334079451859,15,1.0,3350.364209,True,
LOCAL-v1-q3-cell500_shared_field-5018,3,candidate,10,303.2465962,0.007867124979384243,10,1.0,3032.465962,True,
LOCAL-v1-q3-cell500_shared_field-5019,3,candidate,11,287.1515122727273,0.008634249912574887,11,1.0,3158.666635,True,
LOCAL-v1-q3-cell500_shared_field-5020,3,candidate,16,226.5130844375,0.01286650006659329,16,1.0,3624.209351,True,
LOCAL-v1-q3-cell500_shared_field-5021,3,candidate,14,234.9730942142857,0.01292345894034952,14,1.0,3289.623319,True,
LOCAL-v1-q3-cell500_shared_field-5022,3,candidate,14,211.33553414285714,0.012498666997998953,14,1.0,2958.697478,True,
LOCAL-v1-q3-cell500_shared_field-5023,3,candidate,15,213.2553352,0.011202583089470863,15,1.0,3198.830028,True,
LOCAL-v1-q3-cell500_shared_field-5024,3,candidate,13,252.959231,0.011330915964208543,13,1.0,3288.470003,True,
LOCAL-v1-q3-cell500_shared_field-5025,3,candidate,12,239.60684758333332,0.010499333031475544,12,1.0,2875.282171,True,
LOCAL-v1-q3-cell500_shared_field-5026,3,candidate,15,214.3240188,0.007027499959804118,15,1.0,3214.860282,True,
LOCAL-v1-q3-cell500_shared_field-5027,3,candidate,11,289.4273391818182,0.0061484999023377895,11,1.0,3183.700731,True,
LOCAL-v1-q3-cell500_shared_field-5028,3,candidate,10,286.515114,0.0064269580179825425,10,1.0,2865.15114,True,
LOCAL-v1-q3-cell500_shared_field-5029,3,candidate,11,273.3829730909091,0.0075312500121071935,11,1.0,3007.212704,True,
LOCAL-v1-q3-cell500_shared_field-5030,3,candidate,12,218.0339125,0.006942957988940179,12,1.0,2616.40695,True,
LOCAL-v1-q3-cell500_shared_field-5031,3,candidate,15,211.39799126666668,0.015163042000494897,15,1.0,3170.969869,True,
LOCAL-v1-q3-cell500_shared_field-5032,3,candidate,11,293.009951,0.00926845904905349,11,1.0,3223.109461,True,
LOCAL-v1-q3-cell500_shared_field-5033,3,candidate,14,217.46340792857146,0.01004341698717326,14,1.0,3044.487711,True,
LOCAL-v1-q3-cell500_shared_field-5034,3,candidate,16,177.8817653125,0.013886332977563143,16,1.0,2846.108245,True,
LOCAL-v1-q3-cell500_shared_field-5035,3,candidate,10,309.2790533,0.00576500000897795,10,1.0,3092.790533,True,
LOCAL-v1-q3-cell500_shared_field-5036,3,candidate,15,219.07350373333333,0.014610833954066038,15,1.0,3286.102556,True,
LOCAL-v1-q3-cell500_shared_field-5037,3,candidate,15,212.3540566,0.01029024994932115,15,1.0,3185.310849,True,
LOCAL-v1-q3-cell500_shared_field-5038,3,candidate,16,193.7760530625,0.014707624912261963,16,1.0,3100.416849,True,
LOCAL-v1-q3-cell500_shared_field-5039,3,candidate,10,332.8797164,0.00812579202465713,10,1.0,3328.797164,True,
LOCAL-v1-q3-cell500_shared_field-5040,3,candidate,15,223.23533893333334,0.01244249998126179,15,1.0,3348.530084,True,
LOCAL-v1-q3-cell500_shared_field-5041,3,candidate,15,214.42499313333334,0.0141427080379799,15,1.0,3216.374897,True,
LOCAL-v1-q3-cell500_shared_field-5042,3,candidate,11,273.1597055454545,0.006836915970779955,11,1.0,3004.756761,True,
LOCAL-v1-q3-cell500_shared_field-5043,3,candidate,12,257.2598586666667,0.009376749978400767,12,1.0,3087.118304,True,
LOCAL-v1-q3-cell500_shared_field-5044,3,candidate,11,269.07651118181815,0.007591792033053935,11,1.0,2959.841623,True,
LOCAL-v1-q3-cell500_shared_field-5045,3,candidate,11,272.0699370909091,0.00849995797034353,11,1.0,2992.769308,True,
LOCAL-v1-q3-cell500_shared_field-5046,3,candidate,10,270.6224663,0.006644958048127592,10,1.0,2706.224663,True,
LOCAL-v1-q3-cell500_shared_field-5047,3,candidate,16,201.741927125,0.010466375038959086,16,1.0,3227.870834,True,
LOCAL-v1-q3-cell500_shared_field-5048,3,candidate,12,251.04811825000002,0.010442708968184888,12,1.0,3012.577419,True,
LOCAL-v1-q3-cell500_shared_field-5049,3,candidate,10,292.7563822,0.00475912494584918,10,1.0,2927.563822,True,
LOCAL-v1-q3-cell500_shared_field-5050,3,candidate,15,230.54507826666668,0.011871917056851089,15,1.0,3458.176174,True,
LOCAL-v1-q3-cell500_shared_field-5051,3,candidate,11,286.5215845454546,0.005771125084720552,11,1.0,3151.73743,True,
LOCAL-v1-q3-cell500_shared_field-5052,3,candidate,13,225.54707253846152,0.008859999943524599,13,1.0,2932.111943,True,
LOCAL-v1-q3-cell500_shared_field-5053,3,candidate,16,225.1734785625,0.011966375051997602,16,1.0,3602.775657,True,
LOCAL-v1-q3-cell500_shared_field-5054,3,candidate,16,235.9819801875,0.01462870801333338,16,1.0,3775.711683,True,
LOCAL-v1-q3-cell500_shared_field-5055,3,candidate,12,250.4379245,0.008872667094692588,12,1.0,3005.255094,True,
LOCAL-v1-q3-cell500_shared_field-5056,3,candidate,13,253.367298,0.009428000077605247,13,1.0,3293.774874,True,
LOCAL-v1-q3-cell500_shared_field-5057,3,candidate,13,245.3249303076923,0.009034125017933547,13,1.0,3189.224094,True,
LOCAL-v1-q3-cell500_shared_field-5058,3,candidate,14,222.1809867142857,0.00934445799794048,14,1.0,3110.533814,True,
LOCAL-v1-q3-cell500_shared_field-5059,3,candidate,12,271.1561824166667,0.007871125009842217,12,1.0,3253.874189,True,
LOCAL-v1-q3-cell500_shared_field-5060,3,candidate,11,252.63595045454548,0.008521834039129317,11,1.0,2778.995455,True,
LOCAL-v1-q3-cell500_shared_field-5061,3,candidate,13,230.41919000000001,0.011542332940734923,13,1.0,2995.44947,True,
LOCAL-v1-q3-cell500_shared_field-5062,3,candidate,16,208.2979445625,0.010583000024780631,16,1.0,3332.767113,True,
LOCAL-v1-q3-cell500_shared_field-5063,3,candidate,15,221.9918706,0.01258191594388336,15,1.0,3329.878059,True,
LOCAL-v1-q3-cell500_shared_field-5064,3,candidate,13,226.72059815384617,0.009081333060748875,13,1.0,2947.367776,True,
LOCAL-v1-q3-cell500_shared_field-5065,3,candidate,12,261.30965733333335,0.010021958965808153,12,1.0,3135.715888,True,
LOCAL-v1-q3-cell500_shared_field-5066,3,candidate,10,264.6272172,0.00915137492120266,10,1.0,2646.272172,True,
LOCAL-v1-q3-cell500_shared_field-5067,3,candidate,16,212.1228589375,0.014781167032197118,16,1.0,3393.965743,True,
LOCAL-v1-q3-cell500_shared_field-5068,3,candidate,13,212.78293023076924,0.009383833035826683,13,1.0,2766.178093,True,
LOCAL-v1-q3-cell500_shared_field-5069,3,candidate,14,223.99457942857143,0.012880625086836517,14,1.0,3135.924112,True,
LOCAL-v1-q3-cell500_shared_field-5070,3,candidate,12,264.30023566666665,0.008349457988515496,12,1.0,3171.602828,True,
LOCAL-v1-q3-cell500_shared_field-5071,3,candidate,12,268.3865465833333,0.007303709047846496,12,1.0,3220.638559,True,
LOCAL-v1-q3-cell500_shared_field-5072,3,candidate,15,198.38459573333333,0.01700016704853624,15,1.0,2975.768936,True,
LOCAL-v1-q3-cell500_shared_field-5073,3,candidate,10,272.6638438,0.007993334089405835,10,1.0,2726.638438,True,
LOCAL-v1-q3-cell500_shared_field-5074,3,candidate,16,218.7457171875,0.01299274992197752,16,1.0,3499.931475,True,
LOCAL-v1-q3-cell500_shared_field-5075,3,candidate,15,204.84416359999997,0.012689832947216928,15,1.0,3072.662454,True,
LOCAL-v1-q3-cell500_shared_field-5076,3,candidate,12,256.56637025000003,0.00925033399835229,12,1.0,3078.796443,True,
LOCAL-v1-q3-cell500_shared_field-5077,3,candidate,14,229.50459535714285,0.01120308309327811,14,1.0,3213.064335,True,
LOCAL-v1-q3-cell500_shared_field-5078,3,candidate,13,248.62194807692308,0.010988667025230825,13,1.0,3232.085325,True,
LOCAL-v1-q3-cell500_shared_field-5079,3,candidate,10,290.6571895,0.005341624957509339,10,1.0,2906.571895,True,
LOCAL-v1-q3-cell500_shared_field-5080,3,candidate,10,275.66882169999997,0.007407582947053015,10,1.0,2756.688217,True,
LOCAL-v1-q3-cell500_shared_field-5081,3,candidate,16,221.1634926875,0.013817958999425173,16,1.0,3538.615883,True,
LOCAL-v1-q3-cell500_shared_field-5082,3,candidate,13,222.02967753846153,0.007856708019971848,13,1.0,2886.385808,True,
LOCAL-v1-q3-cell500_shared_field-5083,3,candidate,13,237.9772349230769,0.009551750030368567,13,1.0,3093.704054,True,
LOCAL-v1-q3-cell500_shared_field-5084,3,candidate,14,249.14273314285714,0.01036920805927366,14,1.0,3487.998264,True,
LOCAL-v1-q3-cell500_shared_field-5085,3,candidate,15,204.38775373333334,0.013149042031727731,15,1.0,3065.816306,True,
LOCAL-v1-q3-cell500_shared_field-5086,3,candidate,12,264.91959883333334,0.008292999933473766,12,1.0,3179.035186,True,
LOCAL-v1-q3-cell500_shared_field-5087,3,candidate,13,196.25146353846154,0.008682875079102814,13,1.0,2551.269026,True,
LOCAL-v1-q3-cell500_shared_field-5088,3,candidate,16,192.758853875,0.011506459093652666,16,1.0,3084.141662,True,
LOCAL-v1-q3-cell500_shared_field-5089,3,candidate,15,212.914374,0.011029791901819408,15,1.0,3193.71561,True,
LOCAL-v1-q3-cell500_shared_field-5090,3,candidate,14,236.58481485714285,0.012892166967503726,14,1.0,3312.187408,True,
LOCAL-v1-q3-cell500_shared_field-5091,3,candidate,12,262.2565025833333,0.011781957931816578,12,1.0,3147.078031,True,
LOCAL-v1-q3-cell500_shared_field-5092,3,candidate,11,238.8269420909091,0.008409208036027849,11,1.0,2627.096363,True,
LOCAL-v1-q3-cell500_shared_field-5093,3,candidate,15,226.4105172666667,0.011294957948848605,15,1.0,3396.157759,True,
LOCAL-v1-q3-cell500_shared_field-5094,3,candidate,11,261.496461,0.006480374955572188,11,1.0,2876.461071,True,
LOCAL-v1-q3-cell500_shared_field-5095,3,candidate,10,287.58325030000003,0.007575458963401616,10,1.0,2875.832503,True,
LOCAL-v1-q3-cell500_shared_field-5096,3,candidate,14,224.2118687857143,0.010264292010106146,14,1.0,3138.966163,True,
LOCAL-v1-q3-cell500_shared_field-5097,3,candidate,13,242.9750586153846,0.010144250001758337,13,1.0,3158.675762,True,
LOCAL-v1-q3-cell500_shared_field-5098,3,candidate,16,185.055412125,0.01333220792002976,16,1.0,2960.886594,True,
LOCAL-v1-q3-cell500_shared_field-5099,3,candidate,13,229.10686661538463,0.010781708057038486,13,1.0,2978.389266,True,
LOCAL-v1-q3-edge_mixed_min_radius-5000,3,candidate,11,326.23235227272727,0.005556332995183766,11,1.0,3588.555875,True,
LOCAL-v1-q3-edge_mixed_min_radius-5001,3,candidate,14,248.60793228571427,0.00955491594504565,14,1.0,3480.511052,True,
LOCAL-v1-q3-edge_mixed_min_radius-5002,3,candidate,15,272.85557086666665,0.012587291072122753,15,1.0,4092.833563,True,
LOCAL-v1-q3-edge_mixed_min_radius-5003,3,candidate,11,325.93496427272726,0.006427792017348111,11,1.0,3585.284607,True,
LOCAL-v1-q3-edge_mixed_min_radius-5004,3,candidate,12,285.55229325,0.005870250053703785,12,1.0,3426.627519,True,
LOCAL-v1-q3-edge_mixed_min_radius-5005,3,candidate,11,349.64251490909095,0.006118084071204066,11,1.0,3846.067664,True,
LOCAL-v1-q3-edge_mixed_min_radius-5006,3,candidate,11,300.72234163636364,0.010519417002797127,11,1.0,3307.945758,True,
LOCAL-v1-q3-edge_mixed_min_radius-5007,3,candidate,11,303.7577217272727,0.006177083007059991,11,1.0,3341.334939,True,
LOCAL-v1-q3-edge_mixed_min_radius-5008,3,candidate,10,375.1605581,0.007983374991454184,10,1.0,3751.605581,True,
LOCAL-v1-q3-edge_mixed_min_radius-5009,3,candidate,14,253.53131228571428,0.009126750053837895,14,1.0,3549.438372,True,
LOCAL-v1-q3-edge_mixed_min_radius-5010,3,candidate,12,298.8203835,0.0069633329985663295,12,1.0,3585.844602,True,
LOCAL-v1-q3-edge_mixed_min_radius-5011,3,candidate,15,251.5080832,0.011764833005145192,15,1.0,3772.621248,True,
LOCAL-v1-q3-edge_mixed_min_radius-5012,3,candidate,10,315.6479936,0.005551415961235762,10,1.0,3156.479936,True,
LOCAL-v1-q3-edge_mixed_min_radius-5013,3,candidate,12,312.2315026666667,0.007682624971494079,12,1.0,3746.778032,True,
LOCAL-v1-q3-edge_mixed_min_radius-5014,3,candidate,11,326.8075829090909,0.005932500003837049,11,1.0,3594.883412,True,
LOCAL-v1-q3-edge_mixed_min_radius-5015,3,candidate,12,283.3097359166667,0.009277999983169138,12,1.0,3399.716831,True,
LOCAL-v1-q3-edge_mixed_min_radius-5016,3,candidate,16,248.9478053125,0.010154583025723696,16,1.0,3983.164885,True,
LOCAL-v1-q3-edge_mixed_min_radius-5017,3,candidate,15,268.91089566666665,0.010608916985802352,15,1.0,4033.663435,True,
LOCAL-v1-q3-edge_mixed_min_radius-5018,3,candidate,10,322.9786616,0.005639874958433211,10,1.0,3229.786616,True,
LOCAL-v1-q3-edge_mixed_min_radius-5019,3,candidate,11,289.41463600000003,0.005108500015921891,11,1.0,3183.560996,True,
LOCAL-v1-q3-edge_mixed_min_radius-5020,3,candidate,16,205.8943673125,0.009327624924480915,16,1.0,3294.309877,True,
LOCAL-v1-q3-edge_mixed_min_radius-5021,3,candidate,14,251.4764072142857,0.008841625065542758,14,1.0,3520.669701,True,
LOCAL-v1-q3-edge_mixed_min_radius-5022,3,candidate,14,268.0702377857143,0.008615040918812156,14,1.0,3752.983329,True,
LOCAL-v1-q3-edge_mixed_min_radius-5023,3,candidate,15,242.089742,0.013997333007864654,15,1.0,3631.34613,True,
LOCAL-v1-q3-edge_mixed_min_radius-5024,3,candidate,13,275.71619992307694,0.00835045799612999,13,1.0,3584.310599,True,
LOCAL-v1-q3-edge_mixed_min_radius-5025,3,candidate,12,318.95938416666667,0.004801749950274825,12,1.0,3827.51261,True,
LOCAL-v1-q3-edge_mixed_min_radius-5026,3,candidate,15,249.22663633333335,0.008009582990780473,15,1.0,3738.399545,True,
LOCAL-v1-q3-edge_mixed_min_radius-5027,3,candidate,11,323.216519,0.005986791918985546,11,1.0,3555.381709,True,
LOCAL-v1-q3-edge_mixed_min_radius-5028,3,candidate,10,331.76930430000004,0.006018666084855795,10,1.0,3317.693043,True,
LOCAL-v1-q3-edge_mixed_min_radius-5029,3,candidate,11,319.3566779090909,0.006978249992243946,11,1.0,3512.923457,True,
LOCAL-v1-q3-edge_mixed_min_radius-5030,3,candidate,12,290.86094641666665,0.007043584017083049,12,1.0,3490.331357,True,
LOCAL-v1-q3-edge_mixed_min_radius-5031,3,candidate,15,249.04389773333332,0.00956874992698431,15,1.0,3735.658466,True,
LOCAL-v1-q3-edge_mixed_min_radius-5032,3,candidate,11,307.40935081818185,0.0047015000600367785,11,1.0,3381.502859,True,
LOCAL-v1-q3-edge_mixed_min_radius-5033,3,candidate,14,260.79675542857143,0.010465416009537876,14,1.0,3651.154576,True,
LOCAL-v1-q3-edge_mixed_min_radius-5034,3,candidate,16,242.082075375,0.012494541006162763,16,1.0,3873.313206,True,
LOCAL-v1-q3-edge_mixed_min_radius-5035,3,candidate,10,322.0606297,0.007994207902811468,10,1.0,3220.606297,True,
LOCAL-v1-q3-edge_mixed_min_radius-5036,3,candidate,15,262.96526993333333,0.012894833111204207,15,1.0,3944.479049,True,
LOCAL-v1-q3-edge_mixed_min_radius-5037,3,candidate,15,249.91970533333333,0.008359916973859072,15,1.0,3748.79558,True,
LOCAL-v1-q3-edge_mixed_min_radius-5038,3,candidate,16,254.437229125,0.01138504093978554,16,1.0,4070.995666,True,
LOCAL-v1-q3-edge_mixed_min_radius-5039,3,candidate,10,347.4234516,0.007618041010573506,10,1.0,3474.234516,True,
LOCAL-v1-q3-edge_mixed_min_radius-5040,3,candidate,15,235.85977486666667,0.007969832979142666,15,1.0,3537.896623,True,
LOCAL-v1-q3-edge_mixed_min_radius-5041,3,candidate,15,237.0337316,0.013123375014401972,15,1.0,3555.505974,True,
LOCAL-v1-q3-edge_mixed_min_radius-5042,3,candidate,11,336.1521243636364,0.006553458049893379,11,1.0,3697.673368,True,
LOCAL-v1-q3-edge_mixed_min_radius-5043,3,candidate,12,310.1607156666667,0.00512812496162951,12,1.0,3721.928588,True,
LOCAL-v1-q3-edge_mixed_min_radius-5044,3,candidate,11,310.4854936363636,0.007542916922830045,11,1.0,3415.34043,True,
LOCAL-v1-q3-edge_mixed_min_radius-5045,3,candidate,11,303.8946521818182,0.00959666701965034,11,1.0,3342.841174,True,
LOCAL-v1-q3-edge_mixed_min_radius-5046,3,candidate,10,318.52097480000003,0.004419583012349904,10,1.0,3185.209748,True,
LOCAL-v1-q3-edge_mixed_min_radius-5047,3,candidate,16,241.9853671875,0.011042291997000575,16,1.0,3871.765875,True,
LOCAL-v1-q3-edge_mixed_min_radius-5048,3,candidate,12,312.17616983333335,0.00629620801191777,12,1.0,3746.114038,True,
LOCAL-v1-q3-edge_mixed_min_radius-5049,3,candidate,10,365.6822551,0.00704645796213299,10,1.0,3656.822551,True,
LOCAL-v1-q3-edge_mixed_min_radius-5050,3,candidate,15,229.0191442,0.01288245792966336,15,1.0,3435.287163,True,
LOCAL-v1-q3-edge_mixed_min_radius-5051,3,candidate,11,345.1244447272727,0.00704816693905741,11,1.0,3796.368892,True,
LOCAL-v1-q3-edge_mixed_min_radius-5052,3,candidate,13,272.79785,0.007592584006488323,13,1.0,3546.37205,True,
LOCAL-v1-q3-edge_mixed_min_radius-5053,3,candidate,16,220.1449900625,0.013209083932451904,16,1.0,3522.319841,True,
LOCAL-v1-q3-edge_mixed_min_radius-5054,3,candidate,16,206.478757375,0.009408583049662411,16,1.0,3303.660118,True,
LOCAL-v1-q3-edge_mixed_min_radius-5055,3,candidate,12,272.10945341666667,0.00895883294288069,12,1.0,3265.313441,True,
LOCAL-v1-q3-edge_mixed_min_radius-5056,3,candidate,13,247.87086946153846,0.0060584580060094595,13,1.0,3222.321303,True,
LOCAL-v1-q3-edge_mixed_min_radius-5057,3,candidate,13,276.2558460769231,0.011352957924827933,13,1.0,3591.325999,True,
LOCAL-v1-q3-edge_mixed_min_radius-5058,3,candidate,14,267.14987028571426,0.009281541919335723,14,1.0,3740.098184,True,
LOCAL-v1-q3-edge_mixed_min_radius-5059,3,candidate,12,294.65499700000004,0.008669083006680012,12,1.0,3535.859964,True,
LOCAL-v1-q3-edge_mixed_min_radius-5060,3,candidate,11,345.5379708181818,0.006111582973971963,11,1.0,3800.917679,True,
LOCAL-v1-q3-edge_mixed_min_radius-5061,3,candidate,13,282.62004084615387,0.007745084003545344,13,1.0,3674.060531,True,
LOCAL-v1-q3-edge_mixed_min_radius-5062,3,candidate,16,219.1770319375,0.011915541952475905,16,1.0,3506.832511,True,
LOCAL-v1-q3-edge_mixed_min_radius-5063,3,candidate,15,257.21431939999997,0.007850792026147246,15,1.0,3858.214791,True,
LOCAL-v1-q3-edge_mixed_min_radius-5064,3,candidate,13,260.60978253846156,0.007635292015038431,13,1.0,3387.927173,True,
LOCAL-v1-q3-edge_mixed_min_radius-5065,3,candidate,12,286.82826125,0.007036334020085633,12,1.0,3441.939135,True,
LOCAL-v1-q3-edge_mixed_min_radius-5066,3,candidate,10,361.6386645,0.010356583050452173,10,1.0,3616.386645,True,
LOCAL-v1-q3-edge_mixed_min_radius-5067,3,candidate,16,244.219766625,0.009593249997124076,16,1.0,3907.516266,True,
LOCAL-v1-q3-edge_mixed_min_radius-5068,3,candidate,13,269.058815,0.00538929202593863,13,1.0,3497.764595,True,
LOCAL-v1-q3-edge_mixed_min_radius-5069,3,candidate,14,248.70471442857144,0.008694167016074061,14,1.0,3481.866002,True,
LOCAL-v1-q3-edge_mixed_min_radius-5070,3,candidate,12,274.51078316666667,0.006712250062264502,12,1.0,3294.129398,True,
LOCAL-v1-q3-edge_mixed_min_radius-5071,3,candidate,12,304.39187250000003,0.008381332969292998,12,1.0,3652.70247,True,
LOCAL-v1-q3-edge_mixed_min_radius-5072,3,candidate,15,250.40203473333335,0.00707454199437052,15,1.0,3756.030521,True,
LOCAL-v1-q3-edge_mixed_min_radius-5073,3,candidate,10,330.99676209999996,0.0042721659410744905,10,1.0,3309.967621,True,
LOCAL-v1-q3-edge_mixed_min_radius-5074,3,candidate,16,261.489737875,0.010892334044910967,16,1.0,4183.835806,True,
LOCAL-v1-q3-edge_mixed_min_radius-5075,3,candidate,15,221.58710913333334,0.009133915998972952,15,1.0,3323.806637,True,
LOCAL-v1-q3-edge_mixed_min_radius-5076,3,candidate,12,285.72201325,0.006057500024326146,12,1.0,3428.664159,True,
LOCAL-v1-q3-edge_mixed_min_radius-5077,3,candidate,14,256.4621582142857,0.008487041923217475,14,1.0,3590.470215,True,
LOCAL-v1-q3-edge_mixed_min_radius-5078,3,candidate,13,276.4684283076923,0.007129958015866578,13,1.0,3594.089568,True,
LOCAL-v1-q3-edge_mixed_min_radius-5079,3,candidate,10,370.2003638,0.004863250069320202,10,1.0,3702.003638,True,
LOCAL-v1-q3-edge_mixed_min_radius-5080,3,candidate,10,346.6448949,0.005094124935567379,10,1.0,3466.448949,True,
LOCAL-v1-q3-edge_mixed_min_radius-5081,3,candidate,16,250.35779575,0.010244250064715743,16,1.0,4005.724732,True,
LOCAL-v1-q3-edge_mixed_min_radius-5082,3,candidate,13,276.7627684615385,0.009650834021158516,13,1.0,3597.91599,True,
LOCAL-v1-q3-edge_mixed_min_radius-5083,3,candidate,13,284.51655476923077,0.011886458029039204,13,1.0,3698.715212,True,
LOCAL-v1-q3-edge_mixed_min_radius-5084,3,candidate,14,247.5370577857143,0.015381584060378373,14,1.0,3465.518809,True,
LOCAL-v1-q3-edge_mixed_min_radius-5085,3,candidate,15,251.101923,0.013605667045339942,15,1.0,3766.528845,True,
LOCAL-v1-q3-edge_mixed_min_radius-5086,3,candidate,12,271.91468875,0.006826417054980993,12,1.0,3262.976265,True,
LOCAL-v1-q3-edge_mixed_min_radius-5087,3,candidate,13,286.2661319230769,0.009348833002150059,13,1.0,3721.459715,True,
LOCAL-v1-q3-edge_mixed_min_radius-5088,3,candidate,16,225.274357875,0.011480332934297621,16,1.0,3604.389726,True,
LOCAL-v1-q3-edge_mixed_min_radius-5089,3,candidate,15,242.51957713333334,0.009314666967839003,15,1.0,3637.793657,True,
LOCAL-v1-q3-edge_mixed_min_radius-5090,3,candidate,14,257.5843827857143,0.007706125034019351,14,1.0,3606.181359,True,
LOCAL-v1-q3-edge_mixed_min_radius-5091,3,candidate,12,276.95982941666665,0.008395000011660159,12,1.0,3323.517953,True,
LOCAL-v1-q3-edge_mixed_min_radius-5092,3,candidate,11,314.4250590909091,0.01287799992132932,11,1.0,3458.67565,True,
LOCAL-v1-q3-edge_mixed_min_radius-5093,3,candidate,15,250.7946524,0.010863167000934482,15,1.0,3761.919786,True,
LOCAL-v1-q3-edge_mixed_min_radius-5094,3,candidate,11,313.6037703636364,0.007620500051416457,11,1.0,3449.641474,True,
LOCAL-v1-q3-edge_mixed_min_radius-5095,3,candidate,10,348.3402013,0.006749083986505866,10,1.0,3483.402013,True,
LOCAL-v1-q3-edge_mixed_min_radius-5096,3,candidate,14,263.93640571428574,0.008076042053289711,14,1.0,3695.10968,True,
LOCAL-v1-q3-edge_mixed_min_radius-5097,3,candidate,13,250.8763286153846,0.00884616607800126,13,1.0,3261.392272,True,
LOCAL-v1-q3-edge_mixed_min_radius-5098,3,candidate,16,210.840115375,0.019997999886982143,16,1.0,3373.441846,True,
LOCAL-v1-q3-edge_mixed_min_radius-5099,3,candidate,13,249.99703892307693,0.006451291963458061,13,1.0,3249.961506,True,
LOCAL-v1-q3-offcenter_cluster-5000,3,candidate,11,217.70715336363637,0.006153875030577183,11,1.0,2394.778687,True,
LOCAL-v1-q3-offcenter_cluster-5001,3,candidate,14,191.0634275,0.00818295800127089,14,1.0,2674.887985,True,
LOCAL-v1-q3-offcenter_cluster-5002,3,candidate,15,149.2491326,0.007562582963146269,15,1.0,2238.736989,True,
LOCAL-v1-q3-offcenter_cluster-5003,3,candidate,11,212.199704,0.005606291000731289,11,1.0,2334.196744,True,
LOCAL-v1-q3-offcenter_cluster-5004,3,candidate,12,202.59217291666667,0.006658999947831035,12,1.0,2431.106075,True,
LOCAL-v1-q3-offcenter_cluster-5005,3,candidate,11,201.66739490909092,0.006073915981687605,11,1.0,2218.341344,True,
LOCAL-v1-q3-offcenter_cluster-5006,3,candidate,11,207.939544,0.005174958030693233,11,1.0,2287.334984,True,
LOCAL-v1-q3-offcenter_cluster-5007,3,candidate,11,206.14100454545454,0.005221290979534388,11,1.0,2267.55105,True,
LOCAL-v1-q3-offcenter_cluster-5008,3,candidate,10,215.59956040000003,0.005452041979879141,10,1.0,2155.995604,True,
LOCAL-v1-q3-offcenter_cluster-5009,3,candidate,14,160.1488682857143,0.00746695906855166,14,1.0,2242.084156,True,
LOCAL-v1-q3-offcenter_cluster-5010,3,candidate,12,190.04263058333333,0.00689187494572252,12,1.0,2280.511567,True,
LOCAL-v1-q3-offcenter_cluster-5011,3,candidate,15,187.76597973333335,0.0072630830109119415,15,1.0,2816.489696,True,
LOCAL-v1-q3-offcenter_cluster-5012,3,candidate,10,233.9081053,0.005003000027500093,10,1.0,2339.081053,True,
LOCAL-v1-q3-offcenter_cluster-5013,3,candidate,12,181.7886445833333,0.007565791020169854,12,1.0,2181.463735,True,
LOCAL-v1-q3-offcenter_cluster-5014,3,candidate,11,234.18876172727275,0.00557412498164922,11,1.0,2576.076379,True,
LOCAL-v1-q3-offcenter_cluster-5015,3,candidate,12,176.58304066666668,0.0068974579917266965,12,1.0,2118.996488,True,
LOCAL-v1-q3-offcenter_cluster-5016,3,candidate,16,60.18311725,0.008512416039593518,16,1.0,962.929876,True,
LOCAL-v1-q3-offcenter_cluster-5017,3,candidate,15,163.54277466666665,0.009302542079240084,15,1.0,2453.14162,True,
LOCAL-v1-q3-offcenter_cluster-5018,3,candidate,10,230.61625229999999,0.004752665990963578,10,1.0,2306.162523,True,
LOCAL-v1-q3-offcenter_cluster-5019,3,candidate,11,264.30564463636364,0.005505042034201324,11,1.0,2907.362091,True,
LOCAL-v1-q3-offcenter_cluster-5020,3,candidate,16,62.1015058125,0.006914791068993509,16,1.0,993.624093,True,
LOCAL-v1-q3-offcenter_cluster-5021,3,candidate,14,207.26399614285714,0.008353707962669432,14,1.0,2901.695946,True,
LOCAL-v1-q3-offcenter_cluster-5022,3,candidate,14,162.45298457142857,0.008203000063076615,14,1.0,2274.341784,True,
LOCAL-v1-q3-offcenter_cluster-5023,3,candidate,15,167.15236326666667,0.00846987497061491,15,1.0,2507.285449,True,
LOCAL-v1-q3-offcenter_cluster-5024,3,candidate,13,201.36955230769232,0.007244208944030106,13,1.0,2617.80418,True,
LOCAL-v1-q3-offcenter_cluster-5025,3,candidate,12,184.42028625,0.007239500060677528,12,1.0,2213.043435,True,
LOCAL-v1-q3-offcenter_cluster-5026,3,candidate,15,150.29843459999998,0.008665167028084397,15,1.0,2254.476519,True,
LOCAL-v1-q3-offcenter_cluster-5027,3,candidate,11,208.81398054545454,0.005719500011764467,11,1.0,2296.953786,True,
LOCAL-v1-q3-offcenter_cluster-5028,3,candidate,10,213.0903686,0.005524124950170517,10,1.0,2130.903686,True,
LOCAL-v1-q3-offcenter_cluster-5029,3,candidate,11,207.48409327272728,0.0047207080060616136,11,1.0,2282.325026,True,
LOCAL-v1-q3-offcenter_cluster-5030,3,candidate,12,215.96348108333333,0.005948624922893941,12,1.0,2591.561773,True,
LOCAL-v1-q3-offcenter_cluster-5031,3,candidate,15,182.201324,0.00659879099112004,15,1.0,2733.01986,True,
LOCAL-v1-q3-offcenter_cluster-5032,3,candidate,11,212.49353054545455,0.006776000023819506,11,1.0,2337.428836,True,
LOCAL-v1-q3-offcenter_cluster-5033,3,candidate,14,160.48400028571427,0.007119625108316541,14,1.0,2246.776004,True,
LOCAL-v1-q3-offcenter_cluster-5034,3,candidate,16,61.8575164375,0.007590166991576552,16,1.0,989.720263,True,
LOCAL-v1-q3-offcenter_cluster-5035,3,candidate,10,225.47505569999998,0.00422474998049438,10,1.0,2254.750557,True,
LOCAL-v1-q3-offcenter_cluster-5036,3,candidate,15,150.45417873333332,0.007951334002427757,15,1.0,2256.812681,True,
LOCAL-v1-q3-offcenter_cluster-5037,3,candidate,15,172.66852226666666,0.009293250041082501,15,1.0,2590.027834,True,
LOCAL-v1-q3-offcenter_cluster-5038,3,candidate,16,63.039691,0.006775250076316297,16,1.0,1008.635056,True,
LOCAL-v1-q3-offcenter_cluster-5039,3,candidate,10,226.6889911,0.00450999999884516,10,1.0,2266.889911,True,
LOCAL-v1-q3-offcenter_cluster-5040,3,candidate,15,163.86684766666667,0.00830912496894598,15,1.0,2458.002715,True,
LOCAL-v1-q3-offcenter_cluster-5041,3,candidate,15,142.12040613333332,0.01004320802167058,15,1.0,2131.806092,True,
LOCAL-v1-q3-offcenter_cluster-5042,3,candidate,11,207.48932299999998,0.005248042056336999,11,1.0,2282.382553,True,
LOCAL-v1-q3-offcenter_cluster-5043,3,candidate,12,187.40506716666667,0.006054125027731061,12,1.0,2248.860806,True,
LOCAL-v1-q3-offcenter_cluster-5044,3,candidate,11,249.7405622727273,0.006119125057011843,11,1.0,2747.146185,True,
LOCAL-v1-q3-offcenter_cluster-5045,3,candidate,11,264.969232,0.00602150009945035,11,1.0,2914.661552,True,
LOCAL-v1-q3-offcenter_cluster-5046,3,candidate,10,277.1448285,0.00438833306543529,10,1.0,2771.448285,True,
LOCAL-v1-q3-offcenter_cluster-5047,3,candidate,16,122.47388925,0.008901749970391393,16,1.0,1959.582228,True,
LOCAL-v1-q3-offcenter_cluster-5048,3,candidate,12,244.5799185,0.005769041017629206,12,1.0,2934.959022,True,
LOCAL-v1-q3-offcenter_cluster-5049,3,candidate,10,214.1859923,0.007526749977841973,10,1.0,2141.859923,True,
LOCAL-v1-q3-offcenter_cluster-5050,3,candidate,15,151.73704993333334,0.008214417030103505,15,1.0,2276.055749,True,
LOCAL-v1-q3-offcenter_cluster-5051,3,candidate,11,209.99231027272728,0.004871833021752536,11,1.0,2309.915413,True,
LOCAL-v1-q3-offcenter_cluster-5052,3,candidate,13,205.95939553846154,0.006905750022269785,13,1.0,2677.472142,True,
LOCAL-v1-q3-offcenter_cluster-5053,3,candidate,16,121.128185125,0.009552999981679022,16,1.0,1938.050962,True,
LOCAL-v1-q3-offcenter_cluster-5054,3,candidate,16,63.523537625,0.008073457982391119,16,1.0,1016.376602,True,
LOCAL-v1-q3-offcenter_cluster-5055,3,candidate,12,188.66290725,0.00564495800063014,12,1.0,2263.954887,True,
LOCAL-v1-q3-offcenter_cluster-5056,3,candidate,13,168.3290613846154,0.006904291920363903,13,1.0,2188.277798,True,
LOCAL-v1-q3-offcenter_cluster-5057,3,candidate,13,161.36472038461537,0.008371041971258819,13,1.0,2097.741365,True,
LOCAL-v1-q3-offcenter_cluster-5058,3,candidate,14,217.84485171428574,0.006288417032919824,14,1.0,3049.827924,True,
LOCAL-v1-q3-offcenter_cluster-5059,3,candidate,12,243.30503591666664,0.007856166921555996,12,1.0,2919.660431,True,
LOCAL-v1-q3-offcenter_cluster-5060,3,candidate,11,196.8437552727273,0.005609708023257554,11,1.0,2165.281308,True,
LOCAL-v1-q3-offcenter_cluster-5061,3,candidate,13,188.1520646923077,0.00698987499345094,13,1.0,2445.976841,True,
LOCAL-v1-q3-offcenter_cluster-5062,3,candidate,16,60.0317275625,0.006948209018446505,16,1.0,960.507641,True,
LOCAL-v1-q3-offcenter_cluster-5063,3,candidate,15,150.53481073333333,0.008713333052583039,15,1.0,2258.022161,True,
LOCAL-v1-q3-offcenter_cluster-5064,3,candidate,13,226.88269884615386,0.009759541950188577,13,1.0,2949.475085,True,
LOCAL-v1-q3-offcenter_cluster-5065,3,candidate,12,217.20578358333333,0.011205625021830201,12,1.0,2606.469403,True,
LOCAL-v1-q3-offcenter_cluster-5066,3,candidate,10,289.9115835,0.005206959089264274,10,1.0,2899.115835,True,
LOCAL-v1-q3-offcenter_cluster-5067,3,candidate,16,82.6685879375,0.007760624983347952,16,1.0,1322.697407,True,
LOCAL-v1-q3-offcenter_cluster-5068,3,candidate,13,232.5505802307692,0.008679958060383797,13,1.0,3023.157543,True,
LOCAL-v1-q3-offcenter_cluster-5069,3,candidate,14,160.77080642857143,0.0066269999369978905,14,1.0,2250.79129,True,
LOCAL-v1-q3-offcenter_cluster-5070,3,candidate,12,246.22352558333333,0.004558125045150518,12,1.0,2954.682307,True,
LOCAL-v1-q3-offcenter_cluster-5071,3,candidate,12,194.29508166666668,0.007920791045762599,12,1.0,2331.54098,True,
LOCAL-v1-q3-offcenter_cluster-5072,3,candidate,15,151.99198993333331,0.00810612493660301,15,1.0,2279.879849,True,
LOCAL-v1-q3-offcenter_cluster-5073,3,candidate,10,276.7157691,0.0050106249982491136,10,1.0,2767.157691,True,
LOCAL-v1-q3-offcenter_cluster-5074,3,candidate,16,60.5101004375,0.007090167026035488,16,1.0,968.161607,True,
LOCAL-v1-q3-offcenter_cluster-5075,3,candidate,15,164.83404533333334,0.008905583061277866,15,1.0,2472.51068,True,
LOCAL-v1-q3-offcenter_cluster-5076,3,candidate,12,242.26826025,0.007256624987348914,12,1.0,2907.219123,True,
LOCAL-v1-q3-offcenter_cluster-5077,3,candidate,14,169.90323557142855,0.008530457969754934,14,1.0,2378.645298,True,
LOCAL-v1-q3-offcenter_cluster-5078,3,candidate,13,218.34659884615382,0.005937542067840695,13,1.0,2838.505785,True,
LOCAL-v1-q3-offcenter_cluster-5079,3,candidate,10,216.19934400000002,0.005746792070567608,10,1.0,2161.99344,True,
LOCAL-v1-q3-offcenter_cluster-5080,3,candidate,10,217.84720929999997,0.005774834076873958,10,1.0,2178.472093,True,
LOCAL-v1-q3-offcenter_cluster-5081,3,candidate,16,57.9594083125,0.00678933400195092,16,1.0,927.350533,True,
LOCAL-v1-q3-offcenter_cluster-5082,3,candidate,13,204.99651546153848,0.00789850007276982,13,1.0,2664.954701,True,
LOCAL-v1-q3-offcenter_cluster-5083,3,candidate,13,174.6248900769231,0.0071539588971063495,13,1.0,2270.123571,True,
LOCAL-v1-q3-offcenter_cluster-5084,3,candidate,14,159.81430564285714,0.0073868329636752605,14,1.0,2237.400279,True,
LOCAL-v1-q3-offcenter_cluster-5085,3,candidate,15,150.08151166666667,0.007688167039304972,15,1.0,2251.222675,True,
LOCAL-v1-q3-offcenter_cluster-5086,3,candidate,12,180.5424555,0.007264666957780719,12,1.0,2166.509466,True,
LOCAL-v1-q3-offcenter_cluster-5087,3,candidate,13,165.57119446153848,0.007954249973408878,13,1.0,2152.425528,True,
LOCAL-v1-q3-offcenter_cluster-5088,3,candidate,16,54.7761515625,0.00815941602922976,16,1.0,876.418425,True,
LOCAL-v1-q3-offcenter_cluster-5089,3,candidate,15,150.36085206666667,0.009024125058203936,15,1.0,2255.412781,True,
LOCAL-v1-q3-offcenter_cluster-5090,3,candidate,14,170.12167114285714,0.0073379590176045895,14,1.0,2381.703396,True,
LOCAL-v1-q3-offcenter_cluster-5091,3,candidate,12,192.60352991666664,0.005950333084911108,12,1.0,2311.242359,True,
LOCAL-v1-q3-offcenter_cluster-5092,3,candidate,11,246.14208318181818,0.004895790945738554,11,1.0,2707.562915,True,
LOCAL-v1-q3-offcenter_cluster-5093,3,candidate,15,148.57608306666668,0.0074765830067917705,15,1.0,2228.641246,True,
LOCAL-v1-q3-offcenter_cluster-5094,3,candidate,11,205.37598554545454,0.0045665830839425325,11,1.0,2259.135841,True,
LOCAL-v1-q3-offcenter_cluster-5095,3,candidate,10,293.0973657,0.003522624960169196,10,1.0,2930.973657,True,
LOCAL-v1-q3-offcenter_cluster-5096,3,candidate,14,162.72239242857145,0.00825254200026393,14,1.0,2278.113494,True,
LOCAL-v1-q3-offcenter_cluster-5097,3,candidate,13,176.00040938461538,0.007086041965521872,13,1.0,2288.005322,True,
LOCAL-v1-q3-offcenter_cluster-5098,3,candidate,16,65.5303924375,0.0077017080038785934,16,1.0,1048.486279,True,
LOCAL-v1-q3-offcenter_cluster-5099,3,candidate,13,193.62184615384615,0.005293542053550482,13,1.0,2517.084,True,
LOCAL-v1-q3-origin_cluster-5000,3,candidate,11,193.50498163636365,0.005592167028225958,11,1.0,2128.554798,True,
LOCAL-v1-q3-origin_cluster-5001,3,candidate,14,146.71433135714284,0.00640800001565367,14,1.0,2054.000639,True,
LOCAL-v1-q3-origin_cluster-5002,3,candidate,15,138.56544986666668,0.0081762500340119,15,1.0,2078.481748,True,
LOCAL-v1-q3-origin_cluster-5003,3,candidate,11,191.32072509090906,0.003712708014063537,11,1.0,2104.527976,True,
LOCAL-v1-q3-origin_cluster-5004,3,candidate,12,174.8383225,0.005286915926262736,12,1.0,2098.05987,True,
LOCAL-v1-q3-origin_cluster-5005,3,candidate,11,218.74195145454544,0.005945625016465783,11,1.0,2406.161466,True,
LOCAL-v1-q3-origin_cluster-5006,3,candidate,11,194.91035863636364,0.005239332909695804,11,1.0,2144.013945,True,
LOCAL-v1-q3-origin_cluster-5007,3,candidate,11,198.6379771818182,0.0058668750571087,11,1.0,2185.017749,True,
LOCAL-v1-q3-origin_cluster-5008,3,candidate,10,214.7813959,0.00465116708073765,10,1.0,2147.813959,True,
LOCAL-v1-q3-origin_cluster-5009,3,candidate,14,156.36589192857144,0.007099292008206248,14,1.0,2189.122487,True,
LOCAL-v1-q3-origin_cluster-5010,3,candidate,12,176.68543924999997,0.006482957978732884,12,1.0,2120.225271,True,
LOCAL-v1-q3-origin_cluster-5011,3,candidate,15,136.23252426666667,0.007308416999876499,15,1.0,2043.487864,True,
LOCAL-v1-q3-origin_cluster-5012,3,candidate,10,215.9409882,0.004621500032953918,10,1.0,2159.409882,True,
LOCAL-v1-q3-origin_cluster-5013,3,candidate,12,176.3507615,0.005709249991923571,12,1.0,2116.209138,True,
LOCAL-v1-q3-origin_cluster-5014,3,candidate,11,192.20139309090908,0.005266332998871803,11,1.0,2114.215324,True,
LOCAL-v1-q3-origin_cluster-5015,3,candidate,12,194.26248375,0.006831125007010996,12,1.0,2331.149805,True,
LOCAL-v1-q3-origin_cluster-5016,3,candidate,16,34.214885625,0.006582290981896222,16,1.0,547.43817,True,
LOCAL-v1-q3-origin_cluster-5017,3,candidate,15,142.04235593333334,0.008429375011473894,15,1.0,2130.635339,True,
LOCAL-v1-q3-origin_cluster-5018,3,candidate,10,225.79344890000002,0.004248459008522332,10,1.0,2257.934489,True,
LOCAL-v1-q3-origin_cluster-5019,3,candidate,11,196.66034645454545,0.0062362500466406345,11,1.0,2163.263811,True,
LOCAL-v1-q3-origin_cluster-5020,3,candidate,16,34.2476375625,0.006021582987159491,16,1.0,547.962201,True,
LOCAL-v1-q3-origin_cluster-5021,3,candidate,14,147.75075035714286,0.007094125030562282,14,1.0,2068.510505,True,
LOCAL-v1-q3-origin_cluster-5022,3,candidate,14,146.3418225,0.006748583051376045,14,1.0,2048.785515,True,
LOCAL-v1-q3-origin_cluster-5023,3,candidate,15,135.25738886666667,0.00779645808506757,15,1.0,2028.860833,True,
LOCAL-v1-q3-origin_cluster-5024,3,candidate,13,159.57320553846154,0.005831500049680471,13,1.0,2074.451672,True,
LOCAL-v1-q3-origin_cluster-5025,3,candidate,12,182.78296666666665,0.00548120797611773,12,1.0,2193.3956,True,
LOCAL-v1-q3-origin_cluster-5026,3,candidate,15,136.20801053333332,0.007588292006403208,15,1.0,2043.120158,True,
LOCAL-v1-q3-origin_cluster-5027,3,candidate,11,209.945281,0.0044009999837726355,11,1.0,2309.398091,True,
LOCAL-v1-q3-origin_cluster-5028,3,candidate,10,221.4775783,0.0048828329890966415,10,1.0,2214.775783,True,
LOCAL-v1-q3-origin_cluster-5029,3,candidate,11,211.300007,0.004963583080098033,11,1.0,2324.300077,True,
LOCAL-v1-q3-origin_cluster-5030,3,candidate,12,178.95040375,0.006088667083531618,12,1.0,2147.404845,True,
LOCAL-v1-q3-origin_cluster-5031,3,candidate,15,136.85716833333333,0.009026375017128885,15,1.0,2052.857525,True,
LOCAL-v1-q3-origin_cluster-5032,3,candidate,11,193.31265918181816,0.005922083044424653,11,1.0,2126.439251,True,
LOCAL-v1-q3-origin_cluster-5033,3,candidate,14,145.53492142857144,0.0061796249356120825,14,1.0,2037.4889,True,
LOCAL-v1-q3-origin_cluster-5034,3,candidate,16,33.6948925,0.006127375061623752,16,1.0,539.11828,True,
LOCAL-v1-q3-origin_cluster-5035,3,candidate,10,215.768143,0.003880457952618599,10,1.0,2157.68143,True,
LOCAL-v1-q3-origin_cluster-5036,3,candidate,15,137.34214013333334,0.007820999948307872,15,1.0,2060.132102,True,
LOCAL-v1-q3-origin_cluster-5037,3,candidate,15,134.4147436,0.00766108394600451,15,1.0,2016.221154,True,
LOCAL-v1-q3-origin_cluster-5038,3,candidate,16,34.781795625,0.006220040959306061,16,1.0,556.50873,True,
LOCAL-v1-q3-origin_cluster-5039,3,candidate,10,215.3280397,0.00427208305336535,10,1.0,2153.280397,True,
LOCAL-v1-q3-origin_cluster-5040,3,candidate,15,136.90098086666666,0.008917665923945606,15,1.0,2053.514713,True,
LOCAL-v1-q3-origin_cluster-5041,3,candidate,15,136.0299058,0.008577291970141232,15,1.0,2040.448587,True,
LOCAL-v1-q3-origin_cluster-5042,3,candidate,11,192.6033031818182,0.004772207932546735,11,1.0,2118.636335,True,
LOCAL-v1-q3-origin_cluster-5043,3,candidate,12,191.84732041666666,0.0063148330664262176,12,1.0,2302.167845,True,
LOCAL-v1-q3-origin_cluster-5044,3,candidate,11,193.83841118181817,0.00521100009791553,11,1.0,2132.222523,True,
LOCAL-v1-q3-origin_cluster-5045,3,candidate,11,195.48717881818183,0.005822833045385778,11,1.0,2150.358967,True,
LOCAL-v1-q3-origin_cluster-5046,3,candidate,10,215.08384729999997,0.004760958021506667,10,1.0,2150.838473,True,
LOCAL-v1-q3-origin_cluster-5047,3,candidate,16,34.616133625,0.0066570419585332274,16,1.0,553.858138,True,
LOCAL-v1-q3-origin_cluster-5048,3,candidate,12,175.71872683333333,0.005718874977901578,12,1.0,2108.624722,True,
LOCAL-v1-q3-origin_cluster-5049,3,candidate,10,236.7917942,0.004906582995317876,10,1.0,2367.917942,True,
LOCAL-v1-q3-origin_cluster-5050,3,candidate,15,135.47190179999998,0.008636999991722405,15,1.0,2032.078527,True,
LOCAL-v1-q3-origin_cluster-5051,3,candidate,11,201.159821,0.004867292009294033,11,1.0,2212.758031,True,
LOCAL-v1-q3-origin_cluster-5052,3,candidate,13,162.29278046153846,0.006586583098396659,13,1.0,2109.806146,True,
LOCAL-v1-q3-origin_cluster-5053,3,candidate,16,34.357034625,0.005771334050223231,16,1.0,549.712554,True,
LOCAL-v1-q3-origin_cluster-5054,3,candidate,16,34.8982133125,0.006872666999697685,16,1.0,558.371413,True,
LOCAL-v1-q3-origin_cluster-5055,3,candidate,12,207.57376591666664,0.0057497089728713036,12,1.0,2490.885191,True,
LOCAL-v1-q3-origin_cluster-5056,3,candidate,13,158.8335583076923,0.006008040974847972,13,1.0,2064.836258,True,
LOCAL-v1-q3-origin_cluster-5057,3,candidate,13,159.30809530769233,0.005817375029437244,13,1.0,2071.005239,True,
LOCAL-v1-q3-origin_cluster-5058,3,candidate,14,161.69499235714287,0.00773641699925065,14,1.0,2263.729893,True,
LOCAL-v1-q3-origin_cluster-5059,3,candidate,12,178.00738449999997,0.006079124985262752,12,1.0,2136.088614,True,
LOCAL-v1-q3-origin_cluster-5060,3,candidate,11,210.93147499999998,0.005817459081299603,11,1.0,2320.246225,True,
LOCAL-v1-q3-origin_cluster-5061,3,candidate,13,161.104535,0.007342165918089449,13,1.0,2094.358955,True,
LOCAL-v1-q3-origin_cluster-5062,3,candidate,16,34.7397415,0.006614916957914829,16,1.0,555.835864,True,
LOCAL-v1-q3-origin_cluster-5063,3,candidate,15,147.23757673333333,0.008183375000953674,15,1.0,2208.563651,True,
LOCAL-v1-q3-origin_cluster-5064,3,candidate,13,185.16328946153845,0.007051417022012174,13,1.0,2407.122763,True,
LOCAL-v1-q3-origin_cluster-5065,3,candidate,12,193.42223158333334,0.005986707983538508,12,1.0,2321.066779,True,
LOCAL-v1-q3-origin_cluster-5066,3,candidate,10,215.37295939999998,0.0046493340050801635,10,1.0,2153.729594,True,
LOCAL-v1-q3-origin_cluster-5067,3,candidate,16,33.5787415,0.006096458062529564,16,1.0,537.259864,True,
LOCAL-v1-q3-origin_cluster-5068,3,candidate,13,161.25905061538464,0.0072500420501455665,13,1.0,2096.367658,True,
LOCAL-v1-q3-origin_cluster-5069,3,candidate,14,154.06711285714286,0.006306957919150591,14,1.0,2156.93958,True,
LOCAL-v1-q3-origin_cluster-5070,3,candidate,12,175.18603108333332,0.005617332994006574,12,1.0,2102.232373,True,
LOCAL-v1-q3-origin_cluster-5071,3,candidate,12,173.52138566666667,0.004986250074580312,12,1.0,2082.256628,True,
LOCAL-v1-q3-origin_cluster-5072,3,candidate,15,136.94074633333332,0.008502832963131368,15,1.0,2054.111195,True,
LOCAL-v1-q3-origin_cluster-5073,3,candidate,10,215.30975709999998,0.004342667059972882,10,1.0,2153.097571,True,
LOCAL-v1-q3-origin_cluster-5074,3,candidate,16,33.6308013125,0.007105708937160671,16,1.0,538.092821,True,
LOCAL-v1-q3-origin_cluster-5075,3,candidate,15,148.11901086666666,0.008055999991483986,15,1.0,2221.785163,True,
LOCAL-v1-q3-origin_cluster-5076,3,candidate,12,194.8700609166667,0.007422375027090311,12,1.0,2338.440731,True,
LOCAL-v1-q3-origin_cluster-5077,3,candidate,14,161.52577928571426,0.0073191249975934625,14,1.0,2261.36091,True,
LOCAL-v1-q3-origin_cluster-5078,3,candidate,13,176.53646292307693,0.0076188750099390745,13,1.0,2294.974018,True,
LOCAL-v1-q3-origin_cluster-5079,3,candidate,10,214.10467279999997,0.004318458028137684,10,1.0,2141.046728,True,
LOCAL-v1-q3-origin_cluster-5080,3,candidate,10,215.987722,0.004823166993446648,10,1.0,2159.87722,True,
LOCAL-v1-q3-origin_cluster-5081,3,candidate,16,34.002243,0.006826416007243097,16,1.0,544.035888,True,
LOCAL-v1-q3-origin_cluster-5082,3,candidate,13,161.09069292307692,0.006574625032953918,13,1.0,2094.179008,True,
LOCAL-v1-q3-origin_cluster-5083,3,candidate,13,159.58490661538463,0.006866542040370405,13,1.0,2074.603786,True,
LOCAL-v1-q3-origin_cluster-5084,3,candidate,14,148.1181980714286,0.0077937080059200525,14,1.0,2073.654773,True,
LOCAL-v1-q3-origin_cluster-5085,3,candidate,15,136.023096,0.00763804093003273,15,1.0,2040.34644,True,
LOCAL-v1-q3-origin_cluster-5086,3,candidate,12,174.71080608333332,0.005533874966204166,12,1.0,2096.529673,True,
LOCAL-v1-q3-origin_cluster-5087,3,candidate,13,159.88847015384616,0.006408958928659558,13,1.0,2078.550112,True,
LOCAL-v1-q3-origin_cluster-5088,3,candidate,16,33.189750375,0.006068042013794184,16,1.0,531.036006,True,
LOCAL-v1-q3-origin_cluster-5089,3,candidate,15,136.86885773333333,0.008303334005177021,15,1.0,2053.032866,True,
LOCAL-v1-q3-origin_cluster-5090,3,candidate,14,157.229752,0.00794462498743087,14,1.0,2201.216528,True,
LOCAL-v1-q3-origin_cluster-5091,3,candidate,12,176.21436533333335,0.005327707971446216,12,1.0,2114.572384,True,
LOCAL-v1-q3-origin_cluster-5092,3,candidate,11,212.3429782727273,0.005594665999524295,11,1.0,2335.772761,True,
LOCAL-v1-q3-origin_cluster-5093,3,candidate,15,135.03906659999998,0.008673249976709485,15,1.0,2025.585999,True,
LOCAL-v1-q3-origin_cluster-5094,3,candidate,11,192.27950254545456,0.004313708981499076,11,1.0,2115.074528,True,
LOCAL-v1-q3-origin_cluster-5095,3,candidate,10,215.0203246,0.005477084079757333,10,1.0,2150.203246,True,
LOCAL-v1-q3-origin_cluster-5096,3,candidate,14,146.67574735714285,0.005937041947618127,14,1.0,2053.460463,True,
LOCAL-v1-q3-origin_cluster-5097,3,candidate,13,162.21936107692306,0.006599750020541251,13,1.0,2108.851694,True,
LOCAL-v1-q3-origin_cluster-5098,3,candidate,16,35.474545625,0.007610708009451628,16,1.0,567.59273,True,
LOCAL-v1-q3-origin_cluster-5099,3,candidate,13,160.7042973846154,0.005818375037051737,13,1.0,2089.155866,True,
LOCAL-v1-q3-minimum_radius-5000,3,candidate,11,280.5773891818182,0.005419833003543317,11,1.0,3086.351281,True,
LOCAL-v1-q3-minimum_radius-5001,3,candidate,14,262.336137,0.010338500025682151,14,1.0,3672.705918,True,
LOCAL-v1-q3-minimum_radius-5002,3,candidate,15,207.09938286666664,0.008574457955546677,15,1.0,3106.490743,True,
LOCAL-v1-q3-minimum_radius-5003,3,candidate,11,247.39462227272728,0.005982040893286467,11,1.0,2721.340845,True,
LOCAL-v1-q3-minimum_radius-5004,3,candidate,12,256.81477075000004,0.00754774990491569,12,1.0,3081.777249,True,
LOCAL-v1-q3-minimum_radius-5005,3,candidate,11,304.4512931818182,0.005492249969393015,11,1.0,3348.964225,True,
LOCAL-v1-q3-minimum_radius-5006,3,candidate,11,288.4341068181818,0.0059367920039221644,11,1.0,3172.775175,True,
LOCAL-v1-q3-minimum_radius-5007,3,candidate,11,265.517103,0.0059451250126585364,11,1.0,2920.688133,True,
LOCAL-v1-q3-minimum_radius-5008,3,candidate,10,306.21295879999997,0.0061764169950038195,10,1.0,3062.129588,True,
LOCAL-v1-q3-minimum_radius-5009,3,candidate,14,222.33546557142859,0.009611332905478776,14,1.0,3112.696518,True,
LOCAL-v1-q3-minimum_radius-5010,3,candidate,12,225.11534974999998,0.009309291956014931,12,1.0,2701.384197,True,
LOCAL-v1-q3-minimum_radius-5011,3,candidate,15,226.79932706666665,0.008172208908945322,15,1.0,3401.989906,True,
LOCAL-v1-q3-minimum_radius-5012,3,candidate,10,320.6722678,0.006004708004184067,10,1.0,3206.722678,True,
LOCAL-v1-q3-minimum_radius-5013,3,candidate,12,268.6688715833333,0.006320332991890609,12,1.0,3224.026459,True,
LOCAL-v1-q3-minimum_radius-5014,3,candidate,11,275.0146157272727,0.005408250028267503,11,1.0,3025.160773,True,
LOCAL-v1-q3-minimum_radius-5015,3,candidate,12,228.52685891666667,0.00722750008571893,12,1.0,2742.322307,True,
LOCAL-v1-q3-minimum_radius-5016,3,candidate,16,197.0584790625,0.00870508304797113,16,1.0,3152.935665,True,
LOCAL-v1-q3-minimum_radius-5017,3,candidate,15,225.14900633333335,0.00815737503580749,15,1.0,3377.235095,True,
LOCAL-v1-q3-minimum_radius-5018,3,candidate,10,309.3737718,0.005807333975099027,10,1.0,3093.737718,True,
LOCAL-v1-q3-minimum_radius-5019,3,candidate,11,296.3995080909091,0.00414704205468297,11,1.0,3260.394589,True,
LOCAL-v1-q3-minimum_radius-5020,3,candidate,16,200.703212,0.009829208021983504,16,1.0,3211.251392,True,
LOCAL-v1-q3-minimum_radius-5021,3,candidate,14,245.2398355,0.009636332979425788,14,1.0,3433.357697,True,
LOCAL-v1-q3-minimum_radius-5022,3,candidate,14,217.40402235714285,0.010877082939259708,14,1.0,3043.656313,True,
LOCAL-v1-q3-minimum_radius-5023,3,candidate,15,200.7198786,0.006301625049673021,15,1.0,3010.798179,True,
LOCAL-v1-q3-minimum_radius-5024,3,candidate,13,249.21228284615384,0.009616332943551242,13,1.0,3239.759677,True,
LOCAL-v1-q3-minimum_radius-5025,3,candidate,12,262.23896741666664,0.007231083000078797,12,1.0,3146.867609,True,
LOCAL-v1-q3-minimum_radius-5026,3,candidate,15,215.98311479999998,0.00693883397616446,15,1.0,3239.746722,True,
LOCAL-v1-q3-minimum_radius-5027,3,candidate,11,325.51637900000003,0.0061019170098006725,11,1.0,3580.680169,True,
LOCAL-v1-q3-minimum_radius-5028,3,candidate,10,275.8558458,0.007299790973775089,10,1.0,2758.558458,True,
LOCAL-v1-q3-minimum_radius-5029,3,candidate,11,280.3468540909091,0.004600375075824559,11,1.0,3083.815395,True,
LOCAL-v1-q3-minimum_radius-5030,3,candidate,12,224.32893866666666,0.0049892079550772905,12,1.0,2691.947264,True,
LOCAL-v1-q3-minimum_radius-5031,3,candidate,15,207.50745406666667,0.011359540978446603,15,1.0,3112.611811,True,
LOCAL-v1-q3-minimum_radius-5032,3,candidate,11,263.38441854545454,0.0059939579805359244,11,1.0,2897.228604,True,
LOCAL-v1-q3-minimum_radius-5033,3,candidate,14,243.96299228571428,0.008140041958540678,14,1.0,3415.481892,True,
LOCAL-v1-q3-minimum_radius-5034,3,candidate,16,203.73233325,0.0084632090292871,16,1.0,3259.717332,True,
LOCAL-v1-q3-minimum_radius-5035,3,candidate,10,298.2917676,0.006129250046797097,10,1.0,2982.917676,True,
LOCAL-v1-q3-minimum_radius-5036,3,candidate,15,218.01638726666667,0.007742041954770684,15,1.0,3270.245809,True,
LOCAL-v1-q3-minimum_radius-5037,3,candidate,15,234.363059,0.008774542016908526,15,1.0,3515.445885,True,
LOCAL-v1-q3-minimum_radius-5038,3,candidate,16,209.332026875,0.013964249985292554,16,1.0,3349.31243,True,
LOCAL-v1-q3-minimum_radius-5039,3,candidate,10,346.2859482,0.005844417028129101,10,1.0,3462.859482,True,
LOCAL-v1-q3-minimum_radius-5040,3,candidate,15,231.93001886666667,0.00826541695278138,15,1.0,3478.950283,True,
LOCAL-v1-q3-minimum_radius-5041,3,candidate,15,215.71299693333333,0.009656290989369154,15,1.0,3235.694954,True,
LOCAL-v1-q3-minimum_radius-5042,3,candidate,11,277.4015361818182,0.005399292102083564,11,1.0,3051.416898,True,
LOCAL-v1-q3-minimum_radius-5043,3,candidate,12,265.32278725,0.007933084038086236,12,1.0,3183.873447,True,
LOCAL-v1-q3-minimum_radius-5044,3,candidate,11,308.24686045454547,0.006069499999284744,11,1.0,3390.715465,True,
LOCAL-v1-q3-minimum_radius-5045,3,candidate,11,286.9571373636364,0.005770374904386699,11,1.0,3156.528511,True,
LOCAL-v1-q3-minimum_radius-5046,3,candidate,10,280.9074855,0.004367458983324468,10,1.0,2809.074855,True,
LOCAL-v1-q3-minimum_radius-5047,3,candidate,16,222.47747675,0.00945016706828028,16,1.0,3559.639628,True,
LOCAL-v1-q3-minimum_radius-5048,3,candidate,12,260.2896905,0.008226166013628244,12,1.0,3123.476286,True,
LOCAL-v1-q3-minimum_radius-5049,3,candidate,10,299.24086320000004,0.004829458077438176,10,1.0,2992.408632,True,
LOCAL-v1-q3-minimum_radius-5050,3,candidate,15,227.08903800000002,0.009462457965128124,15,1.0,3406.33557,True,
LOCAL-v1-q3-minimum_radius-5051,3,candidate,11,323.03022054545454,0.004619416082277894,11,1.0,3553.332426,True,
LOCAL-v1-q3-minimum_radius-5052,3,candidate,13,249.8914166923077,0.00671058299485594,13,1.0,3248.588417,True,
LOCAL-v1-q3-minimum_radius-5053,3,candidate,16,223.075295125,0.01104529108852148,16,1.0,3569.204722,True,
LOCAL-v1-q3-minimum_radius-5054,3,candidate,16,236.00986525,0.009944749996066093,16,1.0,3776.157844,True,
LOCAL-v1-q3-minimum_radius-5055,3,candidate,12,251.68538666666666,0.008879249915480614,12,1.0,3020.22464,True,
LOCAL-v1-q3-minimum_radius-5056,3,candidate,13,260.51101015384614,0.00942166696768254,13,1.0,3386.643132,True,
LOCAL-v1-q3-minimum_radius-5057,3,candidate,13,244.0521093076923,0.008046375005505979,13,1.0,3172.677421,True,
LOCAL-v1-q3-minimum_radius-5058,3,candidate,14,219.80232678571429,0.006997667020186782,14,1.0,3077.232575,True,
LOCAL-v1-q3-minimum_radius-5059,3,candidate,12,276.03010016666667,0.006770542007870972,12,1.0,3312.361202,True,
LOCAL-v1-q3-minimum_radius-5060,3,candidate,11,278.6276709090909,0.004600416985340416,11,1.0,3064.90438,True,
LOCAL-v1-q3-minimum_radius-5061,3,candidate,13,248.55127630769232,0.008450749912299216,13,1.0,3231.166592,True,
LOCAL-v1-q3-minimum_radius-5062,3,candidate,16,209.978691875,0.009321207995526493,16,1.0,3359.65907,True,
LOCAL-v1-q3-minimum_radius-5063,3,candidate,15,221.6052404,0.012733125011436641,15,1.0,3324.078606,True,
LOCAL-v1-q3-minimum_radius-5064,3,candidate,13,233.0942950769231,0.006592541933059692,13,1.0,3030.225836,True,
LOCAL-v1-q3-minimum_radius-5065,3,candidate,12,272.39087424999997,0.006147540989331901,12,1.0,3268.690491,True,
LOCAL-v1-q3-minimum_radius-5066,3,candidate,10,266.5397013,0.006458583055064082,10,1.0,2665.397013,True,
LOCAL-v1-q3-minimum_radius-5067,3,candidate,16,220.8973815625,0.009473083075135946,16,1.0,3534.358105,True,
LOCAL-v1-q3-minimum_radius-5068,3,candidate,13,222.56202384615383,0.005999083979986608,13,1.0,2893.30631,True,
LOCAL-v1-q3-minimum_radius-5069,3,candidate,14,248.1643652142857,0.009047167026437819,14,1.0,3474.301113,True,
LOCAL-v1-q3-minimum_radius-5070,3,candidate,12,277.03224658333335,0.006789374980144203,12,1.0,3324.386959,True,
LOCAL-v1-q3-minimum_radius-5071,3,candidate,12,267.78482241666666,0.006215207977220416,12,1.0,3213.417869,True,
LOCAL-v1-q3-minimum_radius-5072,3,candidate,15,211.7928586,0.00866433302871883,15,1.0,3176.892879,True,
LOCAL-v1-q3-minimum_radius-5073,3,candidate,10,278.3225962,0.005529375048354268,10,1.0,2783.225962,True,
LOCAL-v1-q3-minimum_radius-5074,3,candidate,16,220.68842725,0.01293970795813948,16,1.0,3531.014836,True,
LOCAL-v1-q3-minimum_radius-5075,3,candidate,15,216.5242506,0.011523665976710618,15,1.0,3247.863759,True,
LOCAL-v1-q3-minimum_radius-5076,3,candidate,12,233.21400741666665,0.005867875064723194,12,1.0,2798.568089,True,
LOCAL-v1-q3-minimum_radius-5077,3,candidate,14,236.1370992857143,0.007751542027108371,14,1.0,3305.91939,True,
LOCAL-v1-q3-minimum_radius-5078,3,candidate,13,267.1951490769231,0.009189457981847227,13,1.0,3473.536938,True,
LOCAL-v1-q3-minimum_radius-5079,3,candidate,10,299.6986731,0.004509416990913451,10,1.0,2996.986731,True,
LOCAL-v1-q3-minimum_radius-5080,3,candidate,10,293.5586612,0.0051502910209819674,10,1.0,2935.586612,True,
LOCAL-v1-q3-minimum_radius-5081,3,candidate,16,219.1198495,0.011864624917507172,16,1.0,3505.917592,True,
LOCAL-v1-q3-minimum_radius-5082,3,candidate,13,232.76393723076924,0.008021624991670251,13,1.0,3025.931184,True,
LOCAL-v1-q3-minimum_radius-5083,3,candidate,13,249.70723976923077,0.0057315409649163485,13,1.0,3246.194117,True,
LOCAL-v1-q3-minimum_radius-5084,3,candidate,14,253.64018164285716,0.00795904197730124,14,1.0,3550.962543,True,
LOCAL-v1-q3-minimum_radius-5085,3,candidate,15,219.20322073333332,0.010765166953206062,15,1.0,3288.048311,True,
LOCAL-v1-q3-minimum_radius-5086,3,candidate,12,272.28787925,0.007559417048469186,12,1.0,3267.454551,True,
LOCAL-v1-q3-minimum_radius-5087,3,candidate,13,208.71906346153844,0.008013917016796768,13,1.0,2713.347825,True,
LOCAL-v1-q3-minimum_radius-5088,3,candidate,16,218.6957204375,0.00842237495817244,16,1.0,3499.131527,True,
LOCAL-v1-q3-minimum_radius-5089,3,candidate,15,224.4939444,0.00813400000333786,15,1.0,3367.409166,True,
LOCAL-v1-q3-minimum_radius-5090,3,candidate,14,257.309123,0.014931707992218435,14,1.0,3602.327722,True,
LOCAL-v1-q3-minimum_radius-5091,3,candidate,12,268.46154083333334,0.01859174994751811,12,1.0,3221.53849,True,
LOCAL-v1-q3-minimum_radius-5092,3,candidate,11,256.6784253636364,0.008395666955038905,11,1.0,2823.462679,True,
LOCAL-v1-q3-minimum_radius-5093,3,candidate,15,240.21889446666668,0.008234207984060049,15,1.0,3603.283417,True,
LOCAL-v1-q3-minimum_radius-5094,3,candidate,11,262.6104783636364,0.0038717089919373393,11,1.0,2888.715262,True,
LOCAL-v1-q3-minimum_radius-5095,3,candidate,10,288.0675049,0.008474500034935772,10,1.0,2880.675049,True,
LOCAL-v1-q3-minimum_radius-5096,3,candidate,14,232.43521535714285,0.00837024999782443,14,1.0,3254.093015,True,
LOCAL-v1-q3-minimum_radius-5097,3,candidate,13,251.45753953846153,0.0067277500638738275,13,1.0,3268.948014,True,
LOCAL-v1-q3-minimum_radius-5098,3,candidate,16,187.7625435625,0.010141165927052498,16,1.0,3004.200697,True,
LOCAL-v1-q3-minimum_radius-5099,3,candidate,13,238.40147784615385,0.00952262501232326,13,1.0,3099.219212,True,
LOCAL-v1-q3-exactly10_sources-5000,3,candidate,10,293.5216317,0.006292833015322685,10,1.0,2935.216317,True,
LOCAL-v1-q3-exactly10_sources-5001,3,candidate,10,253.3256134,0.009032667032442987,10,1.0,2533.256134,True,
LOCAL-v1-q3-exactly10_sources-5002,3,candidate,10,266.14119569999997,0.005992375081405044,10,1.0,2661.411957,True,
LOCAL-v1-q3-exactly10_sources-5003,3,candidate,10,290.8875327,0.006084374967031181,10,1.0,2908.875327,True,
LOCAL-v1-q3-exactly10_sources-5004,3,candidate,10,277.627182,0.007091667037457228,10,1.0,2776.27182,True,
LOCAL-v1-q3-exactly10_sources-5005,3,candidate,10,274.5676395,0.008998333010822535,10,1.0,2745.676395,True,
LOCAL-v1-q3-exactly10_sources-5006,3,candidate,10,277.2521714,0.006747583043761551,10,1.0,2772.521714,True,
LOCAL-v1-q3-exactly10_sources-5007,3,candidate,10,303.631531,0.005675917025655508,10,1.0,3036.31531,True,
LOCAL-v1-q3-exactly10_sources-5008,3,candidate,10,268.1706647,0.006050667027011514,10,1.0,2681.706647,True,
LOCAL-v1-q3-exactly10_sources-5009,3,candidate,10,270.2067511,0.006588375079445541,10,1.0,2702.067511,True,
LOCAL-v1-q3-exactly10_sources-5010,3,candidate,10,267.5142929,0.006953333038836718,10,1.0,2675.142929,True,
LOCAL-v1-q3-exactly10_sources-5011,3,candidate,10,297.4783155,0.007348500075750053,10,1.0,2974.783155,True,
LOCAL-v1-q3-exactly10_sources-5012,3,candidate,10,295.5245956,0.005672250059433281,10,1.0,2955.245956,True,
LOCAL-v1-q3-exactly10_sources-5013,3,candidate,10,297.9784945,0.006270875106565654,10,1.0,2979.784945,True,
LOCAL-v1-q3-exactly10_sources-5014,3,candidate,10,277.8284668,0.005926124984398484,10,1.0,2778.284668,True,
LOCAL-v1-q3-exactly10_sources-5015,3,candidate,10,279.22367859999997,0.005220666993409395,10,1.0,2792.236786,True,
LOCAL-v1-q3-exactly10_sources-5016,3,candidate,10,290.044554,0.0055502079194411635,10,1.0,2900.44554,True,
LOCAL-v1-q3-exactly10_sources-5017,3,candidate,10,362.2456283,0.00798916700296104,10,1.0,3622.456283,True,
LOCAL-v1-q3-exactly10_sources-5018,3,candidate,10,310.7226095,0.006509374943561852,10,1.0,3107.226095,True,
LOCAL-v1-q3-exactly10_sources-5019,3,candidate,10,294.8859989,0.006517375004477799,10,1.0,2948.859989,True,
LOCAL-v1-q3-exactly10_sources-5020,3,candidate,10,328.00676910000004,0.005703957984223962,10,1.0,3280.067691,True,
LOCAL-v1-q3-exactly10_sources-5021,3,candidate,10,275.8410134,0.004707708023488522,10,1.0,2758.410134,True,
LOCAL-v1-q3-exactly10_sources-5022,3,candidate,10,289.54525490000003,0.007225374924018979,10,1.0,2895.452549,True,
LOCAL-v1-q3-exactly10_sources-5023,3,candidate,10,278.48456550000003,0.007352416054345667,10,1.0,2784.845655,True,
LOCAL-v1-q3-exactly10_sources-5024,3,candidate,10,251.8750881,0.0082759999204427,10,1.0,2518.750881,True,
LOCAL-v1-q3-exactly10_sources-5025,3,candidate,10,316.5971511,0.008788207895122468,10,1.0,3165.971511,True,
LOCAL-v1-q3-exactly10_sources-5026,3,candidate,10,335.7162106,0.006532375002279878,10,1.0,3357.162106,True,
LOCAL-v1-q3-exactly10_sources-5027,3,candidate,10,305.4118653,0.006004958995617926,10,1.0,3054.118653,True,
LOCAL-v1-q3-exactly10_sources-5028,3,candidate,10,299.3903933,0.006845582975074649,10,1.0,2993.903933,True,
LOCAL-v1-q3-exactly10_sources-5029,3,candidate,10,270.2106354,0.00647079199552536,10,1.0,2702.106354,True,
LOCAL-v1-q3-exactly10_sources-5030,3,candidate,10,282.1257389,0.004349541966803372,10,1.0,2821.257389,True,
LOCAL-v1-q3-exactly10_sources-5031,3,candidate,10,268.8081493,0.0065547500271350145,10,1.0,2688.081493,True,
LOCAL-v1-q3-exactly10_sources-5032,3,candidate,10,284.93789000000004,0.0054663330083712935,10,1.0,2849.3789,True,
LOCAL-v1-q3-exactly10_sources-5033,3,candidate,10,309.3119693,0.005826957989484072,10,1.0,3093.119693,True,
LOCAL-v1-q3-exactly10_sources-5034,3,candidate,10,318.5782574,0.0060411670710891485,10,1.0,3185.782574,True,
LOCAL-v1-q3-exactly10_sources-5035,3,candidate,10,303.0260834,0.007675374974496663,10,1.0,3030.260834,True,
LOCAL-v1-q3-exactly10_sources-5036,3,candidate,10,339.9267246,0.006415124982595444,10,1.0,3399.267246,True,
LOCAL-v1-q3-exactly10_sources-5037,3,candidate,10,268.9235725,0.006776749971322715,10,1.0,2689.235725,True,
LOCAL-v1-q3-exactly10_sources-5038,3,candidate,10,295.6160575,0.006531040999107063,10,1.0,2956.160575,True,
LOCAL-v1-q3-exactly10_sources-5039,3,candidate,10,299.6323092,0.005510290968231857,10,1.0,2996.323092,True,
LOCAL-v1-q3-exactly10_sources-5040,3,candidate,10,301.46178,0.014971917029470205,10,1.0,3014.6178,True,
LOCAL-v1-q3-exactly10_sources-5041,3,candidate,10,313.392355,0.005944791017100215,10,1.0,3133.92355,True,
LOCAL-v1-q3-exactly10_sources-5042,3,candidate,10,267.5416088,0.007549957954324782,10,1.0,2675.416088,True,
LOCAL-v1-q3-exactly10_sources-5043,3,candidate,10,291.3228406,0.005029625026509166,10,1.0,2913.228406,True,
LOCAL-v1-q3-exactly10_sources-5044,3,candidate,10,294.74416,0.0071457079611718655,10,1.0,2947.4416,True,
LOCAL-v1-q3-exactly10_sources-5045,3,candidate,10,271.7320613,0.007272667018696666,10,1.0,2717.320613,True,
LOCAL-v1-q3-exactly10_sources-5046,3,candidate,10,292.18268670000003,0.008280041045509279,10,1.0,2921.826867,True,
LOCAL-v1-q3-exactly10_sources-5047,3,candidate,10,271.56040659999996,0.0066250000381842256,10,1.0,2715.604066,True,
LOCAL-v1-q3-exactly10_sources-5048,3,candidate,10,271.72174409999997,0.00677791703492403,10,1.0,2717.217441,True,
LOCAL-v1-q3-exactly10_sources-5049,3,candidate,10,283.3674305,0.006551582948304713,10,1.0,2833.674305,True,
LOCAL-v1-q3-exactly10_sources-5050,3,candidate,10,270.51342020000004,0.007908124942332506,10,1.0,2705.134202,True,
LOCAL-v1-q3-exactly10_sources-5051,3,candidate,10,315.7838366,0.006380332983098924,10,1.0,3157.838366,True,
LOCAL-v1-q3-exactly10_sources-5052,3,candidate,10,306.23304859999996,0.0061912499368190765,10,1.0,3062.330486,True,
LOCAL-v1-q3-exactly10_sources-5053,3,candidate,10,260.7552642,0.007769917021505535,10,1.0,2607.552642,True,
LOCAL-v1-q3-exactly10_sources-5054,3,candidate,10,303.475075,0.007083916920237243,10,1.0,3034.75075,True,
LOCAL-v1-q3-exactly10_sources-5055,3,candidate,10,285.0475397,0.006014333921484649,10,1.0,2850.475397,True,
LOCAL-v1-q3-exactly10_sources-5056,3,candidate,10,301.0869034,0.009456707979552448,10,1.0,3010.869034,True,
LOCAL-v1-q3-exactly10_sources-5057,3,candidate,10,276.26975400000003,0.008268874953500926,10,1.0,2762.69754,True,
LOCAL-v1-q3-exactly10_sources-5058,3,candidate,10,281.002199,0.009244916960597038,10,1.0,2810.02199,True,
LOCAL-v1-q3-exactly10_sources-5059,3,candidate,10,292.5651385,0.006667250068858266,10,1.0,2925.651385,True,
LOCAL-v1-q3-exactly10_sources-5060,3,candidate,10,275.2541368,0.004876166000030935,10,1.0,2752.541368,True,
LOCAL-v1-q3-exactly10_sources-5061,3,candidate,10,279.1571259,0.005135874962434173,10,1.0,2791.571259,True,
LOCAL-v1-q3-exactly10_sources-5062,3,candidate,10,307.150958,0.004446542006917298,10,1.0,3071.50958,True,
LOCAL-v1-q3-exactly10_sources-5063,3,candidate,10,293.772808,0.0035209580091759562,10,1.0,2937.72808,True,
LOCAL-v1-q3-exactly10_sources-5064,3,candidate,10,277.25308839999997,0.0076488329796120524,10,1.0,2772.530884,True,
LOCAL-v1-q3-exactly10_sources-5065,3,candidate,10,282.67886,0.00909070810303092,10,1.0,2826.7886,True,
LOCAL-v1-q3-exactly10_sources-5066,3,candidate,10,249.0653544,0.007844624924473464,10,1.0,2490.653544,True,
LOCAL-v1-q3-exactly10_sources-5067,3,candidate,10,318.0292817,0.005970041966065764,10,1.0,3180.292817,True,
LOCAL-v1-q3-exactly10_sources-5068,3,candidate,10,288.0553908,0.006872750003822148,10,1.0,2880.553908,True,
LOCAL-v1-q3-exactly10_sources-5069,3,candidate,10,284.9769576,0.005128083052113652,10,1.0,2849.769576,True,
LOCAL-v1-q3-exactly10_sources-5070,3,candidate,10,292.0577789,0.006833166931755841,10,1.0,2920.577789,True,
LOCAL-v1-q3-exactly10_sources-5071,3,candidate,10,291.93978000000004,0.007665541023015976,10,1.0,2919.3978,True,
LOCAL-v1-q3-exactly10_sources-5072,3,candidate,10,300.0700604,0.00959662499371916,10,1.0,3000.700604,True,
LOCAL-v1-q3-exactly10_sources-5073,3,candidate,10,269.9601384,0.0087226249743253,10,1.0,2699.601384,True,
LOCAL-v1-q3-exactly10_sources-5074,3,candidate,10,324.5608737,0.00923941598739475,10,1.0,3245.608737,True,
LOCAL-v1-q3-exactly10_sources-5075,3,candidate,10,270.6553535,0.007050959044136107,10,1.0,2706.553535,True,
LOCAL-v1-q3-exactly10_sources-5076,3,candidate,10,298.9893838,0.005601541954092681,10,1.0,2989.893838,True,
LOCAL-v1-q3-exactly10_sources-5077,3,candidate,10,271.1932021,0.02345249999780208,10,1.0,2711.932021,True,
LOCAL-v1-q3-exactly10_sources-5078,3,candidate,10,274.12436130000003,0.011013583978638053,10,1.0,2741.243613,True,
LOCAL-v1-q3-exactly10_sources-5079,3,candidate,10,268.3069583,0.008547750068828464,10,1.0,2683.069583,True,
LOCAL-v1-q3-exactly10_sources-5080,3,candidate,10,275.9870095,0.007089375052601099,10,1.0,2759.870095,True,
LOCAL-v1-q3-exactly10_sources-5081,3,candidate,10,272.4849026,0.008184375008568168,10,1.0,2724.849026,True,
LOCAL-v1-q3-exactly10_sources-5082,3,candidate,10,312.0644538,0.007146541029214859,10,1.0,3120.644538,True,
LOCAL-v1-q3-exactly10_sources-5083,3,candidate,10,292.0758181,0.005689542042091489,10,1.0,2920.758181,True,
LOCAL-v1-q3-exactly10_sources-5084,3,candidate,10,285.11860790000003,0.00503658305387944,10,1.0,2851.186079,True,
LOCAL-v1-q3-exactly10_sources-5085,3,candidate,10,290.7060386,0.0073807500302791595,10,1.0,2907.060386,True,
LOCAL-v1-q3-exactly10_sources-5086,3,candidate,10,276.7367099,0.005073458072729409,10,1.0,2767.367099,True,
LOCAL-v1-q3-exactly10_sources-5087,3,candidate,10,279.31957109999996,0.005011500092223287,10,1.0,2793.195711,True,
LOCAL-v1-q3-exactly10_sources-5088,3,candidate,10,302.14295849999996,0.005822250037454069,10,1.0,3021.429585,True,
LOCAL-v1-q3-exactly10_sources-5089,3,candidate,10,287.6156097,0.0057099160039797425,10,1.0,2876.156097,True,
LOCAL-v1-q3-exactly10_sources-5090,3,candidate,10,290.9876124,0.007389749982394278,10,1.0,2909.876124,True,
LOCAL-v1-q3-exactly10_sources-5091,3,candidate,10,317.8436411,0.010452833026647568,10,1.0,3178.436411,True,
LOCAL-v1-q3-exactly10_sources-5092,3,candidate,10,293.09355700000003,0.00835287501104176,10,1.0,2930.93557,True,
LOCAL-v1-q3-exactly10_sources-5093,3,candidate,10,295.520273,0.0071786659536883235,10,1.0,2955.20273,True,
LOCAL-v1-q3-exactly10_sources-5094,3,candidate,10,289.6599595,0.0047478340566158295,10,1.0,2896.599595,True,
LOCAL-v1-q3-exactly10_sources-5095,3,candidate,10,314.1316097,0.0066139999544247985,10,1.0,3141.316097,True,
LOCAL-v1-q3-exactly10_sources-5096,3,candidate,10,312.3781081,0.005196458892896771,10,1.0,3123.781081,True,
LOCAL-v1-q3-exactly10_sources-5097,3,candidate,10,237.03715590000002,0.008159291930496693,10,1.0,2370.371559,True,
LOCAL-v1-q3-exactly10_sources-5098,3,candidate,10,297.3069696,0.006500457995571196,10,1.0,2973.069696,True,
LOCAL-v1-q3-exactly10_sources-5099,3,candidate,10,279.7986178,0.006942459032870829,10,1.0,2797.986178,True,
LOCAL-v1-q3-exactly16_sources-5000,3,candidate,16,242.6905369375,0.012052749982103705,16,1.0,3883.048591,True,
LOCAL-v1-q3-exactly16_sources-5001,3,candidate,16,165.160261,0.012891166028566658,16,1.0,2642.564176,True,
LOCAL-v1-q3-exactly16_sources-5002,3,candidate,16,211.592533625,0.010480624972842634,16,1.0,3385.480538,True,
LOCAL-v1-q3-exactly16_sources-5003,3,candidate,16,209.4496791875,0.012215707916766405,16,1.0,3351.194867,True,
LOCAL-v1-q3-exactly16_sources-5004,3,candidate,16,207.8320821875,0.012636124971322715,16,1.0,3325.313315,True,
LOCAL-v1-q3-exactly16_sources-5005,3,candidate,16,217.2664799375,0.012906125048175454,16,1.0,3476.263679,True,
LOCAL-v1-q3-exactly16_sources-5006,3,candidate,16,211.3829400625,0.010680709034204483,16,1.0,3382.127041,True,
LOCAL-v1-q3-exactly16_sources-5007,3,candidate,16,194.2295678125,0.015252874931320548,16,1.0,3107.673085,True,
LOCAL-v1-q3-exactly16_sources-5008,3,candidate,16,167.1212539375,0.01423925010021776,16,1.0,2673.940063,True,
LOCAL-v1-q3-exactly16_sources-5009,3,candidate,16,194.3243191875,0.013637166935950518,16,1.0,3109.189107,True,
LOCAL-v1-q3-exactly16_sources-5010,3,candidate,16,207.4707978125,0.010096459067426622,16,1.0,3319.532765,True,
LOCAL-v1-q3-exactly16_sources-5011,3,candidate,16,171.90754275,0.01212195900734514,16,1.0,2750.520684,True,
LOCAL-v1-q3-exactly16_sources-5012,3,candidate,16,184.1455058125,0.01238350011408329,16,1.0,2946.328093,True,
LOCAL-v1-q3-exactly16_sources-5013,3,candidate,16,217.4505166875,0.014060417073778808,16,1.0,3479.208267,True,
LOCAL-v1-q3-exactly16_sources-5014,3,candidate,16,193.77822825,0.011893499991856515,16,1.0,3100.451652,True,
LOCAL-v1-q3-exactly16_sources-5015,3,candidate,16,186.9398885625,0.016582082957029343,16,1.0,2991.038217,True,
LOCAL-v1-q3-exactly16_sources-5016,3,candidate,16,219.107313125,0.012327207950875163,16,1.0,3505.71701,True,
LOCAL-v1-q3-exactly16_sources-5017,3,candidate,16,207.770662625,0.011779125081375241,16,1.0,3324.330602,True,
LOCAL-v1-q3-exactly16_sources-5018,3,candidate,16,212.151236,0.013707750011235476,16,1.0,3394.419776,True,
LOCAL-v1-q3-exactly16_sources-5019,3,candidate,16,205.84649,0.013121917028911412,16,1.0,3293.54384,True,
LOCAL-v1-q3-exactly16_sources-5020,3,candidate,16,221.63258425,0.011189374956302345,16,1.0,3546.121348,True,
LOCAL-v1-q3-exactly16_sources-5021,3,candidate,16,205.201468875,0.014537374954670668,16,1.0,3283.223502,True,
LOCAL-v1-q3-exactly16_sources-5022,3,candidate,16,225.205267125,0.01559787499718368,16,1.0,3603.284274,True,
LOCAL-v1-q3-exactly16_sources-5023,3,candidate,16,223.670856375,0.012928041978739202,16,1.0,3578.733702,True,
LOCAL-v1-q3-exactly16_sources-5024,3,candidate,16,183.5944171875,0.010969875031150877,16,1.0,2937.510675,True,
LOCAL-v1-q3-exactly16_sources-5025,3,candidate,16,213.35461525,0.01674424996599555,16,1.0,3413.673844,True,
LOCAL-v1-q3-exactly16_sources-5026,3,candidate,16,189.827486625,0.015302000101655722,16,1.0,3037.239786,True,
LOCAL-v1-q3-exactly16_sources-5027,3,candidate,16,201.0979515625,0.014340874971821904,16,1.0,3217.567225,True,
LOCAL-v1-q3-exactly16_sources-5028,3,candidate,16,209.6735669375,0.01154737500473857,16,1.0,3354.777071,True,
LOCAL-v1-q3-exactly16_sources-5029,3,candidate,16,210.7227049375,0.013455750071443617,16,1.0,3371.563279,True,
LOCAL-v1-q3-exactly16_sources-5030,3,candidate,16,214.919850875,0.012164499959908426,16,1.0,3438.717614,True,
LOCAL-v1-q3-exactly16_sources-5031,3,candidate,16,223.133832625,0.012530790991149843,16,1.0,3570.141322,True,
LOCAL-v1-q3-exactly16_sources-5032,3,candidate,16,202.9726474375,0.013547166949138045,16,1.0,3247.562359,True,
LOCAL-v1-q3-exactly16_sources-5033,3,candidate,16,187.666449375,0.013765875017270446,16,1.0,3002.66319,True,
LOCAL-v1-q3-exactly16_sources-5034,3,candidate,16,172.666316375,0.01297679205890745,16,1.0,2762.661062,True,
LOCAL-v1-q3-exactly16_sources-5035,3,candidate,16,215.581595,0.013803791021928191,16,1.0,3449.30552,True,
LOCAL-v1-q3-exactly16_sources-5036,3,candidate,16,205.9215934375,0.013196750078350306,16,1.0,3294.745495,True,
LOCAL-v1-q3-exactly16_sources-5037,3,candidate,16,209.8170718125,0.015723499935120344,16,1.0,3357.073149,True,
LOCAL-v1-q3-exactly16_sources-5038,3,candidate,16,196.1500318125,0.01574983401224017,16,1.0,3138.400509,True,
LOCAL-v1-q3-exactly16_sources-5039,3,candidate,16,208.2464334375,0.012206333107315004,16,1.0,3331.942935,True,
LOCAL-v1-q3-exactly16_sources-5040,3,candidate,16,214.0014259375,0.013087208033539355,16,1.0,3424.022815,True,
LOCAL-v1-q3-exactly16_sources-5041,3,candidate,16,238.598332125,0.01236495899502188,16,1.0,3817.573314,True,
LOCAL-v1-q3-exactly16_sources-5042,3,candidate,16,212.2244083125,0.01531562500167638,16,1.0,3395.590533,True,
LOCAL-v1-q3-exactly16_sources-5043,3,candidate,16,206.6726856875,0.012639791006222367,16,1.0,3306.762971,True,
LOCAL-v1-q3-exactly16_sources-5044,3,candidate,16,180.3571103125,0.014864291995763779,16,1.0,2885.713765,True,
LOCAL-v1-q3-exactly16_sources-5045,3,candidate,16,182.977586875,0.015443040989339352,16,1.0,2927.64139,True,
LOCAL-v1-q3-exactly16_sources-5046,3,candidate,16,204.4417986875,0.01386425003875047,16,1.0,3271.068779,True,
LOCAL-v1-q3-exactly16_sources-5047,3,candidate,16,202.568121,0.010543250013142824,16,1.0,3241.089936,True,
LOCAL-v1-q3-exactly16_sources-5048,3,candidate,16,192.825655375,0.013872166979126632,16,1.0,3085.210486,True,
LOCAL-v1-q3-exactly16_sources-5049,3,candidate,16,190.548915875,0.0159316249191761,16,1.0,3048.782654,True,
LOCAL-v1-q3-exactly16_sources-5050,3,candidate,16,203.5677144375,0.014517499948851764,16,1.0,3257.083431,True,
LOCAL-v1-q3-exactly16_sources-5051,3,candidate,16,211.078833,0.011943874997086823,16,1.0,3377.261328,True,
LOCAL-v1-q3-exactly16_sources-5052,3,candidate,16,193.767759125,0.018418250023387372,16,1.0,3100.284146,True,
LOCAL-v1-q3-exactly16_sources-5053,3,candidate,16,232.615478875,0.011288875015452504,16,1.0,3721.847662,True,
LOCAL-v1-q3-exactly16_sources-5054,3,candidate,16,246.9357378125,0.011513083009049296,16,1.0,3950.971805,True,
LOCAL-v1-q3-exactly16_sources-5055,3,candidate,16,192.0530478125,0.015862916014157236,16,1.0,3072.848765,True,
LOCAL-v1-q3-exactly16_sources-5056,3,candidate,16,204.480651875,0.012287541991099715,16,1.0,3271.69043,True,
LOCAL-v1-q3-exactly16_sources-5057,3,candidate,16,198.70150425,0.012986334040760994,16,1.0,3179.224068,True,
LOCAL-v1-q3-exactly16_sources-5058,3,candidate,16,209.569512125,0.01349070796277374,16,1.0,3353.112194,True,
LOCAL-v1-q3-exactly16_sources-5059,3,candidate,16,195.98524775,0.01269391702953726,16,1.0,3135.763964,True,
LOCAL-v1-q3-exactly16_sources-5060,3,candidate,16,191.95904225,0.013381166034378111,16,1.0,3071.344676,True,
LOCAL-v1-q3-exactly16_sources-5061,3,candidate,16,222.9339240625,0.010820082970894873,16,1.0,3566.942785,True,
LOCAL-v1-q3-exactly16_sources-5062,3,candidate,16,208.5170095,0.009863791987299919,16,1.0,3336.272152,True,
LOCAL-v1-q3-exactly16_sources-5063,3,candidate,16,174.9305949375,0.01145541702862829,16,1.0,2798.889519,True,
LOCAL-v1-q3-exactly16_sources-5064,3,candidate,16,222.760102625,0.012377000064589083,16,1.0,3564.161642,True,
LOCAL-v1-q3-exactly16_sources-5065,3,candidate,16,206.7835300625,0.012029584031552076,16,1.0,3308.536481,True,
LOCAL-v1-q3-exactly16_sources-5066,3,candidate,16,204.9948304375,0.010815958958119154,16,1.0,3279.917287,True,
LOCAL-v1-q3-exactly16_sources-5067,3,candidate,16,216.890235375,0.013591916998848319,16,1.0,3470.243766,True,
LOCAL-v1-q3-exactly16_sources-5068,3,candidate,16,198.9839875,0.011563541018404067,16,1.0,3183.7438,True,
LOCAL-v1-q3-exactly16_sources-5069,3,candidate,16,207.08786625,0.016007208032533526,16,1.0,3313.40586,True,
LOCAL-v1-q3-exactly16_sources-5070,3,candidate,16,201.0357156875,0.013128792052157223,16,1.0,3216.571451,True,
LOCAL-v1-q3-exactly16_sources-5071,3,candidate,16,188.28143925,0.013159832917153835,16,1.0,3012.503028,True,
LOCAL-v1-q3-exactly16_sources-5072,3,candidate,16,209.6394543125,0.012293540989048779,16,1.0,3354.231269,True,
LOCAL-v1-q3-exactly16_sources-5073,3,candidate,16,161.74233775,0.014909417019225657,16,1.0,2587.877404,True,
LOCAL-v1-q3-exactly16_sources-5074,3,candidate,16,224.6865696875,0.016681249951943755,16,1.0,3594.985115,True,
LOCAL-v1-q3-exactly16_sources-5075,3,candidate,16,214.525490625,0.01372849999461323,16,1.0,3432.40785,True,
LOCAL-v1-q3-exactly16_sources-5076,3,candidate,16,194.094075875,0.014696915983222425,16,1.0,3105.505214,True,
LOCAL-v1-q3-exactly16_sources-5077,3,candidate,16,185.5545620625,0.012575707980431616,16,1.0,2968.872993,True,
LOCAL-v1-q3-exactly16_sources-5078,3,candidate,16,192.0297361875,0.015757791115902364,16,1.0,3072.475779,True,
LOCAL-v1-q3-exactly16_sources-5079,3,candidate,16,220.7688395,0.012538209091871977,16,1.0,3532.301432,True,
LOCAL-v1-q3-exactly16_sources-5080,3,candidate,16,198.016815875,0.010927375056780875,16,1.0,3168.269054,True,
LOCAL-v1-q3-exactly16_sources-5081,3,candidate,16,211.2150706875,0.01722891698591411,16,1.0,3379.441131,True,
LOCAL-v1-q3-exactly16_sources-5082,3,candidate,16,192.78969475,0.010526875033974648,16,1.0,3084.635116,True,
LOCAL-v1-q3-exactly16_sources-5083,3,candidate,16,222.47303675,0.012476333999074996,16,1.0,3559.568588,True,
LOCAL-v1-q3-exactly16_sources-5084,3,candidate,16,226.2105185625,0.010751042049378157,16,1.0,3619.368297,True,
LOCAL-v1-q3-exactly16_sources-5085,3,candidate,16,190.406330125,0.013944457983598113,16,1.0,3046.501282,True,
LOCAL-v1-q3-exactly16_sources-5086,3,candidate,16,177.23033925,0.013557709055021405,16,1.0,2835.685428,True,
LOCAL-v1-q3-exactly16_sources-5087,3,candidate,16,196.1116893125,0.011484457994811237,16,1.0,3137.787029,True,
LOCAL-v1-q3-exactly16_sources-5088,3,candidate,16,195.5632575,0.01170137501321733,16,1.0,3129.01212,True,
LOCAL-v1-q3-exactly16_sources-5089,3,candidate,16,195.1499959375,0.02095595805440098,16,1.0,3122.399935,True,
LOCAL-v1-q3-exactly16_sources-5090,3,candidate,16,197.30658825,0.011253500008024275,16,1.0,3156.905412,True,
LOCAL-v1-q3-exactly16_sources-5091,3,candidate,16,215.5980400625,0.012727249995805323,16,1.0,3449.568641,True,
LOCAL-v1-q3-exactly16_sources-5092,3,candidate,16,207.07140275,0.021735207992605865,16,1.0,3313.142444,True,
LOCAL-v1-q3-exactly16_sources-5093,3,candidate,16,231.3669123125,0.0133366659283638,16,1.0,3701.870597,True,
LOCAL-v1-q3-exactly16_sources-5094,3,candidate,16,179.1817738125,0.013301291037350893,16,1.0,2866.908381,True,
LOCAL-v1-q3-exactly16_sources-5095,3,candidate,16,203.1167868125,0.011316042044200003,16,1.0,3249.868589,True,
LOCAL-v1-q3-exactly16_sources-5096,3,candidate,16,198.1282570625,0.014346290961839259,16,1.0,3170.052113,True,
LOCAL-v1-q3-exactly16_sources-5097,3,candidate,16,209.4846333125,0.0160749590722844,16,1.0,3351.754133,True,
LOCAL-v1-q3-exactly16_sources-5098,3,candidate,16,183.6506908125,0.012305875075981021,16,1.0,2938.411053,True,
LOCAL-v1-q3-exactly16_sources-5099,3,candidate,16,203.620474625,0.009788749972358346,16,1.0,3257.927594,True,
LOCAL-v1-q4-reference_assumed-5000,4,candidate,11,501.37775936363636,0.11893420794513077,11,1.0,5515.155353,True,
LOCAL-v1-q4-reference_assumed-5001,4,candidate,14,442.16223214285714,0.14545066701248288,14,1.0,6190.27125,True,
LOCAL-v1-q4-reference_assumed-5002,4,candidate,15,403.45582213333336,0.10266695905011147,15,1.0,6051.837332,True,
LOCAL-v1-q4-reference_assumed-5003,4,candidate,11,527.892257,0.09641962498426437,11,1.0,5806.814827,True,
LOCAL-v1-q4-reference_assumed-5004,4,candidate,12,474.27381875,0.09106508397962898,12,1.0,5691.285825,True,
LOCAL-v1-q4-reference_assumed-5005,4,candidate,11,492.19192836363635,0.08123774989508092,11,1.0,5414.111212,True,
LOCAL-v1-q4-reference_assumed-5006,4,candidate,11,505.1032803636363,0.10394404106773436,11,1.0,5556.136084,True,
LOCAL-v1-q4-reference_assumed-5007,4,candidate,11,519.3228109090909,0.08816841605585068,11,1.0,5712.55092,True,
LOCAL-v1-q4-reference_assumed-5008,4,candidate,10,584.5425659,0.10338058404158801,10,1.0,5845.425659,True,
LOCAL-v1-q4-reference_assumed-5009,4,candidate,14,404.93954478571425,0.09177574992645532,14,1.0,5669.153627,True,
LOCAL-v1-q4-reference_assumed-5010,4,candidate,12,455.90302525,0.07804091705475003,12,1.0,5470.836303,True,
LOCAL-v1-q4-reference_assumed-5011,4,candidate,15,385.9305686,0.10733816598076373,15,1.0,5788.958529,True,
LOCAL-v1-q4-reference_assumed-5012,4,candidate,10,590.4607426,0.07573258294723928,10,1.0,5904.607426,True,
LOCAL-v1-q4-reference_assumed-5013,4,candidate,12,502.20794125,0.15252899995539337,12,1.0,6026.495295,True,
LOCAL-v1-q4-reference_assumed-5014,4,candidate,11,515.949886,0.0686479170108214,11,1.0,5675.448746,True,
LOCAL-v1-q4-reference_assumed-5015,4,candidate,12,493.1452953333333,0.09857041598297656,12,1.0,5917.743544,True,
LOCAL-v1-q4-reference_assumed-5016,4,candidate,16,248.6877310625,0.09942008403595537,16,1.0,3979.003697,True,
LOCAL-v1-q4-reference_assumed-5017,4,candidate,15,431.2642796,0.11950441601220518,15,1.0,6468.964194,True,
LOCAL-v1-q4-reference_assumed-5018,4,candidate,10,582.6777669,0.09003645903430879,10,1.0,5826.777669,True,
LOCAL-v1-q4-reference_assumed-5019,4,candidate,11,526.6030420909091,0.07954837498255074,11,1.0,5792.633463,True,
LOCAL-v1-q4-reference_assumed-5020,4,candidate,16,235.9469245625,0.10114929091650993,16,1.0,3775.150793,True,
LOCAL-v1-q4-reference_assumed-5021,4,candidate,14,401.8618762142857,0.08528370806016028,14,1.0,5626.066267,True,
LOCAL-v1-q4-reference_assumed-5022,4,candidate,14,469.73467421428575,0.10897187504451722,14,1.0,6576.285439,True,
LOCAL-v1-q4-reference_assumed-5023,4,candidate,15,371.88269006666667,0.07577674998901784,15,1.0,5578.240351,True,
LOCAL-v1-q4-reference_assumed-5024,4,candidate,13,463.83223746153845,0.11230799998156726,13,1.0,6029.819087,True,
LOCAL-v1-q4-reference_assumed-5025,4,candidate,12,501.496414,0.0988860409706831,12,1.0,6017.956968,True,
LOCAL-v1-q4-reference_assumed-5026,4,candidate,15,381.09723180000003,0.11196379107423127,15,1.0,5716.458477,True,
LOCAL-v1-q4-reference_assumed-5027,4,candidate,11,517.9083114545455,0.07925333303865045,11,1.0,5696.991426,True,
LOCAL-v1-q4-reference_assumed-5028,4,candidate,10,644.7175456,0.07970591692719609,10,1.0,6447.175456,True,
LOCAL-v1-q4-reference_assumed-5029,4,candidate,11,561.60331,0.04538312496151775,11,1.0,6177.63641,True,
LOCAL-v1-q4-reference_assumed-5030,4,candidate,12,503.55481133333336,0.10498479206580669,12,1.0,6042.657736,True,
LOCAL-v1-q4-reference_assumed-5031,4,candidate,15,454.00898286666666,0.12043350003659725,15,1.0,6810.134743,True,
LOCAL-v1-q4-reference_assumed-5032,4,candidate,11,530.5532303636363,0.05088312504813075,11,1.0,5836.085534,True,
LOCAL-v1-q4-reference_assumed-5033,4,candidate,14,374.0266388571428,0.11630504194181412,14,1.0,5236.372944,True,
LOCAL-v1-q4-reference_assumed-5034,4,candidate,16,369.5069156875,0.11827016598545015,16,1.0,5912.110651,True,
LOCAL-v1-q4-reference_assumed-5035,4,candidate,10,667.5023846,0.10422433295752853,10,1.0,6675.023846,True,
LOCAL-v1-q4-reference_assumed-5036,4,candidate,15,422.0081864,0.14101033296901733,15,1.0,6330.122796,True,
LOCAL-v1-q4-reference_assumed-5037,4,candidate,15,428.869441,0.14213379204738885,15,1.0,6433.041615,True,
LOCAL-v1-q4-reference_assumed-5038,4,candidate,16,244.0983865,0.14813975000288337,16,1.0,3905.574184,True,
LOCAL-v1-q4-reference_assumed-5039,4,candidate,10,579.4381997,0.06603770796209574,10,1.0,5794.381997,True,
LOCAL-v1-q4-reference_assumed-5040,4,candidate,15,383.93132106666667,0.12421537493355572,15,1.0,5758.969816,True,
LOCAL-v1-q4-reference_assumed-5041,4,candidate,15,409.30415473333335,0.10832670901436359,15,1.0,6139.562321,True,
LOCAL-v1-q4-reference_assumed-5042,4,candidate,11,511.41367090909085,0.10462641599588096,11,1.0,5625.55038,True,
LOCAL-v1-q4-reference_assumed-5043,4,candidate,12,525.8568755833334,0.11055374995339662,12,1.0,6310.282507,True,
LOCAL-v1-q4-reference_assumed-5044,4,candidate,11,580.0722690909091,0.0889308750629425,11,1.0,6380.79496,True,
LOCAL-v1-q4-reference_assumed-5045,4,candidate,11,504.44078254545457,0.0973992079962045,11,1.0,5548.848608,True,
LOCAL-v1-q4-reference_assumed-5046,4,candidate,10,598.2880994,0.09001275000628084,10,1.0,5982.880994,True,
LOCAL-v1-q4-reference_assumed-5047,4,candidate,16,256.5169410625,0.14227816695347428,16,1.0,4104.271057,True,
LOCAL-v1-q4-reference_assumed-5048,4,candidate,12,486.0271524166667,0.06887512502726167,12,1.0,5832.325829,True,
LOCAL-v1-q4-reference_assumed-5049,4,candidate,10,624.9827832,0.06919458298943937,10,1.0,6249.827832,True,
LOCAL-v1-q4-reference_assumed-5050,4,candidate,15,362.8728978,0.15761450002901256,15,1.0,5443.093467,True,
LOCAL-v1-q4-reference_assumed-5051,4,candidate,11,548.8925159090909,0.06798849999904633,11,1.0,6037.817675,True,
LOCAL-v1-q4-reference_assumed-5052,4,candidate,13,431.6535136923077,0.1230860830983147,13,1.0,5611.495678,True,
LOCAL-v1-q4-reference_assumed-5053,4,candidate,16,276.57842125,0.14728691603522748,16,1.0,4425.25474,True,
LOCAL-v1-q4-reference_assumed-5054,4,candidate,16,338.2837555625,0.11864487500861287,16,1.0,5412.540089,True,
LOCAL-v1-q4-reference_assumed-5055,4,candidate,12,501.01977024999997,0.14818345790263265,12,1.0,6012.237243,True,
LOCAL-v1-q4-reference_assumed-5056,4,candidate,13,476.87693346153844,0.11723687499761581,13,1.0,6199.400135,True,
LOCAL-v1-q4-reference_assumed-5057,4,candidate,13,445.8657047692308,0.1420435420004651,13,1.0,5796.254162,True,
LOCAL-v1-q4-reference_assumed-5058,4,candidate,14,414.4374306428571,0.17518795793876052,14,1.0,5802.124029,True,
LOCAL-v1-q4-reference_assumed-5059,4,candidate,12,443.72579741666664,0.07655091700144112,12,1.0,5324.709569,True,
LOCAL-v1-q4-reference_assumed-5060,4,candidate,11,534.5643939090909,0.08617199992295355,11,1.0,5880.208333,True,
LOCAL-v1-q4-reference_assumed-5061,4,candidate,13,489.0882290769231,0.11547775007784367,13,1.0,6358.146978,True,
LOCAL-v1-q4-reference_assumed-5062,4,candidate,16,348.883491625,0.151634749956429,16,1.0,5582.135866,True,
LOCAL-v1-q4-reference_assumed-5063,4,candidate,15,378.8966512,0.17206775001250207,15,1.0,5683.449768,True,
LOCAL-v1-q4-reference_assumed-5064,4,candidate,13,479.37378307692313,0.09473787504248321,13,1.0,6231.85918,True,
LOCAL-v1-q4-reference_assumed-5065,4,candidate,12,521.1776939166667,0.1031188330380246,12,1.0,6254.132327,True,
LOCAL-v1-q4-reference_assumed-5066,4,candidate,10,577.8658105000001,0.05798037501517683,10,1.0,5778.658105,True,
LOCAL-v1-q4-reference_assumed-5067,4,candidate,16,310.41213275,0.14948237501084805,16,1.0,4966.594124,True,
LOCAL-v1-q4-reference_assumed-5068,4,candidate,13,458.7107527692308,0.07934850000310689,13,1.0,5963.239786,True,
LOCAL-v1-q4-reference_assumed-5069,4,candidate,14,418.1668752857143,0.10778137505985796,14,1.0,5854.336254,True,
LOCAL-v1-q4-reference_assumed-5070,4,candidate,12,467.52322741666666,0.08075083291623741,12,1.0,5610.278729,True,
LOCAL-v1-q4-reference_assumed-5071,4,candidate,12,460.2172704166667,0.09491416695527732,12,1.0,5522.607245,True,
LOCAL-v1-q4-reference_assumed-5072,4,candidate,15,416.2830922,0.10362554201856256,15,1.0,6244.246383,True,
LOCAL-v1-q4-reference_assumed-5073,4,candidate,10,572.1289825,0.06510258407797664,10,1.0,5721.289825,True,
LOCAL-v1-q4-reference_assumed-5074,4,candidate,16,255.048085125,0.11480500001925975,16,1.0,4080.769362,True,
LOCAL-v1-q4-reference_assumed-5075,4,candidate,15,364.5509696,0.09197433397639543,15,1.0,5468.264544,True,
LOCAL-v1-q4-reference_assumed-5076,4,candidate,12,486.14818025,0.10648225003387779,12,1.0,5833.778163,True,
LOCAL-v1-q4-reference_assumed-5077,4,candidate,14,401.7256377142857,0.04838970792479813,14,1.0,5624.158928,True,
LOCAL-v1-q4-reference_assumed-5078,4,candidate,13,426.3718350769231,0.10887729201931506,13,1.0,5542.833856,True,
LOCAL-v1-q4-reference_assumed-5079,4,candidate,10,559.1465673,0.08409999997820705,10,1.0,5591.465673,True,
LOCAL-v1-q4-reference_assumed-5080,4,candidate,10,586.1367634999999,0.07653220894280821,10,1.0,5861.367635,True,
LOCAL-v1-q4-reference_assumed-5081,4,candidate,16,323.257832875,0.13771058304701,16,1.0,5172.125326,True,
LOCAL-v1-q4-reference_assumed-5082,4,candidate,13,442.04703569230765,0.07222104200627655,13,1.0,5746.611464,True,
LOCAL-v1-q4-reference_assumed-5083,4,candidate,13,423.04257661538463,0.12479725002776831,13,1.0,5499.553496,True,
LOCAL-v1-q4-reference_assumed-5084,4,candidate,14,395.25102250000003,0.11818562494590878,14,1.0,5533.514315,True,
LOCAL-v1-q4-reference_assumed-5085,4,candidate,15,366.68888599999997,0.12717116600833833,15,1.0,5500.33329,True,
LOCAL-v1-q4-reference_assumed-5086,4,candidate,12,510.6580784166667,0.1408116250531748,12,1.0,6127.896941,True,
LOCAL-v1-q4-reference_assumed-5087,4,candidate,13,424.96749630769233,0.1453158330405131,13,1.0,5524.577452,True,
LOCAL-v1-q4-reference_assumed-5088,4,candidate,16,317.330517125,0.1311229169368744,16,1.0,5077.288274,True,
LOCAL-v1-q4-reference_assumed-5089,4,candidate,15,381.2185360666666,0.11749095900449902,15,1.0,5718.278041,True,
LOCAL-v1-q4-reference_assumed-5090,4,candidate,14,420.72310857142855,0.08511145808734,14,1.0,5890.12352,True,
LOCAL-v1-q4-reference_assumed-5091,4,candidate,12,504.3873323333333,0.08351754199247807,12,1.0,6052.647988,True,
LOCAL-v1-q4-reference_assumed-5092,4,candidate,11,500.9615956363636,0.06639575003646314,11,1.0,5510.577552,True,
LOCAL-v1-q4-reference_assumed-5093,4,candidate,15,419.22718686666667,0.14321466709952801,15,1.0,6288.407803,True,
LOCAL-v1-q4-reference_assumed-5094,4,candidate,11,534.7525483636364,0.09887295810040087,11,1.0,5882.278032,True,
LOCAL-v1-q4-reference_assumed-5095,4,candidate,10,618.1930218,0.09790620801504701,10,1.0,6181.930218,True,
LOCAL-v1-q4-reference_assumed-5096,4,candidate,14,385.4755718571428,0.0768377089407295,14,1.0,5396.658006,True,
LOCAL-v1-q4-reference_assumed-5097,4,candidate,13,438.26233261538465,0.05522812495473772,13,1.0,5697.410324,True,
LOCAL-v1-q4-reference_assumed-5098,4,candidate,16,216.0489039375,0.15980337490327656,16,1.0,3456.782463,True,
LOCAL-v1-q4-reference_assumed-5099,4,candidate,13,475.4362535384616,0.09777941601350904,13,1.0,6180.671296,True,
LOCAL-v1-q4-fixed_positive_bias-5000,4,candidate,11,506.8397780909091,0.1226844999473542,11,1.0,5575.237559,True,
LOCAL-v1-q4-fixed_positive_bias-5001,4,candidate,14,426.92046250000004,0.12727166700642556,14,1.0,5976.886475,True,
LOCAL-v1-q4-fixed_positive_bias-5002,4,candidate,15,399.7111711333334,0.11695824994239956,15,1.0,5995.667567,True,
LOCAL-v1-q4-fixed_positive_bias-5003,4,candidate,11,528.1640195454546,0.05489137500990182,11,1.0,5809.804215,True,
LOCAL-v1-q4-fixed_positive_bias-5004,4,candidate,12,472.16440874999995,0.08555304096080363,12,1.0,5665.972905,True,
LOCAL-v1-q4-fixed_positive_bias-5005,4,candidate,11,506.5673363636364,0.10221437504515052,11,1.0,5572.2407,True,
LOCAL-v1-q4-fixed_positive_bias-5006,4,candidate,11,512.645465090909,0.09482641704380512,11,1.0,5639.100116,True,
LOCAL-v1-q4-fixed_positive_bias-5007,4,candidate,11,519.1906574545454,0.08039387501776218,11,1.0,5711.097232,True,
LOCAL-v1-q4-fixed_positive_bias-5008,4,candidate,10,582.6891803000001,0.1184322499902919,10,1.0,5826.891803,True,
LOCAL-v1-q4-fixed_positive_bias-5009,4,candidate,14,414.70431014285714,0.13747275003697723,14,1.0,5805.860342,True,
LOCAL-v1-q4-fixed_positive_bias-5010,4,candidate,12,479.22446041666666,0.13451404101215303,12,1.0,5750.693525,True,
LOCAL-v1-q4-fixed_positive_bias-5011,4,candidate,15,377.92796813333337,0.09428033302538097,15,1.0,5668.919522,True,
LOCAL-v1-q4-fixed_positive_bias-5012,4,candidate,10,588.5726546,0.0829071250045672,10,1.0,5885.726546,True,
LOCAL-v1-q4-fixed_positive_bias-5013,4,candidate,12,495.7299893333333,0.12262745795305818,12,1.0,5948.759872,True,
LOCAL-v1-q4-fixed_positive_bias-5014,4,candidate,11,532.9526910909091,0.10928166611120105,11,1.0,5862.479602,True,
LOCAL-v1-q4-fixed_positive_bias-5015,4,candidate,12,494.1506243333333,0.13418329192791134,12,1.0,5929.807492,True,
LOCAL-v1-q4-fixed_positive_bias-5016,4,candidate,16,254.85122825,0.10749887500423938,16,1.0,4077.619652,True,
LOCAL-v1-q4-fixed_positive_bias-5017,4,candidate,15,420.1973276666667,0.2190302499802783,15,1.0,6302.959915,True,
LOCAL-v1-q4-fixed_positive_bias-5018,4,candidate,10,613.8108500999999,0.08978820801712573,10,1.0,6138.108501,True,
LOCAL-v1-q4-fixed_positive_bias-5019,4,candidate,11,525.8638474545455,0.07973733299877495,11,1.0,5784.502322,True,
LOCAL-v1-q4-fixed_positive_bias-5020,4,candidate,16,233.0921635,0.16364004206843674,16,1.0,3729.474616,True,
LOCAL-v1-q4-fixed_positive_bias-5021,4,candidate,14,440.1892326428571,0.13157258299179375,14,1.0,6162.649257,True,
LOCAL-v1-q4-fixed_positive_bias-5022,4,candidate,14,436.59346064285717,0.19796208397019655,14,1.0,6112.308449,True,
LOCAL-v1-q4-fixed_positive_bias-5023,4,candidate,15,372.6204876,0.20035654201637954,15,1.0,5589.307314,True,
LOCAL-v1-q4-fixed_positive_bias-5024,4,candidate,13,434.8498454615385,0.10818862495943904,13,1.0,5653.047991,True,
LOCAL-v1-q4-fixed_positive_bias-5025,4,candidate,12,503.66981358333334,0.1712221250636503,12,1.0,6044.037763,True,
LOCAL-v1-q4-fixed_positive_bias-5026,4,candidate,15,370.2600740666667,0.10587383306119591,15,1.0,5553.901111,True,
LOCAL-v1-q4-fixed_positive_bias-5027,4,candidate,11,518.3421600909091,0.10562095895875245,11,1.0,5701.763761,True,
LOCAL-v1-q4-fixed_positive_bias-5028,4,candidate,10,622.9292094,0.09045458293985575,10,1.0,6229.292094,True,
LOCAL-v1-q4-fixed_positive_bias-5029,4,candidate,11,545.1694206363636,0.07803100009914488,11,1.0,5996.863627,True,
LOCAL-v1-q4-fixed_positive_bias-5030,4,candidate,12,503.99589783333334,0.1501182089559734,12,1.0,6047.950774,True,
LOCAL-v1-q4-fixed_positive_bias-5031,4,candidate,15,418.44395786666666,0.18326229194644839,15,1.0,6276.659368,True,
LOCAL-v1-q4-fixed_positive_bias-5032,4,candidate,11,529.7640661818182,0.06648283288814127,11,1.0,5827.404728,True,
LOCAL-v1-q4-fixed_positive_bias-5033,4,candidate,14,408.8931874285714,0.0744817079976201,14,1.0,5724.504624,True,
LOCAL-v1-q4-fixed_positive_bias-5034,4,candidate,16,401.4859749375,0.0861741250846535,16,1.0,6423.775599,True,
LOCAL-v1-q4-fixed_positive_bias-5035,4,candidate,10,643.4171782999999,0.11142754089087248,10,1.0,6434.171783,True,
LOCAL-v1-q4-fixed_positive_bias-5036,4,candidate,15,457.1352948,0.1552491249749437,15,1.0,6857.029422,True,
LOCAL-v1-q4-fixed_positive_bias-5037,4,candidate,15,424.29899993333333,0.17395562492311,15,1.0,6364.484999,True,
LOCAL-v1-q4-fixed_positive_bias-5038,4,candidate,16,304.215631125,0.1419652079930529,16,1.0,4867.450098,True,
LOCAL-v1-q4-fixed_positive_bias-5039,4,candidate,10,562.9307249000001,0.08578574995044619,10,1.0,5629.307249,True,
LOCAL-v1-q4-fixed_positive_bias-5040,4,candidate,15,378.1618243333333,0.11159324995242059,15,1.0,5672.427365,True,
LOCAL-v1-q4-fixed_positive_bias-5041,4,candidate,15,403.0719539333333,0.11901716701686382,15,1.0,6046.079309,True,
LOCAL-v1-q4-fixed_positive_bias-5042,4,candidate,11,534.9639302727272,0.09849333402235061,11,1.0,5884.603233,True,
LOCAL-v1-q4-fixed_positive_bias-5043,4,candidate,12,528.2876705833334,0.13103133405093104,12,1.0,6339.452047,True,
LOCAL-v1-q4-fixed_positive_bias-5044,4,candidate,11,580.4057006363636,0.1193116249050945,11,1.0,6384.462707,True,
LOCAL-v1-q4-fixed_positive_bias-5045,4,candidate,11,511.8667393636364,0.11000362504273653,11,1.0,5630.534133,True,
LOCAL-v1-q4-fixed_positive_bias-5046,4,candidate,10,607.8174483,0.050288583035580814,10,1.0,6078.174483,True,
LOCAL-v1-q4-fixed_positive_bias-5047,4,candidate,16,257.018479375,0.16878245898988098,16,1.0,4112.29567,True,
LOCAL-v1-q4-fixed_positive_bias-5048,4,candidate,12,488.8136598333333,0.1226507080718875,12,1.0,5865.763918,True,
LOCAL-v1-q4-fixed_positive_bias-5049,4,candidate,10,623.2750063000001,0.11728158302139491,10,1.0,6232.750063,True,
LOCAL-v1-q4-fixed_positive_bias-5050,4,candidate,15,367.77443593333334,0.21669458295218647,15,1.0,5516.616539,True,
LOCAL-v1-q4-fixed_positive_bias-5051,4,candidate,11,530.7305990909091,0.07321654201950878,11,1.0,5838.03659,True,
LOCAL-v1-q4-fixed_positive_bias-5052,4,candidate,13,432.5151797692307,0.15117258403915912,13,1.0,5622.697337,True,
LOCAL-v1-q4-fixed_positive_bias-5053,4,candidate,16,282.4617081875,0.1772576660150662,16,1.0,4519.387331,True,
LOCAL-v1-q4-fixed_positive_bias-5054,4,candidate,16,306.572681,0.21374470798764378,16,1.0,4905.162896,True,
LOCAL-v1-q4-fixed_positive_bias-5055,4,candidate,12,479.54452175,0.15881858300417662,12,1.0,5754.534261,True,
LOCAL-v1-q4-fixed_positive_bias-5056,4,candidate,13,494.6346643076923,0.1280945420730859,13,1.0,6430.250636,True,
LOCAL-v1-q4-fixed_positive_bias-5057,4,candidate,13,447.67127384615384,0.10856179101392627,13,1.0,5819.72656,True,
LOCAL-v1-q4-fixed_positive_bias-5058,4,candidate,14,407.9482816428571,0.14214420795906335,14,1.0,5711.275943,True,
LOCAL-v1-q4-fixed_positive_bias-5059,4,candidate,12,452.4660304166667,0.08939429197926074,12,1.0,5429.592365,True,
LOCAL-v1-q4-fixed_positive_bias-5060,4,candidate,11,560.9514910909091,0.11718116700649261,11,1.0,6170.466402,True,
LOCAL-v1-q4-fixed_positive_bias-5061,4,candidate,13,473.02942215384616,0.1435930000152439,13,1.0,6149.382488,True,
LOCAL-v1-q4-fixed_positive_bias-5062,4,candidate,16,333.3043044375,0.15208150004036725,16,1.0,5332.868871,True,
LOCAL-v1-q4-fixed_positive_bias-5063,4,candidate,15,388.0658021333333,0.14934441691730171,15,1.0,5820.987032,True,
LOCAL-v1-q4-fixed_positive_bias-5064,4,candidate,13,475.0365177692308,0.11728779110126197,13,1.0,6175.474731,True,
LOCAL-v1-q4-fixed_positive_bias-5065,4,candidate,12,539.3473284166666,0.14782337506767362,12,1.0,6472.167941,True,
LOCAL-v1-q4-fixed_positive_bias-5066,4,candidate,10,576.6672550999999,0.08696862508077174,10,1.0,5766.672551,True,
LOCAL-v1-q4-fixed_positive_bias-5067,4,candidate,16,336.989231375,0.18785716604907066,16,1.0,5391.827702,True,
LOCAL-v1-q4-fixed_positive_bias-5068,4,candidate,13,451.5064026153846,0.12097237503621727,13,1.0,5869.583234,True,
LOCAL-v1-q4-fixed_positive_bias-5069,4,candidate,14,436.58603914285715,0.1668602080317214,14,1.0,6112.204548,True,
LOCAL-v1-q4-fixed_positive_bias-5070,4,candidate,12,488.66087208333335,0.10083237499929965,12,1.0,5863.930465,True,
LOCAL-v1-q4-fixed_positive_bias-5071,4,candidate,12,496.17779958333335,0.09180108306463808,12,1.0,5954.133595,True,
LOCAL-v1-q4-fixed_positive_bias-5072,4,candidate,15,392.60695806666666,0.1727111249929294,15,1.0,5889.104371,True,
LOCAL-v1-q4-fixed_positive_bias-5073,4,candidate,10,556.8310514,0.05400458304211497,10,1.0,5568.310514,True,
LOCAL-v1-q4-fixed_positive_bias-5074,4,candidate,16,321.1992525,0.10262491705361754,16,1.0,5139.18804,True,
LOCAL-v1-q4-fixed_positive_bias-5075,4,candidate,15,375.4059711333333,0.12814191600773484,15,1.0,5631.089567,True,
LOCAL-v1-q4-fixed_positive_bias-5076,4,candidate,12,484.2529501666667,0.1960122500313446,12,1.0,5811.035402,True,
LOCAL-v1-q4-fixed_positive_bias-5077,4,candidate,14,397.936811,0.09048804093617946,14,1.0,5571.115354,True,
LOCAL-v1-q4-fixed_positive_bias-5078,4,candidate,13,421.4564422307692,0.09120912500657141,13,1.0,5478.933749,True,
LOCAL-v1-q4-fixed_positive_bias-5079,4,candidate,10,558.0286332,0.06803954194765538,10,1.0,5580.286332,True,
LOCAL-v1-q4-fixed_positive_bias-5080,4,candidate,10,611.1104041,0.10370170895475894,10,1.0,6111.104041,True,
LOCAL-v1-q4-fixed_positive_bias-5081,4,candidate,16,270.6691,0.1800384169910103,16,1.0,4330.7056,True,
LOCAL-v1-q4-fixed_positive_bias-5082,4,candidate,13,455.2670453076923,0.1049310410162434,13,1.0,5918.471589,True,
LOCAL-v1-q4-fixed_positive_bias-5083,4,candidate,13,433.54151023076923,0.10435066698119044,13,1.0,5636.039633,True,
LOCAL-v1-q4-fixed_positive_bias-5084,4,candidate,14,399.3907910714286,0.12583562498912215,14,1.0,5591.471075,True,
LOCAL-v1-q4-fixed_positive_bias-5085,4,candidate,15,386.5916234,0.14853637502528727,15,1.0,5798.874351,True,
LOCAL-v1-q4-fixed_positive_bias-5086,4,candidate,12,512.3171241666666,0.1763737500878051,12,1.0,6147.80549,True,
LOCAL-v1-q4-fixed_positive_bias-5087,4,candidate,13,439.8720123846154,0.1300753749674186,13,1.0,5718.336161,True,
LOCAL-v1-q4-fixed_positive_bias-5088,4,candidate,16,315.60277375,0.20300245797261596,16,1.0,5049.64438,True,
LOCAL-v1-q4-fixed_positive_bias-5089,4,candidate,15,382.716901,0.07606904103886336,15,1.0,5740.753515,True,
LOCAL-v1-q4-fixed_positive_bias-5090,4,candidate,14,407.3340202142857,0.09407537500374019,14,1.0,5702.676283,True,
LOCAL-v1-q4-fixed_positive_bias-5091,4,candidate,12,484.984311,0.127538500004448,12,1.0,5819.811732,True,
LOCAL-v1-q4-fixed_positive_bias-5092,4,candidate,11,513.5245435454545,0.11556674994062632,11,1.0,5648.769979,True,
LOCAL-v1-q4-fixed_positive_bias-5093,4,candidate,15,417.52459146666666,0.17860520805697888,15,1.0,6262.868872,True,
LOCAL-v1-q4-fixed_positive_bias-5094,4,candidate,11,560.6852794545455,0.1110832499107346,11,1.0,6167.538074,True,
LOCAL-v1-q4-fixed_positive_bias-5095,4,candidate,10,595.7769096,0.20922174991574138,10,1.0,5957.769096,True,
LOCAL-v1-q4-fixed_positive_bias-5096,4,candidate,14,393.3222234285714,0.24371945799794048,14,1.0,5506.511128,True,
LOCAL-v1-q4-fixed_positive_bias-5097,4,candidate,13,446.2657046153846,0.15788758301641792,13,1.0,5801.45416,True,
LOCAL-v1-q4-fixed_positive_bias-5098,4,candidate,16,222.588281375,0.31585745804477483,16,1.0,3561.412502,True,
LOCAL-v1-q4-fixed_positive_bias-5099,4,candidate,13,494.8367856923077,0.1315242500277236,13,1.0,6432.878214,True,
LOCAL-v1-q4-fixed_negative_bias-5000,4,candidate,11,504.82239809090913,0.09713595791254193,11,1.0,5553.046379,True,
LOCAL-v1-q4-fixed_negative_bias-5001,4,candidate,14,428.066882,0.2585304999956861,14,1.0,5992.936348,True,
LOCAL-v1-q4-fixed_negative_bias-5002,4,candidate,15,409.5123322666667,0.16264266695361584,15,1.0,6142.684984,True,
LOCAL-v1-q4-fixed_negative_bias-5003,4,candidate,11,528.2820364545455,0.09994620794896036,11,1.0,5811.102401,True,
LOCAL-v1-q4-fixed_negative_bias-5004,4,candidate,12,475.75371416666667,0.14723929204046726,12,1.0,5709.04457,True,
LOCAL-v1-q4-fixed_negative_bias-5005,4,candidate,11,505.45188445454545,0.17497062496840954,11,1.0,5559.970729,True,
LOCAL-v1-q4-fixed_negative_bias-5006,4,candidate,11,506.27818945454544,0.1635926669696346,11,1.0,5569.060084,True,
LOCAL-v1-q4-fixed_negative_bias-5007,4,candidate,11,534.9414619090909,0.1366687499685213,11,1.0,5884.356081,True,
LOCAL-v1-q4-fixed_negative_bias-5008,4,candidate,10,598.8664312,0.10591883398592472,10,1.0,5988.664312,True,
LOCAL-v1-q4-fixed_negative_bias-5009,4,candidate,14,407.32904507142854,0.28642862499691546,14,1.0,5702.606631,True,
LOCAL-v1-q4-fixed_negative_bias-5010,4,candidate,12,453.59299758333333,0.15321299992501736,12,1.0,5443.115971,True,
LOCAL-v1-q4-fixed_negative_bias-5011,4,candidate,15,371.24367486666665,0.1302745840512216,15,1.0,5568.655123,True,
LOCAL-v1-q4-fixed_negative_bias-5012,4,candidate,10,582.4777167,0.06494770897552371,10,1.0,5824.777167,True,
LOCAL-v1-q4-fixed_negative_bias-5013,4,candidate,12,500.68402783333335,0.19105329201556742,12,1.0,6008.208334,True,
LOCAL-v1-q4-fixed_negative_bias-5014,4,candidate,11,522.4867661818181,0.0890454170294106,11,1.0,5747.354428,True,
LOCAL-v1-q4-fixed_negative_bias-5015,4,candidate,12,499.31933341666667,0.12682512495666742,12,1.0,5991.832001,True,
LOCAL-v1-q4-fixed_negative_bias-5016,4,candidate,16,254.986236625,0.15864866599440575,16,1.0,4079.779786,True,
LOCAL-v1-q4-fixed_negative_bias-5017,4,candidate,15,440.10494780000005,0.18780816695652902,15,1.0,6601.574217,True,
LOCAL-v1-q4-fixed_negative_bias-5018,4,candidate,10,583.0438615,0.10000112501438707,10,1.0,5830.438615,True,
LOCAL-v1-q4-fixed_negative_bias-5019,4,candidate,11,508.0938114545454,0.11365620803553611,11,1.0,5589.031926,True,
LOCAL-v1-q4-fixed_negative_bias-5020,4,candidate,16,236.180638375,0.15995208302047104,16,1.0,3778.890214,True,
LOCAL-v1-q4-fixed_negative_bias-5021,4,candidate,14,407.50063028571424,0.16842829203233123,14,1.0,5705.008824,True,
LOCAL-v1-q4-fixed_negative_bias-5022,4,candidate,14,474.6557687142857,0.14710258308332413,14,1.0,6645.180762,True,
LOCAL-v1-q4-fixed_negative_bias-5023,4,candidate,15,374.36119659999997,0.15708220889791846,15,1.0,5615.417949,True,
LOCAL-v1-q4-fixed_negative_bias-5024,4,candidate,13,455.09962276923073,0.11896245903335512,13,1.0,5916.295096,True,
LOCAL-v1-q4-fixed_negative_bias-5025,4,candidate,12,530.79766325,0.12356441700831056,12,1.0,6369.571959,True,
LOCAL-v1-q4-fixed_negative_bias-5026,4,candidate,15,366.7009293333333,0.1349173750495538,15,1.0,5500.51394,True,
LOCAL-v1-q4-fixed_negative_bias-5027,4,candidate,11,519.216067,0.10509970807470381,11,1.0,5711.376737,True,
LOCAL-v1-q4-fixed_negative_bias-5028,4,candidate,10,628.6684219,0.11237541702575982,10,1.0,6286.684219,True,
LOCAL-v1-q4-fixed_negative_bias-5029,4,candidate,11,594.6409817272727,0.09523791703395545,11,1.0,6541.050799,True,
LOCAL-v1-q4-fixed_negative_bias-5030,4,candidate,12,510.20949358333337,0.13188254192937165,12,1.0,6122.513923,True,
LOCAL-v1-q4-fixed_negative_bias-5031,4,candidate,15,459.600975,0.1682275419589132,15,1.0,6894.014625,True,
LOCAL-v1-q4-fixed_negative_bias-5032,4,candidate,11,530.5896758181818,0.08169374999124557,11,1.0,5836.486434,True,
LOCAL-v1-q4-fixed_negative_bias-5033,4,candidate,14,378.15704485714286,0.12277841591276228,14,1.0,5294.198628,True,
LOCAL-v1-q4-fixed_negative_bias-5034,4,candidate,16,368.6023710625,0.143141083070077,16,1.0,5897.637937,True,
LOCAL-v1-q4-fixed_negative_bias-5035,4,candidate,10,595.501732,0.1485211249673739,10,1.0,5955.01732,True,
LOCAL-v1-q4-fixed_negative_bias-5036,4,candidate,15,428.7400852666667,0.18077795894350857,15,1.0,6431.101279,True,
LOCAL-v1-q4-fixed_negative_bias-5037,4,candidate,15,433.7854317333333,0.21300320804584771,15,1.0,6506.781476,True,
LOCAL-v1-q4-fixed_negative_bias-5038,4,candidate,16,322.375777625,0.21199950005393475,16,1.0,5158.012442,True,
LOCAL-v1-q4-fixed_negative_bias-5039,4,candidate,10,590.9790276,0.11306529107969254,10,1.0,5909.790276,True,
LOCAL-v1-q4-fixed_negative_bias-5040,4,candidate,15,397.62761033333334,0.17079541692510247,15,1.0,5964.414155,True,
LOCAL-v1-q4-fixed_negative_bias-5041,4,candidate,15,433.35042873333333,0.18669979204423726,15,1.0,6500.256431,True,
LOCAL-v1-q4-fixed_negative_bias-5042,4,candidate,11,516.2580342727273,0.1005208749556914,11,1.0,5678.838377,True,
LOCAL-v1-q4-fixed_negative_bias-5043,4,candidate,12,508.8830310833334,0.19280370802152902,12,1.0,6106.596373,True,
LOCAL-v1-q4-fixed_negative_bias-5044,4,candidate,11,600.5390420909091,0.14696512499358505,11,1.0,6605.929463,True,
LOCAL-v1-q4-fixed_negative_bias-5045,4,candidate,11,502.1164213636364,0.1599039169959724,11,1.0,5523.280635,True,
LOCAL-v1-q4-fixed_negative_bias-5046,4,candidate,10,605.4506025,0.07856012508273125,10,1.0,6054.506025,True,
LOCAL-v1-q4-fixed_negative_bias-5047,4,candidate,16,261.196036125,0.17475941602606326,16,1.0,4179.136578,True,
LOCAL-v1-q4-fixed_negative_bias-5048,4,candidate,12,479.03603174999995,0.15991820790804923,12,1.0,5748.432381,True,
LOCAL-v1-q4-fixed_negative_bias-5049,4,candidate,10,625.6760809,0.10245812509674579,10,1.0,6256.760809,True,
LOCAL-v1-q4-fixed_negative_bias-5050,4,candidate,15,369.4410998,0.2017377499723807,15,1.0,5541.616497,True,
LOCAL-v1-q4-fixed_negative_bias-5051,4,candidate,11,525.5622670909091,0.10166587505955249,11,1.0,5781.184938,True,
LOCAL-v1-q4-fixed_negative_bias-5052,4,candidate,13,433.2854397692308,0.10526945791207254,13,1.0,5632.710717,True,
LOCAL-v1-q4-fixed_negative_bias-5053,4,candidate,16,303.3958605,0.2672947089886293,16,1.0,4854.333768,True,
LOCAL-v1-q4-fixed_negative_bias-5054,4,candidate,16,252.495907625,0.16340679198037833,16,1.0,4039.934522,True,
LOCAL-v1-q4-fixed_negative_bias-5055,4,candidate,12,502.7693515833334,0.2944644170347601,12,1.0,6033.232219,True,
LOCAL-v1-q4-fixed_negative_bias-5056,4,candidate,13,465.2411099230769,0.24213000002782792,13,1.0,6048.134429,True,
LOCAL-v1-q4-fixed_negative_bias-5057,4,candidate,13,447.2376611538462,0.19508900004439056,13,1.0,5814.089595,True,
LOCAL-v1-q4-fixed_negative_bias-5058,4,candidate,14,407.2474524285714,0.27049954095855355,14,1.0,5701.464334,True,
LOCAL-v1-q4-fixed_negative_bias-5059,4,candidate,12,445.62632025,0.18301845900714397,12,1.0,5347.515843,True,
LOCAL-v1-q4-fixed_negative_bias-5060,4,candidate,11,537.7784609090909,0.2471373330336064,11,1.0,5915.56307,True,
LOCAL-v1-q4-fixed_negative_bias-5061,4,candidate,13,442.48757338461536,0.2677877920214087,13,1.0,5752.338454,True,
LOCAL-v1-q4-fixed_negative_bias-5062,4,candidate,16,330.22547925,0.18737037503160536,16,1.0,5283.607668,True,
LOCAL-v1-q4-fixed_negative_bias-5063,4,candidate,15,380.58277333333336,0.24269191594794393,15,1.0,5708.7416,True,
LOCAL-v1-q4-fixed_negative_bias-5064,4,candidate,13,492.0314423846154,0.15371258393861353,13,1.0,6396.408751,True,
LOCAL-v1-q4-fixed_negative_bias-5065,4,candidate,12,502.2257468333333,0.1646817079745233,12,1.0,6026.708962,True,
LOCAL-v1-q4-fixed_negative_bias-5066,4,candidate,10,571.3875456,0.09032845904584974,10,1.0,5713.875456,True,
LOCAL-v1-q4-fixed_negative_bias-5067,4,candidate,16,318.775481875,0.1903770409990102,16,1.0,5100.40771,True,
LOCAL-v1-q4-fixed_negative_bias-5068,4,candidate,13,466.49015869230766,0.16493783402256668,13,1.0,6064.372063,True,
LOCAL-v1-q4-fixed_negative_bias-5069,4,candidate,14,413.4845824285714,0.1403994159772992,14,1.0,5788.784154,True,
LOCAL-v1-q4-fixed_negative_bias-5070,4,candidate,12,472.9557300833333,0.09475775004830211,12,1.0,5675.468761,True,
LOCAL-v1-q4-fixed_negative_bias-5071,4,candidate,12,467.09990783333336,0.12648629199247807,12,1.0,5605.198894,True,
LOCAL-v1-q4-fixed_negative_bias-5072,4,candidate,15,420.52810666666664,0.156561000039801,15,1.0,6307.9216,True,
LOCAL-v1-q4-fixed_negative_bias-5073,4,candidate,10,575.2563831,0.0801190409110859,10,1.0,5752.563831,True,
LOCAL-v1-q4-fixed_negative_bias-5074,4,candidate,16,279.85329575,0.14424999989569187,16,1.0,4477.652732,True,
LOCAL-v1-q4-fixed_negative_bias-5075,4,candidate,15,385.04194160000003,0.15282429195940495,15,1.0,5775.629124,True,
LOCAL-v1-q4-fixed_negative_bias-5076,4,candidate,12,492.53979541666666,0.11611083394382149,12,1.0,5910.477545,True,
LOCAL-v1-q4-fixed_negative_bias-5077,4,candidate,14,394.07172328571426,0.14729504100978374,14,1.0,5517.004126,True,
LOCAL-v1-q4-fixed_negative_bias-5078,4,candidate,13,420.1746787692308,0.1385376249672845,13,1.0,5462.270824,True,
LOCAL-v1-q4-fixed_negative_bias-5079,4,candidate,10,560.1414659,0.11225633404683322,10,1.0,5601.414659,True,
LOCAL-v1-q4-fixed_negative_bias-5080,4,candidate,10,590.1893477,0.15175179194193333,10,1.0,5901.893477,True,
LOCAL-v1-q4-fixed_negative_bias-5081,4,candidate,16,319.826373375,0.17067995795514435,16,1.0,5117.221974,True,
LOCAL-v1-q4-fixed_negative_bias-5082,4,candidate,13,441.9771032307692,0.09928137494716793,13,1.0,5745.702342,True,
LOCAL-v1-q4-fixed_negative_bias-5083,4,candidate,13,423.6682983076923,0.1214651670306921,13,1.0,5507.687878,True,
LOCAL-v1-q4-fixed_negative_bias-5084,4,candidate,14,412.88404242857143,0.18216020800173283,14,1.0,5780.376594,True,
LOCAL-v1-q4-fixed_negative_bias-5085,4,candidate,15,360.80081206666665,0.17513304098974913,15,1.0,5412.012181,True,
LOCAL-v1-q4-fixed_negative_bias-5086,4,candidate,12,501.50181991666665,0.13397179206367582,12,1.0,6018.021839,True,
LOCAL-v1-q4-fixed_negative_bias-5087,4,candidate,13,422.3858653076923,0.1313910409808159,13,1.0,5491.016249,True,
LOCAL-v1-q4-fixed_negative_bias-5088,4,candidate,16,339.740482,0.20063337497413158,16,1.0,5435.847712,True,
LOCAL-v1-q4-fixed_negative_bias-5089,4,candidate,15,381.739077,0.1533076249761507,15,1.0,5726.086155,True,
LOCAL-v1-q4-fixed_negative_bias-5090,4,candidate,14,417.57041792857143,0.10300137498416007,14,1.0,5845.985851,True,
LOCAL-v1-q4-fixed_negative_bias-5091,4,candidate,12,499.2544476666667,0.12707149994093925,12,1.0,5991.053372,True,
LOCAL-v1-q4-fixed_negative_bias-5092,4,candidate,11,509.202282,0.09034637489821762,11,1.0,5601.225102,True,
LOCAL-v1-q4-fixed_negative_bias-5093,4,candidate,15,415.38570013333333,0.13357445795554668,15,1.0,6230.785502,True,
LOCAL-v1-q4-fixed_negative_bias-5094,4,candidate,11,538.4103980909091,0.10416866699233651,11,1.0,5922.514379,True,
LOCAL-v1-q4-fixed_negative_bias-5095,4,candidate,10,625.0405486,0.13161712500732392,10,1.0,6250.405486,True,
LOCAL-v1-q4-fixed_negative_bias-5096,4,candidate,14,405.5079934285714,0.12371433398220688,14,1.0,5677.111908,True,
LOCAL-v1-q4-fixed_negative_bias-5097,4,candidate,13,450.7794870769231,0.10638020804617554,13,1.0,5860.133332,True,
LOCAL-v1-q4-fixed_negative_bias-5098,4,candidate,16,220.636005,0.19014462502673268,16,1.0,3530.17608,True,
LOCAL-v1-q4-fixed_negative_bias-5099,4,candidate,13,482.55656053846155,0.16410841594915837,13,1.0,6273.235287,True,
LOCAL-v1-q4-smooth_shared_field-5000,4,candidate,11,494.33952390909093,0.06873883295338601,11,1.0,5437.734763,True,
LOCAL-v1-q4-smooth_shared_field-5001,4,candidate,14,428.7202282142857,0.13260875002015382,14,1.0,6002.083195,True,
LOCAL-v1-q4-smooth_shared_field-5002,4,candidate,15,396.88146186666665,0.12555670808069408,15,1.0,5953.221928,True,
LOCAL-v1-q4-smooth_shared_field-5003,4,candidate,11,521.8001419999999,0.09152829099912196,11,1.0,5739.801562,True,
LOCAL-v1-q4-smooth_shared_field-5004,4,candidate,12,479.45389133333333,0.10281049995683134,12,1.0,5753.446696,True,
LOCAL-v1-q4-smooth_shared_field-5005,4,candidate,11,492.68435900000003,0.1088423749897629,11,1.0,5419.527949,True,
LOCAL-v1-q4-smooth_shared_field-5006,4,candidate,11,505.89665036363635,0.09957449999637902,11,1.0,5564.863154,True,
LOCAL-v1-q4-smooth_shared_field-5007,4,candidate,11,515.7058985454546,0.09668408299330622,11,1.0,5672.764884,True,
LOCAL-v1-q4-smooth_shared_field-5008,4,candidate,10,591.2219135,0.07655941706616431,10,1.0,5912.219135,True,
LOCAL-v1-q4-smooth_shared_field-5009,4,candidate,14,403.339066,0.1317234580637887,14,1.0,5646.746924,True,
LOCAL-v1-q4-smooth_shared_field-5010,4,candidate,12,474.85309241666664,0.12547124992124736,12,1.0,5698.237109,True,
LOCAL-v1-q4-smooth_shared_field-5011,4,candidate,15,388.45230753333334,0.1377679998986423,15,1.0,5826.784613,True,
LOCAL-v1-q4-smooth_shared_field-5012,4,candidate,10,583.4658071,0.07642583397682756,10,1.0,5834.658071,True,
LOCAL-v1-q4-smooth_shared_field-5013,4,candidate,12,495.44223908333333,0.14677750004921108,12,1.0,5945.306869,True,
LOCAL-v1-q4-smooth_shared_field-5014,4,candidate,11,518.3897740909091,0.07881370896939188,11,1.0,5702.287515,True,
LOCAL-v1-q4-smooth_shared_field-5015,4,candidate,12,500.9265431666667,0.12261504190973938,12,1.0,6011.118518,True,
LOCAL-v1-q4-smooth_shared_field-5016,4,candidate,16,279.7221164375,0.11127875000238419,16,1.0,4475.553863,True,
LOCAL-v1-q4-smooth_shared_field-5017,4,candidate,15,462.13410353333336,0.129546916927211,15,1.0,6932.011553,True,
LOCAL-v1-q4-smooth_shared_field-5018,4,candidate,10,584.7683491,0.09101766697131097,10,1.0,5847.683491,True,
LOCAL-v1-q4-smooth_shared_field-5019,4,candidate,11,507.4938340909091,0.10911783401388675,11,1.0,5582.432175,True,
LOCAL-v1-q4-smooth_shared_field-5020,4,candidate,16,230.06526825,0.14763120899442583,16,1.0,3681.044292,True,
LOCAL-v1-q4-smooth_shared_field-5021,4,candidate,14,413.97411835714286,0.10316599998623133,14,1.0,5795.637657,True,
LOCAL-v1-q4-smooth_shared_field-5022,4,candidate,14,435.7184625714286,0.12681904097553343,14,1.0,6100.058476,True,
LOCAL-v1-q4-smooth_shared_field-5023,4,candidate,15,385.7567816666667,0.10453866701573133,15,1.0,5786.351725,True,
LOCAL-v1-q4-smooth_shared_field-5024,4,candidate,13,459.6939214615385,0.09239850006997585,13,1.0,5976.020979,True,
LOCAL-v1-q4-smooth_shared_field-5025,4,candidate,12,526.4359035,0.09577695792540908,12,1.0,6317.230842,True,
LOCAL-v1-q4-smooth_shared_field-5026,4,candidate,15,369.0941194,0.0818239999935031,15,1.0,5536.411791,True,
LOCAL-v1-q4-smooth_shared_field-5027,4,candidate,11,514.7136084545455,0.04610570799559355,11,1.0,5661.849693,True,
LOCAL-v1-q4-smooth_shared_field-5028,4,candidate,10,630.1856176,0.06613512500189245,10,1.0,6301.856176,True,
LOCAL-v1-q4-smooth_shared_field-5029,4,candidate,11,583.1503475454546,0.05516666604671627,11,1.0,6414.653823,True,
LOCAL-v1-q4-smooth_shared_field-5030,4,candidate,12,502.4743235833334,0.11121737502980977,12,1.0,6029.691883,True,
LOCAL-v1-q4-smooth_shared_field-5031,4,candidate,15,450.31742913333335,0.11628212500363588,15,1.0,6754.761437,True,
LOCAL-v1-q4-smooth_shared_field-5032,4,candidate,11,530.0606443636364,0.06904379196930677,11,1.0,5830.667088,True,
LOCAL-v1-q4-smooth_shared_field-5033,4,candidate,14,386.4375784285714,0.06064429203979671,14,1.0,5410.126098,True,
LOCAL-v1-q4-smooth_shared_field-5034,4,candidate,16,368.7751235,0.11438579100649804,16,1.0,5900.401976,True,
LOCAL-v1-q4-smooth_shared_field-5035,4,candidate,10,672.6673314,0.08787037502042949,10,1.0,6726.673314,True,
LOCAL-v1-q4-smooth_shared_field-5036,4,candidate,15,420.7886347333333,0.12760808400344104,15,1.0,6311.829521,True,
LOCAL-v1-q4-smooth_shared_field-5037,4,candidate,15,398.47241233333335,0.17001458397135139,15,1.0,5977.086185,True,
LOCAL-v1-q4-smooth_shared_field-5038,4,candidate,16,320.5447843125,0.12601304100826383,16,1.0,5128.716549,True,
LOCAL-v1-q4-smooth_shared_field-5039,4,candidate,10,592.5886515999999,0.11696795804891735,10,1.0,5925.886516,True,
LOCAL-v1-q4-smooth_shared_field-5040,4,candidate,15,381.6198044,0.13697037496604025,15,1.0,5724.297066,True,
LOCAL-v1-q4-smooth_shared_field-5041,4,candidate,15,396.2033138,0.1704615839989856,15,1.0,5943.049707,True,
LOCAL-v1-q4-smooth_shared_field-5042,4,candidate,11,510.41885245454546,0.11691508302465081,11,1.0,5614.607377,True,
LOCAL-v1-q4-smooth_shared_field-5043,4,candidate,12,516.0644034166667,0.14213612501043826,12,1.0,6192.772841,True,
LOCAL-v1-q4-smooth_shared_field-5044,4,candidate,11,597.5675623636363,0.16819979099091142,11,1.0,6573.243186,True,
LOCAL-v1-q4-smooth_shared_field-5045,4,candidate,11,503.99299645454545,0.10767258307896554,11,1.0,5543.922961,True,
LOCAL-v1-q4-smooth_shared_field-5046,4,candidate,10,600.7095833000001,0.09750791708938777,10,1.0,6007.095833,True,
LOCAL-v1-q4-smooth_shared_field-5047,4,candidate,16,205.0021419375,0.1974204999860376,16,1.0,3280.034271,True,
LOCAL-v1-q4-smooth_shared_field-5048,4,candidate,12,482.1960515833334,0.09461462497711182,12,1.0,5786.352619,True,
LOCAL-v1-q4-smooth_shared_field-5049,4,candidate,10,613.2414267,0.11253579100593925,10,1.0,6132.414267,True,
LOCAL-v1-q4-smooth_shared_field-5050,4,candidate,15,358.665512,0.16514808288775384,15,1.0,5379.98268,True,
LOCAL-v1-q4-smooth_shared_field-5051,4,candidate,11,539.4585309090909,0.07347429194487631,11,1.0,5934.04384,True,
LOCAL-v1-q4-smooth_shared_field-5052,4,candidate,13,430.31872253846154,0.09262949996627867,13,1.0,5594.143393,True,
LOCAL-v1-q4-smooth_shared_field-5053,4,candidate,16,298.4960769375,0.1429649580968544,16,1.0,4775.937231,True,
LOCAL-v1-q4-smooth_shared_field-5054,4,candidate,16,297.0784325,0.18292579206172377,16,1.0,4753.25492,True,
LOCAL-v1-q4-smooth_shared_field-5055,4,candidate,12,510.67552758333335,0.12644541705958545,12,1.0,6128.106331,True,
LOCAL-v1-q4-smooth_shared_field-5056,4,candidate,13,493.26542246153844,0.14642029197420925,13,1.0,6412.450492,True,
LOCAL-v1-q4-smooth_shared_field-5057,4,candidate,13,435.8372553846154,0.15062954102177173,13,1.0,5665.88432,True,
LOCAL-v1-q4-smooth_shared_field-5058,4,candidate,14,404.6948596428571,0.13293783401604742,14,1.0,5665.728035,True,
LOCAL-v1-q4-smooth_shared_field-5059,4,candidate,12,453.77953049999996,0.11703241697978228,12,1.0,5445.354366,True,
LOCAL-v1-q4-smooth_shared_field-5060,4,candidate,11,528.235311,0.11038995906710625,11,1.0,5810.588421,True,
LOCAL-v1-q4-smooth_shared_field-5061,4,candidate,13,482.2892635384615,0.11408625007607043,13,1.0,6269.760426,True,
LOCAL-v1-q4-smooth_shared_field-5062,4,candidate,16,269.4360851875,0.11971079197246581,16,1.0,4310.977363,True,
LOCAL-v1-q4-smooth_shared_field-5063,4,candidate,15,384.5160992,0.1780054169939831,15,1.0,5767.741488,True,
LOCAL-v1-q4-smooth_shared_field-5064,4,candidate,13,463.928722,0.12392262497451156,13,1.0,6031.073386,True,
LOCAL-v1-q4-smooth_shared_field-5065,4,candidate,12,520.6185704166667,0.15459449996706098,12,1.0,6247.422845,True,
LOCAL-v1-q4-smooth_shared_field-5066,4,candidate,10,574.3733225,0.07566041604150087,10,1.0,5743.733225,True,
LOCAL-v1-q4-smooth_shared_field-5067,4,candidate,16,310.4746893125,0.1944405420217663,16,1.0,4967.595029,True,
LOCAL-v1-q4-smooth_shared_field-5068,4,candidate,13,457.3400880769231,0.07835108297877014,13,1.0,5945.421145,True,
LOCAL-v1-q4-smooth_shared_field-5069,4,candidate,14,415.6744280714286,0.127507625031285,14,1.0,5819.441993,True,
LOCAL-v1-q4-smooth_shared_field-5070,4,candidate,12,463.67852633333337,0.06263795797713101,12,1.0,5564.142316,True,
LOCAL-v1-q4-smooth_shared_field-5071,4,candidate,12,460.5265674166667,0.09758029202930629,12,1.0,5526.318809,True,
LOCAL-v1-q4-smooth_shared_field-5072,4,candidate,15,412.5460604,0.13658399996347725,15,1.0,6188.190906,True,
LOCAL-v1-q4-smooth_shared_field-5073,4,candidate,10,564.0570524,0.057936792029067874,10,1.0,5640.570524,True,
LOCAL-v1-q4-smooth_shared_field-5074,4,candidate,16,255.79326125,0.1163419169606641,16,1.0,4092.69218,True,
LOCAL-v1-q4-smooth_shared_field-5075,4,candidate,15,380.23816466666665,0.1439140000147745,15,1.0,5703.57247,True,
LOCAL-v1-q4-smooth_shared_field-5076,4,candidate,12,493.2449605,0.09142574993893504,12,1.0,5918.939526,True,
LOCAL-v1-q4-smooth_shared_field-5077,4,candidate,14,403.8425782142857,0.12260849995072931,14,1.0,5653.796095,True,
LOCAL-v1-q4-smooth_shared_field-5078,4,candidate,13,419.81758584615386,0.09012391709256917,13,1.0,5457.628616,True,
LOCAL-v1-q4-smooth_shared_field-5079,4,candidate,10,571.2424392,0.09787479101214558,10,1.0,5712.424392,True,
LOCAL-v1-q4-smooth_shared_field-5080,4,candidate,10,585.4915966,0.1036075409501791,10,1.0,5854.915966,True,
LOCAL-v1-q4-smooth_shared_field-5081,4,candidate,16,244.9424469375,0.14459441707003862,16,1.0,3919.079151,True,
LOCAL-v1-q4-smooth_shared_field-5082,4,candidate,13,443.47547523076923,0.07521745807025582,13,1.0,5765.181178,True,
LOCAL-v1-q4-smooth_shared_field-5083,4,candidate,13,425.0037396153846,0.11133512505330145,13,1.0,5525.048615,True,
LOCAL-v1-q4-smooth_shared_field-5084,4,candidate,14,417.20329621428573,0.14911779202520847,14,1.0,5840.846147,True,
LOCAL-v1-q4-smooth_shared_field-5085,4,candidate,15,362.9304436666667,0.11284429195802659,15,1.0,5443.956655,True,
LOCAL-v1-q4-smooth_shared_field-5086,4,candidate,12,496.6764665,0.11310983297880739,12,1.0,5960.117598,True,
LOCAL-v1-q4-smooth_shared_field-5087,4,candidate,13,442.28586015384616,0.10967566596809775,13,1.0,5749.716182,True,
LOCAL-v1-q4-smooth_shared_field-5088,4,candidate,16,310.678648125,0.1514694170327857,16,1.0,4970.85837,True,
LOCAL-v1-q4-smooth_shared_field-5089,4,candidate,15,382.252768,0.14758362504653633,15,1.0,5733.79152,True,
LOCAL-v1-q4-smooth_shared_field-5090,4,candidate,14,416.13454428571424,0.101315249921754,14,1.0,5825.88362,True,
LOCAL-v1-q4-smooth_shared_field-5091,4,candidate,12,479.49701699999997,0.0847524160053581,12,1.0,5753.964204,True,
LOCAL-v1-q4-smooth_shared_field-5092,4,candidate,11,509.49464681818176,0.05773287499323487,11,1.0,5604.441115,True,
LOCAL-v1-q4-smooth_shared_field-5093,4,candidate,15,397.6787597333333,0.13067079102620482,15,1.0,5965.181396,True,
LOCAL-v1-q4-smooth_shared_field-5094,4,candidate,11,537.8082679090909,0.08858295890968293,11,1.0,5915.890947,True,
LOCAL-v1-q4-smooth_shared_field-5095,4,candidate,10,592.5765964999999,0.09770008397754282,10,1.0,5925.765965,True,
LOCAL-v1-q4-smooth_shared_field-5096,4,candidate,14,392.31943864285716,0.0999735000077635,14,1.0,5492.472141,True,
LOCAL-v1-q4-smooth_shared_field-5097,4,candidate,13,444.4462720769231,0.09994874999392778,13,1.0,5777.801537,True,
LOCAL-v1-q4-smooth_shared_field-5098,4,candidate,16,220.2992311875,0.17003391694743186,16,1.0,3524.787699,True,
LOCAL-v1-q4-smooth_shared_field-5099,4,candidate,13,477.1674714615384,0.0945353340357542,13,1.0,6203.177129,True,
LOCAL-v1-q4-cell50_shared_field-5000,4,candidate,11,491.4160417272727,0.11001774994656444,11,1.0,5405.576459,True,
LOCAL-v1-q4-cell50_shared_field-5001,4,candidate,14,413.0261828571429,0.15279712504707277,14,1.0,5782.36656,True,
LOCAL-v1-q4-cell50_shared_field-5002,4,candidate,15,404.036502,0.16643966606352478,15,1.0,6060.54753,True,
LOCAL-v1-q4-cell50_shared_field-5003,4,candidate,11,522.452210090909,0.09125562501139939,11,1.0,5746.974311,True,
LOCAL-v1-q4-cell50_shared_field-5004,4,candidate,12,475.64567791666667,0.1266189580783248,12,1.0,5707.748135,True,
LOCAL-v1-q4-cell50_shared_field-5005,4,candidate,11,505.0991500909091,0.0953364169690758,11,1.0,5556.090651,True,
LOCAL-v1-q4-cell50_shared_field-5006,4,candidate,11,504.53913445454543,0.08200637495610863,11,1.0,5549.930479,True,
LOCAL-v1-q4-cell50_shared_field-5007,4,candidate,11,518.347238909091,0.0882574999704957,11,1.0,5701.819628,True,
LOCAL-v1-q4-cell50_shared_field-5008,4,candidate,10,587.8339751999999,0.10140566597692668,10,1.0,5878.339752,True,
LOCAL-v1-q4-cell50_shared_field-5009,4,candidate,14,413.69076428571424,0.1410249168984592,14,1.0,5791.6707,True,
LOCAL-v1-q4-cell50_shared_field-5010,4,candidate,12,459.5299596666667,0.0971718339715153,12,1.0,5514.359516,True,
LOCAL-v1-q4-cell50_shared_field-5011,4,candidate,15,377.8356832,0.1563489579129964,15,1.0,5667.535248,True,
LOCAL-v1-q4-cell50_shared_field-5012,4,candidate,10,592.7758793,0.07027112494688481,10,1.0,5927.758793,True,
LOCAL-v1-q4-cell50_shared_field-5013,4,candidate,12,502.07815566666665,0.11991937493439764,12,1.0,6024.937868,True,
LOCAL-v1-q4-cell50_shared_field-5014,4,candidate,11,524.4988215454546,0.09813541697803885,11,1.0,5769.487037,True,
LOCAL-v1-q4-cell50_shared_field-5015,4,candidate,12,504.80453274999996,0.13780220795888454,12,1.0,6057.654393,True,
LOCAL-v1-q4-cell50_shared_field-5016,4,candidate,16,252.396164,0.11604641703888774,16,1.0,4038.338624,True,
LOCAL-v1-q4-cell50_shared_field-5017,4,candidate,15,439.37663953333333,0.1693573750089854,15,1.0,6590.649593,True,
LOCAL-v1-q4-cell50_shared_field-5018,4,candidate,10,586.6270433,0.10441558388993144,10,1.0,5866.270433,True,
LOCAL-v1-q4-cell50_shared_field-5019,4,candidate,11,518.5613634545455,0.10981804190669209,11,1.0,5704.174998,True,
LOCAL-v1-q4-cell50_shared_field-5020,4,candidate,16,228.6501025,0.19552341697271913,16,1.0,3658.40164,True,
LOCAL-v1-q4-cell50_shared_field-5021,4,candidate,14,409.7063625714286,0.11794383404776454,14,1.0,5735.889076,True,
LOCAL-v1-q4-cell50_shared_field-5022,4,candidate,14,468.3567014285714,0.13486608304083347,14,1.0,6556.99382,True,
LOCAL-v1-q4-cell50_shared_field-5023,4,candidate,15,366.5864964666667,0.13161720894277096,15,1.0,5498.797447,True,
LOCAL-v1-q4-cell50_shared_field-5024,4,candidate,13,430.65292107692306,0.0914894170127809,13,1.0,5598.487974,True,
LOCAL-v1-q4-cell50_shared_field-5025,4,candidate,12,502.43225349999994,0.10880483395885676,12,1.0,6029.187042,True,
LOCAL-v1-q4-cell50_shared_field-5026,4,candidate,15,385.9222636,0.12028362497221678,15,1.0,5788.833954,True,
LOCAL-v1-q4-cell50_shared_field-5027,4,candidate,11,519.0427792727273,0.07851637504063547,11,1.0,5709.470572,True,
LOCAL-v1-q4-cell50_shared_field-5028,4,candidate,10,610.2897829,0.12595062504988164,10,1.0,6102.897829,True,
LOCAL-v1-q4-cell50_shared_field-5029,4,candidate,11,571.2029104545454,0.06926654104609042,11,1.0,6283.232015,True,
LOCAL-v1-q4-cell50_shared_field-5030,4,candidate,12,500.75691066666667,0.11994595895521343,12,1.0,6009.082928,True,
LOCAL-v1-q4-cell50_shared_field-5031,4,candidate,15,437.9582488666667,0.18832324992399663,15,1.0,6569.373733,True,
LOCAL-v1-q4-cell50_shared_field-5032,4,candidate,11,530.4552992727273,0.07218883302994072,11,1.0,5835.008292,True,
LOCAL-v1-q4-cell50_shared_field-5033,4,candidate,14,384.5777697142857,0.13965391705278307,14,1.0,5384.088776,True,
LOCAL-v1-q4-cell50_shared_field-5034,4,candidate,16,399.01209275,0.1022994170198217,16,1.0,6384.193484,True,
LOCAL-v1-q4-cell50_shared_field-5035,4,candidate,10,589.9401912999999,0.1478639580309391,10,1.0,5899.401913,True,
LOCAL-v1-q4-cell50_shared_field-5036,4,candidate,15,414.88311473333334,0.15848791599273682,15,1.0,6223.246721,True,
LOCAL-v1-q4-cell50_shared_field-5037,4,candidate,15,392.1558455333333,0.11185991601087153,15,1.0,5882.337683,True,
LOCAL-v1-q4-cell50_shared_field-5038,4,candidate,16,323.1036868125,0.15701241698116064,16,1.0,5169.658989,True,
LOCAL-v1-q4-cell50_shared_field-5039,4,candidate,10,569.9302315,0.06005025003105402,10,1.0,5699.302315,True,
LOCAL-v1-q4-cell50_shared_field-5040,4,candidate,15,376.95895766666666,0.1582287079654634,15,1.0,5654.384365,True,
LOCAL-v1-q4-cell50_shared_field-5041,4,candidate,15,403.8978209333334,0.08969116699881852,15,1.0,6058.467314,True,
LOCAL-v1-q4-cell50_shared_field-5042,4,candidate,11,534.9478290909091,0.10504841594956815,11,1.0,5884.42612,True,
LOCAL-v1-q4-cell50_shared_field-5043,4,candidate,12,510.87412216666667,0.14162129198666662,12,1.0,6130.489466,True,
LOCAL-v1-q4-cell50_shared_field-5044,4,candidate,11,570.0730728181818,0.10167454206384718,11,1.0,6270.803801,True,
LOCAL-v1-q4-cell50_shared_field-5045,4,candidate,11,506.92403645454544,0.09680958290118724,11,1.0,5576.164401,True,
LOCAL-v1-q4-cell50_shared_field-5046,4,candidate,10,600.2888789,0.10445500002242625,10,1.0,6002.888789,True,
LOCAL-v1-q4-cell50_shared_field-5047,4,candidate,16,257.459525125,0.17867766704875976,16,1.0,4119.352402,True,
LOCAL-v1-q4-cell50_shared_field-5048,4,candidate,12,462.1946081666667,0.09768991603050381,12,1.0,5546.335298,True,
LOCAL-v1-q4-cell50_shared_field-5049,4,candidate,10,633.8217649000001,0.1106166250538081,10,1.0,6338.217649,True,
LOCAL-v1-q4-cell50_shared_field-5050,4,candidate,15,371.95761733333336,0.13674070895649493,15,1.0,5579.36426,True,
LOCAL-v1-q4-cell50_shared_field-5051,4,candidate,11,547.8852790909091,0.056435041944496334,11,1.0,6026.73807,True,
LOCAL-v1-q4-cell50_shared_field-5052,4,candidate,13,434.8371374615384,0.14312991709448397,13,1.0,5652.882787,True,
LOCAL-v1-q4-cell50_shared_field-5053,4,candidate,16,288.140609,0.12665162503253669,16,1.0,4610.249744,True,
LOCAL-v1-q4-cell50_shared_field-5054,4,candidate,16,268.6699203125,0.14544329198542982,16,1.0,4298.718725,True,
LOCAL-v1-q4-cell50_shared_field-5055,4,candidate,12,522.2671739166666,0.12869445804972202,12,1.0,6267.206087,True,
LOCAL-v1-q4-cell50_shared_field-5056,4,candidate,13,477.01340000000005,0.09524866694118828,13,1.0,6201.1742,True,
LOCAL-v1-q4-cell50_shared_field-5057,4,candidate,13,443.45029784615383,0.12378245894797146,13,1.0,5764.853872,True,
LOCAL-v1-q4-cell50_shared_field-5058,4,candidate,14,408.86242878571426,0.15718387498054653,14,1.0,5724.074003,True,
LOCAL-v1-q4-cell50_shared_field-5059,4,candidate,12,458.1959865833333,0.10623479203786701,12,1.0,5498.351839,True,
LOCAL-v1-q4-cell50_shared_field-5060,4,candidate,11,542.5501239090909,0.08449570892844349,11,1.0,5968.051363,True,
LOCAL-v1-q4-cell50_shared_field-5061,4,candidate,13,455.7591461538462,0.17931762500666082,13,1.0,5924.8689,True,
LOCAL-v1-q4-cell50_shared_field-5062,4,candidate,16,274.7288260625,0.13208366697654128,16,1.0,4395.661217,True,
LOCAL-v1-q4-cell50_shared_field-5063,4,candidate,15,379.83254306666663,0.18927720899228007,15,1.0,5697.488146,True,
LOCAL-v1-q4-cell50_shared_field-5064,4,candidate,13,437.53310676923076,0.1364766659680754,13,1.0,5687.930388,True,
LOCAL-v1-q4-cell50_shared_field-5065,4,candidate,12,520.7469444166667,0.16051229205913842,12,1.0,6248.963333,True,
LOCAL-v1-q4-cell50_shared_field-5066,4,candidate,10,571.0777404,0.04926258302293718,10,1.0,5710.777404,True,
LOCAL-v1-q4-cell50_shared_field-5067,4,candidate,16,310.305540625,0.15515374997630715,16,1.0,4964.88865,True,
LOCAL-v1-q4-cell50_shared_field-5068,4,candidate,13,453.36462253846156,0.09582420799415559,13,1.0,5893.740093,True,
LOCAL-v1-q4-cell50_shared_field-5069,4,candidate,14,433.78695592857144,0.1704749169293791,14,1.0,6073.017383,True,
LOCAL-v1-q4-cell50_shared_field-5070,4,candidate,12,469.25121816666666,0.11203779093921185,12,1.0,5631.014618,True,
LOCAL-v1-q4-cell50_shared_field-5071,4,candidate,12,461.6759215,0.11228958400897682,12,1.0,5540.111058,True,
LOCAL-v1-q4-cell50_shared_field-5072,4,candidate,15,410.50312053333334,0.17939670803025365,15,1.0,6157.546808,True,
LOCAL-v1-q4-cell50_shared_field-5073,4,candidate,10,561.8868346,0.05711375002283603,10,1.0,5618.868346,True,
LOCAL-v1-q4-cell50_shared_field-5074,4,candidate,16,337.6719699375,0.16564175009261817,16,1.0,5402.751519,True,
LOCAL-v1-q4-cell50_shared_field-5075,4,candidate,15,386.7565304666667,0.1098660840652883,15,1.0,5801.347957,True,
LOCAL-v1-q4-cell50_shared_field-5076,4,candidate,12,486.18904941666665,0.11888566694688052,12,1.0,5834.268593,True,
LOCAL-v1-q4-cell50_shared_field-5077,4,candidate,14,401.84520628571426,0.06484704196918756,14,1.0,5625.832888,True,
LOCAL-v1-q4-cell50_shared_field-5078,4,candidate,13,430.25626476923077,0.10835179197601974,13,1.0,5593.331442,True,
LOCAL-v1-q4-cell50_shared_field-5079,4,candidate,10,557.3867422999999,0.0994477499043569,10,1.0,5573.867423,True,
LOCAL-v1-q4-cell50_shared_field-5080,4,candidate,10,618.7464539,0.06735062494408339,10,1.0,6187.464539,True,
LOCAL-v1-q4-cell50_shared_field-5081,4,candidate,16,261.3834275625,0.1930100000463426,16,1.0,4182.134841,True,
LOCAL-v1-q4-cell50_shared_field-5082,4,candidate,13,442.2922703076923,0.07984229200519621,13,1.0,5749.799514,True,
LOCAL-v1-q4-cell50_shared_field-5083,4,candidate,13,422.6476816153846,0.10432166699320078,13,1.0,5494.419861,True,
LOCAL-v1-q4-cell50_shared_field-5084,4,candidate,14,397.57713835714287,0.1437301670666784,14,1.0,5566.079937,True,
LOCAL-v1-q4-cell50_shared_field-5085,4,candidate,15,374.3587094,0.13281045807525516,15,1.0,5615.380641,True,
LOCAL-v1-q4-cell50_shared_field-5086,4,candidate,12,483.62457049999995,0.14793479209765792,12,1.0,5803.494846,True,
LOCAL-v1-q4-cell50_shared_field-5087,4,candidate,13,439.27843915384614,0.1342365830205381,13,1.0,5710.619709,True,
LOCAL-v1-q4-cell50_shared_field-5088,4,candidate,16,308.999044375,0.17303695797454566,16,1.0,4943.98471,True,
LOCAL-v1-q4-cell50_shared_field-5089,4,candidate,15,378.0191684666667,0.12265445804223418,15,1.0,5670.287527,True,
LOCAL-v1-q4-cell50_shared_field-5090,4,candidate,14,413.9048672857143,0.11208354204427451,14,1.0,5794.668142,True,
LOCAL-v1-q4-cell50_shared_field-5091,4,candidate,12,479.57373766666666,0.10095941706094891,12,1.0,5754.884852,True,
LOCAL-v1-q4-cell50_shared_field-5092,4,candidate,11,509.29570827272727,0.08015795797109604,11,1.0,5602.252791,True,
LOCAL-v1-q4-cell50_shared_field-5093,4,candidate,15,412.88275326666667,0.17653854191303253,15,1.0,6193.241299,True,
LOCAL-v1-q4-cell50_shared_field-5094,4,candidate,11,535.5233022727273,0.09401641692966223,11,1.0,5890.756325,True,
LOCAL-v1-q4-cell50_shared_field-5095,4,candidate,10,592.7304847,0.07235412497539073,10,1.0,5927.304847,True,
LOCAL-v1-q4-cell50_shared_field-5096,4,candidate,14,387.7673168571429,0.11612449993845075,14,1.0,5428.742436,True,
LOCAL-v1-q4-cell50_shared_field-5097,4,candidate,13,443.37472369230767,0.12839204096235335,13,1.0,5763.871408,True,
LOCAL-v1-q4-cell50_shared_field-5098,4,candidate,16,221.910879,0.189366125036031,16,1.0,3550.574064,True,
LOCAL-v1-q4-cell50_shared_field-5099,4,candidate,13,477.73265415384617,0.1336108329705894,13,1.0,6210.524504,True,
LOCAL-v1-q4-cell500_shared_field-5000,4,candidate,11,505.85805409090904,0.15750541596207768,11,1.0,5564.438595,True,
LOCAL-v1-q4-cell500_shared_field-5001,4,candidate,14,413.00735057142856,0.20442962495144457,14,1.0,5782.102908,True,
LOCAL-v1-q4-cell500_shared_field-5002,4,candidate,15,402.24871233333334,0.36972387495916337,15,1.0,6033.730685,True,
LOCAL-v1-q4-cell500_shared_field-5003,4,candidate,11,522.0971175454546,0.09706958301831037,11,1.0,5743.068293,True,
LOCAL-v1-q4-cell500_shared_field-5004,4,candidate,12,474.4877966666666,0.16642283299006522,12,1.0,5693.85356,True,
LOCAL-v1-q4-cell500_shared_field-5005,4,candidate,11,512.8757230909091,0.14129887497983873,11,1.0,5641.632954,True,
LOCAL-v1-q4-cell500_shared_field-5006,4,candidate,11,505.4914741818182,0.11529154190793633,11,1.0,5560.406216,True,
LOCAL-v1-q4-cell500_shared_field-5007,4,candidate,11,518.2023945454546,0.13599983393214643,11,1.0,5700.22634,True,
LOCAL-v1-q4-cell500_shared_field-5008,4,candidate,10,603.0545688,0.24475241592153907,10,1.0,6030.545688,True,
LOCAL-v1-q4-cell500_shared_field-5009,4,candidate,14,401.87978350000003,0.2432564590126276,14,1.0,5626.316969,True,
LOCAL-v1-q4-cell500_shared_field-5010,4,candidate,12,457.0499446666667,0.09765054192394018,12,1.0,5484.599336,True,
LOCAL-v1-q4-cell500_shared_field-5011,4,candidate,15,376.0120993333333,0.1923032500781119,15,1.0,5640.18149,True,
LOCAL-v1-q4-cell500_shared_field-5012,4,candidate,10,569.0870327,0.09440712502691895,10,1.0,5690.870327,True,
LOCAL-v1-q4-cell500_shared_field-5013,4,candidate,12,486.19670924999997,0.16730754100717604,12,1.0,5834.360511,True,
LOCAL-v1-q4-cell500_shared_field-5014,4,candidate,11,515.7105665454545,0.10894399997778237,11,1.0,5672.816232,True,
LOCAL-v1-q4-cell500_shared_field-5015,4,candidate,12,509.8688670833333,0.16423137509264052,12,1.0,6118.426405,True,
LOCAL-v1-q4-cell500_shared_field-5016,4,candidate,16,249.415561,0.14784899994265288,16,1.0,3990.648976,True,
LOCAL-v1-q4-cell500_shared_field-5017,4,candidate,15,455.3193770666667,0.17683795804623514,15,1.0,6829.790656,True,
LOCAL-v1-q4-cell500_shared_field-5018,4,candidate,10,584.8142789000001,0.14459083299152553,10,1.0,5848.142789,True,
LOCAL-v1-q4-cell500_shared_field-5019,4,candidate,11,520.559062,0.14326458307914436,11,1.0,5726.149682,True,
LOCAL-v1-q4-cell500_shared_field-5020,4,candidate,16,230.11430825,0.24028412497136742,16,1.0,3681.828932,True,
LOCAL-v1-q4-cell500_shared_field-5021,4,candidate,14,408.6744637142857,0.16750437498558313,14,1.0,5721.442492,True,
LOCAL-v1-q4-cell500_shared_field-5022,4,candidate,14,474.47276985714285,0.20513508399017155,14,1.0,6642.618778,True,
LOCAL-v1-q4-cell500_shared_field-5023,4,candidate,15,365.8470706,0.16309595899656415,15,1.0,5487.706059,True,
LOCAL-v1-q4-cell500_shared_field-5024,4,candidate,13,434.95022230769234,0.11315512505825609,13,1.0,5654.35289,True,
LOCAL-v1-q4-cell500_shared_field-5025,4,candidate,12,501.70367675000006,0.1333970830310136,12,1.0,6020.444121,True,
LOCAL-v1-q4-cell500_shared_field-5026,4,candidate,15,371.3963008666667,0.21416654204949737,15,1.0,5570.944513,True,
LOCAL-v1-q4-cell500_shared_field-5027,4,candidate,11,517.3865384545454,0.11064583295956254,11,1.0,5691.251923,True,
LOCAL-v1-q4-cell500_shared_field-5028,4,candidate,10,609.095649,0.1740129590034485,10,1.0,6090.95649,True,
LOCAL-v1-q4-cell500_shared_field-5029,4,candidate,11,567.1880497272728,0.08967100002337247,11,1.0,6239.068547,True,
LOCAL-v1-q4-cell500_shared_field-5030,4,candidate,12,502.02664916666663,0.14761383295990527,12,1.0,6024.31979,True,
LOCAL-v1-q4-cell500_shared_field-5031,4,candidate,15,422.98216126666665,0.1799008750822395,15,1.0,6344.732419,True,
LOCAL-v1-q4-cell500_shared_field-5032,4,candidate,11,534.7532491818182,0.09640358400065452,11,1.0,5882.285741,True,
LOCAL-v1-q4-cell500_shared_field-5033,4,candidate,14,373.0792232142857,0.1081296670017764,14,1.0,5223.109125,True,
LOCAL-v1-q4-cell500_shared_field-5034,4,candidate,16,383.905028625,0.1252995830727741,16,1.0,6142.480458,True,
LOCAL-v1-q4-cell500_shared_field-5035,4,candidate,10,668.8735232,0.14370541600510478,10,1.0,6688.735232,True,
LOCAL-v1-q4-cell500_shared_field-5036,4,candidate,15,416.4665329333333,0.18950337509159,15,1.0,6246.997994,True,
LOCAL-v1-q4-cell500_shared_field-5037,4,candidate,15,441.0810013333333,0.1845040830085054,15,1.0,6616.21502,True,
LOCAL-v1-q4-cell500_shared_field-5038,4,candidate,16,312.39943325,0.1525013749487698,16,1.0,4998.390932,True,
LOCAL-v1-q4-cell500_shared_field-5039,4,candidate,10,570.1717519,0.08102379203774035,10,1.0,5701.717519,True,
LOCAL-v1-q4-cell500_shared_field-5040,4,candidate,15,372.0175600666667,0.15343004104215652,15,1.0,5580.263401,True,
LOCAL-v1-q4-cell500_shared_field-5041,4,candidate,15,408.46301553333336,0.14627608307637274,15,1.0,6126.945233,True,
LOCAL-v1-q4-cell500_shared_field-5042,4,candidate,11,532.839003090909,0.15634316706564277,11,1.0,5861.229034,True,
LOCAL-v1-q4-cell500_shared_field-5043,4,candidate,12,513.9224308333334,0.1948800419922918,12,1.0,6167.06917,True,
LOCAL-v1-q4-cell500_shared_field-5044,4,candidate,11,569.8334664545455,0.11952629208099097,11,1.0,6268.168131,True,
LOCAL-v1-q4-cell500_shared_field-5045,4,candidate,11,508.65983627272726,0.14817925007082522,11,1.0,5595.258199,True,
LOCAL-v1-q4-cell500_shared_field-5046,4,candidate,10,579.9494757,0.13466479198541492,10,1.0,5799.494757,True,
LOCAL-v1-q4-cell500_shared_field-5047,4,candidate,16,259.4931621875,0.17907912493683398,16,1.0,4151.890595,True,
LOCAL-v1-q4-cell500_shared_field-5048,4,candidate,12,481.741333,0.10676141700241715,12,1.0,5780.895996,True,
LOCAL-v1-q4-cell500_shared_field-5049,4,candidate,10,629.7895117,0.10585499997250736,10,1.0,6297.895117,True,
LOCAL-v1-q4-cell500_shared_field-5050,4,candidate,15,370.3958125333333,0.1513521249871701,15,1.0,5555.937188,True,
LOCAL-v1-q4-cell500_shared_field-5051,4,candidate,11,525.2915057272727,0.057548125041648746,11,1.0,5778.206563,True,
LOCAL-v1-q4-cell500_shared_field-5052,4,candidate,13,434.3384626153846,0.11662062502000481,13,1.0,5646.400014,True,
LOCAL-v1-q4-cell500_shared_field-5053,4,candidate,16,278.6981965,0.18988270894624293,16,1.0,4459.171144,True,
LOCAL-v1-q4-cell500_shared_field-5054,4,candidate,16,266.514184,0.17143995792139322,16,1.0,4264.226944,True,
LOCAL-v1-q4-cell500_shared_field-5055,4,candidate,12,503.1874619166667,0.12052041699644178,12,1.0,6038.249543,True,
LOCAL-v1-q4-cell500_shared_field-5056,4,candidate,13,491.19196007692307,0.12977212492842227,13,1.0,6385.495481,True,
LOCAL-v1-q4-cell500_shared_field-5057,4,candidate,13,442.89446053846154,0.09731933299917728,13,1.0,5757.627987,True,
LOCAL-v1-q4-cell500_shared_field-5058,4,candidate,14,412.4298463571428,0.16826016688719392,14,1.0,5774.017849,True,
LOCAL-v1-q4-cell500_shared_field-5059,4,candidate,12,444.3051315833333,0.09815454203635454,12,1.0,5331.661579,True,
LOCAL-v1-q4-cell500_shared_field-5060,4,candidate,11,543.8137780909091,0.11511524999514222,11,1.0,5981.951559,True,
LOCAL-v1-q4-cell500_shared_field-5061,4,candidate,13,441.0011287692308,0.14061566605232656,13,1.0,5733.014674,True,
LOCAL-v1-q4-cell500_shared_field-5062,4,candidate,16,270.5263746875,0.1291977500077337,16,1.0,4328.421995,True,
LOCAL-v1-q4-cell500_shared_field-5063,4,candidate,15,377.59827806666664,0.20540299999993294,15,1.0,5663.974171,True,
LOCAL-v1-q4-cell500_shared_field-5064,4,candidate,13,437.73339469230774,0.1255542499711737,13,1.0,5690.534131,True,
LOCAL-v1-q4-cell500_shared_field-5065,4,candidate,12,518.007947,0.16171108291018754,12,1.0,6216.095364,True,
LOCAL-v1-q4-cell500_shared_field-5066,4,candidate,10,575.1384261999999,0.08211874996777624,10,1.0,5751.384262,True,
LOCAL-v1-q4-cell500_shared_field-5067,4,candidate,16,311.0575166875,0.15679804200772196,16,1.0,4976.920267,True,
LOCAL-v1-q4-cell500_shared_field-5068,4,candidate,13,463.014123,0.11487166595179588,13,1.0,6019.183599,True,
LOCAL-v1-q4-cell500_shared_field-5069,4,candidate,14,446.07823028571426,0.15668016707058996,14,1.0,6245.095224,True,
LOCAL-v1-q4-cell500_shared_field-5070,4,candidate,12,462.7688263333334,0.06558654096443206,12,1.0,5553.225916,True,
LOCAL-v1-q4-cell500_shared_field-5071,4,candidate,12,463.24546191666667,0.12803595804143697,12,1.0,5558.945543,True,
LOCAL-v1-q4-cell500_shared_field-5072,4,candidate,15,407.7490545333333,0.1349351250100881,15,1.0,6116.235818,True,
LOCAL-v1-q4-cell500_shared_field-5073,4,candidate,10,562.9785511,0.06953254202380776,10,1.0,5629.785511,True,
LOCAL-v1-q4-cell500_shared_field-5074,4,candidate,16,295.2966031875,0.09157133300323039,16,1.0,4724.745651,True,
LOCAL-v1-q4-cell500_shared_field-5075,4,candidate,15,375.70207286666664,0.14124633301980793,15,1.0,5635.531093,True,
LOCAL-v1-q4-cell500_shared_field-5076,4,candidate,12,479.6064865833334,0.10359199997037649,12,1.0,5755.277839,True,
LOCAL-v1-q4-cell500_shared_field-5077,4,candidate,14,387.5711219285714,0.10822066594846547,14,1.0,5425.995707,True,
LOCAL-v1-q4-cell500_shared_field-5078,4,candidate,13,428.33784784615386,0.10398929193615913,13,1.0,5568.392022,True,
LOCAL-v1-q4-cell500_shared_field-5079,4,candidate,10,557.5296451,0.10036958393175155,10,1.0,5575.296451,True,
LOCAL-v1-q4-cell500_shared_field-5080,4,candidate,10,615.9656785,0.077014125068672,10,1.0,6159.656785,True,
LOCAL-v1-q4-cell500_shared_field-5081,4,candidate,16,268.31515675,0.18855149997398257,16,1.0,4293.042508,True,
LOCAL-v1-q4-cell500_shared_field-5082,4,candidate,13,441.8316095384616,0.0957727909553796,13,1.0,5743.810924,True,
LOCAL-v1-q4-cell500_shared_field-5083,4,candidate,13,423.08347176923075,0.11382845800835639,13,1.0,5500.085133,True,
LOCAL-v1-q4-cell500_shared_field-5084,4,candidate,14,398.96592321428574,0.14312049990985543,14,1.0,5585.522925,True,
LOCAL-v1-q4-cell500_shared_field-5085,4,candidate,15,382.20216253333336,0.12673812499269843,15,1.0,5733.032438,True,
LOCAL-v1-q4-cell500_shared_field-5086,4,candidate,12,487.768164,0.12332699995022267,12,1.0,5853.217968,True,
LOCAL-v1-q4-cell500_shared_field-5087,4,candidate,13,453.23826669230766,0.12569020898081362,13,1.0,5892.097467,True,
LOCAL-v1-q4-cell500_shared_field-5088,4,candidate,16,308.7577641875,0.14175133302342147,16,1.0,4940.124227,True,
LOCAL-v1-q4-cell500_shared_field-5089,4,candidate,15,381.4955650666667,0.1363195419544354,15,1.0,5722.433476,True,
LOCAL-v1-q4-cell500_shared_field-5090,4,candidate,14,415.02639792857144,0.09452574991155416,14,1.0,5810.369571,True,
LOCAL-v1-q4-cell500_shared_field-5091,4,candidate,12,474.08890033333336,0.09318850003182888,12,1.0,5689.066804,True,
LOCAL-v1-q4-cell500_shared_field-5092,4,candidate,11,510.21776354545455,0.08843658305704594,11,1.0,5612.395399,True,
LOCAL-v1-q4-cell500_shared_field-5093,4,candidate,15,418.94995826666667,0.1375477910041809,15,1.0,6284.249374,True,
LOCAL-v1-q4-cell500_shared_field-5094,4,candidate,11,535.1368715454545,0.1143252500332892,11,1.0,5886.505587,True,
LOCAL-v1-q4-cell500_shared_field-5095,4,candidate,10,590.8045543999999,0.12221716705244035,10,1.0,5908.045544,True,
LOCAL-v1-q4-cell500_shared_field-5096,4,candidate,14,386.6171885714285,0.11221670801751316,14,1.0,5412.64064,True,
LOCAL-v1-q4-cell500_shared_field-5097,4,candidate,13,449.6274485384616,0.0986526251072064,13,1.0,5845.156831,True,
LOCAL-v1-q4-cell500_shared_field-5098,4,candidate,16,209.043994125,0.2083962500328198,16,1.0,3344.703906,True,
LOCAL-v1-q4-cell500_shared_field-5099,4,candidate,13,482.5015889230769,0.12586341705173254,13,1.0,6272.520656,True,
LOCAL-v1-q4-edge_mixed_min_radius-5000,4,candidate,11,531.6296694545455,0.12683374993503094,11,1.0,5847.926364,True,
LOCAL-v1-q4-edge_mixed_min_radius-5001,4,candidate,14,524.1184625714285,0.09383400005754083,14,1.0,7337.658476,True,
LOCAL-v1-q4-edge_mixed_min_radius-5002,4,candidate,15,441.8727512666666,0.062946040998213,15,1.0,6628.091269,True,
LOCAL-v1-q4-edge_mixed_min_radius-5003,4,candidate,11,556.289191,0.03761908400338143,11,1.0,6119.181101,True,
LOCAL-v1-q4-edge_mixed_min_radius-5004,4,candidate,12,477.49290924999997,0.06714379193726927,12,1.0,5729.914911,True,
LOCAL-v1-q4-edge_mixed_min_radius-5005,4,candidate,11,509.8350510909091,0.10587474994827062,11,1.0,5608.185562,True,
LOCAL-v1-q4-edge_mixed_min_radius-5006,4,candidate,11,596.6300302727273,0.06957887497264892,11,1.0,6562.930333,True,
LOCAL-v1-q4-edge_mixed_min_radius-5007,4,candidate,11,599.2782139090909,0.023560957983136177,11,1.0,6592.060353,True,
LOCAL-v1-q4-edge_mixed_min_radius-5008,4,candidate,10,691.9714527,0.03627475001849234,10,1.0,6919.714527,True,
LOCAL-v1-q4-edge_mixed_min_radius-5009,4,candidate,14,437.82575342857143,0.10451345797628164,14,1.0,6129.560548,True,
LOCAL-v1-q4-edge_mixed_min_radius-5010,4,candidate,12,507.987715,0.06450308300554752,12,1.0,6095.85258,True,
LOCAL-v1-q4-edge_mixed_min_radius-5011,4,candidate,15,384.4556694666666,0.09943979105446488,15,1.0,5766.835042,True,
LOCAL-v1-q4-edge_mixed_min_radius-5012,4,candidate,10,620.8492916,0.08082045789342374,10,1.0,6208.492916,True,
LOCAL-v1-q4-edge_mixed_min_radius-5013,4,candidate,12,545.25771925,0.11092141701374203,12,1.0,6543.092631,True,
LOCAL-v1-q4-edge_mixed_min_radius-5014,4,candidate,11,578.6813054545454,0.07097516593057662,11,1.0,6365.49436,True,
LOCAL-v1-q4-edge_mixed_min_radius-5015,4,candidate,12,566.44960225,0.03641974995844066,12,1.0,6797.395227,True,
LOCAL-v1-q4-edge_mixed_min_radius-5016,4,candidate,16,414.3622566875,0.08661758399102837,16,1.0,6629.796107,True,
LOCAL-v1-q4-edge_mixed_min_radius-5017,4,candidate,15,423.3801394,0.07991462503559887,15,1.0,6350.702091,True,
LOCAL-v1-q4-edge_mixed_min_radius-5018,4,candidate,10,636.0214968,0.07593699998687953,10,1.0,6360.214968,True,
LOCAL-v1-q4-edge_mixed_min_radius-5019,4,candidate,11,520.7650774545455,0.07693354191724211,11,1.0,5728.415852,True,
LOCAL-v1-q4-edge_mixed_min_radius-5020,4,candidate,16,272.360521625,0.16401408391539007,16,1.0,4357.768346,True,
LOCAL-v1-q4-edge_mixed_min_radius-5021,4,candidate,14,528.0669132142857,0.053042624960653484,14,1.0,7392.936785,True,
LOCAL-v1-q4-edge_mixed_min_radius-5022,4,candidate,14,479.8693686428572,0.056380458059720695,14,1.0,6718.171161,True,
LOCAL-v1-q4-edge_mixed_min_radius-5023,4,candidate,15,406.75916786666664,0.08637633302714676,15,1.0,6101.387518,True,
LOCAL-v1-q4-edge_mixed_min_radius-5024,4,candidate,13,455.679014923077,0.11759420798625797,13,1.0,5923.827194,True,
LOCAL-v1-q4-edge_mixed_min_radius-5025,4,candidate,12,560.7129375833333,0.07634475000668317,12,1.0,6728.555251,True,
LOCAL-v1-q4-edge_mixed_min_radius-5026,4,candidate,15,401.16916173333334,0.16176229203119874,15,1.0,6017.537426,True,
LOCAL-v1-q4-edge_mixed_min_radius-5027,4,candidate,11,564.0507033636363,0.08524587494321167,11,1.0,6204.557737,True,
LOCAL-v1-q4-edge_mixed_min_radius-5028,4,candidate,10,638.206107,0.09268387500196695,10,1.0,6382.06107,True,
LOCAL-v1-q4-edge_mixed_min_radius-5029,4,candidate,11,584.1265514545455,0.06003137491643429,11,1.0,6425.392066,True,
LOCAL-v1-q4-edge_mixed_min_radius-5030,4,candidate,12,537.0989503333334,0.08037937490735203,12,1.0,6445.187404,True,
LOCAL-v1-q4-edge_mixed_min_radius-5031,4,candidate,15,480.8215504666667,0.07108324998989701,15,1.0,7212.323257,True,
LOCAL-v1-q4-edge_mixed_min_radius-5032,4,candidate,11,534.7723131818182,0.05708241695538163,11,1.0,5882.495445,True,
LOCAL-v1-q4-edge_mixed_min_radius-5033,4,candidate,14,416.27346350000005,0.12711516697891057,14,1.0,5827.828489,True,
LOCAL-v1-q4-edge_mixed_min_radius-5034,4,candidate,16,364.9305768125,0.13829862501006573,16,1.0,5838.889229,True,
LOCAL-v1-q4-edge_mixed_min_radius-5035,4,candidate,10,693.5840546000001,0.02338966599199921,10,1.0,6935.840546,True,
LOCAL-v1-q4-edge_mixed_min_radius-5036,4,candidate,15,491.23942746666665,0.12471154099330306,15,1.0,7368.591412,True,
LOCAL-v1-q4-edge_mixed_min_radius-5037,4,candidate,15,452.00341686666667,0.10133983404375613,15,1.0,6780.051253,True,
LOCAL-v1-q4-edge_mixed_min_radius-5038,4,candidate,16,299.847797625,0.202207584050484,16,1.0,4797.564762,True,
LOCAL-v1-q4-edge_mixed_min_radius-5039,4,candidate,10,634.7715817999999,0.147905916091986,10,1.0,6347.715818,True,
LOCAL-v1-q4-edge_mixed_min_radius-5040,4,candidate,15,376.42608740000003,0.17090924992226064,15,1.0,5646.391311,True,
LOCAL-v1-q4-edge_mixed_min_radius-5041,4,candidate,15,412.08479206666664,0.10060945793520659,15,1.0,6181.271881,True,
LOCAL-v1-q4-edge_mixed_min_radius-5042,4,candidate,11,595.9383591818182,0.09606224996969104,11,1.0,6555.321951,True,
LOCAL-v1-q4-edge_mixed_min_radius-5043,4,candidate,12,596.3604639166666,0.07929991697892547,12,1.0,7156.325567,True,
LOCAL-v1-q4-edge_mixed_min_radius-5044,4,candidate,11,627.6796263636363,0.07282808306626976,11,1.0,6904.47589,True,
LOCAL-v1-q4-edge_mixed_min_radius-5045,4,candidate,11,512.933402,0.08884745801333338,11,1.0,5642.267422,True,
LOCAL-v1-q4-edge_mixed_min_radius-5046,4,candidate,10,596.3754463,0.13779958302620798,10,1.0,5963.754463,True,
LOCAL-v1-q4-edge_mixed_min_radius-5047,4,candidate,16,327.374704375,0.12413262506015599,16,1.0,5237.99527,True,
LOCAL-v1-q4-edge_mixed_min_radius-5048,4,candidate,12,496.46556025,0.06923158396966755,12,1.0,5957.586723,True,
LOCAL-v1-q4-edge_mixed_min_radius-5049,4,candidate,10,630.8914953000001,0.07154245907440782,10,1.0,6308.914953,True,
LOCAL-v1-q4-edge_mixed_min_radius-5050,4,candidate,15,415.87709506666664,0.18771295889746398,15,1.0,6238.156426,True,
LOCAL-v1-q4-edge_mixed_min_radius-5051,4,candidate,11,600.116258090909,0.1273631249787286,11,1.0,6601.278839,True,
LOCAL-v1-q4-edge_mixed_min_radius-5052,4,candidate,13,454.8964743076923,0.1862597910221666,13,1.0,5913.654166,True,
LOCAL-v1-q4-edge_mixed_min_radius-5053,4,candidate,16,334.701187125,0.12376300001051277,16,1.0,5355.218994,True,
LOCAL-v1-q4-edge_mixed_min_radius-5054,4,candidate,16,368.1049166875,0.14048383303452283,16,1.0,5889.678667,True,
LOCAL-v1-q4-edge_mixed_min_radius-5055,4,candidate,12,574.6377054166667,0.08982733299490064,12,1.0,6895.652465,True,
LOCAL-v1-q4-edge_mixed_min_radius-5056,4,candidate,13,557.5874456923077,0.051727832993492484,13,1.0,7248.636794,True,
LOCAL-v1-q4-edge_mixed_min_radius-5057,4,candidate,13,477.6184094615385,0.12141116708517075,13,1.0,6209.039323,True,
LOCAL-v1-q4-edge_mixed_min_radius-5058,4,candidate,14,420.0633693571429,0.08400762500241399,14,1.0,5880.887171,True,
LOCAL-v1-q4-edge_mixed_min_radius-5059,4,candidate,12,488.9447439166667,0.11642229103017598,12,1.0,5867.336927,True,
LOCAL-v1-q4-edge_mixed_min_radius-5060,4,candidate,11,626.6959889999999,0.04787424998357892,11,1.0,6893.655879,True,
LOCAL-v1-q4-edge_mixed_min_radius-5061,4,candidate,13,495.8384374615385,0.10582937498111278,13,1.0,6445.899687,True,
LOCAL-v1-q4-edge_mixed_min_radius-5062,4,candidate,16,420.8265460625,0.12766845792066306,16,1.0,6733.224737,True,
LOCAL-v1-q4-edge_mixed_min_radius-5063,4,candidate,15,423.03538953333333,0.0961345830000937,15,1.0,6345.530843,True,
LOCAL-v1-q4-edge_mixed_min_radius-5064,4,candidate,13,472.00650884615385,0.07309175003319979,13,1.0,6136.084615,True,
LOCAL-v1-q4-edge_mixed_min_radius-5065,4,candidate,12,551.270392,0.16630224999971688,12,1.0,6615.244704,True,
LOCAL-v1-q4-edge_mixed_min_radius-5066,4,candidate,10,578.0338127,0.10661895794328302,10,1.0,5780.338127,True,
LOCAL-v1-q4-edge_mixed_min_radius-5067,4,candidate,16,393.156716375,0.0972724580205977,16,1.0,6290.507462,True,
LOCAL-v1-q4-edge_mixed_min_radius-5068,4,candidate,13,453.71160599999996,0.10114949999842793,13,1.0,5898.250878,True,
LOCAL-v1-q4-edge_mixed_min_radius-5069,4,candidate,14,501.19723492857145,0.1039576668990776,14,1.0,7016.761289,True,
LOCAL-v1-q4-edge_mixed_min_radius-5070,4,candidate,12,511.8448895833333,0.048340082983486354,12,1.0,6142.138675,True,
LOCAL-v1-q4-edge_mixed_min_radius-5071,4,candidate,12,488.04241808333336,0.10119508404750377,12,1.0,5856.509017,True,
LOCAL-v1-q4-edge_mixed_min_radius-5072,4,candidate,15,455.1247578666667,0.07975408306811005,15,1.0,6826.871368,True,
LOCAL-v1-q4-edge_mixed_min_radius-5073,4,candidate,10,571.4178581,0.06882541696541011,10,1.0,5714.178581,True,
LOCAL-v1-q4-edge_mixed_min_radius-5074,4,candidate,16,343.3830888125,0.17342370795086026,16,1.0,5494.129421,True,
LOCAL-v1-q4-edge_mixed_min_radius-5075,4,candidate,15,376.1543416,0.130031666951254,15,1.0,5642.315124,True,
LOCAL-v1-q4-edge_mixed_min_radius-5076,4,candidate,12,532.78796375,0.08493020804598927,12,1.0,6393.455565,True,
LOCAL-v1-q4-edge_mixed_min_radius-5077,4,candidate,14,400.2275945714286,0.1258892499608919,14,1.0,5603.186324,True,
LOCAL-v1-q4-edge_mixed_min_radius-5078,4,candidate,13,468.7814183076923,0.1460385840618983,13,1.0,6094.158438,True,
LOCAL-v1-q4-edge_mixed_min_radius-5079,4,candidate,10,593.696605,0.06560333399102092,10,1.0,5936.96605,True,
LOCAL-v1-q4-edge_mixed_min_radius-5080,4,candidate,10,653.0853212,0.057269625016488135,10,1.0,6530.853212,True,
LOCAL-v1-q4-edge_mixed_min_radius-5081,4,candidate,16,427.2009038125,0.0825745000038296,16,1.0,6835.214461,True,
LOCAL-v1-q4-edge_mixed_min_radius-5082,4,candidate,13,468.3439149230769,0.11721316701732576,13,1.0,6088.470894,True,
LOCAL-v1-q4-edge_mixed_min_radius-5083,4,candidate,13,454.0321890769231,0.15904895798303187,13,1.0,5902.418458,True,
LOCAL-v1-q4-edge_mixed_min_radius-5084,4,candidate,14,469.3664153571429,0.08032204199116677,14,1.0,6571.129815,True,
LOCAL-v1-q4-edge_mixed_min_radius-5085,4,candidate,15,413.344493,0.05861125001683831,15,1.0,6200.167395,True,
LOCAL-v1-q4-edge_mixed_min_radius-5086,4,candidate,12,565.4908441666666,0.07186154194641858,12,1.0,6785.89013,True,
LOCAL-v1-q4-edge_mixed_min_radius-5087,4,candidate,13,491.462488,0.07674099993892014,13,1.0,6389.012344,True,
LOCAL-v1-q4-edge_mixed_min_radius-5088,4,candidate,16,344.3545646875,0.09951229195576161,16,1.0,5509.673035,True,
LOCAL-v1-q4-edge_mixed_min_radius-5089,4,candidate,15,418.4646514,0.12211037497036159,15,1.0,6276.969771,True,
LOCAL-v1-q4-edge_mixed_min_radius-5090,4,candidate,14,409.0522087857143,0.16674654092639685,14,1.0,5726.730923,True,
LOCAL-v1-q4-edge_mixed_min_radius-5091,4,candidate,12,492.63837175000003,0.11743387498427182,12,1.0,5911.660461,True,
LOCAL-v1-q4-edge_mixed_min_radius-5092,4,candidate,11,608.7591846363637,0.1487524580443278,11,1.0,6696.351031,True,
LOCAL-v1-q4-edge_mixed_min_radius-5093,4,candidate,15,476.3196342666667,0.12765575002413243,15,1.0,7144.794514,True,
LOCAL-v1-q4-edge_mixed_min_radius-5094,4,candidate,11,572.3920993636364,0.08910495799500495,11,1.0,6296.313093,True,
LOCAL-v1-q4-edge_mixed_min_radius-5095,4,candidate,10,611.7796304999999,0.04753391700796783,10,1.0,6117.796305,True,
LOCAL-v1-q4-edge_mixed_min_radius-5096,4,candidate,14,407.82117478571433,0.15376275009475648,14,1.0,5709.496447,True,
LOCAL-v1-q4-edge_mixed_min_radius-5097,4,candidate,13,466.4016346153846,0.08724849997088313,13,1.0,6063.22125,True,
LOCAL-v1-q4-edge_mixed_min_radius-5098,4,candidate,16,329.5237651875,0.15184745902661234,16,1.0,5272.380243,True,
LOCAL-v1-q4-edge_mixed_min_radius-5099,4,candidate,13,542.7555907692308,0.07757887500338256,13,1.0,7055.82268,True,
LOCAL-v1-q4-offcenter_cluster-5000,4,candidate,11,464.697623,0.2260454170173034,11,1.0,5111.673853,True,
LOCAL-v1-q4-offcenter_cluster-5001,4,candidate,14,359.8913302142857,0.09707875002641231,14,1.0,5038.478623,True,
LOCAL-v1-q4-offcenter_cluster-5002,4,candidate,15,370.3521006,0.13635100005194545,15,1.0,5555.281509,True,
LOCAL-v1-q4-offcenter_cluster-5003,4,candidate,11,482.87665118181815,0.11536924995016307,11,1.0,5311.643163,True,
LOCAL-v1-q4-offcenter_cluster-5004,4,candidate,12,437.92802575,0.06975633301772177,12,1.0,5255.136309,True,
LOCAL-v1-q4-offcenter_cluster-5005,4,candidate,11,489.3238374545454,0.16079112491570413,11,1.0,5382.562212,True,
LOCAL-v1-q4-offcenter_cluster-5006,4,candidate,11,479.6098461818182,0.08156629092991352,11,1.0,5275.708308,True,
LOCAL-v1-q4-offcenter_cluster-5007,4,candidate,11,482.97104545454545,0.08635737502481788,11,1.0,5312.6815,True,
LOCAL-v1-q4-offcenter_cluster-5008,4,candidate,10,574.1899192,0.08158024994190782,10,1.0,5741.899192,True,
LOCAL-v1-q4-offcenter_cluster-5009,4,candidate,14,354.2550040714286,0.08647774998098612,14,1.0,4959.570057,True,
LOCAL-v1-q4-offcenter_cluster-5010,4,candidate,12,416.86684908333336,0.04466941603459418,12,1.0,5002.402189,True,
LOCAL-v1-q4-offcenter_cluster-5011,4,candidate,15,319.9195282,0.21670329198241234,15,1.0,4798.792923,True,
LOCAL-v1-q4-offcenter_cluster-5012,4,candidate,10,532.5515529,0.08597108407411724,10,1.0,5325.515529,True,
LOCAL-v1-q4-offcenter_cluster-5013,4,candidate,12,440.36677633333335,0.11450462497305125,12,1.0,5284.401316,True,
LOCAL-v1-q4-offcenter_cluster-5014,4,candidate,11,482.42087627272724,0.06293245800770819,11,1.0,5306.629639,True,
LOCAL-v1-q4-offcenter_cluster-5015,4,candidate,12,499.2257388333333,0.07612562505528331,12,1.0,5990.708866,True,
LOCAL-v1-q4-offcenter_cluster-5016,4,candidate,16,170.5635793125,0.15033895894885063,16,1.0,2729.017269,True,
LOCAL-v1-q4-offcenter_cluster-5017,4,candidate,15,330.448888,0.16444445797242224,15,1.0,4956.73332,True,
LOCAL-v1-q4-offcenter_cluster-5018,4,candidate,10,559.4563736,0.12497733300551772,10,1.0,5594.563736,True,
LOCAL-v1-q4-offcenter_cluster-5019,4,candidate,11,464.5625122727273,0.08539670798927546,11,1.0,5110.187635,True,
LOCAL-v1-q4-offcenter_cluster-5020,4,candidate,16,110.1747821875,0.1014851670479402,16,1.0,1762.796515,True,
LOCAL-v1-q4-offcenter_cluster-5021,4,candidate,14,388.90986214285715,0.08952916704583913,14,1.0,5444.73807,True,
LOCAL-v1-q4-offcenter_cluster-5022,4,candidate,14,428.5496067857143,0.1366638329345733,14,1.0,5999.694495,True,
LOCAL-v1-q4-offcenter_cluster-5023,4,candidate,15,339.36666586666666,0.14016791700851172,15,1.0,5090.499988,True,
LOCAL-v1-q4-offcenter_cluster-5024,4,candidate,13,410.11027115384616,0.06952691706828773,13,1.0,5331.433525,True,
LOCAL-v1-q4-offcenter_cluster-5025,4,candidate,12,421.9820878333333,0.11619125003926456,12,1.0,5063.785054,True,
LOCAL-v1-q4-offcenter_cluster-5026,4,candidate,15,345.7797068,0.06123070803005248,15,1.0,5186.695602,True,
LOCAL-v1-q4-offcenter_cluster-5027,4,candidate,11,466.53777954545455,0.05351954197976738,11,1.0,5131.915575,True,
LOCAL-v1-q4-offcenter_cluster-5028,4,candidate,10,528.9796180000001,0.06851629202719778,10,1.0,5289.79618,True,
LOCAL-v1-q4-offcenter_cluster-5029,4,candidate,11,500.47371772727274,0.06459508300758898,11,1.0,5505.210895,True,
LOCAL-v1-q4-offcenter_cluster-5030,4,candidate,12,438.51631941666665,0.12126183300279081,12,1.0,5262.195833,True,
LOCAL-v1-q4-offcenter_cluster-5031,4,candidate,15,386.5685100666667,0.10123575001489371,15,1.0,5798.527651,True,
LOCAL-v1-q4-offcenter_cluster-5032,4,candidate,11,475.17552363636366,0.06655137497000396,11,1.0,5226.93076,True,
LOCAL-v1-q4-offcenter_cluster-5033,4,candidate,14,352.28008450000004,0.07295045803766698,14,1.0,4931.921183,True,
LOCAL-v1-q4-offcenter_cluster-5034,4,candidate,16,174.9021519375,0.07645958394277841,16,1.0,2798.434431,True,
LOCAL-v1-q4-offcenter_cluster-5035,4,candidate,10,567.7822074,0.08717029204126447,10,1.0,5677.822074,True,
LOCAL-v1-q4-offcenter_cluster-5036,4,candidate,15,332.185176,0.11707625002600253,15,1.0,4982.77764,True,
LOCAL-v1-q4-offcenter_cluster-5037,4,candidate,15,355.89991606666666,0.14618541591335088,15,1.0,5338.498741,True,
LOCAL-v1-q4-offcenter_cluster-5038,4,candidate,16,178.93723675,0.10253545793239027,16,1.0,2862.995788,True,
LOCAL-v1-q4-offcenter_cluster-5039,4,candidate,10,539.6396976,0.05989029200281948,10,1.0,5396.396976,True,
LOCAL-v1-q4-offcenter_cluster-5040,4,candidate,15,319.9820971333333,0.12991704198066145,15,1.0,4799.731457,True,
LOCAL-v1-q4-offcenter_cluster-5041,4,candidate,15,348.66876979999995,0.08335912495385855,15,1.0,5230.031547,True,
LOCAL-v1-q4-offcenter_cluster-5042,4,candidate,11,511.5091311818182,0.05311924999114126,11,1.0,5626.600443,True,
LOCAL-v1-q4-offcenter_cluster-5043,4,candidate,12,433.45153916666663,0.08449954201932997,12,1.0,5201.41847,True,
LOCAL-v1-q4-offcenter_cluster-5044,4,candidate,11,500.68158654545454,0.14142108394298702,11,1.0,5507.497452,True,
LOCAL-v1-q4-offcenter_cluster-5045,4,candidate,11,501.3628328181818,0.08924337499774992,11,1.0,5514.991161,True,
LOCAL-v1-q4-offcenter_cluster-5046,4,candidate,10,520.9092482,0.0713432909687981,10,1.0,5209.092482,True,
LOCAL-v1-q4-offcenter_cluster-5047,4,candidate,16,51.1119234375,0.14913754200097173,16,1.0,817.790775,True,
LOCAL-v1-q4-offcenter_cluster-5048,4,candidate,12,445.2493448333333,0.13106829090975225,12,1.0,5342.992138,True,
LOCAL-v1-q4-offcenter_cluster-5049,4,candidate,10,560.6085725,0.07559879205655307,10,1.0,5606.085725,True,
LOCAL-v1-q4-offcenter_cluster-5050,4,candidate,15,322.52647433333334,0.08324591594282538,15,1.0,4837.897115,True,
LOCAL-v1-q4-offcenter_cluster-5051,4,candidate,11,475.96260218181817,0.10196933301631361,11,1.0,5235.588624,True,
LOCAL-v1-q4-offcenter_cluster-5052,4,candidate,13,384.4762886923077,0.11454074992798269,13,1.0,4998.191753,True,
LOCAL-v1-q4-offcenter_cluster-5053,4,candidate,16,160.307649125,0.13854545797221363,16,1.0,2564.922386,True,
LOCAL-v1-q4-offcenter_cluster-5054,4,candidate,16,140.274107625,0.19784791697748005,16,1.0,2244.385722,True,
LOCAL-v1-q4-offcenter_cluster-5055,4,candidate,12,441.3912821666667,0.09581654204521328,12,1.0,5296.695386,True,
LOCAL-v1-q4-offcenter_cluster-5056,4,candidate,13,441.1108939230769,0.11229620908852667,13,1.0,5734.441621,True,
LOCAL-v1-q4-offcenter_cluster-5057,4,candidate,13,432.3394766923077,0.10952049994375557,13,1.0,5620.413197,True,
LOCAL-v1-q4-offcenter_cluster-5058,4,candidate,14,374.8812612857143,0.0993812499800697,14,1.0,5248.337658,True,
LOCAL-v1-q4-offcenter_cluster-5059,4,candidate,12,422.29120508333335,0.036246499978005886,12,1.0,5067.494461,True,
LOCAL-v1-q4-offcenter_cluster-5060,4,candidate,11,488.93956190909097,0.09418037498835474,11,1.0,5378.335181,True,
LOCAL-v1-q4-offcenter_cluster-5061,4,candidate,13,427.7641373076923,0.05716620897874236,13,1.0,5560.933785,True,
LOCAL-v1-q4-offcenter_cluster-5062,4,candidate,16,165.551390125,0.12788504105992615,16,1.0,2648.822242,True,
LOCAL-v1-q4-offcenter_cluster-5063,4,candidate,15,317.3120508666667,0.10220583307091147,15,1.0,4759.680763,True,
LOCAL-v1-q4-offcenter_cluster-5064,4,candidate,13,398.5346225384616,0.0893635000102222,13,1.0,5180.950093,True,
LOCAL-v1-q4-offcenter_cluster-5065,4,candidate,12,503.27186725,0.0714913330739364,12,1.0,6039.262407,True,
LOCAL-v1-q4-offcenter_cluster-5066,4,candidate,10,529.4248110000001,0.053297625039704144,10,1.0,5294.24811,True,
LOCAL-v1-q4-offcenter_cluster-5067,4,candidate,16,183.561366,0.13188016705680639,16,1.0,2936.981856,True,
LOCAL-v1-q4-offcenter_cluster-5068,4,candidate,13,430.4620590769231,0.09621220792178065,13,1.0,5596.006768,True,
LOCAL-v1-q4-offcenter_cluster-5069,4,candidate,14,384.95063285714286,0.10177649999968708,14,1.0,5389.30886,True,
LOCAL-v1-q4-offcenter_cluster-5070,4,candidate,12,419.7597865833333,0.06031616707332432,12,1.0,5037.117439,True,
LOCAL-v1-q4-offcenter_cluster-5071,4,candidate,12,433.23359508333334,0.10833499999716878,12,1.0,5198.803141,True,
LOCAL-v1-q4-offcenter_cluster-5072,4,candidate,15,347.5684468,0.1771576669998467,15,1.0,5213.526702,True,
LOCAL-v1-q4-offcenter_cluster-5073,4,candidate,10,524.2134142,0.05939204094465822,10,1.0,5242.134142,True,
LOCAL-v1-q4-offcenter_cluster-5074,4,candidate,16,152.0972040625,0.15477224998176098,16,1.0,2433.555265,True,
LOCAL-v1-q4-offcenter_cluster-5075,4,candidate,15,332.3521168666667,0.194158916012384,15,1.0,4985.281753,True,
LOCAL-v1-q4-offcenter_cluster-5076,4,candidate,12,465.35208516666665,0.18877925002016127,12,1.0,5584.225022,True,
LOCAL-v1-q4-offcenter_cluster-5077,4,candidate,14,359.0119298571429,0.1531300829956308,14,1.0,5026.167018,True,
LOCAL-v1-q4-offcenter_cluster-5078,4,candidate,13,387.49827923076924,0.13117575005162507,13,1.0,5037.47763,True,
LOCAL-v1-q4-offcenter_cluster-5079,4,candidate,10,542.7676981,0.088817875017412,10,1.0,5427.676981,True,
LOCAL-v1-q4-offcenter_cluster-5080,4,candidate,10,583.3005304999999,0.16530162503477186,10,1.0,5833.005305,True,
LOCAL-v1-q4-offcenter_cluster-5081,4,candidate,16,182.626071,0.13590570795349777,16,1.0,2922.017136,True,
LOCAL-v1-q4-offcenter_cluster-5082,4,candidate,13,460.54479846153845,0.07337429199833423,13,1.0,5987.08238,True,
LOCAL-v1-q4-offcenter_cluster-5083,4,candidate,13,389.86325007692307,0.08807549998164177,13,1.0,5068.222251,True,
LOCAL-v1-q4-offcenter_cluster-5084,4,candidate,14,393.22005157142854,0.11413116694893688,14,1.0,5505.080722,True,
LOCAL-v1-q4-offcenter_cluster-5085,4,candidate,15,327.93500006666665,0.13394566695205867,15,1.0,4919.025001,True,
LOCAL-v1-q4-offcenter_cluster-5086,4,candidate,12,456.14210533333335,0.066776292049326,12,1.0,5473.705264,True,
LOCAL-v1-q4-offcenter_cluster-5087,4,candidate,13,429.39380846153847,0.11586933396756649,13,1.0,5582.11951,True,
LOCAL-v1-q4-offcenter_cluster-5088,4,candidate,16,206.22460275,0.11249183304607868,16,1.0,3299.593644,True,
LOCAL-v1-q4-offcenter_cluster-5089,4,candidate,15,328.74989339999996,0.13094508310314268,15,1.0,4931.248401,True,
LOCAL-v1-q4-offcenter_cluster-5090,4,candidate,14,353.88746407142855,0.06302166695240885,14,1.0,4954.424497,True,
LOCAL-v1-q4-offcenter_cluster-5091,4,candidate,12,465.51206283333335,0.03941116703208536,12,1.0,5586.144754,True,
LOCAL-v1-q4-offcenter_cluster-5092,4,candidate,11,465.28485663636366,0.13219754106830806,11,1.0,5118.133423,True,
LOCAL-v1-q4-offcenter_cluster-5093,4,candidate,15,339.171308,0.090922583010979,15,1.0,5087.56962,True,
LOCAL-v1-q4-offcenter_cluster-5094,4,candidate,11,506.18548909090913,0.05854545801412314,11,1.0,5568.04038,True,
LOCAL-v1-q4-offcenter_cluster-5095,4,candidate,10,543.1034192,0.05460258398670703,10,1.0,5431.034192,True,
LOCAL-v1-q4-offcenter_cluster-5096,4,candidate,14,368.3752152142857,0.09878170909360051,14,1.0,5157.253013,True,
LOCAL-v1-q4-offcenter_cluster-5097,4,candidate,13,421.7854172307692,0.056268917047418654,13,1.0,5483.210424,True,
LOCAL-v1-q4-offcenter_cluster-5098,4,candidate,16,133.77499325,0.10277062503155321,16,1.0,2140.399892,True,
LOCAL-v1-q4-offcenter_cluster-5099,4,candidate,13,452.80335238461544,0.12295362493023276,13,1.0,5886.443581,True,
LOCAL-v1-q4-origin_cluster-5000,4,candidate,11,531.0525851818182,0.08141108392737806,11,1.0,5841.578437,True,
LOCAL-v1-q4-origin_cluster-5001,4,candidate,14,412.64957514285715,0.12959033309016377,14,1.0,5777.094052,True,
LOCAL-v1-q4-origin_cluster-5002,4,candidate,15,395.5596520666667,0.13660545891616493,15,1.0,5933.394781,True,
LOCAL-v1-q4-origin_cluster-5003,4,candidate,11,480.8739329090909,0.15075583301950246,11,1.0,5289.613262,True,
LOCAL-v1-q4-origin_cluster-5004,4,candidate,12,451.98537458333334,0.08963433303870261,12,1.0,5423.824495,True,
LOCAL-v1-q4-origin_cluster-5005,4,candidate,11,462.5556258181818,0.0935478339670226,11,1.0,5088.111884,True,
LOCAL-v1-q4-origin_cluster-5006,4,candidate,11,523.0863845454546,0.11389479204080999,11,1.0,5753.95023,True,
LOCAL-v1-q4-origin_cluster-5007,4,candidate,11,538.4325293636364,0.11554191703908145,11,1.0,5922.757823,True,
LOCAL-v1-q4-origin_cluster-5008,4,candidate,10,608.3507896,0.0996202090755105,10,1.0,6083.507896,True,
LOCAL-v1-q4-origin_cluster-5009,4,candidate,14,371.1815130714286,0.06540237506851554,14,1.0,5196.541183,True,
LOCAL-v1-q4-origin_cluster-5010,4,candidate,12,461.93549466666667,0.048134957905858755,12,1.0,5543.225936,True,
LOCAL-v1-q4-origin_cluster-5011,4,candidate,15,326.5048357333333,0.06117050000466406,15,1.0,4897.572536,True,
LOCAL-v1-q4-origin_cluster-5012,4,candidate,10,593.8401073,0.12045691697858274,10,1.0,5938.401073,True,
LOCAL-v1-q4-origin_cluster-5013,4,candidate,12,510.2784618333333,0.10830370907206088,12,1.0,6123.341542,True,
LOCAL-v1-q4-origin_cluster-5014,4,candidate,11,567.981330909091,0.09625187504570931,11,1.0,6247.79464,True,
LOCAL-v1-q4-origin_cluster-5015,4,candidate,12,470.243064,0.10773870896082371,12,1.0,5642.916768,True,
LOCAL-v1-q4-origin_cluster-5016,4,candidate,16,226.9318511875,0.09670200000982732,16,1.0,3630.909619,True,
LOCAL-v1-q4-origin_cluster-5017,4,candidate,15,403.00078973333336,0.10490195790771395,15,1.0,6045.011846,True,
LOCAL-v1-q4-origin_cluster-5018,4,candidate,10,606.819294,0.0931841250276193,10,1.0,6068.19294,True,
LOCAL-v1-q4-origin_cluster-5019,4,candidate,11,460.95714681818185,0.050469040987081826,11,1.0,5070.528615,True,
LOCAL-v1-q4-origin_cluster-5020,4,candidate,16,127.255962,0.09751916595268995,16,1.0,2036.095392,True,
LOCAL-v1-q4-origin_cluster-5021,4,candidate,14,446.5498937142857,0.1129880000371486,14,1.0,6251.698512,True,
LOCAL-v1-q4-origin_cluster-5022,4,candidate,14,437.7708847142857,0.07553016708698124,14,1.0,6128.792386,True,
LOCAL-v1-q4-origin_cluster-5023,4,candidate,15,395.61756833333334,0.08793879102449864,15,1.0,5934.263525,True,
LOCAL-v1-q4-origin_cluster-5024,4,candidate,13,481.91301307692305,0.16018612496554852,13,1.0,6264.86917,True,
LOCAL-v1-q4-origin_cluster-5025,4,candidate,12,527.54008975,0.11300424998626113,12,1.0,6330.481077,True,
LOCAL-v1-q4-origin_cluster-5026,4,candidate,15,346.6015220666667,0.12648374994751066,15,1.0,5199.022831,True,
LOCAL-v1-q4-origin_cluster-5027,4,candidate,11,489.7383136363636,0.05322258407250047,11,1.0,5387.12145,True,
LOCAL-v1-q4-origin_cluster-5028,4,candidate,10,576.2510715999999,0.096469791023992,10,1.0,5762.510716,True,
LOCAL-v1-q4-origin_cluster-5029,4,candidate,11,535.6871121818182,0.08453495893627405,11,1.0,5892.558234,True,
LOCAL-v1-q4-origin_cluster-5030,4,candidate,12,518.3134193333334,0.09082591603510082,12,1.0,6219.761032,True,
LOCAL-v1-q4-origin_cluster-5031,4,candidate,15,416.6965758,0.12230970896780491,15,1.0,6250.448637,True,
LOCAL-v1-q4-origin_cluster-5032,4,candidate,11,512.6810490909091,0.08937375003006309,11,1.0,5639.49154,True,
LOCAL-v1-q4-origin_cluster-5033,4,candidate,14,342.26579792857143,0.1182017910759896,14,1.0,4791.721171,True,
LOCAL-v1-q4-origin_cluster-5034,4,candidate,16,202.4161263125,0.16153345897328109,16,1.0,3238.658021,True,
LOCAL-v1-q4-origin_cluster-5035,4,candidate,10,631.3361328,0.12711512495297939,10,1.0,6313.361328,True,
LOCAL-v1-q4-origin_cluster-5036,4,candidate,15,397.1228068,0.16545445891097188,15,1.0,5956.842102,True,
LOCAL-v1-q4-origin_cluster-5037,4,candidate,15,401.7628216,0.15911116602364928,15,1.0,6026.442324,True,
LOCAL-v1-q4-origin_cluster-5038,4,candidate,16,76.3757935625,0.09182712505571544,16,1.0,1222.012697,True,
LOCAL-v1-q4-origin_cluster-5039,4,candidate,10,639.9415272,0.14352379099000245,10,1.0,6399.415272,True,
LOCAL-v1-q4-origin_cluster-5040,4,candidate,15,345.7609468,0.10034566593822092,15,1.0,5186.414202,True,
LOCAL-v1-q4-origin_cluster-5041,4,candidate,15,374.3230806,0.0832432919414714,15,1.0,5614.846209,True,
LOCAL-v1-q4-origin_cluster-5042,4,candidate,11,504.1233877272727,0.07571054203435779,11,1.0,5545.357265,True,
LOCAL-v1-q4-origin_cluster-5043,4,candidate,12,532.3836919166666,0.14748054195661098,12,1.0,6388.604303,True,
LOCAL-v1-q4-origin_cluster-5044,4,candidate,11,549.8068975454545,0.09621866594534367,11,1.0,6047.875873,True,
LOCAL-v1-q4-origin_cluster-5045,4,candidate,11,461.1886782727273,0.08949645899701864,11,1.0,5073.075461,True,
LOCAL-v1-q4-origin_cluster-5046,4,candidate,10,544.3398267,0.0694779169280082,10,1.0,5443.398267,True,
LOCAL-v1-q4-origin_cluster-5047,4,candidate,16,131.231464625,0.11264595796819776,16,1.0,2099.703434,True,
LOCAL-v1-q4-origin_cluster-5048,4,candidate,12,477.00447858333337,0.08444508304819465,12,1.0,5724.053743,True,
LOCAL-v1-q4-origin_cluster-5049,4,candidate,10,606.5946299999999,0.10297729098238051,10,1.0,6065.9463,True,
LOCAL-v1-q4-origin_cluster-5050,4,candidate,15,350.424062,0.12253804202191532,15,1.0,5256.36093,True,
LOCAL-v1-q4-origin_cluster-5051,4,candidate,11,536.6478377272728,0.06759537500329316,11,1.0,5903.126215,True,
LOCAL-v1-q4-origin_cluster-5052,4,candidate,13,378.2640042307693,0.0480720829218626,13,1.0,4917.432055,True,
LOCAL-v1-q4-origin_cluster-5053,4,candidate,16,117.264713125,0.12332700006663799,16,1.0,1876.23541,True,
LOCAL-v1-q4-origin_cluster-5054,4,candidate,16,151.58905825,0.14735283399932086,16,1.0,2425.424932,True,
LOCAL-v1-q4-origin_cluster-5055,4,candidate,12,509.58838575,0.08255741698667407,12,1.0,6115.060629,True,
LOCAL-v1-q4-origin_cluster-5056,4,candidate,13,499.0377066153846,0.12468570796772838,13,1.0,6487.490186,True,
LOCAL-v1-q4-origin_cluster-5057,4,candidate,13,422.6127526923077,0.1162263749865815,13,1.0,5493.965785,True,
LOCAL-v1-q4-origin_cluster-5058,4,candidate,14,370.54499378571427,0.09435966599266976,14,1.0,5187.629913,True,
LOCAL-v1-q4-origin_cluster-5059,4,candidate,12,436.7746364166667,0.07629799994174391,12,1.0,5241.295637,True,
LOCAL-v1-q4-origin_cluster-5060,4,candidate,11,544.7565579090909,0.10768516594544053,11,1.0,5992.322137,True,
LOCAL-v1-q4-origin_cluster-5061,4,candidate,13,464.1772980769231,0.13753216702025384,13,1.0,6034.304875,True,
LOCAL-v1-q4-origin_cluster-5062,4,candidate,16,100.32950375,0.11751704197376966,16,1.0,1605.27206,True,
LOCAL-v1-q4-origin_cluster-5063,4,candidate,15,361.64161140000004,0.11168662505224347,15,1.0,5424.624171,True,
LOCAL-v1-q4-origin_cluster-5064,4,candidate,13,448.0252026923077,0.12406970805022866,13,1.0,5824.327635,True,
LOCAL-v1-q4-origin_cluster-5065,4,candidate,12,504.3122218333333,0.10730775003321469,12,1.0,6051.746662,True,
LOCAL-v1-q4-origin_cluster-5066,4,candidate,10,537.2737869,0.11765837506391108,10,1.0,5372.737869,True,
LOCAL-v1-q4-origin_cluster-5067,4,candidate,16,163.2879136875,0.1267237919382751,16,1.0,2612.606619,True,
LOCAL-v1-q4-origin_cluster-5068,4,candidate,13,447.82360623076926,0.09738625003956258,13,1.0,5821.706881,True,
LOCAL-v1-q4-origin_cluster-5069,4,candidate,14,415.4820793571429,0.11208404100034386,14,1.0,5816.749111,True,
LOCAL-v1-q4-origin_cluster-5070,4,candidate,12,507.65356316666663,0.08733058406505734,12,1.0,6091.842758,True,
LOCAL-v1-q4-origin_cluster-5071,4,candidate,12,416.0548895833333,0.06743408308830112,12,1.0,4992.658675,True,
LOCAL-v1-q4-origin_cluster-5072,4,candidate,15,383.26983666666666,0.1862513340311125,15,1.0,5749.04755,True,
LOCAL-v1-q4-origin_cluster-5073,4,candidate,10,519.2826242,0.08893987501505762,10,1.0,5192.826242,True,
LOCAL-v1-q4-origin_cluster-5074,4,candidate,16,141.7970436875,0.14199933304917067,16,1.0,2268.752699,True,
LOCAL-v1-q4-origin_cluster-5075,4,candidate,15,328.4320846666667,0.1054194999160245,15,1.0,4926.48127,True,
LOCAL-v1-q4-origin_cluster-5076,4,candidate,12,512.65228575,0.10300899995490909,12,1.0,6151.827429,True,
LOCAL-v1-q4-origin_cluster-5077,4,candidate,14,379.7476674285714,0.1058445000089705,14,1.0,5316.467344,True,
LOCAL-v1-q4-origin_cluster-5078,4,candidate,13,402.2669296923077,0.08886124996934086,13,1.0,5229.470086,True,
LOCAL-v1-q4-origin_cluster-5079,4,candidate,10,551.5075787,0.04393416701350361,10,1.0,5515.075787,True,
LOCAL-v1-q4-origin_cluster-5080,4,candidate,10,636.9074883000001,0.07285250001586974,10,1.0,6369.074883,True,
LOCAL-v1-q4-origin_cluster-5081,4,candidate,16,114.052665,0.1415251250145957,16,1.0,1824.84264,True,
LOCAL-v1-q4-origin_cluster-5082,4,candidate,13,434.1265601538462,0.08432625001296401,13,1.0,5643.645282,True,
LOCAL-v1-q4-origin_cluster-5083,4,candidate,13,438.91159253846155,0.11045691592153162,13,1.0,5705.850703,True,
LOCAL-v1-q4-origin_cluster-5084,4,candidate,14,396.475257,0.1455091250827536,14,1.0,5550.653598,True,
LOCAL-v1-q4-origin_cluster-5085,4,candidate,15,373.07149393333333,0.1738450420089066,15,1.0,5596.072409,True,
LOCAL-v1-q4-origin_cluster-5086,4,candidate,12,506.3108976666667,0.1196035830071196,12,1.0,6075.730772,True,
LOCAL-v1-q4-origin_cluster-5087,4,candidate,13,506.8224200769231,0.11794849997386336,13,1.0,6588.691461,True,
LOCAL-v1-q4-origin_cluster-5088,4,candidate,16,158.9723956875,0.08864950004499406,16,1.0,2543.558331,True,
LOCAL-v1-q4-origin_cluster-5089,4,candidate,15,352.15857073333336,0.09830266598146409,15,1.0,5282.378561,True,
LOCAL-v1-q4-origin_cluster-5090,4,candidate,14,370.9156794285714,0.11304554098751396,14,1.0,5192.819512,True,
LOCAL-v1-q4-origin_cluster-5091,4,candidate,12,483.9974945833333,0.0816560419043526,12,1.0,5807.969935,True,
LOCAL-v1-q4-origin_cluster-5092,4,candidate,11,525.7444973636364,0.04407412500586361,11,1.0,5783.189471,True,
LOCAL-v1-q4-origin_cluster-5093,4,candidate,15,374.99043866666665,0.0902494159527123,15,1.0,5624.85658,True,
LOCAL-v1-q4-origin_cluster-5094,4,candidate,11,517.4373328181819,0.0905300829326734,11,1.0,5691.810661,True,
LOCAL-v1-q4-origin_cluster-5095,4,candidate,10,642.7998865,0.07727562496438622,10,1.0,6427.998865,True,
LOCAL-v1-q4-origin_cluster-5096,4,candidate,14,340.3466119285714,0.07458766701165587,14,1.0,4764.852567,True,
LOCAL-v1-q4-origin_cluster-5097,4,candidate,13,399.48673484615387,0.09273425000719726,13,1.0,5193.327553,True,
LOCAL-v1-q4-origin_cluster-5098,4,candidate,16,83.831301125,0.09578854101710021,16,1.0,1341.300818,True,
LOCAL-v1-q4-origin_cluster-5099,4,candidate,13,482.4142922307692,0.09991237497888505,13,1.0,6271.385799,True,
LOCAL-v1-q4-minimum_radius-5000,4,candidate,11,538.2968709090909,0.10401887493208051,11,1.0,5921.26558,True,
LOCAL-v1-q4-minimum_radius-5001,4,candidate,14,419.9959392857143,0.14190724992658943,14,1.0,5879.94315,True,
LOCAL-v1-q4-minimum_radius-5002,4,candidate,15,410.6815895333333,0.16896166699007154,15,1.0,6160.223843,True,
LOCAL-v1-q4-minimum_radius-5003,4,candidate,11,546.3824246363637,0.10127587500028312,11,1.0,6010.206671,True,
LOCAL-v1-q4-minimum_radius-5004,4,candidate,12,475.2713518333333,0.0912111250218004,12,1.0,5703.256222,True,
LOCAL-v1-q4-minimum_radius-5005,4,candidate,11,513.7551757272727,0.09564008296001703,11,1.0,5651.306933,True,
LOCAL-v1-q4-minimum_radius-5006,4,candidate,11,524.3814937272728,0.09786574996542186,11,1.0,5768.196431,True,
LOCAL-v1-q4-minimum_radius-5007,4,candidate,11,537.8076473636364,0.09742183401249349,11,1.0,5915.884121,True,
LOCAL-v1-q4-minimum_radius-5008,4,candidate,10,600.5934664,0.0710177089786157,10,1.0,6005.934664,True,
LOCAL-v1-q4-minimum_radius-5009,4,candidate,14,421.3468392857143,0.13926820911001414,14,1.0,5898.85575,True,
LOCAL-v1-q4-minimum_radius-5010,4,candidate,12,530.3333753333333,0.07345208409242332,12,1.0,6364.000504,True,
LOCAL-v1-q4-minimum_radius-5011,4,candidate,15,389.5492886666667,0.07800874998793006,15,1.0,5843.23933,True,
LOCAL-v1-q4-minimum_radius-5012,4,candidate,10,616.137687,0.07818170799873769,10,1.0,6161.37687,True,
LOCAL-v1-q4-minimum_radius-5013,4,candidate,12,502.50291633333336,0.1078753339825198,12,1.0,6030.034996,True,
LOCAL-v1-q4-minimum_radius-5014,4,candidate,11,531.5091202727273,0.08417445805389434,11,1.0,5846.600323,True,
LOCAL-v1-q4-minimum_radius-5015,4,candidate,12,507.4405233333334,0.1269602079410106,12,1.0,6089.28628,True,
LOCAL-v1-q4-minimum_radius-5016,4,candidate,16,274.4940494375,0.09280250000301749,16,1.0,4391.904791,True,
LOCAL-v1-q4-minimum_radius-5017,4,candidate,15,446.411245,0.15392125002108514,15,1.0,6696.168675,True,
LOCAL-v1-q4-minimum_radius-5018,4,candidate,10,601.5459617,0.08307595795486122,10,1.0,6015.459617,True,
LOCAL-v1-q4-minimum_radius-5019,4,candidate,11,537.3491986363637,0.049643374979496,11,1.0,5910.841185,True,
LOCAL-v1-q4-minimum_radius-5020,4,candidate,16,301.7919641875,0.10378679202403873,16,1.0,4828.671427,True,
LOCAL-v1-q4-minimum_radius-5021,4,candidate,14,499.3379019285714,0.1779855419881642,14,1.0,6990.730627,True,
LOCAL-v1-q4-minimum_radius-5022,4,candidate,14,453.65950914285713,0.11419362504966557,14,1.0,6351.233128,True,
LOCAL-v1-q4-minimum_radius-5023,4,candidate,15,401.45431006666666,0.12258304201532155,15,1.0,6021.814651,True,
LOCAL-v1-q4-minimum_radius-5024,4,candidate,13,444.9933844615385,0.12009225005749613,13,1.0,5784.913998,True,
LOCAL-v1-q4-minimum_radius-5025,4,candidate,12,518.6233840833333,0.09795420791488141,12,1.0,6223.480609,True,
LOCAL-v1-q4-minimum_radius-5026,4,candidate,15,382.44632086666667,0.1078472500666976,15,1.0,5736.694813,True,
LOCAL-v1-q4-minimum_radius-5027,4,candidate,11,545.8311006363637,0.09248037496581674,11,1.0,6004.142107,True,
LOCAL-v1-q4-minimum_radius-5028,4,candidate,10,624.5879908,0.0847136250231415,10,1.0,6245.879908,True,
LOCAL-v1-q4-minimum_radius-5029,4,candidate,11,556.6389137272728,0.07095687498804182,11,1.0,6123.028051,True,
LOCAL-v1-q4-minimum_radius-5030,4,candidate,12,531.62470625,0.0876804159488529,12,1.0,6379.496475,True,
LOCAL-v1-q4-minimum_radius-5031,4,candidate,15,438.29509693333335,0.10925858397968113,15,1.0,6574.426454,True,
LOCAL-v1-q4-minimum_radius-5032,4,candidate,11,528.3000583636364,0.053429167019203305,11,1.0,5811.300642,True,
LOCAL-v1-q4-minimum_radius-5033,4,candidate,14,406.61751300000003,0.10779050004202873,14,1.0,5692.645182,True,
LOCAL-v1-q4-minimum_radius-5034,4,candidate,16,362.004148875,0.10320608294568956,16,1.0,5792.066382,True,
LOCAL-v1-q4-minimum_radius-5035,4,candidate,10,611.2548509000001,0.06618724996224046,10,1.0,6112.548509,True,
LOCAL-v1-q4-minimum_radius-5036,4,candidate,15,408.6280098666667,0.1403175420127809,15,1.0,6129.420148,True,
LOCAL-v1-q4-minimum_radius-5037,4,candidate,15,423.7497226,0.12357733398675919,15,1.0,6356.245839,True,
LOCAL-v1-q4-minimum_radius-5038,4,candidate,16,327.814353,0.1408297090092674,16,1.0,5245.029648,True,
LOCAL-v1-q4-minimum_radius-5039,4,candidate,10,625.8496277,0.08372354099992663,10,1.0,6258.496277,True,
LOCAL-v1-q4-minimum_radius-5040,4,candidate,15,401.92419820000003,0.116093291901052,15,1.0,6028.862973,True,
LOCAL-v1-q4-minimum_radius-5041,4,candidate,15,413.4099169333333,0.11709754192270339,15,1.0,6201.148754,True,
LOCAL-v1-q4-minimum_radius-5042,4,candidate,11,523.5566853636363,0.06088404206093401,11,1.0,5759.123539,True,
LOCAL-v1-q4-minimum_radius-5043,4,candidate,12,540.9951586666667,0.09108466596808285,12,1.0,6491.941904,True,
LOCAL-v1-q4-minimum_radius-5044,4,candidate,11,582.2397808181818,0.06055816600564867,11,1.0,6404.637589,True,
LOCAL-v1-q4-minimum_radius-5045,4,candidate,11,495.5215360909091,0.11182583402842283,11,1.0,5450.736897,True,
LOCAL-v1-q4-minimum_radius-5046,4,candidate,10,596.5864353,0.05774112499784678,10,1.0,5965.864353,True,
LOCAL-v1-q4-minimum_radius-5047,4,candidate,16,246.518971125,0.11241420893929899,16,1.0,3944.303538,True,
LOCAL-v1-q4-minimum_radius-5048,4,candidate,12,515.6029030833333,0.10295824997592717,12,1.0,6187.234837,True,
LOCAL-v1-q4-minimum_radius-5049,4,candidate,10,601.0021776,0.07943783304654062,10,1.0,6010.021776,True,
LOCAL-v1-q4-minimum_radius-5050,4,candidate,15,396.8995856,0.09281845798250288,15,1.0,5953.493784,True,
LOCAL-v1-q4-minimum_radius-5051,4,candidate,11,546.2468025454546,0.06302925001364201,11,1.0,6008.714828,True,
LOCAL-v1-q4-minimum_radius-5052,4,candidate,13,438.94179753846157,0.08695633290335536,13,1.0,5706.243368,True,
LOCAL-v1-q4-minimum_radius-5053,4,candidate,16,363.10545425,0.127532416023314,16,1.0,5809.687268,True,
LOCAL-v1-q4-minimum_radius-5054,4,candidate,16,312.8077784375,0.12321737501770258,16,1.0,5004.924455,True,
LOCAL-v1-q4-minimum_radius-5055,4,candidate,12,524.9744835833334,0.12685483298264444,12,1.0,6299.693803,True,
LOCAL-v1-q4-minimum_radius-5056,4,candidate,13,512.7186805384615,0.15921695798169822,13,1.0,6665.342847,True,
LOCAL-v1-q4-minimum_radius-5057,4,candidate,13,451.8225981538462,0.10741395899094641,13,1.0,5873.693776,True,
LOCAL-v1-q4-minimum_radius-5058,4,candidate,14,435.9615855,0.1290307919261977,14,1.0,6103.462197,True,
LOCAL-v1-q4-minimum_radius-5059,4,candidate,12,444.0704166666667,0.10677225003018975,12,1.0,5328.845,True,
LOCAL-v1-q4-minimum_radius-5060,4,candidate,11,582.0698195454545,0.08259508409537375,11,1.0,6402.768015,True,
LOCAL-v1-q4-minimum_radius-5061,4,candidate,13,493.1682592307692,0.10975058400072157,13,1.0,6411.18737,True,
LOCAL-v1-q4-minimum_radius-5062,4,candidate,16,282.753856,0.14737454103305936,16,1.0,4524.061696,True,
LOCAL-v1-q4-minimum_radius-5063,4,candidate,15,374.4693562,0.10752112499903888,15,1.0,5617.040343,True,
LOCAL-v1-q4-minimum_radius-5064,4,candidate,13,483.4780502307692,0.11332316708285362,13,1.0,6285.214653,True,
LOCAL-v1-q4-minimum_radius-5065,4,candidate,12,536.0816805833333,0.10172066697850823,12,1.0,6432.980167,True,
LOCAL-v1-q4-minimum_radius-5066,4,candidate,10,583.9927749000001,0.0588094579288736,10,1.0,5839.927749,True,
LOCAL-v1-q4-minimum_radius-5067,4,candidate,16,321.8138165,0.12056566693354398,16,1.0,5149.021064,True,
LOCAL-v1-q4-minimum_radius-5068,4,candidate,13,461.28471261538465,0.062216791906394064,13,1.0,5996.701264,True,
LOCAL-v1-q4-minimum_radius-5069,4,candidate,14,420.30965357142856,0.09217700001318008,14,1.0,5884.33515,True,
LOCAL-v1-q4-minimum_radius-5070,4,candidate,12,527.5057946666667,0.12151850003283471,12,1.0,6330.069536,True,
LOCAL-v1-q4-minimum_radius-5071,4,candidate,12,459.62507624999995,0.11739195906557143,12,1.0,5515.500915,True,
LOCAL-v1-q4-minimum_radius-5072,4,candidate,15,408.8571429333333,0.04793787491507828,15,1.0,6132.857144,True,
LOCAL-v1-q4-minimum_radius-5073,4,candidate,10,571.9482714,0.07788716698996723,10,1.0,5719.482714,True,
LOCAL-v1-q4-minimum_radius-5074,4,candidate,16,338.4760173125,0.09356729197315872,16,1.0,5415.616277,True,
LOCAL-v1-q4-minimum_radius-5075,4,candidate,15,405.1883997333333,0.09033958404324949,15,1.0,6077.825996,True,
LOCAL-v1-q4-minimum_radius-5076,4,candidate,12,511.11620958333333,0.09715558297466487,12,1.0,6133.394515,True,
LOCAL-v1-q4-minimum_radius-5077,4,candidate,14,396.064206,0.11194174992851913,14,1.0,5544.898884,True,
LOCAL-v1-q4-minimum_radius-5078,4,candidate,13,427.2957049230769,0.09277558291796595,13,1.0,5554.844164,True,
LOCAL-v1-q4-minimum_radius-5079,4,candidate,10,596.9058046,0.06082087499089539,10,1.0,5969.058046,True,
LOCAL-v1-q4-minimum_radius-5080,4,candidate,10,657.4104803,0.11814962502103299,10,1.0,6574.104803,True,
LOCAL-v1-q4-minimum_radius-5081,4,candidate,16,405.6581126875,0.12055183295160532,16,1.0,6490.529803,True,
LOCAL-v1-q4-minimum_radius-5082,4,candidate,13,470.0789113846154,0.14250766695477068,13,1.0,6111.025848,True,
LOCAL-v1-q4-minimum_radius-5083,4,candidate,13,449.2495356923077,0.07424795802216977,13,1.0,5840.243964,True,
LOCAL-v1-q4-minimum_radius-5084,4,candidate,14,412.28688957142856,0.12726562505122274,14,1.0,5772.016454,True,
LOCAL-v1-q4-minimum_radius-5085,4,candidate,15,410.43283306666666,0.08707166695967317,15,1.0,6156.492496,True,
LOCAL-v1-q4-minimum_radius-5086,4,candidate,12,542.9787084999999,0.1342815839452669,12,1.0,6515.744502,True,
LOCAL-v1-q4-minimum_radius-5087,4,candidate,13,437.47918523076925,0.10484237503260374,13,1.0,5687.229408,True,
LOCAL-v1-q4-minimum_radius-5088,4,candidate,16,355.7570016875,0.08818916697055101,16,1.0,5692.112027,True,
LOCAL-v1-q4-minimum_radius-5089,4,candidate,15,379.75664859999995,0.07137391599826515,15,1.0,5696.349729,True,
LOCAL-v1-q4-minimum_radius-5090,4,candidate,14,423.85013357142856,0.08141716592945158,14,1.0,5933.90187,True,
LOCAL-v1-q4-minimum_radius-5091,4,candidate,12,475.5123275833334,0.07085654092952609,12,1.0,5706.147931,True,
LOCAL-v1-q4-minimum_radius-5092,4,candidate,11,562.224931,0.059418125078082085,11,1.0,6184.474241,True,
LOCAL-v1-q4-minimum_radius-5093,4,candidate,15,470.46029999999996,0.12246170802973211,15,1.0,7056.9045,True,
LOCAL-v1-q4-minimum_radius-5094,4,candidate,11,544.9089743636364,0.08879700000397861,11,1.0,5993.998718,True,
LOCAL-v1-q4-minimum_radius-5095,4,candidate,10,615.3774161,0.07254087494220585,10,1.0,6153.774161,True,
LOCAL-v1-q4-minimum_radius-5096,4,candidate,14,396.66328528571427,0.055739458999596536,14,1.0,5553.285994,True,
LOCAL-v1-q4-minimum_radius-5097,4,candidate,13,438.6245032307692,0.24505220807623118,13,1.0,5702.118542,True,
LOCAL-v1-q4-minimum_radius-5098,4,candidate,16,296.268594,0.18962058296892792,16,1.0,4740.297504,True,
LOCAL-v1-q4-minimum_radius-5099,4,candidate,13,500.30337861538464,0.14017916598822922,13,1.0,6503.943922,True,
LOCAL-v1-q4-exactly10_sources-5000,4,candidate,10,621.1185565,0.06181679107248783,10,1.0,6211.185565,True,
LOCAL-v1-q4-exactly10_sources-5001,4,candidate,10,585.6834911,0.08597654209006578,10,1.0,5856.834911,True,
LOCAL-v1-q4-exactly10_sources-5002,4,candidate,10,559.0229615999999,0.06184579199180007,10,1.0,5590.229616,True,
LOCAL-v1-q4-exactly10_sources-5003,4,candidate,10,622.5811381000001,0.07213216694071889,10,1.0,6225.811381,True,
LOCAL-v1-q4-exactly10_sources-5004,4,candidate,10,590.3039696,0.0974917080020532,10,1.0,5903.039696,True,
LOCAL-v1-q4-exactly10_sources-5005,4,candidate,10,576.9311436,0.08998454199172556,10,1.0,5769.311436,True,
LOCAL-v1-q4-exactly10_sources-5006,4,candidate,10,577.5100593,0.09952000004705042,10,1.0,5775.100593,True,
LOCAL-v1-q4-exactly10_sources-5007,4,candidate,10,562.5676713,0.07681829191278666,10,1.0,5625.676713,True,
LOCAL-v1-q4-exactly10_sources-5008,4,candidate,10,596.0155493,0.057195791974663734,10,1.0,5960.155493,True,
LOCAL-v1-q4-exactly10_sources-5009,4,candidate,10,566.7999709,0.08453516697045416,10,1.0,5667.999709,True,
LOCAL-v1-q4-exactly10_sources-5010,4,candidate,10,618.7183438,0.08295833307784051,10,1.0,6187.183438,True,
LOCAL-v1-q4-exactly10_sources-5011,4,candidate,10,618.4719667,0.05842358397785574,10,1.0,6184.719667,True,
LOCAL-v1-q4-exactly10_sources-5012,4,candidate,10,567.1212837,0.045370582956820726,10,1.0,5671.212837,True,
LOCAL-v1-q4-exactly10_sources-5013,4,candidate,10,606.7295829,0.04579570796340704,10,1.0,6067.295829,True,
LOCAL-v1-q4-exactly10_sources-5014,4,candidate,10,612.5782587,0.07898504193872213,10,1.0,6125.782587,True,
LOCAL-v1-q4-exactly10_sources-5015,4,candidate,10,656.6583137,0.0969092498999089,10,1.0,6566.583137,True,
LOCAL-v1-q4-exactly10_sources-5016,4,candidate,10,572.6797799,0.057733875000849366,10,1.0,5726.797799,True,
LOCAL-v1-q4-exactly10_sources-5017,4,candidate,10,583.6729032999999,0.055172333028167486,10,1.0,5836.729033,True,
LOCAL-v1-q4-exactly10_sources-5018,4,candidate,10,571.1728562000001,0.06704633391927928,10,1.0,5711.728562,True,
LOCAL-v1-q4-exactly10_sources-5019,4,candidate,10,632.0412566,0.09693445800803602,10,1.0,6320.412566,True,
LOCAL-v1-q4-exactly10_sources-5020,4,candidate,10,593.9448442,0.04641241708304733,10,1.0,5939.448442,True,
LOCAL-v1-q4-exactly10_sources-5021,4,candidate,10,639.5478356,0.05566233291756362,10,1.0,6395.478356,True,
LOCAL-v1-q4-exactly10_sources-5022,4,candidate,10,556.1761078000001,0.06135650002397597,10,1.0,5561.761078,True,
LOCAL-v1-q4-exactly10_sources-5023,4,candidate,10,576.3522696,0.09377566596958786,10,1.0,5763.522696,True,
LOCAL-v1-q4-exactly10_sources-5024,4,candidate,10,608.9424516,0.062120749964378774,10,1.0,6089.424516,True,
LOCAL-v1-q4-exactly10_sources-5025,4,candidate,10,556.5883166,0.0688667920185253,10,1.0,5565.883166,True,
LOCAL-v1-q4-exactly10_sources-5026,4,candidate,10,541.7482817,0.1132891250308603,10,1.0,5417.482817,True,
LOCAL-v1-q4-exactly10_sources-5027,4,candidate,10,568.0014558,0.08292774995788932,10,1.0,5680.014558,True,
LOCAL-v1-q4-exactly10_sources-5028,4,candidate,10,633.9996432,0.09115945897065103,10,1.0,6339.996432,True,
LOCAL-v1-q4-exactly10_sources-5029,4,candidate,10,597.076203,0.09835266694426537,10,1.0,5970.76203,True,
LOCAL-v1-q4-exactly10_sources-5030,4,candidate,10,556.7978697,0.06832183292135596,10,1.0,5567.978697,True,
LOCAL-v1-q4-exactly10_sources-5031,4,candidate,10,597.9734824999999,0.09982162504456937,10,1.0,5979.734825,True,
LOCAL-v1-q4-exactly10_sources-5032,4,candidate,10,611.8809418,0.08080970798619092,10,1.0,6118.809418,True,
LOCAL-v1-q4-exactly10_sources-5033,4,candidate,10,585.6883516,0.07009966694749892,10,1.0,5856.883516,True,
LOCAL-v1-q4-exactly10_sources-5034,4,candidate,10,591.1751503,0.07530408294405788,10,1.0,5911.751503,True,
LOCAL-v1-q4-exactly10_sources-5035,4,candidate,10,609.66372,0.07775595900602639,10,1.0,6096.6372,True,
LOCAL-v1-q4-exactly10_sources-5036,4,candidate,10,616.3751926,0.05847516702488065,10,1.0,6163.751926,True,
LOCAL-v1-q4-exactly10_sources-5037,4,candidate,10,552.3330807,0.07295858394354582,10,1.0,5523.330807,True,
LOCAL-v1-q4-exactly10_sources-5038,4,candidate,10,614.6435718,0.0883882079506293,10,1.0,6146.435718,True,
LOCAL-v1-q4-exactly10_sources-5039,4,candidate,10,610.6183561,0.06390487495809793,10,1.0,6106.183561,True,
LOCAL-v1-q4-exactly10_sources-5040,4,candidate,10,586.8053667,0.0839963749749586,10,1.0,5868.053667,True,
LOCAL-v1-q4-exactly10_sources-5041,4,candidate,10,559.5807973,0.06112095795106143,10,1.0,5595.807973,True,
LOCAL-v1-q4-exactly10_sources-5042,4,candidate,10,612.0410497,0.07757004199083894,10,1.0,6120.410497,True,
LOCAL-v1-q4-exactly10_sources-5043,4,candidate,10,643.7994174,0.06553075008559972,10,1.0,6437.994174,True,
LOCAL-v1-q4-exactly10_sources-5044,4,candidate,10,554.5365053,0.08267562498804182,10,1.0,5545.365053,True,
LOCAL-v1-q4-exactly10_sources-5045,4,candidate,10,615.485822,0.04804841603618115,10,1.0,6154.85822,True,
LOCAL-v1-q4-exactly10_sources-5046,4,candidate,10,579.2597633,0.09224524989258498,10,1.0,5792.597633,True,
LOCAL-v1-q4-exactly10_sources-5047,4,candidate,10,573.610012,0.03594129194971174,10,1.0,5736.10012,True,
LOCAL-v1-q4-exactly10_sources-5048,4,candidate,10,613.178478,0.07589874998666346,10,1.0,6131.78478,True,
LOCAL-v1-q4-exactly10_sources-5049,4,candidate,10,612.6541325999999,0.08635004109237343,10,1.0,6126.541326,True,
LOCAL-v1-q4-exactly10_sources-5050,4,candidate,10,573.4409162,0.09344262501690537,10,1.0,5734.409162,True,
LOCAL-v1-q4-exactly10_sources-5051,4,candidate,10,594.8501229000001,0.08664008299820125,10,1.0,5948.501229,True,
LOCAL-v1-q4-exactly10_sources-5052,4,candidate,10,557.6462802,0.06400008406490088,10,1.0,5576.462802,True,
LOCAL-v1-q4-exactly10_sources-5053,4,candidate,10,545.5401075,0.10490620799828321,10,1.0,5455.401075,True,
LOCAL-v1-q4-exactly10_sources-5054,4,candidate,10,624.4189259,0.07351062505040318,10,1.0,6244.189259,True,
LOCAL-v1-q4-exactly10_sources-5055,4,candidate,10,583.5988785,0.08483974996488541,10,1.0,5835.988785,True,
LOCAL-v1-q4-exactly10_sources-5056,4,candidate,10,601.1122402,0.06294570805039257,10,1.0,6011.122402,True,
LOCAL-v1-q4-exactly10_sources-5057,4,candidate,10,557.2694109,0.06554550002329051,10,1.0,5572.694109,True,
LOCAL-v1-q4-exactly10_sources-5058,4,candidate,10,599.6716786,0.09752437507268041,10,1.0,5996.716786,True,
LOCAL-v1-q4-exactly10_sources-5059,4,candidate,10,563.4869761,0.0830571660771966,10,1.0,5634.869761,True,
LOCAL-v1-q4-exactly10_sources-5060,4,candidate,10,588.9810787,0.05695887503679842,10,1.0,5889.810787,True,
LOCAL-v1-q4-exactly10_sources-5061,4,candidate,10,604.5850521,0.08499966701492667,10,1.0,6045.850521,True,
LOCAL-v1-q4-exactly10_sources-5062,4,candidate,10,600.7666820000001,0.10596837499178946,10,1.0,6007.66682,True,
LOCAL-v1-q4-exactly10_sources-5063,4,candidate,10,578.9051869,0.12754954199772328,10,1.0,5789.051869,True,
LOCAL-v1-q4-exactly10_sources-5064,4,candidate,10,559.1623293,0.07779108290560544,10,1.0,5591.623293,True,
LOCAL-v1-q4-exactly10_sources-5065,4,candidate,10,567.2912254,0.13058108394034207,10,1.0,5672.912254,True,
LOCAL-v1-q4-exactly10_sources-5066,4,candidate,10,566.3701675,0.10230262496042997,10,1.0,5663.701675,True,
LOCAL-v1-q4-exactly10_sources-5067,4,candidate,10,577.6769366999999,0.12096770794596523,10,1.0,5776.769367,True,
LOCAL-v1-q4-exactly10_sources-5068,4,candidate,10,551.5956972,0.09541470895055681,10,1.0,5515.956972,True,
LOCAL-v1-q4-exactly10_sources-5069,4,candidate,10,585.9119938,0.11066020897123963,10,1.0,5859.119938,True,
LOCAL-v1-q4-exactly10_sources-5070,4,candidate,10,611.9044205,0.11192783305887133,10,1.0,6119.044205,True,
LOCAL-v1-q4-exactly10_sources-5071,4,candidate,10,579.9081131,0.06126137496903539,10,1.0,5799.081131,True,
LOCAL-v1-q4-exactly10_sources-5072,4,candidate,10,583.1348533,0.1066205418901518,10,1.0,5831.348533,True,
LOCAL-v1-q4-exactly10_sources-5073,4,candidate,10,549.6574053,0.09292637498583645,10,1.0,5496.574053,True,
LOCAL-v1-q4-exactly10_sources-5074,4,candidate,10,582.4050108,0.04130054102279246,10,1.0,5824.050108,True,
LOCAL-v1-q4-exactly10_sources-5075,4,candidate,10,639.6736321000001,0.08917679195292294,10,1.0,6396.736321,True,
LOCAL-v1-q4-exactly10_sources-5076,4,candidate,10,596.1889394,0.11456383299082518,10,1.0,5961.889394,True,
LOCAL-v1-q4-exactly10_sources-5077,4,candidate,10,558.1669554,0.08321816695388407,10,1.0,5581.669554,True,
LOCAL-v1-q4-exactly10_sources-5078,4,candidate,10,603.8300938,0.09002537501510233,10,1.0,6038.300938,True,
LOCAL-v1-q4-exactly10_sources-5079,4,candidate,10,615.4292204000001,0.0831718749832362,10,1.0,6154.292204,True,
LOCAL-v1-q4-exactly10_sources-5080,4,candidate,10,584.4524168,0.08338537497911602,10,1.0,5844.524168,True,
LOCAL-v1-q4-exactly10_sources-5081,4,candidate,10,601.3254592999999,0.10342829197179526,10,1.0,6013.254593,True,
LOCAL-v1-q4-exactly10_sources-5082,4,candidate,10,558.4888271,0.08537062502000481,10,1.0,5584.888271,True,
LOCAL-v1-q4-exactly10_sources-5083,4,candidate,10,580.373639,0.08992149995174259,10,1.0,5803.73639,True,
LOCAL-v1-q4-exactly10_sources-5084,4,candidate,10,574.9239903,0.09007762500550598,10,1.0,5749.239903,True,
LOCAL-v1-q4-exactly10_sources-5085,4,candidate,10,576.8358256,0.061178334057331085,10,1.0,5768.358256,True,
LOCAL-v1-q4-exactly10_sources-5086,4,candidate,10,585.6927098,0.10973795794416219,10,1.0,5856.927098,True,
LOCAL-v1-q4-exactly10_sources-5087,4,candidate,10,578.1682989,0.11962495790794492,10,1.0,5781.682989,True,
LOCAL-v1-q4-exactly10_sources-5088,4,candidate,10,617.2039612,0.12110137497074902,10,1.0,6172.039612,True,
LOCAL-v1-q4-exactly10_sources-5089,4,candidate,10,580.4892724,0.11904070794116706,10,1.0,5804.892724,True,
LOCAL-v1-q4-exactly10_sources-5090,4,candidate,10,569.8130448,0.11289129091892391,10,1.0,5698.130448,True,
LOCAL-v1-q4-exactly10_sources-5091,4,candidate,10,543.1956494,0.10408279206603765,10,1.0,5431.956494,True,
LOCAL-v1-q4-exactly10_sources-5092,4,candidate,10,593.5839581,0.11182579095475376,10,1.0,5935.839581,True,
LOCAL-v1-q4-exactly10_sources-5093,4,candidate,10,556.3764244,0.10310545796528459,10,1.0,5563.764244,True,
LOCAL-v1-q4-exactly10_sources-5094,4,candidate,10,614.7292811,0.1050750840222463,10,1.0,6147.292811,True,
LOCAL-v1-q4-exactly10_sources-5095,4,candidate,10,557.3334738,0.0921169159701094,10,1.0,5573.334738,True,
LOCAL-v1-q4-exactly10_sources-5096,4,candidate,10,579.1224354,0.10002125008031726,10,1.0,5791.224354,True,
LOCAL-v1-q4-exactly10_sources-5097,4,candidate,10,576.574118,0.0784812499769032,10,1.0,5765.74118,True,
LOCAL-v1-q4-exactly10_sources-5098,4,candidate,10,582.6379432,0.11670766689348966,10,1.0,5826.379432,True,
LOCAL-v1-q4-exactly10_sources-5099,4,candidate,10,614.1638111,0.14580241695512086,10,1.0,6141.638111,True,
LOCAL-v1-q4-exactly16_sources-5000,4,candidate,16,280.2298826875,0.1923033749917522,16,1.0,4483.678123,True,
LOCAL-v1-q4-exactly16_sources-5001,4,candidate,16,291.1273275,0.13357212499249727,16,1.0,4658.03724,True,
LOCAL-v1-q4-exactly16_sources-5002,4,candidate,16,285.858043625,0.1281730830669403,16,1.0,4573.728698,True,
LOCAL-v1-q4-exactly16_sources-5003,4,candidate,16,327.9922929375,0.11683516600169241,16,1.0,5247.876687,True,
LOCAL-v1-q4-exactly16_sources-5004,4,candidate,16,345.251709875,0.2096339580602944,16,1.0,5524.027358,True,
LOCAL-v1-q4-exactly16_sources-5005,4,candidate,16,332.148825875,0.1675595409469679,16,1.0,5314.381214,True,
LOCAL-v1-q4-exactly16_sources-5006,4,candidate,16,349.8260108125,0.15787841693963856,16,1.0,5597.216173,True,
LOCAL-v1-q4-exactly16_sources-5007,4,candidate,16,331.3175055,0.13281854195520282,16,1.0,5301.080088,True,
LOCAL-v1-q4-exactly16_sources-5008,4,candidate,16,268.4973564375,0.15399462496861815,16,1.0,4295.957703,True,
LOCAL-v1-q4-exactly16_sources-5009,4,candidate,16,332.93967675,0.13571758405305445,16,1.0,5327.034828,True,
LOCAL-v1-q4-exactly16_sources-5010,4,candidate,16,323.3808364375,0.16737191705033183,16,1.0,5174.093383,True,
LOCAL-v1-q4-exactly16_sources-5011,4,candidate,16,358.9358901875,0.18883150001056492,16,1.0,5742.974243,True,
LOCAL-v1-q4-exactly16_sources-5012,4,candidate,16,334.8213913125,0.12535537499934435,16,1.0,5357.142261,True,
LOCAL-v1-q4-exactly16_sources-5013,4,candidate,16,381.1568905,0.13453891698736697,16,1.0,6098.510248,True,
LOCAL-v1-q4-exactly16_sources-5014,4,candidate,16,256.390822875,0.15317087504081428,16,1.0,4102.253166,True,
LOCAL-v1-q4-exactly16_sources-5015,4,candidate,16,290.965716,0.1619249579962343,16,1.0,4655.451456,True,
LOCAL-v1-q4-exactly16_sources-5016,4,candidate,16,248.6877310625,0.1091199159855023,16,1.0,3979.003697,True,
LOCAL-v1-q4-exactly16_sources-5017,4,candidate,16,188.3094931875,0.1345585830276832,16,1.0,3012.951891,True,
LOCAL-v1-q4-exactly16_sources-5018,4,candidate,16,339.51431675,0.11881404195446521,16,1.0,5432.229068,True,
LOCAL-v1-q4-exactly16_sources-5019,4,candidate,16,268.5490646875,0.15046566701494157,16,1.0,4296.785035,True,
LOCAL-v1-q4-exactly16_sources-5020,4,candidate,16,235.9469245625,0.11321062501519918,16,1.0,3775.150793,True,
LOCAL-v1-q4-exactly16_sources-5021,4,candidate,16,345.7024424375,0.16775470797438174,16,1.0,5531.239079,True,
LOCAL-v1-q4-exactly16_sources-5022,4,candidate,16,230.4432496875,0.15650487504899502,16,1.0,3687.091995,True,
LOCAL-v1-q4-exactly16_sources-5023,4,candidate,16,263.6891085625,0.17330208397470415,16,1.0,4219.025737,True,
LOCAL-v1-q4-exactly16_sources-5024,4,candidate,16,278.021930375,0.13260508293751627,16,1.0,4448.350886,True,
LOCAL-v1-q4-exactly16_sources-5025,4,candidate,16,311.586562125,0.13028904201928526,16,1.0,4985.384994,True,
LOCAL-v1-q4-exactly16_sources-5026,4,candidate,16,321.300728125,0.11382562504149973,16,1.0,5140.81165,True,
LOCAL-v1-q4-exactly16_sources-5027,4,candidate,16,320.888940375,0.14114158297888935,16,1.0,5134.223046,True,
LOCAL-v1-q4-exactly16_sources-5028,4,candidate,16,243.5028165,0.15026770799886435,16,1.0,3896.045064,True,
LOCAL-v1-q4-exactly16_sources-5029,4,candidate,16,349.56450875,0.20567995903547853,16,1.0,5593.03214,True,
LOCAL-v1-q4-exactly16_sources-5030,4,candidate,16,377.3051163125,0.16256412502843887,16,1.0,6036.881861,True,
LOCAL-v1-q4-exactly16_sources-5031,4,candidate,16,249.7609345625,0.14399091596715152,16,1.0,3996.174953,True,
LOCAL-v1-q4-exactly16_sources-5032,4,candidate,16,290.4844533125,0.13687762490008026,16,1.0,4647.751253,True,
LOCAL-v1-q4-exactly16_sources-5033,4,candidate,16,298.0259015,0.10259033308830112,16,1.0,4768.414424,True,
LOCAL-v1-q4-exactly16_sources-5034,4,candidate,16,369.5069156875,0.15729287499561906,16,1.0,5912.110651,True,
LOCAL-v1-q4-exactly16_sources-5035,4,candidate,16,311.8917036875,0.18791066703852266,16,1.0,4990.267259,True,
LOCAL-v1-q4-exactly16_sources-5036,4,candidate,16,326.1741516875,0.10129949997644871,16,1.0,5218.786427,True,
LOCAL-v1-q4-exactly16_sources-5037,4,candidate,16,276.297648375,0.13512866699602455,16,1.0,4420.762374,True,
LOCAL-v1-q4-exactly16_sources-5038,4,candidate,16,244.0983865,0.17294195899739861,16,1.0,3905.574184,True,
LOCAL-v1-q4-exactly16_sources-5039,4,candidate,16,260.452290375,0.12946016702335328,16,1.0,4167.236646,True,
LOCAL-v1-q4-exactly16_sources-5040,4,candidate,16,266.780229875,0.13086587493307889,16,1.0,4268.483678,True,
LOCAL-v1-q4-exactly16_sources-5041,4,candidate,16,299.513528875,0.16135966696310788,16,1.0,4792.216462,True,
LOCAL-v1-q4-exactly16_sources-5042,4,candidate,16,330.577025375,0.16451745794620365,16,1.0,5289.232406,True,
LOCAL-v1-q4-exactly16_sources-5043,4,candidate,16,459.5604865625,0.15252633299678564,16,1.0,7352.967785,True,
LOCAL-v1-q4-exactly16_sources-5044,4,candidate,16,229.4628911875,0.13094483397435397,16,1.0,3671.406259,True,
LOCAL-v1-q4-exactly16_sources-5045,4,candidate,16,344.9659636875,0.12568899989128113,16,1.0,5519.455419,True,
LOCAL-v1-q4-exactly16_sources-5046,4,candidate,16,243.967843375,0.15841620904393494,16,1.0,3903.485494,True,
LOCAL-v1-q4-exactly16_sources-5047,4,candidate,16,256.5169410625,0.15584554197266698,16,1.0,4104.271057,True,
LOCAL-v1-q4-exactly16_sources-5048,4,candidate,16,255.625764,0.1337202499853447,16,1.0,4090.012224,True,
LOCAL-v1-q4-exactly16_sources-5049,4,candidate,16,367.8058856875,0.20697641698643565,16,1.0,5884.894171,True,
LOCAL-v1-q4-exactly16_sources-5050,4,candidate,16,327.475634625,0.12069079105276614,16,1.0,5239.610154,True,
LOCAL-v1-q4-exactly16_sources-5051,4,candidate,16,264.5883976875,0.19217729195952415,16,1.0,4233.414363,True,
LOCAL-v1-q4-exactly16_sources-5052,4,candidate,16,323.3123308125,0.18783395900391042,16,1.0,5172.997293,True,
LOCAL-v1-q4-exactly16_sources-5053,4,candidate,16,276.57842125,0.16197912499774247,16,1.0,4425.25474,True,
LOCAL-v1-q4-exactly16_sources-5054,4,candidate,16,338.2837555625,0.12442441703751683,16,1.0,5412.540089,True,
LOCAL-v1-q4-exactly16_sources-5055,4,candidate,16,355.44924325,0.14411504205781966,16,1.0,5687.187892,True,
LOCAL-v1-q4-exactly16_sources-5056,4,candidate,16,249.713519,0.1722708750749007,16,1.0,3995.416304,True,
LOCAL-v1-q4-exactly16_sources-5057,4,candidate,16,208.3647215625,0.15087195800151676,16,1.0,3333.835545,True,
LOCAL-v1-q4-exactly16_sources-5058,4,candidate,16,251.9442625,0.1260789999505505,16,1.0,4031.1082,True,
LOCAL-v1-q4-exactly16_sources-5059,4,candidate,16,304.35025925,0.13414924999233335,16,1.0,4869.604148,True,
LOCAL-v1-q4-exactly16_sources-5060,4,candidate,16,406.1557499375,0.16063912503886968,16,1.0,6498.491999,True,
LOCAL-v1-q4-exactly16_sources-5061,4,candidate,16,364.54557875,0.1777262499090284,16,1.0,5832.72926,True,
LOCAL-v1-q4-exactly16_sources-5062,4,candidate,16,348.883491625,0.16482925007585436,16,1.0,5582.135866,True,
LOCAL-v1-q4-exactly16_sources-5063,4,candidate,16,276.8251155,0.20811766595579684,16,1.0,4429.201848,True,
LOCAL-v1-q4-exactly16_sources-5064,4,candidate,16,347.2874108125,0.20086216705385596,16,1.0,5556.598573,True,
LOCAL-v1-q4-exactly16_sources-5065,4,candidate,16,329.6511184375,0.17056683299597353,16,1.0,5274.417895,True,
LOCAL-v1-q4-exactly16_sources-5066,4,candidate,16,338.7234230625,0.14988666702993214,16,1.0,5419.574769,True,
LOCAL-v1-q4-exactly16_sources-5067,4,candidate,16,310.41213275,0.18386216706130654,16,1.0,4966.594124,True,
LOCAL-v1-q4-exactly16_sources-5068,4,candidate,16,327.56560825,0.14257424999959767,16,1.0,5241.049732,True,
LOCAL-v1-q4-exactly16_sources-5069,4,candidate,16,238.913137875,0.16579470806755126,16,1.0,3822.610206,True,
LOCAL-v1-q4-exactly16_sources-5070,4,candidate,16,357.4066900625,0.17192966700531542,16,1.0,5718.507041,True,
LOCAL-v1-q4-exactly16_sources-5071,4,candidate,16,319.568865,0.15791983308736235,16,1.0,5113.10184,True,
LOCAL-v1-q4-exactly16_sources-5072,4,candidate,16,329.553458375,0.15246820799075067,16,1.0,5272.855334,True,
LOCAL-v1-q4-exactly16_sources-5073,4,candidate,16,367.51236225,0.15967666695360094,16,1.0,5880.197796,True,
LOCAL-v1-q4-exactly16_sources-5074,4,candidate,16,255.048085125,0.15085733402520418,16,1.0,4080.769362,True,
LOCAL-v1-q4-exactly16_sources-5075,4,candidate,16,249.93587225,0.19465404096990824,16,1.0,3998.973956,True,
LOCAL-v1-q4-exactly16_sources-5076,4,candidate,16,328.1810566875,0.07901774998754263,16,1.0,5250.896907,True,
LOCAL-v1-q4-exactly16_sources-5077,4,candidate,16,391.3208605,0.12915845890529454,16,1.0,6261.133768,True,
LOCAL-v1-q4-exactly16_sources-5078,4,candidate,16,289.02364025,0.16315299994312227,16,1.0,4624.378244,True,
LOCAL-v1-q4-exactly16_sources-5079,4,candidate,16,312.812350375,0.11196975002530962,16,1.0,5004.997606,True,
LOCAL-v1-q4-exactly16_sources-5080,4,candidate,16,308.43236475,0.16519216599408537,16,1.0,4934.917836,True,
LOCAL-v1-q4-exactly16_sources-5081,4,candidate,16,323.257832875,0.15240008395630866,16,1.0,5172.125326,True,
LOCAL-v1-q4-exactly16_sources-5082,4,candidate,16,301.3537011875,0.1415040830615908,16,1.0,4821.659219,True,
LOCAL-v1-q4-exactly16_sources-5083,4,candidate,16,357.5783511875,0.11594974994659424,16,1.0,5721.253619,True,
LOCAL-v1-q4-exactly16_sources-5084,4,candidate,16,383.6742561875,0.14616399991791695,16,1.0,6138.788099,True,
LOCAL-v1-q4-exactly16_sources-5085,4,candidate,16,242.0188619375,0.16654408304020762,16,1.0,3872.301791,True,
LOCAL-v1-q4-exactly16_sources-5086,4,candidate,16,261.707229375,0.2284483329858631,16,1.0,4187.31567,True,
LOCAL-v1-q4-exactly16_sources-5087,4,candidate,16,217.4329309375,0.1844531249953434,16,1.0,3478.926895,True,
LOCAL-v1-q4-exactly16_sources-5088,4,candidate,16,317.330517125,0.15454575000330806,16,1.0,5077.288274,True,
LOCAL-v1-q4-exactly16_sources-5089,4,candidate,16,244.1372566875,0.16038720810320228,16,1.0,3906.196107,True,
LOCAL-v1-q4-exactly16_sources-5090,4,candidate,16,284.9515586875,0.17251620802562684,16,1.0,4559.224939,True,
LOCAL-v1-q4-exactly16_sources-5091,4,candidate,16,351.42036425,0.10327533399686217,16,1.0,5622.725828,True,
LOCAL-v1-q4-exactly16_sources-5092,4,candidate,16,398.8176674375,0.17178450000938028,16,1.0,6381.082679,True,
LOCAL-v1-q4-exactly16_sources-5093,4,candidate,16,278.2889064375,0.13635279203299433,16,1.0,4452.622503,True,
LOCAL-v1-q4-exactly16_sources-5094,4,candidate,16,331.564763,0.1323499579448253,16,1.0,5305.036208,True,
LOCAL-v1-q4-exactly16_sources-5095,4,candidate,16,256.307916,0.1317925830371678,16,1.0,4100.926656,True,
LOCAL-v1-q4-exactly16_sources-5096,4,candidate,16,284.394190125,0.17366550001315773,16,1.0,4550.307042,True,
LOCAL-v1-q4-exactly16_sources-5097,4,candidate,16,266.8025755,0.1337482079397887,16,1.0,4268.841208,True,
LOCAL-v1-q4-exactly16_sources-5098,4,candidate,16,216.0489039375,0.18955670902505517,16,1.0,3456.782463,True,
LOCAL-v1-q4-exactly16_sources-5099,4,candidate,16,286.89311275,0.1567836250178516,16,1.0,4590.289804,True,
