case_id,mode,variant,cleared_count,average_clear_time_s,program_runtime_s,source_count,cleared_fraction,total_virtual_time_s,complete,error
LOCAL-v1-q3-reference_assumed-5000,3,frozen_baseline,11,307.7000336363636,0.001373999984934926,11,1.0,3384.70037,True,
LOCAL-v1-q3-reference_assumed-5001,3,frozen_baseline,14,249.85846742857143,0.0013100419891998172,14,1.0,3498.018544,True,
LOCAL-v1-q3-reference_assumed-5002,3,frozen_baseline,15,253.39230793333334,0.0015160420443862677,15,1.0,3800.884619,True,
LOCAL-v1-q3-reference_assumed-5003,3,frozen_baseline,11,316.6374900909091,0.001049291924573481,11,1.0,3483.012391,True,
LOCAL-v1-q3-reference_assumed-5004,3,frozen_baseline,12,330.2754581666667,0.001227749977260828,12,1.0,3963.305498,True,
LOCAL-v1-q3-reference_assumed-5005,3,frozen_baseline,11,331.79895700000003,0.001275458955205977,11,1.0,3649.788527,True,
LOCAL-v1-q3-reference_assumed-5006,3,frozen_baseline,11,345.50831145454544,0.0012062500463798642,11,1.0,3800.591426,True,
LOCAL-v1-q3-reference_assumed-5007,3,frozen_baseline,11,348.8436629090909,0.0010416250443086028,11,1.0,3837.280292,True,
LOCAL-v1-q3-reference_assumed-5008,3,frozen_baseline,10,333.7374116,0.0010111669544130564,10,1.0,3337.374116,True,
LOCAL-v1-q3-reference_assumed-5009,3,frozen_baseline,14,283.641857,0.0013293750816956162,14,1.0,3970.985998,True,
LOCAL-v1-q3-reference_assumed-5010,3,frozen_baseline,12,330.59807574999996,0.0010935829486697912,12,1.0,3967.176909,True,
LOCAL-v1-q3-reference_assumed-5011,3,frozen_baseline,15,284.54865806666663,0.0015038750134408474,15,1.0,4268.229871,True,
LOCAL-v1-q3-reference_assumed-5012,3,frozen_baseline,10,355.2931689,0.0009929999941959977,10,1.0,3552.931689,True,
LOCAL-v1-q3-reference_assumed-5013,3,frozen_baseline,12,294.3771953333333,0.001292250002734363,12,1.0,3532.526344,True,
LOCAL-v1-q3-reference_assumed-5014,3,frozen_baseline,11,340.9183932727273,0.0011842090170830488,11,1.0,3750.102326,True,
LOCAL-v1-q3-reference_assumed-5015,3,frozen_baseline,12,290.52212041666667,0.0011523340363055468,12,1.0,3486.265445,True,
LOCAL-v1-q3-reference_assumed-5016,3,frozen_baseline,16,256.052974875,0.001632416038773954,16,1.0,4096.847598,True,
LOCAL-v1-q3-reference_assumed-5017,3,frozen_baseline,15,271.708143,0.00143258401658386,15,1.0,4075.622145,True,
LOCAL-v1-q3-reference_assumed-5018,3,frozen_baseline,10,380.89201979999996,0.001067875069566071,10,1.0,3808.920198,True,
LOCAL-v1-q3-reference_assumed-5019,3,frozen_baseline,11,350.6120645454546,0.0012385830050334334,11,1.0,3856.73271,True,
LOCAL-v1-q3-reference_assumed-5020,3,frozen_baseline,16,266.0172461875,0.0014996250392869115,16,1.0,4256.275939,True,
LOCAL-v1-q3-reference_assumed-5021,3,frozen_baseline,14,258.07373285714283,0.0012940840097144246,14,1.0,3613.03226,True,
LOCAL-v1-q3-reference_assumed-5022,3,frozen_baseline,14,274.3347495,0.0012704160762950778,14,1.0,3840.686493,True,
LOCAL-v1-q3-reference_assumed-5023,3,frozen_baseline,15,288.1018344666667,0.0014025409473106265,15,1.0,4321.527517,True,
LOCAL-v1-q3-reference_assumed-5024,3,frozen_baseline,13,341.9181263846154,0.001275166985578835,13,1.0,4444.935643,True,
LOCAL-v1-q3-reference_assumed-5025,3,frozen_baseline,12,317.0115739166667,0.0012321670074015856,12,1.0,3804.138887,True,
LOCAL-v1-q3-reference_assumed-5026,3,frozen_baseline,15,299.4737095333333,0.0013371659442782402,15,1.0,4492.105643,True,
LOCAL-v1-q3-reference_assumed-5027,3,frozen_baseline,11,299.4585982727273,0.0010806249920278788,11,1.0,3294.044581,True,
LOCAL-v1-q3-reference_assumed-5028,3,frozen_baseline,10,357.3114312,0.0009208749979734421,10,1.0,3573.114312,True,
LOCAL-v1-q3-reference_assumed-5029,3,frozen_baseline,11,301.53134318181816,0.00101200002245605,11,1.0,3316.844775,True,
LOCAL-v1-q3-reference_assumed-5030,3,frozen_baseline,12,311.48427341666667,0.001076625077985227,12,1.0,3737.811281,True,
LOCAL-v1-q3-reference_assumed-5031,3,frozen_baseline,15,246.60765406666667,0.0014867919962853193,15,1.0,3699.114811,True,
LOCAL-v1-q3-reference_assumed-5032,3,frozen_baseline,11,349.8501651818182,0.0010816249996423721,11,1.0,3848.351817,True,
LOCAL-v1-q3-reference_assumed-5033,3,frozen_baseline,14,287.46180421428573,0.001339958980679512,14,1.0,4024.465259,True,
LOCAL-v1-q3-reference_assumed-5034,3,frozen_baseline,16,253.77811075,0.0015011250507086515,16,1.0,4060.449772,True,
LOCAL-v1-q3-reference_assumed-5035,3,frozen_baseline,10,377.25829469999996,0.001054624910466373,10,1.0,3772.582947,True,
LOCAL-v1-q3-reference_assumed-5036,3,frozen_baseline,15,243.78415046666666,0.0014174169627949595,15,1.0,3656.762257,True,
LOCAL-v1-q3-reference_assumed-5037,3,frozen_baseline,15,274.9992613333333,0.0015232079895213246,15,1.0,4124.98892,True,
LOCAL-v1-q3-reference_assumed-5038,3,frozen_baseline,16,275.48420675,0.0015504579059779644,16,1.0,4407.747308,True,
LOCAL-v1-q3-reference_assumed-5039,3,frozen_baseline,10,367.7431441,0.0009822080610319972,10,1.0,3677.431441,True,
LOCAL-v1-q3-reference_assumed-5040,3,frozen_baseline,15,275.8249759333333,0.0014371250290423632,15,1.0,4137.374639,True,
LOCAL-v1-q3-reference_assumed-5041,3,frozen_baseline,15,301.30364526666665,0.0016184999840334058,15,1.0,4519.554679,True,
LOCAL-v1-q3-reference_assumed-5042,3,frozen_baseline,11,317.9805875454545,0.0010993340983986855,11,1.0,3497.786463,True,
LOCAL-v1-q3-reference_assumed-5043,3,frozen_baseline,12,330.7266740833333,0.0011673750123009086,12,1.0,3968.720089,True,
LOCAL-v1-q3-reference_assumed-5044,3,frozen_baseline,11,318.2703969090909,0.00105441699270159,11,1.0,3500.974366,True,
LOCAL-v1-q3-reference_assumed-5045,3,frozen_baseline,11,310.1343348181818,0.0010177079821005464,11,1.0,3411.477683,True,
LOCAL-v1-q3-reference_assumed-5046,3,frozen_baseline,10,328.80100200000004,0.0010578330839052796,10,1.0,3288.01002,True,
LOCAL-v1-q3-reference_assumed-5047,3,frozen_baseline,16,230.7874636875,0.0015215419698506594,16,1.0,3692.599419,True,
LOCAL-v1-q3-reference_assumed-5048,3,frozen_baseline,12,344.2830475,0.0012982920743525028,12,1.0,4131.39657,True,
LOCAL-v1-q3-reference_assumed-5049,3,frozen_baseline,10,316.59029019999997,0.0010364999761804938,10,1.0,3165.902902,True,
LOCAL-v1-q3-reference_assumed-5050,3,frozen_baseline,15,282.3647712666667,0.001529333065263927,15,1.0,4235.471569,True,
LOCAL-v1-q3-reference_assumed-5051,3,frozen_baseline,11,298.9414198181818,0.0010110409930348396,11,1.0,3288.355618,True,
LOCAL-v1-q3-reference_assumed-5052,3,frozen_baseline,13,320.3169414615385,0.0013460000045597553,13,1.0,4164.120239,True,
LOCAL-v1-q3-reference_assumed-5053,3,frozen_baseline,16,252.2673453125,0.0013841250911355019,16,1.0,4036.277525,True,
LOCAL-v1-q3-reference_assumed-5054,3,frozen_baseline,16,262.790193,0.0014798330375924706,16,1.0,4204.643088,True,
LOCAL-v1-q3-reference_assumed-5055,3,frozen_baseline,12,335.9658250833333,0.0013271250063553452,12,1.0,4031.589901,True,
LOCAL-v1-q3-reference_assumed-5056,3,frozen_baseline,13,285.21315799999996,0.0012283750111237168,13,1.0,3707.771054,True,
LOCAL-v1-q3-reference_assumed-5057,3,frozen_baseline,13,310.0252980769231,0.001197290956042707,13,1.0,4030.328875,True,
LOCAL-v1-q3-reference_assumed-5058,3,frozen_baseline,14,245.3325385,0.0011827079579234123,14,1.0,3434.655539,True,
LOCAL-v1-q3-reference_assumed-5059,3,frozen_baseline,12,295.7842071666667,0.0011597080156207085,12,1.0,3549.410486,True,
LOCAL-v1-q3-reference_assumed-5060,3,frozen_baseline,11,322.19719527272724,0.001152625074610114,11,1.0,3544.169148,True,
LOCAL-v1-q3-reference_assumed-5061,3,frozen_baseline,13,253.32905361538462,0.0012228749692440033,13,1.0,3293.277697,True,
LOCAL-v1-q3-reference_assumed-5062,3,frozen_baseline,16,249.1404301875,0.001338499947451055,16,1.0,3986.246883,True,
LOCAL-v1-q3-reference_assumed-5063,3,frozen_baseline,15,284.68896006666665,0.0014252499677240849,15,1.0,4270.334401,True,
LOCAL-v1-q3-reference_assumed-5064,3,frozen_baseline,13,289.7424126923077,0.0011013750918209553,13,1.0,3766.651365,True,
LOCAL-v1-q3-reference_assumed-5065,3,frozen_baseline,12,319.2959835,0.0012434580130502582,12,1.0,3831.551802,True,
LOCAL-v1-q3-reference_assumed-5066,3,frozen_baseline,10,384.73998040000004,0.0009593749418854713,10,1.0,3847.399804,True,
LOCAL-v1-q3-reference_assumed-5067,3,frozen_baseline,16,267.5560099375,0.0016063330695033073,16,1.0,4280.896159,True,
LOCAL-v1-q3-reference_assumed-5068,3,frozen_baseline,13,275.94273084615384,0.0012615410378202796,13,1.0,3587.255501,True,
LOCAL-v1-q3-reference_assumed-5069,3,frozen_baseline,14,292.5421530714286,0.0013789159711450338,14,1.0,4095.590143,True,
LOCAL-v1-q3-reference_assumed-5070,3,frozen_baseline,12,331.8745704166667,0.0013955420581623912,12,1.0,3982.494845,True,
LOCAL-v1-q3-reference_assumed-5071,3,frozen_baseline,12,321.3145620833333,0.001285666017793119,12,1.0,3855.774745,True,
LOCAL-v1-q3-reference_assumed-5072,3,frozen_baseline,15,289.87779746666666,0.0015500410227105021,15,1.0,4348.166962,True,
LOCAL-v1-q3-reference_assumed-5073,3,frozen_baseline,10,372.178723,0.0010868749814108014,10,1.0,3721.78723,True,
LOCAL-v1-q3-reference_assumed-5074,3,frozen_baseline,16,240.63327025,0.0015583749627694488,16,1.0,3850.132324,True,
LOCAL-v1-q3-reference_assumed-5075,3,frozen_baseline,15,244.04249886666668,0.0013772080419585109,15,1.0,3660.637483,True,
LOCAL-v1-q3-reference_assumed-5076,3,frozen_baseline,12,312.78336183333334,0.0013204170390963554,12,1.0,3753.400342,True,
LOCAL-v1-q3-reference_assumed-5077,3,frozen_baseline,14,287.45781985714285,0.0013458329485729337,14,1.0,4024.409478,True,
LOCAL-v1-q3-reference_assumed-5078,3,frozen_baseline,13,272.6060600769231,0.001278792042285204,13,1.0,3543.878781,True,
LOCAL-v1-q3-reference_assumed-5079,3,frozen_baseline,10,357.4617021,0.0010238329414278269,10,1.0,3574.617021,True,
LOCAL-v1-q3-reference_assumed-5080,3,frozen_baseline,10,331.867172,0.0009702090173959732,10,1.0,3318.67172,True,
LOCAL-v1-q3-reference_assumed-5081,3,frozen_baseline,16,239.019877125,0.0014960839180275798,16,1.0,3824.318034,True,
LOCAL-v1-q3-reference_assumed-5082,3,frozen_baseline,13,299.63522415384614,0.0012130000395700336,13,1.0,3895.257914,True,
LOCAL-v1-q3-reference_assumed-5083,3,frozen_baseline,13,297.4590646153846,0.0013081250945106149,13,1.0,3866.96784,True,
LOCAL-v1-q3-reference_assumed-5084,3,frozen_baseline,14,330.6167555,0.0014897920191287994,14,1.0,4628.634577,True,
LOCAL-v1-q3-reference_assumed-5085,3,frozen_baseline,15,306.02174966666666,0.00152299995534122,15,1.0,4590.326245,True,
LOCAL-v1-q3-reference_assumed-5086,3,frozen_baseline,12,297.2670059166667,0.00120433303527534,12,1.0,3567.204071,True,
LOCAL-v1-q3-reference_assumed-5087,3,frozen_baseline,13,306.23835123076924,0.00145295902621001,13,1.0,3981.098566,True,
LOCAL-v1-q3-reference_assumed-5088,3,frozen_baseline,16,226.3097661875,0.0014685000060126185,16,1.0,3620.956259,True,
LOCAL-v1-q3-reference_assumed-5089,3,frozen_baseline,15,302.9386604,0.0014748339308425784,15,1.0,4544.079906,True,
LOCAL-v1-q3-reference_assumed-5090,3,frozen_baseline,14,282.4126248571429,0.0016551249427720904,14,1.0,3953.776748,True,
LOCAL-v1-q3-reference_assumed-5091,3,frozen_baseline,12,296.6007725,0.0011907909065485,12,1.0,3559.20927,True,
LOCAL-v1-q3-reference_assumed-5092,3,frozen_baseline,11,294.15065327272725,0.0011011669412255287,11,1.0,3235.657186,True,
LOCAL-v1-q3-reference_assumed-5093,3,frozen_baseline,15,265.87705206666664,0.0013898330507799983,15,1.0,3988.155781,True,
LOCAL-v1-q3-reference_assumed-5094,3,frozen_baseline,11,343.3382279090909,0.001078624976798892,11,1.0,3776.720507,True,
LOCAL-v1-q3-reference_assumed-5095,3,frozen_baseline,10,335.5155848,0.0010679579572752118,10,1.0,3355.155848,True,
LOCAL-v1-q3-reference_assumed-5096,3,frozen_baseline,14,309.34389035714287,0.0013647079467773438,14,1.0,4330.814465,True,
LOCAL-v1-q3-reference_assumed-5097,3,frozen_baseline,13,265.27980292307694,0.001056583016179502,13,1.0,3448.637438,True,
LOCAL-v1-q3-reference_assumed-5098,3,frozen_baseline,16,260.62969925,0.001651124912314117,16,1.0,4170.075188,True,
LOCAL-v1-q3-reference_assumed-5099,3,frozen_baseline,13,307.0782733846154,0.0012208330444991589,13,1.0,3992.017554,True,
LOCAL-v1-q3-fixed_positive_bias-5000,3,frozen_baseline,11,310.06636245454547,0.0011048750020563602,11,1.0,3410.729987,True,
LOCAL-v1-q3-fixed_positive_bias-5001,3,frozen_baseline,14,272.87471714285715,0.0014674579724669456,14,1.0,3820.24604,True,
LOCAL-v1-q3-fixed_positive_bias-5002,3,frozen_baseline,15,259.1026010666667,0.0015293750911951065,15,1.0,3886.539016,True,
LOCAL-v1-q3-fixed_positive_bias-5003,3,frozen_baseline,11,315.51348154545457,0.0010465829400345683,11,1.0,3470.648297,True,
LOCAL-v1-q3-fixed_positive_bias-5004,3,frozen_baseline,12,327.89982333333336,0.0012272909516468644,12,1.0,3934.79788,True,
LOCAL-v1-q3-fixed_positive_bias-5005,3,frozen_baseline,11,338.3190908181818,0.001242334023118019,11,1.0,3721.509999,True,
LOCAL-v1-q3-fixed_positive_bias-5006,3,frozen_baseline,11,338.8168559090909,0.0010859169997274876,11,1.0,3726.985415,True,
LOCAL-v1-q3-fixed_positive_bias-5007,3,frozen_baseline,11,344.91114163636365,0.0010907500982284546,11,1.0,3794.022558,True,
LOCAL-v1-q3-fixed_positive_bias-5008,3,frozen_baseline,10,358.5721963,0.0010929589625447989,10,1.0,3585.721963,True,
LOCAL-v1-q3-fixed_positive_bias-5009,3,frozen_baseline,14,282.57164907142857,0.0013361249584704638,14,1.0,3956.003087,True,
LOCAL-v1-q3-fixed_positive_bias-5010,3,frozen_baseline,12,318.39351308333335,0.001199625083245337,12,1.0,3820.722157,True,
LOCAL-v1-q3-fixed_positive_bias-5011,3,frozen_baseline,15,270.9898531333333,0.0014732079580426216,15,1.0,4064.847797,True,
LOCAL-v1-q3-fixed_positive_bias-5012,3,frozen_baseline,10,357.4380147,0.0009706669952720404,10,1.0,3574.380147,True,
LOCAL-v1-q3-fixed_positive_bias-5013,3,frozen_baseline,12,291.82765083333334,0.0011696669971570373,12,1.0,3501.93181,True,
LOCAL-v1-q3-fixed_positive_bias-5014,3,frozen_baseline,11,345.8455199090909,0.0012659160420298576,11,1.0,3804.300719,True,
LOCAL-v1-q3-fixed_positive_bias-5015,3,frozen_baseline,12,346.24665483333337,0.0012439169222489,12,1.0,4154.959858,True,
LOCAL-v1-q3-fixed_positive_bias-5016,3,frozen_baseline,16,259.441300125,0.0016986249247565866,16,1.0,4151.060802,True,
LOCAL-v1-q3-fixed_positive_bias-5017,3,frozen_baseline,15,263.3815062,0.0016412920085713267,15,1.0,3950.722593,True,
LOCAL-v1-q3-fixed_positive_bias-5018,3,frozen_baseline,10,347.49617920000003,0.0010766660561785102,10,1.0,3474.961792,True,
LOCAL-v1-q3-fixed_positive_bias-5019,3,frozen_baseline,11,344.4515648181818,0.001143125002272427,11,1.0,3788.967213,True,
LOCAL-v1-q3-fixed_positive_bias-5020,3,frozen_baseline,16,277.4321976875,0.0015526670031249523,16,1.0,4438.915163,True,
LOCAL-v1-q3-fixed_positive_bias-5021,3,frozen_baseline,14,266.60530857142857,0.0014277909649536014,14,1.0,3732.47432,True,
LOCAL-v1-q3-fixed_positive_bias-5022,3,frozen_baseline,14,287.28438992857144,0.0015192499849945307,14,1.0,4021.981459,True,
LOCAL-v1-q3-fixed_positive_bias-5023,3,frozen_baseline,15,269.69255246666665,0.001440958003513515,15,1.0,4045.388287,True,
LOCAL-v1-q3-fixed_positive_bias-5024,3,frozen_baseline,13,348.14275699999996,0.001311708940193057,13,1.0,4525.855841,True,
LOCAL-v1-q3-fixed_positive_bias-5025,3,frozen_baseline,12,313.84543924999997,0.0012390830088406801,12,1.0,3766.145271,True,
LOCAL-v1-q3-fixed_positive_bias-5026,3,frozen_baseline,15,284.0478844666667,0.0013024170184507966,15,1.0,4260.718267,True,
LOCAL-v1-q3-fixed_positive_bias-5027,3,frozen_baseline,11,297.7133483636364,0.001084415940567851,11,1.0,3274.846832,True,
LOCAL-v1-q3-fixed_positive_bias-5028,3,frozen_baseline,10,364.719326,0.0010759999277070165,10,1.0,3647.19326,True,
LOCAL-v1-q3-fixed_positive_bias-5029,3,frozen_baseline,11,328.3728843636364,0.0010766249615699053,11,1.0,3612.101728,True,
LOCAL-v1-q3-fixed_positive_bias-5030,3,frozen_baseline,12,326.6461274166667,0.0010898750042542815,12,1.0,3919.753529,True,
LOCAL-v1-q3-fixed_positive_bias-5031,3,frozen_baseline,15,290.4846798,0.0016105410177260637,15,1.0,4357.270197,True,
LOCAL-v1-q3-fixed_positive_bias-5032,3,frozen_baseline,11,347.05408390909093,0.00104320899117738,11,1.0,3817.594923,True,
LOCAL-v1-q3-fixed_positive_bias-5033,3,frozen_baseline,14,280.1584729285714,0.0014117079554125667,14,1.0,3922.218621,True,
LOCAL-v1-q3-fixed_positive_bias-5034,3,frozen_baseline,16,265.8213105,0.0018645410891622305,16,1.0,4253.140968,True,
LOCAL-v1-q3-fixed_positive_bias-5035,3,frozen_baseline,10,390.7726334,0.0011150840437039733,10,1.0,3907.726334,True,
LOCAL-v1-q3-fixed_positive_bias-5036,3,frozen_baseline,15,289.17773493333334,0.001477499958127737,15,1.0,4337.666024,True,
LOCAL-v1-q3-fixed_positive_bias-5037,3,frozen_baseline,15,298.01370613333336,0.0016279170522466302,15,1.0,4470.205592,True,
LOCAL-v1-q3-fixed_positive_bias-5038,3,frozen_baseline,16,268.742751125,0.001822250080294907,16,1.0,4299.884018,True,
LOCAL-v1-q3-fixed_positive_bias-5039,3,frozen_baseline,10,361.6415994,0.0012493750546127558,10,1.0,3616.415994,True,
LOCAL-v1-q3-fixed_positive_bias-5040,3,frozen_baseline,15,287.93642286666665,0.0014692910481244326,15,1.0,4319.046343,True,
LOCAL-v1-q3-fixed_positive_bias-5041,3,frozen_baseline,15,308.7589221333334,0.001409208052791655,15,1.0,4631.383832,True,
LOCAL-v1-q3-fixed_positive_bias-5042,3,frozen_baseline,11,313.9890819090909,0.0009970000246539712,11,1.0,3453.879901,True,
LOCAL-v1-q3-fixed_positive_bias-5043,3,frozen_baseline,12,303.98048675,0.0012709159636870027,12,1.0,3647.765841,True,
LOCAL-v1-q3-fixed_positive_bias-5044,3,frozen_baseline,11,310.50894618181815,0.0009744589915499091,11,1.0,3415.598408,True,
LOCAL-v1-q3-fixed_positive_bias-5045,3,frozen_baseline,11,312.1068820909091,0.0010370409581810236,11,1.0,3433.175703,True,
LOCAL-v1-q3-fixed_positive_bias-5046,3,frozen_baseline,10,342.7776578,0.0012309170560911298,10,1.0,3427.776578,True,
LOCAL-v1-q3-fixed_positive_bias-5047,3,frozen_baseline,16,229.793307125,0.0014331249985843897,16,1.0,3676.692914,True,
LOCAL-v1-q3-fixed_positive_bias-5048,3,frozen_baseline,12,296.80454349999997,0.0011984159937128425,12,1.0,3561.654522,True,
LOCAL-v1-q3-fixed_positive_bias-5049,3,frozen_baseline,10,322.4451058,0.001071666949428618,10,1.0,3224.451058,True,
LOCAL-v1-q3-fixed_positive_bias-5050,3,frozen_baseline,15,291.61561693333334,0.0016064579831436276,15,1.0,4374.234254,True,
LOCAL-v1-q3-fixed_positive_bias-5051,3,frozen_baseline,11,302.69481781818183,0.001096333027817309,11,1.0,3329.642996,True,
LOCAL-v1-q3-fixed_positive_bias-5052,3,frozen_baseline,13,281.8508783076923,0.0013437080197036266,13,1.0,3664.061418,True,
LOCAL-v1-q3-fixed_positive_bias-5053,3,frozen_baseline,16,257.6292729375,0.0014976250240579247,16,1.0,4122.068367,True,
LOCAL-v1-q3-fixed_positive_bias-5054,3,frozen_baseline,16,278.756479375,0.0014866249402984977,16,1.0,4460.10367,True,
LOCAL-v1-q3-fixed_positive_bias-5055,3,frozen_baseline,12,291.4379450833333,0.0011643749894574285,12,1.0,3497.255341,True,
LOCAL-v1-q3-fixed_positive_bias-5056,3,frozen_baseline,13,289.4277702307692,0.0012260839575901628,13,1.0,3762.561013,True,
LOCAL-v1-q3-fixed_positive_bias-5057,3,frozen_baseline,13,308.85952046153847,0.0013578749494627118,13,1.0,4015.173766,True,
LOCAL-v1-q3-fixed_positive_bias-5058,3,frozen_baseline,14,268.72047657142855,0.0013220419641584158,14,1.0,3762.086672,True,
LOCAL-v1-q3-fixed_positive_bias-5059,3,frozen_baseline,12,326.31510141666666,0.0012341659748926759,12,1.0,3915.781217,True,
LOCAL-v1-q3-fixed_positive_bias-5060,3,frozen_baseline,11,354.0385804545454,0.0013730420032516122,11,1.0,3894.424385,True,
LOCAL-v1-q3-fixed_positive_bias-5061,3,frozen_baseline,13,261.31659069230767,0.001329833990894258,13,1.0,3397.115679,True,
LOCAL-v1-q3-fixed_positive_bias-5062,3,frozen_baseline,16,255.85006325,0.00149441696703434,16,1.0,4093.601012,True,
LOCAL-v1-q3-fixed_positive_bias-5063,3,frozen_baseline,15,271.3052498,0.0015125420177355409,15,1.0,4069.578747,True,
LOCAL-v1-q3-fixed_positive_bias-5064,3,frozen_baseline,13,319.09554215384617,0.0012599589535966516,13,1.0,4148.242048,True,
LOCAL-v1-q3-fixed_positive_bias-5065,3,frozen_baseline,12,317.97076108333334,0.0011871660826727748,12,1.0,3815.649133,True,
LOCAL-v1-q3-fixed_positive_bias-5066,3,frozen_baseline,10,384.7832687,0.0009942089673131704,10,1.0,3847.832687,True,
LOCAL-v1-q3-fixed_positive_bias-5067,3,frozen_baseline,16,271.91840975,0.00163312500808388,16,1.0,4350.694556,True,
LOCAL-v1-q3-fixed_positive_bias-5068,3,frozen_baseline,13,303.82094415384614,0.0011866249842569232,13,1.0,3949.672274,True,
LOCAL-v1-q3-fixed_positive_bias-5069,3,frozen_baseline,14,307.6480462857143,0.001612790976651013,14,1.0,4307.072648,True,
LOCAL-v1-q3-fixed_positive_bias-5070,3,frozen_baseline,12,333.75016225,0.0014362079091370106,12,1.0,4005.001947,True,
LOCAL-v1-q3-fixed_positive_bias-5071,3,frozen_baseline,12,317.86617425000003,0.001255334005691111,12,1.0,3814.394091,True,
LOCAL-v1-q3-fixed_positive_bias-5072,3,frozen_baseline,15,292.51739353333335,0.0015325830318033695,15,1.0,4387.760903,True,
LOCAL-v1-q3-fixed_positive_bias-5073,3,frozen_baseline,10,372.7555779,0.0012538749724626541,10,1.0,3727.555779,True,
LOCAL-v1-q3-fixed_positive_bias-5074,3,frozen_baseline,16,266.7050014375,0.001735334051772952,16,1.0,4267.280023,True,
LOCAL-v1-q3-fixed_positive_bias-5075,3,frozen_baseline,15,280.3915396666667,0.0016127499984577298,15,1.0,4205.873095,True,
LOCAL-v1-q3-fixed_positive_bias-5076,3,frozen_baseline,12,312.50306908333334,0.0012166249798610806,12,1.0,3750.036829,True,
LOCAL-v1-q3-fixed_positive_bias-5077,3,frozen_baseline,14,314.72305950000003,0.001304500037804246,14,1.0,4406.122833,True,
LOCAL-v1-q3-fixed_positive_bias-5078,3,frozen_baseline,13,268.4446127692308,0.0012934999540448189,13,1.0,3489.779966,True,
LOCAL-v1-q3-fixed_positive_bias-5079,3,frozen_baseline,10,314.0889829,0.001094625098630786,10,1.0,3140.889829,True,
LOCAL-v1-q3-fixed_positive_bias-5080,3,frozen_baseline,10,350.322563,0.0009728340664878488,10,1.0,3503.22563,True,
LOCAL-v1-q3-fixed_positive_bias-5081,3,frozen_baseline,16,258.613148,0.0014348329277709126,16,1.0,4137.810368,True,
LOCAL-v1-q3-fixed_positive_bias-5082,3,frozen_baseline,13,323.8610667692308,0.0013717080000787973,13,1.0,4210.193868,True,
LOCAL-v1-q3-fixed_positive_bias-5083,3,frozen_baseline,13,313.46880853846153,0.0012933750404044986,13,1.0,4075.094511,True,
LOCAL-v1-q3-fixed_positive_bias-5084,3,frozen_baseline,14,304.3513875714286,0.001403625006787479,14,1.0,4260.919426,True,
LOCAL-v1-q3-fixed_positive_bias-5085,3,frozen_baseline,15,297.49612033333335,0.0014800409553572536,15,1.0,4462.441805,True,
LOCAL-v1-q3-fixed_positive_bias-5086,3,frozen_baseline,12,293.50453016666665,0.0012098751030862331,12,1.0,3522.054362,True,
LOCAL-v1-q3-fixed_positive_bias-5087,3,frozen_baseline,13,291.39124207692305,0.001365375006571412,13,1.0,3788.086147,True,
LOCAL-v1-q3-fixed_positive_bias-5088,3,frozen_baseline,16,246.2939578125,0.0016214590286836028,16,1.0,3940.703325,True,
LOCAL-v1-q3-fixed_positive_bias-5089,3,frozen_baseline,15,308.36579413333334,0.0015405830927193165,15,1.0,4625.486912,True,
LOCAL-v1-q3-fixed_positive_bias-5090,3,frozen_baseline,14,265.0963610714286,0.0014125000452622771,14,1.0,3711.349055,True,
LOCAL-v1-q3-fixed_positive_bias-5091,3,frozen_baseline,12,303.49771508333333,0.0011165000032633543,12,1.0,3641.972581,True,
LOCAL-v1-q3-fixed_positive_bias-5092,3,frozen_baseline,11,302.10893063636365,0.0012591249542310834,11,1.0,3323.198237,True,
LOCAL-v1-q3-fixed_positive_bias-5093,3,frozen_baseline,15,272.299798,0.0015595000004395843,15,1.0,4084.49697,True,
LOCAL-v1-q3-fixed_positive_bias-5094,3,frozen_baseline,11,343.09474727272726,0.001165166962891817,11,1.0,3774.04222,True,
LOCAL-v1-q3-fixed_positive_bias-5095,3,frozen_baseline,10,329.7191372,0.0010639999527484179,10,1.0,3297.191372,True,
LOCAL-v1-q3-fixed_positive_bias-5096,3,frozen_baseline,14,317.2277277857143,0.001419208012521267,14,1.0,4441.188189,True,
LOCAL-v1-q3-fixed_positive_bias-5097,3,frozen_baseline,13,286.9706862307692,0.001357333967462182,13,1.0,3730.618921,True,
LOCAL-v1-q3-fixed_positive_bias-5098,3,frozen_baseline,16,283.949024375,0.0016155000776052475,16,1.0,4543.18439,True,
LOCAL-v1-q3-fixed_positive_bias-5099,3,frozen_baseline,13,308.9318563076923,0.001474292017519474,13,1.0,4016.114132,True,
LOCAL-v1-q3-fixed_negative_bias-5000,3,frozen_baseline,11,302.85482790909094,0.0011138750705868006,11,1.0,3331.403107,True,
LOCAL-v1-q3-fixed_negative_bias-5001,3,frozen_baseline,14,256.6773402142857,0.0013272500364109874,14,1.0,3593.482763,True,
LOCAL-v1-q3-fixed_negative_bias-5002,3,frozen_baseline,15,277.0555267333333,0.0014247919898480177,15,1.0,4155.832901,True,
LOCAL-v1-q3-fixed_negative_bias-5003,3,frozen_baseline,11,317.01852818181817,0.0012098749866709113,11,1.0,3487.20381,True,
LOCAL-v1-q3-fixed_negative_bias-5004,3,frozen_baseline,12,333.5435055,0.001250874949619174,12,1.0,4002.522066,True,
LOCAL-v1-q3-fixed_negative_bias-5005,3,frozen_baseline,11,356.42486572727273,0.001144958077929914,11,1.0,3920.673523,True,
LOCAL-v1-q3-fixed_negative_bias-5006,3,frozen_baseline,11,344.499111,0.0011143749579787254,11,1.0,3789.490221,True,
LOCAL-v1-q3-fixed_negative_bias-5007,3,frozen_baseline,11,343.80585918181816,0.0010316249681636691,11,1.0,3781.864451,True,
LOCAL-v1-q3-fixed_negative_bias-5008,3,frozen_baseline,10,342.90841,0.0011284590000286698,10,1.0,3429.0841,True,
LOCAL-v1-q3-fixed_negative_bias-5009,3,frozen_baseline,14,289.8730662142857,0.0013835839927196503,14,1.0,4058.222927,True,
LOCAL-v1-q3-fixed_negative_bias-5010,3,frozen_baseline,12,328.36473158333337,0.0013607079163193703,12,1.0,3940.376779,True,
LOCAL-v1-q3-fixed_negative_bias-5011,3,frozen_baseline,15,304.739545,0.0015470420476049185,15,1.0,4571.093175,True,
LOCAL-v1-q3-fixed_negative_bias-5012,3,frozen_baseline,10,359.3294723,0.0009906660998240113,10,1.0,3593.294723,True,
LOCAL-v1-q3-fixed_negative_bias-5013,3,frozen_baseline,12,297.92018408333337,0.00125512492377311,12,1.0,3575.042209,True,
LOCAL-v1-q3-fixed_negative_bias-5014,3,frozen_baseline,11,341.8869189090909,0.0011653749970719218,11,1.0,3760.756108,True,
LOCAL-v1-q3-fixed_negative_bias-5015,3,frozen_baseline,12,296.67400449999997,0.0011202500900253654,12,1.0,3560.088054,True,
LOCAL-v1-q3-fixed_negative_bias-5016,3,frozen_baseline,16,282.288823,0.0016708750044927,16,1.0,4516.621168,True,
LOCAL-v1-q3-fixed_negative_bias-5017,3,frozen_baseline,15,285.4378576666667,0.0015546249924227595,15,1.0,4281.567865,True,
LOCAL-v1-q3-fixed_negative_bias-5018,3,frozen_baseline,10,363.4882822,0.0010730419307947159,10,1.0,3634.882822,True,
LOCAL-v1-q3-fixed_negative_bias-5019,3,frozen_baseline,11,344.59075545454544,0.001219875062815845,11,1.0,3790.49831,True,
LOCAL-v1-q3-fixed_negative_bias-5020,3,frozen_baseline,16,246.972140875,0.0015250410651788116,16,1.0,3951.554254,True,
LOCAL-v1-q3-fixed_negative_bias-5021,3,frozen_baseline,14,258.9110672857143,0.0014105410082265735,14,1.0,3624.754942,True,
LOCAL-v1-q3-fixed_negative_bias-5022,3,frozen_baseline,14,299.19625042857143,0.0015481249429285526,14,1.0,4188.747506,True,
LOCAL-v1-q3-fixed_negative_bias-5023,3,frozen_baseline,15,281.17320240000004,0.001576791051775217,15,1.0,4217.598036,True,
LOCAL-v1-q3-fixed_negative_bias-5024,3,frozen_baseline,13,338.24059030769234,0.0012495409464463592,13,1.0,4397.127674,True,
LOCAL-v1-q3-fixed_negative_bias-5025,3,frozen_baseline,12,338.50266708333334,0.0012725420529022813,12,1.0,4062.032005,True,
LOCAL-v1-q3-fixed_negative_bias-5026,3,frozen_baseline,15,295.32862766666665,0.0013792079407721758,15,1.0,4429.929415,True,
LOCAL-v1-q3-fixed_negative_bias-5027,3,frozen_baseline,11,293.3331332727273,0.0009550000540912151,11,1.0,3226.664466,True,
LOCAL-v1-q3-fixed_negative_bias-5028,3,frozen_baseline,10,352.9317322,0.0008960830746218562,10,1.0,3529.317322,True,
LOCAL-v1-q3-fixed_negative_bias-5029,3,frozen_baseline,11,321.4707310909091,0.0011214580154046416,11,1.0,3536.178042,True,
LOCAL-v1-q3-fixed_negative_bias-5030,3,frozen_baseline,12,321.3808720833333,0.0012714170152321458,12,1.0,3856.570465,True,
LOCAL-v1-q3-fixed_negative_bias-5031,3,frozen_baseline,15,248.1673228,0.001612124964594841,15,1.0,3722.509842,True,
LOCAL-v1-q3-fixed_negative_bias-5032,3,frozen_baseline,11,351.7219490909091,0.0010414159623906016,11,1.0,3868.94144,True,
LOCAL-v1-q3-fixed_negative_bias-5033,3,frozen_baseline,14,307.82952971428574,0.001578458002768457,14,1.0,4309.613416,True,
LOCAL-v1-q3-fixed_negative_bias-5034,3,frozen_baseline,16,251.3727963125,0.001635667053051293,16,1.0,4021.964741,True,
LOCAL-v1-q3-fixed_negative_bias-5035,3,frozen_baseline,10,382.8544075,0.0011303339852020144,10,1.0,3828.544075,True,
LOCAL-v1-q3-fixed_negative_bias-5036,3,frozen_baseline,15,230.3543872666667,0.0014936659717932343,15,1.0,3455.315809,True,
LOCAL-v1-q3-fixed_negative_bias-5037,3,frozen_baseline,15,295.40634746666666,0.0015856670215725899,15,1.0,4431.095212,True,
LOCAL-v1-q3-fixed_negative_bias-5038,3,frozen_baseline,16,279.1128689375,0.0015508340438827872,16,1.0,4465.805903,True,
LOCAL-v1-q3-fixed_negative_bias-5039,3,frozen_baseline,10,373.264804,0.0010900829220190644,10,1.0,3732.64804,True,
LOCAL-v1-q3-fixed_negative_bias-5040,3,frozen_baseline,15,283.798766,0.0015124999918043613,15,1.0,4256.98149,True,
LOCAL-v1-q3-fixed_negative_bias-5041,3,frozen_baseline,15,312.2686608,0.0014746669912710786,15,1.0,4684.029912,True,
LOCAL-v1-q3-fixed_negative_bias-5042,3,frozen_baseline,11,303.240289,0.0010455420706421137,11,1.0,3335.643179,True,
LOCAL-v1-q3-fixed_negative_bias-5043,3,frozen_baseline,12,310.67270708333336,0.0012782500125467777,12,1.0,3728.072485,True,
LOCAL-v1-q3-fixed_negative_bias-5044,3,frozen_baseline,11,358.5183513636364,0.001225540996529162,11,1.0,3943.701865,True,
LOCAL-v1-q3-fixed_negative_bias-5045,3,frozen_baseline,11,328.1019389090909,0.0010956668993458152,11,1.0,3609.121328,True,
LOCAL-v1-q3-fixed_negative_bias-5046,3,frozen_baseline,10,373.5291857,0.0011967089958488941,10,1.0,3735.291857,True,
LOCAL-v1-q3-fixed_negative_bias-5047,3,frozen_baseline,16,252.352992875,0.0015819580294191837,16,1.0,4037.647886,True,
LOCAL-v1-q3-fixed_negative_bias-5048,3,frozen_baseline,12,299.53353450000003,0.0012770419707521796,12,1.0,3594.402414,True,
LOCAL-v1-q3-fixed_negative_bias-5049,3,frozen_baseline,10,350.7130009,0.0010984999826177955,10,1.0,3507.130009,True,
LOCAL-v1-q3-fixed_negative_bias-5050,3,frozen_baseline,15,270.2879016666667,0.0013666249578818679,15,1.0,4054.318525,True,
LOCAL-v1-q3-fixed_negative_bias-5051,3,frozen_baseline,11,297.8244070909091,0.0010997080244123936,11,1.0,3276.068478,True,
LOCAL-v1-q3-fixed_negative_bias-5052,3,frozen_baseline,13,329.9618616153846,0.001317041926085949,13,1.0,4289.504201,True,
LOCAL-v1-q3-fixed_negative_bias-5053,3,frozen_baseline,16,251.9465948125,0.0014151249779388309,16,1.0,4031.145517,True,
LOCAL-v1-q3-fixed_negative_bias-5054,3,frozen_baseline,16,275.4986738125,0.001560040982440114,16,1.0,4407.978781,True,
LOCAL-v1-q3-fixed_negative_bias-5055,3,frozen_baseline,12,315.9091270833333,0.001136208069510758,12,1.0,3790.909525,True,
LOCAL-v1-q3-fixed_negative_bias-5056,3,frozen_baseline,13,293.6704889230769,0.001286833081394434,13,1.0,3817.716356,True,
LOCAL-v1-q3-fixed_negative_bias-5057,3,frozen_baseline,13,305.98078123076925,0.00115220807492733,13,1.0,3977.750156,True,
LOCAL-v1-q3-fixed_negative_bias-5058,3,frozen_baseline,14,247.81161807142857,0.0012730000307783484,14,1.0,3469.362653,True,
LOCAL-v1-q3-fixed_negative_bias-5059,3,frozen_baseline,12,306.485024,0.0014094170182943344,12,1.0,3677.820288,True,
LOCAL-v1-q3-fixed_negative_bias-5060,3,frozen_baseline,11,343.3682222727273,0.0012732920004054904,11,1.0,3777.050445,True,
LOCAL-v1-q3-fixed_negative_bias-5061,3,frozen_baseline,13,260.8792966153846,0.001211125054396689,13,1.0,3391.430856,True,
LOCAL-v1-q3-fixed_negative_bias-5062,3,frozen_baseline,16,271.7888455625,0.0014490409521386027,16,1.0,4348.621529,True,
LOCAL-v1-q3-fixed_negative_bias-5063,3,frozen_baseline,15,285.1932338,0.0015796249499544501,15,1.0,4277.898507,True,
LOCAL-v1-q3-fixed_negative_bias-5064,3,frozen_baseline,13,291.01493230769233,0.0013080829521641135,13,1.0,3783.19412,True,
LOCAL-v1-q3-fixed_negative_bias-5065,3,frozen_baseline,12,317.50016966666664,0.0013017080491408706,12,1.0,3810.002036,True,
LOCAL-v1-q3-fixed_negative_bias-5066,3,frozen_baseline,10,387.6687328,0.0010453329887241125,10,1.0,3876.687328,True,
LOCAL-v1-q3-fixed_negative_bias-5067,3,frozen_baseline,16,250.6982210625,0.0015582090709358454,16,1.0,4011.171537,True,
LOCAL-v1-q3-fixed_negative_bias-5068,3,frozen_baseline,13,284.49398784615386,0.0012356250081211329,13,1.0,3698.421842,True,
LOCAL-v1-q3-fixed_negative_bias-5069,3,frozen_baseline,14,289.70786264285715,0.0014826670521870255,14,1.0,4055.910077,True,
LOCAL-v1-q3-fixed_negative_bias-5070,3,frozen_baseline,12,317.3956934166667,0.001322499942034483,12,1.0,3808.748321,True,
LOCAL-v1-q3-fixed_negative_bias-5071,3,frozen_baseline,12,311.21472783333337,0.0012584159849211574,12,1.0,3734.576734,True,
LOCAL-v1-q3-fixed_negative_bias-5072,3,frozen_baseline,15,263.37354853333335,0.001522500067949295,15,1.0,3950.603228,True,
LOCAL-v1-q3-fixed_negative_bias-5073,3,frozen_baseline,10,356.3166314,0.0010906669776886702,10,1.0,3563.166314,True,
LOCAL-v1-q3-fixed_negative_bias-5074,3,frozen_baseline,16,269.7649535,0.0016428329981863499,16,1.0,4316.239256,True,
LOCAL-v1-q3-fixed_negative_bias-5075,3,frozen_baseline,15,268.8015066,0.001524958061054349,15,1.0,4032.022599,True,
LOCAL-v1-q3-fixed_negative_bias-5076,3,frozen_baseline,12,309.293434,0.0013281659921631217,12,1.0,3711.521208,True,
LOCAL-v1-q3-fixed_negative_bias-5077,3,frozen_baseline,14,294.70428207142857,0.001375042018480599,14,1.0,4125.859949,True,
LOCAL-v1-q3-fixed_negative_bias-5078,3,frozen_baseline,13,268.72489415384615,0.0012140830513089895,13,1.0,3493.423624,True,
LOCAL-v1-q3-fixed_negative_bias-5079,3,frozen_baseline,10,367.7934146,0.0010384171037003398,10,1.0,3677.934146,True,
LOCAL-v1-q3-fixed_negative_bias-5080,3,frozen_baseline,10,340.8564841,0.0009503749897703528,10,1.0,3408.564841,True,
LOCAL-v1-q3-fixed_negative_bias-5081,3,frozen_baseline,16,258.53884675,0.0014806250110268593,16,1.0,4136.621548,True,
LOCAL-v1-q3-fixed_negative_bias-5082,3,frozen_baseline,13,302.70599969230767,0.0013123750686645508,13,1.0,3935.177996,True,
LOCAL-v1-q3-fixed_negative_bias-5083,3,frozen_baseline,13,300.89327307692304,0.001288541010580957,13,1.0,3911.61255,True,
LOCAL-v1-q3-fixed_negative_bias-5084,3,frozen_baseline,14,285.67493035714284,0.0015283330576494336,14,1.0,3999.449025,True,
LOCAL-v1-q3-fixed_negative_bias-5085,3,frozen_baseline,15,308.80822406666664,0.001564792008139193,15,1.0,4632.123361,True,
LOCAL-v1-q3-fixed_negative_bias-5086,3,frozen_baseline,12,297.0295570833333,0.0012006249744445086,12,1.0,3564.354685,True,
LOCAL-v1-q3-fixed_negative_bias-5087,3,frozen_baseline,13,301.0630013076923,0.0014021249953657389,13,1.0,3913.819017,True,
LOCAL-v1-q3-fixed_negative_bias-5088,3,frozen_baseline,16,223.089099625,0.001601667026989162,16,1.0,3569.425594,True,
LOCAL-v1-q3-fixed_negative_bias-5089,3,frozen_baseline,15,286.36758126666666,0.0016872920095920563,15,1.0,4295.513719,True,
LOCAL-v1-q3-fixed_negative_bias-5090,3,frozen_baseline,14,285.1919285,0.0015683749224990606,14,1.0,3992.686999,True,
LOCAL-v1-q3-fixed_negative_bias-5091,3,frozen_baseline,12,306.42051299999997,0.0011007499415427446,12,1.0,3677.046156,True,
LOCAL-v1-q3-fixed_negative_bias-5092,3,frozen_baseline,11,322.7126215454545,0.0012765000574290752,11,1.0,3549.838837,True,
LOCAL-v1-q3-fixed_negative_bias-5093,3,frozen_baseline,15,270.1160124,0.001417041989043355,15,1.0,4051.740186,True,
LOCAL-v1-q3-fixed_negative_bias-5094,3,frozen_baseline,11,341.62880590909094,0.0011693750275298953,11,1.0,3757.916865,True,
LOCAL-v1-q3-fixed_negative_bias-5095,3,frozen_baseline,10,326.5582461,0.001211125054396689,10,1.0,3265.582461,True,
LOCAL-v1-q3-fixed_negative_bias-5096,3,frozen_baseline,14,329.33833150000004,0.001572042005136609,14,1.0,4610.736641,True,
LOCAL-v1-q3-fixed_negative_bias-5097,3,frozen_baseline,13,270.3814693076923,0.0011531250784173608,13,1.0,3514.959101,True,
LOCAL-v1-q3-fixed_negative_bias-5098,3,frozen_baseline,16,252.3221956875,0.001608958002179861,16,1.0,4037.155131,True,
LOCAL-v1-q3-fixed_negative_bias-5099,3,frozen_baseline,13,304.93349753846155,0.0012355420039966702,13,1.0,3964.135468,True,
LOCAL-v1-q3-smooth_shared_field-5000,3,frozen_baseline,11,307.78704827272725,0.0010977080091834068,11,1.0,3385.657531,True,
LOCAL-v1-q3-smooth_shared_field-5001,3,frozen_baseline,14,269.83561,0.0014336660970002413,14,1.0,3777.69854,True,
LOCAL-v1-q3-smooth_shared_field-5002,3,frozen_baseline,15,272.54923726666664,0.0013554159086197615,15,1.0,4088.238559,True,
LOCAL-v1-q3-smooth_shared_field-5003,3,frozen_baseline,11,316.6576480909091,0.001122834044508636,11,1.0,3483.234129,True,
LOCAL-v1-q3-smooth_shared_field-5004,3,frozen_baseline,12,336.4757445833333,0.001135458005592227,12,1.0,4037.708935,True,
LOCAL-v1-q3-smooth_shared_field-5005,3,frozen_baseline,11,364.7102000909091,0.001111124991439283,11,1.0,4011.812201,True,
LOCAL-v1-q3-smooth_shared_field-5006,3,frozen_baseline,11,345.7009119090909,0.0011283749481663108,11,1.0,3802.710031,True,
LOCAL-v1-q3-smooth_shared_field-5007,3,frozen_baseline,11,343.89199718181817,0.0010238749673590064,11,1.0,3782.811969,True,
LOCAL-v1-q3-smooth_shared_field-5008,3,frozen_baseline,10,334.042576,0.0010299170389771461,10,1.0,3340.42576,True,
LOCAL-v1-q3-smooth_shared_field-5009,3,frozen_baseline,14,282.65353250000004,0.0012765830615535378,14,1.0,3957.149455,True,
LOCAL-v1-q3-smooth_shared_field-5010,3,frozen_baseline,12,331.29278066666666,0.0010832090629264712,12,1.0,3975.513368,True,
LOCAL-v1-q3-smooth_shared_field-5011,3,frozen_baseline,15,301.4898404,0.0014174169627949595,15,1.0,4522.347606,True,
LOCAL-v1-q3-smooth_shared_field-5012,3,frozen_baseline,10,356.2148795,0.0009244580287486315,10,1.0,3562.148795,True,
LOCAL-v1-q3-smooth_shared_field-5013,3,frozen_baseline,12,292.1658274166667,0.001217333017848432,12,1.0,3505.989929,True,
LOCAL-v1-q3-smooth_shared_field-5014,3,frozen_baseline,11,338.24272454545456,0.0010994999902322888,11,1.0,3720.66997,True,
LOCAL-v1-q3-smooth_shared_field-5015,3,frozen_baseline,12,294.8166355,0.001194083015434444,12,1.0,3537.799626,True,
LOCAL-v1-q3-smooth_shared_field-5016,3,frozen_baseline,16,275.454802875,0.0014690420357510448,16,1.0,4407.276846,True,
LOCAL-v1-q3-smooth_shared_field-5017,3,frozen_baseline,15,274.2973206666667,0.0014019159134477377,15,1.0,4114.45981,True,
LOCAL-v1-q3-smooth_shared_field-5018,3,frozen_baseline,10,357.2820757,0.0009688750142231584,10,1.0,3572.820757,True,
LOCAL-v1-q3-smooth_shared_field-5019,3,frozen_baseline,11,353.61411363636364,0.0011719160247594118,11,1.0,3889.75525,True,
LOCAL-v1-q3-smooth_shared_field-5020,3,frozen_baseline,16,269.9891521875,0.0015131250256672502,16,1.0,4319.826435,True,
LOCAL-v1-q3-smooth_shared_field-5021,3,frozen_baseline,14,259.981179,0.0013777909334748983,14,1.0,3639.736506,True,
LOCAL-v1-q3-smooth_shared_field-5022,3,frozen_baseline,14,292.6924022857143,0.0012866250472143292,14,1.0,4097.693632,True,
LOCAL-v1-q3-smooth_shared_field-5023,3,frozen_baseline,15,267.772007,0.0014154160162433982,15,1.0,4016.580105,True,
LOCAL-v1-q3-smooth_shared_field-5024,3,frozen_baseline,13,337.3469812307692,0.0011617919662967324,13,1.0,4385.510756,True,
LOCAL-v1-q3-smooth_shared_field-5025,3,frozen_baseline,12,319.782467,0.0011357920011505485,12,1.0,3837.389604,True,
LOCAL-v1-q3-smooth_shared_field-5026,3,frozen_baseline,15,290.2554002,0.0013892919523641467,15,1.0,4353.831003,True,
LOCAL-v1-q3-smooth_shared_field-5027,3,frozen_baseline,11,296.8024076363636,0.0010420409962534904,11,1.0,3264.826484,True,
LOCAL-v1-q3-smooth_shared_field-5028,3,frozen_baseline,10,350.0232417,0.000869459006935358,10,1.0,3500.232417,True,
LOCAL-v1-q3-smooth_shared_field-5029,3,frozen_baseline,11,298.43219145454543,0.0009463749593123794,11,1.0,3282.754106,True,
LOCAL-v1-q3-smooth_shared_field-5030,3,frozen_baseline,12,307.44256808333336,0.001121707959100604,12,1.0,3689.310817,True,
LOCAL-v1-q3-smooth_shared_field-5031,3,frozen_baseline,15,243.94811153333333,0.0014392919838428497,15,1.0,3659.221673,True,
LOCAL-v1-q3-smooth_shared_field-5032,3,frozen_baseline,11,350.1863459090909,0.0010556669440120459,11,1.0,3852.049805,True,
LOCAL-v1-q3-smooth_shared_field-5033,3,frozen_baseline,14,306.9503512142857,0.0013928749831393361,14,1.0,4297.304917,True,
LOCAL-v1-q3-smooth_shared_field-5034,3,frozen_baseline,16,254.4102991875,0.0015403340803459287,16,1.0,4070.564787,True,
LOCAL-v1-q3-smooth_shared_field-5035,3,frozen_baseline,10,387.28090940000004,0.0010242500575259328,10,1.0,3872.809094,True,
LOCAL-v1-q3-smooth_shared_field-5036,3,frozen_baseline,15,233.0236758,0.0013250000774860382,15,1.0,3495.355137,True,
LOCAL-v1-q3-smooth_shared_field-5037,3,frozen_baseline,15,287.1695269333333,0.0014248749939724803,15,1.0,4307.542904,True,
LOCAL-v1-q3-smooth_shared_field-5038,3,frozen_baseline,16,251.27944525,0.0014479579403996468,16,1.0,4020.471124,True,
LOCAL-v1-q3-smooth_shared_field-5039,3,frozen_baseline,10,371.1652619,0.0010409579845145345,10,1.0,3711.652619,True,
LOCAL-v1-q3-smooth_shared_field-5040,3,frozen_baseline,15,275.6498479333333,0.001425083028152585,15,1.0,4134.747719,True,
LOCAL-v1-q3-smooth_shared_field-5041,3,frozen_baseline,15,307.7362589333333,0.00125345797277987,15,1.0,4616.043884,True,
LOCAL-v1-q3-smooth_shared_field-5042,3,frozen_baseline,11,318.56218145454545,0.0010365420021116734,11,1.0,3504.183996,True,
LOCAL-v1-q3-smooth_shared_field-5043,3,frozen_baseline,12,329.7412951666667,0.001186041976325214,12,1.0,3956.895542,True,
LOCAL-v1-q3-smooth_shared_field-5044,3,frozen_baseline,11,345.76279018181816,0.001118415966629982,11,1.0,3803.390692,True,
LOCAL-v1-q3-smooth_shared_field-5045,3,frozen_baseline,11,334.02623936363636,0.0011726249940693378,11,1.0,3674.288633,True,
LOCAL-v1-q3-smooth_shared_field-5046,3,frozen_baseline,10,370.71754599999997,0.0011801669606938958,10,1.0,3707.17546,True,
LOCAL-v1-q3-smooth_shared_field-5047,3,frozen_baseline,16,248.18435375,0.0015523340553045273,16,1.0,3970.94966,True,
LOCAL-v1-q3-smooth_shared_field-5048,3,frozen_baseline,12,297.746684,0.0011205000337213278,12,1.0,3572.960208,True,
LOCAL-v1-q3-smooth_shared_field-5049,3,frozen_baseline,10,336.6616107,0.0010071670403704047,10,1.0,3366.616107,True,
LOCAL-v1-q3-smooth_shared_field-5050,3,frozen_baseline,15,282.2087934666667,0.0013368749059736729,15,1.0,4233.131902,True,
LOCAL-v1-q3-smooth_shared_field-5051,3,frozen_baseline,11,297.1335450909091,0.0010470410343259573,11,1.0,3268.468996,True,
LOCAL-v1-q3-smooth_shared_field-5052,3,frozen_baseline,13,304.4458117692308,0.0011875000782310963,13,1.0,3957.795553,True,
LOCAL-v1-q3-smooth_shared_field-5053,3,frozen_baseline,16,260.0127774375,0.001485459040850401,16,1.0,4160.204439,True,
LOCAL-v1-q3-smooth_shared_field-5054,3,frozen_baseline,16,270.03283225,0.0014041248941794038,16,1.0,4320.525316,True,
LOCAL-v1-q3-smooth_shared_field-5055,3,frozen_baseline,12,323.64960966666666,0.0011689170496538281,12,1.0,3883.795316,True,
LOCAL-v1-q3-smooth_shared_field-5056,3,frozen_baseline,13,281.4935939230769,0.0011464999988675117,13,1.0,3659.416721,True,
LOCAL-v1-q3-smooth_shared_field-5057,3,frozen_baseline,13,302.93631700000003,0.0011547079775482416,13,1.0,3938.172121,True,
LOCAL-v1-q3-smooth_shared_field-5058,3,frozen_baseline,14,245.9540875,0.0012743329862132668,14,1.0,3443.357225,True,
LOCAL-v1-q3-smooth_shared_field-5059,3,frozen_baseline,12,334.42280525,0.0012725830310955644,12,1.0,4013.073663,True,
LOCAL-v1-q3-smooth_shared_field-5060,3,frozen_baseline,11,339.36047845454544,0.0011257909936830401,11,1.0,3732.965263,True,
LOCAL-v1-q3-smooth_shared_field-5061,3,frozen_baseline,13,263.6418813846154,0.001236459007486701,13,1.0,3427.344458,True,
LOCAL-v1-q3-smooth_shared_field-5062,3,frozen_baseline,16,269.8550554375,0.001444916008040309,16,1.0,4317.680887,True,
LOCAL-v1-q3-smooth_shared_field-5063,3,frozen_baseline,15,281.87992786666666,0.0014701250474900007,15,1.0,4228.198918,True,
LOCAL-v1-q3-smooth_shared_field-5064,3,frozen_baseline,13,313.41884323076926,0.0011865830747410655,13,1.0,4074.444962,True,
LOCAL-v1-q3-smooth_shared_field-5065,3,frozen_baseline,12,316.8194869166667,0.001174334087409079,12,1.0,3801.833843,True,
LOCAL-v1-q3-smooth_shared_field-5066,3,frozen_baseline,10,388.98694650000004,0.0010247079189866781,10,1.0,3889.869465,True,
LOCAL-v1-q3-smooth_shared_field-5067,3,frozen_baseline,16,259.825928,0.0015558330342173576,16,1.0,4157.214848,True,
LOCAL-v1-q3-smooth_shared_field-5068,3,frozen_baseline,13,282.3327137692308,0.0011718329042196274,13,1.0,3670.325279,True,
LOCAL-v1-q3-smooth_shared_field-5069,3,frozen_baseline,14,290.7970747857143,0.0014857909409329295,14,1.0,4071.159047,True,
LOCAL-v1-q3-smooth_shared_field-5070,3,frozen_baseline,12,329.17901524999996,0.001335499924607575,12,1.0,3950.148183,True,
LOCAL-v1-q3-smooth_shared_field-5071,3,frozen_baseline,12,308.34032241666665,0.0011784590315073729,12,1.0,3700.083869,True,
LOCAL-v1-q3-smooth_shared_field-5072,3,frozen_baseline,15,263.1792782,0.0013761670561507344,15,1.0,3947.689173,True,
LOCAL-v1-q3-smooth_shared_field-5073,3,frozen_baseline,10,354.8160803,0.001056542037986219,10,1.0,3548.160803,True,
LOCAL-v1-q3-smooth_shared_field-5074,3,frozen_baseline,16,249.184794625,0.0014472909970209002,16,1.0,3986.956714,True,
LOCAL-v1-q3-smooth_shared_field-5075,3,frozen_baseline,15,270.2031786,0.0014896249631419778,15,1.0,4053.047679,True,
LOCAL-v1-q3-smooth_shared_field-5076,3,frozen_baseline,12,309.33931925,0.0012366250157356262,12,1.0,3712.071831,True,
LOCAL-v1-q3-smooth_shared_field-5077,3,frozen_baseline,14,297.9235165714286,0.001384416944347322,14,1.0,4170.929232,True,
LOCAL-v1-q3-smooth_shared_field-5078,3,frozen_baseline,13,270.8225135384615,0.0012579170288518071,13,1.0,3520.692676,True,
LOCAL-v1-q3-smooth_shared_field-5079,3,frozen_baseline,10,371.2509055,0.0010679999832063913,10,1.0,3712.509055,True,
LOCAL-v1-q3-smooth_shared_field-5080,3,frozen_baseline,10,340.2417972,0.0009742499096319079,10,1.0,3402.417972,True,
LOCAL-v1-q3-smooth_shared_field-5081,3,frozen_baseline,16,255.6817505625,0.001471041003242135,16,1.0,4090.908009,True,
LOCAL-v1-q3-smooth_shared_field-5082,3,frozen_baseline,13,308.2578161538462,0.0011812499724328518,13,1.0,4007.35161,True,
LOCAL-v1-q3-smooth_shared_field-5083,3,frozen_baseline,13,309.2363563076923,0.0013853749260306358,13,1.0,4020.072632,True,
LOCAL-v1-q3-smooth_shared_field-5084,3,frozen_baseline,14,304.72414478571426,0.001437708968296647,14,1.0,4266.138027,True,
LOCAL-v1-q3-smooth_shared_field-5085,3,frozen_baseline,15,310.96646913333336,0.0014847080456092954,15,1.0,4664.497037,True,
LOCAL-v1-q3-smooth_shared_field-5086,3,frozen_baseline,12,306.027273,0.0011928750900551677,12,1.0,3672.327276,True,
LOCAL-v1-q3-smooth_shared_field-5087,3,frozen_baseline,13,301.0283222307692,0.0014268329832702875,13,1.0,3913.368189,True,
LOCAL-v1-q3-smooth_shared_field-5088,3,frozen_baseline,16,218.611081,0.001552834059111774,16,1.0,3497.777296,True,
LOCAL-v1-q3-smooth_shared_field-5089,3,frozen_baseline,15,286.5362447333334,0.0016571249580010772,15,1.0,4298.043671,True,
LOCAL-v1-q3-smooth_shared_field-5090,3,frozen_baseline,14,278.161269,0.0015867500333115458,14,1.0,3894.257766,True,
LOCAL-v1-q3-smooth_shared_field-5091,3,frozen_baseline,12,306.53245975,0.0011513750068843365,12,1.0,3678.389517,True,
LOCAL-v1-q3-smooth_shared_field-5092,3,frozen_baseline,11,328.2956816363636,0.0013302919687703252,11,1.0,3611.252498,True,
LOCAL-v1-q3-smooth_shared_field-5093,3,frozen_baseline,15,263.6159444,0.0013831669930368662,15,1.0,3954.239166,True,
LOCAL-v1-q3-smooth_shared_field-5094,3,frozen_baseline,11,335.61814636363636,0.0010788330109789968,11,1.0,3691.79961,True,
LOCAL-v1-q3-smooth_shared_field-5095,3,frozen_baseline,10,326.59105450000004,0.0011142910225316882,10,1.0,3265.910545,True,
LOCAL-v1-q3-smooth_shared_field-5096,3,frozen_baseline,14,310.73258864285714,0.0012787500163540244,14,1.0,4350.256241,True,
LOCAL-v1-q3-smooth_shared_field-5097,3,frozen_baseline,13,269.20869846153846,0.0011125419987365603,13,1.0,3499.71308,True,
LOCAL-v1-q3-smooth_shared_field-5098,3,frozen_baseline,16,255.915696875,0.0016448339447379112,16,1.0,4094.65115,True,
LOCAL-v1-q3-smooth_shared_field-5099,3,frozen_baseline,13,305.02362253846155,0.0012582080671563745,13,1.0,3965.307093,True,
LOCAL-v1-q3-cell50_shared_field-5000,3,frozen_baseline,11,298.36938436363636,0.0011753329308703542,11,1.0,3282.063228,True,
LOCAL-v1-q3-cell50_shared_field-5001,3,frozen_baseline,14,271.2325697142857,0.0015178329776972532,14,1.0,3797.255976,True,
LOCAL-v1-q3-cell50_shared_field-5002,3,frozen_baseline,15,253.28510713333333,0.0014852499589323997,15,1.0,3799.276607,True,
LOCAL-v1-q3-cell50_shared_field-5003,3,frozen_baseline,11,326.11738963636367,0.0011570421047508717,11,1.0,3587.291286,True,
LOCAL-v1-q3-cell50_shared_field-5004,3,frozen_baseline,12,330.09366358333335,0.0011613330570980906,12,1.0,3961.123963,True,
LOCAL-v1-q3-cell50_shared_field-5005,3,frozen_baseline,11,325.35488563636363,0.0011519590625539422,11,1.0,3578.903742,True,
LOCAL-v1-q3-cell50_shared_field-5006,3,frozen_baseline,11,338.8248244545455,0.0011353750014677644,11,1.0,3727.073069,True,
LOCAL-v1-q3-cell50_shared_field-5007,3,frozen_baseline,11,339.0080939090909,0.0010430410038679838,11,1.0,3729.089033,True,
LOCAL-v1-q3-cell50_shared_field-5008,3,frozen_baseline,10,348.39802249999997,0.001163374981842935,10,1.0,3483.980225,True,
LOCAL-v1-q3-cell50_shared_field-5009,3,frozen_baseline,14,287.4902102142857,0.0013090000720694661,14,1.0,4024.862943,True,
LOCAL-v1-q3-cell50_shared_field-5010,3,frozen_baseline,12,329.5571821666667,0.0012376250233501196,12,1.0,3954.686186,True,
LOCAL-v1-q3-cell50_shared_field-5011,3,frozen_baseline,15,283.04561946666666,0.0015382500132545829,15,1.0,4245.684292,True,
LOCAL-v1-q3-cell50_shared_field-5012,3,frozen_baseline,10,355.7560413,0.0010246250312775373,10,1.0,3557.560413,True,
LOCAL-v1-q3-cell50_shared_field-5013,3,frozen_baseline,12,296.26149525,0.0012139580212533474,12,1.0,3555.137943,True,
LOCAL-v1-q3-cell50_shared_field-5014,3,frozen_baseline,11,334.71441336363637,0.0011643340112641454,11,1.0,3681.858547,True,
LOCAL-v1-q3-cell50_shared_field-5015,3,frozen_baseline,12,344.85270741666665,0.0011815830366685987,12,1.0,4138.232489,True,
LOCAL-v1-q3-cell50_shared_field-5016,3,frozen_baseline,16,258.237636,0.0016058749752119184,16,1.0,4131.802176,True,
LOCAL-v1-q3-cell50_shared_field-5017,3,frozen_baseline,15,255.28504926666668,0.0013572080060839653,15,1.0,3829.275739,True,
LOCAL-v1-q3-cell50_shared_field-5018,3,frozen_baseline,10,357.26311150000004,0.000983125064522028,10,1.0,3572.631115,True,
LOCAL-v1-q3-cell50_shared_field-5019,3,frozen_baseline,11,345.4908312727273,0.001258083968423307,11,1.0,3800.399144,True,
LOCAL-v1-q3-cell50_shared_field-5020,3,frozen_baseline,16,265.7170591875,0.001489125075750053,16,1.0,4251.472947,True,
LOCAL-v1-q3-cell50_shared_field-5021,3,frozen_baseline,14,253.77988835714285,0.0012888750061392784,14,1.0,3552.918437,True,
LOCAL-v1-q3-cell50_shared_field-5022,3,frozen_baseline,14,282.7809624285714,0.0012950839009135962,14,1.0,3958.933474,True,
LOCAL-v1-q3-cell50_shared_field-5023,3,frozen_baseline,15,271.4711958,0.0013101249933242798,15,1.0,4072.067937,True,
LOCAL-v1-q3-cell50_shared_field-5024,3,frozen_baseline,13,347.47822761538464,0.0012324999552220106,13,1.0,4517.216959,True,
LOCAL-v1-q3-cell50_shared_field-5025,3,frozen_baseline,12,313.75078191666665,0.001158999977633357,12,1.0,3765.009383,True,
LOCAL-v1-q3-cell50_shared_field-5026,3,frozen_baseline,15,285.7652616666667,0.001408332958817482,15,1.0,4286.478925,True,
LOCAL-v1-q3-cell50_shared_field-5027,3,frozen_baseline,11,297.3170787272727,0.001082667033188045,11,1.0,3270.487866,True,
LOCAL-v1-q3-cell50_shared_field-5028,3,frozen_baseline,10,352.6073377,0.0009072499815374613,10,1.0,3526.073377,True,
LOCAL-v1-q3-cell50_shared_field-5029,3,frozen_baseline,11,324.10750818181816,0.001041417010128498,11,1.0,3565.18259,True,
LOCAL-v1-q3-cell50_shared_field-5030,3,frozen_baseline,12,318.92251516666664,0.0011397919151932001,12,1.0,3827.070182,True,
LOCAL-v1-q3-cell50_shared_field-5031,3,frozen_baseline,15,291.39767546666667,0.0014005829580128193,15,1.0,4370.965132,True,
LOCAL-v1-q3-cell50_shared_field-5032,3,frozen_baseline,11,350.84046245454545,0.00103554199449718,11,1.0,3859.245087,True,
LOCAL-v1-q3-cell50_shared_field-5033,3,frozen_baseline,14,285.4623106428572,0.0013911660062149167,14,1.0,3996.472349,True,
LOCAL-v1-q3-cell50_shared_field-5034,3,frozen_baseline,16,263.8931980625,0.001780542079359293,16,1.0,4222.291169,True,
LOCAL-v1-q3-cell50_shared_field-5035,3,frozen_baseline,10,382.2838421,0.0010162090184167027,10,1.0,3822.838421,True,
LOCAL-v1-q3-cell50_shared_field-5036,3,frozen_baseline,15,228.14955206666667,0.001386042102240026,15,1.0,3422.243281,True,
LOCAL-v1-q3-cell50_shared_field-5037,3,frozen_baseline,15,288.8945074,0.0014851249288767576,15,1.0,4333.417611,True,
LOCAL-v1-q3-cell50_shared_field-5038,3,frozen_baseline,16,251.67739175,0.0014450419694185257,16,1.0,4026.838268,True,
LOCAL-v1-q3-cell50_shared_field-5039,3,frozen_baseline,10,362.80484889999997,0.0010233339853584766,10,1.0,3628.048489,True,
LOCAL-v1-q3-cell50_shared_field-5040,3,frozen_baseline,15,280.48287246666666,0.0014333749422803521,15,1.0,4207.243087,True,
LOCAL-v1-q3-cell50_shared_field-5041,3,frozen_baseline,15,297.74390926666666,0.0012923330068588257,15,1.0,4466.158639,True,
LOCAL-v1-q3-cell50_shared_field-5042,3,frozen_baseline,11,317.96104,0.0010670420015230775,11,1.0,3497.57144,True,
LOCAL-v1-q3-cell50_shared_field-5043,3,frozen_baseline,12,329.0854483333333,0.0013116670306771994,12,1.0,3949.02538,True,
LOCAL-v1-q3-cell50_shared_field-5044,3,frozen_baseline,11,348.4366601818182,0.001192708034068346,11,1.0,3832.803262,True,
LOCAL-v1-q3-cell50_shared_field-5045,3,frozen_baseline,11,314.5567510909091,0.0010578340152278543,11,1.0,3460.124262,True,
LOCAL-v1-q3-cell50_shared_field-5046,3,frozen_baseline,10,367.87566860000004,0.0010876670712605119,10,1.0,3678.756686,True,
LOCAL-v1-q3-cell50_shared_field-5047,3,frozen_baseline,16,251.6686890625,0.0015475000254809856,16,1.0,4026.699025,True,
LOCAL-v1-q3-cell50_shared_field-5048,3,frozen_baseline,12,296.5783608333333,0.0011560419807210565,12,1.0,3558.94033,True,
LOCAL-v1-q3-cell50_shared_field-5049,3,frozen_baseline,10,326.11556989999997,0.0010399160673841834,10,1.0,3261.155699,True,
LOCAL-v1-q3-cell50_shared_field-5050,3,frozen_baseline,15,290.297465,0.0015193329891189933,15,1.0,4354.461975,True,
LOCAL-v1-q3-cell50_shared_field-5051,3,frozen_baseline,11,296.92102836363637,0.0010552500607445836,11,1.0,3266.131312,True,
LOCAL-v1-q3-cell50_shared_field-5052,3,frozen_baseline,13,310.51423553846155,0.0013368339277803898,13,1.0,4036.685062,True,
LOCAL-v1-q3-cell50_shared_field-5053,3,frozen_baseline,16,254.97305925,0.001386375050060451,16,1.0,4079.568948,True,
LOCAL-v1-q3-cell50_shared_field-5054,3,frozen_baseline,16,278.642961125,0.0015572920674458146,16,1.0,4458.287378,True,
LOCAL-v1-q3-cell50_shared_field-5055,3,frozen_baseline,12,324.28826641666666,0.0012303339317440987,12,1.0,3891.459197,True,
LOCAL-v1-q3-cell50_shared_field-5056,3,frozen_baseline,13,278.63861623076923,0.001170082949101925,13,1.0,3622.302011,True,
LOCAL-v1-q3-cell50_shared_field-5057,3,frozen_baseline,13,306.89177584615385,0.001227332977578044,13,1.0,3989.593086,True,
LOCAL-v1-q3-cell50_shared_field-5058,3,frozen_baseline,14,268.27268664285714,0.0012860409915447235,14,1.0,3755.817613,True,
LOCAL-v1-q3-cell50_shared_field-5059,3,frozen_baseline,12,295.52984183333336,0.0011717090383172035,12,1.0,3546.358102,True,
LOCAL-v1-q3-cell50_shared_field-5060,3,frozen_baseline,11,340.9226951818182,0.0010858330642804503,11,1.0,3750.149647,True,
LOCAL-v1-q3-cell50_shared_field-5061,3,frozen_baseline,13,253.53546546153848,0.00113062490709126,13,1.0,3295.961051,True,
LOCAL-v1-q3-cell50_shared_field-5062,3,frozen_baseline,16,266.909432375,0.0014125000452622771,16,1.0,4270.550918,True,
LOCAL-v1-q3-cell50_shared_field-5063,3,frozen_baseline,15,278.6333706666667,0.0013136669294908643,15,1.0,4179.50056,True,
LOCAL-v1-q3-cell50_shared_field-5064,3,frozen_baseline,13,312.0757066153846,0.0011591670336201787,13,1.0,4056.984186,True,
LOCAL-v1-q3-cell50_shared_field-5065,3,frozen_baseline,12,321.828557,0.0013228749157860875,12,1.0,3861.942684,True,
LOCAL-v1-q3-cell50_shared_field-5066,3,frozen_baseline,10,382.6929175,0.0009486670605838299,10,1.0,3826.929175,True,
LOCAL-v1-q3-cell50_shared_field-5067,3,frozen_baseline,16,267.345909125,0.0016517090843990445,16,1.0,4277.534546,True,
LOCAL-v1-q3-cell50_shared_field-5068,3,frozen_baseline,13,276.7203042307692,0.0012092080432921648,13,1.0,3597.363955,True,
LOCAL-v1-q3-cell50_shared_field-5069,3,frozen_baseline,14,307.4522548571428,0.0016296670073643327,14,1.0,4304.331568,True,
LOCAL-v1-q3-cell50_shared_field-5070,3,frozen_baseline,12,323.26758758333335,0.0012503329198807478,12,1.0,3879.211051,True,
LOCAL-v1-q3-cell50_shared_field-5071,3,frozen_baseline,12,314.22612625,0.0011925409780815244,12,1.0,3770.713515,True,
LOCAL-v1-q3-cell50_shared_field-5072,3,frozen_baseline,15,287.21085553333336,0.001341833034530282,15,1.0,4308.162833,True,
LOCAL-v1-q3-cell50_shared_field-5073,3,frozen_baseline,10,369.5619316,0.0010781249729916453,10,1.0,3695.619316,True,
LOCAL-v1-q3-cell50_shared_field-5074,3,frozen_baseline,16,248.7028955625,0.001524958061054349,16,1.0,3979.246329,True,
LOCAL-v1-q3-cell50_shared_field-5075,3,frozen_baseline,15,268.5647441333333,0.001482625026255846,15,1.0,4028.471162,True,
LOCAL-v1-q3-cell50_shared_field-5076,3,frozen_baseline,12,296.90032091666666,0.0013448749668896198,12,1.0,3562.803851,True,
LOCAL-v1-q3-cell50_shared_field-5077,3,frozen_baseline,14,318.8244065,0.001390333054587245,14,1.0,4463.541691,True,
LOCAL-v1-q3-cell50_shared_field-5078,3,frozen_baseline,13,270.6235216923077,0.001205208944156766,13,1.0,3518.105782,True,
LOCAL-v1-q3-cell50_shared_field-5079,3,frozen_baseline,10,329.2094143,0.0012112499680370092,10,1.0,3292.094143,True,
LOCAL-v1-q3-cell50_shared_field-5080,3,frozen_baseline,10,333.2837171,0.0009490830125287175,10,1.0,3332.837171,True,
LOCAL-v1-q3-cell50_shared_field-5081,3,frozen_baseline,16,256.205755875,0.0013419999741017818,16,1.0,4099.292094,True,
LOCAL-v1-q3-cell50_shared_field-5082,3,frozen_baseline,13,297.01932630769227,0.001213249983265996,13,1.0,3861.251242,True,
LOCAL-v1-q3-cell50_shared_field-5083,3,frozen_baseline,13,313.75437976923075,0.0013694999506697059,13,1.0,4078.806937,True,
LOCAL-v1-q3-cell50_shared_field-5084,3,frozen_baseline,14,319.39957357142856,0.0013560829684138298,14,1.0,4471.59403,True,
LOCAL-v1-q3-cell50_shared_field-5085,3,frozen_baseline,15,301.75275193333334,0.0014294999418780208,15,1.0,4526.291279,True,
LOCAL-v1-q3-cell50_shared_field-5086,3,frozen_baseline,12,296.28988,0.001120291999541223,12,1.0,3555.47856,True,
LOCAL-v1-q3-cell50_shared_field-5087,3,frozen_baseline,13,285.29685407692307,0.0012507500359788537,13,1.0,3708.859103,True,
LOCAL-v1-q3-cell50_shared_field-5088,3,frozen_baseline,16,220.6481136875,0.0015387909952551126,16,1.0,3530.369819,True,
LOCAL-v1-q3-cell50_shared_field-5089,3,frozen_baseline,15,310.7493512,0.0015316250501200557,15,1.0,4661.240268,True,
LOCAL-v1-q3-cell50_shared_field-5090,3,frozen_baseline,14,287.0276317857143,0.0016229170141741633,14,1.0,4018.386845,True,
LOCAL-v1-q3-cell50_shared_field-5091,3,frozen_baseline,12,299.53763166666664,0.0011709589743986726,12,1.0,3594.45158,True,
LOCAL-v1-q3-cell50_shared_field-5092,3,frozen_baseline,11,304.11210772727276,0.0010985839180648327,11,1.0,3345.233185,True,
LOCAL-v1-q3-cell50_shared_field-5093,3,frozen_baseline,15,265.4635116,0.0014443749096244574,15,1.0,3981.952674,True,
LOCAL-v1-q3-cell50_shared_field-5094,3,frozen_baseline,11,343.321434,0.0011578749399632215,11,1.0,3776.535774,True,
LOCAL-v1-q3-cell50_shared_field-5095,3,frozen_baseline,10,324.5903157,0.0011917080264538527,10,1.0,3245.903157,True,
LOCAL-v1-q3-cell50_shared_field-5096,3,frozen_baseline,14,317.743328,0.0012785420985892415,14,1.0,4448.406592,True,
LOCAL-v1-q3-cell50_shared_field-5097,3,frozen_baseline,13,269.4126916923077,0.0011436659842729568,13,1.0,3502.364992,True,
LOCAL-v1-q3-cell50_shared_field-5098,3,frozen_baseline,16,249.8779655,0.0014545000158250332,16,1.0,3998.047448,True,
LOCAL-v1-q3-cell50_shared_field-5099,3,frozen_baseline,13,304.2191285384616,0.0011797499610111117,13,1.0,3954.848671,True,
LOCAL-v1-q3-cell500_shared_field-5000,3,frozen_baseline,11,316.61626609090905,0.0011157910339534283,11,1.0,3482.778927,True,
LOCAL-v1-q3-cell500_shared_field-5001,3,frozen_baseline,14,269.7933572857143,0.0014156249817460775,14,1.0,3777.107002,True,
LOCAL-v1-q3-cell500_shared_field-5002,3,frozen_baseline,15,273.5053620666667,0.0013988330028951168,15,1.0,4102.580431,True,
LOCAL-v1-q3-cell500_shared_field-5003,3,frozen_baseline,11,322.4569901818182,0.0010987919522449374,11,1.0,3547.026892,True,
LOCAL-v1-q3-cell500_shared_field-5004,3,frozen_baseline,12,328.77921258333333,0.0011606670450419188,12,1.0,3945.350551,True,
LOCAL-v1-q3-cell500_shared_field-5005,3,frozen_baseline,11,330.51634345454545,0.0011138749541714787,11,1.0,3635.679778,True,
LOCAL-v1-q3-cell500_shared_field-5006,3,frozen_baseline,11,343.02458854545455,0.0010668749455362558,11,1.0,3773.270474,True,
LOCAL-v1-q3-cell500_shared_field-5007,3,frozen_baseline,11,341.7434209090909,0.0010247910395264626,11,1.0,3759.17763,True,
LOCAL-v1-q3-cell500_shared_field-5008,3,frozen_baseline,10,344.1213621,0.001063374918885529,10,1.0,3441.213621,True,
LOCAL-v1-q3-cell500_shared_field-5009,3,frozen_baseline,14,282.98245657142854,0.0013332500820979476,14,1.0,3961.754392,True,
LOCAL-v1-q3-cell500_shared_field-5010,3,frozen_baseline,12,322.3275546666667,0.0011226660571992397,12,1.0,3867.930656,True,
LOCAL-v1-q3-cell500_shared_field-5011,3,frozen_baseline,15,305.6592702666667,0.0013916250318288803,15,1.0,4584.889054,True,
LOCAL-v1-q3-cell500_shared_field-5012,3,frozen_baseline,10,353.8056523,0.0009083750192075968,10,1.0,3538.056523,True,
LOCAL-v1-q3-cell500_shared_field-5013,3,frozen_baseline,12,299.1783145,0.001263833953998983,12,1.0,3590.139774,True,
LOCAL-v1-q3-cell500_shared_field-5014,3,frozen_baseline,11,337.68271263636365,0.0011392909800633788,11,1.0,3714.509839,True,
LOCAL-v1-q3-cell500_shared_field-5015,3,frozen_baseline,12,301.10399575,0.001204166910611093,12,1.0,3613.247949,True,
LOCAL-v1-q3-cell500_shared_field-5016,3,frozen_baseline,16,256.903664875,0.0015514999395236373,16,1.0,4110.458638,True,
LOCAL-v1-q3-cell500_shared_field-5017,3,frozen_baseline,15,259.39803259999996,0.0013463340001180768,15,1.0,3890.970489,True,
LOCAL-v1-q3-cell500_shared_field-5018,3,frozen_baseline,10,357.0899127,0.0009919999865815043,10,1.0,3570.899127,True,
LOCAL-v1-q3-cell500_shared_field-5019,3,frozen_baseline,11,345.1001866363636,0.0010972090531140566,11,1.0,3796.102053,True,
LOCAL-v1-q3-cell500_shared_field-5020,3,frozen_baseline,16,269.036267125,0.0015385840088129044,16,1.0,4304.580274,True,
LOCAL-v1-q3-cell500_shared_field-5021,3,frozen_baseline,14,256.53237014285713,0.0012998749734833837,14,1.0,3591.453182,True,
LOCAL-v1-q3-cell500_shared_field-5022,3,frozen_baseline,14,271.96821892857145,0.0012609169352799654,14,1.0,3807.555065,True,
LOCAL-v1-q3-cell500_shared_field-5023,3,frozen_baseline,15,269.5890880666667,0.001358125009573996,15,1.0,4043.836321,True,
LOCAL-v1-q3-cell500_shared_field-5024,3,frozen_baseline,13,345.7390000769231,0.001223083003424108,13,1.0,4494.607001,True,
LOCAL-v1-q3-cell500_shared_field-5025,3,frozen_baseline,12,316.21661766666665,0.0011918750824406743,12,1.0,3794.599412,True,
LOCAL-v1-q3-cell500_shared_field-5026,3,frozen_baseline,15,289.8392752666667,0.001397875021211803,15,1.0,4347.589129,True,
LOCAL-v1-q3-cell500_shared_field-5027,3,frozen_baseline,11,294.4752469090909,0.0010584580013528466,11,1.0,3239.227716,True,
LOCAL-v1-q3-cell500_shared_field-5028,3,frozen_baseline,10,349.13764000000003,0.0008517500245943666,10,1.0,3491.3764,True,
LOCAL-v1-q3-cell500_shared_field-5029,3,frozen_baseline,11,296.9575082727273,0.0009326250292360783,11,1.0,3266.532591,True,
LOCAL-v1-q3-cell500_shared_field-5030,3,frozen_baseline,12,312.09811125,0.0011250419775024056,12,1.0,3745.177335,True,
LOCAL-v1-q3-cell500_shared_field-5031,3,frozen_baseline,15,276.9061418666667,0.001333917025476694,15,1.0,4153.592128,True,
LOCAL-v1-q3-cell500_shared_field-5032,3,frozen_baseline,11,349.2139949090909,0.0010864170035347342,11,1.0,3841.353944,True,
LOCAL-v1-q3-cell500_shared_field-5033,3,frozen_baseline,14,284.58027185714286,0.001375459018163383,14,1.0,3984.123806,True,
LOCAL-v1-q3-cell500_shared_field-5034,3,frozen_baseline,16,250.2126965,0.0017220420995727181,16,1.0,4003.403144,True,
LOCAL-v1-q3-cell500_shared_field-5035,3,frozen_baseline,10,397.3530511,0.0010712920920923352,10,1.0,3973.530511,True,
LOCAL-v1-q3-cell500_shared_field-5036,3,frozen_baseline,15,227.99638586666666,0.0013616250362247229,15,1.0,3419.945788,True,
LOCAL-v1-q3-cell500_shared_field-5037,3,frozen_baseline,15,280.61482713333334,0.0014919170644134283,15,1.0,4209.222407,True,
LOCAL-v1-q3-cell500_shared_field-5038,3,frozen_baseline,16,281.486513125,0.0016029999824240804,16,1.0,4503.78421,True,
LOCAL-v1-q3-cell500_shared_field-5039,3,frozen_baseline,10,363.5188579,0.0009950000094249845,10,1.0,3635.188579,True,
LOCAL-v1-q3-cell500_shared_field-5040,3,frozen_baseline,15,271.5556009333333,0.001328249927610159,15,1.0,4073.334014,True,
LOCAL-v1-q3-cell500_shared_field-5041,3,frozen_baseline,15,296.6652890666667,0.0012600000482052565,15,1.0,4449.979336,True,
LOCAL-v1-q3-cell500_shared_field-5042,3,frozen_baseline,11,315.3238837272727,0.0009940839372575283,11,1.0,3468.562721,True,
LOCAL-v1-q3-cell500_shared_field-5043,3,frozen_baseline,12,328.80436791666665,0.0012629160191863775,12,1.0,3945.652415,True,
LOCAL-v1-q3-cell500_shared_field-5044,3,frozen_baseline,11,356.1091037272727,0.0011997499968856573,11,1.0,3917.200141,True,
LOCAL-v1-q3-cell500_shared_field-5045,3,frozen_baseline,11,312.2698442727273,0.0010417499579489231,11,1.0,3434.968287,True,
LOCAL-v1-q3-cell500_shared_field-5046,3,frozen_baseline,10,369.5887555,0.0011594579555094242,10,1.0,3695.887555,True,
LOCAL-v1-q3-cell500_shared_field-5047,3,frozen_baseline,16,251.4735885625,0.0014938749372959137,16,1.0,4023.577417,True,
LOCAL-v1-q3-cell500_shared_field-5048,3,frozen_baseline,12,298.9069366666667,0.0011799170169979334,12,1.0,3586.88324,True,
LOCAL-v1-q3-cell500_shared_field-5049,3,frozen_baseline,10,315.08839090000004,0.000953375012613833,10,1.0,3150.883909,True,
LOCAL-v1-q3-cell500_shared_field-5050,3,frozen_baseline,15,290.30435113333334,0.0014740829356014729,15,1.0,4354.565267,True,
LOCAL-v1-q3-cell500_shared_field-5051,3,frozen_baseline,11,298.12313927272726,0.0010275000240653753,11,1.0,3279.354532,True,
LOCAL-v1-q3-cell500_shared_field-5052,3,frozen_baseline,13,304.8139676923077,0.0011675419518724084,13,1.0,3962.58158,True,
LOCAL-v1-q3-cell500_shared_field-5053,3,frozen_baseline,16,255.0888904375,0.0014535830123350024,16,1.0,4081.422247,True,
LOCAL-v1-q3-cell500_shared_field-5054,3,frozen_baseline,16,271.3230320625,0.0013780839508399367,16,1.0,4341.168513,True,
LOCAL-v1-q3-cell500_shared_field-5055,3,frozen_baseline,12,324.05347075000003,0.001260792021639645,12,1.0,3888.641649,True,
LOCAL-v1-q3-cell500_shared_field-5056,3,frozen_baseline,13,282.8794404615385,0.0011789159616455436,13,1.0,3677.432726,True,
LOCAL-v1-q3-cell500_shared_field-5057,3,frozen_baseline,13,307.98711492307694,0.0012159999459981918,13,1.0,4003.832494,True,
LOCAL-v1-q3-cell500_shared_field-5058,3,frozen_baseline,14,264.97465764285715,0.0012320419773459435,14,1.0,3709.645207,True,
LOCAL-v1-q3-cell500_shared_field-5059,3,frozen_baseline,12,325.09958716666665,0.0012283331016078591,12,1.0,3901.195046,True,
LOCAL-v1-q3-cell500_shared_field-5060,3,frozen_baseline,11,336.042823,0.001127874944359064,11,1.0,3696.471053,True,
LOCAL-v1-q3-cell500_shared_field-5061,3,frozen_baseline,13,252.0712646923077,0.0010700420243665576,13,1.0,3276.926441,True,
LOCAL-v1-q3-cell500_shared_field-5062,3,frozen_baseline,16,267.2827444375,0.0014786249957978725,16,1.0,4276.523911,True,
LOCAL-v1-q3-cell500_shared_field-5063,3,frozen_baseline,15,279.0072065333333,0.0013255839003250003,15,1.0,4185.108098,True,
LOCAL-v1-q3-cell500_shared_field-5064,3,frozen_baseline,13,290.56843915384616,0.0011720829643309116,13,1.0,3777.389709,True,
LOCAL-v1-q3-cell500_shared_field-5065,3,frozen_baseline,12,322.31151958333334,0.0012910000514239073,12,1.0,3867.738235,True,
LOCAL-v1-q3-cell500_shared_field-5066,3,frozen_baseline,10,380.9023827,0.0009472079109400511,10,1.0,3809.023827,True,
LOCAL-v1-q3-cell500_shared_field-5067,3,frozen_baseline,16,256.92311625,0.0014545000158250332,16,1.0,4110.76986,True,
LOCAL-v1-q3-cell500_shared_field-5068,3,frozen_baseline,13,276.9824813076923,0.0012418330879881978,13,1.0,3600.772257,True,
LOCAL-v1-q3-cell500_shared_field-5069,3,frozen_baseline,14,297.34344578571427,0.0015047909691929817,14,1.0,4162.808241,True,
LOCAL-v1-q3-cell500_shared_field-5070,3,frozen_baseline,12,325.7261144166667,0.0013245830778032541,12,1.0,3908.713373,True,
LOCAL-v1-q3-cell500_shared_field-5071,3,frozen_baseline,12,314.29764258333336,0.0012467080960050225,12,1.0,3771.571711,True,
LOCAL-v1-q3-cell500_shared_field-5072,3,frozen_baseline,15,265.173994,0.0015961669851094484,15,1.0,3977.60991,True,
LOCAL-v1-q3-cell500_shared_field-5073,3,frozen_baseline,10,369.4211159,0.0010510000865906477,10,1.0,3694.211159,True,
LOCAL-v1-q3-cell500_shared_field-5074,3,frozen_baseline,16,245.7793864375,0.0015541668981313705,16,1.0,3932.470183,True,
LOCAL-v1-q3-cell500_shared_field-5075,3,frozen_baseline,15,268.9762372,0.00136674998793751,15,1.0,4034.643558,True,
LOCAL-v1-q3-cell500_shared_field-5076,3,frozen_baseline,12,292.5663621666667,0.0013432499254122376,12,1.0,3510.796346,True,
LOCAL-v1-q3-cell500_shared_field-5077,3,frozen_baseline,14,314.9400787857143,0.0013875419972464442,14,1.0,4409.161103,True,
LOCAL-v1-q3-cell500_shared_field-5078,3,frozen_baseline,13,269.991195,0.00128454202786088,13,1.0,3509.885535,True,
LOCAL-v1-q3-cell500_shared_field-5079,3,frozen_baseline,10,323.3558664,0.001115166931413114,10,1.0,3233.558664,True,
LOCAL-v1-q3-cell500_shared_field-5080,3,frozen_baseline,10,341.0494338,0.0010601250687614083,10,1.0,3410.494338,True,
LOCAL-v1-q3-cell500_shared_field-5081,3,frozen_baseline,16,257.17001525,0.0014540840638801455,16,1.0,4114.720244,True,
LOCAL-v1-q3-cell500_shared_field-5082,3,frozen_baseline,13,305.03179061538464,0.001211749971844256,13,1.0,3965.413278,True,
LOCAL-v1-q3-cell500_shared_field-5083,3,frozen_baseline,13,321.98168923076923,0.0013121250085532665,13,1.0,4185.76196,True,
LOCAL-v1-q3-cell500_shared_field-5084,3,frozen_baseline,14,304.71826400000003,0.0013170840684324503,14,1.0,4266.055696,True,
LOCAL-v1-q3-cell500_shared_field-5085,3,frozen_baseline,15,292.1528522,0.001372791943140328,15,1.0,4382.292783,True,
LOCAL-v1-q3-cell500_shared_field-5086,3,frozen_baseline,12,297.0460384166667,0.0011671249521896243,12,1.0,3564.552461,True,
LOCAL-v1-q3-cell500_shared_field-5087,3,frozen_baseline,13,293.3980166153846,0.001359958085231483,13,1.0,3814.174216,True,
LOCAL-v1-q3-cell500_shared_field-5088,3,frozen_baseline,16,219.51712575,0.0015171250561252236,16,1.0,3512.274012,True,
LOCAL-v1-q3-cell500_shared_field-5089,3,frozen_baseline,15,308.7056915333333,0.001505000051110983,15,1.0,4630.585373,True,
LOCAL-v1-q3-cell500_shared_field-5090,3,frozen_baseline,14,281.59878535714284,0.0015978339361026883,14,1.0,3942.382995,True,
LOCAL-v1-q3-cell500_shared_field-5091,3,frozen_baseline,12,307.47911633333337,0.0011609590146690607,12,1.0,3689.749396,True,
LOCAL-v1-q3-cell500_shared_field-5092,3,frozen_baseline,11,309.0719012727273,0.0011069579049944878,11,1.0,3399.790914,True,
LOCAL-v1-q3-cell500_shared_field-5093,3,frozen_baseline,15,263.4618442,0.0013293330557644367,15,1.0,3951.927663,True,
LOCAL-v1-q3-cell500_shared_field-5094,3,frozen_baseline,11,341.103515,0.0010882089845836163,11,1.0,3752.138665,True,
LOCAL-v1-q3-cell500_shared_field-5095,3,frozen_baseline,10,319.1802479,0.001151749980635941,10,1.0,3191.802479,True,
LOCAL-v1-q3-cell500_shared_field-5096,3,frozen_baseline,14,316.3444709285714,0.0013657079543918371,14,1.0,4428.822593,True,
LOCAL-v1-q3-cell500_shared_field-5097,3,frozen_baseline,13,265.32474915384614,0.001067750039510429,13,1.0,3449.221739,True,
LOCAL-v1-q3-cell500_shared_field-5098,3,frozen_baseline,16,250.176693,0.0015513329999521375,16,1.0,4002.827088,True,
LOCAL-v1-q3-cell500_shared_field-5099,3,frozen_baseline,13,306.7007273846154,0.0012680840445682406,13,1.0,3987.109456,True,
LOCAL-v1-q3-edge_mixed_min_radius-5000,3,frozen_baseline,11,339.99104518181815,0.0009464999893680215,11,1.0,3739.901497,True,
LOCAL-v1-q3-edge_mixed_min_radius-5001,3,frozen_baseline,14,295.44019614285713,0.0012472079833969474,14,1.0,4136.162746,True,
LOCAL-v1-q3-edge_mixed_min_radius-5002,3,frozen_baseline,15,301.0251404,0.001315833069384098,15,1.0,4515.377106,True,
LOCAL-v1-q3-edge_mixed_min_radius-5003,3,frozen_baseline,11,346.23542236363636,0.0009990419493988156,11,1.0,3808.589646,True,
LOCAL-v1-q3-edge_mixed_min_radius-5004,3,frozen_baseline,12,316.0949738333333,0.0010069579584524035,12,1.0,3793.139686,True,
LOCAL-v1-q3-edge_mixed_min_radius-5005,3,frozen_baseline,11,390.56766227272726,0.0009876249823719263,11,1.0,4296.244285,True,
LOCAL-v1-q3-edge_mixed_min_radius-5006,3,frozen_baseline,11,321.72702681818186,0.0008980840211734176,11,1.0,3538.997295,True,
LOCAL-v1-q3-edge_mixed_min_radius-5007,3,frozen_baseline,11,317.78303327272727,0.000983875012025237,11,1.0,3495.613366,True,
LOCAL-v1-q3-edge_mixed_min_radius-5008,3,frozen_baseline,10,444.8031927,0.0009769999887794256,10,1.0,4448.031927,True,
LOCAL-v1-q3-edge_mixed_min_radius-5009,3,frozen_baseline,14,266.0104939285714,0.001187457935884595,14,1.0,3724.146915,True,
LOCAL-v1-q3-edge_mixed_min_radius-5010,3,frozen_baseline,12,352.9040875,0.0009862079750746489,12,1.0,4234.84905,True,
LOCAL-v1-q3-edge_mixed_min_radius-5011,3,frozen_baseline,15,328.63879579999997,0.0013029170222580433,15,1.0,4929.581937,True,
LOCAL-v1-q3-edge_mixed_min_radius-5012,3,frozen_baseline,10,337.425682,0.0009695000480860472,10,1.0,3374.25682,True,
LOCAL-v1-q3-edge_mixed_min_radius-5013,3,frozen_baseline,12,341.77809391666665,0.001083750044927001,12,1.0,4101.337127,True,
LOCAL-v1-q3-edge_mixed_min_radius-5014,3,frozen_baseline,11,392.399948,0.0010852920822799206,11,1.0,4316.399428,True,
LOCAL-v1-q3-edge_mixed_min_radius-5015,3,frozen_baseline,12,312.7297275,0.0009793330682441592,12,1.0,3752.75673,True,
LOCAL-v1-q3-edge_mixed_min_radius-5016,3,frozen_baseline,16,242.4451745625,0.0013212920166552067,16,1.0,3879.122793,True,
LOCAL-v1-q3-edge_mixed_min_radius-5017,3,frozen_baseline,15,299.6787578,0.00130025006365031,15,1.0,4495.181367,True,
LOCAL-v1-q3-edge_mixed_min_radius-5018,3,frozen_baseline,10,374.3014657,0.0009637919720262289,10,1.0,3743.014657,True,
LOCAL-v1-q3-edge_mixed_min_radius-5019,3,frozen_baseline,11,313.88239672727275,0.0008664170745760202,11,1.0,3452.706364,True,
LOCAL-v1-q3-edge_mixed_min_radius-5020,3,frozen_baseline,16,255.9806079375,0.0012428329791873693,16,1.0,4095.689727,True,
LOCAL-v1-q3-edge_mixed_min_radius-5021,3,frozen_baseline,14,291.3500066428572,0.001248417072929442,14,1.0,4078.900093,True,
LOCAL-v1-q3-edge_mixed_min_radius-5022,3,frozen_baseline,14,267.17348400000003,0.0011454590130597353,14,1.0,3740.428776,True,
LOCAL-v1-q3-edge_mixed_min_radius-5023,3,frozen_baseline,15,304.35871126666666,0.0014355420134961605,15,1.0,4565.380669,True,
LOCAL-v1-q3-edge_mixed_min_radius-5024,3,frozen_baseline,13,303.8509579230769,0.0011691669933497906,13,1.0,3950.062453,True,
LOCAL-v1-q3-edge_mixed_min_radius-5025,3,frozen_baseline,12,346.64113875,0.0010954579338431358,12,1.0,4159.693665,True,
LOCAL-v1-q3-edge_mixed_min_radius-5026,3,frozen_baseline,15,268.3920202,0.0011870419839397073,15,1.0,4025.880303,True,
LOCAL-v1-q3-edge_mixed_min_radius-5027,3,frozen_baseline,11,378.8762802727273,0.0009685000404715538,11,1.0,4167.639083,True,
LOCAL-v1-q3-edge_mixed_min_radius-5028,3,frozen_baseline,10,359.888802,0.0008939590770751238,10,1.0,3598.88802,True,
LOCAL-v1-q3-edge_mixed_min_radius-5029,3,frozen_baseline,11,338.29444954545454,0.0009900419972836971,11,1.0,3721.238945,True,
LOCAL-v1-q3-edge_mixed_min_radius-5030,3,frozen_baseline,12,306.2120604166667,0.000971833011135459,12,1.0,3674.544725,True,
LOCAL-v1-q3-edge_mixed_min_radius-5031,3,frozen_baseline,15,303.0651003333333,0.001277665956877172,15,1.0,4545.976505,True,
LOCAL-v1-q3-edge_mixed_min_radius-5032,3,frozen_baseline,11,318.47432736363635,0.0009230000432580709,11,1.0,3503.217601,True,
LOCAL-v1-q3-edge_mixed_min_radius-5033,3,frozen_baseline,14,307.3807038571428,0.0011819589417427778,14,1.0,4303.329854,True,
LOCAL-v1-q3-edge_mixed_min_radius-5034,3,frozen_baseline,16,275.463067625,0.001332916901446879,16,1.0,4407.409082,True,
LOCAL-v1-q3-edge_mixed_min_radius-5035,3,frozen_baseline,10,348.71499819999997,0.0008995829848572612,10,1.0,3487.149982,True,
LOCAL-v1-q3-edge_mixed_min_radius-5036,3,frozen_baseline,15,302.74371866666667,0.0012487920466810465,15,1.0,4541.15578,True,
LOCAL-v1-q3-edge_mixed_min_radius-5037,3,frozen_baseline,15,281.1176072,0.0012791670160368085,15,1.0,4216.764108,True,
LOCAL-v1-q3-edge_mixed_min_radius-5038,3,frozen_baseline,16,300.149111875,0.0014038330409675837,16,1.0,4802.38579,True,
LOCAL-v1-q3-edge_mixed_min_radius-5039,3,frozen_baseline,10,425.1214952,0.0009535000426694751,10,1.0,4251.214952,True,
LOCAL-v1-q3-edge_mixed_min_radius-5040,3,frozen_baseline,15,261.05152913333336,0.0013100840151309967,15,1.0,3915.772937,True,
LOCAL-v1-q3-edge_mixed_min_radius-5041,3,frozen_baseline,15,260.58166926666667,0.001232834067195654,15,1.0,3908.725039,True,
LOCAL-v1-q3-edge_mixed_min_radius-5042,3,frozen_baseline,11,341.1807236363636,0.0011371669825166464,11,1.0,3752.98796,True,
LOCAL-v1-q3-edge_mixed_min_radius-5043,3,frozen_baseline,12,327.48567833333334,0.0010262499563395977,12,1.0,3929.82814,True,
LOCAL-v1-q3-edge_mixed_min_radius-5044,3,frozen_baseline,11,366.0811809090909,0.0009798750979825854,11,1.0,4026.89299,True,
LOCAL-v1-q3-edge_mixed_min_radius-5045,3,frozen_baseline,11,357.3082601818182,0.0010124159744009376,11,1.0,3930.390862,True,
LOCAL-v1-q3-edge_mixed_min_radius-5046,3,frozen_baseline,10,335.3074548,0.0009295409545302391,10,1.0,3353.074548,True,
LOCAL-v1-q3-edge_mixed_min_radius-5047,3,frozen_baseline,16,335.2628636875,0.0013421670300886035,16,1.0,5364.205819,True,
LOCAL-v1-q3-edge_mixed_min_radius-5048,3,frozen_baseline,12,308.43381841666667,0.0010549590224400163,12,1.0,3701.205821,True,
LOCAL-v1-q3-edge_mixed_min_radius-5049,3,frozen_baseline,10,364.3165892,0.0009370000334456563,10,1.0,3643.165892,True,
LOCAL-v1-q3-edge_mixed_min_radius-5050,3,frozen_baseline,15,269.30552819999997,0.0012825829908251762,15,1.0,4039.582923,True,
LOCAL-v1-q3-edge_mixed_min_radius-5051,3,frozen_baseline,11,406.64855600000004,0.0010181250981986523,11,1.0,4473.134116,True,
LOCAL-v1-q3-edge_mixed_min_radius-5052,3,frozen_baseline,13,285.74130938461536,0.001144499983638525,13,1.0,3714.637022,True,
LOCAL-v1-q3-edge_mixed_min_radius-5053,3,frozen_baseline,16,269.9598995625,0.001334875007160008,16,1.0,4319.358393,True,
LOCAL-v1-q3-edge_mixed_min_radius-5054,3,frozen_baseline,16,251.0221104375,0.0012567080557346344,16,1.0,4016.353767,True,
LOCAL-v1-q3-edge_mixed_min_radius-5055,3,frozen_baseline,12,284.3749235833333,0.0010977920610457659,12,1.0,3412.499083,True,
LOCAL-v1-q3-edge_mixed_min_radius-5056,3,frozen_baseline,13,285.69666361538464,0.0011302499333396554,13,1.0,3714.056627,True,
LOCAL-v1-q3-edge_mixed_min_radius-5057,3,frozen_baseline,13,343.73417569230764,0.0011752500431612134,13,1.0,4468.544284,True,
LOCAL-v1-q3-edge_mixed_min_radius-5058,3,frozen_baseline,14,294.2286537857143,0.0011586250038817525,14,1.0,4119.201153,True,
LOCAL-v1-q3-edge_mixed_min_radius-5059,3,frozen_baseline,12,387.45026608333336,0.0010849579703062773,12,1.0,4649.403193,True,
LOCAL-v1-q3-edge_mixed_min_radius-5060,3,frozen_baseline,11,325.5998394545455,0.0009838329860940576,11,1.0,3581.598234,True,
LOCAL-v1-q3-edge_mixed_min_radius-5061,3,frozen_baseline,13,301.0372066153846,0.001056583016179502,13,1.0,3913.483686,True,
LOCAL-v1-q3-edge_mixed_min_radius-5062,3,frozen_baseline,16,270.5007946875,0.0012894580140709877,16,1.0,4328.012715,True,
LOCAL-v1-q3-edge_mixed_min_radius-5063,3,frozen_baseline,15,324.03253980000005,0.0012652080040425062,15,1.0,4860.488097,True,
LOCAL-v1-q3-edge_mixed_min_radius-5064,3,frozen_baseline,13,350.76063307692306,0.001126458984799683,13,1.0,4559.88823,True,
LOCAL-v1-q3-edge_mixed_min_radius-5065,3,frozen_baseline,12,306.06603675,0.0010111660230904818,12,1.0,3672.792441,True,
LOCAL-v1-q3-edge_mixed_min_radius-5066,3,frozen_baseline,10,411.25853820000003,0.0009817909449338913,10,1.0,4112.585382,True,
LOCAL-v1-q3-edge_mixed_min_radius-5067,3,frozen_baseline,16,303.4158401875,0.0012902909656986594,16,1.0,4854.653443,True,
LOCAL-v1-q3-edge_mixed_min_radius-5068,3,frozen_baseline,13,307.38538261538463,0.001034499960951507,13,1.0,3996.009974,True,
LOCAL-v1-q3-edge_mixed_min_radius-5069,3,frozen_baseline,14,287.50264899999996,0.001186833018437028,14,1.0,4025.037086,True,
LOCAL-v1-q3-edge_mixed_min_radius-5070,3,frozen_baseline,12,332.06480875,0.0011045840801671147,12,1.0,3984.777705,True,
LOCAL-v1-q3-edge_mixed_min_radius-5071,3,frozen_baseline,12,341.2283713333333,0.001057000015862286,12,1.0,4094.740456,True,
LOCAL-v1-q3-edge_mixed_min_radius-5072,3,frozen_baseline,15,267.5926475333333,0.001294707995839417,15,1.0,4013.889713,True,
LOCAL-v1-q3-edge_mixed_min_radius-5073,3,frozen_baseline,10,334.73082519999997,0.000859249965287745,10,1.0,3347.308252,True,
LOCAL-v1-q3-edge_mixed_min_radius-5074,3,frozen_baseline,16,321.7621328125,0.0012745000422000885,16,1.0,5148.194125,True,
LOCAL-v1-q3-edge_mixed_min_radius-5075,3,frozen_baseline,15,259.26603886666663,0.0011253339471295476,15,1.0,3888.990583,True,
LOCAL-v1-q3-edge_mixed_min_radius-5076,3,frozen_baseline,12,324.0303134166667,0.0010802079923450947,12,1.0,3888.363761,True,
LOCAL-v1-q3-edge_mixed_min_radius-5077,3,frozen_baseline,14,293.17445349999997,0.0011719160247594118,14,1.0,4104.442349,True,
LOCAL-v1-q3-edge_mixed_min_radius-5078,3,frozen_baseline,13,292.5034756923077,0.0011639170115813613,13,1.0,3802.545184,True,
LOCAL-v1-q3-edge_mixed_min_radius-5079,3,frozen_baseline,10,383.7292167,0.0009529580129310489,10,1.0,3837.292167,True,
LOCAL-v1-q3-edge_mixed_min_radius-5080,3,frozen_baseline,10,355.9229257,0.0008818750502541661,10,1.0,3559.229257,True,
LOCAL-v1-q3-edge_mixed_min_radius-5081,3,frozen_baseline,16,288.7109273125,0.001364625059068203,16,1.0,4619.374837,True,
LOCAL-v1-q3-edge_mixed_min_radius-5082,3,frozen_baseline,13,315.454031,0.0010800000745803118,13,1.0,4100.902403,True,
LOCAL-v1-q3-edge_mixed_min_radius-5083,3,frozen_baseline,13,317.02968553846154,0.001184582943096757,13,1.0,4121.385912,True,
LOCAL-v1-q3-edge_mixed_min_radius-5084,3,frozen_baseline,14,281.7560805714286,0.001137249986641109,14,1.0,3944.585128,True,
LOCAL-v1-q3-edge_mixed_min_radius-5085,3,frozen_baseline,15,320.2433382,0.0012943330220878124,15,1.0,4803.650073,True,
LOCAL-v1-q3-edge_mixed_min_radius-5086,3,frozen_baseline,12,305.35154074999997,0.001123499940149486,12,1.0,3664.218489,True,
LOCAL-v1-q3-edge_mixed_min_radius-5087,3,frozen_baseline,13,359.17955653846155,0.0011125829769298434,13,1.0,4669.334235,True,
LOCAL-v1-q3-edge_mixed_min_radius-5088,3,frozen_baseline,16,264.52505175,0.0012615829473361373,16,1.0,4232.400828,True,
LOCAL-v1-q3-edge_mixed_min_radius-5089,3,frozen_baseline,15,287.5180124,0.0012199579505249858,15,1.0,4312.770186,True,
LOCAL-v1-q3-edge_mixed_min_radius-5090,3,frozen_baseline,14,282.65667185714284,0.0011538329999893904,14,1.0,3957.193406,True,
LOCAL-v1-q3-edge_mixed_min_radius-5091,3,frozen_baseline,12,316.48176166666667,0.0010813330300152302,12,1.0,3797.78114,True,
LOCAL-v1-q3-edge_mixed_min_radius-5092,3,frozen_baseline,11,330.66109363636366,0.0010915419552475214,11,1.0,3637.27203,True,
LOCAL-v1-q3-edge_mixed_min_radius-5093,3,frozen_baseline,15,285.5641437333333,0.0013497089967131615,15,1.0,4283.462156,True,
LOCAL-v1-q3-edge_mixed_min_radius-5094,3,frozen_baseline,11,341.548721,0.000996417016722262,11,1.0,3757.035931,True,
LOCAL-v1-q3-edge_mixed_min_radius-5095,3,frozen_baseline,10,359.9698653,0.0009579999605193734,10,1.0,3599.698653,True,
LOCAL-v1-q3-edge_mixed_min_radius-5096,3,frozen_baseline,14,283.6629417857143,0.0011957500828430057,14,1.0,3971.281185,True,
LOCAL-v1-q3-edge_mixed_min_radius-5097,3,frozen_baseline,13,273.6519505384615,0.001090249978005886,13,1.0,3557.475357,True,
LOCAL-v1-q3-edge_mixed_min_radius-5098,3,frozen_baseline,16,290.3915451875,0.0014229590306058526,16,1.0,4646.264723,True,
LOCAL-v1-q3-edge_mixed_min_radius-5099,3,frozen_baseline,13,284.5409074615385,0.0011174579849466681,13,1.0,3699.031797,True,
LOCAL-v1-q3-offcenter_cluster-5000,3,frozen_baseline,11,324.695116,0.0010604169219732285,11,1.0,3571.646276,True,
LOCAL-v1-q3-offcenter_cluster-5001,3,frozen_baseline,14,281.6218125,0.0011530830524861813,14,1.0,3942.705375,True,
LOCAL-v1-q3-offcenter_cluster-5002,3,frozen_baseline,15,217.5477302,0.0013697919202968478,15,1.0,3263.215953,True,
LOCAL-v1-q3-offcenter_cluster-5003,3,frozen_baseline,11,256.58574554545453,0.0011178749846294522,11,1.0,2822.443201,True,
LOCAL-v1-q3-offcenter_cluster-5004,3,frozen_baseline,12,266.1630886666667,0.0012173749273642898,12,1.0,3193.957064,True,
LOCAL-v1-q3-offcenter_cluster-5005,3,frozen_baseline,11,276.19069545454545,0.0011566251050680876,11,1.0,3038.09765,True,
LOCAL-v1-q3-offcenter_cluster-5006,3,frozen_baseline,11,333.7488536363636,0.0010402089683339,11,1.0,3671.23739,True,
LOCAL-v1-q3-offcenter_cluster-5007,3,frozen_baseline,11,272.1602959090909,0.0010415000142529607,11,1.0,2993.763255,True,
LOCAL-v1-q3-offcenter_cluster-5008,3,frozen_baseline,10,319.5155272,0.000952791073359549,10,1.0,3195.155272,True,
LOCAL-v1-q3-offcenter_cluster-5009,3,frozen_baseline,14,290.48929114285716,0.0013681669952347875,14,1.0,4066.850076,True,
LOCAL-v1-q3-offcenter_cluster-5010,3,frozen_baseline,12,275.01011124999997,0.0011795840691775084,12,1.0,3300.121335,True,
LOCAL-v1-q3-offcenter_cluster-5011,3,frozen_baseline,15,312.8980584,0.0011633329559117556,15,1.0,4693.470876,True,
LOCAL-v1-q3-offcenter_cluster-5012,3,frozen_baseline,10,321.1570724,0.0010579160880297422,10,1.0,3211.570724,True,
LOCAL-v1-q3-offcenter_cluster-5013,3,frozen_baseline,12,255.32010216666666,0.0011173330713063478,12,1.0,3063.841226,True,
LOCAL-v1-q3-offcenter_cluster-5014,3,frozen_baseline,11,285.1465764545455,0.0009347499581053853,11,1.0,3136.612341,True,
LOCAL-v1-q3-offcenter_cluster-5015,3,frozen_baseline,12,249.13680524999998,0.0011305410880595446,12,1.0,2989.641663,True,
LOCAL-v1-q3-offcenter_cluster-5016,3,frozen_baseline,16,178.743715,0.001551666995510459,16,1.0,2859.89944,True,
LOCAL-v1-q3-offcenter_cluster-5017,3,frozen_baseline,15,204.52214,0.0013852500123903155,15,1.0,3067.8321,True,
LOCAL-v1-q3-offcenter_cluster-5018,3,frozen_baseline,10,374.0512192,0.0010753750102594495,10,1.0,3740.512192,True,
LOCAL-v1-q3-offcenter_cluster-5019,3,frozen_baseline,11,287.05801918181817,0.001139082945883274,11,1.0,3157.638211,True,
LOCAL-v1-q3-offcenter_cluster-5020,3,frozen_baseline,16,128.22286125,0.0013717500260099769,16,1.0,2051.56578,True,
LOCAL-v1-q3-offcenter_cluster-5021,3,frozen_baseline,14,237.0281157142857,0.0014856250490993261,14,1.0,3318.39362,True,
LOCAL-v1-q3-offcenter_cluster-5022,3,frozen_baseline,14,263.4121709285714,0.0014520419063046575,14,1.0,3687.770393,True,
LOCAL-v1-q3-offcenter_cluster-5023,3,frozen_baseline,15,204.4906418,0.001191208022646606,15,1.0,3067.359627,True,
LOCAL-v1-q3-offcenter_cluster-5024,3,frozen_baseline,13,244.47289084615386,0.0013847920345142484,13,1.0,3178.147581,True,
LOCAL-v1-q3-offcenter_cluster-5025,3,frozen_baseline,12,257.1611070833333,0.0011220829328522086,12,1.0,3085.933285,True,
LOCAL-v1-q3-offcenter_cluster-5026,3,frozen_baseline,15,205.95484866666666,0.0013867920497432351,15,1.0,3089.32273,True,
LOCAL-v1-q3-offcenter_cluster-5027,3,frozen_baseline,11,286.51590363636365,0.0010251670610159636,11,1.0,3151.67494,True,
LOCAL-v1-q3-offcenter_cluster-5028,3,frozen_baseline,10,295.6986608,0.0009249589638784528,10,1.0,2956.986608,True,
LOCAL-v1-q3-offcenter_cluster-5029,3,frozen_baseline,11,268.7886562727273,0.0010950410505756736,11,1.0,2956.675219,True,
LOCAL-v1-q3-offcenter_cluster-5030,3,frozen_baseline,12,276.490654,0.001020791009068489,12,1.0,3317.887848,True,
LOCAL-v1-q3-offcenter_cluster-5031,3,frozen_baseline,15,273.39041453333334,0.0011892920592799783,15,1.0,4100.856218,True,
LOCAL-v1-q3-offcenter_cluster-5032,3,frozen_baseline,11,341.8079973636364,0.0012092500692233443,11,1.0,3759.887971,True,
LOCAL-v1-q3-offcenter_cluster-5033,3,frozen_baseline,14,255.96235342857145,0.0013607920845970511,14,1.0,3583.472948,True,
LOCAL-v1-q3-offcenter_cluster-5034,3,frozen_baseline,16,103.9333761875,0.0013390000676736236,16,1.0,1662.934019,True,
LOCAL-v1-q3-offcenter_cluster-5035,3,frozen_baseline,10,355.0922859,0.0009167499374598265,10,1.0,3550.922859,True,
LOCAL-v1-q3-offcenter_cluster-5036,3,frozen_baseline,15,218.24855153333334,0.0015604159561917186,15,1.0,3273.728273,True,
LOCAL-v1-q3-offcenter_cluster-5037,3,frozen_baseline,15,397.403392,0.0016945000970736146,15,1.0,5961.05088,True,
LOCAL-v1-q3-offcenter_cluster-5038,3,frozen_baseline,16,94.567154125,0.0013837090227752924,16,1.0,1513.074466,True,
LOCAL-v1-q3-offcenter_cluster-5039,3,frozen_baseline,10,340.8677712,0.0010882499627768993,10,1.0,3408.677712,True,
LOCAL-v1-q3-offcenter_cluster-5040,3,frozen_baseline,15,278.3169289333334,0.0013345410116016865,15,1.0,4174.753934,True,
LOCAL-v1-q3-offcenter_cluster-5041,3,frozen_baseline,15,252.98992826666665,0.001270958106033504,15,1.0,3794.848924,True,
LOCAL-v1-q3-offcenter_cluster-5042,3,frozen_baseline,11,266.45099627272725,0.0010930829448625445,11,1.0,2930.960959,True,
LOCAL-v1-q3-offcenter_cluster-5043,3,frozen_baseline,12,316.38915075,0.0011355830356478691,12,1.0,3796.669809,True,
LOCAL-v1-q3-offcenter_cluster-5044,3,frozen_baseline,11,365.36397327272726,0.0010550420265644789,11,1.0,4019.003706,True,
LOCAL-v1-q3-offcenter_cluster-5045,3,frozen_baseline,11,356.4138420909091,0.0008869169978424907,11,1.0,3920.552263,True,
LOCAL-v1-q3-offcenter_cluster-5046,3,frozen_baseline,10,320.7315425,0.000852332916110754,10,1.0,3207.315425,True,
LOCAL-v1-q3-offcenter_cluster-5047,3,frozen_baseline,16,148.119092375,0.0014212090754881501,16,1.0,2369.905478,True,
LOCAL-v1-q3-offcenter_cluster-5048,3,frozen_baseline,12,313.2861050833333,0.0009102090261876583,12,1.0,3759.433261,True,
LOCAL-v1-q3-offcenter_cluster-5049,3,frozen_baseline,10,303.4522182,0.0009541249601170421,10,1.0,3034.522182,True,
LOCAL-v1-q3-offcenter_cluster-5050,3,frozen_baseline,15,206.7358258666667,0.001240417012013495,15,1.0,3101.037388,True,
LOCAL-v1-q3-offcenter_cluster-5051,3,frozen_baseline,11,342.79969063636366,0.0011288749519735575,11,1.0,3770.796597,True,
LOCAL-v1-q3-offcenter_cluster-5052,3,frozen_baseline,13,370.6422321538461,0.001325499964877963,13,1.0,4818.349018,True,
LOCAL-v1-q3-offcenter_cluster-5053,3,frozen_baseline,16,148.04064775,0.0014980420237407088,16,1.0,2368.650364,True,
LOCAL-v1-q3-offcenter_cluster-5054,3,frozen_baseline,16,94.018387375,0.0012427499750629067,16,1.0,1504.294198,True,
LOCAL-v1-q3-offcenter_cluster-5055,3,frozen_baseline,12,283.94846916666665,0.0011955000227317214,12,1.0,3407.38163,True,
LOCAL-v1-q3-offcenter_cluster-5056,3,frozen_baseline,13,283.307991,0.0012727499706670642,13,1.0,3683.003883,True,
LOCAL-v1-q3-offcenter_cluster-5057,3,frozen_baseline,13,267.6673989230769,0.001216165954247117,13,1.0,3479.676186,True,
LOCAL-v1-q3-offcenter_cluster-5058,3,frozen_baseline,14,250.43559964285714,0.0013434579595923424,14,1.0,3506.098395,True,
LOCAL-v1-q3-offcenter_cluster-5059,3,frozen_baseline,12,422.4501719166667,0.0012259589275345206,12,1.0,5069.402063,True,
LOCAL-v1-q3-offcenter_cluster-5060,3,frozen_baseline,11,303.3444070909091,0.0009452500380575657,11,1.0,3336.788478,True,
LOCAL-v1-q3-offcenter_cluster-5061,3,frozen_baseline,13,251.15492576923077,0.0010869581019505858,13,1.0,3265.014035,True,
LOCAL-v1-q3-offcenter_cluster-5062,3,frozen_baseline,16,127.1219455625,0.0012891250662505627,16,1.0,2033.951129,True,
LOCAL-v1-q3-offcenter_cluster-5063,3,frozen_baseline,15,204.93253386666666,0.001431209035217762,15,1.0,3073.988008,True,
LOCAL-v1-q3-offcenter_cluster-5064,3,frozen_baseline,13,343.29721,0.0010994999902322888,13,1.0,4462.86373,True,
LOCAL-v1-q3-offcenter_cluster-5065,3,frozen_baseline,12,340.308287,0.0012286660494282842,12,1.0,4083.699444,True,
LOCAL-v1-q3-offcenter_cluster-5066,3,frozen_baseline,10,371.2946599,0.0008624170441180468,10,1.0,3712.946599,True,
LOCAL-v1-q3-offcenter_cluster-5067,3,frozen_baseline,16,132.8443694375,0.0012120419414713979,16,1.0,2125.509911,True,
LOCAL-v1-q3-offcenter_cluster-5068,3,frozen_baseline,13,288.478323,0.0011675000423565507,13,1.0,3750.218199,True,
LOCAL-v1-q3-offcenter_cluster-5069,3,frozen_baseline,14,246.52624635714284,0.0013419160386547446,14,1.0,3451.367449,True,
LOCAL-v1-q3-offcenter_cluster-5070,3,frozen_baseline,12,365.4021,0.001120207947678864,12,1.0,4384.8252,True,
LOCAL-v1-q3-offcenter_cluster-5071,3,frozen_baseline,12,263.85696475000003,0.0012439580168575048,12,1.0,3166.283577,True,
LOCAL-v1-q3-offcenter_cluster-5072,3,frozen_baseline,15,208.6780924,0.0013920000055804849,15,1.0,3130.171386,True,
LOCAL-v1-q3-offcenter_cluster-5073,3,frozen_baseline,10,320.3504642,0.0007880419725552201,10,1.0,3203.504642,True,
LOCAL-v1-q3-offcenter_cluster-5074,3,frozen_baseline,16,163.9774330625,0.0012804169673472643,16,1.0,2623.638929,True,
LOCAL-v1-q3-offcenter_cluster-5075,3,frozen_baseline,15,279.7258953333333,0.001450750045478344,15,1.0,4195.88843,True,
LOCAL-v1-q3-offcenter_cluster-5076,3,frozen_baseline,12,245.97824233333333,0.0011832501040771604,12,1.0,2951.738908,True,
LOCAL-v1-q3-offcenter_cluster-5077,3,frozen_baseline,14,304.03967378571434,0.0015354580245912075,14,1.0,4256.555433,True,
LOCAL-v1-q3-offcenter_cluster-5078,3,frozen_baseline,13,311.97578753846153,0.0010237910319119692,13,1.0,4055.685238,True,
LOCAL-v1-q3-offcenter_cluster-5079,3,frozen_baseline,10,340.8290692,0.0010681248968467116,10,1.0,3408.290692,True,
LOCAL-v1-q3-offcenter_cluster-5080,3,frozen_baseline,10,336.93886480000003,0.000977999996393919,10,1.0,3369.388648,True,
LOCAL-v1-q3-offcenter_cluster-5081,3,frozen_baseline,16,171.15645425,0.001281042001210153,16,1.0,2738.503268,True,
LOCAL-v1-q3-offcenter_cluster-5082,3,frozen_baseline,13,396.6731582307693,0.0014598749112337828,13,1.0,5156.751057,True,
LOCAL-v1-q3-offcenter_cluster-5083,3,frozen_baseline,13,287.1344589230769,0.0013373340480029583,13,1.0,3732.747966,True,
LOCAL-v1-q3-offcenter_cluster-5084,3,frozen_baseline,14,292.108623,0.0013377079740166664,14,1.0,4089.520722,True,
LOCAL-v1-q3-offcenter_cluster-5085,3,frozen_baseline,15,207.52483233333334,0.001382665941491723,15,1.0,3112.872485,True,
LOCAL-v1-q3-offcenter_cluster-5086,3,frozen_baseline,12,355.786277,0.0012816659873351455,12,1.0,4269.435324,True,
LOCAL-v1-q3-offcenter_cluster-5087,3,frozen_baseline,13,295.72831907692307,0.001151417032815516,13,1.0,3844.468148,True,
LOCAL-v1-q3-offcenter_cluster-5088,3,frozen_baseline,16,100.36415825,0.0012497500283643603,16,1.0,1605.826532,True,
LOCAL-v1-q3-offcenter_cluster-5089,3,frozen_baseline,15,244.232868,0.001417666906490922,15,1.0,3663.49302,True,
LOCAL-v1-q3-offcenter_cluster-5090,3,frozen_baseline,14,265.99355092857144,0.0014055829960852861,14,1.0,3723.909713,True,
LOCAL-v1-q3-offcenter_cluster-5091,3,frozen_baseline,12,249.18748691666667,0.0012138329911977053,12,1.0,2990.249843,True,
LOCAL-v1-q3-offcenter_cluster-5092,3,frozen_baseline,11,282.8718134545454,0.0009364580037072301,11,1.0,3111.589948,True,
LOCAL-v1-q3-offcenter_cluster-5093,3,frozen_baseline,15,230.53265346666666,0.001288625062443316,15,1.0,3457.989802,True,
LOCAL-v1-q3-offcenter_cluster-5094,3,frozen_baseline,11,365.9827140909091,0.0011352919973433018,11,1.0,4025.809855,True,
LOCAL-v1-q3-offcenter_cluster-5095,3,frozen_baseline,10,421.6212748,0.0008366249967366457,10,1.0,4216.212748,True,
LOCAL-v1-q3-offcenter_cluster-5096,3,frozen_baseline,14,219.86721914285712,0.0013444999931380153,14,1.0,3078.141068,True,
LOCAL-v1-q3-offcenter_cluster-5097,3,frozen_baseline,13,258.4960231538461,0.0011537910904735327,13,1.0,3360.448301,True,
LOCAL-v1-q3-offcenter_cluster-5098,3,frozen_baseline,16,105.75676975,0.0013226669980213046,16,1.0,1692.108316,True,
LOCAL-v1-q3-offcenter_cluster-5099,3,frozen_baseline,13,228.47716569230766,0.0011443750699982047,13,1.0,2970.203154,True,
LOCAL-v1-q3-origin_cluster-5000,3,frozen_baseline,11,394.50688472727273,0.00102770805824548,11,1.0,4339.575732,True,
LOCAL-v1-q3-origin_cluster-5001,3,frozen_baseline,14,341.5570008571429,0.0012902499875053763,14,1.0,4781.798012,True,
LOCAL-v1-q3-origin_cluster-5002,3,frozen_baseline,15,328.0490277333334,0.0014114580117166042,15,1.0,4920.735416,True,
LOCAL-v1-q3-origin_cluster-5003,3,frozen_baseline,11,361.78229354545454,0.0009525000350549817,11,1.0,3979.605229,True,
LOCAL-v1-q3-origin_cluster-5004,3,frozen_baseline,12,374.55629258333335,0.0011385000543668866,12,1.0,4494.675511,True,
LOCAL-v1-q3-origin_cluster-5005,3,frozen_baseline,11,391.7483938181818,0.0010272079380229115,11,1.0,4309.232332,True,
LOCAL-v1-q3-origin_cluster-5006,3,frozen_baseline,11,392.3922327272727,0.0010877919849008322,11,1.0,4316.31456,True,
LOCAL-v1-q3-origin_cluster-5007,3,frozen_baseline,11,392.7162520909091,0.0010239160619676113,11,1.0,4319.878773,True,
LOCAL-v1-q3-origin_cluster-5008,3,frozen_baseline,10,419.19348529999996,0.0010117909405380487,10,1.0,4191.934853,True,
LOCAL-v1-q3-origin_cluster-5009,3,frozen_baseline,14,342.05218057142855,0.0013301250291988254,14,1.0,4788.730528,True,
LOCAL-v1-q3-origin_cluster-5010,3,frozen_baseline,12,371.38343091666667,0.0012016668915748596,12,1.0,4456.601171,True,
LOCAL-v1-q3-origin_cluster-5011,3,frozen_baseline,15,327.5733222,0.0014709590468555689,15,1.0,4913.599833,True,
LOCAL-v1-q3-origin_cluster-5012,3,frozen_baseline,10,415.9366295,0.0009933329420164227,10,1.0,4159.366295,True,
LOCAL-v1-q3-origin_cluster-5013,3,frozen_baseline,12,370.71072875,0.0010933339362964034,12,1.0,4448.528745,True,
LOCAL-v1-q3-origin_cluster-5014,3,frozen_baseline,11,392.8082126363636,0.0010751669760793447,11,1.0,4320.890339,True,
LOCAL-v1-q3-origin_cluster-5015,3,frozen_baseline,12,371.6169003333334,0.0011758330510929227,12,1.0,4459.402804,True,
LOCAL-v1-q3-origin_cluster-5016,3,frozen_baseline,16,191.1853750625,0.0014390000142157078,16,1.0,3058.966001,True,
LOCAL-v1-q3-origin_cluster-5017,3,frozen_baseline,15,328.05381359999996,0.001402582973241806,15,1.0,4920.807204,True,
LOCAL-v1-q3-origin_cluster-5018,3,frozen_baseline,10,421.4541235,0.0010114170145243406,10,1.0,4214.541235,True,
LOCAL-v1-q3-origin_cluster-5019,3,frozen_baseline,11,394.97977599999996,0.0010759590659290552,11,1.0,4344.777536,True,
LOCAL-v1-q3-origin_cluster-5020,3,frozen_baseline,16,190.0164454375,0.0013419579481706023,16,1.0,3040.263127,True,
LOCAL-v1-q3-origin_cluster-5021,3,frozen_baseline,14,338.9992153571429,0.0013305420288816094,14,1.0,4745.989015,True,
LOCAL-v1-q3-origin_cluster-5022,3,frozen_baseline,14,339.8101363571428,0.0012422080617398024,14,1.0,4757.341909,True,
LOCAL-v1-q3-origin_cluster-5023,3,frozen_baseline,15,329.5996898,0.0013697500107809901,15,1.0,4943.995347,True,
LOCAL-v1-q3-origin_cluster-5024,3,frozen_baseline,13,356.0046066153846,0.0012869159691035748,13,1.0,4628.059886,True,
LOCAL-v1-q3-origin_cluster-5025,3,frozen_baseline,12,375.6725019166667,0.0011512499768286943,12,1.0,4508.070023,True,
LOCAL-v1-q3-origin_cluster-5026,3,frozen_baseline,15,315.77550386666667,0.0012474160175770521,15,1.0,4736.632558,True,
LOCAL-v1-q3-origin_cluster-5027,3,frozen_baseline,11,389.8464936363636,0.0010378329316154122,11,1.0,4288.31143,True,
LOCAL-v1-q3-origin_cluster-5028,3,frozen_baseline,10,419.36426339999997,0.0009794579818844795,10,1.0,4193.642634,True,
LOCAL-v1-q3-origin_cluster-5029,3,frozen_baseline,11,393.498913,0.0010742919985204935,11,1.0,4328.488043,True,
LOCAL-v1-q3-origin_cluster-5030,3,frozen_baseline,12,370.1494113333333,0.0011811669683083892,12,1.0,4441.792936,True,
LOCAL-v1-q3-origin_cluster-5031,3,frozen_baseline,15,329.21754013333333,0.0014412080636247993,15,1.0,4938.263102,True,
LOCAL-v1-q3-origin_cluster-5032,3,frozen_baseline,11,394.3776331818182,0.0011078340467065573,11,1.0,4338.153965,True,
LOCAL-v1-q3-origin_cluster-5033,3,frozen_baseline,14,330.7876908571429,0.0012076250277459621,14,1.0,4631.027672,True,
LOCAL-v1-q3-origin_cluster-5034,3,frozen_baseline,16,191.329937125,0.001405457966029644,16,1.0,3061.278994,True,
LOCAL-v1-q3-origin_cluster-5035,3,frozen_baseline,10,401.3946561,0.0008870000019669533,10,1.0,4013.946561,True,
LOCAL-v1-q3-origin_cluster-5036,3,frozen_baseline,15,326.78830533333337,0.0014269580133259296,15,1.0,4901.82458,True,
LOCAL-v1-q3-origin_cluster-5037,3,frozen_baseline,15,330.6320936666667,0.0014207919593900442,15,1.0,4959.481405,True,
LOCAL-v1-q3-origin_cluster-5038,3,frozen_baseline,16,191.9647798125,0.001351625076495111,16,1.0,3071.436477,True,
LOCAL-v1-q3-origin_cluster-5039,3,frozen_baseline,10,421.41468969999994,0.000955625087954104,10,1.0,4214.146897,True,
LOCAL-v1-q3-origin_cluster-5040,3,frozen_baseline,15,328.9821294,0.0013343750033527613,15,1.0,4934.731941,True,
LOCAL-v1-q3-origin_cluster-5041,3,frozen_baseline,15,330.3132162666667,0.0013604580890387297,15,1.0,4954.698244,True,
LOCAL-v1-q3-origin_cluster-5042,3,frozen_baseline,11,393.69650954545455,0.001063458970747888,11,1.0,4330.661605,True,
LOCAL-v1-q3-origin_cluster-5043,3,frozen_baseline,12,375.61881124999996,0.001155041973106563,12,1.0,4507.425735,True,
LOCAL-v1-q3-origin_cluster-5044,3,frozen_baseline,11,376.3892754545455,0.001026791986078024,11,1.0,4140.28203,True,
LOCAL-v1-q3-origin_cluster-5045,3,frozen_baseline,11,390.73750754545455,0.0010475419694557786,11,1.0,4298.112583,True,
LOCAL-v1-q3-origin_cluster-5046,3,frozen_baseline,10,419.9320955,0.0009755420032888651,10,1.0,4199.320955,True,
LOCAL-v1-q3-origin_cluster-5047,3,frozen_baseline,16,189.7766215625,0.0013682080898433924,16,1.0,3036.425945,True,
LOCAL-v1-q3-origin_cluster-5048,3,frozen_baseline,12,372.67429500000003,0.0012377920793369412,12,1.0,4472.09154,True,
LOCAL-v1-q3-origin_cluster-5049,3,frozen_baseline,10,416.55147129999995,0.0010336670093238354,10,1.0,4165.514713,True,
LOCAL-v1-q3-origin_cluster-5050,3,frozen_baseline,15,328.8432086,0.0014274580171331763,15,1.0,4932.648129,True,
LOCAL-v1-q3-origin_cluster-5051,3,frozen_baseline,11,393.79621981818184,0.0010640829568728805,11,1.0,4331.758418,True,
LOCAL-v1-q3-origin_cluster-5052,3,frozen_baseline,13,355.2256298461538,0.0011822499800473452,13,1.0,4617.933188,True,
LOCAL-v1-q3-origin_cluster-5053,3,frozen_baseline,16,192.481200875,0.0013165000127628446,16,1.0,3079.699214,True,
LOCAL-v1-q3-origin_cluster-5054,3,frozen_baseline,16,188.8416163125,0.0013497910695150495,16,1.0,3021.465861,True,
LOCAL-v1-q3-origin_cluster-5055,3,frozen_baseline,12,361.23488849999995,0.001011208980344236,12,1.0,4334.818662,True,
LOCAL-v1-q3-origin_cluster-5056,3,frozen_baseline,13,357.00418492307693,0.0011772080324590206,13,1.0,4641.054404,True,
LOCAL-v1-q3-origin_cluster-5057,3,frozen_baseline,13,342.5352122307692,0.0011475000064820051,13,1.0,4452.957759,True,
LOCAL-v1-q3-origin_cluster-5058,3,frozen_baseline,14,338.31843021428574,0.0012466670013964176,14,1.0,4736.458023,True,
LOCAL-v1-q3-origin_cluster-5059,3,frozen_baseline,12,369.0425235833333,0.0010610419558361173,12,1.0,4428.510283,True,
LOCAL-v1-q3-origin_cluster-5060,3,frozen_baseline,11,392.29978781818187,0.0010031249839812517,11,1.0,4315.297666,True,
LOCAL-v1-q3-origin_cluster-5061,3,frozen_baseline,13,353.66757661538463,0.0012157500023022294,13,1.0,4597.678496,True,
LOCAL-v1-q3-origin_cluster-5062,3,frozen_baseline,16,191.7371321875,0.0012989169918000698,16,1.0,3067.794115,True,
LOCAL-v1-q3-origin_cluster-5063,3,frozen_baseline,15,329.64571766666666,0.0013683339348062873,15,1.0,4944.685765,True,
LOCAL-v1-q3-origin_cluster-5064,3,frozen_baseline,13,358.5324560769231,0.001320375013165176,13,1.0,4660.921929,True,
LOCAL-v1-q3-origin_cluster-5065,3,frozen_baseline,12,373.82311766666663,0.0011174590326845646,12,1.0,4485.877412,True,
LOCAL-v1-q3-origin_cluster-5066,3,frozen_baseline,10,418.07839690000003,0.0010285410098731518,10,1.0,4180.783969,True,
LOCAL-v1-q3-origin_cluster-5067,3,frozen_baseline,16,180.617031625,0.0013129590079188347,16,1.0,2889.872506,True,
LOCAL-v1-q3-origin_cluster-5068,3,frozen_baseline,13,354.21529992307694,0.0011802499648183584,13,1.0,4604.798899,True,
LOCAL-v1-q3-origin_cluster-5069,3,frozen_baseline,14,340.9657502142857,0.0012994169956073165,14,1.0,4773.520503,True,
LOCAL-v1-q3-origin_cluster-5070,3,frozen_baseline,12,369.66980766666666,0.0011256251018494368,12,1.0,4436.037692,True,
LOCAL-v1-q3-origin_cluster-5071,3,frozen_baseline,12,360.59123225,0.0010234999936074018,12,1.0,4327.094787,True,
LOCAL-v1-q3-origin_cluster-5072,3,frozen_baseline,15,328.86655686666666,0.0013942919904366136,15,1.0,4932.998353,True,
LOCAL-v1-q3-origin_cluster-5073,3,frozen_baseline,10,418.7126904,0.0009656250476837158,10,1.0,4187.126904,True,
LOCAL-v1-q3-origin_cluster-5074,3,frozen_baseline,16,189.90380975,0.0013197079533711076,16,1.0,3038.460956,True,
LOCAL-v1-q3-origin_cluster-5075,3,frozen_baseline,15,328.80187593333335,0.0013098749332129955,15,1.0,4932.028139,True,
LOCAL-v1-q3-origin_cluster-5076,3,frozen_baseline,12,373.28347225,0.0011071249609813094,12,1.0,4479.401667,True,
LOCAL-v1-q3-origin_cluster-5077,3,frozen_baseline,14,328.30213328571426,0.001334875007160008,14,1.0,4596.229866,True,
LOCAL-v1-q3-origin_cluster-5078,3,frozen_baseline,13,358.37293015384614,0.0013599579688161612,13,1.0,4658.848092,True,
LOCAL-v1-q3-origin_cluster-5079,3,frozen_baseline,10,419.1147841,0.0010003329953178763,10,1.0,4191.147841,True,
LOCAL-v1-q3-origin_cluster-5080,3,frozen_baseline,10,418.5745728,0.0010223749559372663,10,1.0,4185.745728,True,
LOCAL-v1-q3-origin_cluster-5081,3,frozen_baseline,16,192.9070855625,0.0013377080904319882,16,1.0,3086.513369,True,
LOCAL-v1-q3-origin_cluster-5082,3,frozen_baseline,13,355.8616052307692,0.0011722090421244502,13,1.0,4626.200868,True,
LOCAL-v1-q3-origin_cluster-5083,3,frozen_baseline,13,356.0406075384616,0.001276249997317791,13,1.0,4628.527898,True,
LOCAL-v1-q3-origin_cluster-5084,3,frozen_baseline,14,338.55987721428573,0.001277417060919106,14,1.0,4739.838281,True,
LOCAL-v1-q3-origin_cluster-5085,3,frozen_baseline,15,328.6063728,0.0013648750027641654,15,1.0,4929.095592,True,
LOCAL-v1-q3-origin_cluster-5086,3,frozen_baseline,12,374.73267583333336,0.0011550000635907054,12,1.0,4496.79211,True,
LOCAL-v1-q3-origin_cluster-5087,3,frozen_baseline,13,353.73226584615384,0.001119250082410872,13,1.0,4598.519456,True,
LOCAL-v1-q3-origin_cluster-5088,3,frozen_baseline,16,191.4062064375,0.0013050000416114926,16,1.0,3062.499303,True,
LOCAL-v1-q3-origin_cluster-5089,3,frozen_baseline,15,328.30336,0.001432583900168538,15,1.0,4924.5504,True,
LOCAL-v1-q3-origin_cluster-5090,3,frozen_baseline,14,339.25548835714284,0.0012687919661402702,14,1.0,4749.576837,True,
LOCAL-v1-q3-origin_cluster-5091,3,frozen_baseline,12,356.40142783333334,0.0010694169905036688,12,1.0,4276.817134,True,
LOCAL-v1-q3-origin_cluster-5092,3,frozen_baseline,11,389.7598201818182,0.0010054169688373804,11,1.0,4287.358022,True,
LOCAL-v1-q3-origin_cluster-5093,3,frozen_baseline,15,325.08712146666664,0.0012943330220878124,15,1.0,4876.306822,True,
LOCAL-v1-q3-origin_cluster-5094,3,frozen_baseline,11,392.1201878181818,0.0010398749727755785,11,1.0,4313.322066,True,
LOCAL-v1-q3-origin_cluster-5095,3,frozen_baseline,10,420.5848838,0.0011063329875469208,10,1.0,4205.848838,True,
LOCAL-v1-q3-origin_cluster-5096,3,frozen_baseline,14,328.69696500000003,0.0012449590722098947,14,1.0,4601.75751,True,
LOCAL-v1-q3-origin_cluster-5097,3,frozen_baseline,13,356.6259959230769,0.0014079579850658774,13,1.0,4636.137947,True,
LOCAL-v1-q3-origin_cluster-5098,3,frozen_baseline,16,191.2950309375,0.0014883329859003425,16,1.0,3060.720495,True,
LOCAL-v1-q3-origin_cluster-5099,3,frozen_baseline,13,354.6167382307692,0.0011913329362869263,13,1.0,4610.017597,True,
LOCAL-v1-q3-minimum_radius-5000,3,frozen_baseline,11,305.7086880909091,0.0010973330354318023,11,1.0,3362.795569,True,
LOCAL-v1-q3-minimum_radius-5001,3,frozen_baseline,14,309.2099705,0.0012928330106660724,14,1.0,4328.939587,True,
LOCAL-v1-q3-minimum_radius-5002,3,frozen_baseline,15,261.69192953333334,0.0013193340273573995,15,1.0,3925.378943,True,
LOCAL-v1-q3-minimum_radius-5003,3,frozen_baseline,11,326.85996854545454,0.0010183339472860098,11,1.0,3595.459654,True,
LOCAL-v1-q3-minimum_radius-5004,3,frozen_baseline,12,340.300672,0.0010827500373125076,12,1.0,4083.608064,True,
LOCAL-v1-q3-minimum_radius-5005,3,frozen_baseline,11,366.66535063636366,0.001107916934415698,11,1.0,4033.318857,True,
LOCAL-v1-q3-minimum_radius-5006,3,frozen_baseline,11,362.98372518181816,0.0011407090350985527,11,1.0,3992.820977,True,
LOCAL-v1-q3-minimum_radius-5007,3,frozen_baseline,11,301.7868884545455,0.0009824580047279596,11,1.0,3319.655773,True,
LOCAL-v1-q3-minimum_radius-5008,3,frozen_baseline,10,351.0092891,0.0009634169982746243,10,1.0,3510.092891,True,
LOCAL-v1-q3-minimum_radius-5009,3,frozen_baseline,14,321.6794454285714,0.0013128750724717975,14,1.0,4503.512236,True,
LOCAL-v1-q3-minimum_radius-5010,3,frozen_baseline,12,338.0695270833333,0.0011362920049577951,12,1.0,4056.834325,True,
LOCAL-v1-q3-minimum_radius-5011,3,frozen_baseline,15,310.84924293333336,0.0013736250111833215,15,1.0,4662.738644,True,
LOCAL-v1-q3-minimum_radius-5012,3,frozen_baseline,10,332.2096957,0.0009059590520337224,10,1.0,3322.096957,True,
LOCAL-v1-q3-minimum_radius-5013,3,frozen_baseline,12,324.36514116666666,0.0010912090074270964,12,1.0,3892.381694,True,
LOCAL-v1-q3-minimum_radius-5014,3,frozen_baseline,11,362.53947636363637,0.0009657080518081784,11,1.0,3987.93424,True,
LOCAL-v1-q3-minimum_radius-5015,3,frozen_baseline,12,309.20652791666663,0.0010614999337121844,12,1.0,3710.478335,True,
LOCAL-v1-q3-minimum_radius-5016,3,frozen_baseline,16,284.0694915,0.001378249959088862,16,1.0,4545.111864,True,
LOCAL-v1-q3-minimum_radius-5017,3,frozen_baseline,15,299.70490993333334,0.001265416038222611,15,1.0,4495.573649,True,
LOCAL-v1-q3-minimum_radius-5018,3,frozen_baseline,10,390.03725199999997,0.0008999579586088657,10,1.0,3900.37252,True,
LOCAL-v1-q3-minimum_radius-5019,3,frozen_baseline,11,365.95010963636366,0.0009824169101193547,11,1.0,4025.451206,True,
LOCAL-v1-q3-minimum_radius-5020,3,frozen_baseline,16,265.38272925,0.0012562499614432454,16,1.0,4246.123668,True,
LOCAL-v1-q3-minimum_radius-5021,3,frozen_baseline,14,290.2670132142857,0.0011994170490652323,14,1.0,4063.738185,True,
LOCAL-v1-q3-minimum_radius-5022,3,frozen_baseline,14,314.8197243571429,0.0012819169787690043,14,1.0,4407.476141,True,
LOCAL-v1-q3-minimum_radius-5023,3,frozen_baseline,15,255.26485233333332,0.0012985420180484653,15,1.0,3828.972785,True,
LOCAL-v1-q3-minimum_radius-5024,3,frozen_baseline,13,333.72953884615384,0.0011969590559601784,13,1.0,4338.484005,True,
LOCAL-v1-q3-minimum_radius-5025,3,frozen_baseline,12,309.67851691666664,0.0010717500699684024,12,1.0,3716.142203,True,
LOCAL-v1-q3-minimum_radius-5026,3,frozen_baseline,15,300.1828754,0.0012627500109374523,15,1.0,4502.743131,True,
LOCAL-v1-q3-minimum_radius-5027,3,frozen_baseline,11,299.1681587272727,0.0010763750178739429,11,1.0,3290.849746,True,
LOCAL-v1-q3-minimum_radius-5028,3,frozen_baseline,10,357.3114312,0.0009813749929890037,10,1.0,3573.114312,True,
LOCAL-v1-q3-minimum_radius-5029,3,frozen_baseline,11,309.1854981818182,0.0009765410795807838,11,1.0,3401.04048,True,
LOCAL-v1-q3-minimum_radius-5030,3,frozen_baseline,12,296.735832,0.0010125000262632966,12,1.0,3560.829984,True,
LOCAL-v1-q3-minimum_radius-5031,3,frozen_baseline,15,284.03528953333335,0.001357291010208428,15,1.0,4260.529343,True,
LOCAL-v1-q3-minimum_radius-5032,3,frozen_baseline,11,336.38557336363635,0.0009527499787509441,11,1.0,3700.241307,True,
LOCAL-v1-q3-minimum_radius-5033,3,frozen_baseline,14,283.4715156428571,0.0012931249802932143,14,1.0,3968.601219,True,
LOCAL-v1-q3-minimum_radius-5034,3,frozen_baseline,16,254.5115115625,0.0013124579563736916,16,1.0,4072.184185,True,
LOCAL-v1-q3-minimum_radius-5035,3,frozen_baseline,10,382.585457,0.0009809170151129365,10,1.0,3825.85457,True,
LOCAL-v1-q3-minimum_radius-5036,3,frozen_baseline,15,294.18708613333337,0.0012387499446049333,15,1.0,4412.806292,True,
LOCAL-v1-q3-minimum_radius-5037,3,frozen_baseline,15,295.51780406666666,0.0013742500450462103,15,1.0,4432.767061,True,
LOCAL-v1-q3-minimum_radius-5038,3,frozen_baseline,16,273.7857661875,0.0014446249697357416,16,1.0,4380.572259,True,
LOCAL-v1-q3-minimum_radius-5039,3,frozen_baseline,10,378.9716109,0.0010428749956190586,10,1.0,3789.716109,True,
LOCAL-v1-q3-minimum_radius-5040,3,frozen_baseline,15,274.7490714,0.0013646669685840607,15,1.0,4121.236071,True,
LOCAL-v1-q3-minimum_radius-5041,3,frozen_baseline,15,301.28018280000003,0.0012912079691886902,15,1.0,4519.202742,True,
LOCAL-v1-q3-minimum_radius-5042,3,frozen_baseline,11,326.96942309090906,0.0010889169061556458,11,1.0,3596.663654,True,
LOCAL-v1-q3-minimum_radius-5043,3,frozen_baseline,12,350.09033675,0.001080875052139163,12,1.0,4201.084041,True,
LOCAL-v1-q3-minimum_radius-5044,3,frozen_baseline,11,336.8258277272727,0.0010639169486239552,11,1.0,3705.084105,True,
LOCAL-v1-q3-minimum_radius-5045,3,frozen_baseline,11,336.27246809090906,0.0010032500140368938,11,1.0,3698.997149,True,
LOCAL-v1-q3-minimum_radius-5046,3,frozen_baseline,10,378.5416927,0.0008562910370528698,10,1.0,3785.416927,True,
LOCAL-v1-q3-minimum_radius-5047,3,frozen_baseline,16,254.7263485,0.0013763330643996596,16,1.0,4075.621576,True,
LOCAL-v1-q3-minimum_radius-5048,3,frozen_baseline,12,306.529103,0.0011129580670967698,12,1.0,3678.349236,True,
LOCAL-v1-q3-minimum_radius-5049,3,frozen_baseline,10,365.3958665,0.0009449589997529984,10,1.0,3653.958665,True,
LOCAL-v1-q3-minimum_radius-5050,3,frozen_baseline,15,269.77879193333337,0.0013651250628754497,15,1.0,4046.681879,True,
LOCAL-v1-q3-minimum_radius-5051,3,frozen_baseline,11,357.7847836363636,0.0009494579862803221,11,1.0,3935.63262,True,
LOCAL-v1-q3-minimum_radius-5052,3,frozen_baseline,13,305.8455463846154,0.0012595420703291893,13,1.0,3975.992103,True,
LOCAL-v1-q3-minimum_radius-5053,3,frozen_baseline,16,276.21279775,0.0012884159805253148,16,1.0,4419.404764,True,
LOCAL-v1-q3-minimum_radius-5054,3,frozen_baseline,16,277.58793325,0.0013126670382916927,16,1.0,4441.406932,True,
LOCAL-v1-q3-minimum_radius-5055,3,frozen_baseline,12,349.3860661666667,0.000985457911156118,12,1.0,4192.632794,True,
LOCAL-v1-q3-minimum_radius-5056,3,frozen_baseline,13,316.86059584615384,0.0013048750115558505,13,1.0,4119.187746,True,
LOCAL-v1-q3-minimum_radius-5057,3,frozen_baseline,13,308.45884253846157,0.0012047919444739819,13,1.0,4009.964953,True,
LOCAL-v1-q3-minimum_radius-5058,3,frozen_baseline,14,263.69771099999997,0.0011573749361559749,14,1.0,3691.767954,True,
LOCAL-v1-q3-minimum_radius-5059,3,frozen_baseline,12,306.63136075,0.00116658303886652,12,1.0,3679.576329,True,
LOCAL-v1-q3-minimum_radius-5060,3,frozen_baseline,11,341.81158727272725,0.0010719170095399022,11,1.0,3759.92746,True,
LOCAL-v1-q3-minimum_radius-5061,3,frozen_baseline,13,257.9344593076923,0.0010935419704765081,13,1.0,3353.147971,True,
LOCAL-v1-q3-minimum_radius-5062,3,frozen_baseline,16,254.7861330625,0.0012798330280929804,16,1.0,4076.578129,True,
LOCAL-v1-q3-minimum_radius-5063,3,frozen_baseline,15,287.19811293333333,0.0013894170988351107,15,1.0,4307.971694,True,
LOCAL-v1-q3-minimum_radius-5064,3,frozen_baseline,13,287.92821246153846,0.0012341669062152505,13,1.0,3743.066762,True,
LOCAL-v1-q3-minimum_radius-5065,3,frozen_baseline,12,315.2774743333333,0.0010540829971432686,12,1.0,3783.329692,True,
LOCAL-v1-q3-minimum_radius-5066,3,frozen_baseline,10,353.9808375,0.0009427079930901527,10,1.0,3539.808375,True,
LOCAL-v1-q3-minimum_radius-5067,3,frozen_baseline,16,275.5447958125,0.0014096250524744391,16,1.0,4408.716733,True,
LOCAL-v1-q3-minimum_radius-5068,3,frozen_baseline,13,296.90073138461537,0.0011395830661058426,13,1.0,3859.709508,True,
LOCAL-v1-q3-minimum_radius-5069,3,frozen_baseline,14,291.65330814285716,0.0012544590281322598,14,1.0,4083.146314,True,
LOCAL-v1-q3-minimum_radius-5070,3,frozen_baseline,12,363.7522035833333,0.0011499999091029167,12,1.0,4365.026443,True,
LOCAL-v1-q3-minimum_radius-5071,3,frozen_baseline,12,305.13921166666665,0.0010276250541210175,12,1.0,3661.67054,True,
LOCAL-v1-q3-minimum_radius-5072,3,frozen_baseline,15,286.09043613333336,0.0012868749909102917,15,1.0,4291.356542,True,
LOCAL-v1-q3-minimum_radius-5073,3,frozen_baseline,10,387.5135192,0.0009189170086756349,10,1.0,3875.135192,True,
LOCAL-v1-q3-minimum_radius-5074,3,frozen_baseline,16,255.3521783125,0.0013792499667033553,16,1.0,4085.634853,True,
LOCAL-v1-q3-minimum_radius-5075,3,frozen_baseline,15,254.7150604,0.0013712500222027302,15,1.0,3820.725906,True,
LOCAL-v1-q3-minimum_radius-5076,3,frozen_baseline,12,323.75095733333336,0.0011167919728904963,12,1.0,3885.011488,True,
LOCAL-v1-q3-minimum_radius-5077,3,frozen_baseline,14,299.84065114285715,0.0013080410426482558,14,1.0,4197.769116,True,
LOCAL-v1-q3-minimum_radius-5078,3,frozen_baseline,13,300.10139869230767,0.0011198340216651559,13,1.0,3901.318183,True,
LOCAL-v1-q3-minimum_radius-5079,3,frozen_baseline,10,371.9834861,0.0009989578975364566,10,1.0,3719.834861,True,
LOCAL-v1-q3-minimum_radius-5080,3,frozen_baseline,10,340.8061095,0.0008920830441638827,10,1.0,3408.061095,True,
LOCAL-v1-q3-minimum_radius-5081,3,frozen_baseline,16,258.6571944375,0.0013832079712301493,16,1.0,4138.515111,True,
LOCAL-v1-q3-minimum_radius-5082,3,frozen_baseline,13,302.759847,0.0012412089854478836,13,1.0,3935.878011,True,
LOCAL-v1-q3-minimum_radius-5083,3,frozen_baseline,13,316.46629330769235,0.0011835000477731228,13,1.0,4114.061813,True,
LOCAL-v1-q3-minimum_radius-5084,3,frozen_baseline,14,284.3231195,0.0012799170799553394,14,1.0,3980.523673,True,
LOCAL-v1-q3-minimum_radius-5085,3,frozen_baseline,15,291.38056033333334,0.0013738750712946057,15,1.0,4370.708405,True,
LOCAL-v1-q3-minimum_radius-5086,3,frozen_baseline,12,304.08511275,0.001002333010546863,12,1.0,3649.021353,True,
LOCAL-v1-q3-minimum_radius-5087,3,frozen_baseline,13,282.6487323076923,0.0011436250060796738,13,1.0,3674.43352,True,
LOCAL-v1-q3-minimum_radius-5088,3,frozen_baseline,16,248.2604524375,0.0012258749920874834,16,1.0,3972.167239,True,
LOCAL-v1-q3-minimum_radius-5089,3,frozen_baseline,15,304.2961842,0.0013244579313322902,15,1.0,4564.442763,True,
LOCAL-v1-q3-minimum_radius-5090,3,frozen_baseline,14,269.72565614285713,0.0011990841012448072,14,1.0,3776.159186,True,
LOCAL-v1-q3-minimum_radius-5091,3,frozen_baseline,12,296.4409175833333,0.001141292043030262,12,1.0,3557.291011,True,
LOCAL-v1-q3-minimum_radius-5092,3,frozen_baseline,11,390.3652774545455,0.0010819159215316176,11,1.0,4294.018052,True,
LOCAL-v1-q3-minimum_radius-5093,3,frozen_baseline,15,269.70195666666666,0.0012809999752789736,15,1.0,4045.52935,True,
LOCAL-v1-q3-minimum_radius-5094,3,frozen_baseline,11,362.1266287272727,0.0009330000029876828,11,1.0,3983.392916,True,
LOCAL-v1-q3-minimum_radius-5095,3,frozen_baseline,10,361.7407813,0.0010105830151587725,10,1.0,3617.407813,True,
LOCAL-v1-q3-minimum_radius-5096,3,frozen_baseline,14,287.5027667857143,0.0012705830158665776,14,1.0,4025.038735,True,
LOCAL-v1-q3-minimum_radius-5097,3,frozen_baseline,13,265.93812484615387,0.0011226249625906348,13,1.0,3457.195623,True,
LOCAL-v1-q3-minimum_radius-5098,3,frozen_baseline,16,292.053879875,0.001425374997779727,16,1.0,4672.862078,True,
LOCAL-v1-q3-minimum_radius-5099,3,frozen_baseline,13,304.14029800000003,0.001174542005173862,13,1.0,3953.823874,True,
LOCAL-v1-q3-exactly10_sources-5000,3,frozen_baseline,10,356.97396480000003,0.0009678340284153819,10,1.0,3569.739648,True,
LOCAL-v1-q3-exactly10_sources-5001,3,frozen_baseline,10,330.1749312,0.0010079999919980764,10,1.0,3301.749312,True,
LOCAL-v1-q3-exactly10_sources-5002,3,frozen_baseline,10,377.8864085,0.001086207921616733,10,1.0,3778.864085,True,
LOCAL-v1-q3-exactly10_sources-5003,3,frozen_baseline,10,370.1778396,0.0010589159792289138,10,1.0,3701.778396,True,
LOCAL-v1-q3-exactly10_sources-5004,3,frozen_baseline,10,351.89035939999997,0.0010264170123264194,10,1.0,3518.903594,True,
LOCAL-v1-q3-exactly10_sources-5005,3,frozen_baseline,10,338.461847,0.000992374960333109,10,1.0,3384.61847,True,
LOCAL-v1-q3-exactly10_sources-5006,3,frozen_baseline,10,357.3564163,0.0010911249555647373,10,1.0,3573.564163,True,
LOCAL-v1-q3-exactly10_sources-5007,3,frozen_baseline,10,368.7425564,0.0010430419351905584,10,1.0,3687.425564,True,
LOCAL-v1-q3-exactly10_sources-5008,3,frozen_baseline,10,389.1680662,0.0010329170618206263,10,1.0,3891.680662,True,
LOCAL-v1-q3-exactly10_sources-5009,3,frozen_baseline,10,367.38317470000004,0.0010020839981734753,10,1.0,3673.831747,True,
LOCAL-v1-q3-exactly10_sources-5010,3,frozen_baseline,10,403.36829309999996,0.0010328330099582672,10,1.0,4033.682931,True,
LOCAL-v1-q3-exactly10_sources-5011,3,frozen_baseline,10,379.9065126,0.0011504580033943057,10,1.0,3799.065126,True,
LOCAL-v1-q3-exactly10_sources-5012,3,frozen_baseline,10,354.4180933,0.000927707995288074,10,1.0,3544.180933,True,
LOCAL-v1-q3-exactly10_sources-5013,3,frozen_baseline,10,307.9927146,0.0009724999545142055,10,1.0,3079.927146,True,
LOCAL-v1-q3-exactly10_sources-5014,3,frozen_baseline,10,363.1508272,0.0009543750202283263,10,1.0,3631.508272,True,
LOCAL-v1-q3-exactly10_sources-5015,3,frozen_baseline,10,372.13338899999997,0.0010064160451292992,10,1.0,3721.33389,True,
LOCAL-v1-q3-exactly10_sources-5016,3,frozen_baseline,10,341.2754462,0.0009464999893680215,10,1.0,3412.754462,True,
LOCAL-v1-q3-exactly10_sources-5017,3,frozen_baseline,10,385.9591238,0.0010557910427451134,10,1.0,3859.591238,True,
LOCAL-v1-q3-exactly10_sources-5018,3,frozen_baseline,10,363.76344869999997,0.0010283750016242266,10,1.0,3637.634487,True,
LOCAL-v1-q3-exactly10_sources-5019,3,frozen_baseline,10,353.8799237,0.0010331249795854092,10,1.0,3538.799237,True,
LOCAL-v1-q3-exactly10_sources-5020,3,frozen_baseline,10,372.0136705,0.0011132500367239118,10,1.0,3720.136705,True,
LOCAL-v1-q3-exactly10_sources-5021,3,frozen_baseline,10,375.9256072,0.0011069170432165265,10,1.0,3759.256072,True,
LOCAL-v1-q3-exactly10_sources-5022,3,frozen_baseline,10,367.6788689,0.0010628330055624247,10,1.0,3676.788689,True,
LOCAL-v1-q3-exactly10_sources-5023,3,frozen_baseline,10,360.82144320000003,0.0010426250519230962,10,1.0,3608.214432,True,
LOCAL-v1-q3-exactly10_sources-5024,3,frozen_baseline,10,363.4812641,0.0010908750118687749,10,1.0,3634.812641,True,
LOCAL-v1-q3-exactly10_sources-5025,3,frozen_baseline,10,384.1395777,0.0010371250100433826,10,1.0,3841.395777,True,
LOCAL-v1-q3-exactly10_sources-5026,3,frozen_baseline,10,363.1360869,0.0011309579713270068,10,1.0,3631.360869,True,
LOCAL-v1-q3-exactly10_sources-5027,3,frozen_baseline,10,353.801915,0.0010678749531507492,10,1.0,3538.01915,True,
LOCAL-v1-q3-exactly10_sources-5028,3,frozen_baseline,10,367.7180307,0.0009524999186396599,10,1.0,3677.180307,True,
LOCAL-v1-q3-exactly10_sources-5029,3,frozen_baseline,10,319.5232366,0.0010683749569579959,10,1.0,3195.232366,True,
LOCAL-v1-q3-exactly10_sources-5030,3,frozen_baseline,10,352.1145309,0.0009603339713066816,10,1.0,3521.145309,True,
LOCAL-v1-q3-exactly10_sources-5031,3,frozen_baseline,10,321.35862929999996,0.0010168750304728746,10,1.0,3213.586293,True,
LOCAL-v1-q3-exactly10_sources-5032,3,frozen_baseline,10,342.8254349,0.0009301250101998448,10,1.0,3428.254349,True,
LOCAL-v1-q3-exactly10_sources-5033,3,frozen_baseline,10,349.2339146,0.0009654168970882893,10,1.0,3492.339146,True,
LOCAL-v1-q3-exactly10_sources-5034,3,frozen_baseline,10,312.9661449,0.0010566660203039646,10,1.0,3129.661449,True,
LOCAL-v1-q3-exactly10_sources-5035,3,frozen_baseline,10,392.64589420000004,0.0011811250587925315,10,1.0,3926.458942,True,
LOCAL-v1-q3-exactly10_sources-5036,3,frozen_baseline,10,346.5874662,0.0010230829939246178,10,1.0,3465.874662,True,
LOCAL-v1-q3-exactly10_sources-5037,3,frozen_baseline,10,389.5709703,0.0009588750544935465,10,1.0,3895.709703,True,
LOCAL-v1-q3-exactly10_sources-5038,3,frozen_baseline,10,373.176898,0.0010364591144025326,10,1.0,3731.76898,True,
LOCAL-v1-q3-exactly10_sources-5039,3,frozen_baseline,10,352.9356156,0.0010252919746562839,10,1.0,3529.356156,True,
LOCAL-v1-q3-exactly10_sources-5040,3,frozen_baseline,10,334.8304057,0.0011203750036656857,10,1.0,3348.304057,True,
LOCAL-v1-q3-exactly10_sources-5041,3,frozen_baseline,10,322.5962123,0.0010270000202581286,10,1.0,3225.962123,True,
LOCAL-v1-q3-exactly10_sources-5042,3,frozen_baseline,10,342.69094789999997,0.0011607500491663814,10,1.0,3426.909479,True,
LOCAL-v1-q3-exactly10_sources-5043,3,frozen_baseline,10,333.7456006,0.0010368750663474202,10,1.0,3337.456006,True,
LOCAL-v1-q3-exactly10_sources-5044,3,frozen_baseline,10,362.7028378,0.000986957922577858,10,1.0,3627.028378,True,
LOCAL-v1-q3-exactly10_sources-5045,3,frozen_baseline,10,371.451238,0.0011122080031782389,10,1.0,3714.51238,True,
LOCAL-v1-q3-exactly10_sources-5046,3,frozen_baseline,10,387.867714,0.0009558330057188869,10,1.0,3878.67714,True,
LOCAL-v1-q3-exactly10_sources-5047,3,frozen_baseline,10,376.4498119,0.0010213329223915935,10,1.0,3764.498119,True,
LOCAL-v1-q3-exactly10_sources-5048,3,frozen_baseline,10,341.9431667,0.0010008750250563025,10,1.0,3419.431667,True,
LOCAL-v1-q3-exactly10_sources-5049,3,frozen_baseline,10,355.943662,0.00108233408536762,10,1.0,3559.43662,True,
LOCAL-v1-q3-exactly10_sources-5050,3,frozen_baseline,10,334.2026735,0.0010176659561693668,10,1.0,3342.026735,True,
LOCAL-v1-q3-exactly10_sources-5051,3,frozen_baseline,10,449.1619164,0.0010719579877331853,10,1.0,4491.619164,True,
LOCAL-v1-q3-exactly10_sources-5052,3,frozen_baseline,10,383.724313,0.0011311249108985066,10,1.0,3837.24313,True,
LOCAL-v1-q3-exactly10_sources-5053,3,frozen_baseline,10,371.3141865,0.00120749999769032,10,1.0,3713.141865,True,
LOCAL-v1-q3-exactly10_sources-5054,3,frozen_baseline,10,346.7722632,0.001111541991122067,10,1.0,3467.722632,True,
LOCAL-v1-q3-exactly10_sources-5055,3,frozen_baseline,10,345.5441186,0.0009760409593582153,10,1.0,3455.441186,True,
LOCAL-v1-q3-exactly10_sources-5056,3,frozen_baseline,10,367.1556533,0.0010363329201936722,10,1.0,3671.556533,True,
LOCAL-v1-q3-exactly10_sources-5057,3,frozen_baseline,10,349.9008124,0.001101000001654029,10,1.0,3499.008124,True,
LOCAL-v1-q3-exactly10_sources-5058,3,frozen_baseline,10,346.38800200000003,0.0011041249381378293,10,1.0,3463.88002,True,
LOCAL-v1-q3-exactly10_sources-5059,3,frozen_baseline,10,342.5745958,0.0010696669341996312,10,1.0,3425.745958,True,
LOCAL-v1-q3-exactly10_sources-5060,3,frozen_baseline,10,336.745658,0.0010525420075282454,10,1.0,3367.45658,True,
LOCAL-v1-q3-exactly10_sources-5061,3,frozen_baseline,10,342.915557,0.0010787500068545341,10,1.0,3429.15557,True,
LOCAL-v1-q3-exactly10_sources-5062,3,frozen_baseline,10,394.9475473,0.0009534170385450125,10,1.0,3949.475473,True,
LOCAL-v1-q3-exactly10_sources-5063,3,frozen_baseline,10,372.0240296,0.0009690839797258377,10,1.0,3720.240296,True,
LOCAL-v1-q3-exactly10_sources-5064,3,frozen_baseline,10,365.4539198,0.001154207973740995,10,1.0,3654.539198,True,
LOCAL-v1-q3-exactly10_sources-5065,3,frozen_baseline,10,348.5659578,0.0010489580454304814,10,1.0,3485.659578,True,
LOCAL-v1-q3-exactly10_sources-5066,3,frozen_baseline,10,334.9132881,0.0010343330213800073,10,1.0,3349.132881,True,
LOCAL-v1-q3-exactly10_sources-5067,3,frozen_baseline,10,398.3257098,0.0011441670358181,10,1.0,3983.257098,True,
LOCAL-v1-q3-exactly10_sources-5068,3,frozen_baseline,10,368.2242073,0.001065292046405375,10,1.0,3682.242073,True,
LOCAL-v1-q3-exactly10_sources-5069,3,frozen_baseline,10,358.46449590000003,0.0010218750685453415,10,1.0,3584.644959,True,
LOCAL-v1-q3-exactly10_sources-5070,3,frozen_baseline,10,358.001403,0.001194374985061586,10,1.0,3580.01403,True,
LOCAL-v1-q3-exactly10_sources-5071,3,frozen_baseline,10,346.34196149999997,0.0009672499727457762,10,1.0,3463.419615,True,
LOCAL-v1-q3-exactly10_sources-5072,3,frozen_baseline,10,368.59173300000003,0.0011462499387562275,10,1.0,3685.91733,True,
LOCAL-v1-q3-exactly10_sources-5073,3,frozen_baseline,10,366.8441139,0.0010876670712605119,10,1.0,3668.441139,True,
LOCAL-v1-q3-exactly10_sources-5074,3,frozen_baseline,10,354.7625645,0.0010912499856203794,10,1.0,3547.625645,True,
LOCAL-v1-q3-exactly10_sources-5075,3,frozen_baseline,10,394.7060226,0.0010961249936372042,10,1.0,3947.060226,True,
LOCAL-v1-q3-exactly10_sources-5076,3,frozen_baseline,10,376.49026749999996,0.0011225830530747771,10,1.0,3764.902675,True,
LOCAL-v1-q3-exactly10_sources-5077,3,frozen_baseline,10,349.2240925,0.0010814169654622674,10,1.0,3492.240925,True,
LOCAL-v1-q3-exactly10_sources-5078,3,frozen_baseline,10,363.1657865,0.0011838750215247273,10,1.0,3631.657865,True,
LOCAL-v1-q3-exactly10_sources-5079,3,frozen_baseline,10,356.76411229999997,0.0011232499964535236,10,1.0,3567.641123,True,
LOCAL-v1-q3-exactly10_sources-5080,3,frozen_baseline,10,331.9749026,0.0009603750659152865,10,1.0,3319.749026,True,
LOCAL-v1-q3-exactly10_sources-5081,3,frozen_baseline,10,333.9376972,0.0010966249974444509,10,1.0,3339.376972,True,
LOCAL-v1-q3-exactly10_sources-5082,3,frozen_baseline,10,388.21425239999996,0.00114483293145895,10,1.0,3882.142524,True,
LOCAL-v1-q3-exactly10_sources-5083,3,frozen_baseline,10,344.1869115,0.0010105420369654894,10,1.0,3441.869115,True,
LOCAL-v1-q3-exactly10_sources-5084,3,frozen_baseline,10,314.7198985,0.0010278329718858004,10,1.0,3147.198985,True,
LOCAL-v1-q3-exactly10_sources-5085,3,frozen_baseline,10,339.9422747,0.00097287492826581,10,1.0,3399.422747,True,
LOCAL-v1-q3-exactly10_sources-5086,3,frozen_baseline,10,341.85420949999997,0.0010157499928027391,10,1.0,3418.542095,True,
LOCAL-v1-q3-exactly10_sources-5087,3,frozen_baseline,10,391.1115972,0.0011812909506261349,10,1.0,3911.115972,True,
LOCAL-v1-q3-exactly10_sources-5088,3,frozen_baseline,10,324.2446214,0.0009933749679476023,10,1.0,3242.446214,True,
LOCAL-v1-q3-exactly10_sources-5089,3,frozen_baseline,10,323.74907939999997,0.0009752499172464013,10,1.0,3237.490794,True,
LOCAL-v1-q3-exactly10_sources-5090,3,frozen_baseline,10,395.9105654,0.0010867080418393016,10,1.0,3959.105654,True,
LOCAL-v1-q3-exactly10_sources-5091,3,frozen_baseline,10,335.26649299999997,0.0010010419646278024,10,1.0,3352.66493,True,
LOCAL-v1-q3-exactly10_sources-5092,3,frozen_baseline,10,348.5013468,0.0010689579648897052,10,1.0,3485.013468,True,
LOCAL-v1-q3-exactly10_sources-5093,3,frozen_baseline,10,351.2377059,0.0010463329963386059,10,1.0,3512.377059,True,
LOCAL-v1-q3-exactly10_sources-5094,3,frozen_baseline,10,382.0860657,0.0011093749199062586,10,1.0,3820.860657,True,
LOCAL-v1-q3-exactly10_sources-5095,3,frozen_baseline,10,322.5870367,0.001116375089623034,10,1.0,3225.870367,True,
LOCAL-v1-q3-exactly10_sources-5096,3,frozen_baseline,10,392.9929065,0.0010342500172555447,10,1.0,3929.929065,True,
LOCAL-v1-q3-exactly10_sources-5097,3,frozen_baseline,10,380.25699180000004,0.0010613750200718641,10,1.0,3802.569918,True,
LOCAL-v1-q3-exactly10_sources-5098,3,frozen_baseline,10,347.796915,0.0009656250476837158,10,1.0,3477.96915,True,
LOCAL-v1-q3-exactly10_sources-5099,3,frozen_baseline,10,357.79986399999996,0.0011832080781459808,10,1.0,3577.99864,True,
LOCAL-v1-q3-exactly16_sources-5000,3,frozen_baseline,16,282.9764535625,0.0015517080901190639,16,1.0,4527.623257,True,
LOCAL-v1-q3-exactly16_sources-5001,3,frozen_baseline,16,242.701398875,0.0015724580734968185,16,1.0,3883.222382,True,
LOCAL-v1-q3-exactly16_sources-5002,3,frozen_baseline,16,250.5253479375,0.0013611669419333339,16,1.0,4008.405567,True,
LOCAL-v1-q3-exactly16_sources-5003,3,frozen_baseline,16,240.5984198125,0.0014872089959681034,16,1.0,3849.574717,True,
LOCAL-v1-q3-exactly16_sources-5004,3,frozen_baseline,16,257.30547975,0.0015200000489130616,16,1.0,4116.887676,True,
LOCAL-v1-q3-exactly16_sources-5005,3,frozen_baseline,16,252.6656855,0.001695082988590002,16,1.0,4042.650968,True,
LOCAL-v1-q3-exactly16_sources-5006,3,frozen_baseline,16,279.74379075,0.0015616660239174962,16,1.0,4475.900652,True,
LOCAL-v1-q3-exactly16_sources-5007,3,frozen_baseline,16,249.6440319375,0.0014785840176045895,16,1.0,3994.304511,True,
LOCAL-v1-q3-exactly16_sources-5008,3,frozen_baseline,16,244.2223628125,0.0016134158940985799,16,1.0,3907.557805,True,
LOCAL-v1-q3-exactly16_sources-5009,3,frozen_baseline,16,248.0629074375,0.0014896669890731573,16,1.0,3969.006519,True,
LOCAL-v1-q3-exactly16_sources-5010,3,frozen_baseline,16,259.3008236875,0.0015671250876039267,16,1.0,4148.813179,True,
LOCAL-v1-q3-exactly16_sources-5011,3,frozen_baseline,16,277.23241325,0.0014563750009983778,16,1.0,4435.718612,True,
LOCAL-v1-q3-exactly16_sources-5012,3,frozen_baseline,16,244.56860275,0.0015617499593645334,16,1.0,3913.097644,True,
LOCAL-v1-q3-exactly16_sources-5013,3,frozen_baseline,16,260.721391125,0.001536083989776671,16,1.0,4171.542258,True,
LOCAL-v1-q3-exactly16_sources-5014,3,frozen_baseline,16,250.85045825,0.0015220839995890856,16,1.0,4013.607332,True,
LOCAL-v1-q3-exactly16_sources-5015,3,frozen_baseline,16,267.2309790625,0.001518749981187284,16,1.0,4275.695665,True,
LOCAL-v1-q3-exactly16_sources-5016,3,frozen_baseline,16,256.052974875,0.0015860829735174775,16,1.0,4096.847598,True,
LOCAL-v1-q3-exactly16_sources-5017,3,frozen_baseline,16,256.6807231875,0.0013516659382730722,16,1.0,4106.891571,True,
LOCAL-v1-q3-exactly16_sources-5018,3,frozen_baseline,16,296.99508575,0.0015297499485313892,16,1.0,4751.921372,True,
LOCAL-v1-q3-exactly16_sources-5019,3,frozen_baseline,16,283.2683320625,0.0013631669571623206,16,1.0,4532.293313,True,
LOCAL-v1-q3-exactly16_sources-5020,3,frozen_baseline,16,266.0172461875,0.0014809999847784638,16,1.0,4256.275939,True,
LOCAL-v1-q3-exactly16_sources-5021,3,frozen_baseline,16,272.2531525625,0.0015424999874085188,16,1.0,4356.050441,True,
LOCAL-v1-q3-exactly16_sources-5022,3,frozen_baseline,16,268.70228025,0.0014729590620845556,16,1.0,4299.236484,True,
LOCAL-v1-q3-exactly16_sources-5023,3,frozen_baseline,16,226.11858025,0.0013411249965429306,16,1.0,3617.897284,True,
LOCAL-v1-q3-exactly16_sources-5024,3,frozen_baseline,16,268.9887669375,0.001674833009019494,16,1.0,4303.820271,True,
LOCAL-v1-q3-exactly16_sources-5025,3,frozen_baseline,16,266.0792206875,0.0015412080101668835,16,1.0,4257.267531,True,
LOCAL-v1-q3-exactly16_sources-5026,3,frozen_baseline,16,299.5751114375,0.0016110000433400273,16,1.0,4793.201783,True,
LOCAL-v1-q3-exactly16_sources-5027,3,frozen_baseline,16,232.5955356875,0.0014938750537112355,16,1.0,3721.528571,True,
LOCAL-v1-q3-exactly16_sources-5028,3,frozen_baseline,16,265.441636875,0.0015548750525340438,16,1.0,4247.06619,True,
LOCAL-v1-q3-exactly16_sources-5029,3,frozen_baseline,16,250.7337781875,0.0014832500601187348,16,1.0,4011.740451,True,
LOCAL-v1-q3-exactly16_sources-5030,3,frozen_baseline,16,253.46435675,0.00404608401004225,16,1.0,4055.429708,True,
LOCAL-v1-q3-exactly16_sources-5031,3,frozen_baseline,16,260.85283825,0.001629207981750369,16,1.0,4173.645412,True,
LOCAL-v1-q3-exactly16_sources-5032,3,frozen_baseline,16,288.16257325,0.0017417080234736204,16,1.0,4610.601172,True,
LOCAL-v1-q3-exactly16_sources-5033,3,frozen_baseline,16,249.716264625,0.001402541995048523,16,1.0,3995.460234,True,
LOCAL-v1-q3-exactly16_sources-5034,3,frozen_baseline,16,253.77811075,0.0016302919248118997,16,1.0,4060.449772,True,
LOCAL-v1-q3-exactly16_sources-5035,3,frozen_baseline,16,285.7722114375,0.0015702910022810102,16,1.0,4572.355383,True,
LOCAL-v1-q3-exactly16_sources-5036,3,frozen_baseline,16,241.2167435625,0.001415250007994473,16,1.0,3859.467897,True,
LOCAL-v1-q3-exactly16_sources-5037,3,frozen_baseline,16,241.8761270625,0.0014899999368935823,16,1.0,3870.018033,True,
LOCAL-v1-q3-exactly16_sources-5038,3,frozen_baseline,16,275.48420675,0.0015531660756096244,16,1.0,4407.747308,True,
LOCAL-v1-q3-exactly16_sources-5039,3,frozen_baseline,16,261.104684,0.0014095830265432596,16,1.0,4177.674944,True,
LOCAL-v1-q3-exactly16_sources-5040,3,frozen_baseline,16,279.3794929375,0.0014034999767318368,16,1.0,4470.071887,True,
LOCAL-v1-q3-exactly16_sources-5041,3,frozen_baseline,16,255.053448375,0.001477541052736342,16,1.0,4080.855174,True,
LOCAL-v1-q3-exactly16_sources-5042,3,frozen_baseline,16,259.972884625,0.0015038750134408474,16,1.0,4159.566154,True,
LOCAL-v1-q3-exactly16_sources-5043,3,frozen_baseline,16,248.3639508125,0.001629916951060295,16,1.0,3973.823213,True,
LOCAL-v1-q3-exactly16_sources-5044,3,frozen_baseline,16,235.5035523125,0.0014174580574035645,16,1.0,3768.056837,True,
LOCAL-v1-q3-exactly16_sources-5045,3,frozen_baseline,16,256.9794864375,0.0016624999698251486,16,1.0,4111.671783,True,
LOCAL-v1-q3-exactly16_sources-5046,3,frozen_baseline,16,275.5745915,0.0015152919804677367,16,1.0,4409.193464,True,
LOCAL-v1-q3-exactly16_sources-5047,3,frozen_baseline,16,230.7874636875,0.0014493330381810665,16,1.0,3692.599419,True,
LOCAL-v1-q3-exactly16_sources-5048,3,frozen_baseline,16,251.648514875,0.0015443750889971852,16,1.0,4026.376238,True,
LOCAL-v1-q3-exactly16_sources-5049,3,frozen_baseline,16,257.3075888125,0.0015707920538261533,16,1.0,4116.921421,True,
LOCAL-v1-q3-exactly16_sources-5050,3,frozen_baseline,16,248.2239980625,0.001470666960813105,16,1.0,3971.583969,True,
LOCAL-v1-q3-exactly16_sources-5051,3,frozen_baseline,16,258.601975625,0.0015665000537410378,16,1.0,4137.63161,True,
LOCAL-v1-q3-exactly16_sources-5052,3,frozen_baseline,16,272.8621143125,0.0014835839392617345,16,1.0,4365.793829,True,
LOCAL-v1-q3-exactly16_sources-5053,3,frozen_baseline,16,252.2673453125,0.0013469590339809656,16,1.0,4036.277525,True,
LOCAL-v1-q3-exactly16_sources-5054,3,frozen_baseline,16,262.790193,0.0014185409527271986,16,1.0,4204.643088,True,
LOCAL-v1-q3-exactly16_sources-5055,3,frozen_baseline,16,255.49022775,0.001437583938241005,16,1.0,4087.843644,True,
LOCAL-v1-q3-exactly16_sources-5056,3,frozen_baseline,16,244.18355925,0.001485500019043684,16,1.0,3906.936948,True,
LOCAL-v1-q3-exactly16_sources-5057,3,frozen_baseline,16,251.6540956875,0.0016374168917536736,16,1.0,4026.465531,True,
LOCAL-v1-q3-exactly16_sources-5058,3,frozen_baseline,16,211.573409875,0.0013010420370846987,16,1.0,3385.174558,True,
LOCAL-v1-q3-exactly16_sources-5059,3,frozen_baseline,16,268.419886,0.001430041971616447,16,1.0,4294.718176,True,
LOCAL-v1-q3-exactly16_sources-5060,3,frozen_baseline,16,239.7427771875,0.0014835409820079803,16,1.0,3835.884435,True,
LOCAL-v1-q3-exactly16_sources-5061,3,frozen_baseline,16,297.62277375,0.001495208009146154,16,1.0,4761.96438,True,
LOCAL-v1-q3-exactly16_sources-5062,3,frozen_baseline,16,249.1404301875,0.0013197920052334666,16,1.0,3986.246883,True,
LOCAL-v1-q3-exactly16_sources-5063,3,frozen_baseline,16,259.7369274375,0.0014807910192757845,16,1.0,4155.790839,True,
LOCAL-v1-q3-exactly16_sources-5064,3,frozen_baseline,16,275.726359125,0.0014838749775663018,16,1.0,4411.621746,True,
LOCAL-v1-q3-exactly16_sources-5065,3,frozen_baseline,16,246.4867304375,0.001411916920915246,16,1.0,3943.787687,True,
LOCAL-v1-q3-exactly16_sources-5066,3,frozen_baseline,16,263.5460693125,0.0014001249801367521,16,1.0,4216.737109,True,
LOCAL-v1-q3-exactly16_sources-5067,3,frozen_baseline,16,267.5560099375,0.001662166090682149,16,1.0,4280.896159,True,
LOCAL-v1-q3-exactly16_sources-5068,3,frozen_baseline,16,270.5865595,0.0015390829648822546,16,1.0,4329.384952,True,
LOCAL-v1-q3-exactly16_sources-5069,3,frozen_baseline,16,254.7702769375,0.001532917027361691,16,1.0,4076.324431,True,
LOCAL-v1-q3-exactly16_sources-5070,3,frozen_baseline,16,256.6016313125,0.0015625840751454234,16,1.0,4105.626101,True,
LOCAL-v1-q3-exactly16_sources-5071,3,frozen_baseline,16,279.368518125,0.0015294579789042473,16,1.0,4469.89629,True,
LOCAL-v1-q3-exactly16_sources-5072,3,frozen_baseline,16,238.733980625,0.0014006249839439988,16,1.0,3819.74369,True,
LOCAL-v1-q3-exactly16_sources-5073,3,frozen_baseline,16,309.17354825,0.0016588339349254966,16,1.0,4946.776772,True,
LOCAL-v1-q3-exactly16_sources-5074,3,frozen_baseline,16,240.63327025,0.0015047499909996986,16,1.0,3850.132324,True,
LOCAL-v1-q3-exactly16_sources-5075,3,frozen_baseline,16,271.9668070625,0.001511584036052227,16,1.0,4351.468913,True,
LOCAL-v1-q3-exactly16_sources-5076,3,frozen_baseline,16,221.440714625,0.0014295420842245221,16,1.0,3543.051434,True,
LOCAL-v1-q3-exactly16_sources-5077,3,frozen_baseline,16,255.7308425625,0.0014856249326840043,16,1.0,4091.693481,True,
LOCAL-v1-q3-exactly16_sources-5078,3,frozen_baseline,16,232.2571135625,0.0017016250640153885,16,1.0,3716.113817,True,
LOCAL-v1-q3-exactly16_sources-5079,3,frozen_baseline,16,279.4935595,0.0013652079505845904,16,1.0,4471.896952,True,
LOCAL-v1-q3-exactly16_sources-5080,3,frozen_baseline,16,271.3768011875,0.0015649580163881183,16,1.0,4342.028819,True,
LOCAL-v1-q3-exactly16_sources-5081,3,frozen_baseline,16,239.019877125,0.001447124988771975,16,1.0,3824.318034,True,
LOCAL-v1-q3-exactly16_sources-5082,3,frozen_baseline,16,270.0133695,0.001409459044225514,16,1.0,4320.213912,True,
LOCAL-v1-q3-exactly16_sources-5083,3,frozen_baseline,16,285.2159106875,0.0015449170023202896,16,1.0,4563.454571,True,
LOCAL-v1-q3-exactly16_sources-5084,3,frozen_baseline,16,265.0563035625,0.0015904579777270555,16,1.0,4240.900857,True,
LOCAL-v1-q3-exactly16_sources-5085,3,frozen_baseline,16,244.1722564375,0.0015660839853808284,16,1.0,3906.756103,True,
LOCAL-v1-q3-exactly16_sources-5086,3,frozen_baseline,16,233.769822875,0.0015502499882131815,16,1.0,3740.317166,True,
LOCAL-v1-q3-exactly16_sources-5087,3,frozen_baseline,16,247.68604825,0.001441249973140657,16,1.0,3962.976772,True,
LOCAL-v1-q3-exactly16_sources-5088,3,frozen_baseline,16,226.3097661875,0.0015239580534398556,16,1.0,3620.956259,True,
LOCAL-v1-q3-exactly16_sources-5089,3,frozen_baseline,16,277.4882148125,0.0016002499032765627,16,1.0,4439.811437,True,
LOCAL-v1-q3-exactly16_sources-5090,3,frozen_baseline,16,258.211535875,0.001435499987564981,16,1.0,4131.384574,True,
LOCAL-v1-q3-exactly16_sources-5091,3,frozen_baseline,16,264.8371161875,0.001661792048253119,16,1.0,4237.393859,True,
LOCAL-v1-q3-exactly16_sources-5092,3,frozen_baseline,16,248.4156640625,0.0015104999765753746,16,1.0,3974.650625,True,
LOCAL-v1-q3-exactly16_sources-5093,3,frozen_baseline,16,215.411677625,0.0014651250094175339,16,1.0,3446.586842,True,
LOCAL-v1-q3-exactly16_sources-5094,3,frozen_baseline,16,288.4583174375,0.0015718749491497874,16,1.0,4615.333079,True,
LOCAL-v1-q3-exactly16_sources-5095,3,frozen_baseline,16,258.8160541875,0.0014436660567298532,16,1.0,4141.056867,True,
LOCAL-v1-q3-exactly16_sources-5096,3,frozen_baseline,16,251.396764125,0.00147070805542171,16,1.0,4022.348226,True,
LOCAL-v1-q3-exactly16_sources-5097,3,frozen_baseline,16,234.9973629375,0.0014714589342474937,16,1.0,3759.957807,True,
LOCAL-v1-q3-exactly16_sources-5098,3,frozen_baseline,16,260.62969925,0.0016601660754531622,16,1.0,4170.075188,True,
LOCAL-v1-q3-exactly16_sources-5099,3,frozen_baseline,16,226.016537375,0.0014204580802470446,16,1.0,3616.264598,True,
LOCAL-v1-q4-reference_assumed-5000,4,frozen_baseline,11,599.840063,0.018438333994708955,11,1.0,6598.240693,True,
LOCAL-v1-q4-reference_assumed-5001,4,frozen_baseline,14,544.6526032857143,0.018266209051944315,14,1.0,7625.136446,True,
LOCAL-v1-q4-reference_assumed-5002,4,frozen_baseline,15,468.19097700000003,0.015268833027221262,15,1.0,7022.864655,True,
LOCAL-v1-q4-reference_assumed-5003,4,frozen_baseline,11,619.2687357272727,0.016508334083482623,11,1.0,6811.956093,True,
LOCAL-v1-q4-reference_assumed-5004,4,frozen_baseline,12,528.41223475,0.01703850005287677,12,1.0,6340.946817,True,
LOCAL-v1-q4-reference_assumed-5005,4,frozen_baseline,11,566.3165002727272,0.020051792031154037,11,1.0,6229.481503,True,
LOCAL-v1-q4-reference_assumed-5006,4,frozen_baseline,11,644.458277909091,0.01836674998048693,11,1.0,7089.041057,True,
LOCAL-v1-q4-reference_assumed-5007,4,frozen_baseline,11,623.1219978181817,0.022342000040225685,11,1.0,6854.341976,True,
LOCAL-v1-q4-reference_assumed-5008,4,frozen_baseline,10,814.8688037,0.01946608303114772,10,1.0,8148.688037,True,
LOCAL-v1-q4-reference_assumed-5009,4,frozen_baseline,14,467.51132,0.021798167028464377,14,1.0,6545.15848,True,
LOCAL-v1-q4-reference_assumed-5010,4,frozen_baseline,12,523.51339525,0.01853266602847725,12,1.0,6282.160743,True,
LOCAL-v1-q4-reference_assumed-5011,4,frozen_baseline,15,450.05365873333335,0.01851249998435378,15,1.0,6750.804881,True,
LOCAL-v1-q4-reference_assumed-5012,4,frozen_baseline,10,657.2471982,0.01433529204223305,10,1.0,6572.471982,True,
LOCAL-v1-q4-reference_assumed-5013,4,frozen_baseline,12,583.6623150833333,0.014776000054553151,12,1.0,7003.947781,True,
LOCAL-v1-q4-reference_assumed-5014,4,frozen_baseline,11,632.9041657272727,0.01753504096996039,11,1.0,6961.945823,True,
LOCAL-v1-q4-reference_assumed-5015,4,frozen_baseline,12,545.9013948333334,0.019001250038854778,12,1.0,6550.816738,True,
LOCAL-v1-q4-reference_assumed-5016,4,frozen_baseline,16,401.793748375,0.018768416019156575,16,1.0,6428.699974,True,
LOCAL-v1-q4-reference_assumed-5017,4,frozen_baseline,15,549.6781098666667,0.016641209018416703,15,1.0,8245.171648,True,
LOCAL-v1-q4-reference_assumed-5018,4,frozen_baseline,10,796.2987323,0.016056666965596378,10,1.0,7962.987323,True,
LOCAL-v1-q4-reference_assumed-5019,4,frozen_baseline,11,625.9010803636364,0.017639667028561234,11,1.0,6884.911884,True,
LOCAL-v1-q4-reference_assumed-5020,4,frozen_baseline,16,453.95744875,0.016721374937333167,16,1.0,7263.31918,True,
LOCAL-v1-q4-reference_assumed-5021,4,frozen_baseline,14,528.5917218571428,0.018196374992839992,14,1.0,7400.284106,True,
LOCAL-v1-q4-reference_assumed-5022,4,frozen_baseline,14,550.7124377857143,0.019812875078059733,14,1.0,7709.974129,True,
LOCAL-v1-q4-reference_assumed-5023,4,frozen_baseline,15,411.6532883333333,0.02261095796711743,15,1.0,6174.799325,True,
LOCAL-v1-q4-reference_assumed-5024,4,frozen_baseline,13,489.6105983076923,0.01611949992366135,13,1.0,6364.937778,True,
LOCAL-v1-q4-reference_assumed-5025,4,frozen_baseline,12,620.79194375,0.019788083038292825,12,1.0,7449.503325,True,
LOCAL-v1-q4-reference_assumed-5026,4,frozen_baseline,15,430.5395578,0.01952512504067272,15,1.0,6458.093367,True,
LOCAL-v1-q4-reference_assumed-5027,4,frozen_baseline,11,640.5039158181818,0.018402375048026443,11,1.0,7045.543074,True,
LOCAL-v1-q4-reference_assumed-5028,4,frozen_baseline,10,679.8445515000001,0.01617962506134063,10,1.0,6798.445515,True,
LOCAL-v1-q4-reference_assumed-5029,4,frozen_baseline,11,688.4357184545454,0.016512000001966953,11,1.0,7572.792903,True,
LOCAL-v1-q4-reference_assumed-5030,4,frozen_baseline,12,697.38049625,0.018398915999569,12,1.0,8368.565955,True,
LOCAL-v1-q4-reference_assumed-5031,4,frozen_baseline,15,504.49689086666666,0.01968899997882545,15,1.0,7567.453363,True,
LOCAL-v1-q4-reference_assumed-5032,4,frozen_baseline,11,559.0710585454545,0.01778649992775172,11,1.0,6149.781644,True,
LOCAL-v1-q4-reference_assumed-5033,4,frozen_baseline,14,445.2781163571429,0.019003958092071116,14,1.0,6233.893629,True,
LOCAL-v1-q4-reference_assumed-5034,4,frozen_baseline,16,490.203628625,0.01970945904031396,16,1.0,7843.258058,True,
LOCAL-v1-q4-reference_assumed-5035,4,frozen_baseline,10,704.5816368,0.014826332917436957,10,1.0,7045.816368,True,
LOCAL-v1-q4-reference_assumed-5036,4,frozen_baseline,15,488.2574426,0.015811167075298727,15,1.0,7323.861639,True,
LOCAL-v1-q4-reference_assumed-5037,4,frozen_baseline,15,550.2521052666667,0.02182475000154227,15,1.0,8253.781579,True,
LOCAL-v1-q4-reference_assumed-5038,4,frozen_baseline,16,410.1532484375,0.01911745802499354,16,1.0,6562.451975,True,
LOCAL-v1-q4-reference_assumed-5039,4,frozen_baseline,10,679.9325279,0.01727583399042487,10,1.0,6799.325279,True,
LOCAL-v1-q4-reference_assumed-5040,4,frozen_baseline,15,422.29870300000005,0.017942290985956788,15,1.0,6334.480545,True,
LOCAL-v1-q4-reference_assumed-5041,4,frozen_baseline,15,525.4085812,0.02078533300664276,15,1.0,7881.128718,True,
LOCAL-v1-q4-reference_assumed-5042,4,frozen_baseline,11,603.1172753636364,0.020450124982744455,11,1.0,6634.290029,True,
LOCAL-v1-q4-reference_assumed-5043,4,frozen_baseline,12,580.3268004166667,0.022982334019616246,12,1.0,6963.921605,True,
LOCAL-v1-q4-reference_assumed-5044,4,frozen_baseline,11,683.660791,0.01693241694010794,11,1.0,7520.268701,True,
LOCAL-v1-q4-reference_assumed-5045,4,frozen_baseline,11,569.6669296363636,0.014533833949826658,11,1.0,6266.336226,True,
LOCAL-v1-q4-reference_assumed-5046,4,frozen_baseline,10,650.2828733,0.017248208983801305,10,1.0,6502.828733,True,
LOCAL-v1-q4-reference_assumed-5047,4,frozen_baseline,16,392.92408325,0.02253316598944366,16,1.0,6286.785332,True,
LOCAL-v1-q4-reference_assumed-5048,4,frozen_baseline,12,556.604422,0.015030540991574526,12,1.0,6679.253064,True,
LOCAL-v1-q4-reference_assumed-5049,4,frozen_baseline,10,737.8516804,0.017997249960899353,10,1.0,7378.516804,True,
LOCAL-v1-q4-reference_assumed-5050,4,frozen_baseline,15,469.9882676,0.01988966704811901,15,1.0,7049.824014,True,
LOCAL-v1-q4-reference_assumed-5051,4,frozen_baseline,11,660.1872349090909,0.015321042039431632,11,1.0,7262.059584,True,
LOCAL-v1-q4-reference_assumed-5052,4,frozen_baseline,13,482.30088423076927,0.017699333024211228,13,1.0,6269.911495,True,
LOCAL-v1-q4-reference_assumed-5053,4,frozen_baseline,16,413.3526328125,0.02044970798306167,16,1.0,6613.642125,True,
LOCAL-v1-q4-reference_assumed-5054,4,frozen_baseline,16,420.4218415625,0.02009629097301513,16,1.0,6726.749465,True,
LOCAL-v1-q4-reference_assumed-5055,4,frozen_baseline,12,702.4245598333333,0.01453729101922363,12,1.0,8429.094718,True,
LOCAL-v1-q4-reference_assumed-5056,4,frozen_baseline,13,503.2132043846154,0.01649379206355661,13,1.0,6541.771657,True,
LOCAL-v1-q4-reference_assumed-5057,4,frozen_baseline,13,525.8481337692308,0.01479770801961422,13,1.0,6836.025739,True,
LOCAL-v1-q4-reference_assumed-5058,4,frozen_baseline,14,465.2459070714286,0.017603332991711795,14,1.0,6513.442699,True,
LOCAL-v1-q4-reference_assumed-5059,4,frozen_baseline,12,557.31233075,0.017361875041387975,12,1.0,6687.747969,True,
LOCAL-v1-q4-reference_assumed-5060,4,frozen_baseline,11,627.9468371818182,0.0190348339965567,11,1.0,6907.415209,True,
LOCAL-v1-q4-reference_assumed-5061,4,frozen_baseline,13,589.9307072307693,0.017476166016422212,13,1.0,7669.099194,True,
LOCAL-v1-q4-reference_assumed-5062,4,frozen_baseline,16,620.640057,0.022047500009648502,16,1.0,9930.240912,True,
LOCAL-v1-q4-reference_assumed-5063,4,frozen_baseline,15,450.1722162,0.021765915909782052,15,1.0,6752.583243,True,
LOCAL-v1-q4-reference_assumed-5064,4,frozen_baseline,13,505.61541415384613,0.018317708047106862,13,1.0,6573.000384,True,
LOCAL-v1-q4-reference_assumed-5065,4,frozen_baseline,12,610.00306625,0.017486791010014713,12,1.0,7320.036795,True,
LOCAL-v1-q4-reference_assumed-5066,4,frozen_baseline,10,646.3032812,0.028237959020771086,10,1.0,6463.032812,True,
LOCAL-v1-q4-reference_assumed-5067,4,frozen_baseline,16,437.9762419375,0.021157916984520853,16,1.0,7007.619871,True,
LOCAL-v1-q4-reference_assumed-5068,4,frozen_baseline,13,578.3184062307693,0.019733750028535724,13,1.0,7518.139281,True,
LOCAL-v1-q4-reference_assumed-5069,4,frozen_baseline,14,630.5991988571429,0.019332624971866608,14,1.0,8828.388784,True,
LOCAL-v1-q4-reference_assumed-5070,4,frozen_baseline,12,550.2090033333333,0.016469541005790234,12,1.0,6602.50804,True,
LOCAL-v1-q4-reference_assumed-5071,4,frozen_baseline,12,563.5847838333333,0.01930649997666478,12,1.0,6763.017406,True,
LOCAL-v1-q4-reference_assumed-5072,4,frozen_baseline,15,484.1715461333333,0.014656709041446447,15,1.0,7262.573192,True,
LOCAL-v1-q4-reference_assumed-5073,4,frozen_baseline,10,617.9518816,0.016923957969993353,10,1.0,6179.518816,True,
LOCAL-v1-q4-reference_assumed-5074,4,frozen_baseline,16,421.9096605625,0.021216832916252315,16,1.0,6750.554569,True,
LOCAL-v1-q4-reference_assumed-5075,4,frozen_baseline,15,466.0731638,0.01776150008663535,15,1.0,6991.097457,True,
LOCAL-v1-q4-reference_assumed-5076,4,frozen_baseline,12,563.84831625,0.02210995799396187,12,1.0,6766.179795,True,
LOCAL-v1-q4-reference_assumed-5077,4,frozen_baseline,14,454.91972942857143,0.01751100004184991,14,1.0,6368.876212,True,
LOCAL-v1-q4-reference_assumed-5078,4,frozen_baseline,13,514.8831229230769,0.01900308404583484,13,1.0,6693.480598,True,
LOCAL-v1-q4-reference_assumed-5079,4,frozen_baseline,10,647.5099622,0.014813916990533471,10,1.0,6475.099622,True,
LOCAL-v1-q4-reference_assumed-5080,4,frozen_baseline,10,979.3210047,0.017555750091560185,10,1.0,9793.210047,True,
LOCAL-v1-q4-reference_assumed-5081,4,frozen_baseline,16,472.6885008125,0.018634291016496718,16,1.0,7563.016013,True,
LOCAL-v1-q4-reference_assumed-5082,4,frozen_baseline,13,539.0119212307692,0.016084542032331228,13,1.0,7007.154976,True,
LOCAL-v1-q4-reference_assumed-5083,4,frozen_baseline,13,559.7647041538462,0.020159041974693537,13,1.0,7276.941154,True,
LOCAL-v1-q4-reference_assumed-5084,4,frozen_baseline,14,566.9945386428572,0.018158167018555105,14,1.0,7937.923541,True,
LOCAL-v1-q4-reference_assumed-5085,4,frozen_baseline,15,415.3247566,0.01946258300449699,15,1.0,6229.871349,True,
LOCAL-v1-q4-reference_assumed-5086,4,frozen_baseline,12,622.3148574166667,0.02009062492288649,12,1.0,7467.778289,True,
LOCAL-v1-q4-reference_assumed-5087,4,frozen_baseline,13,549.8845437692308,0.01646816695574671,13,1.0,7148.499069,True,
LOCAL-v1-q4-reference_assumed-5088,4,frozen_baseline,16,493.202377875,0.022151750046759844,16,1.0,7891.238046,True,
LOCAL-v1-q4-reference_assumed-5089,4,frozen_baseline,15,488.364464,0.020537375006824732,15,1.0,7325.46696,True,
LOCAL-v1-q4-reference_assumed-5090,4,frozen_baseline,14,528.205831,0.015339459059759974,14,1.0,7394.881634,True,
LOCAL-v1-q4-reference_assumed-5091,4,frozen_baseline,12,602.5169233333334,0.017115958034992218,12,1.0,7230.20308,True,
LOCAL-v1-q4-reference_assumed-5092,4,frozen_baseline,11,567.3377536363637,0.018419958068989217,11,1.0,6240.71529,True,
LOCAL-v1-q4-reference_assumed-5093,4,frozen_baseline,15,529.2688561333333,0.01614745892584324,15,1.0,7939.032842,True,
LOCAL-v1-q4-reference_assumed-5094,4,frozen_baseline,11,749.1621640000001,0.014868875034153461,11,1.0,8240.783804,True,
LOCAL-v1-q4-reference_assumed-5095,4,frozen_baseline,10,688.0420197000001,0.017050374997779727,10,1.0,6880.420197,True,
LOCAL-v1-q4-reference_assumed-5096,4,frozen_baseline,14,478.8889315714286,0.02098629204556346,14,1.0,6704.445042,True,
LOCAL-v1-q4-reference_assumed-5097,4,frozen_baseline,13,549.2269992307693,0.019490416045300663,13,1.0,7139.95099,True,
LOCAL-v1-q4-reference_assumed-5098,4,frozen_baseline,16,406.7532150625,0.018808042048476636,16,1.0,6508.051441,True,
LOCAL-v1-q4-reference_assumed-5099,4,frozen_baseline,13,643.6463064615384,0.03194787504617125,13,1.0,8367.401984,True,
LOCAL-v1-q4-fixed_positive_bias-5000,4,frozen_baseline,11,647.6169078181819,0.01909429207444191,11,1.0,7123.785986,True,
LOCAL-v1-q4-fixed_positive_bias-5001,4,frozen_baseline,14,542.7024627142857,0.01793950004503131,14,1.0,7597.834478,True,
LOCAL-v1-q4-fixed_positive_bias-5002,4,frozen_baseline,15,494.08834459999997,0.015366000006906688,15,1.0,7411.325169,True,
LOCAL-v1-q4-fixed_positive_bias-5003,4,frozen_baseline,11,619.4778925454546,0.017381625017151237,11,1.0,6814.256818,True,
LOCAL-v1-q4-fixed_positive_bias-5004,4,frozen_baseline,12,521.8527876666667,0.01870337501168251,12,1.0,6262.233452,True,
LOCAL-v1-q4-fixed_positive_bias-5005,4,frozen_baseline,11,563.2058562727273,0.020056374953128397,11,1.0,6195.264419,True,
LOCAL-v1-q4-fixed_positive_bias-5006,4,frozen_baseline,11,630.2910909999999,0.018987625022418797,11,1.0,6933.202001,True,
LOCAL-v1-q4-fixed_positive_bias-5007,4,frozen_baseline,11,612.2778149090909,0.022592458059079945,11,1.0,6735.055964,True,
LOCAL-v1-q4-fixed_positive_bias-5008,4,frozen_baseline,10,1129.3774042,0.019757917034439743,10,1.0,11293.774042,True,
LOCAL-v1-q4-fixed_positive_bias-5009,4,frozen_baseline,14,487.3433439285714,0.019797082990407944,14,1.0,6822.806815,True,
LOCAL-v1-q4-fixed_positive_bias-5010,4,frozen_baseline,12,532.0656696666666,0.01884841697756201,12,1.0,6384.788036,True,
LOCAL-v1-q4-fixed_positive_bias-5011,4,frozen_baseline,15,708.3368226,0.018410707940347493,15,1.0,10625.052339,True,
LOCAL-v1-q4-fixed_positive_bias-5012,4,frozen_baseline,10,645.8885008999999,0.014506959007121623,10,1.0,6458.885009,True,
LOCAL-v1-q4-fixed_positive_bias-5013,4,frozen_baseline,12,790.9957625833334,0.01529579097405076,12,1.0,9491.949151,True,
LOCAL-v1-q4-fixed_positive_bias-5014,4,frozen_baseline,11,613.5659621818181,0.01454670901875943,11,1.0,6749.225584,True,
LOCAL-v1-q4-fixed_positive_bias-5015,4,frozen_baseline,12,536.0859515,0.018915749969892204,12,1.0,6433.031418,True,
LOCAL-v1-q4-fixed_positive_bias-5016,4,frozen_baseline,16,446.4601569375,0.018972583930008113,16,1.0,7143.362511,True,
LOCAL-v1-q4-fixed_positive_bias-5017,4,frozen_baseline,15,530.9082698666666,0.019023542059585452,15,1.0,7963.624048,True,
LOCAL-v1-q4-fixed_positive_bias-5018,4,frozen_baseline,10,736.3295971,0.015974667039699852,10,1.0,7363.295971,True,
LOCAL-v1-q4-fixed_positive_bias-5019,4,frozen_baseline,11,624.5664483636364,0.01787233306095004,11,1.0,6870.230932,True,
LOCAL-v1-q4-fixed_positive_bias-5020,4,frozen_baseline,16,399.8863685625,0.016534707974642515,16,1.0,6398.181897,True,
LOCAL-v1-q4-fixed_positive_bias-5021,4,frozen_baseline,14,924.6566287142857,0.018799958052113652,14,1.0,12945.192802,True,
LOCAL-v1-q4-fixed_positive_bias-5022,4,frozen_baseline,14,584.0761168571429,0.01975750003475696,14,1.0,8177.065636,True,
LOCAL-v1-q4-fixed_positive_bias-5023,4,frozen_baseline,15,512.6932488,0.020683333044871688,15,1.0,7690.398732,True,
LOCAL-v1-q4-fixed_positive_bias-5024,4,frozen_baseline,13,490.2051814615385,0.01623491698410362,13,1.0,6372.667359,True,
LOCAL-v1-q4-fixed_positive_bias-5025,4,frozen_baseline,12,624.0393021666666,0.01951908296905458,12,1.0,7488.471626,True,
LOCAL-v1-q4-fixed_positive_bias-5026,4,frozen_baseline,15,429.4525436,0.01932383410166949,15,1.0,6441.788154,True,
LOCAL-v1-q4-fixed_positive_bias-5027,4,frozen_baseline,11,639.7159478181818,0.018501584068872035,11,1.0,7036.875426,True,
LOCAL-v1-q4-fixed_positive_bias-5028,4,frozen_baseline,10,836.7672725,0.016574041917920113,10,1.0,8367.672725,True,
LOCAL-v1-q4-fixed_positive_bias-5029,4,frozen_baseline,11,624.8147927272728,0.016341333044692874,11,1.0,6872.96272,True,
LOCAL-v1-q4-fixed_positive_bias-5030,4,frozen_baseline,12,593.0133013333333,0.01814583409577608,12,1.0,7116.159616,True,
LOCAL-v1-q4-fixed_positive_bias-5031,4,frozen_baseline,15,553.9802912,0.01975758303888142,15,1.0,8309.704368,True,
LOCAL-v1-q4-fixed_positive_bias-5032,4,frozen_baseline,11,552.6472287272727,0.01800983294378966,11,1.0,6079.119516,True,
LOCAL-v1-q4-fixed_positive_bias-5033,4,frozen_baseline,14,444.8729249285714,0.019012290984392166,14,1.0,6228.220949,True,
LOCAL-v1-q4-fixed_positive_bias-5034,4,frozen_baseline,16,620.8279510625,0.019592124968767166,16,1.0,9933.247217,True,
LOCAL-v1-q4-fixed_positive_bias-5035,4,frozen_baseline,10,734.4142994,0.014969874988310039,10,1.0,7344.142994,True,
LOCAL-v1-q4-fixed_positive_bias-5036,4,frozen_baseline,15,617.7655486,0.01609379192814231,15,1.0,9266.483229,True,
LOCAL-v1-q4-fixed_positive_bias-5037,4,frozen_baseline,15,525.3197255333333,0.02176824992056936,15,1.0,7879.795883,True,
LOCAL-v1-q4-fixed_positive_bias-5038,4,frozen_baseline,16,468.2103924375,0.017994499998167157,16,1.0,7491.366279,True,
LOCAL-v1-q4-fixed_positive_bias-5039,4,frozen_baseline,10,681.6378251,0.016939499997533858,10,1.0,6816.378251,True,
LOCAL-v1-q4-fixed_positive_bias-5040,4,frozen_baseline,15,444.3993570666667,0.018088667071424425,15,1.0,6665.990356,True,
LOCAL-v1-q4-fixed_positive_bias-5041,4,frozen_baseline,15,491.11732986666664,0.020671042031608522,15,1.0,7366.759948,True,
LOCAL-v1-q4-fixed_positive_bias-5042,4,frozen_baseline,11,632.5621387272727,0.018004374927841127,11,1.0,6958.183526,True,
LOCAL-v1-q4-fixed_positive_bias-5043,4,frozen_baseline,12,682.3081060000001,0.023241834016516805,12,1.0,8187.697272,True,
LOCAL-v1-q4-fixed_positive_bias-5044,4,frozen_baseline,11,667.047251,0.016410208074375987,11,1.0,7337.519761,True,
LOCAL-v1-q4-fixed_positive_bias-5045,4,frozen_baseline,11,561.3338449090909,0.016795124975033104,11,1.0,6174.672294,True,
LOCAL-v1-q4-fixed_positive_bias-5046,4,frozen_baseline,10,659.5521474999999,0.017632999923080206,10,1.0,6595.521475,True,
LOCAL-v1-q4-fixed_positive_bias-5047,4,frozen_baseline,16,392.831134875,0.022661249968223274,16,1.0,6285.298158,True,
LOCAL-v1-q4-fixed_positive_bias-5048,4,frozen_baseline,12,563.3455124999999,0.014983124914579093,12,1.0,6760.14615,True,
LOCAL-v1-q4-fixed_positive_bias-5049,4,frozen_baseline,10,794.697583,0.0180172499967739,10,1.0,7946.97583,True,
LOCAL-v1-q4-fixed_positive_bias-5050,4,frozen_baseline,15,425.3074016666667,0.0198904579738155,15,1.0,6379.611025,True,
LOCAL-v1-q4-fixed_positive_bias-5051,4,frozen_baseline,11,675.3437353636364,0.015306834015063941,11,1.0,7428.781089,True,
LOCAL-v1-q4-fixed_positive_bias-5052,4,frozen_baseline,13,479.52855476923077,0.0176612091017887,13,1.0,6233.871212,True,
LOCAL-v1-q4-fixed_positive_bias-5053,4,frozen_baseline,16,437.5307343125,0.019324874971061945,16,1.0,7000.491749,True,
LOCAL-v1-q4-fixed_positive_bias-5054,4,frozen_baseline,16,443.56616225,0.019914250005967915,16,1.0,7097.058596,True,
LOCAL-v1-q4-fixed_positive_bias-5055,4,frozen_baseline,12,810.6356748333333,0.014874375076033175,12,1.0,9727.628098,True,
LOCAL-v1-q4-fixed_positive_bias-5056,4,frozen_baseline,13,503.38562938461536,0.01665950007736683,13,1.0,6544.013182,True,
LOCAL-v1-q4-fixed_positive_bias-5057,4,frozen_baseline,13,527.2936333076923,0.0149972919607535,13,1.0,6854.817233,True,
LOCAL-v1-q4-fixed_positive_bias-5058,4,frozen_baseline,14,511.9337745714286,0.017498582950793207,14,1.0,7167.072844,True,
LOCAL-v1-q4-fixed_positive_bias-5059,4,frozen_baseline,12,548.7392470833333,0.017581291031092405,12,1.0,6584.870965,True,
LOCAL-v1-q4-fixed_positive_bias-5060,4,frozen_baseline,11,634.2150398181818,0.020378791028633714,11,1.0,6976.365438,True,
LOCAL-v1-q4-fixed_positive_bias-5061,4,frozen_baseline,13,926.4691876923077,0.018066916964016855,13,1.0,12044.09944,True,
LOCAL-v1-q4-fixed_positive_bias-5062,4,frozen_baseline,16,625.6494463125,0.02172720804810524,16,1.0,10010.391141,True,
LOCAL-v1-q4-fixed_positive_bias-5063,4,frozen_baseline,15,410.4811517333334,0.021881999913603067,15,1.0,6157.217276,True,
LOCAL-v1-q4-fixed_positive_bias-5064,4,frozen_baseline,13,751.0448660000001,0.018588999984785914,13,1.0,9763.583258,True,
LOCAL-v1-q4-fixed_positive_bias-5065,4,frozen_baseline,12,571.2115994166667,0.014591332990676165,12,1.0,6854.539193,True,
LOCAL-v1-q4-fixed_positive_bias-5066,4,frozen_baseline,10,644.1076773,0.01699320797342807,10,1.0,6441.076773,True,
LOCAL-v1-q4-fixed_positive_bias-5067,4,frozen_baseline,16,438.218049875,0.02055991708766669,16,1.0,7011.488798,True,
LOCAL-v1-q4-fixed_positive_bias-5068,4,frozen_baseline,13,538.0452439230769,0.019589707953855395,13,1.0,6994.588171,True,
LOCAL-v1-q4-fixed_positive_bias-5069,4,frozen_baseline,14,572.5727620714285,0.01965966704301536,14,1.0,8016.018669,True,
LOCAL-v1-q4-fixed_positive_bias-5070,4,frozen_baseline,12,725.7064569166668,0.01683008309919387,12,1.0,8708.477483,True,
LOCAL-v1-q4-fixed_positive_bias-5071,4,frozen_baseline,12,566.0198575833333,0.01988287502899766,12,1.0,6792.238291,True,
LOCAL-v1-q4-fixed_positive_bias-5072,4,frozen_baseline,15,508.87169453333337,0.014803417026996613,15,1.0,7633.075418,True,
LOCAL-v1-q4-fixed_positive_bias-5073,4,frozen_baseline,10,632.7851088,0.018717708997428417,10,1.0,6327.851088,True,
LOCAL-v1-q4-fixed_positive_bias-5074,4,frozen_baseline,16,413.5577559375,0.02069649996701628,16,1.0,6616.924095,True,
LOCAL-v1-q4-fixed_positive_bias-5075,4,frozen_baseline,15,475.63161606666665,0.017531124991364777,15,1.0,7134.474241,True,
LOCAL-v1-q4-fixed_positive_bias-5076,4,frozen_baseline,12,609.6570934166667,0.022587915998883545,12,1.0,7315.885121,True,
LOCAL-v1-q4-fixed_positive_bias-5077,4,frozen_baseline,14,602.6498921428572,0.01864116603974253,14,1.0,8437.09849,True,
LOCAL-v1-q4-fixed_positive_bias-5078,4,frozen_baseline,13,585.8652187692308,0.018045041942968965,13,1.0,7616.247844,True,
LOCAL-v1-q4-fixed_positive_bias-5079,4,frozen_baseline,10,646.9185743,0.014503124984912574,10,1.0,6469.185743,True,
LOCAL-v1-q4-fixed_positive_bias-5080,4,frozen_baseline,10,1082.1817328,0.017472167033702135,10,1.0,10821.817328,True,
LOCAL-v1-q4-fixed_positive_bias-5081,4,frozen_baseline,16,443.798320875,0.018519415985792875,16,1.0,7100.773134,True,
LOCAL-v1-q4-fixed_positive_bias-5082,4,frozen_baseline,13,543.6232526153846,0.016057708067819476,13,1.0,7067.102284,True,
LOCAL-v1-q4-fixed_positive_bias-5083,4,frozen_baseline,13,555.3036930769231,0.020799709018319845,13,1.0,7218.94801,True,
LOCAL-v1-q4-fixed_positive_bias-5084,4,frozen_baseline,14,674.0013511428572,0.018430041964165866,14,1.0,9436.018916,True,
LOCAL-v1-q4-fixed_positive_bias-5085,4,frozen_baseline,15,493.5936676666667,0.01955762493889779,15,1.0,7403.905015,True,
LOCAL-v1-q4-fixed_positive_bias-5086,4,frozen_baseline,12,620.68842175,0.01997708308044821,12,1.0,7448.261061,True,
LOCAL-v1-q4-fixed_positive_bias-5087,4,frozen_baseline,13,650.2793353076923,0.01677520794328302,13,1.0,8453.631359,True,
LOCAL-v1-q4-fixed_positive_bias-5088,4,frozen_baseline,16,624.5527405625,0.022443207912147045,16,1.0,9992.843849,True,
LOCAL-v1-q4-fixed_positive_bias-5089,4,frozen_baseline,15,425.64404773333337,0.02031816600356251,15,1.0,6384.660716,True,
LOCAL-v1-q4-fixed_positive_bias-5090,4,frozen_baseline,14,461.0202609285715,0.015276040998287499,14,1.0,6454.283653,True,
LOCAL-v1-q4-fixed_positive_bias-5091,4,frozen_baseline,12,574.088567,0.01561641599982977,12,1.0,6889.062804,True,
LOCAL-v1-q4-fixed_positive_bias-5092,4,frozen_baseline,11,627.1372672727273,0.01785737497266382,11,1.0,6898.50994,True,
LOCAL-v1-q4-fixed_positive_bias-5093,4,frozen_baseline,15,576.0404438666667,0.016427541966550052,15,1.0,8640.606658,True,
LOCAL-v1-q4-fixed_positive_bias-5094,4,frozen_baseline,11,645.8174089090909,0.015657084062695503,11,1.0,7103.991498,True,
LOCAL-v1-q4-fixed_positive_bias-5095,4,frozen_baseline,10,720.7028253000001,0.018430958036333323,10,1.0,7207.028253,True,
LOCAL-v1-q4-fixed_positive_bias-5096,4,frozen_baseline,14,479.3771062142857,0.02098483289591968,14,1.0,6711.279487,True,
LOCAL-v1-q4-fixed_positive_bias-5097,4,frozen_baseline,13,558.5825705384615,0.019423500052653253,13,1.0,7261.573417,True,
LOCAL-v1-q4-fixed_positive_bias-5098,4,frozen_baseline,16,406.418525625,0.018818457960151136,16,1.0,6502.69641,True,
LOCAL-v1-q4-fixed_positive_bias-5099,4,frozen_baseline,13,915.945009076923,0.018800000078044832,13,1.0,11907.285118,True,
LOCAL-v1-q4-fixed_negative_bias-5000,4,frozen_baseline,11,589.058505,0.01747420895844698,11,1.0,6479.643555,True,
LOCAL-v1-q4-fixed_negative_bias-5001,4,frozen_baseline,14,511.67929478571426,0.018109000055119395,14,1.0,7163.510127,True,
LOCAL-v1-q4-fixed_negative_bias-5002,4,frozen_baseline,15,679.1888988666667,0.015768832992762327,15,1.0,10187.833483,True,
LOCAL-v1-q4-fixed_negative_bias-5003,4,frozen_baseline,11,704.4472073636364,0.01654966699425131,11,1.0,7748.919281,True,
LOCAL-v1-q4-fixed_negative_bias-5004,4,frozen_baseline,12,526.8931501666667,0.016953042009845376,12,1.0,6322.717802,True,
LOCAL-v1-q4-fixed_negative_bias-5005,4,frozen_baseline,11,567.9822741818182,0.020296416943892837,11,1.0,6247.805016,True,
LOCAL-v1-q4-fixed_negative_bias-5006,4,frozen_baseline,11,685.2099520909092,0.017623334075324237,11,1.0,7537.309473,True,
LOCAL-v1-q4-fixed_negative_bias-5007,4,frozen_baseline,11,627.6780271818182,0.022371584083884954,11,1.0,6904.458299,True,
LOCAL-v1-q4-fixed_negative_bias-5008,4,frozen_baseline,10,1165.5486293,0.016483708983287215,10,1.0,11655.486293,True,
LOCAL-v1-q4-fixed_negative_bias-5009,4,frozen_baseline,14,483.5306209285714,0.02316199999768287,14,1.0,6769.428693,True,
LOCAL-v1-q4-fixed_negative_bias-5010,4,frozen_baseline,12,543.1295976666667,0.019655999960377812,12,1.0,6517.555172,True,
LOCAL-v1-q4-fixed_negative_bias-5011,4,frozen_baseline,15,450.08370913333334,0.018394374987110496,15,1.0,6751.255637,True,
LOCAL-v1-q4-fixed_negative_bias-5012,4,frozen_baseline,10,646.5833345,0.014030292048119009,10,1.0,6465.833345,True,
LOCAL-v1-q4-fixed_negative_bias-5013,4,frozen_baseline,12,792.0078305833334,0.015088667045347393,12,1.0,9504.093967,True,
LOCAL-v1-q4-fixed_negative_bias-5014,4,frozen_baseline,11,711.3282204545454,0.017309917020611465,11,1.0,7824.610425,True,
LOCAL-v1-q4-fixed_negative_bias-5015,4,frozen_baseline,12,611.587345,0.019183082971721888,12,1.0,7339.04814,True,
LOCAL-v1-q4-fixed_negative_bias-5016,4,frozen_baseline,16,580.7323528125,0.019066958921030164,16,1.0,9291.717645,True,
LOCAL-v1-q4-fixed_negative_bias-5017,4,frozen_baseline,15,549.2593790666667,0.016072208061814308,15,1.0,8238.890686,True,
LOCAL-v1-q4-fixed_negative_bias-5018,4,frozen_baseline,10,828.1226027,0.015788999968208373,10,1.0,8281.226027,True,
LOCAL-v1-q4-fixed_negative_bias-5019,4,frozen_baseline,11,627.0197687272728,0.017883875058032572,11,1.0,6897.217456,True,
LOCAL-v1-q4-fixed_negative_bias-5020,4,frozen_baseline,16,451.0733735,0.01673375000245869,16,1.0,7217.173976,True,
LOCAL-v1-q4-fixed_negative_bias-5021,4,frozen_baseline,14,681.2106804285714,0.018346625030972064,14,1.0,9536.949526,True,
LOCAL-v1-q4-fixed_negative_bias-5022,4,frozen_baseline,14,519.2095646428571,0.019859583000652492,14,1.0,7268.933905,True,
LOCAL-v1-q4-fixed_negative_bias-5023,4,frozen_baseline,15,439.2349704,0.02234995795879513,15,1.0,6588.524556,True,
LOCAL-v1-q4-fixed_negative_bias-5024,4,frozen_baseline,13,491.24200292307694,0.0207147499313578,13,1.0,6386.146038,True,
LOCAL-v1-q4-fixed_negative_bias-5025,4,frozen_baseline,12,701.03120075,0.020311750005930662,12,1.0,8412.374409,True,
LOCAL-v1-q4-fixed_negative_bias-5026,4,frozen_baseline,15,427.69582453333334,0.019231832935474813,15,1.0,6415.437368,True,
LOCAL-v1-q4-fixed_negative_bias-5027,4,frozen_baseline,11,596.9314119090909,0.01835704199038446,11,1.0,6566.245531,True,
LOCAL-v1-q4-fixed_negative_bias-5028,4,frozen_baseline,10,678.0861963,0.016175208031199872,10,1.0,6780.861963,True,
LOCAL-v1-q4-fixed_negative_bias-5029,4,frozen_baseline,11,686.5556814545454,0.01630712498445064,11,1.0,7552.112496,True,
LOCAL-v1-q4-fixed_negative_bias-5030,4,frozen_baseline,12,586.47021375,0.018071874976158142,12,1.0,7037.642565,True,
LOCAL-v1-q4-fixed_negative_bias-5031,4,frozen_baseline,15,616.6483928,0.01976616692263633,15,1.0,9249.725892,True,
LOCAL-v1-q4-fixed_negative_bias-5032,4,frozen_baseline,11,563.0845437272727,0.017932833055965602,11,1.0,6193.929981,True,
LOCAL-v1-q4-fixed_negative_bias-5033,4,frozen_baseline,14,444.78832300000005,0.018976000021211803,14,1.0,6227.036522,True,
LOCAL-v1-q4-fixed_negative_bias-5034,4,frozen_baseline,16,514.235946,0.020245124935172498,16,1.0,8227.775136,True,
LOCAL-v1-q4-fixed_negative_bias-5035,4,frozen_baseline,10,724.0912469,0.014883624971844256,10,1.0,7240.912469,True,
LOCAL-v1-q4-fixed_negative_bias-5036,4,frozen_baseline,15,674.3400660666666,0.018847958999685943,15,1.0,10115.100991,True,
LOCAL-v1-q4-fixed_negative_bias-5037,4,frozen_baseline,15,534.9479900666666,0.021686874912120402,15,1.0,8024.219851,True,
LOCAL-v1-q4-fixed_negative_bias-5038,4,frozen_baseline,16,412.61597625,0.019662125036120415,16,1.0,6601.85562,True,
LOCAL-v1-q4-fixed_negative_bias-5039,4,frozen_baseline,10,669.5096688,0.01729437499307096,10,1.0,6695.096688,True,
LOCAL-v1-q4-fixed_negative_bias-5040,4,frozen_baseline,15,509.2199344666667,0.018044707947410643,15,1.0,7638.299017,True,
LOCAL-v1-q4-fixed_negative_bias-5041,4,frozen_baseline,15,567.2896316,0.020834375056438148,15,1.0,8509.344474,True,
LOCAL-v1-q4-fixed_negative_bias-5042,4,frozen_baseline,11,603.7995746363636,0.020882457960397005,11,1.0,6641.795321,True,
LOCAL-v1-q4-fixed_negative_bias-5043,4,frozen_baseline,12,585.79479625,0.017990750027820468,12,1.0,7029.537555,True,
LOCAL-v1-q4-fixed_negative_bias-5044,4,frozen_baseline,11,670.1922345454545,0.016827541054226458,11,1.0,7372.11458,True,
LOCAL-v1-q4-fixed_negative_bias-5045,4,frozen_baseline,11,568.3526575454545,0.014723500004038215,11,1.0,6251.879233,True,
LOCAL-v1-q4-fixed_negative_bias-5046,4,frozen_baseline,10,689.5226857,0.01748316700104624,10,1.0,6895.226857,True,
LOCAL-v1-q4-fixed_negative_bias-5047,4,frozen_baseline,16,396.7250470625,0.022528417059220374,16,1.0,6347.600753,True,
LOCAL-v1-q4-fixed_negative_bias-5048,4,frozen_baseline,12,553.6030783333333,0.015007375041022897,12,1.0,6643.23694,True,
LOCAL-v1-q4-fixed_negative_bias-5049,4,frozen_baseline,10,747.3393692,0.01805154199246317,10,1.0,7473.393692,True,
LOCAL-v1-q4-fixed_negative_bias-5050,4,frozen_baseline,15,455.24582826666665,0.019817541004158556,15,1.0,6828.687424,True,
LOCAL-v1-q4-fixed_negative_bias-5051,4,frozen_baseline,11,648.8854154545454,0.015083499951288104,11,1.0,7137.73957,True,
LOCAL-v1-q4-fixed_negative_bias-5052,4,frozen_baseline,13,477.59462853846156,0.019385374966077507,13,1.0,6208.730171,True,
LOCAL-v1-q4-fixed_negative_bias-5053,4,frozen_baseline,16,414.053706125,0.019274125108495355,16,1.0,6624.859298,True,
LOCAL-v1-q4-fixed_negative_bias-5054,4,frozen_baseline,16,462.130568375,0.02002620801795274,16,1.0,7394.089094,True,
LOCAL-v1-q4-fixed_negative_bias-5055,4,frozen_baseline,12,682.6392804166667,0.014459499972872436,12,1.0,8191.671365,True,
LOCAL-v1-q4-fixed_negative_bias-5056,4,frozen_baseline,13,550.5512329230769,0.016855333000421524,13,1.0,7157.166028,True,
LOCAL-v1-q4-fixed_negative_bias-5057,4,frozen_baseline,13,567.3204687692307,0.014820792013779283,13,1.0,7375.166094,True,
LOCAL-v1-q4-fixed_negative_bias-5058,4,frozen_baseline,14,450.38405471428575,0.0175629579462111,14,1.0,6305.376766,True,
LOCAL-v1-q4-fixed_negative_bias-5059,4,frozen_baseline,12,555.3578612499999,0.01752524997573346,12,1.0,6664.294335,True,
LOCAL-v1-q4-fixed_negative_bias-5060,4,frozen_baseline,11,621.4556278181818,0.019273792044259608,11,1.0,6836.011906,True,
LOCAL-v1-q4-fixed_negative_bias-5061,4,frozen_baseline,13,627.4416023846154,0.017589249997399747,13,1.0,8156.740831,True,
LOCAL-v1-q4-fixed_negative_bias-5062,4,frozen_baseline,16,434.3491895625,0.02137495798524469,16,1.0,6949.587033,True,
LOCAL-v1-q4-fixed_negative_bias-5063,4,frozen_baseline,15,437.6076167333333,0.021620208048261702,15,1.0,6564.114251,True,
LOCAL-v1-q4-fixed_negative_bias-5064,4,frozen_baseline,13,506.2184936923077,0.01814037503208965,13,1.0,6580.840418,True,
LOCAL-v1-q4-fixed_negative_bias-5065,4,frozen_baseline,12,607.8007285,0.01745062496047467,12,1.0,7293.608742,True,
LOCAL-v1-q4-fixed_negative_bias-5066,4,frozen_baseline,10,747.1216868,0.018536707968451083,10,1.0,7471.216868,True,
LOCAL-v1-q4-fixed_negative_bias-5067,4,frozen_baseline,16,729.784585625,0.021605749963782728,16,1.0,11676.55337,True,
LOCAL-v1-q4-fixed_negative_bias-5068,4,frozen_baseline,13,538.1235741538462,0.019365457934327424,13,1.0,6995.606464,True,
LOCAL-v1-q4-fixed_negative_bias-5069,4,frozen_baseline,14,712.1535180714285,0.02032795804552734,14,1.0,9970.149253,True,
LOCAL-v1-q4-fixed_negative_bias-5070,4,frozen_baseline,12,553.0574929166667,0.016375042032450438,12,1.0,6636.689915,True,
LOCAL-v1-q4-fixed_negative_bias-5071,4,frozen_baseline,12,564.0855236666666,0.01970549998804927,12,1.0,6769.026284,True,
LOCAL-v1-q4-fixed_negative_bias-5072,4,frozen_baseline,15,490.53876606666665,0.014773165923543274,15,1.0,7358.081491,True,
LOCAL-v1-q4-fixed_negative_bias-5073,4,frozen_baseline,10,617.1340616,0.0169592919992283,10,1.0,6171.340616,True,
LOCAL-v1-q4-fixed_negative_bias-5074,4,frozen_baseline,16,426.648762875,0.021177042042836547,16,1.0,6826.380206,True,
LOCAL-v1-q4-fixed_negative_bias-5075,4,frozen_baseline,15,455.53086406666665,0.017609457951039076,15,1.0,6832.962961,True,
LOCAL-v1-q4-fixed_negative_bias-5076,4,frozen_baseline,12,613.6562650833333,0.02244941599201411,12,1.0,7363.875181,True,
LOCAL-v1-q4-fixed_negative_bias-5077,4,frozen_baseline,14,456.3684713571429,0.018538624979555607,14,1.0,6389.158599,True,
LOCAL-v1-q4-fixed_negative_bias-5078,4,frozen_baseline,13,492.8813653846154,0.018971540965139866,13,1.0,6407.45775,True,
LOCAL-v1-q4-fixed_negative_bias-5079,4,frozen_baseline,10,646.6172572,0.014390707947313786,10,1.0,6466.172572,True,
LOCAL-v1-q4-fixed_negative_bias-5080,4,frozen_baseline,10,690.8661356,0.017050875001586974,10,1.0,6908.661356,True,
LOCAL-v1-q4-fixed_negative_bias-5081,4,frozen_baseline,16,424.2398670625,0.020301374956034124,16,1.0,6787.837873,True,
LOCAL-v1-q4-fixed_negative_bias-5082,4,frozen_baseline,13,555.320648076923,0.01607724989298731,13,1.0,7219.168425,True,
LOCAL-v1-q4-fixed_negative_bias-5083,4,frozen_baseline,13,548.6758080000001,0.02040287503041327,13,1.0,7132.785504,True,
LOCAL-v1-q4-fixed_negative_bias-5084,4,frozen_baseline,14,516.1414033571428,0.018101499998010695,14,1.0,7225.979647,True,
LOCAL-v1-q4-fixed_negative_bias-5085,4,frozen_baseline,15,452.3813044,0.01932679198216647,15,1.0,6785.719566,True,
LOCAL-v1-q4-fixed_negative_bias-5086,4,frozen_baseline,12,607.54619925,0.021072041941806674,12,1.0,7290.554391,True,
LOCAL-v1-q4-fixed_negative_bias-5087,4,frozen_baseline,13,566.5707281538462,0.016739583108574152,13,1.0,7365.419466,True,
LOCAL-v1-q4-fixed_negative_bias-5088,4,frozen_baseline,16,522.13166975,0.02233649999834597,16,1.0,8354.106716,True,
LOCAL-v1-q4-fixed_negative_bias-5089,4,frozen_baseline,15,410.14592586666663,0.02019779197871685,15,1.0,6152.188888,True,
LOCAL-v1-q4-fixed_negative_bias-5090,4,frozen_baseline,14,462.42273685714287,0.015340083977207541,14,1.0,6473.918316,True,
LOCAL-v1-q4-fixed_negative_bias-5091,4,frozen_baseline,12,641.7299638333333,0.01740995899308473,12,1.0,7700.759566,True,
LOCAL-v1-q4-fixed_negative_bias-5092,4,frozen_baseline,11,578.0343715454545,0.018670208053663373,11,1.0,6358.378087,True,
LOCAL-v1-q4-fixed_negative_bias-5093,4,frozen_baseline,15,562.8253112,0.016340833040885627,15,1.0,8442.379668,True,
LOCAL-v1-q4-fixed_negative_bias-5094,4,frozen_baseline,11,617.4695661818182,0.014664666960015893,11,1.0,6792.165228,True,
LOCAL-v1-q4-fixed_negative_bias-5095,4,frozen_baseline,10,744.6577198,0.014894708059728146,10,1.0,7446.577198,True,
LOCAL-v1-q4-fixed_negative_bias-5096,4,frozen_baseline,14,477.2709842142857,0.021260290988720953,14,1.0,6681.793779,True,
LOCAL-v1-q4-fixed_negative_bias-5097,4,frozen_baseline,13,531.668511923077,0.019663832965306938,13,1.0,6911.690655,True,
LOCAL-v1-q4-fixed_negative_bias-5098,4,frozen_baseline,16,452.1601748125,0.018849332933314145,16,1.0,7234.562797,True,
LOCAL-v1-q4-fixed_negative_bias-5099,4,frozen_baseline,13,683.0487674615384,0.01841195800807327,13,1.0,8879.633977,True,
LOCAL-v1-q4-smooth_shared_field-5000,4,frozen_baseline,11,587.2850775454546,0.018360958085395396,11,1.0,6460.135853,True,
LOCAL-v1-q4-smooth_shared_field-5001,4,frozen_baseline,14,543.0818107857143,0.017978582996875048,14,1.0,7603.145351,True,
LOCAL-v1-q4-smooth_shared_field-5002,4,frozen_baseline,15,460.8092622666666,0.01525695901364088,15,1.0,6912.138934,True,
LOCAL-v1-q4-smooth_shared_field-5003,4,frozen_baseline,11,616.1823596363637,0.016546792001463473,11,1.0,6778.005956,True,
LOCAL-v1-q4-smooth_shared_field-5004,4,frozen_baseline,12,528.06017075,0.01714516698848456,12,1.0,6336.722049,True,
LOCAL-v1-q4-smooth_shared_field-5005,4,frozen_baseline,11,564.0830911818182,0.019942959072068334,11,1.0,6204.914003,True,
LOCAL-v1-q4-smooth_shared_field-5006,4,frozen_baseline,11,619.3685254545454,0.018726667040027678,11,1.0,6813.05378,True,
LOCAL-v1-q4-smooth_shared_field-5007,4,frozen_baseline,11,660.914366909091,0.02078904095105827,11,1.0,7270.058036,True,
LOCAL-v1-q4-smooth_shared_field-5008,4,frozen_baseline,10,985.2355986,0.01945516699925065,10,1.0,9852.355986,True,
LOCAL-v1-q4-smooth_shared_field-5009,4,frozen_baseline,14,464.3392201428572,0.02191520796623081,14,1.0,6500.749082,True,
LOCAL-v1-q4-smooth_shared_field-5010,4,frozen_baseline,12,551.6377502500001,0.01881591696292162,12,1.0,6619.653003,True,
LOCAL-v1-q4-smooth_shared_field-5011,4,frozen_baseline,15,441.49687446666667,0.018289332976564765,15,1.0,6622.453117,True,
LOCAL-v1-q4-smooth_shared_field-5012,4,frozen_baseline,10,648.324535,0.014275999972596765,10,1.0,6483.24535,True,
LOCAL-v1-q4-smooth_shared_field-5013,4,frozen_baseline,12,842.7909224166666,0.014974917052313685,12,1.0,10113.491069,True,
LOCAL-v1-q4-smooth_shared_field-5014,4,frozen_baseline,11,661.7741017272728,0.01753345795441419,11,1.0,7279.515119,True,
LOCAL-v1-q4-smooth_shared_field-5015,4,frozen_baseline,12,524.6810545833333,0.01912525005172938,12,1.0,6296.172655,True,
LOCAL-v1-q4-smooth_shared_field-5016,4,frozen_baseline,16,444.916511625,0.018859541974961758,16,1.0,7118.664186,True,
LOCAL-v1-q4-smooth_shared_field-5017,4,frozen_baseline,15,573.1009838666666,0.016270874999463558,15,1.0,8596.514758,True,
LOCAL-v1-q4-smooth_shared_field-5018,4,frozen_baseline,10,766.5700153,0.015842792112380266,10,1.0,7665.700153,True,
LOCAL-v1-q4-smooth_shared_field-5019,4,frozen_baseline,11,624.9568141818182,0.017929541994817555,11,1.0,6874.524956,True,
LOCAL-v1-q4-smooth_shared_field-5020,4,frozen_baseline,16,466.943210625,0.017002375097945333,16,1.0,7471.09137,True,
LOCAL-v1-q4-smooth_shared_field-5021,4,frozen_baseline,14,681.1068114999999,0.018515167059376836,14,1.0,9535.495361,True,
LOCAL-v1-q4-smooth_shared_field-5022,4,frozen_baseline,14,516.4704898571429,0.019759415998123586,14,1.0,7230.586858,True,
LOCAL-v1-q4-smooth_shared_field-5023,4,frozen_baseline,15,431.4325616,0.022491834009997547,15,1.0,6471.488424,True,
LOCAL-v1-q4-smooth_shared_field-5024,4,frozen_baseline,13,488.9370250769231,0.016119624953716993,13,1.0,6356.181326,True,
LOCAL-v1-q4-smooth_shared_field-5025,4,frozen_baseline,12,611.6755254999999,0.01971383299678564,12,1.0,7340.106306,True,
LOCAL-v1-q4-smooth_shared_field-5026,4,frozen_baseline,15,419.35124693333336,0.019406666979193687,15,1.0,6290.268704,True,
LOCAL-v1-q4-smooth_shared_field-5027,4,frozen_baseline,11,590.071678,0.018328458070755005,11,1.0,6490.788458,True,
LOCAL-v1-q4-smooth_shared_field-5028,4,frozen_baseline,10,919.2742585,0.01633383403532207,10,1.0,9192.742585,True,
LOCAL-v1-q4-smooth_shared_field-5029,4,frozen_baseline,11,942.205562,0.01660016702953726,11,1.0,10364.261182,True,
LOCAL-v1-q4-smooth_shared_field-5030,4,frozen_baseline,12,564.9149076666666,0.018137124949134886,12,1.0,6778.978892,True,
LOCAL-v1-q4-smooth_shared_field-5031,4,frozen_baseline,15,662.0483188,0.02090341702569276,15,1.0,9930.724782,True,
LOCAL-v1-q4-smooth_shared_field-5032,4,frozen_baseline,11,560.1925425454546,0.01815195893868804,11,1.0,6162.117968,True,
LOCAL-v1-q4-smooth_shared_field-5033,4,frozen_baseline,14,446.1255627857143,0.01893904199823737,14,1.0,6245.757879,True,
LOCAL-v1-q4-smooth_shared_field-5034,4,frozen_baseline,16,532.268961625,0.020455416990444064,16,1.0,8516.303386,True,
LOCAL-v1-q4-smooth_shared_field-5035,4,frozen_baseline,10,718.262078,0.01506416592746973,10,1.0,7182.62078,True,
LOCAL-v1-q4-smooth_shared_field-5036,4,frozen_baseline,15,489.43723140000003,0.018018541974015534,15,1.0,7341.558471,True,
LOCAL-v1-q4-smooth_shared_field-5037,4,frozen_baseline,15,526.2698248,0.02190033404622227,15,1.0,7894.047372,True,
LOCAL-v1-q4-smooth_shared_field-5038,4,frozen_baseline,16,410.8043145,0.01926591608207673,16,1.0,6572.869032,True,
LOCAL-v1-q4-smooth_shared_field-5039,4,frozen_baseline,10,666.9911414000001,0.017160457908175886,10,1.0,6669.911414,True,
LOCAL-v1-q4-smooth_shared_field-5040,4,frozen_baseline,15,420.8826269333333,0.018150208052247763,15,1.0,6313.239404,True,
LOCAL-v1-q4-smooth_shared_field-5041,4,frozen_baseline,15,531.6071278666667,0.02088179101701826,15,1.0,7974.106918,True,
LOCAL-v1-q4-smooth_shared_field-5042,4,frozen_baseline,11,626.9501643636363,0.024375499924644828,11,1.0,6896.451808,True,
LOCAL-v1-q4-smooth_shared_field-5043,4,frozen_baseline,12,616.544893,0.01887516595888883,12,1.0,7398.538716,True,
LOCAL-v1-q4-smooth_shared_field-5044,4,frozen_baseline,11,652.6627357272727,0.01660375006031245,11,1.0,7179.290093,True,
LOCAL-v1-q4-smooth_shared_field-5045,4,frozen_baseline,11,571.6027280909092,0.014700958970934153,11,1.0,6287.630009,True,
LOCAL-v1-q4-smooth_shared_field-5046,4,frozen_baseline,10,668.1268823,0.017515874933451414,10,1.0,6681.268823,True,
LOCAL-v1-q4-smooth_shared_field-5047,4,frozen_baseline,16,394.4884258125,0.022665083059109747,16,1.0,6311.814813,True,
LOCAL-v1-q4-smooth_shared_field-5048,4,frozen_baseline,12,554.5937730833333,0.015087791020050645,12,1.0,6655.125277,True,
LOCAL-v1-q4-smooth_shared_field-5049,4,frozen_baseline,10,764.0353592,0.018131874967366457,10,1.0,7640.353592,True,
LOCAL-v1-q4-smooth_shared_field-5050,4,frozen_baseline,15,454.7160254,0.019777124980464578,15,1.0,6820.740381,True,
LOCAL-v1-q4-smooth_shared_field-5051,4,frozen_baseline,11,638.8666811818182,0.015354458009824157,11,1.0,7027.533493,True,
LOCAL-v1-q4-smooth_shared_field-5052,4,frozen_baseline,13,479.04849461538464,0.01772062503732741,13,1.0,6227.63043,True,
LOCAL-v1-q4-smooth_shared_field-5053,4,frozen_baseline,16,413.957733625,0.01949720794800669,16,1.0,6623.323738,True,
LOCAL-v1-q4-smooth_shared_field-5054,4,frozen_baseline,16,634.5434188125,0.02087958308402449,16,1.0,10152.694701,True,
LOCAL-v1-q4-smooth_shared_field-5055,4,frozen_baseline,12,677.77781125,0.014530999935232103,12,1.0,8133.333735,True,
LOCAL-v1-q4-smooth_shared_field-5056,4,frozen_baseline,13,509.92641523076924,0.01657512504607439,13,1.0,6629.043398,True,
LOCAL-v1-q4-smooth_shared_field-5057,4,frozen_baseline,13,514.3694176153847,0.014704624889418483,13,1.0,6686.802429,True,
LOCAL-v1-q4-smooth_shared_field-5058,4,frozen_baseline,14,476.8264875714286,0.017721291980706155,14,1.0,6675.570826,True,
LOCAL-v1-q4-smooth_shared_field-5059,4,frozen_baseline,12,556.12027,0.017966915969736874,12,1.0,6673.44324,True,
LOCAL-v1-q4-smooth_shared_field-5060,4,frozen_baseline,11,628.2402851818182,0.01924058306030929,11,1.0,6910.643137,True,
LOCAL-v1-q4-smooth_shared_field-5061,4,frozen_baseline,13,652.5527607692309,0.01739808393176645,13,1.0,8483.18589,True,
LOCAL-v1-q4-smooth_shared_field-5062,4,frozen_baseline,16,532.51641675,0.021623625070787966,16,1.0,8520.262668,True,
LOCAL-v1-q4-smooth_shared_field-5063,4,frozen_baseline,15,422.0687292,0.02174999995622784,15,1.0,6331.030938,True,
LOCAL-v1-q4-smooth_shared_field-5064,4,frozen_baseline,13,504.3171043846154,0.018287083017639816,13,1.0,6556.122357,True,
LOCAL-v1-q4-smooth_shared_field-5065,4,frozen_baseline,12,632.1799725833333,0.017633749986998737,12,1.0,7586.159671,True,
LOCAL-v1-q4-smooth_shared_field-5066,4,frozen_baseline,10,743.5730599999999,0.017186708049848676,10,1.0,7435.7306,True,
LOCAL-v1-q4-smooth_shared_field-5067,4,frozen_baseline,16,667.214508,0.02110162505414337,16,1.0,10675.432128,True,
LOCAL-v1-q4-smooth_shared_field-5068,4,frozen_baseline,13,523.1063479230769,0.019245750037953258,13,1.0,6800.382523,True,
LOCAL-v1-q4-smooth_shared_field-5069,4,frozen_baseline,14,710.8994553571429,0.020320332958362997,14,1.0,9952.592375,True,
LOCAL-v1-q4-smooth_shared_field-5070,4,frozen_baseline,12,542.485351,0.016432125004939735,12,1.0,6509.824212,True,
LOCAL-v1-q4-smooth_shared_field-5071,4,frozen_baseline,12,564.3303885,0.0197607500012964,12,1.0,6771.964662,True,
LOCAL-v1-q4-smooth_shared_field-5072,4,frozen_baseline,15,489.25915266666664,0.014704375062137842,15,1.0,7338.88729,True,
LOCAL-v1-q4-smooth_shared_field-5073,4,frozen_baseline,10,614.8325374,0.017161124967969954,10,1.0,6148.325374,True,
LOCAL-v1-q4-smooth_shared_field-5074,4,frozen_baseline,16,422.1212171875,0.021000124979764223,16,1.0,6753.939475,True,
LOCAL-v1-q4-smooth_shared_field-5075,4,frozen_baseline,15,445.80142326666663,0.01752387499436736,15,1.0,6687.021349,True,
LOCAL-v1-q4-smooth_shared_field-5076,4,frozen_baseline,12,722.4602423333334,0.022474083001725376,12,1.0,8669.522908,True,
LOCAL-v1-q4-smooth_shared_field-5077,4,frozen_baseline,14,452.11169985714287,0.01855462498497218,14,1.0,6329.563798,True,
LOCAL-v1-q4-smooth_shared_field-5078,4,frozen_baseline,13,618.0905286153846,0.019236332969740033,13,1.0,8035.176872,True,
LOCAL-v1-q4-smooth_shared_field-5079,4,frozen_baseline,10,638.3648565000001,0.014918165979906917,10,1.0,6383.648565,True,
LOCAL-v1-q4-smooth_shared_field-5080,4,frozen_baseline,10,672.4675607,0.017007917049340904,10,1.0,6724.675607,True,
LOCAL-v1-q4-smooth_shared_field-5081,4,frozen_baseline,16,415.8215639375,0.02012208302039653,16,1.0,6653.145023,True,
LOCAL-v1-q4-smooth_shared_field-5082,4,frozen_baseline,13,551.1566178461538,0.016092791920527816,13,1.0,7165.036032,True,
LOCAL-v1-q4-smooth_shared_field-5083,4,frozen_baseline,13,732.977971076923,0.020465957932174206,13,1.0,9528.713624,True,
LOCAL-v1-q4-smooth_shared_field-5084,4,frozen_baseline,14,561.9223804285714,0.018173375050537288,14,1.0,7866.913326,True,
LOCAL-v1-q4-smooth_shared_field-5085,4,frozen_baseline,15,424.3984031333333,0.018468166003003716,15,1.0,6365.976047,True,
LOCAL-v1-q4-smooth_shared_field-5086,4,frozen_baseline,12,644.4926941666666,0.02225866704247892,12,1.0,7733.91233,True,
LOCAL-v1-q4-smooth_shared_field-5087,4,frozen_baseline,13,538.0011936923077,0.01652145804837346,13,1.0,6994.015518,True,
LOCAL-v1-q4-smooth_shared_field-5088,4,frozen_baseline,16,521.754579625,0.0219656660920009,16,1.0,8348.073274,True,
LOCAL-v1-q4-smooth_shared_field-5089,4,frozen_baseline,15,409.77455886666667,0.02028675004839897,15,1.0,6146.618383,True,
LOCAL-v1-q4-smooth_shared_field-5090,4,frozen_baseline,14,463.07508371428577,0.015390999964438379,14,1.0,6483.051172,True,
LOCAL-v1-q4-smooth_shared_field-5091,4,frozen_baseline,12,611.6408854166667,0.017445958103053272,12,1.0,7339.690625,True,
LOCAL-v1-q4-smooth_shared_field-5092,4,frozen_baseline,11,578.8187305454545,0.018133000005036592,11,1.0,6367.006036,True,
LOCAL-v1-q4-smooth_shared_field-5093,4,frozen_baseline,15,552.0793358666667,0.016257832990959287,15,1.0,8281.190038,True,
LOCAL-v1-q4-smooth_shared_field-5094,4,frozen_baseline,11,620.6132731818182,0.014683124958537519,11,1.0,6826.746005,True,
LOCAL-v1-q4-smooth_shared_field-5095,4,frozen_baseline,10,911.7342439,0.016994416946545243,10,1.0,9117.342439,True,
LOCAL-v1-q4-smooth_shared_field-5096,4,frozen_baseline,14,477.94534607142856,0.02085279196035117,14,1.0,6691.234845,True,
LOCAL-v1-q4-smooth_shared_field-5097,4,frozen_baseline,13,544.1760371538462,0.01942049991339445,13,1.0,7074.288483,True,
LOCAL-v1-q4-smooth_shared_field-5098,4,frozen_baseline,16,494.8396441875,0.018915832974016666,16,1.0,7917.434307,True,
LOCAL-v1-q4-smooth_shared_field-5099,4,frozen_baseline,13,664.2783163846154,0.01865108299534768,13,1.0,8635.618113,True,
LOCAL-v1-q4-cell50_shared_field-5000,4,frozen_baseline,11,604.3482687272727,0.018546540988609195,11,1.0,6647.830956,True,
LOCAL-v1-q4-cell50_shared_field-5001,4,frozen_baseline,14,541.6497308571428,0.01814358402043581,14,1.0,7583.096232,True,
LOCAL-v1-q4-cell50_shared_field-5002,4,frozen_baseline,15,511.1764814,0.01531550008803606,15,1.0,7667.647221,True,
LOCAL-v1-q4-cell50_shared_field-5003,4,frozen_baseline,11,617.6353988181818,0.016242708079516888,11,1.0,6793.989387,True,
LOCAL-v1-q4-cell50_shared_field-5004,4,frozen_baseline,12,520.5278074166666,0.018380749970674515,12,1.0,6246.333689,True,
LOCAL-v1-q4-cell50_shared_field-5005,4,frozen_baseline,11,563.8737269090909,0.02045570802874863,11,1.0,6202.610996,True,
LOCAL-v1-q4-cell50_shared_field-5006,4,frozen_baseline,11,743.5668070909092,0.01803779206238687,11,1.0,8179.234878,True,
LOCAL-v1-q4-cell50_shared_field-5007,4,frozen_baseline,11,612.8341861818182,0.022584374994039536,11,1.0,6741.176048,True,
LOCAL-v1-q4-cell50_shared_field-5008,4,frozen_baseline,10,718.0834304,0.01962358399759978,10,1.0,7180.834304,True,
LOCAL-v1-q4-cell50_shared_field-5009,4,frozen_baseline,14,464.71998535714283,0.022060791961848736,14,1.0,6506.079795,True,
LOCAL-v1-q4-cell50_shared_field-5010,4,frozen_baseline,12,531.1773031666667,0.01979150006081909,12,1.0,6374.127638,True,
LOCAL-v1-q4-cell50_shared_field-5011,4,frozen_baseline,15,715.7958465333334,0.018841209006495774,15,1.0,10736.937698,True,
LOCAL-v1-q4-cell50_shared_field-5012,4,frozen_baseline,10,652.4796363,0.014471750007942319,10,1.0,6524.796363,True,
LOCAL-v1-q4-cell50_shared_field-5013,4,frozen_baseline,12,612.6001193333333,0.01487829105462879,12,1.0,7351.201432,True,
LOCAL-v1-q4-cell50_shared_field-5014,4,frozen_baseline,11,612.5008773636364,0.017239791923202574,11,1.0,6737.509651,True,
LOCAL-v1-q4-cell50_shared_field-5015,4,frozen_baseline,12,546.2051511666667,0.01914862496778369,12,1.0,6554.461814,True,
LOCAL-v1-q4-cell50_shared_field-5016,4,frozen_baseline,16,430.4567049375,0.01880437508225441,16,1.0,6887.307279,True,
LOCAL-v1-q4-cell50_shared_field-5017,4,frozen_baseline,15,574.5487486666666,0.016263583092950284,15,1.0,8618.23123,True,
LOCAL-v1-q4-cell50_shared_field-5018,4,frozen_baseline,10,725.4667328,0.015986084006726742,10,1.0,7254.667328,True,
LOCAL-v1-q4-cell50_shared_field-5019,4,frozen_baseline,11,625.9788635454545,0.017854249919764698,11,1.0,6885.767499,True,
LOCAL-v1-q4-cell50_shared_field-5020,4,frozen_baseline,16,438.8621660625,0.017008166993036866,16,1.0,7021.794657,True,
LOCAL-v1-q4-cell50_shared_field-5021,4,frozen_baseline,14,618.6978060714285,0.018519124947488308,14,1.0,8661.769285,True,
LOCAL-v1-q4-cell50_shared_field-5022,4,frozen_baseline,14,586.5506466428571,0.020033375010825694,14,1.0,8211.709053,True,
LOCAL-v1-q4-cell50_shared_field-5023,4,frozen_baseline,15,465.6886880666667,0.02047687501180917,15,1.0,6985.330321,True,
LOCAL-v1-q4-cell50_shared_field-5024,4,frozen_baseline,13,488.75242623076923,0.01600624993443489,13,1.0,6353.781541,True,
LOCAL-v1-q4-cell50_shared_field-5025,4,frozen_baseline,12,610.9026723333333,0.01951979100704193,12,1.0,7330.832068,True,
LOCAL-v1-q4-cell50_shared_field-5026,4,frozen_baseline,15,422.0555864666667,0.01966758305206895,15,1.0,6330.833797,True,
LOCAL-v1-q4-cell50_shared_field-5027,4,frozen_baseline,11,590.4071237272727,0.018108334043063223,11,1.0,6494.478361,True,
LOCAL-v1-q4-cell50_shared_field-5028,4,frozen_baseline,10,679.6411544,0.016248833038844168,10,1.0,6796.411544,True,
LOCAL-v1-q4-cell50_shared_field-5029,4,frozen_baseline,11,766.1139967272727,0.016563667100854218,11,1.0,8427.253964,True,
LOCAL-v1-q4-cell50_shared_field-5030,4,frozen_baseline,12,606.6619221666666,0.01821795804426074,12,1.0,7279.943066,True,
LOCAL-v1-q4-cell50_shared_field-5031,4,frozen_baseline,15,530.4760190000001,0.020104292081668973,15,1.0,7957.140285,True,
LOCAL-v1-q4-cell50_shared_field-5032,4,frozen_baseline,11,553.585993090909,0.017995834001339972,11,1.0,6089.445924,True,
LOCAL-v1-q4-cell50_shared_field-5033,4,frozen_baseline,14,446.3836253571429,0.01919237500987947,14,1.0,6249.370755,True,
LOCAL-v1-q4-cell50_shared_field-5034,4,frozen_baseline,16,515.2782173125,0.020331458072178066,16,1.0,8244.451477,True,
LOCAL-v1-q4-cell50_shared_field-5035,4,frozen_baseline,10,733.3430007,0.014992790995165706,10,1.0,7333.430007,True,
LOCAL-v1-q4-cell50_shared_field-5036,4,frozen_baseline,15,514.4879251333333,0.01819641701877117,15,1.0,7717.318877,True,
LOCAL-v1-q4-cell50_shared_field-5037,4,frozen_baseline,15,497.20595073333334,0.022007749998010695,15,1.0,7458.089261,True,
LOCAL-v1-q4-cell50_shared_field-5038,4,frozen_baseline,16,467.2345816875,0.01824991696048528,16,1.0,7475.753307,True,
LOCAL-v1-q4-cell50_shared_field-5039,4,frozen_baseline,10,680.2447341,0.017404875019565225,10,1.0,6802.447341,True,
LOCAL-v1-q4-cell50_shared_field-5040,4,frozen_baseline,15,428.7294799333333,0.01808933401480317,15,1.0,6430.942199,True,
LOCAL-v1-q4-cell50_shared_field-5041,4,frozen_baseline,15,504.8252174,0.02070337499026209,15,1.0,7572.378261,True,
LOCAL-v1-q4-cell50_shared_field-5042,4,frozen_baseline,11,869.3967358181818,0.01734124997165054,11,1.0,9563.364094,True,
LOCAL-v1-q4-cell50_shared_field-5043,4,frozen_baseline,12,562.9313975833334,0.017962582991458476,12,1.0,6755.176771,True,
LOCAL-v1-q4-cell50_shared_field-5044,4,frozen_baseline,11,662.3189646363636,0.016644792049191892,11,1.0,7285.508611,True,
LOCAL-v1-q4-cell50_shared_field-5045,4,frozen_baseline,11,571.8946372727273,0.014748708112165332,11,1.0,6290.84101,True,
LOCAL-v1-q4-cell50_shared_field-5046,4,frozen_baseline,10,661.8777779,0.01795854198280722,10,1.0,6618.777779,True,
LOCAL-v1-q4-cell50_shared_field-5047,4,frozen_baseline,16,394.3123415625,0.022577333031222224,16,1.0,6308.997465,True,
LOCAL-v1-q4-cell50_shared_field-5048,4,frozen_baseline,12,565.9356354166667,0.015064917039126158,12,1.0,6791.227625,True,
LOCAL-v1-q4-cell50_shared_field-5049,4,frozen_baseline,10,738.9152334,0.018013791064731777,10,1.0,7389.152334,True,
LOCAL-v1-q4-cell50_shared_field-5050,4,frozen_baseline,15,471.29673526666664,0.019802624941803515,15,1.0,7069.451029,True,
LOCAL-v1-q4-cell50_shared_field-5051,4,frozen_baseline,11,632.5333436363636,0.015282833948731422,11,1.0,6957.86678,True,
LOCAL-v1-q4-cell50_shared_field-5052,4,frozen_baseline,13,480.95671223076926,0.019611709052696824,13,1.0,6252.437259,True,
LOCAL-v1-q4-cell50_shared_field-5053,4,frozen_baseline,16,413.4444308125,0.019616374978795648,16,1.0,6615.110893,True,
LOCAL-v1-q4-cell50_shared_field-5054,4,frozen_baseline,16,423.52921875,0.020394708961248398,16,1.0,6776.4675,True,
LOCAL-v1-q4-cell50_shared_field-5055,4,frozen_baseline,12,646.1345244166666,0.014531542081385851,12,1.0,7753.614293,True,
LOCAL-v1-q4-cell50_shared_field-5056,4,frozen_baseline,13,514.9001728461539,0.0164715830469504,13,1.0,6693.702247,True,
LOCAL-v1-q4-cell50_shared_field-5057,4,frozen_baseline,13,513.7073801538462,0.014696207945235074,13,1.0,6678.195942,True,
LOCAL-v1-q4-cell50_shared_field-5058,4,frozen_baseline,14,450.9923749285714,0.017904542037285864,14,1.0,6313.893249,True,
LOCAL-v1-q4-cell50_shared_field-5059,4,frozen_baseline,12,534.5488618333333,0.018429667106829584,12,1.0,6414.586342,True,
LOCAL-v1-q4-cell50_shared_field-5060,4,frozen_baseline,11,633.1513809090909,0.020762374973855913,11,1.0,6964.66519,True,
LOCAL-v1-q4-cell50_shared_field-5061,4,frozen_baseline,13,709.0765662307692,0.017545790993608534,13,1.0,9217.995361,True,
LOCAL-v1-q4-cell50_shared_field-5062,4,frozen_baseline,16,633.2188709375,0.022046083002351224,16,1.0,10131.501935,True,
LOCAL-v1-q4-cell50_shared_field-5063,4,frozen_baseline,15,411.02873246666667,0.021635166951455176,15,1.0,6165.430987,True,
LOCAL-v1-q4-cell50_shared_field-5064,4,frozen_baseline,13,521.4249236153846,0.018297708011232316,13,1.0,6778.524007,True,
LOCAL-v1-q4-cell50_shared_field-5065,4,frozen_baseline,12,621.3949868333333,0.01588900003116578,12,1.0,7456.739842,True,
LOCAL-v1-q4-cell50_shared_field-5066,4,frozen_baseline,10,646.3892019,0.016924792085774243,10,1.0,6463.892019,True,
LOCAL-v1-q4-cell50_shared_field-5067,4,frozen_baseline,16,438.2031735625,0.02078529098071158,16,1.0,7011.250777,True,
LOCAL-v1-q4-cell50_shared_field-5068,4,frozen_baseline,13,554.3052991538461,0.019307791022583842,13,1.0,7205.968889,True,
LOCAL-v1-q4-cell50_shared_field-5069,4,frozen_baseline,14,540.9984721428572,0.020178625010885298,14,1.0,7573.97861,True,
LOCAL-v1-q4-cell50_shared_field-5070,4,frozen_baseline,12,543.2916198333334,0.016674833022989333,12,1.0,6519.499438,True,
LOCAL-v1-q4-cell50_shared_field-5071,4,frozen_baseline,12,563.6255046666666,0.01969066692981869,12,1.0,6763.506056,True,
LOCAL-v1-q4-cell50_shared_field-5072,4,frozen_baseline,15,521.976257,0.014814041904173791,15,1.0,7829.643855,True,
LOCAL-v1-q4-cell50_shared_field-5073,4,frozen_baseline,10,621.0040271,0.01737274997867644,10,1.0,6210.040271,True,
LOCAL-v1-q4-cell50_shared_field-5074,4,frozen_baseline,16,414.0610250625,0.021252249949611723,16,1.0,6624.976401,True,
LOCAL-v1-q4-cell50_shared_field-5075,4,frozen_baseline,15,448.4154791333333,0.017726791091263294,15,1.0,6726.232187,True,
LOCAL-v1-q4-cell50_shared_field-5076,4,frozen_baseline,12,584.2169807500001,0.022700582980178297,12,1.0,7010.603769,True,
LOCAL-v1-q4-cell50_shared_field-5077,4,frozen_baseline,14,561.0806693571428,0.018650416051968932,14,1.0,7855.129371,True,
LOCAL-v1-q4-cell50_shared_field-5078,4,frozen_baseline,13,512.2171202307692,0.018844333011657,13,1.0,6658.822563,True,
LOCAL-v1-q4-cell50_shared_field-5079,4,frozen_baseline,10,646.6934376,0.014420665916986763,10,1.0,6466.934376,True,
LOCAL-v1-q4-cell50_shared_field-5080,4,frozen_baseline,10,943.6374167,0.017199791967868805,10,1.0,9436.374167,True,
LOCAL-v1-q4-cell50_shared_field-5081,4,frozen_baseline,16,460.8826765,0.018809833098202944,16,1.0,7374.122824,True,
LOCAL-v1-q4-cell50_shared_field-5082,4,frozen_baseline,13,537.0607133846154,0.016245209029875696,13,1.0,6981.789274,True,
LOCAL-v1-q4-cell50_shared_field-5083,4,frozen_baseline,13,508.3174240769231,0.020572250010445714,13,1.0,6608.126513,True,
LOCAL-v1-q4-cell50_shared_field-5084,4,frozen_baseline,14,641.697263857143,0.01825891702901572,14,1.0,8983.761694,True,
LOCAL-v1-q4-cell50_shared_field-5085,4,frozen_baseline,15,416.7422158,0.019484209013171494,15,1.0,6251.133237,True,
LOCAL-v1-q4-cell50_shared_field-5086,4,frozen_baseline,12,878.2281761666667,0.022877374896779656,12,1.0,10538.738114,True,
LOCAL-v1-q4-cell50_shared_field-5087,4,frozen_baseline,13,523.5887595384615,0.016725666006095707,13,1.0,6806.653874,True,
LOCAL-v1-q4-cell50_shared_field-5088,4,frozen_baseline,16,648.9630684375,0.02221491700038314,16,1.0,10383.409095,True,
LOCAL-v1-q4-cell50_shared_field-5089,4,frozen_baseline,15,405.7587382666667,0.020109541015699506,15,1.0,6086.381074,True,
LOCAL-v1-q4-cell50_shared_field-5090,4,frozen_baseline,14,461.8008814285714,0.015383084071800113,14,1.0,6465.21234,True,
LOCAL-v1-q4-cell50_shared_field-5091,4,frozen_baseline,12,573.7406110000001,0.015937959076836705,12,1.0,6884.887332,True,
LOCAL-v1-q4-cell50_shared_field-5092,4,frozen_baseline,11,569.6138924545454,0.018814750015735626,11,1.0,6265.752817,True,
LOCAL-v1-q4-cell50_shared_field-5093,4,frozen_baseline,15,568.135729,0.016623832983896136,15,1.0,8522.035935,True,
LOCAL-v1-q4-cell50_shared_field-5094,4,frozen_baseline,11,634.715260909091,0.014814166002906859,11,1.0,6981.86787,True,
LOCAL-v1-q4-cell50_shared_field-5095,4,frozen_baseline,10,720.5779805,0.018255625036545098,10,1.0,7205.779805,True,
LOCAL-v1-q4-cell50_shared_field-5096,4,frozen_baseline,14,479.2077075714286,0.020949792000465095,14,1.0,6708.907906,True,
LOCAL-v1-q4-cell50_shared_field-5097,4,frozen_baseline,13,552.864984,0.019456916954368353,13,1.0,7187.244792,True,
LOCAL-v1-q4-cell50_shared_field-5098,4,frozen_baseline,16,416.890602375,0.019158666022121906,16,1.0,6670.249638,True,
LOCAL-v1-q4-cell50_shared_field-5099,4,frozen_baseline,13,650.5567092307693,0.019026124966330826,13,1.0,8457.23722,True,
LOCAL-v1-q4-cell500_shared_field-5000,4,frozen_baseline,11,585.9050421818182,0.01858262496534735,11,1.0,6444.955464,True,
LOCAL-v1-q4-cell500_shared_field-5001,4,frozen_baseline,14,543.4643184285715,0.018179332953877747,14,1.0,7608.500458,True,
LOCAL-v1-q4-cell500_shared_field-5002,4,frozen_baseline,15,448.5853944,0.015377750038169324,15,1.0,6728.780916,True,
LOCAL-v1-q4-cell500_shared_field-5003,4,frozen_baseline,11,616.440316,0.016413374920375645,11,1.0,6780.843476,True,
LOCAL-v1-q4-cell500_shared_field-5004,4,frozen_baseline,12,523.3238273333333,0.01817983400542289,12,1.0,6279.885928,True,
LOCAL-v1-q4-cell500_shared_field-5005,4,frozen_baseline,11,566.6793182727273,0.020459707942791283,11,1.0,6233.472501,True,
LOCAL-v1-q4-cell500_shared_field-5006,4,frozen_baseline,11,723.1248604545455,0.017928167013451457,11,1.0,7954.373465,True,
LOCAL-v1-q4-cell500_shared_field-5007,4,frozen_baseline,11,613.4991341818181,0.02239375002682209,11,1.0,6748.490476,True,
LOCAL-v1-q4-cell500_shared_field-5008,4,frozen_baseline,10,706.0138018,0.019394875038415194,10,1.0,7060.138018,True,
LOCAL-v1-q4-cell500_shared_field-5009,4,frozen_baseline,14,464.1890697142857,0.021750334068201482,14,1.0,6498.646976,True,
LOCAL-v1-q4-cell500_shared_field-5010,4,frozen_baseline,12,531.6905370833333,0.019552209065295756,12,1.0,6380.286445,True,
LOCAL-v1-q4-cell500_shared_field-5011,4,frozen_baseline,15,449.60753013333334,0.018388292053714395,15,1.0,6744.112952,True,
LOCAL-v1-q4-cell500_shared_field-5012,4,frozen_baseline,10,628.8218801,0.01436845795251429,10,1.0,6288.218801,True,
LOCAL-v1-q4-cell500_shared_field-5013,4,frozen_baseline,12,581.4079363333334,0.015075832954607904,12,1.0,6976.895236,True,
LOCAL-v1-q4-cell500_shared_field-5014,4,frozen_baseline,11,719.3817533636364,0.017509625060483813,11,1.0,7913.199287,True,
LOCAL-v1-q4-cell500_shared_field-5015,4,frozen_baseline,12,525.13307175,0.019186540972441435,12,1.0,6301.596861,True,
LOCAL-v1-q4-cell500_shared_field-5016,4,frozen_baseline,16,408.2884941875,0.019102332997135818,16,1.0,6532.615907,True,
LOCAL-v1-q4-cell500_shared_field-5017,4,frozen_baseline,15,524.9853972,0.01775395800359547,15,1.0,7874.780958,True,
LOCAL-v1-q4-cell500_shared_field-5018,4,frozen_baseline,10,835.8679491999999,0.015875375014729798,10,1.0,8358.679492,True,
LOCAL-v1-q4-cell500_shared_field-5019,4,frozen_baseline,11,628.7466505454545,0.017810208024457097,11,1.0,6916.213156,True,
LOCAL-v1-q4-cell500_shared_field-5020,4,frozen_baseline,16,466.9563771875,0.016728458926081657,16,1.0,7471.302035,True,
LOCAL-v1-q4-cell500_shared_field-5021,4,frozen_baseline,14,834.1593797857142,0.01844149990938604,14,1.0,11678.231317,True,
LOCAL-v1-q4-cell500_shared_field-5022,4,frozen_baseline,14,679.1633935714286,0.015644541941583157,14,1.0,9508.28751,True,
LOCAL-v1-q4-cell500_shared_field-5023,4,frozen_baseline,15,446.32578593333335,0.020856749964877963,15,1.0,6694.886789,True,
LOCAL-v1-q4-cell500_shared_field-5024,4,frozen_baseline,13,488.2027199230769,0.016096333973109722,13,1.0,6346.635359,True,
LOCAL-v1-q4-cell500_shared_field-5025,4,frozen_baseline,12,595.1547314166667,0.0196352080674842,12,1.0,7141.856777,True,
LOCAL-v1-q4-cell500_shared_field-5026,4,frozen_baseline,15,419.64132866666665,0.019442417076788843,15,1.0,6294.61993,True,
LOCAL-v1-q4-cell500_shared_field-5027,4,frozen_baseline,11,637.7639642727273,0.018394167069345713,11,1.0,7015.403607,True,
LOCAL-v1-q4-cell500_shared_field-5028,4,frozen_baseline,10,679.8942989999999,0.016215582960285246,10,1.0,6798.94299,True,
LOCAL-v1-q4-cell500_shared_field-5029,4,frozen_baseline,11,681.9885876363637,0.016562832985073328,11,1.0,7501.874464,True,
LOCAL-v1-q4-cell500_shared_field-5030,4,frozen_baseline,12,564.2133243333334,0.01839329209178686,12,1.0,6770.559892,True,
LOCAL-v1-q4-cell500_shared_field-5031,4,frozen_baseline,15,568.0986792,0.019987332983873785,15,1.0,8521.480188,True,
LOCAL-v1-q4-cell500_shared_field-5032,4,frozen_baseline,11,558.5027721818182,0.018074958003126085,11,1.0,6143.530494,True,
LOCAL-v1-q4-cell500_shared_field-5033,4,frozen_baseline,14,445.8311005714286,0.018826082930900156,14,1.0,6241.635408,True,
LOCAL-v1-q4-cell500_shared_field-5034,4,frozen_baseline,16,557.1638589375,0.018465750035829842,16,1.0,8914.621743,True,
LOCAL-v1-q4-cell500_shared_field-5035,4,frozen_baseline,10,719.8865815,0.014865624951198697,10,1.0,7198.865815,True,
LOCAL-v1-q4-cell500_shared_field-5036,4,frozen_baseline,15,547.4982262666667,0.01817349996417761,15,1.0,8212.473394,True,
LOCAL-v1-q4-cell500_shared_field-5037,4,frozen_baseline,15,488.11138980000004,0.021631999989040196,15,1.0,7321.670847,True,
LOCAL-v1-q4-cell500_shared_field-5038,4,frozen_baseline,16,470.319335375,0.018256874987855554,16,1.0,7525.109366,True,
LOCAL-v1-q4-cell500_shared_field-5039,4,frozen_baseline,10,666.2001325,0.017251917044632137,10,1.0,6662.001325,True,
LOCAL-v1-q4-cell500_shared_field-5040,4,frozen_baseline,15,420.79063226666665,0.01813558302819729,15,1.0,6311.859484,True,
LOCAL-v1-q4-cell500_shared_field-5041,4,frozen_baseline,15,503.37914766666665,0.02108824998140335,15,1.0,7550.687215,True,
LOCAL-v1-q4-cell500_shared_field-5042,4,frozen_baseline,11,620.8050290909091,0.02062945906072855,11,1.0,6828.85532,True,
LOCAL-v1-q4-cell500_shared_field-5043,4,frozen_baseline,12,558.9325725833334,0.01808462501503527,12,1.0,6707.190871,True,
LOCAL-v1-q4-cell500_shared_field-5044,4,frozen_baseline,11,647.6794315454546,0.01655095792375505,11,1.0,7124.473747,True,
LOCAL-v1-q4-cell500_shared_field-5045,4,frozen_baseline,11,571.9524353636364,0.014795999974012375,11,1.0,6291.476789,True,
LOCAL-v1-q4-cell500_shared_field-5046,4,frozen_baseline,10,681.8671529999999,0.017923375009559095,10,1.0,6818.67153,True,
LOCAL-v1-q4-cell500_shared_field-5047,4,frozen_baseline,16,395.0702118125,0.022896665963344276,16,1.0,6321.123389,True,
LOCAL-v1-q4-cell500_shared_field-5048,4,frozen_baseline,12,556.3044052500001,0.015011583920568228,12,1.0,6675.652863,True,
LOCAL-v1-q4-cell500_shared_field-5049,4,frozen_baseline,10,782.374744,0.018268917105160654,10,1.0,7823.74744,True,
LOCAL-v1-q4-cell500_shared_field-5050,4,frozen_baseline,15,501.8063246,0.01995633402839303,15,1.0,7527.094869,True,
LOCAL-v1-q4-cell500_shared_field-5051,4,frozen_baseline,11,632.8627528181819,0.015465250005945563,11,1.0,6961.490281,True,
LOCAL-v1-q4-cell500_shared_field-5052,4,frozen_baseline,13,482.32439369230764,0.019668332999572158,13,1.0,6270.217118,True,
LOCAL-v1-q4-cell500_shared_field-5053,4,frozen_baseline,16,412.5892156875,0.01967683294788003,16,1.0,6601.427451,True,
LOCAL-v1-q4-cell500_shared_field-5054,4,frozen_baseline,16,462.2874409375,0.02060375001747161,16,1.0,7396.599055,True,
LOCAL-v1-q4-cell500_shared_field-5055,4,frozen_baseline,12,685.6568411666667,0.014592583989724517,12,1.0,8227.882094,True,
LOCAL-v1-q4-cell500_shared_field-5056,4,frozen_baseline,13,515.1876965384615,0.01674708304926753,13,1.0,6697.440055,True,
LOCAL-v1-q4-cell500_shared_field-5057,4,frozen_baseline,13,525.4541958461539,0.0149819579673931,13,1.0,6830.904546,True,
LOCAL-v1-q4-cell500_shared_field-5058,4,frozen_baseline,14,450.4672837857143,0.018047082936391234,14,1.0,6306.541973,True,
LOCAL-v1-q4-cell500_shared_field-5059,4,frozen_baseline,12,534.8628915833334,0.018140624975785613,12,1.0,6418.354699,True,
LOCAL-v1-q4-cell500_shared_field-5060,4,frozen_baseline,11,623.4390128181818,0.0206301670987159,11,1.0,6857.829141,True,
LOCAL-v1-q4-cell500_shared_field-5061,4,frozen_baseline,13,690.904049923077,0.017513625090941787,13,1.0,8981.752649,True,
LOCAL-v1-q4-cell500_shared_field-5062,4,frozen_baseline,16,655.10225725,0.021855375031009316,16,1.0,10481.636116,True,
LOCAL-v1-q4-cell500_shared_field-5063,4,frozen_baseline,15,447.66370693333334,0.02213416702579707,15,1.0,6714.955604,True,
LOCAL-v1-q4-cell500_shared_field-5064,4,frozen_baseline,13,505.34508323076926,0.018395125051029027,13,1.0,6569.486082,True,
LOCAL-v1-q4-cell500_shared_field-5065,4,frozen_baseline,12,578.7225680833334,0.01486495800781995,12,1.0,6944.670817,True,
LOCAL-v1-q4-cell500_shared_field-5066,4,frozen_baseline,10,644.8178079,0.01728675002232194,10,1.0,6448.178079,True,
LOCAL-v1-q4-cell500_shared_field-5067,4,frozen_baseline,16,482.601456125,0.021161500015296042,16,1.0,7721.623298,True,
LOCAL-v1-q4-cell500_shared_field-5068,4,frozen_baseline,13,549.8955546923078,0.019586249953135848,13,1.0,7148.642211,True,
LOCAL-v1-q4-cell500_shared_field-5069,4,frozen_baseline,14,708.1589135,0.02025862503796816,14,1.0,9914.224789,True,
LOCAL-v1-q4-cell500_shared_field-5070,4,frozen_baseline,12,553.358307,0.01675179204903543,12,1.0,6640.299684,True,
LOCAL-v1-q4-cell500_shared_field-5071,4,frozen_baseline,12,564.49523475,0.019675874966196716,12,1.0,6773.942817,True,
LOCAL-v1-q4-cell500_shared_field-5072,4,frozen_baseline,15,485.909264,0.014786917017772794,15,1.0,7288.63896,True,
LOCAL-v1-q4-cell500_shared_field-5073,4,frozen_baseline,10,627.3822357,0.017158625065349042,10,1.0,6273.822357,True,
LOCAL-v1-q4-cell500_shared_field-5074,4,frozen_baseline,16,414.368233125,0.021267249947413802,16,1.0,6629.89173,True,
LOCAL-v1-q4-cell500_shared_field-5075,4,frozen_baseline,15,440.6888936666667,0.017722667078487575,15,1.0,6610.333405,True,
LOCAL-v1-q4-cell500_shared_field-5076,4,frozen_baseline,12,572.2078355833333,0.02242179191671312,12,1.0,6866.494027,True,
LOCAL-v1-q4-cell500_shared_field-5077,4,frozen_baseline,14,485.2149827142857,0.019551125005818903,14,1.0,6793.009758,True,
LOCAL-v1-q4-cell500_shared_field-5078,4,frozen_baseline,13,513.7206610769231,0.019183625001460314,13,1.0,6678.368594,True,
LOCAL-v1-q4-cell500_shared_field-5079,4,frozen_baseline,10,647.7839916,0.014775458024814725,10,1.0,6477.839916,True,
LOCAL-v1-q4-cell500_shared_field-5080,4,frozen_baseline,10,898.0093752,0.017319916049018502,10,1.0,8980.093752,True,
LOCAL-v1-q4-cell500_shared_field-5081,4,frozen_baseline,16,445.3970988125,0.018847249913960695,16,1.0,7126.353581,True,
LOCAL-v1-q4-cell500_shared_field-5082,4,frozen_baseline,13,524.7218942307692,0.016233625006861985,13,1.0,6821.384625,True,
LOCAL-v1-q4-cell500_shared_field-5083,4,frozen_baseline,13,570.6683529230769,0.020318415947258472,13,1.0,7418.688588,True,
LOCAL-v1-q4-cell500_shared_field-5084,4,frozen_baseline,14,515.4937297857143,0.01829191599972546,14,1.0,7216.912217,True,
LOCAL-v1-q4-cell500_shared_field-5085,4,frozen_baseline,15,538.5248856000001,0.019626874942332506,15,1.0,8077.873284,True,
LOCAL-v1-q4-cell500_shared_field-5086,4,frozen_baseline,12,680.3354829166666,0.021096166921779513,12,1.0,8164.025795,True,
LOCAL-v1-q4-cell500_shared_field-5087,4,frozen_baseline,13,538.1000013846153,0.01667229097802192,13,1.0,6995.300018,True,
LOCAL-v1-q4-cell500_shared_field-5088,4,frozen_baseline,16,447.155685875,0.022433290956541896,16,1.0,7154.490974,True,
LOCAL-v1-q4-cell500_shared_field-5089,4,frozen_baseline,15,404.1462178666667,0.020343709038570523,15,1.0,6062.193268,True,
LOCAL-v1-q4-cell500_shared_field-5090,4,frozen_baseline,14,463.0179667857143,0.015561833046376705,14,1.0,6482.251535,True,
LOCAL-v1-q4-cell500_shared_field-5091,4,frozen_baseline,12,622.1464915,0.01596987491939217,12,1.0,7465.757898,True,
LOCAL-v1-q4-cell500_shared_field-5092,4,frozen_baseline,11,569.7969081818181,0.018743708031252027,11,1.0,6267.76599,True,
LOCAL-v1-q4-cell500_shared_field-5093,4,frozen_baseline,15,552.0790888666667,0.01649599999655038,15,1.0,8281.186333,True,
LOCAL-v1-q4-cell500_shared_field-5094,4,frozen_baseline,11,632.8792178181818,0.014723374973982573,11,1.0,6961.671396,True,
LOCAL-v1-q4-cell500_shared_field-5095,4,frozen_baseline,10,731.8123760999999,0.017127208062447608,10,1.0,7318.123761,True,
LOCAL-v1-q4-cell500_shared_field-5096,4,frozen_baseline,14,481.0479361428571,0.021039583021774888,14,1.0,6734.671106,True,
LOCAL-v1-q4-cell500_shared_field-5097,4,frozen_baseline,13,544.2036276153847,0.01980866608209908,13,1.0,7074.647159,True,
LOCAL-v1-q4-cell500_shared_field-5098,4,frozen_baseline,16,405.583708125,0.019293957971967757,16,1.0,6489.33933,True,
LOCAL-v1-q4-cell500_shared_field-5099,4,frozen_baseline,13,679.8846238461539,0.01899300003424287,13,1.0,8838.50011,True,
LOCAL-v1-q4-edge_mixed_min_radius-5000,4,frozen_baseline,11,800.9945518181819,0.01786504196934402,11,1.0,8810.94007,True,
LOCAL-v1-q4-edge_mixed_min_radius-5001,4,frozen_baseline,14,741.7835821428571,0.019401292083784938,14,1.0,10384.97015,True,
LOCAL-v1-q4-edge_mixed_min_radius-5002,4,frozen_baseline,15,619.1579435333333,0.018752124975435436,15,1.0,9287.369153,True,
LOCAL-v1-q4-edge_mixed_min_radius-5003,4,frozen_baseline,11,643.8686720000001,0.018230417044833302,11,1.0,7082.555392,True,
LOCAL-v1-q4-edge_mixed_min_radius-5004,4,frozen_baseline,12,546.7765215000001,0.01660783402621746,12,1.0,6561.318258,True,
LOCAL-v1-q4-edge_mixed_min_radius-5005,4,frozen_baseline,11,645.9884263636363,0.016008500009775162,11,1.0,7105.87269,True,
LOCAL-v1-q4-edge_mixed_min_radius-5006,4,frozen_baseline,11,756.5893940000001,0.01785058295354247,11,1.0,8322.483334,True,
LOCAL-v1-q4-edge_mixed_min_radius-5007,4,frozen_baseline,11,725.1561296363636,0.016718042083084583,11,1.0,7976.717426,True,
LOCAL-v1-q4-edge_mixed_min_radius-5008,4,frozen_baseline,10,823.1531074000001,0.014096457976847887,10,1.0,8231.531074,True,
LOCAL-v1-q4-edge_mixed_min_radius-5009,4,frozen_baseline,14,503.36899514285716,0.017647291999310255,14,1.0,7047.165932,True,
LOCAL-v1-q4-edge_mixed_min_radius-5010,4,frozen_baseline,12,531.2379334999999,0.020040499977767467,12,1.0,6374.855202,True,
LOCAL-v1-q4-edge_mixed_min_radius-5011,4,frozen_baseline,15,424.12467399999997,0.02158191695343703,15,1.0,6361.87011,True,
LOCAL-v1-q4-edge_mixed_min_radius-5012,4,frozen_baseline,10,734.469208,0.017916708020493388,10,1.0,7344.69208,True,
LOCAL-v1-q4-edge_mixed_min_radius-5013,4,frozen_baseline,12,595.9616494166667,0.01924041600432247,12,1.0,7151.539793,True,
LOCAL-v1-q4-edge_mixed_min_radius-5014,4,frozen_baseline,11,807.0765850909091,0.015504625043831766,11,1.0,8877.842436,True,
LOCAL-v1-q4-edge_mixed_min_radius-5015,4,frozen_baseline,12,630.5127854166667,0.016265457961708307,12,1.0,7566.153425,True,
LOCAL-v1-q4-edge_mixed_min_radius-5016,4,frozen_baseline,16,493.3497158125,0.017672082991339266,16,1.0,7893.595453,True,
LOCAL-v1-q4-edge_mixed_min_radius-5017,4,frozen_baseline,15,614.576973,0.016781375044956803,15,1.0,9218.654595,True,
LOCAL-v1-q4-edge_mixed_min_radius-5018,4,frozen_baseline,10,773.3594223,0.01527325005736202,10,1.0,7733.594223,True,
LOCAL-v1-q4-edge_mixed_min_radius-5019,4,frozen_baseline,11,582.1932485454546,0.01850920799188316,11,1.0,6404.125734,True,
LOCAL-v1-q4-edge_mixed_min_radius-5020,4,frozen_baseline,16,456.295149375,0.019796582986600697,16,1.0,7300.72239,True,
LOCAL-v1-q4-edge_mixed_min_radius-5021,4,frozen_baseline,14,696.5865047857143,0.01575245801359415,14,1.0,9752.211067,True,
LOCAL-v1-q4-edge_mixed_min_radius-5022,4,frozen_baseline,14,660.9818787857142,0.015776874963194132,14,1.0,9253.746303,True,
LOCAL-v1-q4-edge_mixed_min_radius-5023,4,frozen_baseline,15,499.8048402,0.018860624986700714,15,1.0,7497.072603,True,
LOCAL-v1-q4-edge_mixed_min_radius-5024,4,frozen_baseline,13,607.5583015384616,0.020565208978950977,13,1.0,7898.25792,True,
LOCAL-v1-q4-edge_mixed_min_radius-5025,4,frozen_baseline,12,669.2232211666667,0.018148500006645918,12,1.0,8030.678654,True,
LOCAL-v1-q4-edge_mixed_min_radius-5026,4,frozen_baseline,15,446.9963114,0.022533749928697944,15,1.0,6704.944671,True,
LOCAL-v1-q4-edge_mixed_min_radius-5027,4,frozen_baseline,11,625.966649,0.037231958005577326,11,1.0,6885.633139,True,
LOCAL-v1-q4-edge_mixed_min_radius-5028,4,frozen_baseline,10,651.7642768,0.016199291916564107,10,1.0,6517.642768,True,
LOCAL-v1-q4-edge_mixed_min_radius-5029,4,frozen_baseline,11,696.7846290909091,0.014937250060029328,11,1.0,7664.63092,True,
LOCAL-v1-q4-edge_mixed_min_radius-5030,4,frozen_baseline,12,629.9151009999999,0.017419083043932915,12,1.0,7558.981212,True,
LOCAL-v1-q4-edge_mixed_min_radius-5031,4,frozen_baseline,15,569.0524075333334,0.016565834055654705,15,1.0,8535.786113,True,
LOCAL-v1-q4-edge_mixed_min_radius-5032,4,frozen_baseline,11,613.0974537272728,0.015301709063351154,11,1.0,6744.071991,True,
LOCAL-v1-q4-edge_mixed_min_radius-5033,4,frozen_baseline,14,516.0926977142857,0.018723709043115377,14,1.0,7225.297768,True,
LOCAL-v1-q4-edge_mixed_min_radius-5034,4,frozen_baseline,16,500.2597061875,0.01843495899811387,16,1.0,8004.155299,True,
LOCAL-v1-q4-edge_mixed_min_radius-5035,4,frozen_baseline,10,817.9419769,0.017266749986447394,10,1.0,8179.419769,True,
LOCAL-v1-q4-edge_mixed_min_radius-5036,4,frozen_baseline,15,635.0619801333333,0.016891916980966926,15,1.0,9525.929702,True,
LOCAL-v1-q4-edge_mixed_min_radius-5037,4,frozen_baseline,15,556.7862680666666,0.01997662498615682,15,1.0,8351.794021,True,
LOCAL-v1-q4-edge_mixed_min_radius-5038,4,frozen_baseline,16,450.9218555,0.020757666905410588,16,1.0,7214.749688,True,
LOCAL-v1-q4-edge_mixed_min_radius-5039,4,frozen_baseline,10,830.7216543000001,0.10667270806152374,10,1.0,8307.216543,True,
LOCAL-v1-q4-edge_mixed_min_radius-5040,4,frozen_baseline,15,522.6875454666666,0.03578124998603016,15,1.0,7840.313182,True,
LOCAL-v1-q4-edge_mixed_min_radius-5041,4,frozen_baseline,15,448.7014158666667,0.020956541993655264,15,1.0,6730.521238,True,
LOCAL-v1-q4-edge_mixed_min_radius-5042,4,frozen_baseline,11,801.7764628181817,0.025119249941781163,11,1.0,8819.541091,True,
LOCAL-v1-q4-edge_mixed_min_radius-5043,4,frozen_baseline,12,660.8631981666666,0.02621462498791516,12,1.0,7930.358378,True,
LOCAL-v1-q4-edge_mixed_min_radius-5044,4,frozen_baseline,11,752.9313286363636,0.019157250062562525,11,1.0,8282.244615,True,
LOCAL-v1-q4-edge_mixed_min_radius-5045,4,frozen_baseline,11,575.1879480909091,0.020309458952397108,11,1.0,6327.067429,True,
LOCAL-v1-q4-edge_mixed_min_radius-5046,4,frozen_baseline,10,581.6765141,0.01894558290950954,10,1.0,5816.765141,True,
LOCAL-v1-q4-edge_mixed_min_radius-5047,4,frozen_baseline,16,463.342902875,0.018526625004597008,16,1.0,7413.486446,True,
LOCAL-v1-q4-edge_mixed_min_radius-5048,4,frozen_baseline,12,621.6266174166667,0.017265249975025654,12,1.0,7459.519409,True,
LOCAL-v1-q4-edge_mixed_min_radius-5049,4,frozen_baseline,10,731.2418732,0.015821291017346084,10,1.0,7312.418732,True,
LOCAL-v1-q4-edge_mixed_min_radius-5050,4,frozen_baseline,15,530.8477098,0.01786583394277841,15,1.0,7962.715647,True,
LOCAL-v1-q4-edge_mixed_min_radius-5051,4,frozen_baseline,11,696.9729336363636,0.01583829103037715,11,1.0,7666.70227,True,
LOCAL-v1-q4-edge_mixed_min_radius-5052,4,frozen_baseline,13,583.6490964615384,0.017949874978512526,13,1.0,7587.438254,True,
LOCAL-v1-q4-edge_mixed_min_radius-5053,4,frozen_baseline,16,487.2425694375,0.017010790994390845,16,1.0,7795.881111,True,
LOCAL-v1-q4-edge_mixed_min_radius-5054,4,frozen_baseline,16,470.846790625,0.016490374924615026,16,1.0,7533.54865,True,
LOCAL-v1-q4-edge_mixed_min_radius-5055,4,frozen_baseline,12,957.7293962499999,0.015312999952584505,12,1.0,11492.752755,True,
LOCAL-v1-q4-edge_mixed_min_radius-5056,4,frozen_baseline,13,718.655138,0.015211667050607502,13,1.0,9342.516794,True,
LOCAL-v1-q4-edge_mixed_min_radius-5057,4,frozen_baseline,13,527.1363643846154,0.017989750020205975,13,1.0,6852.772737,True,
LOCAL-v1-q4-edge_mixed_min_radius-5058,4,frozen_baseline,14,461.1900678571429,0.017889040987938643,14,1.0,6456.66095,True,
LOCAL-v1-q4-edge_mixed_min_radius-5059,4,frozen_baseline,12,516.8116130833333,0.01891612506005913,12,1.0,6201.739357,True,
LOCAL-v1-q4-edge_mixed_min_radius-5060,4,frozen_baseline,11,773.7151230909091,0.015482124988920987,11,1.0,8510.866354,True,
LOCAL-v1-q4-edge_mixed_min_radius-5061,4,frozen_baseline,13,641.172594076923,0.018138500046916306,13,1.0,8335.243723,True,
LOCAL-v1-q4-edge_mixed_min_radius-5062,4,frozen_baseline,16,536.562588875,0.01782958407420665,16,1.0,8585.001422,True,
LOCAL-v1-q4-edge_mixed_min_radius-5063,4,frozen_baseline,15,432.0740098,0.022102124989032745,15,1.0,6481.110147,True,
LOCAL-v1-q4-edge_mixed_min_radius-5064,4,frozen_baseline,13,569.2274085384615,0.01592150004580617,13,1.0,7399.956311,True,
LOCAL-v1-q4-edge_mixed_min_radius-5065,4,frozen_baseline,12,688.1574725833334,0.016796041978523135,12,1.0,8257.889671,True,
LOCAL-v1-q4-edge_mixed_min_radius-5066,4,frozen_baseline,10,682.2066262999999,0.014578083995729685,10,1.0,6822.066263,True,
LOCAL-v1-q4-edge_mixed_min_radius-5067,4,frozen_baseline,16,460.1184969375,0.018508457927964628,16,1.0,7361.895951,True,
LOCAL-v1-q4-edge_mixed_min_radius-5068,4,frozen_baseline,13,598.0572683076923,0.018257500021718442,13,1.0,7774.744488,True,
LOCAL-v1-q4-edge_mixed_min_radius-5069,4,frozen_baseline,14,604.0227862857143,0.01640220801346004,14,1.0,8456.319008,True,
LOCAL-v1-q4-edge_mixed_min_radius-5070,4,frozen_baseline,12,624.5591076666666,0.017558875028043985,12,1.0,7494.709292,True,
LOCAL-v1-q4-edge_mixed_min_radius-5071,4,frozen_baseline,12,632.1435775833334,0.018145082984119654,12,1.0,7585.722931,True,
LOCAL-v1-q4-edge_mixed_min_radius-5072,4,frozen_baseline,15,613.4167892666667,0.01687266700901091,15,1.0,9201.251839,True,
LOCAL-v1-q4-edge_mixed_min_radius-5073,4,frozen_baseline,10,649.0608061,0.016973458928987384,10,1.0,6490.608061,True,
LOCAL-v1-q4-edge_mixed_min_radius-5074,4,frozen_baseline,16,518.7777659375,0.018722707987762988,16,1.0,8300.444255,True,
LOCAL-v1-q4-edge_mixed_min_radius-5075,4,frozen_baseline,15,484.69447026666666,0.01959099993109703,15,1.0,7270.417054,True,
LOCAL-v1-q4-edge_mixed_min_radius-5076,4,frozen_baseline,12,707.2136271666667,0.016030166065320373,12,1.0,8486.563526,True,
LOCAL-v1-q4-edge_mixed_min_radius-5077,4,frozen_baseline,14,606.7619192857143,0.018876916961744428,14,1.0,8494.66687,True,
LOCAL-v1-q4-edge_mixed_min_radius-5078,4,frozen_baseline,13,522.4734626923077,0.018758416990749538,13,1.0,6792.155015,True,
LOCAL-v1-q4-edge_mixed_min_radius-5079,4,frozen_baseline,10,641.7253485,0.017491625039838254,10,1.0,6417.253485,True,
LOCAL-v1-q4-edge_mixed_min_radius-5080,4,frozen_baseline,10,920.0944692999999,0.015686708968132734,10,1.0,9200.944693,True,
LOCAL-v1-q4-edge_mixed_min_radius-5081,4,frozen_baseline,16,500.21595125,0.018952458980493248,16,1.0,8003.45522,True,
LOCAL-v1-q4-edge_mixed_min_radius-5082,4,frozen_baseline,13,571.9441683076923,0.015845917048864067,13,1.0,7435.274188,True,
LOCAL-v1-q4-edge_mixed_min_radius-5083,4,frozen_baseline,13,544.4397749999999,0.018384624971076846,13,1.0,7077.717075,True,
LOCAL-v1-q4-edge_mixed_min_radius-5084,4,frozen_baseline,14,731.5232792857142,0.016486290958710015,14,1.0,10241.32591,True,
LOCAL-v1-q4-edge_mixed_min_radius-5085,4,frozen_baseline,15,597.0858439333333,0.017677999916486442,15,1.0,8956.287659,True,
LOCAL-v1-q4-edge_mixed_min_radius-5086,4,frozen_baseline,12,572.1213725,0.01839254202786833,12,1.0,6865.45647,True,
LOCAL-v1-q4-edge_mixed_min_radius-5087,4,frozen_baseline,13,587.4428839999999,0.01701645797584206,13,1.0,7636.757492,True,
LOCAL-v1-q4-edge_mixed_min_radius-5088,4,frozen_baseline,16,530.303966625,0.01870920800138265,16,1.0,8484.863466,True,
LOCAL-v1-q4-edge_mixed_min_radius-5089,4,frozen_baseline,15,509.9996294666667,0.01939795899670571,15,1.0,7649.994442,True,
LOCAL-v1-q4-edge_mixed_min_radius-5090,4,frozen_baseline,14,456.4198455,0.017769958009012043,14,1.0,6389.877837,True,
LOCAL-v1-q4-edge_mixed_min_radius-5091,4,frozen_baseline,12,611.79419325,0.017803208087570965,12,1.0,7341.530319,True,
LOCAL-v1-q4-edge_mixed_min_radius-5092,4,frozen_baseline,11,674.1511655454545,0.017936167074367404,11,1.0,7415.662821,True,
LOCAL-v1-q4-edge_mixed_min_radius-5093,4,frozen_baseline,15,516.2685904,0.017110374988988042,15,1.0,7744.028856,True,
LOCAL-v1-q4-edge_mixed_min_radius-5094,4,frozen_baseline,11,789.0822054545454,0.01614412502385676,11,1.0,8679.90426,True,
LOCAL-v1-q4-edge_mixed_min_radius-5095,4,frozen_baseline,10,830.7679340000001,0.016358666005544364,10,1.0,8307.67934,True,
LOCAL-v1-q4-edge_mixed_min_radius-5096,4,frozen_baseline,14,496.5496021428571,0.01939687505364418,14,1.0,6951.69443,True,
LOCAL-v1-q4-edge_mixed_min_radius-5097,4,frozen_baseline,13,569.7907702307692,0.019007417024113238,13,1.0,7407.280013,True,
LOCAL-v1-q4-edge_mixed_min_radius-5098,4,frozen_baseline,16,463.4137238125,0.02154641703236848,16,1.0,7414.619581,True,
LOCAL-v1-q4-edge_mixed_min_radius-5099,4,frozen_baseline,13,676.7586714615385,0.01909816695842892,13,1.0,8797.862729,True,
LOCAL-v1-q4-offcenter_cluster-5000,4,frozen_baseline,11,608.3898793636364,0.0203071249416098,11,1.0,6692.288673,True,
LOCAL-v1-q4-offcenter_cluster-5001,4,frozen_baseline,14,477.4067654285714,0.027697165962308645,14,1.0,6683.694716,True,
LOCAL-v1-q4-offcenter_cluster-5002,4,frozen_baseline,15,575.3825288,0.025479790987446904,15,1.0,8630.737932,True,
LOCAL-v1-q4-offcenter_cluster-5003,4,frozen_baseline,11,604.7105114545454,0.02116008405573666,11,1.0,6651.815626,True,
LOCAL-v1-q4-offcenter_cluster-5004,4,frozen_baseline,12,551.1587425,0.023922624997794628,12,1.0,6613.90491,True,
LOCAL-v1-q4-offcenter_cluster-5005,4,frozen_baseline,11,655.7799437272727,0.024471874930895865,11,1.0,7213.579381,True,
LOCAL-v1-q4-offcenter_cluster-5006,4,frozen_baseline,11,512.4370224545454,0.02391391701530665,11,1.0,5636.807247,True,
LOCAL-v1-q4-offcenter_cluster-5007,4,frozen_baseline,11,719.3032911818182,0.02305241592694074,11,1.0,7912.336203,True,
LOCAL-v1-q4-offcenter_cluster-5008,4,frozen_baseline,10,639.1852986,0.017989124986343086,10,1.0,6391.852986,True,
LOCAL-v1-q4-offcenter_cluster-5009,4,frozen_baseline,14,488.3169348571428,0.026456500054337084,14,1.0,6836.437088,True,
LOCAL-v1-q4-offcenter_cluster-5010,4,frozen_baseline,12,558.5167975,0.021694332943297923,12,1.0,6702.20157,True,
LOCAL-v1-q4-offcenter_cluster-5011,4,frozen_baseline,15,466.68319553333333,0.024467999930493534,15,1.0,7000.247933,True,
LOCAL-v1-q4-offcenter_cluster-5012,4,frozen_baseline,10,582.6280273,0.01445883302949369,10,1.0,5826.280273,True,
LOCAL-v1-q4-offcenter_cluster-5013,4,frozen_baseline,12,566.3354146666667,0.02296191593632102,12,1.0,6796.024976,True,
LOCAL-v1-q4-offcenter_cluster-5014,4,frozen_baseline,11,657.0165850909091,0.02349649998359382,11,1.0,7227.182436,True,
LOCAL-v1-q4-offcenter_cluster-5015,4,frozen_baseline,12,608.3057304166667,0.01763604104053229,12,1.0,7299.668765,True,
LOCAL-v1-q4-offcenter_cluster-5016,4,frozen_baseline,16,207.3941174375,0.02308974997140467,16,1.0,3318.305879,True,
LOCAL-v1-q4-offcenter_cluster-5017,4,frozen_baseline,15,538.5253830666667,0.03529891592916101,15,1.0,8077.880746,True,
LOCAL-v1-q4-offcenter_cluster-5018,4,frozen_baseline,10,701.7711778,0.01856704195961356,10,1.0,7017.711778,True,
LOCAL-v1-q4-offcenter_cluster-5019,4,frozen_baseline,11,556.6054609090909,0.0209031670819968,11,1.0,6122.66007,True,
LOCAL-v1-q4-offcenter_cluster-5020,4,frozen_baseline,16,405.860481125,0.033641125075519085,16,1.0,6493.767698,True,
LOCAL-v1-q4-offcenter_cluster-5021,4,frozen_baseline,14,484.75892135714287,0.023354416945949197,14,1.0,6786.624899,True,
LOCAL-v1-q4-offcenter_cluster-5022,4,frozen_baseline,14,428.0699132857143,0.025058874976821244,14,1.0,5992.978786,True,
LOCAL-v1-q4-offcenter_cluster-5023,4,frozen_baseline,15,436.58336146666664,0.02832191705238074,15,1.0,6548.750422,True,
LOCAL-v1-q4-offcenter_cluster-5024,4,frozen_baseline,13,506.9912261538462,0.026036832947283983,13,1.0,6590.88594,True,
LOCAL-v1-q4-offcenter_cluster-5025,4,frozen_baseline,12,478.59655191666667,0.014480625046417117,12,1.0,5743.158623,True,
LOCAL-v1-q4-offcenter_cluster-5026,4,frozen_baseline,15,359.1409542,0.026801333064213395,15,1.0,5387.114313,True,
LOCAL-v1-q4-offcenter_cluster-5027,4,frozen_baseline,11,546.7039301818181,0.020644792006351054,11,1.0,6013.743232,True,
LOCAL-v1-q4-offcenter_cluster-5028,4,frozen_baseline,10,665.7523448,0.018778958008624613,10,1.0,6657.523448,True,
LOCAL-v1-q4-offcenter_cluster-5029,4,frozen_baseline,11,701.6272496363637,0.020900000003166497,11,1.0,7717.899746,True,
LOCAL-v1-q4-offcenter_cluster-5030,4,frozen_baseline,12,532.27137325,0.02074429194908589,12,1.0,6387.256479,True,
LOCAL-v1-q4-offcenter_cluster-5031,4,frozen_baseline,15,418.78035386666664,0.026339708012528718,15,1.0,6281.705308,True,
LOCAL-v1-q4-offcenter_cluster-5032,4,frozen_baseline,11,510.4861214545454,0.02075820800382644,11,1.0,5615.347336,True,
LOCAL-v1-q4-offcenter_cluster-5033,4,frozen_baseline,14,376.90750157142855,0.027097165933810174,14,1.0,5276.705022,True,
LOCAL-v1-q4-offcenter_cluster-5034,4,frozen_baseline,16,437.8629905625,0.026270541013218462,16,1.0,7005.807849,True,
LOCAL-v1-q4-offcenter_cluster-5035,4,frozen_baseline,10,703.137656,0.022924917051568627,10,1.0,7031.37656,True,
LOCAL-v1-q4-offcenter_cluster-5036,4,frozen_baseline,15,490.3566527333333,0.02455233410000801,15,1.0,7355.349791,True,
LOCAL-v1-q4-offcenter_cluster-5037,4,frozen_baseline,15,484.947738,0.027984665939584374,15,1.0,7274.21607,True,
LOCAL-v1-q4-offcenter_cluster-5038,4,frozen_baseline,16,390.30105775,0.029664292000234127,16,1.0,6244.816924,True,
LOCAL-v1-q4-offcenter_cluster-5039,4,frozen_baseline,10,588.0014162,0.019609875045716763,10,1.0,5880.014162,True,
LOCAL-v1-q4-offcenter_cluster-5040,4,frozen_baseline,15,421.9084766,0.03298145905137062,15,1.0,6328.627149,True,
LOCAL-v1-q4-offcenter_cluster-5041,4,frozen_baseline,15,366.29704713333336,0.02390858402941376,15,1.0,5494.455707,True,
LOCAL-v1-q4-offcenter_cluster-5042,4,frozen_baseline,11,632.7542644545455,0.025666625006124377,11,1.0,6960.296909,True,
LOCAL-v1-q4-offcenter_cluster-5043,4,frozen_baseline,12,491.826172,0.016895583947189152,12,1.0,5901.914064,True,
LOCAL-v1-q4-offcenter_cluster-5044,4,frozen_baseline,11,565.3896906363636,0.02259462501388043,11,1.0,6219.286597,True,
LOCAL-v1-q4-offcenter_cluster-5045,4,frozen_baseline,11,595.0449438181818,0.027612000005319715,11,1.0,6545.494382,True,
LOCAL-v1-q4-offcenter_cluster-5046,4,frozen_baseline,10,616.2924248,0.027204332989640534,10,1.0,6162.924248,True,
LOCAL-v1-q4-offcenter_cluster-5047,4,frozen_baseline,16,154.838495875,0.023261583992280066,16,1.0,2477.415934,True,
LOCAL-v1-q4-offcenter_cluster-5048,4,frozen_baseline,12,514.1035738333334,0.021363166044466197,12,1.0,6169.242886,True,
LOCAL-v1-q4-offcenter_cluster-5049,4,frozen_baseline,10,852.590186,0.022672042017802596,10,1.0,8525.90186,True,
LOCAL-v1-q4-offcenter_cluster-5050,4,frozen_baseline,15,399.6748437333333,0.028058083029463887,15,1.0,5995.122656,True,
LOCAL-v1-q4-offcenter_cluster-5051,4,frozen_baseline,11,613.2947581818181,0.01998429198283702,11,1.0,6746.24234,True,
LOCAL-v1-q4-offcenter_cluster-5052,4,frozen_baseline,13,468.41647953846154,0.026473707985132933,13,1.0,6089.414234,True,
LOCAL-v1-q4-offcenter_cluster-5053,4,frozen_baseline,16,444.786850625,0.02895729208830744,16,1.0,7116.58961,True,
LOCAL-v1-q4-offcenter_cluster-5054,4,frozen_baseline,16,215.31368975,0.021736916969530284,16,1.0,3445.019036,True,
LOCAL-v1-q4-offcenter_cluster-5055,4,frozen_baseline,12,526.4659514166666,0.023404209059663117,12,1.0,6317.591417,True,
LOCAL-v1-q4-offcenter_cluster-5056,4,frozen_baseline,13,585.2484603846153,0.027499083080329,13,1.0,7608.229985,True,
LOCAL-v1-q4-offcenter_cluster-5057,4,frozen_baseline,13,549.4268897692308,0.02133633301127702,13,1.0,7142.549567,True,
LOCAL-v1-q4-offcenter_cluster-5058,4,frozen_baseline,14,452.31157328571425,0.02754837495740503,14,1.0,6332.362026,True,
LOCAL-v1-q4-offcenter_cluster-5059,4,frozen_baseline,12,548.19392775,0.027730542002245784,12,1.0,6578.327133,True,
LOCAL-v1-q4-offcenter_cluster-5060,4,frozen_baseline,11,690.9136405454545,0.022093125036917627,11,1.0,7600.050046,True,
LOCAL-v1-q4-offcenter_cluster-5061,4,frozen_baseline,13,559.1615108461539,0.022034915979020298,13,1.0,7269.099641,True,
LOCAL-v1-q4-offcenter_cluster-5062,4,frozen_baseline,16,450.4664636875,0.02511041599791497,16,1.0,7207.463419,True,
LOCAL-v1-q4-offcenter_cluster-5063,4,frozen_baseline,15,607.0805973333333,0.029414708027616143,15,1.0,9106.20896,True,
LOCAL-v1-q4-offcenter_cluster-5064,4,frozen_baseline,13,556.319937923077,0.021370082977227867,13,1.0,7232.159193,True,
LOCAL-v1-q4-offcenter_cluster-5065,4,frozen_baseline,12,496.8734886666667,0.023706958047114313,12,1.0,5962.481864,True,
LOCAL-v1-q4-offcenter_cluster-5066,4,frozen_baseline,10,583.700664,0.024547167005948722,10,1.0,5837.00664,True,
LOCAL-v1-q4-offcenter_cluster-5067,4,frozen_baseline,16,387.8321805625,0.02546691708266735,16,1.0,6205.314889,True,
LOCAL-v1-q4-offcenter_cluster-5068,4,frozen_baseline,13,542.8077469230769,0.022358709014952183,13,1.0,7056.50071,True,
LOCAL-v1-q4-offcenter_cluster-5069,4,frozen_baseline,14,470.14031814285715,0.023421499994583428,14,1.0,6581.964454,True,
LOCAL-v1-q4-offcenter_cluster-5070,4,frozen_baseline,12,502.9970166666667,0.025973708019591868,12,1.0,6035.9642,True,
LOCAL-v1-q4-offcenter_cluster-5071,4,frozen_baseline,12,533.6638696666666,0.02732654206920415,12,1.0,6403.966436,True,
LOCAL-v1-q4-offcenter_cluster-5072,4,frozen_baseline,15,437.0915660666667,0.021368207992054522,15,1.0,6556.373491,True,
LOCAL-v1-q4-offcenter_cluster-5073,4,frozen_baseline,10,570.4631521,0.025690624956041574,10,1.0,5704.631521,True,
LOCAL-v1-q4-offcenter_cluster-5074,4,frozen_baseline,16,379.6526565625,0.02376149990595877,16,1.0,6074.442505,True,
LOCAL-v1-q4-offcenter_cluster-5075,4,frozen_baseline,15,354.6249262,0.014977582963183522,15,1.0,5319.373893,True,
LOCAL-v1-q4-offcenter_cluster-5076,4,frozen_baseline,12,556.1472826666667,0.019988125073723495,12,1.0,6673.767392,True,
LOCAL-v1-q4-offcenter_cluster-5077,4,frozen_baseline,14,456.8729538571429,0.025227167061530054,14,1.0,6396.221354,True,
LOCAL-v1-q4-offcenter_cluster-5078,4,frozen_baseline,13,462.7618746923077,0.025987584027461708,13,1.0,6015.904371,True,
LOCAL-v1-q4-offcenter_cluster-5079,4,frozen_baseline,10,651.6091984,0.024509542039595544,10,1.0,6516.091984,True,
LOCAL-v1-q4-offcenter_cluster-5080,4,frozen_baseline,10,872.516996,0.019119582953862846,10,1.0,8725.16996,True,
LOCAL-v1-q4-offcenter_cluster-5081,4,frozen_baseline,16,437.36045675,0.026549041969701648,16,1.0,6997.767308,True,
LOCAL-v1-q4-offcenter_cluster-5082,4,frozen_baseline,13,509.48164599999996,0.022348124999552965,13,1.0,6623.261398,True,
LOCAL-v1-q4-offcenter_cluster-5083,4,frozen_baseline,13,535.8921517692307,0.025241625029593706,13,1.0,6966.597973,True,
LOCAL-v1-q4-offcenter_cluster-5084,4,frozen_baseline,14,484.2735963571428,0.023634458077140152,14,1.0,6779.830349,True,
LOCAL-v1-q4-offcenter_cluster-5085,4,frozen_baseline,15,422.0832366,0.024527542060241103,15,1.0,6331.248549,True,
LOCAL-v1-q4-offcenter_cluster-5086,4,frozen_baseline,12,590.04101875,0.026311249937862158,12,1.0,7080.492225,True,
LOCAL-v1-q4-offcenter_cluster-5087,4,frozen_baseline,13,481.4850986923077,0.023578124935738742,13,1.0,6259.306283,True,
LOCAL-v1-q4-offcenter_cluster-5088,4,frozen_baseline,16,479.3891645625,0.029008541954681277,16,1.0,7670.226633,True,
LOCAL-v1-q4-offcenter_cluster-5089,4,frozen_baseline,15,382.4499169333333,0.028384207980707288,15,1.0,5736.748754,True,
LOCAL-v1-q4-offcenter_cluster-5090,4,frozen_baseline,14,502.1910965,0.026788000017404556,14,1.0,7030.675351,True,
LOCAL-v1-q4-offcenter_cluster-5091,4,frozen_baseline,12,505.46121983333336,0.021698875003494322,12,1.0,6065.534638,True,
LOCAL-v1-q4-offcenter_cluster-5092,4,frozen_baseline,11,575.9646212727273,0.025393250049091876,11,1.0,6335.610834,True,
LOCAL-v1-q4-offcenter_cluster-5093,4,frozen_baseline,15,500.3392659333333,0.03092087502591312,15,1.0,7505.088989,True,
LOCAL-v1-q4-offcenter_cluster-5094,4,frozen_baseline,11,704.07499,0.02584654197562486,11,1.0,7744.82489,True,
LOCAL-v1-q4-offcenter_cluster-5095,4,frozen_baseline,10,638.4737772999999,0.020835125003941357,10,1.0,6384.737773,True,
LOCAL-v1-q4-offcenter_cluster-5096,4,frozen_baseline,14,489.84641864285715,0.02346016699448228,14,1.0,6857.849861,True,
LOCAL-v1-q4-offcenter_cluster-5097,4,frozen_baseline,13,495.8846077692308,0.025396666955202818,13,1.0,6446.499901,True,
LOCAL-v1-q4-offcenter_cluster-5098,4,frozen_baseline,16,386.203371375,0.027045958093367517,16,1.0,6179.253942,True,
LOCAL-v1-q4-offcenter_cluster-5099,4,frozen_baseline,13,497.5880863846154,0.024697375018149614,13,1.0,6468.645123,True,
LOCAL-v1-q4-origin_cluster-5000,4,frozen_baseline,11,537.478137,0.025169667089357972,11,1.0,5912.259507,True,
LOCAL-v1-q4-origin_cluster-5001,4,frozen_baseline,14,457.3009330714286,0.029130500042811036,14,1.0,6402.213063,True,
LOCAL-v1-q4-origin_cluster-5002,4,frozen_baseline,15,668.7657598000001,0.02837029192596674,15,1.0,10031.486397,True,
LOCAL-v1-q4-origin_cluster-5003,4,frozen_baseline,11,555.2701281818182,0.02103095909114927,11,1.0,6107.97141,True,
LOCAL-v1-q4-origin_cluster-5004,4,frozen_baseline,12,485.3621038333333,0.01519129192456603,12,1.0,5824.345246,True,
LOCAL-v1-q4-origin_cluster-5005,4,frozen_baseline,11,568.4062164545454,0.02349629206582904,11,1.0,6252.468381,True,
LOCAL-v1-q4-origin_cluster-5006,4,frozen_baseline,11,970.0855904545454,0.02334691700525582,11,1.0,10670.941495,True,
LOCAL-v1-q4-origin_cluster-5007,4,frozen_baseline,11,549.9029727272728,0.024146041949279606,11,1.0,6048.9327,True,
LOCAL-v1-q4-origin_cluster-5008,4,frozen_baseline,10,774.0614955,0.022807457949966192,10,1.0,7740.614955,True,
LOCAL-v1-q4-origin_cluster-5009,4,frozen_baseline,14,416.0700250714286,0.023978209006600082,14,1.0,5824.980351,True,
LOCAL-v1-q4-origin_cluster-5010,4,frozen_baseline,12,454.4510720833334,0.02503058291040361,12,1.0,5453.412865,True,
LOCAL-v1-q4-origin_cluster-5011,4,frozen_baseline,15,373.91341593333334,0.026588500011712313,15,1.0,5608.701239,True,
LOCAL-v1-q4-origin_cluster-5012,4,frozen_baseline,10,596.8811438,0.014689625008031726,10,1.0,5968.811438,True,
LOCAL-v1-q4-origin_cluster-5013,4,frozen_baseline,12,750.1786640833334,0.023094542091712356,12,1.0,9002.143969,True,
LOCAL-v1-q4-origin_cluster-5014,4,frozen_baseline,11,632.8173629090909,0.02280812500976026,11,1.0,6960.990992,True,
LOCAL-v1-q4-origin_cluster-5015,4,frozen_baseline,12,1134.5976745833334,0.022661125054582953,12,1.0,13615.172095,True,
LOCAL-v1-q4-origin_cluster-5016,4,frozen_baseline,16,440.766775875,0.025963124935515225,16,1.0,7052.268414,True,
LOCAL-v1-q4-origin_cluster-5017,4,frozen_baseline,15,654.0210014,0.029012791928835213,15,1.0,9810.315021,True,
LOCAL-v1-q4-origin_cluster-5018,4,frozen_baseline,10,809.0221442,0.023298207903280854,10,1.0,8090.221442,True,
LOCAL-v1-q4-origin_cluster-5019,4,frozen_baseline,11,524.5236689090909,0.025060791056603193,11,1.0,5769.760358,True,
LOCAL-v1-q4-origin_cluster-5020,4,frozen_baseline,16,370.7377795625,0.026437124935910106,16,1.0,5931.804473,True,
LOCAL-v1-q4-origin_cluster-5021,4,frozen_baseline,14,584.6101752857143,0.026076583075337112,14,1.0,8184.542454,True,
LOCAL-v1-q4-origin_cluster-5022,4,frozen_baseline,14,774.2261432142857,0.02752562495879829,14,1.0,10839.166005,True,
LOCAL-v1-q4-origin_cluster-5023,4,frozen_baseline,15,386.6098005333333,0.026515749981626868,15,1.0,5799.147008,True,
LOCAL-v1-q4-origin_cluster-5024,4,frozen_baseline,13,443.7103031538462,0.024352958076633513,13,1.0,5768.233941,True,
LOCAL-v1-q4-origin_cluster-5025,4,frozen_baseline,12,665.6774105833333,0.025371708092279732,12,1.0,7988.128927,True,
LOCAL-v1-q4-origin_cluster-5026,4,frozen_baseline,15,372.6855058,0.015434375032782555,15,1.0,5590.282587,True,
LOCAL-v1-q4-origin_cluster-5027,4,frozen_baseline,11,535.3460831818182,0.014721416984684765,11,1.0,5888.806915,True,
LOCAL-v1-q4-origin_cluster-5028,4,frozen_baseline,10,579.2452571,0.022674791980534792,10,1.0,5792.452571,True,
LOCAL-v1-q4-origin_cluster-5029,4,frozen_baseline,11,623.110555909091,0.025025791954249144,11,1.0,6854.216115,True,
LOCAL-v1-q4-origin_cluster-5030,4,frozen_baseline,12,684.31421975,0.025898208026774228,12,1.0,8211.770637,True,
LOCAL-v1-q4-origin_cluster-5031,4,frozen_baseline,15,635.0722845333333,0.030340165947563946,15,1.0,9526.084268,True,
LOCAL-v1-q4-origin_cluster-5032,4,frozen_baseline,11,535.858183090909,0.014920542016625404,11,1.0,5894.440014,True,
LOCAL-v1-q4-origin_cluster-5033,4,frozen_baseline,14,404.5540632857143,0.015596249955706298,14,1.0,5663.756886,True,
LOCAL-v1-q4-origin_cluster-5034,4,frozen_baseline,16,319.1179879375,0.027140167076140642,16,1.0,5105.887807,True,
LOCAL-v1-q4-origin_cluster-5035,4,frozen_baseline,10,753.9765734,0.02294762502424419,10,1.0,7539.765734,True,
LOCAL-v1-q4-origin_cluster-5036,4,frozen_baseline,15,497.97082846666666,0.028534458950161934,15,1.0,7469.562427,True,
LOCAL-v1-q4-origin_cluster-5037,4,frozen_baseline,15,537.3963145333333,0.030178291955962777,15,1.0,8060.944718,True,
LOCAL-v1-q4-origin_cluster-5038,4,frozen_baseline,16,358.8583991875,0.0285164579981938,16,1.0,5741.734387,True,
LOCAL-v1-q4-origin_cluster-5039,4,frozen_baseline,10,731.8589872,0.018715125042945147,10,1.0,7318.589872,True,
LOCAL-v1-q4-origin_cluster-5040,4,frozen_baseline,15,427.71470386666664,0.02831199998036027,15,1.0,6415.720558,True,
LOCAL-v1-q4-origin_cluster-5041,4,frozen_baseline,15,465.9171895333333,0.029730250011198223,15,1.0,6988.757843,True,
LOCAL-v1-q4-origin_cluster-5042,4,frozen_baseline,11,544.9328881818182,0.023855457897298038,11,1.0,5994.26177,True,
LOCAL-v1-q4-origin_cluster-5043,4,frozen_baseline,12,620.1974225833334,0.026206125039607286,12,1.0,7442.369071,True,
LOCAL-v1-q4-origin_cluster-5044,4,frozen_baseline,11,735.5661562727273,0.025979000027291477,11,1.0,8091.227719,True,
LOCAL-v1-q4-origin_cluster-5045,4,frozen_baseline,11,531.0278331818182,0.015297584002837539,11,1.0,5841.306165,True,
LOCAL-v1-q4-origin_cluster-5046,4,frozen_baseline,10,641.4937338,0.020578416995704174,10,1.0,6414.937338,True,
LOCAL-v1-q4-origin_cluster-5047,4,frozen_baseline,16,367.2938590625,0.01630641706287861,16,1.0,5876.701745,True,
LOCAL-v1-q4-origin_cluster-5048,4,frozen_baseline,12,482.10877766666664,0.02558054099790752,12,1.0,5785.305332,True,
LOCAL-v1-q4-origin_cluster-5049,4,frozen_baseline,10,770.3328018999999,0.022011207998730242,10,1.0,7703.328019,True,
LOCAL-v1-q4-origin_cluster-5050,4,frozen_baseline,15,417.7063406666667,0.027643666020594537,15,1.0,6265.59511,True,
LOCAL-v1-q4-origin_cluster-5051,4,frozen_baseline,11,647.4910032727273,0.02293858304619789,11,1.0,7122.401036,True,
LOCAL-v1-q4-origin_cluster-5052,4,frozen_baseline,13,457.3019177692307,0.025906166061758995,13,1.0,5944.924931,True,
LOCAL-v1-q4-origin_cluster-5053,4,frozen_baseline,16,343.052313125,0.015708083985373378,16,1.0,5488.83701,True,
LOCAL-v1-q4-origin_cluster-5054,4,frozen_baseline,16,412.10505775,0.02397316601127386,16,1.0,6593.680924,True,
LOCAL-v1-q4-origin_cluster-5055,4,frozen_baseline,12,715.2074918333333,0.026404374977573752,12,1.0,8582.489902,True,
LOCAL-v1-q4-origin_cluster-5056,4,frozen_baseline,13,559.7601974615384,0.02290850004646927,13,1.0,7276.882567,True,
LOCAL-v1-q4-origin_cluster-5057,4,frozen_baseline,13,489.05868515384617,0.025548832956701517,13,1.0,6357.762907,True,
LOCAL-v1-q4-origin_cluster-5058,4,frozen_baseline,14,454.330555,0.02848249999806285,14,1.0,6360.62777,True,
LOCAL-v1-q4-origin_cluster-5059,4,frozen_baseline,12,490.93611458333334,0.022896291920915246,12,1.0,5891.233375,True,
LOCAL-v1-q4-origin_cluster-5060,4,frozen_baseline,11,788.0851503636363,0.02241070894524455,11,1.0,8668.936654,True,
LOCAL-v1-q4-origin_cluster-5061,4,frozen_baseline,13,707.0871082307692,0.027168500004336238,13,1.0,9192.132407,True,
LOCAL-v1-q4-origin_cluster-5062,4,frozen_baseline,16,267.054686375,0.02538104192353785,16,1.0,4272.874982,True,
LOCAL-v1-q4-origin_cluster-5063,4,frozen_baseline,15,380.4762376,0.028789415955543518,15,1.0,5707.143564,True,
LOCAL-v1-q4-origin_cluster-5064,4,frozen_baseline,13,441.6883023846154,0.015682041994296014,13,1.0,5741.947931,True,
LOCAL-v1-q4-origin_cluster-5065,4,frozen_baseline,12,680.8069376666666,0.027217875001952052,12,1.0,8169.683252,True,
LOCAL-v1-q4-origin_cluster-5066,4,frozen_baseline,10,596.1934938,0.014416499994695187,10,1.0,5961.934938,True,
LOCAL-v1-q4-origin_cluster-5067,4,frozen_baseline,16,437.1210341875,0.02769775001797825,16,1.0,6993.936547,True,
LOCAL-v1-q4-origin_cluster-5068,4,frozen_baseline,13,480.88765830769233,0.023747417028062046,13,1.0,6251.539558,True,
LOCAL-v1-q4-origin_cluster-5069,4,frozen_baseline,14,638.0680617142858,0.02801466698292643,14,1.0,8932.952864,True,
LOCAL-v1-q4-origin_cluster-5070,4,frozen_baseline,12,496.5659981666667,0.020410750061273575,12,1.0,5958.791978,True,
LOCAL-v1-q4-origin_cluster-5071,4,frozen_baseline,12,492.1445376666666,0.020287583931349218,12,1.0,5905.734452,True,
LOCAL-v1-q4-origin_cluster-5072,4,frozen_baseline,15,532.8077664666666,0.02727058297023177,15,1.0,7992.116497,True,
LOCAL-v1-q4-origin_cluster-5073,4,frozen_baseline,10,599.9314863,0.02121879195328802,10,1.0,5999.314863,True,
LOCAL-v1-q4-origin_cluster-5074,4,frozen_baseline,16,198.6088086875,0.027355542057193816,16,1.0,3177.740939,True,
LOCAL-v1-q4-origin_cluster-5075,4,frozen_baseline,15,420.6197568,0.028790040989406407,15,1.0,6309.296352,True,
LOCAL-v1-q4-origin_cluster-5076,4,frozen_baseline,12,589.9915355833333,0.023504041018895805,12,1.0,7079.898427,True,
LOCAL-v1-q4-origin_cluster-5077,4,frozen_baseline,14,404.0165705,0.015575708006508648,14,1.0,5656.231987,True,
LOCAL-v1-q4-origin_cluster-5078,4,frozen_baseline,13,448.462784,0.02514837495982647,13,1.0,5830.016192,True,
LOCAL-v1-q4-origin_cluster-5079,4,frozen_baseline,10,606.3706377999999,0.022061499999836087,10,1.0,6063.706378,True,
LOCAL-v1-q4-origin_cluster-5080,4,frozen_baseline,10,915.7676152,0.020558833028189838,10,1.0,9157.676152,True,
LOCAL-v1-q4-origin_cluster-5081,4,frozen_baseline,16,283.2926990625,0.02569399995263666,16,1.0,4532.683185,True,
LOCAL-v1-q4-origin_cluster-5082,4,frozen_baseline,13,550.7325256153846,0.026694500003941357,13,1.0,7159.522833,True,
LOCAL-v1-q4-origin_cluster-5083,4,frozen_baseline,13,441.82211446153843,0.022356541943736374,13,1.0,5743.687488,True,
LOCAL-v1-q4-origin_cluster-5084,4,frozen_baseline,14,603.6027987142858,0.0273498329333961,14,1.0,8450.439182,True,
LOCAL-v1-q4-origin_cluster-5085,4,frozen_baseline,15,743.4114526666667,0.02938750002067536,15,1.0,11151.17179,True,
LOCAL-v1-q4-origin_cluster-5086,4,frozen_baseline,12,574.7301928333333,0.02531491604167968,12,1.0,6896.762314,True,
LOCAL-v1-q4-origin_cluster-5087,4,frozen_baseline,13,465.1066683846154,0.02565666602458805,13,1.0,6046.386689,True,
LOCAL-v1-q4-origin_cluster-5088,4,frozen_baseline,16,264.8919015,0.026969750062562525,16,1.0,4238.270424,True,
LOCAL-v1-q4-origin_cluster-5089,4,frozen_baseline,15,451.7174598666667,0.02522075001616031,15,1.0,6775.761898,True,
LOCAL-v1-q4-origin_cluster-5090,4,frozen_baseline,14,426.7023596428571,0.01515850005671382,14,1.0,5973.833035,True,
LOCAL-v1-q4-origin_cluster-5091,4,frozen_baseline,12,526.6118488333333,0.02603795798495412,12,1.0,6319.342186,True,
LOCAL-v1-q4-origin_cluster-5092,4,frozen_baseline,11,541.5556904545455,0.020894499961286783,11,1.0,5957.112595,True,
LOCAL-v1-q4-origin_cluster-5093,4,frozen_baseline,15,463.9962864,0.02633766597136855,15,1.0,6959.944296,True,
LOCAL-v1-q4-origin_cluster-5094,4,frozen_baseline,11,574.8254889090908,0.020816875039599836,11,1.0,6323.080378,True,
LOCAL-v1-q4-origin_cluster-5095,4,frozen_baseline,10,647.0054087999999,0.022038000053726137,10,1.0,6470.054088,True,
LOCAL-v1-q4-origin_cluster-5096,4,frozen_baseline,14,406.6349782142857,0.024414833984337747,14,1.0,5692.889695,True,
LOCAL-v1-q4-origin_cluster-5097,4,frozen_baseline,13,529.8637233076923,0.028241500025615096,13,1.0,6888.228403,True,
LOCAL-v1-q4-origin_cluster-5098,4,frozen_baseline,16,168.486084375,0.02610695897601545,16,1.0,2695.77735,True,
LOCAL-v1-q4-origin_cluster-5099,4,frozen_baseline,13,610.0044337692308,0.025584332994185388,13,1.0,7930.057639,True,
LOCAL-v1-q4-minimum_radius-5000,4,frozen_baseline,11,589.0163347272727,0.018168582930229604,11,1.0,6479.179682,True,
LOCAL-v1-q4-minimum_radius-5001,4,frozen_baseline,14,582.3437134285715,0.018631208105944097,14,1.0,8152.811988,True,
LOCAL-v1-q4-minimum_radius-5002,4,frozen_baseline,15,559.1258689333333,0.015143417054787278,15,1.0,8386.888034,True,
LOCAL-v1-q4-minimum_radius-5003,4,frozen_baseline,11,623.9808050909091,0.017063959036022425,11,1.0,6863.788856,True,
LOCAL-v1-q4-minimum_radius-5004,4,frozen_baseline,12,578.0088651666666,0.017588249989785254,12,1.0,6936.106382,True,
LOCAL-v1-q4-minimum_radius-5005,4,frozen_baseline,11,592.767598,0.017174999928101897,11,1.0,6520.443578,True,
LOCAL-v1-q4-minimum_radius-5006,4,frozen_baseline,11,661.8338373636363,0.017631290946155787,11,1.0,7280.172211,True,
LOCAL-v1-q4-minimum_radius-5007,4,frozen_baseline,11,639.3560650000001,0.02157954196445644,11,1.0,7032.916715,True,
LOCAL-v1-q4-minimum_radius-5008,4,frozen_baseline,10,770.4404447,0.015321708982810378,10,1.0,7704.404447,True,
LOCAL-v1-q4-minimum_radius-5009,4,frozen_baseline,14,500.0380727857143,0.016414041980169713,14,1.0,7000.533019,True,
LOCAL-v1-q4-minimum_radius-5010,4,frozen_baseline,12,592.2475801666667,0.01908266602549702,12,1.0,7106.970962,True,
LOCAL-v1-q4-minimum_radius-5011,4,frozen_baseline,15,463.1310016,0.017957624979317188,15,1.0,6946.965024,True,
LOCAL-v1-q4-minimum_radius-5012,4,frozen_baseline,10,694.9308259000001,0.014223749982193112,10,1.0,6949.308259,True,
LOCAL-v1-q4-minimum_radius-5013,4,frozen_baseline,12,622.3607915833334,0.014629665995016694,12,1.0,7468.329499,True,
LOCAL-v1-q4-minimum_radius-5014,4,frozen_baseline,11,641.6742276363636,0.016255583032034338,11,1.0,7058.416504,True,
LOCAL-v1-q4-minimum_radius-5015,4,frozen_baseline,12,651.2292495,0.01804445800371468,12,1.0,7814.750994,True,
LOCAL-v1-q4-minimum_radius-5016,4,frozen_baseline,16,469.674060125,0.022504957974888384,16,1.0,7514.784962,True,
LOCAL-v1-q4-minimum_radius-5017,4,frozen_baseline,15,649.0374037333333,0.017384666018188,15,1.0,9735.561056,True,
LOCAL-v1-q4-minimum_radius-5018,4,frozen_baseline,10,847.0742511000001,0.01674112502951175,10,1.0,8470.742511,True,
LOCAL-v1-q4-minimum_radius-5019,4,frozen_baseline,11,630.7730757272727,0.018334332969971,11,1.0,6938.503833,True,
LOCAL-v1-q4-minimum_radius-5020,4,frozen_baseline,16,432.4485851875,0.018378250068053603,16,1.0,6919.177363,True,
LOCAL-v1-q4-minimum_radius-5021,4,frozen_baseline,14,581.9643076428572,0.015841416898183525,14,1.0,8147.500307,True,
LOCAL-v1-q4-minimum_radius-5022,4,frozen_baseline,14,571.7434124285714,0.017816707957535982,14,1.0,8004.407774,True,
LOCAL-v1-q4-minimum_radius-5023,4,frozen_baseline,15,508.1702840666667,0.017694709007628262,15,1.0,7622.554261,True,
LOCAL-v1-q4-minimum_radius-5024,4,frozen_baseline,13,493.7628451538461,0.01639866700861603,13,1.0,6418.916987,True,
LOCAL-v1-q4-minimum_radius-5025,4,frozen_baseline,12,637.9563116666667,0.019798125023953617,12,1.0,7655.47574,True,
LOCAL-v1-q4-minimum_radius-5026,4,frozen_baseline,15,440.3084564666667,0.019505374948494136,15,1.0,6604.626847,True,
LOCAL-v1-q4-minimum_radius-5027,4,frozen_baseline,11,637.1403313636364,0.01924241695087403,11,1.0,7008.543645,True,
LOCAL-v1-q4-minimum_radius-5028,4,frozen_baseline,10,697.26672,0.01633837493136525,10,1.0,6972.6672,True,
LOCAL-v1-q4-minimum_radius-5029,4,frozen_baseline,11,643.8415403636363,0.016204999992623925,11,1.0,7082.256944,True,
LOCAL-v1-q4-minimum_radius-5030,4,frozen_baseline,12,732.5718409166667,0.018048792029730976,12,1.0,8790.862091,True,
LOCAL-v1-q4-minimum_radius-5031,4,frozen_baseline,15,549.3760040666667,0.018843290978111327,15,1.0,8240.640061,True,
LOCAL-v1-q4-minimum_radius-5032,4,frozen_baseline,11,591.7812058181818,0.017806415911763906,11,1.0,6509.593264,True,
LOCAL-v1-q4-minimum_radius-5033,4,frozen_baseline,14,456.53940057142853,0.01862354204058647,14,1.0,6391.551608,True,
LOCAL-v1-q4-minimum_radius-5034,4,frozen_baseline,16,512.0840901875,0.01843554200604558,16,1.0,8193.345443,True,
LOCAL-v1-q4-minimum_radius-5035,4,frozen_baseline,10,707.1427175,0.014886084012687206,10,1.0,7071.427175,True,
LOCAL-v1-q4-minimum_radius-5036,4,frozen_baseline,15,505.21826200000004,0.01602591690607369,15,1.0,7578.27393,True,
LOCAL-v1-q4-minimum_radius-5037,4,frozen_baseline,15,508.65194479999997,0.01720895804464817,15,1.0,7629.779172,True,
LOCAL-v1-q4-minimum_radius-5038,4,frozen_baseline,16,469.479370125,0.019993833964690566,16,1.0,7511.669922,True,
LOCAL-v1-q4-minimum_radius-5039,4,frozen_baseline,10,755.0576771,0.014656207989901304,10,1.0,7550.576771,True,
LOCAL-v1-q4-minimum_radius-5040,4,frozen_baseline,15,487.38008286666667,0.01854650001041591,15,1.0,7310.701243,True,
LOCAL-v1-q4-minimum_radius-5041,4,frozen_baseline,15,515.3234047333333,0.020857791998423636,15,1.0,7729.851071,True,
LOCAL-v1-q4-minimum_radius-5042,4,frozen_baseline,11,604.5271823636364,0.02039462502580136,11,1.0,6649.799006,True,
LOCAL-v1-q4-minimum_radius-5043,4,frozen_baseline,12,647.7890049166666,0.021872124983929098,12,1.0,7773.468059,True,
LOCAL-v1-q4-minimum_radius-5044,4,frozen_baseline,11,686.6036466363637,0.01646362489555031,11,1.0,7552.640113,True,
LOCAL-v1-q4-minimum_radius-5045,4,frozen_baseline,11,586.8105894545455,0.014390665921382606,11,1.0,6454.916484,True,
LOCAL-v1-q4-minimum_radius-5046,4,frozen_baseline,10,671.2360337,0.017271584016270936,10,1.0,6712.360337,True,
LOCAL-v1-q4-minimum_radius-5047,4,frozen_baseline,16,400.2111464375,0.022438291925936937,16,1.0,6403.378343,True,
LOCAL-v1-q4-minimum_radius-5048,4,frozen_baseline,12,578.3274572500001,0.014704540953971446,12,1.0,6939.929487,True,
LOCAL-v1-q4-minimum_radius-5049,4,frozen_baseline,10,742.4651659,0.017983291996642947,10,1.0,7424.651659,True,
LOCAL-v1-q4-minimum_radius-5050,4,frozen_baseline,15,456.9970567333333,0.017872167052701116,15,1.0,6854.955851,True,
LOCAL-v1-q4-minimum_radius-5051,4,frozen_baseline,11,669.4528150909091,0.015243542031385005,11,1.0,7363.980966,True,
LOCAL-v1-q4-minimum_radius-5052,4,frozen_baseline,13,477.1538323076923,0.019871124997735023,13,1.0,6202.99982,True,
LOCAL-v1-q4-minimum_radius-5053,4,frozen_baseline,16,429.4250185625,0.018581499927677214,16,1.0,6870.800297,True,
LOCAL-v1-q4-minimum_radius-5054,4,frozen_baseline,16,435.180371,0.019569957978092134,16,1.0,6962.885936,True,
LOCAL-v1-q4-minimum_radius-5055,4,frozen_baseline,12,717.5063819166667,0.014453458017669618,12,1.0,8610.076583,True,
LOCAL-v1-q4-minimum_radius-5056,4,frozen_baseline,13,553.5593490769231,0.016440416919067502,13,1.0,7196.271538,True,
LOCAL-v1-q4-minimum_radius-5057,4,frozen_baseline,13,538.991664923077,0.014649166958406568,13,1.0,7006.891644,True,
LOCAL-v1-q4-minimum_radius-5058,4,frozen_baseline,14,471.95111257142855,0.017195249907672405,14,1.0,6607.315576,True,
LOCAL-v1-q4-minimum_radius-5059,4,frozen_baseline,12,563.4737654166667,0.017242542002350092,12,1.0,6761.685185,True,
LOCAL-v1-q4-minimum_radius-5060,4,frozen_baseline,11,652.6999416363636,0.016714500030502677,11,1.0,7179.699358,True,
LOCAL-v1-q4-minimum_radius-5061,4,frozen_baseline,13,564.5404164615385,0.017540666973218322,13,1.0,7339.025414,True,
LOCAL-v1-q4-minimum_radius-5062,4,frozen_baseline,16,634.35456425,0.021689458983018994,16,1.0,10149.673028,True,
LOCAL-v1-q4-minimum_radius-5063,4,frozen_baseline,15,450.9688986666667,0.021574124926701188,15,1.0,6764.53348,True,
LOCAL-v1-q4-minimum_radius-5064,4,frozen_baseline,13,594.515437076923,0.018283833051100373,13,1.0,7728.700682,True,
LOCAL-v1-q4-minimum_radius-5065,4,frozen_baseline,12,623.8340245833333,0.015260582906194031,12,1.0,7486.008295,True,
LOCAL-v1-q4-minimum_radius-5066,4,frozen_baseline,10,674.7419659,0.016688791918568313,10,1.0,6747.419659,True,
LOCAL-v1-q4-minimum_radius-5067,4,frozen_baseline,16,616.0493496875,0.02055329200811684,16,1.0,9856.789595,True,
LOCAL-v1-q4-minimum_radius-5068,4,frozen_baseline,13,616.7507519230769,0.01979762502014637,13,1.0,8017.759775,True,
LOCAL-v1-q4-minimum_radius-5069,4,frozen_baseline,14,596.6862239285714,0.020762374973855913,14,1.0,8353.607135,True,
LOCAL-v1-q4-minimum_radius-5070,4,frozen_baseline,12,569.210962,0.017047417000867426,12,1.0,6830.531544,True,
LOCAL-v1-q4-minimum_radius-5071,4,frozen_baseline,12,580.5284306666666,0.0191220409469679,12,1.0,6966.341168,True,
LOCAL-v1-q4-minimum_radius-5072,4,frozen_baseline,15,526.4593461333333,0.014669416006654501,15,1.0,7896.890192,True,
LOCAL-v1-q4-minimum_radius-5073,4,frozen_baseline,10,680.3763498999999,0.015786292031407356,10,1.0,6803.763499,True,
LOCAL-v1-q4-minimum_radius-5074,4,frozen_baseline,16,442.087597625,0.021805708995088935,16,1.0,7073.401562,True,
LOCAL-v1-q4-minimum_radius-5075,4,frozen_baseline,15,493.09631893333335,0.01828954101074487,15,1.0,7396.444784,True,
LOCAL-v1-q4-minimum_radius-5076,4,frozen_baseline,12,583.8912885833333,0.020297499955631793,12,1.0,7006.695463,True,
LOCAL-v1-q4-minimum_radius-5077,4,frozen_baseline,14,489.30827907142856,0.017132375040091574,14,1.0,6850.315907,True,
LOCAL-v1-q4-minimum_radius-5078,4,frozen_baseline,13,595.3587687692308,0.01823254197370261,13,1.0,7739.663994,True,
LOCAL-v1-q4-minimum_radius-5079,4,frozen_baseline,10,663.5051642999999,0.014407332986593246,10,1.0,6635.051643,True,
LOCAL-v1-q4-minimum_radius-5080,4,frozen_baseline,10,1001.3152256,0.016619750065729022,10,1.0,10013.152256,True,
LOCAL-v1-q4-minimum_radius-5081,4,frozen_baseline,16,498.528889125,0.018170792027376592,16,1.0,7976.462226,True,
LOCAL-v1-q4-minimum_radius-5082,4,frozen_baseline,13,582.7389249230769,0.015621750033460557,13,1.0,7575.606024,True,
LOCAL-v1-q4-minimum_radius-5083,4,frozen_baseline,13,529.5071817692308,0.020532291964627802,13,1.0,6883.593363,True,
LOCAL-v1-q4-minimum_radius-5084,4,frozen_baseline,14,491.7942415714286,0.01942787505686283,14,1.0,6885.119382,True,
LOCAL-v1-q4-minimum_radius-5085,4,frozen_baseline,15,516.8972018,0.014795457944273949,15,1.0,7753.458027,True,
LOCAL-v1-q4-minimum_radius-5086,4,frozen_baseline,12,689.23719075,0.020143707981333137,12,1.0,8270.846289,True,
LOCAL-v1-q4-minimum_radius-5087,4,frozen_baseline,13,604.9800140769231,0.016195792006328702,13,1.0,7864.740183,True,
LOCAL-v1-q4-minimum_radius-5088,4,frozen_baseline,16,457.98243425,0.02165683393832296,16,1.0,7327.718948,True,
LOCAL-v1-q4-minimum_radius-5089,4,frozen_baseline,15,448.8907416,0.02170250006020069,15,1.0,6733.361124,True,
LOCAL-v1-q4-minimum_radius-5090,4,frozen_baseline,14,499.37691842857146,0.01463175006210804,14,1.0,6991.276858,True,
LOCAL-v1-q4-minimum_radius-5091,4,frozen_baseline,12,608.8420340833333,0.01795550005044788,12,1.0,7306.104409,True,
LOCAL-v1-q4-minimum_radius-5092,4,frozen_baseline,11,587.4129060909091,0.01856375008355826,11,1.0,6461.541967,True,
LOCAL-v1-q4-minimum_radius-5093,4,frozen_baseline,15,600.9343148,0.0154214589856565,15,1.0,9014.014722,True,
LOCAL-v1-q4-minimum_radius-5094,4,frozen_baseline,11,735.7504886363636,0.014605500036850572,11,1.0,8093.255375,True,
LOCAL-v1-q4-minimum_radius-5095,4,frozen_baseline,10,717.2163735,0.015621833968907595,10,1.0,7172.163735,True,
LOCAL-v1-q4-minimum_radius-5096,4,frozen_baseline,14,460.3911790714286,0.020009040948934853,14,1.0,6445.476507,True,
LOCAL-v1-q4-minimum_radius-5097,4,frozen_baseline,13,551.62608,0.019694791990332305,13,1.0,7171.13904,True,
LOCAL-v1-q4-minimum_radius-5098,4,frozen_baseline,16,424.541307875,0.017920417012646794,16,1.0,6792.660926,True,
LOCAL-v1-q4-minimum_radius-5099,4,frozen_baseline,13,632.7626849999999,0.01668699993751943,13,1.0,8225.914905,True,
LOCAL-v1-q4-exactly10_sources-5000,4,frozen_baseline,10,671.0434252,0.017759833950549364,10,1.0,6710.434252,True,
LOCAL-v1-q4-exactly10_sources-5001,4,frozen_baseline,10,911.5177035,0.014371459023095667,10,1.0,9115.177035,True,
LOCAL-v1-q4-exactly10_sources-5002,4,frozen_baseline,10,688.1548043,0.020301333046518266,10,1.0,6881.548043,True,
LOCAL-v1-q4-exactly10_sources-5003,4,frozen_baseline,10,650.0266396,0.017086084000766277,10,1.0,6500.266396,True,
LOCAL-v1-q4-exactly10_sources-5004,4,frozen_baseline,10,648.3235032,0.016971249948255718,10,1.0,6483.235032,True,
LOCAL-v1-q4-exactly10_sources-5005,4,frozen_baseline,10,643.8840677000001,0.01591695798560977,10,1.0,6438.840677,True,
LOCAL-v1-q4-exactly10_sources-5006,4,frozen_baseline,10,712.5853569,0.018114375066943467,10,1.0,7125.853569,True,
LOCAL-v1-q4-exactly10_sources-5007,4,frozen_baseline,10,648.0259352,0.017296250094659626,10,1.0,6480.259352,True,
LOCAL-v1-q4-exactly10_sources-5008,4,frozen_baseline,10,642.6012378,0.02054779208265245,10,1.0,6426.012378,True,
LOCAL-v1-q4-exactly10_sources-5009,4,frozen_baseline,10,658.3742878,0.01484629197511822,10,1.0,6583.742878,True,
LOCAL-v1-q4-exactly10_sources-5010,4,frozen_baseline,10,834.4195149999999,0.019375375006347895,10,1.0,8344.19515,True,
LOCAL-v1-q4-exactly10_sources-5011,4,frozen_baseline,10,682.0847184,0.01533308404032141,10,1.0,6820.847184,True,
LOCAL-v1-q4-exactly10_sources-5012,4,frozen_baseline,10,633.6248456000001,0.014252415974624455,10,1.0,6336.248456,True,
LOCAL-v1-q4-exactly10_sources-5013,4,frozen_baseline,10,720.8380697,0.013799542095512152,10,1.0,7208.380697,True,
LOCAL-v1-q4-exactly10_sources-5014,4,frozen_baseline,10,696.7686673000001,0.0155356660252437,10,1.0,6967.686673,True,
LOCAL-v1-q4-exactly10_sources-5015,4,frozen_baseline,10,716.5729862000001,0.020716666942462325,10,1.0,7165.729862,True,
LOCAL-v1-q4-exactly10_sources-5016,4,frozen_baseline,10,785.9380693,0.015134292072616518,10,1.0,7859.380693,True,
LOCAL-v1-q4-exactly10_sources-5017,4,frozen_baseline,10,671.9225705,0.016099083004519343,10,1.0,6719.225705,True,
LOCAL-v1-q4-exactly10_sources-5018,4,frozen_baseline,10,682.3818512,0.016403457964770496,10,1.0,6823.818512,True,
LOCAL-v1-q4-exactly10_sources-5019,4,frozen_baseline,10,690.0676284,0.014773124945349991,10,1.0,6900.676284,True,
LOCAL-v1-q4-exactly10_sources-5020,4,frozen_baseline,10,785.3370635,0.014579415903426707,10,1.0,7853.370635,True,
LOCAL-v1-q4-exactly10_sources-5021,4,frozen_baseline,10,770.6328937000001,0.014584540971554816,10,1.0,7706.328937,True,
LOCAL-v1-q4-exactly10_sources-5022,4,frozen_baseline,10,611.9208484,0.017065584077499807,10,1.0,6119.208484,True,
LOCAL-v1-q4-exactly10_sources-5023,4,frozen_baseline,10,643.0982205,0.014081415953114629,10,1.0,6430.982205,True,
LOCAL-v1-q4-exactly10_sources-5024,4,frozen_baseline,10,655.2330056,0.015435374923981726,10,1.0,6552.330056,True,
LOCAL-v1-q4-exactly10_sources-5025,4,frozen_baseline,10,649.1076032,0.017106959014199674,10,1.0,6491.076032,True,
LOCAL-v1-q4-exactly10_sources-5026,4,frozen_baseline,10,789.6218208,0.01545154198538512,10,1.0,7896.218208,True,
LOCAL-v1-q4-exactly10_sources-5027,4,frozen_baseline,10,706.686148,0.018338792026042938,10,1.0,7066.86148,True,
LOCAL-v1-q4-exactly10_sources-5028,4,frozen_baseline,10,681.2542781,0.016316833905875683,10,1.0,6812.542781,True,
LOCAL-v1-q4-exactly10_sources-5029,4,frozen_baseline,10,785.548867,0.014356875093653798,10,1.0,7855.48867,True,
LOCAL-v1-q4-exactly10_sources-5030,4,frozen_baseline,10,758.5454927,0.018043083022348583,10,1.0,7585.454927,True,
LOCAL-v1-q4-exactly10_sources-5031,4,frozen_baseline,10,670.7540905,0.018120249966159463,10,1.0,6707.540905,True,
LOCAL-v1-q4-exactly10_sources-5032,4,frozen_baseline,10,778.8802818,0.018009459017775953,10,1.0,7788.802818,True,
LOCAL-v1-q4-exactly10_sources-5033,4,frozen_baseline,10,666.0822042,0.01886874996125698,10,1.0,6660.822042,True,
LOCAL-v1-q4-exactly10_sources-5034,4,frozen_baseline,10,820.8521046,0.017189875012263656,10,1.0,8208.521046,True,
LOCAL-v1-q4-exactly10_sources-5035,4,frozen_baseline,10,741.3797736,0.016186041058972478,10,1.0,7413.797736,True,
LOCAL-v1-q4-exactly10_sources-5036,4,frozen_baseline,10,670.6954969999999,0.019567999988794327,10,1.0,6706.95497,True,
LOCAL-v1-q4-exactly10_sources-5037,4,frozen_baseline,10,659.9012696,0.016423749970272183,10,1.0,6599.012696,True,
LOCAL-v1-q4-exactly10_sources-5038,4,frozen_baseline,10,710.5436289,0.014915999956429005,10,1.0,7105.436289,True,
LOCAL-v1-q4-exactly10_sources-5039,4,frozen_baseline,10,640.9121766999999,0.020081082941032946,10,1.0,6409.121767,True,
LOCAL-v1-q4-exactly10_sources-5040,4,frozen_baseline,10,667.4227872,0.02211170899681747,10,1.0,6674.227872,True,
LOCAL-v1-q4-exactly10_sources-5041,4,frozen_baseline,10,708.2199298,0.020200083032250404,10,1.0,7082.199298,True,
LOCAL-v1-q4-exactly10_sources-5042,4,frozen_baseline,10,656.1282225,0.01687458297237754,10,1.0,6561.282225,True,
LOCAL-v1-q4-exactly10_sources-5043,4,frozen_baseline,10,724.7992234000001,0.016568124992772937,10,1.0,7247.992234,True,
LOCAL-v1-q4-exactly10_sources-5044,4,frozen_baseline,10,622.860355,0.019260625005699694,10,1.0,6228.60355,True,
LOCAL-v1-q4-exactly10_sources-5045,4,frozen_baseline,10,773.5820062,0.01798116706777364,10,1.0,7735.820062,True,
LOCAL-v1-q4-exactly10_sources-5046,4,frozen_baseline,10,746.196953,0.01654175005387515,10,1.0,7461.96953,True,
LOCAL-v1-q4-exactly10_sources-5047,4,frozen_baseline,10,625.4893479,0.016796750016510487,10,1.0,6254.893479,True,
LOCAL-v1-q4-exactly10_sources-5048,4,frozen_baseline,10,655.9382379,0.01832304208073765,10,1.0,6559.382379,True,
LOCAL-v1-q4-exactly10_sources-5049,4,frozen_baseline,10,738.5101972,0.01814937510062009,10,1.0,7385.101972,True,
LOCAL-v1-q4-exactly10_sources-5050,4,frozen_baseline,10,663.1741819,0.02098333404865116,10,1.0,6631.741819,True,
LOCAL-v1-q4-exactly10_sources-5051,4,frozen_baseline,10,919.9780203,0.015981916920281947,10,1.0,9199.780203,True,
LOCAL-v1-q4-exactly10_sources-5052,4,frozen_baseline,10,640.8601019,0.01744158403016627,10,1.0,6408.601019,True,
LOCAL-v1-q4-exactly10_sources-5053,4,frozen_baseline,10,604.1473952,0.01633066695649177,10,1.0,6041.473952,True,
LOCAL-v1-q4-exactly10_sources-5054,4,frozen_baseline,10,703.2281366999999,0.015402332996018231,10,1.0,7032.281367,True,
LOCAL-v1-q4-exactly10_sources-5055,4,frozen_baseline,10,656.4340478,0.01707941701170057,10,1.0,6564.340478,True,
LOCAL-v1-q4-exactly10_sources-5056,4,frozen_baseline,10,690.3089717,0.017019208054989576,10,1.0,6903.089717,True,
LOCAL-v1-q4-exactly10_sources-5057,4,frozen_baseline,10,623.2017702,0.017716541071422398,10,1.0,6232.017702,True,
LOCAL-v1-q4-exactly10_sources-5058,4,frozen_baseline,10,670.7002565,0.016427709022536874,10,1.0,6707.002565,True,
LOCAL-v1-q4-exactly10_sources-5059,4,frozen_baseline,10,671.6902524,0.015786458970978856,10,1.0,6716.902524,True,
LOCAL-v1-q4-exactly10_sources-5060,4,frozen_baseline,10,692.1986972,0.016830542008392513,10,1.0,6921.986972,True,
LOCAL-v1-q4-exactly10_sources-5061,4,frozen_baseline,10,638.6888495999999,0.018291749991476536,10,1.0,6386.888496,True,
LOCAL-v1-q4-exactly10_sources-5062,4,frozen_baseline,10,723.6307465,0.01566654199268669,10,1.0,7236.307465,True,
LOCAL-v1-q4-exactly10_sources-5063,4,frozen_baseline,10,674.8999372999999,0.01581737503875047,10,1.0,6748.999373,True,
LOCAL-v1-q4-exactly10_sources-5064,4,frozen_baseline,10,666.7275668,0.01777383405715227,10,1.0,6667.275668,True,
LOCAL-v1-q4-exactly10_sources-5065,4,frozen_baseline,10,668.7820767999999,0.0181971249403432,10,1.0,6687.820768,True,
LOCAL-v1-q4-exactly10_sources-5066,4,frozen_baseline,10,638.5723740999999,0.01756558392662555,10,1.0,6385.723741,True,
LOCAL-v1-q4-exactly10_sources-5067,4,frozen_baseline,10,701.0803218,0.01587925001513213,10,1.0,7010.803218,True,
LOCAL-v1-q4-exactly10_sources-5068,4,frozen_baseline,10,778.9924637,0.018898541922681034,10,1.0,7789.924637,True,
LOCAL-v1-q4-exactly10_sources-5069,4,frozen_baseline,10,692.0440835,0.01745220902375877,10,1.0,6920.440835,True,
LOCAL-v1-q4-exactly10_sources-5070,4,frozen_baseline,10,727.4718508,0.020211542025208473,10,1.0,7274.718508,True,
LOCAL-v1-q4-exactly10_sources-5071,4,frozen_baseline,10,755.127861,0.018490125075913966,10,1.0,7551.27861,True,
LOCAL-v1-q4-exactly10_sources-5072,4,frozen_baseline,10,699.8638854,0.014732124982401729,10,1.0,6998.638854,True,
LOCAL-v1-q4-exactly10_sources-5073,4,frozen_baseline,10,616.3687792,0.017174875014461577,10,1.0,6163.687792,True,
LOCAL-v1-q4-exactly10_sources-5074,4,frozen_baseline,10,670.1773965,0.019821083988063037,10,1.0,6701.773965,True,
LOCAL-v1-q4-exactly10_sources-5075,4,frozen_baseline,10,797.7073588999999,0.014142291969619691,10,1.0,7977.073589,True,
LOCAL-v1-q4-exactly10_sources-5076,4,frozen_baseline,10,675.3765684,0.016513166949152946,10,1.0,6753.765684,True,
LOCAL-v1-q4-exactly10_sources-5077,4,frozen_baseline,10,668.2577235,0.01641058293171227,10,1.0,6682.577235,True,
LOCAL-v1-q4-exactly10_sources-5078,4,frozen_baseline,10,735.6760271,0.016187666915357113,10,1.0,7356.760271,True,
LOCAL-v1-q4-exactly10_sources-5079,4,frozen_baseline,10,795.3227893999999,0.015646041021682322,10,1.0,7953.227894,True,
LOCAL-v1-q4-exactly10_sources-5080,4,frozen_baseline,10,979.1104269,0.01751416700426489,10,1.0,9791.104269,True,
LOCAL-v1-q4-exactly10_sources-5081,4,frozen_baseline,10,734.8937971,0.01678345794789493,10,1.0,7348.937971,True,
LOCAL-v1-q4-exactly10_sources-5082,4,frozen_baseline,10,662.5746224000001,0.014441750012338161,10,1.0,6625.746224,True,
LOCAL-v1-q4-exactly10_sources-5083,4,frozen_baseline,10,759.9598566,0.018018541974015534,10,1.0,7599.598566,True,
LOCAL-v1-q4-exactly10_sources-5084,4,frozen_baseline,10,679.6119903,0.018884125049225986,10,1.0,6796.119903,True,
LOCAL-v1-q4-exactly10_sources-5085,4,frozen_baseline,10,617.2711541,0.019129624939523637,10,1.0,6172.711541,True,
LOCAL-v1-q4-exactly10_sources-5086,4,frozen_baseline,10,848.8439908,0.015836082980968058,10,1.0,8488.439908,True,
LOCAL-v1-q4-exactly10_sources-5087,4,frozen_baseline,10,719.3654153,0.014081250061281025,10,1.0,7193.654153,True,
LOCAL-v1-q4-exactly10_sources-5088,4,frozen_baseline,10,735.2237656,0.017151125008240342,10,1.0,7352.237656,True,
LOCAL-v1-q4-exactly10_sources-5089,4,frozen_baseline,10,680.759551,0.01451245800126344,10,1.0,6807.59551,True,
LOCAL-v1-q4-exactly10_sources-5090,4,frozen_baseline,10,887.8488345,0.014981375075876713,10,1.0,8878.488345,True,
LOCAL-v1-q4-exactly10_sources-5091,4,frozen_baseline,10,633.2217162,0.015203625080175698,10,1.0,6332.217162,True,
LOCAL-v1-q4-exactly10_sources-5092,4,frozen_baseline,10,720.4875096,0.02006324997637421,10,1.0,7204.875096,True,
LOCAL-v1-q4-exactly10_sources-5093,4,frozen_baseline,10,690.4676428,0.0159446659963578,10,1.0,6904.676428,True,
LOCAL-v1-q4-exactly10_sources-5094,4,frozen_baseline,10,770.2584858,0.017637999961152673,10,1.0,7702.584858,True,
LOCAL-v1-q4-exactly10_sources-5095,4,frozen_baseline,10,658.8989966,0.018927374971099198,10,1.0,6588.989966,True,
LOCAL-v1-q4-exactly10_sources-5096,4,frozen_baseline,10,649.8586338,0.014994417084380984,10,1.0,6498.586338,True,
LOCAL-v1-q4-exactly10_sources-5097,4,frozen_baseline,10,749.9669630999999,0.01716391695663333,10,1.0,7499.669631,True,
LOCAL-v1-q4-exactly10_sources-5098,4,frozen_baseline,10,686.6663371,0.015282334061339498,10,1.0,6866.663371,True,
LOCAL-v1-q4-exactly10_sources-5099,4,frozen_baseline,10,685.1521813,0.018176875077188015,10,1.0,6851.521813,True,
LOCAL-v1-q4-exactly16_sources-5000,4,frozen_baseline,16,402.1013701875,0.02020758402068168,16,1.0,6433.621923,True,
LOCAL-v1-q4-exactly16_sources-5001,4,frozen_baseline,16,519.3403688125,0.019822792033664882,16,1.0,8309.445901,True,
LOCAL-v1-q4-exactly16_sources-5002,4,frozen_baseline,16,454.8554558125,0.0175918749300763,16,1.0,7277.687293,True,
LOCAL-v1-q4-exactly16_sources-5003,4,frozen_baseline,16,402.525651625,0.023892750032246113,16,1.0,6440.410426,True,
LOCAL-v1-q4-exactly16_sources-5004,4,frozen_baseline,16,349.43890175,0.02253995800856501,16,1.0,5591.022428,True,
LOCAL-v1-q4-exactly16_sources-5005,4,frozen_baseline,16,392.3566559375,0.023557625012472272,16,1.0,6277.706495,True,
LOCAL-v1-q4-exactly16_sources-5006,4,frozen_baseline,16,437.0646496875,0.018641999922692776,16,1.0,6993.034395,True,
LOCAL-v1-q4-exactly16_sources-5007,4,frozen_baseline,16,396.2253811875,0.02465383301023394,16,1.0,6339.606099,True,
LOCAL-v1-q4-exactly16_sources-5008,4,frozen_baseline,16,413.78917925,0.03282329090870917,16,1.0,6620.626868,True,
LOCAL-v1-q4-exactly16_sources-5009,4,frozen_baseline,16,429.93582225,0.01681916695088148,16,1.0,6878.973156,True,
LOCAL-v1-q4-exactly16_sources-5010,4,frozen_baseline,16,519.27757125,0.023175542009994388,16,1.0,8308.44114,True,
LOCAL-v1-q4-exactly16_sources-5011,4,frozen_baseline,16,465.5699156875,0.017430582898668945,16,1.0,7449.118651,True,
LOCAL-v1-q4-exactly16_sources-5012,4,frozen_baseline,16,410.8678796875,0.019704582984559238,16,1.0,6573.886075,True,
LOCAL-v1-q4-exactly16_sources-5013,4,frozen_baseline,16,468.8059315625,0.021513957995921373,16,1.0,7500.894905,True,
LOCAL-v1-q4-exactly16_sources-5014,4,frozen_baseline,16,429.7740915625,0.01723166706506163,16,1.0,6876.385465,True,
LOCAL-v1-q4-exactly16_sources-5015,4,frozen_baseline,16,446.882508125,0.01971454208251089,16,1.0,7150.12013,True,
LOCAL-v1-q4-exactly16_sources-5016,4,frozen_baseline,16,401.793748375,0.019027207978069782,16,1.0,6428.699974,True,
LOCAL-v1-q4-exactly16_sources-5017,4,frozen_baseline,16,368.114695125,0.016261667013168335,16,1.0,5889.835122,True,
LOCAL-v1-q4-exactly16_sources-5018,4,frozen_baseline,16,422.9313103125,0.023825000040233135,16,1.0,6766.900965,True,
LOCAL-v1-q4-exactly16_sources-5019,4,frozen_baseline,16,419.9049589375,0.022260500001721084,16,1.0,6718.479343,True,
LOCAL-v1-q4-exactly16_sources-5020,4,frozen_baseline,16,453.95744875,0.01675612502731383,16,1.0,7263.31918,True,
LOCAL-v1-q4-exactly16_sources-5021,4,frozen_baseline,16,585.574643125,0.018574542016722262,16,1.0,9369.19429,True,
LOCAL-v1-q4-exactly16_sources-5022,4,frozen_baseline,16,417.233901125,0.01837383396923542,16,1.0,6675.742418,True,
LOCAL-v1-q4-exactly16_sources-5023,4,frozen_baseline,16,340.222854,0.021369082969613373,16,1.0,5443.565664,True,
LOCAL-v1-q4-exactly16_sources-5024,4,frozen_baseline,16,526.3092681875,0.016272625070996583,16,1.0,8420.948291,True,
LOCAL-v1-q4-exactly16_sources-5025,4,frozen_baseline,16,443.5629875625,0.020479375030845404,16,1.0,7097.007801,True,
LOCAL-v1-q4-exactly16_sources-5026,4,frozen_baseline,16,442.3542544375,0.018834874965250492,16,1.0,7077.668071,True,
LOCAL-v1-q4-exactly16_sources-5027,4,frozen_baseline,16,400.672512875,0.023868125048466027,16,1.0,6410.760206,True,
LOCAL-v1-q4-exactly16_sources-5028,4,frozen_baseline,16,428.6942969375,0.018859916948713362,16,1.0,6859.108751,True,
LOCAL-v1-q4-exactly16_sources-5029,4,frozen_baseline,16,481.567630375,0.015269625000655651,16,1.0,7705.082086,True,
LOCAL-v1-q4-exactly16_sources-5030,4,frozen_baseline,16,478.822739,0.021718791918829083,16,1.0,7661.163824,True,
LOCAL-v1-q4-exactly16_sources-5031,4,frozen_baseline,16,460.5649975,0.022184583940543234,16,1.0,7369.03996,True,
LOCAL-v1-q4-exactly16_sources-5032,4,frozen_baseline,16,408.24621225,0.01640750002115965,16,1.0,6531.939396,True,
LOCAL-v1-q4-exactly16_sources-5033,4,frozen_baseline,16,515.44080375,0.02033874997869134,16,1.0,8247.05286,True,
LOCAL-v1-q4-exactly16_sources-5034,4,frozen_baseline,16,490.203628625,0.019635791890323162,16,1.0,7843.258058,True,
LOCAL-v1-q4-exactly16_sources-5035,4,frozen_baseline,16,462.0743438125,0.021696959040127695,16,1.0,7393.189501,True,
LOCAL-v1-q4-exactly16_sources-5036,4,frozen_baseline,16,411.37428275,0.019834958016872406,16,1.0,6581.988524,True,
LOCAL-v1-q4-exactly16_sources-5037,4,frozen_baseline,16,384.8575881875,0.022743542096577585,16,1.0,6157.721411,True,
LOCAL-v1-q4-exactly16_sources-5038,4,frozen_baseline,16,410.1532484375,0.019264417001977563,16,1.0,6562.451975,True,
LOCAL-v1-q4-exactly16_sources-5039,4,frozen_baseline,16,458.2751129375,0.0323219170095399,16,1.0,7332.401807,True,
LOCAL-v1-q4-exactly16_sources-5040,4,frozen_baseline,16,424.50246325,0.017495041945949197,16,1.0,6792.039412,True,
LOCAL-v1-q4-exactly16_sources-5041,4,frozen_baseline,16,653.604106375,0.024139082990586758,16,1.0,10457.665702,True,
LOCAL-v1-q4-exactly16_sources-5042,4,frozen_baseline,16,417.8894756875,0.02085879200603813,16,1.0,6686.231611,True,
LOCAL-v1-q4-exactly16_sources-5043,4,frozen_baseline,16,532.3388430625,0.019395583076402545,16,1.0,8517.421489,True,
LOCAL-v1-q4-exactly16_sources-5044,4,frozen_baseline,16,369.6027869375,0.019320957944728434,16,1.0,5913.644591,True,
LOCAL-v1-q4-exactly16_sources-5045,4,frozen_baseline,16,438.8543236875,0.020914708962664008,16,1.0,7021.669179,True,
LOCAL-v1-q4-exactly16_sources-5046,4,frozen_baseline,16,362.1156493125,0.022707542055286467,16,1.0,5793.850389,True,
LOCAL-v1-q4-exactly16_sources-5047,4,frozen_baseline,16,392.92408325,0.022529541980475187,16,1.0,6286.785332,True,
LOCAL-v1-q4-exactly16_sources-5048,4,frozen_baseline,16,396.5297623125,0.017525041941553354,16,1.0,6344.476197,True,
LOCAL-v1-q4-exactly16_sources-5049,4,frozen_baseline,16,623.7849384375,0.018595749977976084,16,1.0,9980.559015,True,
LOCAL-v1-q4-exactly16_sources-5050,4,frozen_baseline,16,455.1278066875,0.016881125047802925,16,1.0,7282.044907,True,
LOCAL-v1-q4-exactly16_sources-5051,4,frozen_baseline,16,390.2329958125,0.01709595904685557,16,1.0,6243.727933,True,
LOCAL-v1-q4-exactly16_sources-5052,4,frozen_baseline,16,428.984941125,0.02215579093899578,16,1.0,6863.759058,True,
LOCAL-v1-q4-exactly16_sources-5053,4,frozen_baseline,16,413.3526328125,0.020459208986721933,16,1.0,6613.642125,True,
LOCAL-v1-q4-exactly16_sources-5054,4,frozen_baseline,16,420.4218415625,0.020119416993111372,16,1.0,6726.749465,True,
LOCAL-v1-q4-exactly16_sources-5055,4,frozen_baseline,16,423.63115125,0.02090695791412145,16,1.0,6778.09842,True,
LOCAL-v1-q4-exactly16_sources-5056,4,frozen_baseline,16,505.0171175,0.019786125048995018,16,1.0,8080.27388,True,
LOCAL-v1-q4-exactly16_sources-5057,4,frozen_baseline,16,431.5847945,0.018287417013198137,16,1.0,6905.356712,True,
LOCAL-v1-q4-exactly16_sources-5058,4,frozen_baseline,16,430.9353013125,0.018324124976061285,16,1.0,6894.964821,True,
LOCAL-v1-q4-exactly16_sources-5059,4,frozen_baseline,16,410.3773650625,0.019247082993388176,16,1.0,6566.037841,True,
LOCAL-v1-q4-exactly16_sources-5060,4,frozen_baseline,16,428.188308,0.01737362495623529,16,1.0,6851.012928,True,
LOCAL-v1-q4-exactly16_sources-5061,4,frozen_baseline,16,421.7442746875,0.016737166908569634,16,1.0,6747.908395,True,
LOCAL-v1-q4-exactly16_sources-5062,4,frozen_baseline,16,620.640057,0.022019834024831653,16,1.0,9930.240912,True,
LOCAL-v1-q4-exactly16_sources-5063,4,frozen_baseline,16,527.7486560625,0.021635457989759743,16,1.0,8443.978497,True,
LOCAL-v1-q4-exactly16_sources-5064,4,frozen_baseline,16,463.852335875,0.015479083056561649,16,1.0,7421.637374,True,
LOCAL-v1-q4-exactly16_sources-5065,4,frozen_baseline,16,411.814636,0.01961370906792581,16,1.0,6589.034176,True,
LOCAL-v1-q4-exactly16_sources-5066,4,frozen_baseline,16,428.6818866875,0.018646624987013638,16,1.0,6858.910187,True,
LOCAL-v1-q4-exactly16_sources-5067,4,frozen_baseline,16,437.9762419375,0.020988042000681162,16,1.0,7007.619871,True,
LOCAL-v1-q4-exactly16_sources-5068,4,frozen_baseline,16,437.514963125,0.017551791039295495,16,1.0,7000.23941,True,
LOCAL-v1-q4-exactly16_sources-5069,4,frozen_baseline,16,482.990475,0.024732791003771126,16,1.0,7727.8476,True,
LOCAL-v1-q4-exactly16_sources-5070,4,frozen_baseline,16,510.6438135625,0.022701708017848432,16,1.0,8170.301017,True,
LOCAL-v1-q4-exactly16_sources-5071,4,frozen_baseline,16,403.6367899375,0.01803470798768103,16,1.0,6458.188639,True,
LOCAL-v1-q4-exactly16_sources-5072,4,frozen_baseline,16,396.83918175,0.020658207940869033,16,1.0,6349.426908,True,
LOCAL-v1-q4-exactly16_sources-5073,4,frozen_baseline,16,442.2456985,0.02128512493800372,16,1.0,7075.931176,True,
LOCAL-v1-q4-exactly16_sources-5074,4,frozen_baseline,16,421.9096605625,0.021101832971908152,16,1.0,6750.554569,True,
LOCAL-v1-q4-exactly16_sources-5075,4,frozen_baseline,16,400.1153016875,0.022704333998262882,16,1.0,6401.844827,True,
LOCAL-v1-q4-exactly16_sources-5076,4,frozen_baseline,16,385.7701101875,0.023099167039617896,16,1.0,6172.321763,True,
LOCAL-v1-q4-exactly16_sources-5077,4,frozen_baseline,16,463.5957270625,0.01675925008021295,16,1.0,7417.531633,True,
LOCAL-v1-q4-exactly16_sources-5078,4,frozen_baseline,16,458.2685925625,0.017352583003230393,16,1.0,7332.297481,True,
LOCAL-v1-q4-exactly16_sources-5079,4,frozen_baseline,16,474.0659999375,0.01935145806055516,16,1.0,7585.055999,True,
LOCAL-v1-q4-exactly16_sources-5080,4,frozen_baseline,16,425.2337536875,0.018784666899591684,16,1.0,6803.740059,True,
LOCAL-v1-q4-exactly16_sources-5081,4,frozen_baseline,16,472.6885008125,0.01909033302217722,16,1.0,7563.016013,True,
LOCAL-v1-q4-exactly16_sources-5082,4,frozen_baseline,16,426.080998,0.01639683300163597,16,1.0,6817.295968,True,
LOCAL-v1-q4-exactly16_sources-5083,4,frozen_baseline,16,455.73564525,0.022060499992221594,16,1.0,7291.770324,True,
LOCAL-v1-q4-exactly16_sources-5084,4,frozen_baseline,16,513.073906875,0.018738790997304022,16,1.0,8209.18251,True,
LOCAL-v1-q4-exactly16_sources-5085,4,frozen_baseline,16,370.699006125,0.020123875001445413,16,1.0,5931.184098,True,
LOCAL-v1-q4-exactly16_sources-5086,4,frozen_baseline,16,381.5230615,0.018954875064082444,16,1.0,6104.368984,True,
LOCAL-v1-q4-exactly16_sources-5087,4,frozen_baseline,16,377.557588125,0.020809332956559956,16,1.0,6040.92141,True,
LOCAL-v1-q4-exactly16_sources-5088,4,frozen_baseline,16,493.202377875,0.022189833922311664,16,1.0,7891.238046,True,
LOCAL-v1-q4-exactly16_sources-5089,4,frozen_baseline,16,452.2476994375,0.016881917021237314,16,1.0,7235.963191,True,
LOCAL-v1-q4-exactly16_sources-5090,4,frozen_baseline,16,492.8834214375,0.01793845894280821,16,1.0,7886.134743,True,
LOCAL-v1-q4-exactly16_sources-5091,4,frozen_baseline,16,481.077142,0.0223447079770267,16,1.0,7697.234272,True,
LOCAL-v1-q4-exactly16_sources-5092,4,frozen_baseline,16,427.7845094375,0.016917541972361505,16,1.0,6844.552151,True,
LOCAL-v1-q4-exactly16_sources-5093,4,frozen_baseline,16,428.4136845,0.020242166006937623,16,1.0,6854.618952,True,
LOCAL-v1-q4-exactly16_sources-5094,4,frozen_baseline,16,449.2184115,0.02183074993081391,16,1.0,7187.494584,True,
LOCAL-v1-q4-exactly16_sources-5095,4,frozen_baseline,16,380.312429625,0.021875333040952682,16,1.0,6084.998874,True,
LOCAL-v1-q4-exactly16_sources-5096,4,frozen_baseline,16,453.5694424375,0.01894858293235302,16,1.0,7257.111079,True,
LOCAL-v1-q4-exactly16_sources-5097,4,frozen_baseline,16,471.2353393125,0.02017495804466307,16,1.0,7539.765429,True,
LOCAL-v1-q4-exactly16_sources-5098,4,frozen_baseline,16,406.7532150625,0.01888058299664408,16,1.0,6508.051441,True,
LOCAL-v1-q4-exactly16_sources-5099,4,frozen_baseline,16,394.128529,0.022085250006057322,16,1.0,6306.056464,True,
LOCAL-v1-q3-reference_assumed-5000,3,candidate,11,281.6510645454545,0.007660166942514479,11,1.0,3098.16171,True,
LOCAL-v1-q3-reference_assumed-5001,3,candidate,14,228.8597467142857,0.009422749979421496,14,1.0,3204.036454,True,
LOCAL-v1-q3-reference_assumed-5002,3,candidate,15,198.38545293333334,0.009650584077462554,15,1.0,2975.781794,True,
LOCAL-v1-q3-reference_assumed-5003,3,candidate,11,245.67403345454548,0.006865957984700799,11,1.0,2702.414368,True,
LOCAL-v1-q3-reference_assumed-5004,3,candidate,12,256.42007125000003,0.006310416967608035,12,1.0,3077.040855,True,
LOCAL-v1-q3-reference_assumed-5005,3,candidate,11,271.045283,0.005016541923396289,11,1.0,2981.498113,True,
LOCAL-v1-q3-reference_assumed-5006,3,candidate,11,271.66137645454546,0.007122417096979916,11,1.0,2988.275141,True,
LOCAL-v1-q3-reference_assumed-5007,3,candidate,11,274.6812944545455,0.00571395899169147,11,1.0,3021.494239,True,
LOCAL-v1-q3-reference_assumed-5008,3,candidate,10,278.3795817,0.0065560839138925076,10,1.0,2783.795817,True,
LOCAL-v1-q3-reference_assumed-5009,3,candidate,14,212.2542210714286,0.007989624980837107,14,1.0,2971.559095,True,
LOCAL-v1-q3-reference_assumed-5010,3,candidate,12,231.02195774999998,0.008954624994657934,12,1.0,2772.263493,True,
LOCAL-v1-q3-reference_assumed-5011,3,candidate,15,218.74442873333334,0.01187779102474451,15,1.0,3281.166431,True,
LOCAL-v1-q3-reference_assumed-5012,3,candidate,10,297.5924341,0.004791625076904893,10,1.0,2975.924341,True,
LOCAL-v1-q3-reference_assumed-5013,3,candidate,12,260.29367141666665,0.0070324999978765845,12,1.0,3123.524057,True,
LOCAL-v1-q3-reference_assumed-5014,3,candidate,11,259.21659718181814,0.008073042030446231,11,1.0,2851.382569,True,
LOCAL-v1-q3-reference_assumed-5015,3,candidate,12,258.250644,0.009274999960325658,12,1.0,3099.007728,True,
LOCAL-v1-q3-reference_assumed-5016,3,candidate,16,219.107313125,0.010370166040956974,16,1.0,3505.71701,True,
LOCAL-v1-q3-reference_assumed-5017,3,candidate,15,206.30234546666668,0.010519667062908411,15,1.0,3094.535182,True,
LOCAL-v1-q3-reference_assumed-5018,3,candidate,10,309.73321799999997,0.0065246670274063945,10,1.0,3097.33218,True,
LOCAL-v1-q3-reference_assumed-5019,3,candidate,11,301.8630250909091,0.006986791966482997,11,1.0,3320.493276,True,
LOCAL-v1-q3-reference_assumed-5020,3,candidate,16,221.63258425,0.009467541007325053,16,1.0,3546.121348,True,
LOCAL-v1-q3-reference_assumed-5021,3,candidate,14,242.1861962142857,0.013005167013034225,14,1.0,3390.606747,True,
LOCAL-v1-q3-reference_assumed-5022,3,candidate,14,206.8510845,0.009421208989806473,14,1.0,2895.915183,True,
LOCAL-v1-q3-reference_assumed-5023,3,candidate,15,215.63394866666667,0.010274457978084683,15,1.0,3234.50923,True,
LOCAL-v1-q3-reference_assumed-5024,3,candidate,13,251.03460161538462,0.009537500096485019,13,1.0,3263.449821,True,
LOCAL-v1-q3-reference_assumed-5025,3,candidate,12,259.17196858333335,0.008381041930988431,12,1.0,3110.063623,True,
LOCAL-v1-q3-reference_assumed-5026,3,candidate,15,214.74207846666667,0.006195208057761192,15,1.0,3221.131177,True,
LOCAL-v1-q3-reference_assumed-5027,3,candidate,11,290.5625100909091,0.005321374977938831,11,1.0,3196.187611,True,
LOCAL-v1-q3-reference_assumed-5028,3,candidate,10,271.0408903,0.0054069580510258675,10,1.0,2710.408903,True,
LOCAL-v1-q3-reference_assumed-5029,3,candidate,11,267.30429881818185,0.006046041962690651,11,1.0,2940.347287,True,
LOCAL-v1-q3-reference_assumed-5030,3,candidate,12,216.83841841666666,0.0058622920187190175,12,1.0,2602.061021,True,
LOCAL-v1-q3-reference_assumed-5031,3,candidate,15,193.54538586666666,0.012900416040793061,15,1.0,2903.180788,True,
LOCAL-v1-q3-reference_assumed-5032,3,candidate,11,285.3079677272727,0.007213916978798807,11,1.0,3138.387645,True,
LOCAL-v1-q3-reference_assumed-5033,3,candidate,14,219.4378745,0.008553875028155744,14,1.0,3072.130243,True,
LOCAL-v1-q3-reference_assumed-5034,3,candidate,16,172.666316375,0.011263499967753887,16,1.0,2762.661062,True,
LOCAL-v1-q3-reference_assumed-5035,3,candidate,10,296.3242385,0.005717750056646764,10,1.0,2963.242385,True,
LOCAL-v1-q3-reference_assumed-5036,3,candidate,15,213.93379413333332,0.011595458956435323,15,1.0,3209.006912,True,
LOCAL-v1-q3-reference_assumed-5037,3,candidate,15,211.27693226666668,0.009287666995078325,15,1.0,3169.153984,True,
LOCAL-v1-q3-reference_assumed-5038,3,candidate,16,196.1500318125,0.012918125023134053,16,1.0,3138.400509,True,
LOCAL-v1-q3-reference_assumed-5039,3,candidate,10,328.9510985,0.005460332962684333,10,1.0,3289.510985,True,
LOCAL-v1-q3-reference_assumed-5040,3,candidate,15,222.6386468,0.009659333969466388,15,1.0,3339.579702,True,
LOCAL-v1-q3-reference_assumed-5041,3,candidate,15,214.75600646666666,0.012126332963816822,15,1.0,3221.340097,True,
LOCAL-v1-q3-reference_assumed-5042,3,candidate,11,280.2560137272727,0.0046793329529464245,11,1.0,3082.816151,True,
LOCAL-v1-q3-reference_assumed-5043,3,candidate,12,264.28788683333335,0.007658082991838455,12,1.0,3171.454642,True,
LOCAL-v1-q3-reference_assumed-5044,3,candidate,11,286.96120372727273,0.005921834032051265,11,1.0,3156.573241,True,
LOCAL-v1-q3-reference_assumed-5045,3,candidate,11,275.5970638181818,0.007404500036500394,11,1.0,3031.567702,True,
LOCAL-v1-q3-reference_assumed-5046,3,candidate,10,271.5351448,0.006734290975145996,10,1.0,2715.351448,True,
LOCAL-v1-q3-reference_assumed-5047,3,candidate,16,202.568121,0.009197790990583599,16,1.0,3241.089936,True,
LOCAL-v1-q3-reference_assumed-5048,3,candidate,12,248.56881008333335,0.0068729170598089695,12,1.0,2982.825721,True,
LOCAL-v1-q3-reference_assumed-5049,3,candidate,10,294.8072536,0.00457920809276402,10,1.0,2948.072536,True,
LOCAL-v1-q3-reference_assumed-5050,3,candidate,15,228.04155453333334,0.009265291038900614,15,1.0,3420.623318,True,
LOCAL-v1-q3-reference_assumed-5051,3,candidate,11,285.0007013636364,0.006140875048004091,11,1.0,3135.007715,True,
LOCAL-v1-q3-reference_assumed-5052,3,candidate,13,222.12512592307692,0.007228416972793639,13,1.0,2887.626637,True,
LOCAL-v1-q3-reference_assumed-5053,3,candidate,16,232.615478875,0.009562041028402746,16,1.0,3721.847662,True,
LOCAL-v1-q3-reference_assumed-5054,3,candidate,16,246.9357378125,0.009943458018824458,16,1.0,3950.971805,True,
LOCAL-v1-q3-reference_assumed-5055,3,candidate,12,256.64514775000004,0.007367042009718716,12,1.0,3079.741773,True,
LOCAL-v1-q3-reference_assumed-5056,3,candidate,13,254.45992492307693,0.00837562489323318,13,1.0,3307.979024,True,
LOCAL-v1-q3-reference_assumed-5057,3,candidate,13,244.05171453846154,0.006796250003390014,13,1.0,3172.672289,True,
LOCAL-v1-q3-reference_assumed-5058,3,candidate,14,244.34778028571426,0.010785707971081138,14,1.0,3420.868924,True,
LOCAL-v1-q3-reference_assumed-5059,3,candidate,12,263.26049525,0.00582916708663106,12,1.0,3159.125943,True,
LOCAL-v1-q3-reference_assumed-5060,3,candidate,11,270.15345336363634,0.010258083930239081,11,1.0,2971.687987,True,
LOCAL-v1-q3-reference_assumed-5061,3,candidate,13,223.40850623076923,0.007043875055387616,13,1.0,2904.310581,True,
LOCAL-v1-q3-reference_assumed-5062,3,candidate,16,208.5170095,0.008452208014205098,16,1.0,3336.272152,True,
LOCAL-v1-q3-reference_assumed-5063,3,candidate,15,223.13056513333333,0.010676124948076904,15,1.0,3346.958477,True,
LOCAL-v1-q3-reference_assumed-5064,3,candidate,13,229.52846776923076,0.007625916972756386,13,1.0,2983.870081,True,
LOCAL-v1-q3-reference_assumed-5065,3,candidate,12,251.64664041666666,0.0056157499784603715,12,1.0,3019.759685,True,
LOCAL-v1-q3-reference_assumed-5066,3,candidate,10,269.09255659999997,0.009549582959152758,10,1.0,2690.925566,True,
LOCAL-v1-q3-reference_assumed-5067,3,candidate,16,216.890235375,0.011251708026975393,16,1.0,3470.243766,True,
LOCAL-v1-q3-reference_assumed-5068,3,candidate,13,210.69270384615385,0.006966958055272698,13,1.0,2739.00515,True,
LOCAL-v1-q3-reference_assumed-5069,3,candidate,14,232.28404792857143,0.010606167023070157,14,1.0,3251.976671,True,
LOCAL-v1-q3-reference_assumed-5070,3,candidate,12,267.27242041666665,0.007631125045008957,12,1.0,3207.269045,True,
LOCAL-v1-q3-reference_assumed-5071,3,candidate,12,266.9425600833333,0.006840417045168579,12,1.0,3203.310721,True,
LOCAL-v1-q3-reference_assumed-5072,3,candidate,15,202.62780446666665,0.012108833063393831,15,1.0,3039.417067,True,
LOCAL-v1-q3-reference_assumed-5073,3,candidate,10,270.4831605,0.0059512919979169965,10,1.0,2704.831605,True,
LOCAL-v1-q3-reference_assumed-5074,3,candidate,16,224.6865696875,0.014085959061048925,16,1.0,3594.985115,True,
LOCAL-v1-q3-reference_assumed-5075,3,candidate,15,206.24969213333333,0.009916082955896854,15,1.0,3093.745382,True,
LOCAL-v1-q3-reference_assumed-5076,3,candidate,12,238.41796358333332,0.00811341602820903,12,1.0,2861.015563,True,
LOCAL-v1-q3-reference_assumed-5077,3,candidate,14,234.48107735714285,0.008144167019054294,14,1.0,3282.735083,True,
LOCAL-v1-q3-reference_assumed-5078,3,candidate,13,239.637512,0.006075499928556383,13,1.0,3115.287656,True,
LOCAL-v1-q3-reference_assumed-5079,3,candidate,10,301.77724950000004,0.005867499974556267,10,1.0,3017.772495,True,
LOCAL-v1-q3-reference_assumed-5080,3,candidate,10,275.2453552,0.006340499967336655,10,1.0,2752.453552,True,
LOCAL-v1-q3-reference_assumed-5081,3,candidate,16,211.2150706875,0.014523457968607545,16,1.0,3379.441131,True,
LOCAL-v1-q3-reference_assumed-5082,3,candidate,13,220.73062246153845,0.00932208402082324,13,1.0,2869.498092,True,
LOCAL-v1-q3-reference_assumed-5083,3,candidate,13,235.33532876923076,0.007419375004246831,13,1.0,3059.359274,True,
LOCAL-v1-q3-reference_assumed-5084,3,candidate,14,246.80048957142859,0.009040917037054896,14,1.0,3455.206854,True,
LOCAL-v1-q3-reference_assumed-5085,3,candidate,15,203.2651273333333,0.010698374942876399,15,1.0,3048.97691,True,
LOCAL-v1-q3-reference_assumed-5086,3,candidate,12,266.71023875,0.007013499969616532,12,1.0,3200.522865,True,
LOCAL-v1-q3-reference_assumed-5087,3,candidate,13,201.05921669230767,0.007423708913847804,13,1.0,2613.769817,True,
LOCAL-v1-q3-reference_assumed-5088,3,candidate,16,195.5632575,0.010139583027921617,16,1.0,3129.01212,True,
LOCAL-v1-q3-reference_assumed-5089,3,candidate,15,216.00771606666666,0.009686707984656096,15,1.0,3240.115741,True,
LOCAL-v1-q3-reference_assumed-5090,3,candidate,14,229.31801014285716,0.013426040997728705,14,1.0,3210.452142,True,
LOCAL-v1-q3-reference_assumed-5091,3,candidate,12,264.5496054166667,0.009503957931883633,12,1.0,3174.595265,True,
LOCAL-v1-q3-reference_assumed-5092,3,candidate,11,232.40473436363635,0.007917250040918589,11,1.0,2556.452078,True,
LOCAL-v1-q3-reference_assumed-5093,3,candidate,15,219.74202186666668,0.00768049992620945,15,1.0,3296.130328,True,
LOCAL-v1-q3-reference_assumed-5094,3,candidate,11,255.133015,0.005163915921002626,11,1.0,2806.463165,True,
LOCAL-v1-q3-reference_assumed-5095,3,candidate,10,283.94260859999997,0.007680042064748704,10,1.0,2839.426086,True,
LOCAL-v1-q3-reference_assumed-5096,3,candidate,14,225.15782285714286,0.007658749935217202,14,1.0,3152.20952,True,
LOCAL-v1-q3-reference_assumed-5097,3,candidate,13,255.7791526923077,0.009316583978943527,13,1.0,3325.128985,True,
LOCAL-v1-q3-reference_assumed-5098,3,candidate,16,183.6506908125,0.010804249905049801,16,1.0,2938.411053,True,
LOCAL-v1-q3-reference_assumed-5099,3,candidate,13,238.61792323076924,0.009595416951924562,13,1.0,3102.033002,True,
LOCAL-v1-q3-fixed_positive_bias-5000,3,candidate,11,287.00161127272725,0.008302874979563057,11,1.0,3157.017724,True,
LOCAL-v1-q3-fixed_positive_bias-5001,3,candidate,14,235.67421307142857,0.012465083040297031,14,1.0,3299.438983,True,
LOCAL-v1-q3-fixed_positive_bias-5002,3,candidate,15,198.6939366,0.010758292046375573,15,1.0,2980.409049,True,
LOCAL-v1-q3-fixed_positive_bias-5003,3,candidate,11,258.3949408181818,0.008710458991117775,11,1.0,2842.344349,True,
LOCAL-v1-q3-fixed_positive_bias-5004,3,candidate,12,257.39537408333337,0.006407125038094819,12,1.0,3088.744489,True,
LOCAL-v1-q3-fixed_positive_bias-5005,3,candidate,11,267.8148928181818,0.004992500063963234,11,1.0,2945.963821,True,
LOCAL-v1-q3-fixed_positive_bias-5006,3,candidate,11,289.7581974545455,0.006878332933411002,11,1.0,3187.340172,True,
LOCAL-v1-q3-fixed_positive_bias-5007,3,candidate,11,268.4154363636364,0.005131041049025953,11,1.0,2952.5698,True,
LOCAL-v1-q3-fixed_positive_bias-5008,3,candidate,10,277.25893959999996,0.007237875019200146,10,1.0,2772.589396,True,
LOCAL-v1-q3-fixed_positive_bias-5009,3,candidate,14,211.568482,0.008337375009432435,14,1.0,2961.958748,True,
LOCAL-v1-q3-fixed_positive_bias-5010,3,candidate,12,228.22952958333335,0.009593792026862502,12,1.0,2738.754355,True,
LOCAL-v1-q3-fixed_positive_bias-5011,3,candidate,15,230.80181026666665,0.009008582914248109,15,1.0,3462.027154,True,
LOCAL-v1-q3-fixed_positive_bias-5012,3,candidate,10,296.8380902,0.005351124913431704,10,1.0,2968.380902,True,
LOCAL-v1-q3-fixed_positive_bias-5013,3,candidate,12,244.86736725,0.006929666036739945,12,1.0,2938.408407,True,
LOCAL-v1-q3-fixed_positive_bias-5014,3,candidate,11,257.31241118181816,0.010629458003677428,11,1.0,2830.436523,True,
LOCAL-v1-q3-fixed_positive_bias-5015,3,candidate,12,251.68565999999998,0.012016958091408014,12,1.0,3020.22792,True,
LOCAL-v1-q3-fixed_positive_bias-5016,3,candidate,16,217.3528569375,0.010765916900709271,16,1.0,3477.645711,True,
LOCAL-v1-q3-fixed_positive_bias-5017,3,candidate,15,237.38765659999999,0.012814417015761137,15,1.0,3560.814849,True,
LOCAL-v1-q3-fixed_positive_bias-5018,3,candidate,10,295.44175789999997,0.006354792043566704,10,1.0,2954.417579,True,
LOCAL-v1-q3-fixed_positive_bias-5019,3,candidate,11,292.62651590909087,0.007901333970949054,11,1.0,3218.891675,True,
LOCAL-v1-q3-fixed_positive_bias-5020,3,candidate,16,225.883091375,0.012841708958148956,16,1.0,3614.129462,True,
LOCAL-v1-q3-fixed_positive_bias-5021,3,candidate,14,231.28531685714285,0.015736875007860363,14,1.0,3237.994436,True,
LOCAL-v1-q3-fixed_positive_bias-5022,3,candidate,14,214.21134149999997,0.012063959031365812,14,1.0,2998.958781,True,
LOCAL-v1-q3-fixed_positive_bias-5023,3,candidate,15,209.1127186,0.011580792022868991,15,1.0,3136.690779,True,
LOCAL-v1-q3-fixed_positive_bias-5024,3,candidate,13,250.700825,0.010101708001457155,13,1.0,3259.110725,True,
LOCAL-v1-q3-fixed_positive_bias-5025,3,candidate,12,238.74878108333334,0.00746225006878376,12,1.0,2864.985373,True,
LOCAL-v1-q3-fixed_positive_bias-5026,3,candidate,15,217.24914913333333,0.007225665962323546,15,1.0,3258.737237,True,
LOCAL-v1-q3-fixed_positive_bias-5027,3,candidate,11,289.4037916363636,0.005661542061716318,11,1.0,3183.441708,True,
LOCAL-v1-q3-fixed_positive_bias-5028,3,candidate,10,287.7935089,0.005952500039711595,10,1.0,2877.935089,True,
LOCAL-v1-q3-fixed_positive_bias-5029,3,candidate,11,274.95208681818184,0.0075859579956158996,11,1.0,3024.472955,True,
LOCAL-v1-q3-fixed_positive_bias-5030,3,candidate,12,218.67146191666666,0.007099249982275069,12,1.0,2624.057543,True,
LOCAL-v1-q3-fixed_positive_bias-5031,3,candidate,15,202.77159426666668,0.027876417036168277,15,1.0,3041.573914,True,
LOCAL-v1-q3-fixed_positive_bias-5032,3,candidate,11,269.600458,0.013319791993126273,11,1.0,2965.605038,True,
LOCAL-v1-q3-fixed_positive_bias-5033,3,candidate,14,220.55946485714284,0.008855374995619059,14,1.0,3087.832508,True,
LOCAL-v1-q3-fixed_positive_bias-5034,3,candidate,16,182.1979590625,0.013851374969817698,16,1.0,2915.167345,True,
LOCAL-v1-q3-fixed_positive_bias-5035,3,candidate,10,304.5557993,0.0046630409779027104,10,1.0,3045.557993,True,
LOCAL-v1-q3-fixed_positive_bias-5036,3,candidate,15,213.83954886666666,0.012431584065780044,15,1.0,3207.593233,True,
LOCAL-v1-q3-fixed_positive_bias-5037,3,candidate,15,211.15624340000002,0.00983887491747737,15,1.0,3167.343651,True,
LOCAL-v1-q3-fixed_positive_bias-5038,3,candidate,16,194.3525359375,0.013074957998469472,16,1.0,3109.640575,True,
LOCAL-v1-q3-fixed_positive_bias-5039,3,candidate,10,330.90381080000003,0.005799666978418827,10,1.0,3309.038108,True,
LOCAL-v1-q3-fixed_positive_bias-5040,3,candidate,15,228.41190479999997,0.009075374924577773,15,1.0,3426.178572,True,
LOCAL-v1-q3-fixed_positive_bias-5041,3,candidate,15,215.9619569333333,0.01058533403556794,15,1.0,3239.429354,True,
LOCAL-v1-q3-fixed_positive_bias-5042,3,candidate,11,274.7376729090909,0.005297207972034812,11,1.0,3022.114402,True,
LOCAL-v1-q3-fixed_positive_bias-5043,3,candidate,12,264.95162024999996,0.008289416902698576,12,1.0,3179.419443,True,
LOCAL-v1-q3-fixed_positive_bias-5044,3,candidate,11,284.49954536363634,0.006388791953213513,11,1.0,3129.494999,True,
LOCAL-v1-q3-fixed_positive_bias-5045,3,candidate,11,278.70689,0.007292124908417463,11,1.0,3065.77579,True,
LOCAL-v1-q3-fixed_positive_bias-5046,3,candidate,10,283.1403212,0.006603416986763477,10,1.0,2831.403212,True,
LOCAL-v1-q3-fixed_positive_bias-5047,3,candidate,16,202.70745875,0.010614291997626424,16,1.0,3243.31934,True,
LOCAL-v1-q3-fixed_positive_bias-5048,3,candidate,12,251.2968405833333,0.008862917078658938,12,1.0,3015.562087,True,
LOCAL-v1-q3-fixed_positive_bias-5049,3,candidate,10,294.4364198,0.004386167041957378,10,1.0,2944.364198,True,
LOCAL-v1-q3-fixed_positive_bias-5050,3,candidate,15,227.5496266,0.010926999966613948,15,1.0,3413.244399,True,
LOCAL-v1-q3-fixed_positive_bias-5051,3,candidate,11,282.0813081818182,0.005587833002209663,11,1.0,3102.89439,True,
LOCAL-v1-q3-fixed_positive_bias-5052,3,candidate,13,223.054879,0.0076475420501083136,13,1.0,2899.713427,True,
LOCAL-v1-q3-fixed_positive_bias-5053,3,candidate,16,220.6289955,0.009620291995815933,16,1.0,3530.063928,True,
LOCAL-v1-q3-fixed_positive_bias-5054,3,candidate,16,222.774760875,0.010309249977581203,16,1.0,3564.396174,True,
LOCAL-v1-q3-fixed_positive_bias-5055,3,candidate,12,257.4007033333333,0.007938749971799552,12,1.0,3088.80844,True,
LOCAL-v1-q3-fixed_positive_bias-5056,3,candidate,13,253.82122384615383,0.008773208945058286,13,1.0,3299.67591,True,
LOCAL-v1-q3-fixed_positive_bias-5057,3,candidate,13,245.78389484615386,0.007742333924397826,13,1.0,3195.190633,True,
LOCAL-v1-q3-fixed_positive_bias-5058,3,candidate,14,216.34086642857142,0.009204667061567307,14,1.0,3028.77213,True,
LOCAL-v1-q3-fixed_positive_bias-5059,3,candidate,12,263.012342,0.006231999956071377,12,1.0,3156.148104,True,
LOCAL-v1-q3-fixed_positive_bias-5060,3,candidate,11,257.5307955454545,0.008265124983154237,11,1.0,2832.838751,True,
LOCAL-v1-q3-fixed_positive_bias-5061,3,candidate,13,230.03310830769232,0.01030083408113569,13,1.0,2990.430408,True,
LOCAL-v1-q3-fixed_positive_bias-5062,3,candidate,16,209.704034875,0.009192833094857633,16,1.0,3355.264558,True,
LOCAL-v1-q3-fixed_positive_bias-5063,3,candidate,15,221.05912653333334,0.011531124939210713,15,1.0,3315.886898,True,
LOCAL-v1-q3-fixed_positive_bias-5064,3,candidate,13,228.3943803076923,0.00682537502143532,13,1.0,2969.126944,True,
LOCAL-v1-q3-fixed_positive_bias-5065,3,candidate,12,252.14108941666666,0.0064378330716863275,12,1.0,3025.693073,True,
LOCAL-v1-q3-fixed_positive_bias-5066,3,candidate,10,265.2720545,0.008163999998942018,10,1.0,2652.720545,True,
LOCAL-v1-q3-fixed_positive_bias-5067,3,candidate,16,216.93266,0.013543958077207208,16,1.0,3470.92256,True,
LOCAL-v1-q3-fixed_positive_bias-5068,3,candidate,13,212.53383869230768,0.008204624988138676,13,1.0,2762.939903,True,
LOCAL-v1-q3-fixed_positive_bias-5069,3,candidate,14,225.30390742857142,0.012041708920150995,14,1.0,3154.254704,True,
LOCAL-v1-q3-fixed_positive_bias-5070,3,candidate,12,256.77484583333336,0.006165625061839819,12,1.0,3081.29815,True,
LOCAL-v1-q3-fixed_positive_bias-5071,3,candidate,12,266.81787983333334,0.006058917031623423,12,1.0,3201.814558,True,
LOCAL-v1-q3-fixed_positive_bias-5072,3,candidate,15,206.66822686666669,0.010862834053114057,15,1.0,3100.023403,True,
LOCAL-v1-q3-fixed_positive_bias-5073,3,candidate,10,266.4960269,0.006149208988063037,10,1.0,2664.960269,True,
LOCAL-v1-q3-fixed_positive_bias-5074,3,candidate,16,217.393082625,0.011904999963007867,16,1.0,3478.289322,True,
LOCAL-v1-q3-fixed_positive_bias-5075,3,candidate,15,205.4830329333333,0.01100766600575298,15,1.0,3082.245494,True,
LOCAL-v1-q3-fixed_positive_bias-5076,3,candidate,12,238.54483166666668,0.008670792100019753,12,1.0,2862.53798,True,
LOCAL-v1-q3-fixed_positive_bias-5077,3,candidate,14,238.50674685714284,0.010446999920532107,14,1.0,3339.094456,True,
LOCAL-v1-q3-fixed_positive_bias-5078,3,candidate,13,238.37478815384614,0.0066105000441893935,13,1.0,3098.872246,True,
LOCAL-v1-q3-fixed_positive_bias-5079,3,candidate,10,297.3627833,0.00543074996676296,10,1.0,2973.627833,True,
LOCAL-v1-q3-fixed_positive_bias-5080,3,candidate,10,275.7461243,0.006368625094182789,10,1.0,2757.461243,True,
LOCAL-v1-q3-fixed_positive_bias-5081,3,candidate,16,222.244975375,0.01506720797624439,16,1.0,3555.919606,True,
LOCAL-v1-q3-fixed_positive_bias-5082,3,candidate,13,224.07202269230768,0.008862416027113795,13,1.0,2912.936295,True,
LOCAL-v1-q3-fixed_positive_bias-5083,3,candidate,13,234.88481215384616,0.008327333023771644,13,1.0,3053.502558,True,
LOCAL-v1-q3-fixed_positive_bias-5084,3,candidate,14,249.7097027142857,0.010084165958687663,14,1.0,3495.935838,True,
LOCAL-v1-q3-fixed_positive_bias-5085,3,candidate,15,201.56532373333332,0.010892916936427355,15,1.0,3023.479856,True,
LOCAL-v1-q3-fixed_positive_bias-5086,3,candidate,12,268.96691358333334,0.008089000009931624,12,1.0,3227.602963,True,
LOCAL-v1-q3-fixed_positive_bias-5087,3,candidate,13,196.82989353846153,0.008125207968987525,13,1.0,2558.788616,True,
LOCAL-v1-q3-fixed_positive_bias-5088,3,candidate,16,193.3525585,0.01110808306839317,16,1.0,3093.640936,True,
LOCAL-v1-q3-fixed_positive_bias-5089,3,candidate,15,214.04962220000002,0.009722042013891041,15,1.0,3210.744333,True,
LOCAL-v1-q3-fixed_positive_bias-5090,3,candidate,14,235.52568642857142,0.01333604205865413,14,1.0,3297.35961,True,
LOCAL-v1-q3-fixed_positive_bias-5091,3,candidate,12,268.8656018333333,0.009718582965433598,12,1.0,3226.387222,True,
LOCAL-v1-q3-fixed_positive_bias-5092,3,candidate,11,233.19226600000002,0.009357583010569215,11,1.0,2565.114926,True,
LOCAL-v1-q3-fixed_positive_bias-5093,3,candidate,15,225.19358953333332,0.009882999933324754,15,1.0,3377.903843,True,
LOCAL-v1-q3-fixed_positive_bias-5094,3,candidate,11,272.5364506363636,0.006599624990485609,11,1.0,2997.900957,True,
LOCAL-v1-q3-fixed_positive_bias-5095,3,candidate,10,280.3694425,0.009711333084851503,10,1.0,2803.694425,True,
LOCAL-v1-q3-fixed_positive_bias-5096,3,candidate,14,223.70305535714286,0.007733916980214417,14,1.0,3131.842775,True,
LOCAL-v1-q3-fixed_positive_bias-5097,3,candidate,13,240.98278407692308,0.008439166005700827,13,1.0,3132.776193,True,
LOCAL-v1-q3-fixed_positive_bias-5098,3,candidate,16,198.1181169375,0.011163666029460728,16,1.0,3169.889871,True,
LOCAL-v1-q3-fixed_positive_bias-5099,3,candidate,13,227.0513113076923,0.009937416994944215,13,1.0,2951.667047,True,
LOCAL-v1-q3-fixed_negative_bias-5000,3,candidate,11,291.02228672727273,0.006800208007916808,11,1.0,3201.245154,True,
LOCAL-v1-q3-fixed_negative_bias-5001,3,candidate,14,236.83357592857143,0.01319470803719014,14,1.0,3315.670063,True,
LOCAL-v1-q3-fixed_negative_bias-5002,3,candidate,15,198.57134059999998,0.011430082959122956,15,1.0,2978.570109,True,
LOCAL-v1-q3-fixed_negative_bias-5003,3,candidate,11,246.7678659090909,0.008046583039686084,11,1.0,2714.446525,True,
LOCAL-v1-q3-fixed_negative_bias-5004,3,candidate,12,263.18105833333334,0.006143916980363429,12,1.0,3158.1727,True,
LOCAL-v1-q3-fixed_negative_bias-5005,3,candidate,11,267.1335516363636,0.005147083080373704,11,1.0,2938.469068,True,
LOCAL-v1-q3-fixed_negative_bias-5006,3,candidate,11,266.7453112727273,0.006990583962760866,11,1.0,2934.198424,True,
LOCAL-v1-q3-fixed_negative_bias-5007,3,candidate,11,269.28539281818183,0.00554924993775785,11,1.0,2962.139321,True,
LOCAL-v1-q3-fixed_negative_bias-5008,3,candidate,10,274.0552888,0.007754583959467709,10,1.0,2740.552888,True,
LOCAL-v1-q3-fixed_negative_bias-5009,3,candidate,14,212.04664,0.008521249983459711,14,1.0,2968.65296,True,
LOCAL-v1-q3-fixed_negative_bias-5010,3,candidate,12,220.07049066666664,0.007939792005345225,12,1.0,2640.845888,True,
LOCAL-v1-q3-fixed_negative_bias-5011,3,candidate,15,233.7814816,0.007974624983035028,15,1.0,3506.722224,True,
LOCAL-v1-q3-fixed_negative_bias-5012,3,candidate,10,295.3401688,0.004684125073254108,10,1.0,2953.401688,True,
LOCAL-v1-q3-fixed_negative_bias-5013,3,candidate,12,260.1067575,0.008156750001944602,12,1.0,3121.28109,True,
LOCAL-v1-q3-fixed_negative_bias-5014,3,candidate,11,255.41170727272728,0.006938916048966348,11,1.0,2809.52878,True,
LOCAL-v1-q3-fixed_negative_bias-5015,3,candidate,12,239.15251858333332,0.010752958012744784,12,1.0,2869.830223,True,
LOCAL-v1-q3-fixed_negative_bias-5016,3,candidate,16,198.25934175,0.01246891706250608,16,1.0,3172.149468,True,
LOCAL-v1-q3-fixed_negative_bias-5017,3,candidate,15,237.43051053333332,0.011441791080869734,15,1.0,3561.457658,True,
LOCAL-v1-q3-fixed_negative_bias-5018,3,candidate,10,305.8218505,0.007979707908816636,10,1.0,3058.218505,True,
LOCAL-v1-q3-fixed_negative_bias-5019,3,candidate,11,304.166155,0.005709666991606355,11,1.0,3345.827705,True,
LOCAL-v1-q3-fixed_negative_bias-5020,3,candidate,16,202.8884661875,0.01330899994354695,16,1.0,3246.215459,True,
LOCAL-v1-q3-fixed_negative_bias-5021,3,candidate,14,216.2814025,0.009760249988175929,14,1.0,3027.939635,True,
LOCAL-v1-q3-fixed_negative_bias-5022,3,candidate,14,210.79316342857143,0.010186083964072168,14,1.0,2951.104288,True,
LOCAL-v1-q3-fixed_negative_bias-5023,3,candidate,15,208.63456213333333,0.01090908411424607,15,1.0,3129.518432,True,
LOCAL-v1-q3-fixed_negative_bias-5024,3,candidate,13,250.66169407692308,0.009378916001878679,13,1.0,3258.602023,True,
LOCAL-v1-q3-fixed_negative_bias-5025,3,candidate,12,255.81088066666666,0.00953687506262213,12,1.0,3069.730568,True,
LOCAL-v1-q3-fixed_negative_bias-5026,3,candidate,15,213.94597246666666,0.00613545801024884,15,1.0,3209.189587,True,
LOCAL-v1-q3-fixed_negative_bias-5027,3,candidate,11,285.0070037272727,0.007294457987882197,11,1.0,3135.077041,True,
LOCAL-v1-q3-fixed_negative_bias-5028,3,candidate,10,289.2465264,0.0055480829905718565,10,1.0,2892.465264,True,
LOCAL-v1-q3-fixed_negative_bias-5029,3,candidate,11,272.0181104545455,0.00676575000397861,11,1.0,2992.199215,True,
LOCAL-v1-q3-fixed_negative_bias-5030,3,candidate,12,219.53645591666668,0.006594749982468784,12,1.0,2634.437471,True,
LOCAL-v1-q3-fixed_negative_bias-5031,3,candidate,15,195.07428813333334,0.014024375006556511,15,1.0,2926.114322,True,
LOCAL-v1-q3-fixed_negative_bias-5032,3,candidate,11,286.2408863636364,0.006929583032615483,11,1.0,3148.64975,True,
LOCAL-v1-q3-fixed_negative_bias-5033,3,candidate,14,219.56346085714287,0.010448375018313527,14,1.0,3073.888452,True,
LOCAL-v1-q3-fixed_negative_bias-5034,3,candidate,16,179.3376855625,0.013629832887090743,16,1.0,2869.402969,True,
LOCAL-v1-q3-fixed_negative_bias-5035,3,candidate,10,306.06885900000003,0.00440570805221796,10,1.0,3060.68859,True,
LOCAL-v1-q3-fixed_negative_bias-5036,3,candidate,15,215.60190446666667,0.012260707910172641,15,1.0,3234.028567,True,
LOCAL-v1-q3-fixed_negative_bias-5037,3,candidate,15,209.56013993333332,0.009069375111721456,15,1.0,3143.402099,True,
LOCAL-v1-q3-fixed_negative_bias-5038,3,candidate,16,196.5568948125,0.0143056659726426,16,1.0,3144.910317,True,
LOCAL-v1-q3-fixed_negative_bias-5039,3,candidate,10,324.6902438,0.007558500044979155,10,1.0,3246.902438,True,
LOCAL-v1-q3-fixed_negative_bias-5040,3,candidate,15,231.1715401333333,0.010455582989379764,15,1.0,3467.573102,True,
LOCAL-v1-q3-fixed_negative_bias-5041,3,candidate,15,216.15656679999998,0.012258582981303334,15,1.0,3242.348502,True,
LOCAL-v1-q3-fixed_negative_bias-5042,3,candidate,11,280.5022597272727,0.0057137919357046485,11,1.0,3085.524857,True,
LOCAL-v1-q3-fixed_negative_bias-5043,3,candidate,12,254.65296408333333,0.00866683293133974,12,1.0,3055.835569,True,
LOCAL-v1-q3-fixed_negative_bias-5044,3,candidate,11,284.1390229090909,0.00641429191455245,11,1.0,3125.529252,True,
LOCAL-v1-q3-fixed_negative_bias-5045,3,candidate,11,270.64121209090905,0.007602375000715256,11,1.0,2977.053333,True,
LOCAL-v1-q3-fixed_negative_bias-5046,3,candidate,10,268.074856,0.006656415993347764,10,1.0,2680.74856,True,
LOCAL-v1-q3-fixed_negative_bias-5047,3,candidate,16,203.6476231875,0.01003362494520843,16,1.0,3258.361971,True,
LOCAL-v1-q3-fixed_negative_bias-5048,3,candidate,12,254.61919233333333,0.00900949991773814,12,1.0,3055.430308,True,
LOCAL-v1-q3-fixed_negative_bias-5049,3,candidate,10,299.2520817,0.004988000029698014,10,1.0,2992.520817,True,
LOCAL-v1-q3-fixed_negative_bias-5050,3,candidate,15,226.96470146666667,0.010247874888591468,15,1.0,3404.470522,True,
LOCAL-v1-q3-fixed_negative_bias-5051,3,candidate,11,278.508987,0.005315750022418797,11,1.0,3063.598857,True,
LOCAL-v1-q3-fixed_negative_bias-5052,3,candidate,13,223.39717284615384,0.00828241603448987,13,1.0,2904.163247,True,
LOCAL-v1-q3-fixed_negative_bias-5053,3,candidate,16,223.0586111875,0.009379209019243717,16,1.0,3568.937779,True,
LOCAL-v1-q3-fixed_negative_bias-5054,3,candidate,16,223.2147565,0.010530332918278873,16,1.0,3571.436104,True,
LOCAL-v1-q3-fixed_negative_bias-5055,3,candidate,12,249.4195190833333,0.007160375011153519,12,1.0,2993.034229,True,
LOCAL-v1-q3-fixed_negative_bias-5056,3,candidate,13,244.04911146153847,0.00903270801063627,13,1.0,3172.638449,True,
LOCAL-v1-q3-fixed_negative_bias-5057,3,candidate,13,243.60087315384615,0.0063165840692818165,13,1.0,3166.811351,True,
LOCAL-v1-q3-fixed_negative_bias-5058,3,candidate,14,216.15244171428571,0.007859790930524468,14,1.0,3026.134184,True,
LOCAL-v1-q3-fixed_negative_bias-5059,3,candidate,12,267.2664736666667,0.00768633303232491,12,1.0,3207.197684,True,
LOCAL-v1-q3-fixed_negative_bias-5060,3,candidate,11,252.98881381818182,0.007749249925836921,11,1.0,2782.876952,True,
LOCAL-v1-q3-fixed_negative_bias-5061,3,candidate,13,230.04769100000001,0.010908916941843927,13,1.0,2990.619983,True,
LOCAL-v1-q3-fixed_negative_bias-5062,3,candidate,16,207.266369375,0.00876424997113645,16,1.0,3316.26191,True,
LOCAL-v1-q3-fixed_negative_bias-5063,3,candidate,15,221.83530753333335,0.011328583001159132,15,1.0,3327.529613,True,
LOCAL-v1-q3-fixed_negative_bias-5064,3,candidate,13,231.231235,0.008880791952833533,13,1.0,3006.006055,True,
LOCAL-v1-q3-fixed_negative_bias-5065,3,candidate,12,262.1746273333333,0.008631833945401013,12,1.0,3146.095528,True,
LOCAL-v1-q3-fixed_negative_bias-5066,3,candidate,10,265.31024149999996,0.00713475001975894,10,1.0,2653.102415,True,
LOCAL-v1-q3-fixed_negative_bias-5067,3,candidate,16,232.639578125,0.01313920901156962,16,1.0,3722.23325,True,
LOCAL-v1-q3-fixed_negative_bias-5068,3,candidate,13,212.6516673076923,0.008827042067423463,13,1.0,2764.471675,True,
LOCAL-v1-q3-fixed_negative_bias-5069,3,candidate,14,225.07809885714283,0.013063207967206836,14,1.0,3151.093384,True,
LOCAL-v1-q3-fixed_negative_bias-5070,3,candidate,12,260.35518658333336,0.005998542066663504,12,1.0,3124.262239,True,
LOCAL-v1-q3-fixed_negative_bias-5071,3,candidate,12,269.50314375,0.0068405839847400784,12,1.0,3234.037725,True,
LOCAL-v1-q3-fixed_negative_bias-5072,3,candidate,15,197.36028806666667,0.012064167065545917,15,1.0,2960.404321,True,
LOCAL-v1-q3-fixed_negative_bias-5073,3,candidate,10,270.6588844,0.006287541938945651,10,1.0,2706.588844,True,
LOCAL-v1-q3-fixed_negative_bias-5074,3,candidate,16,218.3164469375,0.011344832950271666,16,1.0,3493.063151,True,
LOCAL-v1-q3-fixed_negative_bias-5075,3,candidate,15,207.51342226666665,0.010775415925309062,15,1.0,3112.701334,True,
LOCAL-v1-q3-fixed_negative_bias-5076,3,candidate,12,239.41326016666667,0.008390542003326118,12,1.0,2872.959122,True,
LOCAL-v1-q3-fixed_negative_bias-5077,3,candidate,14,222.27557535714286,0.010046500014141202,14,1.0,3111.858055,True,
LOCAL-v1-q3-fixed_negative_bias-5078,3,candidate,13,238.81670992307693,0.00641016592271626,13,1.0,3104.617229,True,
LOCAL-v1-q3-fixed_negative_bias-5079,3,candidate,10,299.77938869999997,0.005649000057019293,10,1.0,2997.793887,True,
LOCAL-v1-q3-fixed_negative_bias-5080,3,candidate,10,276.1616064,0.006459333002567291,10,1.0,2761.616064,True,
LOCAL-v1-q3-fixed_negative_bias-5081,3,candidate,16,213.34309775,0.01636849995702505,16,1.0,3413.489564,True,
LOCAL-v1-q3-fixed_negative_bias-5082,3,candidate,13,223.73127930769232,0.008569207973778248,13,1.0,2908.506631,True,
LOCAL-v1-q3-fixed_negative_bias-5083,3,candidate,13,238.03223515384616,0.007633083965629339,13,1.0,3094.419057,True,
LOCAL-v1-q3-fixed_negative_bias-5084,3,candidate,14,241.04895221428572,0.009876791038550436,14,1.0,3374.685331,True,
LOCAL-v1-q3-fixed_negative_bias-5085,3,candidate,15,201.0597038,0.010885042021982372,15,1.0,3015.895557,True,
LOCAL-v1-q3-fixed_negative_bias-5086,3,candidate,12,265.35547291666666,0.0067647909745574,12,1.0,3184.265675,True,
LOCAL-v1-q3-fixed_negative_bias-5087,3,candidate,13,217.34887846153848,0.008539499947801232,13,1.0,2825.53542,True,
LOCAL-v1-q3-fixed_negative_bias-5088,3,candidate,16,193.7434274375,0.011500749969854951,16,1.0,3099.894839,True,
LOCAL-v1-q3-fixed_negative_bias-5089,3,candidate,15,212.60248146666666,0.009867415996268392,15,1.0,3189.037222,True,
LOCAL-v1-q3-fixed_negative_bias-5090,3,candidate,14,231.16790257142858,0.015568167087621987,14,1.0,3236.350636,True,
LOCAL-v1-q3-fixed_negative_bias-5091,3,candidate,12,261.19066258333334,0.009829334099777043,12,1.0,3134.287951,True,
LOCAL-v1-q3-fixed_negative_bias-5092,3,candidate,11,241.07402209090907,0.008988291956484318,11,1.0,2651.814243,True,
LOCAL-v1-q3-fixed_negative_bias-5093,3,candidate,15,212.495532,0.008720124955289066,15,1.0,3187.43298,True,
LOCAL-v1-q3-fixed_negative_bias-5094,3,candidate,11,261.07529836363636,0.0064186250092461705,11,1.0,2871.828282,True,
LOCAL-v1-q3-fixed_negative_bias-5095,3,candidate,10,280.6404745,0.00788695807568729,10,1.0,2806.404745,True,
LOCAL-v1-q3-fixed_negative_bias-5096,3,candidate,14,236.15307471428574,0.010015250067226589,14,1.0,3306.143046,True,
LOCAL-v1-q3-fixed_negative_bias-5097,3,candidate,13,245.82230323076922,0.00924191705416888,13,1.0,3195.689942,True,
LOCAL-v1-q3-fixed_negative_bias-5098,3,candidate,16,185.7587191875,0.012578791938722134,16,1.0,2972.139507,True,
LOCAL-v1-q3-fixed_negative_bias-5099,3,candidate,13,233.75601184615383,0.00986466696485877,13,1.0,3038.828154,True,
LOCAL-v1-q3-smooth_shared_field-5000,3,candidate,11,282.39391018181817,0.006780374911613762,11,1.0,3106.333012,True,
LOCAL-v1-q3-smooth_shared_field-5001,3,candidate,14,224.24204664285713,0.009054708061739802,14,1.0,3139.388653,True,
LOCAL-v1-q3-smooth_shared_field-5002,3,candidate,15,194.7607356,0.009366999962367117,15,1.0,2921.411034,True,
LOCAL-v1-q3-smooth_shared_field-5003,3,candidate,11,245.47107627272726,0.007116790977306664,11,1.0,2700.181839,True,
LOCAL-v1-q3-smooth_shared_field-5004,3,candidate,12,257.93296075,0.005993374972604215,12,1.0,3095.195529,True,
LOCAL-v1-q3-smooth_shared_field-5005,3,candidate,11,269.1932508181818,0.005260583013296127,11,1.0,2961.125759,True,
LOCAL-v1-q3-smooth_shared_field-5006,3,candidate,11,267.05161499999997,0.006865250063128769,11,1.0,2937.567765,True,
LOCAL-v1-q3-smooth_shared_field-5007,3,candidate,11,273.6692468181818,0.005591624998487532,11,1.0,3010.361715,True,
LOCAL-v1-q3-smooth_shared_field-5008,3,candidate,10,276.3490807,0.007313500042073429,10,1.0,2763.490807,True,
LOCAL-v1-q3-smooth_shared_field-5009,3,candidate,14,210.90061685714286,0.008348415954969823,14,1.0,2952.608636,True,
LOCAL-v1-q3-smooth_shared_field-5010,3,candidate,12,231.35661558333334,0.009113583946600556,12,1.0,2776.279387,True,
LOCAL-v1-q3-smooth_shared_field-5011,3,candidate,15,212.83702780000002,0.009528500027954578,15,1.0,3192.555417,True,
LOCAL-v1-q3-smooth_shared_field-5012,3,candidate,10,295.929569,0.0046258330112323165,10,1.0,2959.29569,True,
LOCAL-v1-q3-smooth_shared_field-5013,3,candidate,12,257.0278651666667,0.007501999964006245,12,1.0,3084.334382,True,
LOCAL-v1-q3-smooth_shared_field-5014,3,candidate,11,255.46842245454545,0.011125458986498415,11,1.0,2810.152647,True,
LOCAL-v1-q3-smooth_shared_field-5015,3,candidate,12,250.17181741666664,0.01023650006391108,12,1.0,3002.061809,True,
LOCAL-v1-q3-smooth_shared_field-5016,3,candidate,16,213.801534125,0.010015083011239767,16,1.0,3420.824546,True,
LOCAL-v1-q3-smooth_shared_field-5017,3,candidate,15,218.4127326,0.009940917021594942,15,1.0,3276.190989,True,
LOCAL-v1-q3-smooth_shared_field-5018,3,candidate,10,304.3917832,0.0072150839259848,10,1.0,3043.917832,True,
LOCAL-v1-q3-smooth_shared_field-5019,3,candidate,11,287.63735936363634,0.006891165976412594,11,1.0,3164.010953,True,
LOCAL-v1-q3-smooth_shared_field-5020,3,candidate,16,210.796432625,0.012259749928489327,16,1.0,3372.742922,True,
LOCAL-v1-q3-smooth_shared_field-5021,3,candidate,14,227.21069085714288,0.009807375026866794,14,1.0,3180.949672,True,
LOCAL-v1-q3-smooth_shared_field-5022,3,candidate,14,211.55940314285712,0.010498665971681476,14,1.0,2961.831644,True,
LOCAL-v1-q3-smooth_shared_field-5023,3,candidate,15,205.86372126666666,0.010643707937560976,15,1.0,3087.955819,True,
LOCAL-v1-q3-smooth_shared_field-5024,3,candidate,13,247.02132723076923,0.00960641703568399,13,1.0,3211.277254,True,
LOCAL-v1-q3-smooth_shared_field-5025,3,candidate,12,245.87592108333334,0.007220415980555117,12,1.0,2950.511053,True,
LOCAL-v1-q3-smooth_shared_field-5026,3,candidate,15,212.68826040000002,0.0065477919997647405,15,1.0,3190.323906,True,
LOCAL-v1-q3-smooth_shared_field-5027,3,candidate,11,286.7485698181818,0.004988666973076761,11,1.0,3154.234268,True,
LOCAL-v1-q3-smooth_shared_field-5028,3,candidate,10,284.65032460000003,0.005630832980386913,10,1.0,2846.503246,True,
LOCAL-v1-q3-smooth_shared_field-5029,3,candidate,11,271.6701199090909,0.006474916939623654,11,1.0,2988.371319,True,
LOCAL-v1-q3-smooth_shared_field-5030,3,candidate,12,211.83668666666665,0.0059512919979169965,12,1.0,2542.04024,True,
LOCAL-v1-q3-smooth_shared_field-5031,3,candidate,15,192.39858246666665,0.012227958999574184,15,1.0,2885.978737,True,
LOCAL-v1-q3-smooth_shared_field-5032,3,candidate,11,285.7985013636364,0.007150083081796765,11,1.0,3143.783515,True,
LOCAL-v1-q3-smooth_shared_field-5033,3,candidate,14,219.622444,0.00976804201491177,14,1.0,3074.714216,True,
LOCAL-v1-q3-smooth_shared_field-5034,3,candidate,16,177.1394326875,0.01194566604681313,16,1.0,2834.230923,True,
LOCAL-v1-q3-smooth_shared_field-5035,3,candidate,10,298.59028939999996,0.005809499998576939,10,1.0,2985.902894,True,
LOCAL-v1-q3-smooth_shared_field-5036,3,candidate,15,215.89414040000003,0.011831791955046356,15,1.0,3238.412106,True,
LOCAL-v1-q3-smooth_shared_field-5037,3,candidate,15,211.303893,0.008750915993005037,15,1.0,3169.558395,True,
LOCAL-v1-q3-smooth_shared_field-5038,3,candidate,16,193.772798375,0.012896875035949051,16,1.0,3100.364774,True,
LOCAL-v1-q3-smooth_shared_field-5039,3,candidate,10,326.0971673,0.0074595418991521,10,1.0,3260.971673,True,
LOCAL-v1-q3-smooth_shared_field-5040,3,candidate,15,203.91836793333331,0.009647540980949998,15,1.0,3058.775519,True,
LOCAL-v1-q3-smooth_shared_field-5041,3,candidate,15,214.12477013333333,0.011277041980065405,15,1.0,3211.871552,True,
LOCAL-v1-q3-smooth_shared_field-5042,3,candidate,11,279.80099081818184,0.005358124966733158,11,1.0,3077.810899,True,
LOCAL-v1-q3-smooth_shared_field-5043,3,candidate,12,252.3108905,0.007625167025253177,12,1.0,3027.730686,True,
LOCAL-v1-q3-smooth_shared_field-5044,3,candidate,11,281.427015,0.005882583907805383,11,1.0,3095.697165,True,
LOCAL-v1-q3-smooth_shared_field-5045,3,candidate,11,265.60572181818185,0.007315916009247303,11,1.0,2921.66294,True,
LOCAL-v1-q3-smooth_shared_field-5046,3,candidate,10,275.0220894,0.0060258329613134265,10,1.0,2750.220894,True,
LOCAL-v1-q3-smooth_shared_field-5047,3,candidate,16,201.219818125,0.00893324997741729,16,1.0,3219.51709,True,
LOCAL-v1-q3-smooth_shared_field-5048,3,candidate,12,251.015592,0.006598916952498257,12,1.0,3012.187104,True,
LOCAL-v1-q3-smooth_shared_field-5049,3,candidate,10,306.73115939999997,0.006501750089228153,10,1.0,3067.311594,True,
LOCAL-v1-q3-smooth_shared_field-5050,3,candidate,15,225.74542813333335,0.009747624979354441,15,1.0,3386.181422,True,
LOCAL-v1-q3-smooth_shared_field-5051,3,candidate,11,280.4453459090909,0.006898125051520765,11,1.0,3084.898805,True,
LOCAL-v1-q3-smooth_shared_field-5052,3,candidate,13,224.45342069230767,0.008787999977357686,13,1.0,2917.894469,True,
LOCAL-v1-q3-smooth_shared_field-5053,3,candidate,16,221.5065416875,0.010237999958917499,16,1.0,3544.104667,True,
LOCAL-v1-q3-smooth_shared_field-5054,3,candidate,16,222.7466315,0.011383999953977764,16,1.0,3563.946104,True,
LOCAL-v1-q3-smooth_shared_field-5055,3,candidate,12,252.68580116666666,0.008915542042814195,12,1.0,3032.229614,True,
LOCAL-v1-q3-smooth_shared_field-5056,3,candidate,13,252.8968153076923,0.009199207997880876,13,1.0,3287.658599,True,
LOCAL-v1-q3-smooth_shared_field-5057,3,candidate,13,246.82368992307693,0.007293750066310167,13,1.0,3208.707969,True,
LOCAL-v1-q3-smooth_shared_field-5058,3,candidate,14,215.1467802857143,0.007667084108106792,14,1.0,3012.054924,True,
LOCAL-v1-q3-smooth_shared_field-5059,3,candidate,12,270.2858915,0.007814249955117702,12,1.0,3243.430698,True,
LOCAL-v1-q3-smooth_shared_field-5060,3,candidate,11,254.57846745454546,0.008421042002737522,11,1.0,2800.363142,True,
LOCAL-v1-q3-smooth_shared_field-5061,3,candidate,13,229.8657436923077,0.010462917038239539,13,1.0,2988.254668,True,
LOCAL-v1-q3-smooth_shared_field-5062,3,candidate,16,208.969440625,0.009305291925556958,16,1.0,3343.51105,True,
LOCAL-v1-q3-smooth_shared_field-5063,3,candidate,15,221.8941144,0.011215041973628104,15,1.0,3328.411716,True,
LOCAL-v1-q3-smooth_shared_field-5064,3,candidate,13,234.86346861538462,0.00852020806632936,13,1.0,3053.225092,True,
LOCAL-v1-q3-smooth_shared_field-5065,3,candidate,12,262.93651141666663,0.009257582947611809,12,1.0,3155.238137,True,
LOCAL-v1-q3-smooth_shared_field-5066,3,candidate,10,269.8560799,0.010912625002674758,10,1.0,2698.560799,True,
LOCAL-v1-q3-smooth_shared_field-5067,3,candidate,16,215.3716451875,0.013482750044204295,16,1.0,3445.946323,True,
LOCAL-v1-q3-smooth_shared_field-5068,3,candidate,13,211.25977615384616,0.00944933295249939,13,1.0,2746.37709,True,
LOCAL-v1-q3-smooth_shared_field-5069,3,candidate,14,228.184446,0.010799917043186724,14,1.0,3194.582244,True,
LOCAL-v1-q3-smooth_shared_field-5070,3,candidate,12,261.1603255833333,0.0075867080595344305,12,1.0,3133.923907,True,
LOCAL-v1-q3-smooth_shared_field-5071,3,candidate,12,267.22503025,0.0073494999669492245,12,1.0,3206.700363,True,
LOCAL-v1-q3-smooth_shared_field-5072,3,candidate,15,195.46123746666666,0.011551584000699222,15,1.0,2931.918562,True,
LOCAL-v1-q3-smooth_shared_field-5073,3,candidate,10,266.32315359999996,0.006977083976380527,10,1.0,2663.231536,True,
LOCAL-v1-q3-smooth_shared_field-5074,3,candidate,16,218.9121423125,0.012968249968253076,16,1.0,3502.594277,True,
LOCAL-v1-q3-smooth_shared_field-5075,3,candidate,15,204.13643666666667,0.010987791931256652,15,1.0,3062.04655,True,
LOCAL-v1-q3-smooth_shared_field-5076,3,candidate,12,237.28481724999997,0.008130499976687133,12,1.0,2847.417807,True,
LOCAL-v1-q3-smooth_shared_field-5077,3,candidate,14,238.56868342857143,0.011266250046901405,14,1.0,3339.961568,True,
LOCAL-v1-q3-smooth_shared_field-5078,3,candidate,13,237.3056356153846,0.006598750012926757,13,1.0,3084.973263,True,
LOCAL-v1-q3-smooth_shared_field-5079,3,candidate,10,296.1292185,0.006201000069268048,10,1.0,2961.292185,True,
LOCAL-v1-q3-smooth_shared_field-5080,3,candidate,10,279.940424,0.007569583016447723,10,1.0,2799.40424,True,
LOCAL-v1-q3-smooth_shared_field-5081,3,candidate,16,226.300882,0.01794129202608019,16,1.0,3620.814112,True,
LOCAL-v1-q3-smooth_shared_field-5082,3,candidate,13,222.42343676923076,0.009240917046554387,13,1.0,2891.504678,True,
LOCAL-v1-q3-smooth_shared_field-5083,3,candidate,13,237.89177953846155,0.009890042012557387,13,1.0,3092.593134,True,
LOCAL-v1-q3-smooth_shared_field-5084,3,candidate,14,236.5632217142857,0.010570000042207539,14,1.0,3311.885104,True,
LOCAL-v1-q3-smooth_shared_field-5085,3,candidate,15,199.07044966666666,0.013016749988310039,15,1.0,2986.056745,True,
LOCAL-v1-q3-smooth_shared_field-5086,3,candidate,12,266.2306791666667,0.008447667001746595,12,1.0,3194.76815,True,
LOCAL-v1-q3-smooth_shared_field-5087,3,candidate,13,216.6476446153846,0.011925042024813592,13,1.0,2816.41938,True,
LOCAL-v1-q3-smooth_shared_field-5088,3,candidate,16,193.861279625,0.011036791023798287,16,1.0,3101.780474,True,
LOCAL-v1-q3-smooth_shared_field-5089,3,candidate,15,212.20882833333332,0.01030195807106793,15,1.0,3183.132425,True,
LOCAL-v1-q3-smooth_shared_field-5090,3,candidate,14,228.62514057142857,0.012897707987576723,14,1.0,3200.751968,True,
LOCAL-v1-q3-smooth_shared_field-5091,3,candidate,12,259.39845383333335,0.009672916028648615,12,1.0,3112.781446,True,
LOCAL-v1-q3-smooth_shared_field-5092,3,candidate,11,240.61956681818182,0.008619833970442414,11,1.0,2646.815235,True,
LOCAL-v1-q3-smooth_shared_field-5093,3,candidate,15,228.24373313333334,0.00998158403672278,15,1.0,3423.655997,True,
LOCAL-v1-q3-smooth_shared_field-5094,3,candidate,11,262.52569890909086,0.0071407500654459,11,1.0,2887.782688,True,
LOCAL-v1-q3-smooth_shared_field-5095,3,candidate,10,290.5704213,0.0078910420415923,10,1.0,2905.704213,True,
LOCAL-v1-q3-smooth_shared_field-5096,3,candidate,14,236.4474725,0.010183417005464435,14,1.0,3310.264615,True,
LOCAL-v1-q3-smooth_shared_field-5097,3,candidate,13,257.40184946153846,0.01137383293826133,13,1.0,3346.224043,True,
LOCAL-v1-q3-smooth_shared_field-5098,3,candidate,16,189.3902576875,0.012574834050610662,16,1.0,3030.244123,True,
LOCAL-v1-q3-smooth_shared_field-5099,3,candidate,13,225.48829969230772,0.010816458030603826,13,1.0,2931.347896,True,
LOCAL-v1-q3-cell50_shared_field-5000,3,candidate,11,295.6290512727273,0.007681332994252443,11,1.0,3251.919564,True,
LOCAL-v1-q3-cell50_shared_field-5001,3,candidate,14,233.1251734285714,0.011542374966666102,14,1.0,3263.752428,True,
LOCAL-v1-q3-cell50_shared_field-5002,3,candidate,15,198.63455246666666,0.010557000059634447,15,1.0,2979.518287,True,
LOCAL-v1-q3-cell50_shared_field-5003,3,candidate,11,260.20100745454545,0.007959457929246128,11,1.0,2862.211082,True,
LOCAL-v1-q3-cell50_shared_field-5004,3,candidate,12,258.3537758333333,0.007616457995027304,12,1.0,3100.24531,True,
LOCAL-v1-q3-cell50_shared_field-5005,3,candidate,11,271.4383337272727,0.006077124970033765,11,1.0,2985.821671,True,
LOCAL-v1-q3-cell50_shared_field-5006,3,candidate,11,267.3405512727273,0.00742912502028048,11,1.0,2940.746064,True,
LOCAL-v1-q3-cell50_shared_field-5007,3,candidate,11,269.8597972727273,0.005669791949912906,11,1.0,2968.45777,True,
LOCAL-v1-q3-cell50_shared_field-5008,3,candidate,10,272.8625485,0.007531875045970082,10,1.0,2728.625485,True,
LOCAL-v1-q3-cell50_shared_field-5009,3,candidate,14,213.92647749999998,0.008810208993963897,14,1.0,2994.970685,True,
LOCAL-v1-q3-cell50_shared_field-5010,3,candidate,12,231.45216633333334,0.009436542051844299,12,1.0,2777.425996,True,
LOCAL-v1-q3-cell50_shared_field-5011,3,candidate,15,236.52400799999998,0.009730499936267734,15,1.0,3547.86012,True,
LOCAL-v1-q3-cell50_shared_field-5012,3,candidate,10,302.00733959999997,0.004545666975900531,10,1.0,3020.073396,True,
LOCAL-v1-q3-cell50_shared_field-5013,3,candidate,12,261.7866218333333,0.007962958072312176,12,1.0,3141.439462,True,
LOCAL-v1-q3-cell50_shared_field-5014,3,candidate,11,256.03765272727276,0.010335874976590276,11,1.0,2816.41418,True,
LOCAL-v1-q3-cell50_shared_field-5015,3,candidate,12,258.07394700000003,0.010350208031013608,12,1.0,3096.887364,True,
LOCAL-v1-q3-cell50_shared_field-5016,3,candidate,16,199.552099375,0.0117337079718709,16,1.0,3192.83359,True,
LOCAL-v1-q3-cell50_shared_field-5017,3,candidate,15,223.74865873333334,0.010820374940522015,15,1.0,3356.229881,True,
LOCAL-v1-q3-cell50_shared_field-5018,3,candidate,10,307.0345825,0.007471957942470908,10,1.0,3070.345825,True,
LOCAL-v1-q3-cell50_shared_field-5019,3,candidate,11,286.4370323636363,0.007193917059339583,11,1.0,3150.807356,True,
LOCAL-v1-q3-cell50_shared_field-5020,3,candidate,16,224.3820121875,0.012074667029082775,16,1.0,3590.112195,True,
LOCAL-v1-q3-cell50_shared_field-5021,3,candidate,14,232.93568135714284,0.01632016699295491,14,1.0,3261.099539,True,
LOCAL-v1-q3-cell50_shared_field-5022,3,candidate,14,211.1617715,0.010964833898469806,14,1.0,2956.264801,True,
LOCAL-v1-q3-cell50_shared_field-5023,3,candidate,15,219.23687280000001,0.010554624954238534,15,1.0,3288.553092,True,
LOCAL-v1-q3-cell50_shared_field-5024,3,candidate,13,251.45311446153846,0.011425917036831379,13,1.0,3268.890488,True,
LOCAL-v1-q3-cell50_shared_field-5025,3,candidate,12,242.083581,0.007466541952453554,12,1.0,2905.002972,True,
LOCAL-v1-q3-cell50_shared_field-5026,3,candidate,15,220.08390773333335,0.007600459037348628,15,1.0,3301.258616,True,
LOCAL-v1-q3-cell50_shared_field-5027,3,candidate,11,291.9146479090909,0.005975042004138231,11,1.0,3211.061127,True,
LOCAL-v1-q3-cell50_shared_field-5028,3,candidate,10,294.43800580000004,0.006726374966092408,10,1.0,2944.380058,True,
LOCAL-v1-q3-cell50_shared_field-5029,3,candidate,11,271.9347299090909,0.007337250048294663,11,1.0,2991.282029,True,
LOCAL-v1-q3-cell50_shared_field-5030,3,candidate,12,218.84644933333334,0.006977583048865199,12,1.0,2626.157392,True,
LOCAL-v1-q3-cell50_shared_field-5031,3,candidate,15,209.13187586666666,0.013500042026862502,15,1.0,3136.978138,True,
LOCAL-v1-q3-cell50_shared_field-5032,3,candidate,11,286.01706181818184,0.007389792008325458,11,1.0,3146.18768,True,
LOCAL-v1-q3-cell50_shared_field-5033,3,candidate,14,222.69401285714284,0.008773583103902638,14,1.0,3117.71618,True,
LOCAL-v1-q3-cell50_shared_field-5034,3,candidate,16,179.8347588125,0.012711499934084713,16,1.0,2877.356141,True,
LOCAL-v1-q3-cell50_shared_field-5035,3,candidate,10,309.2585936,0.004983666003681719,10,1.0,3092.585936,True,
LOCAL-v1-q3-cell50_shared_field-5036,3,candidate,15,215.6350978,0.012435082928277552,15,1.0,3234.526467,True,
LOCAL-v1-q3-cell50_shared_field-5037,3,candidate,15,212.29144906666667,0.009890583925880492,15,1.0,3184.371736,True,
LOCAL-v1-q3-cell50_shared_field-5038,3,candidate,16,194.88624025,0.014782582991756499,16,1.0,3118.179844,True,
LOCAL-v1-q3-cell50_shared_field-5039,3,candidate,10,334.5056467,0.006081457948312163,10,1.0,3345.056467,True,
LOCAL-v1-q3-cell50_shared_field-5040,3,candidate,15,225.55552913333335,0.011207000003196299,15,1.0,3383.332937,True,
LOCAL-v1-q3-cell50_shared_field-5041,3,candidate,15,214.88119939999999,0.013185125077143312,15,1.0,3223.217991,True,
LOCAL-v1-q3-cell50_shared_field-5042,3,candidate,11,276.06140536363637,0.007893375004641712,11,1.0,3036.675459,True,
LOCAL-v1-q3-cell50_shared_field-5043,3,candidate,12,257.9063571666667,0.008346499991603196,12,1.0,3094.876286,True,
LOCAL-v1-q3-cell50_shared_field-5044,3,candidate,11,266.15853363636364,0.006163334008306265,11,1.0,2927.74387,True,
LOCAL-v1-q3-cell50_shared_field-5045,3,candidate,11,269.7634719090909,0.006944792112335563,11,1.0,2967.398191,True,
LOCAL-v1-q3-cell50_shared_field-5046,3,candidate,10,268.4707856,0.006256541004404426,10,1.0,2684.707856,True,
LOCAL-v1-q3-cell50_shared_field-5047,3,candidate,16,206.7855503125,0.009873583912849426,16,1.0,3308.568805,True,
LOCAL-v1-q3-cell50_shared_field-5048,3,candidate,12,250.97580191666668,0.010126792010851204,12,1.0,3011.709623,True,
LOCAL-v1-q3-cell50_shared_field-5049,3,candidate,10,299.9557611,0.0061148329405114055,10,1.0,2999.557611,True,
LOCAL-v1-q3-cell50_shared_field-5050,3,candidate,15,228.06223366666666,0.009117540903389454,15,1.0,3420.933505,True,
LOCAL-v1-q3-cell50_shared_field-5051,3,candidate,11,287.92552454545455,0.005685292067937553,11,1.0,3167.18077,True,
LOCAL-v1-q3-cell50_shared_field-5052,3,candidate,13,227.49456192307693,0.008373709046281874,13,1.0,2957.429305,True,
LOCAL-v1-q3-cell50_shared_field-5053,3,candidate,16,223.5937050625,0.010869499994441867,16,1.0,3577.499281,True,
LOCAL-v1-q3-cell50_shared_field-5054,3,candidate,16,236.4220245,0.012732916977256536,16,1.0,3782.752392,True,
LOCAL-v1-q3-cell50_shared_field-5055,3,candidate,12,257.06709033333334,0.008176874951459467,12,1.0,3084.805084,True,
LOCAL-v1-q3-cell50_shared_field-5056,3,candidate,13,249.45382723076924,0.009054417023435235,13,1.0,3242.899754,True,
LOCAL-v1-q3-cell50_shared_field-5057,3,candidate,13,243.805402,0.006036917096935213,13,1.0,3169.470226,True,
LOCAL-v1-q3-cell50_shared_field-5058,3,candidate,14,214.2604282857143,0.0081355000147596,14,1.0,2999.645996,True,
LOCAL-v1-q3-cell50_shared_field-5059,3,candidate,12,267.7566595833333,0.007754042046144605,12,1.0,3213.079915,True,
LOCAL-v1-q3-cell50_shared_field-5060,3,candidate,11,254.0239612727273,0.008632041979581118,11,1.0,2794.263574,True,
LOCAL-v1-q3-cell50_shared_field-5061,3,candidate,13,230.83525061538464,0.010668416041880846,13,1.0,3000.858258,True,
LOCAL-v1-q3-cell50_shared_field-5062,3,candidate,16,208.7699838125,0.009782457957044244,16,1.0,3340.319741,True,
LOCAL-v1-q3-cell50_shared_field-5063,3,candidate,15,223.08575119999998,0.01243445894215256,15,1.0,3346.286268,True,
LOCAL-v1-q3-cell50_shared_field-5064,3,candidate,13,226.13477223076922,0.00845008296892047,13,1.0,2939.752039,True,
LOCAL-v1-q3-cell50_shared_field-5065,3,candidate,12,259.51039941666664,0.009191958932206035,12,1.0,3114.124793,True,
LOCAL-v1-q3-cell50_shared_field-5066,3,candidate,10,267.6985368,0.008176500094123185,10,1.0,2676.985368,True,
LOCAL-v1-q3-cell50_shared_field-5067,3,candidate,16,208.291480125,0.013858625083230436,16,1.0,3332.663682,True,
LOCAL-v1-q3-cell50_shared_field-5068,3,candidate,13,211.66984346153848,0.008447750005871058,13,1.0,2751.707965,True,
LOCAL-v1-q3-cell50_shared_field-5069,3,candidate,14,222.66393835714285,0.011727791046723723,14,1.0,3117.295137,True,
LOCAL-v1-q3-cell50_shared_field-5070,3,candidate,12,267.54416025,0.007330917054787278,12,1.0,3210.529923,True,
LOCAL-v1-q3-cell50_shared_field-5071,3,candidate,12,269.529824,0.007180875050835311,12,1.0,3234.357888,True,
LOCAL-v1-q3-cell50_shared_field-5072,3,candidate,15,199.90999086666667,0.014802500023506582,15,1.0,2998.649863,True,
LOCAL-v1-q3-cell50_shared_field-5073,3,candidate,10,268.55686529999997,0.006658709025941789,10,1.0,2685.568653,True,
LOCAL-v1-q3-cell50_shared_field-5074,3,candidate,16,219.607634125,0.01309462497010827,16,1.0,3513.722146,True,
LOCAL-v1-q3-cell50_shared_field-5075,3,candidate,15,203.8220166,0.011405874975025654,15,1.0,3057.330249,True,
LOCAL-v1-q3-cell50_shared_field-5076,3,candidate,12,256.877297,0.00862854195293039,12,1.0,3082.527564,True,
LOCAL-v1-q3-cell50_shared_field-5077,3,candidate,14,236.57029064285715,0.013684167061001062,14,1.0,3311.984069,True,
LOCAL-v1-q3-cell50_shared_field-5078,3,candidate,13,249.19489223076923,0.013840749976225197,13,1.0,3239.533599,True,
LOCAL-v1-q3-cell50_shared_field-5079,3,candidate,10,294.3382787,0.006987707922235131,10,1.0,2943.382787,True,
LOCAL-v1-q3-cell50_shared_field-5080,3,candidate,10,280.3985252,0.008454040973447263,10,1.0,2803.985252,True,
LOCAL-v1-q3-cell50_shared_field-5081,3,candidate,16,224.191763125,0.018689666991122067,16,1.0,3587.06821,True,
LOCAL-v1-q3-cell50_shared_field-5082,3,candidate,13,221.11744546153844,0.02077770803589374,13,1.0,2874.526791,True,
LOCAL-v1-q3-cell50_shared_field-5083,3,candidate,13,235.2620873076923,0.01112316595390439,13,1.0,3058.407135,True,
LOCAL-v1-q3-cell50_shared_field-5084,3,candidate,14,243.82505407142858,0.008910374948754907,14,1.0,3413.550757,True,
LOCAL-v1-q3-cell50_shared_field-5085,3,candidate,15,198.7703504,0.01119200000539422,15,1.0,2981.555256,True,
LOCAL-v1-q3-cell50_shared_field-5086,3,candidate,12,261.7650215,0.006934584002010524,12,1.0,3141.180258,True,
LOCAL-v1-q3-cell50_shared_field-5087,3,candidate,13,203.17277076923077,0.009114291984587908,13,1.0,2641.24602,True,
LOCAL-v1-q3-cell50_shared_field-5088,3,candidate,16,193.67532275,0.01076337497215718,16,1.0,3098.805164,True,
LOCAL-v1-q3-cell50_shared_field-5089,3,candidate,15,209.99567960000002,0.009105833945795894,15,1.0,3149.935194,True,
LOCAL-v1-q3-cell50_shared_field-5090,3,candidate,14,239.8177597857143,0.018429624964483082,14,1.0,3357.448637,True,
LOCAL-v1-q3-cell50_shared_field-5091,3,candidate,12,258.85581275,0.009530207957141101,12,1.0,3106.269753,True,
LOCAL-v1-q3-cell50_shared_field-5092,3,candidate,11,238.3200296363636,0.008337334031239152,11,1.0,2621.520326,True,
LOCAL-v1-q3-cell50_shared_field-5093,3,candidate,15,225.0431770666667,0.008358250022865832,15,1.0,3375.647656,True,
LOCAL-v1-q3-cell50_shared_field-5094,3,candidate,11,256.99779954545454,0.005655417102389038,11,1.0,2826.975795,True,
LOCAL-v1-q3-cell50_shared_field-5095,3,candidate,10,289.72353880000003,0.007451875018887222,10,1.0,2897.235388,True,
LOCAL-v1-q3-cell50_shared_field-5096,3,candidate,14,222.29094742857143,0.009990375023335218,14,1.0,3112.073264,True,
LOCAL-v1-q3-cell50_shared_field-5097,3,candidate,13,245.02985223076922,0.009624750004149973,13,1.0,3185.388079,True,
LOCAL-v1-q3-cell50_shared_field-5098,3,candidate,16,185.8984294375,0.012828583014197648,16,1.0,2974.374871,True,
LOCAL-v1-q3-cell50_shared_field-5099,3,candidate,13,224.75833661538462,0.009085208992473781,13,1.0,2921.858376,True,
LOCAL-v1-q3-cell500_shared_field-5000,3,candidate,11,295.26751490909095,0.0071983750676736236,11,1.0,3247.942664,True,
LOCAL-v1-q3-cell500_shared_field-5001,3,candidate,14,231.83843271428572,0.011300374986603856,14,1.0,3245.738058,True,
LOCAL-v1-q3-cell500_shared_field-5002,3,candidate,15,192.315541,0.010261083953082561,15,1.0,2884.733115,True,
LOCAL-v1-q3-cell500_shared_field-5003,3,candidate,11,256.31277145454544,0.007847624947316945,11,1.0,2819.440486,True,
LOCAL-v1-q3-cell500_shared_field-5004,3,candidate,12,256.42031025,0.0064903340535238385,12,1.0,3077.043723,True,
LOCAL-v1-q3-cell500_shared_field-5005,3,candidate,11,272.1792623636363,0.00563895795494318,11,1.0,2993.971886,True,
LOCAL-v1-q3-cell500_shared_field-5006,3,candidate,11,262.73628236363635,0.007724999915808439,11,1.0,2890.099106,True,
LOCAL-v1-q3-cell500_shared_field-5007,3,candidate,11,269.07126872727275,0.005757459090091288,11,1.0,2959.783956,True,
LOCAL-v1-q3-cell500_shared_field-5008,3,candidate,10,273.8463433,0.007856833981350064,10,1.0,2738.463433,True,
LOCAL-v1-q3-cell500_shared_field-5009,3,candidate,14,210.86930149999998,0.008603833965025842,14,1.0,2952.170221,True,
LOCAL-v1-q3-cell500_shared_field-5010,3,candidate,12,231.57869916666667,0.0098957089940086,12,1.0,2778.94439,True,
LOCAL-v1-q3-cell500_shared_field-5011,3,candidate,15,231.62225726666665,0.010007375036366284,15,1.0,3474.333859,True,
LOCAL-v1-q3-cell500_shared_field-5012,3,candidate,10,295.2290555,0.004775834036991,10,1.0,2952.290555,True,
LOCAL-v1-q3-cell500_shared_field-5013,3,candidate,12,256.7945695,0.007909041945822537,12,1.0,3081.534834,True,
LOCAL-v1-q3-cell500_shared_field-5014,3,candidate,11,253.44360781818185,0.012248625047504902,11,1.0,2787.879686,True,
LOCAL-v1-q3-cell500_shared_field-5015,3,candidate,12,263.20956774999996,0.012169166933745146,12,1.0,3158.514813,True,
LOCAL-v1-q3-cell500_shared_field-5016,3,candidate,16,197.022440375,0.012199165998026729,16,1.0,3152.359046,True,
LOCAL-v1-q3-cell500_shared_field-5017,3,candidate,15,223.3576139333333,0.010469416971318424,15,1.0,3350.364209,True,
LOCAL-v1-q3-cell500_shared_field-5018,3,candidate,10,303.2465962,0.007246374967508018,10,1.0,3032.465962,True,
LOCAL-v1-q3-cell500_shared_field-5019,3,candidate,11,287.1515122727273,0.008144416031427681,11,1.0,3158.666635,True,
LOCAL-v1-q3-cell500_shared_field-5020,3,candidate,16,226.5130844375,0.012086833012290299,16,1.0,3624.209351,True,
LOCAL-v1-q3-cell500_shared_field-5021,3,candidate,14,234.9730942142857,0.011993583058938384,14,1.0,3289.623319,True,
LOCAL-v1-q3-cell500_shared_field-5022,3,candidate,14,211.33553414285714,0.011657541035674512,14,1.0,2958.697478,True,
LOCAL-v1-q3-cell500_shared_field-5023,3,candidate,15,213.2553352,0.010464541963301599,15,1.0,3198.830028,True,
LOCAL-v1-q3-cell500_shared_field-5024,3,candidate,13,252.959231,0.010936792008578777,13,1.0,3288.470003,True,
LOCAL-v1-q3-cell500_shared_field-5025,3,candidate,12,239.60684758333332,0.01005699997767806,12,1.0,2875.282171,True,
LOCAL-v1-q3-cell500_shared_field-5026,3,candidate,15,214.3240188,0.0066769999684765935,15,1.0,3214.860282,True,
LOCAL-v1-q3-cell500_shared_field-5027,3,candidate,11,289.4273391818182,0.005907499929890037,11,1.0,3183.700731,True,
LOCAL-v1-q3-cell500_shared_field-5028,3,candidate,10,286.515114,0.006262999959290028,10,1.0,2865.15114,True,
LOCAL-v1-q3-cell500_shared_field-5029,3,candidate,11,273.3829730909091,0.007004291983321309,11,1.0,3007.212704,True,
LOCAL-v1-q3-cell500_shared_field-5030,3,candidate,12,218.0339125,0.00682841707020998,12,1.0,2616.40695,True,
LOCAL-v1-q3-cell500_shared_field-5031,3,candidate,15,211.39799126666668,0.013508334057405591,15,1.0,3170.969869,True,
LOCAL-v1-q3-cell500_shared_field-5032,3,candidate,11,293.009951,0.008675583056174219,11,1.0,3223.109461,True,
LOCAL-v1-q3-cell500_shared_field-5033,3,candidate,14,217.46340792857146,0.009190583019517362,14,1.0,3044.487711,True,
LOCAL-v1-q3-cell500_shared_field-5034,3,candidate,16,177.8817653125,0.012565791956149042,16,1.0,2846.108245,True,
LOCAL-v1-q3-cell500_shared_field-5035,3,candidate,10,309.2790533,0.005684458999894559,10,1.0,3092.790533,True,
LOCAL-v1-q3-cell500_shared_field-5036,3,candidate,15,219.07350373333333,0.013182374997995794,15,1.0,3286.102556,True,
LOCAL-v1-q3-cell500_shared_field-5037,3,candidate,15,212.3540566,0.009727166965603828,15,1.0,3185.310849,True,
LOCAL-v1-q3-cell500_shared_field-5038,3,candidate,16,193.7760530625,0.014841124997474253,16,1.0,3100.416849,True,
LOCAL-v1-q3-cell500_shared_field-5039,3,candidate,10,332.8797164,0.007697958964854479,10,1.0,3328.797164,True,
LOCAL-v1-q3-cell500_shared_field-5040,3,candidate,15,223.23533893333334,0.011451917001977563,15,1.0,3348.530084,True,
LOCAL-v1-q3-cell500_shared_field-5041,3,candidate,15,214.42499313333334,0.013134083012118936,15,1.0,3216.374897,True,
LOCAL-v1-q3-cell500_shared_field-5042,3,candidate,11,273.1597055454545,0.006304000038653612,11,1.0,3004.756761,True,
LOCAL-v1-q3-cell500_shared_field-5043,3,candidate,12,257.2598586666667,0.009653542074374855,12,1.0,3087.118304,True,
LOCAL-v1-q3-cell500_shared_field-5044,3,candidate,11,269.07651118181815,0.007583916070871055,11,1.0,2959.841623,True,
LOCAL-v1-q3-cell500_shared_field-5045,3,candidate,11,272.0699370909091,0.0081687499769032,11,1.0,2992.769308,True,
LOCAL-v1-q3-cell500_shared_field-5046,3,candidate,10,270.6224663,0.006123124971054494,10,1.0,2706.224663,True,
LOCAL-v1-q3-cell500_shared_field-5047,3,candidate,16,201.741927125,0.009988375008106232,16,1.0,3227.870834,True,
LOCAL-v1-q3-cell500_shared_field-5048,3,candidate,12,251.04811825000002,0.009506333037279546,12,1.0,3012.577419,True,
LOCAL-v1-q3-cell500_shared_field-5049,3,candidate,10,292.7563822,0.00469483295455575,10,1.0,2927.563822,True,
LOCAL-v1-q3-cell500_shared_field-5050,3,candidate,15,230.54507826666668,0.011894583003595471,15,1.0,3458.176174,True,
LOCAL-v1-q3-cell500_shared_field-5051,3,candidate,11,286.5215845454546,0.005737708997912705,11,1.0,3151.73743,True,
LOCAL-v1-q3-cell500_shared_field-5052,3,candidate,13,225.54707253846152,0.007947125006467104,13,1.0,2932.111943,True,
LOCAL-v1-q3-cell500_shared_field-5053,3,candidate,16,225.1734785625,0.010902625042945147,16,1.0,3602.775657,True,
LOCAL-v1-q3-cell500_shared_field-5054,3,candidate,16,235.9819801875,0.013252332923002541,16,1.0,3775.711683,True,
LOCAL-v1-q3-cell500_shared_field-5055,3,candidate,12,250.4379245,0.008128833025693893,12,1.0,3005.255094,True,
LOCAL-v1-q3-cell500_shared_field-5056,3,candidate,13,253.367298,0.008771791006438434,13,1.0,3293.774874,True,
LOCAL-v1-q3-cell500_shared_field-5057,3,candidate,13,245.3249303076923,0.008354708086699247,13,1.0,3189.224094,True,
LOCAL-v1-q3-cell500_shared_field-5058,3,candidate,14,222.1809867142857,0.00839283294044435,14,1.0,3110.533814,True,
LOCAL-v1-q3-cell500_shared_field-5059,3,candidate,12,271.1561824166667,0.0070781250251457095,12,1.0,3253.874189,True,
LOCAL-v1-q3-cell500_shared_field-5060,3,candidate,11,252.63595045454548,0.008122957893647254,11,1.0,2778.995455,True,
LOCAL-v1-q3-cell500_shared_field-5061,3,candidate,13,230.41919000000001,0.010962541913613677,13,1.0,2995.44947,True,
LOCAL-v1-q3-cell500_shared_field-5062,3,candidate,16,208.2979445625,0.009794582962058485,16,1.0,3332.767113,True,
LOCAL-v1-q3-cell500_shared_field-5063,3,candidate,15,221.9918706,0.011891208007000387,15,1.0,3329.878059,True,
LOCAL-v1-q3-cell500_shared_field-5064,3,candidate,13,226.72059815384617,0.008692333940416574,13,1.0,2947.367776,True,
LOCAL-v1-q3-cell500_shared_field-5065,3,candidate,12,261.30965733333335,0.00940879201516509,12,1.0,3135.715888,True,
LOCAL-v1-q3-cell500_shared_field-5066,3,candidate,10,264.6272172,0.008491500047966838,10,1.0,2646.272172,True,
LOCAL-v1-q3-cell500_shared_field-5067,3,candidate,16,212.1228589375,0.013812874909490347,16,1.0,3393.965743,True,
LOCAL-v1-q3-cell500_shared_field-5068,3,candidate,13,212.78293023076924,0.008726999978534877,13,1.0,2766.178093,True,
LOCAL-v1-q3-cell500_shared_field-5069,3,candidate,14,223.99457942857143,0.012387291993945837,14,1.0,3135.924112,True,
LOCAL-v1-q3-cell500_shared_field-5070,3,candidate,12,264.30023566666665,0.007710958016104996,12,1.0,3171.602828,True,
LOCAL-v1-q3-cell500_shared_field-5071,3,candidate,12,268.3865465833333,0.0069047079887241125,12,1.0,3220.638559,True,
LOCAL-v1-q3-cell500_shared_field-5072,3,candidate,15,198.38459573333333,0.015434083994477987,15,1.0,2975.768936,True,
LOCAL-v1-q3-cell500_shared_field-5073,3,candidate,10,272.6638438,0.007592999958433211,10,1.0,2726.638438,True,
LOCAL-v1-q3-cell500_shared_field-5074,3,candidate,16,218.7457171875,0.01188579190056771,16,1.0,3499.931475,True,
LOCAL-v1-q3-cell500_shared_field-5075,3,candidate,15,204.84416359999997,0.012698874925263226,15,1.0,3072.662454,True,
LOCAL-v1-q3-cell500_shared_field-5076,3,candidate,12,256.56637025000003,0.008891042089089751,12,1.0,3078.796443,True,
LOCAL-v1-q3-cell500_shared_field-5077,3,candidate,14,229.50459535714285,0.01048508402891457,14,1.0,3213.064335,True,
LOCAL-v1-q3-cell500_shared_field-5078,3,candidate,13,248.62194807692308,0.00998879096005112,13,1.0,3232.085325,True,
LOCAL-v1-q3-cell500_shared_field-5079,3,candidate,10,290.6571895,0.004712583031505346,10,1.0,2906.571895,True,
LOCAL-v1-q3-cell500_shared_field-5080,3,candidate,10,275.66882169999997,0.006901667104102671,10,1.0,2756.688217,True,
LOCAL-v1-q3-cell500_shared_field-5081,3,candidate,16,221.1634926875,0.013296957942657173,16,1.0,3538.615883,True,
LOCAL-v1-q3-cell500_shared_field-5082,3,candidate,13,222.02967753846153,0.0072626660112291574,13,1.0,2886.385808,True,
LOCAL-v1-q3-cell500_shared_field-5083,3,candidate,13,237.9772349230769,0.008572541060857475,13,1.0,3093.704054,True,
LOCAL-v1-q3-cell500_shared_field-5084,3,candidate,14,249.14273314285714,0.010078625055029988,14,1.0,3487.998264,True,
LOCAL-v1-q3-cell500_shared_field-5085,3,candidate,15,204.38775373333334,0.012258334085345268,15,1.0,3065.816306,True,
LOCAL-v1-q3-cell500_shared_field-5086,3,candidate,12,264.91959883333334,0.00746908294968307,12,1.0,3179.035186,True,
LOCAL-v1-q3-cell500_shared_field-5087,3,candidate,13,196.25146353846154,0.008242540992796421,13,1.0,2551.269026,True,
LOCAL-v1-q3-cell500_shared_field-5088,3,candidate,16,192.758853875,0.010603499948047101,16,1.0,3084.141662,True,
LOCAL-v1-q3-cell500_shared_field-5089,3,candidate,15,212.914374,0.010339542059227824,15,1.0,3193.71561,True,
LOCAL-v1-q3-cell500_shared_field-5090,3,candidate,14,236.58481485714285,0.012324374984018505,14,1.0,3312.187408,True,
LOCAL-v1-q3-cell500_shared_field-5091,3,candidate,12,262.2565025833333,0.01123970898333937,12,1.0,3147.078031,True,
LOCAL-v1-q3-cell500_shared_field-5092,3,candidate,11,238.8269420909091,0.008317083003930748,11,1.0,2627.096363,True,
LOCAL-v1-q3-cell500_shared_field-5093,3,candidate,15,226.4105172666667,0.010459791985340416,15,1.0,3396.157759,True,
LOCAL-v1-q3-cell500_shared_field-5094,3,candidate,11,261.496461,0.006223083008080721,11,1.0,2876.461071,True,
LOCAL-v1-q3-cell500_shared_field-5095,3,candidate,10,287.58325030000003,0.0068152499152347445,10,1.0,2875.832503,True,
LOCAL-v1-q3-cell500_shared_field-5096,3,candidate,14,224.2118687857143,0.009646457969211042,14,1.0,3138.966163,True,
LOCAL-v1-q3-cell500_shared_field-5097,3,candidate,13,242.9750586153846,0.00955800001975149,13,1.0,3158.675762,True,
LOCAL-v1-q3-cell500_shared_field-5098,3,candidate,16,185.055412125,0.013340999954380095,16,1.0,2960.886594,True,
LOCAL-v1-q3-cell500_shared_field-5099,3,candidate,13,229.10686661538463,0.010094083030708134,13,1.0,2978.389266,True,
LOCAL-v1-q3-edge_mixed_min_radius-5000,3,candidate,11,326.23235227272727,0.005142124951817095,11,1.0,3588.555875,True,
LOCAL-v1-q3-edge_mixed_min_radius-5001,3,candidate,14,248.60793228571427,0.009104916942305863,14,1.0,3480.511052,True,
LOCAL-v1-q3-edge_mixed_min_radius-5002,3,candidate,15,272.85557086666665,0.011771250050514936,15,1.0,4092.833563,True,
LOCAL-v1-q3-edge_mixed_min_radius-5003,3,candidate,11,325.93496427272726,0.005995458923280239,11,1.0,3585.284607,True,
LOCAL-v1-q3-edge_mixed_min_radius-5004,3,candidate,12,285.55229325,0.005477167083881795,12,1.0,3426.627519,True,
LOCAL-v1-q3-edge_mixed_min_radius-5005,3,candidate,11,349.64251490909095,0.006368416943587363,11,1.0,3846.067664,True,
LOCAL-v1-q3-edge_mixed_min_radius-5006,3,candidate,11,300.72234163636364,0.009648708044551313,11,1.0,3307.945758,True,
LOCAL-v1-q3-edge_mixed_min_radius-5007,3,candidate,11,303.7577217272727,0.006029042066074908,11,1.0,3341.334939,True,
LOCAL-v1-q3-edge_mixed_min_radius-5008,3,candidate,10,375.1605581,0.007310457993298769,10,1.0,3751.605581,True,
LOCAL-v1-q3-edge_mixed_min_radius-5009,3,candidate,14,253.53131228571428,0.00829620799049735,14,1.0,3549.438372,True,
LOCAL-v1-q3-edge_mixed_min_radius-5010,3,candidate,12,298.8203835,0.006671875016763806,12,1.0,3585.844602,True,
LOCAL-v1-q3-edge_mixed_min_radius-5011,3,candidate,15,251.5080832,0.010997666977345943,15,1.0,3772.621248,True,
LOCAL-v1-q3-edge_mixed_min_radius-5012,3,candidate,10,315.6479936,0.00509566708933562,10,1.0,3156.479936,True,
LOCAL-v1-q3-edge_mixed_min_radius-5013,3,candidate,12,312.2315026666667,0.007422166992910206,12,1.0,3746.778032,True,
LOCAL-v1-q3-edge_mixed_min_radius-5014,3,candidate,11,326.8075829090909,0.005555750103667378,11,1.0,3594.883412,True,
LOCAL-v1-q3-edge_mixed_min_radius-5015,3,candidate,12,283.3097359166667,0.008882666938006878,12,1.0,3399.716831,True,
LOCAL-v1-q3-edge_mixed_min_radius-5016,3,candidate,16,248.9478053125,0.00941912503913045,16,1.0,3983.164885,True,
LOCAL-v1-q3-edge_mixed_min_radius-5017,3,candidate,15,268.91089566666665,0.009842416038736701,15,1.0,4033.663435,True,
LOCAL-v1-q3-edge_mixed_min_radius-5018,3,candidate,10,322.9786616,0.005179750034585595,10,1.0,3229.786616,True,
LOCAL-v1-q3-edge_mixed_min_radius-5019,3,candidate,11,289.41463600000003,0.004833708051592112,11,1.0,3183.560996,True,
LOCAL-v1-q3-edge_mixed_min_radius-5020,3,candidate,16,205.8943673125,0.00863683398347348,16,1.0,3294.309877,True,
LOCAL-v1-q3-edge_mixed_min_radius-5021,3,candidate,14,251.4764072142857,0.008025582996197045,14,1.0,3520.669701,True,
LOCAL-v1-q3-edge_mixed_min_radius-5022,3,candidate,14,268.0702377857143,0.008371333940885961,14,1.0,3752.983329,True,
LOCAL-v1-q3-edge_mixed_min_radius-5023,3,candidate,15,242.089742,0.012783583020791411,15,1.0,3631.34613,True,
LOCAL-v1-q3-edge_mixed_min_radius-5024,3,candidate,13,275.71619992307694,0.007958374917507172,13,1.0,3584.310599,True,
LOCAL-v1-q3-edge_mixed_min_radius-5025,3,candidate,12,318.95938416666667,0.004878707928583026,12,1.0,3827.51261,True,
LOCAL-v1-q3-edge_mixed_min_radius-5026,3,candidate,15,249.22663633333335,0.007462375098839402,15,1.0,3738.399545,True,
LOCAL-v1-q3-edge_mixed_min_radius-5027,3,candidate,11,323.216519,0.0062528750859200954,11,1.0,3555.381709,True,
LOCAL-v1-q3-edge_mixed_min_radius-5028,3,candidate,10,331.76930430000004,0.005982208997011185,10,1.0,3317.693043,True,
LOCAL-v1-q3-edge_mixed_min_radius-5029,3,candidate,11,319.3566779090909,0.006728207925334573,11,1.0,3512.923457,True,
LOCAL-v1-q3-edge_mixed_min_radius-5030,3,candidate,12,290.86094641666665,0.0067880419082939625,12,1.0,3490.331357,True,
LOCAL-v1-q3-edge_mixed_min_radius-5031,3,candidate,15,249.04389773333332,0.0094880840042606,15,1.0,3735.658466,True,
LOCAL-v1-q3-edge_mixed_min_radius-5032,3,candidate,11,307.40935081818185,0.0044972499599680305,11,1.0,3381.502859,True,
LOCAL-v1-q3-edge_mixed_min_radius-5033,3,candidate,14,260.79675542857143,0.01043254102114588,14,1.0,3651.154576,True,
LOCAL-v1-q3-edge_mixed_min_radius-5034,3,candidate,16,242.082075375,0.01196945901028812,16,1.0,3873.313206,True,
LOCAL-v1-q3-edge_mixed_min_radius-5035,3,candidate,10,322.0606297,0.007569457986392081,10,1.0,3220.606297,True,
LOCAL-v1-q3-edge_mixed_min_radius-5036,3,candidate,15,262.96526993333333,0.011961666983552277,15,1.0,3944.479049,True,
LOCAL-v1-q3-edge_mixed_min_radius-5037,3,candidate,15,249.91970533333333,0.008201332995668054,15,1.0,3748.79558,True,
LOCAL-v1-q3-edge_mixed_min_radius-5038,3,candidate,16,254.437229125,0.010799666051752865,16,1.0,4070.995666,True,
LOCAL-v1-q3-edge_mixed_min_radius-5039,3,candidate,10,347.4234516,0.007211500080302358,10,1.0,3474.234516,True,
LOCAL-v1-q3-edge_mixed_min_radius-5040,3,candidate,15,235.85977486666667,0.0074620419181883335,15,1.0,3537.896623,True,
LOCAL-v1-q3-edge_mixed_min_radius-5041,3,candidate,15,237.0337316,0.012101542088203132,15,1.0,3555.505974,True,
LOCAL-v1-q3-edge_mixed_min_radius-5042,3,candidate,11,336.1521243636364,0.006656042067334056,11,1.0,3697.673368,True,
LOCAL-v1-q3-edge_mixed_min_radius-5043,3,candidate,12,310.1607156666667,0.0046595410676673055,12,1.0,3721.928588,True,
LOCAL-v1-q3-edge_mixed_min_radius-5044,3,candidate,11,310.4854936363636,0.007195916958153248,11,1.0,3415.34043,True,
LOCAL-v1-q3-edge_mixed_min_radius-5045,3,candidate,11,303.8946521818182,0.009425542084500194,11,1.0,3342.841174,True,
LOCAL-v1-q3-edge_mixed_min_radius-5046,3,candidate,10,318.52097480000003,0.004329708986915648,10,1.0,3185.209748,True,
LOCAL-v1-q3-edge_mixed_min_radius-5047,3,candidate,16,241.9853671875,0.010850792052224278,16,1.0,3871.765875,True,
LOCAL-v1-q3-edge_mixed_min_radius-5048,3,candidate,12,312.17616983333335,0.0058622079668566585,12,1.0,3746.114038,True,
LOCAL-v1-q3-edge_mixed_min_radius-5049,3,candidate,10,365.6822551,0.006905791931785643,10,1.0,3656.822551,True,
LOCAL-v1-q3-edge_mixed_min_radius-5050,3,candidate,15,229.0191442,0.012495334027335048,15,1.0,3435.287163,True,
LOCAL-v1-q3-edge_mixed_min_radius-5051,3,candidate,11,345.1244447272727,0.006892042001709342,11,1.0,3796.368892,True,
LOCAL-v1-q3-edge_mixed_min_radius-5052,3,candidate,13,272.79785,0.007322917110286653,13,1.0,3546.37205,True,
LOCAL-v1-q3-edge_mixed_min_radius-5053,3,candidate,16,220.1449900625,0.012015125015750527,16,1.0,3522.319841,True,
LOCAL-v1-q3-edge_mixed_min_radius-5054,3,candidate,16,206.478757375,0.009016208001412451,16,1.0,3303.660118,True,
LOCAL-v1-q3-edge_mixed_min_radius-5055,3,candidate,12,272.10945341666667,0.008211125037632883,12,1.0,3265.313441,True,
LOCAL-v1-q3-edge_mixed_min_radius-5056,3,candidate,13,247.87086946153846,0.005546584026888013,13,1.0,3222.321303,True,
LOCAL-v1-q3-edge_mixed_min_radius-5057,3,candidate,13,276.2558460769231,0.011124416952952743,13,1.0,3591.325999,True,
LOCAL-v1-q3-edge_mixed_min_radius-5058,3,candidate,14,267.14987028571426,0.008537332993000746,14,1.0,3740.098184,True,
LOCAL-v1-q3-edge_mixed_min_radius-5059,3,candidate,12,294.65499700000004,0.008056458085775375,12,1.0,3535.859964,True,
LOCAL-v1-q3-edge_mixed_min_radius-5060,3,candidate,11,345.5379708181818,0.00548125000204891,11,1.0,3800.917679,True,
LOCAL-v1-q3-edge_mixed_min_radius-5061,3,candidate,13,282.62004084615387,0.007223249995149672,13,1.0,3674.060531,True,
LOCAL-v1-q3-edge_mixed_min_radius-5062,3,candidate,16,219.1770319375,0.011170999961905181,16,1.0,3506.832511,True,
LOCAL-v1-q3-edge_mixed_min_radius-5063,3,candidate,15,257.21431939999997,0.007418416906148195,15,1.0,3858.214791,True,
LOCAL-v1-q3-edge_mixed_min_radius-5064,3,candidate,13,260.60978253846156,0.006970709073357284,13,1.0,3387.927173,True,
LOCAL-v1-q3-edge_mixed_min_radius-5065,3,candidate,12,286.82826125,0.006215166067704558,12,1.0,3441.939135,True,
LOCAL-v1-q3-edge_mixed_min_radius-5066,3,candidate,10,361.6386645,0.009873542003333569,10,1.0,3616.386645,True,
LOCAL-v1-q3-edge_mixed_min_radius-5067,3,candidate,16,244.219766625,0.008484333055093884,16,1.0,3907.516266,True,
LOCAL-v1-q3-edge_mixed_min_radius-5068,3,candidate,13,269.058815,0.005312667111866176,13,1.0,3497.764595,True,
LOCAL-v1-q3-edge_mixed_min_radius-5069,3,candidate,14,248.70471442857144,0.008290917030535638,14,1.0,3481.866002,True,
LOCAL-v1-q3-edge_mixed_min_radius-5070,3,candidate,12,274.51078316666667,0.006290957913734019,12,1.0,3294.129398,True,
LOCAL-v1-q3-edge_mixed_min_radius-5071,3,candidate,12,304.39187250000003,0.007618541014380753,12,1.0,3652.70247,True,
LOCAL-v1-q3-edge_mixed_min_radius-5072,3,candidate,15,250.40203473333335,0.005908625083975494,15,1.0,3756.030521,True,
LOCAL-v1-q3-edge_mixed_min_radius-5073,3,candidate,10,330.99676209999996,0.004227791912853718,10,1.0,3309.967621,True,
LOCAL-v1-q3-edge_mixed_min_radius-5074,3,candidate,16,261.489737875,0.01018829201348126,16,1.0,4183.835806,True,
LOCAL-v1-q3-edge_mixed_min_radius-5075,3,candidate,15,221.58710913333334,0.008741458994336426,15,1.0,3323.806637,True,
LOCAL-v1-q3-edge_mixed_min_radius-5076,3,candidate,12,285.72201325,0.005603791913017631,12,1.0,3428.664159,True,
LOCAL-v1-q3-edge_mixed_min_radius-5077,3,candidate,14,256.4621582142857,0.008303125039674342,14,1.0,3590.470215,True,
LOCAL-v1-q3-edge_mixed_min_radius-5078,3,candidate,13,276.4684283076923,0.007027292042039335,13,1.0,3594.089568,True,
LOCAL-v1-q3-edge_mixed_min_radius-5079,3,candidate,10,370.2003638,0.004312208970077336,10,1.0,3702.003638,True,
LOCAL-v1-q3-edge_mixed_min_radius-5080,3,candidate,10,346.6448949,0.005000207922421396,10,1.0,3466.448949,True,
LOCAL-v1-q3-edge_mixed_min_radius-5081,3,candidate,16,250.35779575,0.009524875087663531,16,1.0,4005.724732,True,
LOCAL-v1-q3-edge_mixed_min_radius-5082,3,candidate,13,276.7627684615385,0.006682415958493948,13,1.0,3597.91599,True,
LOCAL-v1-q3-edge_mixed_min_radius-5083,3,candidate,13,284.51655476923077,0.007019708980806172,13,1.0,3698.715212,True,
LOCAL-v1-q3-edge_mixed_min_radius-5084,3,candidate,14,247.5370577857143,0.008230957901105285,14,1.0,3465.518809,True,
LOCAL-v1-q3-edge_mixed_min_radius-5085,3,candidate,15,251.101923,0.01297970802988857,15,1.0,3766.528845,True,
LOCAL-v1-q3-edge_mixed_min_radius-5086,3,candidate,12,271.91468875,0.006572833051905036,12,1.0,3262.976265,True,
LOCAL-v1-q3-edge_mixed_min_radius-5087,3,candidate,13,286.2661319230769,0.00888637499883771,13,1.0,3721.459715,True,
LOCAL-v1-q3-edge_mixed_min_radius-5088,3,candidate,16,225.274357875,0.01061779202427715,16,1.0,3604.389726,True,
LOCAL-v1-q3-edge_mixed_min_radius-5089,3,candidate,15,242.51957713333334,0.009152292041108012,15,1.0,3637.793657,True,
LOCAL-v1-q3-edge_mixed_min_radius-5090,3,candidate,14,257.5843827857143,0.007078832946717739,14,1.0,3606.181359,True,
LOCAL-v1-q3-edge_mixed_min_radius-5091,3,candidate,12,276.95982941666665,0.00830241700168699,12,1.0,3323.517953,True,
LOCAL-v1-q3-edge_mixed_min_radius-5092,3,candidate,11,314.4250590909091,0.012311042053624988,11,1.0,3458.67565,True,
LOCAL-v1-q3-edge_mixed_min_radius-5093,3,candidate,15,250.7946524,0.011089291074313223,15,1.0,3761.919786,True,
LOCAL-v1-q3-edge_mixed_min_radius-5094,3,candidate,11,313.6037703636364,0.00752708304207772,11,1.0,3449.641474,True,
LOCAL-v1-q3-edge_mixed_min_radius-5095,3,candidate,10,348.3402013,0.006447165971621871,10,1.0,3483.402013,True,
LOCAL-v1-q3-edge_mixed_min_radius-5096,3,candidate,14,263.93640571428574,0.00740875001065433,14,1.0,3695.10968,True,
LOCAL-v1-q3-edge_mixed_min_radius-5097,3,candidate,13,250.8763286153846,0.008449500077404082,13,1.0,3261.392272,True,
LOCAL-v1-q3-edge_mixed_min_radius-5098,3,candidate,16,210.840115375,0.018371208920143545,16,1.0,3373.441846,True,
LOCAL-v1-q3-edge_mixed_min_radius-5099,3,candidate,13,249.99703892307693,0.006320665939711034,13,1.0,3249.961506,True,
LOCAL-v1-q3-offcenter_cluster-5000,3,candidate,11,217.70715336363637,0.005799500038847327,11,1.0,2394.778687,True,
LOCAL-v1-q3-offcenter_cluster-5001,3,candidate,14,191.0634275,0.007355083012953401,14,1.0,2674.887985,True,
LOCAL-v1-q3-offcenter_cluster-5002,3,candidate,15,149.2491326,0.007102833013050258,15,1.0,2238.736989,True,
LOCAL-v1-q3-offcenter_cluster-5003,3,candidate,11,212.199704,0.005750334006734192,11,1.0,2334.196744,True,
LOCAL-v1-q3-offcenter_cluster-5004,3,candidate,12,202.59217291666667,0.006388999987393618,12,1.0,2431.106075,True,
LOCAL-v1-q3-offcenter_cluster-5005,3,candidate,11,201.66739490909092,0.00651674997061491,11,1.0,2218.341344,True,
LOCAL-v1-q3-offcenter_cluster-5006,3,candidate,11,207.939544,0.004731500055640936,11,1.0,2287.334984,True,
LOCAL-v1-q3-offcenter_cluster-5007,3,candidate,11,206.14100454545454,0.005091125029139221,11,1.0,2267.55105,True,
LOCAL-v1-q3-offcenter_cluster-5008,3,candidate,10,215.59956040000003,0.00468512496445328,10,1.0,2155.995604,True,
LOCAL-v1-q3-offcenter_cluster-5009,3,candidate,14,160.1488682857143,0.006541499984450638,14,1.0,2242.084156,True,
LOCAL-v1-q3-offcenter_cluster-5010,3,candidate,12,190.04263058333333,0.006947583984583616,12,1.0,2280.511567,True,
LOCAL-v1-q3-offcenter_cluster-5011,3,candidate,15,187.76597973333335,0.006103915977291763,15,1.0,2816.489696,True,
LOCAL-v1-q3-offcenter_cluster-5012,3,candidate,10,233.9081053,0.005601375014521182,10,1.0,2339.081053,True,
LOCAL-v1-q3-offcenter_cluster-5013,3,candidate,12,181.7886445833333,0.006715000024996698,12,1.0,2181.463735,True,
LOCAL-v1-q3-offcenter_cluster-5014,3,candidate,11,234.18876172727275,0.005427166004665196,11,1.0,2576.076379,True,
LOCAL-v1-q3-offcenter_cluster-5015,3,candidate,12,176.58304066666668,0.006459000054746866,12,1.0,2118.996488,True,
LOCAL-v1-q3-offcenter_cluster-5016,3,candidate,16,60.18311725,0.0077266249572858214,16,1.0,962.929876,True,
LOCAL-v1-q3-offcenter_cluster-5017,3,candidate,15,163.54277466666665,0.008382582920603454,15,1.0,2453.14162,True,
LOCAL-v1-q3-offcenter_cluster-5018,3,candidate,10,230.61625229999999,0.004002208937890828,10,1.0,2306.162523,True,
LOCAL-v1-q3-offcenter_cluster-5019,3,candidate,11,264.30564463636364,0.004858250031247735,11,1.0,2907.362091,True,
LOCAL-v1-q3-offcenter_cluster-5020,3,candidate,16,62.1015058125,0.006531583960168064,16,1.0,993.624093,True,
LOCAL-v1-q3-offcenter_cluster-5021,3,candidate,14,207.26399614285714,0.007347541977651417,14,1.0,2901.695946,True,
LOCAL-v1-q3-offcenter_cluster-5022,3,candidate,14,162.45298457142857,0.007175832986831665,14,1.0,2274.341784,True,
LOCAL-v1-q3-offcenter_cluster-5023,3,candidate,15,167.15236326666667,0.007632458000443876,15,1.0,2507.285449,True,
LOCAL-v1-q3-offcenter_cluster-5024,3,candidate,13,201.36955230769232,0.006635957979597151,13,1.0,2617.80418,True,
LOCAL-v1-q3-offcenter_cluster-5025,3,candidate,12,184.42028625,0.006467083003371954,12,1.0,2213.043435,True,
LOCAL-v1-q3-offcenter_cluster-5026,3,candidate,15,150.29843459999998,0.0077825419139117,15,1.0,2254.476519,True,
LOCAL-v1-q3-offcenter_cluster-5027,3,candidate,11,208.81398054545454,0.005222416948527098,11,1.0,2296.953786,True,
LOCAL-v1-q3-offcenter_cluster-5028,3,candidate,10,213.0903686,0.004811749910004437,10,1.0,2130.903686,True,
LOCAL-v1-q3-offcenter_cluster-5029,3,candidate,11,207.48409327272728,0.004908624920062721,11,1.0,2282.325026,True,
LOCAL-v1-q3-offcenter_cluster-5030,3,candidate,12,215.96348108333333,0.005006041959859431,12,1.0,2591.561773,True,
LOCAL-v1-q3-offcenter_cluster-5031,3,candidate,15,182.201324,0.0061162919737398624,15,1.0,2733.01986,True,
LOCAL-v1-q3-offcenter_cluster-5032,3,candidate,11,212.49353054545455,0.006120958016254008,11,1.0,2337.428836,True,
LOCAL-v1-q3-offcenter_cluster-5033,3,candidate,14,160.48400028571427,0.006688083056360483,14,1.0,2246.776004,True,
LOCAL-v1-q3-offcenter_cluster-5034,3,candidate,16,61.8575164375,0.007034249952994287,16,1.0,989.720263,True,
LOCAL-v1-q3-offcenter_cluster-5035,3,candidate,10,225.47505569999998,0.003997083054855466,10,1.0,2254.750557,True,
LOCAL-v1-q3-offcenter_cluster-5036,3,candidate,15,150.45417873333332,0.0073315000627189875,15,1.0,2256.812681,True,
LOCAL-v1-q3-offcenter_cluster-5037,3,candidate,15,172.66852226666666,0.0086952910060063,15,1.0,2590.027834,True,
LOCAL-v1-q3-offcenter_cluster-5038,3,candidate,16,63.039691,0.006804333999752998,16,1.0,1008.635056,True,
LOCAL-v1-q3-offcenter_cluster-5039,3,candidate,10,226.6889911,0.004261875059455633,10,1.0,2266.889911,True,
LOCAL-v1-q3-offcenter_cluster-5040,3,candidate,15,163.86684766666667,0.007859708042815328,15,1.0,2458.002715,True,
LOCAL-v1-q3-offcenter_cluster-5041,3,candidate,15,142.12040613333332,0.009670458035543561,15,1.0,2131.806092,True,
LOCAL-v1-q3-offcenter_cluster-5042,3,candidate,11,207.48932299999998,0.004986667074263096,11,1.0,2282.382553,True,
LOCAL-v1-q3-offcenter_cluster-5043,3,candidate,12,187.40506716666667,0.005801749997772276,12,1.0,2248.860806,True,
LOCAL-v1-q3-offcenter_cluster-5044,3,candidate,11,249.7405622727273,0.005643290933221579,11,1.0,2747.146185,True,
LOCAL-v1-q3-offcenter_cluster-5045,3,candidate,11,264.969232,0.005707542062737048,11,1.0,2914.661552,True,
LOCAL-v1-q3-offcenter_cluster-5046,3,candidate,10,277.1448285,0.004400834091939032,10,1.0,2771.448285,True,
LOCAL-v1-q3-offcenter_cluster-5047,3,candidate,16,122.47388925,0.008559374953620136,16,1.0,1959.582228,True,
LOCAL-v1-q3-offcenter_cluster-5048,3,candidate,12,244.5799185,0.0057160420110449195,12,1.0,2934.959022,True,
LOCAL-v1-q3-offcenter_cluster-5049,3,candidate,10,214.1859923,0.007018874981440604,10,1.0,2141.859923,True,
LOCAL-v1-q3-offcenter_cluster-5050,3,candidate,15,151.73704993333334,0.008025249931961298,15,1.0,2276.055749,True,
LOCAL-v1-q3-offcenter_cluster-5051,3,candidate,11,209.99231027272728,0.0047622909769415855,11,1.0,2309.915413,True,
LOCAL-v1-q3-offcenter_cluster-5052,3,candidate,13,205.95939553846154,0.006729708984494209,13,1.0,2677.472142,True,
LOCAL-v1-q3-offcenter_cluster-5053,3,candidate,16,121.128185125,0.008989040972664952,16,1.0,1938.050962,True,
LOCAL-v1-q3-offcenter_cluster-5054,3,candidate,16,63.523537625,0.007615917013026774,16,1.0,1016.376602,True,
LOCAL-v1-q3-offcenter_cluster-5055,3,candidate,12,188.66290725,0.005182708031497896,12,1.0,2263.954887,True,
LOCAL-v1-q3-offcenter_cluster-5056,3,candidate,13,168.3290613846154,0.006607083952985704,13,1.0,2188.277798,True,
LOCAL-v1-q3-offcenter_cluster-5057,3,candidate,13,161.36472038461537,0.008058540988713503,13,1.0,2097.741365,True,
LOCAL-v1-q3-offcenter_cluster-5058,3,candidate,14,217.84485171428574,0.005903333076275885,14,1.0,3049.827924,True,
LOCAL-v1-q3-offcenter_cluster-5059,3,candidate,12,243.30503591666664,0.007723167072981596,12,1.0,2919.660431,True,
LOCAL-v1-q3-offcenter_cluster-5060,3,candidate,11,196.8437552727273,0.005400791997089982,11,1.0,2165.281308,True,
LOCAL-v1-q3-offcenter_cluster-5061,3,candidate,13,188.1520646923077,0.0066445000702515244,13,1.0,2445.976841,True,
LOCAL-v1-q3-offcenter_cluster-5062,3,candidate,16,60.0317275625,0.006420125020667911,16,1.0,960.507641,True,
LOCAL-v1-q3-offcenter_cluster-5063,3,candidate,15,150.53481073333333,0.008211125037632883,15,1.0,2258.022161,True,
LOCAL-v1-q3-offcenter_cluster-5064,3,candidate,13,226.88269884615386,0.004961500060744584,13,1.0,2949.475085,True,
LOCAL-v1-q3-offcenter_cluster-5065,3,candidate,12,217.20578358333333,0.00616270792670548,12,1.0,2606.469403,True,
LOCAL-v1-q3-offcenter_cluster-5066,3,candidate,10,289.9115835,0.004095667041838169,10,1.0,2899.115835,True,
LOCAL-v1-q3-offcenter_cluster-5067,3,candidate,16,82.6685879375,0.006293458049185574,16,1.0,1322.697407,True,
LOCAL-v1-q3-offcenter_cluster-5068,3,candidate,13,232.5505802307692,0.005583083024248481,13,1.0,3023.157543,True,
LOCAL-v1-q3-offcenter_cluster-5069,3,candidate,14,160.77080642857143,0.006228041951544583,14,1.0,2250.79129,True,
LOCAL-v1-q3-offcenter_cluster-5070,3,candidate,12,246.22352558333333,0.004342124913819134,12,1.0,2954.682307,True,
LOCAL-v1-q3-offcenter_cluster-5071,3,candidate,12,194.29508166666668,0.007528292015194893,12,1.0,2331.54098,True,
LOCAL-v1-q3-offcenter_cluster-5072,3,candidate,15,151.99198993333331,0.0077072500716894865,15,1.0,2279.879849,True,
LOCAL-v1-q3-offcenter_cluster-5073,3,candidate,10,276.7157691,0.004870083997957408,10,1.0,2767.157691,True,
LOCAL-v1-q3-offcenter_cluster-5074,3,candidate,16,60.5101004375,0.006738416966982186,16,1.0,968.161607,True,
LOCAL-v1-q3-offcenter_cluster-5075,3,candidate,15,164.83404533333334,0.008514665998518467,15,1.0,2472.51068,True,
LOCAL-v1-q3-offcenter_cluster-5076,3,candidate,12,242.26826025,0.006724249920807779,12,1.0,2907.219123,True,
LOCAL-v1-q3-offcenter_cluster-5077,3,candidate,14,169.90323557142855,0.008436125004664063,14,1.0,2378.645298,True,
LOCAL-v1-q3-offcenter_cluster-5078,3,candidate,13,218.34659884615382,0.00568945799022913,13,1.0,2838.505785,True,
LOCAL-v1-q3-offcenter_cluster-5079,3,candidate,10,216.19934400000002,0.00551299995277077,10,1.0,2161.99344,True,
LOCAL-v1-q3-offcenter_cluster-5080,3,candidate,10,217.84720929999997,0.005708791897632182,10,1.0,2178.472093,True,
LOCAL-v1-q3-offcenter_cluster-5081,3,candidate,16,57.9594083125,0.006624083966016769,16,1.0,927.350533,True,
LOCAL-v1-q3-offcenter_cluster-5082,3,candidate,13,204.99651546153848,0.007627999992109835,13,1.0,2664.954701,True,
LOCAL-v1-q3-offcenter_cluster-5083,3,candidate,13,174.6248900769231,0.006680208025500178,13,1.0,2270.123571,True,
LOCAL-v1-q3-offcenter_cluster-5084,3,candidate,14,159.81430564285714,0.007126083946786821,14,1.0,2237.400279,True,
LOCAL-v1-q3-offcenter_cluster-5085,3,candidate,15,150.08151166666667,0.007234874996356666,15,1.0,2251.222675,True,
LOCAL-v1-q3-offcenter_cluster-5086,3,candidate,12,180.5424555,0.006752333021722734,12,1.0,2166.509466,True,
LOCAL-v1-q3-offcenter_cluster-5087,3,candidate,13,165.57119446153848,0.007541291997767985,13,1.0,2152.425528,True,
LOCAL-v1-q3-offcenter_cluster-5088,3,candidate,16,54.7761515625,0.0074162500677630305,16,1.0,876.418425,True,
LOCAL-v1-q3-offcenter_cluster-5089,3,candidate,15,150.36085206666667,0.008810415980406106,15,1.0,2255.412781,True,
LOCAL-v1-q3-offcenter_cluster-5090,3,candidate,14,170.12167114285714,0.007240875042043626,14,1.0,2381.703396,True,
LOCAL-v1-q3-offcenter_cluster-5091,3,candidate,12,192.60352991666664,0.005893042078241706,12,1.0,2311.242359,True,
LOCAL-v1-q3-offcenter_cluster-5092,3,candidate,11,246.14208318181818,0.00462683301884681,11,1.0,2707.562915,True,
LOCAL-v1-q3-offcenter_cluster-5093,3,candidate,15,148.57608306666668,0.007196417078375816,15,1.0,2228.641246,True,
LOCAL-v1-q3-offcenter_cluster-5094,3,candidate,11,205.37598554545454,0.00446937489323318,11,1.0,2259.135841,True,
LOCAL-v1-q3-offcenter_cluster-5095,3,candidate,10,293.0973657,0.0035832910798490047,10,1.0,2930.973657,True,
LOCAL-v1-q3-offcenter_cluster-5096,3,candidate,14,162.72239242857145,0.008073332952335477,14,1.0,2278.113494,True,
LOCAL-v1-q3-offcenter_cluster-5097,3,candidate,13,176.00040938461538,0.006688082939945161,13,1.0,2288.005322,True,
LOCAL-v1-q3-offcenter_cluster-5098,3,candidate,16,65.5303924375,0.007568167056888342,16,1.0,1048.486279,True,
LOCAL-v1-q3-offcenter_cluster-5099,3,candidate,13,193.62184615384615,0.005038290983065963,13,1.0,2517.084,True,
LOCAL-v1-q3-origin_cluster-5000,3,candidate,11,193.50498163636365,0.005477707949467003,11,1.0,2128.554798,True,
LOCAL-v1-q3-origin_cluster-5001,3,candidate,14,146.71433135714284,0.0062684169970452785,14,1.0,2054.000639,True,
LOCAL-v1-q3-origin_cluster-5002,3,candidate,15,138.56544986666668,0.007947999984025955,15,1.0,2078.481748,True,
LOCAL-v1-q3-origin_cluster-5003,3,candidate,11,191.32072509090906,0.0035751250106841326,11,1.0,2104.527976,True,
LOCAL-v1-q3-origin_cluster-5004,3,candidate,12,174.8383225,0.005444584065116942,12,1.0,2098.05987,True,
LOCAL-v1-q3-origin_cluster-5005,3,candidate,11,218.74195145454544,0.005573499947786331,11,1.0,2406.161466,True,
LOCAL-v1-q3-origin_cluster-5006,3,candidate,11,194.91035863636364,0.005129875033162534,11,1.0,2144.013945,True,
LOCAL-v1-q3-origin_cluster-5007,3,candidate,11,198.6379771818182,0.005521375103853643,11,1.0,2185.017749,True,
LOCAL-v1-q3-origin_cluster-5008,3,candidate,10,214.7813959,0.004425374907441437,10,1.0,2147.813959,True,
LOCAL-v1-q3-origin_cluster-5009,3,candidate,14,156.36589192857144,0.007059041992761195,14,1.0,2189.122487,True,
LOCAL-v1-q3-origin_cluster-5010,3,candidate,12,176.68543924999997,0.006343791028484702,12,1.0,2120.225271,True,
LOCAL-v1-q3-origin_cluster-5011,3,candidate,15,136.23252426666667,0.007252000039443374,15,1.0,2043.487864,True,
LOCAL-v1-q3-origin_cluster-5012,3,candidate,10,215.9409882,0.004577625077217817,10,1.0,2159.409882,True,
LOCAL-v1-q3-origin_cluster-5013,3,candidate,12,176.3507615,0.005494583980180323,12,1.0,2116.209138,True,
LOCAL-v1-q3-origin_cluster-5014,3,candidate,11,192.20139309090908,0.005252875038422644,11,1.0,2114.215324,True,
LOCAL-v1-q3-origin_cluster-5015,3,candidate,12,194.26248375,0.006711499998345971,12,1.0,2331.149805,True,
LOCAL-v1-q3-origin_cluster-5016,3,candidate,16,34.214885625,0.006267291959375143,16,1.0,547.43817,True,
LOCAL-v1-q3-origin_cluster-5017,3,candidate,15,142.04235593333334,0.00793458300177008,15,1.0,2130.635339,True,
LOCAL-v1-q3-origin_cluster-5018,3,candidate,10,225.79344890000002,0.004235542030073702,10,1.0,2257.934489,True,
LOCAL-v1-q3-origin_cluster-5019,3,candidate,11,196.66034645454545,0.0058286660350859165,11,1.0,2163.263811,True,
LOCAL-v1-q3-origin_cluster-5020,3,candidate,16,34.2476375625,0.005808042013086379,16,1.0,547.962201,True,
LOCAL-v1-q3-origin_cluster-5021,3,candidate,14,147.75075035714286,0.0065435420256108046,14,1.0,2068.510505,True,
LOCAL-v1-q3-origin_cluster-5022,3,candidate,14,146.3418225,0.006432124995626509,14,1.0,2048.785515,True,
LOCAL-v1-q3-origin_cluster-5023,3,candidate,15,135.25738886666667,0.007623999961651862,15,1.0,2028.860833,True,
LOCAL-v1-q3-origin_cluster-5024,3,candidate,13,159.57320553846154,0.0057688329834491014,13,1.0,2074.451672,True,
LOCAL-v1-q3-origin_cluster-5025,3,candidate,12,182.78296666666665,0.005161999957635999,12,1.0,2193.3956,True,
LOCAL-v1-q3-origin_cluster-5026,3,candidate,15,136.20801053333332,0.007462666952051222,15,1.0,2043.120158,True,
LOCAL-v1-q3-origin_cluster-5027,3,candidate,11,209.945281,0.0045045840088278055,11,1.0,2309.398091,True,
LOCAL-v1-q3-origin_cluster-5028,3,candidate,10,221.4775783,0.004693874972872436,10,1.0,2214.775783,True,
LOCAL-v1-q3-origin_cluster-5029,3,candidate,11,211.300007,0.004927499918267131,11,1.0,2324.300077,True,
LOCAL-v1-q3-origin_cluster-5030,3,candidate,12,178.95040375,0.006167292012833059,12,1.0,2147.404845,True,
LOCAL-v1-q3-origin_cluster-5031,3,candidate,15,136.85716833333333,0.008774833055213094,15,1.0,2052.857525,True,
LOCAL-v1-q3-origin_cluster-5032,3,candidate,11,193.31265918181816,0.005417292006313801,11,1.0,2126.439251,True,
LOCAL-v1-q3-origin_cluster-5033,3,candidate,14,145.53492142857144,0.005823042010888457,14,1.0,2037.4889,True,
LOCAL-v1-q3-origin_cluster-5034,3,candidate,16,33.6948925,0.005958916968666017,16,1.0,539.11828,True,
LOCAL-v1-q3-origin_cluster-5035,3,candidate,10,215.768143,0.003524292027577758,10,1.0,2157.68143,True,
LOCAL-v1-q3-origin_cluster-5036,3,candidate,15,137.34214013333334,0.007829333073459566,15,1.0,2060.132102,True,
LOCAL-v1-q3-origin_cluster-5037,3,candidate,15,134.4147436,0.007164792041294277,15,1.0,2016.221154,True,
LOCAL-v1-q3-origin_cluster-5038,3,candidate,16,34.781795625,0.005898916977457702,16,1.0,556.50873,True,
LOCAL-v1-q3-origin_cluster-5039,3,candidate,10,215.3280397,0.00412008399143815,10,1.0,2153.280397,True,
LOCAL-v1-q3-origin_cluster-5040,3,candidate,15,136.90098086666666,0.00782987498678267,15,1.0,2053.514713,True,
LOCAL-v1-q3-origin_cluster-5041,3,candidate,15,136.0299058,0.008161374949850142,15,1.0,2040.448587,True,
LOCAL-v1-q3-origin_cluster-5042,3,candidate,11,192.6033031818182,0.004745249985717237,11,1.0,2118.636335,True,
LOCAL-v1-q3-origin_cluster-5043,3,candidate,12,191.84732041666666,0.005755332997068763,12,1.0,2302.167845,True,
LOCAL-v1-q3-origin_cluster-5044,3,candidate,11,193.83841118181817,0.005168791976757348,11,1.0,2132.222523,True,
LOCAL-v1-q3-origin_cluster-5045,3,candidate,11,195.48717881818183,0.005586209008470178,11,1.0,2150.358967,True,
LOCAL-v1-q3-origin_cluster-5046,3,candidate,10,215.08384729999997,0.004299874999560416,10,1.0,2150.838473,True,
LOCAL-v1-q3-origin_cluster-5047,3,candidate,16,34.616133625,0.00635749998036772,16,1.0,553.858138,True,
LOCAL-v1-q3-origin_cluster-5048,3,candidate,12,175.71872683333333,0.005610290914773941,12,1.0,2108.624722,True,
LOCAL-v1-q3-origin_cluster-5049,3,candidate,10,236.7917942,0.0045900000259280205,10,1.0,2367.917942,True,
LOCAL-v1-q3-origin_cluster-5050,3,candidate,15,135.47190179999998,0.008442874997854233,15,1.0,2032.078527,True,
LOCAL-v1-q3-origin_cluster-5051,3,candidate,11,201.159821,0.004766041995026171,11,1.0,2212.758031,True,
LOCAL-v1-q3-origin_cluster-5052,3,candidate,13,162.29278046153846,0.006587750045582652,13,1.0,2109.806146,True,
LOCAL-v1-q3-origin_cluster-5053,3,candidate,16,34.357034625,0.005461374996230006,16,1.0,549.712554,True,
LOCAL-v1-q3-origin_cluster-5054,3,candidate,16,34.8982133125,0.006624207948334515,16,1.0,558.371413,True,
LOCAL-v1-q3-origin_cluster-5055,3,candidate,12,207.57376591666664,0.005461083026602864,12,1.0,2490.885191,True,
LOCAL-v1-q3-origin_cluster-5056,3,candidate,13,158.8335583076923,0.005794374970719218,13,1.0,2064.836258,True,
LOCAL-v1-q3-origin_cluster-5057,3,candidate,13,159.30809530769233,0.005536624928936362,13,1.0,2071.005239,True,
LOCAL-v1-q3-origin_cluster-5058,3,candidate,14,161.69499235714287,0.007322999997995794,14,1.0,2263.729893,True,
LOCAL-v1-q3-origin_cluster-5059,3,candidate,12,178.00738449999997,0.0059532501036301255,12,1.0,2136.088614,True,
LOCAL-v1-q3-origin_cluster-5060,3,candidate,11,210.93147499999998,0.005488958093337715,11,1.0,2320.246225,True,
LOCAL-v1-q3-origin_cluster-5061,3,candidate,13,161.104535,0.006724625010974705,13,1.0,2094.358955,True,
LOCAL-v1-q3-origin_cluster-5062,3,candidate,16,34.7397415,0.0060407089767977595,16,1.0,555.835864,True,
LOCAL-v1-q3-origin_cluster-5063,3,candidate,15,147.23757673333333,0.00807216705288738,15,1.0,2208.563651,True,
LOCAL-v1-q3-origin_cluster-5064,3,candidate,13,185.16328946153845,0.006996624986641109,13,1.0,2407.122763,True,
LOCAL-v1-q3-origin_cluster-5065,3,candidate,12,193.42223158333334,0.005779583007097244,12,1.0,2321.066779,True,
LOCAL-v1-q3-origin_cluster-5066,3,candidate,10,215.37295939999998,0.004495417000725865,10,1.0,2153.729594,True,
LOCAL-v1-q3-origin_cluster-5067,3,candidate,16,33.5787415,0.005611166008748114,16,1.0,537.259864,True,
LOCAL-v1-q3-origin_cluster-5068,3,candidate,13,161.25905061538464,0.007108375080861151,13,1.0,2096.367658,True,
LOCAL-v1-q3-origin_cluster-5069,3,candidate,14,154.06711285714286,0.005830041947774589,14,1.0,2156.93958,True,
LOCAL-v1-q3-origin_cluster-5070,3,candidate,12,175.18603108333332,0.0055444169556722045,12,1.0,2102.232373,True,
LOCAL-v1-q3-origin_cluster-5071,3,candidate,12,173.52138566666667,0.004807458026334643,12,1.0,2082.256628,True,
LOCAL-v1-q3-origin_cluster-5072,3,candidate,15,136.94074633333332,0.00802054104860872,15,1.0,2054.111195,True,
LOCAL-v1-q3-origin_cluster-5073,3,candidate,10,215.30975709999998,0.004329208051785827,10,1.0,2153.097571,True,
LOCAL-v1-q3-origin_cluster-5074,3,candidate,16,33.6308013125,0.00667695899028331,16,1.0,538.092821,True,
LOCAL-v1-q3-origin_cluster-5075,3,candidate,15,148.11901086666666,0.0071200409438461065,15,1.0,2221.785163,True,
LOCAL-v1-q3-origin_cluster-5076,3,candidate,12,194.8700609166667,0.006978874909691513,12,1.0,2338.440731,True,
LOCAL-v1-q3-origin_cluster-5077,3,candidate,14,161.52577928571426,0.006743707926943898,14,1.0,2261.36091,True,
LOCAL-v1-q3-origin_cluster-5078,3,candidate,13,176.53646292307693,0.0067827500170096755,13,1.0,2294.974018,True,
LOCAL-v1-q3-origin_cluster-5079,3,candidate,10,214.10467279999997,0.0043260829988867044,10,1.0,2141.046728,True,
LOCAL-v1-q3-origin_cluster-5080,3,candidate,10,215.987722,0.004584208014421165,10,1.0,2159.87722,True,
LOCAL-v1-q3-origin_cluster-5081,3,candidate,16,34.002243,0.0064798330422490835,16,1.0,544.035888,True,
LOCAL-v1-q3-origin_cluster-5082,3,candidate,13,161.09069292307692,0.006346040987409651,13,1.0,2094.179008,True,
LOCAL-v1-q3-origin_cluster-5083,3,candidate,13,159.58490661538463,0.006781750009395182,13,1.0,2074.603786,True,
LOCAL-v1-q3-origin_cluster-5084,3,candidate,14,148.1181980714286,0.0075603750301525,14,1.0,2073.654773,True,
LOCAL-v1-q3-origin_cluster-5085,3,candidate,15,136.023096,0.007547499961219728,15,1.0,2040.34644,True,
LOCAL-v1-q3-origin_cluster-5086,3,candidate,12,174.71080608333332,0.005306667066179216,12,1.0,2096.529673,True,
LOCAL-v1-q3-origin_cluster-5087,3,candidate,13,159.88847015384616,0.006071624928154051,13,1.0,2078.550112,True,
LOCAL-v1-q3-origin_cluster-5088,3,candidate,16,33.189750375,0.0060882080579176545,16,1.0,531.036006,True,
LOCAL-v1-q3-origin_cluster-5089,3,candidate,15,136.86885773333333,0.008071916992776096,15,1.0,2053.032866,True,
LOCAL-v1-q3-origin_cluster-5090,3,candidate,14,157.229752,0.0074283749563619494,14,1.0,2201.216528,True,
LOCAL-v1-q3-origin_cluster-5091,3,candidate,12,176.21436533333335,0.0052617919864133,12,1.0,2114.572384,True,
LOCAL-v1-q3-origin_cluster-5092,3,candidate,11,212.3429782727273,0.005395792075432837,11,1.0,2335.772761,True,
LOCAL-v1-q3-origin_cluster-5093,3,candidate,15,135.03906659999998,0.008212625049054623,15,1.0,2025.585999,True,
LOCAL-v1-q3-origin_cluster-5094,3,candidate,11,192.27950254545456,0.004367833025753498,11,1.0,2115.074528,True,
LOCAL-v1-q3-origin_cluster-5095,3,candidate,10,215.0203246,0.005324832978658378,10,1.0,2150.203246,True,
LOCAL-v1-q3-origin_cluster-5096,3,candidate,14,146.67574735714285,0.005730791948735714,14,1.0,2053.460463,True,
LOCAL-v1-q3-origin_cluster-5097,3,candidate,13,162.21936107692306,0.006255667074583471,13,1.0,2108.851694,True,
LOCAL-v1-q3-origin_cluster-5098,3,candidate,16,35.474545625,0.007136499974876642,16,1.0,567.59273,True,
LOCAL-v1-q3-origin_cluster-5099,3,candidate,13,160.7042973846154,0.005522874998860061,13,1.0,2089.155866,True,
LOCAL-v1-q3-minimum_radius-5000,3,candidate,11,280.5773891818182,0.005083291907794774,11,1.0,3086.351281,True,
LOCAL-v1-q3-minimum_radius-5001,3,candidate,14,262.336137,0.009863624931313097,14,1.0,3672.705918,True,
LOCAL-v1-q3-minimum_radius-5002,3,candidate,15,207.09938286666664,0.008443875005468726,15,1.0,3106.490743,True,
LOCAL-v1-q3-minimum_radius-5003,3,candidate,11,247.39462227272728,0.0062054580776020885,11,1.0,2721.340845,True,
LOCAL-v1-q3-minimum_radius-5004,3,candidate,12,256.81477075000004,0.007306791958399117,12,1.0,3081.777249,True,
LOCAL-v1-q3-minimum_radius-5005,3,candidate,11,304.4512931818182,0.0050446250243112445,11,1.0,3348.964225,True,
LOCAL-v1-q3-minimum_radius-5006,3,candidate,11,288.4341068181818,0.005836333031766117,11,1.0,3172.775175,True,
LOCAL-v1-q3-minimum_radius-5007,3,candidate,11,265.517103,0.005563667044043541,11,1.0,2920.688133,True,
LOCAL-v1-q3-minimum_radius-5008,3,candidate,10,306.21295879999997,0.005856791045516729,10,1.0,3062.129588,True,
LOCAL-v1-q3-minimum_radius-5009,3,candidate,14,222.33546557142859,0.009422541013918817,14,1.0,3112.696518,True,
LOCAL-v1-q3-minimum_radius-5010,3,candidate,12,225.11534974999998,0.00884095800574869,12,1.0,2701.384197,True,
LOCAL-v1-q3-minimum_radius-5011,3,candidate,15,226.79932706666665,0.008016417035833001,15,1.0,3401.989906,True,
LOCAL-v1-q3-minimum_radius-5012,3,candidate,10,320.6722678,0.005732291960157454,10,1.0,3206.722678,True,
LOCAL-v1-q3-minimum_radius-5013,3,candidate,12,268.6688715833333,0.006117000011727214,12,1.0,3224.026459,True,
LOCAL-v1-q3-minimum_radius-5014,3,candidate,11,275.0146157272727,0.005418832995928824,11,1.0,3025.160773,True,
LOCAL-v1-q3-minimum_radius-5015,3,candidate,12,228.52685891666667,0.007137291016988456,12,1.0,2742.322307,True,
LOCAL-v1-q3-minimum_radius-5016,3,candidate,16,197.0584790625,0.008841541013680398,16,1.0,3152.935665,True,
LOCAL-v1-q3-minimum_radius-5017,3,candidate,15,225.14900633333335,0.008005667012184858,15,1.0,3377.235095,True,
LOCAL-v1-q3-minimum_radius-5018,3,candidate,10,309.3737718,0.005507917026989162,10,1.0,3093.737718,True,
LOCAL-v1-q3-minimum_radius-5019,3,candidate,11,296.3995080909091,0.0042182920733466744,11,1.0,3260.394589,True,
LOCAL-v1-q3-minimum_radius-5020,3,candidate,16,200.703212,0.009310250054113567,16,1.0,3211.251392,True,
LOCAL-v1-q3-minimum_radius-5021,3,candidate,14,245.2398355,0.00918212509714067,14,1.0,3433.357697,True,
LOCAL-v1-q3-minimum_radius-5022,3,candidate,14,217.40402235714285,0.010637916973792017,14,1.0,3043.656313,True,
LOCAL-v1-q3-minimum_radius-5023,3,candidate,15,200.7198786,0.0061524169286713,15,1.0,3010.798179,True,
LOCAL-v1-q3-minimum_radius-5024,3,candidate,13,249.21228284615384,0.009182084002532065,13,1.0,3239.759677,True,
LOCAL-v1-q3-minimum_radius-5025,3,candidate,12,262.23896741666664,0.0066671669483184814,12,1.0,3146.867609,True,
LOCAL-v1-q3-minimum_radius-5026,3,candidate,15,215.98311479999998,0.006536290980875492,15,1.0,3239.746722,True,
LOCAL-v1-q3-minimum_radius-5027,3,candidate,11,325.51637900000003,0.005480708088725805,11,1.0,3580.680169,True,
LOCAL-v1-q3-minimum_radius-5028,3,candidate,10,275.8558458,0.006980750011280179,10,1.0,2758.558458,True,
LOCAL-v1-q3-minimum_radius-5029,3,candidate,11,280.3468540909091,0.004559583030641079,11,1.0,3083.815395,True,
LOCAL-v1-q3-minimum_radius-5030,3,candidate,12,224.32893866666666,0.004902041982859373,12,1.0,2691.947264,True,
LOCAL-v1-q3-minimum_radius-5031,3,candidate,15,207.50745406666667,0.01080175000242889,15,1.0,3112.611811,True,
LOCAL-v1-q3-minimum_radius-5032,3,candidate,11,263.38441854545454,0.007062625023536384,11,1.0,2897.228604,True,
LOCAL-v1-q3-minimum_radius-5033,3,candidate,14,243.96299228571428,0.007785791996866465,14,1.0,3415.481892,True,
LOCAL-v1-q3-minimum_radius-5034,3,candidate,16,203.73233325,0.007983290939591825,16,1.0,3259.717332,True,
LOCAL-v1-q3-minimum_radius-5035,3,candidate,10,298.2917676,0.00596049998421222,10,1.0,2982.917676,True,
LOCAL-v1-q3-minimum_radius-5036,3,candidate,15,218.01638726666667,0.007340000011026859,15,1.0,3270.245809,True,
LOCAL-v1-q3-minimum_radius-5037,3,candidate,15,234.363059,0.008727582986466587,15,1.0,3515.445885,True,
LOCAL-v1-q3-minimum_radius-5038,3,candidate,16,209.332026875,0.013138334034010768,16,1.0,3349.31243,True,
LOCAL-v1-q3-minimum_radius-5039,3,candidate,10,346.2859482,0.005318207899108529,10,1.0,3462.859482,True,
LOCAL-v1-q3-minimum_radius-5040,3,candidate,15,231.93001886666667,0.007850624970160425,15,1.0,3478.950283,True,
LOCAL-v1-q3-minimum_radius-5041,3,candidate,15,215.71299693333333,0.009017999982461333,15,1.0,3235.694954,True,
LOCAL-v1-q3-minimum_radius-5042,3,candidate,11,277.4015361818182,0.005175416939891875,11,1.0,3051.416898,True,
LOCAL-v1-q3-minimum_radius-5043,3,candidate,12,265.32278725,0.0076160000171512365,12,1.0,3183.873447,True,
LOCAL-v1-q3-minimum_radius-5044,3,candidate,11,308.24686045454547,0.006020957953296602,11,1.0,3390.715465,True,
LOCAL-v1-q3-minimum_radius-5045,3,candidate,11,286.9571373636364,0.0058717920910567045,11,1.0,3156.528511,True,
LOCAL-v1-q3-minimum_radius-5046,3,candidate,10,280.9074855,0.004000541986897588,10,1.0,2809.074855,True,
LOCAL-v1-q3-minimum_radius-5047,3,candidate,16,222.47747675,0.009062708006240427,16,1.0,3559.639628,True,
LOCAL-v1-q3-minimum_radius-5048,3,candidate,12,260.2896905,0.007494542049244046,12,1.0,3123.476286,True,
LOCAL-v1-q3-minimum_radius-5049,3,candidate,10,299.24086320000004,0.004714875016361475,10,1.0,2992.408632,True,
LOCAL-v1-q3-minimum_radius-5050,3,candidate,15,227.08903800000002,0.008713291957974434,15,1.0,3406.33557,True,
LOCAL-v1-q3-minimum_radius-5051,3,candidate,11,323.03022054545454,0.004478332935832441,11,1.0,3553.332426,True,
LOCAL-v1-q3-minimum_radius-5052,3,candidate,13,249.8914166923077,0.006327708018943667,13,1.0,3248.588417,True,
LOCAL-v1-q3-minimum_radius-5053,3,candidate,16,223.075295125,0.010763333993963897,16,1.0,3569.204722,True,
LOCAL-v1-q3-minimum_radius-5054,3,candidate,16,236.00986525,0.009462208021432161,16,1.0,3776.157844,True,
LOCAL-v1-q3-minimum_radius-5055,3,candidate,12,251.68538666666666,0.00863058294635266,12,1.0,3020.22464,True,
LOCAL-v1-q3-minimum_radius-5056,3,candidate,13,260.51101015384614,0.00892783293966204,13,1.0,3386.643132,True,
LOCAL-v1-q3-minimum_radius-5057,3,candidate,13,244.0521093076923,0.007548791007138789,13,1.0,3172.677421,True,
LOCAL-v1-q3-minimum_radius-5058,3,candidate,14,219.80232678571429,0.006695208023302257,14,1.0,3077.232575,True,
LOCAL-v1-q3-minimum_radius-5059,3,candidate,12,276.03010016666667,0.006628250004723668,12,1.0,3312.361202,True,
LOCAL-v1-q3-minimum_radius-5060,3,candidate,11,278.6276709090909,0.004454917041584849,11,1.0,3064.90438,True,
LOCAL-v1-q3-minimum_radius-5061,3,candidate,13,248.55127630769232,0.008228708989918232,13,1.0,3231.166592,True,
LOCAL-v1-q3-minimum_radius-5062,3,candidate,16,209.978691875,0.00878520798869431,16,1.0,3359.65907,True,
LOCAL-v1-q3-minimum_radius-5063,3,candidate,15,221.6052404,0.011951457941904664,15,1.0,3324.078606,True,
LOCAL-v1-q3-minimum_radius-5064,3,candidate,13,233.0942950769231,0.006618292070925236,13,1.0,3030.225836,True,
LOCAL-v1-q3-minimum_radius-5065,3,candidate,12,272.39087424999997,0.005474874982610345,12,1.0,3268.690491,True,
LOCAL-v1-q3-minimum_radius-5066,3,candidate,10,266.5397013,0.006307916948571801,10,1.0,2665.397013,True,
LOCAL-v1-q3-minimum_radius-5067,3,candidate,16,220.8973815625,0.008767583989538252,16,1.0,3534.358105,True,
LOCAL-v1-q3-minimum_radius-5068,3,candidate,13,222.56202384615383,0.005357458023354411,13,1.0,2893.30631,True,
LOCAL-v1-q3-minimum_radius-5069,3,candidate,14,248.1643652142857,0.008684917003847659,14,1.0,3474.301113,True,
LOCAL-v1-q3-minimum_radius-5070,3,candidate,12,277.03224658333335,0.006602000095881522,12,1.0,3324.386959,True,
LOCAL-v1-q3-minimum_radius-5071,3,candidate,12,267.78482241666666,0.0058891670778393745,12,1.0,3213.417869,True,
LOCAL-v1-q3-minimum_radius-5072,3,candidate,15,211.7928586,0.008506499929353595,15,1.0,3176.892879,True,
LOCAL-v1-q3-minimum_radius-5073,3,candidate,10,278.3225962,0.005330792046152055,10,1.0,2783.225962,True,
LOCAL-v1-q3-minimum_radius-5074,3,candidate,16,220.68842725,0.01228329201694578,16,1.0,3531.014836,True,
LOCAL-v1-q3-minimum_radius-5075,3,candidate,15,216.5242506,0.011085584061220288,15,1.0,3247.863759,True,
LOCAL-v1-q3-minimum_radius-5076,3,candidate,12,233.21400741666665,0.0057047499576583505,12,1.0,2798.568089,True,
LOCAL-v1-q3-minimum_radius-5077,3,candidate,14,236.1370992857143,0.0072749159298837185,14,1.0,3305.91939,True,
LOCAL-v1-q3-minimum_radius-5078,3,candidate,13,267.1951490769231,0.008705958956852555,13,1.0,3473.536938,True,
LOCAL-v1-q3-minimum_radius-5079,3,candidate,10,299.6986731,0.004197875037789345,10,1.0,2996.986731,True,
LOCAL-v1-q3-minimum_radius-5080,3,candidate,10,293.5586612,0.004774792003445327,10,1.0,2935.586612,True,
LOCAL-v1-q3-minimum_radius-5081,3,candidate,16,219.1198495,0.011542916065081954,16,1.0,3505.917592,True,
LOCAL-v1-q3-minimum_radius-5082,3,candidate,13,232.76393723076924,0.007478667073883116,13,1.0,3025.931184,True,
LOCAL-v1-q3-minimum_radius-5083,3,candidate,13,249.70723976923077,0.005558665958233178,13,1.0,3246.194117,True,
LOCAL-v1-q3-minimum_radius-5084,3,candidate,14,253.64018164285716,0.007791874930262566,14,1.0,3550.962543,True,
LOCAL-v1-q3-minimum_radius-5085,3,candidate,15,219.20322073333332,0.010341415996663272,15,1.0,3288.048311,True,
LOCAL-v1-q3-minimum_radius-5086,3,candidate,12,272.28787925,0.007416000007651746,12,1.0,3267.454551,True,
LOCAL-v1-q3-minimum_radius-5087,3,candidate,13,208.71906346153844,0.007587875006720424,13,1.0,2713.347825,True,
LOCAL-v1-q3-minimum_radius-5088,3,candidate,16,218.6957204375,0.008137790951877832,16,1.0,3499.131527,True,
LOCAL-v1-q3-minimum_radius-5089,3,candidate,15,224.4939444,0.007791792042553425,15,1.0,3367.409166,True,
LOCAL-v1-q3-minimum_radius-5090,3,candidate,14,257.309123,0.011358332936652005,14,1.0,3602.327722,True,
LOCAL-v1-q3-minimum_radius-5091,3,candidate,12,268.46154083333334,0.010319542023353279,12,1.0,3221.53849,True,
LOCAL-v1-q3-minimum_radius-5092,3,candidate,11,256.6784253636364,0.0051227499498054385,11,1.0,2823.462679,True,
LOCAL-v1-q3-minimum_radius-5093,3,candidate,15,240.21889446666668,0.007646457990631461,15,1.0,3603.283417,True,
LOCAL-v1-q3-minimum_radius-5094,3,candidate,11,262.6104783636364,0.0039562080055475235,11,1.0,2888.715262,True,
LOCAL-v1-q3-minimum_radius-5095,3,candidate,10,288.0675049,0.008235624991357327,10,1.0,2880.675049,True,
LOCAL-v1-q3-minimum_radius-5096,3,candidate,14,232.43521535714285,0.007843374973163009,14,1.0,3254.093015,True,
LOCAL-v1-q3-minimum_radius-5097,3,candidate,13,251.45753953846153,0.00647133297752589,13,1.0,3268.948014,True,
LOCAL-v1-q3-minimum_radius-5098,3,candidate,16,187.7625435625,0.009619624936021864,16,1.0,3004.200697,True,
LOCAL-v1-q3-minimum_radius-5099,3,candidate,13,238.40147784615385,0.009218874969519675,13,1.0,3099.219212,True,
LOCAL-v1-q3-exactly10_sources-5000,3,candidate,10,293.5216317,0.0060331670101732016,10,1.0,2935.216317,True,
LOCAL-v1-q3-exactly10_sources-5001,3,candidate,10,253.3256134,0.008697791956365108,10,1.0,2533.256134,True,
LOCAL-v1-q3-exactly10_sources-5002,3,candidate,10,266.14119569999997,0.005934291984885931,10,1.0,2661.411957,True,
LOCAL-v1-q3-exactly10_sources-5003,3,candidate,10,290.8875327,0.0058217920595780015,10,1.0,2908.875327,True,
LOCAL-v1-q3-exactly10_sources-5004,3,candidate,10,277.627182,0.0065055419690907,10,1.0,2776.27182,True,
LOCAL-v1-q3-exactly10_sources-5005,3,candidate,10,274.5676395,0.009007500018924475,10,1.0,2745.676395,True,
LOCAL-v1-q3-exactly10_sources-5006,3,candidate,10,277.2521714,0.006548041012138128,10,1.0,2772.521714,True,
LOCAL-v1-q3-exactly10_sources-5007,3,candidate,10,303.631531,0.005624208017252386,10,1.0,3036.31531,True,
LOCAL-v1-q3-exactly10_sources-5008,3,candidate,10,268.1706647,0.005723458016291261,10,1.0,2681.706647,True,
LOCAL-v1-q3-exactly10_sources-5009,3,candidate,10,270.2067511,0.0062937079928815365,10,1.0,2702.067511,True,
LOCAL-v1-q3-exactly10_sources-5010,3,candidate,10,267.5142929,0.006491958047263324,10,1.0,2675.142929,True,
LOCAL-v1-q3-exactly10_sources-5011,3,candidate,10,297.4783155,0.00719887507148087,10,1.0,2974.783155,True,
LOCAL-v1-q3-exactly10_sources-5012,3,candidate,10,295.5245956,0.005542792030610144,10,1.0,2955.245956,True,
LOCAL-v1-q3-exactly10_sources-5013,3,candidate,10,297.9784945,0.006023959023877978,10,1.0,2979.784945,True,
LOCAL-v1-q3-exactly10_sources-5014,3,candidate,10,277.8284668,0.005809167050756514,10,1.0,2778.284668,True,
LOCAL-v1-q3-exactly10_sources-5015,3,candidate,10,279.22367859999997,0.005043582990765572,10,1.0,2792.236786,True,
LOCAL-v1-q3-exactly10_sources-5016,3,candidate,10,290.044554,0.005671959021128714,10,1.0,2900.44554,True,
LOCAL-v1-q3-exactly10_sources-5017,3,candidate,10,362.2456283,0.007417084067128599,10,1.0,3622.456283,True,
LOCAL-v1-q3-exactly10_sources-5018,3,candidate,10,310.7226095,0.006016000057570636,10,1.0,3107.226095,True,
LOCAL-v1-q3-exactly10_sources-5019,3,candidate,10,294.8859989,0.00630099989939481,10,1.0,2948.859989,True,
LOCAL-v1-q3-exactly10_sources-5020,3,candidate,10,328.00676910000004,0.005429041106253862,10,1.0,3280.067691,True,
LOCAL-v1-q3-exactly10_sources-5021,3,candidate,10,275.8410134,0.0046467919601127505,10,1.0,2758.410134,True,
LOCAL-v1-q3-exactly10_sources-5022,3,candidate,10,289.54525490000003,0.006978582940064371,10,1.0,2895.452549,True,
LOCAL-v1-q3-exactly10_sources-5023,3,candidate,10,278.48456550000003,0.007103999960236251,10,1.0,2784.845655,True,
LOCAL-v1-q3-exactly10_sources-5024,3,candidate,10,251.8750881,0.007860457990318537,10,1.0,2518.750881,True,
LOCAL-v1-q3-exactly10_sources-5025,3,candidate,10,316.5971511,0.008612666977569461,10,1.0,3165.971511,True,
LOCAL-v1-q3-exactly10_sources-5026,3,candidate,10,335.7162106,0.006212459062226117,10,1.0,3357.162106,True,
LOCAL-v1-q3-exactly10_sources-5027,3,candidate,10,305.4118653,0.005953500047326088,10,1.0,3054.118653,True,
LOCAL-v1-q3-exactly10_sources-5028,3,candidate,10,299.3903933,0.0065702920546755195,10,1.0,2993.903933,True,
LOCAL-v1-q3-exactly10_sources-5029,3,candidate,10,270.2106354,0.006174584035761654,10,1.0,2702.106354,True,
LOCAL-v1-q3-exactly10_sources-5030,3,candidate,10,282.1257389,0.004216084023937583,10,1.0,2821.257389,True,
LOCAL-v1-q3-exactly10_sources-5031,3,candidate,10,268.8081493,0.006678957957774401,10,1.0,2688.081493,True,
LOCAL-v1-q3-exactly10_sources-5032,3,candidate,10,284.93789000000004,0.004883792018517852,10,1.0,2849.3789,True,
LOCAL-v1-q3-exactly10_sources-5033,3,candidate,10,309.3119693,0.0057478329399600625,10,1.0,3093.119693,True,
LOCAL-v1-q3-exactly10_sources-5034,3,candidate,10,318.5782574,0.005804582964628935,10,1.0,3185.782574,True,
LOCAL-v1-q3-exactly10_sources-5035,3,candidate,10,303.0260834,0.00757008302025497,10,1.0,3030.260834,True,
LOCAL-v1-q3-exactly10_sources-5036,3,candidate,10,339.9267246,0.006009749951772392,10,1.0,3399.267246,True,
LOCAL-v1-q3-exactly10_sources-5037,3,candidate,10,268.9235725,0.006443375023081899,10,1.0,2689.235725,True,
LOCAL-v1-q3-exactly10_sources-5038,3,candidate,10,295.6160575,0.006271666963584721,10,1.0,2956.160575,True,
LOCAL-v1-q3-exactly10_sources-5039,3,candidate,10,299.6323092,0.005534958094358444,10,1.0,2996.323092,True,
LOCAL-v1-q3-exactly10_sources-5040,3,candidate,10,301.46178,0.014161166036501527,10,1.0,3014.6178,True,
LOCAL-v1-q3-exactly10_sources-5041,3,candidate,10,313.392355,0.005555583047680557,10,1.0,3133.92355,True,
LOCAL-v1-q3-exactly10_sources-5042,3,candidate,10,267.5416088,0.007494750083424151,10,1.0,2675.416088,True,
LOCAL-v1-q3-exactly10_sources-5043,3,candidate,10,291.3228406,0.004943709005601704,10,1.0,2913.228406,True,
LOCAL-v1-q3-exactly10_sources-5044,3,candidate,10,294.74416,0.007111666025593877,10,1.0,2947.4416,True,
LOCAL-v1-q3-exactly10_sources-5045,3,candidate,10,271.7320613,0.005938417045399547,10,1.0,2717.320613,True,
LOCAL-v1-q3-exactly10_sources-5046,3,candidate,10,292.18268670000003,0.008122458006255329,10,1.0,2921.826867,True,
LOCAL-v1-q3-exactly10_sources-5047,3,candidate,10,271.56040659999996,0.0062957919435575604,10,1.0,2715.604066,True,
LOCAL-v1-q3-exactly10_sources-5048,3,candidate,10,271.72174409999997,0.006575042032636702,10,1.0,2717.217441,True,
LOCAL-v1-q3-exactly10_sources-5049,3,candidate,10,283.3674305,0.006176584050990641,10,1.0,2833.674305,True,
LOCAL-v1-q3-exactly10_sources-5050,3,candidate,10,270.51342020000004,0.007818916928954422,10,1.0,2705.134202,True,
LOCAL-v1-q3-exactly10_sources-5051,3,candidate,10,315.7838366,0.005936875008046627,10,1.0,3157.838366,True,
LOCAL-v1-q3-exactly10_sources-5052,3,candidate,10,306.23304859999996,0.006032333010807633,10,1.0,3062.330486,True,
LOCAL-v1-q3-exactly10_sources-5053,3,candidate,10,260.7552642,0.007585500017739832,10,1.0,2607.552642,True,
LOCAL-v1-q3-exactly10_sources-5054,3,candidate,10,303.475075,0.007301334058865905,10,1.0,3034.75075,True,
LOCAL-v1-q3-exactly10_sources-5055,3,candidate,10,285.0475397,0.0057518749963492155,10,1.0,2850.475397,True,
LOCAL-v1-q3-exactly10_sources-5056,3,candidate,10,301.0869034,0.00927662500180304,10,1.0,3010.869034,True,
LOCAL-v1-q3-exactly10_sources-5057,3,candidate,10,276.26975400000003,0.00791616691276431,10,1.0,2762.69754,True,
LOCAL-v1-q3-exactly10_sources-5058,3,candidate,10,281.002199,0.009065042017027736,10,1.0,2810.02199,True,
LOCAL-v1-q3-exactly10_sources-5059,3,candidate,10,292.5651385,0.006579083041287959,10,1.0,2925.651385,True,
LOCAL-v1-q3-exactly10_sources-5060,3,candidate,10,275.2541368,0.004777207970619202,10,1.0,2752.541368,True,
LOCAL-v1-q3-exactly10_sources-5061,3,candidate,10,279.1571259,0.004599457955919206,10,1.0,2791.571259,True,
LOCAL-v1-q3-exactly10_sources-5062,3,candidate,10,307.150958,0.004278542008250952,10,1.0,3071.50958,True,
LOCAL-v1-q3-exactly10_sources-5063,3,candidate,10,293.772808,0.003481833031401038,10,1.0,2937.72808,True,
LOCAL-v1-q3-exactly10_sources-5064,3,candidate,10,277.25308839999997,0.007226709043607116,10,1.0,2772.530884,True,
LOCAL-v1-q3-exactly10_sources-5065,3,candidate,10,282.67886,0.00879433297086507,10,1.0,2826.7886,True,
LOCAL-v1-q3-exactly10_sources-5066,3,candidate,10,249.0653544,0.0072113340720534325,10,1.0,2490.653544,True,
LOCAL-v1-q3-exactly10_sources-5067,3,candidate,10,318.0292817,0.006001916015520692,10,1.0,3180.292817,True,
LOCAL-v1-q3-exactly10_sources-5068,3,candidate,10,288.0553908,0.006521958974190056,10,1.0,2880.553908,True,
LOCAL-v1-q3-exactly10_sources-5069,3,candidate,10,284.9769576,0.004960792022757232,10,1.0,2849.769576,True,
LOCAL-v1-q3-exactly10_sources-5070,3,candidate,10,292.0577789,0.006451084045693278,10,1.0,2920.577789,True,
LOCAL-v1-q3-exactly10_sources-5071,3,candidate,10,291.93978000000004,0.00727974995970726,10,1.0,2919.3978,True,
LOCAL-v1-q3-exactly10_sources-5072,3,candidate,10,300.0700604,0.009120208909735084,10,1.0,3000.700604,True,
LOCAL-v1-q3-exactly10_sources-5073,3,candidate,10,269.9601384,0.008316916995681822,10,1.0,2699.601384,True,
LOCAL-v1-q3-exactly10_sources-5074,3,candidate,10,324.5608737,0.009057500050403178,10,1.0,3245.608737,True,
LOCAL-v1-q3-exactly10_sources-5075,3,candidate,10,270.6553535,0.006661167019046843,10,1.0,2706.553535,True,
LOCAL-v1-q3-exactly10_sources-5076,3,candidate,10,298.9893838,0.005274459021165967,10,1.0,2989.893838,True,
LOCAL-v1-q3-exactly10_sources-5077,3,candidate,10,271.1932021,0.0070529578952118754,10,1.0,2711.932021,True,
LOCAL-v1-q3-exactly10_sources-5078,3,candidate,10,274.12436130000003,0.007721708039753139,10,1.0,2741.243613,True,
LOCAL-v1-q3-exactly10_sources-5079,3,candidate,10,268.3069583,0.008139999932609499,10,1.0,2683.069583,True,
LOCAL-v1-q3-exactly10_sources-5080,3,candidate,10,275.9870095,0.0070879170671105385,10,1.0,2759.870095,True,
LOCAL-v1-q3-exactly10_sources-5081,3,candidate,10,272.4849026,0.00767583295237273,10,1.0,2724.849026,True,
LOCAL-v1-q3-exactly10_sources-5082,3,candidate,10,312.0644538,0.006959832971915603,10,1.0,3120.644538,True,
LOCAL-v1-q3-exactly10_sources-5083,3,candidate,10,292.0758181,0.005531333037652075,10,1.0,2920.758181,True,
LOCAL-v1-q3-exactly10_sources-5084,3,candidate,10,285.11860790000003,0.005040000076405704,10,1.0,2851.186079,True,
LOCAL-v1-q3-exactly10_sources-5085,3,candidate,10,290.7060386,0.007011958048678935,10,1.0,2907.060386,True,
LOCAL-v1-q3-exactly10_sources-5086,3,candidate,10,276.7367099,0.004741624929010868,10,1.0,2767.367099,True,
LOCAL-v1-q3-exactly10_sources-5087,3,candidate,10,279.31957109999996,0.004840375040657818,10,1.0,2793.195711,True,
LOCAL-v1-q3-exactly10_sources-5088,3,candidate,10,302.14295849999996,0.0055117919109761715,10,1.0,3021.429585,True,
LOCAL-v1-q3-exactly10_sources-5089,3,candidate,10,287.6156097,0.005445500020869076,10,1.0,2876.156097,True,
LOCAL-v1-q3-exactly10_sources-5090,3,candidate,10,290.9876124,0.007133041974157095,10,1.0,2909.876124,True,
LOCAL-v1-q3-exactly10_sources-5091,3,candidate,10,317.8436411,0.009862707927823067,10,1.0,3178.436411,True,
LOCAL-v1-q3-exactly10_sources-5092,3,candidate,10,293.09355700000003,0.009088541031815112,10,1.0,2930.93557,True,
LOCAL-v1-q3-exactly10_sources-5093,3,candidate,10,295.520273,0.006791166961193085,10,1.0,2955.20273,True,
LOCAL-v1-q3-exactly10_sources-5094,3,candidate,10,289.6599595,0.004662208026275039,10,1.0,2896.599595,True,
LOCAL-v1-q3-exactly10_sources-5095,3,candidate,10,314.1316097,0.006355041987262666,10,1.0,3141.316097,True,
LOCAL-v1-q3-exactly10_sources-5096,3,candidate,10,312.3781081,0.005157292005605996,10,1.0,3123.781081,True,
LOCAL-v1-q3-exactly10_sources-5097,3,candidate,10,237.03715590000002,0.008157667005434632,10,1.0,2370.371559,True,
LOCAL-v1-q3-exactly10_sources-5098,3,candidate,10,297.3069696,0.006213415996171534,10,1.0,2973.069696,True,
LOCAL-v1-q3-exactly10_sources-5099,3,candidate,10,279.7986178,0.00662554195150733,10,1.0,2797.986178,True,
LOCAL-v1-q3-exactly16_sources-5000,3,candidate,16,242.6905369375,0.011505333008244634,16,1.0,3883.048591,True,
LOCAL-v1-q3-exactly16_sources-5001,3,candidate,16,165.160261,0.012885582982562482,16,1.0,2642.564176,True,
LOCAL-v1-q3-exactly16_sources-5002,3,candidate,16,211.592533625,0.009809500072151423,16,1.0,3385.480538,True,
LOCAL-v1-q3-exactly16_sources-5003,3,candidate,16,209.4496791875,0.011573874973692,16,1.0,3351.194867,True,
LOCAL-v1-q3-exactly16_sources-5004,3,candidate,16,207.8320821875,0.01220495905727148,16,1.0,3325.313315,True,
LOCAL-v1-q3-exactly16_sources-5005,3,candidate,16,217.2664799375,0.012327542062848806,16,1.0,3476.263679,True,
LOCAL-v1-q3-exactly16_sources-5006,3,candidate,16,211.3829400625,0.01070812507532537,16,1.0,3382.127041,True,
LOCAL-v1-q3-exactly16_sources-5007,3,candidate,16,194.2295678125,0.014985166024416685,16,1.0,3107.673085,True,
LOCAL-v1-q3-exactly16_sources-5008,3,candidate,16,167.1212539375,0.0137354590697214,16,1.0,2673.940063,True,
LOCAL-v1-q3-exactly16_sources-5009,3,candidate,16,194.3243191875,0.01270275004208088,16,1.0,3109.189107,True,
LOCAL-v1-q3-exactly16_sources-5010,3,candidate,16,207.4707978125,0.009900250006467104,16,1.0,3319.532765,True,
LOCAL-v1-q3-exactly16_sources-5011,3,candidate,16,171.90754275,0.011602375074289739,16,1.0,2750.520684,True,
LOCAL-v1-q3-exactly16_sources-5012,3,candidate,16,184.1455058125,0.012086916016414762,16,1.0,2946.328093,True,
LOCAL-v1-q3-exactly16_sources-5013,3,candidate,16,217.4505166875,0.0137202920159325,16,1.0,3479.208267,True,
LOCAL-v1-q3-exactly16_sources-5014,3,candidate,16,193.77822825,0.01170587504748255,16,1.0,3100.451652,True,
LOCAL-v1-q3-exactly16_sources-5015,3,candidate,16,186.9398885625,0.015918749966658652,16,1.0,2991.038217,True,
LOCAL-v1-q3-exactly16_sources-5016,3,candidate,16,219.107313125,0.011448957957327366,16,1.0,3505.71701,True,
LOCAL-v1-q3-exactly16_sources-5017,3,candidate,16,207.770662625,0.011268917005509138,16,1.0,3324.330602,True,
LOCAL-v1-q3-exactly16_sources-5018,3,candidate,16,212.151236,0.01388162502553314,16,1.0,3394.419776,True,
LOCAL-v1-q3-exactly16_sources-5019,3,candidate,16,205.84649,0.013167875004000962,16,1.0,3293.54384,True,
LOCAL-v1-q3-exactly16_sources-5020,3,candidate,16,221.63258425,0.010643124929629266,16,1.0,3546.121348,True,
LOCAL-v1-q3-exactly16_sources-5021,3,candidate,16,205.201468875,0.014490333036519587,16,1.0,3283.223502,True,
LOCAL-v1-q3-exactly16_sources-5022,3,candidate,16,225.205267125,0.015837457962334156,16,1.0,3603.284274,True,
LOCAL-v1-q3-exactly16_sources-5023,3,candidate,16,223.670856375,0.012244416051544249,16,1.0,3578.733702,True,
LOCAL-v1-q3-exactly16_sources-5024,3,candidate,16,183.5944171875,0.010690624942071736,16,1.0,2937.510675,True,
LOCAL-v1-q3-exactly16_sources-5025,3,candidate,16,213.35461525,0.01669454190414399,16,1.0,3413.673844,True,
LOCAL-v1-q3-exactly16_sources-5026,3,candidate,16,189.827486625,0.014502417063340545,16,1.0,3037.239786,True,
LOCAL-v1-q3-exactly16_sources-5027,3,candidate,16,201.0979515625,0.013944332953542471,16,1.0,3217.567225,True,
LOCAL-v1-q3-exactly16_sources-5028,3,candidate,16,209.6735669375,0.011197209008969367,16,1.0,3354.777071,True,
LOCAL-v1-q3-exactly16_sources-5029,3,candidate,16,210.7227049375,0.013072707923129201,16,1.0,3371.563279,True,
LOCAL-v1-q3-exactly16_sources-5030,3,candidate,16,214.919850875,0.011634916998445988,16,1.0,3438.717614,True,
LOCAL-v1-q3-exactly16_sources-5031,3,candidate,16,223.133832625,0.01225208304822445,16,1.0,3570.141322,True,
LOCAL-v1-q3-exactly16_sources-5032,3,candidate,16,202.9726474375,0.013011709088459611,16,1.0,3247.562359,True,
LOCAL-v1-q3-exactly16_sources-5033,3,candidate,16,187.666449375,0.013623459031805396,16,1.0,3002.66319,True,
LOCAL-v1-q3-exactly16_sources-5034,3,candidate,16,172.666316375,0.01243729202542454,16,1.0,2762.661062,True,
LOCAL-v1-q3-exactly16_sources-5035,3,candidate,16,215.581595,0.013765749987214804,16,1.0,3449.30552,True,
LOCAL-v1-q3-exactly16_sources-5036,3,candidate,16,205.9215934375,0.01342233398463577,16,1.0,3294.745495,True,
LOCAL-v1-q3-exactly16_sources-5037,3,candidate,16,209.8170718125,0.01544533297419548,16,1.0,3357.073149,True,
LOCAL-v1-q3-exactly16_sources-5038,3,candidate,16,196.1500318125,0.014604166965000331,16,1.0,3138.400509,True,
LOCAL-v1-q3-exactly16_sources-5039,3,candidate,16,208.2464334375,0.012317375047132373,16,1.0,3331.942935,True,
LOCAL-v1-q3-exactly16_sources-5040,3,candidate,16,214.0014259375,0.012902083108201623,16,1.0,3424.022815,True,
LOCAL-v1-q3-exactly16_sources-5041,3,candidate,16,238.598332125,0.011977209011092782,16,1.0,3817.573314,True,
LOCAL-v1-q3-exactly16_sources-5042,3,candidate,16,212.2244083125,0.01513824996072799,16,1.0,3395.590533,True,
LOCAL-v1-q3-exactly16_sources-5043,3,candidate,16,206.6726856875,0.011823375010862947,16,1.0,3306.762971,True,
LOCAL-v1-q3-exactly16_sources-5044,3,candidate,16,180.3571103125,0.013853125041350722,16,1.0,2885.713765,True,
LOCAL-v1-q3-exactly16_sources-5045,3,candidate,16,182.977586875,0.015124957892112434,16,1.0,2927.64139,True,
LOCAL-v1-q3-exactly16_sources-5046,3,candidate,16,204.4417986875,0.01325237494893372,16,1.0,3271.068779,True,
LOCAL-v1-q3-exactly16_sources-5047,3,candidate,16,202.568121,0.01052554091438651,16,1.0,3241.089936,True,
LOCAL-v1-q3-exactly16_sources-5048,3,candidate,16,192.825655375,0.013436999986879528,16,1.0,3085.210486,True,
LOCAL-v1-q3-exactly16_sources-5049,3,candidate,16,190.548915875,0.015326332999393344,16,1.0,3048.782654,True,
LOCAL-v1-q3-exactly16_sources-5050,3,candidate,16,203.5677144375,0.014297124929726124,16,1.0,3257.083431,True,
LOCAL-v1-q3-exactly16_sources-5051,3,candidate,16,211.078833,0.0119197090389207,16,1.0,3377.261328,True,
LOCAL-v1-q3-exactly16_sources-5052,3,candidate,16,193.767759125,0.018820500001311302,16,1.0,3100.284146,True,
LOCAL-v1-q3-exactly16_sources-5053,3,candidate,16,232.615478875,0.011077000061050057,16,1.0,3721.847662,True,
LOCAL-v1-q3-exactly16_sources-5054,3,candidate,16,246.9357378125,0.011193000013008714,16,1.0,3950.971805,True,
LOCAL-v1-q3-exactly16_sources-5055,3,candidate,16,192.0530478125,0.015822375076822937,16,1.0,3072.848765,True,
LOCAL-v1-q3-exactly16_sources-5056,3,candidate,16,204.480651875,0.011793124955147505,16,1.0,3271.69043,True,
LOCAL-v1-q3-exactly16_sources-5057,3,candidate,16,198.70150425,0.01307862508110702,16,1.0,3179.224068,True,
LOCAL-v1-q3-exactly16_sources-5058,3,candidate,16,209.569512125,0.013281415915116668,16,1.0,3353.112194,True,
LOCAL-v1-q3-exactly16_sources-5059,3,candidate,16,195.98524775,0.01237837492953986,16,1.0,3135.763964,True,
LOCAL-v1-q3-exactly16_sources-5060,3,candidate,16,191.95904225,0.013205416966229677,16,1.0,3071.344676,True,
LOCAL-v1-q3-exactly16_sources-5061,3,candidate,16,222.9339240625,0.010631208075210452,16,1.0,3566.942785,True,
LOCAL-v1-q3-exactly16_sources-5062,3,candidate,16,208.5170095,0.009598500095307827,16,1.0,3336.272152,True,
LOCAL-v1-q3-exactly16_sources-5063,3,candidate,16,174.9305949375,0.011518875020556152,16,1.0,2798.889519,True,
LOCAL-v1-q3-exactly16_sources-5064,3,candidate,16,222.760102625,0.01216329203452915,16,1.0,3564.161642,True,
LOCAL-v1-q3-exactly16_sources-5065,3,candidate,16,206.7835300625,0.01097329193726182,16,1.0,3308.536481,True,
LOCAL-v1-q3-exactly16_sources-5066,3,candidate,16,204.9948304375,0.010599166038446128,16,1.0,3279.917287,True,
LOCAL-v1-q3-exactly16_sources-5067,3,candidate,16,216.890235375,0.013249958050437272,16,1.0,3470.243766,True,
LOCAL-v1-q3-exactly16_sources-5068,3,candidate,16,198.9839875,0.011590708047151566,16,1.0,3183.7438,True,
LOCAL-v1-q3-exactly16_sources-5069,3,candidate,16,207.08786625,0.015424583107233047,16,1.0,3313.40586,True,
LOCAL-v1-q3-exactly16_sources-5070,3,candidate,16,201.0357156875,0.012880124966613948,16,1.0,3216.571451,True,
LOCAL-v1-q3-exactly16_sources-5071,3,candidate,16,188.28143925,0.012503999983891845,16,1.0,3012.503028,True,
LOCAL-v1-q3-exactly16_sources-5072,3,candidate,16,209.6394543125,0.01200862496625632,16,1.0,3354.231269,True,
LOCAL-v1-q3-exactly16_sources-5073,3,candidate,16,161.74233775,0.015192041057161987,16,1.0,2587.877404,True,
LOCAL-v1-q3-exactly16_sources-5074,3,candidate,16,224.6865696875,0.01640283304732293,16,1.0,3594.985115,True,
LOCAL-v1-q3-exactly16_sources-5075,3,candidate,16,214.525490625,0.013380332966335118,16,1.0,3432.40785,True,
LOCAL-v1-q3-exactly16_sources-5076,3,candidate,16,194.094075875,0.014054875005967915,16,1.0,3105.505214,True,
LOCAL-v1-q3-exactly16_sources-5077,3,candidate,16,185.5545620625,0.01181166700553149,16,1.0,2968.872993,True,
LOCAL-v1-q3-exactly16_sources-5078,3,candidate,16,192.0297361875,0.015518332947976887,16,1.0,3072.475779,True,
LOCAL-v1-q3-exactly16_sources-5079,3,candidate,16,220.7688395,0.012248374987393618,16,1.0,3532.301432,True,
LOCAL-v1-q3-exactly16_sources-5080,3,candidate,16,198.016815875,0.010816207970492542,16,1.0,3168.269054,True,
LOCAL-v1-q3-exactly16_sources-5081,3,candidate,16,211.2150706875,0.016100874985568225,16,1.0,3379.441131,True,
LOCAL-v1-q3-exactly16_sources-5082,3,candidate,16,192.78969475,0.010045084054581821,16,1.0,3084.635116,True,
LOCAL-v1-q3-exactly16_sources-5083,3,candidate,16,222.47303675,0.011858250014483929,16,1.0,3559.568588,True,
LOCAL-v1-q3-exactly16_sources-5084,3,candidate,16,226.2105185625,0.010236541973426938,16,1.0,3619.368297,True,
LOCAL-v1-q3-exactly16_sources-5085,3,candidate,16,190.406330125,0.01362350000999868,16,1.0,3046.501282,True,
LOCAL-v1-q3-exactly16_sources-5086,3,candidate,16,177.23033925,0.012786084087565541,16,1.0,2835.685428,True,
LOCAL-v1-q3-exactly16_sources-5087,3,candidate,16,196.1116893125,0.01107820903416723,16,1.0,3137.787029,True,
LOCAL-v1-q3-exactly16_sources-5088,3,candidate,16,195.5632575,0.01144845795352012,16,1.0,3129.01212,True,
LOCAL-v1-q3-exactly16_sources-5089,3,candidate,16,195.1499959375,0.019944791914895177,16,1.0,3122.399935,True,
LOCAL-v1-q3-exactly16_sources-5090,3,candidate,16,197.30658825,0.010585000040009618,16,1.0,3156.905412,True,
LOCAL-v1-q3-exactly16_sources-5091,3,candidate,16,215.5980400625,0.012102915905416012,16,1.0,3449.568641,True,
LOCAL-v1-q3-exactly16_sources-5092,3,candidate,16,207.07140275,0.02126325003337115,16,1.0,3313.142444,True,
LOCAL-v1-q3-exactly16_sources-5093,3,candidate,16,231.3669123125,0.013640582910738885,16,1.0,3701.870597,True,
LOCAL-v1-q3-exactly16_sources-5094,3,candidate,16,179.1817738125,0.01198770897462964,16,1.0,2866.908381,True,
LOCAL-v1-q3-exactly16_sources-5095,3,candidate,16,203.1167868125,0.011068666935898364,16,1.0,3249.868589,True,
LOCAL-v1-q3-exactly16_sources-5096,3,candidate,16,198.1282570625,0.013950166990980506,16,1.0,3170.052113,True,
LOCAL-v1-q3-exactly16_sources-5097,3,candidate,16,209.4846333125,0.015040916041471064,16,1.0,3351.754133,True,
LOCAL-v1-q3-exactly16_sources-5098,3,candidate,16,183.6506908125,0.01186041603796184,16,1.0,2938.411053,True,
LOCAL-v1-q3-exactly16_sources-5099,3,candidate,16,203.620474625,0.00922929192893207,16,1.0,3257.927594,True,
LOCAL-v1-q4-reference_assumed-5000,4,candidate,11,501.3850993636364,0.06082400004379451,11,1.0,5515.236093,True,
LOCAL-v1-q4-reference_assumed-5001,4,candidate,14,442.1009655714286,0.05870904203038663,14,1.0,6189.413518,True,
LOCAL-v1-q4-reference_assumed-5002,4,candidate,15,399.0857070666667,0.0543660840485245,15,1.0,5986.285606,True,
LOCAL-v1-q4-reference_assumed-5003,4,candidate,11,527.5587012727273,0.041423500049859285,11,1.0,5803.145714,True,
LOCAL-v1-q4-reference_assumed-5004,4,candidate,12,473.5590505833333,0.05221137497574091,12,1.0,5682.708607,True,
LOCAL-v1-q4-reference_assumed-5005,4,candidate,11,492.2540123636364,0.04154504102189094,11,1.0,5414.794136,True,
LOCAL-v1-q4-reference_assumed-5006,4,candidate,11,504.60398436363636,0.051514332997612655,11,1.0,5550.643828,True,
LOCAL-v1-q4-reference_assumed-5007,4,candidate,11,519.3432328181818,0.036813125014305115,11,1.0,5712.775561,True,
LOCAL-v1-q4-reference_assumed-5008,4,candidate,10,583.0293312,0.04180987493600696,10,1.0,5830.293312,True,
LOCAL-v1-q4-reference_assumed-5009,4,candidate,14,405.12685728571427,0.05031337507534772,14,1.0,5671.776002,True,
LOCAL-v1-q4-reference_assumed-5010,4,candidate,12,456.1109268333333,0.040717125055380166,12,1.0,5473.331122,True,
LOCAL-v1-q4-reference_assumed-5011,4,candidate,15,386.85506146666665,0.05598533293232322,15,1.0,5802.825922,True,
LOCAL-v1-q4-reference_assumed-5012,4,candidate,10,593.2505065,0.036664666957221925,10,1.0,5932.505065,True,
LOCAL-v1-q4-reference_assumed-5013,4,candidate,12,502.30572875,0.06440741603728384,12,1.0,6027.668745,True,
LOCAL-v1-q4-reference_assumed-5014,4,candidate,11,515.5556500909091,0.03722766705323011,11,1.0,5671.112151,True,
LOCAL-v1-q4-reference_assumed-5015,4,candidate,12,493.5332079166667,0.050595832988619804,12,1.0,5922.398495,True,
LOCAL-v1-q4-reference_assumed-5016,4,candidate,16,248.6995974375,0.05455662508029491,16,1.0,3979.193559,True,
LOCAL-v1-q4-reference_assumed-5017,4,candidate,15,432.0886772,0.053740791976451874,15,1.0,6481.330158,True,
LOCAL-v1-q4-reference_assumed-5018,4,candidate,10,583.0867253,0.03989929205272347,10,1.0,5830.867253,True,
LOCAL-v1-q4-reference_assumed-5019,4,candidate,11,528.2202392727272,0.03599524998571724,11,1.0,5810.422632,True,
LOCAL-v1-q4-reference_assumed-5020,4,candidate,16,235.62185725,0.05391600006259978,16,1.0,3769.949716,True,
LOCAL-v1-q4-reference_assumed-5021,4,candidate,14,399.6532801428571,0.045195500017143786,14,1.0,5595.145922,True,
LOCAL-v1-q4-reference_assumed-5022,4,candidate,14,469.1172173571428,0.05018808296881616,14,1.0,6567.641043,True,
LOCAL-v1-q4-reference_assumed-5023,4,candidate,15,371.88269006666667,0.04572916706092656,15,1.0,5578.240351,True,
LOCAL-v1-q4-reference_assumed-5024,4,candidate,13,458.2724198461538,0.053230458055622876,13,1.0,5957.541458,True,
LOCAL-v1-q4-reference_assumed-5025,4,candidate,12,500.92389699999995,0.040374791948124766,12,1.0,6011.086764,True,
LOCAL-v1-q4-reference_assumed-5026,4,candidate,15,379.8569463333333,0.06514916697051376,15,1.0,5697.854195,True,
LOCAL-v1-q4-reference_assumed-5027,4,candidate,11,518.2426856363636,0.040745291975326836,11,1.0,5700.669542,True,
LOCAL-v1-q4-reference_assumed-5028,4,candidate,10,644.4077879,0.04129925009328872,10,1.0,6444.077879,True,
LOCAL-v1-q4-reference_assumed-5029,4,candidate,11,561.877599090909,0.03576791693922132,11,1.0,6180.65359,True,
LOCAL-v1-q4-reference_assumed-5030,4,candidate,12,505.13416908333335,0.04961079196073115,12,1.0,6061.610029,True,
LOCAL-v1-q4-reference_assumed-5031,4,candidate,15,453.5972484,0.06345604092348367,15,1.0,6803.958726,True,
LOCAL-v1-q4-reference_assumed-5032,4,candidate,11,530.871361,0.03170379193034023,11,1.0,5839.584971,True,
LOCAL-v1-q4-reference_assumed-5033,4,candidate,14,373.8333001428572,0.06661083304788917,14,1.0,5233.666202,True,
LOCAL-v1-q4-reference_assumed-5034,4,candidate,16,370.465528625,0.053819250082597136,16,1.0,5927.448458,True,
LOCAL-v1-q4-reference_assumed-5035,4,candidate,10,677.2369188,0.06021850008983165,10,1.0,6772.369188,True,
LOCAL-v1-q4-reference_assumed-5036,4,candidate,15,421.7337458,0.06138087506406009,15,1.0,6326.006187,True,
LOCAL-v1-q4-reference_assumed-5037,4,candidate,15,429.44737879999997,0.06432716699782759,15,1.0,6441.710682,True,
LOCAL-v1-q4-reference_assumed-5038,4,candidate,16,248.4671038125,0.06723579100798815,16,1.0,3975.473661,True,
LOCAL-v1-q4-reference_assumed-5039,4,candidate,10,579.449955,0.03755550005007535,10,1.0,5794.49955,True,
LOCAL-v1-q4-reference_assumed-5040,4,candidate,15,383.57646846666665,0.05711233301553875,15,1.0,5753.647027,True,
LOCAL-v1-q4-reference_assumed-5041,4,candidate,15,409.0669805333334,0.055044000037014484,15,1.0,6136.004708,True,
LOCAL-v1-q4-reference_assumed-5042,4,candidate,11,510.75710063636365,0.04847112495917827,11,1.0,5618.328107,True,
LOCAL-v1-q4-reference_assumed-5043,4,candidate,12,525.6212805833333,0.04775112494826317,12,1.0,6307.455367,True,
LOCAL-v1-q4-reference_assumed-5044,4,candidate,11,582.6559961818182,0.042832457926124334,11,1.0,6409.215958,True,
LOCAL-v1-q4-reference_assumed-5045,4,candidate,11,505.03275554545456,0.046291374950669706,11,1.0,5555.360311,True,
LOCAL-v1-q4-reference_assumed-5046,4,candidate,10,599.8380635999999,0.04468587494920939,10,1.0,5998.380636,True,
LOCAL-v1-q4-reference_assumed-5047,4,candidate,16,256.24082925,0.0673845000565052,16,1.0,4099.853268,True,
LOCAL-v1-q4-reference_assumed-5048,4,candidate,12,459.59994183333333,0.04008045792579651,12,1.0,5515.199302,True,
LOCAL-v1-q4-reference_assumed-5049,4,candidate,10,625.0886192,0.0372827920364216,10,1.0,6250.886192,True,
LOCAL-v1-q4-reference_assumed-5050,4,candidate,15,362.7680810666667,0.07531279092654586,15,1.0,5441.521216,True,
LOCAL-v1-q4-reference_assumed-5051,4,candidate,11,548.9431715454546,0.03866562491748482,11,1.0,6038.374887,True,
LOCAL-v1-q4-reference_assumed-5052,4,candidate,13,431.7925653076923,0.05795812502037734,13,1.0,5613.303349,True,
LOCAL-v1-q4-reference_assumed-5053,4,candidate,16,274.26841525,0.06099425000138581,16,1.0,4388.294644,True,
LOCAL-v1-q4-reference_assumed-5054,4,candidate,16,337.5196829375,0.05790345894638449,16,1.0,5400.314927,True,
LOCAL-v1-q4-reference_assumed-5055,4,candidate,12,501.09866258333335,0.04866108391433954,12,1.0,6013.183951,True,
LOCAL-v1-q4-reference_assumed-5056,4,candidate,13,483.6446673846154,0.04893141600769013,13,1.0,6287.380676,True,
LOCAL-v1-q4-reference_assumed-5057,4,candidate,13,445.70227707692305,0.05933770793490112,13,1.0,5794.129602,True,
LOCAL-v1-q4-reference_assumed-5058,4,candidate,14,417.95261507142857,0.06826254108455032,14,1.0,5851.336611,True,
LOCAL-v1-q4-reference_assumed-5059,4,candidate,12,443.6993954166667,0.04791058297269046,12,1.0,5324.392745,True,
LOCAL-v1-q4-reference_assumed-5060,4,candidate,11,534.9791921818182,0.043369875056669116,11,1.0,5884.771114,True,
LOCAL-v1-q4-reference_assumed-5061,4,candidate,13,489.20435469230773,0.0543779170839116,13,1.0,6359.656611,True,
LOCAL-v1-q4-reference_assumed-5062,4,candidate,16,349.2410286875,0.06970366591122001,16,1.0,5587.856459,True,
LOCAL-v1-q4-reference_assumed-5063,4,candidate,15,378.4524755333333,0.06809716601856053,15,1.0,5676.787133,True,
LOCAL-v1-q4-reference_assumed-5064,4,candidate,13,478.43756061538465,0.04782016610261053,13,1.0,6219.688288,True,
LOCAL-v1-q4-reference_assumed-5065,4,candidate,12,528.5742515000001,0.04955879203043878,12,1.0,6342.891018,True,
LOCAL-v1-q4-reference_assumed-5066,4,candidate,10,586.4688828000001,0.03138658404350281,10,1.0,5864.688828,True,
LOCAL-v1-q4-reference_assumed-5067,4,candidate,16,310.5124528125,0.07595562504138798,16,1.0,4968.199245,True,
LOCAL-v1-q4-reference_assumed-5068,4,candidate,13,458.7317854615385,0.04884850000962615,13,1.0,5963.513211,True,
LOCAL-v1-q4-reference_assumed-5069,4,candidate,14,418.3801781428571,0.05157429201062769,14,1.0,5857.322494,True,
LOCAL-v1-q4-reference_assumed-5070,4,candidate,12,506.14099533333336,0.04115204105619341,12,1.0,6073.691944,True,
LOCAL-v1-q4-reference_assumed-5071,4,candidate,12,460.33539591666664,0.047418750007636845,12,1.0,5524.024751,True,
LOCAL-v1-q4-reference_assumed-5072,4,candidate,15,416.365728,0.05262704100459814,15,1.0,6245.48592,True,
LOCAL-v1-q4-reference_assumed-5073,4,candidate,10,572.0899258000001,0.037187208072282374,10,1.0,5720.899258,True,
LOCAL-v1-q4-reference_assumed-5074,4,candidate,16,255.14639125,0.057169292005710304,16,1.0,4082.34226,True,
LOCAL-v1-q4-reference_assumed-5075,4,candidate,15,364.5845926666667,0.054963332950137556,15,1.0,5468.76889,True,
LOCAL-v1-q4-reference_assumed-5076,4,candidate,12,486.23411375,0.05569008307065815,12,1.0,5834.809365,True,
LOCAL-v1-q4-reference_assumed-5077,4,candidate,14,401.9224777857143,0.03890408296138048,14,1.0,5626.914689,True,
LOCAL-v1-q4-reference_assumed-5078,4,candidate,13,426.6161921538461,0.06251254200469702,13,1.0,5546.010498,True,
LOCAL-v1-q4-reference_assumed-5079,4,candidate,10,557.477869,0.04010879108682275,10,1.0,5574.77869,True,
LOCAL-v1-q4-reference_assumed-5080,4,candidate,10,584.9765984,0.03790033305995166,10,1.0,5849.765984,True,
LOCAL-v1-q4-reference_assumed-5081,4,candidate,16,323.6894469375,0.06349316705018282,16,1.0,5179.031151,True,
LOCAL-v1-q4-reference_assumed-5082,4,candidate,13,441.99302438461535,0.04625162505544722,13,1.0,5745.909317,True,
LOCAL-v1-q4-reference_assumed-5083,4,candidate,13,423.0374008461539,0.055361000006087124,13,1.0,5499.486211,True,
LOCAL-v1-q4-reference_assumed-5084,4,candidate,14,395.3047702857143,0.05367879197001457,14,1.0,5534.266784,True,
LOCAL-v1-q4-reference_assumed-5085,4,candidate,15,376.7924118,0.06992387503851205,15,1.0,5651.886177,True,
LOCAL-v1-q4-reference_assumed-5086,4,candidate,12,510.28736408333333,0.06093691603746265,12,1.0,6123.448369,True,
LOCAL-v1-q4-reference_assumed-5087,4,candidate,13,425.1979023846154,0.062006082967855036,13,1.0,5527.572731,True,
LOCAL-v1-q4-reference_assumed-5088,4,candidate,16,316.0670433125,0.06558579194825143,16,1.0,5057.072693,True,
LOCAL-v1-q4-reference_assumed-5089,4,candidate,15,381.22733573333335,0.055506874923594296,15,1.0,5718.410036,True,
LOCAL-v1-q4-reference_assumed-5090,4,candidate,14,419.65497935714285,0.04689258395228535,14,1.0,5875.169711,True,
LOCAL-v1-q4-reference_assumed-5091,4,candidate,12,504.4570518333333,0.0455133750801906,12,1.0,6053.484622,True,
LOCAL-v1-q4-reference_assumed-5092,4,candidate,11,501.0339024545455,0.039070290978997946,11,1.0,5511.372927,True,
LOCAL-v1-q4-reference_assumed-5093,4,candidate,15,419.03318920000004,0.06310391705483198,15,1.0,6285.497838,True,
LOCAL-v1-q4-reference_assumed-5094,4,candidate,11,534.8714456363637,0.05101233394816518,11,1.0,5883.585902,True,
LOCAL-v1-q4-reference_assumed-5095,4,candidate,10,617.783839,0.042983542080037296,10,1.0,6177.83839,True,
LOCAL-v1-q4-reference_assumed-5096,4,candidate,14,385.52121421428575,0.04837745800614357,14,1.0,5397.296999,True,
LOCAL-v1-q4-reference_assumed-5097,4,candidate,13,438.2781511538461,0.03741820901632309,13,1.0,5697.615965,True,
LOCAL-v1-q4-reference_assumed-5098,4,candidate,16,213.9485461875,0.07108983292710036,16,1.0,3423.176739,True,
LOCAL-v1-q4-reference_assumed-5099,4,candidate,13,475.3881484615385,0.04842445801477879,13,1.0,6180.04593,True,
LOCAL-v1-q4-fixed_positive_bias-5000,4,candidate,11,507.18913372727275,0.05866850004531443,11,1.0,5579.080471,True,
LOCAL-v1-q4-fixed_positive_bias-5001,4,candidate,14,427.7798973571429,0.06554341700393707,14,1.0,5988.918563,True,
LOCAL-v1-q4-fixed_positive_bias-5002,4,candidate,15,399.6549212,0.05941879202146083,15,1.0,5994.823818,True,
LOCAL-v1-q4-fixed_positive_bias-5003,4,candidate,11,528.0613196363637,0.034345375024713576,11,1.0,5808.674516,True,
LOCAL-v1-q4-fixed_positive_bias-5004,4,candidate,12,471.8413143333333,0.05349370802287012,12,1.0,5662.095772,True,
LOCAL-v1-q4-fixed_positive_bias-5005,4,candidate,11,506.41779536363634,0.05303304095286876,11,1.0,5570.595749,True,
LOCAL-v1-q4-fixed_positive_bias-5006,4,candidate,11,503.871094,0.04952366603538394,11,1.0,5542.582034,True,
LOCAL-v1-q4-fixed_positive_bias-5007,4,candidate,11,519.3064928181818,0.0397189580835402,11,1.0,5712.371421,True,
LOCAL-v1-q4-fixed_positive_bias-5008,4,candidate,10,583.3795354,0.04666520899627358,10,1.0,5833.795354,True,
LOCAL-v1-q4-fixed_positive_bias-5009,4,candidate,14,414.86965564285714,0.06461520807351917,14,1.0,5808.175179,True,
LOCAL-v1-q4-fixed_positive_bias-5010,4,candidate,12,478.78652874999995,0.06814704101998359,12,1.0,5745.438345,True,
LOCAL-v1-q4-fixed_positive_bias-5011,4,candidate,15,377.86901613333333,0.05855441698804498,15,1.0,5668.035242,True,
LOCAL-v1-q4-fixed_positive_bias-5012,4,candidate,10,588.2721368,0.03771541698370129,10,1.0,5882.721368,True,
LOCAL-v1-q4-fixed_positive_bias-5013,4,candidate,12,499.57837958333334,0.05139908299315721,12,1.0,5994.940555,True,
LOCAL-v1-q4-fixed_positive_bias-5014,4,candidate,11,532.8152598181819,0.04932949994690716,11,1.0,5860.967858,True,
LOCAL-v1-q4-fixed_positive_bias-5015,4,candidate,12,494.5278773333334,0.054258625023067,12,1.0,5934.334528,True,
LOCAL-v1-q4-fixed_positive_bias-5016,4,candidate,16,250.4600486875,0.053625833010300994,16,1.0,4007.360779,True,
LOCAL-v1-q4-fixed_positive_bias-5017,4,candidate,15,420.224102,0.06157279200851917,15,1.0,6303.36153,True,
LOCAL-v1-q4-fixed_positive_bias-5018,4,candidate,10,613.6584052000001,0.03730012499727309,10,1.0,6136.584052,True,
LOCAL-v1-q4-fixed_positive_bias-5019,4,candidate,11,525.9556463636363,0.0400300839683041,11,1.0,5785.51211,True,
LOCAL-v1-q4-fixed_positive_bias-5020,4,candidate,16,228.768804625,0.06281324999872595,16,1.0,3660.300874,True,
LOCAL-v1-q4-fixed_positive_bias-5021,4,candidate,14,435.3809438571429,0.05454529193229973,14,1.0,6095.333214,True,
LOCAL-v1-q4-fixed_positive_bias-5022,4,candidate,14,436.3331879285714,0.06505849992390722,14,1.0,6108.664631,True,
LOCAL-v1-q4-fixed_positive_bias-5023,4,candidate,15,370.1819905333333,0.05991137493401766,15,1.0,5552.729858,True,
LOCAL-v1-q4-fixed_positive_bias-5024,4,candidate,13,430.27702053846156,0.04248062497936189,13,1.0,5593.601267,True,
LOCAL-v1-q4-fixed_positive_bias-5025,4,candidate,12,504.63254166666667,0.04322829097509384,12,1.0,6055.5905,True,
LOCAL-v1-q4-fixed_positive_bias-5026,4,candidate,15,370.1422647333333,0.05598525004461408,15,1.0,5552.133971,True,
LOCAL-v1-q4-fixed_positive_bias-5027,4,candidate,11,519.219582,0.04958320898003876,11,1.0,5711.415402,True,
LOCAL-v1-q4-fixed_positive_bias-5028,4,candidate,10,623.0396251,0.047101665986701846,10,1.0,6230.396251,True,
LOCAL-v1-q4-fixed_positive_bias-5029,4,candidate,11,545.2692442727273,0.040261417045257986,11,1.0,5997.961687,True,
LOCAL-v1-q4-fixed_positive_bias-5030,4,candidate,12,503.30598299999997,0.050296542001888156,12,1.0,6039.671796,True,
LOCAL-v1-q4-fixed_positive_bias-5031,4,candidate,15,419.94139886666665,0.07150466600432992,15,1.0,6299.120983,True,
LOCAL-v1-q4-fixed_positive_bias-5032,4,candidate,11,530.0320122727272,0.036358249955810606,11,1.0,5830.352135,True,
LOCAL-v1-q4-fixed_positive_bias-5033,4,candidate,14,405.9943522142857,0.056494916905649006,14,1.0,5683.920931,True,
LOCAL-v1-q4-fixed_positive_bias-5034,4,candidate,16,401.7304763125,0.049119708011858165,16,1.0,6427.687621,True,
LOCAL-v1-q4-fixed_positive_bias-5035,4,candidate,10,642.5075469999999,0.04125495802145451,10,1.0,6425.07547,True,
LOCAL-v1-q4-fixed_positive_bias-5036,4,candidate,15,458.1323374666666,0.06186200003139675,15,1.0,6871.985062,True,
LOCAL-v1-q4-fixed_positive_bias-5037,4,candidate,15,425.51059453333335,0.07263295794837177,15,1.0,6382.658918,True,
LOCAL-v1-q4-fixed_positive_bias-5038,4,candidate,16,299.2484753125,0.06373520800843835,16,1.0,4787.975605,True,
LOCAL-v1-q4-fixed_positive_bias-5039,4,candidate,10,562.6790088,0.04716245795134455,10,1.0,5626.790088,True,
LOCAL-v1-q4-fixed_positive_bias-5040,4,candidate,15,377.70531866666664,0.068712875014171,15,1.0,5665.57978,True,
LOCAL-v1-q4-fixed_positive_bias-5041,4,candidate,15,410.1059605333333,0.06340645800810307,15,1.0,6151.589408,True,
LOCAL-v1-q4-fixed_positive_bias-5042,4,candidate,11,535.3916350909091,0.05407620791811496,11,1.0,5889.307986,True,
LOCAL-v1-q4-fixed_positive_bias-5043,4,candidate,12,528.3516089166667,0.051673166919499636,12,1.0,6340.219307,True,
LOCAL-v1-q4-fixed_positive_bias-5044,4,candidate,11,579.9111226363636,0.04746654094196856,11,1.0,6379.022349,True,
LOCAL-v1-q4-fixed_positive_bias-5045,4,candidate,11,511.6701213636363,0.04879262496251613,11,1.0,5628.371335,True,
LOCAL-v1-q4-fixed_positive_bias-5046,4,candidate,10,607.8119225,0.02954433299601078,10,1.0,6078.119225,True,
LOCAL-v1-q4-fixed_positive_bias-5047,4,candidate,16,258.8096005,0.06705974997021258,16,1.0,4140.953608,True,
LOCAL-v1-q4-fixed_positive_bias-5048,4,candidate,12,482.61249991666665,0.05184020800516009,12,1.0,5791.349999,True,
LOCAL-v1-q4-fixed_positive_bias-5049,4,candidate,10,623.2309279,0.04325720795895904,10,1.0,6232.309279,True,
LOCAL-v1-q4-fixed_positive_bias-5050,4,candidate,15,376.886221,0.08001320902258158,15,1.0,5653.293315,True,
LOCAL-v1-q4-fixed_positive_bias-5051,4,candidate,11,530.6520601818182,0.029512624954804778,11,1.0,5837.172662,True,
LOCAL-v1-q4-fixed_positive_bias-5052,4,candidate,13,433.5515733846154,0.055476375040598214,13,1.0,5636.170454,True,
LOCAL-v1-q4-fixed_positive_bias-5053,4,candidate,16,282.6922955625,0.06802762497682124,16,1.0,4523.076729,True,
LOCAL-v1-q4-fixed_positive_bias-5054,4,candidate,16,308.6378315,0.07385387504473329,16,1.0,4938.205304,True,
LOCAL-v1-q4-fixed_positive_bias-5055,4,candidate,12,473.89423766666664,0.05746104207355529,12,1.0,5686.730852,True,
LOCAL-v1-q4-fixed_positive_bias-5056,4,candidate,13,494.94101707692306,0.05159287492278963,13,1.0,6434.233222,True,
LOCAL-v1-q4-fixed_positive_bias-5057,4,candidate,13,451.2525623846154,0.05189758294727653,13,1.0,5866.283311,True,
LOCAL-v1-q4-fixed_positive_bias-5058,4,candidate,14,408.20392707142855,0.06582333298865706,14,1.0,5714.854979,True,
LOCAL-v1-q4-fixed_positive_bias-5059,4,candidate,12,452.50064849999995,0.05268254200927913,12,1.0,5430.007782,True,
LOCAL-v1-q4-fixed_positive_bias-5060,4,candidate,11,564.4955419090909,0.04820708301849663,11,1.0,6209.450961,True,
LOCAL-v1-q4-fixed_positive_bias-5061,4,candidate,13,467.6616461538461,0.05722541699651629,13,1.0,6079.6014,True,
LOCAL-v1-q4-fixed_positive_bias-5062,4,candidate,16,331.0054056875,0.0712517499923706,16,1.0,5296.086491,True,
LOCAL-v1-q4-fixed_positive_bias-5063,4,candidate,15,387.2800644,0.05885045800823718,15,1.0,5809.200966,True,
LOCAL-v1-q4-fixed_positive_bias-5064,4,candidate,13,475.150918,0.0492176249390468,13,1.0,6176.961934,True,
LOCAL-v1-q4-fixed_positive_bias-5065,4,candidate,12,538.2359955000001,0.054393625003285706,12,1.0,6458.831946,True,
LOCAL-v1-q4-fixed_positive_bias-5066,4,candidate,10,574.4794924,0.03676870802883059,10,1.0,5744.794924,True,
LOCAL-v1-q4-fixed_positive_bias-5067,4,candidate,16,334.809117375,0.07590920792426914,16,1.0,5356.945878,True,
LOCAL-v1-q4-fixed_positive_bias-5068,4,candidate,13,457.1654073846154,0.058178249979391694,13,1.0,5943.150296,True,
LOCAL-v1-q4-fixed_positive_bias-5069,4,candidate,14,439.09184985714285,0.06904408300761133,14,1.0,6147.285898,True,
LOCAL-v1-q4-fixed_positive_bias-5070,4,candidate,12,489.19311025,0.045023542013950646,12,1.0,5870.317323,True,
LOCAL-v1-q4-fixed_positive_bias-5071,4,candidate,12,494.7858225,0.063396375044249,12,1.0,5937.42987,True,
LOCAL-v1-q4-fixed_positive_bias-5072,4,candidate,15,393.1663754666667,0.07226233300752938,15,1.0,5897.495632,True,
LOCAL-v1-q4-fixed_positive_bias-5073,4,candidate,10,556.8310514,0.04001650004647672,10,1.0,5568.310514,True,
LOCAL-v1-q4-fixed_positive_bias-5074,4,candidate,16,321.166502125,0.06095508299767971,16,1.0,5138.664034,True,
LOCAL-v1-q4-fixed_positive_bias-5075,4,candidate,15,373.6896107333333,0.060609875014051795,15,1.0,5605.344161,True,
LOCAL-v1-q4-fixed_positive_bias-5076,4,candidate,12,489.15319625,0.06464637501630932,12,1.0,5869.838355,True,
LOCAL-v1-q4-fixed_positive_bias-5077,4,candidate,14,397.89119671428574,0.04975383298005909,14,1.0,5570.476754,True,
LOCAL-v1-q4-fixed_positive_bias-5078,4,candidate,13,424.35049707692303,0.060180624946951866,13,1.0,5516.556462,True,
LOCAL-v1-q4-fixed_positive_bias-5079,4,candidate,10,558.0376339000001,0.03795400005765259,10,1.0,5580.376339,True,
LOCAL-v1-q4-fixed_positive_bias-5080,4,candidate,10,615.084829,0.048719959100708365,10,1.0,6150.84829,True,
LOCAL-v1-q4-fixed_positive_bias-5081,4,candidate,16,270.6128444375,0.06802479096222669,16,1.0,4329.805511,True,
LOCAL-v1-q4-fixed_positive_bias-5082,4,candidate,13,451.1081891538461,0.05446250003296882,13,1.0,5864.406459,True,
LOCAL-v1-q4-fixed_positive_bias-5083,4,candidate,13,433.9282286923077,0.05010141700040549,13,1.0,5641.066973,True,
LOCAL-v1-q4-fixed_positive_bias-5084,4,candidate,14,398.8702795,0.05421679199207574,14,1.0,5584.183913,True,
LOCAL-v1-q4-fixed_positive_bias-5085,4,candidate,15,386.2852992,0.06702758301980793,15,1.0,5794.279488,True,
LOCAL-v1-q4-fixed_positive_bias-5086,4,candidate,12,511.16599083333335,0.06317545904312283,12,1.0,6133.99189,True,
LOCAL-v1-q4-fixed_positive_bias-5087,4,candidate,13,439.9598182307692,0.049845000030472875,13,1.0,5719.477637,True,
LOCAL-v1-q4-fixed_positive_bias-5088,4,candidate,16,315.485987875,0.06832604098599404,16,1.0,5047.775806,True,
LOCAL-v1-q4-fixed_positive_bias-5089,4,candidate,15,382.7180914666667,0.04774374992121011,15,1.0,5740.771372,True,
LOCAL-v1-q4-fixed_positive_bias-5090,4,candidate,14,407.6048699285715,0.04866854101419449,14,1.0,5706.468179,True,
LOCAL-v1-q4-fixed_positive_bias-5091,4,candidate,12,485.333709,0.05594716698396951,12,1.0,5824.004508,True,
LOCAL-v1-q4-fixed_positive_bias-5092,4,candidate,11,514.5634582727272,0.05163937492761761,11,1.0,5660.198041,True,
LOCAL-v1-q4-fixed_positive_bias-5093,4,candidate,15,417.1188371333334,0.07045379199553281,15,1.0,6256.782557,True,
LOCAL-v1-q4-fixed_positive_bias-5094,4,candidate,11,564.2763318181818,0.04206224996596575,11,1.0,6207.03965,True,
LOCAL-v1-q4-fixed_positive_bias-5095,4,candidate,10,591.4584126,0.07576000003609806,10,1.0,5914.584126,True,
LOCAL-v1-q4-fixed_positive_bias-5096,4,candidate,14,393.3309162857143,0.062349624931812286,14,1.0,5506.632828,True,
LOCAL-v1-q4-fixed_positive_bias-5097,4,candidate,13,446.01857684615385,0.05018145893700421,13,1.0,5798.241499,True,
LOCAL-v1-q4-fixed_positive_bias-5098,4,candidate,16,218.428891,0.07239537499845028,16,1.0,3494.862256,True,
LOCAL-v1-q4-fixed_positive_bias-5099,4,candidate,13,492.3735,0.0447012500371784,13,1.0,6400.8555,True,
LOCAL-v1-q4-fixed_negative_bias-5000,4,candidate,11,504.52381599999995,0.03935583296697587,11,1.0,5549.761976,True,
LOCAL-v1-q4-fixed_negative_bias-5001,4,candidate,14,427.65527471428567,0.07408304093405604,14,1.0,5987.173846,True,
LOCAL-v1-q4-fixed_negative_bias-5002,4,candidate,15,407.48304220000006,0.06143862509634346,15,1.0,6112.245633,True,
LOCAL-v1-q4-fixed_negative_bias-5003,4,candidate,11,531.819281090909,0.03613816702272743,11,1.0,5850.012092,True,
LOCAL-v1-q4-fixed_negative_bias-5004,4,candidate,12,475.34515274999995,0.05600291700102389,12,1.0,5704.141833,True,
LOCAL-v1-q4-fixed_negative_bias-5005,4,candidate,11,505.36392563636366,0.05464291700627655,11,1.0,5559.003182,True,
LOCAL-v1-q4-fixed_negative_bias-5006,4,candidate,11,505.321973,0.054858166025951505,11,1.0,5558.541703,True,
LOCAL-v1-q4-fixed_negative_bias-5007,4,candidate,11,534.9400085454546,0.042684749932959676,11,1.0,5884.340094,True,
LOCAL-v1-q4-fixed_negative_bias-5008,4,candidate,10,597.0106697,0.03916079108603299,10,1.0,5970.106697,True,
LOCAL-v1-q4-fixed_negative_bias-5009,4,candidate,14,406.78335992857143,0.07041650009341538,14,1.0,5694.967039,True,
LOCAL-v1-q4-fixed_negative_bias-5010,4,candidate,12,454.67976725,0.05663866701070219,12,1.0,5456.157207,True,
LOCAL-v1-q4-fixed_negative_bias-5011,4,candidate,15,371.02946993333336,0.06307645794004202,15,1.0,5565.442049,True,
LOCAL-v1-q4-fixed_negative_bias-5012,4,candidate,10,582.4979698,0.032207584008574486,10,1.0,5824.979698,True,
LOCAL-v1-q4-fixed_negative_bias-5013,4,candidate,12,498.78397158333337,0.06192941695917398,12,1.0,5985.407659,True,
LOCAL-v1-q4-fixed_negative_bias-5014,4,candidate,11,522.158416,0.040830207988619804,11,1.0,5743.742576,True,
LOCAL-v1-q4-fixed_negative_bias-5015,4,candidate,12,499.25644141666663,0.05664212501142174,12,1.0,5991.077297,True,
LOCAL-v1-q4-fixed_negative_bias-5016,4,candidate,16,255.01218925,0.06869149999693036,16,1.0,4080.195028,True,
LOCAL-v1-q4-fixed_negative_bias-5017,4,candidate,15,441.1955622666666,0.08506533305626363,15,1.0,6617.933434,True,
LOCAL-v1-q4-fixed_negative_bias-5018,4,candidate,10,583.407132,0.060102000017650425,10,1.0,5834.07132,True,
LOCAL-v1-q4-fixed_negative_bias-5019,4,candidate,11,507.424663,0.050306249991990626,11,1.0,5581.671293,True,
LOCAL-v1-q4-fixed_negative_bias-5020,4,candidate,16,238.7218676875,0.06264883396215737,16,1.0,3819.549883,True,
LOCAL-v1-q4-fixed_negative_bias-5021,4,candidate,14,407.5414491428572,0.06426641705911607,14,1.0,5705.580288,True,
LOCAL-v1-q4-fixed_negative_bias-5022,4,candidate,14,473.5862312142857,0.055440541938878596,14,1.0,6630.207237,True,
LOCAL-v1-q4-fixed_negative_bias-5023,4,candidate,15,374.4410226666667,0.06615799991413951,15,1.0,5616.61534,True,
LOCAL-v1-q4-fixed_negative_bias-5024,4,candidate,13,453.3198004615385,0.06326712493319064,13,1.0,5893.157406,True,
LOCAL-v1-q4-fixed_negative_bias-5025,4,candidate,12,531.89084325,0.05109433305915445,12,1.0,6382.690119,True,
LOCAL-v1-q4-fixed_negative_bias-5026,4,candidate,15,366.64352806666665,0.08731870795600116,15,1.0,5499.652921,True,
LOCAL-v1-q4-fixed_negative_bias-5027,4,candidate,11,518.6662461818182,0.039537624921649694,11,1.0,5705.328708,True,
LOCAL-v1-q4-fixed_negative_bias-5028,4,candidate,10,626.5353906,0.0465972499223426,10,1.0,6265.353906,True,
LOCAL-v1-q4-fixed_negative_bias-5029,4,candidate,11,598.2199194545454,0.047794500016607344,11,1.0,6580.419114,True,
LOCAL-v1-q4-fixed_negative_bias-5030,4,candidate,12,504.7328744166667,0.050564583973027766,12,1.0,6056.794493,True,
LOCAL-v1-q4-fixed_negative_bias-5031,4,candidate,15,457.6344768,0.07118870795238763,15,1.0,6864.517152,True,
LOCAL-v1-q4-fixed_negative_bias-5032,4,candidate,11,530.5635071818182,0.03661504201591015,11,1.0,5836.198579,True,
LOCAL-v1-q4-fixed_negative_bias-5033,4,candidate,14,378.1176334285714,0.06048404099419713,14,1.0,5293.646868,True,
LOCAL-v1-q4-fixed_negative_bias-5034,4,candidate,16,368.6620306875,0.05831195798236877,16,1.0,5898.592491,True,
LOCAL-v1-q4-fixed_negative_bias-5035,4,candidate,10,596.5683088,0.047022667014971375,10,1.0,5965.683088,True,
LOCAL-v1-q4-fixed_negative_bias-5036,4,candidate,15,427.5732385333333,0.07315650000236928,15,1.0,6413.598578,True,
LOCAL-v1-q4-fixed_negative_bias-5037,4,candidate,15,434.26995646666666,0.06789050006773323,15,1.0,6514.049347,True,
LOCAL-v1-q4-fixed_negative_bias-5038,4,candidate,16,321.7772131875,0.06760491605382413,16,1.0,5148.435411,True,
LOCAL-v1-q4-fixed_negative_bias-5039,4,candidate,10,590.6658252999999,0.04714824992697686,10,1.0,5906.658253,True,
LOCAL-v1-q4-fixed_negative_bias-5040,4,candidate,15,397.5860820666667,0.06904374994337559,15,1.0,5963.791231,True,
LOCAL-v1-q4-fixed_negative_bias-5041,4,candidate,15,433.0749446,0.07240691699553281,15,1.0,6496.124169,True,
LOCAL-v1-q4-fixed_negative_bias-5042,4,candidate,11,512.4107629090909,0.05179408309049904,11,1.0,5636.518392,True,
LOCAL-v1-q4-fixed_negative_bias-5043,4,candidate,12,507.1974994166667,0.0650554170133546,12,1.0,6086.369993,True,
LOCAL-v1-q4-fixed_negative_bias-5044,4,candidate,11,600.2646905454545,0.05014262499753386,11,1.0,6602.911596,True,
LOCAL-v1-q4-fixed_negative_bias-5045,4,candidate,11,502.16347236363634,0.054807665990665555,11,1.0,5523.798196,True,
LOCAL-v1-q4-fixed_negative_bias-5046,4,candidate,10,605.8790951,0.033271708991378546,10,1.0,6058.790951,True,
LOCAL-v1-q4-fixed_negative_bias-5047,4,candidate,16,262.2003308125,0.061513125081546605,16,1.0,4195.205293,True,
LOCAL-v1-q4-fixed_negative_bias-5048,4,candidate,12,478.98080308333334,0.04817212501075119,12,1.0,5747.769637,True,
LOCAL-v1-q4-fixed_negative_bias-5049,4,candidate,10,627.6195286,0.039004583028145134,10,1.0,6276.195286,True,
LOCAL-v1-q4-fixed_negative_bias-5050,4,candidate,15,366.8964776,0.0678599999519065,15,1.0,5503.447164,True,
LOCAL-v1-q4-fixed_negative_bias-5051,4,candidate,11,525.4814258181818,0.03762695798650384,11,1.0,5780.295684,True,
LOCAL-v1-q4-fixed_negative_bias-5052,4,candidate,13,429.8510792307692,0.04823308298364282,13,1.0,5588.06403,True,
LOCAL-v1-q4-fixed_negative_bias-5053,4,candidate,16,303.16187375,0.07296974991913885,16,1.0,4850.58998,True,
LOCAL-v1-q4-fixed_negative_bias-5054,4,candidate,16,252.853054625,0.06160195905249566,16,1.0,4045.648874,True,
LOCAL-v1-q4-fixed_negative_bias-5055,4,candidate,12,502.7718659166667,0.056668790988624096,12,1.0,6033.262391,True,
LOCAL-v1-q4-fixed_negative_bias-5056,4,candidate,13,463.133786,0.0610102079808712,13,1.0,6020.739218,True,
LOCAL-v1-q4-fixed_negative_bias-5057,4,candidate,13,443.88665707692303,0.06291412492282689,13,1.0,5770.526542,True,
LOCAL-v1-q4-fixed_negative_bias-5058,4,candidate,14,406.4901890714286,0.06786283396650106,14,1.0,5690.862647,True,
LOCAL-v1-q4-fixed_negative_bias-5059,4,candidate,12,445.5877770833333,0.05703312496189028,12,1.0,5347.053325,True,
LOCAL-v1-q4-fixed_negative_bias-5060,4,candidate,11,538.1550242727272,0.04409370804205537,11,1.0,5919.705267,True,
LOCAL-v1-q4-fixed_negative_bias-5061,4,candidate,13,442.22079215384616,0.06194320798385888,13,1.0,5748.870298,True,
LOCAL-v1-q4-fixed_negative_bias-5062,4,candidate,16,330.670248625,0.06914612499531358,16,1.0,5290.723978,True,
LOCAL-v1-q4-fixed_negative_bias-5063,4,candidate,15,379.4815138,0.07241466699633747,15,1.0,5692.222707,True,
LOCAL-v1-q4-fixed_negative_bias-5064,4,candidate,13,475.88294684615386,0.056773999938741326,13,1.0,6186.478309,True,
LOCAL-v1-q4-fixed_negative_bias-5065,4,candidate,12,501.7206151666667,0.056114125065505505,12,1.0,6020.647382,True,
LOCAL-v1-q4-fixed_negative_bias-5066,4,candidate,10,571.4213022,0.03654474997892976,10,1.0,5714.213022,True,
LOCAL-v1-q4-fixed_negative_bias-5067,4,candidate,16,319.46764225,0.07895087508950382,16,1.0,5111.482276,True,
LOCAL-v1-q4-fixed_negative_bias-5068,4,candidate,13,463.55045176923073,0.06285962497349828,13,1.0,6026.155873,True,
LOCAL-v1-q4-fixed_negative_bias-5069,4,candidate,14,413.48225007142855,0.05298937496263534,14,1.0,5788.751501,True,
LOCAL-v1-q4-fixed_negative_bias-5070,4,candidate,12,464.81999850000005,0.03772391704842448,12,1.0,5577.839982,True,
LOCAL-v1-q4-fixed_negative_bias-5071,4,candidate,12,467.27413225000004,0.048152292030863464,12,1.0,5607.289587,True,
LOCAL-v1-q4-fixed_negative_bias-5072,4,candidate,15,417.2150001333333,0.06833945796824992,15,1.0,6258.225002,True,
LOCAL-v1-q4-fixed_negative_bias-5073,4,candidate,10,575.2932696,0.040372334071435034,10,1.0,5752.932696,True,
LOCAL-v1-q4-fixed_negative_bias-5074,4,candidate,16,279.997274875,0.06882770801894367,16,1.0,4479.956398,True,
LOCAL-v1-q4-fixed_negative_bias-5075,4,candidate,15,385.14374560000005,0.062468124902807176,15,1.0,5777.156184,True,
LOCAL-v1-q4-fixed_negative_bias-5076,4,candidate,12,492.33295558333333,0.05357204203028232,12,1.0,5907.995467,True,
LOCAL-v1-q4-fixed_negative_bias-5077,4,candidate,14,393.94707314285716,0.05583691596984863,14,1.0,5515.259024,True,
LOCAL-v1-q4-fixed_negative_bias-5078,4,candidate,13,420.1427484615385,0.06135212501976639,13,1.0,5461.85573,True,
LOCAL-v1-q4-fixed_negative_bias-5079,4,candidate,10,559.6842679,0.04542516707442701,10,1.0,5596.842679,True,
LOCAL-v1-q4-fixed_negative_bias-5080,4,candidate,10,593.3697807,0.052470499998889863,10,1.0,5933.697807,True,
LOCAL-v1-q4-fixed_negative_bias-5081,4,candidate,16,319.90406225,0.06633912504184991,16,1.0,5118.464996,True,
LOCAL-v1-q4-fixed_negative_bias-5082,4,candidate,13,441.93001861538465,0.05121187504846603,13,1.0,5745.090242,True,
LOCAL-v1-q4-fixed_negative_bias-5083,4,candidate,13,422.8635106153846,0.053345958003774285,13,1.0,5497.225638,True,
LOCAL-v1-q4-fixed_negative_bias-5084,4,candidate,14,415.9405792142857,0.06822000001557171,14,1.0,5823.168109,True,
LOCAL-v1-q4-fixed_negative_bias-5085,4,candidate,15,365.39031040000003,0.06945641699712723,15,1.0,5480.854656,True,
LOCAL-v1-q4-fixed_negative_bias-5086,4,candidate,12,497.16061433333334,0.05327087501063943,12,1.0,5965.927372,True,
LOCAL-v1-q4-fixed_negative_bias-5087,4,candidate,13,421.6393929230769,0.05119866703171283,13,1.0,5481.312108,True,
LOCAL-v1-q4-fixed_negative_bias-5088,4,candidate,16,340.9300391875,0.07975024997722358,16,1.0,5454.880627,True,
LOCAL-v1-q4-fixed_negative_bias-5089,4,candidate,15,381.22978566666666,0.060287041938863695,15,1.0,5718.446785,True,
LOCAL-v1-q4-fixed_negative_bias-5090,4,candidate,14,419.59646135714286,0.04766379192005843,14,1.0,5874.350459,True,
LOCAL-v1-q4-fixed_negative_bias-5091,4,candidate,12,497.50105041666666,0.050028332974761724,12,1.0,5970.012605,True,
LOCAL-v1-q4-fixed_negative_bias-5092,4,candidate,11,509.33121227272727,0.04251816705800593,11,1.0,5602.643335,True,
LOCAL-v1-q4-fixed_negative_bias-5093,4,candidate,15,412.63735133333336,0.06104516703635454,15,1.0,6189.56027,True,
LOCAL-v1-q4-fixed_negative_bias-5094,4,candidate,11,538.7066149999999,0.04227149998769164,11,1.0,5925.772765,True,
LOCAL-v1-q4-fixed_negative_bias-5095,4,candidate,10,623.3744655,0.04510479199234396,10,1.0,6233.744655,True,
LOCAL-v1-q4-fixed_negative_bias-5096,4,candidate,14,405.0822950714286,0.05812379193957895,14,1.0,5671.152131,True,
LOCAL-v1-q4-fixed_negative_bias-5097,4,candidate,13,451.69807007692305,0.04918712505605072,13,1.0,5872.074911,True,
LOCAL-v1-q4-fixed_negative_bias-5098,4,candidate,16,220.9069424375,0.07459558302070946,16,1.0,3534.511079,True,
LOCAL-v1-q4-fixed_negative_bias-5099,4,candidate,13,481.87354576923076,0.05756483296863735,13,1.0,6264.356095,True,
LOCAL-v1-q4-smooth_shared_field-5000,4,candidate,11,494.3384622727272,0.03911670797970146,11,1.0,5437.723085,True,
LOCAL-v1-q4-smooth_shared_field-5001,4,candidate,14,434.6178711428571,0.06291812506970018,14,1.0,6084.650196,True,
LOCAL-v1-q4-smooth_shared_field-5002,4,candidate,15,397.0240998,0.061591167002916336,15,1.0,5955.361497,True,
LOCAL-v1-q4-smooth_shared_field-5003,4,candidate,11,521.5103855454546,0.043145958916284144,11,1.0,5736.614241,True,
LOCAL-v1-q4-smooth_shared_field-5004,4,candidate,12,478.36549725000003,0.05617641704156995,12,1.0,5740.385967,True,
LOCAL-v1-q4-smooth_shared_field-5005,4,candidate,11,492.38361645454546,0.04921766696497798,11,1.0,5416.219781,True,
LOCAL-v1-q4-smooth_shared_field-5006,4,candidate,11,506.1618766363636,0.040267416974529624,11,1.0,5567.780643,True,
LOCAL-v1-q4-smooth_shared_field-5007,4,candidate,11,517.5407677272727,0.04188349994365126,11,1.0,5692.948445,True,
LOCAL-v1-q4-smooth_shared_field-5008,4,candidate,10,591.0026782,0.03939570800866932,10,1.0,5910.026782,True,
LOCAL-v1-q4-smooth_shared_field-5009,4,candidate,14,403.37904471428567,0.05625049991067499,14,1.0,5647.306626,True,
LOCAL-v1-q4-smooth_shared_field-5010,4,candidate,12,474.11046416666665,0.06006037490442395,12,1.0,5689.32557,True,
LOCAL-v1-q4-smooth_shared_field-5011,4,candidate,15,388.8334458,0.06457329192198813,15,1.0,5832.501687,True,
LOCAL-v1-q4-smooth_shared_field-5012,4,candidate,10,591.4806722000001,0.0330084579763934,10,1.0,5914.806722,True,
LOCAL-v1-q4-smooth_shared_field-5013,4,candidate,12,495.19761408333335,0.06305133306887001,12,1.0,5942.371369,True,
LOCAL-v1-q4-smooth_shared_field-5014,4,candidate,11,523.462777909091,0.04369404201861471,11,1.0,5758.090557,True,
LOCAL-v1-q4-smooth_shared_field-5015,4,candidate,12,500.70141958333335,0.0587098749820143,12,1.0,6008.417035,True,
LOCAL-v1-q4-smooth_shared_field-5016,4,candidate,16,279.756928875,0.05608033295720816,16,1.0,4476.110862,True,
LOCAL-v1-q4-smooth_shared_field-5017,4,candidate,15,461.6840254,0.06203995808027685,15,1.0,6925.260381,True,
LOCAL-v1-q4-smooth_shared_field-5018,4,candidate,10,584.8180743,0.041053959052078426,10,1.0,5848.180743,True,
LOCAL-v1-q4-smooth_shared_field-5019,4,candidate,11,507.5350991818182,0.04873291600961238,11,1.0,5582.886091,True,
LOCAL-v1-q4-smooth_shared_field-5020,4,candidate,16,231.211136375,0.06037874997127801,16,1.0,3699.378182,True,
LOCAL-v1-q4-smooth_shared_field-5021,4,candidate,14,414.1083520714286,0.05533104098867625,14,1.0,5797.516929,True,
LOCAL-v1-q4-smooth_shared_field-5022,4,candidate,14,435.30413185714286,0.05441633297596127,14,1.0,6094.257846,True,
LOCAL-v1-q4-smooth_shared_field-5023,4,candidate,15,384.40072580000003,0.056896209018304944,15,1.0,5766.010887,True,
LOCAL-v1-q4-smooth_shared_field-5024,4,candidate,13,459.6909009230769,0.052157417056150734,13,1.0,5975.981712,True,
LOCAL-v1-q4-smooth_shared_field-5025,4,candidate,12,526.1953858333333,0.04447149997577071,12,1.0,6314.34463,True,
LOCAL-v1-q4-smooth_shared_field-5026,4,candidate,15,368.9698710666667,0.0629391660913825,15,1.0,5534.548066,True,
LOCAL-v1-q4-smooth_shared_field-5027,4,candidate,11,514.7136084545455,0.035295667010359466,11,1.0,5661.849693,True,
LOCAL-v1-q4-smooth_shared_field-5028,4,candidate,10,630.6182364,0.03923812508583069,10,1.0,6306.182364,True,
LOCAL-v1-q4-smooth_shared_field-5029,4,candidate,11,582.9230467272727,0.03481300000566989,11,1.0,6412.153514,True,
LOCAL-v1-q4-smooth_shared_field-5030,4,candidate,12,501.7734444166667,0.051220000023022294,12,1.0,6021.281333,True,
LOCAL-v1-q4-smooth_shared_field-5031,4,candidate,15,452.64401319999996,0.057817624998278916,15,1.0,6789.660198,True,
LOCAL-v1-q4-smooth_shared_field-5032,4,candidate,11,529.9026964545454,0.03680754196830094,11,1.0,5828.929661,True,
LOCAL-v1-q4-smooth_shared_field-5033,4,candidate,14,386.4377985714286,0.05062899994663894,14,1.0,5410.12918,True,
LOCAL-v1-q4-smooth_shared_field-5034,4,candidate,16,367.8730935625,0.05456612491980195,16,1.0,5885.969497,True,
LOCAL-v1-q4-smooth_shared_field-5035,4,candidate,10,668.1997365999999,0.040875667007640004,10,1.0,6681.997366,True,
LOCAL-v1-q4-smooth_shared_field-5036,4,candidate,15,420.66501186666665,0.06359266699291766,15,1.0,6309.975178,True,
LOCAL-v1-q4-smooth_shared_field-5037,4,candidate,15,398.07940513333335,0.07122908299788833,15,1.0,5971.191077,True,
LOCAL-v1-q4-smooth_shared_field-5038,4,candidate,16,320.525705375,0.06033479201141745,16,1.0,5128.411286,True,
LOCAL-v1-q4-smooth_shared_field-5039,4,candidate,10,592.6097656,0.05057437508367002,10,1.0,5926.097656,True,
LOCAL-v1-q4-smooth_shared_field-5040,4,candidate,15,381.5996568666667,0.05916449998039752,15,1.0,5723.994853,True,
LOCAL-v1-q4-smooth_shared_field-5041,4,candidate,15,399.176946,0.0699904999928549,15,1.0,5987.65419,True,
LOCAL-v1-q4-smooth_shared_field-5042,4,candidate,11,509.18722045454547,0.04496054199989885,11,1.0,5601.059425,True,
LOCAL-v1-q4-smooth_shared_field-5043,4,candidate,12,515.7021758333334,0.05946008302271366,12,1.0,6188.42611,True,
LOCAL-v1-q4-smooth_shared_field-5044,4,candidate,11,597.6128068181819,0.05027191690169275,11,1.0,6573.740875,True,
LOCAL-v1-q4-smooth_shared_field-5045,4,candidate,11,504.04486545454546,0.049602874903939664,11,1.0,5544.49352,True,
LOCAL-v1-q4-smooth_shared_field-5046,4,candidate,10,600.6083755,0.040178459021262825,10,1.0,6006.083755,True,
LOCAL-v1-q4-smooth_shared_field-5047,4,candidate,16,206.13860275,0.0798923330148682,16,1.0,3298.217644,True,
LOCAL-v1-q4-smooth_shared_field-5048,4,candidate,12,482.1194296666667,0.044495124951936305,12,1.0,5785.433156,True,
LOCAL-v1-q4-smooth_shared_field-5049,4,candidate,10,613.9448246,0.043472083983942866,10,1.0,6139.448246,True,
LOCAL-v1-q4-smooth_shared_field-5050,4,candidate,15,360.60802713333334,0.071631999919191,15,1.0,5409.120407,True,
LOCAL-v1-q4-smooth_shared_field-5051,4,candidate,11,534.6871217272727,0.03428774990607053,11,1.0,5881.558339,True,
LOCAL-v1-q4-smooth_shared_field-5052,4,candidate,13,430.4616387692308,0.04928599996492267,13,1.0,5596.001304,True,
LOCAL-v1-q4-smooth_shared_field-5053,4,candidate,16,299.043897375,0.06019145902246237,16,1.0,4784.702358,True,
LOCAL-v1-q4-smooth_shared_field-5054,4,candidate,16,300.15373225,0.06983112508896738,16,1.0,4802.459716,True,
LOCAL-v1-q4-smooth_shared_field-5055,4,candidate,12,513.3185998333333,0.040840125060640275,12,1.0,6159.823198,True,
LOCAL-v1-q4-smooth_shared_field-5056,4,candidate,13,492.2937503076923,0.05077674996573478,13,1.0,6399.818754,True,
LOCAL-v1-q4-smooth_shared_field-5057,4,candidate,13,436.13440407692303,0.061443874961696565,13,1.0,5669.747253,True,
LOCAL-v1-q4-smooth_shared_field-5058,4,candidate,14,404.31667764285714,0.06422729091718793,14,1.0,5660.433487,True,
LOCAL-v1-q4-smooth_shared_field-5059,4,candidate,12,454.0918525833333,0.04946858296170831,12,1.0,5449.102231,True,
LOCAL-v1-q4-smooth_shared_field-5060,4,candidate,11,527.9526925454546,0.04065545799676329,11,1.0,5807.479618,True,
LOCAL-v1-q4-smooth_shared_field-5061,4,candidate,13,482.6326735384615,0.048408124945126474,13,1.0,6274.224756,True,
LOCAL-v1-q4-smooth_shared_field-5062,4,candidate,16,269.167879375,0.05994533305056393,16,1.0,4306.68607,True,
LOCAL-v1-q4-smooth_shared_field-5063,4,candidate,15,382.2508331333333,0.06383408303372562,15,1.0,5733.762497,True,
LOCAL-v1-q4-smooth_shared_field-5064,4,candidate,13,463.85891076923076,0.05644075002055615,13,1.0,6030.16584,True,
LOCAL-v1-q4-smooth_shared_field-5065,4,candidate,12,519.3683723333334,0.06192629097495228,12,1.0,6232.420468,True,
LOCAL-v1-q4-smooth_shared_field-5066,4,candidate,10,574.6872968,0.036193834035657346,10,1.0,5746.872968,True,
LOCAL-v1-q4-smooth_shared_field-5067,4,candidate,16,309.952779875,0.07874983304645866,16,1.0,4959.244478,True,
LOCAL-v1-q4-smooth_shared_field-5068,4,candidate,13,457.3395812307692,0.05204983300063759,13,1.0,5945.414556,True,
LOCAL-v1-q4-smooth_shared_field-5069,4,candidate,14,415.3762352857143,0.0812670000595972,14,1.0,5815.267294,True,
LOCAL-v1-q4-smooth_shared_field-5070,4,candidate,12,463.74410800000004,0.036016833037137985,12,1.0,5564.929296,True,
LOCAL-v1-q4-smooth_shared_field-5071,4,candidate,12,459.87582483333335,0.057499541086144745,12,1.0,5518.509898,True,
LOCAL-v1-q4-smooth_shared_field-5072,4,candidate,15,416.6169104,0.06850520800799131,15,1.0,6249.253656,True,
LOCAL-v1-q4-smooth_shared_field-5073,4,candidate,10,564.0567012,0.056721333996392787,10,1.0,5640.567012,True,
LOCAL-v1-q4-smooth_shared_field-5074,4,candidate,16,255.8185931875,0.06009470799472183,16,1.0,4093.097491,True,
LOCAL-v1-q4-smooth_shared_field-5075,4,candidate,15,381.1460052666667,0.0723774170037359,15,1.0,5717.190079,True,
LOCAL-v1-q4-smooth_shared_field-5076,4,candidate,12,493.6060778333333,0.10333058296237141,12,1.0,5923.272934,True,
LOCAL-v1-q4-smooth_shared_field-5077,4,candidate,14,394.83999885714286,0.1571619170717895,14,1.0,5527.759984,True,
LOCAL-v1-q4-smooth_shared_field-5078,4,candidate,13,419.7943722307692,0.06098191696219146,13,1.0,5457.326839,True,
LOCAL-v1-q4-smooth_shared_field-5079,4,candidate,10,571.6367127999999,0.04359624988865107,10,1.0,5716.367128,True,
LOCAL-v1-q4-smooth_shared_field-5080,4,candidate,10,585.3145931,0.04381966695655137,10,1.0,5853.145931,True,
LOCAL-v1-q4-smooth_shared_field-5081,4,candidate,16,244.63229075,0.08733058301731944,16,1.0,3914.116652,True,
LOCAL-v1-q4-smooth_shared_field-5082,4,candidate,13,443.4247703076923,0.04746795806568116,13,1.0,5764.522014,True,
LOCAL-v1-q4-smooth_shared_field-5083,4,candidate,13,422.1863913846154,0.05278704105876386,13,1.0,5488.423088,True,
LOCAL-v1-q4-smooth_shared_field-5084,4,candidate,14,417.3213542857143,0.07135833299253136,14,1.0,5842.49896,True,
LOCAL-v1-q4-smooth_shared_field-5085,4,candidate,15,362.6406722,0.06240670895203948,15,1.0,5439.610083,True,
LOCAL-v1-q4-smooth_shared_field-5086,4,candidate,12,492.62685400000004,0.05303879198618233,12,1.0,5911.522248,True,
LOCAL-v1-q4-smooth_shared_field-5087,4,candidate,13,442.10261699999995,0.05217987496871501,13,1.0,5747.334021,True,
LOCAL-v1-q4-smooth_shared_field-5088,4,candidate,16,311.2248801875,0.07376354094594717,16,1.0,4979.598083,True,
LOCAL-v1-q4-smooth_shared_field-5089,4,candidate,15,381.9671697333333,0.059181416989304125,15,1.0,5729.507546,True,
LOCAL-v1-q4-smooth_shared_field-5090,4,candidate,14,416.2210728571428,0.04725920804776251,14,1.0,5827.09502,True,
LOCAL-v1-q4-smooth_shared_field-5091,4,candidate,12,478.90202458333334,0.044341750093735754,12,1.0,5746.824295,True,
LOCAL-v1-q4-smooth_shared_field-5092,4,candidate,11,509.2367080909091,0.03811291593592614,11,1.0,5601.603789,True,
LOCAL-v1-q4-smooth_shared_field-5093,4,candidate,15,397.86640759999995,0.06048020801972598,15,1.0,5967.996114,True,
LOCAL-v1-q4-smooth_shared_field-5094,4,candidate,11,536.9554011818182,0.04427662503439933,11,1.0,5906.509413,True,
LOCAL-v1-q4-smooth_shared_field-5095,4,candidate,10,593.1461349,0.035644124960526824,10,1.0,5931.461349,True,
LOCAL-v1-q4-smooth_shared_field-5096,4,candidate,14,400.99481935714283,0.05526183301117271,14,1.0,5613.927471,True,
LOCAL-v1-q4-smooth_shared_field-5097,4,candidate,13,444.5724463076923,0.04729962500277907,13,1.0,5779.441802,True,
LOCAL-v1-q4-smooth_shared_field-5098,4,candidate,16,220.21054,0.07128683303017169,16,1.0,3523.36864,True,
LOCAL-v1-q4-smooth_shared_field-5099,4,candidate,13,476.19498084615384,0.0506532919825986,13,1.0,6190.534751,True,
LOCAL-v1-q4-cell50_shared_field-5000,4,candidate,11,491.5379119090909,0.05174754199106246,11,1.0,5406.917031,True,
LOCAL-v1-q4-cell50_shared_field-5001,4,candidate,14,412.2820797142857,0.06168783304747194,14,1.0,5771.949116,True,
LOCAL-v1-q4-cell50_shared_field-5002,4,candidate,15,404.6085420666667,0.06768979202024639,15,1.0,6069.128131,True,
LOCAL-v1-q4-cell50_shared_field-5003,4,candidate,11,522.4352225454545,0.04466633405536413,11,1.0,5746.787448,True,
LOCAL-v1-q4-cell50_shared_field-5004,4,candidate,12,475.89249566666666,0.057479584007523954,12,1.0,5710.709948,True,
LOCAL-v1-q4-cell50_shared_field-5005,4,candidate,11,505.38073418181824,0.049016584060154855,11,1.0,5559.188076,True,
LOCAL-v1-q4-cell50_shared_field-5006,4,candidate,11,504.9374750909091,0.04445433302316815,11,1.0,5554.312226,True,
LOCAL-v1-q4-cell50_shared_field-5007,4,candidate,11,518.3184086363636,0.037091625039465725,11,1.0,5701.502495,True,
LOCAL-v1-q4-cell50_shared_field-5008,4,candidate,10,587.7066644,0.04445912502706051,10,1.0,5877.066644,True,
LOCAL-v1-q4-cell50_shared_field-5009,4,candidate,14,413.7006407142857,0.059661207953467965,14,1.0,5791.80897,True,
LOCAL-v1-q4-cell50_shared_field-5010,4,candidate,12,459.238264,0.0457141250371933,12,1.0,5510.859168,True,
LOCAL-v1-q4-cell50_shared_field-5011,4,candidate,15,379.09531746666664,0.06625245802570134,15,1.0,5686.429762,True,
LOCAL-v1-q4-cell50_shared_field-5012,4,candidate,10,593.0770593,0.03805425006430596,10,1.0,5930.770593,True,
LOCAL-v1-q4-cell50_shared_field-5013,4,candidate,12,502.05168699999996,0.05899820802733302,12,1.0,6024.620244,True,
LOCAL-v1-q4-cell50_shared_field-5014,4,candidate,11,521.8831399090909,0.050488583045080304,11,1.0,5740.714539,True,
LOCAL-v1-q4-cell50_shared_field-5015,4,candidate,12,505.60631566666666,0.05327304091770202,12,1.0,6067.275788,True,
LOCAL-v1-q4-cell50_shared_field-5016,4,candidate,16,251.5311154375,0.05461441702209413,16,1.0,4024.497847,True,
LOCAL-v1-q4-cell50_shared_field-5017,4,candidate,15,439.54399233333334,0.06559037498664111,15,1.0,6593.159885,True,
LOCAL-v1-q4-cell50_shared_field-5018,4,candidate,10,588.1777001,0.04259695892687887,10,1.0,5881.777001,True,
LOCAL-v1-q4-cell50_shared_field-5019,4,candidate,11,518.6100258181818,0.04664287494961172,11,1.0,5704.710284,True,
LOCAL-v1-q4-cell50_shared_field-5020,4,candidate,16,228.8829119375,0.06781329098157585,16,1.0,3662.126591,True,
LOCAL-v1-q4-cell50_shared_field-5021,4,candidate,14,409.6342551428571,0.06095416599418968,14,1.0,5734.879572,True,
LOCAL-v1-q4-cell50_shared_field-5022,4,candidate,14,468.20586314285714,0.05771570804063231,14,1.0,6554.882084,True,
LOCAL-v1-q4-cell50_shared_field-5023,4,candidate,15,365.907938,0.05907379207201302,15,1.0,5488.61907,True,
LOCAL-v1-q4-cell50_shared_field-5024,4,candidate,13,430.6781992307693,0.04802695906255394,13,1.0,5598.81659,True,
LOCAL-v1-q4-cell50_shared_field-5025,4,candidate,12,502.1739955,0.044127624947577715,12,1.0,6026.087946,True,
LOCAL-v1-q4-cell50_shared_field-5026,4,candidate,15,386.07957253333336,0.06092591700144112,15,1.0,5791.193588,True,
LOCAL-v1-q4-cell50_shared_field-5027,4,candidate,11,519.0399727272727,0.039730416028760374,11,1.0,5709.4397,True,
LOCAL-v1-q4-cell50_shared_field-5028,4,candidate,10,610.4134487,0.04871991602703929,10,1.0,6104.134487,True,
LOCAL-v1-q4-cell50_shared_field-5029,4,candidate,11,571.2019469090909,0.036336250021122396,11,1.0,6283.221416,True,
LOCAL-v1-q4-cell50_shared_field-5030,4,candidate,12,506.85744408333335,0.0527810410130769,12,1.0,6082.289329,True,
LOCAL-v1-q4-cell50_shared_field-5031,4,candidate,15,436.8258833333333,0.07766487495973706,15,1.0,6552.38825,True,
LOCAL-v1-q4-cell50_shared_field-5032,4,candidate,11,530.8036184545455,0.037934624939225614,11,1.0,5838.839803,True,
LOCAL-v1-q4-cell50_shared_field-5033,4,candidate,14,383.8927817857143,0.0656223330879584,14,1.0,5374.498945,True,
LOCAL-v1-q4-cell50_shared_field-5034,4,candidate,16,399.9132444375,0.048413958051241934,16,1.0,6398.611911,True,
LOCAL-v1-q4-cell50_shared_field-5035,4,candidate,10,591.1515747999999,0.04835408297367394,10,1.0,5911.515748,True,
LOCAL-v1-q4-cell50_shared_field-5036,4,candidate,15,417.1831876,0.06569416704587638,15,1.0,6257.747814,True,
LOCAL-v1-q4-cell50_shared_field-5037,4,candidate,15,392.01610953333335,0.05099991708993912,15,1.0,5880.241643,True,
LOCAL-v1-q4-cell50_shared_field-5038,4,candidate,16,323.3312925625,0.06587241601664573,16,1.0,5173.300681,True,
LOCAL-v1-q4-cell50_shared_field-5039,4,candidate,10,569.9453341999999,0.03732754196971655,10,1.0,5699.453342,True,
LOCAL-v1-q4-cell50_shared_field-5040,4,candidate,15,376.735892,0.06421783310361207,15,1.0,5651.03838,True,
LOCAL-v1-q4-cell50_shared_field-5041,4,candidate,15,404.4777044666667,0.04772220796439797,15,1.0,6067.165567,True,
LOCAL-v1-q4-cell50_shared_field-5042,4,candidate,11,535.3128326363636,0.05305637500714511,11,1.0,5888.441159,True,
LOCAL-v1-q4-cell50_shared_field-5043,4,candidate,12,511.9163111666667,0.06026041693985462,12,1.0,6142.995734,True,
LOCAL-v1-q4-cell50_shared_field-5044,4,candidate,11,570.1279700909091,0.045956750051118433,11,1.0,6271.407671,True,
LOCAL-v1-q4-cell50_shared_field-5045,4,candidate,11,506.84838381818184,0.04602766700554639,11,1.0,5575.332222,True,
LOCAL-v1-q4-cell50_shared_field-5046,4,candidate,10,600.0526787,0.0441430420614779,10,1.0,6000.526787,True,
LOCAL-v1-q4-cell50_shared_field-5047,4,candidate,16,257.430471625,0.06652212492190301,16,1.0,4118.887546,True,
LOCAL-v1-q4-cell50_shared_field-5048,4,candidate,12,463.1330004166667,0.046359041007235646,12,1.0,5557.596005,True,
LOCAL-v1-q4-cell50_shared_field-5049,4,candidate,10,629.6123843,0.04155462491326034,10,1.0,6296.123843,True,
LOCAL-v1-q4-cell50_shared_field-5050,4,candidate,15,373.83548026666665,0.07715725002344698,15,1.0,5607.532204,True,
LOCAL-v1-q4-cell50_shared_field-5051,4,candidate,11,547.8774611818181,0.030290125054307282,11,1.0,6026.652073,True,
LOCAL-v1-q4-cell50_shared_field-5052,4,candidate,13,435.78206876923076,0.05624579102732241,13,1.0,5665.166894,True,
LOCAL-v1-q4-cell50_shared_field-5053,4,candidate,16,288.356522875,0.057933916919864714,16,1.0,4613.704366,True,
LOCAL-v1-q4-cell50_shared_field-5054,4,candidate,16,267.567839,0.0575176669517532,16,1.0,4281.085424,True,
LOCAL-v1-q4-cell50_shared_field-5055,4,candidate,12,523.8110800833333,0.0432628330308944,12,1.0,6285.732961,True,
LOCAL-v1-q4-cell50_shared_field-5056,4,candidate,13,481.93974153846153,0.04393816599622369,13,1.0,6265.21664,True,
LOCAL-v1-q4-cell50_shared_field-5057,4,candidate,13,443.6043446923077,0.05975399992894381,13,1.0,5766.856481,True,
LOCAL-v1-q4-cell50_shared_field-5058,4,candidate,14,408.75641507142853,0.06746083300095052,14,1.0,5722.589811,True,
LOCAL-v1-q4-cell50_shared_field-5059,4,candidate,12,457.59400525,0.058177041937597096,12,1.0,5491.128063,True,
LOCAL-v1-q4-cell50_shared_field-5060,4,candidate,11,542.8056822727273,0.036202208022587,11,1.0,5970.862505,True,
LOCAL-v1-q4-cell50_shared_field-5061,4,candidate,13,461.6561659230769,0.06144054199103266,13,1.0,6001.530157,True,
LOCAL-v1-q4-cell50_shared_field-5062,4,candidate,16,271.7057613125,0.06368837493937463,16,1.0,4347.292181,True,
LOCAL-v1-q4-cell50_shared_field-5063,4,candidate,15,379.10117206666666,0.06728587509132922,15,1.0,5686.517581,True,
LOCAL-v1-q4-cell50_shared_field-5064,4,candidate,13,438.01410007692306,0.060413624974898994,13,1.0,5694.183301,True,
LOCAL-v1-q4-cell50_shared_field-5065,4,candidate,12,524.2048320833334,0.05867012497037649,12,1.0,6290.457985,True,
LOCAL-v1-q4-cell50_shared_field-5066,4,candidate,10,571.0974459,0.029150750022381544,10,1.0,5710.974459,True,
LOCAL-v1-q4-cell50_shared_field-5067,4,candidate,16,310.3987271875,0.06906624999828637,16,1.0,4966.379635,True,
LOCAL-v1-q4-cell50_shared_field-5068,4,candidate,13,453.0212572307692,0.05221208301372826,13,1.0,5889.276344,True,
LOCAL-v1-q4-cell50_shared_field-5069,4,candidate,14,434.5371147142857,0.0664857910014689,14,1.0,6083.519606,True,
LOCAL-v1-q4-cell50_shared_field-5070,4,candidate,12,471.6857166666667,0.04375429195351899,12,1.0,5660.2286,True,
LOCAL-v1-q4-cell50_shared_field-5071,4,candidate,12,461.6170615833333,0.05127270799130201,12,1.0,5539.404739,True,
LOCAL-v1-q4-cell50_shared_field-5072,4,candidate,15,410.8008144,0.07812683307565749,15,1.0,6162.012216,True,
LOCAL-v1-q4-cell50_shared_field-5073,4,candidate,10,561.8697596,0.03594787500333041,10,1.0,5618.697596,True,
LOCAL-v1-q4-cell50_shared_field-5074,4,candidate,16,337.609154875,0.07112062501255423,16,1.0,5401.746478,True,
LOCAL-v1-q4-cell50_shared_field-5075,4,candidate,15,386.3004891333333,0.05771087505854666,15,1.0,5794.507337,True,
LOCAL-v1-q4-cell50_shared_field-5076,4,candidate,12,485.98325750000004,0.06094695802312344,12,1.0,5831.79909,True,
LOCAL-v1-q4-cell50_shared_field-5077,4,candidate,14,401.8285281428571,0.04059595800936222,14,1.0,5625.599394,True,
LOCAL-v1-q4-cell50_shared_field-5078,4,candidate,13,430.4867224615385,0.06059783301316202,13,1.0,5596.327392,True,
LOCAL-v1-q4-cell50_shared_field-5079,4,candidate,10,556.9509369,0.038035916979424655,10,1.0,5569.509369,True,
LOCAL-v1-q4-cell50_shared_field-5080,4,candidate,10,616.4505119,0.03861733397934586,10,1.0,6164.505119,True,
LOCAL-v1-q4-cell50_shared_field-5081,4,candidate,16,261.32219675,0.07396945799700916,16,1.0,4181.155148,True,
LOCAL-v1-q4-cell50_shared_field-5082,4,candidate,13,441.7657423076923,0.049244416994042695,13,1.0,5742.95465,True,
LOCAL-v1-q4-cell50_shared_field-5083,4,candidate,13,422.5155846923077,0.046437500044703484,13,1.0,5492.702601,True,
LOCAL-v1-q4-cell50_shared_field-5084,4,candidate,14,397.8147549285714,0.05822404194623232,14,1.0,5569.406569,True,
LOCAL-v1-q4-cell50_shared_field-5085,4,candidate,15,374.48197746666665,0.05901704099960625,15,1.0,5617.229662,True,
LOCAL-v1-q4-cell50_shared_field-5086,4,candidate,12,483.79353199999997,0.061794166918843985,12,1.0,5805.522384,True,
LOCAL-v1-q4-cell50_shared_field-5087,4,candidate,13,439.0135373846154,0.05712662497535348,13,1.0,5707.175986,True,
LOCAL-v1-q4-cell50_shared_field-5088,4,candidate,16,309.2594885,0.06498591601848602,16,1.0,4948.151816,True,
LOCAL-v1-q4-cell50_shared_field-5089,4,candidate,15,378.02234493333333,0.05736920807976276,15,1.0,5670.335174,True,
LOCAL-v1-q4-cell50_shared_field-5090,4,candidate,14,413.77681985714287,0.05024620902258903,14,1.0,5792.875478,True,
LOCAL-v1-q4-cell50_shared_field-5091,4,candidate,12,479.86524016666664,0.04950683400966227,12,1.0,5758.382882,True,
LOCAL-v1-q4-cell50_shared_field-5092,4,candidate,11,509.22149081818185,0.040442375000566244,11,1.0,5601.436399,True,
LOCAL-v1-q4-cell50_shared_field-5093,4,candidate,15,412.775648,0.06385466700885445,15,1.0,6191.63472,True,
LOCAL-v1-q4-cell50_shared_field-5094,4,candidate,11,535.585411,0.04196758393663913,11,1.0,5891.439521,True,
LOCAL-v1-q4-cell50_shared_field-5095,4,candidate,10,592.8398468,0.03551375004462898,10,1.0,5928.398468,True,
LOCAL-v1-q4-cell50_shared_field-5096,4,candidate,14,390.5357157857143,0.062037541065365076,14,1.0,5467.500021,True,
LOCAL-v1-q4-cell50_shared_field-5097,4,candidate,13,443.5649052307692,0.04606362502090633,13,1.0,5766.343768,True,
LOCAL-v1-q4-cell50_shared_field-5098,4,candidate,16,222.3021680625,0.07149633299559355,16,1.0,3556.834689,True,
LOCAL-v1-q4-cell50_shared_field-5099,4,candidate,13,477.97346338461534,0.05063491594046354,13,1.0,6213.655024,True,
LOCAL-v1-q4-cell500_shared_field-5000,4,candidate,11,506.48377218181815,0.052511250018142164,11,1.0,5571.321494,True,
LOCAL-v1-q4-cell500_shared_field-5001,4,candidate,14,414.25486771428575,0.060201667016372085,14,1.0,5799.568148,True,
LOCAL-v1-q4-cell500_shared_field-5002,4,candidate,15,402.47986253333335,0.06424170802347362,15,1.0,6037.197938,True,
LOCAL-v1-q4-cell500_shared_field-5003,4,candidate,11,522.3052380909091,0.040931458002887666,11,1.0,5745.357619,True,
LOCAL-v1-q4-cell500_shared_field-5004,4,candidate,12,474.597324,0.05645137501414865,12,1.0,5695.167888,True,
LOCAL-v1-q4-cell500_shared_field-5005,4,candidate,11,512.6027952727272,0.04873233300168067,11,1.0,5638.630748,True,
LOCAL-v1-q4-cell500_shared_field-5006,4,candidate,11,505.63716636363637,0.042696749907918274,11,1.0,5562.00883,True,
LOCAL-v1-q4-cell500_shared_field-5007,4,candidate,11,518.0729493636363,0.04105420794803649,11,1.0,5698.802443,True,
LOCAL-v1-q4-cell500_shared_field-5008,4,candidate,10,603.0764405,0.03909775009378791,10,1.0,6030.764405,True,
LOCAL-v1-q4-cell500_shared_field-5009,4,candidate,14,401.49492642857143,0.06740116595756263,14,1.0,5620.92897,True,
LOCAL-v1-q4-cell500_shared_field-5010,4,candidate,12,456.7914039166667,0.03749183297622949,12,1.0,5481.496847,True,
LOCAL-v1-q4-cell500_shared_field-5011,4,candidate,15,381.4647894,0.06180329201743007,15,1.0,5721.971841,True,
LOCAL-v1-q4-cell500_shared_field-5012,4,candidate,10,569.1113802,0.036310375086031854,10,1.0,5691.113802,True,
LOCAL-v1-q4-cell500_shared_field-5013,4,candidate,12,486.994156,0.0596942090196535,12,1.0,5843.929872,True,
LOCAL-v1-q4-cell500_shared_field-5014,4,candidate,11,523.6426617272728,0.03942491696216166,11,1.0,5760.069279,True,
LOCAL-v1-q4-cell500_shared_field-5015,4,candidate,12,509.4502670833333,0.052345833042636514,12,1.0,6113.403205,True,
LOCAL-v1-q4-cell500_shared_field-5016,4,candidate,16,249.39102175,0.0545715419575572,16,1.0,3990.256348,True,
LOCAL-v1-q4-cell500_shared_field-5017,4,candidate,15,453.73686879999997,0.06162150006275624,15,1.0,6806.053032,True,
LOCAL-v1-q4-cell500_shared_field-5018,4,candidate,10,584.9100182999999,0.05497024999931455,10,1.0,5849.100183,True,
LOCAL-v1-q4-cell500_shared_field-5019,4,candidate,11,520.1012997272727,0.04695745895151049,11,1.0,5721.114297,True,
LOCAL-v1-q4-cell500_shared_field-5020,4,candidate,16,229.4919874375,0.06122383300680667,16,1.0,3671.871799,True,
LOCAL-v1-q4-cell500_shared_field-5021,4,candidate,14,408.7091376428571,0.060460667009465396,14,1.0,5721.927927,True,
LOCAL-v1-q4-cell500_shared_field-5022,4,candidate,14,474.83928107142856,0.055068250047042966,14,1.0,6647.749935,True,
LOCAL-v1-q4-cell500_shared_field-5023,4,candidate,15,366.0666672,0.058390541933476925,15,1.0,5491.000008,True,
LOCAL-v1-q4-cell500_shared_field-5024,4,candidate,13,430.38975407692305,0.04389941692352295,13,1.0,5595.066803,True,
LOCAL-v1-q4-cell500_shared_field-5025,4,candidate,12,501.91501166666666,0.043629958061501384,12,1.0,6022.98014,True,
LOCAL-v1-q4-cell500_shared_field-5026,4,candidate,15,370.8785522,0.06900983292143792,15,1.0,5563.178283,True,
LOCAL-v1-q4-cell500_shared_field-5027,4,candidate,11,517.4074267272728,0.05026441591326147,11,1.0,5691.481694,True,
LOCAL-v1-q4-cell500_shared_field-5028,4,candidate,10,610.3227420999999,0.04813958308659494,10,1.0,6103.227421,True,
LOCAL-v1-q4-cell500_shared_field-5029,4,candidate,11,567.1784766363636,0.04665862489491701,11,1.0,6238.963243,True,
LOCAL-v1-q4-cell500_shared_field-5030,4,candidate,12,501.30500316666667,0.06458729098085314,12,1.0,6015.660038,True,
LOCAL-v1-q4-cell500_shared_field-5031,4,candidate,15,422.542438,0.06354312505573034,15,1.0,6338.13657,True,
LOCAL-v1-q4-cell500_shared_field-5032,4,candidate,11,534.7447468181819,0.03704045806080103,11,1.0,5882.192215,True,
LOCAL-v1-q4-cell500_shared_field-5033,4,candidate,14,373.08164264285716,0.05869554099626839,14,1.0,5223.142997,True,
LOCAL-v1-q4-cell500_shared_field-5034,4,candidate,16,383.420679375,0.054219083045609295,16,1.0,6134.73087,True,
LOCAL-v1-q4-cell500_shared_field-5035,4,candidate,10,667.3052888999999,0.04529145802371204,10,1.0,6673.052889,True,
LOCAL-v1-q4-cell500_shared_field-5036,4,candidate,15,415.812128,0.06941975001245737,15,1.0,6237.18192,True,
LOCAL-v1-q4-cell500_shared_field-5037,4,candidate,15,441.13010073333334,0.06945541698951274,15,1.0,6616.951511,True,
LOCAL-v1-q4-cell500_shared_field-5038,4,candidate,16,312.4065218125,0.06034241593442857,16,1.0,4998.504349,True,
LOCAL-v1-q4-cell500_shared_field-5039,4,candidate,10,570.1619604,0.04008125001564622,10,1.0,5701.619604,True,
LOCAL-v1-q4-cell500_shared_field-5040,4,candidate,15,371.84777246666664,0.059464125079102814,15,1.0,5577.716587,True,
LOCAL-v1-q4-cell500_shared_field-5041,4,candidate,15,408.7640821333333,0.05354283400811255,15,1.0,6131.461232,True,
LOCAL-v1-q4-cell500_shared_field-5042,4,candidate,11,532.895822,0.049341166974045336,11,1.0,5861.854042,True,
LOCAL-v1-q4-cell500_shared_field-5043,4,candidate,12,513.5275168333334,0.06132566696032882,12,1.0,6162.330202,True,
LOCAL-v1-q4-cell500_shared_field-5044,4,candidate,11,569.4390226363637,0.045624166959896684,11,1.0,6263.829249,True,
LOCAL-v1-q4-cell500_shared_field-5045,4,candidate,11,508.28514272727267,0.05532733304426074,11,1.0,5591.13657,True,
LOCAL-v1-q4-cell500_shared_field-5046,4,candidate,10,580.4909028,0.04656654200516641,10,1.0,5804.909028,True,
LOCAL-v1-q4-cell500_shared_field-5047,4,candidate,16,260.066329875,0.0680879169376567,16,1.0,4161.061278,True,
LOCAL-v1-q4-cell500_shared_field-5048,4,candidate,12,481.67681308333334,0.045201375032775104,12,1.0,5780.121757,True,
LOCAL-v1-q4-cell500_shared_field-5049,4,candidate,10,629.5565297,0.04184108297340572,10,1.0,6295.565297,True,
LOCAL-v1-q4-cell500_shared_field-5050,4,candidate,15,371.87839686666666,0.0771073749056086,15,1.0,5578.175953,True,
LOCAL-v1-q4-cell500_shared_field-5051,4,candidate,11,524.7237832727272,0.029787707957439125,11,1.0,5771.961616,True,
LOCAL-v1-q4-cell500_shared_field-5052,4,candidate,13,434.4897406923077,0.05234383407514542,13,1.0,5648.366629,True,
LOCAL-v1-q4-cell500_shared_field-5053,4,candidate,16,278.909408,0.06518141692504287,16,1.0,4462.550528,True,
LOCAL-v1-q4-cell500_shared_field-5054,4,candidate,16,267.0033005,0.0653433749685064,16,1.0,4272.052808,True,
LOCAL-v1-q4-cell500_shared_field-5055,4,candidate,12,503.4315595,0.04841849999502301,12,1.0,6041.178714,True,
LOCAL-v1-q4-cell500_shared_field-5056,4,candidate,13,491.1870785384615,0.051512917038053274,13,1.0,6385.432021,True,
LOCAL-v1-q4-cell500_shared_field-5057,4,candidate,13,442.96574946153845,0.05180449993349612,13,1.0,5758.554743,True,
LOCAL-v1-q4-cell500_shared_field-5058,4,candidate,14,412.62601464285717,0.07438691693823785,14,1.0,5776.764205,True,
LOCAL-v1-q4-cell500_shared_field-5059,4,candidate,12,444.19404000000003,0.053026209003292024,12,1.0,5330.32848,True,
LOCAL-v1-q4-cell500_shared_field-5060,4,candidate,11,543.7950438181819,0.04532195790670812,11,1.0,5981.745482,True,
LOCAL-v1-q4-cell500_shared_field-5061,4,candidate,13,440.9188733076923,0.059682250022888184,13,1.0,5731.945353,True,
LOCAL-v1-q4-cell500_shared_field-5062,4,candidate,16,269.488798,0.06264516594819725,16,1.0,4311.820768,True,
LOCAL-v1-q4-cell500_shared_field-5063,4,candidate,15,377.42377733333336,0.07176170800812542,15,1.0,5661.35666,True,
LOCAL-v1-q4-cell500_shared_field-5064,4,candidate,13,438.06821292307694,0.05649154097773135,13,1.0,5694.886768,True,
LOCAL-v1-q4-cell500_shared_field-5065,4,candidate,12,518.8028825833334,0.05490258301142603,12,1.0,6225.634591,True,
LOCAL-v1-q4-cell500_shared_field-5066,4,candidate,10,574.950117,0.03864141704980284,10,1.0,5749.50117,True,
LOCAL-v1-q4-cell500_shared_field-5067,4,candidate,16,311.1672944375,0.06642041599843651,16,1.0,4978.676711,True,
LOCAL-v1-q4-cell500_shared_field-5068,4,candidate,13,463.7471860769231,0.05069254199042916,13,1.0,6028.713419,True,
LOCAL-v1-q4-cell500_shared_field-5069,4,candidate,14,447.3104903571429,0.05980870791245252,14,1.0,6262.346865,True,
LOCAL-v1-q4-cell500_shared_field-5070,4,candidate,12,463.7735881666667,0.0392268750583753,12,1.0,5565.283058,True,
LOCAL-v1-q4-cell500_shared_field-5071,4,candidate,12,463.3978931666666,0.05256808293052018,12,1.0,5560.774718,True,
LOCAL-v1-q4-cell500_shared_field-5072,4,candidate,15,408.8163262666667,0.058757083024829626,15,1.0,6132.244894,True,
LOCAL-v1-q4-cell500_shared_field-5073,4,candidate,10,562.9708465,0.036562416004016995,10,1.0,5629.708465,True,
LOCAL-v1-q4-cell500_shared_field-5074,4,candidate,16,295.3212819375,0.057111000060103834,16,1.0,4725.140511,True,
LOCAL-v1-q4-cell500_shared_field-5075,4,candidate,15,375.52724513333334,0.061175083043053746,15,1.0,5632.908677,True,
LOCAL-v1-q4-cell500_shared_field-5076,4,candidate,12,480.3828571666666,0.059541249996982515,12,1.0,5764.594286,True,
LOCAL-v1-q4-cell500_shared_field-5077,4,candidate,14,387.2527711428571,0.05398083303589374,14,1.0,5421.538796,True,
LOCAL-v1-q4-cell500_shared_field-5078,4,candidate,13,428.2956067692308,0.06034116703085601,13,1.0,5567.842888,True,
LOCAL-v1-q4-cell500_shared_field-5079,4,candidate,10,557.3764387,0.04222791700158268,10,1.0,5573.764387,True,
LOCAL-v1-q4-cell500_shared_field-5080,4,candidate,10,616.7463542,0.04001854092348367,10,1.0,6167.463542,True,
LOCAL-v1-q4-cell500_shared_field-5081,4,candidate,16,269.318897125,0.06805749994236976,16,1.0,4309.102354,True,
LOCAL-v1-q4-cell500_shared_field-5082,4,candidate,13,442.6636373076923,0.04687191697303206,13,1.0,5754.627285,True,
LOCAL-v1-q4-cell500_shared_field-5083,4,candidate,13,422.94787261538465,0.049929625005461276,13,1.0,5498.322344,True,
LOCAL-v1-q4-cell500_shared_field-5084,4,candidate,14,398.8523420714286,0.055118749965913594,14,1.0,5583.932789,True,
LOCAL-v1-q4-cell500_shared_field-5085,4,candidate,15,382.008692,0.062133333063684404,15,1.0,5730.13038,True,
LOCAL-v1-q4-cell500_shared_field-5086,4,candidate,12,488.17336625,0.051313707954250276,12,1.0,5858.080395,True,
LOCAL-v1-q4-cell500_shared_field-5087,4,candidate,13,453.1945546923077,0.04917295800987631,13,1.0,5891.529211,True,
LOCAL-v1-q4-cell500_shared_field-5088,4,candidate,16,309.046313875,0.06107387493830174,16,1.0,4944.741022,True,
LOCAL-v1-q4-cell500_shared_field-5089,4,candidate,15,381.71758973333334,0.06218270806130022,15,1.0,5725.763846,True,
LOCAL-v1-q4-cell500_shared_field-5090,4,candidate,14,417.0441695,0.04874825000297278,14,1.0,5838.618373,True,
LOCAL-v1-q4-cell500_shared_field-5091,4,candidate,12,473.98909225000006,0.0446354589657858,12,1.0,5687.869107,True,
LOCAL-v1-q4-cell500_shared_field-5092,4,candidate,11,510.26992990909093,0.0427124589914456,11,1.0,5612.969229,True,
LOCAL-v1-q4-cell500_shared_field-5093,4,candidate,15,413.6715574,0.06265054107643664,15,1.0,6205.073361,True,
LOCAL-v1-q4-cell500_shared_field-5094,4,candidate,11,534.5297007272727,0.045114625012502074,11,1.0,5879.826708,True,
LOCAL-v1-q4-cell500_shared_field-5095,4,candidate,10,590.4689381000001,0.04328458302188665,10,1.0,5904.689381,True,
LOCAL-v1-q4-cell500_shared_field-5096,4,candidate,14,386.6118955,0.05189433298073709,14,1.0,5412.566537,True,
LOCAL-v1-q4-cell500_shared_field-5097,4,candidate,13,448.9864044615385,0.04859395802486688,13,1.0,5836.823258,True,
LOCAL-v1-q4-cell500_shared_field-5098,4,candidate,16,209.4052060625,0.09478862502146512,16,1.0,3350.483297,True,
LOCAL-v1-q4-cell500_shared_field-5099,4,candidate,13,484.5333056923077,0.051512666046619415,13,1.0,6298.932974,True,
LOCAL-v1-q4-edge_mixed_min_radius-5000,4,candidate,11,531.4690774545454,0.045467125019058585,11,1.0,5846.159852,True,
LOCAL-v1-q4-edge_mixed_min_radius-5001,4,candidate,14,524.2212296428571,0.04095270799007267,14,1.0,7339.097215,True,
LOCAL-v1-q4-edge_mixed_min_radius-5002,4,candidate,15,441.85801019999997,0.030592916999012232,15,1.0,6627.870153,True,
LOCAL-v1-q4-edge_mixed_min_radius-5003,4,candidate,11,556.003098,0.026487042079679668,11,1.0,6116.034078,True,
LOCAL-v1-q4-edge_mixed_min_radius-5004,4,candidate,12,477.48385716666667,0.03418187494389713,12,1.0,5729.806286,True,
LOCAL-v1-q4-edge_mixed_min_radius-5005,4,candidate,11,509.2056661818182,0.04045458300970495,11,1.0,5601.262328,True,
LOCAL-v1-q4-edge_mixed_min_radius-5006,4,candidate,11,596.9074077272727,0.03825295902788639,11,1.0,6565.981485,True,
LOCAL-v1-q4-edge_mixed_min_radius-5007,4,candidate,11,599.2782139090909,0.024653208907693624,11,1.0,6592.060353,True,
LOCAL-v1-q4-edge_mixed_min_radius-5008,4,candidate,10,691.9686492,0.027825666940771043,10,1.0,6919.686492,True,
LOCAL-v1-q4-edge_mixed_min_radius-5009,4,candidate,14,439.89744264285713,0.04623800003901124,14,1.0,6158.564197,True,
LOCAL-v1-q4-edge_mixed_min_radius-5010,4,candidate,12,507.9365348333333,0.03852612501941621,12,1.0,6095.238418,True,
LOCAL-v1-q4-edge_mixed_min_radius-5011,4,candidate,15,384.561351,0.053193624946288764,15,1.0,5768.420265,True,
LOCAL-v1-q4-edge_mixed_min_radius-5012,4,candidate,10,620.8456559,0.03276795905549079,10,1.0,6208.456559,True,
LOCAL-v1-q4-edge_mixed_min_radius-5013,4,candidate,12,544.93708425,0.04044437501579523,12,1.0,6539.245011,True,
LOCAL-v1-q4-edge_mixed_min_radius-5014,4,candidate,11,578.6561305454545,0.031447208020836115,11,1.0,6365.217436,True,
LOCAL-v1-q4-edge_mixed_min_radius-5015,4,candidate,12,566.4549255000001,0.024338374962098897,12,1.0,6797.459106,True,
LOCAL-v1-q4-edge_mixed_min_radius-5016,4,candidate,16,414.323429375,0.03799849993083626,16,1.0,6629.17487,True,
LOCAL-v1-q4-edge_mixed_min_radius-5017,4,candidate,15,419.28809226666664,0.03324829204939306,15,1.0,6289.321384,True,
LOCAL-v1-q4-edge_mixed_min_radius-5018,4,candidate,10,635.9784068,0.026692916988395154,10,1.0,6359.784068,True,
LOCAL-v1-q4-edge_mixed_min_radius-5019,4,candidate,11,520.7639588181818,0.034427042002789676,11,1.0,5728.403547,True,
LOCAL-v1-q4-edge_mixed_min_radius-5020,4,candidate,16,272.1448651875,0.055982082965783775,16,1.0,4354.317843,True,
LOCAL-v1-q4-edge_mixed_min_radius-5021,4,candidate,14,528.3345582142857,0.026471875025890768,14,1.0,7396.683815,True,
LOCAL-v1-q4-edge_mixed_min_radius-5022,4,candidate,14,480.9960317142857,0.026340499985963106,14,1.0,6733.944444,True,
LOCAL-v1-q4-edge_mixed_min_radius-5023,4,candidate,15,406.93146333333334,0.035219374927692115,15,1.0,6103.97195,True,
LOCAL-v1-q4-edge_mixed_min_radius-5024,4,candidate,13,455.7000548461538,0.04036662494763732,13,1.0,5924.100713,True,
LOCAL-v1-q4-edge_mixed_min_radius-5025,4,candidate,12,560.8382876666667,0.03661812504287809,12,1.0,6730.059452,True,
LOCAL-v1-q4-edge_mixed_min_radius-5026,4,candidate,15,401.0665212,0.04676070902496576,15,1.0,6015.997818,True,
LOCAL-v1-q4-edge_mixed_min_radius-5027,4,candidate,11,564.0533013636364,0.03512008290272206,11,1.0,6204.586315,True,
LOCAL-v1-q4-edge_mixed_min_radius-5028,4,candidate,10,638.5091812,0.025775540969334543,10,1.0,6385.091812,True,
LOCAL-v1-q4-edge_mixed_min_radius-5029,4,candidate,11,584.1265514545455,0.02867741696536541,11,1.0,6425.392066,True,
LOCAL-v1-q4-edge_mixed_min_radius-5030,4,candidate,12,538.4262725833333,0.03278058290015906,12,1.0,6461.115271,True,
LOCAL-v1-q4-edge_mixed_min_radius-5031,4,candidate,15,480.8121462,0.03186824999283999,15,1.0,7212.182193,True,
LOCAL-v1-q4-edge_mixed_min_radius-5032,4,candidate,11,534.776546090909,0.030081415898166597,11,1.0,5882.542007,True,
LOCAL-v1-q4-edge_mixed_min_radius-5033,4,candidate,14,418.2805227857143,0.04771483293734491,14,1.0,5855.927319,True,
LOCAL-v1-q4-edge_mixed_min_radius-5034,4,candidate,16,365.9128301875,0.051204207935370505,16,1.0,5854.605283,True,
LOCAL-v1-q4-edge_mixed_min_radius-5035,4,candidate,10,693.5840546000001,0.02041799994185567,10,1.0,6935.840546,True,
LOCAL-v1-q4-edge_mixed_min_radius-5036,4,candidate,15,491.0947472,0.04236137494444847,15,1.0,7366.421208,True,
LOCAL-v1-q4-edge_mixed_min_radius-5037,4,candidate,15,451.62451706666667,0.040929874987341464,15,1.0,6774.367756,True,
LOCAL-v1-q4-edge_mixed_min_radius-5038,4,candidate,16,300.0971438125,0.04440804198384285,16,1.0,4801.554301,True,
LOCAL-v1-q4-edge_mixed_min_radius-5039,4,candidate,10,635.1661485,0.025882708025164902,10,1.0,6351.661485,True,
LOCAL-v1-q4-edge_mixed_min_radius-5040,4,candidate,15,376.2615942,0.05554320802912116,15,1.0,5643.923913,True,
LOCAL-v1-q4-edge_mixed_min_radius-5041,4,candidate,15,411.3561423333333,0.03504529199562967,15,1.0,6170.342135,True,
LOCAL-v1-q4-edge_mixed_min_radius-5042,4,candidate,11,596.1201583636364,0.03473812493029982,11,1.0,6557.321742,True,
LOCAL-v1-q4-edge_mixed_min_radius-5043,4,candidate,12,596.34086875,0.02880920807365328,12,1.0,7156.090425,True,
LOCAL-v1-q4-edge_mixed_min_radius-5044,4,candidate,11,627.6633100909091,0.028473166981711984,11,1.0,6904.296411,True,
LOCAL-v1-q4-edge_mixed_min_radius-5045,4,candidate,11,512.2917517272728,0.036382833030074835,11,1.0,5635.209269,True,
LOCAL-v1-q4-edge_mixed_min_radius-5046,4,candidate,10,595.9692496,0.03831433295272291,10,1.0,5959.692496,True,
LOCAL-v1-q4-edge_mixed_min_radius-5047,4,candidate,16,326.34923425,0.04397779097780585,16,1.0,5221.587748,True,
LOCAL-v1-q4-edge_mixed_min_radius-5048,4,candidate,12,496.65738375,0.032529208925552666,12,1.0,5959.888605,True,
LOCAL-v1-q4-edge_mixed_min_radius-5049,4,candidate,10,630.9302676,0.027030874975025654,10,1.0,6309.302676,True,
LOCAL-v1-q4-edge_mixed_min_radius-5050,4,candidate,15,416.0835495333333,0.06399962503928691,15,1.0,6241.253243,True,
LOCAL-v1-q4-edge_mixed_min_radius-5051,4,candidate,11,600.0709253636364,0.043348041945137084,11,1.0,6600.780179,True,
LOCAL-v1-q4-edge_mixed_min_radius-5052,4,candidate,13,467.64187715384617,0.04708329204004258,13,1.0,6079.344403,True,
LOCAL-v1-q4-edge_mixed_min_radius-5053,4,candidate,16,334.0198411875,0.04898349998984486,16,1.0,5344.317459,True,
LOCAL-v1-q4-edge_mixed_min_radius-5054,4,candidate,16,368.967395625,0.05547708296217024,16,1.0,5903.47833,True,
LOCAL-v1-q4-edge_mixed_min_radius-5055,4,candidate,12,574.4677991666666,0.031227750005200505,12,1.0,6893.61359,True,
LOCAL-v1-q4-edge_mixed_min_radius-5056,4,candidate,13,557.6171013076923,0.023569917073473334,13,1.0,7249.022317,True,
LOCAL-v1-q4-edge_mixed_min_radius-5057,4,candidate,13,476.65224138461537,0.04584833304397762,13,1.0,6196.479138,True,
LOCAL-v1-q4-edge_mixed_min_radius-5058,4,candidate,14,420.08527657142855,0.03392549999989569,14,1.0,5881.193872,True,
LOCAL-v1-q4-edge_mixed_min_radius-5059,4,candidate,12,484.6619256666667,0.036893832962960005,12,1.0,5815.943108,True,
LOCAL-v1-q4-edge_mixed_min_radius-5060,4,candidate,11,626.7038445454546,0.023695875075645745,11,1.0,6893.74229,True,
LOCAL-v1-q4-edge_mixed_min_radius-5061,4,candidate,13,495.91561076923074,0.03757408307865262,13,1.0,6446.90294,True,
LOCAL-v1-q4-edge_mixed_min_radius-5062,4,candidate,16,420.849350875,0.0455286669312045,16,1.0,6733.589614,True,
LOCAL-v1-q4-edge_mixed_min_radius-5063,4,candidate,15,423.4574812,0.04163425008300692,15,1.0,6351.862218,True,
LOCAL-v1-q4-edge_mixed_min_radius-5064,4,candidate,13,472.00650884615385,0.033381458022631705,13,1.0,6136.084615,True,
LOCAL-v1-q4-edge_mixed_min_radius-5065,4,candidate,12,550.300001,0.04863670899067074,12,1.0,6603.600012,True,
LOCAL-v1-q4-edge_mixed_min_radius-5066,4,candidate,10,578.0219446,0.0323638329282403,10,1.0,5780.219446,True,
LOCAL-v1-q4-edge_mixed_min_radius-5067,4,candidate,16,393.3399594375,0.03994691697880626,16,1.0,6293.439351,True,
LOCAL-v1-q4-edge_mixed_min_radius-5068,4,candidate,13,453.96187323076924,0.036856458988040686,13,1.0,5901.504352,True,
LOCAL-v1-q4-edge_mixed_min_radius-5069,4,candidate,14,500.9759755,0.040450708009302616,14,1.0,7013.663657,True,
LOCAL-v1-q4-edge_mixed_min_radius-5070,4,candidate,12,511.8448895833333,0.02633562497794628,12,1.0,6142.138675,True,
LOCAL-v1-q4-edge_mixed_min_radius-5071,4,candidate,12,488.302662,0.0346639578929171,12,1.0,5859.631944,True,
LOCAL-v1-q4-edge_mixed_min_radius-5072,4,candidate,15,454.9762824666667,0.03765058296266943,15,1.0,6824.644237,True,
LOCAL-v1-q4-edge_mixed_min_radius-5073,4,candidate,10,571.4440349,0.02869345899671316,10,1.0,5714.440349,True,
LOCAL-v1-q4-edge_mixed_min_radius-5074,4,candidate,16,343.9326423125,0.04965287493541837,16,1.0,5502.922277,True,
LOCAL-v1-q4-edge_mixed_min_radius-5075,4,candidate,15,376.1748780666667,0.05480687494855374,15,1.0,5642.623171,True,
LOCAL-v1-q4-edge_mixed_min_radius-5076,4,candidate,12,533.0575464166667,0.034865957917645574,12,1.0,6396.690557,True,
LOCAL-v1-q4-edge_mixed_min_radius-5077,4,candidate,14,400.18244385714286,0.043981292052194476,14,1.0,5602.554214,True,
LOCAL-v1-q4-edge_mixed_min_radius-5078,4,candidate,13,469.36300061538464,0.04334358300548047,13,1.0,6101.719008,True,
LOCAL-v1-q4-edge_mixed_min_radius-5079,4,candidate,10,593.6999499,0.029464916908182204,10,1.0,5936.999499,True,
LOCAL-v1-q4-edge_mixed_min_radius-5080,4,candidate,10,653.1140235,0.026288999943062663,10,1.0,6531.140235,True,
LOCAL-v1-q4-edge_mixed_min_radius-5081,4,candidate,16,427.525480625,0.03737058292608708,16,1.0,6840.40769,True,
LOCAL-v1-q4-edge_mixed_min_radius-5082,4,candidate,13,449.32736338461535,0.04119154205545783,13,1.0,5841.255724,True,
LOCAL-v1-q4-edge_mixed_min_radius-5083,4,candidate,13,459.79790369230767,0.03403408301528543,13,1.0,5977.372748,True,
LOCAL-v1-q4-edge_mixed_min_radius-5084,4,candidate,14,469.6036456428571,0.03380900004412979,14,1.0,6574.451039,True,
LOCAL-v1-q4-edge_mixed_min_radius-5085,4,candidate,15,413.3037404,0.037498375051654875,15,1.0,6199.556106,True,
LOCAL-v1-q4-edge_mixed_min_radius-5086,4,candidate,12,565.5443414166667,0.0353876668959856,12,1.0,6786.532097,True,
LOCAL-v1-q4-edge_mixed_min_radius-5087,4,candidate,13,491.060998,0.02926920901518315,13,1.0,6383.792974,True,
LOCAL-v1-q4-edge_mixed_min_radius-5088,4,candidate,16,344.3070473125,0.042040874948725104,16,1.0,5508.912757,True,
LOCAL-v1-q4-edge_mixed_min_radius-5089,4,candidate,15,417.75706206666666,0.04529804189223796,15,1.0,6266.355931,True,
LOCAL-v1-q4-edge_mixed_min_radius-5090,4,candidate,14,408.85551642857143,0.04813741601537913,14,1.0,5723.97723,True,
LOCAL-v1-q4-edge_mixed_min_radius-5091,4,candidate,12,492.73622099999994,0.04185575002338737,12,1.0,5912.834652,True,
LOCAL-v1-q4-edge_mixed_min_radius-5092,4,candidate,11,609.1399098181818,0.04594633402302861,11,1.0,6700.539008,True,
LOCAL-v1-q4-edge_mixed_min_radius-5093,4,candidate,15,476.2913433333333,0.04237970802932978,15,1.0,7144.37015,True,
LOCAL-v1-q4-edge_mixed_min_radius-5094,4,candidate,11,572.7153025454545,0.0350281250430271,11,1.0,6299.868328,True,
LOCAL-v1-q4-edge_mixed_min_radius-5095,4,candidate,10,611.7796151,0.026471665943972766,10,1.0,6117.796151,True,
LOCAL-v1-q4-edge_mixed_min_radius-5096,4,candidate,14,407.3574174285714,0.04785999993328005,14,1.0,5703.003844,True,
LOCAL-v1-q4-edge_mixed_min_radius-5097,4,candidate,13,466.50874576923076,0.03729716700036079,13,1.0,6064.613695,True,
LOCAL-v1-q4-edge_mixed_min_radius-5098,4,candidate,16,329.460201,0.05126350000500679,16,1.0,5271.363216,True,
LOCAL-v1-q4-edge_mixed_min_radius-5099,4,candidate,13,542.4895608461538,0.033546167076565325,13,1.0,7052.364291,True,
LOCAL-v1-q4-offcenter_cluster-5000,4,candidate,11,465.44805545454545,0.05564329097978771,11,1.0,5119.92861,True,
LOCAL-v1-q4-offcenter_cluster-5001,4,candidate,14,359.6103667857143,0.04616566596087068,14,1.0,5034.545135,True,
LOCAL-v1-q4-offcenter_cluster-5002,4,candidate,15,370.3571389333334,0.07227554195560515,15,1.0,5555.357084,True,
LOCAL-v1-q4-offcenter_cluster-5003,4,candidate,11,484.9757153636364,0.043102707946673036,11,1.0,5334.732869,True,
LOCAL-v1-q4-offcenter_cluster-5004,4,candidate,12,437.9132578333333,0.04777512501459569,12,1.0,5254.959094,True,
LOCAL-v1-q4-offcenter_cluster-5005,4,candidate,11,490.0649232727273,0.05950458406005055,11,1.0,5390.714156,True,
LOCAL-v1-q4-offcenter_cluster-5006,4,candidate,11,479.56758790909095,0.05127408402040601,11,1.0,5275.243467,True,
LOCAL-v1-q4-offcenter_cluster-5007,4,candidate,11,482.257603,0.03894033294636756,11,1.0,5304.833633,True,
LOCAL-v1-q4-offcenter_cluster-5008,4,candidate,10,574.3397759000001,0.036352167022414505,10,1.0,5743.397759,True,
LOCAL-v1-q4-offcenter_cluster-5009,4,candidate,14,354.4605981428571,0.052186832996085286,14,1.0,4962.448374,True,
LOCAL-v1-q4-offcenter_cluster-5010,4,candidate,12,416.86684908333336,0.03186662495136261,12,1.0,5002.402189,True,
LOCAL-v1-q4-offcenter_cluster-5011,4,candidate,15,319.3233105333333,0.08309083303902298,15,1.0,4789.849658,True,
LOCAL-v1-q4-offcenter_cluster-5012,4,candidate,10,532.2813099,0.03540595807135105,10,1.0,5322.813099,True,
LOCAL-v1-q4-offcenter_cluster-5013,4,candidate,12,440.48535416666664,0.0540356250712648,12,1.0,5285.82425,True,
LOCAL-v1-q4-offcenter_cluster-5014,4,candidate,11,482.6214181818182,0.037928415928035975,11,1.0,5308.8356,True,
LOCAL-v1-q4-offcenter_cluster-5015,4,candidate,12,499.1327906666667,0.03077616693917662,12,1.0,5989.593488,True,
LOCAL-v1-q4-offcenter_cluster-5016,4,candidate,16,170.9301893125,0.0510170420166105,16,1.0,2734.883029,True,
LOCAL-v1-q4-offcenter_cluster-5017,4,candidate,15,331.3412075333334,0.0696094159502536,15,1.0,4970.118113,True,
LOCAL-v1-q4-offcenter_cluster-5018,4,candidate,10,559.7772119,0.03637191699817777,10,1.0,5597.772119,True,
LOCAL-v1-q4-offcenter_cluster-5019,4,candidate,11,464.77419945454545,0.03654212492983788,11,1.0,5112.516194,True,
LOCAL-v1-q4-offcenter_cluster-5020,4,candidate,16,110.0100565625,0.042659000027924776,16,1.0,1760.160905,True,
LOCAL-v1-q4-offcenter_cluster-5021,4,candidate,14,388.92054285714283,0.04866020893678069,14,1.0,5444.8876,True,
LOCAL-v1-q4-offcenter_cluster-5022,4,candidate,14,428.745837,0.04944679094478488,14,1.0,6002.441718,True,
LOCAL-v1-q4-offcenter_cluster-5023,4,candidate,15,339.32438906666664,0.06067570799496025,15,1.0,5089.865836,True,
LOCAL-v1-q4-offcenter_cluster-5024,4,candidate,13,410.1259104615384,0.03583516692742705,13,1.0,5331.636836,True,
LOCAL-v1-q4-offcenter_cluster-5025,4,candidate,12,421.1136044166667,0.05185658310074359,12,1.0,5053.363253,True,
LOCAL-v1-q4-offcenter_cluster-5026,4,candidate,15,345.7797068,0.04739604203496128,15,1.0,5186.695602,True,
LOCAL-v1-q4-offcenter_cluster-5027,4,candidate,11,467.8303729090909,0.0334160829661414,11,1.0,5146.134102,True,
LOCAL-v1-q4-offcenter_cluster-5028,4,candidate,10,528.9533174999999,0.03554204199463129,10,1.0,5289.533175,True,
LOCAL-v1-q4-offcenter_cluster-5029,4,candidate,11,482.99783699999995,0.03522087505552918,11,1.0,5312.976207,True,
LOCAL-v1-q4-offcenter_cluster-5030,4,candidate,12,438.43672216666664,0.05607974994927645,12,1.0,5261.240666,True,
LOCAL-v1-q4-offcenter_cluster-5031,4,candidate,15,386.54124006666666,0.055952750029973686,15,1.0,5798.118601,True,
LOCAL-v1-q4-offcenter_cluster-5032,4,candidate,11,474.58366963636365,0.044876334024593234,11,1.0,5220.420366,True,
LOCAL-v1-q4-offcenter_cluster-5033,4,candidate,14,352.28008450000004,0.05807833292055875,14,1.0,4931.921183,True,
LOCAL-v1-q4-offcenter_cluster-5034,4,candidate,16,174.9043369375,0.05272554198745638,16,1.0,2798.469391,True,
LOCAL-v1-q4-offcenter_cluster-5035,4,candidate,10,567.7997892000001,0.03659683302976191,10,1.0,5677.997892,True,
LOCAL-v1-q4-offcenter_cluster-5036,4,candidate,15,332.186669,0.05400450003799051,15,1.0,4982.800035,True,
LOCAL-v1-q4-offcenter_cluster-5037,4,candidate,15,355.79964313333335,0.06137783394660801,15,1.0,5336.994647,True,
LOCAL-v1-q4-offcenter_cluster-5038,4,candidate,16,179.655867125,0.0712586659938097,16,1.0,2874.493874,True,
LOCAL-v1-q4-offcenter_cluster-5039,4,candidate,10,539.4516942,0.03528545901644975,10,1.0,5394.516942,True,
LOCAL-v1-q4-offcenter_cluster-5040,4,candidate,15,320.05982106666664,0.06915204098913819,15,1.0,4800.897316,True,
LOCAL-v1-q4-offcenter_cluster-5041,4,candidate,15,348.94245713333333,0.04883916594553739,15,1.0,5234.136857,True,
LOCAL-v1-q4-offcenter_cluster-5042,4,candidate,11,511.52238981818186,0.036733416956849396,11,1.0,5626.746288,True,
LOCAL-v1-q4-offcenter_cluster-5043,4,candidate,12,433.46983275,0.04927862493786961,12,1.0,5201.637993,True,
LOCAL-v1-q4-offcenter_cluster-5044,4,candidate,11,501.03777772727267,0.05731608299538493,11,1.0,5511.415555,True,
LOCAL-v1-q4-offcenter_cluster-5045,4,candidate,11,501.35018290909096,0.03588979097548872,11,1.0,5514.852012,True,
LOCAL-v1-q4-offcenter_cluster-5046,4,candidate,10,520.9896527,0.044701082981191576,10,1.0,5209.896527,True,
LOCAL-v1-q4-offcenter_cluster-5047,4,candidate,16,51.5693091875,0.04970845801290125,16,1.0,825.108947,True,
LOCAL-v1-q4-offcenter_cluster-5048,4,candidate,12,445.3998245833333,0.059309500036761165,12,1.0,5344.797895,True,
LOCAL-v1-q4-offcenter_cluster-5049,4,candidate,10,561.6583535,0.040009459014981985,10,1.0,5616.583535,True,
LOCAL-v1-q4-offcenter_cluster-5050,4,candidate,15,324.05381653333336,0.05650858301669359,15,1.0,4860.807248,True,
LOCAL-v1-q4-offcenter_cluster-5051,4,candidate,11,475.8044658181818,0.04726141598075628,11,1.0,5233.849124,True,
LOCAL-v1-q4-offcenter_cluster-5052,4,candidate,13,384.6026237692308,0.059744875063188374,13,1.0,4999.834109,True,
LOCAL-v1-q4-offcenter_cluster-5053,4,candidate,16,160.5723716875,0.06025324994698167,16,1.0,2569.157947,True,
LOCAL-v1-q4-offcenter_cluster-5054,4,candidate,16,140.12188075,0.07895845803432167,16,1.0,2241.950092,True,
LOCAL-v1-q4-offcenter_cluster-5055,4,candidate,12,440.5919123333333,0.05080158298369497,12,1.0,5287.102948,True,
LOCAL-v1-q4-offcenter_cluster-5056,4,candidate,13,440.64888392307694,0.05514695809688419,13,1.0,5728.435491,True,
LOCAL-v1-q4-offcenter_cluster-5057,4,candidate,13,432.2982683076923,0.05318537505809218,13,1.0,5619.877488,True,
LOCAL-v1-q4-offcenter_cluster-5058,4,candidate,14,375.0982050714286,0.060271749971434474,14,1.0,5251.374871,True,
LOCAL-v1-q4-offcenter_cluster-5059,4,candidate,12,422.29120508333335,0.0377898330334574,12,1.0,5067.494461,True,
LOCAL-v1-q4-offcenter_cluster-5060,4,candidate,11,488.9195683636363,0.050241459044627845,11,1.0,5378.115252,True,
LOCAL-v1-q4-offcenter_cluster-5061,4,candidate,13,427.3037632307692,0.044488875078968704,13,1.0,5554.948922,True,
LOCAL-v1-q4-offcenter_cluster-5062,4,candidate,16,165.790136875,0.07176908303517848,16,1.0,2652.64219,True,
LOCAL-v1-q4-offcenter_cluster-5063,4,candidate,15,317.33409420000004,0.06122266594320536,15,1.0,4760.011413,True,
LOCAL-v1-q4-offcenter_cluster-5064,4,candidate,13,398.09870638461535,0.04948624991811812,13,1.0,5175.283183,True,
LOCAL-v1-q4-offcenter_cluster-5065,4,candidate,12,503.2919390833333,0.03459070797543973,12,1.0,6039.503269,True,
LOCAL-v1-q4-offcenter_cluster-5066,4,candidate,10,529.4592956,0.04042804194614291,10,1.0,5294.592956,True,
LOCAL-v1-q4-offcenter_cluster-5067,4,candidate,16,183.4832495625,0.06434583303052932,16,1.0,2935.731993,True,
LOCAL-v1-q4-offcenter_cluster-5068,4,candidate,13,430.48111961538467,0.04882816702593118,13,1.0,5596.254555,True,
LOCAL-v1-q4-offcenter_cluster-5069,4,candidate,14,382.7772379285714,0.055932249990291893,14,1.0,5358.881331,True,
LOCAL-v1-q4-offcenter_cluster-5070,4,candidate,12,430.3423754166667,0.057912707910872996,12,1.0,5164.108505,True,
LOCAL-v1-q4-offcenter_cluster-5071,4,candidate,12,433.493516,0.04468120797537267,12,1.0,5201.922192,True,
LOCAL-v1-q4-offcenter_cluster-5072,4,candidate,15,347.73322219999994,0.07718074996955693,15,1.0,5215.998333,True,
LOCAL-v1-q4-offcenter_cluster-5073,4,candidate,10,524.2034666,0.04135454096831381,10,1.0,5242.034666,True,
LOCAL-v1-q4-offcenter_cluster-5074,4,candidate,16,151.43795475,0.06552708300296217,16,1.0,2423.007276,True,
LOCAL-v1-q4-offcenter_cluster-5075,4,candidate,15,332.40961906666666,0.06422141601797193,15,1.0,4986.144286,True,
LOCAL-v1-q4-offcenter_cluster-5076,4,candidate,12,465.0959429166667,0.04957091703545302,12,1.0,5581.151315,True,
LOCAL-v1-q4-offcenter_cluster-5077,4,candidate,14,359.0995344285715,0.06693554203957319,14,1.0,5027.393482,True,
LOCAL-v1-q4-offcenter_cluster-5078,4,candidate,13,387.50459046153844,0.05848129198420793,13,1.0,5037.559676,True,
LOCAL-v1-q4-offcenter_cluster-5079,4,candidate,10,542.7700084,0.04419604199938476,10,1.0,5427.700084,True,
LOCAL-v1-q4-offcenter_cluster-5080,4,candidate,10,583.4683866,0.053769333055242896,10,1.0,5834.683866,True,
LOCAL-v1-q4-offcenter_cluster-5081,4,candidate,16,182.23225725,0.054352208971977234,16,1.0,2915.716116,True,
LOCAL-v1-q4-offcenter_cluster-5082,4,candidate,13,460.54932515384615,0.042296624975278974,13,1.0,5987.141227,True,
LOCAL-v1-q4-offcenter_cluster-5083,4,candidate,13,389.91513807692303,0.057608083938248456,13,1.0,5068.896795,True,
LOCAL-v1-q4-offcenter_cluster-5084,4,candidate,14,392.15056,0.05583420896437019,14,1.0,5490.10784,True,
LOCAL-v1-q4-offcenter_cluster-5085,4,candidate,15,327.6956029333333,0.05832541699055582,15,1.0,4915.434044,True,
LOCAL-v1-q4-offcenter_cluster-5086,4,candidate,12,456.1279696666666,0.05145745899062604,12,1.0,5473.535636,True,
LOCAL-v1-q4-offcenter_cluster-5087,4,candidate,13,429.84121192307697,0.04993116692639887,13,1.0,5587.935755,True,
LOCAL-v1-q4-offcenter_cluster-5088,4,candidate,16,205.988476,0.07108612509910017,16,1.0,3295.815616,True,
LOCAL-v1-q4-offcenter_cluster-5089,4,candidate,15,328.6597078666666,0.0725372500019148,15,1.0,4929.895618,True,
LOCAL-v1-q4-offcenter_cluster-5090,4,candidate,14,353.900511,0.05874929204583168,14,1.0,4954.607154,True,
LOCAL-v1-q4-offcenter_cluster-5091,4,candidate,12,465.53511475,0.030716583947651088,12,1.0,5586.421377,True,
LOCAL-v1-q4-offcenter_cluster-5092,4,candidate,11,465.2491246363636,0.05918095901142806,11,1.0,5117.740371,True,
LOCAL-v1-q4-offcenter_cluster-5093,4,candidate,15,339.18491713333333,0.06479225005023181,15,1.0,5087.773757,True,
LOCAL-v1-q4-offcenter_cluster-5094,4,candidate,11,505.9952487272727,0.04216025001369417,11,1.0,5565.947736,True,
LOCAL-v1-q4-offcenter_cluster-5095,4,candidate,10,543.1440992,0.03695445798803121,10,1.0,5431.440992,True,
LOCAL-v1-q4-offcenter_cluster-5096,4,candidate,14,369.0356373571429,0.054555959068238735,14,1.0,5166.498923,True,
LOCAL-v1-q4-offcenter_cluster-5097,4,candidate,13,421.8064012307692,0.03872083395253867,13,1.0,5483.483216,True,
LOCAL-v1-q4-offcenter_cluster-5098,4,candidate,16,139.734728375,0.060303499922156334,16,1.0,2235.755654,True,
LOCAL-v1-q4-offcenter_cluster-5099,4,candidate,13,452.8243434615385,0.05170058296062052,13,1.0,5886.716465,True,
LOCAL-v1-q4-origin_cluster-5000,4,candidate,11,489.5499540909091,0.03715687501244247,11,1.0,5385.049495,True,
LOCAL-v1-q4-origin_cluster-5001,4,candidate,14,405.55244600000003,0.04252520902082324,14,1.0,5677.734244,True,
LOCAL-v1-q4-origin_cluster-5002,4,candidate,15,396.0795734,0.05102729192003608,15,1.0,5941.193601,True,
LOCAL-v1-q4-origin_cluster-5003,4,candidate,11,481.15746227272723,0.05654949997551739,11,1.0,5292.732085,True,
LOCAL-v1-q4-origin_cluster-5004,4,candidate,12,451.9576569166666,0.03825637500267476,12,1.0,5423.491883,True,
LOCAL-v1-q4-origin_cluster-5005,4,candidate,11,462.5528494545455,0.04606341605540365,11,1.0,5088.081344,True,
LOCAL-v1-q4-origin_cluster-5006,4,candidate,11,523.0296925454545,0.043356250040233135,11,1.0,5753.326618,True,
LOCAL-v1-q4-origin_cluster-5007,4,candidate,11,537.10024,0.045918709016405046,11,1.0,5908.10264,True,
LOCAL-v1-q4-origin_cluster-5008,4,candidate,10,614.8421016,0.03906070895027369,10,1.0,6148.421016,True,
LOCAL-v1-q4-origin_cluster-5009,4,candidate,14,371.17122907142857,0.04757720907218754,14,1.0,5196.397207,True,
LOCAL-v1-q4-origin_cluster-5010,4,candidate,12,461.33171324999995,0.02974341600202024,12,1.0,5535.980559,True,
LOCAL-v1-q4-origin_cluster-5011,4,candidate,15,326.506957,0.04147675004787743,15,1.0,4897.604355,True,
LOCAL-v1-q4-origin_cluster-5012,4,candidate,10,593.5942345999999,0.046560749993659556,10,1.0,5935.942346,True,
LOCAL-v1-q4-origin_cluster-5013,4,candidate,12,510.54842716666667,0.04312962503172457,12,1.0,6126.581126,True,
LOCAL-v1-q4-origin_cluster-5014,4,candidate,11,568.457583,0.04130629193969071,11,1.0,6253.033413,True,
LOCAL-v1-q4-origin_cluster-5015,4,candidate,12,472.41601091666666,0.04620387498289347,12,1.0,5668.992131,True,
LOCAL-v1-q4-origin_cluster-5016,4,candidate,16,227.422457375,0.05104254197794944,16,1.0,3638.759318,True,
LOCAL-v1-q4-origin_cluster-5017,4,candidate,15,403.13502186666665,0.047871500020846725,15,1.0,6047.025328,True,
LOCAL-v1-q4-origin_cluster-5018,4,candidate,10,610.8799592,0.03538566699717194,10,1.0,6108.799592,True,
LOCAL-v1-q4-origin_cluster-5019,4,candidate,11,461.1117484545455,0.03379395802039653,11,1.0,5072.229233,True,
LOCAL-v1-q4-origin_cluster-5020,4,candidate,16,127.4077883125,0.05033754196483642,16,1.0,2038.524613,True,
LOCAL-v1-q4-origin_cluster-5021,4,candidate,14,442.14104585714284,0.048262958065606654,14,1.0,6189.974642,True,
LOCAL-v1-q4-origin_cluster-5022,4,candidate,14,446.0484982142857,0.04220879205968231,14,1.0,6244.678975,True,
LOCAL-v1-q4-origin_cluster-5023,4,candidate,15,396.5738704,0.05602037499193102,15,1.0,5948.608056,True,
LOCAL-v1-q4-origin_cluster-5024,4,candidate,13,479.62106099999994,0.051715082954615355,13,1.0,6235.073793,True,
LOCAL-v1-q4-origin_cluster-5025,4,candidate,12,528.36409075,0.050045749987475574,12,1.0,6340.369089,True,
LOCAL-v1-q4-origin_cluster-5026,4,candidate,15,346.8118679333333,0.05182362499181181,15,1.0,5202.178019,True,
LOCAL-v1-q4-origin_cluster-5027,4,candidate,11,497.99812545454546,0.03273704100865871,11,1.0,5477.97938,True,
LOCAL-v1-q4-origin_cluster-5028,4,candidate,10,578.3548155999999,0.03201616695150733,10,1.0,5783.548156,True,
LOCAL-v1-q4-origin_cluster-5029,4,candidate,11,536.1252769090909,0.035006457939743996,11,1.0,5897.378046,True,
LOCAL-v1-q4-origin_cluster-5030,4,candidate,12,516.2008226666667,0.035710709053091705,12,1.0,6194.409872,True,
LOCAL-v1-q4-origin_cluster-5031,4,candidate,15,418.54175380000004,0.053365750005468726,15,1.0,6278.126307,True,
LOCAL-v1-q4-origin_cluster-5032,4,candidate,11,517.7343749090909,0.04062520794104785,11,1.0,5695.078124,True,
LOCAL-v1-q4-origin_cluster-5033,4,candidate,14,342.6536029285714,0.05488991702441126,14,1.0,4797.150441,True,
LOCAL-v1-q4-origin_cluster-5034,4,candidate,16,202.00570825,0.05557629209943116,16,1.0,3232.091332,True,
LOCAL-v1-q4-origin_cluster-5035,4,candidate,10,659.6878382,0.033023207914084196,10,1.0,6596.878382,True,
LOCAL-v1-q4-origin_cluster-5036,4,candidate,15,410.7974577333333,0.05179862503428012,15,1.0,6161.961866,True,
LOCAL-v1-q4-origin_cluster-5037,4,candidate,15,402.95528433333334,0.05546087503898889,15,1.0,6044.329265,True,
LOCAL-v1-q4-origin_cluster-5038,4,candidate,16,76.463396,0.037500916980206966,16,1.0,1223.414336,True,
LOCAL-v1-q4-origin_cluster-5039,4,candidate,10,642.1202828,0.03648087498731911,10,1.0,6421.202828,True,
LOCAL-v1-q4-origin_cluster-5040,4,candidate,15,346.1977442,0.04719262500293553,15,1.0,5192.966163,True,
LOCAL-v1-q4-origin_cluster-5041,4,candidate,15,374.79693953333333,0.04217245802283287,15,1.0,5621.954093,True,
LOCAL-v1-q4-origin_cluster-5042,4,candidate,11,508.2049246363636,0.03871066705323756,11,1.0,5590.254171,True,
LOCAL-v1-q4-origin_cluster-5043,4,candidate,12,535.3564038333333,0.04351662506815046,12,1.0,6424.276846,True,
LOCAL-v1-q4-origin_cluster-5044,4,candidate,11,550.8134900909091,0.03597037505824119,11,1.0,6058.948391,True,
LOCAL-v1-q4-origin_cluster-5045,4,candidate,11,461.26570436363636,0.03857741702813655,11,1.0,5073.922748,True,
LOCAL-v1-q4-origin_cluster-5046,4,candidate,10,545.0834571,0.03306191705632955,10,1.0,5450.834571,True,
LOCAL-v1-q4-origin_cluster-5047,4,candidate,16,133.5063355625,0.05696983297821134,16,1.0,2136.101369,True,
LOCAL-v1-q4-origin_cluster-5048,4,candidate,12,476.9965904166667,0.03894804103765637,12,1.0,5723.959085,True,
LOCAL-v1-q4-origin_cluster-5049,4,candidate,10,607.3268544,0.0385763329686597,10,1.0,6073.268544,True,
LOCAL-v1-q4-origin_cluster-5050,4,candidate,15,350.39708946666667,0.06603016704320908,15,1.0,5255.956342,True,
LOCAL-v1-q4-origin_cluster-5051,4,candidate,11,536.9537811818182,0.035631374921649694,11,1.0,5906.491593,True,
LOCAL-v1-q4-origin_cluster-5052,4,candidate,13,378.2633757692308,0.03555591590702534,13,1.0,4917.423885,True,
LOCAL-v1-q4-origin_cluster-5053,4,candidate,16,113.4573651875,0.05332704191096127,16,1.0,1815.317843,True,
LOCAL-v1-q4-origin_cluster-5054,4,candidate,16,151.032359625,0.05139441695064306,16,1.0,2416.517754,True,
LOCAL-v1-q4-origin_cluster-5055,4,candidate,12,514.2626133333333,0.03280420892406255,12,1.0,6171.15136,True,
LOCAL-v1-q4-origin_cluster-5056,4,candidate,13,502.43123407692303,0.044466208084486425,13,1.0,6531.606043,True,
LOCAL-v1-q4-origin_cluster-5057,4,candidate,13,422.6117133076923,0.04862883302848786,13,1.0,5493.952273,True,
LOCAL-v1-q4-origin_cluster-5058,4,candidate,14,372.27661007142854,0.05205312499310821,14,1.0,5211.872541,True,
LOCAL-v1-q4-origin_cluster-5059,4,candidate,12,436.5429415833333,0.03745437506586313,12,1.0,5238.515299,True,
LOCAL-v1-q4-origin_cluster-5060,4,candidate,11,544.7017737272728,0.04002249997574836,11,1.0,5991.719511,True,
LOCAL-v1-q4-origin_cluster-5061,4,candidate,13,451.81125723076923,0.0492853750474751,13,1.0,5873.546344,True,
LOCAL-v1-q4-origin_cluster-5062,4,candidate,16,102.8537196875,0.049923166050575674,16,1.0,1645.659515,True,
LOCAL-v1-q4-origin_cluster-5063,4,candidate,15,362.588911,0.058127874974161386,15,1.0,5438.833665,True,
LOCAL-v1-q4-origin_cluster-5064,4,candidate,13,448.28721238461543,0.04677341599017382,13,1.0,5827.733761,True,
LOCAL-v1-q4-origin_cluster-5065,4,candidate,12,510.6446480833333,0.033192291972227395,12,1.0,6127.735777,True,
LOCAL-v1-q4-origin_cluster-5066,4,candidate,10,537.4500043,0.049885125015862286,10,1.0,5374.500043,True,
LOCAL-v1-q4-origin_cluster-5067,4,candidate,16,166.811376625,0.048909417004324496,16,1.0,2668.982026,True,
LOCAL-v1-q4-origin_cluster-5068,4,candidate,13,447.5897385384615,0.03842545801308006,13,1.0,5818.666601,True,
LOCAL-v1-q4-origin_cluster-5069,4,candidate,14,410.92913392857145,0.04659916693344712,14,1.0,5753.007875,True,
LOCAL-v1-q4-origin_cluster-5070,4,candidate,12,501.80737008333335,0.03351608302909881,12,1.0,6021.688441,True,
LOCAL-v1-q4-origin_cluster-5071,4,candidate,12,415.9693550833333,0.03606574994046241,12,1.0,4991.632261,True,
LOCAL-v1-q4-origin_cluster-5072,4,candidate,15,383.17219133333333,0.07773633406031877,15,1.0,5747.58287,True,
LOCAL-v1-q4-origin_cluster-5073,4,candidate,10,518.6291733,0.037663792027160525,10,1.0,5186.291733,True,
LOCAL-v1-q4-origin_cluster-5074,4,candidate,16,141.586651,0.05825200001709163,16,1.0,2265.386416,True,
LOCAL-v1-q4-origin_cluster-5075,4,candidate,15,339.7176477333333,0.0505490000359714,15,1.0,5095.764716,True,
LOCAL-v1-q4-origin_cluster-5076,4,candidate,12,515.4819225833334,0.042065750109031796,12,1.0,6185.783071,True,
LOCAL-v1-q4-origin_cluster-5077,4,candidate,14,382.34333150000003,0.045834458083845675,14,1.0,5352.806641,True,
LOCAL-v1-q4-origin_cluster-5078,4,candidate,13,402.66587653846153,0.04696162499021739,13,1.0,5234.656395,True,
LOCAL-v1-q4-origin_cluster-5079,4,candidate,10,551.5037472,0.0283867500256747,10,1.0,5515.037472,True,
LOCAL-v1-q4-origin_cluster-5080,4,candidate,10,636.1590189,0.03432224993593991,10,1.0,6361.590189,True,
LOCAL-v1-q4-origin_cluster-5081,4,candidate,16,114.4155224375,0.05522124993149191,16,1.0,1830.648359,True,
LOCAL-v1-q4-origin_cluster-5082,4,candidate,13,437.81961584615385,0.04369866696652025,13,1.0,5691.655006,True,
LOCAL-v1-q4-origin_cluster-5083,4,candidate,13,437.92434630769236,0.04821195802651346,13,1.0,5693.016502,True,
LOCAL-v1-q4-origin_cluster-5084,4,candidate,14,396.26047342857146,0.0547823749948293,14,1.0,5547.646628,True,
LOCAL-v1-q4-origin_cluster-5085,4,candidate,15,372.84825466666666,0.0713232500711456,15,1.0,5592.72382,True,
LOCAL-v1-q4-origin_cluster-5086,4,candidate,12,506.4994260833334,0.04249779204837978,12,1.0,6077.993113,True,
LOCAL-v1-q4-origin_cluster-5087,4,candidate,13,507.15000838461543,0.04975233389995992,13,1.0,6592.950109,True,
LOCAL-v1-q4-origin_cluster-5088,4,candidate,16,159.1028395625,0.04587783291935921,16,1.0,2545.645433,True,
LOCAL-v1-q4-origin_cluster-5089,4,candidate,15,351.70791886666666,0.045474458020180464,15,1.0,5275.618783,True,
LOCAL-v1-q4-origin_cluster-5090,4,candidate,14,370.50983178571425,0.049842708045616746,14,1.0,5187.137645,True,
LOCAL-v1-q4-origin_cluster-5091,4,candidate,12,461.8695524166667,0.03882941696792841,12,1.0,5542.434629,True,
LOCAL-v1-q4-origin_cluster-5092,4,candidate,11,525.7444973636364,0.035142584005370736,11,1.0,5783.189471,True,
LOCAL-v1-q4-origin_cluster-5093,4,candidate,15,375.18676906666667,0.04609312501270324,15,1.0,5627.801536,True,
LOCAL-v1-q4-origin_cluster-5094,4,candidate,11,517.345961,0.04084200004581362,11,1.0,5690.805571,True,
LOCAL-v1-q4-origin_cluster-5095,4,candidate,10,643.3251015,0.04027224995661527,10,1.0,6433.251015,True,
LOCAL-v1-q4-origin_cluster-5096,4,candidate,14,340.3473949285714,0.04887570801656693,14,1.0,4764.863529,True,
LOCAL-v1-q4-origin_cluster-5097,4,candidate,13,399.2857908461538,0.048154500080272555,13,1.0,5190.715281,True,
LOCAL-v1-q4-origin_cluster-5098,4,candidate,16,83.9117556875,0.04730766697321087,16,1.0,1342.588091,True,
LOCAL-v1-q4-origin_cluster-5099,4,candidate,13,487.87684023076923,0.04294674994889647,13,1.0,6342.398923,True,
LOCAL-v1-q4-minimum_radius-5000,4,candidate,11,538.6070888181819,0.03667254198808223,11,1.0,5924.677977,True,
LOCAL-v1-q4-minimum_radius-5001,4,candidate,14,414.3608313571429,0.058648166013881564,14,1.0,5801.051639,True,
LOCAL-v1-q4-minimum_radius-5002,4,candidate,15,409.4434541333333,0.06308312492910773,15,1.0,6141.651812,True,
LOCAL-v1-q4-minimum_radius-5003,4,candidate,11,545.890548909091,0.05062729096971452,11,1.0,6004.796038,True,
LOCAL-v1-q4-minimum_radius-5004,4,candidate,12,469.6648198333333,0.04563745798077434,12,1.0,5635.977838,True,
LOCAL-v1-q4-minimum_radius-5005,4,candidate,11,513.6331765454545,0.04990079195704311,11,1.0,5649.964942,True,
LOCAL-v1-q4-minimum_radius-5006,4,candidate,11,524.0134383636364,0.043873374932445586,11,1.0,5764.147822,True,
LOCAL-v1-q4-minimum_radius-5007,4,candidate,11,539.066409,0.04501370794605464,11,1.0,5929.730499,True,
LOCAL-v1-q4-minimum_radius-5008,4,candidate,10,602.0464017,0.03689862496685237,10,1.0,6020.464017,True,
LOCAL-v1-q4-minimum_radius-5009,4,candidate,14,420.42275,0.06376470893155783,14,1.0,5885.9185,True,
LOCAL-v1-q4-minimum_radius-5010,4,candidate,12,494.58313358333334,0.03596591600216925,12,1.0,5934.997603,True,
LOCAL-v1-q4-minimum_radius-5011,4,candidate,15,389.73341366666665,0.04269308305811137,15,1.0,5846.001205,True,
LOCAL-v1-q4-minimum_radius-5012,4,candidate,10,616.4688475,0.032368334010243416,10,1.0,6164.688475,True,
LOCAL-v1-q4-minimum_radius-5013,4,candidate,12,502.34536991666664,0.046051125042140484,12,1.0,6028.144439,True,
LOCAL-v1-q4-minimum_radius-5014,4,candidate,11,531.2620342727273,0.04398808302357793,11,1.0,5843.882377,True,
LOCAL-v1-q4-minimum_radius-5015,4,candidate,12,507.5337095,0.05385933397337794,12,1.0,6090.404514,True,
LOCAL-v1-q4-minimum_radius-5016,4,candidate,16,274.8990805,0.046914540929719806,16,1.0,4398.385288,True,
LOCAL-v1-q4-minimum_radius-5017,4,candidate,15,447.78815746666663,0.0618195419665426,15,1.0,6716.822362,True,
LOCAL-v1-q4-minimum_radius-5018,4,candidate,10,597.1078695,0.04068029101472348,10,1.0,5971.078695,True,
LOCAL-v1-q4-minimum_radius-5019,4,candidate,11,536.9428902727273,0.030669999890960753,11,1.0,5906.371793,True,
LOCAL-v1-q4-minimum_radius-5020,4,candidate,16,300.8158958125,0.05039708293043077,16,1.0,4813.054333,True,
LOCAL-v1-q4-minimum_radius-5021,4,candidate,14,497.26853892857145,0.06966758298221976,14,1.0,6961.759545,True,
LOCAL-v1-q4-minimum_radius-5022,4,candidate,14,453.82154728571425,0.05054299999028444,14,1.0,6353.501662,True,
LOCAL-v1-q4-minimum_radius-5023,4,candidate,15,411.2387360666667,0.05699775007087737,15,1.0,6168.581041,True,
LOCAL-v1-q4-minimum_radius-5024,4,candidate,13,444.88725538461534,0.060153083060868084,13,1.0,5783.53432,True,
LOCAL-v1-q4-minimum_radius-5025,4,candidate,12,518.3415328333333,0.043605250073596835,12,1.0,6220.098394,True,
LOCAL-v1-q4-minimum_radius-5026,4,candidate,15,382.1950819333333,0.06077391700819135,15,1.0,5732.926229,True,
LOCAL-v1-q4-minimum_radius-5027,4,candidate,11,543.2438590909092,0.04817016690503806,11,1.0,5975.68245,True,
LOCAL-v1-q4-minimum_radius-5028,4,candidate,10,624.5656339,0.0394849160220474,10,1.0,6245.656339,True,
LOCAL-v1-q4-minimum_radius-5029,4,candidate,11,556.071034,0.03495408303570002,11,1.0,6116.781374,True,
LOCAL-v1-q4-minimum_radius-5030,4,candidate,12,530.3376673333333,0.04060499998740852,12,1.0,6364.052008,True,
LOCAL-v1-q4-minimum_radius-5031,4,candidate,15,438.5577296,0.056733750039711595,15,1.0,6578.365944,True,
LOCAL-v1-q4-minimum_radius-5032,4,candidate,11,528.5714068181818,0.03388641600031406,11,1.0,5814.285475,True,
LOCAL-v1-q4-minimum_radius-5033,4,candidate,14,406.2585995,0.05452383297961205,14,1.0,5687.620393,True,
LOCAL-v1-q4-minimum_radius-5034,4,candidate,16,357.7510900625,0.06141687510535121,16,1.0,5724.017441,True,
LOCAL-v1-q4-minimum_radius-5035,4,candidate,10,610.6851544,0.03385537501890212,10,1.0,6106.851544,True,
LOCAL-v1-q4-minimum_radius-5036,4,candidate,15,426.53494193333336,0.059469791944138706,15,1.0,6398.024129,True,
LOCAL-v1-q4-minimum_radius-5037,4,candidate,15,423.64926540000005,0.058589333086274564,15,1.0,6354.738981,True,
LOCAL-v1-q4-minimum_radius-5038,4,candidate,16,328.41975575,0.059201084077358246,16,1.0,5254.716092,True,
LOCAL-v1-q4-minimum_radius-5039,4,candidate,10,626.4526979,0.038293291931040585,10,1.0,6264.526979,True,
LOCAL-v1-q4-minimum_radius-5040,4,candidate,15,401.3880694,0.05331312492489815,15,1.0,6020.821041,True,
LOCAL-v1-q4-minimum_radius-5041,4,candidate,15,414.11995306666665,0.05293079209513962,15,1.0,6211.799296,True,
LOCAL-v1-q4-minimum_radius-5042,4,candidate,11,523.6562150909091,0.03526579204481095,11,1.0,5760.218366,True,
LOCAL-v1-q4-minimum_radius-5043,4,candidate,12,541.16771225,0.03654499992262572,12,1.0,6494.012547,True,
LOCAL-v1-q4-minimum_radius-5044,4,candidate,11,584.834735090909,0.0363850420108065,11,1.0,6433.182086,True,
LOCAL-v1-q4-minimum_radius-5045,4,candidate,11,495.7355839090909,0.04637491703033447,11,1.0,5453.091423,True,
LOCAL-v1-q4-minimum_radius-5046,4,candidate,10,596.567781,0.055702124955132604,10,1.0,5965.67781,True,
LOCAL-v1-q4-minimum_radius-5047,4,candidate,16,247.1836645625,0.0533260420197621,16,1.0,3954.938633,True,
LOCAL-v1-q4-minimum_radius-5048,4,candidate,12,515.95799175,0.051797499996609986,12,1.0,6191.495901,True,
LOCAL-v1-q4-minimum_radius-5049,4,candidate,10,601.0343853,0.035587749909609556,10,1.0,6010.343853,True,
LOCAL-v1-q4-minimum_radius-5050,4,candidate,15,396.94730880000003,0.04555045801680535,15,1.0,5954.209632,True,
LOCAL-v1-q4-minimum_radius-5051,4,candidate,11,545.5415867272727,0.036659833043813705,11,1.0,6000.957454,True,
LOCAL-v1-q4-minimum_radius-5052,4,candidate,13,438.62275800000003,0.04164983402006328,13,1.0,5702.095854,True,
LOCAL-v1-q4-minimum_radius-5053,4,candidate,16,363.8677565,0.05803891597315669,16,1.0,5821.884104,True,
LOCAL-v1-q4-minimum_radius-5054,4,candidate,16,313.468850375,0.04980170901399106,16,1.0,5015.501606,True,
LOCAL-v1-q4-minimum_radius-5055,4,candidate,12,520.2675076666667,0.054321125033311546,12,1.0,6243.210092,True,
LOCAL-v1-q4-minimum_radius-5056,4,candidate,13,518.1119963846154,0.06005608302075416,13,1.0,6735.455953,True,
LOCAL-v1-q4-minimum_radius-5057,4,candidate,13,452.32456015384616,0.052498166100122035,13,1.0,5880.219282,True,
LOCAL-v1-q4-minimum_radius-5058,4,candidate,14,435.9376587857143,0.0579670830629766,14,1.0,6103.127223,True,
LOCAL-v1-q4-minimum_radius-5059,4,candidate,12,443.37238733333334,0.0453806669684127,12,1.0,5320.468648,True,
LOCAL-v1-q4-minimum_radius-5060,4,candidate,11,577.163149909091,0.03927087504416704,11,1.0,6348.794649,True,
LOCAL-v1-q4-minimum_radius-5061,4,candidate,13,487.7598091538461,0.04608550004195422,13,1.0,6340.877519,True,
LOCAL-v1-q4-minimum_radius-5062,4,candidate,16,283.009408375,0.06554029195103794,16,1.0,4528.150534,True,
LOCAL-v1-q4-minimum_radius-5063,4,candidate,15,371.779474,0.04899095802102238,15,1.0,5576.69211,True,
LOCAL-v1-q4-minimum_radius-5064,4,candidate,13,483.78760992307696,0.05157254100777209,13,1.0,6289.238929,True,
LOCAL-v1-q4-minimum_radius-5065,4,candidate,12,535.5178855833334,0.04634441691450775,12,1.0,6426.214627,True,
LOCAL-v1-q4-minimum_radius-5066,4,candidate,10,583.5259457,0.03019054199103266,10,1.0,5835.259457,True,
LOCAL-v1-q4-minimum_radius-5067,4,candidate,16,320.957147875,0.059127582935616374,16,1.0,5135.314366,True,
LOCAL-v1-q4-minimum_radius-5068,4,candidate,13,461.70280592307694,0.03547879203688353,13,1.0,6002.136477,True,
LOCAL-v1-q4-minimum_radius-5069,4,candidate,14,420.51641892857145,0.047563000000081956,14,1.0,5887.229865,True,
LOCAL-v1-q4-minimum_radius-5070,4,candidate,12,527.5646779166667,0.0500644170679152,12,1.0,6330.776135,True,
LOCAL-v1-q4-minimum_radius-5071,4,candidate,12,460.37710925000005,0.04967908305115998,12,1.0,5524.525311,True,
LOCAL-v1-q4-minimum_radius-5072,4,candidate,15,408.86723259999997,0.04048266599420458,15,1.0,6133.008489,True,
LOCAL-v1-q4-minimum_radius-5073,4,candidate,10,572.0641066999999,0.040496874949894845,10,1.0,5720.641067,True,
LOCAL-v1-q4-minimum_radius-5074,4,candidate,16,338.499652,0.049633749993517995,16,1.0,5415.994432,True,
LOCAL-v1-q4-minimum_radius-5075,4,candidate,15,404.9217978666667,0.04321187501773238,15,1.0,6073.826968,True,
LOCAL-v1-q4-minimum_radius-5076,4,candidate,12,511.48914683333334,0.05268991703633219,12,1.0,6137.869762,True,
LOCAL-v1-q4-minimum_radius-5077,4,candidate,14,396.86841407142856,0.053705208003520966,14,1.0,5556.157797,True,
LOCAL-v1-q4-minimum_radius-5078,4,candidate,13,432.6536053846154,0.04897716594859958,13,1.0,5624.49687,True,
LOCAL-v1-q4-minimum_radius-5079,4,candidate,10,596.5553517999999,0.029738832963630557,10,1.0,5965.553518,True,
LOCAL-v1-q4-minimum_radius-5080,4,candidate,10,656.8674204,0.04086316691245884,10,1.0,6568.674204,True,
LOCAL-v1-q4-minimum_radius-5081,4,candidate,16,405.803563,0.05917308398056775,16,1.0,6492.857008,True,
LOCAL-v1-q4-minimum_radius-5082,4,candidate,13,470.33851799999997,0.058803999912925065,13,1.0,6114.400734,True,
LOCAL-v1-q4-minimum_radius-5083,4,candidate,13,449.4707365384615,0.03935770899988711,13,1.0,5843.119575,True,
LOCAL-v1-q4-minimum_radius-5084,4,candidate,14,412.7431278571429,0.05801020795479417,14,1.0,5778.40379,True,
LOCAL-v1-q4-minimum_radius-5085,4,candidate,15,416.51866033333334,0.049804207985289395,15,1.0,6247.779905,True,
LOCAL-v1-q4-minimum_radius-5086,4,candidate,12,533.401037,0.05263595900032669,12,1.0,6400.812444,True,
LOCAL-v1-q4-minimum_radius-5087,4,candidate,13,437.7117363846154,0.05350962502416223,13,1.0,5690.252573,True,
LOCAL-v1-q4-minimum_radius-5088,4,candidate,16,355.006669375,0.060800750041380525,16,1.0,5680.10671,True,
LOCAL-v1-q4-minimum_radius-5089,4,candidate,15,379.0875051333333,0.04342929203994572,15,1.0,5686.312577,True,
LOCAL-v1-q4-minimum_radius-5090,4,candidate,14,422.94151264285716,0.04478537500835955,14,1.0,5921.181177,True,
LOCAL-v1-q4-minimum_radius-5091,4,candidate,12,475.7655644166667,0.0440944159636274,12,1.0,5709.186773,True,
LOCAL-v1-q4-minimum_radius-5092,4,candidate,11,561.9729958181819,0.04000499995891005,11,1.0,6181.702954,True,
LOCAL-v1-q4-minimum_radius-5093,4,candidate,15,470.25966880000004,0.061225583078339696,15,1.0,7053.895032,True,
LOCAL-v1-q4-minimum_radius-5094,4,candidate,11,541.4599877272727,0.042866667034104466,11,1.0,5956.059865,True,
LOCAL-v1-q4-minimum_radius-5095,4,candidate,10,615.0526643000001,0.03838258306495845,10,1.0,6150.526643,True,
LOCAL-v1-q4-minimum_radius-5096,4,candidate,14,396.75875635714283,0.042010500095784664,14,1.0,5554.622589,True,
LOCAL-v1-q4-minimum_radius-5097,4,candidate,13,438.6074564615385,0.042688957997597754,13,1.0,5701.896934,True,
LOCAL-v1-q4-minimum_radius-5098,4,candidate,16,297.7804806875,0.06565899995621294,16,1.0,4764.487691,True,
LOCAL-v1-q4-minimum_radius-5099,4,candidate,13,500.6796693846154,0.062433833023533225,13,1.0,6508.835702,True,
LOCAL-v1-q4-exactly10_sources-5000,4,candidate,10,620.9601364,0.03580750001128763,10,1.0,6209.601364,True,
LOCAL-v1-q4-exactly10_sources-5001,4,candidate,10,586.3809521999999,0.04492787504568696,10,1.0,5863.809522,True,
LOCAL-v1-q4-exactly10_sources-5002,4,candidate,10,558.2931174,0.04254654189571738,10,1.0,5582.931174,True,
LOCAL-v1-q4-exactly10_sources-5003,4,candidate,10,628.2896331,0.047200458007864654,10,1.0,6282.896331,True,
LOCAL-v1-q4-exactly10_sources-5004,4,candidate,10,586.2353726,0.047147874953225255,10,1.0,5862.353726,True,
LOCAL-v1-q4-exactly10_sources-5005,4,candidate,10,576.8924091,0.04673362500034273,10,1.0,5768.924091,True,
LOCAL-v1-q4-exactly10_sources-5006,4,candidate,10,577.0383965,0.04855391592718661,10,1.0,5770.383965,True,
LOCAL-v1-q4-exactly10_sources-5007,4,candidate,10,562.2874703,0.03553116589318961,10,1.0,5622.874703,True,
LOCAL-v1-q4-exactly10_sources-5008,4,candidate,10,596.6607734,0.036390290944837034,10,1.0,5966.607734,True,
LOCAL-v1-q4-exactly10_sources-5009,4,candidate,10,567.2934408,0.04736516694538295,10,1.0,5672.934408,True,
LOCAL-v1-q4-exactly10_sources-5010,4,candidate,10,618.8071753,0.04773604206275195,10,1.0,6188.071753,True,
LOCAL-v1-q4-exactly10_sources-5011,4,candidate,10,618.1750036000001,0.036289916024543345,10,1.0,6181.750036,True,
LOCAL-v1-q4-exactly10_sources-5012,4,candidate,10,593.5182987999999,0.03920820797793567,10,1.0,5935.182988,True,
LOCAL-v1-q4-exactly10_sources-5013,4,candidate,10,606.7365041,0.03332979208789766,10,1.0,6067.365041,True,
LOCAL-v1-q4-exactly10_sources-5014,4,candidate,10,612.3259424,0.04223445791285485,10,1.0,6123.259424,True,
LOCAL-v1-q4-exactly10_sources-5015,4,candidate,10,656.5784517,0.0574799170717597,10,1.0,6565.784517,True,
LOCAL-v1-q4-exactly10_sources-5016,4,candidate,10,572.347479,0.03636362508405,10,1.0,5723.47479,True,
LOCAL-v1-q4-exactly10_sources-5017,4,candidate,10,584.1783621,0.03488079202361405,10,1.0,5841.783621,True,
LOCAL-v1-q4-exactly10_sources-5018,4,candidate,10,571.350616,0.03791108401492238,10,1.0,5713.50616,True,
LOCAL-v1-q4-exactly10_sources-5019,4,candidate,10,631.7290512,0.04337529093027115,10,1.0,6317.290512,True,
LOCAL-v1-q4-exactly10_sources-5020,4,candidate,10,594.0371089,0.032363291014917195,10,1.0,5940.371089,True,
LOCAL-v1-q4-exactly10_sources-5021,4,candidate,10,639.0444404,0.033674709033221006,10,1.0,6390.444404,True,
LOCAL-v1-q4-exactly10_sources-5022,4,candidate,10,556.1950444,0.041818875004537404,10,1.0,5561.950444,True,
LOCAL-v1-q4-exactly10_sources-5023,4,candidate,10,577.0309274,0.05093283299356699,10,1.0,5770.309274,True,
LOCAL-v1-q4-exactly10_sources-5024,4,candidate,10,608.9359466,0.03257041599135846,10,1.0,6089.359466,True,
LOCAL-v1-q4-exactly10_sources-5025,4,candidate,10,557.1119509,0.03940750006586313,10,1.0,5571.119509,True,
LOCAL-v1-q4-exactly10_sources-5026,4,candidate,10,566.7852087,0.047438417095690966,10,1.0,5667.852087,True,
LOCAL-v1-q4-exactly10_sources-5027,4,candidate,10,567.5459973,0.04606524994596839,10,1.0,5675.459973,True,
LOCAL-v1-q4-exactly10_sources-5028,4,candidate,10,636.5091752000001,0.046718417084775865,10,1.0,6365.091752,True,
LOCAL-v1-q4-exactly10_sources-5029,4,candidate,10,597.986096,0.04119916702620685,10,1.0,5979.86096,True,
LOCAL-v1-q4-exactly10_sources-5030,4,candidate,10,555.8435854,0.03923599992413074,10,1.0,5558.435854,True,
LOCAL-v1-q4-exactly10_sources-5031,4,candidate,10,595.9543086,0.05153191601857543,10,1.0,5959.543086,True,
LOCAL-v1-q4-exactly10_sources-5032,4,candidate,10,597.6387859,0.04733462492004037,10,1.0,5976.387859,True,
LOCAL-v1-q4-exactly10_sources-5033,4,candidate,10,582.134147,0.03890479204710573,10,1.0,5821.34147,True,
LOCAL-v1-q4-exactly10_sources-5034,4,candidate,10,591.4696933,0.034131749998778105,10,1.0,5914.696933,True,
LOCAL-v1-q4-exactly10_sources-5035,4,candidate,10,608.9089737,0.03969008394051343,10,1.0,6089.089737,True,
LOCAL-v1-q4-exactly10_sources-5036,4,candidate,10,615.9521354000001,0.0351772919530049,10,1.0,6159.521354,True,
LOCAL-v1-q4-exactly10_sources-5037,4,candidate,10,552.9643737,0.04340274992864579,10,1.0,5529.643737,True,
LOCAL-v1-q4-exactly10_sources-5038,4,candidate,10,614.8545508,0.04294108389876783,10,1.0,6148.545508,True,
LOCAL-v1-q4-exactly10_sources-5039,4,candidate,10,601.1879651,0.04456950002349913,10,1.0,6011.879651,True,
LOCAL-v1-q4-exactly10_sources-5040,4,candidate,10,586.8258499,0.04578870802652091,10,1.0,5868.258499,True,
LOCAL-v1-q4-exactly10_sources-5041,4,candidate,10,560.2737257,0.03847591707017273,10,1.0,5602.737257,True,
LOCAL-v1-q4-exactly10_sources-5042,4,candidate,10,573.2181744000001,0.0430051670409739,10,1.0,5732.181744,True,
LOCAL-v1-q4-exactly10_sources-5043,4,candidate,10,643.8176532,0.04127470904495567,10,1.0,6438.176532,True,
LOCAL-v1-q4-exactly10_sources-5044,4,candidate,10,555.6431975,0.048269207938574255,10,1.0,5556.431975,True,
LOCAL-v1-q4-exactly10_sources-5045,4,candidate,10,615.7842811,0.0391650419915095,10,1.0,6157.842811,True,
LOCAL-v1-q4-exactly10_sources-5046,4,candidate,10,574.8326146,0.048148500034585595,10,1.0,5748.326146,True,
LOCAL-v1-q4-exactly10_sources-5047,4,candidate,10,573.6181290000001,0.027935249963775277,10,1.0,5736.18129,True,
LOCAL-v1-q4-exactly10_sources-5048,4,candidate,10,612.8767697000001,0.05246583407279104,10,1.0,6128.767697,True,
LOCAL-v1-q4-exactly10_sources-5049,4,candidate,10,612.6755663,0.044313249993138015,10,1.0,6126.755663,True,
LOCAL-v1-q4-exactly10_sources-5050,4,candidate,10,573.4302214,0.050758833065629005,10,1.0,5734.302214,True,
LOCAL-v1-q4-exactly10_sources-5051,4,candidate,10,594.9858675,0.043849917012266815,10,1.0,5949.858675,True,
LOCAL-v1-q4-exactly10_sources-5052,4,candidate,10,563.2110604000001,0.046028500073589385,10,1.0,5632.110604,True,
LOCAL-v1-q4-exactly10_sources-5053,4,candidate,10,544.3787509,0.05465216690208763,10,1.0,5443.787509,True,
LOCAL-v1-q4-exactly10_sources-5054,4,candidate,10,624.3408979,0.03594195900950581,10,1.0,6243.408979,True,
LOCAL-v1-q4-exactly10_sources-5055,4,candidate,10,583.7229867,0.04191958310548216,10,1.0,5837.229867,True,
LOCAL-v1-q4-exactly10_sources-5056,4,candidate,10,601.1071713,0.0356183749390766,10,1.0,6011.071713,True,
LOCAL-v1-q4-exactly10_sources-5057,4,candidate,10,557.4767036000001,0.03716733295004815,10,1.0,5574.767036,True,
LOCAL-v1-q4-exactly10_sources-5058,4,candidate,10,595.8936371,0.058534709038212895,10,1.0,5958.936371,True,
LOCAL-v1-q4-exactly10_sources-5059,4,candidate,10,563.0021535,0.04604366689454764,10,1.0,5630.021535,True,
LOCAL-v1-q4-exactly10_sources-5060,4,candidate,10,588.8546834,0.0384347919607535,10,1.0,5888.546834,True,
LOCAL-v1-q4-exactly10_sources-5061,4,candidate,10,604.6557187000001,0.04327279201243073,10,1.0,6046.557187,True,
LOCAL-v1-q4-exactly10_sources-5062,4,candidate,10,600.4419525000001,0.039584374986588955,10,1.0,6004.419525,True,
LOCAL-v1-q4-exactly10_sources-5063,4,candidate,10,578.9910739,0.04327270807698369,10,1.0,5789.910739,True,
LOCAL-v1-q4-exactly10_sources-5064,4,candidate,10,559.4740122999999,0.03977216698694974,10,1.0,5594.740123,True,
LOCAL-v1-q4-exactly10_sources-5065,4,candidate,10,568.2575095999999,0.04742804204579443,10,1.0,5682.575096,True,
LOCAL-v1-q4-exactly10_sources-5066,4,candidate,10,565.5640523,0.04621691699139774,10,1.0,5655.640523,True,
LOCAL-v1-q4-exactly10_sources-5067,4,candidate,10,577.1664114,0.04513833299279213,10,1.0,5771.664114,True,
LOCAL-v1-q4-exactly10_sources-5068,4,candidate,10,551.2776417,0.042773041990585625,10,1.0,5512.776417,True,
LOCAL-v1-q4-exactly10_sources-5069,4,candidate,10,580.5352934,0.044033583952113986,10,1.0,5805.352934,True,
LOCAL-v1-q4-exactly10_sources-5070,4,candidate,10,612.6681144,0.037871165899559855,10,1.0,6126.681144,True,
LOCAL-v1-q4-exactly10_sources-5071,4,candidate,10,579.6063927,0.03098962502554059,10,1.0,5796.063927,True,
LOCAL-v1-q4-exactly10_sources-5072,4,candidate,10,583.8194909,0.05766416608821601,10,1.0,5838.194909,True,
LOCAL-v1-q4-exactly10_sources-5073,4,candidate,10,549.6963284000001,0.0657541659893468,10,1.0,5496.963284,True,
LOCAL-v1-q4-exactly10_sources-5074,4,candidate,10,582.8486143,0.02846558392047882,10,1.0,5828.486143,True,
LOCAL-v1-q4-exactly10_sources-5075,4,candidate,10,639.5615281,0.04300379101186991,10,1.0,6395.615281,True,
LOCAL-v1-q4-exactly10_sources-5076,4,candidate,10,601.3827223999999,0.041737584047950804,10,1.0,6013.827224,True,
LOCAL-v1-q4-exactly10_sources-5077,4,candidate,10,558.3482615,0.04182000004220754,10,1.0,5583.482615,True,
LOCAL-v1-q4-exactly10_sources-5078,4,candidate,10,603.5412034,0.04578541696537286,10,1.0,6035.412034,True,
LOCAL-v1-q4-exactly10_sources-5079,4,candidate,10,615.5459748999999,0.03851595800369978,10,1.0,6155.459749,True,
LOCAL-v1-q4-exactly10_sources-5080,4,candidate,10,584.8324309,0.04151275008916855,10,1.0,5848.324309,True,
LOCAL-v1-q4-exactly10_sources-5081,4,candidate,10,601.2372194,0.047588500077836215,10,1.0,6012.372194,True,
LOCAL-v1-q4-exactly10_sources-5082,4,candidate,10,557.0861119,0.04045483306981623,10,1.0,5570.861119,True,
LOCAL-v1-q4-exactly10_sources-5083,4,candidate,10,580.2950987,0.04094750003423542,10,1.0,5802.950987,True,
LOCAL-v1-q4-exactly10_sources-5084,4,candidate,10,572.7906838,0.04179608297999948,10,1.0,5727.906838,True,
LOCAL-v1-q4-exactly10_sources-5085,4,candidate,10,576.8338467,0.04349654202815145,10,1.0,5768.338467,True,
LOCAL-v1-q4-exactly10_sources-5086,4,candidate,10,586.0160506,0.041387332952581346,10,1.0,5860.160506,True,
LOCAL-v1-q4-exactly10_sources-5087,4,candidate,10,584.9966138,0.05073745897971094,10,1.0,5849.966138,True,
LOCAL-v1-q4-exactly10_sources-5088,4,candidate,10,624.1439677000001,0.046551582985557616,10,1.0,6241.439677,True,
LOCAL-v1-q4-exactly10_sources-5089,4,candidate,10,580.395307,0.05052874993998557,10,1.0,5803.95307,True,
LOCAL-v1-q4-exactly10_sources-5090,4,candidate,10,566.1965403,0.046613958082161844,10,1.0,5661.965403,True,
LOCAL-v1-q4-exactly10_sources-5091,4,candidate,10,542.8912816,0.04167425003834069,10,1.0,5428.912816,True,
LOCAL-v1-q4-exactly10_sources-5092,4,candidate,10,594.7986812,0.04280266596470028,10,1.0,5947.986812,True,
LOCAL-v1-q4-exactly10_sources-5093,4,candidate,10,557.3156328,0.04012433299794793,10,1.0,5573.156328,True,
LOCAL-v1-q4-exactly10_sources-5094,4,candidate,10,614.4850072,0.04266245802864432,10,1.0,6144.850072,True,
LOCAL-v1-q4-exactly10_sources-5095,4,candidate,10,556.5854666,0.04601712501607835,10,1.0,5565.854666,True,
LOCAL-v1-q4-exactly10_sources-5096,4,candidate,10,578.1523685,0.044153040973469615,10,1.0,5781.523685,True,
LOCAL-v1-q4-exactly10_sources-5097,4,candidate,10,577.6974272,0.041170916985720396,10,1.0,5776.974272,True,
LOCAL-v1-q4-exactly10_sources-5098,4,candidate,10,582.9303797,0.046784708043560386,10,1.0,5829.303797,True,
LOCAL-v1-q4-exactly10_sources-5099,4,candidate,10,614.0148974,0.0529185829218477,10,1.0,6140.148974,True,
LOCAL-v1-q4-exactly16_sources-5000,4,candidate,16,280.3659911875,0.06770037498790771,16,1.0,4485.855859,True,
LOCAL-v1-q4-exactly16_sources-5001,4,candidate,16,287.5506931875,0.0551295829936862,16,1.0,4600.811091,True,
LOCAL-v1-q4-exactly16_sources-5002,4,candidate,16,286.4436885625,0.05660291702952236,16,1.0,4583.099017,True,
LOCAL-v1-q4-exactly16_sources-5003,4,candidate,16,328.0091163125,0.0558495830046013,16,1.0,5248.145861,True,
LOCAL-v1-q4-exactly16_sources-5004,4,candidate,16,326.3909105,0.06602566700894386,16,1.0,5222.254568,True,
LOCAL-v1-q4-exactly16_sources-5005,4,candidate,16,331.4153506875,0.06568295799661428,16,1.0,5302.645611,True,
LOCAL-v1-q4-exactly16_sources-5006,4,candidate,16,349.542274625,0.06438508292194456,16,1.0,5592.676394,True,
LOCAL-v1-q4-exactly16_sources-5007,4,candidate,16,330.902741125,0.055016917060129344,16,1.0,5294.443858,True,
LOCAL-v1-q4-exactly16_sources-5008,4,candidate,16,268.536631625,0.06586250010877848,16,1.0,4296.586106,True,
LOCAL-v1-q4-exactly16_sources-5009,4,candidate,16,333.44282125,0.06590654200408608,16,1.0,5335.08514,True,
LOCAL-v1-q4-exactly16_sources-5010,4,candidate,16,325.647600625,0.07259954197797924,16,1.0,5210.36161,True,
LOCAL-v1-q4-exactly16_sources-5011,4,candidate,16,362.96490625,0.06751149997580796,16,1.0,5807.4385,True,
LOCAL-v1-q4-exactly16_sources-5012,4,candidate,16,335.4481311875,0.050366542069241405,16,1.0,5367.170099,True,
LOCAL-v1-q4-exactly16_sources-5013,4,candidate,16,383.7009388125,0.060273375012911856,16,1.0,6139.215021,True,
LOCAL-v1-q4-exactly16_sources-5014,4,candidate,16,256.21632475,0.06916049995925277,16,1.0,4099.461196,True,
LOCAL-v1-q4-exactly16_sources-5015,4,candidate,16,291.4268315,0.0648843749659136,16,1.0,4662.829304,True,
LOCAL-v1-q4-exactly16_sources-5016,4,candidate,16,248.6995974375,0.0562040830263868,16,1.0,3979.193559,True,
LOCAL-v1-q4-exactly16_sources-5017,4,candidate,16,173.0648895625,0.06129733403213322,16,1.0,2769.038233,True,
LOCAL-v1-q4-exactly16_sources-5018,4,candidate,16,340.460923,0.06127987499348819,16,1.0,5447.374768,True,
LOCAL-v1-q4-exactly16_sources-5019,4,candidate,16,268.244044875,0.06111583299934864,16,1.0,4291.904718,True,
LOCAL-v1-q4-exactly16_sources-5020,4,candidate,16,235.62185725,0.05562787491362542,16,1.0,3769.949716,True,
LOCAL-v1-q4-exactly16_sources-5021,4,candidate,16,344.135786375,0.0724567910656333,16,1.0,5506.172582,True,
LOCAL-v1-q4-exactly16_sources-5022,4,candidate,16,236.942605125,0.0766281250398606,16,1.0,3791.081682,True,
LOCAL-v1-q4-exactly16_sources-5023,4,candidate,16,258.6299196875,0.06706237501930445,16,1.0,4138.078715,True,
LOCAL-v1-q4-exactly16_sources-5024,4,candidate,16,277.8766599375,0.07152108300942928,16,1.0,4446.026559,True,
LOCAL-v1-q4-exactly16_sources-5025,4,candidate,16,309.160396125,0.06374566606245935,16,1.0,4946.566338,True,
LOCAL-v1-q4-exactly16_sources-5026,4,candidate,16,324.1928019375,0.060454332968220115,16,1.0,5187.084831,True,
LOCAL-v1-q4-exactly16_sources-5027,4,candidate,16,321.3193443125,0.06294687499757856,16,1.0,5141.109509,True,
LOCAL-v1-q4-exactly16_sources-5028,4,candidate,16,242.8987601875,0.06584141694474965,16,1.0,3886.380163,True,
LOCAL-v1-q4-exactly16_sources-5029,4,candidate,16,380.752232,0.06536904198583215,16,1.0,6092.035712,True,
LOCAL-v1-q4-exactly16_sources-5030,4,candidate,16,377.523747375,0.057195084053091705,16,1.0,6040.379958,True,
LOCAL-v1-q4-exactly16_sources-5031,4,candidate,16,253.3234523125,0.0637012500083074,16,1.0,4053.175237,True,
LOCAL-v1-q4-exactly16_sources-5032,4,candidate,16,289.975385875,0.05988725007046014,16,1.0,4639.606174,True,
LOCAL-v1-q4-exactly16_sources-5033,4,candidate,16,275.306999375,0.049948500003665686,16,1.0,4404.91199,True,
LOCAL-v1-q4-exactly16_sources-5034,4,candidate,16,370.465528625,0.055913666961714625,16,1.0,5927.448458,True,
LOCAL-v1-q4-exactly16_sources-5035,4,candidate,16,318.8190605,0.06555425003170967,16,1.0,5101.104968,True,
LOCAL-v1-q4-exactly16_sources-5036,4,candidate,16,326.2167506875,0.05216858291532844,16,1.0,5219.468011,True,
LOCAL-v1-q4-exactly16_sources-5037,4,candidate,16,275.014810875,0.07929408398922533,16,1.0,4400.236974,True,
LOCAL-v1-q4-exactly16_sources-5038,4,candidate,16,248.4671038125,0.06952862499747425,16,1.0,3975.473661,True,
LOCAL-v1-q4-exactly16_sources-5039,4,candidate,16,262.4541964375,0.062488208059221506,16,1.0,4199.267143,True,
LOCAL-v1-q4-exactly16_sources-5040,4,candidate,16,266.3152798125,0.06137999997008592,16,1.0,4261.044477,True,
LOCAL-v1-q4-exactly16_sources-5041,4,candidate,16,299.58562675,0.06278749997727573,16,1.0,4793.370028,True,
LOCAL-v1-q4-exactly16_sources-5042,4,candidate,16,333.4003055625,0.07790329190902412,16,1.0,5334.404889,True,
LOCAL-v1-q4-exactly16_sources-5043,4,candidate,16,434.211777125,0.0607944579096511,16,1.0,6947.388434,True,
LOCAL-v1-q4-exactly16_sources-5044,4,candidate,16,229.5773384375,0.06397379108238965,16,1.0,3673.237415,True,
LOCAL-v1-q4-exactly16_sources-5045,4,candidate,16,345.648171875,0.049538166960701346,16,1.0,5530.37075,True,
LOCAL-v1-q4-exactly16_sources-5046,4,candidate,16,244.112952125,0.0714810830540955,16,1.0,3905.807234,True,
LOCAL-v1-q4-exactly16_sources-5047,4,candidate,16,256.24082925,0.06842599995434284,16,1.0,4099.853268,True,
LOCAL-v1-q4-exactly16_sources-5048,4,candidate,16,255.807754125,0.0628799160476774,16,1.0,4092.924066,True,
LOCAL-v1-q4-exactly16_sources-5049,4,candidate,16,366.9392358125,0.07989170902874321,16,1.0,5871.027773,True,
LOCAL-v1-q4-exactly16_sources-5050,4,candidate,16,327.31354175,0.051834709011018276,16,1.0,5237.016668,True,
LOCAL-v1-q4-exactly16_sources-5051,4,candidate,16,263.7860611875,0.07053916598670185,16,1.0,4220.576979,True,
LOCAL-v1-q4-exactly16_sources-5052,4,candidate,16,323.5223021875,0.07699791691266,16,1.0,5176.356835,True,
LOCAL-v1-q4-exactly16_sources-5053,4,candidate,16,274.26841525,0.06203162495512515,16,1.0,4388.294644,True,
LOCAL-v1-q4-exactly16_sources-5054,4,candidate,16,337.5196829375,0.059291624929755926,16,1.0,5400.314927,True,
LOCAL-v1-q4-exactly16_sources-5055,4,candidate,16,355.8015919375,0.06693270802497864,16,1.0,5692.825471,True,
LOCAL-v1-q4-exactly16_sources-5056,4,candidate,16,333.0291929375,0.07162016595248133,16,1.0,5328.467087,True,
LOCAL-v1-q4-exactly16_sources-5057,4,candidate,16,207.476910625,0.06287424999754876,16,1.0,3319.63057,True,
LOCAL-v1-q4-exactly16_sources-5058,4,candidate,16,251.624892,0.06114370794966817,16,1.0,4025.998272,True,
LOCAL-v1-q4-exactly16_sources-5059,4,candidate,16,304.1218521875,0.06660704198293388,16,1.0,4865.949635,True,
LOCAL-v1-q4-exactly16_sources-5060,4,candidate,16,412.9373489375,0.0794366670306772,16,1.0,6606.997583,True,
LOCAL-v1-q4-exactly16_sources-5061,4,candidate,16,365.744670625,0.07163895794656128,16,1.0,5851.91473,True,
LOCAL-v1-q4-exactly16_sources-5062,4,candidate,16,349.2410286875,0.07782158302143216,16,1.0,5587.856459,True,
LOCAL-v1-q4-exactly16_sources-5063,4,candidate,16,277.074921875,0.09383020899258554,16,1.0,4433.19875,True,
LOCAL-v1-q4-exactly16_sources-5064,4,candidate,16,348.213934,0.07983266597148031,16,1.0,5571.422944,True,
LOCAL-v1-q4-exactly16_sources-5065,4,candidate,16,329.2903626875,0.06551112502347678,16,1.0,5268.645803,True,
LOCAL-v1-q4-exactly16_sources-5066,4,candidate,16,338.27100575,0.06849112501367927,16,1.0,5412.336092,True,
LOCAL-v1-q4-exactly16_sources-5067,4,candidate,16,310.5124528125,0.07686220796313137,16,1.0,4968.199245,True,
LOCAL-v1-q4-exactly16_sources-5068,4,candidate,16,334.3375158125,0.07528945803642273,16,1.0,5349.400253,True,
LOCAL-v1-q4-exactly16_sources-5069,4,candidate,16,239.118628,0.07830087502952665,16,1.0,3825.898048,True,
LOCAL-v1-q4-exactly16_sources-5070,4,candidate,16,358.0213589375,0.08188245794735849,16,1.0,5728.341743,True,
LOCAL-v1-q4-exactly16_sources-5071,4,candidate,16,304.378752375,0.07398091605864465,16,1.0,4870.060038,True,
LOCAL-v1-q4-exactly16_sources-5072,4,candidate,16,328.1707805625,0.07503045804332942,16,1.0,5250.732489,True,
LOCAL-v1-q4-exactly16_sources-5073,4,candidate,16,367.301146125,0.11026249988935888,16,1.0,5876.818338,True,
LOCAL-v1-q4-exactly16_sources-5074,4,candidate,16,255.14639125,0.07529829198028892,16,1.0,4082.34226,True,
LOCAL-v1-q4-exactly16_sources-5075,4,candidate,16,250.6033148125,0.07026991597376764,16,1.0,4009.653037,True,
LOCAL-v1-q4-exactly16_sources-5076,4,candidate,16,328.1335425625,0.05739241698756814,16,1.0,5250.136681,True,
LOCAL-v1-q4-exactly16_sources-5077,4,candidate,16,391.3056774375,0.06131499994080514,16,1.0,6260.890839,True,
LOCAL-v1-q4-exactly16_sources-5078,4,candidate,16,358.37243975,0.06540366692934185,16,1.0,5733.959036,True,
LOCAL-v1-q4-exactly16_sources-5079,4,candidate,16,313.9013764375,0.05100612493697554,16,1.0,5022.422023,True,
LOCAL-v1-q4-exactly16_sources-5080,4,candidate,16,305.34783625,0.06787104101385921,16,1.0,4885.56538,True,
LOCAL-v1-q4-exactly16_sources-5081,4,candidate,16,323.6894469375,0.06499779096338898,16,1.0,5179.031151,True,
LOCAL-v1-q4-exactly16_sources-5082,4,candidate,16,301.204423875,0.06375620898324996,16,1.0,4819.270782,True,
LOCAL-v1-q4-exactly16_sources-5083,4,candidate,16,357.0575405,0.0618870829930529,16,1.0,5712.920648,True,
LOCAL-v1-q4-exactly16_sources-5084,4,candidate,16,384.1248171875,0.05331204109825194,16,1.0,6145.997075,True,
LOCAL-v1-q4-exactly16_sources-5085,4,candidate,16,241.6584168125,0.08584554202388972,16,1.0,3866.534669,True,
LOCAL-v1-q4-exactly16_sources-5086,4,candidate,16,261.592536625,0.09837141702882946,16,1.0,4185.480586,True,
LOCAL-v1-q4-exactly16_sources-5087,4,candidate,16,221.243240125,0.07883783301804215,16,1.0,3539.891842,True,
LOCAL-v1-q4-exactly16_sources-5088,4,candidate,16,316.0670433125,0.06466545793227851,16,1.0,5057.072693,True,
LOCAL-v1-q4-exactly16_sources-5089,4,candidate,16,277.0649604375,0.0775276250205934,16,1.0,4433.039367,True,
LOCAL-v1-q4-exactly16_sources-5090,4,candidate,16,284.5143301875,0.07586529094260186,16,1.0,4552.229283,True,
LOCAL-v1-q4-exactly16_sources-5091,4,candidate,16,351.3652894375,0.055811666999943554,16,1.0,5621.844631,True,
LOCAL-v1-q4-exactly16_sources-5092,4,candidate,16,399.0082194375,0.06434475001879036,16,1.0,6384.131511,True,
LOCAL-v1-q4-exactly16_sources-5093,4,candidate,16,278.6946021875,0.06254625006113201,16,1.0,4459.113635,True,
LOCAL-v1-q4-exactly16_sources-5094,4,candidate,16,331.3764185625,0.055208583013154566,16,1.0,5302.022697,True,
LOCAL-v1-q4-exactly16_sources-5095,4,candidate,16,248.2968228125,0.06628400005865842,16,1.0,3972.749165,True,
LOCAL-v1-q4-exactly16_sources-5096,4,candidate,16,283.9549948125,0.0700105830328539,16,1.0,4543.279917,True,
LOCAL-v1-q4-exactly16_sources-5097,4,candidate,16,265.2481636875,0.06276354205328971,16,1.0,4243.970619,True,
LOCAL-v1-q4-exactly16_sources-5098,4,candidate,16,213.9485461875,0.07258329098112881,16,1.0,3423.176739,True,
LOCAL-v1-q4-exactly16_sources-5099,4,candidate,16,243.05780625,0.07250000000931323,16,1.0,3888.9249,True,
