case_id,mode,variant,cleared_count,average_clear_time_s,program_runtime_s,source_count,cleared_fraction,total_virtual_time_s,complete,error
LOCAL-v1-q3-reference_assumed-5000,3,frozen_baseline,11,307.7000336363636,0.001373999984934926,11,1.0,3384.70037,True,
LOCAL-v1-q3-reference_assumed-5001,3,frozen_baseline,14,249.85846742857143,0.0013100419891998172,14,1.0,3498.018544,True,
LOCAL-v1-q3-reference_assumed-5002,3,frozen_baseline,15,253.39230793333334,0.0015160420443862677,15,1.0,3800.884619,True,
LOCAL-v1-q3-reference_assumed-5003,3,frozen_baseline,11,316.6374900909091,0.001049291924573481,11,1.0,3483.012391,True,
LOCAL-v1-q3-reference_assumed-5004,3,frozen_baseline,12,330.2754581666667,0.001227749977260828,12,1.0,3963.305498,True,
LOCAL-v1-q3-reference_assumed-5005,3,frozen_baseline,11,331.79895700000003,0.001275458955205977,11,1.0,3649.788527,True,
LOCAL-v1-q3-reference_assumed-5006,3,frozen_baseline,11,345.50831145454544,0.0012062500463798642,11,1.0,3800.591426,True,
LOCAL-v1-q3-reference_assumed-5007,3,frozen_baseline,11,348.8436629090909,0.0010416250443086028,11,1.0,3837.280292,True,
LOCAL-v1-q3-reference_assumed-5008,3,frozen_baseline,10,333.7374116,0.0010111669544130564,10,1.0,3337.374116,True,
LOCAL-v1-q3-reference_assumed-5009,3,frozen_baseline,14,283.641857,0.0013293750816956162,14,1.0,3970.985998,True,
LOCAL-v1-q3-reference_assumed-5010,3,frozen_baseline,12,330.59807574999996,0.0010935829486697912,12,1.0,3967.176909,True,
LOCAL-v1-q3-reference_assumed-5011,3,frozen_baseline,15,284.54865806666663,0.0015038750134408474,15,1.0,4268.229871,True,
LOCAL-v1-q3-reference_assumed-5012,3,frozen_baseline,10,355.2931689,0.0009929999941959977,10,1.0,3552.931689,True,
LOCAL-v1-q3-reference_assumed-5013,3,frozen_baseline,12,294.3771953333333,0.001292250002734363,12,1.0,3532.526344,True,
LOCAL-v1-q3-reference_assumed-5014,3,frozen_baseline,11,340.9183932727273,0.0011842090170830488,11,1.0,3750.102326,True,
LOCAL-v1-q3-reference_assumed-5015,3,frozen_baseline,12,290.52212041666667,0.0011523340363055468,12,1.0,3486.265445,True,
LOCAL-v1-q3-reference_assumed-5016,3,frozen_baseline,16,256.052974875,0.001632416038773954,16,1.0,4096.847598,True,
LOCAL-v1-q3-reference_assumed-5017,3,frozen_baseline,15,271.708143,0.00143258401658386,15,1.0,4075.622145,True,
LOCAL-v1-q3-reference_assumed-5018,3,frozen_baseline,10,380.89201979999996,0.001067875069566071,10,1.0,3808.920198,True,
LOCAL-v1-q3-reference_assumed-5019,3,frozen_baseline,11,350.6120645454546,0.0012385830050334334,11,1.0,3856.73271,True,
LOCAL-v1-q3-reference_assumed-5020,3,frozen_baseline,16,266.0172461875,0.0014996250392869115,16,1.0,4256.275939,True,
LOCAL-v1-q3-reference_assumed-5021,3,frozen_baseline,14,258.07373285714283,0.0012940840097144246,14,1.0,3613.03226,True,
LOCAL-v1-q3-reference_assumed-5022,3,frozen_baseline,14,274.3347495,0.0012704160762950778,14,1.0,3840.686493,True,
LOCAL-v1-q3-reference_assumed-5023,3,frozen_baseline,15,288.1018344666667,0.0014025409473106265,15,1.0,4321.527517,True,
LOCAL-v1-q3-reference_assumed-5024,3,frozen_baseline,13,341.9181263846154,0.001275166985578835,13,1.0,4444.935643,True,
LOCAL-v1-q3-reference_assumed-5025,3,frozen_baseline,12,317.0115739166667,0.0012321670074015856,12,1.0,3804.138887,True,
LOCAL-v1-q3-reference_assumed-5026,3,frozen_baseline,15,299.4737095333333,0.0013371659442782402,15,1.0,4492.105643,True,
LOCAL-v1-q3-reference_assumed-5027,3,frozen_baseline,11,299.4585982727273,0.0010806249920278788,11,1.0,3294.044581,True,
LOCAL-v1-q3-reference_assumed-5028,3,frozen_baseline,10,357.3114312,0.0009208749979734421,10,1.0,3573.114312,True,
LOCAL-v1-q3-reference_assumed-5029,3,frozen_baseline,11,301.53134318181816,0.00101200002245605,11,1.0,3316.844775,True,
LOCAL-v1-q3-reference_assumed-5030,3,frozen_baseline,12,311.48427341666667,0.001076625077985227,12,1.0,3737.811281,True,
LOCAL-v1-q3-reference_assumed-5031,3,frozen_baseline,15,246.60765406666667,0.0014867919962853193,15,1.0,3699.114811,True,
LOCAL-v1-q3-reference_assumed-5032,3,frozen_baseline,11,349.8501651818182,0.0010816249996423721,11,1.0,3848.351817,True,
LOCAL-v1-q3-reference_assumed-5033,3,frozen_baseline,14,287.46180421428573,0.001339958980679512,14,1.0,4024.465259,True,
LOCAL-v1-q3-reference_assumed-5034,3,frozen_baseline,16,253.77811075,0.0015011250507086515,16,1.0,4060.449772,True,
LOCAL-v1-q3-reference_assumed-5035,3,frozen_baseline,10,377.25829469999996,0.001054624910466373,10,1.0,3772.582947,True,
LOCAL-v1-q3-reference_assumed-5036,3,frozen_baseline,15,243.78415046666666,0.0014174169627949595,15,1.0,3656.762257,True,
LOCAL-v1-q3-reference_assumed-5037,3,frozen_baseline,15,274.9992613333333,0.0015232079895213246,15,1.0,4124.98892,True,
LOCAL-v1-q3-reference_assumed-5038,3,frozen_baseline,16,275.48420675,0.0015504579059779644,16,1.0,4407.747308,True,
LOCAL-v1-q3-reference_assumed-5039,3,frozen_baseline,10,367.7431441,0.0009822080610319972,10,1.0,3677.431441,True,
LOCAL-v1-q3-reference_assumed-5040,3,frozen_baseline,15,275.8249759333333,0.0014371250290423632,15,1.0,4137.374639,True,
LOCAL-v1-q3-reference_assumed-5041,3,frozen_baseline,15,301.30364526666665,0.0016184999840334058,15,1.0,4519.554679,True,
LOCAL-v1-q3-reference_assumed-5042,3,frozen_baseline,11,317.9805875454545,0.0010993340983986855,11,1.0,3497.786463,True,
LOCAL-v1-q3-reference_assumed-5043,3,frozen_baseline,12,330.7266740833333,0.0011673750123009086,12,1.0,3968.720089,True,
LOCAL-v1-q3-reference_assumed-5044,3,frozen_baseline,11,318.2703969090909,0.00105441699270159,11,1.0,3500.974366,True,
LOCAL-v1-q3-reference_assumed-5045,3,frozen_baseline,11,310.1343348181818,0.0010177079821005464,11,1.0,3411.477683,True,
LOCAL-v1-q3-reference_assumed-5046,3,frozen_baseline,10,328.80100200000004,0.0010578330839052796,10,1.0,3288.01002,True,
LOCAL-v1-q3-reference_assumed-5047,3,frozen_baseline,16,230.7874636875,0.0015215419698506594,16,1.0,3692.599419,True,
LOCAL-v1-q3-reference_assumed-5048,3,frozen_baseline,12,344.2830475,0.0012982920743525028,12,1.0,4131.39657,True,
LOCAL-v1-q3-reference_assumed-5049,3,frozen_baseline,10,316.59029019999997,0.0010364999761804938,10,1.0,3165.902902,True,
LOCAL-v1-q3-reference_assumed-5050,3,frozen_baseline,15,282.3647712666667,0.001529333065263927,15,1.0,4235.471569,True,
LOCAL-v1-q3-reference_assumed-5051,3,frozen_baseline,11,298.9414198181818,0.0010110409930348396,11,1.0,3288.355618,True,
LOCAL-v1-q3-reference_assumed-5052,3,frozen_baseline,13,320.3169414615385,0.0013460000045597553,13,1.0,4164.120239,True,
LOCAL-v1-q3-reference_assumed-5053,3,frozen_baseline,16,252.2673453125,0.0013841250911355019,16,1.0,4036.277525,True,
LOCAL-v1-q3-reference_assumed-5054,3,frozen_baseline,16,262.790193,0.0014798330375924706,16,1.0,4204.643088,True,
LOCAL-v1-q3-reference_assumed-5055,3,frozen_baseline,12,335.9658250833333,0.0013271250063553452,12,1.0,4031.589901,True,
LOCAL-v1-q3-reference_assumed-5056,3,frozen_baseline,13,285.21315799999996,0.0012283750111237168,13,1.0,3707.771054,True,
LOCAL-v1-q3-reference_assumed-5057,3,frozen_baseline,13,310.0252980769231,0.001197290956042707,13,1.0,4030.328875,True,
LOCAL-v1-q3-reference_assumed-5058,3,frozen_baseline,14,245.3325385,0.0011827079579234123,14,1.0,3434.655539,True,
LOCAL-v1-q3-reference_assumed-5059,3,frozen_baseline,12,295.7842071666667,0.0011597080156207085,12,1.0,3549.410486,True,
LOCAL-v1-q3-reference_assumed-5060,3,frozen_baseline,11,322.19719527272724,0.001152625074610114,11,1.0,3544.169148,True,
LOCAL-v1-q3-reference_assumed-5061,3,frozen_baseline,13,253.32905361538462,0.0012228749692440033,13,1.0,3293.277697,True,
LOCAL-v1-q3-reference_assumed-5062,3,frozen_baseline,16,249.1404301875,0.001338499947451055,16,1.0,3986.246883,True,
LOCAL-v1-q3-reference_assumed-5063,3,frozen_baseline,15,284.68896006666665,0.0014252499677240849,15,1.0,4270.334401,True,
LOCAL-v1-q3-reference_assumed-5064,3,frozen_baseline,13,289.7424126923077,0.0011013750918209553,13,1.0,3766.651365,True,
LOCAL-v1-q3-reference_assumed-5065,3,frozen_baseline,12,319.2959835,0.0012434580130502582,12,1.0,3831.551802,True,
LOCAL-v1-q3-reference_assumed-5066,3,frozen_baseline,10,384.73998040000004,0.0009593749418854713,10,1.0,3847.399804,True,
LOCAL-v1-q3-reference_assumed-5067,3,frozen_baseline,16,267.5560099375,0.0016063330695033073,16,1.0,4280.896159,True,
LOCAL-v1-q3-reference_assumed-5068,3,frozen_baseline,13,275.94273084615384,0.0012615410378202796,13,1.0,3587.255501,True,
LOCAL-v1-q3-reference_assumed-5069,3,frozen_baseline,14,292.5421530714286,0.0013789159711450338,14,1.0,4095.590143,True,
LOCAL-v1-q3-reference_assumed-5070,3,frozen_baseline,12,331.8745704166667,0.0013955420581623912,12,1.0,3982.494845,True,
LOCAL-v1-q3-reference_assumed-5071,3,frozen_baseline,12,321.3145620833333,0.001285666017793119,12,1.0,3855.774745,True,
LOCAL-v1-q3-reference_assumed-5072,3,frozen_baseline,15,289.87779746666666,0.0015500410227105021,15,1.0,4348.166962,True,
LOCAL-v1-q3-reference_assumed-5073,3,frozen_baseline,10,372.178723,0.0010868749814108014,10,1.0,3721.78723,True,
LOCAL-v1-q3-reference_assumed-5074,3,frozen_baseline,16,240.63327025,0.0015583749627694488,16,1.0,3850.132324,True,
LOCAL-v1-q3-reference_assumed-5075,3,frozen_baseline,15,244.04249886666668,0.0013772080419585109,15,1.0,3660.637483,True,
LOCAL-v1-q3-reference_assumed-5076,3,frozen_baseline,12,312.78336183333334,0.0013204170390963554,12,1.0,3753.400342,True,
LOCAL-v1-q3-reference_assumed-5077,3,frozen_baseline,14,287.45781985714285,0.0013458329485729337,14,1.0,4024.409478,True,
LOCAL-v1-q3-reference_assumed-5078,3,frozen_baseline,13,272.6060600769231,0.001278792042285204,13,1.0,3543.878781,True,
LOCAL-v1-q3-reference_assumed-5079,3,frozen_baseline,10,357.4617021,0.0010238329414278269,10,1.0,3574.617021,True,
LOCAL-v1-q3-reference_assumed-5080,3,frozen_baseline,10,331.867172,0.0009702090173959732,10,1.0,3318.67172,True,
LOCAL-v1-q3-reference_assumed-5081,3,frozen_baseline,16,239.019877125,0.0014960839180275798,16,1.0,3824.318034,True,
LOCAL-v1-q3-reference_assumed-5082,3,frozen_baseline,13,299.63522415384614,0.0012130000395700336,13,1.0,3895.257914,True,
LOCAL-v1-q3-reference_assumed-5083,3,frozen_baseline,13,297.4590646153846,0.0013081250945106149,13,1.0,3866.96784,True,
LOCAL-v1-q3-reference_assumed-5084,3,frozen_baseline,14,330.6167555,0.0014897920191287994,14,1.0,4628.634577,True,
LOCAL-v1-q3-reference_assumed-5085,3,frozen_baseline,15,306.02174966666666,0.00152299995534122,15,1.0,4590.326245,True,
LOCAL-v1-q3-reference_assumed-5086,3,frozen_baseline,12,297.2670059166667,0.00120433303527534,12,1.0,3567.204071,True,
LOCAL-v1-q3-reference_assumed-5087,3,frozen_baseline,13,306.23835123076924,0.00145295902621001,13,1.0,3981.098566,True,
LOCAL-v1-q3-reference_assumed-5088,3,frozen_baseline,16,226.3097661875,0.0014685000060126185,16,1.0,3620.956259,True,
LOCAL-v1-q3-reference_assumed-5089,3,frozen_baseline,15,302.9386604,0.0014748339308425784,15,1.0,4544.079906,True,
LOCAL-v1-q3-reference_assumed-5090,3,frozen_baseline,14,282.4126248571429,0.0016551249427720904,14,1.0,3953.776748,True,
LOCAL-v1-q3-reference_assumed-5091,3,frozen_baseline,12,296.6007725,0.0011907909065485,12,1.0,3559.20927,True,
LOCAL-v1-q3-reference_assumed-5092,3,frozen_baseline,11,294.15065327272725,0.0011011669412255287,11,1.0,3235.657186,True,
LOCAL-v1-q3-reference_assumed-5093,3,frozen_baseline,15,265.87705206666664,0.0013898330507799983,15,1.0,3988.155781,True,
LOCAL-v1-q3-reference_assumed-5094,3,frozen_baseline,11,343.3382279090909,0.001078624976798892,11,1.0,3776.720507,True,
LOCAL-v1-q3-reference_assumed-5095,3,frozen_baseline,10,335.5155848,0.0010679579572752118,10,1.0,3355.155848,True,
LOCAL-v1-q3-reference_assumed-5096,3,frozen_baseline,14,309.34389035714287,0.0013647079467773438,14,1.0,4330.814465,True,
LOCAL-v1-q3-reference_assumed-5097,3,frozen_baseline,13,265.27980292307694,0.001056583016179502,13,1.0,3448.637438,True,
LOCAL-v1-q3-reference_assumed-5098,3,frozen_baseline,16,260.62969925,0.001651124912314117,16,1.0,4170.075188,True,
LOCAL-v1-q3-reference_assumed-5099,3,frozen_baseline,13,307.0782733846154,0.0012208330444991589,13,1.0,3992.017554,True,
LOCAL-v1-q3-fixed_positive_bias-5000,3,frozen_baseline,11,310.06636245454547,0.0011048750020563602,11,1.0,3410.729987,True,
LOCAL-v1-q3-fixed_positive_bias-5001,3,frozen_baseline,14,272.87471714285715,0.0014674579724669456,14,1.0,3820.24604,True,
LOCAL-v1-q3-fixed_positive_bias-5002,3,frozen_baseline,15,259.1026010666667,0.0015293750911951065,15,1.0,3886.539016,True,
LOCAL-v1-q3-fixed_positive_bias-5003,3,frozen_baseline,11,315.51348154545457,0.0010465829400345683,11,1.0,3470.648297,True,
LOCAL-v1-q3-fixed_positive_bias-5004,3,frozen_baseline,12,327.89982333333336,0.0012272909516468644,12,1.0,3934.79788,True,
LOCAL-v1-q3-fixed_positive_bias-5005,3,frozen_baseline,11,338.3190908181818,0.001242334023118019,11,1.0,3721.509999,True,
LOCAL-v1-q3-fixed_positive_bias-5006,3,frozen_baseline,11,338.8168559090909,0.0010859169997274876,11,1.0,3726.985415,True,
LOCAL-v1-q3-fixed_positive_bias-5007,3,frozen_baseline,11,344.91114163636365,0.0010907500982284546,11,1.0,3794.022558,True,
LOCAL-v1-q3-fixed_positive_bias-5008,3,frozen_baseline,10,358.5721963,0.0010929589625447989,10,1.0,3585.721963,True,
LOCAL-v1-q3-fixed_positive_bias-5009,3,frozen_baseline,14,282.57164907142857,0.0013361249584704638,14,1.0,3956.003087,True,
LOCAL-v1-q3-fixed_positive_bias-5010,3,frozen_baseline,12,318.39351308333335,0.001199625083245337,12,1.0,3820.722157,True,
LOCAL-v1-q3-fixed_positive_bias-5011,3,frozen_baseline,15,270.9898531333333,0.0014732079580426216,15,1.0,4064.847797,True,
LOCAL-v1-q3-fixed_positive_bias-5012,3,frozen_baseline,10,357.4380147,0.0009706669952720404,10,1.0,3574.380147,True,
LOCAL-v1-q3-fixed_positive_bias-5013,3,frozen_baseline,12,291.82765083333334,0.0011696669971570373,12,1.0,3501.93181,True,
LOCAL-v1-q3-fixed_positive_bias-5014,3,frozen_baseline,11,345.8455199090909,0.0012659160420298576,11,1.0,3804.300719,True,
LOCAL-v1-q3-fixed_positive_bias-5015,3,frozen_baseline,12,346.24665483333337,0.0012439169222489,12,1.0,4154.959858,True,
LOCAL-v1-q3-fixed_positive_bias-5016,3,frozen_baseline,16,259.441300125,0.0016986249247565866,16,1.0,4151.060802,True,
LOCAL-v1-q3-fixed_positive_bias-5017,3,frozen_baseline,15,263.3815062,0.0016412920085713267,15,1.0,3950.722593,True,
LOCAL-v1-q3-fixed_positive_bias-5018,3,frozen_baseline,10,347.49617920000003,0.0010766660561785102,10,1.0,3474.961792,True,
LOCAL-v1-q3-fixed_positive_bias-5019,3,frozen_baseline,11,344.4515648181818,0.001143125002272427,11,1.0,3788.967213,True,
LOCAL-v1-q3-fixed_positive_bias-5020,3,frozen_baseline,16,277.4321976875,0.0015526670031249523,16,1.0,4438.915163,True,
LOCAL-v1-q3-fixed_positive_bias-5021,3,frozen_baseline,14,266.60530857142857,0.0014277909649536014,14,1.0,3732.47432,True,
LOCAL-v1-q3-fixed_positive_bias-5022,3,frozen_baseline,14,287.28438992857144,0.0015192499849945307,14,1.0,4021.981459,True,
LOCAL-v1-q3-fixed_positive_bias-5023,3,frozen_baseline,15,269.69255246666665,0.001440958003513515,15,1.0,4045.388287,True,
LOCAL-v1-q3-fixed_positive_bias-5024,3,frozen_baseline,13,348.14275699999996,0.001311708940193057,13,1.0,4525.855841,True,
LOCAL-v1-q3-fixed_positive_bias-5025,3,frozen_baseline,12,313.84543924999997,0.0012390830088406801,12,1.0,3766.145271,True,
LOCAL-v1-q3-fixed_positive_bias-5026,3,frozen_baseline,15,284.0478844666667,0.0013024170184507966,15,1.0,4260.718267,True,
LOCAL-v1-q3-fixed_positive_bias-5027,3,frozen_baseline,11,297.7133483636364,0.001084415940567851,11,1.0,3274.846832,True,
LOCAL-v1-q3-fixed_positive_bias-5028,3,frozen_baseline,10,364.719326,0.0010759999277070165,10,1.0,3647.19326,True,
LOCAL-v1-q3-fixed_positive_bias-5029,3,frozen_baseline,11,328.3728843636364,0.0010766249615699053,11,1.0,3612.101728,True,
LOCAL-v1-q3-fixed_positive_bias-5030,3,frozen_baseline,12,326.6461274166667,0.0010898750042542815,12,1.0,3919.753529,True,
LOCAL-v1-q3-fixed_positive_bias-5031,3,frozen_baseline,15,290.4846798,0.0016105410177260637,15,1.0,4357.270197,True,
LOCAL-v1-q3-fixed_positive_bias-5032,3,frozen_baseline,11,347.05408390909093,0.00104320899117738,11,1.0,3817.594923,True,
LOCAL-v1-q3-fixed_positive_bias-5033,3,frozen_baseline,14,280.1584729285714,0.0014117079554125667,14,1.0,3922.218621,True,
LOCAL-v1-q3-fixed_positive_bias-5034,3,frozen_baseline,16,265.8213105,0.0018645410891622305,16,1.0,4253.140968,True,
LOCAL-v1-q3-fixed_positive_bias-5035,3,frozen_baseline,10,390.7726334,0.0011150840437039733,10,1.0,3907.726334,True,
LOCAL-v1-q3-fixed_positive_bias-5036,3,frozen_baseline,15,289.17773493333334,0.001477499958127737,15,1.0,4337.666024,True,
LOCAL-v1-q3-fixed_positive_bias-5037,3,frozen_baseline,15,298.01370613333336,0.0016279170522466302,15,1.0,4470.205592,True,
LOCAL-v1-q3-fixed_positive_bias-5038,3,frozen_baseline,16,268.742751125,0.001822250080294907,16,1.0,4299.884018,True,
LOCAL-v1-q3-fixed_positive_bias-5039,3,frozen_baseline,10,361.6415994,0.0012493750546127558,10,1.0,3616.415994,True,
LOCAL-v1-q3-fixed_positive_bias-5040,3,frozen_baseline,15,287.93642286666665,0.0014692910481244326,15,1.0,4319.046343,True,
LOCAL-v1-q3-fixed_positive_bias-5041,3,frozen_baseline,15,308.7589221333334,0.001409208052791655,15,1.0,4631.383832,True,
LOCAL-v1-q3-fixed_positive_bias-5042,3,frozen_baseline,11,313.9890819090909,0.0009970000246539712,11,1.0,3453.879901,True,
LOCAL-v1-q3-fixed_positive_bias-5043,3,frozen_baseline,12,303.98048675,0.0012709159636870027,12,1.0,3647.765841,True,
LOCAL-v1-q3-fixed_positive_bias-5044,3,frozen_baseline,11,310.50894618181815,0.0009744589915499091,11,1.0,3415.598408,True,
LOCAL-v1-q3-fixed_positive_bias-5045,3,frozen_baseline,11,312.1068820909091,0.0010370409581810236,11,1.0,3433.175703,True,
LOCAL-v1-q3-fixed_positive_bias-5046,3,frozen_baseline,10,342.7776578,0.0012309170560911298,10,1.0,3427.776578,True,
LOCAL-v1-q3-fixed_positive_bias-5047,3,frozen_baseline,16,229.793307125,0.0014331249985843897,16,1.0,3676.692914,True,
LOCAL-v1-q3-fixed_positive_bias-5048,3,frozen_baseline,12,296.80454349999997,0.0011984159937128425,12,1.0,3561.654522,True,
LOCAL-v1-q3-fixed_positive_bias-5049,3,frozen_baseline,10,322.4451058,0.001071666949428618,10,1.0,3224.451058,True,
LOCAL-v1-q3-fixed_positive_bias-5050,3,frozen_baseline,15,291.61561693333334,0.0016064579831436276,15,1.0,4374.234254,True,
LOCAL-v1-q3-fixed_positive_bias-5051,3,frozen_baseline,11,302.69481781818183,0.001096333027817309,11,1.0,3329.642996,True,
LOCAL-v1-q3-fixed_positive_bias-5052,3,frozen_baseline,13,281.8508783076923,0.0013437080197036266,13,1.0,3664.061418,True,
LOCAL-v1-q3-fixed_positive_bias-5053,3,frozen_baseline,16,257.6292729375,0.0014976250240579247,16,1.0,4122.068367,True,
LOCAL-v1-q3-fixed_positive_bias-5054,3,frozen_baseline,16,278.756479375,0.0014866249402984977,16,1.0,4460.10367,True,
LOCAL-v1-q3-fixed_positive_bias-5055,3,frozen_baseline,12,291.4379450833333,0.0011643749894574285,12,1.0,3497.255341,True,
LOCAL-v1-q3-fixed_positive_bias-5056,3,frozen_baseline,13,289.4277702307692,0.0012260839575901628,13,1.0,3762.561013,True,
LOCAL-v1-q3-fixed_positive_bias-5057,3,frozen_baseline,13,308.85952046153847,0.0013578749494627118,13,1.0,4015.173766,True,
LOCAL-v1-q3-fixed_positive_bias-5058,3,frozen_baseline,14,268.72047657142855,0.0013220419641584158,14,1.0,3762.086672,True,
LOCAL-v1-q3-fixed_positive_bias-5059,3,frozen_baseline,12,326.31510141666666,0.0012341659748926759,12,1.0,3915.781217,True,
LOCAL-v1-q3-fixed_positive_bias-5060,3,frozen_baseline,11,354.0385804545454,0.0013730420032516122,11,1.0,3894.424385,True,
LOCAL-v1-q3-fixed_positive_bias-5061,3,frozen_baseline,13,261.31659069230767,0.001329833990894258,13,1.0,3397.115679,True,
LOCAL-v1-q3-fixed_positive_bias-5062,3,frozen_baseline,16,255.85006325,0.00149441696703434,16,1.0,4093.601012,True,
LOCAL-v1-q3-fixed_positive_bias-5063,3,frozen_baseline,15,271.3052498,0.0015125420177355409,15,1.0,4069.578747,True,
LOCAL-v1-q3-fixed_positive_bias-5064,3,frozen_baseline,13,319.09554215384617,0.0012599589535966516,13,1.0,4148.242048,True,
LOCAL-v1-q3-fixed_positive_bias-5065,3,frozen_baseline,12,317.97076108333334,0.0011871660826727748,12,1.0,3815.649133,True,
LOCAL-v1-q3-fixed_positive_bias-5066,3,frozen_baseline,10,384.7832687,0.0009942089673131704,10,1.0,3847.832687,True,
LOCAL-v1-q3-fixed_positive_bias-5067,3,frozen_baseline,16,271.91840975,0.00163312500808388,16,1.0,4350.694556,True,
LOCAL-v1-q3-fixed_positive_bias-5068,3,frozen_baseline,13,303.82094415384614,0.0011866249842569232,13,1.0,3949.672274,True,
LOCAL-v1-q3-fixed_positive_bias-5069,3,frozen_baseline,14,307.6480462857143,0.001612790976651013,14,1.0,4307.072648,True,
LOCAL-v1-q3-fixed_positive_bias-5070,3,frozen_baseline,12,333.75016225,0.0014362079091370106,12,1.0,4005.001947,True,
LOCAL-v1-q3-fixed_positive_bias-5071,3,frozen_baseline,12,317.86617425000003,0.001255334005691111,12,1.0,3814.394091,True,
LOCAL-v1-q3-fixed_positive_bias-5072,3,frozen_baseline,15,292.51739353333335,0.0015325830318033695,15,1.0,4387.760903,True,
LOCAL-v1-q3-fixed_positive_bias-5073,3,frozen_baseline,10,372.7555779,0.0012538749724626541,10,1.0,3727.555779,True,
LOCAL-v1-q3-fixed_positive_bias-5074,3,frozen_baseline,16,266.7050014375,0.001735334051772952,16,1.0,4267.280023,True,
LOCAL-v1-q3-fixed_positive_bias-5075,3,frozen_baseline,15,280.3915396666667,0.0016127499984577298,15,1.0,4205.873095,True,
LOCAL-v1-q3-fixed_positive_bias-5076,3,frozen_baseline,12,312.50306908333334,0.0012166249798610806,12,1.0,3750.036829,True,
LOCAL-v1-q3-fixed_positive_bias-5077,3,frozen_baseline,14,314.72305950000003,0.001304500037804246,14,1.0,4406.122833,True,
LOCAL-v1-q3-fixed_positive_bias-5078,3,frozen_baseline,13,268.4446127692308,0.0012934999540448189,13,1.0,3489.779966,True,
LOCAL-v1-q3-fixed_positive_bias-5079,3,frozen_baseline,10,314.0889829,0.001094625098630786,10,1.0,3140.889829,True,
LOCAL-v1-q3-fixed_positive_bias-5080,3,frozen_baseline,10,350.322563,0.0009728340664878488,10,1.0,3503.22563,True,
LOCAL-v1-q3-fixed_positive_bias-5081,3,frozen_baseline,16,258.613148,0.0014348329277709126,16,1.0,4137.810368,True,
LOCAL-v1-q3-fixed_positive_bias-5082,3,frozen_baseline,13,323.8610667692308,0.0013717080000787973,13,1.0,4210.193868,True,
LOCAL-v1-q3-fixed_positive_bias-5083,3,frozen_baseline,13,313.46880853846153,0.0012933750404044986,13,1.0,4075.094511,True,
LOCAL-v1-q3-fixed_positive_bias-5084,3,frozen_baseline,14,304.3513875714286,0.001403625006787479,14,1.0,4260.919426,True,
LOCAL-v1-q3-fixed_positive_bias-5085,3,frozen_baseline,15,297.49612033333335,0.0014800409553572536,15,1.0,4462.441805,True,
LOCAL-v1-q3-fixed_positive_bias-5086,3,frozen_baseline,12,293.50453016666665,0.0012098751030862331,12,1.0,3522.054362,True,
LOCAL-v1-q3-fixed_positive_bias-5087,3,frozen_baseline,13,291.39124207692305,0.001365375006571412,13,1.0,3788.086147,True,
LOCAL-v1-q3-fixed_positive_bias-5088,3,frozen_baseline,16,246.2939578125,0.0016214590286836028,16,1.0,3940.703325,True,
LOCAL-v1-q3-fixed_positive_bias-5089,3,frozen_baseline,15,308.36579413333334,0.0015405830927193165,15,1.0,4625.486912,True,
LOCAL-v1-q3-fixed_positive_bias-5090,3,frozen_baseline,14,265.0963610714286,0.0014125000452622771,14,1.0,3711.349055,True,
LOCAL-v1-q3-fixed_positive_bias-5091,3,frozen_baseline,12,303.49771508333333,0.0011165000032633543,12,1.0,3641.972581,True,
LOCAL-v1-q3-fixed_positive_bias-5092,3,frozen_baseline,11,302.10893063636365,0.0012591249542310834,11,1.0,3323.198237,True,
LOCAL-v1-q3-fixed_positive_bias-5093,3,frozen_baseline,15,272.299798,0.0015595000004395843,15,1.0,4084.49697,True,
LOCAL-v1-q3-fixed_positive_bias-5094,3,frozen_baseline,11,343.09474727272726,0.001165166962891817,11,1.0,3774.04222,True,
LOCAL-v1-q3-fixed_positive_bias-5095,3,frozen_baseline,10,329.7191372,0.0010639999527484179,10,1.0,3297.191372,True,
LOCAL-v1-q3-fixed_positive_bias-5096,3,frozen_baseline,14,317.2277277857143,0.001419208012521267,14,1.0,4441.188189,True,
LOCAL-v1-q3-fixed_positive_bias-5097,3,frozen_baseline,13,286.9706862307692,0.001357333967462182,13,1.0,3730.618921,True,
LOCAL-v1-q3-fixed_positive_bias-5098,3,frozen_baseline,16,283.949024375,0.0016155000776052475,16,1.0,4543.18439,True,
LOCAL-v1-q3-fixed_positive_bias-5099,3,frozen_baseline,13,308.9318563076923,0.001474292017519474,13,1.0,4016.114132,True,
LOCAL-v1-q3-fixed_negative_bias-5000,3,frozen_baseline,11,302.85482790909094,0.0011138750705868006,11,1.0,3331.403107,True,
LOCAL-v1-q3-fixed_negative_bias-5001,3,frozen_baseline,14,256.6773402142857,0.0013272500364109874,14,1.0,3593.482763,True,
LOCAL-v1-q3-fixed_negative_bias-5002,3,frozen_baseline,15,277.0555267333333,0.0014247919898480177,15,1.0,4155.832901,True,
LOCAL-v1-q3-fixed_negative_bias-5003,3,frozen_baseline,11,317.01852818181817,0.0012098749866709113,11,1.0,3487.20381,True,
LOCAL-v1-q3-fixed_negative_bias-5004,3,frozen_baseline,12,333.5435055,0.001250874949619174,12,1.0,4002.522066,True,
LOCAL-v1-q3-fixed_negative_bias-5005,3,frozen_baseline,11,356.42486572727273,0.001144958077929914,11,1.0,3920.673523,True,
LOCAL-v1-q3-fixed_negative_bias-5006,3,frozen_baseline,11,344.499111,0.0011143749579787254,11,1.0,3789.490221,True,
LOCAL-v1-q3-fixed_negative_bias-5007,3,frozen_baseline,11,343.80585918181816,0.0010316249681636691,11,1.0,3781.864451,True,
LOCAL-v1-q3-fixed_negative_bias-5008,3,frozen_baseline,10,342.90841,0.0011284590000286698,10,1.0,3429.0841,True,
LOCAL-v1-q3-fixed_negative_bias-5009,3,frozen_baseline,14,289.8730662142857,0.0013835839927196503,14,1.0,4058.222927,True,
LOCAL-v1-q3-fixed_negative_bias-5010,3,frozen_baseline,12,328.36473158333337,0.0013607079163193703,12,1.0,3940.376779,True,
LOCAL-v1-q3-fixed_negative_bias-5011,3,frozen_baseline,15,304.739545,0.0015470420476049185,15,1.0,4571.093175,True,
LOCAL-v1-q3-fixed_negative_bias-5012,3,frozen_baseline,10,359.3294723,0.0009906660998240113,10,1.0,3593.294723,True,
LOCAL-v1-q3-fixed_negative_bias-5013,3,frozen_baseline,12,297.92018408333337,0.00125512492377311,12,1.0,3575.042209,True,
LOCAL-v1-q3-fixed_negative_bias-5014,3,frozen_baseline,11,341.8869189090909,0.0011653749970719218,11,1.0,3760.756108,True,
LOCAL-v1-q3-fixed_negative_bias-5015,3,frozen_baseline,12,296.67400449999997,0.0011202500900253654,12,1.0,3560.088054,True,
LOCAL-v1-q3-fixed_negative_bias-5016,3,frozen_baseline,16,282.288823,0.0016708750044927,16,1.0,4516.621168,True,
LOCAL-v1-q3-fixed_negative_bias-5017,3,frozen_baseline,15,285.4378576666667,0.0015546249924227595,15,1.0,4281.567865,True,
LOCAL-v1-q3-fixed_negative_bias-5018,3,frozen_baseline,10,363.4882822,0.0010730419307947159,10,1.0,3634.882822,True,
LOCAL-v1-q3-fixed_negative_bias-5019,3,frozen_baseline,11,344.59075545454544,0.001219875062815845,11,1.0,3790.49831,True,
LOCAL-v1-q3-fixed_negative_bias-5020,3,frozen_baseline,16,246.972140875,0.0015250410651788116,16,1.0,3951.554254,True,
LOCAL-v1-q3-fixed_negative_bias-5021,3,frozen_baseline,14,258.9110672857143,0.0014105410082265735,14,1.0,3624.754942,True,
LOCAL-v1-q3-fixed_negative_bias-5022,3,frozen_baseline,14,299.19625042857143,0.0015481249429285526,14,1.0,4188.747506,True,
LOCAL-v1-q3-fixed_negative_bias-5023,3,frozen_baseline,15,281.17320240000004,0.001576791051775217,15,1.0,4217.598036,True,
LOCAL-v1-q3-fixed_negative_bias-5024,3,frozen_baseline,13,338.24059030769234,0.0012495409464463592,13,1.0,4397.127674,True,
LOCAL-v1-q3-fixed_negative_bias-5025,3,frozen_baseline,12,338.50266708333334,0.0012725420529022813,12,1.0,4062.032005,True,
LOCAL-v1-q3-fixed_negative_bias-5026,3,frozen_baseline,15,295.32862766666665,0.0013792079407721758,15,1.0,4429.929415,True,
LOCAL-v1-q3-fixed_negative_bias-5027,3,frozen_baseline,11,293.3331332727273,0.0009550000540912151,11,1.0,3226.664466,True,
LOCAL-v1-q3-fixed_negative_bias-5028,3,frozen_baseline,10,352.9317322,0.0008960830746218562,10,1.0,3529.317322,True,
LOCAL-v1-q3-fixed_negative_bias-5029,3,frozen_baseline,11,321.4707310909091,0.0011214580154046416,11,1.0,3536.178042,True,
LOCAL-v1-q3-fixed_negative_bias-5030,3,frozen_baseline,12,321.3808720833333,0.0012714170152321458,12,1.0,3856.570465,True,
LOCAL-v1-q3-fixed_negative_bias-5031,3,frozen_baseline,15,248.1673228,0.001612124964594841,15,1.0,3722.509842,True,
LOCAL-v1-q3-fixed_negative_bias-5032,3,frozen_baseline,11,351.7219490909091,0.0010414159623906016,11,1.0,3868.94144,True,
LOCAL-v1-q3-fixed_negative_bias-5033,3,frozen_baseline,14,307.82952971428574,0.001578458002768457,14,1.0,4309.613416,True,
LOCAL-v1-q3-fixed_negative_bias-5034,3,frozen_baseline,16,251.3727963125,0.001635667053051293,16,1.0,4021.964741,True,
LOCAL-v1-q3-fixed_negative_bias-5035,3,frozen_baseline,10,382.8544075,0.0011303339852020144,10,1.0,3828.544075,True,
LOCAL-v1-q3-fixed_negative_bias-5036,3,frozen_baseline,15,230.3543872666667,0.0014936659717932343,15,1.0,3455.315809,True,
LOCAL-v1-q3-fixed_negative_bias-5037,3,frozen_baseline,15,295.40634746666666,0.0015856670215725899,15,1.0,4431.095212,True,
LOCAL-v1-q3-fixed_negative_bias-5038,3,frozen_baseline,16,279.1128689375,0.0015508340438827872,16,1.0,4465.805903,True,
LOCAL-v1-q3-fixed_negative_bias-5039,3,frozen_baseline,10,373.264804,0.0010900829220190644,10,1.0,3732.64804,True,
LOCAL-v1-q3-fixed_negative_bias-5040,3,frozen_baseline,15,283.798766,0.0015124999918043613,15,1.0,4256.98149,True,
LOCAL-v1-q3-fixed_negative_bias-5041,3,frozen_baseline,15,312.2686608,0.0014746669912710786,15,1.0,4684.029912,True,
LOCAL-v1-q3-fixed_negative_bias-5042,3,frozen_baseline,11,303.240289,0.0010455420706421137,11,1.0,3335.643179,True,
LOCAL-v1-q3-fixed_negative_bias-5043,3,frozen_baseline,12,310.67270708333336,0.0012782500125467777,12,1.0,3728.072485,True,
LOCAL-v1-q3-fixed_negative_bias-5044,3,frozen_baseline,11,358.5183513636364,0.001225540996529162,11,1.0,3943.701865,True,
LOCAL-v1-q3-fixed_negative_bias-5045,3,frozen_baseline,11,328.1019389090909,0.0010956668993458152,11,1.0,3609.121328,True,
LOCAL-v1-q3-fixed_negative_bias-5046,3,frozen_baseline,10,373.5291857,0.0011967089958488941,10,1.0,3735.291857,True,
LOCAL-v1-q3-fixed_negative_bias-5047,3,frozen_baseline,16,252.352992875,0.0015819580294191837,16,1.0,4037.647886,True,
LOCAL-v1-q3-fixed_negative_bias-5048,3,frozen_baseline,12,299.53353450000003,0.0012770419707521796,12,1.0,3594.402414,True,
LOCAL-v1-q3-fixed_negative_bias-5049,3,frozen_baseline,10,350.7130009,0.0010984999826177955,10,1.0,3507.130009,True,
LOCAL-v1-q3-fixed_negative_bias-5050,3,frozen_baseline,15,270.2879016666667,0.0013666249578818679,15,1.0,4054.318525,True,
LOCAL-v1-q3-fixed_negative_bias-5051,3,frozen_baseline,11,297.8244070909091,0.0010997080244123936,11,1.0,3276.068478,True,
LOCAL-v1-q3-fixed_negative_bias-5052,3,frozen_baseline,13,329.9618616153846,0.001317041926085949,13,1.0,4289.504201,True,
LOCAL-v1-q3-fixed_negative_bias-5053,3,frozen_baseline,16,251.9465948125,0.0014151249779388309,16,1.0,4031.145517,True,
LOCAL-v1-q3-fixed_negative_bias-5054,3,frozen_baseline,16,275.4986738125,0.001560040982440114,16,1.0,4407.978781,True,
LOCAL-v1-q3-fixed_negative_bias-5055,3,frozen_baseline,12,315.9091270833333,0.001136208069510758,12,1.0,3790.909525,True,
LOCAL-v1-q3-fixed_negative_bias-5056,3,frozen_baseline,13,293.6704889230769,0.001286833081394434,13,1.0,3817.716356,True,
LOCAL-v1-q3-fixed_negative_bias-5057,3,frozen_baseline,13,305.98078123076925,0.00115220807492733,13,1.0,3977.750156,True,
LOCAL-v1-q3-fixed_negative_bias-5058,3,frozen_baseline,14,247.81161807142857,0.0012730000307783484,14,1.0,3469.362653,True,
LOCAL-v1-q3-fixed_negative_bias-5059,3,frozen_baseline,12,306.485024,0.0014094170182943344,12,1.0,3677.820288,True,
LOCAL-v1-q3-fixed_negative_bias-5060,3,frozen_baseline,11,343.3682222727273,0.0012732920004054904,11,1.0,3777.050445,True,
LOCAL-v1-q3-fixed_negative_bias-5061,3,frozen_baseline,13,260.8792966153846,0.001211125054396689,13,1.0,3391.430856,True,
LOCAL-v1-q3-fixed_negative_bias-5062,3,frozen_baseline,16,271.7888455625,0.0014490409521386027,16,1.0,4348.621529,True,
LOCAL-v1-q3-fixed_negative_bias-5063,3,frozen_baseline,15,285.1932338,0.0015796249499544501,15,1.0,4277.898507,True,
LOCAL-v1-q3-fixed_negative_bias-5064,3,frozen_baseline,13,291.01493230769233,0.0013080829521641135,13,1.0,3783.19412,True,
LOCAL-v1-q3-fixed_negative_bias-5065,3,frozen_baseline,12,317.50016966666664,0.0013017080491408706,12,1.0,3810.002036,True,
LOCAL-v1-q3-fixed_negative_bias-5066,3,frozen_baseline,10,387.6687328,0.0010453329887241125,10,1.0,3876.687328,True,
LOCAL-v1-q3-fixed_negative_bias-5067,3,frozen_baseline,16,250.6982210625,0.0015582090709358454,16,1.0,4011.171537,True,
LOCAL-v1-q3-fixed_negative_bias-5068,3,frozen_baseline,13,284.49398784615386,0.0012356250081211329,13,1.0,3698.421842,True,
LOCAL-v1-q3-fixed_negative_bias-5069,3,frozen_baseline,14,289.70786264285715,0.0014826670521870255,14,1.0,4055.910077,True,
LOCAL-v1-q3-fixed_negative_bias-5070,3,frozen_baseline,12,317.3956934166667,0.001322499942034483,12,1.0,3808.748321,True,
LOCAL-v1-q3-fixed_negative_bias-5071,3,frozen_baseline,12,311.21472783333337,0.0012584159849211574,12,1.0,3734.576734,True,
LOCAL-v1-q3-fixed_negative_bias-5072,3,frozen_baseline,15,263.37354853333335,0.001522500067949295,15,1.0,3950.603228,True,
LOCAL-v1-q3-fixed_negative_bias-5073,3,frozen_baseline,10,356.3166314,0.0010906669776886702,10,1.0,3563.166314,True,
LOCAL-v1-q3-fixed_negative_bias-5074,3,frozen_baseline,16,269.7649535,0.0016428329981863499,16,1.0,4316.239256,True,
LOCAL-v1-q3-fixed_negative_bias-5075,3,frozen_baseline,15,268.8015066,0.001524958061054349,15,1.0,4032.022599,True,
LOCAL-v1-q3-fixed_negative_bias-5076,3,frozen_baseline,12,309.293434,0.0013281659921631217,12,1.0,3711.521208,True,
LOCAL-v1-q3-fixed_negative_bias-5077,3,frozen_baseline,14,294.70428207142857,0.001375042018480599,14,1.0,4125.859949,True,
LOCAL-v1-q3-fixed_negative_bias-5078,3,frozen_baseline,13,268.72489415384615,0.0012140830513089895,13,1.0,3493.423624,True,
LOCAL-v1-q3-fixed_negative_bias-5079,3,frozen_baseline,10,367.7934146,0.0010384171037003398,10,1.0,3677.934146,True,
LOCAL-v1-q3-fixed_negative_bias-5080,3,frozen_baseline,10,340.8564841,0.0009503749897703528,10,1.0,3408.564841,True,
LOCAL-v1-q3-fixed_negative_bias-5081,3,frozen_baseline,16,258.53884675,0.0014806250110268593,16,1.0,4136.621548,True,
LOCAL-v1-q3-fixed_negative_bias-5082,3,frozen_baseline,13,302.70599969230767,0.0013123750686645508,13,1.0,3935.177996,True,
LOCAL-v1-q3-fixed_negative_bias-5083,3,frozen_baseline,13,300.89327307692304,0.001288541010580957,13,1.0,3911.61255,True,
LOCAL-v1-q3-fixed_negative_bias-5084,3,frozen_baseline,14,285.67493035714284,0.0015283330576494336,14,1.0,3999.449025,True,
LOCAL-v1-q3-fixed_negative_bias-5085,3,frozen_baseline,15,308.80822406666664,0.001564792008139193,15,1.0,4632.123361,True,
LOCAL-v1-q3-fixed_negative_bias-5086,3,frozen_baseline,12,297.0295570833333,0.0012006249744445086,12,1.0,3564.354685,True,
LOCAL-v1-q3-fixed_negative_bias-5087,3,frozen_baseline,13,301.0630013076923,0.0014021249953657389,13,1.0,3913.819017,True,
LOCAL-v1-q3-fixed_negative_bias-5088,3,frozen_baseline,16,223.089099625,0.001601667026989162,16,1.0,3569.425594,True,
LOCAL-v1-q3-fixed_negative_bias-5089,3,frozen_baseline,15,286.36758126666666,0.0016872920095920563,15,1.0,4295.513719,True,
LOCAL-v1-q3-fixed_negative_bias-5090,3,frozen_baseline,14,285.1919285,0.0015683749224990606,14,1.0,3992.686999,True,
LOCAL-v1-q3-fixed_negative_bias-5091,3,frozen_baseline,12,306.42051299999997,0.0011007499415427446,12,1.0,3677.046156,True,
LOCAL-v1-q3-fixed_negative_bias-5092,3,frozen_baseline,11,322.7126215454545,0.0012765000574290752,11,1.0,3549.838837,True,
LOCAL-v1-q3-fixed_negative_bias-5093,3,frozen_baseline,15,270.1160124,0.001417041989043355,15,1.0,4051.740186,True,
LOCAL-v1-q3-fixed_negative_bias-5094,3,frozen_baseline,11,341.62880590909094,0.0011693750275298953,11,1.0,3757.916865,True,
LOCAL-v1-q3-fixed_negative_bias-5095,3,frozen_baseline,10,326.5582461,0.001211125054396689,10,1.0,3265.582461,True,
LOCAL-v1-q3-fixed_negative_bias-5096,3,frozen_baseline,14,329.33833150000004,0.001572042005136609,14,1.0,4610.736641,True,
LOCAL-v1-q3-fixed_negative_bias-5097,3,frozen_baseline,13,270.3814693076923,0.0011531250784173608,13,1.0,3514.959101,True,
LOCAL-v1-q3-fixed_negative_bias-5098,3,frozen_baseline,16,252.3221956875,0.001608958002179861,16,1.0,4037.155131,True,
LOCAL-v1-q3-fixed_negative_bias-5099,3,frozen_baseline,13,304.93349753846155,0.0012355420039966702,13,1.0,3964.135468,True,
LOCAL-v1-q3-smooth_shared_field-5000,3,frozen_baseline,11,307.78704827272725,0.0010977080091834068,11,1.0,3385.657531,True,
LOCAL-v1-q3-smooth_shared_field-5001,3,frozen_baseline,14,269.83561,0.0014336660970002413,14,1.0,3777.69854,True,
LOCAL-v1-q3-smooth_shared_field-5002,3,frozen_baseline,15,272.54923726666664,0.0013554159086197615,15,1.0,4088.238559,True,
LOCAL-v1-q3-smooth_shared_field-5003,3,frozen_baseline,11,316.6576480909091,0.001122834044508636,11,1.0,3483.234129,True,
LOCAL-v1-q3-smooth_shared_field-5004,3,frozen_baseline,12,336.4757445833333,0.001135458005592227,12,1.0,4037.708935,True,
LOCAL-v1-q3-smooth_shared_field-5005,3,frozen_baseline,11,364.7102000909091,0.001111124991439283,11,1.0,4011.812201,True,
LOCAL-v1-q3-smooth_shared_field-5006,3,frozen_baseline,11,345.7009119090909,0.0011283749481663108,11,1.0,3802.710031,True,
LOCAL-v1-q3-smooth_shared_field-5007,3,frozen_baseline,11,343.89199718181817,0.0010238749673590064,11,1.0,3782.811969,True,
LOCAL-v1-q3-smooth_shared_field-5008,3,frozen_baseline,10,334.042576,0.0010299170389771461,10,1.0,3340.42576,True,
LOCAL-v1-q3-smooth_shared_field-5009,3,frozen_baseline,14,282.65353250000004,0.0012765830615535378,14,1.0,3957.149455,True,
LOCAL-v1-q3-smooth_shared_field-5010,3,frozen_baseline,12,331.29278066666666,0.0010832090629264712,12,1.0,3975.513368,True,
LOCAL-v1-q3-smooth_shared_field-5011,3,frozen_baseline,15,301.4898404,0.0014174169627949595,15,1.0,4522.347606,True,
LOCAL-v1-q3-smooth_shared_field-5012,3,frozen_baseline,10,356.2148795,0.0009244580287486315,10,1.0,3562.148795,True,
LOCAL-v1-q3-smooth_shared_field-5013,3,frozen_baseline,12,292.1658274166667,0.001217333017848432,12,1.0,3505.989929,True,
LOCAL-v1-q3-smooth_shared_field-5014,3,frozen_baseline,11,338.24272454545456,0.0010994999902322888,11,1.0,3720.66997,True,
LOCAL-v1-q3-smooth_shared_field-5015,3,frozen_baseline,12,294.8166355,0.001194083015434444,12,1.0,3537.799626,True,
LOCAL-v1-q3-smooth_shared_field-5016,3,frozen_baseline,16,275.454802875,0.0014690420357510448,16,1.0,4407.276846,True,
LOCAL-v1-q3-smooth_shared_field-5017,3,frozen_baseline,15,274.2973206666667,0.0014019159134477377,15,1.0,4114.45981,True,
LOCAL-v1-q3-smooth_shared_field-5018,3,frozen_baseline,10,357.2820757,0.0009688750142231584,10,1.0,3572.820757,True,
LOCAL-v1-q3-smooth_shared_field-5019,3,frozen_baseline,11,353.61411363636364,0.0011719160247594118,11,1.0,3889.75525,True,
LOCAL-v1-q3-smooth_shared_field-5020,3,frozen_baseline,16,269.9891521875,0.0015131250256672502,16,1.0,4319.826435,True,
LOCAL-v1-q3-smooth_shared_field-5021,3,frozen_baseline,14,259.981179,0.0013777909334748983,14,1.0,3639.736506,True,
LOCAL-v1-q3-smooth_shared_field-5022,3,frozen_baseline,14,292.6924022857143,0.0012866250472143292,14,1.0,4097.693632,True,
LOCAL-v1-q3-smooth_shared_field-5023,3,frozen_baseline,15,267.772007,0.0014154160162433982,15,1.0,4016.580105,True,
LOCAL-v1-q3-smooth_shared_field-5024,3,frozen_baseline,13,337.3469812307692,0.0011617919662967324,13,1.0,4385.510756,True,
LOCAL-v1-q3-smooth_shared_field-5025,3,frozen_baseline,12,319.782467,0.0011357920011505485,12,1.0,3837.389604,True,
LOCAL-v1-q3-smooth_shared_field-5026,3,frozen_baseline,15,290.2554002,0.0013892919523641467,15,1.0,4353.831003,True,
LOCAL-v1-q3-smooth_shared_field-5027,3,frozen_baseline,11,296.8024076363636,0.0010420409962534904,11,1.0,3264.826484,True,
LOCAL-v1-q3-smooth_shared_field-5028,3,frozen_baseline,10,350.0232417,0.000869459006935358,10,1.0,3500.232417,True,
LOCAL-v1-q3-smooth_shared_field-5029,3,frozen_baseline,11,298.43219145454543,0.0009463749593123794,11,1.0,3282.754106,True,
LOCAL-v1-q3-smooth_shared_field-5030,3,frozen_baseline,12,307.44256808333336,0.001121707959100604,12,1.0,3689.310817,True,
LOCAL-v1-q3-smooth_shared_field-5031,3,frozen_baseline,15,243.94811153333333,0.0014392919838428497,15,1.0,3659.221673,True,
LOCAL-v1-q3-smooth_shared_field-5032,3,frozen_baseline,11,350.1863459090909,0.0010556669440120459,11,1.0,3852.049805,True,
LOCAL-v1-q3-smooth_shared_field-5033,3,frozen_baseline,14,306.9503512142857,0.0013928749831393361,14,1.0,4297.304917,True,
LOCAL-v1-q3-smooth_shared_field-5034,3,frozen_baseline,16,254.4102991875,0.0015403340803459287,16,1.0,4070.564787,True,
LOCAL-v1-q3-smooth_shared_field-5035,3,frozen_baseline,10,387.28090940000004,0.0010242500575259328,10,1.0,3872.809094,True,
LOCAL-v1-q3-smooth_shared_field-5036,3,frozen_baseline,15,233.0236758,0.0013250000774860382,15,1.0,3495.355137,True,
LOCAL-v1-q3-smooth_shared_field-5037,3,frozen_baseline,15,287.1695269333333,0.0014248749939724803,15,1.0,4307.542904,True,
LOCAL-v1-q3-smooth_shared_field-5038,3,frozen_baseline,16,251.27944525,0.0014479579403996468,16,1.0,4020.471124,True,
LOCAL-v1-q3-smooth_shared_field-5039,3,frozen_baseline,10,371.1652619,0.0010409579845145345,10,1.0,3711.652619,True,
LOCAL-v1-q3-smooth_shared_field-5040,3,frozen_baseline,15,275.6498479333333,0.001425083028152585,15,1.0,4134.747719,True,
LOCAL-v1-q3-smooth_shared_field-5041,3,frozen_baseline,15,307.7362589333333,0.00125345797277987,15,1.0,4616.043884,True,
LOCAL-v1-q3-smooth_shared_field-5042,3,frozen_baseline,11,318.56218145454545,0.0010365420021116734,11,1.0,3504.183996,True,
LOCAL-v1-q3-smooth_shared_field-5043,3,frozen_baseline,12,329.7412951666667,0.001186041976325214,12,1.0,3956.895542,True,
LOCAL-v1-q3-smooth_shared_field-5044,3,frozen_baseline,11,345.76279018181816,0.001118415966629982,11,1.0,3803.390692,True,
LOCAL-v1-q3-smooth_shared_field-5045,3,frozen_baseline,11,334.02623936363636,0.0011726249940693378,11,1.0,3674.288633,True,
LOCAL-v1-q3-smooth_shared_field-5046,3,frozen_baseline,10,370.71754599999997,0.0011801669606938958,10,1.0,3707.17546,True,
LOCAL-v1-q3-smooth_shared_field-5047,3,frozen_baseline,16,248.18435375,0.0015523340553045273,16,1.0,3970.94966,True,
LOCAL-v1-q3-smooth_shared_field-5048,3,frozen_baseline,12,297.746684,0.0011205000337213278,12,1.0,3572.960208,True,
LOCAL-v1-q3-smooth_shared_field-5049,3,frozen_baseline,10,336.6616107,0.0010071670403704047,10,1.0,3366.616107,True,
LOCAL-v1-q3-smooth_shared_field-5050,3,frozen_baseline,15,282.2087934666667,0.0013368749059736729,15,1.0,4233.131902,True,
LOCAL-v1-q3-smooth_shared_field-5051,3,frozen_baseline,11,297.1335450909091,0.0010470410343259573,11,1.0,3268.468996,True,
LOCAL-v1-q3-smooth_shared_field-5052,3,frozen_baseline,13,304.4458117692308,0.0011875000782310963,13,1.0,3957.795553,True,
LOCAL-v1-q3-smooth_shared_field-5053,3,frozen_baseline,16,260.0127774375,0.001485459040850401,16,1.0,4160.204439,True,
LOCAL-v1-q3-smooth_shared_field-5054,3,frozen_baseline,16,270.03283225,0.0014041248941794038,16,1.0,4320.525316,True,
LOCAL-v1-q3-smooth_shared_field-5055,3,frozen_baseline,12,323.64960966666666,0.0011689170496538281,12,1.0,3883.795316,True,
LOCAL-v1-q3-smooth_shared_field-5056,3,frozen_baseline,13,281.4935939230769,0.0011464999988675117,13,1.0,3659.416721,True,
LOCAL-v1-q3-smooth_shared_field-5057,3,frozen_baseline,13,302.93631700000003,0.0011547079775482416,13,1.0,3938.172121,True,
LOCAL-v1-q3-smooth_shared_field-5058,3,frozen_baseline,14,245.9540875,0.0012743329862132668,14,1.0,3443.357225,True,
LOCAL-v1-q3-smooth_shared_field-5059,3,frozen_baseline,12,334.42280525,0.0012725830310955644,12,1.0,4013.073663,True,
LOCAL-v1-q3-smooth_shared_field-5060,3,frozen_baseline,11,339.36047845454544,0.0011257909936830401,11,1.0,3732.965263,True,
LOCAL-v1-q3-smooth_shared_field-5061,3,frozen_baseline,13,263.6418813846154,0.001236459007486701,13,1.0,3427.344458,True,
LOCAL-v1-q3-smooth_shared_field-5062,3,frozen_baseline,16,269.8550554375,0.001444916008040309,16,1.0,4317.680887,True,
LOCAL-v1-q3-smooth_shared_field-5063,3,frozen_baseline,15,281.87992786666666,0.0014701250474900007,15,1.0,4228.198918,True,
LOCAL-v1-q3-smooth_shared_field-5064,3,frozen_baseline,13,313.41884323076926,0.0011865830747410655,13,1.0,4074.444962,True,
LOCAL-v1-q3-smooth_shared_field-5065,3,frozen_baseline,12,316.8194869166667,0.001174334087409079,12,1.0,3801.833843,True,
LOCAL-v1-q3-smooth_shared_field-5066,3,frozen_baseline,10,388.98694650000004,0.0010247079189866781,10,1.0,3889.869465,True,
LOCAL-v1-q3-smooth_shared_field-5067,3,frozen_baseline,16,259.825928,0.0015558330342173576,16,1.0,4157.214848,True,
LOCAL-v1-q3-smooth_shared_field-5068,3,frozen_baseline,13,282.3327137692308,0.0011718329042196274,13,1.0,3670.325279,True,
LOCAL-v1-q3-smooth_shared_field-5069,3,frozen_baseline,14,290.7970747857143,0.0014857909409329295,14,1.0,4071.159047,True,
LOCAL-v1-q3-smooth_shared_field-5070,3,frozen_baseline,12,329.17901524999996,0.001335499924607575,12,1.0,3950.148183,True,
LOCAL-v1-q3-smooth_shared_field-5071,3,frozen_baseline,12,308.34032241666665,0.0011784590315073729,12,1.0,3700.083869,True,
LOCAL-v1-q3-smooth_shared_field-5072,3,frozen_baseline,15,263.1792782,0.0013761670561507344,15,1.0,3947.689173,True,
LOCAL-v1-q3-smooth_shared_field-5073,3,frozen_baseline,10,354.8160803,0.001056542037986219,10,1.0,3548.160803,True,
LOCAL-v1-q3-smooth_shared_field-5074,3,frozen_baseline,16,249.184794625,0.0014472909970209002,16,1.0,3986.956714,True,
LOCAL-v1-q3-smooth_shared_field-5075,3,frozen_baseline,15,270.2031786,0.0014896249631419778,15,1.0,4053.047679,True,
LOCAL-v1-q3-smooth_shared_field-5076,3,frozen_baseline,12,309.33931925,0.0012366250157356262,12,1.0,3712.071831,True,
LOCAL-v1-q3-smooth_shared_field-5077,3,frozen_baseline,14,297.9235165714286,0.001384416944347322,14,1.0,4170.929232,True,
LOCAL-v1-q3-smooth_shared_field-5078,3,frozen_baseline,13,270.8225135384615,0.0012579170288518071,13,1.0,3520.692676,True,
LOCAL-v1-q3-smooth_shared_field-5079,3,frozen_baseline,10,371.2509055,0.0010679999832063913,10,1.0,3712.509055,True,
LOCAL-v1-q3-smooth_shared_field-5080,3,frozen_baseline,10,340.2417972,0.0009742499096319079,10,1.0,3402.417972,True,
LOCAL-v1-q3-smooth_shared_field-5081,3,frozen_baseline,16,255.6817505625,0.001471041003242135,16,1.0,4090.908009,True,
LOCAL-v1-q3-smooth_shared_field-5082,3,frozen_baseline,13,308.2578161538462,0.0011812499724328518,13,1.0,4007.35161,True,
LOCAL-v1-q3-smooth_shared_field-5083,3,frozen_baseline,13,309.2363563076923,0.0013853749260306358,13,1.0,4020.072632,True,
LOCAL-v1-q3-smooth_shared_field-5084,3,frozen_baseline,14,304.72414478571426,0.001437708968296647,14,1.0,4266.138027,True,
LOCAL-v1-q3-smooth_shared_field-5085,3,frozen_baseline,15,310.96646913333336,0.0014847080456092954,15,1.0,4664.497037,True,
LOCAL-v1-q3-smooth_shared_field-5086,3,frozen_baseline,12,306.027273,0.0011928750900551677,12,1.0,3672.327276,True,
LOCAL-v1-q3-smooth_shared_field-5087,3,frozen_baseline,13,301.0283222307692,0.0014268329832702875,13,1.0,3913.368189,True,
LOCAL-v1-q3-smooth_shared_field-5088,3,frozen_baseline,16,218.611081,0.001552834059111774,16,1.0,3497.777296,True,
LOCAL-v1-q3-smooth_shared_field-5089,3,frozen_baseline,15,286.5362447333334,0.0016571249580010772,15,1.0,4298.043671,True,
LOCAL-v1-q3-smooth_shared_field-5090,3,frozen_baseline,14,278.161269,0.0015867500333115458,14,1.0,3894.257766,True,
LOCAL-v1-q3-smooth_shared_field-5091,3,frozen_baseline,12,306.53245975,0.0011513750068843365,12,1.0,3678.389517,True,
LOCAL-v1-q3-smooth_shared_field-5092,3,frozen_baseline,11,328.2956816363636,0.0013302919687703252,11,1.0,3611.252498,True,
LOCAL-v1-q3-smooth_shared_field-5093,3,frozen_baseline,15,263.6159444,0.0013831669930368662,15,1.0,3954.239166,True,
LOCAL-v1-q3-smooth_shared_field-5094,3,frozen_baseline,11,335.61814636363636,0.0010788330109789968,11,1.0,3691.79961,True,
LOCAL-v1-q3-smooth_shared_field-5095,3,frozen_baseline,10,326.59105450000004,0.0011142910225316882,10,1.0,3265.910545,True,
LOCAL-v1-q3-smooth_shared_field-5096,3,frozen_baseline,14,310.73258864285714,0.0012787500163540244,14,1.0,4350.256241,True,
LOCAL-v1-q3-smooth_shared_field-5097,3,frozen_baseline,13,269.20869846153846,0.0011125419987365603,13,1.0,3499.71308,True,
LOCAL-v1-q3-smooth_shared_field-5098,3,frozen_baseline,16,255.915696875,0.0016448339447379112,16,1.0,4094.65115,True,
LOCAL-v1-q3-smooth_shared_field-5099,3,frozen_baseline,13,305.02362253846155,0.0012582080671563745,13,1.0,3965.307093,True,
LOCAL-v1-q3-cell50_shared_field-5000,3,frozen_baseline,11,298.36938436363636,0.0011753329308703542,11,1.0,3282.063228,True,
LOCAL-v1-q3-cell50_shared_field-5001,3,frozen_baseline,14,271.2325697142857,0.0015178329776972532,14,1.0,3797.255976,True,
LOCAL-v1-q3-cell50_shared_field-5002,3,frozen_baseline,15,253.28510713333333,0.0014852499589323997,15,1.0,3799.276607,True,
LOCAL-v1-q3-cell50_shared_field-5003,3,frozen_baseline,11,326.11738963636367,0.0011570421047508717,11,1.0,3587.291286,True,
LOCAL-v1-q3-cell50_shared_field-5004,3,frozen_baseline,12,330.09366358333335,0.0011613330570980906,12,1.0,3961.123963,True,
LOCAL-v1-q3-cell50_shared_field-5005,3,frozen_baseline,11,325.35488563636363,0.0011519590625539422,11,1.0,3578.903742,True,
LOCAL-v1-q3-cell50_shared_field-5006,3,frozen_baseline,11,338.8248244545455,0.0011353750014677644,11,1.0,3727.073069,True,
LOCAL-v1-q3-cell50_shared_field-5007,3,frozen_baseline,11,339.0080939090909,0.0010430410038679838,11,1.0,3729.089033,True,
LOCAL-v1-q3-cell50_shared_field-5008,3,frozen_baseline,10,348.39802249999997,0.001163374981842935,10,1.0,3483.980225,True,
LOCAL-v1-q3-cell50_shared_field-5009,3,frozen_baseline,14,287.4902102142857,0.0013090000720694661,14,1.0,4024.862943,True,
LOCAL-v1-q3-cell50_shared_field-5010,3,frozen_baseline,12,329.5571821666667,0.0012376250233501196,12,1.0,3954.686186,True,
LOCAL-v1-q3-cell50_shared_field-5011,3,frozen_baseline,15,283.04561946666666,0.0015382500132545829,15,1.0,4245.684292,True,
LOCAL-v1-q3-cell50_shared_field-5012,3,frozen_baseline,10,355.7560413,0.0010246250312775373,10,1.0,3557.560413,True,
LOCAL-v1-q3-cell50_shared_field-5013,3,frozen_baseline,12,296.26149525,0.0012139580212533474,12,1.0,3555.137943,True,
LOCAL-v1-q3-cell50_shared_field-5014,3,frozen_baseline,11,334.71441336363637,0.0011643340112641454,11,1.0,3681.858547,True,
LOCAL-v1-q3-cell50_shared_field-5015,3,frozen_baseline,12,344.85270741666665,0.0011815830366685987,12,1.0,4138.232489,True,
LOCAL-v1-q3-cell50_shared_field-5016,3,frozen_baseline,16,258.237636,0.0016058749752119184,16,1.0,4131.802176,True,
LOCAL-v1-q3-cell50_shared_field-5017,3,frozen_baseline,15,255.28504926666668,0.0013572080060839653,15,1.0,3829.275739,True,
LOCAL-v1-q3-cell50_shared_field-5018,3,frozen_baseline,10,357.26311150000004,0.000983125064522028,10,1.0,3572.631115,True,
LOCAL-v1-q3-cell50_shared_field-5019,3,frozen_baseline,11,345.4908312727273,0.001258083968423307,11,1.0,3800.399144,True,
LOCAL-v1-q3-cell50_shared_field-5020,3,frozen_baseline,16,265.7170591875,0.001489125075750053,16,1.0,4251.472947,True,
LOCAL-v1-q3-cell50_shared_field-5021,3,frozen_baseline,14,253.77988835714285,0.0012888750061392784,14,1.0,3552.918437,True,
LOCAL-v1-q3-cell50_shared_field-5022,3,frozen_baseline,14,282.7809624285714,0.0012950839009135962,14,1.0,3958.933474,True,
LOCAL-v1-q3-cell50_shared_field-5023,3,frozen_baseline,15,271.4711958,0.0013101249933242798,15,1.0,4072.067937,True,
LOCAL-v1-q3-cell50_shared_field-5024,3,frozen_baseline,13,347.47822761538464,0.0012324999552220106,13,1.0,4517.216959,True,
LOCAL-v1-q3-cell50_shared_field-5025,3,frozen_baseline,12,313.75078191666665,0.001158999977633357,12,1.0,3765.009383,True,
LOCAL-v1-q3-cell50_shared_field-5026,3,frozen_baseline,15,285.7652616666667,0.001408332958817482,15,1.0,4286.478925,True,
LOCAL-v1-q3-cell50_shared_field-5027,3,frozen_baseline,11,297.3170787272727,0.001082667033188045,11,1.0,3270.487866,True,
LOCAL-v1-q3-cell50_shared_field-5028,3,frozen_baseline,10,352.6073377,0.0009072499815374613,10,1.0,3526.073377,True,
LOCAL-v1-q3-cell50_shared_field-5029,3,frozen_baseline,11,324.10750818181816,0.001041417010128498,11,1.0,3565.18259,True,
LOCAL-v1-q3-cell50_shared_field-5030,3,frozen_baseline,12,318.92251516666664,0.0011397919151932001,12,1.0,3827.070182,True,
LOCAL-v1-q3-cell50_shared_field-5031,3,frozen_baseline,15,291.39767546666667,0.0014005829580128193,15,1.0,4370.965132,True,
LOCAL-v1-q3-cell50_shared_field-5032,3,frozen_baseline,11,350.84046245454545,0.00103554199449718,11,1.0,3859.245087,True,
LOCAL-v1-q3-cell50_shared_field-5033,3,frozen_baseline,14,285.4623106428572,0.0013911660062149167,14,1.0,3996.472349,True,
LOCAL-v1-q3-cell50_shared_field-5034,3,frozen_baseline,16,263.8931980625,0.001780542079359293,16,1.0,4222.291169,True,
LOCAL-v1-q3-cell50_shared_field-5035,3,frozen_baseline,10,382.2838421,0.0010162090184167027,10,1.0,3822.838421,True,
LOCAL-v1-q3-cell50_shared_field-5036,3,frozen_baseline,15,228.14955206666667,0.001386042102240026,15,1.0,3422.243281,True,
LOCAL-v1-q3-cell50_shared_field-5037,3,frozen_baseline,15,288.8945074,0.0014851249288767576,15,1.0,4333.417611,True,
LOCAL-v1-q3-cell50_shared_field-5038,3,frozen_baseline,16,251.67739175,0.0014450419694185257,16,1.0,4026.838268,True,
LOCAL-v1-q3-cell50_shared_field-5039,3,frozen_baseline,10,362.80484889999997,0.0010233339853584766,10,1.0,3628.048489,True,
LOCAL-v1-q3-cell50_shared_field-5040,3,frozen_baseline,15,280.48287246666666,0.0014333749422803521,15,1.0,4207.243087,True,
LOCAL-v1-q3-cell50_shared_field-5041,3,frozen_baseline,15,297.74390926666666,0.0012923330068588257,15,1.0,4466.158639,True,
LOCAL-v1-q3-cell50_shared_field-5042,3,frozen_baseline,11,317.96104,0.0010670420015230775,11,1.0,3497.57144,True,
LOCAL-v1-q3-cell50_shared_field-5043,3,frozen_baseline,12,329.0854483333333,0.0013116670306771994,12,1.0,3949.02538,True,
LOCAL-v1-q3-cell50_shared_field-5044,3,frozen_baseline,11,348.4366601818182,0.001192708034068346,11,1.0,3832.803262,True,
LOCAL-v1-q3-cell50_shared_field-5045,3,frozen_baseline,11,314.5567510909091,0.0010578340152278543,11,1.0,3460.124262,True,
LOCAL-v1-q3-cell50_shared_field-5046,3,frozen_baseline,10,367.87566860000004,0.0010876670712605119,10,1.0,3678.756686,True,
LOCAL-v1-q3-cell50_shared_field-5047,3,frozen_baseline,16,251.6686890625,0.0015475000254809856,16,1.0,4026.699025,True,
LOCAL-v1-q3-cell50_shared_field-5048,3,frozen_baseline,12,296.5783608333333,0.0011560419807210565,12,1.0,3558.94033,True,
LOCAL-v1-q3-cell50_shared_field-5049,3,frozen_baseline,10,326.11556989999997,0.0010399160673841834,10,1.0,3261.155699,True,
LOCAL-v1-q3-cell50_shared_field-5050,3,frozen_baseline,15,290.297465,0.0015193329891189933,15,1.0,4354.461975,True,
LOCAL-v1-q3-cell50_shared_field-5051,3,frozen_baseline,11,296.92102836363637,0.0010552500607445836,11,1.0,3266.131312,True,
LOCAL-v1-q3-cell50_shared_field-5052,3,frozen_baseline,13,310.51423553846155,0.0013368339277803898,13,1.0,4036.685062,True,
LOCAL-v1-q3-cell50_shared_field-5053,3,frozen_baseline,16,254.97305925,0.001386375050060451,16,1.0,4079.568948,True,
LOCAL-v1-q3-cell50_shared_field-5054,3,frozen_baseline,16,278.642961125,0.0015572920674458146,16,1.0,4458.287378,True,
LOCAL-v1-q3-cell50_shared_field-5055,3,frozen_baseline,12,324.28826641666666,0.0012303339317440987,12,1.0,3891.459197,True,
LOCAL-v1-q3-cell50_shared_field-5056,3,frozen_baseline,13,278.63861623076923,0.001170082949101925,13,1.0,3622.302011,True,
LOCAL-v1-q3-cell50_shared_field-5057,3,frozen_baseline,13,306.89177584615385,0.001227332977578044,13,1.0,3989.593086,True,
LOCAL-v1-q3-cell50_shared_field-5058,3,frozen_baseline,14,268.27268664285714,0.0012860409915447235,14,1.0,3755.817613,True,
LOCAL-v1-q3-cell50_shared_field-5059,3,frozen_baseline,12,295.52984183333336,0.0011717090383172035,12,1.0,3546.358102,True,
LOCAL-v1-q3-cell50_shared_field-5060,3,frozen_baseline,11,340.9226951818182,0.0010858330642804503,11,1.0,3750.149647,True,
LOCAL-v1-q3-cell50_shared_field-5061,3,frozen_baseline,13,253.53546546153848,0.00113062490709126,13,1.0,3295.961051,True,
LOCAL-v1-q3-cell50_shared_field-5062,3,frozen_baseline,16,266.909432375,0.0014125000452622771,16,1.0,4270.550918,True,
LOCAL-v1-q3-cell50_shared_field-5063,3,frozen_baseline,15,278.6333706666667,0.0013136669294908643,15,1.0,4179.50056,True,
LOCAL-v1-q3-cell50_shared_field-5064,3,frozen_baseline,13,312.0757066153846,0.0011591670336201787,13,1.0,4056.984186,True,
LOCAL-v1-q3-cell50_shared_field-5065,3,frozen_baseline,12,321.828557,0.0013228749157860875,12,1.0,3861.942684,True,
LOCAL-v1-q3-cell50_shared_field-5066,3,frozen_baseline,10,382.6929175,0.0009486670605838299,10,1.0,3826.929175,True,
LOCAL-v1-q3-cell50_shared_field-5067,3,frozen_baseline,16,267.345909125,0.0016517090843990445,16,1.0,4277.534546,True,
LOCAL-v1-q3-cell50_shared_field-5068,3,frozen_baseline,13,276.7203042307692,0.0012092080432921648,13,1.0,3597.363955,True,
LOCAL-v1-q3-cell50_shared_field-5069,3,frozen_baseline,14,307.4522548571428,0.0016296670073643327,14,1.0,4304.331568,True,
LOCAL-v1-q3-cell50_shared_field-5070,3,frozen_baseline,12,323.26758758333335,0.0012503329198807478,12,1.0,3879.211051,True,
LOCAL-v1-q3-cell50_shared_field-5071,3,frozen_baseline,12,314.22612625,0.0011925409780815244,12,1.0,3770.713515,True,
LOCAL-v1-q3-cell50_shared_field-5072,3,frozen_baseline,15,287.21085553333336,0.001341833034530282,15,1.0,4308.162833,True,
LOCAL-v1-q3-cell50_shared_field-5073,3,frozen_baseline,10,369.5619316,0.0010781249729916453,10,1.0,3695.619316,True,
LOCAL-v1-q3-cell50_shared_field-5074,3,frozen_baseline,16,248.7028955625,0.001524958061054349,16,1.0,3979.246329,True,
LOCAL-v1-q3-cell50_shared_field-5075,3,frozen_baseline,15,268.5647441333333,0.001482625026255846,15,1.0,4028.471162,True,
LOCAL-v1-q3-cell50_shared_field-5076,3,frozen_baseline,12,296.90032091666666,0.0013448749668896198,12,1.0,3562.803851,True,
LOCAL-v1-q3-cell50_shared_field-5077,3,frozen_baseline,14,318.8244065,0.001390333054587245,14,1.0,4463.541691,True,
LOCAL-v1-q3-cell50_shared_field-5078,3,frozen_baseline,13,270.6235216923077,0.001205208944156766,13,1.0,3518.105782,True,
LOCAL-v1-q3-cell50_shared_field-5079,3,frozen_baseline,10,329.2094143,0.0012112499680370092,10,1.0,3292.094143,True,
LOCAL-v1-q3-cell50_shared_field-5080,3,frozen_baseline,10,333.2837171,0.0009490830125287175,10,1.0,3332.837171,True,
LOCAL-v1-q3-cell50_shared_field-5081,3,frozen_baseline,16,256.205755875,0.0013419999741017818,16,1.0,4099.292094,True,
LOCAL-v1-q3-cell50_shared_field-5082,3,frozen_baseline,13,297.01932630769227,0.001213249983265996,13,1.0,3861.251242,True,
LOCAL-v1-q3-cell50_shared_field-5083,3,frozen_baseline,13,313.75437976923075,0.0013694999506697059,13,1.0,4078.806937,True,
LOCAL-v1-q3-cell50_shared_field-5084,3,frozen_baseline,14,319.39957357142856,0.0013560829684138298,14,1.0,4471.59403,True,
LOCAL-v1-q3-cell50_shared_field-5085,3,frozen_baseline,15,301.75275193333334,0.0014294999418780208,15,1.0,4526.291279,True,
LOCAL-v1-q3-cell50_shared_field-5086,3,frozen_baseline,12,296.28988,0.001120291999541223,12,1.0,3555.47856,True,
LOCAL-v1-q3-cell50_shared_field-5087,3,frozen_baseline,13,285.29685407692307,0.0012507500359788537,13,1.0,3708.859103,True,
LOCAL-v1-q3-cell50_shared_field-5088,3,frozen_baseline,16,220.6481136875,0.0015387909952551126,16,1.0,3530.369819,True,
LOCAL-v1-q3-cell50_shared_field-5089,3,frozen_baseline,15,310.7493512,0.0015316250501200557,15,1.0,4661.240268,True,
LOCAL-v1-q3-cell50_shared_field-5090,3,frozen_baseline,14,287.0276317857143,0.0016229170141741633,14,1.0,4018.386845,True,
LOCAL-v1-q3-cell50_shared_field-5091,3,frozen_baseline,12,299.53763166666664,0.0011709589743986726,12,1.0,3594.45158,True,
LOCAL-v1-q3-cell50_shared_field-5092,3,frozen_baseline,11,304.11210772727276,0.0010985839180648327,11,1.0,3345.233185,True,
LOCAL-v1-q3-cell50_shared_field-5093,3,frozen_baseline,15,265.4635116,0.0014443749096244574,15,1.0,3981.952674,True,
LOCAL-v1-q3-cell50_shared_field-5094,3,frozen_baseline,11,343.321434,0.0011578749399632215,11,1.0,3776.535774,True,
LOCAL-v1-q3-cell50_shared_field-5095,3,frozen_baseline,10,324.5903157,0.0011917080264538527,10,1.0,3245.903157,True,
LOCAL-v1-q3-cell50_shared_field-5096,3,frozen_baseline,14,317.743328,0.0012785420985892415,14,1.0,4448.406592,True,
LOCAL-v1-q3-cell50_shared_field-5097,3,frozen_baseline,13,269.4126916923077,0.0011436659842729568,13,1.0,3502.364992,True,
LOCAL-v1-q3-cell50_shared_field-5098,3,frozen_baseline,16,249.8779655,0.0014545000158250332,16,1.0,3998.047448,True,
LOCAL-v1-q3-cell50_shared_field-5099,3,frozen_baseline,13,304.2191285384616,0.0011797499610111117,13,1.0,3954.848671,True,
LOCAL-v1-q3-cell500_shared_field-5000,3,frozen_baseline,11,316.61626609090905,0.0011157910339534283,11,1.0,3482.778927,True,
LOCAL-v1-q3-cell500_shared_field-5001,3,frozen_baseline,14,269.7933572857143,0.0014156249817460775,14,1.0,3777.107002,True,
LOCAL-v1-q3-cell500_shared_field-5002,3,frozen_baseline,15,273.5053620666667,0.0013988330028951168,15,1.0,4102.580431,True,
LOCAL-v1-q3-cell500_shared_field-5003,3,frozen_baseline,11,322.4569901818182,0.0010987919522449374,11,1.0,3547.026892,True,
LOCAL-v1-q3-cell500_shared_field-5004,3,frozen_baseline,12,328.77921258333333,0.0011606670450419188,12,1.0,3945.350551,True,
LOCAL-v1-q3-cell500_shared_field-5005,3,frozen_baseline,11,330.51634345454545,0.0011138749541714787,11,1.0,3635.679778,True,
LOCAL-v1-q3-cell500_shared_field-5006,3,frozen_baseline,11,343.02458854545455,0.0010668749455362558,11,1.0,3773.270474,True,
LOCAL-v1-q3-cell500_shared_field-5007,3,frozen_baseline,11,341.7434209090909,0.0010247910395264626,11,1.0,3759.17763,True,
LOCAL-v1-q3-cell500_shared_field-5008,3,frozen_baseline,10,344.1213621,0.001063374918885529,10,1.0,3441.213621,True,
LOCAL-v1-q3-cell500_shared_field-5009,3,frozen_baseline,14,282.98245657142854,0.0013332500820979476,14,1.0,3961.754392,True,
LOCAL-v1-q3-cell500_shared_field-5010,3,frozen_baseline,12,322.3275546666667,0.0011226660571992397,12,1.0,3867.930656,True,
LOCAL-v1-q3-cell500_shared_field-5011,3,frozen_baseline,15,305.6592702666667,0.0013916250318288803,15,1.0,4584.889054,True,
LOCAL-v1-q3-cell500_shared_field-5012,3,frozen_baseline,10,353.8056523,0.0009083750192075968,10,1.0,3538.056523,True,
LOCAL-v1-q3-cell500_shared_field-5013,3,frozen_baseline,12,299.1783145,0.001263833953998983,12,1.0,3590.139774,True,
LOCAL-v1-q3-cell500_shared_field-5014,3,frozen_baseline,11,337.68271263636365,0.0011392909800633788,11,1.0,3714.509839,True,
LOCAL-v1-q3-cell500_shared_field-5015,3,frozen_baseline,12,301.10399575,0.001204166910611093,12,1.0,3613.247949,True,
LOCAL-v1-q3-cell500_shared_field-5016,3,frozen_baseline,16,256.903664875,0.0015514999395236373,16,1.0,4110.458638,True,
LOCAL-v1-q3-cell500_shared_field-5017,3,frozen_baseline,15,259.39803259999996,0.0013463340001180768,15,1.0,3890.970489,True,
LOCAL-v1-q3-cell500_shared_field-5018,3,frozen_baseline,10,357.0899127,0.0009919999865815043,10,1.0,3570.899127,True,
LOCAL-v1-q3-cell500_shared_field-5019,3,frozen_baseline,11,345.1001866363636,0.0010972090531140566,11,1.0,3796.102053,True,
LOCAL-v1-q3-cell500_shared_field-5020,3,frozen_baseline,16,269.036267125,0.0015385840088129044,16,1.0,4304.580274,True,
LOCAL-v1-q3-cell500_shared_field-5021,3,frozen_baseline,14,256.53237014285713,0.0012998749734833837,14,1.0,3591.453182,True,
LOCAL-v1-q3-cell500_shared_field-5022,3,frozen_baseline,14,271.96821892857145,0.0012609169352799654,14,1.0,3807.555065,True,
LOCAL-v1-q3-cell500_shared_field-5023,3,frozen_baseline,15,269.5890880666667,0.001358125009573996,15,1.0,4043.836321,True,
LOCAL-v1-q3-cell500_shared_field-5024,3,frozen_baseline,13,345.7390000769231,0.001223083003424108,13,1.0,4494.607001,True,
LOCAL-v1-q3-cell500_shared_field-5025,3,frozen_baseline,12,316.21661766666665,0.0011918750824406743,12,1.0,3794.599412,True,
LOCAL-v1-q3-cell500_shared_field-5026,3,frozen_baseline,15,289.8392752666667,0.001397875021211803,15,1.0,4347.589129,True,
LOCAL-v1-q3-cell500_shared_field-5027,3,frozen_baseline,11,294.4752469090909,0.0010584580013528466,11,1.0,3239.227716,True,
LOCAL-v1-q3-cell500_shared_field-5028,3,frozen_baseline,10,349.13764000000003,0.0008517500245943666,10,1.0,3491.3764,True,
LOCAL-v1-q3-cell500_shared_field-5029,3,frozen_baseline,11,296.9575082727273,0.0009326250292360783,11,1.0,3266.532591,True,
LOCAL-v1-q3-cell500_shared_field-5030,3,frozen_baseline,12,312.09811125,0.0011250419775024056,12,1.0,3745.177335,True,
LOCAL-v1-q3-cell500_shared_field-5031,3,frozen_baseline,15,276.9061418666667,0.001333917025476694,15,1.0,4153.592128,True,
LOCAL-v1-q3-cell500_shared_field-5032,3,frozen_baseline,11,349.2139949090909,0.0010864170035347342,11,1.0,3841.353944,True,
LOCAL-v1-q3-cell500_shared_field-5033,3,frozen_baseline,14,284.58027185714286,0.001375459018163383,14,1.0,3984.123806,True,
LOCAL-v1-q3-cell500_shared_field-5034,3,frozen_baseline,16,250.2126965,0.0017220420995727181,16,1.0,4003.403144,True,
LOCAL-v1-q3-cell500_shared_field-5035,3,frozen_baseline,10,397.3530511,0.0010712920920923352,10,1.0,3973.530511,True,
LOCAL-v1-q3-cell500_shared_field-5036,3,frozen_baseline,15,227.99638586666666,0.0013616250362247229,15,1.0,3419.945788,True,
LOCAL-v1-q3-cell500_shared_field-5037,3,frozen_baseline,15,280.61482713333334,0.0014919170644134283,15,1.0,4209.222407,True,
LOCAL-v1-q3-cell500_shared_field-5038,3,frozen_baseline,16,281.486513125,0.0016029999824240804,16,1.0,4503.78421,True,
LOCAL-v1-q3-cell500_shared_field-5039,3,frozen_baseline,10,363.5188579,0.0009950000094249845,10,1.0,3635.188579,True,
LOCAL-v1-q3-cell500_shared_field-5040,3,frozen_baseline,15,271.5556009333333,0.001328249927610159,15,1.0,4073.334014,True,
LOCAL-v1-q3-cell500_shared_field-5041,3,frozen_baseline,15,296.6652890666667,0.0012600000482052565,15,1.0,4449.979336,True,
LOCAL-v1-q3-cell500_shared_field-5042,3,frozen_baseline,11,315.3238837272727,0.0009940839372575283,11,1.0,3468.562721,True,
LOCAL-v1-q3-cell500_shared_field-5043,3,frozen_baseline,12,328.80436791666665,0.0012629160191863775,12,1.0,3945.652415,True,
LOCAL-v1-q3-cell500_shared_field-5044,3,frozen_baseline,11,356.1091037272727,0.0011997499968856573,11,1.0,3917.200141,True,
LOCAL-v1-q3-cell500_shared_field-5045,3,frozen_baseline,11,312.2698442727273,0.0010417499579489231,11,1.0,3434.968287,True,
LOCAL-v1-q3-cell500_shared_field-5046,3,frozen_baseline,10,369.5887555,0.0011594579555094242,10,1.0,3695.887555,True,
LOCAL-v1-q3-cell500_shared_field-5047,3,frozen_baseline,16,251.4735885625,0.0014938749372959137,16,1.0,4023.577417,True,
LOCAL-v1-q3-cell500_shared_field-5048,3,frozen_baseline,12,298.9069366666667,0.0011799170169979334,12,1.0,3586.88324,True,
LOCAL-v1-q3-cell500_shared_field-5049,3,frozen_baseline,10,315.08839090000004,0.000953375012613833,10,1.0,3150.883909,True,
LOCAL-v1-q3-cell500_shared_field-5050,3,frozen_baseline,15,290.30435113333334,0.0014740829356014729,15,1.0,4354.565267,True,
LOCAL-v1-q3-cell500_shared_field-5051,3,frozen_baseline,11,298.12313927272726,0.0010275000240653753,11,1.0,3279.354532,True,
LOCAL-v1-q3-cell500_shared_field-5052,3,frozen_baseline,13,304.8139676923077,0.0011675419518724084,13,1.0,3962.58158,True,
LOCAL-v1-q3-cell500_shared_field-5053,3,frozen_baseline,16,255.0888904375,0.0014535830123350024,16,1.0,4081.422247,True,
LOCAL-v1-q3-cell500_shared_field-5054,3,frozen_baseline,16,271.3230320625,0.0013780839508399367,16,1.0,4341.168513,True,
LOCAL-v1-q3-cell500_shared_field-5055,3,frozen_baseline,12,324.05347075000003,0.001260792021639645,12,1.0,3888.641649,True,
LOCAL-v1-q3-cell500_shared_field-5056,3,frozen_baseline,13,282.8794404615385,0.0011789159616455436,13,1.0,3677.432726,True,
LOCAL-v1-q3-cell500_shared_field-5057,3,frozen_baseline,13,307.98711492307694,0.0012159999459981918,13,1.0,4003.832494,True,
LOCAL-v1-q3-cell500_shared_field-5058,3,frozen_baseline,14,264.97465764285715,0.0012320419773459435,14,1.0,3709.645207,True,
LOCAL-v1-q3-cell500_shared_field-5059,3,frozen_baseline,12,325.09958716666665,0.0012283331016078591,12,1.0,3901.195046,True,
LOCAL-v1-q3-cell500_shared_field-5060,3,frozen_baseline,11,336.042823,0.001127874944359064,11,1.0,3696.471053,True,
LOCAL-v1-q3-cell500_shared_field-5061,3,frozen_baseline,13,252.0712646923077,0.0010700420243665576,13,1.0,3276.926441,True,
LOCAL-v1-q3-cell500_shared_field-5062,3,frozen_baseline,16,267.2827444375,0.0014786249957978725,16,1.0,4276.523911,True,
LOCAL-v1-q3-cell500_shared_field-5063,3,frozen_baseline,15,279.0072065333333,0.0013255839003250003,15,1.0,4185.108098,True,
LOCAL-v1-q3-cell500_shared_field-5064,3,frozen_baseline,13,290.56843915384616,0.0011720829643309116,13,1.0,3777.389709,True,
LOCAL-v1-q3-cell500_shared_field-5065,3,frozen_baseline,12,322.31151958333334,0.0012910000514239073,12,1.0,3867.738235,True,
LOCAL-v1-q3-cell500_shared_field-5066,3,frozen_baseline,10,380.9023827,0.0009472079109400511,10,1.0,3809.023827,True,
LOCAL-v1-q3-cell500_shared_field-5067,3,frozen_baseline,16,256.92311625,0.0014545000158250332,16,1.0,4110.76986,True,
LOCAL-v1-q3-cell500_shared_field-5068,3,frozen_baseline,13,276.9824813076923,0.0012418330879881978,13,1.0,3600.772257,True,
LOCAL-v1-q3-cell500_shared_field-5069,3,frozen_baseline,14,297.34344578571427,0.0015047909691929817,14,1.0,4162.808241,True,
LOCAL-v1-q3-cell500_shared_field-5070,3,frozen_baseline,12,325.7261144166667,0.0013245830778032541,12,1.0,3908.713373,True,
LOCAL-v1-q3-cell500_shared_field-5071,3,frozen_baseline,12,314.29764258333336,0.0012467080960050225,12,1.0,3771.571711,True,
LOCAL-v1-q3-cell500_shared_field-5072,3,frozen_baseline,15,265.173994,0.0015961669851094484,15,1.0,3977.60991,True,
LOCAL-v1-q3-cell500_shared_field-5073,3,frozen_baseline,10,369.4211159,0.0010510000865906477,10,1.0,3694.211159,True,
LOCAL-v1-q3-cell500_shared_field-5074,3,frozen_baseline,16,245.7793864375,0.0015541668981313705,16,1.0,3932.470183,True,
LOCAL-v1-q3-cell500_shared_field-5075,3,frozen_baseline,15,268.9762372,0.00136674998793751,15,1.0,4034.643558,True,
LOCAL-v1-q3-cell500_shared_field-5076,3,frozen_baseline,12,292.5663621666667,0.0013432499254122376,12,1.0,3510.796346,True,
LOCAL-v1-q3-cell500_shared_field-5077,3,frozen_baseline,14,314.9400787857143,0.0013875419972464442,14,1.0,4409.161103,True,
LOCAL-v1-q3-cell500_shared_field-5078,3,frozen_baseline,13,269.991195,0.00128454202786088,13,1.0,3509.885535,True,
LOCAL-v1-q3-cell500_shared_field-5079,3,frozen_baseline,10,323.3558664,0.001115166931413114,10,1.0,3233.558664,True,
LOCAL-v1-q3-cell500_shared_field-5080,3,frozen_baseline,10,341.0494338,0.0010601250687614083,10,1.0,3410.494338,True,
LOCAL-v1-q3-cell500_shared_field-5081,3,frozen_baseline,16,257.17001525,0.0014540840638801455,16,1.0,4114.720244,True,
LOCAL-v1-q3-cell500_shared_field-5082,3,frozen_baseline,13,305.03179061538464,0.001211749971844256,13,1.0,3965.413278,True,
LOCAL-v1-q3-cell500_shared_field-5083,3,frozen_baseline,13,321.98168923076923,0.0013121250085532665,13,1.0,4185.76196,True,
LOCAL-v1-q3-cell500_shared_field-5084,3,frozen_baseline,14,304.71826400000003,0.0013170840684324503,14,1.0,4266.055696,True,
LOCAL-v1-q3-cell500_shared_field-5085,3,frozen_baseline,15,292.1528522,0.001372791943140328,15,1.0,4382.292783,True,
LOCAL-v1-q3-cell500_shared_field-5086,3,frozen_baseline,12,297.0460384166667,0.0011671249521896243,12,1.0,3564.552461,True,
LOCAL-v1-q3-cell500_shared_field-5087,3,frozen_baseline,13,293.3980166153846,0.001359958085231483,13,1.0,3814.174216,True,
LOCAL-v1-q3-cell500_shared_field-5088,3,frozen_baseline,16,219.51712575,0.0015171250561252236,16,1.0,3512.274012,True,
LOCAL-v1-q3-cell500_shared_field-5089,3,frozen_baseline,15,308.7056915333333,0.001505000051110983,15,1.0,4630.585373,True,
LOCAL-v1-q3-cell500_shared_field-5090,3,frozen_baseline,14,281.59878535714284,0.0015978339361026883,14,1.0,3942.382995,True,
LOCAL-v1-q3-cell500_shared_field-5091,3,frozen_baseline,12,307.47911633333337,0.0011609590146690607,12,1.0,3689.749396,True,
LOCAL-v1-q3-cell500_shared_field-5092,3,frozen_baseline,11,309.0719012727273,0.0011069579049944878,11,1.0,3399.790914,True,
LOCAL-v1-q3-cell500_shared_field-5093,3,frozen_baseline,15,263.4618442,0.0013293330557644367,15,1.0,3951.927663,True,
LOCAL-v1-q3-cell500_shared_field-5094,3,frozen_baseline,11,341.103515,0.0010882089845836163,11,1.0,3752.138665,True,
LOCAL-v1-q3-cell500_shared_field-5095,3,frozen_baseline,10,319.1802479,0.001151749980635941,10,1.0,3191.802479,True,
LOCAL-v1-q3-cell500_shared_field-5096,3,frozen_baseline,14,316.3444709285714,0.0013657079543918371,14,1.0,4428.822593,True,
LOCAL-v1-q3-cell500_shared_field-5097,3,frozen_baseline,13,265.32474915384614,0.001067750039510429,13,1.0,3449.221739,True,
LOCAL-v1-q3-cell500_shared_field-5098,3,frozen_baseline,16,250.176693,0.0015513329999521375,16,1.0,4002.827088,True,
LOCAL-v1-q3-cell500_shared_field-5099,3,frozen_baseline,13,306.7007273846154,0.0012680840445682406,13,1.0,3987.109456,True,
LOCAL-v1-q3-edge_mixed_min_radius-5000,3,frozen_baseline,11,339.99104518181815,0.0009464999893680215,11,1.0,3739.901497,True,
LOCAL-v1-q3-edge_mixed_min_radius-5001,3,frozen_baseline,14,295.44019614285713,0.0012472079833969474,14,1.0,4136.162746,True,
LOCAL-v1-q3-edge_mixed_min_radius-5002,3,frozen_baseline,15,301.0251404,0.001315833069384098,15,1.0,4515.377106,True,
LOCAL-v1-q3-edge_mixed_min_radius-5003,3,frozen_baseline,11,346.23542236363636,0.0009990419493988156,11,1.0,3808.589646,True,
LOCAL-v1-q3-edge_mixed_min_radius-5004,3,frozen_baseline,12,316.0949738333333,0.0010069579584524035,12,1.0,3793.139686,True,
LOCAL-v1-q3-edge_mixed_min_radius-5005,3,frozen_baseline,11,390.56766227272726,0.0009876249823719263,11,1.0,4296.244285,True,
LOCAL-v1-q3-edge_mixed_min_radius-5006,3,frozen_baseline,11,321.72702681818186,0.0008980840211734176,11,1.0,3538.997295,True,
LOCAL-v1-q3-edge_mixed_min_radius-5007,3,frozen_baseline,11,317.78303327272727,0.000983875012025237,11,1.0,3495.613366,True,
LOCAL-v1-q3-edge_mixed_min_radius-5008,3,frozen_baseline,10,444.8031927,0.0009769999887794256,10,1.0,4448.031927,True,
LOCAL-v1-q3-edge_mixed_min_radius-5009,3,frozen_baseline,14,266.0104939285714,0.001187457935884595,14,1.0,3724.146915,True,
LOCAL-v1-q3-edge_mixed_min_radius-5010,3,frozen_baseline,12,352.9040875,0.0009862079750746489,12,1.0,4234.84905,True,
LOCAL-v1-q3-edge_mixed_min_radius-5011,3,frozen_baseline,15,328.63879579999997,0.0013029170222580433,15,1.0,4929.581937,True,
LOCAL-v1-q3-edge_mixed_min_radius-5012,3,frozen_baseline,10,337.425682,0.0009695000480860472,10,1.0,3374.25682,True,
LOCAL-v1-q3-edge_mixed_min_radius-5013,3,frozen_baseline,12,341.77809391666665,0.001083750044927001,12,1.0,4101.337127,True,
LOCAL-v1-q3-edge_mixed_min_radius-5014,3,frozen_baseline,11,392.399948,0.0010852920822799206,11,1.0,4316.399428,True,
LOCAL-v1-q3-edge_mixed_min_radius-5015,3,frozen_baseline,12,312.7297275,0.0009793330682441592,12,1.0,3752.75673,True,
LOCAL-v1-q3-edge_mixed_min_radius-5016,3,frozen_baseline,16,242.4451745625,0.0013212920166552067,16,1.0,3879.122793,True,
LOCAL-v1-q3-edge_mixed_min_radius-5017,3,frozen_baseline,15,299.6787578,0.00130025006365031,15,1.0,4495.181367,True,
LOCAL-v1-q3-edge_mixed_min_radius-5018,3,frozen_baseline,10,374.3014657,0.0009637919720262289,10,1.0,3743.014657,True,
LOCAL-v1-q3-edge_mixed_min_radius-5019,3,frozen_baseline,11,313.88239672727275,0.0008664170745760202,11,1.0,3452.706364,True,
LOCAL-v1-q3-edge_mixed_min_radius-5020,3,frozen_baseline,16,255.9806079375,0.0012428329791873693,16,1.0,4095.689727,True,
LOCAL-v1-q3-edge_mixed_min_radius-5021,3,frozen_baseline,14,291.3500066428572,0.001248417072929442,14,1.0,4078.900093,True,
LOCAL-v1-q3-edge_mixed_min_radius-5022,3,frozen_baseline,14,267.17348400000003,0.0011454590130597353,14,1.0,3740.428776,True,
LOCAL-v1-q3-edge_mixed_min_radius-5023,3,frozen_baseline,15,304.35871126666666,0.0014355420134961605,15,1.0,4565.380669,True,
LOCAL-v1-q3-edge_mixed_min_radius-5024,3,frozen_baseline,13,303.8509579230769,0.0011691669933497906,13,1.0,3950.062453,True,
LOCAL-v1-q3-edge_mixed_min_radius-5025,3,frozen_baseline,12,346.64113875,0.0010954579338431358,12,1.0,4159.693665,True,
LOCAL-v1-q3-edge_mixed_min_radius-5026,3,frozen_baseline,15,268.3920202,0.0011870419839397073,15,1.0,4025.880303,True,
LOCAL-v1-q3-edge_mixed_min_radius-5027,3,frozen_baseline,11,378.8762802727273,0.0009685000404715538,11,1.0,4167.639083,True,
LOCAL-v1-q3-edge_mixed_min_radius-5028,3,frozen_baseline,10,359.888802,0.0008939590770751238,10,1.0,3598.88802,True,
LOCAL-v1-q3-edge_mixed_min_radius-5029,3,frozen_baseline,11,338.29444954545454,0.0009900419972836971,11,1.0,3721.238945,True,
LOCAL-v1-q3-edge_mixed_min_radius-5030,3,frozen_baseline,12,306.2120604166667,0.000971833011135459,12,1.0,3674.544725,True,
LOCAL-v1-q3-edge_mixed_min_radius-5031,3,frozen_baseline,15,303.0651003333333,0.001277665956877172,15,1.0,4545.976505,True,
LOCAL-v1-q3-edge_mixed_min_radius-5032,3,frozen_baseline,11,318.47432736363635,0.0009230000432580709,11,1.0,3503.217601,True,
LOCAL-v1-q3-edge_mixed_min_radius-5033,3,frozen_baseline,14,307.3807038571428,0.0011819589417427778,14,1.0,4303.329854,True,
LOCAL-v1-q3-edge_mixed_min_radius-5034,3,frozen_baseline,16,275.463067625,0.001332916901446879,16,1.0,4407.409082,True,
LOCAL-v1-q3-edge_mixed_min_radius-5035,3,frozen_baseline,10,348.71499819999997,0.0008995829848572612,10,1.0,3487.149982,True,
LOCAL-v1-q3-edge_mixed_min_radius-5036,3,frozen_baseline,15,302.74371866666667,0.0012487920466810465,15,1.0,4541.15578,True,
LOCAL-v1-q3-edge_mixed_min_radius-5037,3,frozen_baseline,15,281.1176072,0.0012791670160368085,15,1.0,4216.764108,True,
LOCAL-v1-q3-edge_mixed_min_radius-5038,3,frozen_baseline,16,300.149111875,0.0014038330409675837,16,1.0,4802.38579,True,
LOCAL-v1-q3-edge_mixed_min_radius-5039,3,frozen_baseline,10,425.1214952,0.0009535000426694751,10,1.0,4251.214952,True,
LOCAL-v1-q3-edge_mixed_min_radius-5040,3,frozen_baseline,15,261.05152913333336,0.0013100840151309967,15,1.0,3915.772937,True,
LOCAL-v1-q3-edge_mixed_min_radius-5041,3,frozen_baseline,15,260.58166926666667,0.001232834067195654,15,1.0,3908.725039,True,
LOCAL-v1-q3-edge_mixed_min_radius-5042,3,frozen_baseline,11,341.1807236363636,0.0011371669825166464,11,1.0,3752.98796,True,
LOCAL-v1-q3-edge_mixed_min_radius-5043,3,frozen_baseline,12,327.48567833333334,0.0010262499563395977,12,1.0,3929.82814,True,
LOCAL-v1-q3-edge_mixed_min_radius-5044,3,frozen_baseline,11,366.0811809090909,0.0009798750979825854,11,1.0,4026.89299,True,
LOCAL-v1-q3-edge_mixed_min_radius-5045,3,frozen_baseline,11,357.3082601818182,0.0010124159744009376,11,1.0,3930.390862,True,
LOCAL-v1-q3-edge_mixed_min_radius-5046,3,frozen_baseline,10,335.3074548,0.0009295409545302391,10,1.0,3353.074548,True,
LOCAL-v1-q3-edge_mixed_min_radius-5047,3,frozen_baseline,16,335.2628636875,0.0013421670300886035,16,1.0,5364.205819,True,
LOCAL-v1-q3-edge_mixed_min_radius-5048,3,frozen_baseline,12,308.43381841666667,0.0010549590224400163,12,1.0,3701.205821,True,
LOCAL-v1-q3-edge_mixed_min_radius-5049,3,frozen_baseline,10,364.3165892,0.0009370000334456563,10,1.0,3643.165892,True,
LOCAL-v1-q3-edge_mixed_min_radius-5050,3,frozen_baseline,15,269.30552819999997,0.0012825829908251762,15,1.0,4039.582923,True,
LOCAL-v1-q3-edge_mixed_min_radius-5051,3,frozen_baseline,11,406.64855600000004,0.0010181250981986523,11,1.0,4473.134116,True,
LOCAL-v1-q3-edge_mixed_min_radius-5052,3,frozen_baseline,13,285.74130938461536,0.001144499983638525,13,1.0,3714.637022,True,
LOCAL-v1-q3-edge_mixed_min_radius-5053,3,frozen_baseline,16,269.9598995625,0.001334875007160008,16,1.0,4319.358393,True,
LOCAL-v1-q3-edge_mixed_min_radius-5054,3,frozen_baseline,16,251.0221104375,0.0012567080557346344,16,1.0,4016.353767,True,
LOCAL-v1-q3-edge_mixed_min_radius-5055,3,frozen_baseline,12,284.3749235833333,0.0010977920610457659,12,1.0,3412.499083,True,
LOCAL-v1-q3-edge_mixed_min_radius-5056,3,frozen_baseline,13,285.69666361538464,0.0011302499333396554,13,1.0,3714.056627,True,
LOCAL-v1-q3-edge_mixed_min_radius-5057,3,frozen_baseline,13,343.73417569230764,0.0011752500431612134,13,1.0,4468.544284,True,
LOCAL-v1-q3-edge_mixed_min_radius-5058,3,frozen_baseline,14,294.2286537857143,0.0011586250038817525,14,1.0,4119.201153,True,
LOCAL-v1-q3-edge_mixed_min_radius-5059,3,frozen_baseline,12,387.45026608333336,0.0010849579703062773,12,1.0,4649.403193,True,
LOCAL-v1-q3-edge_mixed_min_radius-5060,3,frozen_baseline,11,325.5998394545455,0.0009838329860940576,11,1.0,3581.598234,True,
LOCAL-v1-q3-edge_mixed_min_radius-5061,3,frozen_baseline,13,301.0372066153846,0.001056583016179502,13,1.0,3913.483686,True,
LOCAL-v1-q3-edge_mixed_min_radius-5062,3,frozen_baseline,16,270.5007946875,0.0012894580140709877,16,1.0,4328.012715,True,
LOCAL-v1-q3-edge_mixed_min_radius-5063,3,frozen_baseline,15,324.03253980000005,0.0012652080040425062,15,1.0,4860.488097,True,
LOCAL-v1-q3-edge_mixed_min_radius-5064,3,frozen_baseline,13,350.76063307692306,0.001126458984799683,13,1.0,4559.88823,True,
LOCAL-v1-q3-edge_mixed_min_radius-5065,3,frozen_baseline,12,306.06603675,0.0010111660230904818,12,1.0,3672.792441,True,
LOCAL-v1-q3-edge_mixed_min_radius-5066,3,frozen_baseline,10,411.25853820000003,0.0009817909449338913,10,1.0,4112.585382,True,
LOCAL-v1-q3-edge_mixed_min_radius-5067,3,frozen_baseline,16,303.4158401875,0.0012902909656986594,16,1.0,4854.653443,True,
LOCAL-v1-q3-edge_mixed_min_radius-5068,3,frozen_baseline,13,307.38538261538463,0.001034499960951507,13,1.0,3996.009974,True,
LOCAL-v1-q3-edge_mixed_min_radius-5069,3,frozen_baseline,14,287.50264899999996,0.001186833018437028,14,1.0,4025.037086,True,
LOCAL-v1-q3-edge_mixed_min_radius-5070,3,frozen_baseline,12,332.06480875,0.0011045840801671147,12,1.0,3984.777705,True,
LOCAL-v1-q3-edge_mixed_min_radius-5071,3,frozen_baseline,12,341.2283713333333,0.001057000015862286,12,1.0,4094.740456,True,
LOCAL-v1-q3-edge_mixed_min_radius-5072,3,frozen_baseline,15,267.5926475333333,0.001294707995839417,15,1.0,4013.889713,True,
LOCAL-v1-q3-edge_mixed_min_radius-5073,3,frozen_baseline,10,334.73082519999997,0.000859249965287745,10,1.0,3347.308252,True,
LOCAL-v1-q3-edge_mixed_min_radius-5074,3,frozen_baseline,16,321.7621328125,0.0012745000422000885,16,1.0,5148.194125,True,
LOCAL-v1-q3-edge_mixed_min_radius-5075,3,frozen_baseline,15,259.26603886666663,0.0011253339471295476,15,1.0,3888.990583,True,
LOCAL-v1-q3-edge_mixed_min_radius-5076,3,frozen_baseline,12,324.0303134166667,0.0010802079923450947,12,1.0,3888.363761,True,
LOCAL-v1-q3-edge_mixed_min_radius-5077,3,frozen_baseline,14,293.17445349999997,0.0011719160247594118,14,1.0,4104.442349,True,
LOCAL-v1-q3-edge_mixed_min_radius-5078,3,frozen_baseline,13,292.5034756923077,0.0011639170115813613,13,1.0,3802.545184,True,
LOCAL-v1-q3-edge_mixed_min_radius-5079,3,frozen_baseline,10,383.7292167,0.0009529580129310489,10,1.0,3837.292167,True,
LOCAL-v1-q3-edge_mixed_min_radius-5080,3,frozen_baseline,10,355.9229257,0.0008818750502541661,10,1.0,3559.229257,True,
LOCAL-v1-q3-edge_mixed_min_radius-5081,3,frozen_baseline,16,288.7109273125,0.001364625059068203,16,1.0,4619.374837,True,
LOCAL-v1-q3-edge_mixed_min_radius-5082,3,frozen_baseline,13,315.454031,0.0010800000745803118,13,1.0,4100.902403,True,
LOCAL-v1-q3-edge_mixed_min_radius-5083,3,frozen_baseline,13,317.02968553846154,0.001184582943096757,13,1.0,4121.385912,True,
LOCAL-v1-q3-edge_mixed_min_radius-5084,3,frozen_baseline,14,281.7560805714286,0.001137249986641109,14,1.0,3944.585128,True,
LOCAL-v1-q3-edge_mixed_min_radius-5085,3,frozen_baseline,15,320.2433382,0.0012943330220878124,15,1.0,4803.650073,True,
LOCAL-v1-q3-edge_mixed_min_radius-5086,3,frozen_baseline,12,305.35154074999997,0.001123499940149486,12,1.0,3664.218489,True,
LOCAL-v1-q3-edge_mixed_min_radius-5087,3,frozen_baseline,13,359.17955653846155,0.0011125829769298434,13,1.0,4669.334235,True,
LOCAL-v1-q3-edge_mixed_min_radius-5088,3,frozen_baseline,16,264.52505175,0.0012615829473361373,16,1.0,4232.400828,True,
LOCAL-v1-q3-edge_mixed_min_radius-5089,3,frozen_baseline,15,287.5180124,0.0012199579505249858,15,1.0,4312.770186,True,
LOCAL-v1-q3-edge_mixed_min_radius-5090,3,frozen_baseline,14,282.65667185714284,0.0011538329999893904,14,1.0,3957.193406,True,
LOCAL-v1-q3-edge_mixed_min_radius-5091,3,frozen_baseline,12,316.48176166666667,0.0010813330300152302,12,1.0,3797.78114,True,
LOCAL-v1-q3-edge_mixed_min_radius-5092,3,frozen_baseline,11,330.66109363636366,0.0010915419552475214,11,1.0,3637.27203,True,
LOCAL-v1-q3-edge_mixed_min_radius-5093,3,frozen_baseline,15,285.5641437333333,0.0013497089967131615,15,1.0,4283.462156,True,
LOCAL-v1-q3-edge_mixed_min_radius-5094,3,frozen_baseline,11,341.548721,0.000996417016722262,11,1.0,3757.035931,True,
LOCAL-v1-q3-edge_mixed_min_radius-5095,3,frozen_baseline,10,359.9698653,0.0009579999605193734,10,1.0,3599.698653,True,
LOCAL-v1-q3-edge_mixed_min_radius-5096,3,frozen_baseline,14,283.6629417857143,0.0011957500828430057,14,1.0,3971.281185,True,
LOCAL-v1-q3-edge_mixed_min_radius-5097,3,frozen_baseline,13,273.6519505384615,0.001090249978005886,13,1.0,3557.475357,True,
LOCAL-v1-q3-edge_mixed_min_radius-5098,3,frozen_baseline,16,290.3915451875,0.0014229590306058526,16,1.0,4646.264723,True,
LOCAL-v1-q3-edge_mixed_min_radius-5099,3,frozen_baseline,13,284.5409074615385,0.0011174579849466681,13,1.0,3699.031797,True,
LOCAL-v1-q3-offcenter_cluster-5000,3,frozen_baseline,11,324.695116,0.0010604169219732285,11,1.0,3571.646276,True,
LOCAL-v1-q3-offcenter_cluster-5001,3,frozen_baseline,14,281.6218125,0.0011530830524861813,14,1.0,3942.705375,True,
LOCAL-v1-q3-offcenter_cluster-5002,3,frozen_baseline,15,217.5477302,0.0013697919202968478,15,1.0,3263.215953,True,
LOCAL-v1-q3-offcenter_cluster-5003,3,frozen_baseline,11,256.58574554545453,0.0011178749846294522,11,1.0,2822.443201,True,
LOCAL-v1-q3-offcenter_cluster-5004,3,frozen_baseline,12,266.1630886666667,0.0012173749273642898,12,1.0,3193.957064,True,
LOCAL-v1-q3-offcenter_cluster-5005,3,frozen_baseline,11,276.19069545454545,0.0011566251050680876,11,1.0,3038.09765,True,
LOCAL-v1-q3-offcenter_cluster-5006,3,frozen_baseline,11,333.7488536363636,0.0010402089683339,11,1.0,3671.23739,True,
LOCAL-v1-q3-offcenter_cluster-5007,3,frozen_baseline,11,272.1602959090909,0.0010415000142529607,11,1.0,2993.763255,True,
LOCAL-v1-q3-offcenter_cluster-5008,3,frozen_baseline,10,319.5155272,0.000952791073359549,10,1.0,3195.155272,True,
LOCAL-v1-q3-offcenter_cluster-5009,3,frozen_baseline,14,290.48929114285716,0.0013681669952347875,14,1.0,4066.850076,True,
LOCAL-v1-q3-offcenter_cluster-5010,3,frozen_baseline,12,275.01011124999997,0.0011795840691775084,12,1.0,3300.121335,True,
LOCAL-v1-q3-offcenter_cluster-5011,3,frozen_baseline,15,312.8980584,0.0011633329559117556,15,1.0,4693.470876,True,
LOCAL-v1-q3-offcenter_cluster-5012,3,frozen_baseline,10,321.1570724,0.0010579160880297422,10,1.0,3211.570724,True,
LOCAL-v1-q3-offcenter_cluster-5013,3,frozen_baseline,12,255.32010216666666,0.0011173330713063478,12,1.0,3063.841226,True,
LOCAL-v1-q3-offcenter_cluster-5014,3,frozen_baseline,11,285.1465764545455,0.0009347499581053853,11,1.0,3136.612341,True,
LOCAL-v1-q3-offcenter_cluster-5015,3,frozen_baseline,12,249.13680524999998,0.0011305410880595446,12,1.0,2989.641663,True,
LOCAL-v1-q3-offcenter_cluster-5016,3,frozen_baseline,16,178.743715,0.001551666995510459,16,1.0,2859.89944,True,
LOCAL-v1-q3-offcenter_cluster-5017,3,frozen_baseline,15,204.52214,0.0013852500123903155,15,1.0,3067.8321,True,
LOCAL-v1-q3-offcenter_cluster-5018,3,frozen_baseline,10,374.0512192,0.0010753750102594495,10,1.0,3740.512192,True,
LOCAL-v1-q3-offcenter_cluster-5019,3,frozen_baseline,11,287.05801918181817,0.001139082945883274,11,1.0,3157.638211,True,
LOCAL-v1-q3-offcenter_cluster-5020,3,frozen_baseline,16,128.22286125,0.0013717500260099769,16,1.0,2051.56578,True,
LOCAL-v1-q3-offcenter_cluster-5021,3,frozen_baseline,14,237.0281157142857,0.0014856250490993261,14,1.0,3318.39362,True,
LOCAL-v1-q3-offcenter_cluster-5022,3,frozen_baseline,14,263.4121709285714,0.0014520419063046575,14,1.0,3687.770393,True,
LOCAL-v1-q3-offcenter_cluster-5023,3,frozen_baseline,15,204.4906418,0.001191208022646606,15,1.0,3067.359627,True,
LOCAL-v1-q3-offcenter_cluster-5024,3,frozen_baseline,13,244.47289084615386,0.0013847920345142484,13,1.0,3178.147581,True,
LOCAL-v1-q3-offcenter_cluster-5025,3,frozen_baseline,12,257.1611070833333,0.0011220829328522086,12,1.0,3085.933285,True,
LOCAL-v1-q3-offcenter_cluster-5026,3,frozen_baseline,15,205.95484866666666,0.0013867920497432351,15,1.0,3089.32273,True,
LOCAL-v1-q3-offcenter_cluster-5027,3,frozen_baseline,11,286.51590363636365,0.0010251670610159636,11,1.0,3151.67494,True,
LOCAL-v1-q3-offcenter_cluster-5028,3,frozen_baseline,10,295.6986608,0.0009249589638784528,10,1.0,2956.986608,True,
LOCAL-v1-q3-offcenter_cluster-5029,3,frozen_baseline,11,268.7886562727273,0.0010950410505756736,11,1.0,2956.675219,True,
LOCAL-v1-q3-offcenter_cluster-5030,3,frozen_baseline,12,276.490654,0.001020791009068489,12,1.0,3317.887848,True,
LOCAL-v1-q3-offcenter_cluster-5031,3,frozen_baseline,15,273.39041453333334,0.0011892920592799783,15,1.0,4100.856218,True,
LOCAL-v1-q3-offcenter_cluster-5032,3,frozen_baseline,11,341.8079973636364,0.0012092500692233443,11,1.0,3759.887971,True,
LOCAL-v1-q3-offcenter_cluster-5033,3,frozen_baseline,14,255.96235342857145,0.0013607920845970511,14,1.0,3583.472948,True,
LOCAL-v1-q3-offcenter_cluster-5034,3,frozen_baseline,16,103.9333761875,0.0013390000676736236,16,1.0,1662.934019,True,
LOCAL-v1-q3-offcenter_cluster-5035,3,frozen_baseline,10,355.0922859,0.0009167499374598265,10,1.0,3550.922859,True,
LOCAL-v1-q3-offcenter_cluster-5036,3,frozen_baseline,15,218.24855153333334,0.0015604159561917186,15,1.0,3273.728273,True,
LOCAL-v1-q3-offcenter_cluster-5037,3,frozen_baseline,15,397.403392,0.0016945000970736146,15,1.0,5961.05088,True,
LOCAL-v1-q3-offcenter_cluster-5038,3,frozen_baseline,16,94.567154125,0.0013837090227752924,16,1.0,1513.074466,True,
LOCAL-v1-q3-offcenter_cluster-5039,3,frozen_baseline,10,340.8677712,0.0010882499627768993,10,1.0,3408.677712,True,
LOCAL-v1-q3-offcenter_cluster-5040,3,frozen_baseline,15,278.3169289333334,0.0013345410116016865,15,1.0,4174.753934,True,
LOCAL-v1-q3-offcenter_cluster-5041,3,frozen_baseline,15,252.98992826666665,0.001270958106033504,15,1.0,3794.848924,True,
LOCAL-v1-q3-offcenter_cluster-5042,3,frozen_baseline,11,266.45099627272725,0.0010930829448625445,11,1.0,2930.960959,True,
LOCAL-v1-q3-offcenter_cluster-5043,3,frozen_baseline,12,316.38915075,0.0011355830356478691,12,1.0,3796.669809,True,
LOCAL-v1-q3-offcenter_cluster-5044,3,frozen_baseline,11,365.36397327272726,0.0010550420265644789,11,1.0,4019.003706,True,
LOCAL-v1-q3-offcenter_cluster-5045,3,frozen_baseline,11,356.4138420909091,0.0008869169978424907,11,1.0,3920.552263,True,
LOCAL-v1-q3-offcenter_cluster-5046,3,frozen_baseline,10,320.7315425,0.000852332916110754,10,1.0,3207.315425,True,
LOCAL-v1-q3-offcenter_cluster-5047,3,frozen_baseline,16,148.119092375,0.0014212090754881501,16,1.0,2369.905478,True,
LOCAL-v1-q3-offcenter_cluster-5048,3,frozen_baseline,12,313.2861050833333,0.0009102090261876583,12,1.0,3759.433261,True,
LOCAL-v1-q3-offcenter_cluster-5049,3,frozen_baseline,10,303.4522182,0.0009541249601170421,10,1.0,3034.522182,True,
LOCAL-v1-q3-offcenter_cluster-5050,3,frozen_baseline,15,206.7358258666667,0.001240417012013495,15,1.0,3101.037388,True,
LOCAL-v1-q3-offcenter_cluster-5051,3,frozen_baseline,11,342.79969063636366,0.0011288749519735575,11,1.0,3770.796597,True,
LOCAL-v1-q3-offcenter_cluster-5052,3,frozen_baseline,13,370.6422321538461,0.001325499964877963,13,1.0,4818.349018,True,
LOCAL-v1-q3-offcenter_cluster-5053,3,frozen_baseline,16,148.04064775,0.0014980420237407088,16,1.0,2368.650364,True,
LOCAL-v1-q3-offcenter_cluster-5054,3,frozen_baseline,16,94.018387375,0.0012427499750629067,16,1.0,1504.294198,True,
LOCAL-v1-q3-offcenter_cluster-5055,3,frozen_baseline,12,283.94846916666665,0.0011955000227317214,12,1.0,3407.38163,True,
LOCAL-v1-q3-offcenter_cluster-5056,3,frozen_baseline,13,283.307991,0.0012727499706670642,13,1.0,3683.003883,True,
LOCAL-v1-q3-offcenter_cluster-5057,3,frozen_baseline,13,267.6673989230769,0.001216165954247117,13,1.0,3479.676186,True,
LOCAL-v1-q3-offcenter_cluster-5058,3,frozen_baseline,14,250.43559964285714,0.0013434579595923424,14,1.0,3506.098395,True,
LOCAL-v1-q3-offcenter_cluster-5059,3,frozen_baseline,12,422.4501719166667,0.0012259589275345206,12,1.0,5069.402063,True,
LOCAL-v1-q3-offcenter_cluster-5060,3,frozen_baseline,11,303.3444070909091,0.0009452500380575657,11,1.0,3336.788478,True,
LOCAL-v1-q3-offcenter_cluster-5061,3,frozen_baseline,13,251.15492576923077,0.0010869581019505858,13,1.0,3265.014035,True,
LOCAL-v1-q3-offcenter_cluster-5062,3,frozen_baseline,16,127.1219455625,0.0012891250662505627,16,1.0,2033.951129,True,
LOCAL-v1-q3-offcenter_cluster-5063,3,frozen_baseline,15,204.93253386666666,0.001431209035217762,15,1.0,3073.988008,True,
LOCAL-v1-q3-offcenter_cluster-5064,3,frozen_baseline,13,343.29721,0.0010994999902322888,13,1.0,4462.86373,True,
LOCAL-v1-q3-offcenter_cluster-5065,3,frozen_baseline,12,340.308287,0.0012286660494282842,12,1.0,4083.699444,True,
LOCAL-v1-q3-offcenter_cluster-5066,3,frozen_baseline,10,371.2946599,0.0008624170441180468,10,1.0,3712.946599,True,
LOCAL-v1-q3-offcenter_cluster-5067,3,frozen_baseline,16,132.8443694375,0.0012120419414713979,16,1.0,2125.509911,True,
LOCAL-v1-q3-offcenter_cluster-5068,3,frozen_baseline,13,288.478323,0.0011675000423565507,13,1.0,3750.218199,True,
LOCAL-v1-q3-offcenter_cluster-5069,3,frozen_baseline,14,246.52624635714284,0.0013419160386547446,14,1.0,3451.367449,True,
LOCAL-v1-q3-offcenter_cluster-5070,3,frozen_baseline,12,365.4021,0.001120207947678864,12,1.0,4384.8252,True,
LOCAL-v1-q3-offcenter_cluster-5071,3,frozen_baseline,12,263.85696475000003,0.0012439580168575048,12,1.0,3166.283577,True,
LOCAL-v1-q3-offcenter_cluster-5072,3,frozen_baseline,15,208.6780924,0.0013920000055804849,15,1.0,3130.171386,True,
LOCAL-v1-q3-offcenter_cluster-5073,3,frozen_baseline,10,320.3504642,0.0007880419725552201,10,1.0,3203.504642,True,
LOCAL-v1-q3-offcenter_cluster-5074,3,frozen_baseline,16,163.9774330625,0.0012804169673472643,16,1.0,2623.638929,True,
LOCAL-v1-q3-offcenter_cluster-5075,3,frozen_baseline,15,279.7258953333333,0.001450750045478344,15,1.0,4195.88843,True,
LOCAL-v1-q3-offcenter_cluster-5076,3,frozen_baseline,12,245.97824233333333,0.0011832501040771604,12,1.0,2951.738908,True,
LOCAL-v1-q3-offcenter_cluster-5077,3,frozen_baseline,14,304.03967378571434,0.0015354580245912075,14,1.0,4256.555433,True,
LOCAL-v1-q3-offcenter_cluster-5078,3,frozen_baseline,13,311.97578753846153,0.0010237910319119692,13,1.0,4055.685238,True,
LOCAL-v1-q3-offcenter_cluster-5079,3,frozen_baseline,10,340.8290692,0.0010681248968467116,10,1.0,3408.290692,True,
LOCAL-v1-q3-offcenter_cluster-5080,3,frozen_baseline,10,336.93886480000003,0.000977999996393919,10,1.0,3369.388648,True,
LOCAL-v1-q3-offcenter_cluster-5081,3,frozen_baseline,16,171.15645425,0.001281042001210153,16,1.0,2738.503268,True,
LOCAL-v1-q3-offcenter_cluster-5082,3,frozen_baseline,13,396.6731582307693,0.0014598749112337828,13,1.0,5156.751057,True,
LOCAL-v1-q3-offcenter_cluster-5083,3,frozen_baseline,13,287.1344589230769,0.0013373340480029583,13,1.0,3732.747966,True,
LOCAL-v1-q3-offcenter_cluster-5084,3,frozen_baseline,14,292.108623,0.0013377079740166664,14,1.0,4089.520722,True,
LOCAL-v1-q3-offcenter_cluster-5085,3,frozen_baseline,15,207.52483233333334,0.001382665941491723,15,1.0,3112.872485,True,
LOCAL-v1-q3-offcenter_cluster-5086,3,frozen_baseline,12,355.786277,0.0012816659873351455,12,1.0,4269.435324,True,
LOCAL-v1-q3-offcenter_cluster-5087,3,frozen_baseline,13,295.72831907692307,0.001151417032815516,13,1.0,3844.468148,True,
LOCAL-v1-q3-offcenter_cluster-5088,3,frozen_baseline,16,100.36415825,0.0012497500283643603,16,1.0,1605.826532,True,
LOCAL-v1-q3-offcenter_cluster-5089,3,frozen_baseline,15,244.232868,0.001417666906490922,15,1.0,3663.49302,True,
LOCAL-v1-q3-offcenter_cluster-5090,3,frozen_baseline,14,265.99355092857144,0.0014055829960852861,14,1.0,3723.909713,True,
LOCAL-v1-q3-offcenter_cluster-5091,3,frozen_baseline,12,249.18748691666667,0.0012138329911977053,12,1.0,2990.249843,True,
LOCAL-v1-q3-offcenter_cluster-5092,3,frozen_baseline,11,282.8718134545454,0.0009364580037072301,11,1.0,3111.589948,True,
LOCAL-v1-q3-offcenter_cluster-5093,3,frozen_baseline,15,230.53265346666666,0.001288625062443316,15,1.0,3457.989802,True,
LOCAL-v1-q3-offcenter_cluster-5094,3,frozen_baseline,11,365.9827140909091,0.0011352919973433018,11,1.0,4025.809855,True,
LOCAL-v1-q3-offcenter_cluster-5095,3,frozen_baseline,10,421.6212748,0.0008366249967366457,10,1.0,4216.212748,True,
LOCAL-v1-q3-offcenter_cluster-5096,3,frozen_baseline,14,219.86721914285712,0.0013444999931380153,14,1.0,3078.141068,True,
LOCAL-v1-q3-offcenter_cluster-5097,3,frozen_baseline,13,258.4960231538461,0.0011537910904735327,13,1.0,3360.448301,True,
LOCAL-v1-q3-offcenter_cluster-5098,3,frozen_baseline,16,105.75676975,0.0013226669980213046,16,1.0,1692.108316,True,
LOCAL-v1-q3-offcenter_cluster-5099,3,frozen_baseline,13,228.47716569230766,0.0011443750699982047,13,1.0,2970.203154,True,
LOCAL-v1-q3-origin_cluster-5000,3,frozen_baseline,11,394.50688472727273,0.00102770805824548,11,1.0,4339.575732,True,
LOCAL-v1-q3-origin_cluster-5001,3,frozen_baseline,14,341.5570008571429,0.0012902499875053763,14,1.0,4781.798012,True,
LOCAL-v1-q3-origin_cluster-5002,3,frozen_baseline,15,328.0490277333334,0.0014114580117166042,15,1.0,4920.735416,True,
LOCAL-v1-q3-origin_cluster-5003,3,frozen_baseline,11,361.78229354545454,0.0009525000350549817,11,1.0,3979.605229,True,
LOCAL-v1-q3-origin_cluster-5004,3,frozen_baseline,12,374.55629258333335,0.0011385000543668866,12,1.0,4494.675511,True,
LOCAL-v1-q3-origin_cluster-5005,3,frozen_baseline,11,391.7483938181818,0.0010272079380229115,11,1.0,4309.232332,True,
LOCAL-v1-q3-origin_cluster-5006,3,frozen_baseline,11,392.3922327272727,0.0010877919849008322,11,1.0,4316.31456,True,
LOCAL-v1-q3-origin_cluster-5007,3,frozen_baseline,11,392.7162520909091,0.0010239160619676113,11,1.0,4319.878773,True,
LOCAL-v1-q3-origin_cluster-5008,3,frozen_baseline,10,419.19348529999996,0.0010117909405380487,10,1.0,4191.934853,True,
LOCAL-v1-q3-origin_cluster-5009,3,frozen_baseline,14,342.05218057142855,0.0013301250291988254,14,1.0,4788.730528,True,
LOCAL-v1-q3-origin_cluster-5010,3,frozen_baseline,12,371.38343091666667,0.0012016668915748596,12,1.0,4456.601171,True,
LOCAL-v1-q3-origin_cluster-5011,3,frozen_baseline,15,327.5733222,0.0014709590468555689,15,1.0,4913.599833,True,
LOCAL-v1-q3-origin_cluster-5012,3,frozen_baseline,10,415.9366295,0.0009933329420164227,10,1.0,4159.366295,True,
LOCAL-v1-q3-origin_cluster-5013,3,frozen_baseline,12,370.71072875,0.0010933339362964034,12,1.0,4448.528745,True,
LOCAL-v1-q3-origin_cluster-5014,3,frozen_baseline,11,392.8082126363636,0.0010751669760793447,11,1.0,4320.890339,True,
LOCAL-v1-q3-origin_cluster-5015,3,frozen_baseline,12,371.6169003333334,0.0011758330510929227,12,1.0,4459.402804,True,
LOCAL-v1-q3-origin_cluster-5016,3,frozen_baseline,16,191.1853750625,0.0014390000142157078,16,1.0,3058.966001,True,
LOCAL-v1-q3-origin_cluster-5017,3,frozen_baseline,15,328.05381359999996,0.001402582973241806,15,1.0,4920.807204,True,
LOCAL-v1-q3-origin_cluster-5018,3,frozen_baseline,10,421.4541235,0.0010114170145243406,10,1.0,4214.541235,True,
LOCAL-v1-q3-origin_cluster-5019,3,frozen_baseline,11,394.97977599999996,0.0010759590659290552,11,1.0,4344.777536,True,
LOCAL-v1-q3-origin_cluster-5020,3,frozen_baseline,16,190.0164454375,0.0013419579481706023,16,1.0,3040.263127,True,
LOCAL-v1-q3-origin_cluster-5021,3,frozen_baseline,14,338.9992153571429,0.0013305420288816094,14,1.0,4745.989015,True,
LOCAL-v1-q3-origin_cluster-5022,3,frozen_baseline,14,339.8101363571428,0.0012422080617398024,14,1.0,4757.341909,True,
LOCAL-v1-q3-origin_cluster-5023,3,frozen_baseline,15,329.5996898,0.0013697500107809901,15,1.0,4943.995347,True,
LOCAL-v1-q3-origin_cluster-5024,3,frozen_baseline,13,356.0046066153846,0.0012869159691035748,13,1.0,4628.059886,True,
LOCAL-v1-q3-origin_cluster-5025,3,frozen_baseline,12,375.6725019166667,0.0011512499768286943,12,1.0,4508.070023,True,
LOCAL-v1-q3-origin_cluster-5026,3,frozen_baseline,15,315.77550386666667,0.0012474160175770521,15,1.0,4736.632558,True,
LOCAL-v1-q3-origin_cluster-5027,3,frozen_baseline,11,389.8464936363636,0.0010378329316154122,11,1.0,4288.31143,True,
LOCAL-v1-q3-origin_cluster-5028,3,frozen_baseline,10,419.36426339999997,0.0009794579818844795,10,1.0,4193.642634,True,
LOCAL-v1-q3-origin_cluster-5029,3,frozen_baseline,11,393.498913,0.0010742919985204935,11,1.0,4328.488043,True,
LOCAL-v1-q3-origin_cluster-5030,3,frozen_baseline,12,370.1494113333333,0.0011811669683083892,12,1.0,4441.792936,True,
LOCAL-v1-q3-origin_cluster-5031,3,frozen_baseline,15,329.21754013333333,0.0014412080636247993,15,1.0,4938.263102,True,
LOCAL-v1-q3-origin_cluster-5032,3,frozen_baseline,11,394.3776331818182,0.0011078340467065573,11,1.0,4338.153965,True,
LOCAL-v1-q3-origin_cluster-5033,3,frozen_baseline,14,330.7876908571429,0.0012076250277459621,14,1.0,4631.027672,True,
LOCAL-v1-q3-origin_cluster-5034,3,frozen_baseline,16,191.329937125,0.001405457966029644,16,1.0,3061.278994,True,
LOCAL-v1-q3-origin_cluster-5035,3,frozen_baseline,10,401.3946561,0.0008870000019669533,10,1.0,4013.946561,True,
LOCAL-v1-q3-origin_cluster-5036,3,frozen_baseline,15,326.78830533333337,0.0014269580133259296,15,1.0,4901.82458,True,
LOCAL-v1-q3-origin_cluster-5037,3,frozen_baseline,15,330.6320936666667,0.0014207919593900442,15,1.0,4959.481405,True,
LOCAL-v1-q3-origin_cluster-5038,3,frozen_baseline,16,191.9647798125,0.001351625076495111,16,1.0,3071.436477,True,
LOCAL-v1-q3-origin_cluster-5039,3,frozen_baseline,10,421.41468969999994,0.000955625087954104,10,1.0,4214.146897,True,
LOCAL-v1-q3-origin_cluster-5040,3,frozen_baseline,15,328.9821294,0.0013343750033527613,15,1.0,4934.731941,True,
LOCAL-v1-q3-origin_cluster-5041,3,frozen_baseline,15,330.3132162666667,0.0013604580890387297,15,1.0,4954.698244,True,
LOCAL-v1-q3-origin_cluster-5042,3,frozen_baseline,11,393.69650954545455,0.001063458970747888,11,1.0,4330.661605,True,
LOCAL-v1-q3-origin_cluster-5043,3,frozen_baseline,12,375.61881124999996,0.001155041973106563,12,1.0,4507.425735,True,
LOCAL-v1-q3-origin_cluster-5044,3,frozen_baseline,11,376.3892754545455,0.001026791986078024,11,1.0,4140.28203,True,
LOCAL-v1-q3-origin_cluster-5045,3,frozen_baseline,11,390.73750754545455,0.0010475419694557786,11,1.0,4298.112583,True,
LOCAL-v1-q3-origin_cluster-5046,3,frozen_baseline,10,419.9320955,0.0009755420032888651,10,1.0,4199.320955,True,
LOCAL-v1-q3-origin_cluster-5047,3,frozen_baseline,16,189.7766215625,0.0013682080898433924,16,1.0,3036.425945,True,
LOCAL-v1-q3-origin_cluster-5048,3,frozen_baseline,12,372.67429500000003,0.0012377920793369412,12,1.0,4472.09154,True,
LOCAL-v1-q3-origin_cluster-5049,3,frozen_baseline,10,416.55147129999995,0.0010336670093238354,10,1.0,4165.514713,True,
LOCAL-v1-q3-origin_cluster-5050,3,frozen_baseline,15,328.8432086,0.0014274580171331763,15,1.0,4932.648129,True,
LOCAL-v1-q3-origin_cluster-5051,3,frozen_baseline,11,393.79621981818184,0.0010640829568728805,11,1.0,4331.758418,True,
LOCAL-v1-q3-origin_cluster-5052,3,frozen_baseline,13,355.2256298461538,0.0011822499800473452,13,1.0,4617.933188,True,
LOCAL-v1-q3-origin_cluster-5053,3,frozen_baseline,16,192.481200875,0.0013165000127628446,16,1.0,3079.699214,True,
LOCAL-v1-q3-origin_cluster-5054,3,frozen_baseline,16,188.8416163125,0.0013497910695150495,16,1.0,3021.465861,True,
LOCAL-v1-q3-origin_cluster-5055,3,frozen_baseline,12,361.23488849999995,0.001011208980344236,12,1.0,4334.818662,True,
LOCAL-v1-q3-origin_cluster-5056,3,frozen_baseline,13,357.00418492307693,0.0011772080324590206,13,1.0,4641.054404,True,
LOCAL-v1-q3-origin_cluster-5057,3,frozen_baseline,13,342.5352122307692,0.0011475000064820051,13,1.0,4452.957759,True,
LOCAL-v1-q3-origin_cluster-5058,3,frozen_baseline,14,338.31843021428574,0.0012466670013964176,14,1.0,4736.458023,True,
LOCAL-v1-q3-origin_cluster-5059,3,frozen_baseline,12,369.0425235833333,0.0010610419558361173,12,1.0,4428.510283,True,
LOCAL-v1-q3-origin_cluster-5060,3,frozen_baseline,11,392.29978781818187,0.0010031249839812517,11,1.0,4315.297666,True,
LOCAL-v1-q3-origin_cluster-5061,3,frozen_baseline,13,353.66757661538463,0.0012157500023022294,13,1.0,4597.678496,True,
LOCAL-v1-q3-origin_cluster-5062,3,frozen_baseline,16,191.7371321875,0.0012989169918000698,16,1.0,3067.794115,True,
LOCAL-v1-q3-origin_cluster-5063,3,frozen_baseline,15,329.64571766666666,0.0013683339348062873,15,1.0,4944.685765,True,
LOCAL-v1-q3-origin_cluster-5064,3,frozen_baseline,13,358.5324560769231,0.001320375013165176,13,1.0,4660.921929,True,
LOCAL-v1-q3-origin_cluster-5065,3,frozen_baseline,12,373.82311766666663,0.0011174590326845646,12,1.0,4485.877412,True,
LOCAL-v1-q3-origin_cluster-5066,3,frozen_baseline,10,418.07839690000003,0.0010285410098731518,10,1.0,4180.783969,True,
LOCAL-v1-q3-origin_cluster-5067,3,frozen_baseline,16,180.617031625,0.0013129590079188347,16,1.0,2889.872506,True,
LOCAL-v1-q3-origin_cluster-5068,3,frozen_baseline,13,354.21529992307694,0.0011802499648183584,13,1.0,4604.798899,True,
LOCAL-v1-q3-origin_cluster-5069,3,frozen_baseline,14,340.9657502142857,0.0012994169956073165,14,1.0,4773.520503,True,
LOCAL-v1-q3-origin_cluster-5070,3,frozen_baseline,12,369.66980766666666,0.0011256251018494368,12,1.0,4436.037692,True,
LOCAL-v1-q3-origin_cluster-5071,3,frozen_baseline,12,360.59123225,0.0010234999936074018,12,1.0,4327.094787,True,
LOCAL-v1-q3-origin_cluster-5072,3,frozen_baseline,15,328.86655686666666,0.0013942919904366136,15,1.0,4932.998353,True,
LOCAL-v1-q3-origin_cluster-5073,3,frozen_baseline,10,418.7126904,0.0009656250476837158,10,1.0,4187.126904,True,
LOCAL-v1-q3-origin_cluster-5074,3,frozen_baseline,16,189.90380975,0.0013197079533711076,16,1.0,3038.460956,True,
LOCAL-v1-q3-origin_cluster-5075,3,frozen_baseline,15,328.80187593333335,0.0013098749332129955,15,1.0,4932.028139,True,
LOCAL-v1-q3-origin_cluster-5076,3,frozen_baseline,12,373.28347225,0.0011071249609813094,12,1.0,4479.401667,True,
LOCAL-v1-q3-origin_cluster-5077,3,frozen_baseline,14,328.30213328571426,0.001334875007160008,14,1.0,4596.229866,True,
LOCAL-v1-q3-origin_cluster-5078,3,frozen_baseline,13,358.37293015384614,0.0013599579688161612,13,1.0,4658.848092,True,
LOCAL-v1-q3-origin_cluster-5079,3,frozen_baseline,10,419.1147841,0.0010003329953178763,10,1.0,4191.147841,True,
LOCAL-v1-q3-origin_cluster-5080,3,frozen_baseline,10,418.5745728,0.0010223749559372663,10,1.0,4185.745728,True,
LOCAL-v1-q3-origin_cluster-5081,3,frozen_baseline,16,192.9070855625,0.0013377080904319882,16,1.0,3086.513369,True,
LOCAL-v1-q3-origin_cluster-5082,3,frozen_baseline,13,355.8616052307692,0.0011722090421244502,13,1.0,4626.200868,True,
LOCAL-v1-q3-origin_cluster-5083,3,frozen_baseline,13,356.0406075384616,0.001276249997317791,13,1.0,4628.527898,True,
LOCAL-v1-q3-origin_cluster-5084,3,frozen_baseline,14,338.55987721428573,0.001277417060919106,14,1.0,4739.838281,True,
LOCAL-v1-q3-origin_cluster-5085,3,frozen_baseline,15,328.6063728,0.0013648750027641654,15,1.0,4929.095592,True,
LOCAL-v1-q3-origin_cluster-5086,3,frozen_baseline,12,374.73267583333336,0.0011550000635907054,12,1.0,4496.79211,True,
LOCAL-v1-q3-origin_cluster-5087,3,frozen_baseline,13,353.73226584615384,0.001119250082410872,13,1.0,4598.519456,True,
LOCAL-v1-q3-origin_cluster-5088,3,frozen_baseline,16,191.4062064375,0.0013050000416114926,16,1.0,3062.499303,True,
LOCAL-v1-q3-origin_cluster-5089,3,frozen_baseline,15,328.30336,0.001432583900168538,15,1.0,4924.5504,True,
LOCAL-v1-q3-origin_cluster-5090,3,frozen_baseline,14,339.25548835714284,0.0012687919661402702,14,1.0,4749.576837,True,
LOCAL-v1-q3-origin_cluster-5091,3,frozen_baseline,12,356.40142783333334,0.0010694169905036688,12,1.0,4276.817134,True,
LOCAL-v1-q3-origin_cluster-5092,3,frozen_baseline,11,389.7598201818182,0.0010054169688373804,11,1.0,4287.358022,True,
LOCAL-v1-q3-origin_cluster-5093,3,frozen_baseline,15,325.08712146666664,0.0012943330220878124,15,1.0,4876.306822,True,
LOCAL-v1-q3-origin_cluster-5094,3,frozen_baseline,11,392.1201878181818,0.0010398749727755785,11,1.0,4313.322066,True,
LOCAL-v1-q3-origin_cluster-5095,3,frozen_baseline,10,420.5848838,0.0011063329875469208,10,1.0,4205.848838,True,
LOCAL-v1-q3-origin_cluster-5096,3,frozen_baseline,14,328.69696500000003,0.0012449590722098947,14,1.0,4601.75751,True,
LOCAL-v1-q3-origin_cluster-5097,3,frozen_baseline,13,356.6259959230769,0.0014079579850658774,13,1.0,4636.137947,True,
LOCAL-v1-q3-origin_cluster-5098,3,frozen_baseline,16,191.2950309375,0.0014883329859003425,16,1.0,3060.720495,True,
LOCAL-v1-q3-origin_cluster-5099,3,frozen_baseline,13,354.6167382307692,0.0011913329362869263,13,1.0,4610.017597,True,
LOCAL-v1-q3-minimum_radius-5000,3,frozen_baseline,11,305.7086880909091,0.0010973330354318023,11,1.0,3362.795569,True,
LOCAL-v1-q3-minimum_radius-5001,3,frozen_baseline,14,309.2099705,0.0012928330106660724,14,1.0,4328.939587,True,
LOCAL-v1-q3-minimum_radius-5002,3,frozen_baseline,15,261.69192953333334,0.0013193340273573995,15,1.0,3925.378943,True,
LOCAL-v1-q3-minimum_radius-5003,3,frozen_baseline,11,326.85996854545454,0.0010183339472860098,11,1.0,3595.459654,True,
LOCAL-v1-q3-minimum_radius-5004,3,frozen_baseline,12,340.300672,0.0010827500373125076,12,1.0,4083.608064,True,
LOCAL-v1-q3-minimum_radius-5005,3,frozen_baseline,11,366.66535063636366,0.001107916934415698,11,1.0,4033.318857,True,
LOCAL-v1-q3-minimum_radius-5006,3,frozen_baseline,11,362.98372518181816,0.0011407090350985527,11,1.0,3992.820977,True,
LOCAL-v1-q3-minimum_radius-5007,3,frozen_baseline,11,301.7868884545455,0.0009824580047279596,11,1.0,3319.655773,True,
LOCAL-v1-q3-minimum_radius-5008,3,frozen_baseline,10,351.0092891,0.0009634169982746243,10,1.0,3510.092891,True,
LOCAL-v1-q3-minimum_radius-5009,3,frozen_baseline,14,321.6794454285714,0.0013128750724717975,14,1.0,4503.512236,True,
LOCAL-v1-q3-minimum_radius-5010,3,frozen_baseline,12,338.0695270833333,0.0011362920049577951,12,1.0,4056.834325,True,
LOCAL-v1-q3-minimum_radius-5011,3,frozen_baseline,15,310.84924293333336,0.0013736250111833215,15,1.0,4662.738644,True,
LOCAL-v1-q3-minimum_radius-5012,3,frozen_baseline,10,332.2096957,0.0009059590520337224,10,1.0,3322.096957,True,
LOCAL-v1-q3-minimum_radius-5013,3,frozen_baseline,12,324.36514116666666,0.0010912090074270964,12,1.0,3892.381694,True,
LOCAL-v1-q3-minimum_radius-5014,3,frozen_baseline,11,362.53947636363637,0.0009657080518081784,11,1.0,3987.93424,True,
LOCAL-v1-q3-minimum_radius-5015,3,frozen_baseline,12,309.20652791666663,0.0010614999337121844,12,1.0,3710.478335,True,
LOCAL-v1-q3-minimum_radius-5016,3,frozen_baseline,16,284.0694915,0.001378249959088862,16,1.0,4545.111864,True,
LOCAL-v1-q3-minimum_radius-5017,3,frozen_baseline,15,299.70490993333334,0.001265416038222611,15,1.0,4495.573649,True,
LOCAL-v1-q3-minimum_radius-5018,3,frozen_baseline,10,390.03725199999997,0.0008999579586088657,10,1.0,3900.37252,True,
LOCAL-v1-q3-minimum_radius-5019,3,frozen_baseline,11,365.95010963636366,0.0009824169101193547,11,1.0,4025.451206,True,
LOCAL-v1-q3-minimum_radius-5020,3,frozen_baseline,16,265.38272925,0.0012562499614432454,16,1.0,4246.123668,True,
LOCAL-v1-q3-minimum_radius-5021,3,frozen_baseline,14,290.2670132142857,0.0011994170490652323,14,1.0,4063.738185,True,
LOCAL-v1-q3-minimum_radius-5022,3,frozen_baseline,14,314.8197243571429,0.0012819169787690043,14,1.0,4407.476141,True,
LOCAL-v1-q3-minimum_radius-5023,3,frozen_baseline,15,255.26485233333332,0.0012985420180484653,15,1.0,3828.972785,True,
LOCAL-v1-q3-minimum_radius-5024,3,frozen_baseline,13,333.72953884615384,0.0011969590559601784,13,1.0,4338.484005,True,
LOCAL-v1-q3-minimum_radius-5025,3,frozen_baseline,12,309.67851691666664,0.0010717500699684024,12,1.0,3716.142203,True,
LOCAL-v1-q3-minimum_radius-5026,3,frozen_baseline,15,300.1828754,0.0012627500109374523,15,1.0,4502.743131,True,
LOCAL-v1-q3-minimum_radius-5027,3,frozen_baseline,11,299.1681587272727,0.0010763750178739429,11,1.0,3290.849746,True,
LOCAL-v1-q3-minimum_radius-5028,3,frozen_baseline,10,357.3114312,0.0009813749929890037,10,1.0,3573.114312,True,
LOCAL-v1-q3-minimum_radius-5029,3,frozen_baseline,11,309.1854981818182,0.0009765410795807838,11,1.0,3401.04048,True,
LOCAL-v1-q3-minimum_radius-5030,3,frozen_baseline,12,296.735832,0.0010125000262632966,12,1.0,3560.829984,True,
LOCAL-v1-q3-minimum_radius-5031,3,frozen_baseline,15,284.03528953333335,0.001357291010208428,15,1.0,4260.529343,True,
LOCAL-v1-q3-minimum_radius-5032,3,frozen_baseline,11,336.38557336363635,0.0009527499787509441,11,1.0,3700.241307,True,
LOCAL-v1-q3-minimum_radius-5033,3,frozen_baseline,14,283.4715156428571,0.0012931249802932143,14,1.0,3968.601219,True,
LOCAL-v1-q3-minimum_radius-5034,3,frozen_baseline,16,254.5115115625,0.0013124579563736916,16,1.0,4072.184185,True,
LOCAL-v1-q3-minimum_radius-5035,3,frozen_baseline,10,382.585457,0.0009809170151129365,10,1.0,3825.85457,True,
LOCAL-v1-q3-minimum_radius-5036,3,frozen_baseline,15,294.18708613333337,0.0012387499446049333,15,1.0,4412.806292,True,
LOCAL-v1-q3-minimum_radius-5037,3,frozen_baseline,15,295.51780406666666,0.0013742500450462103,15,1.0,4432.767061,True,
LOCAL-v1-q3-minimum_radius-5038,3,frozen_baseline,16,273.7857661875,0.0014446249697357416,16,1.0,4380.572259,True,
LOCAL-v1-q3-minimum_radius-5039,3,frozen_baseline,10,378.9716109,0.0010428749956190586,10,1.0,3789.716109,True,
LOCAL-v1-q3-minimum_radius-5040,3,frozen_baseline,15,274.7490714,0.0013646669685840607,15,1.0,4121.236071,True,
LOCAL-v1-q3-minimum_radius-5041,3,frozen_baseline,15,301.28018280000003,0.0012912079691886902,15,1.0,4519.202742,True,
LOCAL-v1-q3-minimum_radius-5042,3,frozen_baseline,11,326.96942309090906,0.0010889169061556458,11,1.0,3596.663654,True,
LOCAL-v1-q3-minimum_radius-5043,3,frozen_baseline,12,350.09033675,0.001080875052139163,12,1.0,4201.084041,True,
LOCAL-v1-q3-minimum_radius-5044,3,frozen_baseline,11,336.8258277272727,0.0010639169486239552,11,1.0,3705.084105,True,
LOCAL-v1-q3-minimum_radius-5045,3,frozen_baseline,11,336.27246809090906,0.0010032500140368938,11,1.0,3698.997149,True,
LOCAL-v1-q3-minimum_radius-5046,3,frozen_baseline,10,378.5416927,0.0008562910370528698,10,1.0,3785.416927,True,
LOCAL-v1-q3-minimum_radius-5047,3,frozen_baseline,16,254.7263485,0.0013763330643996596,16,1.0,4075.621576,True,
LOCAL-v1-q3-minimum_radius-5048,3,frozen_baseline,12,306.529103,0.0011129580670967698,12,1.0,3678.349236,True,
LOCAL-v1-q3-minimum_radius-5049,3,frozen_baseline,10,365.3958665,0.0009449589997529984,10,1.0,3653.958665,True,
LOCAL-v1-q3-minimum_radius-5050,3,frozen_baseline,15,269.77879193333337,0.0013651250628754497,15,1.0,4046.681879,True,
LOCAL-v1-q3-minimum_radius-5051,3,frozen_baseline,11,357.7847836363636,0.0009494579862803221,11,1.0,3935.63262,True,
LOCAL-v1-q3-minimum_radius-5052,3,frozen_baseline,13,305.8455463846154,0.0012595420703291893,13,1.0,3975.992103,True,
LOCAL-v1-q3-minimum_radius-5053,3,frozen_baseline,16,276.21279775,0.0012884159805253148,16,1.0,4419.404764,True,
LOCAL-v1-q3-minimum_radius-5054,3,frozen_baseline,16,277.58793325,0.0013126670382916927,16,1.0,4441.406932,True,
LOCAL-v1-q3-minimum_radius-5055,3,frozen_baseline,12,349.3860661666667,0.000985457911156118,12,1.0,4192.632794,True,
LOCAL-v1-q3-minimum_radius-5056,3,frozen_baseline,13,316.86059584615384,0.0013048750115558505,13,1.0,4119.187746,True,
LOCAL-v1-q3-minimum_radius-5057,3,frozen_baseline,13,308.45884253846157,0.0012047919444739819,13,1.0,4009.964953,True,
LOCAL-v1-q3-minimum_radius-5058,3,frozen_baseline,14,263.69771099999997,0.0011573749361559749,14,1.0,3691.767954,True,
LOCAL-v1-q3-minimum_radius-5059,3,frozen_baseline,12,306.63136075,0.00116658303886652,12,1.0,3679.576329,True,
LOCAL-v1-q3-minimum_radius-5060,3,frozen_baseline,11,341.81158727272725,0.0010719170095399022,11,1.0,3759.92746,True,
LOCAL-v1-q3-minimum_radius-5061,3,frozen_baseline,13,257.9344593076923,0.0010935419704765081,13,1.0,3353.147971,True,
LOCAL-v1-q3-minimum_radius-5062,3,frozen_baseline,16,254.7861330625,0.0012798330280929804,16,1.0,4076.578129,True,
LOCAL-v1-q3-minimum_radius-5063,3,frozen_baseline,15,287.19811293333333,0.0013894170988351107,15,1.0,4307.971694,True,
LOCAL-v1-q3-minimum_radius-5064,3,frozen_baseline,13,287.92821246153846,0.0012341669062152505,13,1.0,3743.066762,True,
LOCAL-v1-q3-minimum_radius-5065,3,frozen_baseline,12,315.2774743333333,0.0010540829971432686,12,1.0,3783.329692,True,
LOCAL-v1-q3-minimum_radius-5066,3,frozen_baseline,10,353.9808375,0.0009427079930901527,10,1.0,3539.808375,True,
LOCAL-v1-q3-minimum_radius-5067,3,frozen_baseline,16,275.5447958125,0.0014096250524744391,16,1.0,4408.716733,True,
LOCAL-v1-q3-minimum_radius-5068,3,frozen_baseline,13,296.90073138461537,0.0011395830661058426,13,1.0,3859.709508,True,
LOCAL-v1-q3-minimum_radius-5069,3,frozen_baseline,14,291.65330814285716,0.0012544590281322598,14,1.0,4083.146314,True,
LOCAL-v1-q3-minimum_radius-5070,3,frozen_baseline,12,363.7522035833333,0.0011499999091029167,12,1.0,4365.026443,True,
LOCAL-v1-q3-minimum_radius-5071,3,frozen_baseline,12,305.13921166666665,0.0010276250541210175,12,1.0,3661.67054,True,
LOCAL-v1-q3-minimum_radius-5072,3,frozen_baseline,15,286.09043613333336,0.0012868749909102917,15,1.0,4291.356542,True,
LOCAL-v1-q3-minimum_radius-5073,3,frozen_baseline,10,387.5135192,0.0009189170086756349,10,1.0,3875.135192,True,
LOCAL-v1-q3-minimum_radius-5074,3,frozen_baseline,16,255.3521783125,0.0013792499667033553,16,1.0,4085.634853,True,
LOCAL-v1-q3-minimum_radius-5075,3,frozen_baseline,15,254.7150604,0.0013712500222027302,15,1.0,3820.725906,True,
LOCAL-v1-q3-minimum_radius-5076,3,frozen_baseline,12,323.75095733333336,0.0011167919728904963,12,1.0,3885.011488,True,
LOCAL-v1-q3-minimum_radius-5077,3,frozen_baseline,14,299.84065114285715,0.0013080410426482558,14,1.0,4197.769116,True,
LOCAL-v1-q3-minimum_radius-5078,3,frozen_baseline,13,300.10139869230767,0.0011198340216651559,13,1.0,3901.318183,True,
LOCAL-v1-q3-minimum_radius-5079,3,frozen_baseline,10,371.9834861,0.0009989578975364566,10,1.0,3719.834861,True,
LOCAL-v1-q3-minimum_radius-5080,3,frozen_baseline,10,340.8061095,0.0008920830441638827,10,1.0,3408.061095,True,
LOCAL-v1-q3-minimum_radius-5081,3,frozen_baseline,16,258.6571944375,0.0013832079712301493,16,1.0,4138.515111,True,
LOCAL-v1-q3-minimum_radius-5082,3,frozen_baseline,13,302.759847,0.0012412089854478836,13,1.0,3935.878011,True,
LOCAL-v1-q3-minimum_radius-5083,3,frozen_baseline,13,316.46629330769235,0.0011835000477731228,13,1.0,4114.061813,True,
LOCAL-v1-q3-minimum_radius-5084,3,frozen_baseline,14,284.3231195,0.0012799170799553394,14,1.0,3980.523673,True,
LOCAL-v1-q3-minimum_radius-5085,3,frozen_baseline,15,291.38056033333334,0.0013738750712946057,15,1.0,4370.708405,True,
LOCAL-v1-q3-minimum_radius-5086,3,frozen_baseline,12,304.08511275,0.001002333010546863,12,1.0,3649.021353,True,
LOCAL-v1-q3-minimum_radius-5087,3,frozen_baseline,13,282.6487323076923,0.0011436250060796738,13,1.0,3674.43352,True,
LOCAL-v1-q3-minimum_radius-5088,3,frozen_baseline,16,248.2604524375,0.0012258749920874834,16,1.0,3972.167239,True,
LOCAL-v1-q3-minimum_radius-5089,3,frozen_baseline,15,304.2961842,0.0013244579313322902,15,1.0,4564.442763,True,
LOCAL-v1-q3-minimum_radius-5090,3,frozen_baseline,14,269.72565614285713,0.0011990841012448072,14,1.0,3776.159186,True,
LOCAL-v1-q3-minimum_radius-5091,3,frozen_baseline,12,296.4409175833333,0.001141292043030262,12,1.0,3557.291011,True,
LOCAL-v1-q3-minimum_radius-5092,3,frozen_baseline,11,390.3652774545455,0.0010819159215316176,11,1.0,4294.018052,True,
LOCAL-v1-q3-minimum_radius-5093,3,frozen_baseline,15,269.70195666666666,0.0012809999752789736,15,1.0,4045.52935,True,
LOCAL-v1-q3-minimum_radius-5094,3,frozen_baseline,11,362.1266287272727,0.0009330000029876828,11,1.0,3983.392916,True,
LOCAL-v1-q3-minimum_radius-5095,3,frozen_baseline,10,361.7407813,0.0010105830151587725,10,1.0,3617.407813,True,
LOCAL-v1-q3-minimum_radius-5096,3,frozen_baseline,14,287.5027667857143,0.0012705830158665776,14,1.0,4025.038735,True,
LOCAL-v1-q3-minimum_radius-5097,3,frozen_baseline,13,265.93812484615387,0.0011226249625906348,13,1.0,3457.195623,True,
LOCAL-v1-q3-minimum_radius-5098,3,frozen_baseline,16,292.053879875,0.001425374997779727,16,1.0,4672.862078,True,
LOCAL-v1-q3-minimum_radius-5099,3,frozen_baseline,13,304.14029800000003,0.001174542005173862,13,1.0,3953.823874,True,
LOCAL-v1-q3-exactly10_sources-5000,3,frozen_baseline,10,356.97396480000003,0.0009678340284153819,10,1.0,3569.739648,True,
LOCAL-v1-q3-exactly10_sources-5001,3,frozen_baseline,10,330.1749312,0.0010079999919980764,10,1.0,3301.749312,True,
LOCAL-v1-q3-exactly10_sources-5002,3,frozen_baseline,10,377.8864085,0.001086207921616733,10,1.0,3778.864085,True,
LOCAL-v1-q3-exactly10_sources-5003,3,frozen_baseline,10,370.1778396,0.0010589159792289138,10,1.0,3701.778396,True,
LOCAL-v1-q3-exactly10_sources-5004,3,frozen_baseline,10,351.89035939999997,0.0010264170123264194,10,1.0,3518.903594,True,
LOCAL-v1-q3-exactly10_sources-5005,3,frozen_baseline,10,338.461847,0.000992374960333109,10,1.0,3384.61847,True,
LOCAL-v1-q3-exactly10_sources-5006,3,frozen_baseline,10,357.3564163,0.0010911249555647373,10,1.0,3573.564163,True,
LOCAL-v1-q3-exactly10_sources-5007,3,frozen_baseline,10,368.7425564,0.0010430419351905584,10,1.0,3687.425564,True,
LOCAL-v1-q3-exactly10_sources-5008,3,frozen_baseline,10,389.1680662,0.0010329170618206263,10,1.0,3891.680662,True,
LOCAL-v1-q3-exactly10_sources-5009,3,frozen_baseline,10,367.38317470000004,0.0010020839981734753,10,1.0,3673.831747,True,
LOCAL-v1-q3-exactly10_sources-5010,3,frozen_baseline,10,403.36829309999996,0.0010328330099582672,10,1.0,4033.682931,True,
LOCAL-v1-q3-exactly10_sources-5011,3,frozen_baseline,10,379.9065126,0.0011504580033943057,10,1.0,3799.065126,True,
LOCAL-v1-q3-exactly10_sources-5012,3,frozen_baseline,10,354.4180933,0.000927707995288074,10,1.0,3544.180933,True,
LOCAL-v1-q3-exactly10_sources-5013,3,frozen_baseline,10,307.9927146,0.0009724999545142055,10,1.0,3079.927146,True,
LOCAL-v1-q3-exactly10_sources-5014,3,frozen_baseline,10,363.1508272,0.0009543750202283263,10,1.0,3631.508272,True,
LOCAL-v1-q3-exactly10_sources-5015,3,frozen_baseline,10,372.13338899999997,0.0010064160451292992,10,1.0,3721.33389,True,
LOCAL-v1-q3-exactly10_sources-5016,3,frozen_baseline,10,341.2754462,0.0009464999893680215,10,1.0,3412.754462,True,
LOCAL-v1-q3-exactly10_sources-5017,3,frozen_baseline,10,385.9591238,0.0010557910427451134,10,1.0,3859.591238,True,
LOCAL-v1-q3-exactly10_sources-5018,3,frozen_baseline,10,363.76344869999997,0.0010283750016242266,10,1.0,3637.634487,True,
LOCAL-v1-q3-exactly10_sources-5019,3,frozen_baseline,10,353.8799237,0.0010331249795854092,10,1.0,3538.799237,True,
LOCAL-v1-q3-exactly10_sources-5020,3,frozen_baseline,10,372.0136705,0.0011132500367239118,10,1.0,3720.136705,True,
LOCAL-v1-q3-exactly10_sources-5021,3,frozen_baseline,10,375.9256072,0.0011069170432165265,10,1.0,3759.256072,True,
LOCAL-v1-q3-exactly10_sources-5022,3,frozen_baseline,10,367.6788689,0.0010628330055624247,10,1.0,3676.788689,True,
LOCAL-v1-q3-exactly10_sources-5023,3,frozen_baseline,10,360.82144320000003,0.0010426250519230962,10,1.0,3608.214432,True,
LOCAL-v1-q3-exactly10_sources-5024,3,frozen_baseline,10,363.4812641,0.0010908750118687749,10,1.0,3634.812641,True,
LOCAL-v1-q3-exactly10_sources-5025,3,frozen_baseline,10,384.1395777,0.0010371250100433826,10,1.0,3841.395777,True,
LOCAL-v1-q3-exactly10_sources-5026,3,frozen_baseline,10,363.1360869,0.0011309579713270068,10,1.0,3631.360869,True,
LOCAL-v1-q3-exactly10_sources-5027,3,frozen_baseline,10,353.801915,0.0010678749531507492,10,1.0,3538.01915,True,
LOCAL-v1-q3-exactly10_sources-5028,3,frozen_baseline,10,367.7180307,0.0009524999186396599,10,1.0,3677.180307,True,
LOCAL-v1-q3-exactly10_sources-5029,3,frozen_baseline,10,319.5232366,0.0010683749569579959,10,1.0,3195.232366,True,
LOCAL-v1-q3-exactly10_sources-5030,3,frozen_baseline,10,352.1145309,0.0009603339713066816,10,1.0,3521.145309,True,
LOCAL-v1-q3-exactly10_sources-5031,3,frozen_baseline,10,321.35862929999996,0.0010168750304728746,10,1.0,3213.586293,True,
LOCAL-v1-q3-exactly10_sources-5032,3,frozen_baseline,10,342.8254349,0.0009301250101998448,10,1.0,3428.254349,True,
LOCAL-v1-q3-exactly10_sources-5033,3,frozen_baseline,10,349.2339146,0.0009654168970882893,10,1.0,3492.339146,True,
LOCAL-v1-q3-exactly10_sources-5034,3,frozen_baseline,10,312.9661449,0.0010566660203039646,10,1.0,3129.661449,True,
LOCAL-v1-q3-exactly10_sources-5035,3,frozen_baseline,10,392.64589420000004,0.0011811250587925315,10,1.0,3926.458942,True,
LOCAL-v1-q3-exactly10_sources-5036,3,frozen_baseline,10,346.5874662,0.0010230829939246178,10,1.0,3465.874662,True,
LOCAL-v1-q3-exactly10_sources-5037,3,frozen_baseline,10,389.5709703,0.0009588750544935465,10,1.0,3895.709703,True,
LOCAL-v1-q3-exactly10_sources-5038,3,frozen_baseline,10,373.176898,0.0010364591144025326,10,1.0,3731.76898,True,
LOCAL-v1-q3-exactly10_sources-5039,3,frozen_baseline,10,352.9356156,0.0010252919746562839,10,1.0,3529.356156,True,
LOCAL-v1-q3-exactly10_sources-5040,3,frozen_baseline,10,334.8304057,0.0011203750036656857,10,1.0,3348.304057,True,
LOCAL-v1-q3-exactly10_sources-5041,3,frozen_baseline,10,322.5962123,0.0010270000202581286,10,1.0,3225.962123,True,
LOCAL-v1-q3-exactly10_sources-5042,3,frozen_baseline,10,342.69094789999997,0.0011607500491663814,10,1.0,3426.909479,True,
LOCAL-v1-q3-exactly10_sources-5043,3,frozen_baseline,10,333.7456006,0.0010368750663474202,10,1.0,3337.456006,True,
LOCAL-v1-q3-exactly10_sources-5044,3,frozen_baseline,10,362.7028378,0.000986957922577858,10,1.0,3627.028378,True,
LOCAL-v1-q3-exactly10_sources-5045,3,frozen_baseline,10,371.451238,0.0011122080031782389,10,1.0,3714.51238,True,
LOCAL-v1-q3-exactly10_sources-5046,3,frozen_baseline,10,387.867714,0.0009558330057188869,10,1.0,3878.67714,True,
LOCAL-v1-q3-exactly10_sources-5047,3,frozen_baseline,10,376.4498119,0.0010213329223915935,10,1.0,3764.498119,True,
LOCAL-v1-q3-exactly10_sources-5048,3,frozen_baseline,10,341.9431667,0.0010008750250563025,10,1.0,3419.431667,True,
LOCAL-v1-q3-exactly10_sources-5049,3,frozen_baseline,10,355.943662,0.00108233408536762,10,1.0,3559.43662,True,
LOCAL-v1-q3-exactly10_sources-5050,3,frozen_baseline,10,334.2026735,0.0010176659561693668,10,1.0,3342.026735,True,
LOCAL-v1-q3-exactly10_sources-5051,3,frozen_baseline,10,449.1619164,0.0010719579877331853,10,1.0,4491.619164,True,
LOCAL-v1-q3-exactly10_sources-5052,3,frozen_baseline,10,383.724313,0.0011311249108985066,10,1.0,3837.24313,True,
LOCAL-v1-q3-exactly10_sources-5053,3,frozen_baseline,10,371.3141865,0.00120749999769032,10,1.0,3713.141865,True,
LOCAL-v1-q3-exactly10_sources-5054,3,frozen_baseline,10,346.7722632,0.001111541991122067,10,1.0,3467.722632,True,
LOCAL-v1-q3-exactly10_sources-5055,3,frozen_baseline,10,345.5441186,0.0009760409593582153,10,1.0,3455.441186,True,
LOCAL-v1-q3-exactly10_sources-5056,3,frozen_baseline,10,367.1556533,0.0010363329201936722,10,1.0,3671.556533,True,
LOCAL-v1-q3-exactly10_sources-5057,3,frozen_baseline,10,349.9008124,0.001101000001654029,10,1.0,3499.008124,True,
LOCAL-v1-q3-exactly10_sources-5058,3,frozen_baseline,10,346.38800200000003,0.0011041249381378293,10,1.0,3463.88002,True,
LOCAL-v1-q3-exactly10_sources-5059,3,frozen_baseline,10,342.5745958,0.0010696669341996312,10,1.0,3425.745958,True,
LOCAL-v1-q3-exactly10_sources-5060,3,frozen_baseline,10,336.745658,0.0010525420075282454,10,1.0,3367.45658,True,
LOCAL-v1-q3-exactly10_sources-5061,3,frozen_baseline,10,342.915557,0.0010787500068545341,10,1.0,3429.15557,True,
LOCAL-v1-q3-exactly10_sources-5062,3,frozen_baseline,10,394.9475473,0.0009534170385450125,10,1.0,3949.475473,True,
LOCAL-v1-q3-exactly10_sources-5063,3,frozen_baseline,10,372.0240296,0.0009690839797258377,10,1.0,3720.240296,True,
LOCAL-v1-q3-exactly10_sources-5064,3,frozen_baseline,10,365.4539198,0.001154207973740995,10,1.0,3654.539198,True,
LOCAL-v1-q3-exactly10_sources-5065,3,frozen_baseline,10,348.5659578,0.0010489580454304814,10,1.0,3485.659578,True,
LOCAL-v1-q3-exactly10_sources-5066,3,frozen_baseline,10,334.9132881,0.0010343330213800073,10,1.0,3349.132881,True,
LOCAL-v1-q3-exactly10_sources-5067,3,frozen_baseline,10,398.3257098,0.0011441670358181,10,1.0,3983.257098,True,
LOCAL-v1-q3-exactly10_sources-5068,3,frozen_baseline,10,368.2242073,0.001065292046405375,10,1.0,3682.242073,True,
LOCAL-v1-q3-exactly10_sources-5069,3,frozen_baseline,10,358.46449590000003,0.0010218750685453415,10,1.0,3584.644959,True,
LOCAL-v1-q3-exactly10_sources-5070,3,frozen_baseline,10,358.001403,0.001194374985061586,10,1.0,3580.01403,True,
LOCAL-v1-q3-exactly10_sources-5071,3,frozen_baseline,10,346.34196149999997,0.0009672499727457762,10,1.0,3463.419615,True,
LOCAL-v1-q3-exactly10_sources-5072,3,frozen_baseline,10,368.59173300000003,0.0011462499387562275,10,1.0,3685.91733,True,
LOCAL-v1-q3-exactly10_sources-5073,3,frozen_baseline,10,366.8441139,0.0010876670712605119,10,1.0,3668.441139,True,
LOCAL-v1-q3-exactly10_sources-5074,3,frozen_baseline,10,354.7625645,0.0010912499856203794,10,1.0,3547.625645,True,
LOCAL-v1-q3-exactly10_sources-5075,3,frozen_baseline,10,394.7060226,0.0010961249936372042,10,1.0,3947.060226,True,
LOCAL-v1-q3-exactly10_sources-5076,3,frozen_baseline,10,376.49026749999996,0.0011225830530747771,10,1.0,3764.902675,True,
LOCAL-v1-q3-exactly10_sources-5077,3,frozen_baseline,10,349.2240925,0.0010814169654622674,10,1.0,3492.240925,True,
LOCAL-v1-q3-exactly10_sources-5078,3,frozen_baseline,10,363.1657865,0.0011838750215247273,10,1.0,3631.657865,True,
LOCAL-v1-q3-exactly10_sources-5079,3,frozen_baseline,10,356.76411229999997,0.0011232499964535236,10,1.0,3567.641123,True,
LOCAL-v1-q3-exactly10_sources-5080,3,frozen_baseline,10,331.9749026,0.0009603750659152865,10,1.0,3319.749026,True,
LOCAL-v1-q3-exactly10_sources-5081,3,frozen_baseline,10,333.9376972,0.0010966249974444509,10,1.0,3339.376972,True,
LOCAL-v1-q3-exactly10_sources-5082,3,frozen_baseline,10,388.21425239999996,0.00114483293145895,10,1.0,3882.142524,True,
LOCAL-v1-q3-exactly10_sources-5083,3,frozen_baseline,10,344.1869115,0.0010105420369654894,10,1.0,3441.869115,True,
LOCAL-v1-q3-exactly10_sources-5084,3,frozen_baseline,10,314.7198985,0.0010278329718858004,10,1.0,3147.198985,True,
LOCAL-v1-q3-exactly10_sources-5085,3,frozen_baseline,10,339.9422747,0.00097287492826581,10,1.0,3399.422747,True,
LOCAL-v1-q3-exactly10_sources-5086,3,frozen_baseline,10,341.85420949999997,0.0010157499928027391,10,1.0,3418.542095,True,
LOCAL-v1-q3-exactly10_sources-5087,3,frozen_baseline,10,391.1115972,0.0011812909506261349,10,1.0,3911.115972,True,
LOCAL-v1-q3-exactly10_sources-5088,3,frozen_baseline,10,324.2446214,0.0009933749679476023,10,1.0,3242.446214,True,
LOCAL-v1-q3-exactly10_sources-5089,3,frozen_baseline,10,323.74907939999997,0.0009752499172464013,10,1.0,3237.490794,True,
LOCAL-v1-q3-exactly10_sources-5090,3,frozen_baseline,10,395.9105654,0.0010867080418393016,10,1.0,3959.105654,True,
LOCAL-v1-q3-exactly10_sources-5091,3,frozen_baseline,10,335.26649299999997,0.0010010419646278024,10,1.0,3352.66493,True,
LOCAL-v1-q3-exactly10_sources-5092,3,frozen_baseline,10,348.5013468,0.0010689579648897052,10,1.0,3485.013468,True,
LOCAL-v1-q3-exactly10_sources-5093,3,frozen_baseline,10,351.2377059,0.0010463329963386059,10,1.0,3512.377059,True,
LOCAL-v1-q3-exactly10_sources-5094,3,frozen_baseline,10,382.0860657,0.0011093749199062586,10,1.0,3820.860657,True,
LOCAL-v1-q3-exactly10_sources-5095,3,frozen_baseline,10,322.5870367,0.001116375089623034,10,1.0,3225.870367,True,
LOCAL-v1-q3-exactly10_sources-5096,3,frozen_baseline,10,392.9929065,0.0010342500172555447,10,1.0,3929.929065,True,
LOCAL-v1-q3-exactly10_sources-5097,3,frozen_baseline,10,380.25699180000004,0.0010613750200718641,10,1.0,3802.569918,True,
LOCAL-v1-q3-exactly10_sources-5098,3,frozen_baseline,10,347.796915,0.0009656250476837158,10,1.0,3477.96915,True,
LOCAL-v1-q3-exactly10_sources-5099,3,frozen_baseline,10,357.79986399999996,0.0011832080781459808,10,1.0,3577.99864,True,
LOCAL-v1-q3-exactly16_sources-5000,3,frozen_baseline,16,282.9764535625,0.0015517080901190639,16,1.0,4527.623257,True,
LOCAL-v1-q3-exactly16_sources-5001,3,frozen_baseline,16,242.701398875,0.0015724580734968185,16,1.0,3883.222382,True,
LOCAL-v1-q3-exactly16_sources-5002,3,frozen_baseline,16,250.5253479375,0.0013611669419333339,16,1.0,4008.405567,True,
LOCAL-v1-q3-exactly16_sources-5003,3,frozen_baseline,16,240.5984198125,0.0014872089959681034,16,1.0,3849.574717,True,
LOCAL-v1-q3-exactly16_sources-5004,3,frozen_baseline,16,257.30547975,0.0015200000489130616,16,1.0,4116.887676,True,
LOCAL-v1-q3-exactly16_sources-5005,3,frozen_baseline,16,252.6656855,0.001695082988590002,16,1.0,4042.650968,True,
LOCAL-v1-q3-exactly16_sources-5006,3,frozen_baseline,16,279.74379075,0.0015616660239174962,16,1.0,4475.900652,True,
LOCAL-v1-q3-exactly16_sources-5007,3,frozen_baseline,16,249.6440319375,0.0014785840176045895,16,1.0,3994.304511,True,
LOCAL-v1-q3-exactly16_sources-5008,3,frozen_baseline,16,244.2223628125,0.0016134158940985799,16,1.0,3907.557805,True,
LOCAL-v1-q3-exactly16_sources-5009,3,frozen_baseline,16,248.0629074375,0.0014896669890731573,16,1.0,3969.006519,True,
LOCAL-v1-q3-exactly16_sources-5010,3,frozen_baseline,16,259.3008236875,0.0015671250876039267,16,1.0,4148.813179,True,
LOCAL-v1-q3-exactly16_sources-5011,3,frozen_baseline,16,277.23241325,0.0014563750009983778,16,1.0,4435.718612,True,
LOCAL-v1-q3-exactly16_sources-5012,3,frozen_baseline,16,244.56860275,0.0015617499593645334,16,1.0,3913.097644,True,
LOCAL-v1-q3-exactly16_sources-5013,3,frozen_baseline,16,260.721391125,0.001536083989776671,16,1.0,4171.542258,True,
LOCAL-v1-q3-exactly16_sources-5014,3,frozen_baseline,16,250.85045825,0.0015220839995890856,16,1.0,4013.607332,True,
LOCAL-v1-q3-exactly16_sources-5015,3,frozen_baseline,16,267.2309790625,0.001518749981187284,16,1.0,4275.695665,True,
LOCAL-v1-q3-exactly16_sources-5016,3,frozen_baseline,16,256.052974875,0.0015860829735174775,16,1.0,4096.847598,True,
LOCAL-v1-q3-exactly16_sources-5017,3,frozen_baseline,16,256.6807231875,0.0013516659382730722,16,1.0,4106.891571,True,
LOCAL-v1-q3-exactly16_sources-5018,3,frozen_baseline,16,296.99508575,0.0015297499485313892,16,1.0,4751.921372,True,
LOCAL-v1-q3-exactly16_sources-5019,3,frozen_baseline,16,283.2683320625,0.0013631669571623206,16,1.0,4532.293313,True,
LOCAL-v1-q3-exactly16_sources-5020,3,frozen_baseline,16,266.0172461875,0.0014809999847784638,16,1.0,4256.275939,True,
LOCAL-v1-q3-exactly16_sources-5021,3,frozen_baseline,16,272.2531525625,0.0015424999874085188,16,1.0,4356.050441,True,
LOCAL-v1-q3-exactly16_sources-5022,3,frozen_baseline,16,268.70228025,0.0014729590620845556,16,1.0,4299.236484,True,
LOCAL-v1-q3-exactly16_sources-5023,3,frozen_baseline,16,226.11858025,0.0013411249965429306,16,1.0,3617.897284,True,
LOCAL-v1-q3-exactly16_sources-5024,3,frozen_baseline,16,268.9887669375,0.001674833009019494,16,1.0,4303.820271,True,
LOCAL-v1-q3-exactly16_sources-5025,3,frozen_baseline,16,266.0792206875,0.0015412080101668835,16,1.0,4257.267531,True,
LOCAL-v1-q3-exactly16_sources-5026,3,frozen_baseline,16,299.5751114375,0.0016110000433400273,16,1.0,4793.201783,True,
LOCAL-v1-q3-exactly16_sources-5027,3,frozen_baseline,16,232.5955356875,0.0014938750537112355,16,1.0,3721.528571,True,
LOCAL-v1-q3-exactly16_sources-5028,3,frozen_baseline,16,265.441636875,0.0015548750525340438,16,1.0,4247.06619,True,
LOCAL-v1-q3-exactly16_sources-5029,3,frozen_baseline,16,250.7337781875,0.0014832500601187348,16,1.0,4011.740451,True,
LOCAL-v1-q3-exactly16_sources-5030,3,frozen_baseline,16,253.46435675,0.00404608401004225,16,1.0,4055.429708,True,
LOCAL-v1-q3-exactly16_sources-5031,3,frozen_baseline,16,260.85283825,0.001629207981750369,16,1.0,4173.645412,True,
LOCAL-v1-q3-exactly16_sources-5032,3,frozen_baseline,16,288.16257325,0.0017417080234736204,16,1.0,4610.601172,True,
LOCAL-v1-q3-exactly16_sources-5033,3,frozen_baseline,16,249.716264625,0.001402541995048523,16,1.0,3995.460234,True,
LOCAL-v1-q3-exactly16_sources-5034,3,frozen_baseline,16,253.77811075,0.0016302919248118997,16,1.0,4060.449772,True,
LOCAL-v1-q3-exactly16_sources-5035,3,frozen_baseline,16,285.7722114375,0.0015702910022810102,16,1.0,4572.355383,True,
LOCAL-v1-q3-exactly16_sources-5036,3,frozen_baseline,16,241.2167435625,0.001415250007994473,16,1.0,3859.467897,True,
LOCAL-v1-q3-exactly16_sources-5037,3,frozen_baseline,16,241.8761270625,0.0014899999368935823,16,1.0,3870.018033,True,
LOCAL-v1-q3-exactly16_sources-5038,3,frozen_baseline,16,275.48420675,0.0015531660756096244,16,1.0,4407.747308,True,
LOCAL-v1-q3-exactly16_sources-5039,3,frozen_baseline,16,261.104684,0.0014095830265432596,16,1.0,4177.674944,True,
LOCAL-v1-q3-exactly16_sources-5040,3,frozen_baseline,16,279.3794929375,0.0014034999767318368,16,1.0,4470.071887,True,
LOCAL-v1-q3-exactly16_sources-5041,3,frozen_baseline,16,255.053448375,0.001477541052736342,16,1.0,4080.855174,True,
LOCAL-v1-q3-exactly16_sources-5042,3,frozen_baseline,16,259.972884625,0.0015038750134408474,16,1.0,4159.566154,True,
LOCAL-v1-q3-exactly16_sources-5043,3,frozen_baseline,16,248.3639508125,0.001629916951060295,16,1.0,3973.823213,True,
LOCAL-v1-q3-exactly16_sources-5044,3,frozen_baseline,16,235.5035523125,0.0014174580574035645,16,1.0,3768.056837,True,
LOCAL-v1-q3-exactly16_sources-5045,3,frozen_baseline,16,256.9794864375,0.0016624999698251486,16,1.0,4111.671783,True,
LOCAL-v1-q3-exactly16_sources-5046,3,frozen_baseline,16,275.5745915,0.0015152919804677367,16,1.0,4409.193464,True,
LOCAL-v1-q3-exactly16_sources-5047,3,frozen_baseline,16,230.7874636875,0.0014493330381810665,16,1.0,3692.599419,True,
LOCAL-v1-q3-exactly16_sources-5048,3,frozen_baseline,16,251.648514875,0.0015443750889971852,16,1.0,4026.376238,True,
LOCAL-v1-q3-exactly16_sources-5049,3,frozen_baseline,16,257.3075888125,0.0015707920538261533,16,1.0,4116.921421,True,
LOCAL-v1-q3-exactly16_sources-5050,3,frozen_baseline,16,248.2239980625,0.001470666960813105,16,1.0,3971.583969,True,
LOCAL-v1-q3-exactly16_sources-5051,3,frozen_baseline,16,258.601975625,0.0015665000537410378,16,1.0,4137.63161,True,
LOCAL-v1-q3-exactly16_sources-5052,3,frozen_baseline,16,272.8621143125,0.0014835839392617345,16,1.0,4365.793829,True,
LOCAL-v1-q3-exactly16_sources-5053,3,frozen_baseline,16,252.2673453125,0.0013469590339809656,16,1.0,4036.277525,True,
LOCAL-v1-q3-exactly16_sources-5054,3,frozen_baseline,16,262.790193,0.0014185409527271986,16,1.0,4204.643088,True,
LOCAL-v1-q3-exactly16_sources-5055,3,frozen_baseline,16,255.49022775,0.001437583938241005,16,1.0,4087.843644,True,
LOCAL-v1-q3-exactly16_sources-5056,3,frozen_baseline,16,244.18355925,0.001485500019043684,16,1.0,3906.936948,True,
LOCAL-v1-q3-exactly16_sources-5057,3,frozen_baseline,16,251.6540956875,0.0016374168917536736,16,1.0,4026.465531,True,
LOCAL-v1-q3-exactly16_sources-5058,3,frozen_baseline,16,211.573409875,0.0013010420370846987,16,1.0,3385.174558,True,
LOCAL-v1-q3-exactly16_sources-5059,3,frozen_baseline,16,268.419886,0.001430041971616447,16,1.0,4294.718176,True,
LOCAL-v1-q3-exactly16_sources-5060,3,frozen_baseline,16,239.7427771875,0.0014835409820079803,16,1.0,3835.884435,True,
LOCAL-v1-q3-exactly16_sources-5061,3,frozen_baseline,16,297.62277375,0.001495208009146154,16,1.0,4761.96438,True,
LOCAL-v1-q3-exactly16_sources-5062,3,frozen_baseline,16,249.1404301875,0.0013197920052334666,16,1.0,3986.246883,True,
LOCAL-v1-q3-exactly16_sources-5063,3,frozen_baseline,16,259.7369274375,0.0014807910192757845,16,1.0,4155.790839,True,
LOCAL-v1-q3-exactly16_sources-5064,3,frozen_baseline,16,275.726359125,0.0014838749775663018,16,1.0,4411.621746,True,
LOCAL-v1-q3-exactly16_sources-5065,3,frozen_baseline,16,246.4867304375,0.001411916920915246,16,1.0,3943.787687,True,
LOCAL-v1-q3-exactly16_sources-5066,3,frozen_baseline,16,263.5460693125,0.0014001249801367521,16,1.0,4216.737109,True,
LOCAL-v1-q3-exactly16_sources-5067,3,frozen_baseline,16,267.5560099375,0.001662166090682149,16,1.0,4280.896159,True,
LOCAL-v1-q3-exactly16_sources-5068,3,frozen_baseline,16,270.5865595,0.0015390829648822546,16,1.0,4329.384952,True,
LOCAL-v1-q3-exactly16_sources-5069,3,frozen_baseline,16,254.7702769375,0.001532917027361691,16,1.0,4076.324431,True,
LOCAL-v1-q3-exactly16_sources-5070,3,frozen_baseline,16,256.6016313125,0.0015625840751454234,16,1.0,4105.626101,True,
LOCAL-v1-q3-exactly16_sources-5071,3,frozen_baseline,16,279.368518125,0.0015294579789042473,16,1.0,4469.89629,True,
LOCAL-v1-q3-exactly16_sources-5072,3,frozen_baseline,16,238.733980625,0.0014006249839439988,16,1.0,3819.74369,True,
LOCAL-v1-q3-exactly16_sources-5073,3,frozen_baseline,16,309.17354825,0.0016588339349254966,16,1.0,4946.776772,True,
LOCAL-v1-q3-exactly16_sources-5074,3,frozen_baseline,16,240.63327025,0.0015047499909996986,16,1.0,3850.132324,True,
LOCAL-v1-q3-exactly16_sources-5075,3,frozen_baseline,16,271.9668070625,0.001511584036052227,16,1.0,4351.468913,True,
LOCAL-v1-q3-exactly16_sources-5076,3,frozen_baseline,16,221.440714625,0.0014295420842245221,16,1.0,3543.051434,True,
LOCAL-v1-q3-exactly16_sources-5077,3,frozen_baseline,16,255.7308425625,0.0014856249326840043,16,1.0,4091.693481,True,
LOCAL-v1-q3-exactly16_sources-5078,3,frozen_baseline,16,232.2571135625,0.0017016250640153885,16,1.0,3716.113817,True,
LOCAL-v1-q3-exactly16_sources-5079,3,frozen_baseline,16,279.4935595,0.0013652079505845904,16,1.0,4471.896952,True,
LOCAL-v1-q3-exactly16_sources-5080,3,frozen_baseline,16,271.3768011875,0.0015649580163881183,16,1.0,4342.028819,True,
LOCAL-v1-q3-exactly16_sources-5081,3,frozen_baseline,16,239.019877125,0.001447124988771975,16,1.0,3824.318034,True,
LOCAL-v1-q3-exactly16_sources-5082,3,frozen_baseline,16,270.0133695,0.001409459044225514,16,1.0,4320.213912,True,
LOCAL-v1-q3-exactly16_sources-5083,3,frozen_baseline,16,285.2159106875,0.0015449170023202896,16,1.0,4563.454571,True,
LOCAL-v1-q3-exactly16_sources-5084,3,frozen_baseline,16,265.0563035625,0.0015904579777270555,16,1.0,4240.900857,True,
LOCAL-v1-q3-exactly16_sources-5085,3,frozen_baseline,16,244.1722564375,0.0015660839853808284,16,1.0,3906.756103,True,
LOCAL-v1-q3-exactly16_sources-5086,3,frozen_baseline,16,233.769822875,0.0015502499882131815,16,1.0,3740.317166,True,
LOCAL-v1-q3-exactly16_sources-5087,3,frozen_baseline,16,247.68604825,0.001441249973140657,16,1.0,3962.976772,True,
LOCAL-v1-q3-exactly16_sources-5088,3,frozen_baseline,16,226.3097661875,0.0015239580534398556,16,1.0,3620.956259,True,
LOCAL-v1-q3-exactly16_sources-5089,3,frozen_baseline,16,277.4882148125,0.0016002499032765627,16,1.0,4439.811437,True,
LOCAL-v1-q3-exactly16_sources-5090,3,frozen_baseline,16,258.211535875,0.001435499987564981,16,1.0,4131.384574,True,
LOCAL-v1-q3-exactly16_sources-5091,3,frozen_baseline,16,264.8371161875,0.001661792048253119,16,1.0,4237.393859,True,
LOCAL-v1-q3-exactly16_sources-5092,3,frozen_baseline,16,248.4156640625,0.0015104999765753746,16,1.0,3974.650625,True,
LOCAL-v1-q3-exactly16_sources-5093,3,frozen_baseline,16,215.411677625,0.0014651250094175339,16,1.0,3446.586842,True,
LOCAL-v1-q3-exactly16_sources-5094,3,frozen_baseline,16,288.4583174375,0.0015718749491497874,16,1.0,4615.333079,True,
LOCAL-v1-q3-exactly16_sources-5095,3,frozen_baseline,16,258.8160541875,0.0014436660567298532,16,1.0,4141.056867,True,
LOCAL-v1-q3-exactly16_sources-5096,3,frozen_baseline,16,251.396764125,0.00147070805542171,16,1.0,4022.348226,True,
LOCAL-v1-q3-exactly16_sources-5097,3,frozen_baseline,16,234.9973629375,0.0014714589342474937,16,1.0,3759.957807,True,
LOCAL-v1-q3-exactly16_sources-5098,3,frozen_baseline,16,260.62969925,0.0016601660754531622,16,1.0,4170.075188,True,
LOCAL-v1-q3-exactly16_sources-5099,3,frozen_baseline,16,226.016537375,0.0014204580802470446,16,1.0,3616.264598,True,
LOCAL-v1-q4-reference_assumed-5000,4,frozen_baseline,11,599.840063,0.018438333994708955,11,1.0,6598.240693,True,
LOCAL-v1-q4-reference_assumed-5001,4,frozen_baseline,14,544.6526032857143,0.018266209051944315,14,1.0,7625.136446,True,
LOCAL-v1-q4-reference_assumed-5002,4,frozen_baseline,15,468.19097700000003,0.015268833027221262,15,1.0,7022.864655,True,
LOCAL-v1-q4-reference_assumed-5003,4,frozen_baseline,11,619.2687357272727,0.016508334083482623,11,1.0,6811.956093,True,
LOCAL-v1-q4-reference_assumed-5004,4,frozen_baseline,12,528.41223475,0.01703850005287677,12,1.0,6340.946817,True,
LOCAL-v1-q4-reference_assumed-5005,4,frozen_baseline,11,566.3165002727272,0.020051792031154037,11,1.0,6229.481503,True,
LOCAL-v1-q4-reference_assumed-5006,4,frozen_baseline,11,644.458277909091,0.01836674998048693,11,1.0,7089.041057,True,
LOCAL-v1-q4-reference_assumed-5007,4,frozen_baseline,11,623.1219978181817,0.022342000040225685,11,1.0,6854.341976,True,
LOCAL-v1-q4-reference_assumed-5008,4,frozen_baseline,10,814.8688037,0.01946608303114772,10,1.0,8148.688037,True,
LOCAL-v1-q4-reference_assumed-5009,4,frozen_baseline,14,467.51132,0.021798167028464377,14,1.0,6545.15848,True,
LOCAL-v1-q4-reference_assumed-5010,4,frozen_baseline,12,523.51339525,0.01853266602847725,12,1.0,6282.160743,True,
LOCAL-v1-q4-reference_assumed-5011,4,frozen_baseline,15,450.05365873333335,0.01851249998435378,15,1.0,6750.804881,True,
LOCAL-v1-q4-reference_assumed-5012,4,frozen_baseline,10,657.2471982,0.01433529204223305,10,1.0,6572.471982,True,
LOCAL-v1-q4-reference_assumed-5013,4,frozen_baseline,12,583.6623150833333,0.014776000054553151,12,1.0,7003.947781,True,
LOCAL-v1-q4-reference_assumed-5014,4,frozen_baseline,11,632.9041657272727,0.01753504096996039,11,1.0,6961.945823,True,
LOCAL-v1-q4-reference_assumed-5015,4,frozen_baseline,12,545.9013948333334,0.019001250038854778,12,1.0,6550.816738,True,
LOCAL-v1-q4-reference_assumed-5016,4,frozen_baseline,16,401.793748375,0.018768416019156575,16,1.0,6428.699974,True,
LOCAL-v1-q4-reference_assumed-5017,4,frozen_baseline,15,549.6781098666667,0.016641209018416703,15,1.0,8245.171648,True,
LOCAL-v1-q4-reference_assumed-5018,4,frozen_baseline,10,796.2987323,0.016056666965596378,10,1.0,7962.987323,True,
LOCAL-v1-q4-reference_assumed-5019,4,frozen_baseline,11,625.9010803636364,0.017639667028561234,11,1.0,6884.911884,True,
LOCAL-v1-q4-reference_assumed-5020,4,frozen_baseline,16,453.95744875,0.016721374937333167,16,1.0,7263.31918,True,
LOCAL-v1-q4-reference_assumed-5021,4,frozen_baseline,14,528.5917218571428,0.018196374992839992,14,1.0,7400.284106,True,
LOCAL-v1-q4-reference_assumed-5022,4,frozen_baseline,14,550.7124377857143,0.019812875078059733,14,1.0,7709.974129,True,
LOCAL-v1-q4-reference_assumed-5023,4,frozen_baseline,15,411.6532883333333,0.02261095796711743,15,1.0,6174.799325,True,
LOCAL-v1-q4-reference_assumed-5024,4,frozen_baseline,13,489.6105983076923,0.01611949992366135,13,1.0,6364.937778,True,
LOCAL-v1-q4-reference_assumed-5025,4,frozen_baseline,12,620.79194375,0.019788083038292825,12,1.0,7449.503325,True,
LOCAL-v1-q4-reference_assumed-5026,4,frozen_baseline,15,430.5395578,0.01952512504067272,15,1.0,6458.093367,True,
LOCAL-v1-q4-reference_assumed-5027,4,frozen_baseline,11,640.5039158181818,0.018402375048026443,11,1.0,7045.543074,True,
LOCAL-v1-q4-reference_assumed-5028,4,frozen_baseline,10,679.8445515000001,0.01617962506134063,10,1.0,6798.445515,True,
LOCAL-v1-q4-reference_assumed-5029,4,frozen_baseline,11,688.4357184545454,0.016512000001966953,11,1.0,7572.792903,True,
LOCAL-v1-q4-reference_assumed-5030,4,frozen_baseline,12,697.38049625,0.018398915999569,12,1.0,8368.565955,True,
LOCAL-v1-q4-reference_assumed-5031,4,frozen_baseline,15,504.49689086666666,0.01968899997882545,15,1.0,7567.453363,True,
LOCAL-v1-q4-reference_assumed-5032,4,frozen_baseline,11,559.0710585454545,0.01778649992775172,11,1.0,6149.781644,True,
LOCAL-v1-q4-reference_assumed-5033,4,frozen_baseline,14,445.2781163571429,0.019003958092071116,14,1.0,6233.893629,True,
LOCAL-v1-q4-reference_assumed-5034,4,frozen_baseline,16,490.203628625,0.01970945904031396,16,1.0,7843.258058,True,
LOCAL-v1-q4-reference_assumed-5035,4,frozen_baseline,10,704.5816368,0.014826332917436957,10,1.0,7045.816368,True,
LOCAL-v1-q4-reference_assumed-5036,4,frozen_baseline,15,488.2574426,0.015811167075298727,15,1.0,7323.861639,True,
LOCAL-v1-q4-reference_assumed-5037,4,frozen_baseline,15,550.2521052666667,0.02182475000154227,15,1.0,8253.781579,True,
LOCAL-v1-q4-reference_assumed-5038,4,frozen_baseline,16,410.1532484375,0.01911745802499354,16,1.0,6562.451975,True,
LOCAL-v1-q4-reference_assumed-5039,4,frozen_baseline,10,679.9325279,0.01727583399042487,10,1.0,6799.325279,True,
LOCAL-v1-q4-reference_assumed-5040,4,frozen_baseline,15,422.29870300000005,0.017942290985956788,15,1.0,6334.480545,True,
LOCAL-v1-q4-reference_assumed-5041,4,frozen_baseline,15,525.4085812,0.02078533300664276,15,1.0,7881.128718,True,
LOCAL-v1-q4-reference_assumed-5042,4,frozen_baseline,11,603.1172753636364,0.020450124982744455,11,1.0,6634.290029,True,
LOCAL-v1-q4-reference_assumed-5043,4,frozen_baseline,12,580.3268004166667,0.022982334019616246,12,1.0,6963.921605,True,
LOCAL-v1-q4-reference_assumed-5044,4,frozen_baseline,11,683.660791,0.01693241694010794,11,1.0,7520.268701,True,
LOCAL-v1-q4-reference_assumed-5045,4,frozen_baseline,11,569.6669296363636,0.014533833949826658,11,1.0,6266.336226,True,
LOCAL-v1-q4-reference_assumed-5046,4,frozen_baseline,10,650.2828733,0.017248208983801305,10,1.0,6502.828733,True,
LOCAL-v1-q4-reference_assumed-5047,4,frozen_baseline,16,392.92408325,0.02253316598944366,16,1.0,6286.785332,True,
LOCAL-v1-q4-reference_assumed-5048,4,frozen_baseline,12,556.604422,0.015030540991574526,12,1.0,6679.253064,True,
LOCAL-v1-q4-reference_assumed-5049,4,frozen_baseline,10,737.8516804,0.017997249960899353,10,1.0,7378.516804,True,
LOCAL-v1-q4-reference_assumed-5050,4,frozen_baseline,15,469.9882676,0.01988966704811901,15,1.0,7049.824014,True,
LOCAL-v1-q4-reference_assumed-5051,4,frozen_baseline,11,660.1872349090909,0.015321042039431632,11,1.0,7262.059584,True,
LOCAL-v1-q4-reference_assumed-5052,4,frozen_baseline,13,482.30088423076927,0.017699333024211228,13,1.0,6269.911495,True,
LOCAL-v1-q4-reference_assumed-5053,4,frozen_baseline,16,413.3526328125,0.02044970798306167,16,1.0,6613.642125,True,
LOCAL-v1-q4-reference_assumed-5054,4,frozen_baseline,16,420.4218415625,0.02009629097301513,16,1.0,6726.749465,True,
LOCAL-v1-q4-reference_assumed-5055,4,frozen_baseline,12,702.4245598333333,0.01453729101922363,12,1.0,8429.094718,True,
LOCAL-v1-q4-reference_assumed-5056,4,frozen_baseline,13,503.2132043846154,0.01649379206355661,13,1.0,6541.771657,True,
LOCAL-v1-q4-reference_assumed-5057,4,frozen_baseline,13,525.8481337692308,0.01479770801961422,13,1.0,6836.025739,True,
LOCAL-v1-q4-reference_assumed-5058,4,frozen_baseline,14,465.2459070714286,0.017603332991711795,14,1.0,6513.442699,True,
LOCAL-v1-q4-reference_assumed-5059,4,frozen_baseline,12,557.31233075,0.017361875041387975,12,1.0,6687.747969,True,
LOCAL-v1-q4-reference_assumed-5060,4,frozen_baseline,11,627.9468371818182,0.0190348339965567,11,1.0,6907.415209,True,
LOCAL-v1-q4-reference_assumed-5061,4,frozen_baseline,13,589.9307072307693,0.017476166016422212,13,1.0,7669.099194,True,
LOCAL-v1-q4-reference_assumed-5062,4,frozen_baseline,16,620.640057,0.022047500009648502,16,1.0,9930.240912,True,
LOCAL-v1-q4-reference_assumed-5063,4,frozen_baseline,15,450.1722162,0.021765915909782052,15,1.0,6752.583243,True,
LOCAL-v1-q4-reference_assumed-5064,4,frozen_baseline,13,505.61541415384613,0.018317708047106862,13,1.0,6573.000384,True,
LOCAL-v1-q4-reference_assumed-5065,4,frozen_baseline,12,610.00306625,0.017486791010014713,12,1.0,7320.036795,True,
LOCAL-v1-q4-reference_assumed-5066,4,frozen_baseline,10,646.3032812,0.028237959020771086,10,1.0,6463.032812,True,
LOCAL-v1-q4-reference_assumed-5067,4,frozen_baseline,16,437.9762419375,0.021157916984520853,16,1.0,7007.619871,True,
LOCAL-v1-q4-reference_assumed-5068,4,frozen_baseline,13,578.3184062307693,0.019733750028535724,13,1.0,7518.139281,True,
LOCAL-v1-q4-reference_assumed-5069,4,frozen_baseline,14,630.5991988571429,0.019332624971866608,14,1.0,8828.388784,True,
LOCAL-v1-q4-reference_assumed-5070,4,frozen_baseline,12,550.2090033333333,0.016469541005790234,12,1.0,6602.50804,True,
LOCAL-v1-q4-reference_assumed-5071,4,frozen_baseline,12,563.5847838333333,0.01930649997666478,12,1.0,6763.017406,True,
LOCAL-v1-q4-reference_assumed-5072,4,frozen_baseline,15,484.1715461333333,0.014656709041446447,15,1.0,7262.573192,True,
LOCAL-v1-q4-reference_assumed-5073,4,frozen_baseline,10,617.9518816,0.016923957969993353,10,1.0,6179.518816,True,
LOCAL-v1-q4-reference_assumed-5074,4,frozen_baseline,16,421.9096605625,0.021216832916252315,16,1.0,6750.554569,True,
LOCAL-v1-q4-reference_assumed-5075,4,frozen_baseline,15,466.0731638,0.01776150008663535,15,1.0,6991.097457,True,
LOCAL-v1-q4-reference_assumed-5076,4,frozen_baseline,12,563.84831625,0.02210995799396187,12,1.0,6766.179795,True,
LOCAL-v1-q4-reference_assumed-5077,4,frozen_baseline,14,454.91972942857143,0.01751100004184991,14,1.0,6368.876212,True,
LOCAL-v1-q4-reference_assumed-5078,4,frozen_baseline,13,514.8831229230769,0.01900308404583484,13,1.0,6693.480598,True,
LOCAL-v1-q4-reference_assumed-5079,4,frozen_baseline,10,647.5099622,0.014813916990533471,10,1.0,6475.099622,True,
LOCAL-v1-q4-reference_assumed-5080,4,frozen_baseline,10,979.3210047,0.017555750091560185,10,1.0,9793.210047,True,
LOCAL-v1-q4-reference_assumed-5081,4,frozen_baseline,16,472.6885008125,0.018634291016496718,16,1.0,7563.016013,True,
LOCAL-v1-q4-reference_assumed-5082,4,frozen_baseline,13,539.0119212307692,0.016084542032331228,13,1.0,7007.154976,True,
LOCAL-v1-q4-reference_assumed-5083,4,frozen_baseline,13,559.7647041538462,0.020159041974693537,13,1.0,7276.941154,True,
LOCAL-v1-q4-reference_assumed-5084,4,frozen_baseline,14,566.9945386428572,0.018158167018555105,14,1.0,7937.923541,True,
LOCAL-v1-q4-reference_assumed-5085,4,frozen_baseline,15,415.3247566,0.01946258300449699,15,1.0,6229.871349,True,
LOCAL-v1-q4-reference_assumed-5086,4,frozen_baseline,12,622.3148574166667,0.02009062492288649,12,1.0,7467.778289,True,
LOCAL-v1-q4-reference_assumed-5087,4,frozen_baseline,13,549.8845437692308,0.01646816695574671,13,1.0,7148.499069,True,
LOCAL-v1-q4-reference_assumed-5088,4,frozen_baseline,16,493.202377875,0.022151750046759844,16,1.0,7891.238046,True,
LOCAL-v1-q4-reference_assumed-5089,4,frozen_baseline,15,488.364464,0.020537375006824732,15,1.0,7325.46696,True,
LOCAL-v1-q4-reference_assumed-5090,4,frozen_baseline,14,528.205831,0.015339459059759974,14,1.0,7394.881634,True,
LOCAL-v1-q4-reference_assumed-5091,4,frozen_baseline,12,602.5169233333334,0.017115958034992218,12,1.0,7230.20308,True,
LOCAL-v1-q4-reference_assumed-5092,4,frozen_baseline,11,567.3377536363637,0.018419958068989217,11,1.0,6240.71529,True,
LOCAL-v1-q4-reference_assumed-5093,4,frozen_baseline,15,529.2688561333333,0.01614745892584324,15,1.0,7939.032842,True,
LOCAL-v1-q4-reference_assumed-5094,4,frozen_baseline,11,749.1621640000001,0.014868875034153461,11,1.0,8240.783804,True,
LOCAL-v1-q4-reference_assumed-5095,4,frozen_baseline,10,688.0420197000001,0.017050374997779727,10,1.0,6880.420197,True,
LOCAL-v1-q4-reference_assumed-5096,4,frozen_baseline,14,478.8889315714286,0.02098629204556346,14,1.0,6704.445042,True,
LOCAL-v1-q4-reference_assumed-5097,4,frozen_baseline,13,549.2269992307693,0.019490416045300663,13,1.0,7139.95099,True,
LOCAL-v1-q4-reference_assumed-5098,4,frozen_baseline,16,406.7532150625,0.018808042048476636,16,1.0,6508.051441,True,
LOCAL-v1-q4-reference_assumed-5099,4,frozen_baseline,13,643.6463064615384,0.03194787504617125,13,1.0,8367.401984,True,
LOCAL-v1-q4-fixed_positive_bias-5000,4,frozen_baseline,11,647.6169078181819,0.01909429207444191,11,1.0,7123.785986,True,
LOCAL-v1-q4-fixed_positive_bias-5001,4,frozen_baseline,14,542.7024627142857,0.01793950004503131,14,1.0,7597.834478,True,
LOCAL-v1-q4-fixed_positive_bias-5002,4,frozen_baseline,15,494.08834459999997,0.015366000006906688,15,1.0,7411.325169,True,
LOCAL-v1-q4-fixed_positive_bias-5003,4,frozen_baseline,11,619.4778925454546,0.017381625017151237,11,1.0,6814.256818,True,
LOCAL-v1-q4-fixed_positive_bias-5004,4,frozen_baseline,12,521.8527876666667,0.01870337501168251,12,1.0,6262.233452,True,
LOCAL-v1-q4-fixed_positive_bias-5005,4,frozen_baseline,11,563.2058562727273,0.020056374953128397,11,1.0,6195.264419,True,
LOCAL-v1-q4-fixed_positive_bias-5006,4,frozen_baseline,11,630.2910909999999,0.018987625022418797,11,1.0,6933.202001,True,
LOCAL-v1-q4-fixed_positive_bias-5007,4,frozen_baseline,11,612.2778149090909,0.022592458059079945,11,1.0,6735.055964,True,
LOCAL-v1-q4-fixed_positive_bias-5008,4,frozen_baseline,10,1129.3774042,0.019757917034439743,10,1.0,11293.774042,True,
LOCAL-v1-q4-fixed_positive_bias-5009,4,frozen_baseline,14,487.3433439285714,0.019797082990407944,14,1.0,6822.806815,True,
LOCAL-v1-q4-fixed_positive_bias-5010,4,frozen_baseline,12,532.0656696666666,0.01884841697756201,12,1.0,6384.788036,True,
LOCAL-v1-q4-fixed_positive_bias-5011,4,frozen_baseline,15,708.3368226,0.018410707940347493,15,1.0,10625.052339,True,
LOCAL-v1-q4-fixed_positive_bias-5012,4,frozen_baseline,10,645.8885008999999,0.014506959007121623,10,1.0,6458.885009,True,
LOCAL-v1-q4-fixed_positive_bias-5013,4,frozen_baseline,12,790.9957625833334,0.01529579097405076,12,1.0,9491.949151,True,
LOCAL-v1-q4-fixed_positive_bias-5014,4,frozen_baseline,11,613.5659621818181,0.01454670901875943,11,1.0,6749.225584,True,
LOCAL-v1-q4-fixed_positive_bias-5015,4,frozen_baseline,12,536.0859515,0.018915749969892204,12,1.0,6433.031418,True,
LOCAL-v1-q4-fixed_positive_bias-5016,4,frozen_baseline,16,446.4601569375,0.018972583930008113,16,1.0,7143.362511,True,
LOCAL-v1-q4-fixed_positive_bias-5017,4,frozen_baseline,15,530.9082698666666,0.019023542059585452,15,1.0,7963.624048,True,
LOCAL-v1-q4-fixed_positive_bias-5018,4,frozen_baseline,10,736.3295971,0.015974667039699852,10,1.0,7363.295971,True,
LOCAL-v1-q4-fixed_positive_bias-5019,4,frozen_baseline,11,624.5664483636364,0.01787233306095004,11,1.0,6870.230932,True,
LOCAL-v1-q4-fixed_positive_bias-5020,4,frozen_baseline,16,399.8863685625,0.016534707974642515,16,1.0,6398.181897,True,
LOCAL-v1-q4-fixed_positive_bias-5021,4,frozen_baseline,14,924.6566287142857,0.018799958052113652,14,1.0,12945.192802,True,
LOCAL-v1-q4-fixed_positive_bias-5022,4,frozen_baseline,14,584.0761168571429,0.01975750003475696,14,1.0,8177.065636,True,
LOCAL-v1-q4-fixed_positive_bias-5023,4,frozen_baseline,15,512.6932488,0.020683333044871688,15,1.0,7690.398732,True,
LOCAL-v1-q4-fixed_positive_bias-5024,4,frozen_baseline,13,490.2051814615385,0.01623491698410362,13,1.0,6372.667359,True,
LOCAL-v1-q4-fixed_positive_bias-5025,4,frozen_baseline,12,624.0393021666666,0.01951908296905458,12,1.0,7488.471626,True,
LOCAL-v1-q4-fixed_positive_bias-5026,4,frozen_baseline,15,429.4525436,0.01932383410166949,15,1.0,6441.788154,True,
LOCAL-v1-q4-fixed_positive_bias-5027,4,frozen_baseline,11,639.7159478181818,0.018501584068872035,11,1.0,7036.875426,True,
LOCAL-v1-q4-fixed_positive_bias-5028,4,frozen_baseline,10,836.7672725,0.016574041917920113,10,1.0,8367.672725,True,
LOCAL-v1-q4-fixed_positive_bias-5029,4,frozen_baseline,11,624.8147927272728,0.016341333044692874,11,1.0,6872.96272,True,
LOCAL-v1-q4-fixed_positive_bias-5030,4,frozen_baseline,12,593.0133013333333,0.01814583409577608,12,1.0,7116.159616,True,
LOCAL-v1-q4-fixed_positive_bias-5031,4,frozen_baseline,15,553.9802912,0.01975758303888142,15,1.0,8309.704368,True,
LOCAL-v1-q4-fixed_positive_bias-5032,4,frozen_baseline,11,552.6472287272727,0.01800983294378966,11,1.0,6079.119516,True,
LOCAL-v1-q4-fixed_positive_bias-5033,4,frozen_baseline,14,444.8729249285714,0.019012290984392166,14,1.0,6228.220949,True,
LOCAL-v1-q4-fixed_positive_bias-5034,4,frozen_baseline,16,620.8279510625,0.019592124968767166,16,1.0,9933.247217,True,
LOCAL-v1-q4-fixed_positive_bias-5035,4,frozen_baseline,10,734.4142994,0.014969874988310039,10,1.0,7344.142994,True,
LOCAL-v1-q4-fixed_positive_bias-5036,4,frozen_baseline,15,617.7655486,0.01609379192814231,15,1.0,9266.483229,True,
LOCAL-v1-q4-fixed_positive_bias-5037,4,frozen_baseline,15,525.3197255333333,0.02176824992056936,15,1.0,7879.795883,True,
LOCAL-v1-q4-fixed_positive_bias-5038,4,frozen_baseline,16,468.2103924375,0.017994499998167157,16,1.0,7491.366279,True,
LOCAL-v1-q4-fixed_positive_bias-5039,4,frozen_baseline,10,681.6378251,0.016939499997533858,10,1.0,6816.378251,True,
LOCAL-v1-q4-fixed_positive_bias-5040,4,frozen_baseline,15,444.3993570666667,0.018088667071424425,15,1.0,6665.990356,True,
LOCAL-v1-q4-fixed_positive_bias-5041,4,frozen_baseline,15,491.11732986666664,0.020671042031608522,15,1.0,7366.759948,True,
LOCAL-v1-q4-fixed_positive_bias-5042,4,frozen_baseline,11,632.5621387272727,0.018004374927841127,11,1.0,6958.183526,True,
LOCAL-v1-q4-fixed_positive_bias-5043,4,frozen_baseline,12,682.3081060000001,0.023241834016516805,12,1.0,8187.697272,True,
LOCAL-v1-q4-fixed_positive_bias-5044,4,frozen_baseline,11,667.047251,0.016410208074375987,11,1.0,7337.519761,True,
LOCAL-v1-q4-fixed_positive_bias-5045,4,frozen_baseline,11,561.3338449090909,0.016795124975033104,11,1.0,6174.672294,True,
LOCAL-v1-q4-fixed_positive_bias-5046,4,frozen_baseline,10,659.5521474999999,0.017632999923080206,10,1.0,6595.521475,True,
LOCAL-v1-q4-fixed_positive_bias-5047,4,frozen_baseline,16,392.831134875,0.022661249968223274,16,1.0,6285.298158,True,
LOCAL-v1-q4-fixed_positive_bias-5048,4,frozen_baseline,12,563.3455124999999,0.014983124914579093,12,1.0,6760.14615,True,
LOCAL-v1-q4-fixed_positive_bias-5049,4,frozen_baseline,10,794.697583,0.0180172499967739,10,1.0,7946.97583,True,
LOCAL-v1-q4-fixed_positive_bias-5050,4,frozen_baseline,15,425.3074016666667,0.0198904579738155,15,1.0,6379.611025,True,
LOCAL-v1-q4-fixed_positive_bias-5051,4,frozen_baseline,11,675.3437353636364,0.015306834015063941,11,1.0,7428.781089,True,
LOCAL-v1-q4-fixed_positive_bias-5052,4,frozen_baseline,13,479.52855476923077,0.0176612091017887,13,1.0,6233.871212,True,
LOCAL-v1-q4-fixed_positive_bias-5053,4,frozen_baseline,16,437.5307343125,0.019324874971061945,16,1.0,7000.491749,True,
LOCAL-v1-q4-fixed_positive_bias-5054,4,frozen_baseline,16,443.56616225,0.019914250005967915,16,1.0,7097.058596,True,
LOCAL-v1-q4-fixed_positive_bias-5055,4,frozen_baseline,12,810.6356748333333,0.014874375076033175,12,1.0,9727.628098,True,
LOCAL-v1-q4-fixed_positive_bias-5056,4,frozen_baseline,13,503.38562938461536,0.01665950007736683,13,1.0,6544.013182,True,
LOCAL-v1-q4-fixed_positive_bias-5057,4,frozen_baseline,13,527.2936333076923,0.0149972919607535,13,1.0,6854.817233,True,
LOCAL-v1-q4-fixed_positive_bias-5058,4,frozen_baseline,14,511.9337745714286,0.017498582950793207,14,1.0,7167.072844,True,
LOCAL-v1-q4-fixed_positive_bias-5059,4,frozen_baseline,12,548.7392470833333,0.017581291031092405,12,1.0,6584.870965,True,
LOCAL-v1-q4-fixed_positive_bias-5060,4,frozen_baseline,11,634.2150398181818,0.020378791028633714,11,1.0,6976.365438,True,
LOCAL-v1-q4-fixed_positive_bias-5061,4,frozen_baseline,13,926.4691876923077,0.018066916964016855,13,1.0,12044.09944,True,
LOCAL-v1-q4-fixed_positive_bias-5062,4,frozen_baseline,16,625.6494463125,0.02172720804810524,16,1.0,10010.391141,True,
LOCAL-v1-q4-fixed_positive_bias-5063,4,frozen_baseline,15,410.4811517333334,0.021881999913603067,15,1.0,6157.217276,True,
LOCAL-v1-q4-fixed_positive_bias-5064,4,frozen_baseline,13,751.0448660000001,0.018588999984785914,13,1.0,9763.583258,True,
LOCAL-v1-q4-fixed_positive_bias-5065,4,frozen_baseline,12,571.2115994166667,0.014591332990676165,12,1.0,6854.539193,True,
LOCAL-v1-q4-fixed_positive_bias-5066,4,frozen_baseline,10,644.1076773,0.01699320797342807,10,1.0,6441.076773,True,
LOCAL-v1-q4-fixed_positive_bias-5067,4,frozen_baseline,16,438.218049875,0.02055991708766669,16,1.0,7011.488798,True,
LOCAL-v1-q4-fixed_positive_bias-5068,4,frozen_baseline,13,538.0452439230769,0.019589707953855395,13,1.0,6994.588171,True,
LOCAL-v1-q4-fixed_positive_bias-5069,4,frozen_baseline,14,572.5727620714285,0.01965966704301536,14,1.0,8016.018669,True,
LOCAL-v1-q4-fixed_positive_bias-5070,4,frozen_baseline,12,725.7064569166668,0.01683008309919387,12,1.0,8708.477483,True,
LOCAL-v1-q4-fixed_positive_bias-5071,4,frozen_baseline,12,566.0198575833333,0.01988287502899766,12,1.0,6792.238291,True,
LOCAL-v1-q4-fixed_positive_bias-5072,4,frozen_baseline,15,508.87169453333337,0.014803417026996613,15,1.0,7633.075418,True,
LOCAL-v1-q4-fixed_positive_bias-5073,4,frozen_baseline,10,632.7851088,0.018717708997428417,10,1.0,6327.851088,True,
LOCAL-v1-q4-fixed_positive_bias-5074,4,frozen_baseline,16,413.5577559375,0.02069649996701628,16,1.0,6616.924095,True,
LOCAL-v1-q4-fixed_positive_bias-5075,4,frozen_baseline,15,475.63161606666665,0.017531124991364777,15,1.0,7134.474241,True,
LOCAL-v1-q4-fixed_positive_bias-5076,4,frozen_baseline,12,609.6570934166667,0.022587915998883545,12,1.0,7315.885121,True,
LOCAL-v1-q4-fixed_positive_bias-5077,4,frozen_baseline,14,602.6498921428572,0.01864116603974253,14,1.0,8437.09849,True,
LOCAL-v1-q4-fixed_positive_bias-5078,4,frozen_baseline,13,585.8652187692308,0.018045041942968965,13,1.0,7616.247844,True,
LOCAL-v1-q4-fixed_positive_bias-5079,4,frozen_baseline,10,646.9185743,0.014503124984912574,10,1.0,6469.185743,True,
LOCAL-v1-q4-fixed_positive_bias-5080,4,frozen_baseline,10,1082.1817328,0.017472167033702135,10,1.0,10821.817328,True,
LOCAL-v1-q4-fixed_positive_bias-5081,4,frozen_baseline,16,443.798320875,0.018519415985792875,16,1.0,7100.773134,True,
LOCAL-v1-q4-fixed_positive_bias-5082,4,frozen_baseline,13,543.6232526153846,0.016057708067819476,13,1.0,7067.102284,True,
LOCAL-v1-q4-fixed_positive_bias-5083,4,frozen_baseline,13,555.3036930769231,0.020799709018319845,13,1.0,7218.94801,True,
LOCAL-v1-q4-fixed_positive_bias-5084,4,frozen_baseline,14,674.0013511428572,0.018430041964165866,14,1.0,9436.018916,True,
LOCAL-v1-q4-fixed_positive_bias-5085,4,frozen_baseline,15,493.5936676666667,0.01955762493889779,15,1.0,7403.905015,True,
LOCAL-v1-q4-fixed_positive_bias-5086,4,frozen_baseline,12,620.68842175,0.01997708308044821,12,1.0,7448.261061,True,
LOCAL-v1-q4-fixed_positive_bias-5087,4,frozen_baseline,13,650.2793353076923,0.01677520794328302,13,1.0,8453.631359,True,
LOCAL-v1-q4-fixed_positive_bias-5088,4,frozen_baseline,16,624.5527405625,0.022443207912147045,16,1.0,9992.843849,True,
LOCAL-v1-q4-fixed_positive_bias-5089,4,frozen_baseline,15,425.64404773333337,0.02031816600356251,15,1.0,6384.660716,True,
LOCAL-v1-q4-fixed_positive_bias-5090,4,frozen_baseline,14,461.0202609285715,0.015276040998287499,14,1.0,6454.283653,True,
LOCAL-v1-q4-fixed_positive_bias-5091,4,frozen_baseline,12,574.088567,0.01561641599982977,12,1.0,6889.062804,True,
LOCAL-v1-q4-fixed_positive_bias-5092,4,frozen_baseline,11,627.1372672727273,0.01785737497266382,11,1.0,6898.50994,True,
LOCAL-v1-q4-fixed_positive_bias-5093,4,frozen_baseline,15,576.0404438666667,0.016427541966550052,15,1.0,8640.606658,True,
LOCAL-v1-q4-fixed_positive_bias-5094,4,frozen_baseline,11,645.8174089090909,0.015657084062695503,11,1.0,7103.991498,True,
LOCAL-v1-q4-fixed_positive_bias-5095,4,frozen_baseline,10,720.7028253000001,0.018430958036333323,10,1.0,7207.028253,True,
LOCAL-v1-q4-fixed_positive_bias-5096,4,frozen_baseline,14,479.3771062142857,0.02098483289591968,14,1.0,6711.279487,True,
LOCAL-v1-q4-fixed_positive_bias-5097,4,frozen_baseline,13,558.5825705384615,0.019423500052653253,13,1.0,7261.573417,True,
LOCAL-v1-q4-fixed_positive_bias-5098,4,frozen_baseline,16,406.418525625,0.018818457960151136,16,1.0,6502.69641,True,
LOCAL-v1-q4-fixed_positive_bias-5099,4,frozen_baseline,13,915.945009076923,0.018800000078044832,13,1.0,11907.285118,True,
LOCAL-v1-q4-fixed_negative_bias-5000,4,frozen_baseline,11,589.058505,0.01747420895844698,11,1.0,6479.643555,True,
LOCAL-v1-q4-fixed_negative_bias-5001,4,frozen_baseline,14,511.67929478571426,0.018109000055119395,14,1.0,7163.510127,True,
LOCAL-v1-q4-fixed_negative_bias-5002,4,frozen_baseline,15,679.1888988666667,0.015768832992762327,15,1.0,10187.833483,True,
LOCAL-v1-q4-fixed_negative_bias-5003,4,frozen_baseline,11,704.4472073636364,0.01654966699425131,11,1.0,7748.919281,True,
LOCAL-v1-q4-fixed_negative_bias-5004,4,frozen_baseline,12,526.8931501666667,0.016953042009845376,12,1.0,6322.717802,True,
LOCAL-v1-q4-fixed_negative_bias-5005,4,frozen_baseline,11,567.9822741818182,0.020296416943892837,11,1.0,6247.805016,True,
LOCAL-v1-q4-fixed_negative_bias-5006,4,frozen_baseline,11,685.2099520909092,0.017623334075324237,11,1.0,7537.309473,True,
LOCAL-v1-q4-fixed_negative_bias-5007,4,frozen_baseline,11,627.6780271818182,0.022371584083884954,11,1.0,6904.458299,True,
LOCAL-v1-q4-fixed_negative_bias-5008,4,frozen_baseline,10,1165.5486293,0.016483708983287215,10,1.0,11655.486293,True,
LOCAL-v1-q4-fixed_negative_bias-5009,4,frozen_baseline,14,483.5306209285714,0.02316199999768287,14,1.0,6769.428693,True,
LOCAL-v1-q4-fixed_negative_bias-5010,4,frozen_baseline,12,543.1295976666667,0.019655999960377812,12,1.0,6517.555172,True,
LOCAL-v1-q4-fixed_negative_bias-5011,4,frozen_baseline,15,450.08370913333334,0.018394374987110496,15,1.0,6751.255637,True,
LOCAL-v1-q4-fixed_negative_bias-5012,4,frozen_baseline,10,646.5833345,0.014030292048119009,10,1.0,6465.833345,True,
LOCAL-v1-q4-fixed_negative_bias-5013,4,frozen_baseline,12,792.0078305833334,0.015088667045347393,12,1.0,9504.093967,True,
LOCAL-v1-q4-fixed_negative_bias-5014,4,frozen_baseline,11,711.3282204545454,0.017309917020611465,11,1.0,7824.610425,True,
LOCAL-v1-q4-fixed_negative_bias-5015,4,frozen_baseline,12,611.587345,0.019183082971721888,12,1.0,7339.04814,True,
LOCAL-v1-q4-fixed_negative_bias-5016,4,frozen_baseline,16,580.7323528125,0.019066958921030164,16,1.0,9291.717645,True,
LOCAL-v1-q4-fixed_negative_bias-5017,4,frozen_baseline,15,549.2593790666667,0.016072208061814308,15,1.0,8238.890686,True,
LOCAL-v1-q4-fixed_negative_bias-5018,4,frozen_baseline,10,828.1226027,0.015788999968208373,10,1.0,8281.226027,True,
LOCAL-v1-q4-fixed_negative_bias-5019,4,frozen_baseline,11,627.0197687272728,0.017883875058032572,11,1.0,6897.217456,True,
LOCAL-v1-q4-fixed_negative_bias-5020,4,frozen_baseline,16,451.0733735,0.01673375000245869,16,1.0,7217.173976,True,
LOCAL-v1-q4-fixed_negative_bias-5021,4,frozen_baseline,14,681.2106804285714,0.018346625030972064,14,1.0,9536.949526,True,
LOCAL-v1-q4-fixed_negative_bias-5022,4,frozen_baseline,14,519.2095646428571,0.019859583000652492,14,1.0,7268.933905,True,
LOCAL-v1-q4-fixed_negative_bias-5023,4,frozen_baseline,15,439.2349704,0.02234995795879513,15,1.0,6588.524556,True,
LOCAL-v1-q4-fixed_negative_bias-5024,4,frozen_baseline,13,491.24200292307694,0.0207147499313578,13,1.0,6386.146038,True,
LOCAL-v1-q4-fixed_negative_bias-5025,4,frozen_baseline,12,701.03120075,0.020311750005930662,12,1.0,8412.374409,True,
LOCAL-v1-q4-fixed_negative_bias-5026,4,frozen_baseline,15,427.69582453333334,0.019231832935474813,15,1.0,6415.437368,True,
LOCAL-v1-q4-fixed_negative_bias-5027,4,frozen_baseline,11,596.9314119090909,0.01835704199038446,11,1.0,6566.245531,True,
LOCAL-v1-q4-fixed_negative_bias-5028,4,frozen_baseline,10,678.0861963,0.016175208031199872,10,1.0,6780.861963,True,
LOCAL-v1-q4-fixed_negative_bias-5029,4,frozen_baseline,11,686.5556814545454,0.01630712498445064,11,1.0,7552.112496,True,
LOCAL-v1-q4-fixed_negative_bias-5030,4,frozen_baseline,12,586.47021375,0.018071874976158142,12,1.0,7037.642565,True,
LOCAL-v1-q4-fixed_negative_bias-5031,4,frozen_baseline,15,616.6483928,0.01976616692263633,15,1.0,9249.725892,True,
LOCAL-v1-q4-fixed_negative_bias-5032,4,frozen_baseline,11,563.0845437272727,0.017932833055965602,11,1.0,6193.929981,True,
LOCAL-v1-q4-fixed_negative_bias-5033,4,frozen_baseline,14,444.78832300000005,0.018976000021211803,14,1.0,6227.036522,True,
LOCAL-v1-q4-fixed_negative_bias-5034,4,frozen_baseline,16,514.235946,0.020245124935172498,16,1.0,8227.775136,True,
LOCAL-v1-q4-fixed_negative_bias-5035,4,frozen_baseline,10,724.0912469,0.014883624971844256,10,1.0,7240.912469,True,
LOCAL-v1-q4-fixed_negative_bias-5036,4,frozen_baseline,15,674.3400660666666,0.018847958999685943,15,1.0,10115.100991,True,
LOCAL-v1-q4-fixed_negative_bias-5037,4,frozen_baseline,15,534.9479900666666,0.021686874912120402,15,1.0,8024.219851,True,
LOCAL-v1-q4-fixed_negative_bias-5038,4,frozen_baseline,16,412.61597625,0.019662125036120415,16,1.0,6601.85562,True,
LOCAL-v1-q4-fixed_negative_bias-5039,4,frozen_baseline,10,669.5096688,0.01729437499307096,10,1.0,6695.096688,True,
LOCAL-v1-q4-fixed_negative_bias-5040,4,frozen_baseline,15,509.2199344666667,0.018044707947410643,15,1.0,7638.299017,True,
LOCAL-v1-q4-fixed_negative_bias-5041,4,frozen_baseline,15,567.2896316,0.020834375056438148,15,1.0,8509.344474,True,
LOCAL-v1-q4-fixed_negative_bias-5042,4,frozen_baseline,11,603.7995746363636,0.020882457960397005,11,1.0,6641.795321,True,
LOCAL-v1-q4-fixed_negative_bias-5043,4,frozen_baseline,12,585.79479625,0.017990750027820468,12,1.0,7029.537555,True,
LOCAL-v1-q4-fixed_negative_bias-5044,4,frozen_baseline,11,670.1922345454545,0.016827541054226458,11,1.0,7372.11458,True,
LOCAL-v1-q4-fixed_negative_bias-5045,4,frozen_baseline,11,568.3526575454545,0.014723500004038215,11,1.0,6251.879233,True,
LOCAL-v1-q4-fixed_negative_bias-5046,4,frozen_baseline,10,689.5226857,0.01748316700104624,10,1.0,6895.226857,True,
LOCAL-v1-q4-fixed_negative_bias-5047,4,frozen_baseline,16,396.7250470625,0.022528417059220374,16,1.0,6347.600753,True,
LOCAL-v1-q4-fixed_negative_bias-5048,4,frozen_baseline,12,553.6030783333333,0.015007375041022897,12,1.0,6643.23694,True,
LOCAL-v1-q4-fixed_negative_bias-5049,4,frozen_baseline,10,747.3393692,0.01805154199246317,10,1.0,7473.393692,True,
LOCAL-v1-q4-fixed_negative_bias-5050,4,frozen_baseline,15,455.24582826666665,0.019817541004158556,15,1.0,6828.687424,True,
LOCAL-v1-q4-fixed_negative_bias-5051,4,frozen_baseline,11,648.8854154545454,0.015083499951288104,11,1.0,7137.73957,True,
LOCAL-v1-q4-fixed_negative_bias-5052,4,frozen_baseline,13,477.59462853846156,0.019385374966077507,13,1.0,6208.730171,True,
LOCAL-v1-q4-fixed_negative_bias-5053,4,frozen_baseline,16,414.053706125,0.019274125108495355,16,1.0,6624.859298,True,
LOCAL-v1-q4-fixed_negative_bias-5054,4,frozen_baseline,16,462.130568375,0.02002620801795274,16,1.0,7394.089094,True,
LOCAL-v1-q4-fixed_negative_bias-5055,4,frozen_baseline,12,682.6392804166667,0.014459499972872436,12,1.0,8191.671365,True,
LOCAL-v1-q4-fixed_negative_bias-5056,4,frozen_baseline,13,550.5512329230769,0.016855333000421524,13,1.0,7157.166028,True,
LOCAL-v1-q4-fixed_negative_bias-5057,4,frozen_baseline,13,567.3204687692307,0.014820792013779283,13,1.0,7375.166094,True,
LOCAL-v1-q4-fixed_negative_bias-5058,4,frozen_baseline,14,450.38405471428575,0.0175629579462111,14,1.0,6305.376766,True,
LOCAL-v1-q4-fixed_negative_bias-5059,4,frozen_baseline,12,555.3578612499999,0.01752524997573346,12,1.0,6664.294335,True,
LOCAL-v1-q4-fixed_negative_bias-5060,4,frozen_baseline,11,621.4556278181818,0.019273792044259608,11,1.0,6836.011906,True,
LOCAL-v1-q4-fixed_negative_bias-5061,4,frozen_baseline,13,627.4416023846154,0.017589249997399747,13,1.0,8156.740831,True,
LOCAL-v1-q4-fixed_negative_bias-5062,4,frozen_baseline,16,434.3491895625,0.02137495798524469,16,1.0,6949.587033,True,
LOCAL-v1-q4-fixed_negative_bias-5063,4,frozen_baseline,15,437.6076167333333,0.021620208048261702,15,1.0,6564.114251,True,
LOCAL-v1-q4-fixed_negative_bias-5064,4,frozen_baseline,13,506.2184936923077,0.01814037503208965,13,1.0,6580.840418,True,
LOCAL-v1-q4-fixed_negative_bias-5065,4,frozen_baseline,12,607.8007285,0.01745062496047467,12,1.0,7293.608742,True,
LOCAL-v1-q4-fixed_negative_bias-5066,4,frozen_baseline,10,747.1216868,0.018536707968451083,10,1.0,7471.216868,True,
LOCAL-v1-q4-fixed_negative_bias-5067,4,frozen_baseline,16,729.784585625,0.021605749963782728,16,1.0,11676.55337,True,
LOCAL-v1-q4-fixed_negative_bias-5068,4,frozen_baseline,13,538.1235741538462,0.019365457934327424,13,1.0,6995.606464,True,
LOCAL-v1-q4-fixed_negative_bias-5069,4,frozen_baseline,14,712.1535180714285,0.02032795804552734,14,1.0,9970.149253,True,
LOCAL-v1-q4-fixed_negative_bias-5070,4,frozen_baseline,12,553.0574929166667,0.016375042032450438,12,1.0,6636.689915,True,
LOCAL-v1-q4-fixed_negative_bias-5071,4,frozen_baseline,12,564.0855236666666,0.01970549998804927,12,1.0,6769.026284,True,
LOCAL-v1-q4-fixed_negative_bias-5072,4,frozen_baseline,15,490.53876606666665,0.014773165923543274,15,1.0,7358.081491,True,
LOCAL-v1-q4-fixed_negative_bias-5073,4,frozen_baseline,10,617.1340616,0.0169592919992283,10,1.0,6171.340616,True,
LOCAL-v1-q4-fixed_negative_bias-5074,4,frozen_baseline,16,426.648762875,0.021177042042836547,16,1.0,6826.380206,True,
LOCAL-v1-q4-fixed_negative_bias-5075,4,frozen_baseline,15,455.53086406666665,0.017609457951039076,15,1.0,6832.962961,True,
LOCAL-v1-q4-fixed_negative_bias-5076,4,frozen_baseline,12,613.6562650833333,0.02244941599201411,12,1.0,7363.875181,True,
LOCAL-v1-q4-fixed_negative_bias-5077,4,frozen_baseline,14,456.3684713571429,0.018538624979555607,14,1.0,6389.158599,True,
LOCAL-v1-q4-fixed_negative_bias-5078,4,frozen_baseline,13,492.8813653846154,0.018971540965139866,13,1.0,6407.45775,True,
LOCAL-v1-q4-fixed_negative_bias-5079,4,frozen_baseline,10,646.6172572,0.014390707947313786,10,1.0,6466.172572,True,
LOCAL-v1-q4-fixed_negative_bias-5080,4,frozen_baseline,10,690.8661356,0.017050875001586974,10,1.0,6908.661356,True,
LOCAL-v1-q4-fixed_negative_bias-5081,4,frozen_baseline,16,424.2398670625,0.020301374956034124,16,1.0,6787.837873,True,
LOCAL-v1-q4-fixed_negative_bias-5082,4,frozen_baseline,13,555.320648076923,0.01607724989298731,13,1.0,7219.168425,True,
LOCAL-v1-q4-fixed_negative_bias-5083,4,frozen_baseline,13,548.6758080000001,0.02040287503041327,13,1.0,7132.785504,True,
LOCAL-v1-q4-fixed_negative_bias-5084,4,frozen_baseline,14,516.1414033571428,0.018101499998010695,14,1.0,7225.979647,True,
LOCAL-v1-q4-fixed_negative_bias-5085,4,frozen_baseline,15,452.3813044,0.01932679198216647,15,1.0,6785.719566,True,
LOCAL-v1-q4-fixed_negative_bias-5086,4,frozen_baseline,12,607.54619925,0.021072041941806674,12,1.0,7290.554391,True,
LOCAL-v1-q4-fixed_negative_bias-5087,4,frozen_baseline,13,566.5707281538462,0.016739583108574152,13,1.0,7365.419466,True,
LOCAL-v1-q4-fixed_negative_bias-5088,4,frozen_baseline,16,522.13166975,0.02233649999834597,16,1.0,8354.106716,True,
LOCAL-v1-q4-fixed_negative_bias-5089,4,frozen_baseline,15,410.14592586666663,0.02019779197871685,15,1.0,6152.188888,True,
LOCAL-v1-q4-fixed_negative_bias-5090,4,frozen_baseline,14,462.42273685714287,0.015340083977207541,14,1.0,6473.918316,True,
LOCAL-v1-q4-fixed_negative_bias-5091,4,frozen_baseline,12,641.7299638333333,0.01740995899308473,12,1.0,7700.759566,True,
LOCAL-v1-q4-fixed_negative_bias-5092,4,frozen_baseline,11,578.0343715454545,0.018670208053663373,11,1.0,6358.378087,True,
LOCAL-v1-q4-fixed_negative_bias-5093,4,frozen_baseline,15,562.8253112,0.016340833040885627,15,1.0,8442.379668,True,
LOCAL-v1-q4-fixed_negative_bias-5094,4,frozen_baseline,11,617.4695661818182,0.014664666960015893,11,1.0,6792.165228,True,
LOCAL-v1-q4-fixed_negative_bias-5095,4,frozen_baseline,10,744.6577198,0.014894708059728146,10,1.0,7446.577198,True,
LOCAL-v1-q4-fixed_negative_bias-5096,4,frozen_baseline,14,477.2709842142857,0.021260290988720953,14,1.0,6681.793779,True,
LOCAL-v1-q4-fixed_negative_bias-5097,4,frozen_baseline,13,531.668511923077,0.019663832965306938,13,1.0,6911.690655,True,
LOCAL-v1-q4-fixed_negative_bias-5098,4,frozen_baseline,16,452.1601748125,0.018849332933314145,16,1.0,7234.562797,True,
LOCAL-v1-q4-fixed_negative_bias-5099,4,frozen_baseline,13,683.0487674615384,0.01841195800807327,13,1.0,8879.633977,True,
LOCAL-v1-q4-smooth_shared_field-5000,4,frozen_baseline,11,587.2850775454546,0.018360958085395396,11,1.0,6460.135853,True,
LOCAL-v1-q4-smooth_shared_field-5001,4,frozen_baseline,14,543.0818107857143,0.017978582996875048,14,1.0,7603.145351,True,
LOCAL-v1-q4-smooth_shared_field-5002,4,frozen_baseline,15,460.8092622666666,0.01525695901364088,15,1.0,6912.138934,True,
LOCAL-v1-q4-smooth_shared_field-5003,4,frozen_baseline,11,616.1823596363637,0.016546792001463473,11,1.0,6778.005956,True,
LOCAL-v1-q4-smooth_shared_field-5004,4,frozen_baseline,12,528.06017075,0.01714516698848456,12,1.0,6336.722049,True,
LOCAL-v1-q4-smooth_shared_field-5005,4,frozen_baseline,11,564.0830911818182,0.019942959072068334,11,1.0,6204.914003,True,
LOCAL-v1-q4-smooth_shared_field-5006,4,frozen_baseline,11,619.3685254545454,0.018726667040027678,11,1.0,6813.05378,True,
LOCAL-v1-q4-smooth_shared_field-5007,4,frozen_baseline,11,660.914366909091,0.02078904095105827,11,1.0,7270.058036,True,
LOCAL-v1-q4-smooth_shared_field-5008,4,frozen_baseline,10,985.2355986,0.01945516699925065,10,1.0,9852.355986,True,
LOCAL-v1-q4-smooth_shared_field-5009,4,frozen_baseline,14,464.3392201428572,0.02191520796623081,14,1.0,6500.749082,True,
LOCAL-v1-q4-smooth_shared_field-5010,4,frozen_baseline,12,551.6377502500001,0.01881591696292162,12,1.0,6619.653003,True,
LOCAL-v1-q4-smooth_shared_field-5011,4,frozen_baseline,15,441.49687446666667,0.018289332976564765,15,1.0,6622.453117,True,
LOCAL-v1-q4-smooth_shared_field-5012,4,frozen_baseline,10,648.324535,0.014275999972596765,10,1.0,6483.24535,True,
LOCAL-v1-q4-smooth_shared_field-5013,4,frozen_baseline,12,842.7909224166666,0.014974917052313685,12,1.0,10113.491069,True,
LOCAL-v1-q4-smooth_shared_field-5014,4,frozen_baseline,11,661.7741017272728,0.01753345795441419,11,1.0,7279.515119,True,
LOCAL-v1-q4-smooth_shared_field-5015,4,frozen_baseline,12,524.6810545833333,0.01912525005172938,12,1.0,6296.172655,True,
LOCAL-v1-q4-smooth_shared_field-5016,4,frozen_baseline,16,444.916511625,0.018859541974961758,16,1.0,7118.664186,True,
LOCAL-v1-q4-smooth_shared_field-5017,4,frozen_baseline,15,573.1009838666666,0.016270874999463558,15,1.0,8596.514758,True,
LOCAL-v1-q4-smooth_shared_field-5018,4,frozen_baseline,10,766.5700153,0.015842792112380266,10,1.0,7665.700153,True,
LOCAL-v1-q4-smooth_shared_field-5019,4,frozen_baseline,11,624.9568141818182,0.017929541994817555,11,1.0,6874.524956,True,
LOCAL-v1-q4-smooth_shared_field-5020,4,frozen_baseline,16,466.943210625,0.017002375097945333,16,1.0,7471.09137,True,
LOCAL-v1-q4-smooth_shared_field-5021,4,frozen_baseline,14,681.1068114999999,0.018515167059376836,14,1.0,9535.495361,True,
LOCAL-v1-q4-smooth_shared_field-5022,4,frozen_baseline,14,516.4704898571429,0.019759415998123586,14,1.0,7230.586858,True,
LOCAL-v1-q4-smooth_shared_field-5023,4,frozen_baseline,15,431.4325616,0.022491834009997547,15,1.0,6471.488424,True,
LOCAL-v1-q4-smooth_shared_field-5024,4,frozen_baseline,13,488.9370250769231,0.016119624953716993,13,1.0,6356.181326,True,
LOCAL-v1-q4-smooth_shared_field-5025,4,frozen_baseline,12,611.6755254999999,0.01971383299678564,12,1.0,7340.106306,True,
LOCAL-v1-q4-smooth_shared_field-5026,4,frozen_baseline,15,419.35124693333336,0.019406666979193687,15,1.0,6290.268704,True,
LOCAL-v1-q4-smooth_shared_field-5027,4,frozen_baseline,11,590.071678,0.018328458070755005,11,1.0,6490.788458,True,
LOCAL-v1-q4-smooth_shared_field-5028,4,frozen_baseline,10,919.2742585,0.01633383403532207,10,1.0,9192.742585,True,
LOCAL-v1-q4-smooth_shared_field-5029,4,frozen_baseline,11,942.205562,0.01660016702953726,11,1.0,10364.261182,True,
LOCAL-v1-q4-smooth_shared_field-5030,4,frozen_baseline,12,564.9149076666666,0.018137124949134886,12,1.0,6778.978892,True,
LOCAL-v1-q4-smooth_shared_field-5031,4,frozen_baseline,15,662.0483188,0.02090341702569276,15,1.0,9930.724782,True,
LOCAL-v1-q4-smooth_shared_field-5032,4,frozen_baseline,11,560.1925425454546,0.01815195893868804,11,1.0,6162.117968,True,
LOCAL-v1-q4-smooth_shared_field-5033,4,frozen_baseline,14,446.1255627857143,0.01893904199823737,14,1.0,6245.757879,True,
LOCAL-v1-q4-smooth_shared_field-5034,4,frozen_baseline,16,532.268961625,0.020455416990444064,16,1.0,8516.303386,True,
LOCAL-v1-q4-smooth_shared_field-5035,4,frozen_baseline,10,718.262078,0.01506416592746973,10,1.0,7182.62078,True,
LOCAL-v1-q4-smooth_shared_field-5036,4,frozen_baseline,15,489.43723140000003,0.018018541974015534,15,1.0,7341.558471,True,
LOCAL-v1-q4-smooth_shared_field-5037,4,frozen_baseline,15,526.2698248,0.02190033404622227,15,1.0,7894.047372,True,
LOCAL-v1-q4-smooth_shared_field-5038,4,frozen_baseline,16,410.8043145,0.01926591608207673,16,1.0,6572.869032,True,
LOCAL-v1-q4-smooth_shared_field-5039,4,frozen_baseline,10,666.9911414000001,0.017160457908175886,10,1.0,6669.911414,True,
LOCAL-v1-q4-smooth_shared_field-5040,4,frozen_baseline,15,420.8826269333333,0.018150208052247763,15,1.0,6313.239404,True,
LOCAL-v1-q4-smooth_shared_field-5041,4,frozen_baseline,15,531.6071278666667,0.02088179101701826,15,1.0,7974.106918,True,
LOCAL-v1-q4-smooth_shared_field-5042,4,frozen_baseline,11,626.9501643636363,0.024375499924644828,11,1.0,6896.451808,True,
LOCAL-v1-q4-smooth_shared_field-5043,4,frozen_baseline,12,616.544893,0.01887516595888883,12,1.0,7398.538716,True,
LOCAL-v1-q4-smooth_shared_field-5044,4,frozen_baseline,11,652.6627357272727,0.01660375006031245,11,1.0,7179.290093,True,
LOCAL-v1-q4-smooth_shared_field-5045,4,frozen_baseline,11,571.6027280909092,0.014700958970934153,11,1.0,6287.630009,True,
LOCAL-v1-q4-smooth_shared_field-5046,4,frozen_baseline,10,668.1268823,0.017515874933451414,10,1.0,6681.268823,True,
LOCAL-v1-q4-smooth_shared_field-5047,4,frozen_baseline,16,394.4884258125,0.022665083059109747,16,1.0,6311.814813,True,
LOCAL-v1-q4-smooth_shared_field-5048,4,frozen_baseline,12,554.5937730833333,0.015087791020050645,12,1.0,6655.125277,True,
LOCAL-v1-q4-smooth_shared_field-5049,4,frozen_baseline,10,764.0353592,0.018131874967366457,10,1.0,7640.353592,True,
LOCAL-v1-q4-smooth_shared_field-5050,4,frozen_baseline,15,454.7160254,0.019777124980464578,15,1.0,6820.740381,True,
LOCAL-v1-q4-smooth_shared_field-5051,4,frozen_baseline,11,638.8666811818182,0.015354458009824157,11,1.0,7027.533493,True,
LOCAL-v1-q4-smooth_shared_field-5052,4,frozen_baseline,13,479.04849461538464,0.01772062503732741,13,1.0,6227.63043,True,
LOCAL-v1-q4-smooth_shared_field-5053,4,frozen_baseline,16,413.957733625,0.01949720794800669,16,1.0,6623.323738,True,
LOCAL-v1-q4-smooth_shared_field-5054,4,frozen_baseline,16,634.5434188125,0.02087958308402449,16,1.0,10152.694701,True,
LOCAL-v1-q4-smooth_shared_field-5055,4,frozen_baseline,12,677.77781125,0.014530999935232103,12,1.0,8133.333735,True,
LOCAL-v1-q4-smooth_shared_field-5056,4,frozen_baseline,13,509.92641523076924,0.01657512504607439,13,1.0,6629.043398,True,
LOCAL-v1-q4-smooth_shared_field-5057,4,frozen_baseline,13,514.3694176153847,0.014704624889418483,13,1.0,6686.802429,True,
LOCAL-v1-q4-smooth_shared_field-5058,4,frozen_baseline,14,476.8264875714286,0.017721291980706155,14,1.0,6675.570826,True,
LOCAL-v1-q4-smooth_shared_field-5059,4,frozen_baseline,12,556.12027,0.017966915969736874,12,1.0,6673.44324,True,
LOCAL-v1-q4-smooth_shared_field-5060,4,frozen_baseline,11,628.2402851818182,0.01924058306030929,11,1.0,6910.643137,True,
LOCAL-v1-q4-smooth_shared_field-5061,4,frozen_baseline,13,652.5527607692309,0.01739808393176645,13,1.0,8483.18589,True,
LOCAL-v1-q4-smooth_shared_field-5062,4,frozen_baseline,16,532.51641675,0.021623625070787966,16,1.0,8520.262668,True,
LOCAL-v1-q4-smooth_shared_field-5063,4,frozen_baseline,15,422.0687292,0.02174999995622784,15,1.0,6331.030938,True,
LOCAL-v1-q4-smooth_shared_field-5064,4,frozen_baseline,13,504.3171043846154,0.018287083017639816,13,1.0,6556.122357,True,
LOCAL-v1-q4-smooth_shared_field-5065,4,frozen_baseline,12,632.1799725833333,0.017633749986998737,12,1.0,7586.159671,True,
LOCAL-v1-q4-smooth_shared_field-5066,4,frozen_baseline,10,743.5730599999999,0.017186708049848676,10,1.0,7435.7306,True,
LOCAL-v1-q4-smooth_shared_field-5067,4,frozen_baseline,16,667.214508,0.02110162505414337,16,1.0,10675.432128,True,
LOCAL-v1-q4-smooth_shared_field-5068,4,frozen_baseline,13,523.1063479230769,0.019245750037953258,13,1.0,6800.382523,True,
LOCAL-v1-q4-smooth_shared_field-5069,4,frozen_baseline,14,710.8994553571429,0.020320332958362997,14,1.0,9952.592375,True,
LOCAL-v1-q4-smooth_shared_field-5070,4,frozen_baseline,12,542.485351,0.016432125004939735,12,1.0,6509.824212,True,
LOCAL-v1-q4-smooth_shared_field-5071,4,frozen_baseline,12,564.3303885,0.0197607500012964,12,1.0,6771.964662,True,
LOCAL-v1-q4-smooth_shared_field-5072,4,frozen_baseline,15,489.25915266666664,0.014704375062137842,15,1.0,7338.88729,True,
LOCAL-v1-q4-smooth_shared_field-5073,4,frozen_baseline,10,614.8325374,0.017161124967969954,10,1.0,6148.325374,True,
LOCAL-v1-q4-smooth_shared_field-5074,4,frozen_baseline,16,422.1212171875,0.021000124979764223,16,1.0,6753.939475,True,
LOCAL-v1-q4-smooth_shared_field-5075,4,frozen_baseline,15,445.80142326666663,0.01752387499436736,15,1.0,6687.021349,True,
LOCAL-v1-q4-smooth_shared_field-5076,4,frozen_baseline,12,722.4602423333334,0.022474083001725376,12,1.0,8669.522908,True,
LOCAL-v1-q4-smooth_shared_field-5077,4,frozen_baseline,14,452.11169985714287,0.01855462498497218,14,1.0,6329.563798,True,
LOCAL-v1-q4-smooth_shared_field-5078,4,frozen_baseline,13,618.0905286153846,0.019236332969740033,13,1.0,8035.176872,True,
LOCAL-v1-q4-smooth_shared_field-5079,4,frozen_baseline,10,638.3648565000001,0.014918165979906917,10,1.0,6383.648565,True,
LOCAL-v1-q4-smooth_shared_field-5080,4,frozen_baseline,10,672.4675607,0.017007917049340904,10,1.0,6724.675607,True,
LOCAL-v1-q4-smooth_shared_field-5081,4,frozen_baseline,16,415.8215639375,0.02012208302039653,16,1.0,6653.145023,True,
LOCAL-v1-q4-smooth_shared_field-5082,4,frozen_baseline,13,551.1566178461538,0.016092791920527816,13,1.0,7165.036032,True,
LOCAL-v1-q4-smooth_shared_field-5083,4,frozen_baseline,13,732.977971076923,0.020465957932174206,13,1.0,9528.713624,True,
LOCAL-v1-q4-smooth_shared_field-5084,4,frozen_baseline,14,561.9223804285714,0.018173375050537288,14,1.0,7866.913326,True,
LOCAL-v1-q4-smooth_shared_field-5085,4,frozen_baseline,15,424.3984031333333,0.018468166003003716,15,1.0,6365.976047,True,
LOCAL-v1-q4-smooth_shared_field-5086,4,frozen_baseline,12,644.4926941666666,0.02225866704247892,12,1.0,7733.91233,True,
LOCAL-v1-q4-smooth_shared_field-5087,4,frozen_baseline,13,538.0011936923077,0.01652145804837346,13,1.0,6994.015518,True,
LOCAL-v1-q4-smooth_shared_field-5088,4,frozen_baseline,16,521.754579625,0.0219656660920009,16,1.0,8348.073274,True,
LOCAL-v1-q4-smooth_shared_field-5089,4,frozen_baseline,15,409.77455886666667,0.02028675004839897,15,1.0,6146.618383,True,
LOCAL-v1-q4-smooth_shared_field-5090,4,frozen_baseline,14,463.07508371428577,0.015390999964438379,14,1.0,6483.051172,True,
LOCAL-v1-q4-smooth_shared_field-5091,4,frozen_baseline,12,611.6408854166667,0.017445958103053272,12,1.0,7339.690625,True,
LOCAL-v1-q4-smooth_shared_field-5092,4,frozen_baseline,11,578.8187305454545,0.018133000005036592,11,1.0,6367.006036,True,
LOCAL-v1-q4-smooth_shared_field-5093,4,frozen_baseline,15,552.0793358666667,0.016257832990959287,15,1.0,8281.190038,True,
LOCAL-v1-q4-smooth_shared_field-5094,4,frozen_baseline,11,620.6132731818182,0.014683124958537519,11,1.0,6826.746005,True,
LOCAL-v1-q4-smooth_shared_field-5095,4,frozen_baseline,10,911.7342439,0.016994416946545243,10,1.0,9117.342439,True,
LOCAL-v1-q4-smooth_shared_field-5096,4,frozen_baseline,14,477.94534607142856,0.02085279196035117,14,1.0,6691.234845,True,
LOCAL-v1-q4-smooth_shared_field-5097,4,frozen_baseline,13,544.1760371538462,0.01942049991339445,13,1.0,7074.288483,True,
LOCAL-v1-q4-smooth_shared_field-5098,4,frozen_baseline,16,494.8396441875,0.018915832974016666,16,1.0,7917.434307,True,
LOCAL-v1-q4-smooth_shared_field-5099,4,frozen_baseline,13,664.2783163846154,0.01865108299534768,13,1.0,8635.618113,True,
LOCAL-v1-q4-cell50_shared_field-5000,4,frozen_baseline,11,604.3482687272727,0.018546540988609195,11,1.0,6647.830956,True,
LOCAL-v1-q4-cell50_shared_field-5001,4,frozen_baseline,14,541.6497308571428,0.01814358402043581,14,1.0,7583.096232,True,
LOCAL-v1-q4-cell50_shared_field-5002,4,frozen_baseline,15,511.1764814,0.01531550008803606,15,1.0,7667.647221,True,
LOCAL-v1-q4-cell50_shared_field-5003,4,frozen_baseline,11,617.6353988181818,0.016242708079516888,11,1.0,6793.989387,True,
LOCAL-v1-q4-cell50_shared_field-5004,4,frozen_baseline,12,520.5278074166666,0.018380749970674515,12,1.0,6246.333689,True,
LOCAL-v1-q4-cell50_shared_field-5005,4,frozen_baseline,11,563.8737269090909,0.02045570802874863,11,1.0,6202.610996,True,
LOCAL-v1-q4-cell50_shared_field-5006,4,frozen_baseline,11,743.5668070909092,0.01803779206238687,11,1.0,8179.234878,True,
LOCAL-v1-q4-cell50_shared_field-5007,4,frozen_baseline,11,612.8341861818182,0.022584374994039536,11,1.0,6741.176048,True,
LOCAL-v1-q4-cell50_shared_field-5008,4,frozen_baseline,10,718.0834304,0.01962358399759978,10,1.0,7180.834304,True,
LOCAL-v1-q4-cell50_shared_field-5009,4,frozen_baseline,14,464.71998535714283,0.022060791961848736,14,1.0,6506.079795,True,
LOCAL-v1-q4-cell50_shared_field-5010,4,frozen_baseline,12,531.1773031666667,0.01979150006081909,12,1.0,6374.127638,True,
LOCAL-v1-q4-cell50_shared_field-5011,4,frozen_baseline,15,715.7958465333334,0.018841209006495774,15,1.0,10736.937698,True,
LOCAL-v1-q4-cell50_shared_field-5012,4,frozen_baseline,10,652.4796363,0.014471750007942319,10,1.0,6524.796363,True,
LOCAL-v1-q4-cell50_shared_field-5013,4,frozen_baseline,12,612.6001193333333,0.01487829105462879,12,1.0,7351.201432,True,
LOCAL-v1-q4-cell50_shared_field-5014,4,frozen_baseline,11,612.5008773636364,0.017239791923202574,11,1.0,6737.509651,True,
LOCAL-v1-q4-cell50_shared_field-5015,4,frozen_baseline,12,546.2051511666667,0.01914862496778369,12,1.0,6554.461814,True,
LOCAL-v1-q4-cell50_shared_field-5016,4,frozen_baseline,16,430.4567049375,0.01880437508225441,16,1.0,6887.307279,True,
LOCAL-v1-q4-cell50_shared_field-5017,4,frozen_baseline,15,574.5487486666666,0.016263583092950284,15,1.0,8618.23123,True,
LOCAL-v1-q4-cell50_shared_field-5018,4,frozen_baseline,10,725.4667328,0.015986084006726742,10,1.0,7254.667328,True,
LOCAL-v1-q4-cell50_shared_field-5019,4,frozen_baseline,11,625.9788635454545,0.017854249919764698,11,1.0,6885.767499,True,
LOCAL-v1-q4-cell50_shared_field-5020,4,frozen_baseline,16,438.8621660625,0.017008166993036866,16,1.0,7021.794657,True,
LOCAL-v1-q4-cell50_shared_field-5021,4,frozen_baseline,14,618.6978060714285,0.018519124947488308,14,1.0,8661.769285,True,
LOCAL-v1-q4-cell50_shared_field-5022,4,frozen_baseline,14,586.5506466428571,0.020033375010825694,14,1.0,8211.709053,True,
LOCAL-v1-q4-cell50_shared_field-5023,4,frozen_baseline,15,465.6886880666667,0.02047687501180917,15,1.0,6985.330321,True,
LOCAL-v1-q4-cell50_shared_field-5024,4,frozen_baseline,13,488.75242623076923,0.01600624993443489,13,1.0,6353.781541,True,
LOCAL-v1-q4-cell50_shared_field-5025,4,frozen_baseline,12,610.9026723333333,0.01951979100704193,12,1.0,7330.832068,True,
LOCAL-v1-q4-cell50_shared_field-5026,4,frozen_baseline,15,422.0555864666667,0.01966758305206895,15,1.0,6330.833797,True,
LOCAL-v1-q4-cell50_shared_field-5027,4,frozen_baseline,11,590.4071237272727,0.018108334043063223,11,1.0,6494.478361,True,
LOCAL-v1-q4-cell50_shared_field-5028,4,frozen_baseline,10,679.6411544,0.016248833038844168,10,1.0,6796.411544,True,
LOCAL-v1-q4-cell50_shared_field-5029,4,frozen_baseline,11,766.1139967272727,0.016563667100854218,11,1.0,8427.253964,True,
LOCAL-v1-q4-cell50_shared_field-5030,4,frozen_baseline,12,606.6619221666666,0.01821795804426074,12,1.0,7279.943066,True,
LOCAL-v1-q4-cell50_shared_field-5031,4,frozen_baseline,15,530.4760190000001,0.020104292081668973,15,1.0,7957.140285,True,
LOCAL-v1-q4-cell50_shared_field-5032,4,frozen_baseline,11,553.585993090909,0.017995834001339972,11,1.0,6089.445924,True,
LOCAL-v1-q4-cell50_shared_field-5033,4,frozen_baseline,14,446.3836253571429,0.01919237500987947,14,1.0,6249.370755,True,
LOCAL-v1-q4-cell50_shared_field-5034,4,frozen_baseline,16,515.2782173125,0.020331458072178066,16,1.0,8244.451477,True,
LOCAL-v1-q4-cell50_shared_field-5035,4,frozen_baseline,10,733.3430007,0.014992790995165706,10,1.0,7333.430007,True,
LOCAL-v1-q4-cell50_shared_field-5036,4,frozen_baseline,15,514.4879251333333,0.01819641701877117,15,1.0,7717.318877,True,
LOCAL-v1-q4-cell50_shared_field-5037,4,frozen_baseline,15,497.20595073333334,0.022007749998010695,15,1.0,7458.089261,True,
LOCAL-v1-q4-cell50_shared_field-5038,4,frozen_baseline,16,467.2345816875,0.01824991696048528,16,1.0,7475.753307,True,
LOCAL-v1-q4-cell50_shared_field-5039,4,frozen_baseline,10,680.2447341,0.017404875019565225,10,1.0,6802.447341,True,
LOCAL-v1-q4-cell50_shared_field-5040,4,frozen_baseline,15,428.7294799333333,0.01808933401480317,15,1.0,6430.942199,True,
LOCAL-v1-q4-cell50_shared_field-5041,4,frozen_baseline,15,504.8252174,0.02070337499026209,15,1.0,7572.378261,True,
LOCAL-v1-q4-cell50_shared_field-5042,4,frozen_baseline,11,869.3967358181818,0.01734124997165054,11,1.0,9563.364094,True,
LOCAL-v1-q4-cell50_shared_field-5043,4,frozen_baseline,12,562.9313975833334,0.017962582991458476,12,1.0,6755.176771,True,
LOCAL-v1-q4-cell50_shared_field-5044,4,frozen_baseline,11,662.3189646363636,0.016644792049191892,11,1.0,7285.508611,True,
LOCAL-v1-q4-cell50_shared_field-5045,4,frozen_baseline,11,571.8946372727273,0.014748708112165332,11,1.0,6290.84101,True,
LOCAL-v1-q4-cell50_shared_field-5046,4,frozen_baseline,10,661.8777779,0.01795854198280722,10,1.0,6618.777779,True,
LOCAL-v1-q4-cell50_shared_field-5047,4,frozen_baseline,16,394.3123415625,0.022577333031222224,16,1.0,6308.997465,True,
LOCAL-v1-q4-cell50_shared_field-5048,4,frozen_baseline,12,565.9356354166667,0.015064917039126158,12,1.0,6791.227625,True,
LOCAL-v1-q4-cell50_shared_field-5049,4,frozen_baseline,10,738.9152334,0.018013791064731777,10,1.0,7389.152334,True,
LOCAL-v1-q4-cell50_shared_field-5050,4,frozen_baseline,15,471.29673526666664,0.019802624941803515,15,1.0,7069.451029,True,
LOCAL-v1-q4-cell50_shared_field-5051,4,frozen_baseline,11,632.5333436363636,0.015282833948731422,11,1.0,6957.86678,True,
LOCAL-v1-q4-cell50_shared_field-5052,4,frozen_baseline,13,480.95671223076926,0.019611709052696824,13,1.0,6252.437259,True,
LOCAL-v1-q4-cell50_shared_field-5053,4,frozen_baseline,16,413.4444308125,0.019616374978795648,16,1.0,6615.110893,True,
LOCAL-v1-q4-cell50_shared_field-5054,4,frozen_baseline,16,423.52921875,0.020394708961248398,16,1.0,6776.4675,True,
LOCAL-v1-q4-cell50_shared_field-5055,4,frozen_baseline,12,646.1345244166666,0.014531542081385851,12,1.0,7753.614293,True,
LOCAL-v1-q4-cell50_shared_field-5056,4,frozen_baseline,13,514.9001728461539,0.0164715830469504,13,1.0,6693.702247,True,
LOCAL-v1-q4-cell50_shared_field-5057,4,frozen_baseline,13,513.7073801538462,0.014696207945235074,13,1.0,6678.195942,True,
LOCAL-v1-q4-cell50_shared_field-5058,4,frozen_baseline,14,450.9923749285714,0.017904542037285864,14,1.0,6313.893249,True,
LOCAL-v1-q4-cell50_shared_field-5059,4,frozen_baseline,12,534.5488618333333,0.018429667106829584,12,1.0,6414.586342,True,
LOCAL-v1-q4-cell50_shared_field-5060,4,frozen_baseline,11,633.1513809090909,0.020762374973855913,11,1.0,6964.66519,True,
LOCAL-v1-q4-cell50_shared_field-5061,4,frozen_baseline,13,709.0765662307692,0.017545790993608534,13,1.0,9217.995361,True,
LOCAL-v1-q4-cell50_shared_field-5062,4,frozen_baseline,16,633.2188709375,0.022046083002351224,16,1.0,10131.501935,True,
LOCAL-v1-q4-cell50_shared_field-5063,4,frozen_baseline,15,411.02873246666667,0.021635166951455176,15,1.0,6165.430987,True,
LOCAL-v1-q4-cell50_shared_field-5064,4,frozen_baseline,13,521.4249236153846,0.018297708011232316,13,1.0,6778.524007,True,
LOCAL-v1-q4-cell50_shared_field-5065,4,frozen_baseline,12,621.3949868333333,0.01588900003116578,12,1.0,7456.739842,True,
LOCAL-v1-q4-cell50_shared_field-5066,4,frozen_baseline,10,646.3892019,0.016924792085774243,10,1.0,6463.892019,True,
LOCAL-v1-q4-cell50_shared_field-5067,4,frozen_baseline,16,438.2031735625,0.02078529098071158,16,1.0,7011.250777,True,
LOCAL-v1-q4-cell50_shared_field-5068,4,frozen_baseline,13,554.3052991538461,0.019307791022583842,13,1.0,7205.968889,True,
LOCAL-v1-q4-cell50_shared_field-5069,4,frozen_baseline,14,540.9984721428572,0.020178625010885298,14,1.0,7573.97861,True,
LOCAL-v1-q4-cell50_shared_field-5070,4,frozen_baseline,12,543.2916198333334,0.016674833022989333,12,1.0,6519.499438,True,
LOCAL-v1-q4-cell50_shared_field-5071,4,frozen_baseline,12,563.6255046666666,0.01969066692981869,12,1.0,6763.506056,True,
LOCAL-v1-q4-cell50_shared_field-5072,4,frozen_baseline,15,521.976257,0.014814041904173791,15,1.0,7829.643855,True,
LOCAL-v1-q4-cell50_shared_field-5073,4,frozen_baseline,10,621.0040271,0.01737274997867644,10,1.0,6210.040271,True,
LOCAL-v1-q4-cell50_shared_field-5074,4,frozen_baseline,16,414.0610250625,0.021252249949611723,16,1.0,6624.976401,True,
LOCAL-v1-q4-cell50_shared_field-5075,4,frozen_baseline,15,448.4154791333333,0.017726791091263294,15,1.0,6726.232187,True,
LOCAL-v1-q4-cell50_shared_field-5076,4,frozen_baseline,12,584.2169807500001,0.022700582980178297,12,1.0,7010.603769,True,
LOCAL-v1-q4-cell50_shared_field-5077,4,frozen_baseline,14,561.0806693571428,0.018650416051968932,14,1.0,7855.129371,True,
LOCAL-v1-q4-cell50_shared_field-5078,4,frozen_baseline,13,512.2171202307692,0.018844333011657,13,1.0,6658.822563,True,
LOCAL-v1-q4-cell50_shared_field-5079,4,frozen_baseline,10,646.6934376,0.014420665916986763,10,1.0,6466.934376,True,
LOCAL-v1-q4-cell50_shared_field-5080,4,frozen_baseline,10,943.6374167,0.017199791967868805,10,1.0,9436.374167,True,
LOCAL-v1-q4-cell50_shared_field-5081,4,frozen_baseline,16,460.8826765,0.018809833098202944,16,1.0,7374.122824,True,
LOCAL-v1-q4-cell50_shared_field-5082,4,frozen_baseline,13,537.0607133846154,0.016245209029875696,13,1.0,6981.789274,True,
LOCAL-v1-q4-cell50_shared_field-5083,4,frozen_baseline,13,508.3174240769231,0.020572250010445714,13,1.0,6608.126513,True,
LOCAL-v1-q4-cell50_shared_field-5084,4,frozen_baseline,14,641.697263857143,0.01825891702901572,14,1.0,8983.761694,True,
LOCAL-v1-q4-cell50_shared_field-5085,4,frozen_baseline,15,416.7422158,0.019484209013171494,15,1.0,6251.133237,True,
LOCAL-v1-q4-cell50_shared_field-5086,4,frozen_baseline,12,878.2281761666667,0.022877374896779656,12,1.0,10538.738114,True,
LOCAL-v1-q4-cell50_shared_field-5087,4,frozen_baseline,13,523.5887595384615,0.016725666006095707,13,1.0,6806.653874,True,
LOCAL-v1-q4-cell50_shared_field-5088,4,frozen_baseline,16,648.9630684375,0.02221491700038314,16,1.0,10383.409095,True,
LOCAL-v1-q4-cell50_shared_field-5089,4,frozen_baseline,15,405.7587382666667,0.020109541015699506,15,1.0,6086.381074,True,
LOCAL-v1-q4-cell50_shared_field-5090,4,frozen_baseline,14,461.8008814285714,0.015383084071800113,14,1.0,6465.21234,True,
LOCAL-v1-q4-cell50_shared_field-5091,4,frozen_baseline,12,573.7406110000001,0.015937959076836705,12,1.0,6884.887332,True,
LOCAL-v1-q4-cell50_shared_field-5092,4,frozen_baseline,11,569.6138924545454,0.018814750015735626,11,1.0,6265.752817,True,
LOCAL-v1-q4-cell50_shared_field-5093,4,frozen_baseline,15,568.135729,0.016623832983896136,15,1.0,8522.035935,True,
LOCAL-v1-q4-cell50_shared_field-5094,4,frozen_baseline,11,634.715260909091,0.014814166002906859,11,1.0,6981.86787,True,
LOCAL-v1-q4-cell50_shared_field-5095,4,frozen_baseline,10,720.5779805,0.018255625036545098,10,1.0,7205.779805,True,
LOCAL-v1-q4-cell50_shared_field-5096,4,frozen_baseline,14,479.2077075714286,0.020949792000465095,14,1.0,6708.907906,True,
LOCAL-v1-q4-cell50_shared_field-5097,4,frozen_baseline,13,552.864984,0.019456916954368353,13,1.0,7187.244792,True,
LOCAL-v1-q4-cell50_shared_field-5098,4,frozen_baseline,16,416.890602375,0.019158666022121906,16,1.0,6670.249638,True,
LOCAL-v1-q4-cell50_shared_field-5099,4,frozen_baseline,13,650.5567092307693,0.019026124966330826,13,1.0,8457.23722,True,
LOCAL-v1-q4-cell500_shared_field-5000,4,frozen_baseline,11,585.9050421818182,0.01858262496534735,11,1.0,6444.955464,True,
LOCAL-v1-q4-cell500_shared_field-5001,4,frozen_baseline,14,543.4643184285715,0.018179332953877747,14,1.0,7608.500458,True,
LOCAL-v1-q4-cell500_shared_field-5002,4,frozen_baseline,15,448.5853944,0.015377750038169324,15,1.0,6728.780916,True,
LOCAL-v1-q4-cell500_shared_field-5003,4,frozen_baseline,11,616.440316,0.016413374920375645,11,1.0,6780.843476,True,
LOCAL-v1-q4-cell500_shared_field-5004,4,frozen_baseline,12,523.3238273333333,0.01817983400542289,12,1.0,6279.885928,True,
LOCAL-v1-q4-cell500_shared_field-5005,4,frozen_baseline,11,566.6793182727273,0.020459707942791283,11,1.0,6233.472501,True,
LOCAL-v1-q4-cell500_shared_field-5006,4,frozen_baseline,11,723.1248604545455,0.017928167013451457,11,1.0,7954.373465,True,
LOCAL-v1-q4-cell500_shared_field-5007,4,frozen_baseline,11,613.4991341818181,0.02239375002682209,11,1.0,6748.490476,True,
LOCAL-v1-q4-cell500_shared_field-5008,4,frozen_baseline,10,706.0138018,0.019394875038415194,10,1.0,7060.138018,True,
LOCAL-v1-q4-cell500_shared_field-5009,4,frozen_baseline,14,464.1890697142857,0.021750334068201482,14,1.0,6498.646976,True,
LOCAL-v1-q4-cell500_shared_field-5010,4,frozen_baseline,12,531.6905370833333,0.019552209065295756,12,1.0,6380.286445,True,
LOCAL-v1-q4-cell500_shared_field-5011,4,frozen_baseline,15,449.60753013333334,0.018388292053714395,15,1.0,6744.112952,True,
LOCAL-v1-q4-cell500_shared_field-5012,4,frozen_baseline,10,628.8218801,0.01436845795251429,10,1.0,6288.218801,True,
LOCAL-v1-q4-cell500_shared_field-5013,4,frozen_baseline,12,581.4079363333334,0.015075832954607904,12,1.0,6976.895236,True,
LOCAL-v1-q4-cell500_shared_field-5014,4,frozen_baseline,11,719.3817533636364,0.017509625060483813,11,1.0,7913.199287,True,
LOCAL-v1-q4-cell500_shared_field-5015,4,frozen_baseline,12,525.13307175,0.019186540972441435,12,1.0,6301.596861,True,
LOCAL-v1-q4-cell500_shared_field-5016,4,frozen_baseline,16,408.2884941875,0.019102332997135818,16,1.0,6532.615907,True,
LOCAL-v1-q4-cell500_shared_field-5017,4,frozen_baseline,15,524.9853972,0.01775395800359547,15,1.0,7874.780958,True,
LOCAL-v1-q4-cell500_shared_field-5018,4,frozen_baseline,10,835.8679491999999,0.015875375014729798,10,1.0,8358.679492,True,
LOCAL-v1-q4-cell500_shared_field-5019,4,frozen_baseline,11,628.7466505454545,0.017810208024457097,11,1.0,6916.213156,True,
LOCAL-v1-q4-cell500_shared_field-5020,4,frozen_baseline,16,466.9563771875,0.016728458926081657,16,1.0,7471.302035,True,
LOCAL-v1-q4-cell500_shared_field-5021,4,frozen_baseline,14,834.1593797857142,0.01844149990938604,14,1.0,11678.231317,True,
LOCAL-v1-q4-cell500_shared_field-5022,4,frozen_baseline,14,679.1633935714286,0.015644541941583157,14,1.0,9508.28751,True,
LOCAL-v1-q4-cell500_shared_field-5023,4,frozen_baseline,15,446.32578593333335,0.020856749964877963,15,1.0,6694.886789,True,
LOCAL-v1-q4-cell500_shared_field-5024,4,frozen_baseline,13,488.2027199230769,0.016096333973109722,13,1.0,6346.635359,True,
LOCAL-v1-q4-cell500_shared_field-5025,4,frozen_baseline,12,595.1547314166667,0.0196352080674842,12,1.0,7141.856777,True,
LOCAL-v1-q4-cell500_shared_field-5026,4,frozen_baseline,15,419.64132866666665,0.019442417076788843,15,1.0,6294.61993,True,
LOCAL-v1-q4-cell500_shared_field-5027,4,frozen_baseline,11,637.7639642727273,0.018394167069345713,11,1.0,7015.403607,True,
LOCAL-v1-q4-cell500_shared_field-5028,4,frozen_baseline,10,679.8942989999999,0.016215582960285246,10,1.0,6798.94299,True,
LOCAL-v1-q4-cell500_shared_field-5029,4,frozen_baseline,11,681.9885876363637,0.016562832985073328,11,1.0,7501.874464,True,
LOCAL-v1-q4-cell500_shared_field-5030,4,frozen_baseline,12,564.2133243333334,0.01839329209178686,12,1.0,6770.559892,True,
LOCAL-v1-q4-cell500_shared_field-5031,4,frozen_baseline,15,568.0986792,0.019987332983873785,15,1.0,8521.480188,True,
LOCAL-v1-q4-cell500_shared_field-5032,4,frozen_baseline,11,558.5027721818182,0.018074958003126085,11,1.0,6143.530494,True,
LOCAL-v1-q4-cell500_shared_field-5033,4,frozen_baseline,14,445.8311005714286,0.018826082930900156,14,1.0,6241.635408,True,
LOCAL-v1-q4-cell500_shared_field-5034,4,frozen_baseline,16,557.1638589375,0.018465750035829842,16,1.0,8914.621743,True,
LOCAL-v1-q4-cell500_shared_field-5035,4,frozen_baseline,10,719.8865815,0.014865624951198697,10,1.0,7198.865815,True,
LOCAL-v1-q4-cell500_shared_field-5036,4,frozen_baseline,15,547.4982262666667,0.01817349996417761,15,1.0,8212.473394,True,
LOCAL-v1-q4-cell500_shared_field-5037,4,frozen_baseline,15,488.11138980000004,0.021631999989040196,15,1.0,7321.670847,True,
LOCAL-v1-q4-cell500_shared_field-5038,4,frozen_baseline,16,470.319335375,0.018256874987855554,16,1.0,7525.109366,True,
LOCAL-v1-q4-cell500_shared_field-5039,4,frozen_baseline,10,666.2001325,0.017251917044632137,10,1.0,6662.001325,True,
LOCAL-v1-q4-cell500_shared_field-5040,4,frozen_baseline,15,420.79063226666665,0.01813558302819729,15,1.0,6311.859484,True,
LOCAL-v1-q4-cell500_shared_field-5041,4,frozen_baseline,15,503.37914766666665,0.02108824998140335,15,1.0,7550.687215,True,
LOCAL-v1-q4-cell500_shared_field-5042,4,frozen_baseline,11,620.8050290909091,0.02062945906072855,11,1.0,6828.85532,True,
LOCAL-v1-q4-cell500_shared_field-5043,4,frozen_baseline,12,558.9325725833334,0.01808462501503527,12,1.0,6707.190871,True,
LOCAL-v1-q4-cell500_shared_field-5044,4,frozen_baseline,11,647.6794315454546,0.01655095792375505,11,1.0,7124.473747,True,
LOCAL-v1-q4-cell500_shared_field-5045,4,frozen_baseline,11,571.9524353636364,0.014795999974012375,11,1.0,6291.476789,True,
LOCAL-v1-q4-cell500_shared_field-5046,4,frozen_baseline,10,681.8671529999999,0.017923375009559095,10,1.0,6818.67153,True,
LOCAL-v1-q4-cell500_shared_field-5047,4,frozen_baseline,16,395.0702118125,0.022896665963344276,16,1.0,6321.123389,True,
LOCAL-v1-q4-cell500_shared_field-5048,4,frozen_baseline,12,556.3044052500001,0.015011583920568228,12,1.0,6675.652863,True,
LOCAL-v1-q4-cell500_shared_field-5049,4,frozen_baseline,10,782.374744,0.018268917105160654,10,1.0,7823.74744,True,
LOCAL-v1-q4-cell500_shared_field-5050,4,frozen_baseline,15,501.8063246,0.01995633402839303,15,1.0,7527.094869,True,
LOCAL-v1-q4-cell500_shared_field-5051,4,frozen_baseline,11,632.8627528181819,0.015465250005945563,11,1.0,6961.490281,True,
LOCAL-v1-q4-cell500_shared_field-5052,4,frozen_baseline,13,482.32439369230764,0.019668332999572158,13,1.0,6270.217118,True,
LOCAL-v1-q4-cell500_shared_field-5053,4,frozen_baseline,16,412.5892156875,0.01967683294788003,16,1.0,6601.427451,True,
LOCAL-v1-q4-cell500_shared_field-5054,4,frozen_baseline,16,462.2874409375,0.02060375001747161,16,1.0,7396.599055,True,
LOCAL-v1-q4-cell500_shared_field-5055,4,frozen_baseline,12,685.6568411666667,0.014592583989724517,12,1.0,8227.882094,True,
LOCAL-v1-q4-cell500_shared_field-5056,4,frozen_baseline,13,515.1876965384615,0.01674708304926753,13,1.0,6697.440055,True,
LOCAL-v1-q4-cell500_shared_field-5057,4,frozen_baseline,13,525.4541958461539,0.0149819579673931,13,1.0,6830.904546,True,
LOCAL-v1-q4-cell500_shared_field-5058,4,frozen_baseline,14,450.4672837857143,0.018047082936391234,14,1.0,6306.541973,True,
LOCAL-v1-q4-cell500_shared_field-5059,4,frozen_baseline,12,534.8628915833334,0.018140624975785613,12,1.0,6418.354699,True,
LOCAL-v1-q4-cell500_shared_field-5060,4,frozen_baseline,11,623.4390128181818,0.0206301670987159,11,1.0,6857.829141,True,
LOCAL-v1-q4-cell500_shared_field-5061,4,frozen_baseline,13,690.904049923077,0.017513625090941787,13,1.0,8981.752649,True,
LOCAL-v1-q4-cell500_shared_field-5062,4,frozen_baseline,16,655.10225725,0.021855375031009316,16,1.0,10481.636116,True,
LOCAL-v1-q4-cell500_shared_field-5063,4,frozen_baseline,15,447.66370693333334,0.02213416702579707,15,1.0,6714.955604,True,
LOCAL-v1-q4-cell500_shared_field-5064,4,frozen_baseline,13,505.34508323076926,0.018395125051029027,13,1.0,6569.486082,True,
LOCAL-v1-q4-cell500_shared_field-5065,4,frozen_baseline,12,578.7225680833334,0.01486495800781995,12,1.0,6944.670817,True,
LOCAL-v1-q4-cell500_shared_field-5066,4,frozen_baseline,10,644.8178079,0.01728675002232194,10,1.0,6448.178079,True,
LOCAL-v1-q4-cell500_shared_field-5067,4,frozen_baseline,16,482.601456125,0.021161500015296042,16,1.0,7721.623298,True,
LOCAL-v1-q4-cell500_shared_field-5068,4,frozen_baseline,13,549.8955546923078,0.019586249953135848,13,1.0,7148.642211,True,
LOCAL-v1-q4-cell500_shared_field-5069,4,frozen_baseline,14,708.1589135,0.02025862503796816,14,1.0,9914.224789,True,
LOCAL-v1-q4-cell500_shared_field-5070,4,frozen_baseline,12,553.358307,0.01675179204903543,12,1.0,6640.299684,True,
LOCAL-v1-q4-cell500_shared_field-5071,4,frozen_baseline,12,564.49523475,0.019675874966196716,12,1.0,6773.942817,True,
LOCAL-v1-q4-cell500_shared_field-5072,4,frozen_baseline,15,485.909264,0.014786917017772794,15,1.0,7288.63896,True,
LOCAL-v1-q4-cell500_shared_field-5073,4,frozen_baseline,10,627.3822357,0.017158625065349042,10,1.0,6273.822357,True,
LOCAL-v1-q4-cell500_shared_field-5074,4,frozen_baseline,16,414.368233125,0.021267249947413802,16,1.0,6629.89173,True,
LOCAL-v1-q4-cell500_shared_field-5075,4,frozen_baseline,15,440.6888936666667,0.017722667078487575,15,1.0,6610.333405,True,
LOCAL-v1-q4-cell500_shared_field-5076,4,frozen_baseline,12,572.2078355833333,0.02242179191671312,12,1.0,6866.494027,True,
LOCAL-v1-q4-cell500_shared_field-5077,4,frozen_baseline,14,485.2149827142857,0.019551125005818903,14,1.0,6793.009758,True,
LOCAL-v1-q4-cell500_shared_field-5078,4,frozen_baseline,13,513.7206610769231,0.019183625001460314,13,1.0,6678.368594,True,
LOCAL-v1-q4-cell500_shared_field-5079,4,frozen_baseline,10,647.7839916,0.014775458024814725,10,1.0,6477.839916,True,
LOCAL-v1-q4-cell500_shared_field-5080,4,frozen_baseline,10,898.0093752,0.017319916049018502,10,1.0,8980.093752,True,
LOCAL-v1-q4-cell500_shared_field-5081,4,frozen_baseline,16,445.3970988125,0.018847249913960695,16,1.0,7126.353581,True,
LOCAL-v1-q4-cell500_shared_field-5082,4,frozen_baseline,13,524.7218942307692,0.016233625006861985,13,1.0,6821.384625,True,
LOCAL-v1-q4-cell500_shared_field-5083,4,frozen_baseline,13,570.6683529230769,0.020318415947258472,13,1.0,7418.688588,True,
LOCAL-v1-q4-cell500_shared_field-5084,4,frozen_baseline,14,515.4937297857143,0.01829191599972546,14,1.0,7216.912217,True,
LOCAL-v1-q4-cell500_shared_field-5085,4,frozen_baseline,15,538.5248856000001,0.019626874942332506,15,1.0,8077.873284,True,
LOCAL-v1-q4-cell500_shared_field-5086,4,frozen_baseline,12,680.3354829166666,0.021096166921779513,12,1.0,8164.025795,True,
LOCAL-v1-q4-cell500_shared_field-5087,4,frozen_baseline,13,538.1000013846153,0.01667229097802192,13,1.0,6995.300018,True,
LOCAL-v1-q4-cell500_shared_field-5088,4,frozen_baseline,16,447.155685875,0.022433290956541896,16,1.0,7154.490974,True,
LOCAL-v1-q4-cell500_shared_field-5089,4,frozen_baseline,15,404.1462178666667,0.020343709038570523,15,1.0,6062.193268,True,
LOCAL-v1-q4-cell500_shared_field-5090,4,frozen_baseline,14,463.0179667857143,0.015561833046376705,14,1.0,6482.251535,True,
LOCAL-v1-q4-cell500_shared_field-5091,4,frozen_baseline,12,622.1464915,0.01596987491939217,12,1.0,7465.757898,True,
LOCAL-v1-q4-cell500_shared_field-5092,4,frozen_baseline,11,569.7969081818181,0.018743708031252027,11,1.0,6267.76599,True,
LOCAL-v1-q4-cell500_shared_field-5093,4,frozen_baseline,15,552.0790888666667,0.01649599999655038,15,1.0,8281.186333,True,
LOCAL-v1-q4-cell500_shared_field-5094,4,frozen_baseline,11,632.8792178181818,0.014723374973982573,11,1.0,6961.671396,True,
LOCAL-v1-q4-cell500_shared_field-5095,4,frozen_baseline,10,731.8123760999999,0.017127208062447608,10,1.0,7318.123761,True,
LOCAL-v1-q4-cell500_shared_field-5096,4,frozen_baseline,14,481.0479361428571,0.021039583021774888,14,1.0,6734.671106,True,
LOCAL-v1-q4-cell500_shared_field-5097,4,frozen_baseline,13,544.2036276153847,0.01980866608209908,13,1.0,7074.647159,True,
LOCAL-v1-q4-cell500_shared_field-5098,4,frozen_baseline,16,405.583708125,0.019293957971967757,16,1.0,6489.33933,True,
LOCAL-v1-q4-cell500_shared_field-5099,4,frozen_baseline,13,679.8846238461539,0.01899300003424287,13,1.0,8838.50011,True,
LOCAL-v1-q4-edge_mixed_min_radius-5000,4,frozen_baseline,11,800.9945518181819,0.01786504196934402,11,1.0,8810.94007,True,
LOCAL-v1-q4-edge_mixed_min_radius-5001,4,frozen_baseline,14,741.7835821428571,0.019401292083784938,14,1.0,10384.97015,True,
LOCAL-v1-q4-edge_mixed_min_radius-5002,4,frozen_baseline,15,619.1579435333333,0.018752124975435436,15,1.0,9287.369153,True,
LOCAL-v1-q4-edge_mixed_min_radius-5003,4,frozen_baseline,11,643.8686720000001,0.018230417044833302,11,1.0,7082.555392,True,
LOCAL-v1-q4-edge_mixed_min_radius-5004,4,frozen_baseline,12,546.7765215000001,0.01660783402621746,12,1.0,6561.318258,True,
LOCAL-v1-q4-edge_mixed_min_radius-5005,4,frozen_baseline,11,645.9884263636363,0.016008500009775162,11,1.0,7105.87269,True,
LOCAL-v1-q4-edge_mixed_min_radius-5006,4,frozen_baseline,11,756.5893940000001,0.01785058295354247,11,1.0,8322.483334,True,
LOCAL-v1-q4-edge_mixed_min_radius-5007,4,frozen_baseline,11,725.1561296363636,0.016718042083084583,11,1.0,7976.717426,True,
LOCAL-v1-q4-edge_mixed_min_radius-5008,4,frozen_baseline,10,823.1531074000001,0.014096457976847887,10,1.0,8231.531074,True,
LOCAL-v1-q4-edge_mixed_min_radius-5009,4,frozen_baseline,14,503.36899514285716,0.017647291999310255,14,1.0,7047.165932,True,
LOCAL-v1-q4-edge_mixed_min_radius-5010,4,frozen_baseline,12,531.2379334999999,0.020040499977767467,12,1.0,6374.855202,True,
LOCAL-v1-q4-edge_mixed_min_radius-5011,4,frozen_baseline,15,424.12467399999997,0.02158191695343703,15,1.0,6361.87011,True,
LOCAL-v1-q4-edge_mixed_min_radius-5012,4,frozen_baseline,10,734.469208,0.017916708020493388,10,1.0,7344.69208,True,
LOCAL-v1-q4-edge_mixed_min_radius-5013,4,frozen_baseline,12,595.9616494166667,0.01924041600432247,12,1.0,7151.539793,True,
LOCAL-v1-q4-edge_mixed_min_radius-5014,4,frozen_baseline,11,807.0765850909091,0.015504625043831766,11,1.0,8877.842436,True,
LOCAL-v1-q4-edge_mixed_min_radius-5015,4,frozen_baseline,12,630.5127854166667,0.016265457961708307,12,1.0,7566.153425,True,
LOCAL-v1-q4-edge_mixed_min_radius-5016,4,frozen_baseline,16,493.3497158125,0.017672082991339266,16,1.0,7893.595453,True,
LOCAL-v1-q4-edge_mixed_min_radius-5017,4,frozen_baseline,15,614.576973,0.016781375044956803,15,1.0,9218.654595,True,
LOCAL-v1-q4-edge_mixed_min_radius-5018,4,frozen_baseline,10,773.3594223,0.01527325005736202,10,1.0,7733.594223,True,
LOCAL-v1-q4-edge_mixed_min_radius-5019,4,frozen_baseline,11,582.1932485454546,0.01850920799188316,11,1.0,6404.125734,True,
LOCAL-v1-q4-edge_mixed_min_radius-5020,4,frozen_baseline,16,456.295149375,0.019796582986600697,16,1.0,7300.72239,True,
LOCAL-v1-q4-edge_mixed_min_radius-5021,4,frozen_baseline,14,696.5865047857143,0.01575245801359415,14,1.0,9752.211067,True,
LOCAL-v1-q4-edge_mixed_min_radius-5022,4,frozen_baseline,14,660.9818787857142,0.015776874963194132,14,1.0,9253.746303,True,
LOCAL-v1-q4-edge_mixed_min_radius-5023,4,frozen_baseline,15,499.8048402,0.018860624986700714,15,1.0,7497.072603,True,
LOCAL-v1-q4-edge_mixed_min_radius-5024,4,frozen_baseline,13,607.5583015384616,0.020565208978950977,13,1.0,7898.25792,True,
LOCAL-v1-q4-edge_mixed_min_radius-5025,4,frozen_baseline,12,669.2232211666667,0.018148500006645918,12,1.0,8030.678654,True,
LOCAL-v1-q4-edge_mixed_min_radius-5026,4,frozen_baseline,15,446.9963114,0.022533749928697944,15,1.0,6704.944671,True,
LOCAL-v1-q4-edge_mixed_min_radius-5027,4,frozen_baseline,11,625.966649,0.037231958005577326,11,1.0,6885.633139,True,
LOCAL-v1-q4-edge_mixed_min_radius-5028,4,frozen_baseline,10,651.7642768,0.016199291916564107,10,1.0,6517.642768,True,
LOCAL-v1-q4-edge_mixed_min_radius-5029,4,frozen_baseline,11,696.7846290909091,0.014937250060029328,11,1.0,7664.63092,True,
LOCAL-v1-q4-edge_mixed_min_radius-5030,4,frozen_baseline,12,629.9151009999999,0.017419083043932915,12,1.0,7558.981212,True,
LOCAL-v1-q4-edge_mixed_min_radius-5031,4,frozen_baseline,15,569.0524075333334,0.016565834055654705,15,1.0,8535.786113,True,
LOCAL-v1-q4-edge_mixed_min_radius-5032,4,frozen_baseline,11,613.0974537272728,0.015301709063351154,11,1.0,6744.071991,True,
LOCAL-v1-q4-edge_mixed_min_radius-5033,4,frozen_baseline,14,516.0926977142857,0.018723709043115377,14,1.0,7225.297768,True,
LOCAL-v1-q4-edge_mixed_min_radius-5034,4,frozen_baseline,16,500.2597061875,0.01843495899811387,16,1.0,8004.155299,True,
LOCAL-v1-q4-edge_mixed_min_radius-5035,4,frozen_baseline,10,817.9419769,0.017266749986447394,10,1.0,8179.419769,True,
LOCAL-v1-q4-edge_mixed_min_radius-5036,4,frozen_baseline,15,635.0619801333333,0.016891916980966926,15,1.0,9525.929702,True,
LOCAL-v1-q4-edge_mixed_min_radius-5037,4,frozen_baseline,15,556.7862680666666,0.01997662498615682,15,1.0,8351.794021,True,
LOCAL-v1-q4-edge_mixed_min_radius-5038,4,frozen_baseline,16,450.9218555,0.020757666905410588,16,1.0,7214.749688,True,
LOCAL-v1-q4-edge_mixed_min_radius-5039,4,frozen_baseline,10,830.7216543000001,0.10667270806152374,10,1.0,8307.216543,True,
LOCAL-v1-q4-edge_mixed_min_radius-5040,4,frozen_baseline,15,522.6875454666666,0.03578124998603016,15,1.0,7840.313182,True,
LOCAL-v1-q4-edge_mixed_min_radius-5041,4,frozen_baseline,15,448.7014158666667,0.020956541993655264,15,1.0,6730.521238,True,
LOCAL-v1-q4-edge_mixed_min_radius-5042,4,frozen_baseline,11,801.7764628181817,0.025119249941781163,11,1.0,8819.541091,True,
LOCAL-v1-q4-edge_mixed_min_radius-5043,4,frozen_baseline,12,660.8631981666666,0.02621462498791516,12,1.0,7930.358378,True,
LOCAL-v1-q4-edge_mixed_min_radius-5044,4,frozen_baseline,11,752.9313286363636,0.019157250062562525,11,1.0,8282.244615,True,
LOCAL-v1-q4-edge_mixed_min_radius-5045,4,frozen_baseline,11,575.1879480909091,0.020309458952397108,11,1.0,6327.067429,True,
LOCAL-v1-q4-edge_mixed_min_radius-5046,4,frozen_baseline,10,581.6765141,0.01894558290950954,10,1.0,5816.765141,True,
LOCAL-v1-q4-edge_mixed_min_radius-5047,4,frozen_baseline,16,463.342902875,0.018526625004597008,16,1.0,7413.486446,True,
LOCAL-v1-q4-edge_mixed_min_radius-5048,4,frozen_baseline,12,621.6266174166667,0.017265249975025654,12,1.0,7459.519409,True,
LOCAL-v1-q4-edge_mixed_min_radius-5049,4,frozen_baseline,10,731.2418732,0.015821291017346084,10,1.0,7312.418732,True,
LOCAL-v1-q4-edge_mixed_min_radius-5050,4,frozen_baseline,15,530.8477098,0.01786583394277841,15,1.0,7962.715647,True,
LOCAL-v1-q4-edge_mixed_min_radius-5051,4,frozen_baseline,11,696.9729336363636,0.01583829103037715,11,1.0,7666.70227,True,
LOCAL-v1-q4-edge_mixed_min_radius-5052,4,frozen_baseline,13,583.6490964615384,0.017949874978512526,13,1.0,7587.438254,True,
LOCAL-v1-q4-edge_mixed_min_radius-5053,4,frozen_baseline,16,487.2425694375,0.017010790994390845,16,1.0,7795.881111,True,
LOCAL-v1-q4-edge_mixed_min_radius-5054,4,frozen_baseline,16,470.846790625,0.016490374924615026,16,1.0,7533.54865,True,
LOCAL-v1-q4-edge_mixed_min_radius-5055,4,frozen_baseline,12,957.7293962499999,0.015312999952584505,12,1.0,11492.752755,True,
LOCAL-v1-q4-edge_mixed_min_radius-5056,4,frozen_baseline,13,718.655138,0.015211667050607502,13,1.0,9342.516794,True,
LOCAL-v1-q4-edge_mixed_min_radius-5057,4,frozen_baseline,13,527.1363643846154,0.017989750020205975,13,1.0,6852.772737,True,
LOCAL-v1-q4-edge_mixed_min_radius-5058,4,frozen_baseline,14,461.1900678571429,0.017889040987938643,14,1.0,6456.66095,True,
LOCAL-v1-q4-edge_mixed_min_radius-5059,4,frozen_baseline,12,516.8116130833333,0.01891612506005913,12,1.0,6201.739357,True,
LOCAL-v1-q4-edge_mixed_min_radius-5060,4,frozen_baseline,11,773.7151230909091,0.015482124988920987,11,1.0,8510.866354,True,
LOCAL-v1-q4-edge_mixed_min_radius-5061,4,frozen_baseline,13,641.172594076923,0.018138500046916306,13,1.0,8335.243723,True,
LOCAL-v1-q4-edge_mixed_min_radius-5062,4,frozen_baseline,16,536.562588875,0.01782958407420665,16,1.0,8585.001422,True,
LOCAL-v1-q4-edge_mixed_min_radius-5063,4,frozen_baseline,15,432.0740098,0.022102124989032745,15,1.0,6481.110147,True,
LOCAL-v1-q4-edge_mixed_min_radius-5064,4,frozen_baseline,13,569.2274085384615,0.01592150004580617,13,1.0,7399.956311,True,
LOCAL-v1-q4-edge_mixed_min_radius-5065,4,frozen_baseline,12,688.1574725833334,0.016796041978523135,12,1.0,8257.889671,True,
LOCAL-v1-q4-edge_mixed_min_radius-5066,4,frozen_baseline,10,682.2066262999999,0.014578083995729685,10,1.0,6822.066263,True,
LOCAL-v1-q4-edge_mixed_min_radius-5067,4,frozen_baseline,16,460.1184969375,0.018508457927964628,16,1.0,7361.895951,True,
LOCAL-v1-q4-edge_mixed_min_radius-5068,4,frozen_baseline,13,598.0572683076923,0.018257500021718442,13,1.0,7774.744488,True,
LOCAL-v1-q4-edge_mixed_min_radius-5069,4,frozen_baseline,14,604.0227862857143,0.01640220801346004,14,1.0,8456.319008,True,
LOCAL-v1-q4-edge_mixed_min_radius-5070,4,frozen_baseline,12,624.5591076666666,0.017558875028043985,12,1.0,7494.709292,True,
LOCAL-v1-q4-edge_mixed_min_radius-5071,4,frozen_baseline,12,632.1435775833334,0.018145082984119654,12,1.0,7585.722931,True,
LOCAL-v1-q4-edge_mixed_min_radius-5072,4,frozen_baseline,15,613.4167892666667,0.01687266700901091,15,1.0,9201.251839,True,
LOCAL-v1-q4-edge_mixed_min_radius-5073,4,frozen_baseline,10,649.0608061,0.016973458928987384,10,1.0,6490.608061,True,
LOCAL-v1-q4-edge_mixed_min_radius-5074,4,frozen_baseline,16,518.7777659375,0.018722707987762988,16,1.0,8300.444255,True,
LOCAL-v1-q4-edge_mixed_min_radius-5075,4,frozen_baseline,15,484.69447026666666,0.01959099993109703,15,1.0,7270.417054,True,
LOCAL-v1-q4-edge_mixed_min_radius-5076,4,frozen_baseline,12,707.2136271666667,0.016030166065320373,12,1.0,8486.563526,True,
LOCAL-v1-q4-edge_mixed_min_radius-5077,4,frozen_baseline,14,606.7619192857143,0.018876916961744428,14,1.0,8494.66687,True,
LOCAL-v1-q4-edge_mixed_min_radius-5078,4,frozen_baseline,13,522.4734626923077,0.018758416990749538,13,1.0,6792.155015,True,
LOCAL-v1-q4-edge_mixed_min_radius-5079,4,frozen_baseline,10,641.7253485,0.017491625039838254,10,1.0,6417.253485,True,
LOCAL-v1-q4-edge_mixed_min_radius-5080,4,frozen_baseline,10,920.0944692999999,0.015686708968132734,10,1.0,9200.944693,True,
LOCAL-v1-q4-edge_mixed_min_radius-5081,4,frozen_baseline,16,500.21595125,0.018952458980493248,16,1.0,8003.45522,True,
LOCAL-v1-q4-edge_mixed_min_radius-5082,4,frozen_baseline,13,571.9441683076923,0.015845917048864067,13,1.0,7435.274188,True,
LOCAL-v1-q4-edge_mixed_min_radius-5083,4,frozen_baseline,13,544.4397749999999,0.018384624971076846,13,1.0,7077.717075,True,
LOCAL-v1-q4-edge_mixed_min_radius-5084,4,frozen_baseline,14,731.5232792857142,0.016486290958710015,14,1.0,10241.32591,True,
LOCAL-v1-q4-edge_mixed_min_radius-5085,4,frozen_baseline,15,597.0858439333333,0.017677999916486442,15,1.0,8956.287659,True,
LOCAL-v1-q4-edge_mixed_min_radius-5086,4,frozen_baseline,12,572.1213725,0.01839254202786833,12,1.0,6865.45647,True,
LOCAL-v1-q4-edge_mixed_min_radius-5087,4,frozen_baseline,13,587.4428839999999,0.01701645797584206,13,1.0,7636.757492,True,
LOCAL-v1-q4-edge_mixed_min_radius-5088,4,frozen_baseline,16,530.303966625,0.01870920800138265,16,1.0,8484.863466,True,
LOCAL-v1-q4-edge_mixed_min_radius-5089,4,frozen_baseline,15,509.9996294666667,0.01939795899670571,15,1.0,7649.994442,True,
LOCAL-v1-q4-edge_mixed_min_radius-5090,4,frozen_baseline,14,456.4198455,0.017769958009012043,14,1.0,6389.877837,True,
LOCAL-v1-q4-edge_mixed_min_radius-5091,4,frozen_baseline,12,611.79419325,0.017803208087570965,12,1.0,7341.530319,True,
LOCAL-v1-q4-edge_mixed_min_radius-5092,4,frozen_baseline,11,674.1511655454545,0.017936167074367404,11,1.0,7415.662821,True,
LOCAL-v1-q4-edge_mixed_min_radius-5093,4,frozen_baseline,15,516.2685904,0.017110374988988042,15,1.0,7744.028856,True,
LOCAL-v1-q4-edge_mixed_min_radius-5094,4,frozen_baseline,11,789.0822054545454,0.01614412502385676,11,1.0,8679.90426,True,
LOCAL-v1-q4-edge_mixed_min_radius-5095,4,frozen_baseline,10,830.7679340000001,0.016358666005544364,10,1.0,8307.67934,True,
LOCAL-v1-q4-edge_mixed_min_radius-5096,4,frozen_baseline,14,496.5496021428571,0.01939687505364418,14,1.0,6951.69443,True,
LOCAL-v1-q4-edge_mixed_min_radius-5097,4,frozen_baseline,13,569.7907702307692,0.019007417024113238,13,1.0,7407.280013,True,
LOCAL-v1-q4-edge_mixed_min_radius-5098,4,frozen_baseline,16,463.4137238125,0.02154641703236848,16,1.0,7414.619581,True,
LOCAL-v1-q4-edge_mixed_min_radius-5099,4,frozen_baseline,13,676.7586714615385,0.01909816695842892,13,1.0,8797.862729,True,
LOCAL-v1-q4-offcenter_cluster-5000,4,frozen_baseline,11,608.3898793636364,0.0203071249416098,11,1.0,6692.288673,True,
LOCAL-v1-q4-offcenter_cluster-5001,4,frozen_baseline,14,477.4067654285714,0.027697165962308645,14,1.0,6683.694716,True,
LOCAL-v1-q4-offcenter_cluster-5002,4,frozen_baseline,15,575.3825288,0.025479790987446904,15,1.0,8630.737932,True,
LOCAL-v1-q4-offcenter_cluster-5003,4,frozen_baseline,11,604.7105114545454,0.02116008405573666,11,1.0,6651.815626,True,
LOCAL-v1-q4-offcenter_cluster-5004,4,frozen_baseline,12,551.1587425,0.023922624997794628,12,1.0,6613.90491,True,
LOCAL-v1-q4-offcenter_cluster-5005,4,frozen_baseline,11,655.7799437272727,0.024471874930895865,11,1.0,7213.579381,True,
LOCAL-v1-q4-offcenter_cluster-5006,4,frozen_baseline,11,512.4370224545454,0.02391391701530665,11,1.0,5636.807247,True,
LOCAL-v1-q4-offcenter_cluster-5007,4,frozen_baseline,11,719.3032911818182,0.02305241592694074,11,1.0,7912.336203,True,
LOCAL-v1-q4-offcenter_cluster-5008,4,frozen_baseline,10,639.1852986,0.017989124986343086,10,1.0,6391.852986,True,
LOCAL-v1-q4-offcenter_cluster-5009,4,frozen_baseline,14,488.3169348571428,0.026456500054337084,14,1.0,6836.437088,True,
LOCAL-v1-q4-offcenter_cluster-5010,4,frozen_baseline,12,558.5167975,0.021694332943297923,12,1.0,6702.20157,True,
LOCAL-v1-q4-offcenter_cluster-5011,4,frozen_baseline,15,466.68319553333333,0.024467999930493534,15,1.0,7000.247933,True,
LOCAL-v1-q4-offcenter_cluster-5012,4,frozen_baseline,10,582.6280273,0.01445883302949369,10,1.0,5826.280273,True,
LOCAL-v1-q4-offcenter_cluster-5013,4,frozen_baseline,12,566.3354146666667,0.02296191593632102,12,1.0,6796.024976,True,
LOCAL-v1-q4-offcenter_cluster-5014,4,frozen_baseline,11,657.0165850909091,0.02349649998359382,11,1.0,7227.182436,True,
LOCAL-v1-q4-offcenter_cluster-5015,4,frozen_baseline,12,608.3057304166667,0.01763604104053229,12,1.0,7299.668765,True,
LOCAL-v1-q4-offcenter_cluster-5016,4,frozen_baseline,16,207.3941174375,0.02308974997140467,16,1.0,3318.305879,True,
LOCAL-v1-q4-offcenter_cluster-5017,4,frozen_baseline,15,538.5253830666667,0.03529891592916101,15,1.0,8077.880746,True,
LOCAL-v1-q4-offcenter_cluster-5018,4,frozen_baseline,10,701.7711778,0.01856704195961356,10,1.0,7017.711778,True,
LOCAL-v1-q4-offcenter_cluster-5019,4,frozen_baseline,11,556.6054609090909,0.0209031670819968,11,1.0,6122.66007,True,
LOCAL-v1-q4-offcenter_cluster-5020,4,frozen_baseline,16,405.860481125,0.033641125075519085,16,1.0,6493.767698,True,
LOCAL-v1-q4-offcenter_cluster-5021,4,frozen_baseline,14,484.75892135714287,0.023354416945949197,14,1.0,6786.624899,True,
LOCAL-v1-q4-offcenter_cluster-5022,4,frozen_baseline,14,428.0699132857143,0.025058874976821244,14,1.0,5992.978786,True,
LOCAL-v1-q4-offcenter_cluster-5023,4,frozen_baseline,15,436.58336146666664,0.02832191705238074,15,1.0,6548.750422,True,
LOCAL-v1-q4-offcenter_cluster-5024,4,frozen_baseline,13,506.9912261538462,0.026036832947283983,13,1.0,6590.88594,True,
LOCAL-v1-q4-offcenter_cluster-5025,4,frozen_baseline,12,478.59655191666667,0.014480625046417117,12,1.0,5743.158623,True,
LOCAL-v1-q4-offcenter_cluster-5026,4,frozen_baseline,15,359.1409542,0.026801333064213395,15,1.0,5387.114313,True,
LOCAL-v1-q4-offcenter_cluster-5027,4,frozen_baseline,11,546.7039301818181,0.020644792006351054,11,1.0,6013.743232,True,
LOCAL-v1-q4-offcenter_cluster-5028,4,frozen_baseline,10,665.7523448,0.018778958008624613,10,1.0,6657.523448,True,
LOCAL-v1-q4-offcenter_cluster-5029,4,frozen_baseline,11,701.6272496363637,0.020900000003166497,11,1.0,7717.899746,True,
LOCAL-v1-q4-offcenter_cluster-5030,4,frozen_baseline,12,532.27137325,0.02074429194908589,12,1.0,6387.256479,True,
LOCAL-v1-q4-offcenter_cluster-5031,4,frozen_baseline,15,418.78035386666664,0.026339708012528718,15,1.0,6281.705308,True,
LOCAL-v1-q4-offcenter_cluster-5032,4,frozen_baseline,11,510.4861214545454,0.02075820800382644,11,1.0,5615.347336,True,
LOCAL-v1-q4-offcenter_cluster-5033,4,frozen_baseline,14,376.90750157142855,0.027097165933810174,14,1.0,5276.705022,True,
LOCAL-v1-q4-offcenter_cluster-5034,4,frozen_baseline,16,437.8629905625,0.026270541013218462,16,1.0,7005.807849,True,
LOCAL-v1-q4-offcenter_cluster-5035,4,frozen_baseline,10,703.137656,0.022924917051568627,10,1.0,7031.37656,True,
LOCAL-v1-q4-offcenter_cluster-5036,4,frozen_baseline,15,490.3566527333333,0.02455233410000801,15,1.0,7355.349791,True,
LOCAL-v1-q4-offcenter_cluster-5037,4,frozen_baseline,15,484.947738,0.027984665939584374,15,1.0,7274.21607,True,
LOCAL-v1-q4-offcenter_cluster-5038,4,frozen_baseline,16,390.30105775,0.029664292000234127,16,1.0,6244.816924,True,
LOCAL-v1-q4-offcenter_cluster-5039,4,frozen_baseline,10,588.0014162,0.019609875045716763,10,1.0,5880.014162,True,
LOCAL-v1-q4-offcenter_cluster-5040,4,frozen_baseline,15,421.9084766,0.03298145905137062,15,1.0,6328.627149,True,
LOCAL-v1-q4-offcenter_cluster-5041,4,frozen_baseline,15,366.29704713333336,0.02390858402941376,15,1.0,5494.455707,True,
LOCAL-v1-q4-offcenter_cluster-5042,4,frozen_baseline,11,632.7542644545455,0.025666625006124377,11,1.0,6960.296909,True,
LOCAL-v1-q4-offcenter_cluster-5043,4,frozen_baseline,12,491.826172,0.016895583947189152,12,1.0,5901.914064,True,
LOCAL-v1-q4-offcenter_cluster-5044,4,frozen_baseline,11,565.3896906363636,0.02259462501388043,11,1.0,6219.286597,True,
LOCAL-v1-q4-offcenter_cluster-5045,4,frozen_baseline,11,595.0449438181818,0.027612000005319715,11,1.0,6545.494382,True,
LOCAL-v1-q4-offcenter_cluster-5046,4,frozen_baseline,10,616.2924248,0.027204332989640534,10,1.0,6162.924248,True,
LOCAL-v1-q4-offcenter_cluster-5047,4,frozen_baseline,16,154.838495875,0.023261583992280066,16,1.0,2477.415934,True,
LOCAL-v1-q4-offcenter_cluster-5048,4,frozen_baseline,12,514.1035738333334,0.021363166044466197,12,1.0,6169.242886,True,
LOCAL-v1-q4-offcenter_cluster-5049,4,frozen_baseline,10,852.590186,0.022672042017802596,10,1.0,8525.90186,True,
LOCAL-v1-q4-offcenter_cluster-5050,4,frozen_baseline,15,399.6748437333333,0.028058083029463887,15,1.0,5995.122656,True,
LOCAL-v1-q4-offcenter_cluster-5051,4,frozen_baseline,11,613.2947581818181,0.01998429198283702,11,1.0,6746.24234,True,
LOCAL-v1-q4-offcenter_cluster-5052,4,frozen_baseline,13,468.41647953846154,0.026473707985132933,13,1.0,6089.414234,True,
LOCAL-v1-q4-offcenter_cluster-5053,4,frozen_baseline,16,444.786850625,0.02895729208830744,16,1.0,7116.58961,True,
LOCAL-v1-q4-offcenter_cluster-5054,4,frozen_baseline,16,215.31368975,0.021736916969530284,16,1.0,3445.019036,True,
LOCAL-v1-q4-offcenter_cluster-5055,4,frozen_baseline,12,526.4659514166666,0.023404209059663117,12,1.0,6317.591417,True,
LOCAL-v1-q4-offcenter_cluster-5056,4,frozen_baseline,13,585.2484603846153,0.027499083080329,13,1.0,7608.229985,True,
LOCAL-v1-q4-offcenter_cluster-5057,4,frozen_baseline,13,549.4268897692308,0.02133633301127702,13,1.0,7142.549567,True,
LOCAL-v1-q4-offcenter_cluster-5058,4,frozen_baseline,14,452.31157328571425,0.02754837495740503,14,1.0,6332.362026,True,
LOCAL-v1-q4-offcenter_cluster-5059,4,frozen_baseline,12,548.19392775,0.027730542002245784,12,1.0,6578.327133,True,
LOCAL-v1-q4-offcenter_cluster-5060,4,frozen_baseline,11,690.9136405454545,0.022093125036917627,11,1.0,7600.050046,True,
LOCAL-v1-q4-offcenter_cluster-5061,4,frozen_baseline,13,559.1615108461539,0.022034915979020298,13,1.0,7269.099641,True,
LOCAL-v1-q4-offcenter_cluster-5062,4,frozen_baseline,16,450.4664636875,0.02511041599791497,16,1.0,7207.463419,True,
LOCAL-v1-q4-offcenter_cluster-5063,4,frozen_baseline,15,607.0805973333333,0.029414708027616143,15,1.0,9106.20896,True,
LOCAL-v1-q4-offcenter_cluster-5064,4,frozen_baseline,13,556.319937923077,0.021370082977227867,13,1.0,7232.159193,True,
LOCAL-v1-q4-offcenter_cluster-5065,4,frozen_baseline,12,496.8734886666667,0.023706958047114313,12,1.0,5962.481864,True,
LOCAL-v1-q4-offcenter_cluster-5066,4,frozen_baseline,10,583.700664,0.024547167005948722,10,1.0,5837.00664,True,
LOCAL-v1-q4-offcenter_cluster-5067,4,frozen_baseline,16,387.8321805625,0.02546691708266735,16,1.0,6205.314889,True,
LOCAL-v1-q4-offcenter_cluster-5068,4,frozen_baseline,13,542.8077469230769,0.022358709014952183,13,1.0,7056.50071,True,
LOCAL-v1-q4-offcenter_cluster-5069,4,frozen_baseline,14,470.14031814285715,0.023421499994583428,14,1.0,6581.964454,True,
LOCAL-v1-q4-offcenter_cluster-5070,4,frozen_baseline,12,502.9970166666667,0.025973708019591868,12,1.0,6035.9642,True,
LOCAL-v1-q4-offcenter_cluster-5071,4,frozen_baseline,12,533.6638696666666,0.02732654206920415,12,1.0,6403.966436,True,
LOCAL-v1-q4-offcenter_cluster-5072,4,frozen_baseline,15,437.0915660666667,0.021368207992054522,15,1.0,6556.373491,True,
LOCAL-v1-q4-offcenter_cluster-5073,4,frozen_baseline,10,570.4631521,0.025690624956041574,10,1.0,5704.631521,True,
LOCAL-v1-q4-offcenter_cluster-5074,4,frozen_baseline,16,379.6526565625,0.02376149990595877,16,1.0,6074.442505,True,
LOCAL-v1-q4-offcenter_cluster-5075,4,frozen_baseline,15,354.6249262,0.014977582963183522,15,1.0,5319.373893,True,
LOCAL-v1-q4-offcenter_cluster-5076,4,frozen_baseline,12,556.1472826666667,0.019988125073723495,12,1.0,6673.767392,True,
LOCAL-v1-q4-offcenter_cluster-5077,4,frozen_baseline,14,456.8729538571429,0.025227167061530054,14,1.0,6396.221354,True,
LOCAL-v1-q4-offcenter_cluster-5078,4,frozen_baseline,13,462.7618746923077,0.025987584027461708,13,1.0,6015.904371,True,
LOCAL-v1-q4-offcenter_cluster-5079,4,frozen_baseline,10,651.6091984,0.024509542039595544,10,1.0,6516.091984,True,
LOCAL-v1-q4-offcenter_cluster-5080,4,frozen_baseline,10,872.516996,0.019119582953862846,10,1.0,8725.16996,True,
LOCAL-v1-q4-offcenter_cluster-5081,4,frozen_baseline,16,437.36045675,0.026549041969701648,16,1.0,6997.767308,True,
LOCAL-v1-q4-offcenter_cluster-5082,4,frozen_baseline,13,509.48164599999996,0.022348124999552965,13,1.0,6623.261398,True,
LOCAL-v1-q4-offcenter_cluster-5083,4,frozen_baseline,13,535.8921517692307,0.025241625029593706,13,1.0,6966.597973,True,
LOCAL-v1-q4-offcenter_cluster-5084,4,frozen_baseline,14,484.2735963571428,0.023634458077140152,14,1.0,6779.830349,True,
LOCAL-v1-q4-offcenter_cluster-5085,4,frozen_baseline,15,422.0832366,0.024527542060241103,15,1.0,6331.248549,True,
LOCAL-v1-q4-offcenter_cluster-5086,4,frozen_baseline,12,590.04101875,0.026311249937862158,12,1.0,7080.492225,True,
LOCAL-v1-q4-offcenter_cluster-5087,4,frozen_baseline,13,481.4850986923077,0.023578124935738742,13,1.0,6259.306283,True,
LOCAL-v1-q4-offcenter_cluster-5088,4,frozen_baseline,16,479.3891645625,0.029008541954681277,16,1.0,7670.226633,True,
LOCAL-v1-q4-offcenter_cluster-5089,4,frozen_baseline,15,382.4499169333333,0.028384207980707288,15,1.0,5736.748754,True,
LOCAL-v1-q4-offcenter_cluster-5090,4,frozen_baseline,14,502.1910965,0.026788000017404556,14,1.0,7030.675351,True,
LOCAL-v1-q4-offcenter_cluster-5091,4,frozen_baseline,12,505.46121983333336,0.021698875003494322,12,1.0,6065.534638,True,
LOCAL-v1-q4-offcenter_cluster-5092,4,frozen_baseline,11,575.9646212727273,0.025393250049091876,11,1.0,6335.610834,True,
LOCAL-v1-q4-offcenter_cluster-5093,4,frozen_baseline,15,500.3392659333333,0.03092087502591312,15,1.0,7505.088989,True,
LOCAL-v1-q4-offcenter_cluster-5094,4,frozen_baseline,11,704.07499,0.02584654197562486,11,1.0,7744.82489,True,
LOCAL-v1-q4-offcenter_cluster-5095,4,frozen_baseline,10,638.4737772999999,0.020835125003941357,10,1.0,6384.737773,True,
LOCAL-v1-q4-offcenter_cluster-5096,4,frozen_baseline,14,489.84641864285715,0.02346016699448228,14,1.0,6857.849861,True,
LOCAL-v1-q4-offcenter_cluster-5097,4,frozen_baseline,13,495.8846077692308,0.025396666955202818,13,1.0,6446.499901,True,
LOCAL-v1-q4-offcenter_cluster-5098,4,frozen_baseline,16,386.203371375,0.027045958093367517,16,1.0,6179.253942,True,
LOCAL-v1-q4-offcenter_cluster-5099,4,frozen_baseline,13,497.5880863846154,0.024697375018149614,13,1.0,6468.645123,True,
LOCAL-v1-q4-origin_cluster-5000,4,frozen_baseline,11,537.478137,0.025169667089357972,11,1.0,5912.259507,True,
LOCAL-v1-q4-origin_cluster-5001,4,frozen_baseline,14,457.3009330714286,0.029130500042811036,14,1.0,6402.213063,True,
LOCAL-v1-q4-origin_cluster-5002,4,frozen_baseline,15,668.7657598000001,0.02837029192596674,15,1.0,10031.486397,True,
LOCAL-v1-q4-origin_cluster-5003,4,frozen_baseline,11,555.2701281818182,0.02103095909114927,11,1.0,6107.97141,True,
LOCAL-v1-q4-origin_cluster-5004,4,frozen_baseline,12,485.3621038333333,0.01519129192456603,12,1.0,5824.345246,True,
LOCAL-v1-q4-origin_cluster-5005,4,frozen_baseline,11,568.4062164545454,0.02349629206582904,11,1.0,6252.468381,True,
LOCAL-v1-q4-origin_cluster-5006,4,frozen_baseline,11,970.0855904545454,0.02334691700525582,11,1.0,10670.941495,True,
LOCAL-v1-q4-origin_cluster-5007,4,frozen_baseline,11,549.9029727272728,0.024146041949279606,11,1.0,6048.9327,True,
LOCAL-v1-q4-origin_cluster-5008,4,frozen_baseline,10,774.0614955,0.022807457949966192,10,1.0,7740.614955,True,
LOCAL-v1-q4-origin_cluster-5009,4,frozen_baseline,14,416.0700250714286,0.023978209006600082,14,1.0,5824.980351,True,
LOCAL-v1-q4-origin_cluster-5010,4,frozen_baseline,12,454.4510720833334,0.02503058291040361,12,1.0,5453.412865,True,
LOCAL-v1-q4-origin_cluster-5011,4,frozen_baseline,15,373.91341593333334,0.026588500011712313,15,1.0,5608.701239,True,
LOCAL-v1-q4-origin_cluster-5012,4,frozen_baseline,10,596.8811438,0.014689625008031726,10,1.0,5968.811438,True,
LOCAL-v1-q4-origin_cluster-5013,4,frozen_baseline,12,750.1786640833334,0.023094542091712356,12,1.0,9002.143969,True,
LOCAL-v1-q4-origin_cluster-5014,4,frozen_baseline,11,632.8173629090909,0.02280812500976026,11,1.0,6960.990992,True,
LOCAL-v1-q4-origin_cluster-5015,4,frozen_baseline,12,1134.5976745833334,0.022661125054582953,12,1.0,13615.172095,True,
LOCAL-v1-q4-origin_cluster-5016,4,frozen_baseline,16,440.766775875,0.025963124935515225,16,1.0,7052.268414,True,
LOCAL-v1-q4-origin_cluster-5017,4,frozen_baseline,15,654.0210014,0.029012791928835213,15,1.0,9810.315021,True,
LOCAL-v1-q4-origin_cluster-5018,4,frozen_baseline,10,809.0221442,0.023298207903280854,10,1.0,8090.221442,True,
LOCAL-v1-q4-origin_cluster-5019,4,frozen_baseline,11,524.5236689090909,0.025060791056603193,11,1.0,5769.760358,True,
LOCAL-v1-q4-origin_cluster-5020,4,frozen_baseline,16,370.7377795625,0.026437124935910106,16,1.0,5931.804473,True,
LOCAL-v1-q4-origin_cluster-5021,4,frozen_baseline,14,584.6101752857143,0.026076583075337112,14,1.0,8184.542454,True,
LOCAL-v1-q4-origin_cluster-5022,4,frozen_baseline,14,774.2261432142857,0.02752562495879829,14,1.0,10839.166005,True,
LOCAL-v1-q4-origin_cluster-5023,4,frozen_baseline,15,386.6098005333333,0.026515749981626868,15,1.0,5799.147008,True,
LOCAL-v1-q4-origin_cluster-5024,4,frozen_baseline,13,443.7103031538462,0.024352958076633513,13,1.0,5768.233941,True,
LOCAL-v1-q4-origin_cluster-5025,4,frozen_baseline,12,665.6774105833333,0.025371708092279732,12,1.0,7988.128927,True,
LOCAL-v1-q4-origin_cluster-5026,4,frozen_baseline,15,372.6855058,0.015434375032782555,15,1.0,5590.282587,True,
LOCAL-v1-q4-origin_cluster-5027,4,frozen_baseline,11,535.3460831818182,0.014721416984684765,11,1.0,5888.806915,True,
LOCAL-v1-q4-origin_cluster-5028,4,frozen_baseline,10,579.2452571,0.022674791980534792,10,1.0,5792.452571,True,
LOCAL-v1-q4-origin_cluster-5029,4,frozen_baseline,11,623.110555909091,0.025025791954249144,11,1.0,6854.216115,True,
LOCAL-v1-q4-origin_cluster-5030,4,frozen_baseline,12,684.31421975,0.025898208026774228,12,1.0,8211.770637,True,
LOCAL-v1-q4-origin_cluster-5031,4,frozen_baseline,15,635.0722845333333,0.030340165947563946,15,1.0,9526.084268,True,
LOCAL-v1-q4-origin_cluster-5032,4,frozen_baseline,11,535.858183090909,0.014920542016625404,11,1.0,5894.440014,True,
LOCAL-v1-q4-origin_cluster-5033,4,frozen_baseline,14,404.5540632857143,0.015596249955706298,14,1.0,5663.756886,True,
LOCAL-v1-q4-origin_cluster-5034,4,frozen_baseline,16,319.1179879375,0.027140167076140642,16,1.0,5105.887807,True,
LOCAL-v1-q4-origin_cluster-5035,4,frozen_baseline,10,753.9765734,0.02294762502424419,10,1.0,7539.765734,True,
LOCAL-v1-q4-origin_cluster-5036,4,frozen_baseline,15,497.97082846666666,0.028534458950161934,15,1.0,7469.562427,True,
LOCAL-v1-q4-origin_cluster-5037,4,frozen_baseline,15,537.3963145333333,0.030178291955962777,15,1.0,8060.944718,True,
LOCAL-v1-q4-origin_cluster-5038,4,frozen_baseline,16,358.8583991875,0.0285164579981938,16,1.0,5741.734387,True,
LOCAL-v1-q4-origin_cluster-5039,4,frozen_baseline,10,731.8589872,0.018715125042945147,10,1.0,7318.589872,True,
LOCAL-v1-q4-origin_cluster-5040,4,frozen_baseline,15,427.71470386666664,0.02831199998036027,15,1.0,6415.720558,True,
LOCAL-v1-q4-origin_cluster-5041,4,frozen_baseline,15,465.9171895333333,0.029730250011198223,15,1.0,6988.757843,True,
LOCAL-v1-q4-origin_cluster-5042,4,frozen_baseline,11,544.9328881818182,0.023855457897298038,11,1.0,5994.26177,True,
LOCAL-v1-q4-origin_cluster-5043,4,frozen_baseline,12,620.1974225833334,0.026206125039607286,12,1.0,7442.369071,True,
LOCAL-v1-q4-origin_cluster-5044,4,frozen_baseline,11,735.5661562727273,0.025979000027291477,11,1.0,8091.227719,True,
LOCAL-v1-q4-origin_cluster-5045,4,frozen_baseline,11,531.0278331818182,0.015297584002837539,11,1.0,5841.306165,True,
LOCAL-v1-q4-origin_cluster-5046,4,frozen_baseline,10,641.4937338,0.020578416995704174,10,1.0,6414.937338,True,
LOCAL-v1-q4-origin_cluster-5047,4,frozen_baseline,16,367.2938590625,0.01630641706287861,16,1.0,5876.701745,True,
LOCAL-v1-q4-origin_cluster-5048,4,frozen_baseline,12,482.10877766666664,0.02558054099790752,12,1.0,5785.305332,True,
LOCAL-v1-q4-origin_cluster-5049,4,frozen_baseline,10,770.3328018999999,0.022011207998730242,10,1.0,7703.328019,True,
LOCAL-v1-q4-origin_cluster-5050,4,frozen_baseline,15,417.7063406666667,0.027643666020594537,15,1.0,6265.59511,True,
LOCAL-v1-q4-origin_cluster-5051,4,frozen_baseline,11,647.4910032727273,0.02293858304619789,11,1.0,7122.401036,True,
LOCAL-v1-q4-origin_cluster-5052,4,frozen_baseline,13,457.3019177692307,0.025906166061758995,13,1.0,5944.924931,True,
LOCAL-v1-q4-origin_cluster-5053,4,frozen_baseline,16,343.052313125,0.015708083985373378,16,1.0,5488.83701,True,
LOCAL-v1-q4-origin_cluster-5054,4,frozen_baseline,16,412.10505775,0.02397316601127386,16,1.0,6593.680924,True,
LOCAL-v1-q4-origin_cluster-5055,4,frozen_baseline,12,715.2074918333333,0.026404374977573752,12,1.0,8582.489902,True,
LOCAL-v1-q4-origin_cluster-5056,4,frozen_baseline,13,559.7601974615384,0.02290850004646927,13,1.0,7276.882567,True,
LOCAL-v1-q4-origin_cluster-5057,4,frozen_baseline,13,489.05868515384617,0.025548832956701517,13,1.0,6357.762907,True,
LOCAL-v1-q4-origin_cluster-5058,4,frozen_baseline,14,454.330555,0.02848249999806285,14,1.0,6360.62777,True,
LOCAL-v1-q4-origin_cluster-5059,4,frozen_baseline,12,490.93611458333334,0.022896291920915246,12,1.0,5891.233375,True,
LOCAL-v1-q4-origin_cluster-5060,4,frozen_baseline,11,788.0851503636363,0.02241070894524455,11,1.0,8668.936654,True,
LOCAL-v1-q4-origin_cluster-5061,4,frozen_baseline,13,707.0871082307692,0.027168500004336238,13,1.0,9192.132407,True,
LOCAL-v1-q4-origin_cluster-5062,4,frozen_baseline,16,267.054686375,0.02538104192353785,16,1.0,4272.874982,True,
LOCAL-v1-q4-origin_cluster-5063,4,frozen_baseline,15,380.4762376,0.028789415955543518,15,1.0,5707.143564,True,
LOCAL-v1-q4-origin_cluster-5064,4,frozen_baseline,13,441.6883023846154,0.015682041994296014,13,1.0,5741.947931,True,
LOCAL-v1-q4-origin_cluster-5065,4,frozen_baseline,12,680.8069376666666,0.027217875001952052,12,1.0,8169.683252,True,
LOCAL-v1-q4-origin_cluster-5066,4,frozen_baseline,10,596.1934938,0.014416499994695187,10,1.0,5961.934938,True,
LOCAL-v1-q4-origin_cluster-5067,4,frozen_baseline,16,437.1210341875,0.02769775001797825,16,1.0,6993.936547,True,
LOCAL-v1-q4-origin_cluster-5068,4,frozen_baseline,13,480.88765830769233,0.023747417028062046,13,1.0,6251.539558,True,
LOCAL-v1-q4-origin_cluster-5069,4,frozen_baseline,14,638.0680617142858,0.02801466698292643,14,1.0,8932.952864,True,
LOCAL-v1-q4-origin_cluster-5070,4,frozen_baseline,12,496.5659981666667,0.020410750061273575,12,1.0,5958.791978,True,
LOCAL-v1-q4-origin_cluster-5071,4,frozen_baseline,12,492.1445376666666,0.020287583931349218,12,1.0,5905.734452,True,
LOCAL-v1-q4-origin_cluster-5072,4,frozen_baseline,15,532.8077664666666,0.02727058297023177,15,1.0,7992.116497,True,
LOCAL-v1-q4-origin_cluster-5073,4,frozen_baseline,10,599.9314863,0.02121879195328802,10,1.0,5999.314863,True,
LOCAL-v1-q4-origin_cluster-5074,4,frozen_baseline,16,198.6088086875,0.027355542057193816,16,1.0,3177.740939,True,
LOCAL-v1-q4-origin_cluster-5075,4,frozen_baseline,15,420.6197568,0.028790040989406407,15,1.0,6309.296352,True,
LOCAL-v1-q4-origin_cluster-5076,4,frozen_baseline,12,589.9915355833333,0.023504041018895805,12,1.0,7079.898427,True,
LOCAL-v1-q4-origin_cluster-5077,4,frozen_baseline,14,404.0165705,0.015575708006508648,14,1.0,5656.231987,True,
LOCAL-v1-q4-origin_cluster-5078,4,frozen_baseline,13,448.462784,0.02514837495982647,13,1.0,5830.016192,True,
LOCAL-v1-q4-origin_cluster-5079,4,frozen_baseline,10,606.3706377999999,0.022061499999836087,10,1.0,6063.706378,True,
LOCAL-v1-q4-origin_cluster-5080,4,frozen_baseline,10,915.7676152,0.020558833028189838,10,1.0,9157.676152,True,
LOCAL-v1-q4-origin_cluster-5081,4,frozen_baseline,16,283.2926990625,0.02569399995263666,16,1.0,4532.683185,True,
LOCAL-v1-q4-origin_cluster-5082,4,frozen_baseline,13,550.7325256153846,0.026694500003941357,13,1.0,7159.522833,True,
LOCAL-v1-q4-origin_cluster-5083,4,frozen_baseline,13,441.82211446153843,0.022356541943736374,13,1.0,5743.687488,True,
LOCAL-v1-q4-origin_cluster-5084,4,frozen_baseline,14,603.6027987142858,0.0273498329333961,14,1.0,8450.439182,True,
LOCAL-v1-q4-origin_cluster-5085,4,frozen_baseline,15,743.4114526666667,0.02938750002067536,15,1.0,11151.17179,True,
LOCAL-v1-q4-origin_cluster-5086,4,frozen_baseline,12,574.7301928333333,0.02531491604167968,12,1.0,6896.762314,True,
LOCAL-v1-q4-origin_cluster-5087,4,frozen_baseline,13,465.1066683846154,0.02565666602458805,13,1.0,6046.386689,True,
LOCAL-v1-q4-origin_cluster-5088,4,frozen_baseline,16,264.8919015,0.026969750062562525,16,1.0,4238.270424,True,
LOCAL-v1-q4-origin_cluster-5089,4,frozen_baseline,15,451.7174598666667,0.02522075001616031,15,1.0,6775.761898,True,
LOCAL-v1-q4-origin_cluster-5090,4,frozen_baseline,14,426.7023596428571,0.01515850005671382,14,1.0,5973.833035,True,
LOCAL-v1-q4-origin_cluster-5091,4,frozen_baseline,12,526.6118488333333,0.02603795798495412,12,1.0,6319.342186,True,
LOCAL-v1-q4-origin_cluster-5092,4,frozen_baseline,11,541.5556904545455,0.020894499961286783,11,1.0,5957.112595,True,
LOCAL-v1-q4-origin_cluster-5093,4,frozen_baseline,15,463.9962864,0.02633766597136855,15,1.0,6959.944296,True,
LOCAL-v1-q4-origin_cluster-5094,4,frozen_baseline,11,574.8254889090908,0.020816875039599836,11,1.0,6323.080378,True,
LOCAL-v1-q4-origin_cluster-5095,4,frozen_baseline,10,647.0054087999999,0.022038000053726137,10,1.0,6470.054088,True,
LOCAL-v1-q4-origin_cluster-5096,4,frozen_baseline,14,406.6349782142857,0.024414833984337747,14,1.0,5692.889695,True,
LOCAL-v1-q4-origin_cluster-5097,4,frozen_baseline,13,529.8637233076923,0.028241500025615096,13,1.0,6888.228403,True,
LOCAL-v1-q4-origin_cluster-5098,4,frozen_baseline,16,168.486084375,0.02610695897601545,16,1.0,2695.77735,True,
LOCAL-v1-q4-origin_cluster-5099,4,frozen_baseline,13,610.0044337692308,0.025584332994185388,13,1.0,7930.057639,True,
LOCAL-v1-q4-minimum_radius-5000,4,frozen_baseline,11,589.0163347272727,0.018168582930229604,11,1.0,6479.179682,True,
LOCAL-v1-q4-minimum_radius-5001,4,frozen_baseline,14,582.3437134285715,0.018631208105944097,14,1.0,8152.811988,True,
LOCAL-v1-q4-minimum_radius-5002,4,frozen_baseline,15,559.1258689333333,0.015143417054787278,15,1.0,8386.888034,True,
LOCAL-v1-q4-minimum_radius-5003,4,frozen_baseline,11,623.9808050909091,0.017063959036022425,11,1.0,6863.788856,True,
LOCAL-v1-q4-minimum_radius-5004,4,frozen_baseline,12,578.0088651666666,0.017588249989785254,12,1.0,6936.106382,True,
LOCAL-v1-q4-minimum_radius-5005,4,frozen_baseline,11,592.767598,0.017174999928101897,11,1.0,6520.443578,True,
LOCAL-v1-q4-minimum_radius-5006,4,frozen_baseline,11,661.8338373636363,0.017631290946155787,11,1.0,7280.172211,True,
LOCAL-v1-q4-minimum_radius-5007,4,frozen_baseline,11,639.3560650000001,0.02157954196445644,11,1.0,7032.916715,True,
LOCAL-v1-q4-minimum_radius-5008,4,frozen_baseline,10,770.4404447,0.015321708982810378,10,1.0,7704.404447,True,
LOCAL-v1-q4-minimum_radius-5009,4,frozen_baseline,14,500.0380727857143,0.016414041980169713,14,1.0,7000.533019,True,
LOCAL-v1-q4-minimum_radius-5010,4,frozen_baseline,12,592.2475801666667,0.01908266602549702,12,1.0,7106.970962,True,
LOCAL-v1-q4-minimum_radius-5011,4,frozen_baseline,15,463.1310016,0.017957624979317188,15,1.0,6946.965024,True,
LOCAL-v1-q4-minimum_radius-5012,4,frozen_baseline,10,694.9308259000001,0.014223749982193112,10,1.0,6949.308259,True,
LOCAL-v1-q4-minimum_radius-5013,4,frozen_baseline,12,622.3607915833334,0.014629665995016694,12,1.0,7468.329499,True,
LOCAL-v1-q4-minimum_radius-5014,4,frozen_baseline,11,641.6742276363636,0.016255583032034338,11,1.0,7058.416504,True,
LOCAL-v1-q4-minimum_radius-5015,4,frozen_baseline,12,651.2292495,0.01804445800371468,12,1.0,7814.750994,True,
LOCAL-v1-q4-minimum_radius-5016,4,frozen_baseline,16,469.674060125,0.022504957974888384,16,1.0,7514.784962,True,
LOCAL-v1-q4-minimum_radius-5017,4,frozen_baseline,15,649.0374037333333,0.017384666018188,15,1.0,9735.561056,True,
LOCAL-v1-q4-minimum_radius-5018,4,frozen_baseline,10,847.0742511000001,0.01674112502951175,10,1.0,8470.742511,True,
LOCAL-v1-q4-minimum_radius-5019,4,frozen_baseline,11,630.7730757272727,0.018334332969971,11,1.0,6938.503833,True,
LOCAL-v1-q4-minimum_radius-5020,4,frozen_baseline,16,432.4485851875,0.018378250068053603,16,1.0,6919.177363,True,
LOCAL-v1-q4-minimum_radius-5021,4,frozen_baseline,14,581.9643076428572,0.015841416898183525,14,1.0,8147.500307,True,
LOCAL-v1-q4-minimum_radius-5022,4,frozen_baseline,14,571.7434124285714,0.017816707957535982,14,1.0,8004.407774,True,
LOCAL-v1-q4-minimum_radius-5023,4,frozen_baseline,15,508.1702840666667,0.017694709007628262,15,1.0,7622.554261,True,
LOCAL-v1-q4-minimum_radius-5024,4,frozen_baseline,13,493.7628451538461,0.01639866700861603,13,1.0,6418.916987,True,
LOCAL-v1-q4-minimum_radius-5025,4,frozen_baseline,12,637.9563116666667,0.019798125023953617,12,1.0,7655.47574,True,
LOCAL-v1-q4-minimum_radius-5026,4,frozen_baseline,15,440.3084564666667,0.019505374948494136,15,1.0,6604.626847,True,
LOCAL-v1-q4-minimum_radius-5027,4,frozen_baseline,11,637.1403313636364,0.01924241695087403,11,1.0,7008.543645,True,
LOCAL-v1-q4-minimum_radius-5028,4,frozen_baseline,10,697.26672,0.01633837493136525,10,1.0,6972.6672,True,
LOCAL-v1-q4-minimum_radius-5029,4,frozen_baseline,11,643.8415403636363,0.016204999992623925,11,1.0,7082.256944,True,
LOCAL-v1-q4-minimum_radius-5030,4,frozen_baseline,12,732.5718409166667,0.018048792029730976,12,1.0,8790.862091,True,
LOCAL-v1-q4-minimum_radius-5031,4,frozen_baseline,15,549.3760040666667,0.018843290978111327,15,1.0,8240.640061,True,
LOCAL-v1-q4-minimum_radius-5032,4,frozen_baseline,11,591.7812058181818,0.017806415911763906,11,1.0,6509.593264,True,
LOCAL-v1-q4-minimum_radius-5033,4,frozen_baseline,14,456.53940057142853,0.01862354204058647,14,1.0,6391.551608,True,
LOCAL-v1-q4-minimum_radius-5034,4,frozen_baseline,16,512.0840901875,0.01843554200604558,16,1.0,8193.345443,True,
LOCAL-v1-q4-minimum_radius-5035,4,frozen_baseline,10,707.1427175,0.014886084012687206,10,1.0,7071.427175,True,
LOCAL-v1-q4-minimum_radius-5036,4,frozen_baseline,15,505.21826200000004,0.01602591690607369,15,1.0,7578.27393,True,
LOCAL-v1-q4-minimum_radius-5037,4,frozen_baseline,15,508.65194479999997,0.01720895804464817,15,1.0,7629.779172,True,
LOCAL-v1-q4-minimum_radius-5038,4,frozen_baseline,16,469.479370125,0.019993833964690566,16,1.0,7511.669922,True,
LOCAL-v1-q4-minimum_radius-5039,4,frozen_baseline,10,755.0576771,0.014656207989901304,10,1.0,7550.576771,True,
LOCAL-v1-q4-minimum_radius-5040,4,frozen_baseline,15,487.38008286666667,0.01854650001041591,15,1.0,7310.701243,True,
LOCAL-v1-q4-minimum_radius-5041,4,frozen_baseline,15,515.3234047333333,0.020857791998423636,15,1.0,7729.851071,True,
LOCAL-v1-q4-minimum_radius-5042,4,frozen_baseline,11,604.5271823636364,0.02039462502580136,11,1.0,6649.799006,True,
LOCAL-v1-q4-minimum_radius-5043,4,frozen_baseline,12,647.7890049166666,0.021872124983929098,12,1.0,7773.468059,True,
LOCAL-v1-q4-minimum_radius-5044,4,frozen_baseline,11,686.6036466363637,0.01646362489555031,11,1.0,7552.640113,True,
LOCAL-v1-q4-minimum_radius-5045,4,frozen_baseline,11,586.8105894545455,0.014390665921382606,11,1.0,6454.916484,True,
LOCAL-v1-q4-minimum_radius-5046,4,frozen_baseline,10,671.2360337,0.017271584016270936,10,1.0,6712.360337,True,
LOCAL-v1-q4-minimum_radius-5047,4,frozen_baseline,16,400.2111464375,0.022438291925936937,16,1.0,6403.378343,True,
LOCAL-v1-q4-minimum_radius-5048,4,frozen_baseline,12,578.3274572500001,0.014704540953971446,12,1.0,6939.929487,True,
LOCAL-v1-q4-minimum_radius-5049,4,frozen_baseline,10,742.4651659,0.017983291996642947,10,1.0,7424.651659,True,
LOCAL-v1-q4-minimum_radius-5050,4,frozen_baseline,15,456.9970567333333,0.017872167052701116,15,1.0,6854.955851,True,
LOCAL-v1-q4-minimum_radius-5051,4,frozen_baseline,11,669.4528150909091,0.015243542031385005,11,1.0,7363.980966,True,
LOCAL-v1-q4-minimum_radius-5052,4,frozen_baseline,13,477.1538323076923,0.019871124997735023,13,1.0,6202.99982,True,
LOCAL-v1-q4-minimum_radius-5053,4,frozen_baseline,16,429.4250185625,0.018581499927677214,16,1.0,6870.800297,True,
LOCAL-v1-q4-minimum_radius-5054,4,frozen_baseline,16,435.180371,0.019569957978092134,16,1.0,6962.885936,True,
LOCAL-v1-q4-minimum_radius-5055,4,frozen_baseline,12,717.5063819166667,0.014453458017669618,12,1.0,8610.076583,True,
LOCAL-v1-q4-minimum_radius-5056,4,frozen_baseline,13,553.5593490769231,0.016440416919067502,13,1.0,7196.271538,True,
LOCAL-v1-q4-minimum_radius-5057,4,frozen_baseline,13,538.991664923077,0.014649166958406568,13,1.0,7006.891644,True,
LOCAL-v1-q4-minimum_radius-5058,4,frozen_baseline,14,471.95111257142855,0.017195249907672405,14,1.0,6607.315576,True,
LOCAL-v1-q4-minimum_radius-5059,4,frozen_baseline,12,563.4737654166667,0.017242542002350092,12,1.0,6761.685185,True,
LOCAL-v1-q4-minimum_radius-5060,4,frozen_baseline,11,652.6999416363636,0.016714500030502677,11,1.0,7179.699358,True,
LOCAL-v1-q4-minimum_radius-5061,4,frozen_baseline,13,564.5404164615385,0.017540666973218322,13,1.0,7339.025414,True,
LOCAL-v1-q4-minimum_radius-5062,4,frozen_baseline,16,634.35456425,0.021689458983018994,16,1.0,10149.673028,True,
LOCAL-v1-q4-minimum_radius-5063,4,frozen_baseline,15,450.9688986666667,0.021574124926701188,15,1.0,6764.53348,True,
LOCAL-v1-q4-minimum_radius-5064,4,frozen_baseline,13,594.515437076923,0.018283833051100373,13,1.0,7728.700682,True,
LOCAL-v1-q4-minimum_radius-5065,4,frozen_baseline,12,623.8340245833333,0.015260582906194031,12,1.0,7486.008295,True,
LOCAL-v1-q4-minimum_radius-5066,4,frozen_baseline,10,674.7419659,0.016688791918568313,10,1.0,6747.419659,True,
LOCAL-v1-q4-minimum_radius-5067,4,frozen_baseline,16,616.0493496875,0.02055329200811684,16,1.0,9856.789595,True,
LOCAL-v1-q4-minimum_radius-5068,4,frozen_baseline,13,616.7507519230769,0.01979762502014637,13,1.0,8017.759775,True,
LOCAL-v1-q4-minimum_radius-5069,4,frozen_baseline,14,596.6862239285714,0.020762374973855913,14,1.0,8353.607135,True,
LOCAL-v1-q4-minimum_radius-5070,4,frozen_baseline,12,569.210962,0.017047417000867426,12,1.0,6830.531544,True,
LOCAL-v1-q4-minimum_radius-5071,4,frozen_baseline,12,580.5284306666666,0.0191220409469679,12,1.0,6966.341168,True,
LOCAL-v1-q4-minimum_radius-5072,4,frozen_baseline,15,526.4593461333333,0.014669416006654501,15,1.0,7896.890192,True,
LOCAL-v1-q4-minimum_radius-5073,4,frozen_baseline,10,680.3763498999999,0.015786292031407356,10,1.0,6803.763499,True,
LOCAL-v1-q4-minimum_radius-5074,4,frozen_baseline,16,442.087597625,0.021805708995088935,16,1.0,7073.401562,True,
LOCAL-v1-q4-minimum_radius-5075,4,frozen_baseline,15,493.09631893333335,0.01828954101074487,15,1.0,7396.444784,True,
LOCAL-v1-q4-minimum_radius-5076,4,frozen_baseline,12,583.8912885833333,0.020297499955631793,12,1.0,7006.695463,True,
LOCAL-v1-q4-minimum_radius-5077,4,frozen_baseline,14,489.30827907142856,0.017132375040091574,14,1.0,6850.315907,True,
LOCAL-v1-q4-minimum_radius-5078,4,frozen_baseline,13,595.3587687692308,0.01823254197370261,13,1.0,7739.663994,True,
LOCAL-v1-q4-minimum_radius-5079,4,frozen_baseline,10,663.5051642999999,0.014407332986593246,10,1.0,6635.051643,True,
LOCAL-v1-q4-minimum_radius-5080,4,frozen_baseline,10,1001.3152256,0.016619750065729022,10,1.0,10013.152256,True,
LOCAL-v1-q4-minimum_radius-5081,4,frozen_baseline,16,498.528889125,0.018170792027376592,16,1.0,7976.462226,True,
LOCAL-v1-q4-minimum_radius-5082,4,frozen_baseline,13,582.7389249230769,0.015621750033460557,13,1.0,7575.606024,True,
LOCAL-v1-q4-minimum_radius-5083,4,frozen_baseline,13,529.5071817692308,0.020532291964627802,13,1.0,6883.593363,True,
LOCAL-v1-q4-minimum_radius-5084,4,frozen_baseline,14,491.7942415714286,0.01942787505686283,14,1.0,6885.119382,True,
LOCAL-v1-q4-minimum_radius-5085,4,frozen_baseline,15,516.8972018,0.014795457944273949,15,1.0,7753.458027,True,
LOCAL-v1-q4-minimum_radius-5086,4,frozen_baseline,12,689.23719075,0.020143707981333137,12,1.0,8270.846289,True,
LOCAL-v1-q4-minimum_radius-5087,4,frozen_baseline,13,604.9800140769231,0.016195792006328702,13,1.0,7864.740183,True,
LOCAL-v1-q4-minimum_radius-5088,4,frozen_baseline,16,457.98243425,0.02165683393832296,16,1.0,7327.718948,True,
LOCAL-v1-q4-minimum_radius-5089,4,frozen_baseline,15,448.8907416,0.02170250006020069,15,1.0,6733.361124,True,
LOCAL-v1-q4-minimum_radius-5090,4,frozen_baseline,14,499.37691842857146,0.01463175006210804,14,1.0,6991.276858,True,
LOCAL-v1-q4-minimum_radius-5091,4,frozen_baseline,12,608.8420340833333,0.01795550005044788,12,1.0,7306.104409,True,
LOCAL-v1-q4-minimum_radius-5092,4,frozen_baseline,11,587.4129060909091,0.01856375008355826,11,1.0,6461.541967,True,
LOCAL-v1-q4-minimum_radius-5093,4,frozen_baseline,15,600.9343148,0.0154214589856565,15,1.0,9014.014722,True,
LOCAL-v1-q4-minimum_radius-5094,4,frozen_baseline,11,735.7504886363636,0.014605500036850572,11,1.0,8093.255375,True,
LOCAL-v1-q4-minimum_radius-5095,4,frozen_baseline,10,717.2163735,0.015621833968907595,10,1.0,7172.163735,True,
LOCAL-v1-q4-minimum_radius-5096,4,frozen_baseline,14,460.3911790714286,0.020009040948934853,14,1.0,6445.476507,True,
LOCAL-v1-q4-minimum_radius-5097,4,frozen_baseline,13,551.62608,0.019694791990332305,13,1.0,7171.13904,True,
LOCAL-v1-q4-minimum_radius-5098,4,frozen_baseline,16,424.541307875,0.017920417012646794,16,1.0,6792.660926,True,
LOCAL-v1-q4-minimum_radius-5099,4,frozen_baseline,13,632.7626849999999,0.01668699993751943,13,1.0,8225.914905,True,
LOCAL-v1-q4-exactly10_sources-5000,4,frozen_baseline,10,671.0434252,0.017759833950549364,10,1.0,6710.434252,True,
LOCAL-v1-q4-exactly10_sources-5001,4,frozen_baseline,10,911.5177035,0.014371459023095667,10,1.0,9115.177035,True,
LOCAL-v1-q4-exactly10_sources-5002,4,frozen_baseline,10,688.1548043,0.020301333046518266,10,1.0,6881.548043,True,
LOCAL-v1-q4-exactly10_sources-5003,4,frozen_baseline,10,650.0266396,0.017086084000766277,10,1.0,6500.266396,True,
LOCAL-v1-q4-exactly10_sources-5004,4,frozen_baseline,10,648.3235032,0.016971249948255718,10,1.0,6483.235032,True,
LOCAL-v1-q4-exactly10_sources-5005,4,frozen_baseline,10,643.8840677000001,0.01591695798560977,10,1.0,6438.840677,True,
LOCAL-v1-q4-exactly10_sources-5006,4,frozen_baseline,10,712.5853569,0.018114375066943467,10,1.0,7125.853569,True,
LOCAL-v1-q4-exactly10_sources-5007,4,frozen_baseline,10,648.0259352,0.017296250094659626,10,1.0,6480.259352,True,
LOCAL-v1-q4-exactly10_sources-5008,4,frozen_baseline,10,642.6012378,0.02054779208265245,10,1.0,6426.012378,True,
LOCAL-v1-q4-exactly10_sources-5009,4,frozen_baseline,10,658.3742878,0.01484629197511822,10,1.0,6583.742878,True,
LOCAL-v1-q4-exactly10_sources-5010,4,frozen_baseline,10,834.4195149999999,0.019375375006347895,10,1.0,8344.19515,True,
LOCAL-v1-q4-exactly10_sources-5011,4,frozen_baseline,10,682.0847184,0.01533308404032141,10,1.0,6820.847184,True,
LOCAL-v1-q4-exactly10_sources-5012,4,frozen_baseline,10,633.6248456000001,0.014252415974624455,10,1.0,6336.248456,True,
LOCAL-v1-q4-exactly10_sources-5013,4,frozen_baseline,10,720.8380697,0.013799542095512152,10,1.0,7208.380697,True,
LOCAL-v1-q4-exactly10_sources-5014,4,frozen_baseline,10,696.7686673000001,0.0155356660252437,10,1.0,6967.686673,True,
LOCAL-v1-q4-exactly10_sources-5015,4,frozen_baseline,10,716.5729862000001,0.020716666942462325,10,1.0,7165.729862,True,
LOCAL-v1-q4-exactly10_sources-5016,4,frozen_baseline,10,785.9380693,0.015134292072616518,10,1.0,7859.380693,True,
LOCAL-v1-q4-exactly10_sources-5017,4,frozen_baseline,10,671.9225705,0.016099083004519343,10,1.0,6719.225705,True,
LOCAL-v1-q4-exactly10_sources-5018,4,frozen_baseline,10,682.3818512,0.016403457964770496,10,1.0,6823.818512,True,
LOCAL-v1-q4-exactly10_sources-5019,4,frozen_baseline,10,690.0676284,0.014773124945349991,10,1.0,6900.676284,True,
LOCAL-v1-q4-exactly10_sources-5020,4,frozen_baseline,10,785.3370635,0.014579415903426707,10,1.0,7853.370635,True,
LOCAL-v1-q4-exactly10_sources-5021,4,frozen_baseline,10,770.6328937000001,0.014584540971554816,10,1.0,7706.328937,True,
LOCAL-v1-q4-exactly10_sources-5022,4,frozen_baseline,10,611.9208484,0.017065584077499807,10,1.0,6119.208484,True,
LOCAL-v1-q4-exactly10_sources-5023,4,frozen_baseline,10,643.0982205,0.014081415953114629,10,1.0,6430.982205,True,
LOCAL-v1-q4-exactly10_sources-5024,4,frozen_baseline,10,655.2330056,0.015435374923981726,10,1.0,6552.330056,True,
LOCAL-v1-q4-exactly10_sources-5025,4,frozen_baseline,10,649.1076032,0.017106959014199674,10,1.0,6491.076032,True,
LOCAL-v1-q4-exactly10_sources-5026,4,frozen_baseline,10,789.6218208,0.01545154198538512,10,1.0,7896.218208,True,
LOCAL-v1-q4-exactly10_sources-5027,4,frozen_baseline,10,706.686148,0.018338792026042938,10,1.0,7066.86148,True,
LOCAL-v1-q4-exactly10_sources-5028,4,frozen_baseline,10,681.2542781,0.016316833905875683,10,1.0,6812.542781,True,
LOCAL-v1-q4-exactly10_sources-5029,4,frozen_baseline,10,785.548867,0.014356875093653798,10,1.0,7855.48867,True,
LOCAL-v1-q4-exactly10_sources-5030,4,frozen_baseline,10,758.5454927,0.018043083022348583,10,1.0,7585.454927,True,
LOCAL-v1-q4-exactly10_sources-5031,4,frozen_baseline,10,670.7540905,0.018120249966159463,10,1.0,6707.540905,True,
LOCAL-v1-q4-exactly10_sources-5032,4,frozen_baseline,10,778.8802818,0.018009459017775953,10,1.0,7788.802818,True,
LOCAL-v1-q4-exactly10_sources-5033,4,frozen_baseline,10,666.0822042,0.01886874996125698,10,1.0,6660.822042,True,
LOCAL-v1-q4-exactly10_sources-5034,4,frozen_baseline,10,820.8521046,0.017189875012263656,10,1.0,8208.521046,True,
LOCAL-v1-q4-exactly10_sources-5035,4,frozen_baseline,10,741.3797736,0.016186041058972478,10,1.0,7413.797736,True,
LOCAL-v1-q4-exactly10_sources-5036,4,frozen_baseline,10,670.6954969999999,0.019567999988794327,10,1.0,6706.95497,True,
LOCAL-v1-q4-exactly10_sources-5037,4,frozen_baseline,10,659.9012696,0.016423749970272183,10,1.0,6599.012696,True,
LOCAL-v1-q4-exactly10_sources-5038,4,frozen_baseline,10,710.5436289,0.014915999956429005,10,1.0,7105.436289,True,
LOCAL-v1-q4-exactly10_sources-5039,4,frozen_baseline,10,640.9121766999999,0.020081082941032946,10,1.0,6409.121767,True,
LOCAL-v1-q4-exactly10_sources-5040,4,frozen_baseline,10,667.4227872,0.02211170899681747,10,1.0,6674.227872,True,
LOCAL-v1-q4-exactly10_sources-5041,4,frozen_baseline,10,708.2199298,0.020200083032250404,10,1.0,7082.199298,True,
LOCAL-v1-q4-exactly10_sources-5042,4,frozen_baseline,10,656.1282225,0.01687458297237754,10,1.0,6561.282225,True,
LOCAL-v1-q4-exactly10_sources-5043,4,frozen_baseline,10,724.7992234000001,0.016568124992772937,10,1.0,7247.992234,True,
LOCAL-v1-q4-exactly10_sources-5044,4,frozen_baseline,10,622.860355,0.019260625005699694,10,1.0,6228.60355,True,
LOCAL-v1-q4-exactly10_sources-5045,4,frozen_baseline,10,773.5820062,0.01798116706777364,10,1.0,7735.820062,True,
LOCAL-v1-q4-exactly10_sources-5046,4,frozen_baseline,10,746.196953,0.01654175005387515,10,1.0,7461.96953,True,
LOCAL-v1-q4-exactly10_sources-5047,4,frozen_baseline,10,625.4893479,0.016796750016510487,10,1.0,6254.893479,True,
LOCAL-v1-q4-exactly10_sources-5048,4,frozen_baseline,10,655.9382379,0.01832304208073765,10,1.0,6559.382379,True,
LOCAL-v1-q4-exactly10_sources-5049,4,frozen_baseline,10,738.5101972,0.01814937510062009,10,1.0,7385.101972,True,
LOCAL-v1-q4-exactly10_sources-5050,4,frozen_baseline,10,663.1741819,0.02098333404865116,10,1.0,6631.741819,True,
LOCAL-v1-q4-exactly10_sources-5051,4,frozen_baseline,10,919.9780203,0.015981916920281947,10,1.0,9199.780203,True,
LOCAL-v1-q4-exactly10_sources-5052,4,frozen_baseline,10,640.8601019,0.01744158403016627,10,1.0,6408.601019,True,
LOCAL-v1-q4-exactly10_sources-5053,4,frozen_baseline,10,604.1473952,0.01633066695649177,10,1.0,6041.473952,True,
LOCAL-v1-q4-exactly10_sources-5054,4,frozen_baseline,10,703.2281366999999,0.015402332996018231,10,1.0,7032.281367,True,
LOCAL-v1-q4-exactly10_sources-5055,4,frozen_baseline,10,656.4340478,0.01707941701170057,10,1.0,6564.340478,True,
LOCAL-v1-q4-exactly10_sources-5056,4,frozen_baseline,10,690.3089717,0.017019208054989576,10,1.0,6903.089717,True,
LOCAL-v1-q4-exactly10_sources-5057,4,frozen_baseline,10,623.2017702,0.017716541071422398,10,1.0,6232.017702,True,
LOCAL-v1-q4-exactly10_sources-5058,4,frozen_baseline,10,670.7002565,0.016427709022536874,10,1.0,6707.002565,True,
LOCAL-v1-q4-exactly10_sources-5059,4,frozen_baseline,10,671.6902524,0.015786458970978856,10,1.0,6716.902524,True,
LOCAL-v1-q4-exactly10_sources-5060,4,frozen_baseline,10,692.1986972,0.016830542008392513,10,1.0,6921.986972,True,
LOCAL-v1-q4-exactly10_sources-5061,4,frozen_baseline,10,638.6888495999999,0.018291749991476536,10,1.0,6386.888496,True,
LOCAL-v1-q4-exactly10_sources-5062,4,frozen_baseline,10,723.6307465,0.01566654199268669,10,1.0,7236.307465,True,
LOCAL-v1-q4-exactly10_sources-5063,4,frozen_baseline,10,674.8999372999999,0.01581737503875047,10,1.0,6748.999373,True,
LOCAL-v1-q4-exactly10_sources-5064,4,frozen_baseline,10,666.7275668,0.01777383405715227,10,1.0,6667.275668,True,
LOCAL-v1-q4-exactly10_sources-5065,4,frozen_baseline,10,668.7820767999999,0.0181971249403432,10,1.0,6687.820768,True,
LOCAL-v1-q4-exactly10_sources-5066,4,frozen_baseline,10,638.5723740999999,0.01756558392662555,10,1.0,6385.723741,True,
LOCAL-v1-q4-exactly10_sources-5067,4,frozen_baseline,10,701.0803218,0.01587925001513213,10,1.0,7010.803218,True,
LOCAL-v1-q4-exactly10_sources-5068,4,frozen_baseline,10,778.9924637,0.018898541922681034,10,1.0,7789.924637,True,
LOCAL-v1-q4-exactly10_sources-5069,4,frozen_baseline,10,692.0440835,0.01745220902375877,10,1.0,6920.440835,True,
LOCAL-v1-q4-exactly10_sources-5070,4,frozen_baseline,10,727.4718508,0.020211542025208473,10,1.0,7274.718508,True,
LOCAL-v1-q4-exactly10_sources-5071,4,frozen_baseline,10,755.127861,0.018490125075913966,10,1.0,7551.27861,True,
LOCAL-v1-q4-exactly10_sources-5072,4,frozen_baseline,10,699.8638854,0.014732124982401729,10,1.0,6998.638854,True,
LOCAL-v1-q4-exactly10_sources-5073,4,frozen_baseline,10,616.3687792,0.017174875014461577,10,1.0,6163.687792,True,
LOCAL-v1-q4-exactly10_sources-5074,4,frozen_baseline,10,670.1773965,0.019821083988063037,10,1.0,6701.773965,True,
LOCAL-v1-q4-exactly10_sources-5075,4,frozen_baseline,10,797.7073588999999,0.014142291969619691,10,1.0,7977.073589,True,
LOCAL-v1-q4-exactly10_sources-5076,4,frozen_baseline,10,675.3765684,0.016513166949152946,10,1.0,6753.765684,True,
LOCAL-v1-q4-exactly10_sources-5077,4,frozen_baseline,10,668.2577235,0.01641058293171227,10,1.0,6682.577235,True,
LOCAL-v1-q4-exactly10_sources-5078,4,frozen_baseline,10,735.6760271,0.016187666915357113,10,1.0,7356.760271,True,
LOCAL-v1-q4-exactly10_sources-5079,4,frozen_baseline,10,795.3227893999999,0.015646041021682322,10,1.0,7953.227894,True,
LOCAL-v1-q4-exactly10_sources-5080,4,frozen_baseline,10,979.1104269,0.01751416700426489,10,1.0,9791.104269,True,
LOCAL-v1-q4-exactly10_sources-5081,4,frozen_baseline,10,734.8937971,0.01678345794789493,10,1.0,7348.937971,True,
LOCAL-v1-q4-exactly10_sources-5082,4,frozen_baseline,10,662.5746224000001,0.014441750012338161,10,1.0,6625.746224,True,
LOCAL-v1-q4-exactly10_sources-5083,4,frozen_baseline,10,759.9598566,0.018018541974015534,10,1.0,7599.598566,True,
LOCAL-v1-q4-exactly10_sources-5084,4,frozen_baseline,10,679.6119903,0.018884125049225986,10,1.0,6796.119903,True,
LOCAL-v1-q4-exactly10_sources-5085,4,frozen_baseline,10,617.2711541,0.019129624939523637,10,1.0,6172.711541,True,
LOCAL-v1-q4-exactly10_sources-5086,4,frozen_baseline,10,848.8439908,0.015836082980968058,10,1.0,8488.439908,True,
LOCAL-v1-q4-exactly10_sources-5087,4,frozen_baseline,10,719.3654153,0.014081250061281025,10,1.0,7193.654153,True,
LOCAL-v1-q4-exactly10_sources-5088,4,frozen_baseline,10,735.2237656,0.017151125008240342,10,1.0,7352.237656,True,
LOCAL-v1-q4-exactly10_sources-5089,4,frozen_baseline,10,680.759551,0.01451245800126344,10,1.0,6807.59551,True,
LOCAL-v1-q4-exactly10_sources-5090,4,frozen_baseline,10,887.8488345,0.014981375075876713,10,1.0,8878.488345,True,
LOCAL-v1-q4-exactly10_sources-5091,4,frozen_baseline,10,633.2217162,0.015203625080175698,10,1.0,6332.217162,True,
LOCAL-v1-q4-exactly10_sources-5092,4,frozen_baseline,10,720.4875096,0.02006324997637421,10,1.0,7204.875096,True,
LOCAL-v1-q4-exactly10_sources-5093,4,frozen_baseline,10,690.4676428,0.0159446659963578,10,1.0,6904.676428,True,
LOCAL-v1-q4-exactly10_sources-5094,4,frozen_baseline,10,770.2584858,0.017637999961152673,10,1.0,7702.584858,True,
LOCAL-v1-q4-exactly10_sources-5095,4,frozen_baseline,10,658.8989966,0.018927374971099198,10,1.0,6588.989966,True,
LOCAL-v1-q4-exactly10_sources-5096,4,frozen_baseline,10,649.8586338,0.014994417084380984,10,1.0,6498.586338,True,
LOCAL-v1-q4-exactly10_sources-5097,4,frozen_baseline,10,749.9669630999999,0.01716391695663333,10,1.0,7499.669631,True,
LOCAL-v1-q4-exactly10_sources-5098,4,frozen_baseline,10,686.6663371,0.015282334061339498,10,1.0,6866.663371,True,
LOCAL-v1-q4-exactly10_sources-5099,4,frozen_baseline,10,685.1521813,0.018176875077188015,10,1.0,6851.521813,True,
LOCAL-v1-q4-exactly16_sources-5000,4,frozen_baseline,16,402.1013701875,0.02020758402068168,16,1.0,6433.621923,True,
LOCAL-v1-q4-exactly16_sources-5001,4,frozen_baseline,16,519.3403688125,0.019822792033664882,16,1.0,8309.445901,True,
LOCAL-v1-q4-exactly16_sources-5002,4,frozen_baseline,16,454.8554558125,0.0175918749300763,16,1.0,7277.687293,True,
LOCAL-v1-q4-exactly16_sources-5003,4,frozen_baseline,16,402.525651625,0.023892750032246113,16,1.0,6440.410426,True,
LOCAL-v1-q4-exactly16_sources-5004,4,frozen_baseline,16,349.43890175,0.02253995800856501,16,1.0,5591.022428,True,
LOCAL-v1-q4-exactly16_sources-5005,4,frozen_baseline,16,392.3566559375,0.023557625012472272,16,1.0,6277.706495,True,
LOCAL-v1-q4-exactly16_sources-5006,4,frozen_baseline,16,437.0646496875,0.018641999922692776,16,1.0,6993.034395,True,
LOCAL-v1-q4-exactly16_sources-5007,4,frozen_baseline,16,396.2253811875,0.02465383301023394,16,1.0,6339.606099,True,
LOCAL-v1-q4-exactly16_sources-5008,4,frozen_baseline,16,413.78917925,0.03282329090870917,16,1.0,6620.626868,True,
LOCAL-v1-q4-exactly16_sources-5009,4,frozen_baseline,16,429.93582225,0.01681916695088148,16,1.0,6878.973156,True,
LOCAL-v1-q4-exactly16_sources-5010,4,frozen_baseline,16,519.27757125,0.023175542009994388,16,1.0,8308.44114,True,
LOCAL-v1-q4-exactly16_sources-5011,4,frozen_baseline,16,465.5699156875,0.017430582898668945,16,1.0,7449.118651,True,
LOCAL-v1-q4-exactly16_sources-5012,4,frozen_baseline,16,410.8678796875,0.019704582984559238,16,1.0,6573.886075,True,
LOCAL-v1-q4-exactly16_sources-5013,4,frozen_baseline,16,468.8059315625,0.021513957995921373,16,1.0,7500.894905,True,
LOCAL-v1-q4-exactly16_sources-5014,4,frozen_baseline,16,429.7740915625,0.01723166706506163,16,1.0,6876.385465,True,
LOCAL-v1-q4-exactly16_sources-5015,4,frozen_baseline,16,446.882508125,0.01971454208251089,16,1.0,7150.12013,True,
LOCAL-v1-q4-exactly16_sources-5016,4,frozen_baseline,16,401.793748375,0.019027207978069782,16,1.0,6428.699974,True,
LOCAL-v1-q4-exactly16_sources-5017,4,frozen_baseline,16,368.114695125,0.016261667013168335,16,1.0,5889.835122,True,
LOCAL-v1-q4-exactly16_sources-5018,4,frozen_baseline,16,422.9313103125,0.023825000040233135,16,1.0,6766.900965,True,
LOCAL-v1-q4-exactly16_sources-5019,4,frozen_baseline,16,419.9049589375,0.022260500001721084,16,1.0,6718.479343,True,
LOCAL-v1-q4-exactly16_sources-5020,4,frozen_baseline,16,453.95744875,0.01675612502731383,16,1.0,7263.31918,True,
LOCAL-v1-q4-exactly16_sources-5021,4,frozen_baseline,16,585.574643125,0.018574542016722262,16,1.0,9369.19429,True,
LOCAL-v1-q4-exactly16_sources-5022,4,frozen_baseline,16,417.233901125,0.01837383396923542,16,1.0,6675.742418,True,
LOCAL-v1-q4-exactly16_sources-5023,4,frozen_baseline,16,340.222854,0.021369082969613373,16,1.0,5443.565664,True,
LOCAL-v1-q4-exactly16_sources-5024,4,frozen_baseline,16,526.3092681875,0.016272625070996583,16,1.0,8420.948291,True,
LOCAL-v1-q4-exactly16_sources-5025,4,frozen_baseline,16,443.5629875625,0.020479375030845404,16,1.0,7097.007801,True,
LOCAL-v1-q4-exactly16_sources-5026,4,frozen_baseline,16,442.3542544375,0.018834874965250492,16,1.0,7077.668071,True,
LOCAL-v1-q4-exactly16_sources-5027,4,frozen_baseline,16,400.672512875,0.023868125048466027,16,1.0,6410.760206,True,
LOCAL-v1-q4-exactly16_sources-5028,4,frozen_baseline,16,428.6942969375,0.018859916948713362,16,1.0,6859.108751,True,
LOCAL-v1-q4-exactly16_sources-5029,4,frozen_baseline,16,481.567630375,0.015269625000655651,16,1.0,7705.082086,True,
LOCAL-v1-q4-exactly16_sources-5030,4,frozen_baseline,16,478.822739,0.021718791918829083,16,1.0,7661.163824,True,
LOCAL-v1-q4-exactly16_sources-5031,4,frozen_baseline,16,460.5649975,0.022184583940543234,16,1.0,7369.03996,True,
LOCAL-v1-q4-exactly16_sources-5032,4,frozen_baseline,16,408.24621225,0.01640750002115965,16,1.0,6531.939396,True,
LOCAL-v1-q4-exactly16_sources-5033,4,frozen_baseline,16,515.44080375,0.02033874997869134,16,1.0,8247.05286,True,
LOCAL-v1-q4-exactly16_sources-5034,4,frozen_baseline,16,490.203628625,0.019635791890323162,16,1.0,7843.258058,True,
LOCAL-v1-q4-exactly16_sources-5035,4,frozen_baseline,16,462.0743438125,0.021696959040127695,16,1.0,7393.189501,True,
LOCAL-v1-q4-exactly16_sources-5036,4,frozen_baseline,16,411.37428275,0.019834958016872406,16,1.0,6581.988524,True,
LOCAL-v1-q4-exactly16_sources-5037,4,frozen_baseline,16,384.8575881875,0.022743542096577585,16,1.0,6157.721411,True,
LOCAL-v1-q4-exactly16_sources-5038,4,frozen_baseline,16,410.1532484375,0.019264417001977563,16,1.0,6562.451975,True,
LOCAL-v1-q4-exactly16_sources-5039,4,frozen_baseline,16,458.2751129375,0.0323219170095399,16,1.0,7332.401807,True,
LOCAL-v1-q4-exactly16_sources-5040,4,frozen_baseline,16,424.50246325,0.017495041945949197,16,1.0,6792.039412,True,
LOCAL-v1-q4-exactly16_sources-5041,4,frozen_baseline,16,653.604106375,0.024139082990586758,16,1.0,10457.665702,True,
LOCAL-v1-q4-exactly16_sources-5042,4,frozen_baseline,16,417.8894756875,0.02085879200603813,16,1.0,6686.231611,True,
LOCAL-v1-q4-exactly16_sources-5043,4,frozen_baseline,16,532.3388430625,0.019395583076402545,16,1.0,8517.421489,True,
LOCAL-v1-q4-exactly16_sources-5044,4,frozen_baseline,16,369.6027869375,0.019320957944728434,16,1.0,5913.644591,True,
LOCAL-v1-q4-exactly16_sources-5045,4,frozen_baseline,16,438.8543236875,0.020914708962664008,16,1.0,7021.669179,True,
LOCAL-v1-q4-exactly16_sources-5046,4,frozen_baseline,16,362.1156493125,0.022707542055286467,16,1.0,5793.850389,True,
LOCAL-v1-q4-exactly16_sources-5047,4,frozen_baseline,16,392.92408325,0.022529541980475187,16,1.0,6286.785332,True,
LOCAL-v1-q4-exactly16_sources-5048,4,frozen_baseline,16,396.5297623125,0.017525041941553354,16,1.0,6344.476197,True,
LOCAL-v1-q4-exactly16_sources-5049,4,frozen_baseline,16,623.7849384375,0.018595749977976084,16,1.0,9980.559015,True,
LOCAL-v1-q4-exactly16_sources-5050,4,frozen_baseline,16,455.1278066875,0.016881125047802925,16,1.0,7282.044907,True,
LOCAL-v1-q4-exactly16_sources-5051,4,frozen_baseline,16,390.2329958125,0.01709595904685557,16,1.0,6243.727933,True,
LOCAL-v1-q4-exactly16_sources-5052,4,frozen_baseline,16,428.984941125,0.02215579093899578,16,1.0,6863.759058,True,
LOCAL-v1-q4-exactly16_sources-5053,4,frozen_baseline,16,413.3526328125,0.020459208986721933,16,1.0,6613.642125,True,
LOCAL-v1-q4-exactly16_sources-5054,4,frozen_baseline,16,420.4218415625,0.020119416993111372,16,1.0,6726.749465,True,
LOCAL-v1-q4-exactly16_sources-5055,4,frozen_baseline,16,423.63115125,0.02090695791412145,16,1.0,6778.09842,True,
LOCAL-v1-q4-exactly16_sources-5056,4,frozen_baseline,16,505.0171175,0.019786125048995018,16,1.0,8080.27388,True,
LOCAL-v1-q4-exactly16_sources-5057,4,frozen_baseline,16,431.5847945,0.018287417013198137,16,1.0,6905.356712,True,
LOCAL-v1-q4-exactly16_sources-5058,4,frozen_baseline,16,430.9353013125,0.018324124976061285,16,1.0,6894.964821,True,
LOCAL-v1-q4-exactly16_sources-5059,4,frozen_baseline,16,410.3773650625,0.019247082993388176,16,1.0,6566.037841,True,
LOCAL-v1-q4-exactly16_sources-5060,4,frozen_baseline,16,428.188308,0.01737362495623529,16,1.0,6851.012928,True,
LOCAL-v1-q4-exactly16_sources-5061,4,frozen_baseline,16,421.7442746875,0.016737166908569634,16,1.0,6747.908395,True,
LOCAL-v1-q4-exactly16_sources-5062,4,frozen_baseline,16,620.640057,0.022019834024831653,16,1.0,9930.240912,True,
LOCAL-v1-q4-exactly16_sources-5063,4,frozen_baseline,16,527.7486560625,0.021635457989759743,16,1.0,8443.978497,True,
LOCAL-v1-q4-exactly16_sources-5064,4,frozen_baseline,16,463.852335875,0.015479083056561649,16,1.0,7421.637374,True,
LOCAL-v1-q4-exactly16_sources-5065,4,frozen_baseline,16,411.814636,0.01961370906792581,16,1.0,6589.034176,True,
LOCAL-v1-q4-exactly16_sources-5066,4,frozen_baseline,16,428.6818866875,0.018646624987013638,16,1.0,6858.910187,True,
LOCAL-v1-q4-exactly16_sources-5067,4,frozen_baseline,16,437.9762419375,0.020988042000681162,16,1.0,7007.619871,True,
LOCAL-v1-q4-exactly16_sources-5068,4,frozen_baseline,16,437.514963125,0.017551791039295495,16,1.0,7000.23941,True,
LOCAL-v1-q4-exactly16_sources-5069,4,frozen_baseline,16,482.990475,0.024732791003771126,16,1.0,7727.8476,True,
LOCAL-v1-q4-exactly16_sources-5070,4,frozen_baseline,16,510.6438135625,0.022701708017848432,16,1.0,8170.301017,True,
LOCAL-v1-q4-exactly16_sources-5071,4,frozen_baseline,16,403.6367899375,0.01803470798768103,16,1.0,6458.188639,True,
LOCAL-v1-q4-exactly16_sources-5072,4,frozen_baseline,16,396.83918175,0.020658207940869033,16,1.0,6349.426908,True,
LOCAL-v1-q4-exactly16_sources-5073,4,frozen_baseline,16,442.2456985,0.02128512493800372,16,1.0,7075.931176,True,
LOCAL-v1-q4-exactly16_sources-5074,4,frozen_baseline,16,421.9096605625,0.021101832971908152,16,1.0,6750.554569,True,
LOCAL-v1-q4-exactly16_sources-5075,4,frozen_baseline,16,400.1153016875,0.022704333998262882,16,1.0,6401.844827,True,
LOCAL-v1-q4-exactly16_sources-5076,4,frozen_baseline,16,385.7701101875,0.023099167039617896,16,1.0,6172.321763,True,
LOCAL-v1-q4-exactly16_sources-5077,4,frozen_baseline,16,463.5957270625,0.01675925008021295,16,1.0,7417.531633,True,
LOCAL-v1-q4-exactly16_sources-5078,4,frozen_baseline,16,458.2685925625,0.017352583003230393,16,1.0,7332.297481,True,
LOCAL-v1-q4-exactly16_sources-5079,4,frozen_baseline,16,474.0659999375,0.01935145806055516,16,1.0,7585.055999,True,
LOCAL-v1-q4-exactly16_sources-5080,4,frozen_baseline,16,425.2337536875,0.018784666899591684,16,1.0,6803.740059,True,
LOCAL-v1-q4-exactly16_sources-5081,4,frozen_baseline,16,472.6885008125,0.01909033302217722,16,1.0,7563.016013,True,
LOCAL-v1-q4-exactly16_sources-5082,4,frozen_baseline,16,426.080998,0.01639683300163597,16,1.0,6817.295968,True,
LOCAL-v1-q4-exactly16_sources-5083,4,frozen_baseline,16,455.73564525,0.022060499992221594,16,1.0,7291.770324,True,
LOCAL-v1-q4-exactly16_sources-5084,4,frozen_baseline,16,513.073906875,0.018738790997304022,16,1.0,8209.18251,True,
LOCAL-v1-q4-exactly16_sources-5085,4,frozen_baseline,16,370.699006125,0.020123875001445413,16,1.0,5931.184098,True,
LOCAL-v1-q4-exactly16_sources-5086,4,frozen_baseline,16,381.5230615,0.018954875064082444,16,1.0,6104.368984,True,
LOCAL-v1-q4-exactly16_sources-5087,4,frozen_baseline,16,377.557588125,0.020809332956559956,16,1.0,6040.92141,True,
LOCAL-v1-q4-exactly16_sources-5088,4,frozen_baseline,16,493.202377875,0.022189833922311664,16,1.0,7891.238046,True,
LOCAL-v1-q4-exactly16_sources-5089,4,frozen_baseline,16,452.2476994375,0.016881917021237314,16,1.0,7235.963191,True,
LOCAL-v1-q4-exactly16_sources-5090,4,frozen_baseline,16,492.8834214375,0.01793845894280821,16,1.0,7886.134743,True,
LOCAL-v1-q4-exactly16_sources-5091,4,frozen_baseline,16,481.077142,0.0223447079770267,16,1.0,7697.234272,True,
LOCAL-v1-q4-exactly16_sources-5092,4,frozen_baseline,16,427.7845094375,0.016917541972361505,16,1.0,6844.552151,True,
LOCAL-v1-q4-exactly16_sources-5093,4,frozen_baseline,16,428.4136845,0.020242166006937623,16,1.0,6854.618952,True,
LOCAL-v1-q4-exactly16_sources-5094,4,frozen_baseline,16,449.2184115,0.02183074993081391,16,1.0,7187.494584,True,
LOCAL-v1-q4-exactly16_sources-5095,4,frozen_baseline,16,380.312429625,0.021875333040952682,16,1.0,6084.998874,True,
LOCAL-v1-q4-exactly16_sources-5096,4,frozen_baseline,16,453.5694424375,0.01894858293235302,16,1.0,7257.111079,True,
LOCAL-v1-q4-exactly16_sources-5097,4,frozen_baseline,16,471.2353393125,0.02017495804466307,16,1.0,7539.765429,True,
LOCAL-v1-q4-exactly16_sources-5098,4,frozen_baseline,16,406.7532150625,0.01888058299664408,16,1.0,6508.051441,True,
LOCAL-v1-q4-exactly16_sources-5099,4,frozen_baseline,16,394.128529,0.022085250006057322,16,1.0,6306.056464,True,
LOCAL-v1-q3-reference_assumed-5000,3,candidate,11,309.5461651818182,0.002196208108216524,11,1.0,3405.007817,True,
LOCAL-v1-q3-reference_assumed-5001,3,candidate,14,238.9189832142857,0.0034706660080701113,14,1.0,3344.865765,True,
LOCAL-v1-q3-reference_assumed-5002,3,candidate,15,208.78398793333332,0.0031612090533599257,15,1.0,3131.759819,True,
LOCAL-v1-q3-reference_assumed-5003,3,candidate,11,257.8936300909091,0.0021798330126330256,11,1.0,2836.829931,True,
LOCAL-v1-q3-reference_assumed-5004,3,candidate,12,279.02061833333335,0.0019290840718895197,12,1.0,3348.24742,True,
LOCAL-v1-q3-reference_assumed-5005,3,candidate,11,308.7714099090909,0.0018838329706341028,11,1.0,3396.485509,True,
LOCAL-v1-q3-reference_assumed-5006,3,candidate,11,310.11622018181816,0.0020661670714616776,11,1.0,3411.278422,True,
LOCAL-v1-q3-reference_assumed-5007,3,candidate,11,289.077638,0.0016384170157834888,11,1.0,3179.854018,True,
LOCAL-v1-q3-reference_assumed-5008,3,candidate,10,281.217934,0.0022490830160677433,10,1.0,2812.17934,True,
LOCAL-v1-q3-reference_assumed-5009,3,candidate,14,208.93094285714284,0.0028771249344572425,14,1.0,2925.0332,True,
LOCAL-v1-q3-reference_assumed-5010,3,candidate,12,227.95537133333335,0.0034079579636454582,12,1.0,2735.464456,True,
LOCAL-v1-q3-reference_assumed-5011,3,candidate,15,280.6032697333333,0.002518499968573451,15,1.0,4209.049046,True,
LOCAL-v1-q3-reference_assumed-5012,3,candidate,10,302.94189470000003,0.0014799999771639705,10,1.0,3029.418947,True,
LOCAL-v1-q3-reference_assumed-5013,3,candidate,12,272.677238,0.0020629579667001963,12,1.0,3272.126856,True,
LOCAL-v1-q3-reference_assumed-5014,3,candidate,11,281.2056780909091,0.002295333077199757,11,1.0,3093.262459,True,
LOCAL-v1-q3-reference_assumed-5015,3,candidate,12,240.92508075,0.002602208056487143,12,1.0,2891.100969,True,
LOCAL-v1-q3-reference_assumed-5016,3,candidate,16,230.2089011875,0.0034806670155376196,16,1.0,3683.342419,True,
LOCAL-v1-q3-reference_assumed-5017,3,candidate,15,242.45309586666664,0.003436416038312018,15,1.0,3636.796438,True,
LOCAL-v1-q3-reference_assumed-5018,3,candidate,10,308.2348475,0.001865167054347694,10,1.0,3082.348475,True,
LOCAL-v1-q3-reference_assumed-5019,3,candidate,11,314.7376724545454,0.0021799999522045255,11,1.0,3462.114397,True,
LOCAL-v1-q3-reference_assumed-5020,3,candidate,16,206.5804990625,0.003999041975475848,16,1.0,3305.287985,True,
LOCAL-v1-q3-reference_assumed-5021,3,candidate,14,267.68017385714285,0.002444957965053618,14,1.0,3747.522434,True,
LOCAL-v1-q3-reference_assumed-5022,3,candidate,14,215.77146,0.0034872079268097878,14,1.0,3020.80044,True,
LOCAL-v1-q3-reference_assumed-5023,3,candidate,15,212.15317186666667,0.0033937080297619104,15,1.0,3182.297578,True,
LOCAL-v1-q3-reference_assumed-5024,3,candidate,13,258.1239486153846,0.002798084053210914,13,1.0,3355.611332,True,
LOCAL-v1-q3-reference_assumed-5025,3,candidate,12,277.9596226666667,0.0026492500910535455,12,1.0,3335.515472,True,
LOCAL-v1-q3-reference_assumed-5026,3,candidate,15,228.91106573333334,0.0020186250330880284,15,1.0,3433.665986,True,
LOCAL-v1-q3-reference_assumed-5027,3,candidate,11,327.14476127272724,0.0014310419792309403,11,1.0,3598.592374,True,
LOCAL-v1-q3-reference_assumed-5028,3,candidate,10,292.6655353,0.0017421669326722622,10,1.0,2926.655353,True,
LOCAL-v1-q3-reference_assumed-5029,3,candidate,11,272.1152130909091,0.0017068750457838178,11,1.0,2993.267344,True,
LOCAL-v1-q3-reference_assumed-5030,3,candidate,12,225.85017583333334,0.001997958985157311,12,1.0,2710.20211,True,
LOCAL-v1-q3-reference_assumed-5031,3,candidate,15,206.49531993333332,0.004173791967332363,15,1.0,3097.429799,True,
LOCAL-v1-q3-reference_assumed-5032,3,candidate,11,279.38776245454545,0.0024388330057263374,11,1.0,3073.265387,True,
LOCAL-v1-q3-reference_assumed-5033,3,candidate,14,242.42613807142857,0.003542916034348309,14,1.0,3393.965933,True,
LOCAL-v1-q3-reference_assumed-5034,3,candidate,16,205.1329733125,0.004793708096258342,16,1.0,3282.127573,True,
LOCAL-v1-q3-reference_assumed-5035,3,candidate,10,318.9687982,0.002061709063127637,10,1.0,3189.687982,True,
LOCAL-v1-q3-reference_assumed-5036,3,candidate,15,215.4359094,0.0038975420175120234,15,1.0,3231.538641,True,
LOCAL-v1-q3-reference_assumed-5037,3,candidate,15,218.34172046666666,0.003152125049382448,15,1.0,3275.125807,True,
LOCAL-v1-q3-reference_assumed-5038,3,candidate,16,198.652607375,0.004265374969691038,16,1.0,3178.441718,True,
LOCAL-v1-q3-reference_assumed-5039,3,candidate,10,323.7954732,0.0019288749899715185,10,1.0,3237.954732,True,
LOCAL-v1-q3-reference_assumed-5040,3,candidate,15,239.29219393333332,0.002878583036363125,15,1.0,3589.382909,True,
LOCAL-v1-q3-reference_assumed-5041,3,candidate,15,221.18153333333333,0.003287792089395225,15,1.0,3317.723,True,
LOCAL-v1-q3-reference_assumed-5042,3,candidate,11,282.74879327272726,0.001693541998974979,11,1.0,3110.236726,True,
LOCAL-v1-q3-reference_assumed-5043,3,candidate,12,276.1990528333333,0.0031404170440509915,12,1.0,3314.388634,True,
LOCAL-v1-q3-reference_assumed-5044,3,candidate,11,295.95584745454545,0.0018838749965652823,11,1.0,3255.514322,True,
LOCAL-v1-q3-reference_assumed-5045,3,candidate,11,275.6763682727273,0.0028915000148117542,11,1.0,3032.440051,True,
LOCAL-v1-q3-reference_assumed-5046,3,candidate,10,266.4829653,0.0019781250739470124,10,1.0,2664.829653,True,
LOCAL-v1-q3-reference_assumed-5047,3,candidate,16,220.931751,0.0031496250303462148,16,1.0,3534.908016,True,
LOCAL-v1-q3-reference_assumed-5048,3,candidate,12,249.514994,0.002034249948337674,12,1.0,2994.179928,True,
LOCAL-v1-q3-reference_assumed-5049,3,candidate,10,312.5239291,0.0014966250164434314,10,1.0,3125.239291,True,
LOCAL-v1-q3-reference_assumed-5050,3,candidate,15,246.1535122666667,0.0032895839540287852,15,1.0,3692.302684,True,
LOCAL-v1-q3-reference_assumed-5051,3,candidate,11,300.8832881818182,0.001550957909785211,11,1.0,3309.71617,True,
LOCAL-v1-q3-reference_assumed-5052,3,candidate,13,227.86006092307693,0.002747249905951321,13,1.0,2962.180792,True,
LOCAL-v1-q3-reference_assumed-5053,3,candidate,16,253.1448624375,0.0025308330077677965,16,1.0,4050.317799,True,
LOCAL-v1-q3-reference_assumed-5054,3,candidate,16,259.5072463125,0.0029230420477688313,16,1.0,4152.115941,True,
LOCAL-v1-q3-reference_assumed-5055,3,candidate,12,266.86853816666667,0.002170874970033765,12,1.0,3202.422458,True,
LOCAL-v1-q3-reference_assumed-5056,3,candidate,13,238.48059661538463,0.002380541991442442,13,1.0,3100.247756,True,
LOCAL-v1-q3-reference_assumed-5057,3,candidate,13,280.4585966923077,0.0020700840977951884,13,1.0,3645.961757,True,
LOCAL-v1-q3-reference_assumed-5058,3,candidate,14,242.32890635714284,0.002594207995571196,14,1.0,3392.604689,True,
LOCAL-v1-q3-reference_assumed-5059,3,candidate,12,301.7646849166667,0.001970625016838312,12,1.0,3621.176219,True,
LOCAL-v1-q3-reference_assumed-5060,3,candidate,11,275.17751300000003,0.002345541026443243,11,1.0,3026.952643,True,
LOCAL-v1-q3-reference_assumed-5061,3,candidate,13,243.38364438461537,0.002393792034126818,13,1.0,3163.987377,True,
LOCAL-v1-q3-reference_assumed-5062,3,candidate,16,224.314898125,0.00381016603205353,16,1.0,3589.03837,True,
LOCAL-v1-q3-reference_assumed-5063,3,candidate,15,236.59223213333334,0.002522040973417461,15,1.0,3548.883482,True,
LOCAL-v1-q3-reference_assumed-5064,3,candidate,13,273.8137503076923,0.0024034579982981086,13,1.0,3559.578754,True,
LOCAL-v1-q3-reference_assumed-5065,3,candidate,12,277.8241255,0.0022267079912126064,12,1.0,3333.889506,True,
LOCAL-v1-q3-reference_assumed-5066,3,candidate,10,308.05466540000003,0.0016274170484393835,10,1.0,3080.546654,True,
LOCAL-v1-q3-reference_assumed-5067,3,candidate,16,232.7596325,0.0036237919703125954,16,1.0,3724.15412,True,
LOCAL-v1-q3-reference_assumed-5068,3,candidate,13,212.33627561538464,0.0026773749850690365,13,1.0,2760.371583,True,
LOCAL-v1-q3-reference_assumed-5069,3,candidate,14,222.4201620714286,0.00354345899540931,14,1.0,3113.882269,True,
LOCAL-v1-q3-reference_assumed-5070,3,candidate,12,271.64773633333334,0.0019935829332098365,12,1.0,3259.772836,True,
LOCAL-v1-q3-reference_assumed-5071,3,candidate,12,277.06757875,0.002270416938699782,12,1.0,3324.810945,True,
LOCAL-v1-q3-reference_assumed-5072,3,candidate,15,211.62318273333332,0.0032029160065576434,15,1.0,3174.347741,True,
LOCAL-v1-q3-reference_assumed-5073,3,candidate,10,274.8166479,0.0018990000244230032,10,1.0,2748.166479,True,
LOCAL-v1-q3-reference_assumed-5074,3,candidate,16,230.32299225,0.0038696249248459935,16,1.0,3685.167876,True,
LOCAL-v1-q3-reference_assumed-5075,3,candidate,15,216.8712558,0.0033771669259294868,15,1.0,3253.068837,True,
LOCAL-v1-q3-reference_assumed-5076,3,candidate,12,230.17641658333332,0.0024150829995051026,12,1.0,2762.116999,True,
LOCAL-v1-q3-reference_assumed-5077,3,candidate,14,244.2618642142857,0.0030726250261068344,14,1.0,3419.666099,True,
LOCAL-v1-q3-reference_assumed-5078,3,candidate,13,260.0929753846154,0.002537042018957436,13,1.0,3381.20868,True,
LOCAL-v1-q3-reference_assumed-5079,3,candidate,10,300.33743519999996,0.0016770000802353024,10,1.0,3003.374352,True,
LOCAL-v1-q3-reference_assumed-5080,3,candidate,10,276.9775855,0.0021577500738203526,10,1.0,2769.775855,True,
LOCAL-v1-q3-reference_assumed-5081,3,candidate,16,234.2786388125,0.003706375020556152,16,1.0,3748.458221,True,
LOCAL-v1-q3-reference_assumed-5082,3,candidate,13,245.7093476923077,0.0020392080768942833,13,1.0,3194.22152,True,
LOCAL-v1-q3-reference_assumed-5083,3,candidate,13,252.15663907692308,0.002097874996252358,13,1.0,3278.036308,True,
LOCAL-v1-q3-reference_assumed-5084,3,candidate,14,249.38132199999998,0.002735625021159649,14,1.0,3491.338508,True,
LOCAL-v1-q3-reference_assumed-5085,3,candidate,15,250.88713226666667,0.003001249977387488,15,1.0,3763.306984,True,
LOCAL-v1-q3-reference_assumed-5086,3,candidate,12,281.4646784166667,0.002352833980694413,12,1.0,3377.576141,True,
LOCAL-v1-q3-reference_assumed-5087,3,candidate,13,223.0093627692308,0.003094000043347478,13,1.0,2899.121716,True,
LOCAL-v1-q3-reference_assumed-5088,3,candidate,16,203.0990889375,0.0033773749601095915,16,1.0,3249.585423,True,
LOCAL-v1-q3-reference_assumed-5089,3,candidate,15,231.62601686666667,0.003486249945126474,15,1.0,3474.390253,True,
LOCAL-v1-q3-reference_assumed-5090,3,candidate,14,231.9549847857143,0.003953875042498112,14,1.0,3247.369787,True,
LOCAL-v1-q3-reference_assumed-5091,3,candidate,12,276.210169,0.00270641699898988,12,1.0,3314.522028,True,
LOCAL-v1-q3-reference_assumed-5092,3,candidate,11,235.98866181818184,0.0023620000574737787,11,1.0,2595.87528,True,
LOCAL-v1-q3-reference_assumed-5093,3,candidate,15,254.13070580000002,0.002420583041384816,15,1.0,3811.960587,True,
LOCAL-v1-q3-reference_assumed-5094,3,candidate,11,276.8490863636364,0.0018178330501541495,11,1.0,3045.33995,True,
LOCAL-v1-q3-reference_assumed-5095,3,candidate,10,285.731228,0.0020907499128952622,10,1.0,2857.31228,True,
LOCAL-v1-q3-reference_assumed-5096,3,candidate,14,254.78382935714285,0.0020563339348882437,14,1.0,3566.973611,True,
LOCAL-v1-q3-reference_assumed-5097,3,candidate,13,264.59859146153843,0.002791958046145737,13,1.0,3439.781689,True,
LOCAL-v1-q3-reference_assumed-5098,3,candidate,16,228.75962375,0.0029398329788818955,16,1.0,3660.15398,True,
LOCAL-v1-q3-reference_assumed-5099,3,candidate,13,246.81339984615383,0.0022408749209716916,13,1.0,3208.574198,True,
LOCAL-v1-q3-fixed_positive_bias-5000,3,candidate,11,309.71107163636367,0.0017977500101551414,11,1.0,3406.821788,True,
LOCAL-v1-q3-fixed_positive_bias-5001,3,candidate,14,246.89388692857142,0.003786124987527728,14,1.0,3456.514417,True,
LOCAL-v1-q3-fixed_positive_bias-5002,3,candidate,15,211.07506526666666,0.003087208024226129,15,1.0,3166.125979,True,
LOCAL-v1-q3-fixed_positive_bias-5003,3,candidate,11,260.05390445454543,0.0024289999855682254,11,1.0,2860.592949,True,
LOCAL-v1-q3-fixed_positive_bias-5004,3,candidate,12,276.1175195,0.002078667050227523,12,1.0,3313.410234,True,
LOCAL-v1-q3-fixed_positive_bias-5005,3,candidate,11,315.7355402727273,0.0021901249419897795,11,1.0,3473.090943,True,
LOCAL-v1-q3-fixed_positive_bias-5006,3,candidate,11,314.2860449090909,0.0021213750587776303,11,1.0,3457.146494,True,
LOCAL-v1-q3-fixed_positive_bias-5007,3,candidate,11,302.5570317272727,0.001878000097349286,11,1.0,3328.127349,True,
LOCAL-v1-q3-fixed_positive_bias-5008,3,candidate,10,284.3589544,0.0025913750287145376,10,1.0,2843.589544,True,
LOCAL-v1-q3-fixed_positive_bias-5009,3,candidate,14,217.93234764285714,0.002986749983392656,14,1.0,3051.052867,True,
LOCAL-v1-q3-fixed_positive_bias-5010,3,candidate,12,235.52058391666665,0.0034131250577047467,12,1.0,2826.247007,True,
LOCAL-v1-q3-fixed_positive_bias-5011,3,candidate,15,279.7967938666667,0.0028395840199664235,15,1.0,4196.951908,True,
LOCAL-v1-q3-fixed_positive_bias-5012,3,candidate,10,312.3474182,0.0016620829701423645,10,1.0,3123.474182,True,
LOCAL-v1-q3-fixed_positive_bias-5013,3,candidate,12,268.11933558333334,0.002199333976022899,12,1.0,3217.432027,True,
LOCAL-v1-q3-fixed_positive_bias-5014,3,candidate,11,281.2486272727273,0.0021847080206498504,11,1.0,3093.7349,True,
LOCAL-v1-q3-fixed_positive_bias-5015,3,candidate,12,252.93938525,0.002689250046387315,12,1.0,3035.272623,True,
LOCAL-v1-q3-fixed_positive_bias-5016,3,candidate,16,221.145000125,0.003428041934967041,16,1.0,3538.320002,True,
LOCAL-v1-q3-fixed_positive_bias-5017,3,candidate,15,227.3649113333333,0.003623083932325244,15,1.0,3410.47367,True,
LOCAL-v1-q3-fixed_positive_bias-5018,3,candidate,10,308.72049419999996,0.0019077500328421593,10,1.0,3087.204942,True,
LOCAL-v1-q3-fixed_positive_bias-5019,3,candidate,11,313.4313029090909,0.0019369159126654267,11,1.0,3447.744332,True,
LOCAL-v1-q3-fixed_positive_bias-5020,3,candidate,16,217.6492021875,0.004272749996744096,16,1.0,3482.387235,True,
LOCAL-v1-q3-fixed_positive_bias-5021,3,candidate,14,255.82287935714288,0.0026743330527096987,14,1.0,3581.520311,True,
LOCAL-v1-q3-fixed_positive_bias-5022,3,candidate,14,220.81139935714285,0.0037585829850286245,14,1.0,3091.359591,True,
LOCAL-v1-q3-fixed_positive_bias-5023,3,candidate,15,229.50736479999998,0.003987625008448958,15,1.0,3442.610472,True,
LOCAL-v1-q3-fixed_positive_bias-5024,3,candidate,13,250.02061884615384,0.0028060839977115393,13,1.0,3250.268045,True,
LOCAL-v1-q3-fixed_positive_bias-5025,3,candidate,12,262.63705683333336,0.0024899999843910336,12,1.0,3151.644682,True,
LOCAL-v1-q3-fixed_positive_bias-5026,3,candidate,15,231.932528,0.0020807499531656504,15,1.0,3478.98792,True,
LOCAL-v1-q3-fixed_positive_bias-5027,3,candidate,11,328.886793,0.001572666922584176,11,1.0,3617.754723,True,
LOCAL-v1-q3-fixed_positive_bias-5028,3,candidate,10,283.1902787,0.001537000061944127,10,1.0,2831.902787,True,
LOCAL-v1-q3-fixed_positive_bias-5029,3,candidate,11,275.70144218181815,0.0021455419482663274,11,1.0,3032.715864,True,
LOCAL-v1-q3-fixed_positive_bias-5030,3,candidate,12,241.58588550000002,0.0020551669877022505,12,1.0,2899.030626,True,
LOCAL-v1-q3-fixed_positive_bias-5031,3,candidate,15,203.90084286666666,0.004291541990824044,15,1.0,3058.512643,True,
LOCAL-v1-q3-fixed_positive_bias-5032,3,candidate,11,278.948529,0.0025406249333173037,11,1.0,3068.433819,True,
LOCAL-v1-q3-fixed_positive_bias-5033,3,candidate,14,237.21727857142858,0.003517625038512051,14,1.0,3321.0419,True,
LOCAL-v1-q3-fixed_positive_bias-5034,3,candidate,16,195.969241125,0.004741666023619473,16,1.0,3135.507858,True,
LOCAL-v1-q3-fixed_positive_bias-5035,3,candidate,10,312.8755161,0.002129291999153793,10,1.0,3128.755161,True,
LOCAL-v1-q3-fixed_positive_bias-5036,3,candidate,15,216.59914533333333,0.003915000008419156,15,1.0,3248.98718,True,
LOCAL-v1-q3-fixed_positive_bias-5037,3,candidate,15,219.6722304,0.0033801670651882887,15,1.0,3295.083456,True,
LOCAL-v1-q3-fixed_positive_bias-5038,3,candidate,16,197.5944421875,0.004550207988359034,16,1.0,3161.511075,True,
LOCAL-v1-q3-fixed_positive_bias-5039,3,candidate,10,333.125743,0.0021950419759377837,10,1.0,3331.25743,True,
LOCAL-v1-q3-fixed_positive_bias-5040,3,candidate,15,236.73175266666667,0.002871416974812746,15,1.0,3550.97629,True,
LOCAL-v1-q3-fixed_positive_bias-5041,3,candidate,15,226.93960973333333,0.0031982919899746776,15,1.0,3404.094146,True,
LOCAL-v1-q3-fixed_positive_bias-5042,3,candidate,11,281.8323083636364,0.0017104999860748649,11,1.0,3100.155392,True,
LOCAL-v1-q3-fixed_positive_bias-5043,3,candidate,12,276.61411741666666,0.003110542078502476,12,1.0,3319.369409,True,
LOCAL-v1-q3-fixed_positive_bias-5044,3,candidate,11,292.99383363636366,0.0018080839654430747,11,1.0,3222.93217,True,
LOCAL-v1-q3-fixed_positive_bias-5045,3,candidate,11,274.4385759090909,0.002700999961234629,11,1.0,3018.824335,True,
LOCAL-v1-q3-fixed_positive_bias-5046,3,candidate,10,270.5390792,0.0020973330829292536,10,1.0,2705.390792,True,
LOCAL-v1-q3-fixed_positive_bias-5047,3,candidate,16,234.7751251875,0.0030138340080156922,16,1.0,3756.402003,True,
LOCAL-v1-q3-fixed_positive_bias-5048,3,candidate,12,254.74468958333333,0.002431791042909026,12,1.0,3056.936275,True,
LOCAL-v1-q3-fixed_positive_bias-5049,3,candidate,10,312.9124407,0.001564792008139193,10,1.0,3129.124407,True,
LOCAL-v1-q3-fixed_positive_bias-5050,3,candidate,15,239.31861533333333,0.0034337500110268593,15,1.0,3589.77923,True,
LOCAL-v1-q3-fixed_positive_bias-5051,3,candidate,11,303.1720360909091,0.001861124997958541,11,1.0,3334.892397,True,
LOCAL-v1-q3-fixed_positive_bias-5052,3,candidate,13,231.67689092307694,0.002892457996495068,13,1.0,3011.799582,True,
LOCAL-v1-q3-fixed_positive_bias-5053,3,candidate,16,245.2951740625,0.0026383750373497605,16,1.0,3924.722785,True,
LOCAL-v1-q3-fixed_positive_bias-5054,3,candidate,16,243.4088275,0.0029258750146254897,16,1.0,3894.54124,True,
LOCAL-v1-q3-fixed_positive_bias-5055,3,candidate,12,268.45263991666667,0.002117666997946799,12,1.0,3221.431679,True,
LOCAL-v1-q3-fixed_positive_bias-5056,3,candidate,13,247.0856012307692,0.0027275840984657407,13,1.0,3212.112816,True,
LOCAL-v1-q3-fixed_positive_bias-5057,3,candidate,13,275.12403,0.002248500008136034,13,1.0,3576.61239,True,
LOCAL-v1-q3-fixed_positive_bias-5058,3,candidate,14,232.55922114285713,0.0024191669654101133,14,1.0,3255.829096,True,
LOCAL-v1-q3-fixed_positive_bias-5059,3,candidate,12,298.29664025,0.001979458029381931,12,1.0,3579.559683,True,
LOCAL-v1-q3-fixed_positive_bias-5060,3,candidate,11,262.75580609090906,0.002485208911821246,11,1.0,2890.313867,True,
LOCAL-v1-q3-fixed_positive_bias-5061,3,candidate,13,242.39229015384615,0.002578207990154624,13,1.0,3151.099772,True,
LOCAL-v1-q3-fixed_positive_bias-5062,3,candidate,16,221.8968385625,0.003579709096811712,16,1.0,3550.349417,True,
LOCAL-v1-q3-fixed_positive_bias-5063,3,candidate,15,225.16132806666667,0.003310416010208428,15,1.0,3377.419921,True,
LOCAL-v1-q3-fixed_positive_bias-5064,3,candidate,13,265.63929530769235,0.002419791999273002,13,1.0,3453.310839,True,
LOCAL-v1-q3-fixed_positive_bias-5065,3,candidate,12,253.79719016666664,0.0018932910170406103,12,1.0,3045.566282,True,
LOCAL-v1-q3-fixed_positive_bias-5066,3,candidate,10,304.997999,0.0015649580163881183,10,1.0,3049.97999,True,
LOCAL-v1-q3-fixed_positive_bias-5067,3,candidate,16,213.7883159375,0.004465625039301813,16,1.0,3420.613055,True,
LOCAL-v1-q3-fixed_positive_bias-5068,3,candidate,13,214.6211276153846,0.002427291008643806,13,1.0,2790.074659,True,
LOCAL-v1-q3-fixed_positive_bias-5069,3,candidate,14,227.98746107142856,0.003992457990534604,14,1.0,3191.824455,True,
LOCAL-v1-q3-fixed_positive_bias-5070,3,candidate,12,271.8139978333333,0.0021893749944865704,12,1.0,3261.767974,True,
LOCAL-v1-q3-fixed_positive_bias-5071,3,candidate,12,280.37835083333334,0.002316958038136363,12,1.0,3364.54021,True,
LOCAL-v1-q3-fixed_positive_bias-5072,3,candidate,15,238.03686926666666,0.003529624897055328,15,1.0,3570.553039,True,
LOCAL-v1-q3-fixed_positive_bias-5073,3,candidate,10,275.5701478,0.002021457999944687,10,1.0,2755.701478,True,
LOCAL-v1-q3-fixed_positive_bias-5074,3,candidate,16,230.1459295,0.00363483396358788,16,1.0,3682.334872,True,
LOCAL-v1-q3-fixed_positive_bias-5075,3,candidate,15,214.69110093333333,0.0037514999276027083,15,1.0,3220.366514,True,
LOCAL-v1-q3-fixed_positive_bias-5076,3,candidate,12,249.70388058333333,0.0025558749912306666,12,1.0,2996.446567,True,
LOCAL-v1-q3-fixed_positive_bias-5077,3,candidate,14,247.19988214285715,0.003216792014427483,14,1.0,3460.79835,True,
LOCAL-v1-q3-fixed_positive_bias-5078,3,candidate,13,257.8482510769231,0.0027617920422926545,13,1.0,3352.027264,True,
LOCAL-v1-q3-fixed_positive_bias-5079,3,candidate,10,298.3316729,0.001900708070024848,10,1.0,2983.316729,True,
LOCAL-v1-q3-fixed_positive_bias-5080,3,candidate,10,278.171247,0.002007833099924028,10,1.0,2781.71247,True,
LOCAL-v1-q3-fixed_positive_bias-5081,3,candidate,16,215.8374538125,0.0039056669920682907,16,1.0,3453.399261,True,
LOCAL-v1-q3-fixed_positive_bias-5082,3,candidate,13,251.83011376923076,0.002045125002041459,13,1.0,3273.791479,True,
LOCAL-v1-q3-fixed_positive_bias-5083,3,candidate,13,251.33314376923076,0.002070083050057292,13,1.0,3267.330869,True,
LOCAL-v1-q3-fixed_positive_bias-5084,3,candidate,14,257.17695207142856,0.003336291993036866,14,1.0,3600.477329,True,
LOCAL-v1-q3-fixed_positive_bias-5085,3,candidate,15,241.34635086666668,0.0029676659032702446,15,1.0,3620.195263,True,
LOCAL-v1-q3-fixed_positive_bias-5086,3,candidate,12,281.2565205833333,0.0023427499691024423,12,1.0,3375.078247,True,
LOCAL-v1-q3-fixed_positive_bias-5087,3,candidate,13,222.1214076923077,0.0033300420036539435,13,1.0,2887.5783,True,
LOCAL-v1-q3-fixed_positive_bias-5088,3,candidate,16,202.380329125,0.003246083972044289,16,1.0,3238.085266,True,
LOCAL-v1-q3-fixed_positive_bias-5089,3,candidate,15,232.62892019999998,0.003776875091716647,15,1.0,3489.433803,True,
LOCAL-v1-q3-fixed_positive_bias-5090,3,candidate,14,231.15505035714287,0.00404212495777756,14,1.0,3236.170705,True,
LOCAL-v1-q3-fixed_positive_bias-5091,3,candidate,12,289.1948605,0.002235083025880158,12,1.0,3470.338326,True,
LOCAL-v1-q3-fixed_positive_bias-5092,3,candidate,11,240.04572936363638,0.0026267500361427665,11,1.0,2640.503023,True,
LOCAL-v1-q3-fixed_positive_bias-5093,3,candidate,15,262.0572241333333,0.0026967909652739763,15,1.0,3930.858362,True,
LOCAL-v1-q3-fixed_positive_bias-5094,3,candidate,11,275.5373920909091,0.0019080420024693012,11,1.0,3030.911313,True,
LOCAL-v1-q3-fixed_positive_bias-5095,3,candidate,10,290.4362924,0.0023827910190448165,10,1.0,2904.362924,True,
LOCAL-v1-q3-fixed_positive_bias-5096,3,candidate,14,250.47904050000002,0.0027394579956308007,14,1.0,3506.706567,True,
LOCAL-v1-q3-fixed_positive_bias-5097,3,candidate,13,256.7454532307692,0.0026389999547973275,13,1.0,3337.690892,True,
LOCAL-v1-q3-fixed_positive_bias-5098,3,candidate,16,233.93317775,0.003243249957449734,16,1.0,3742.930844,True,
LOCAL-v1-q3-fixed_positive_bias-5099,3,candidate,13,243.2797176153846,0.0023285840870812535,13,1.0,3162.636329,True,
LOCAL-v1-q3-fixed_negative_bias-5000,3,candidate,11,302.39261936363636,0.001797499950043857,11,1.0,3326.318813,True,
LOCAL-v1-q3-fixed_negative_bias-5001,3,candidate,14,239.89916942857144,0.003761541098356247,14,1.0,3358.588372,True,
LOCAL-v1-q3-fixed_negative_bias-5002,3,candidate,15,210.13798966666667,0.0030386250000447035,15,1.0,3152.069845,True,
LOCAL-v1-q3-fixed_negative_bias-5003,3,candidate,11,262.80353,0.0023231670493260026,11,1.0,2890.83883,True,
LOCAL-v1-q3-fixed_negative_bias-5004,3,candidate,12,276.8521973333333,0.002136041992343962,12,1.0,3322.226368,True,
LOCAL-v1-q3-fixed_negative_bias-5005,3,candidate,11,310.93689863636365,0.0015327500877901912,11,1.0,3420.305885,True,
LOCAL-v1-q3-fixed_negative_bias-5006,3,candidate,11,293.49649372727276,0.002376166987232864,11,1.0,3228.461431,True,
LOCAL-v1-q3-fixed_negative_bias-5007,3,candidate,11,293.0241837272727,0.0018724589608609676,11,1.0,3223.266021,True,
LOCAL-v1-q3-fixed_negative_bias-5008,3,candidate,10,281.5182174,0.0026069999439641833,10,1.0,2815.182174,True,
LOCAL-v1-q3-fixed_negative_bias-5009,3,candidate,14,215.57632278571427,0.002986875013448298,14,1.0,3018.068519,True,
LOCAL-v1-q3-fixed_negative_bias-5010,3,candidate,12,230.61838391666666,0.003239584038965404,12,1.0,2767.420607,True,
LOCAL-v1-q3-fixed_negative_bias-5011,3,candidate,15,276.19327873333333,0.0025291669880971313,15,1.0,4142.899181,True,
LOCAL-v1-q3-fixed_negative_bias-5012,3,candidate,10,309.8064002,0.0015355410287156701,10,1.0,3098.064002,True,
LOCAL-v1-q3-fixed_negative_bias-5013,3,candidate,12,293.14600025,0.002141500008292496,12,1.0,3517.752003,True,
LOCAL-v1-q3-fixed_negative_bias-5014,3,candidate,11,268.7965318181818,0.0021998329320922494,11,1.0,2956.76185,True,
LOCAL-v1-q3-fixed_negative_bias-5015,3,candidate,12,237.69878300000002,0.00277629098854959,12,1.0,2852.385396,True,
LOCAL-v1-q3-fixed_negative_bias-5016,3,candidate,16,202.41761675,0.0029540410032495856,16,1.0,3238.681868,True,
LOCAL-v1-q3-fixed_negative_bias-5017,3,candidate,15,250.10175693333335,0.0036780419759452343,15,1.0,3751.526354,True,
LOCAL-v1-q3-fixed_negative_bias-5018,3,candidate,10,312.4148781,0.002220667083747685,10,1.0,3124.148781,True,
LOCAL-v1-q3-fixed_negative_bias-5019,3,candidate,11,313.46529763636363,0.001885458012111485,11,1.0,3448.118274,True,
LOCAL-v1-q3-fixed_negative_bias-5020,3,candidate,16,227.512398375,0.004284791997633874,16,1.0,3640.198374,True,
LOCAL-v1-q3-fixed_negative_bias-5021,3,candidate,14,271.88748985714284,0.0027223340002819896,14,1.0,3806.424858,True,
LOCAL-v1-q3-fixed_negative_bias-5022,3,candidate,14,217.99955892857142,0.0034202089300379157,14,1.0,3051.993825,True,
LOCAL-v1-q3-fixed_negative_bias-5023,3,candidate,15,229.34987273333334,0.003947500023059547,15,1.0,3440.248091,True,
LOCAL-v1-q3-fixed_negative_bias-5024,3,candidate,13,256.4316712307692,0.0027586250798776746,13,1.0,3333.611726,True,
LOCAL-v1-q3-fixed_negative_bias-5025,3,candidate,12,282.70101225,0.0027095419354736805,12,1.0,3392.412147,True,
LOCAL-v1-q3-fixed_negative_bias-5026,3,candidate,15,233.83454680000003,0.0026837079785764217,15,1.0,3507.518202,True,
LOCAL-v1-q3-fixed_negative_bias-5027,3,candidate,11,338.05274172727275,0.0015946669736877084,11,1.0,3718.580159,True,
LOCAL-v1-q3-fixed_negative_bias-5028,3,candidate,10,310.5665567,0.001804416999220848,10,1.0,3105.665567,True,
LOCAL-v1-q3-fixed_negative_bias-5029,3,candidate,11,274.8598287272727,0.001948875025846064,11,1.0,3023.458116,True,
LOCAL-v1-q3-fixed_negative_bias-5030,3,candidate,12,224.3299966666667,0.002245916984975338,12,1.0,2691.95996,True,
LOCAL-v1-q3-fixed_negative_bias-5031,3,candidate,15,209.049508,0.004282540990971029,15,1.0,3135.74262,True,
LOCAL-v1-q3-fixed_negative_bias-5032,3,candidate,11,287.42985945454546,0.0030787920113652945,11,1.0,3161.728454,True,
LOCAL-v1-q3-fixed_negative_bias-5033,3,candidate,14,253.17212771428572,0.0035467500565573573,14,1.0,3544.409788,True,
LOCAL-v1-q3-fixed_negative_bias-5034,3,candidate,16,198.808208875,0.0048223750200122595,16,1.0,3180.931342,True,
LOCAL-v1-q3-fixed_negative_bias-5035,3,candidate,10,310.6308592,0.0020311250118538737,10,1.0,3106.308592,True,
LOCAL-v1-q3-fixed_negative_bias-5036,3,candidate,15,217.05916726666666,0.0038276249542832375,15,1.0,3255.887509,True,
LOCAL-v1-q3-fixed_negative_bias-5037,3,candidate,15,214.6070928,0.0033062080619856715,15,1.0,3219.106392,True,
LOCAL-v1-q3-fixed_negative_bias-5038,3,candidate,16,198.7982025625,0.004408707958646119,16,1.0,3180.771241,True,
LOCAL-v1-q3-fixed_negative_bias-5039,3,candidate,10,323.3071998,0.0020513340132310987,10,1.0,3233.071998,True,
LOCAL-v1-q3-fixed_negative_bias-5040,3,candidate,15,242.70919513333334,0.0029242089949548244,15,1.0,3640.637927,True,
LOCAL-v1-q3-fixed_negative_bias-5041,3,candidate,15,218.30370086666665,0.0025171670131385326,15,1.0,3274.555513,True,
LOCAL-v1-q3-fixed_negative_bias-5042,3,candidate,11,283.0057688181818,0.0019622499821707606,11,1.0,3113.063457,True,
LOCAL-v1-q3-fixed_negative_bias-5043,3,candidate,12,268.9077541666667,0.002937208046205342,12,1.0,3226.89305,True,
LOCAL-v1-q3-fixed_negative_bias-5044,3,candidate,11,300.2510621818182,0.002048625028692186,11,1.0,3302.761684,True,
LOCAL-v1-q3-fixed_negative_bias-5045,3,candidate,11,269.2512725454545,0.0030495000537484884,11,1.0,2961.763998,True,
LOCAL-v1-q3-fixed_negative_bias-5046,3,candidate,10,267.755872,0.002083917031995952,10,1.0,2677.55872,True,
LOCAL-v1-q3-fixed_negative_bias-5047,3,candidate,16,228.0296344375,0.0031261250842362642,16,1.0,3648.474151,True,
LOCAL-v1-q3-fixed_negative_bias-5048,3,candidate,12,250.30085699999998,0.002139959018677473,12,1.0,3003.610284,True,
LOCAL-v1-q3-fixed_negative_bias-5049,3,candidate,10,303.0810658,0.0016829160740599036,10,1.0,3030.810658,True,
LOCAL-v1-q3-fixed_negative_bias-5050,3,candidate,15,247.64135159999998,0.00302175001706928,15,1.0,3714.620274,True,
LOCAL-v1-q3-fixed_negative_bias-5051,3,candidate,11,302.979466,0.001600499963387847,11,1.0,3332.774126,True,
LOCAL-v1-q3-fixed_negative_bias-5052,3,candidate,13,230.74696453846155,0.0030046249739825726,13,1.0,2999.710539,True,
LOCAL-v1-q3-fixed_negative_bias-5053,3,candidate,16,252.87519725,0.002609416958875954,16,1.0,4046.003156,True,
LOCAL-v1-q3-fixed_negative_bias-5054,3,candidate,16,270.566887625,0.0023455419577658176,16,1.0,4329.070202,True,
LOCAL-v1-q3-fixed_negative_bias-5055,3,candidate,12,262.5340785833333,0.0024588749511167407,12,1.0,3150.408943,True,
LOCAL-v1-q3-fixed_negative_bias-5056,3,candidate,13,242.49471676923076,0.0025167500134557486,13,1.0,3152.431318,True,
LOCAL-v1-q3-fixed_negative_bias-5057,3,candidate,13,274.18171807692306,0.0020487080328166485,13,1.0,3564.362335,True,
LOCAL-v1-q3-fixed_negative_bias-5058,3,candidate,14,238.3027,0.002646291977725923,14,1.0,3336.2378,True,
LOCAL-v1-q3-fixed_negative_bias-5059,3,candidate,12,276.4437825,0.0018664579838514328,12,1.0,3317.32539,True,
LOCAL-v1-q3-fixed_negative_bias-5060,3,candidate,11,271.6749174545455,0.0022406659554690123,11,1.0,2988.424092,True,
LOCAL-v1-q3-fixed_negative_bias-5061,3,candidate,13,243.52650615384616,0.0025641670217737556,13,1.0,3165.84458,True,
LOCAL-v1-q3-fixed_negative_bias-5062,3,candidate,16,220.8255781875,0.00386833306401968,16,1.0,3533.209251,True,
LOCAL-v1-q3-fixed_negative_bias-5063,3,candidate,15,248.46197666666666,0.0032350829569622874,15,1.0,3726.92965,True,
LOCAL-v1-q3-fixed_negative_bias-5064,3,candidate,13,274.7080859230769,0.0026261250022798777,13,1.0,3571.205117,True,
LOCAL-v1-q3-fixed_negative_bias-5065,3,candidate,12,279.604018,0.0029177500400692225,12,1.0,3355.248216,True,
LOCAL-v1-q3-fixed_negative_bias-5066,3,candidate,10,307.5125415,0.001723957946524024,10,1.0,3075.125415,True,
LOCAL-v1-q3-fixed_negative_bias-5067,3,candidate,16,234.7074773125,0.004114959039725363,16,1.0,3755.319637,True,
LOCAL-v1-q3-fixed_negative_bias-5068,3,candidate,13,215.60900623076924,0.0028120410861447453,13,1.0,2802.917081,True,
LOCAL-v1-q3-fixed_negative_bias-5069,3,candidate,14,225.81578714285715,0.003829625085927546,14,1.0,3161.42102,True,
LOCAL-v1-q3-fixed_negative_bias-5070,3,candidate,12,277.7084325833333,0.002480959054082632,12,1.0,3332.501191,True,
LOCAL-v1-q3-fixed_negative_bias-5071,3,candidate,12,271.18050666666664,0.002289708936586976,12,1.0,3254.16608,True,
LOCAL-v1-q3-fixed_negative_bias-5072,3,candidate,15,207.4344614,0.0033942090813070536,15,1.0,3111.516921,True,
LOCAL-v1-q3-fixed_negative_bias-5073,3,candidate,10,278.6895298,0.0021248749690130353,10,1.0,2786.895298,True,
LOCAL-v1-q3-fixed_negative_bias-5074,3,candidate,16,233.726612125,0.00468266592361033,16,1.0,3739.625794,True,
LOCAL-v1-q3-fixed_negative_bias-5075,3,candidate,15,213.22703486666666,0.0042030829936265945,15,1.0,3198.405523,True,
LOCAL-v1-q3-fixed_negative_bias-5076,3,candidate,12,244.18900116666669,0.002563915913924575,12,1.0,2930.268014,True,
LOCAL-v1-q3-fixed_negative_bias-5077,3,candidate,14,245.46090564285714,0.002430542022921145,14,1.0,3436.452679,True,
LOCAL-v1-q3-fixed_negative_bias-5078,3,candidate,13,267.78291392307693,0.0033212080597877502,13,1.0,3481.177881,True,
LOCAL-v1-q3-fixed_negative_bias-5079,3,candidate,10,296.7452455,0.0018981249304488301,10,1.0,2967.452455,True,
LOCAL-v1-q3-fixed_negative_bias-5080,3,candidate,10,281.0021526,0.0021423749858513474,10,1.0,2810.021526,True,
LOCAL-v1-q3-fixed_negative_bias-5081,3,candidate,16,232.4682418125,0.0040181250078603625,16,1.0,3719.491869,True,
LOCAL-v1-q3-fixed_negative_bias-5082,3,candidate,13,246.66806584615384,0.0021733749890699983,13,1.0,3206.684856,True,
LOCAL-v1-q3-fixed_negative_bias-5083,3,candidate,13,264.8766756153846,0.0026378330076113343,13,1.0,3443.396783,True,
LOCAL-v1-q3-fixed_negative_bias-5084,3,candidate,14,248.32700707142857,0.0034662079997360706,14,1.0,3476.578099,True,
LOCAL-v1-q3-fixed_negative_bias-5085,3,candidate,15,246.70435546666667,0.0030123329488560557,15,1.0,3700.565332,True,
LOCAL-v1-q3-fixed_negative_bias-5086,3,candidate,12,269.99086816666664,0.0023193330271169543,12,1.0,3239.890418,True,
LOCAL-v1-q3-fixed_negative_bias-5087,3,candidate,13,223.98447153846155,0.0036538749700412154,13,1.0,2911.79813,True,
LOCAL-v1-q3-fixed_negative_bias-5088,3,candidate,16,208.8675599375,0.0037097500171512365,16,1.0,3341.880959,True,
LOCAL-v1-q3-fixed_negative_bias-5089,3,candidate,15,241.4533244666667,0.0035352499689906836,15,1.0,3621.799867,True,
LOCAL-v1-q3-fixed_negative_bias-5090,3,candidate,14,229.03724885714286,0.004153624991886318,14,1.0,3206.521484,True,
LOCAL-v1-q3-fixed_negative_bias-5091,3,candidate,12,295.84474875,0.0027556250570341945,12,1.0,3550.136985,True,
LOCAL-v1-q3-fixed_negative_bias-5092,3,candidate,11,240.1729509090909,0.002576999948360026,11,1.0,2641.90246,True,
LOCAL-v1-q3-fixed_negative_bias-5093,3,candidate,15,257.5532532,0.002513415995053947,15,1.0,3863.298798,True,
LOCAL-v1-q3-fixed_negative_bias-5094,3,candidate,11,276.818895,0.002218916895799339,11,1.0,3045.007845,True,
LOCAL-v1-q3-fixed_negative_bias-5095,3,candidate,10,278.334586,0.0020300420001149178,10,1.0,2783.34586,True,
LOCAL-v1-q3-fixed_negative_bias-5096,3,candidate,14,249.58274592857143,0.0023472500033676624,14,1.0,3494.158443,True,
LOCAL-v1-q3-fixed_negative_bias-5097,3,candidate,13,272.7102679230769,0.0029645420145243406,13,1.0,3545.233483,True,
LOCAL-v1-q3-fixed_negative_bias-5098,3,candidate,16,215.4703595,0.0033174999989569187,16,1.0,3447.525752,True,
LOCAL-v1-q3-fixed_negative_bias-5099,3,candidate,13,262.8095386923077,0.002955041010864079,13,1.0,3416.524003,True,
LOCAL-v1-q3-smooth_shared_field-5000,3,candidate,11,313.8486475454545,0.0018059170106425881,11,1.0,3452.335123,True,
LOCAL-v1-q3-smooth_shared_field-5001,3,candidate,14,237.97217335714285,0.0036125420592725277,14,1.0,3331.610427,True,
LOCAL-v1-q3-smooth_shared_field-5002,3,candidate,15,210.32145926666666,0.0027314999606460333,15,1.0,3154.821889,True,
LOCAL-v1-q3-smooth_shared_field-5003,3,candidate,11,255.76573818181816,0.002323041087947786,11,1.0,2813.42312,True,
LOCAL-v1-q3-smooth_shared_field-5004,3,candidate,12,277.09087941666667,0.0017968750325962901,12,1.0,3325.090553,True,
LOCAL-v1-q3-smooth_shared_field-5005,3,candidate,11,313.03892536363634,0.0016765419859439135,11,1.0,3443.428179,True,
LOCAL-v1-q3-smooth_shared_field-5006,3,candidate,11,292.9898472727273,0.0021467090118676424,11,1.0,3222.88832,True,
LOCAL-v1-q3-smooth_shared_field-5007,3,candidate,11,287.93582154545453,0.0016348749632015824,11,1.0,3167.294037,True,
LOCAL-v1-q3-smooth_shared_field-5008,3,candidate,10,279.6871375,0.002534375060349703,10,1.0,2796.871375,True,
LOCAL-v1-q3-smooth_shared_field-5009,3,candidate,14,212.34303935714289,0.0027184589998796582,14,1.0,2972.802551,True,
LOCAL-v1-q3-smooth_shared_field-5010,3,candidate,12,239.46098183333334,0.0029271249659359455,12,1.0,2873.531782,True,
LOCAL-v1-q3-smooth_shared_field-5011,3,candidate,15,274.56057933333335,0.0026103340787813067,15,1.0,4118.40869,True,
LOCAL-v1-q3-smooth_shared_field-5012,3,candidate,10,304.9663161,0.0013430840335786343,10,1.0,3049.663161,True,
LOCAL-v1-q3-smooth_shared_field-5013,3,candidate,12,295.2915535,0.001962625072337687,12,1.0,3543.498642,True,
LOCAL-v1-q3-smooth_shared_field-5014,3,candidate,11,281.0462581818182,0.0020815409952774644,11,1.0,3091.50884,True,
LOCAL-v1-q3-smooth_shared_field-5015,3,candidate,12,246.07286141666668,0.0026652499800547957,12,1.0,2952.874337,True,
LOCAL-v1-q3-smooth_shared_field-5016,3,candidate,16,198.5785525625,0.0027829159516841173,16,1.0,3177.256841,True,
LOCAL-v1-q3-smooth_shared_field-5017,3,candidate,15,248.55301566666668,0.003533459035679698,15,1.0,3728.295235,True,
LOCAL-v1-q3-smooth_shared_field-5018,3,candidate,10,302.6218625,0.0019445829093456268,10,1.0,3026.218625,True,
LOCAL-v1-q3-smooth_shared_field-5019,3,candidate,11,316.35695763636363,0.002161082928068936,11,1.0,3479.926534,True,
LOCAL-v1-q3-smooth_shared_field-5020,3,candidate,16,208.7449816875,0.003993457998149097,16,1.0,3339.919707,True,
LOCAL-v1-q3-smooth_shared_field-5021,3,candidate,14,275.48357757142855,0.002493959036655724,14,1.0,3856.770086,True,
LOCAL-v1-q3-smooth_shared_field-5022,3,candidate,14,224.4165055,0.003269667038694024,14,1.0,3141.831077,True,
LOCAL-v1-q3-smooth_shared_field-5023,3,candidate,15,227.75207319999998,0.004012458026409149,15,1.0,3416.281098,True,
LOCAL-v1-q3-smooth_shared_field-5024,3,candidate,13,257.20968953846153,0.002426333026960492,13,1.0,3343.725964,True,
LOCAL-v1-q3-smooth_shared_field-5025,3,candidate,12,279.6219305,0.0025658750673756003,12,1.0,3355.463166,True,
LOCAL-v1-q3-smooth_shared_field-5026,3,candidate,15,236.2717524,0.002920874976553023,15,1.0,3544.076286,True,
LOCAL-v1-q3-smooth_shared_field-5027,3,candidate,11,332.67664145454546,0.0020734170684590936,11,1.0,3659.443056,True,
LOCAL-v1-q3-smooth_shared_field-5028,3,candidate,10,305.25199,0.0016603749245405197,10,1.0,3052.5199,True,
LOCAL-v1-q3-smooth_shared_field-5029,3,candidate,11,266.55292136363636,0.001948875025846064,11,1.0,2932.082135,True,
LOCAL-v1-q3-smooth_shared_field-5030,3,candidate,12,222.488998,0.0021407920867204666,12,1.0,2669.867976,True,
LOCAL-v1-q3-smooth_shared_field-5031,3,candidate,15,206.20634593333335,0.004116583033464849,15,1.0,3093.095189,True,
LOCAL-v1-q3-smooth_shared_field-5032,3,candidate,11,285.71129063636363,0.0029285000637173653,11,1.0,3142.824197,True,
LOCAL-v1-q3-smooth_shared_field-5033,3,candidate,14,250.0167837857143,0.0033547909697517753,14,1.0,3500.234973,True,
LOCAL-v1-q3-smooth_shared_field-5034,3,candidate,16,195.7632995625,0.004422833095304668,16,1.0,3132.212793,True,
LOCAL-v1-q3-smooth_shared_field-5035,3,candidate,10,310.4227016,0.0019832919351756573,10,1.0,3104.227016,True,
LOCAL-v1-q3-smooth_shared_field-5036,3,candidate,15,217.63913993333333,0.003754291101358831,15,1.0,3264.587099,True,
LOCAL-v1-q3-smooth_shared_field-5037,3,candidate,15,221.48649500000002,0.0033155420096591115,15,1.0,3322.297425,True,
LOCAL-v1-q3-smooth_shared_field-5038,3,candidate,16,194.537492875,0.004150417051278055,16,1.0,3112.599886,True,
LOCAL-v1-q3-smooth_shared_field-5039,3,candidate,10,333.7766277,0.0018717499915510416,10,1.0,3337.766277,True,
LOCAL-v1-q3-smooth_shared_field-5040,3,candidate,15,242.09260866666668,0.0030217079911381006,15,1.0,3631.38913,True,
LOCAL-v1-q3-smooth_shared_field-5041,3,candidate,15,221.0551574,0.0025382499443367124,15,1.0,3315.827361,True,
LOCAL-v1-q3-smooth_shared_field-5042,3,candidate,11,278.0471203636364,0.0016695410013198853,11,1.0,3058.518324,True,
LOCAL-v1-q3-smooth_shared_field-5043,3,candidate,12,272.4477328333333,0.0030089589999988675,12,1.0,3269.372794,True,
LOCAL-v1-q3-smooth_shared_field-5044,3,candidate,11,290.2145071818182,0.0017234999686479568,11,1.0,3192.359579,True,
LOCAL-v1-q3-smooth_shared_field-5045,3,candidate,11,271.8098450909091,0.0026705419877544045,11,1.0,2989.908296,True,
LOCAL-v1-q3-smooth_shared_field-5046,3,candidate,10,268.0149538,0.001985957962460816,10,1.0,2680.149538,True,
LOCAL-v1-q3-smooth_shared_field-5047,3,candidate,16,219.9792938125,0.0030454170191660523,16,1.0,3519.668701,True,
LOCAL-v1-q3-smooth_shared_field-5048,3,candidate,12,250.75191675,0.0020035419147461653,12,1.0,3009.023001,True,
LOCAL-v1-q3-smooth_shared_field-5049,3,candidate,10,306.6891439,0.0016563329845666885,10,1.0,3066.891439,True,
LOCAL-v1-q3-smooth_shared_field-5050,3,candidate,15,250.77084146666667,0.003146291943266988,15,1.0,3761.562622,True,
LOCAL-v1-q3-smooth_shared_field-5051,3,candidate,11,298.8049207272727,0.0016072080470621586,11,1.0,3286.854128,True,
LOCAL-v1-q3-smooth_shared_field-5052,3,candidate,13,230.951402,0.0027406250592321157,13,1.0,3002.368226,True,
LOCAL-v1-q3-smooth_shared_field-5053,3,candidate,16,248.2289645625,0.0026377920294180512,16,1.0,3971.663433,True,
LOCAL-v1-q3-smooth_shared_field-5054,3,candidate,16,279.5503189375,0.0024412500206381083,16,1.0,4472.805103,True,
LOCAL-v1-q3-smooth_shared_field-5055,3,candidate,12,264.0635830833333,0.00220679200720042,12,1.0,3168.762997,True,
LOCAL-v1-q3-smooth_shared_field-5056,3,candidate,13,241.74395207692308,0.002418625052087009,13,1.0,3142.671377,True,
LOCAL-v1-q3-smooth_shared_field-5057,3,candidate,13,280.0153840769231,0.0021823750576004386,13,1.0,3640.199993,True,
LOCAL-v1-q3-smooth_shared_field-5058,3,candidate,14,233.99352885714285,0.0024116659769788384,14,1.0,3275.909404,True,
LOCAL-v1-q3-smooth_shared_field-5059,3,candidate,12,277.6397135,0.0017151249339804053,12,1.0,3331.676562,True,
LOCAL-v1-q3-smooth_shared_field-5060,3,candidate,11,267.55943172727274,0.002266500028781593,11,1.0,2943.153749,True,
LOCAL-v1-q3-smooth_shared_field-5061,3,candidate,13,247.66487353846153,0.0026312919799238443,13,1.0,3219.643356,True,
LOCAL-v1-q3-smooth_shared_field-5062,3,candidate,16,221.1762710625,0.003584709018468857,16,1.0,3538.820337,True,
LOCAL-v1-q3-smooth_shared_field-5063,3,candidate,15,233.6610154,0.003120124922133982,15,1.0,3504.915231,True,
LOCAL-v1-q3-smooth_shared_field-5064,3,candidate,13,265.30036453846157,0.002439750009216368,13,1.0,3448.904739,True,
LOCAL-v1-q3-smooth_shared_field-5065,3,candidate,12,275.8749398333333,0.0026112919440492988,12,1.0,3310.499278,True,
LOCAL-v1-q3-smooth_shared_field-5066,3,candidate,10,312.468068,0.001947249984368682,10,1.0,3124.68068,True,
LOCAL-v1-q3-smooth_shared_field-5067,3,candidate,16,234.635120375,0.003873749985359609,16,1.0,3754.161926,True,
LOCAL-v1-q3-smooth_shared_field-5068,3,candidate,13,215.03547792307694,0.0027900829445570707,13,1.0,2795.461213,True,
LOCAL-v1-q3-smooth_shared_field-5069,3,candidate,14,226.22591057142859,0.0044542920077219605,14,1.0,3167.162748,True,
LOCAL-v1-q3-smooth_shared_field-5070,3,candidate,12,276.56717933333334,0.002266332972794771,12,1.0,3318.806152,True,
LOCAL-v1-q3-smooth_shared_field-5071,3,candidate,12,275.696139,0.0026832090225070715,12,1.0,3308.353668,True,
LOCAL-v1-q3-smooth_shared_field-5072,3,candidate,15,207.7873816,0.0033553329994902015,15,1.0,3116.810724,True,
LOCAL-v1-q3-smooth_shared_field-5073,3,candidate,10,285.0616098,0.002030333038419485,10,1.0,2850.616098,True,
LOCAL-v1-q3-smooth_shared_field-5074,3,candidate,16,231.827121125,0.004614416975528002,16,1.0,3709.233938,True,
LOCAL-v1-q3-smooth_shared_field-5075,3,candidate,15,212.5220843333333,0.003713125013746321,15,1.0,3187.831265,True,
LOCAL-v1-q3-smooth_shared_field-5076,3,candidate,12,244.65042275,0.0028772499645128846,12,1.0,2935.805073,True,
LOCAL-v1-q3-smooth_shared_field-5077,3,candidate,14,249.43208192857145,0.0028293749783188105,14,1.0,3492.049147,True,
LOCAL-v1-q3-smooth_shared_field-5078,3,candidate,13,264.40621323076925,0.0027018330292776227,13,1.0,3437.280772,True,
LOCAL-v1-q3-smooth_shared_field-5079,3,candidate,10,293.1971403,0.002076165983453393,10,1.0,2931.971403,True,
LOCAL-v1-q3-smooth_shared_field-5080,3,candidate,10,282.764756,0.002161583979614079,10,1.0,2827.64756,True,
LOCAL-v1-q3-smooth_shared_field-5081,3,candidate,16,236.51737475,0.00422641693148762,16,1.0,3784.277996,True,
LOCAL-v1-q3-smooth_shared_field-5082,3,candidate,13,249.28898007692308,0.0022973750019446015,13,1.0,3240.756741,True,
LOCAL-v1-q3-smooth_shared_field-5083,3,candidate,13,258.5941639230769,0.002485250006429851,13,1.0,3361.724131,True,
LOCAL-v1-q3-smooth_shared_field-5084,3,candidate,14,244.79941307142857,0.0030878749676048756,14,1.0,3427.191783,True,
LOCAL-v1-q3-smooth_shared_field-5085,3,candidate,15,240.29427833333332,0.003385166055522859,15,1.0,3604.414175,True,
LOCAL-v1-q3-smooth_shared_field-5086,3,candidate,12,272.61404941666666,0.0022405420895665884,12,1.0,3271.368593,True,
LOCAL-v1-q3-smooth_shared_field-5087,3,candidate,13,224.2513860769231,0.003099124995060265,13,1.0,2915.268019,True,
LOCAL-v1-q3-smooth_shared_field-5088,3,candidate,16,205.3655103125,0.0037280420074239373,16,1.0,3285.848165,True,
LOCAL-v1-q3-smooth_shared_field-5089,3,candidate,15,234.44139140000001,0.0032523750560358167,15,1.0,3516.620871,True,
LOCAL-v1-q3-smooth_shared_field-5090,3,candidate,14,234.66706614285712,0.004268832970410585,14,1.0,3285.338926,True,
LOCAL-v1-q3-smooth_shared_field-5091,3,candidate,12,292.21558275,0.0025522499345242977,12,1.0,3506.586993,True,
LOCAL-v1-q3-smooth_shared_field-5092,3,candidate,11,242.49323536363636,0.0026495830388739705,11,1.0,2667.425589,True,
LOCAL-v1-q3-smooth_shared_field-5093,3,candidate,15,258.85589139999996,0.002633832977153361,15,1.0,3882.838371,True,
LOCAL-v1-q3-smooth_shared_field-5094,3,candidate,11,272.48298863636364,0.0017963750287890434,11,1.0,2997.312875,True,
LOCAL-v1-q3-smooth_shared_field-5095,3,candidate,10,319.4453438,0.0018989170202985406,10,1.0,3194.453438,True,
LOCAL-v1-q3-smooth_shared_field-5096,3,candidate,14,256.38584235714285,0.002584291039966047,14,1.0,3589.401793,True,
LOCAL-v1-q3-smooth_shared_field-5097,3,candidate,13,267.2522876153846,0.002844834001734853,13,1.0,3474.279739,True,
LOCAL-v1-q3-smooth_shared_field-5098,3,candidate,16,217.490032,0.0030972500098869205,16,1.0,3479.840512,True,
LOCAL-v1-q3-smooth_shared_field-5099,3,candidate,13,259.98747353846153,0.003278000047430396,13,1.0,3379.837156,True,
LOCAL-v1-q3-cell50_shared_field-5000,3,candidate,11,305.37486654545455,0.0018532079411670566,11,1.0,3359.123532,True,
LOCAL-v1-q3-cell50_shared_field-5001,3,candidate,14,240.3005447142857,0.0035052919993177056,14,1.0,3364.207626,True,
LOCAL-v1-q3-cell50_shared_field-5002,3,candidate,15,210.22776346666666,0.0030584579799324274,15,1.0,3153.416452,True,
LOCAL-v1-q3-cell50_shared_field-5003,3,candidate,11,258.0900367272727,0.002226709038950503,11,1.0,2838.990404,True,
LOCAL-v1-q3-cell50_shared_field-5004,3,candidate,12,272.6718261666667,0.0017931250622496009,12,1.0,3272.061914,True,
LOCAL-v1-q3-cell50_shared_field-5005,3,candidate,11,312.7143976363636,0.0016598330112174153,11,1.0,3439.858374,True,
LOCAL-v1-q3-cell50_shared_field-5006,3,candidate,11,291.73750236363634,0.0022425829665735364,11,1.0,3209.112526,True,
LOCAL-v1-q3-cell50_shared_field-5007,3,candidate,11,287.16687545454545,0.0017323748907074332,11,1.0,3158.83563,True,
LOCAL-v1-q3-cell50_shared_field-5008,3,candidate,10,278.76501509999997,0.0024415409425273538,10,1.0,2787.650151,True,
LOCAL-v1-q3-cell50_shared_field-5009,3,candidate,14,214.29831492857144,0.0030272919684648514,14,1.0,3000.176409,True,
LOCAL-v1-q3-cell50_shared_field-5010,3,candidate,12,231.10825241666666,0.003280416945926845,12,1.0,2773.299029,True,
LOCAL-v1-q3-cell50_shared_field-5011,3,candidate,15,290.34653199999997,0.0026312500704079866,15,1.0,4355.19798,True,
LOCAL-v1-q3-cell50_shared_field-5012,3,candidate,10,311.51451149999997,0.0016704159788787365,10,1.0,3115.145115,True,
LOCAL-v1-q3-cell50_shared_field-5013,3,candidate,12,266.731091,0.0019946249667555094,12,1.0,3200.773092,True,
LOCAL-v1-q3-cell50_shared_field-5014,3,candidate,11,265.52173563636364,0.002121416968293488,11,1.0,2920.739092,True,
LOCAL-v1-q3-cell50_shared_field-5015,3,candidate,12,243.467402,0.002739833085797727,12,1.0,2921.608824,True,
LOCAL-v1-q3-cell50_shared_field-5016,3,candidate,16,226.5633490625,0.0035076249623671174,16,1.0,3625.013585,True,
LOCAL-v1-q3-cell50_shared_field-5017,3,candidate,15,223.12176933333333,0.0033472090726718307,15,1.0,3346.82654,True,
LOCAL-v1-q3-cell50_shared_field-5018,3,candidate,10,304.0673358,0.002231791033409536,10,1.0,3040.673358,True,
LOCAL-v1-q3-cell50_shared_field-5019,3,candidate,11,320.3635668181818,0.0020165409659966826,11,1.0,3523.999235,True,
LOCAL-v1-q3-cell50_shared_field-5020,3,candidate,16,211.491715375,0.004043666995130479,16,1.0,3383.867446,True,
LOCAL-v1-q3-cell50_shared_field-5021,3,candidate,14,271.5711302857143,0.0027219170005992055,14,1.0,3801.995824,True,
LOCAL-v1-q3-cell50_shared_field-5022,3,candidate,14,197.39943314285713,0.0030329590663313866,14,1.0,2763.592064,True,
LOCAL-v1-q3-cell50_shared_field-5023,3,candidate,15,232.92056466666665,0.003766624955460429,15,1.0,3493.80847,True,
LOCAL-v1-q3-cell50_shared_field-5024,3,candidate,13,255.24573400000003,0.002520750043913722,13,1.0,3318.194542,True,
LOCAL-v1-q3-cell50_shared_field-5025,3,candidate,12,262.9737905,0.00246533309109509,12,1.0,3155.685486,True,
LOCAL-v1-q3-cell50_shared_field-5026,3,candidate,15,230.42815426666667,0.0022789170034229755,15,1.0,3456.422314,True,
LOCAL-v1-q3-cell50_shared_field-5027,3,candidate,11,331.4954350909091,0.0017318750033155084,11,1.0,3646.449786,True,
LOCAL-v1-q3-cell50_shared_field-5028,3,candidate,10,305.0262381,0.0015892909141257405,10,1.0,3050.262381,True,
LOCAL-v1-q3-cell50_shared_field-5029,3,candidate,11,271.1167765454545,0.0017226249910891056,11,1.0,2982.284542,True,
LOCAL-v1-q3-cell50_shared_field-5030,3,candidate,12,226.00926225,0.0020619999850168824,12,1.0,2712.111147,True,
LOCAL-v1-q3-cell50_shared_field-5031,3,candidate,15,214.29850560000003,0.003964958945289254,15,1.0,3214.477584,True,
LOCAL-v1-q3-cell50_shared_field-5032,3,candidate,11,287.2863389090909,0.0025085420347750187,11,1.0,3160.149728,True,
LOCAL-v1-q3-cell50_shared_field-5033,3,candidate,14,239.70074535714284,0.003458040999248624,14,1.0,3355.810435,True,
LOCAL-v1-q3-cell50_shared_field-5034,3,candidate,16,203.6678135,0.004421791061758995,16,1.0,3258.685016,True,
LOCAL-v1-q3-cell50_shared_field-5035,3,candidate,10,311.2316479,0.0018619169713929296,10,1.0,3112.316479,True,
LOCAL-v1-q3-cell50_shared_field-5036,3,candidate,15,215.39512413333333,0.003670833073556423,15,1.0,3230.926862,True,
LOCAL-v1-q3-cell50_shared_field-5037,3,candidate,15,219.55865766666665,0.0031269590836018324,15,1.0,3293.379865,True,
LOCAL-v1-q3-cell50_shared_field-5038,3,candidate,16,194.225230625,0.004071625065989792,16,1.0,3107.60369,True,
LOCAL-v1-q3-cell50_shared_field-5039,3,candidate,10,329.71423089999996,0.0017163330921903253,10,1.0,3297.142309,True,
LOCAL-v1-q3-cell50_shared_field-5040,3,candidate,15,240.13608506666665,0.0027782090473920107,15,1.0,3602.041276,True,
LOCAL-v1-q3-cell50_shared_field-5041,3,candidate,15,227.32911026666667,0.0030677500180900097,15,1.0,3409.936654,True,
LOCAL-v1-q3-cell50_shared_field-5042,3,candidate,11,284.0157519090909,0.0017891250317916274,11,1.0,3124.173271,True,
LOCAL-v1-q3-cell50_shared_field-5043,3,candidate,12,270.1399785,0.0028434169944375753,12,1.0,3241.679742,True,
LOCAL-v1-q3-cell50_shared_field-5044,3,candidate,11,305.08727554545453,0.0018869159976020455,11,1.0,3355.960031,True,
LOCAL-v1-q3-cell50_shared_field-5045,3,candidate,11,265.94194763636364,0.0027908749179914594,11,1.0,2925.361424,True,
LOCAL-v1-q3-cell50_shared_field-5046,3,candidate,10,268.1103555,0.0020057089859619737,10,1.0,2681.103555,True,
LOCAL-v1-q3-cell50_shared_field-5047,3,candidate,16,230.28859725,0.003131416975520551,16,1.0,3684.617556,True,
LOCAL-v1-q3-cell50_shared_field-5048,3,candidate,12,254.070486,0.0020496250363066792,12,1.0,3048.845832,True,
LOCAL-v1-q3-cell50_shared_field-5049,3,candidate,10,307.80351740000003,0.0015358749078586698,10,1.0,3078.035174,True,
LOCAL-v1-q3-cell50_shared_field-5050,3,candidate,15,237.67226346666666,0.003182374988682568,15,1.0,3565.083952,True,
LOCAL-v1-q3-cell50_shared_field-5051,3,candidate,11,303.6562977272727,0.0016245830338448286,11,1.0,3340.219275,True,
LOCAL-v1-q3-cell50_shared_field-5052,3,candidate,13,230.2578799230769,0.0028411250095814466,13,1.0,2993.352439,True,
LOCAL-v1-q3-cell50_shared_field-5053,3,candidate,16,252.0823295625,0.0026157910469919443,16,1.0,4033.317273,True,
LOCAL-v1-q3-cell50_shared_field-5054,3,candidate,16,270.536873125,0.002611457952298224,16,1.0,4328.58997,True,
LOCAL-v1-q3-cell50_shared_field-5055,3,candidate,12,265.8132028333333,0.0024520419538021088,12,1.0,3189.758434,True,
LOCAL-v1-q3-cell50_shared_field-5056,3,candidate,13,242.95117346153847,0.0025004579219967127,13,1.0,3158.365255,True,
LOCAL-v1-q3-cell50_shared_field-5057,3,candidate,13,268.5191654615385,0.0021265840623527765,13,1.0,3490.749151,True,
LOCAL-v1-q3-cell50_shared_field-5058,3,candidate,14,239.57465607142856,0.002606875030323863,14,1.0,3354.045185,True,
LOCAL-v1-q3-cell50_shared_field-5059,3,candidate,12,276.1423565833333,0.001645917072892189,12,1.0,3313.708279,True,
LOCAL-v1-q3-cell50_shared_field-5060,3,candidate,11,271.54194418181817,0.0020802499493584037,11,1.0,2986.961386,True,
LOCAL-v1-q3-cell50_shared_field-5061,3,candidate,13,242.03049046153848,0.00256908405572176,13,1.0,3146.396376,True,
LOCAL-v1-q3-cell50_shared_field-5062,3,candidate,16,223.967338,0.0037849999498575926,16,1.0,3583.477408,True,
LOCAL-v1-q3-cell50_shared_field-5063,3,candidate,15,245.9937263333333,0.0030240839114412665,15,1.0,3689.905895,True,
LOCAL-v1-q3-cell50_shared_field-5064,3,candidate,13,264.6706031538462,0.0025047080125659704,13,1.0,3440.717841,True,
LOCAL-v1-q3-cell50_shared_field-5065,3,candidate,12,254.00876158333332,0.0018073329702019691,12,1.0,3048.105139,True,
LOCAL-v1-q3-cell50_shared_field-5066,3,candidate,10,310.7956138,0.0016825000056996942,10,1.0,3107.956138,True,
LOCAL-v1-q3-cell50_shared_field-5067,3,candidate,16,215.8450958125,0.004135333001613617,16,1.0,3453.521533,True,
LOCAL-v1-q3-cell50_shared_field-5068,3,candidate,13,214.474544,0.0027672499418258667,13,1.0,2788.169072,True,
LOCAL-v1-q3-cell50_shared_field-5069,3,candidate,14,226.6103355,0.0036744580138474703,14,1.0,3172.544697,True,
LOCAL-v1-q3-cell50_shared_field-5070,3,candidate,12,278.1048720833333,0.002201916999183595,12,1.0,3337.258465,True,
LOCAL-v1-q3-cell50_shared_field-5071,3,candidate,12,273.50497325,0.0021554159466177225,12,1.0,3282.059679,True,
LOCAL-v1-q3-cell50_shared_field-5072,3,candidate,15,210.638123,0.003215458942577243,15,1.0,3159.571845,True,
LOCAL-v1-q3-cell50_shared_field-5073,3,candidate,10,280.3564484,0.002048832946456969,10,1.0,2803.564484,True,
LOCAL-v1-q3-cell50_shared_field-5074,3,candidate,16,233.0921654375,0.0037635830231010914,16,1.0,3729.474647,True,
LOCAL-v1-q3-cell50_shared_field-5075,3,candidate,15,211.2135564,0.0035211669746786356,15,1.0,3168.203346,True,
LOCAL-v1-q3-cell50_shared_field-5076,3,candidate,12,247.29248116666668,0.0024841249687597156,12,1.0,2967.509774,True,
LOCAL-v1-q3-cell50_shared_field-5077,3,candidate,14,244.60067442857144,0.003102665999904275,14,1.0,3424.409442,True,
LOCAL-v1-q3-cell50_shared_field-5078,3,candidate,13,258.37644515384613,0.0027417080709710717,13,1.0,3358.893787,True,
LOCAL-v1-q3-cell50_shared_field-5079,3,candidate,10,305.3859383,0.002102124970406294,10,1.0,3053.859383,True,
LOCAL-v1-q3-cell50_shared_field-5080,3,candidate,10,281.9757912,0.0020672089885920286,10,1.0,2819.757912,True,
LOCAL-v1-q3-cell50_shared_field-5081,3,candidate,16,216.467311125,0.0037897080183029175,16,1.0,3463.476978,True,
LOCAL-v1-q3-cell50_shared_field-5082,3,candidate,13,250.30420830769233,0.002183999982662499,13,1.0,3253.954708,True,
LOCAL-v1-q3-cell50_shared_field-5083,3,candidate,13,261.9375150769231,0.002045084023848176,13,1.0,3405.187696,True,
LOCAL-v1-q3-cell50_shared_field-5084,3,candidate,14,257.0449138571429,0.003210832946933806,14,1.0,3598.628794,True,
LOCAL-v1-q3-cell50_shared_field-5085,3,candidate,15,241.50893173333333,0.003056082990951836,15,1.0,3622.633976,True,
LOCAL-v1-q3-cell50_shared_field-5086,3,candidate,12,263.1245725,0.0019565830007195473,12,1.0,3157.49487,True,
LOCAL-v1-q3-cell50_shared_field-5087,3,candidate,13,220.00233846153847,0.0030364999547600746,13,1.0,2860.0304,True,
LOCAL-v1-q3-cell50_shared_field-5088,3,candidate,16,199.0766973125,0.0032584579894319177,16,1.0,3185.227157,True,
LOCAL-v1-q3-cell50_shared_field-5089,3,candidate,15,231.72939073333333,0.0036030830815434456,15,1.0,3475.940861,True,
LOCAL-v1-q3-cell50_shared_field-5090,3,candidate,14,234.83886349999997,0.004146542050875723,14,1.0,3287.744089,True,
LOCAL-v1-q3-cell50_shared_field-5091,3,candidate,12,283.0966230833333,0.0021116669522598386,12,1.0,3397.159477,True,
LOCAL-v1-q3-cell50_shared_field-5092,3,candidate,11,237.21916027272727,0.0023453340400010347,11,1.0,2609.410763,True,
LOCAL-v1-q3-cell50_shared_field-5093,3,candidate,15,258.06539626666665,0.002675459021702409,15,1.0,3870.980944,True,
LOCAL-v1-q3-cell50_shared_field-5094,3,candidate,11,272.71637336363636,0.001763083040714264,11,1.0,2999.880107,True,
LOCAL-v1-q3-cell50_shared_field-5095,3,candidate,10,273.5102775,0.0019418750889599323,10,1.0,2735.102775,True,
LOCAL-v1-q3-cell50_shared_field-5096,3,candidate,14,251.72008778571427,0.002639208105392754,14,1.0,3524.081229,True,
LOCAL-v1-q3-cell50_shared_field-5097,3,candidate,13,260.7319246923077,0.002802083035930991,13,1.0,3389.515021,True,
LOCAL-v1-q3-cell50_shared_field-5098,3,candidate,16,229.2480418125,0.0027427920140326023,16,1.0,3667.968669,True,
LOCAL-v1-q3-cell50_shared_field-5099,3,candidate,13,245.4702166153846,0.002209416008554399,13,1.0,3191.112816,True,
LOCAL-v1-q3-cell500_shared_field-5000,3,candidate,11,303.26634109090907,0.0016623750561848283,11,1.0,3335.929752,True,
LOCAL-v1-q3-cell500_shared_field-5001,3,candidate,14,241.24882035714288,0.003645749995484948,14,1.0,3377.483485,True,
LOCAL-v1-q3-cell500_shared_field-5002,3,candidate,15,205.27263706666665,0.002764208009466529,15,1.0,3079.089556,True,
LOCAL-v1-q3-cell500_shared_field-5003,3,candidate,11,257.52132527272727,0.002373875002376735,11,1.0,2832.734578,True,
LOCAL-v1-q3-cell500_shared_field-5004,3,candidate,12,275.74052608333335,0.0018078339053317904,12,1.0,3308.886313,True,
LOCAL-v1-q3-cell500_shared_field-5005,3,candidate,11,310.9622608181818,0.0015376670053228736,11,1.0,3420.584869,True,
LOCAL-v1-q3-cell500_shared_field-5006,3,candidate,11,294.8097300909091,0.0021029580384492874,11,1.0,3242.907031,True,
LOCAL-v1-q3-cell500_shared_field-5007,3,candidate,11,298.38083318181816,0.0017441670643165708,11,1.0,3282.189165,True,
LOCAL-v1-q3-cell500_shared_field-5008,3,candidate,10,277.9552261,0.002644208027049899,10,1.0,2779.552261,True,
LOCAL-v1-q3-cell500_shared_field-5009,3,candidate,14,214.13530942857142,0.002763250027783215,14,1.0,2997.894332,True,
LOCAL-v1-q3-cell500_shared_field-5010,3,candidate,12,232.86262908333333,0.0033913329243659973,12,1.0,2794.351549,True,
LOCAL-v1-q3-cell500_shared_field-5011,3,candidate,15,282.3093717333333,0.002786832978017628,15,1.0,4234.640576,True,
LOCAL-v1-q3-cell500_shared_field-5012,3,candidate,10,307.3259139,0.0015134579734876752,10,1.0,3073.259139,True,
LOCAL-v1-q3-cell500_shared_field-5013,3,candidate,12,267.21815525,0.0019175420748069882,12,1.0,3206.617863,True,
LOCAL-v1-q3-cell500_shared_field-5014,3,candidate,11,265.97036381818185,0.0023102920968085527,11,1.0,2925.674002,True,
LOCAL-v1-q3-cell500_shared_field-5015,3,candidate,12,245.68860108333334,0.002695124945603311,12,1.0,2948.263213,True,
LOCAL-v1-q3-cell500_shared_field-5016,3,candidate,16,221.2235468125,0.0033553329994902015,16,1.0,3539.576749,True,
LOCAL-v1-q3-cell500_shared_field-5017,3,candidate,15,223.41896020000001,0.003738999948836863,15,1.0,3351.284403,True,
LOCAL-v1-q3-cell500_shared_field-5018,3,candidate,10,310.16286260000004,0.002062499988824129,10,1.0,3101.628626,True,
LOCAL-v1-q3-cell500_shared_field-5019,3,candidate,11,317.0972456363636,0.0020512499613687396,11,1.0,3488.069702,True,
LOCAL-v1-q3-cell500_shared_field-5020,3,candidate,16,213.460832375,0.004313208977691829,16,1.0,3415.373318,True,
LOCAL-v1-q3-cell500_shared_field-5021,3,candidate,14,266.74359535714285,0.002679124940186739,14,1.0,3734.410335,True,
LOCAL-v1-q3-cell500_shared_field-5022,3,candidate,14,233.76361214285717,0.0033948339987546206,14,1.0,3272.69057,True,
LOCAL-v1-q3-cell500_shared_field-5023,3,candidate,15,228.4159354,0.003828916000202298,15,1.0,3426.239031,True,
LOCAL-v1-q3-cell500_shared_field-5024,3,candidate,13,251.58249607692306,0.0026529160095378757,13,1.0,3270.572449,True,
LOCAL-v1-q3-cell500_shared_field-5025,3,candidate,12,262.34663058333336,0.0024298750795423985,12,1.0,3148.159567,True,
LOCAL-v1-q3-cell500_shared_field-5026,3,candidate,15,234.18607686666667,0.002453707973472774,15,1.0,3512.791153,True,
LOCAL-v1-q3-cell500_shared_field-5027,3,candidate,11,330.0754020909091,0.0014824160607531667,11,1.0,3630.829423,True,
LOCAL-v1-q3-cell500_shared_field-5028,3,candidate,10,307.2046516,0.0016656250227242708,10,1.0,3072.046516,True,
LOCAL-v1-q3-cell500_shared_field-5029,3,candidate,11,271.5618682727273,0.002010708092711866,11,1.0,2987.180551,True,
LOCAL-v1-q3-cell500_shared_field-5030,3,candidate,12,223.96925841666666,0.0021636669989675283,12,1.0,2687.631101,True,
LOCAL-v1-q3-cell500_shared_field-5031,3,candidate,15,208.2528824,0.003804249921813607,15,1.0,3123.793236,True,
LOCAL-v1-q3-cell500_shared_field-5032,3,candidate,11,280.06335145454545,0.002672125003300607,11,1.0,3080.696866,True,
LOCAL-v1-q3-cell500_shared_field-5033,3,candidate,14,235.40616157142858,0.0032015410251915455,14,1.0,3295.686262,True,
LOCAL-v1-q3-cell500_shared_field-5034,3,candidate,16,213.123122,0.004834999912418425,16,1.0,3409.969952,True,
LOCAL-v1-q3-cell500_shared_field-5035,3,candidate,10,308.7916838,0.0018752909963950515,10,1.0,3087.916838,True,
LOCAL-v1-q3-cell500_shared_field-5036,3,candidate,15,219.15294713333333,0.0038981669349595904,15,1.0,3287.294207,True,
LOCAL-v1-q3-cell500_shared_field-5037,3,candidate,15,214.16331526666667,0.0031558340415358543,15,1.0,3212.449729,True,
LOCAL-v1-q3-cell500_shared_field-5038,3,candidate,16,193.164397875,0.0038821250200271606,16,1.0,3090.630366,True,
LOCAL-v1-q3-cell500_shared_field-5039,3,candidate,10,325.222394,0.002020958927460015,10,1.0,3252.22394,True,
LOCAL-v1-q3-cell500_shared_field-5040,3,candidate,15,242.77650673333335,0.0029002090450376272,15,1.0,3641.647601,True,
LOCAL-v1-q3-cell500_shared_field-5041,3,candidate,15,225.50030386666668,0.0029042920796200633,15,1.0,3382.504558,True,
LOCAL-v1-q3-cell500_shared_field-5042,3,candidate,11,281.50273063636365,0.0018673749873414636,11,1.0,3096.530037,True,
LOCAL-v1-q3-cell500_shared_field-5043,3,candidate,12,273.5574315833333,0.0028730829944834113,12,1.0,3282.689179,True,
LOCAL-v1-q3-cell500_shared_field-5044,3,candidate,11,303.86666072727274,0.001871666987426579,11,1.0,3342.533268,True,
LOCAL-v1-q3-cell500_shared_field-5045,3,candidate,11,265.88167063636365,0.0027518749702721834,11,1.0,2924.698377,True,
LOCAL-v1-q3-cell500_shared_field-5046,3,candidate,10,267.11714689999997,0.0023907499853521585,10,1.0,2671.171469,True,
LOCAL-v1-q3-cell500_shared_field-5047,3,candidate,16,222.5907185,0.0030085000908002257,16,1.0,3561.451496,True,
LOCAL-v1-q3-cell500_shared_field-5048,3,candidate,12,249.79550766666668,0.001982750021852553,12,1.0,2997.546092,True,
LOCAL-v1-q3-cell500_shared_field-5049,3,candidate,10,308.9564837,0.0016304169548675418,10,1.0,3089.564837,True,
LOCAL-v1-q3-cell500_shared_field-5050,3,candidate,15,238.574314,0.0032381670316681266,15,1.0,3578.61471,True,
LOCAL-v1-q3-cell500_shared_field-5051,3,candidate,11,302.89209009090905,0.0015607920940965414,11,1.0,3331.812991,True,
LOCAL-v1-q3-cell500_shared_field-5052,3,candidate,13,231.45289192307695,0.0027762079844251275,13,1.0,3008.887595,True,
LOCAL-v1-q3-cell500_shared_field-5053,3,candidate,16,254.3056364375,0.0026147919707000256,16,1.0,4068.890183,True,
LOCAL-v1-q3-cell500_shared_field-5054,3,candidate,16,271.4436890625,0.0024022500729188323,16,1.0,4343.099025,True,
LOCAL-v1-q3-cell500_shared_field-5055,3,candidate,12,257.78645825,0.0021605839719995856,12,1.0,3093.437499,True,
LOCAL-v1-q3-cell500_shared_field-5056,3,candidate,13,244.810706,0.002716667018830776,13,1.0,3182.539178,True,
LOCAL-v1-q3-cell500_shared_field-5057,3,candidate,13,274.1649088461538,0.0020817910553887486,13,1.0,3564.143815,True,
LOCAL-v1-q3-cell500_shared_field-5058,3,candidate,14,240.30659485714287,0.002628916990943253,14,1.0,3364.292328,True,
LOCAL-v1-q3-cell500_shared_field-5059,3,candidate,12,279.56877733333334,0.0017209999496117234,12,1.0,3354.825328,True,
LOCAL-v1-q3-cell500_shared_field-5060,3,candidate,11,266.70111445454546,0.0021263340022414923,11,1.0,2933.712259,True,
LOCAL-v1-q3-cell500_shared_field-5061,3,candidate,13,243.3615993846154,0.002458833041600883,13,1.0,3163.700792,True,
LOCAL-v1-q3-cell500_shared_field-5062,3,candidate,16,225.2058826875,0.00381883408408612,16,1.0,3603.294123,True,
LOCAL-v1-q3-cell500_shared_field-5063,3,candidate,15,230.0194382,0.002864082925952971,15,1.0,3450.291573,True,
LOCAL-v1-q3-cell500_shared_field-5064,3,candidate,13,268.2791909230769,0.0023092920891940594,13,1.0,3487.629482,True,
LOCAL-v1-q3-cell500_shared_field-5065,3,candidate,12,259.16946566666667,0.0022269999608397484,12,1.0,3110.033588,True,
LOCAL-v1-q3-cell500_shared_field-5066,3,candidate,10,306.538798,0.0017011660384014249,10,1.0,3065.38798,True,
LOCAL-v1-q3-cell500_shared_field-5067,3,candidate,16,216.895491625,0.004225999931804836,16,1.0,3470.327866,True,
LOCAL-v1-q3-cell500_shared_field-5068,3,candidate,13,211.54349115384613,0.0027483749436214566,13,1.0,2750.065385,True,
LOCAL-v1-q3-cell500_shared_field-5069,3,candidate,14,223.68350021428571,0.003648624988272786,14,1.0,3131.569003,True,
LOCAL-v1-q3-cell500_shared_field-5070,3,candidate,12,272.7353575833333,0.0019765840843319893,12,1.0,3272.824291,True,
LOCAL-v1-q3-cell500_shared_field-5071,3,candidate,12,270.67632575,0.0022713340586051345,12,1.0,3248.115909,True,
LOCAL-v1-q3-cell500_shared_field-5072,3,candidate,15,205.17832926666668,0.0031319999834522605,15,1.0,3077.674939,True,
LOCAL-v1-q3-cell500_shared_field-5073,3,candidate,10,284.088117,0.001958208973519504,10,1.0,2840.88117,True,
LOCAL-v1-q3-cell500_shared_field-5074,3,candidate,16,229.10782075,0.003943583928048611,16,1.0,3665.725132,True,
LOCAL-v1-q3-cell500_shared_field-5075,3,candidate,15,212.8508646666667,0.003388624987564981,15,1.0,3192.76297,True,
LOCAL-v1-q3-cell500_shared_field-5076,3,candidate,12,243.442887,0.0022696669911965728,12,1.0,2921.314644,True,
LOCAL-v1-q3-cell500_shared_field-5077,3,candidate,14,244.44075921428572,0.003242290928028524,14,1.0,3422.170629,True,
LOCAL-v1-q3-cell500_shared_field-5078,3,candidate,13,259.81823323076924,0.0026131659979000688,13,1.0,3377.637032,True,
LOCAL-v1-q3-cell500_shared_field-5079,3,candidate,10,296.9897476,0.0018482080195099115,10,1.0,2969.897476,True,
LOCAL-v1-q3-cell500_shared_field-5080,3,candidate,10,278.7703808,0.0024458339903503656,10,1.0,2787.703808,True,
LOCAL-v1-q3-cell500_shared_field-5081,3,candidate,16,216.364734375,0.003703000023961067,16,1.0,3461.83575,True,
LOCAL-v1-q3-cell500_shared_field-5082,3,candidate,13,238.54293484615386,0.0019512079888954759,13,1.0,3101.058153,True,
LOCAL-v1-q3-cell500_shared_field-5083,3,candidate,13,256.8180399230769,0.0023963330313563347,13,1.0,3338.634519,True,
LOCAL-v1-q3-cell500_shared_field-5084,3,candidate,14,256.02121542857145,0.0030022079590708017,14,1.0,3584.297016,True,
LOCAL-v1-q3-cell500_shared_field-5085,3,candidate,15,242.6854886,0.0029674579855054617,15,1.0,3640.282329,True,
LOCAL-v1-q3-cell500_shared_field-5086,3,candidate,12,266.1723205833333,0.0022172920871526003,12,1.0,3194.067847,True,
LOCAL-v1-q3-cell500_shared_field-5087,3,candidate,13,218.16796915384614,0.0028547500260174274,13,1.0,2836.183599,True,
LOCAL-v1-q3-cell500_shared_field-5088,3,candidate,16,197.9308163125,0.003169375006109476,16,1.0,3166.893061,True,
LOCAL-v1-q3-cell500_shared_field-5089,3,candidate,15,229.85238886666667,0.003516040975227952,15,1.0,3447.785833,True,
LOCAL-v1-q3-cell500_shared_field-5090,3,candidate,14,232.1423915,0.004050208022817969,14,1.0,3249.993481,True,
LOCAL-v1-q3-cell500_shared_field-5091,3,candidate,12,284.6581205833333,0.0022744169691577554,12,1.0,3415.897447,True,
LOCAL-v1-q3-cell500_shared_field-5092,3,candidate,11,237.32825072727272,0.0024239999474957585,11,1.0,2610.610758,True,
LOCAL-v1-q3-cell500_shared_field-5093,3,candidate,15,258.20043173333335,0.0025237499503418803,15,1.0,3873.006476,True,
LOCAL-v1-q3-cell500_shared_field-5094,3,candidate,11,275.3354159090909,0.00185870798304677,11,1.0,3028.689575,True,
LOCAL-v1-q3-cell500_shared_field-5095,3,candidate,10,273.1710128,0.002037291065789759,10,1.0,2731.710128,True,
LOCAL-v1-q3-cell500_shared_field-5096,3,candidate,14,249.26517664285714,0.0025175840128213167,14,1.0,3489.712473,True,
LOCAL-v1-q3-cell500_shared_field-5097,3,candidate,13,261.1405893846154,0.0026676669949665666,13,1.0,3394.827662,True,
LOCAL-v1-q3-cell500_shared_field-5098,3,candidate,16,228.482800375,0.003039957955479622,16,1.0,3655.724806,True,
LOCAL-v1-q3-cell500_shared_field-5099,3,candidate,13,241.95024615384617,0.0021855420200154185,13,1.0,3145.3532,True,
LOCAL-v1-q3-edge_mixed_min_radius-5000,3,candidate,11,340.3507268181818,0.0012485829647630453,11,1.0,3743.857995,True,
LOCAL-v1-q3-edge_mixed_min_radius-5001,3,candidate,14,305.7800085,0.001836625044234097,14,1.0,4280.920119,True,
LOCAL-v1-q3-edge_mixed_min_radius-5002,3,candidate,15,284.75264386666663,0.00196449994109571,15,1.0,4271.289658,True,
LOCAL-v1-q3-edge_mixed_min_radius-5003,3,candidate,11,333.3554980909091,0.0012855830136686563,11,1.0,3666.910479,True,
LOCAL-v1-q3-edge_mixed_min_radius-5004,3,candidate,12,315.4258819166667,0.0014301249757409096,12,1.0,3785.110583,True,
LOCAL-v1-q3-edge_mixed_min_radius-5005,3,candidate,11,349.8569780909091,0.0012242079246789217,11,1.0,3848.426759,True,
LOCAL-v1-q3-edge_mixed_min_radius-5006,3,candidate,11,322.57917036363636,0.0013196670915931463,11,1.0,3548.370874,True,
LOCAL-v1-q3-edge_mixed_min_radius-5007,3,candidate,11,320.72930199999996,0.0012556660221889615,11,1.0,3528.022322,True,
LOCAL-v1-q3-edge_mixed_min_radius-5008,3,candidate,10,372.4103377,0.0012843749718740582,10,1.0,3724.103377,True,
LOCAL-v1-q3-edge_mixed_min_radius-5009,3,candidate,14,268.3961371428571,0.0016568340361118317,14,1.0,3757.54592,True,
LOCAL-v1-q3-edge_mixed_min_radius-5010,3,candidate,12,309.306481,0.0012402919819578528,12,1.0,3711.677772,True,
LOCAL-v1-q3-edge_mixed_min_radius-5011,3,candidate,15,314.88276586666666,0.0017937499796971679,15,1.0,4723.241488,True,
LOCAL-v1-q3-edge_mixed_min_radius-5012,3,candidate,10,340.5503787,0.0012958329170942307,10,1.0,3405.503787,True,
LOCAL-v1-q3-edge_mixed_min_radius-5013,3,candidate,12,340.75012225,0.001587916980497539,12,1.0,4089.001467,True,
LOCAL-v1-q3-edge_mixed_min_radius-5014,3,candidate,11,355.4980359090909,0.0013162500690668821,11,1.0,3910.478395,True,
LOCAL-v1-q3-edge_mixed_min_radius-5015,3,candidate,12,313.01633275,0.0013423329219222069,12,1.0,3756.195993,True,
LOCAL-v1-q3-edge_mixed_min_radius-5016,3,candidate,16,289.665538125,0.0018180839251726866,16,1.0,4634.64861,True,
LOCAL-v1-q3-edge_mixed_min_radius-5017,3,candidate,15,283.0962274666666,0.0016239170217886567,15,1.0,4246.443412,True,
LOCAL-v1-q3-edge_mixed_min_radius-5018,3,candidate,10,374.3018681,0.0012602910865098238,10,1.0,3743.018681,True,
LOCAL-v1-q3-edge_mixed_min_radius-5019,3,candidate,11,314.4035881818182,0.0013923340011388063,11,1.0,3458.43947,True,
LOCAL-v1-q3-edge_mixed_min_radius-5020,3,candidate,16,230.4718825,0.0017292089760303497,16,1.0,3687.55012,True,
LOCAL-v1-q3-edge_mixed_min_radius-5021,3,candidate,14,291.3453676428571,0.00163612503092736,14,1.0,4078.835147,True,
LOCAL-v1-q3-edge_mixed_min_radius-5022,3,candidate,14,292.8997655,0.0016961670480668545,14,1.0,4100.596717,True,
LOCAL-v1-q3-edge_mixed_min_radius-5023,3,candidate,15,269.22437733333334,0.0020173339871689677,15,1.0,4038.36566,True,
LOCAL-v1-q3-edge_mixed_min_radius-5024,3,candidate,13,296.9945319230769,0.0014531250344589353,13,1.0,3860.928915,True,
LOCAL-v1-q3-edge_mixed_min_radius-5025,3,candidate,12,336.62002108333337,0.0014395000180229545,12,1.0,4039.440253,True,
LOCAL-v1-q3-edge_mixed_min_radius-5026,3,candidate,15,265.1920227333333,0.0017242920584976673,15,1.0,3977.880341,True,
LOCAL-v1-q3-edge_mixed_min_radius-5027,3,candidate,11,368.4700228181818,0.0012459579156711698,11,1.0,4053.170251,True,
LOCAL-v1-q3-edge_mixed_min_radius-5028,3,candidate,10,341.80207989999997,0.0011290829861536622,10,1.0,3418.020799,True,
LOCAL-v1-q3-edge_mixed_min_radius-5029,3,candidate,11,335.72731254545454,0.0015084999613463879,11,1.0,3693.000438,True,
LOCAL-v1-q3-edge_mixed_min_radius-5030,3,candidate,12,304.92429941666666,0.0013146250275895,12,1.0,3659.091593,True,
LOCAL-v1-q3-edge_mixed_min_radius-5031,3,candidate,15,276.5185649333333,0.0017931669717654586,15,1.0,4147.778474,True,
LOCAL-v1-q3-edge_mixed_min_radius-5032,3,candidate,11,314.1981134545454,0.0012890410143882036,11,1.0,3456.179248,True,
LOCAL-v1-q3-edge_mixed_min_radius-5033,3,candidate,14,289.2903230714286,0.0016468330286443233,14,1.0,4050.064523,True,
LOCAL-v1-q3-edge_mixed_min_radius-5034,3,candidate,16,281.0446255625,0.0019198330119252205,16,1.0,4496.714009,True,
LOCAL-v1-q3-edge_mixed_min_radius-5035,3,candidate,10,335.09090430000003,0.001252416055649519,10,1.0,3350.909043,True,
LOCAL-v1-q3-edge_mixed_min_radius-5036,3,candidate,15,283.6805468666667,0.0016167920548468828,15,1.0,4255.208203,True,
LOCAL-v1-q3-edge_mixed_min_radius-5037,3,candidate,15,295.5549972,0.0016774170799180865,15,1.0,4433.324958,True,
LOCAL-v1-q3-edge_mixed_min_radius-5038,3,candidate,16,273.346701875,0.0018698329804465175,16,1.0,4373.54723,True,
LOCAL-v1-q3-edge_mixed_min_radius-5039,3,candidate,10,382.91029960000003,0.0014410419389605522,10,1.0,3829.102996,True,
LOCAL-v1-q3-edge_mixed_min_radius-5040,3,candidate,15,259.55986153333333,0.0017815829487517476,15,1.0,3893.397923,True,
LOCAL-v1-q3-edge_mixed_min_radius-5041,3,candidate,15,256.8967517333333,0.0016762500163167715,15,1.0,3853.451276,True,
LOCAL-v1-q3-edge_mixed_min_radius-5042,3,candidate,11,348.57323072727274,0.0016434579156339169,11,1.0,3834.305538,True,
LOCAL-v1-q3-edge_mixed_min_radius-5043,3,candidate,12,332.28409708333334,0.001399792032316327,12,1.0,3987.409165,True,
LOCAL-v1-q3-edge_mixed_min_radius-5044,3,candidate,11,363.2452242727273,0.0013961249496787786,11,1.0,3995.697467,True,
LOCAL-v1-q3-edge_mixed_min_radius-5045,3,candidate,11,330.4803037272727,0.0012970420066267252,11,1.0,3635.283341,True,
LOCAL-v1-q3-edge_mixed_min_radius-5046,3,candidate,10,335.2847658,0.0012759160017594695,10,1.0,3352.847658,True,
LOCAL-v1-q3-edge_mixed_min_radius-5047,3,candidate,16,264.12435675,0.0018736249767243862,16,1.0,4225.989708,True,
LOCAL-v1-q3-edge_mixed_min_radius-5048,3,candidate,12,326.11515,0.0015197920147329569,12,1.0,3913.3818,True,
LOCAL-v1-q3-edge_mixed_min_radius-5049,3,candidate,10,383.02531,0.0014197089476510882,10,1.0,3830.2531,True,
LOCAL-v1-q3-edge_mixed_min_radius-5050,3,candidate,15,268.93777106666664,0.0017050830647349358,15,1.0,4034.066566,True,
LOCAL-v1-q3-edge_mixed_min_radius-5051,3,candidate,11,370.87825854545457,0.0013925000093877316,11,1.0,4079.660844,True,
LOCAL-v1-q3-edge_mixed_min_radius-5052,3,candidate,13,320.1181936153846,0.0014635000843554735,13,1.0,4161.536517,True,
LOCAL-v1-q3-edge_mixed_min_radius-5053,3,candidate,16,267.275853,0.0018099580192938447,16,1.0,4276.413648,True,
LOCAL-v1-q3-edge_mixed_min_radius-5054,3,candidate,16,237.2244714375,0.001921958988532424,16,1.0,3795.591543,True,
LOCAL-v1-q3-edge_mixed_min_radius-5055,3,candidate,12,286.84963583333337,0.001468874979764223,12,1.0,3442.19563,True,
LOCAL-v1-q3-edge_mixed_min_radius-5056,3,candidate,13,263.78764815384613,0.0015998330200091004,13,1.0,3429.239426,True,
LOCAL-v1-q3-edge_mixed_min_radius-5057,3,candidate,13,309.46198646153846,0.001558207906782627,13,1.0,4023.005824,True,
LOCAL-v1-q3-edge_mixed_min_radius-5058,3,candidate,14,282.8829897142857,0.0015348329907283187,14,1.0,3960.361856,True,
LOCAL-v1-q3-edge_mixed_min_radius-5059,3,candidate,12,328.491308,0.0014546250458806753,12,1.0,3941.895696,True,
LOCAL-v1-q3-edge_mixed_min_radius-5060,3,candidate,11,364.8324121818182,0.0013406670186668634,11,1.0,4013.156534,True,
LOCAL-v1-q3-edge_mixed_min_radius-5061,3,candidate,13,293.7011595384615,0.0014453750336542726,13,1.0,3818.115074,True,
LOCAL-v1-q3-edge_mixed_min_radius-5062,3,candidate,16,259.15962925,0.0018418330000713468,16,1.0,4146.554068,True,
LOCAL-v1-q3-edge_mixed_min_radius-5063,3,candidate,15,292.824732,0.0018072500824928284,15,1.0,4392.37098,True,
LOCAL-v1-q3-edge_mixed_min_radius-5064,3,candidate,13,287.20173384615384,0.001639332971535623,13,1.0,3733.62254,True,
LOCAL-v1-q3-edge_mixed_min_radius-5065,3,candidate,12,303.6843105,0.00141587492544204,12,1.0,3644.211726,True,
LOCAL-v1-q3-edge_mixed_min_radius-5066,3,candidate,10,416.70881419999995,0.0012912499951198697,10,1.0,4167.088142,True,
LOCAL-v1-q3-edge_mixed_min_radius-5067,3,candidate,16,273.2290085625,0.0017842500237748027,16,1.0,4371.664137,True,
LOCAL-v1-q3-edge_mixed_min_radius-5068,3,candidate,13,297.41721707692307,0.0013934590388089418,13,1.0,3866.423822,True,
LOCAL-v1-q3-edge_mixed_min_radius-5069,3,candidate,14,287.4753512857143,0.0019232920603826642,14,1.0,4024.654918,True,
LOCAL-v1-q3-edge_mixed_min_radius-5070,3,candidate,12,324.18387275000003,0.0015161250485107303,12,1.0,3890.206473,True,
LOCAL-v1-q3-edge_mixed_min_radius-5071,3,candidate,12,322.80683558333334,0.0013904590159654617,12,1.0,3873.682027,True,
LOCAL-v1-q3-edge_mixed_min_radius-5072,3,candidate,15,292.99196639999997,0.0016570420702919364,15,1.0,4394.879496,True,
LOCAL-v1-q3-edge_mixed_min_radius-5073,3,candidate,10,334.3626031,0.001181415980681777,10,1.0,3343.626031,True,
LOCAL-v1-q3-edge_mixed_min_radius-5074,3,candidate,16,290.204300375,0.0017122919671237469,16,1.0,4643.268806,True,
LOCAL-v1-q3-edge_mixed_min_radius-5075,3,candidate,15,265.3862394,0.002010500058531761,15,1.0,3980.793591,True,
LOCAL-v1-q3-edge_mixed_min_radius-5076,3,candidate,12,296.8127336666667,0.0014389590360224247,12,1.0,3561.752804,True,
LOCAL-v1-q3-edge_mixed_min_radius-5077,3,candidate,14,286.28894378571425,0.0016825409838929772,14,1.0,4008.045213,True,
LOCAL-v1-q3-edge_mixed_min_radius-5078,3,candidate,13,294.6913153076923,0.0015639170305803418,13,1.0,3830.987099,True,
LOCAL-v1-q3-edge_mixed_min_radius-5079,3,candidate,10,372.2873978,0.001167292008176446,10,1.0,3722.873978,True,
LOCAL-v1-q3-edge_mixed_min_radius-5080,3,candidate,10,358.33642580000003,0.0014732920099049807,10,1.0,3583.364258,True,
LOCAL-v1-q3-edge_mixed_min_radius-5081,3,candidate,16,272.4529181875,0.0018341660033911467,16,1.0,4359.246691,True,
LOCAL-v1-q3-edge_mixed_min_radius-5082,3,candidate,13,301.3033699230769,0.0014719580067321658,13,1.0,3916.943809,True,
LOCAL-v1-q3-edge_mixed_min_radius-5083,3,candidate,13,328.65358561538466,0.0015166669618338346,13,1.0,4272.496613,True,
LOCAL-v1-q3-edge_mixed_min_radius-5084,3,candidate,14,277.92667771428574,0.0015292499447241426,14,1.0,3890.973488,True,
LOCAL-v1-q3-edge_mixed_min_radius-5085,3,candidate,15,293.11455606666664,0.002013375051319599,15,1.0,4396.718341,True,
LOCAL-v1-q3-edge_mixed_min_radius-5086,3,candidate,12,299.31407874999996,0.0013812079560011625,12,1.0,3591.768945,True,
LOCAL-v1-q3-edge_mixed_min_radius-5087,3,candidate,13,328.9093823846154,0.0014881669776514173,13,1.0,4275.821971,True,
LOCAL-v1-q3-edge_mixed_min_radius-5088,3,candidate,16,254.199906375,0.0016817089635878801,16,1.0,4067.198502,True,
LOCAL-v1-q3-edge_mixed_min_radius-5089,3,candidate,15,267.21668873333334,0.0015897919656708837,15,1.0,4008.250331,True,
LOCAL-v1-q3-edge_mixed_min_radius-5090,3,candidate,14,271.7586687857143,0.0015623340150341392,14,1.0,3804.621363,True,
LOCAL-v1-q3-edge_mixed_min_radius-5091,3,candidate,12,321.2503619166667,0.0015040419530123472,12,1.0,3855.004343,True,
LOCAL-v1-q3-edge_mixed_min_radius-5092,3,candidate,11,333.6178718181818,0.001539040938951075,11,1.0,3669.79659,True,
LOCAL-v1-q3-edge_mixed_min_radius-5093,3,candidate,15,282.68769793333337,0.0017596669495105743,15,1.0,4240.315469,True,
LOCAL-v1-q3-edge_mixed_min_radius-5094,3,candidate,11,324.0969081818182,0.001324458047747612,11,1.0,3565.06599,True,
LOCAL-v1-q3-edge_mixed_min_radius-5095,3,candidate,10,357.7308882,0.0013887919485569,10,1.0,3577.308882,True,
LOCAL-v1-q3-edge_mixed_min_radius-5096,3,candidate,14,276.44617485714286,0.0015610000118613243,14,1.0,3870.246448,True,
LOCAL-v1-q3-edge_mixed_min_radius-5097,3,candidate,13,274.03245407692305,0.0014667919604107738,13,1.0,3562.421903,True,
LOCAL-v1-q3-edge_mixed_min_radius-5098,3,candidate,16,248.3783775,0.0018749169539660215,16,1.0,3974.05404,True,
LOCAL-v1-q3-edge_mixed_min_radius-5099,3,candidate,13,278.94009700000004,0.0013802920002490282,13,1.0,3626.221261,True,
LOCAL-v1-q3-offcenter_cluster-5000,3,candidate,11,319.2980006363636,0.0019799580331891775,11,1.0,3512.278007,True,
LOCAL-v1-q3-offcenter_cluster-5001,3,candidate,14,287.09823892857145,0.0030884169973433018,14,1.0,4019.375345,True,
LOCAL-v1-q3-offcenter_cluster-5002,3,candidate,15,202.90808186666666,0.0035805830266326666,15,1.0,3043.621228,True,
LOCAL-v1-q3-offcenter_cluster-5003,3,candidate,11,267.5425688181818,0.0020626250188797712,11,1.0,2942.968257,True,
LOCAL-v1-q3-offcenter_cluster-5004,3,candidate,12,286.0713283333333,0.001952041988261044,12,1.0,3432.85594,True,
LOCAL-v1-q3-offcenter_cluster-5005,3,candidate,11,276.68667045454544,0.0020288749365136027,11,1.0,3043.553375,True,
LOCAL-v1-q3-offcenter_cluster-5006,3,candidate,11,245.88454909090908,0.0018945418996736407,11,1.0,2704.73004,True,
LOCAL-v1-q3-offcenter_cluster-5007,3,candidate,11,265.60542636363635,0.002099083038046956,11,1.0,2921.65969,True,
LOCAL-v1-q3-offcenter_cluster-5008,3,candidate,10,302.6775159,0.002102416940033436,10,1.0,3026.775159,True,
LOCAL-v1-q3-offcenter_cluster-5009,3,candidate,14,205.64575264285713,0.002980582998134196,14,1.0,2879.040537,True,
LOCAL-v1-q3-offcenter_cluster-5010,3,candidate,12,285.40256275,0.0023941670078784227,12,1.0,3424.830753,True,
LOCAL-v1-q3-offcenter_cluster-5011,3,candidate,15,311.1582610666666,0.0026421670336276293,15,1.0,4667.373916,True,
LOCAL-v1-q3-offcenter_cluster-5012,3,candidate,10,277.0591426,0.0018741670064628124,10,1.0,2770.591426,True,
LOCAL-v1-q3-offcenter_cluster-5013,3,candidate,12,336.68733741666665,0.0027253329753875732,12,1.0,4040.248049,True,
LOCAL-v1-q3-offcenter_cluster-5014,3,candidate,11,286.12762572727274,0.002036707941442728,11,1.0,3147.403883,True,
LOCAL-v1-q3-offcenter_cluster-5015,3,candidate,12,320.7475828333333,0.003021958051249385,12,1.0,3848.970994,True,
LOCAL-v1-q3-offcenter_cluster-5016,3,candidate,16,213.7216548125,0.003109334036707878,16,1.0,3419.546477,True,
LOCAL-v1-q3-offcenter_cluster-5017,3,candidate,15,341.4814796666667,0.003635041997767985,15,1.0,5122.222195,True,
LOCAL-v1-q3-offcenter_cluster-5018,3,candidate,10,272.5560294,0.0018168330425396562,10,1.0,2725.560294,True,
LOCAL-v1-q3-offcenter_cluster-5019,3,candidate,11,411.8587661818182,0.0016401249449700117,11,1.0,4530.446428,True,
LOCAL-v1-q3-offcenter_cluster-5020,3,candidate,16,105.6083884375,0.0026731659891083837,16,1.0,1689.734215,True,
LOCAL-v1-q3-offcenter_cluster-5021,3,candidate,14,461.71747735714285,0.0029835000168532133,14,1.0,6464.044683,True,
LOCAL-v1-q3-offcenter_cluster-5022,3,candidate,14,246.5962872142857,0.0033565000630915165,14,1.0,3452.348021,True,
LOCAL-v1-q3-offcenter_cluster-5023,3,candidate,15,205.44706206666666,0.003452791948802769,15,1.0,3081.705931,True,
LOCAL-v1-q3-offcenter_cluster-5024,3,candidate,13,439.85157707692304,0.0029135840013623238,13,1.0,5718.070502,True,
LOCAL-v1-q3-offcenter_cluster-5025,3,candidate,12,359.300078,0.0030042079742997885,12,1.0,4311.600936,True,
LOCAL-v1-q3-offcenter_cluster-5026,3,candidate,15,206.404114,0.00361166603397578,15,1.0,3096.06171,True,
LOCAL-v1-q3-offcenter_cluster-5027,3,candidate,11,280.0779304545454,0.0020340000046417117,11,1.0,3080.857235,True,
LOCAL-v1-q3-offcenter_cluster-5028,3,candidate,10,383.5024873,0.001994333928450942,10,1.0,3835.024873,True,
LOCAL-v1-q3-offcenter_cluster-5029,3,candidate,11,382.1810304545454,0.002279084059409797,11,1.0,4203.991335,True,
LOCAL-v1-q3-offcenter_cluster-5030,3,candidate,12,276.44415525,0.002708040992729366,12,1.0,3317.329863,True,
LOCAL-v1-q3-offcenter_cluster-5031,3,candidate,15,273.54097813333334,0.003197957994416356,15,1.0,4103.114672,True,
LOCAL-v1-q3-offcenter_cluster-5032,3,candidate,11,323.71952463636364,0.0021523749455809593,11,1.0,3560.914771,True,
LOCAL-v1-q3-offcenter_cluster-5033,3,candidate,14,204.72452928571428,0.002841999987140298,14,1.0,2866.14341,True,
LOCAL-v1-q3-offcenter_cluster-5034,3,candidate,16,236.3694778125,0.0032445420511066914,16,1.0,3781.911645,True,
LOCAL-v1-q3-offcenter_cluster-5035,3,candidate,10,265.6134981,0.0016318750567734241,10,1.0,2656.134981,True,
LOCAL-v1-q3-offcenter_cluster-5036,3,candidate,15,195.012787,0.004033665987662971,15,1.0,2925.191805,True,
LOCAL-v1-q3-offcenter_cluster-5037,3,candidate,15,401.66434533333336,0.004430874949321151,15,1.0,6024.96518,True,
LOCAL-v1-q3-offcenter_cluster-5038,3,candidate,16,152.9335081875,0.0026903750840574503,16,1.0,2446.936131,True,
LOCAL-v1-q3-offcenter_cluster-5039,3,candidate,10,274.9907341,0.0017651250818744302,10,1.0,2749.907341,True,
LOCAL-v1-q3-offcenter_cluster-5040,3,candidate,15,307.7893162666667,0.003170749987475574,15,1.0,4616.839744,True,
LOCAL-v1-q3-offcenter_cluster-5041,3,candidate,15,281.0380244,0.003953584004193544,15,1.0,4215.570366,True,
LOCAL-v1-q3-offcenter_cluster-5042,3,candidate,11,259.0492027272727,0.0021962090395390987,11,1.0,2849.54123,True,
LOCAL-v1-q3-offcenter_cluster-5043,3,candidate,12,224.1111761666667,0.002251208992674947,12,1.0,2689.334114,True,
LOCAL-v1-q3-offcenter_cluster-5044,3,candidate,11,359.57881136363636,0.0019092089496552944,11,1.0,3955.366925,True,
LOCAL-v1-q3-offcenter_cluster-5045,3,candidate,11,356.92257245454545,0.0017323329811915755,11,1.0,3926.148297,True,
LOCAL-v1-q3-offcenter_cluster-5046,3,candidate,10,321.81829170000003,0.0017439170042052865,10,1.0,3218.182917,True,
LOCAL-v1-q3-offcenter_cluster-5047,3,candidate,16,217.169247625,0.0031348339980468154,16,1.0,3474.707962,True,
LOCAL-v1-q3-offcenter_cluster-5048,3,candidate,12,313.0045048333333,0.0018604170763865113,12,1.0,3756.054058,True,
LOCAL-v1-q3-offcenter_cluster-5049,3,candidate,10,338.3107057,0.002003125031478703,10,1.0,3383.107057,True,
LOCAL-v1-q3-offcenter_cluster-5050,3,candidate,15,211.37271066666665,0.0034271249314770103,15,1.0,3170.59066,True,
LOCAL-v1-q3-offcenter_cluster-5051,3,candidate,11,253.83842745454547,0.0020684170303866267,11,1.0,2792.222702,True,
LOCAL-v1-q3-offcenter_cluster-5052,3,candidate,13,376.10873515384617,0.0029772910056635737,13,1.0,4889.413557,True,
LOCAL-v1-q3-offcenter_cluster-5053,3,candidate,16,235.5229639375,0.0033501669531688094,16,1.0,3768.367423,True,
LOCAL-v1-q3-offcenter_cluster-5054,3,candidate,16,141.938866625,0.002522332943044603,16,1.0,2271.021866,True,
LOCAL-v1-q3-offcenter_cluster-5055,3,candidate,12,227.4328275833333,0.002426082966849208,12,1.0,2729.193931,True,
LOCAL-v1-q3-offcenter_cluster-5056,3,candidate,13,266.2911987692308,0.0030762089882045984,13,1.0,3461.785584,True,
LOCAL-v1-q3-offcenter_cluster-5057,3,candidate,13,236.68578323076923,0.003174416022375226,13,1.0,3076.915182,True,
LOCAL-v1-q3-offcenter_cluster-5058,3,candidate,14,252.9400807857143,0.002582708024419844,14,1.0,3541.161131,True,
LOCAL-v1-q3-offcenter_cluster-5059,3,candidate,12,435.13067516666666,0.0022229169262573123,12,1.0,5221.568102,True,
LOCAL-v1-q3-offcenter_cluster-5060,3,candidate,11,293.68147263636365,0.002310624928213656,11,1.0,3230.496199,True,
LOCAL-v1-q3-offcenter_cluster-5061,3,candidate,13,251.21160215384617,0.00274470797739923,13,1.0,3265.750828,True,
LOCAL-v1-q3-offcenter_cluster-5062,3,candidate,16,115.7957133125,0.00253333302680403,16,1.0,1852.731413,True,
LOCAL-v1-q3-offcenter_cluster-5063,3,candidate,15,222.65533846666668,0.0036633339477702975,15,1.0,3339.830077,True,
LOCAL-v1-q3-offcenter_cluster-5064,3,candidate,13,329.8805933846154,0.0019442919874563813,13,1.0,4288.447714,True,
LOCAL-v1-q3-offcenter_cluster-5065,3,candidate,12,341.3966745,0.002699500066228211,12,1.0,4096.760094,True,
LOCAL-v1-q3-offcenter_cluster-5066,3,candidate,10,372.1771753,0.001572333974763751,10,1.0,3721.771753,True,
LOCAL-v1-q3-offcenter_cluster-5067,3,candidate,16,133.7272933125,0.0028582500526681542,16,1.0,2139.636693,True,
LOCAL-v1-q3-offcenter_cluster-5068,3,candidate,13,287.1067253076923,0.0021342089166864753,13,1.0,3732.387429,True,
LOCAL-v1-q3-offcenter_cluster-5069,3,candidate,14,214.9853402142857,0.002933165989816189,14,1.0,3009.794763,True,
LOCAL-v1-q3-offcenter_cluster-5070,3,candidate,12,366.63229791666663,0.0016357500571757555,12,1.0,4399.587575,True,
LOCAL-v1-q3-offcenter_cluster-5071,3,candidate,12,274.15858733333334,0.0025764170568436384,12,1.0,3289.903048,True,
LOCAL-v1-q3-offcenter_cluster-5072,3,candidate,15,208.1179872,0.0036132909590378404,15,1.0,3121.769808,True,
LOCAL-v1-q3-offcenter_cluster-5073,3,candidate,10,320.31782499999997,0.00162341701798141,10,1.0,3203.17825,True,
LOCAL-v1-q3-offcenter_cluster-5074,3,candidate,16,98.6606568125,0.002303624991327524,16,1.0,1578.570509,True,
LOCAL-v1-q3-offcenter_cluster-5075,3,candidate,15,286.07100013333337,0.0031841249438002706,15,1.0,4291.065002,True,
LOCAL-v1-q3-offcenter_cluster-5076,3,candidate,12,451.59700633333335,0.0025199169758707285,12,1.0,5419.164076,True,
LOCAL-v1-q3-offcenter_cluster-5077,3,candidate,14,277.50827021428574,0.0033128750510513783,14,1.0,3885.115783,True,
LOCAL-v1-q3-offcenter_cluster-5078,3,candidate,13,312.23165684615384,0.0022133340826258063,13,1.0,4059.011539,True,
LOCAL-v1-q3-offcenter_cluster-5079,3,candidate,10,317.8437235,0.002061625011265278,10,1.0,3178.437235,True,
LOCAL-v1-q3-offcenter_cluster-5080,3,candidate,10,355.2905572,0.001957500004209578,10,1.0,3552.905572,True,
LOCAL-v1-q3-offcenter_cluster-5081,3,candidate,16,97.8881601875,0.0026365419616922736,16,1.0,1566.210563,True,
LOCAL-v1-q3-offcenter_cluster-5082,3,candidate,13,389.4870265384615,0.002959582954645157,13,1.0,5063.331345,True,
LOCAL-v1-q3-offcenter_cluster-5083,3,candidate,13,276.10829607692307,0.002717458992265165,13,1.0,3589.407849,True,
LOCAL-v1-q3-offcenter_cluster-5084,3,candidate,14,197.21224885714287,0.0031904589850455523,14,1.0,2760.971484,True,
LOCAL-v1-q3-offcenter_cluster-5085,3,candidate,15,232.95552886666667,0.0034202500246465206,15,1.0,3494.332933,True,
LOCAL-v1-q3-offcenter_cluster-5086,3,candidate,12,306.20245708333334,0.002787749981507659,12,1.0,3674.429485,True,
LOCAL-v1-q3-offcenter_cluster-5087,3,candidate,13,334.2718293076923,0.00321424996946007,13,1.0,4345.533781,True,
LOCAL-v1-q3-offcenter_cluster-5088,3,candidate,16,255.9811953125,0.003057915950194001,16,1.0,4095.699125,True,
LOCAL-v1-q3-offcenter_cluster-5089,3,candidate,15,196.36732753333334,0.0035650829086080194,15,1.0,2945.509913,True,
LOCAL-v1-q3-offcenter_cluster-5090,3,candidate,14,281.65603942857143,0.0028579579666256905,14,1.0,3943.184552,True,
LOCAL-v1-q3-offcenter_cluster-5091,3,candidate,12,252.411866,0.0022120829671621323,12,1.0,3028.942392,True,
LOCAL-v1-q3-offcenter_cluster-5092,3,candidate,11,284.3412108181818,0.002171957981772721,11,1.0,3127.753319,True,
LOCAL-v1-q3-offcenter_cluster-5093,3,candidate,15,197.96415073333335,0.0037623329553753138,15,1.0,2969.462261,True,
LOCAL-v1-q3-offcenter_cluster-5094,3,candidate,11,252.36189490909092,0.0019528339616954327,11,1.0,2775.980844,True,
LOCAL-v1-q3-offcenter_cluster-5095,3,candidate,10,422.1961954,0.001236374955624342,10,1.0,4221.961954,True,
LOCAL-v1-q3-offcenter_cluster-5096,3,candidate,14,227.85688642857144,0.0031997079495340586,14,1.0,3189.99641,True,
LOCAL-v1-q3-offcenter_cluster-5097,3,candidate,13,232.32197846153846,0.0025023340713232756,13,1.0,3020.18572,True,
LOCAL-v1-q3-offcenter_cluster-5098,3,candidate,16,110.7775778125,0.0029903328977525234,16,1.0,1772.441245,True,
LOCAL-v1-q3-offcenter_cluster-5099,3,candidate,13,230.92536676923075,0.003064334043301642,13,1.0,3002.029768,True,
LOCAL-v1-q3-origin_cluster-5000,3,candidate,11,380.239807,0.0028729159384965897,11,1.0,4182.637877,True,
LOCAL-v1-q3-origin_cluster-5001,3,candidate,14,332.7669148571428,0.004498583963140845,14,1.0,4658.736808,True,
LOCAL-v1-q3-origin_cluster-5002,3,candidate,15,322.6722314,0.005989625002257526,15,1.0,4840.083471,True,
LOCAL-v1-q3-origin_cluster-5003,3,candidate,11,347.3223768181818,0.0021400830009952188,11,1.0,3820.546145,True,
LOCAL-v1-q3-origin_cluster-5004,3,candidate,12,352.82898324999996,0.0033078750129789114,12,1.0,4233.947799,True,
LOCAL-v1-q3-origin_cluster-5005,3,candidate,11,381.7749171818181,0.003151125041767955,11,1.0,4199.524089,True,
LOCAL-v1-q3-origin_cluster-5006,3,candidate,11,370.14184500000005,0.0029875420732423663,11,1.0,4071.560295,True,
LOCAL-v1-q3-origin_cluster-5007,3,candidate,11,375.3372033636364,0.0028142499504610896,11,1.0,4128.709237,True,
LOCAL-v1-q3-origin_cluster-5008,3,candidate,10,401.7452331,0.0026314998976886272,10,1.0,4017.452331,True,
LOCAL-v1-q3-origin_cluster-5009,3,candidate,14,336.2202390714286,0.004873541998676956,14,1.0,4707.083347,True,
LOCAL-v1-q3-origin_cluster-5010,3,candidate,12,361.11010016666665,0.004012792021967471,12,1.0,4333.321202,True,
LOCAL-v1-q3-origin_cluster-5011,3,candidate,15,313.1843645333333,0.005457374965772033,15,1.0,4697.765468,True,
LOCAL-v1-q3-origin_cluster-5012,3,candidate,10,394.96450930000003,0.002696082927286625,10,1.0,3949.645093,True,
LOCAL-v1-q3-origin_cluster-5013,3,candidate,12,356.86643200000003,0.0035429999697953463,12,1.0,4282.397184,True,
LOCAL-v1-q3-origin_cluster-5014,3,candidate,11,368.94070818181814,0.0031998329795897007,11,1.0,4058.34779,True,
LOCAL-v1-q3-origin_cluster-5015,3,candidate,12,341.112415,0.0030904579907655716,12,1.0,4093.34898,True,
LOCAL-v1-q3-origin_cluster-5016,3,candidate,16,190.80971225,0.0025807920610532165,16,1.0,3052.955396,True,
LOCAL-v1-q3-origin_cluster-5017,3,candidate,15,321.1626856666666,0.005400208989158273,15,1.0,4817.440285,True,
LOCAL-v1-q3-origin_cluster-5018,3,candidate,10,401.106938,0.002497833105735481,10,1.0,4011.06938,True,
LOCAL-v1-q3-origin_cluster-5019,3,candidate,11,375.7246520909091,0.0032984170829877257,11,1.0,4132.971173,True,
LOCAL-v1-q3-origin_cluster-5020,3,candidate,16,189.2096170625,0.0026119580725207925,16,1.0,3027.353873,True,
LOCAL-v1-q3-origin_cluster-5021,3,candidate,14,329.02422964285716,0.0049779589753597975,14,1.0,4606.339215,True,
LOCAL-v1-q3-origin_cluster-5022,3,candidate,14,330.0170180714286,0.004758208058774471,14,1.0,4620.238253,True,
LOCAL-v1-q3-origin_cluster-5023,3,candidate,15,322.2989251333333,0.006161457975395024,15,1.0,4834.483877,True,
LOCAL-v1-q3-origin_cluster-5024,3,candidate,13,334.8395241538461,0.0040140829514712095,13,1.0,4352.913814,True,
LOCAL-v1-q3-origin_cluster-5025,3,candidate,12,364.8412011666667,0.003480082959868014,12,1.0,4378.094414,True,
LOCAL-v1-q3-origin_cluster-5026,3,candidate,15,293.46522246666666,0.004527583019807935,15,1.0,4401.978337,True,
LOCAL-v1-q3-origin_cluster-5027,3,candidate,11,362.0199170909091,0.002998166950419545,11,1.0,3982.219088,True,
LOCAL-v1-q3-origin_cluster-5028,3,candidate,10,405.2929272,0.002579582971520722,10,1.0,4052.929272,True,
LOCAL-v1-q3-origin_cluster-5029,3,candidate,11,372.8241346363636,0.0030576250283047557,11,1.0,4101.065481,True,
LOCAL-v1-q3-origin_cluster-5030,3,candidate,12,349.45503575,0.0032900410005822778,12,1.0,4193.460429,True,
LOCAL-v1-q3-origin_cluster-5031,3,candidate,15,318.5535284,0.005676208063960075,15,1.0,4778.302926,True,
LOCAL-v1-q3-origin_cluster-5032,3,candidate,11,378.7993872727273,0.002951083006337285,11,1.0,4166.79326,True,
LOCAL-v1-q3-origin_cluster-5033,3,candidate,14,313.2611352857143,0.003910125000402331,14,1.0,4385.655894,True,
LOCAL-v1-q3-origin_cluster-5034,3,candidate,16,191.405927125,0.0026106250006705523,16,1.0,3062.494834,True,
LOCAL-v1-q3-origin_cluster-5035,3,candidate,10,371.39568410000004,0.0020109169417992234,10,1.0,3713.956841,True,
LOCAL-v1-q3-origin_cluster-5036,3,candidate,15,320.6167652666666,0.005316791939549148,15,1.0,4809.251479,True,
LOCAL-v1-q3-origin_cluster-5037,3,candidate,15,316.7774664666667,0.005504624918103218,15,1.0,4751.661997,True,
LOCAL-v1-q3-origin_cluster-5038,3,candidate,16,190.1869870625,0.0025019170716404915,16,1.0,3042.991793,True,
LOCAL-v1-q3-origin_cluster-5039,3,candidate,10,398.8899336,0.002380083897151053,10,1.0,3988.899336,True,
LOCAL-v1-q3-origin_cluster-5040,3,candidate,15,312.39407673333335,0.005649833008646965,15,1.0,4685.911151,True,
LOCAL-v1-q3-origin_cluster-5041,3,candidate,15,320.03827386666666,0.005489000002853572,15,1.0,4800.574108,True,
LOCAL-v1-q3-origin_cluster-5042,3,candidate,11,379.1213895454546,0.0034526250092312694,11,1.0,4170.335285,True,
LOCAL-v1-q3-origin_cluster-5043,3,candidate,12,358.6952473333333,0.003446832997724414,12,1.0,4304.342968,True,
LOCAL-v1-q3-origin_cluster-5044,3,candidate,11,348.88964836363635,0.002612167038023472,11,1.0,3837.786132,True,
LOCAL-v1-q3-origin_cluster-5045,3,candidate,11,375.77242509090905,0.0030955419642850757,11,1.0,4133.496676,True,
LOCAL-v1-q3-origin_cluster-5046,3,candidate,10,402.9576591,0.0025421250611543655,10,1.0,4029.576591,True,
LOCAL-v1-q3-origin_cluster-5047,3,candidate,16,188.1037526875,0.0026305830106139183,16,1.0,3009.660043,True,
LOCAL-v1-q3-origin_cluster-5048,3,candidate,12,353.2913060833334,0.0035772500559687614,12,1.0,4239.495673,True,
LOCAL-v1-q3-origin_cluster-5049,3,candidate,10,399.0215703,0.0025072089629247785,10,1.0,3990.215703,True,
LOCAL-v1-q3-origin_cluster-5050,3,candidate,15,321.6986080666667,0.005560667021200061,15,1.0,4825.479121,True,
LOCAL-v1-q3-origin_cluster-5051,3,candidate,11,377.5506235454546,0.0029453750466927886,11,1.0,4153.056859,True,
LOCAL-v1-q3-origin_cluster-5052,3,candidate,13,340.2870741538461,0.004026999929919839,13,1.0,4423.731964,True,
LOCAL-v1-q3-origin_cluster-5053,3,candidate,16,192.0521846875,0.0024986250791698694,16,1.0,3072.834955,True,
LOCAL-v1-q3-origin_cluster-5054,3,candidate,16,188.5879421875,0.002772000036202371,16,1.0,3017.407075,True,
LOCAL-v1-q3-origin_cluster-5055,3,candidate,12,351.34537858333334,0.0031211249297484756,12,1.0,4216.144543,True,
LOCAL-v1-q3-origin_cluster-5056,3,candidate,13,347.5915703076923,0.004382333951070905,13,1.0,4518.690414,True,
LOCAL-v1-q3-origin_cluster-5057,3,candidate,13,323.2369052307692,0.003290915978141129,13,1.0,4202.079768,True,
LOCAL-v1-q3-origin_cluster-5058,3,candidate,14,329.8625472857143,0.0048989999340847135,14,1.0,4618.075662,True,
LOCAL-v1-q3-origin_cluster-5059,3,candidate,12,359.25755941666665,0.0035100840032100677,12,1.0,4311.090713,True,
LOCAL-v1-q3-origin_cluster-5060,3,candidate,11,357.22840754545456,0.0028690830804407597,11,1.0,3929.512483,True,
LOCAL-v1-q3-origin_cluster-5061,3,candidate,13,340.362471,0.004447333049029112,13,1.0,4424.712123,True,
LOCAL-v1-q3-origin_cluster-5062,3,candidate,16,190.1546533125,0.002443457953631878,16,1.0,3042.474453,True,
LOCAL-v1-q3-origin_cluster-5063,3,candidate,15,325.7836486,0.0057764590019360185,15,1.0,4886.754729,True,
LOCAL-v1-q3-origin_cluster-5064,3,candidate,13,346.007722,0.0043434579856693745,13,1.0,4498.100386,True,
LOCAL-v1-q3-origin_cluster-5065,3,candidate,12,347.8179035,0.003626124933362007,12,1.0,4173.814842,True,
LOCAL-v1-q3-origin_cluster-5066,3,candidate,10,402.0835576,0.0025665840366855264,10,1.0,4020.835576,True,
LOCAL-v1-q3-origin_cluster-5067,3,candidate,16,177.830517,0.0022623330587521195,16,1.0,2845.288272,True,
LOCAL-v1-q3-origin_cluster-5068,3,candidate,13,339.0692248461538,0.004069625050760806,13,1.0,4407.899923,True,
LOCAL-v1-q3-origin_cluster-5069,3,candidate,14,339.0518738571428,0.005209167022258043,14,1.0,4746.726234,True,
LOCAL-v1-q3-origin_cluster-5070,3,candidate,12,358.66123575,0.0036225839285179973,12,1.0,4303.934829,True,
LOCAL-v1-q3-origin_cluster-5071,3,candidate,12,331.61494541666667,0.0030510409269481897,12,1.0,3979.379345,True,
LOCAL-v1-q3-origin_cluster-5072,3,candidate,15,319.11567886666666,0.00548275001347065,15,1.0,4786.735183,True,
LOCAL-v1-q3-origin_cluster-5073,3,candidate,10,405.2697016,0.0023183339508250356,10,1.0,4052.697016,True,
LOCAL-v1-q3-origin_cluster-5074,3,candidate,16,188.4961374375,0.0027412499766796827,16,1.0,3015.938199,True,
LOCAL-v1-q3-origin_cluster-5075,3,candidate,15,311.8232357333334,0.0054942501010373235,15,1.0,4677.348536,True,
LOCAL-v1-q3-origin_cluster-5076,3,candidate,12,346.194777,0.0035828750114887953,12,1.0,4154.337324,True,
LOCAL-v1-q3-origin_cluster-5077,3,candidate,14,310.76957671428573,0.0038806250086054206,14,1.0,4350.774074,True,
LOCAL-v1-q3-origin_cluster-5078,3,candidate,13,345.9539863846154,0.0048896659864112735,13,1.0,4497.401823,True,
LOCAL-v1-q3-origin_cluster-5079,3,candidate,10,392.2237422,0.002395416027866304,10,1.0,3922.237422,True,
LOCAL-v1-q3-origin_cluster-5080,3,candidate,10,404.4710608,0.00267849990632385,10,1.0,4044.710608,True,
LOCAL-v1-q3-origin_cluster-5081,3,candidate,16,192.8553551875,0.002565791946835816,16,1.0,3085.685683,True,
LOCAL-v1-q3-origin_cluster-5082,3,candidate,13,334.72320461538465,0.003964749979786575,13,1.0,4351.40166,True,
LOCAL-v1-q3-origin_cluster-5083,3,candidate,13,338.6183742307693,0.003947374993003905,13,1.0,4402.038865,True,
LOCAL-v1-q3-origin_cluster-5084,3,candidate,14,324.30137964285717,0.0047854159492999315,14,1.0,4540.219315,True,
LOCAL-v1-q3-origin_cluster-5085,3,candidate,15,316.0645624,0.0053374579874798656,15,1.0,4740.968436,True,
LOCAL-v1-q3-origin_cluster-5086,3,candidate,12,365.8108084166667,0.0035092500038444996,12,1.0,4389.729701,True,
LOCAL-v1-q3-origin_cluster-5087,3,candidate,13,336.2875381538461,0.00412500009406358,13,1.0,4371.737996,True,
LOCAL-v1-q3-origin_cluster-5088,3,candidate,16,189.3977625625,0.0025844170013442636,16,1.0,3030.364201,True,
LOCAL-v1-q3-origin_cluster-5089,3,candidate,15,316.4114078,0.005536084063351154,15,1.0,4746.171117,True,
LOCAL-v1-q3-origin_cluster-5090,3,candidate,14,321.90443292857145,0.004775583976879716,14,1.0,4506.662061,True,
LOCAL-v1-q3-origin_cluster-5091,3,candidate,12,331.43160725,0.0031744169536978006,12,1.0,3977.179287,True,
LOCAL-v1-q3-origin_cluster-5092,3,candidate,11,374.7583287272727,0.003125582938082516,11,1.0,4122.341616,True,
LOCAL-v1-q3-origin_cluster-5093,3,candidate,15,314.0524202666667,0.0059445000952109694,15,1.0,4710.786304,True,
LOCAL-v1-q3-origin_cluster-5094,3,candidate,11,367.3658870909091,0.0027964579639956355,11,1.0,4041.024758,True,
LOCAL-v1-q3-origin_cluster-5095,3,candidate,10,404.3071868,0.0030374160269275308,10,1.0,4043.071868,True,
LOCAL-v1-q3-origin_cluster-5096,3,candidate,14,313.1131136428571,0.0039826249703764915,14,1.0,4383.583591,True,
LOCAL-v1-q3-origin_cluster-5097,3,candidate,13,344.06881346153847,0.0039501250721514225,13,1.0,4472.894575,True,
LOCAL-v1-q3-origin_cluster-5098,3,candidate,16,190.1638833125,0.0025769160129129887,16,1.0,3042.622133,True,
LOCAL-v1-q3-origin_cluster-5099,3,candidate,13,339.7238812307692,0.003829000052064657,13,1.0,4416.410456,True,
LOCAL-v1-q3-minimum_radius-5000,3,candidate,11,302.628912,0.0016908749239519238,11,1.0,3328.918032,True,
LOCAL-v1-q3-minimum_radius-5001,3,candidate,14,261.0429507142857,0.002053000032901764,14,1.0,3654.60131,True,
LOCAL-v1-q3-minimum_radius-5002,3,candidate,15,242.35204386666666,0.002242584014311433,15,1.0,3635.280658,True,
LOCAL-v1-q3-minimum_radius-5003,3,candidate,11,263.59038845454546,0.0015967920189723372,11,1.0,2899.494273,True,
LOCAL-v1-q3-minimum_radius-5004,3,candidate,12,278.9847556666667,0.0019268339965492487,12,1.0,3347.817068,True,
LOCAL-v1-q3-minimum_radius-5005,3,candidate,11,329.3737639090909,0.0018839590484276414,11,1.0,3623.111403,True,
LOCAL-v1-q3-minimum_radius-5006,3,candidate,11,329.9048420909091,0.0015322499675676227,11,1.0,3628.953263,True,
LOCAL-v1-q3-minimum_radius-5007,3,candidate,11,300.7512837272727,0.001648708013817668,11,1.0,3308.264121,True,
LOCAL-v1-q3-minimum_radius-5008,3,candidate,10,327.036036,0.0017411250155419111,10,1.0,3270.36036,True,
LOCAL-v1-q3-minimum_radius-5009,3,candidate,14,228.49906742857144,0.0024036670802161098,14,1.0,3198.986944,True,
LOCAL-v1-q3-minimum_radius-5010,3,candidate,12,229.12596299999998,0.0027832079213112593,12,1.0,2749.511556,True,
LOCAL-v1-q3-minimum_radius-5011,3,candidate,15,282.45837693333334,0.002217500004917383,15,1.0,4236.875654,True,
LOCAL-v1-q3-minimum_radius-5012,3,candidate,10,322.334343,0.0014451249735429883,10,1.0,3223.34343,True,
LOCAL-v1-q3-minimum_radius-5013,3,candidate,12,304.2414171666667,0.001806250074878335,12,1.0,3650.897006,True,
LOCAL-v1-q3-minimum_radius-5014,3,candidate,11,297.15253036363634,0.0013935839524492621,11,1.0,3268.677834,True,
LOCAL-v1-q3-minimum_radius-5015,3,candidate,12,261.5106611666667,0.0021133749978616834,12,1.0,3138.127934,True,
LOCAL-v1-q3-minimum_radius-5016,3,candidate,16,228.7273299375,0.0019792920211330056,16,1.0,3659.637279,True,
LOCAL-v1-q3-minimum_radius-5017,3,candidate,15,226.65206793333334,0.00220566603820771,15,1.0,3399.781019,True,
LOCAL-v1-q3-minimum_radius-5018,3,candidate,10,340.2426272,0.0016922909999266267,10,1.0,3402.426272,True,
LOCAL-v1-q3-minimum_radius-5019,3,candidate,11,317.48568445454544,0.0012692910386249423,11,1.0,3492.342529,True,
LOCAL-v1-q3-minimum_radius-5020,3,candidate,16,217.5623024375,0.0028047090163454413,16,1.0,3480.996839,True,
LOCAL-v1-q3-minimum_radius-5021,3,candidate,14,277.1971192142857,0.002238500048406422,14,1.0,3880.759669,True,
LOCAL-v1-q3-minimum_radius-5022,3,candidate,14,227.69002550000002,0.003353165928274393,14,1.0,3187.660357,True,
LOCAL-v1-q3-minimum_radius-5023,3,candidate,15,251.6541838,0.0024918329436331987,15,1.0,3774.812757,True,
LOCAL-v1-q3-minimum_radius-5024,3,candidate,13,268.1455283076923,0.0023220001021400094,13,1.0,3485.891868,True,
LOCAL-v1-q3-minimum_radius-5025,3,candidate,12,287.54724733333336,0.0016671250341460109,12,1.0,3450.566968,True,
LOCAL-v1-q3-minimum_radius-5026,3,candidate,15,246.89002119999998,0.001844167010858655,15,1.0,3703.350318,True,
LOCAL-v1-q3-minimum_radius-5027,3,candidate,11,344.8459363636364,0.0014478749362751842,11,1.0,3793.3053,True,
LOCAL-v1-q3-minimum_radius-5028,3,candidate,10,293.40382880000004,0.001442332984879613,10,1.0,2934.038288,True,
LOCAL-v1-q3-minimum_radius-5029,3,candidate,11,310.875138,0.0015491250669583678,11,1.0,3419.626518,True,
LOCAL-v1-q3-minimum_radius-5030,3,candidate,12,237.91090116666666,0.0016072909347712994,12,1.0,2854.930814,True,
LOCAL-v1-q3-minimum_radius-5031,3,candidate,15,224.40885246666667,0.002580542000941932,15,1.0,3366.132787,True,
LOCAL-v1-q3-minimum_radius-5032,3,candidate,11,301.1352810909091,0.0018692919984459877,11,1.0,3312.488092,True,
LOCAL-v1-q3-minimum_radius-5033,3,candidate,14,248.2967697857143,0.0024040829157456756,14,1.0,3476.154777,True,
LOCAL-v1-q3-minimum_radius-5034,3,candidate,16,249.5327281875,0.001886166981421411,16,1.0,3992.523651,True,
LOCAL-v1-q3-minimum_radius-5035,3,candidate,10,332.1831505,0.0018730830634012818,10,1.0,3321.831505,True,
LOCAL-v1-q3-minimum_radius-5036,3,candidate,15,271.2540952,0.002181667019613087,15,1.0,4068.811428,True,
LOCAL-v1-q3-minimum_radius-5037,3,candidate,15,233.1001106,0.002411249908618629,15,1.0,3496.501659,True,
LOCAL-v1-q3-minimum_radius-5038,3,candidate,16,213.7733694375,0.0033184170024469495,16,1.0,3420.373911,True,
LOCAL-v1-q3-minimum_radius-5039,3,candidate,10,324.619795,0.0017860420048236847,10,1.0,3246.19795,True,
LOCAL-v1-q3-minimum_radius-5040,3,candidate,15,245.3992511333333,0.002188832964748144,15,1.0,3680.988767,True,
LOCAL-v1-q3-minimum_radius-5041,3,candidate,15,227.89227960000002,0.0022537499899044633,15,1.0,3418.384194,True,
LOCAL-v1-q3-minimum_radius-5042,3,candidate,11,301.7664116363636,0.0015836249804124236,11,1.0,3319.430528,True,
LOCAL-v1-q3-minimum_radius-5043,3,candidate,12,272.13271025,0.0022345000179484487,12,1.0,3265.592523,True,
LOCAL-v1-q3-minimum_radius-5044,3,candidate,11,312.762877,0.001920292037539184,11,1.0,3440.391647,True,
LOCAL-v1-q3-minimum_radius-5045,3,candidate,11,281.05757154545455,0.0015140839386731386,11,1.0,3091.633287,True,
LOCAL-v1-q3-minimum_radius-5046,3,candidate,10,286.7740429,0.0012079589068889618,10,1.0,2867.740429,True,
LOCAL-v1-q3-minimum_radius-5047,3,candidate,16,240.981674375,0.0024669169215485454,16,1.0,3855.70679,True,
LOCAL-v1-q3-minimum_radius-5048,3,candidate,12,274.5895061666667,0.0019690830959007144,12,1.0,3295.074074,True,
LOCAL-v1-q3-minimum_radius-5049,3,candidate,10,304.42586689999996,0.0013069580309092999,10,1.0,3044.258669,True,
LOCAL-v1-q3-minimum_radius-5050,3,candidate,15,256.6628191333333,0.00279029191005975,15,1.0,3849.942287,True,
LOCAL-v1-q3-minimum_radius-5051,3,candidate,11,335.03648263636364,0.0013617079239338636,11,1.0,3685.401309,True,
LOCAL-v1-q3-minimum_radius-5052,3,candidate,13,238.96207284615383,0.0022969580022618175,13,1.0,3106.506947,True,
LOCAL-v1-q3-minimum_radius-5053,3,candidate,16,252.9914940625,0.0025779169518500566,16,1.0,4047.863905,True,
LOCAL-v1-q3-minimum_radius-5054,3,candidate,16,261.633841125,0.0022640000097453594,16,1.0,4186.141458,True,
LOCAL-v1-q3-minimum_radius-5055,3,candidate,12,264.58995483333337,0.0017389580607414246,12,1.0,3175.079458,True,
LOCAL-v1-q3-minimum_radius-5056,3,candidate,13,254.52187384615385,0.002303958055563271,13,1.0,3308.78436,True,
LOCAL-v1-q3-minimum_radius-5057,3,candidate,13,280.95481661538463,0.0020544580183923244,13,1.0,3652.412616,True,
LOCAL-v1-q3-minimum_radius-5058,3,candidate,14,249.79652464285715,0.0018312500324100256,14,1.0,3497.151345,True,
LOCAL-v1-q3-minimum_radius-5059,3,candidate,12,290.4654765833333,0.0017082500271499157,12,1.0,3485.585719,True,
LOCAL-v1-q3-minimum_radius-5060,3,candidate,11,315.77819300000004,0.001544416998513043,11,1.0,3473.560123,True,
LOCAL-v1-q3-minimum_radius-5061,3,candidate,13,261.4178430769231,0.0018467499176040292,13,1.0,3398.43196,True,
LOCAL-v1-q3-minimum_radius-5062,3,candidate,16,233.5966875,0.0034083339851349592,16,1.0,3737.547,True,
LOCAL-v1-q3-minimum_radius-5063,3,candidate,15,240.29550986666666,0.0023626250913366675,15,1.0,3604.432648,True,
LOCAL-v1-q3-minimum_radius-5064,3,candidate,13,255.3444183076923,0.0019802500028163195,13,1.0,3319.477438,True,
LOCAL-v1-q3-minimum_radius-5065,3,candidate,12,280.29620558333335,0.0018236669711768627,12,1.0,3363.554467,True,
LOCAL-v1-q3-minimum_radius-5066,3,candidate,10,289.40828700000003,0.0015209169359877706,10,1.0,2894.08287,True,
LOCAL-v1-q3-minimum_radius-5067,3,candidate,16,250.046976625,0.0025137909688055515,16,1.0,4000.751626,True,
LOCAL-v1-q3-minimum_radius-5068,3,candidate,13,235.69724076923077,0.001793583040125668,13,1.0,3064.06413,True,
LOCAL-v1-q3-minimum_radius-5069,3,candidate,14,234.16331378571428,0.0026937919901683927,14,1.0,3278.286393,True,
LOCAL-v1-q3-minimum_radius-5070,3,candidate,12,286.40268483333335,0.0014234998961910605,12,1.0,3436.832218,True,
LOCAL-v1-q3-minimum_radius-5071,3,candidate,12,281.2503585,0.001691124984063208,12,1.0,3375.004302,True,
LOCAL-v1-q3-minimum_radius-5072,3,candidate,15,230.21960126666667,0.002388875000178814,15,1.0,3453.294019,True,
LOCAL-v1-q3-minimum_radius-5073,3,candidate,10,288.1980238,0.0017325830413028598,10,1.0,2881.980238,True,
LOCAL-v1-q3-minimum_radius-5074,3,candidate,16,228.6335524375,0.0028175830375403166,16,1.0,3658.136839,True,
LOCAL-v1-q3-minimum_radius-5075,3,candidate,15,219.49203226666666,0.0030367079889401793,15,1.0,3292.380484,True,
LOCAL-v1-q3-minimum_radius-5076,3,candidate,12,260.6673555,0.0015170830301940441,12,1.0,3128.008266,True,
LOCAL-v1-q3-minimum_radius-5077,3,candidate,14,258.311819,0.0021715000038966537,14,1.0,3616.365466,True,
LOCAL-v1-q3-minimum_radius-5078,3,candidate,13,286.7861755384616,0.0018702499801293015,13,1.0,3728.220282,True,
LOCAL-v1-q3-minimum_radius-5079,3,candidate,10,330.3708937,0.0020234169205650687,10,1.0,3303.708937,True,
LOCAL-v1-q3-minimum_radius-5080,3,candidate,10,293.467896,0.001569500076584518,10,1.0,2934.67896,True,
LOCAL-v1-q3-minimum_radius-5081,3,candidate,16,233.872809,0.002370125032030046,16,1.0,3741.964944,True,
LOCAL-v1-q3-minimum_radius-5082,3,candidate,13,252.89055223076923,0.0019177499925717711,13,1.0,3287.577179,True,
LOCAL-v1-q3-minimum_radius-5083,3,candidate,13,276.41221861538463,0.001817875076085329,13,1.0,3593.358842,True,
LOCAL-v1-q3-minimum_radius-5084,3,candidate,14,278.63449635714284,0.0021054589888080955,14,1.0,3900.882949,True,
LOCAL-v1-q3-minimum_radius-5085,3,candidate,15,238.4612712,0.002633041003718972,15,1.0,3576.919068,True,
LOCAL-v1-q3-minimum_radius-5086,3,candidate,12,268.2035138333333,0.0017545419977977872,12,1.0,3218.442166,True,
LOCAL-v1-q3-minimum_radius-5087,3,candidate,13,245.988205,0.0024679169291630387,13,1.0,3197.846665,True,
LOCAL-v1-q3-minimum_radius-5088,3,candidate,16,243.9330045,0.0022302919533103704,16,1.0,3902.928072,True,
LOCAL-v1-q3-minimum_radius-5089,3,candidate,15,230.33508160000002,0.0020866249687969685,15,1.0,3455.026224,True,
LOCAL-v1-q3-minimum_radius-5090,3,candidate,14,271.7887415,0.002937166951596737,14,1.0,3805.042381,True,
LOCAL-v1-q3-minimum_radius-5091,3,candidate,12,276.29658608333335,0.0026098330272361636,12,1.0,3315.559033,True,
LOCAL-v1-q3-minimum_radius-5092,3,candidate,11,282.11652300000003,0.0016025420045480132,11,1.0,3103.281753,True,
LOCAL-v1-q3-minimum_radius-5093,3,candidate,15,255.30295966666665,0.002183249918743968,15,1.0,3829.544395,True,
LOCAL-v1-q3-minimum_radius-5094,3,candidate,11,286.6571087272727,0.0017424160614609718,11,1.0,3153.228196,True,
LOCAL-v1-q3-minimum_radius-5095,3,candidate,10,293.37988770000004,0.0017942499835044146,10,1.0,2933.798877,True,
LOCAL-v1-q3-minimum_radius-5096,3,candidate,14,248.69342992857145,0.0021807909943163395,14,1.0,3481.708019,True,
LOCAL-v1-q3-minimum_radius-5097,3,candidate,13,268.46315723076924,0.0018414579099044204,13,1.0,3490.021044,True,
LOCAL-v1-q3-minimum_radius-5098,3,candidate,16,228.7534888125,0.0027323340764269233,16,1.0,3660.055821,True,
LOCAL-v1-q3-minimum_radius-5099,3,candidate,13,260.2232255384616,0.002145000034943223,13,1.0,3382.901932,True,
LOCAL-v1-q3-exactly10_sources-5000,3,candidate,10,303.2571793,0.0017917499644681811,10,1.0,3032.571793,True,
LOCAL-v1-q3-exactly10_sources-5001,3,candidate,10,262.8311185,0.002380209043622017,10,1.0,2628.311185,True,
LOCAL-v1-q3-exactly10_sources-5002,3,candidate,10,280.6512275,0.002038000035099685,10,1.0,2806.512275,True,
LOCAL-v1-q3-exactly10_sources-5003,3,candidate,10,287.3041761,0.0019337909761816263,10,1.0,2873.041761,True,
LOCAL-v1-q3-exactly10_sources-5004,3,candidate,10,318.4552177,0.0016033329302445054,10,1.0,3184.552177,True,
LOCAL-v1-q3-exactly10_sources-5005,3,candidate,10,270.04251,0.0023049580631777644,10,1.0,2700.4251,True,
LOCAL-v1-q3-exactly10_sources-5006,3,candidate,10,269.18665799999997,0.0018176250159740448,10,1.0,2691.86658,True,
LOCAL-v1-q3-exactly10_sources-5007,3,candidate,10,349.283392,0.0016985420370474458,10,1.0,3492.83392,True,
LOCAL-v1-q3-exactly10_sources-5008,3,candidate,10,305.9463855,0.0017108330503106117,10,1.0,3059.463855,True,
LOCAL-v1-q3-exactly10_sources-5009,3,candidate,10,282.4476823,0.001661208108998835,10,1.0,2824.476823,True,
LOCAL-v1-q3-exactly10_sources-5010,3,candidate,10,290.8850485,0.0016716659301891923,10,1.0,2908.850485,True,
LOCAL-v1-q3-exactly10_sources-5011,3,candidate,10,304.19728599999996,0.0019745829049497843,10,1.0,3041.97286,True,
LOCAL-v1-q3-exactly10_sources-5012,3,candidate,10,302.01963,0.0014415420591831207,10,1.0,3020.1963,True,
LOCAL-v1-q3-exactly10_sources-5013,3,candidate,10,314.066951,0.0016572090098634362,10,1.0,3140.66951,True,
LOCAL-v1-q3-exactly10_sources-5014,3,candidate,10,290.74706860000003,0.0017009999137371778,10,1.0,2907.470686,True,
LOCAL-v1-q3-exactly10_sources-5015,3,candidate,10,303.7240531,0.0015378750395029783,10,1.0,3037.240531,True,
LOCAL-v1-q3-exactly10_sources-5016,3,candidate,10,321.0871047,0.0016353330574929714,10,1.0,3210.871047,True,
LOCAL-v1-q3-exactly10_sources-5017,3,candidate,10,365.384744,0.0015972090186551213,10,1.0,3653.84744,True,
LOCAL-v1-q3-exactly10_sources-5018,3,candidate,10,353.0333618,0.0016425830544903874,10,1.0,3530.333618,True,
LOCAL-v1-q3-exactly10_sources-5019,3,candidate,10,353.2646619,0.0017104169819504023,10,1.0,3532.646619,True,
LOCAL-v1-q3-exactly10_sources-5020,3,candidate,10,351.83035490000003,0.0016717499820515513,10,1.0,3518.303549,True,
LOCAL-v1-q3-exactly10_sources-5021,3,candidate,10,316.6147264,0.001490499940700829,10,1.0,3166.147264,True,
LOCAL-v1-q3-exactly10_sources-5022,3,candidate,10,282.87018309999996,0.002086833002977073,10,1.0,2828.701831,True,
LOCAL-v1-q3-exactly10_sources-5023,3,candidate,10,300.5068727,0.0020149589981883764,10,1.0,3005.068727,True,
LOCAL-v1-q3-exactly10_sources-5024,3,candidate,10,270.57302949999996,0.0026111670304089785,10,1.0,2705.730295,True,
LOCAL-v1-q3-exactly10_sources-5025,3,candidate,10,316.3013803,0.001945915981195867,10,1.0,3163.013803,True,
LOCAL-v1-q3-exactly10_sources-5026,3,candidate,10,322.8121453,0.00192641606554389,10,1.0,3228.121453,True,
LOCAL-v1-q3-exactly10_sources-5027,3,candidate,10,317.7600243,0.0017521659610792994,10,1.0,3177.600243,True,
LOCAL-v1-q3-exactly10_sources-5028,3,candidate,10,293.2217789,0.0015382079873234034,10,1.0,2932.217789,True,
LOCAL-v1-q3-exactly10_sources-5029,3,candidate,10,275.6231754,0.001964750001206994,10,1.0,2756.231754,True,
LOCAL-v1-q3-exactly10_sources-5030,3,candidate,10,303.3975091,0.001314709079451859,10,1.0,3033.975091,True,
LOCAL-v1-q3-exactly10_sources-5031,3,candidate,10,253.07958109999998,0.0018840839620679617,10,1.0,2530.795811,True,
LOCAL-v1-q3-exactly10_sources-5032,3,candidate,10,308.06432759999996,0.0016087080584838986,10,1.0,3080.643276,True,
LOCAL-v1-q3-exactly10_sources-5033,3,candidate,10,313.1243662,0.0015417920658364892,10,1.0,3131.243662,True,
LOCAL-v1-q3-exactly10_sources-5034,3,candidate,10,344.4164885,0.002057375037111342,10,1.0,3444.164885,True,
LOCAL-v1-q3-exactly10_sources-5035,3,candidate,10,336.94126889999995,0.002056082943454385,10,1.0,3369.412689,True,
LOCAL-v1-q3-exactly10_sources-5036,3,candidate,10,337.9078915,0.0015579999890178442,10,1.0,3379.078915,True,
LOCAL-v1-q3-exactly10_sources-5037,3,candidate,10,290.898265,0.0019583330722525716,10,1.0,2908.98265,True,
LOCAL-v1-q3-exactly10_sources-5038,3,candidate,10,355.187207,0.0019974589813500643,10,1.0,3551.87207,True,
LOCAL-v1-q3-exactly10_sources-5039,3,candidate,10,307.8325495,0.0014376250328496099,10,1.0,3078.325495,True,
LOCAL-v1-q3-exactly10_sources-5040,3,candidate,10,310.3455319,0.001640999922528863,10,1.0,3103.455319,True,
LOCAL-v1-q3-exactly10_sources-5041,3,candidate,10,333.5863817,0.0015374579234048724,10,1.0,3335.863817,True,
LOCAL-v1-q3-exactly10_sources-5042,3,candidate,10,275.3555539,0.002682209014892578,10,1.0,2753.555539,True,
LOCAL-v1-q3-exactly10_sources-5043,3,candidate,10,316.56279559999996,0.0017001669621095061,10,1.0,3165.627956,True,
LOCAL-v1-q3-exactly10_sources-5044,3,candidate,10,291.85230809999996,0.0019109579734504223,10,1.0,2918.523081,True,
LOCAL-v1-q3-exactly10_sources-5045,3,candidate,10,282.61310530000003,0.0019505420932546258,10,1.0,2826.131053,True,
LOCAL-v1-q3-exactly10_sources-5046,3,candidate,10,289.23284520000004,0.0021517090499401093,10,1.0,2892.328452,True,
LOCAL-v1-q3-exactly10_sources-5047,3,candidate,10,270.7344991,0.002172041917219758,10,1.0,2707.344991,True,
LOCAL-v1-q3-exactly10_sources-5048,3,candidate,10,305.0153131,0.0021374999778345227,10,1.0,3050.153131,True,
LOCAL-v1-q3-exactly10_sources-5049,3,candidate,10,298.0132001,0.002086916007101536,10,1.0,2980.132001,True,
LOCAL-v1-q3-exactly10_sources-5050,3,candidate,10,270.3487932,0.001839917036704719,10,1.0,2703.487932,True,
LOCAL-v1-q3-exactly10_sources-5051,3,candidate,10,343.40893259999996,0.0014775419840589166,10,1.0,3434.089326,True,
LOCAL-v1-q3-exactly10_sources-5052,3,candidate,10,324.0687865,0.001643999945372343,10,1.0,3240.687865,True,
LOCAL-v1-q3-exactly10_sources-5053,3,candidate,10,281.2807064,0.0018915419932454824,10,1.0,2812.807064,True,
LOCAL-v1-q3-exactly10_sources-5054,3,candidate,10,329.2659463,0.0014580420684069395,10,1.0,3292.659463,True,
LOCAL-v1-q3-exactly10_sources-5055,3,candidate,10,298.76877079999997,0.0017071670154109597,10,1.0,2987.687708,True,
LOCAL-v1-q3-exactly10_sources-5056,3,candidate,10,313.098551,0.002085624961182475,10,1.0,3130.98551,True,
LOCAL-v1-q3-exactly10_sources-5057,3,candidate,10,276.173914,0.00233579205814749,10,1.0,2761.73914,True,
LOCAL-v1-q3-exactly10_sources-5058,3,candidate,10,288.2507458,0.0022851250832900405,10,1.0,2882.507458,True,
LOCAL-v1-q3-exactly10_sources-5059,3,candidate,10,315.72467489999997,0.0021232920698821545,10,1.0,3157.246749,True,
LOCAL-v1-q3-exactly10_sources-5060,3,candidate,10,284.96701210000003,0.0015401249984279275,10,1.0,2849.670121,True,
LOCAL-v1-q3-exactly10_sources-5061,3,candidate,10,284.2000964,0.001666042022407055,10,1.0,2842.000964,True,
LOCAL-v1-q3-exactly10_sources-5062,3,candidate,10,311.0065179,0.0012502089375630021,10,1.0,3110.065179,True,
LOCAL-v1-q3-exactly10_sources-5063,3,candidate,10,312.89298010000005,0.0013708750484511256,10,1.0,3128.929801,True,
LOCAL-v1-q3-exactly10_sources-5064,3,candidate,10,289.71266649999995,0.002386332955211401,10,1.0,2897.126665,True,
LOCAL-v1-q3-exactly10_sources-5065,3,candidate,10,282.439342,0.0019716660026460886,10,1.0,2824.39342,True,
LOCAL-v1-q3-exactly10_sources-5066,3,candidate,10,323.1663035,0.0015350829344242811,10,1.0,3231.663035,True,
LOCAL-v1-q3-exactly10_sources-5067,3,candidate,10,320.7545053,0.0017606249311938882,10,1.0,3207.545053,True,
LOCAL-v1-q3-exactly10_sources-5068,3,candidate,10,287.8901386,0.0021308339200913906,10,1.0,2878.901386,True,
LOCAL-v1-q3-exactly10_sources-5069,3,candidate,10,292.8913526,0.0016948339762166142,10,1.0,2928.913526,True,
LOCAL-v1-q3-exactly10_sources-5070,3,candidate,10,307.08727020000003,0.001877040951512754,10,1.0,3070.872702,True,
LOCAL-v1-q3-exactly10_sources-5071,3,candidate,10,318.92736890000003,0.001433999976143241,10,1.0,3189.273689,True,
LOCAL-v1-q3-exactly10_sources-5072,3,candidate,10,316.4325003,0.001697917003184557,10,1.0,3164.325003,True,
LOCAL-v1-q3-exactly10_sources-5073,3,candidate,10,276.47961,0.0021397079108282924,10,1.0,2764.7961,True,
LOCAL-v1-q3-exactly10_sources-5074,3,candidate,10,343.1924788,0.0019033330027014017,10,1.0,3431.924788,True,
LOCAL-v1-q3-exactly10_sources-5075,3,candidate,10,279.5985765,0.0016326659824699163,10,1.0,2795.985765,True,
LOCAL-v1-q3-exactly10_sources-5076,3,candidate,10,332.0322245,0.0014530830085277557,10,1.0,3320.322245,True,
LOCAL-v1-q3-exactly10_sources-5077,3,candidate,10,273.93309880000004,0.0022678750101476908,10,1.0,2739.330988,True,
LOCAL-v1-q3-exactly10_sources-5078,3,candidate,10,281.5753757,0.0019197919173166156,10,1.0,2815.753757,True,
LOCAL-v1-q3-exactly10_sources-5079,3,candidate,10,278.6849455,0.0020724580390378833,10,1.0,2786.849455,True,
LOCAL-v1-q3-exactly10_sources-5080,3,candidate,10,277.8259584,0.0020327919628471136,10,1.0,2778.259584,True,
LOCAL-v1-q3-exactly10_sources-5081,3,candidate,10,275.76257369999996,0.0024752080207690597,10,1.0,2757.625737,True,
LOCAL-v1-q3-exactly10_sources-5082,3,candidate,10,322.5705829,0.001635333988815546,10,1.0,3225.705829,True,
LOCAL-v1-q3-exactly10_sources-5083,3,candidate,10,304.7691878,0.0017325000371783972,10,1.0,3047.691878,True,
LOCAL-v1-q3-exactly10_sources-5084,3,candidate,10,293.6294277,0.0015241249930113554,10,1.0,2936.294277,True,
LOCAL-v1-q3-exactly10_sources-5085,3,candidate,10,300.5314724,0.0019454170251265168,10,1.0,3005.314724,True,
LOCAL-v1-q3-exactly10_sources-5086,3,candidate,10,305.9100459,0.0017097080126404762,10,1.0,3059.100459,True,
LOCAL-v1-q3-exactly10_sources-5087,3,candidate,10,305.2622946,0.0016402920009568334,10,1.0,3052.622946,True,
LOCAL-v1-q3-exactly10_sources-5088,3,candidate,10,307.0841104,0.0015683750389143825,10,1.0,3070.841104,True,
LOCAL-v1-q3-exactly10_sources-5089,3,candidate,10,305.4265025,0.0014697919832542539,10,1.0,3054.265025,True,
LOCAL-v1-q3-exactly10_sources-5090,3,candidate,10,292.4663921,0.0018920829752460122,10,1.0,2924.663921,True,
LOCAL-v1-q3-exactly10_sources-5091,3,candidate,10,343.52724939999996,0.0019242919515818357,10,1.0,3435.272494,True,
LOCAL-v1-q3-exactly10_sources-5092,3,candidate,10,296.5294318,0.0018607500242069364,10,1.0,2965.294318,True,
LOCAL-v1-q3-exactly10_sources-5093,3,candidate,10,314.8265427,0.0020637919660657644,10,1.0,3148.265427,True,
LOCAL-v1-q3-exactly10_sources-5094,3,candidate,10,310.57170379999997,0.0016816669376567006,10,1.0,3105.717038,True,
LOCAL-v1-q3-exactly10_sources-5095,3,candidate,10,319.9389036,0.0020219999132677913,10,1.0,3199.389036,True,
LOCAL-v1-q3-exactly10_sources-5096,3,candidate,10,320.9879402,0.0013586250133812428,10,1.0,3209.879402,True,
LOCAL-v1-q3-exactly10_sources-5097,3,candidate,10,247.0622406,0.0022030420368537307,10,1.0,2470.622406,True,
LOCAL-v1-q3-exactly10_sources-5098,3,candidate,10,297.5731329,0.0020941669354215264,10,1.0,2975.731329,True,
LOCAL-v1-q3-exactly10_sources-5099,3,candidate,10,306.6992968,0.002133333939127624,10,1.0,3066.992968,True,
LOCAL-v1-q3-exactly16_sources-5000,3,candidate,16,267.0781958125,0.0032762920018285513,16,1.0,4273.251133,True,
LOCAL-v1-q3-exactly16_sources-5001,3,candidate,16,170.3841793125,0.004093958996236324,16,1.0,2726.146869,True,
LOCAL-v1-q3-exactly16_sources-5002,3,candidate,16,225.51059475,0.0023564998991787434,16,1.0,3608.169516,True,
LOCAL-v1-q3-exactly16_sources-5003,3,candidate,16,198.10539675,0.003883332945406437,16,1.0,3169.686348,True,
LOCAL-v1-q3-exactly16_sources-5004,3,candidate,16,215.8720996875,0.0029617499094456434,16,1.0,3453.953595,True,
LOCAL-v1-q3-exactly16_sources-5005,3,candidate,16,221.0469431875,0.0031048330711200833,16,1.0,3536.751091,True,
LOCAL-v1-q3-exactly16_sources-5006,3,candidate,16,249.832686625,0.004044709028676152,16,1.0,3997.322986,True,
LOCAL-v1-q3-exactly16_sources-5007,3,candidate,16,224.2278023125,0.003521166043356061,16,1.0,3587.644837,True,
LOCAL-v1-q3-exactly16_sources-5008,3,candidate,16,177.196690375,0.005481541971676052,16,1.0,2835.147046,True,
LOCAL-v1-q3-exactly16_sources-5009,3,candidate,16,249.5315250625,0.0041903749806806445,16,1.0,3992.504401,True,
LOCAL-v1-q3-exactly16_sources-5010,3,candidate,16,225.8524675,0.003764707944355905,16,1.0,3613.63948,True,
LOCAL-v1-q3-exactly16_sources-5011,3,candidate,16,199.860479,0.003497209050692618,16,1.0,3197.767664,True,
LOCAL-v1-q3-exactly16_sources-5012,3,candidate,16,210.3484356875,0.003994208062067628,16,1.0,3365.574971,True,
LOCAL-v1-q3-exactly16_sources-5013,3,candidate,16,229.179189375,0.0032787920208647847,16,1.0,3666.86703,True,
LOCAL-v1-q3-exactly16_sources-5014,3,candidate,16,231.9190296875,0.0028505839873105288,16,1.0,3710.704475,True,
LOCAL-v1-q3-exactly16_sources-5015,3,candidate,16,220.3087531875,0.0037031249376013875,16,1.0,3524.940051,True,
LOCAL-v1-q3-exactly16_sources-5016,3,candidate,16,230.2089011875,0.0033475420204922557,16,1.0,3683.342419,True,
LOCAL-v1-q3-exactly16_sources-5017,3,candidate,16,215.150818375,0.002943208091892302,16,1.0,3442.413094,True,
LOCAL-v1-q3-exactly16_sources-5018,3,candidate,16,216.0200578125,0.0038164169527590275,16,1.0,3456.320925,True,
LOCAL-v1-q3-exactly16_sources-5019,3,candidate,16,223.9175080625,0.003519040998071432,16,1.0,3582.680129,True,
LOCAL-v1-q3-exactly16_sources-5020,3,candidate,16,206.5804990625,0.004073124960996211,16,1.0,3305.287985,True,
LOCAL-v1-q3-exactly16_sources-5021,3,candidate,16,219.835262875,0.0038413750007748604,16,1.0,3517.364206,True,
LOCAL-v1-q3-exactly16_sources-5022,3,candidate,16,240.123329,0.0030515830731019378,16,1.0,3841.973264,True,
LOCAL-v1-q3-exactly16_sources-5023,3,candidate,16,241.358303875,0.00344383402261883,16,1.0,3861.732862,True,
LOCAL-v1-q3-exactly16_sources-5024,3,candidate,16,201.304026375,0.0032444170210510492,16,1.0,3220.864422,True,
LOCAL-v1-q3-exactly16_sources-5025,3,candidate,16,209.5733386875,0.004507583915255964,16,1.0,3353.173419,True,
LOCAL-v1-q3-exactly16_sources-5026,3,candidate,16,222.216861,0.004448584048077464,16,1.0,3555.469776,True,
LOCAL-v1-q3-exactly16_sources-5027,3,candidate,16,209.6493809375,0.0037642919924110174,16,1.0,3354.390095,True,
LOCAL-v1-q3-exactly16_sources-5028,3,candidate,16,223.6295618125,0.0041513750329613686,16,1.0,3578.072989,True,
LOCAL-v1-q3-exactly16_sources-5029,3,candidate,16,210.57456825,0.003212083945982158,16,1.0,3369.193092,True,
LOCAL-v1-q3-exactly16_sources-5030,3,candidate,16,204.281064125,0.003325709025375545,16,1.0,3268.497026,True,
LOCAL-v1-q3-exactly16_sources-5031,3,candidate,16,235.6864688125,0.0034187500132247806,16,1.0,3770.983501,True,
LOCAL-v1-q3-exactly16_sources-5032,3,candidate,16,201.7616305,0.0039399160305038095,16,1.0,3228.186088,True,
LOCAL-v1-q3-exactly16_sources-5033,3,candidate,16,191.1201723125,0.0032952080946415663,16,1.0,3057.922757,True,
LOCAL-v1-q3-exactly16_sources-5034,3,candidate,16,205.1329733125,0.004771500010974705,16,1.0,3282.127573,True,
LOCAL-v1-q3-exactly16_sources-5035,3,candidate,16,233.5574044375,0.003832499962300062,16,1.0,3736.918471,True,
LOCAL-v1-q3-exactly16_sources-5036,3,candidate,16,238.3899893125,0.004449416999705136,16,1.0,3814.239829,True,
LOCAL-v1-q3-exactly16_sources-5037,3,candidate,16,217.71177975,0.0038596250815317035,16,1.0,3483.388476,True,
LOCAL-v1-q3-exactly16_sources-5038,3,candidate,16,198.652607375,0.004279625019989908,16,1.0,3178.441718,True,
LOCAL-v1-q3-exactly16_sources-5039,3,candidate,16,221.724785625,0.0036742910742759705,16,1.0,3547.59657,True,
LOCAL-v1-q3-exactly16_sources-5040,3,candidate,16,273.4553070625,0.002987624960951507,16,1.0,4375.284913,True,
LOCAL-v1-q3-exactly16_sources-5041,3,candidate,16,263.5571621875,0.002821541973389685,16,1.0,4216.914595,True,
LOCAL-v1-q3-exactly16_sources-5042,3,candidate,16,224.268354625,0.0035929579753428698,16,1.0,3588.293674,True,
LOCAL-v1-q3-exactly16_sources-5043,3,candidate,16,215.8061921875,0.0038659159326925874,16,1.0,3452.899075,True,
LOCAL-v1-q3-exactly16_sources-5044,3,candidate,16,204.1445193125,0.00395033392123878,16,1.0,3266.312309,True,
LOCAL-v1-q3-exactly16_sources-5045,3,candidate,16,179.1434369375,0.005538666038773954,16,1.0,2866.294991,True,
LOCAL-v1-q3-exactly16_sources-5046,3,candidate,16,205.6230843125,0.003873458015732467,16,1.0,3289.969349,True,
LOCAL-v1-q3-exactly16_sources-5047,3,candidate,16,220.931751,0.0033660830231383443,16,1.0,3534.908016,True,
LOCAL-v1-q3-exactly16_sources-5048,3,candidate,16,212.145021875,0.004421166959218681,16,1.0,3394.32035,True,
LOCAL-v1-q3-exactly16_sources-5049,3,candidate,16,195.4688060625,0.00424812501296401,16,1.0,3127.500897,True,
LOCAL-v1-q3-exactly16_sources-5050,3,candidate,16,217.042773375,0.0034187500132247806,16,1.0,3472.684374,True,
LOCAL-v1-q3-exactly16_sources-5051,3,candidate,16,217.97679675,0.0030631249537691474,16,1.0,3487.628748,True,
LOCAL-v1-q3-exactly16_sources-5052,3,candidate,16,192.69722525,0.003022874938324094,16,1.0,3083.155604,True,
LOCAL-v1-q3-exactly16_sources-5053,3,candidate,16,253.1448624375,0.0024603749625384808,16,1.0,4050.317799,True,
LOCAL-v1-q3-exactly16_sources-5054,3,candidate,16,259.5072463125,0.0032394579611718655,16,1.0,4152.115941,True,
LOCAL-v1-q3-exactly16_sources-5055,3,candidate,16,213.830034375,0.004863459034822881,16,1.0,3421.28055,True,
LOCAL-v1-q3-exactly16_sources-5056,3,candidate,16,226.7480914375,0.003355249995365739,16,1.0,3627.969463,True,
LOCAL-v1-q3-exactly16_sources-5057,3,candidate,16,203.4625825625,0.0031837919959798455,16,1.0,3255.401321,True,
LOCAL-v1-q3-exactly16_sources-5058,3,candidate,16,199.115326125,0.0025924999499693513,16,1.0,3185.845218,True,
LOCAL-v1-q3-exactly16_sources-5059,3,candidate,16,218.736776125,0.0038402919890359044,16,1.0,3499.788418,True,
LOCAL-v1-q3-exactly16_sources-5060,3,candidate,16,202.2810029375,0.0038934580516070127,16,1.0,3236.496047,True,
LOCAL-v1-q3-exactly16_sources-5061,3,candidate,16,226.687332875,0.0032325409119948745,16,1.0,3626.997326,True,
LOCAL-v1-q3-exactly16_sources-5062,3,candidate,16,224.314898125,0.00363370799459517,16,1.0,3589.03837,True,
LOCAL-v1-q3-exactly16_sources-5063,3,candidate,16,219.7658631875,0.00387616700027138,16,1.0,3516.253811,True,
LOCAL-v1-q3-exactly16_sources-5064,3,candidate,16,226.5720668125,0.00266112491954118,16,1.0,3625.153069,True,
LOCAL-v1-q3-exactly16_sources-5065,3,candidate,16,219.76394325,0.003667249926365912,16,1.0,3516.223092,True,
LOCAL-v1-q3-exactly16_sources-5066,3,candidate,16,209.4715898125,0.0025917079765349627,16,1.0,3351.545437,True,
LOCAL-v1-q3-exactly16_sources-5067,3,candidate,16,232.7596325,0.003640750073827803,16,1.0,3724.15412,True,
LOCAL-v1-q3-exactly16_sources-5068,3,candidate,16,202.9661384375,0.0038093330804258585,16,1.0,3247.458215,True,
LOCAL-v1-q3-exactly16_sources-5069,3,candidate,16,235.9902440625,0.003834957955405116,16,1.0,3775.843905,True,
LOCAL-v1-q3-exactly16_sources-5070,3,candidate,16,200.176112,0.002772917039692402,16,1.0,3202.817792,True,
LOCAL-v1-q3-exactly16_sources-5071,3,candidate,16,226.4423725625,0.003312167013064027,16,1.0,3623.077961,True,
LOCAL-v1-q3-exactly16_sources-5072,3,candidate,16,210.90960975,0.0033971250522881746,16,1.0,3374.553756,True,
LOCAL-v1-q3-exactly16_sources-5073,3,candidate,16,166.967314375,0.0040184579556807876,16,1.0,2671.47703,True,
LOCAL-v1-q3-exactly16_sources-5074,3,candidate,16,230.32299225,0.0036981248995289207,16,1.0,3685.167876,True,
LOCAL-v1-q3-exactly16_sources-5075,3,candidate,16,238.471032,0.004216833971440792,16,1.0,3815.536512,True,
LOCAL-v1-q3-exactly16_sources-5076,3,candidate,16,224.603474,0.004063457949087024,16,1.0,3593.655584,True,
LOCAL-v1-q3-exactly16_sources-5077,3,candidate,16,190.856721,0.004247334087267518,16,1.0,3053.707536,True,
LOCAL-v1-q3-exactly16_sources-5078,3,candidate,16,189.65355975,0.005026582977734506,16,1.0,3034.456956,True,
LOCAL-v1-q3-exactly16_sources-5079,3,candidate,16,220.019941625,0.0035332089755684137,16,1.0,3520.319066,True,
LOCAL-v1-q3-exactly16_sources-5080,3,candidate,16,213.7354261875,0.0035041250521317124,16,1.0,3419.766819,True,
LOCAL-v1-q3-exactly16_sources-5081,3,candidate,16,234.2786388125,0.003801666898652911,16,1.0,3748.458221,True,
LOCAL-v1-q3-exactly16_sources-5082,3,candidate,16,228.658104,0.0021849169861525297,16,1.0,3658.529664,True,
LOCAL-v1-q3-exactly16_sources-5083,3,candidate,16,254.579641625,0.0029504159465432167,16,1.0,4073.274266,True,
LOCAL-v1-q3-exactly16_sources-5084,3,candidate,16,232.3168118125,0.003109375014901161,16,1.0,3717.068989,True,
LOCAL-v1-q3-exactly16_sources-5085,3,candidate,16,202.69536825,0.003140708082355559,16,1.0,3243.125892,True,
LOCAL-v1-q3-exactly16_sources-5086,3,candidate,16,205.9889155625,0.004239583038724959,16,1.0,3295.822649,True,
LOCAL-v1-q3-exactly16_sources-5087,3,candidate,16,230.2069389375,0.0029876669868826866,16,1.0,3683.311023,True,
LOCAL-v1-q3-exactly16_sources-5088,3,candidate,16,203.0990889375,0.003202374908141792,16,1.0,3249.585423,True,
LOCAL-v1-q3-exactly16_sources-5089,3,candidate,16,218.288872375,0.004223459050990641,16,1.0,3492.621958,True,
LOCAL-v1-q3-exactly16_sources-5090,3,candidate,16,210.6429098125,0.0037089589750394225,16,1.0,3370.286557,True,
LOCAL-v1-q3-exactly16_sources-5091,3,candidate,16,216.0318791875,0.0033616250148043036,16,1.0,3456.510067,True,
LOCAL-v1-q3-exactly16_sources-5092,3,candidate,16,206.00113925,0.003756917081773281,16,1.0,3296.018228,True,
LOCAL-v1-q3-exactly16_sources-5093,3,candidate,16,242.7155903125,0.0038162909913808107,16,1.0,3883.449445,True,
LOCAL-v1-q3-exactly16_sources-5094,3,candidate,16,232.1206605625,0.0038875419413670897,16,1.0,3713.930569,True,
LOCAL-v1-q3-exactly16_sources-5095,3,candidate,16,222.03451525,0.003938207984901965,16,1.0,3552.552244,True,
LOCAL-v1-q3-exactly16_sources-5096,3,candidate,16,228.58230675,0.0036548339994624257,16,1.0,3657.316908,True,
LOCAL-v1-q3-exactly16_sources-5097,3,candidate,16,234.001135125,0.003747040987946093,16,1.0,3744.018162,True,
LOCAL-v1-q3-exactly16_sources-5098,3,candidate,16,228.75962375,0.0027350420132279396,16,1.0,3660.15398,True,
LOCAL-v1-q3-exactly16_sources-5099,3,candidate,16,246.1422456875,0.0028819579165428877,16,1.0,3938.275931,True,
LOCAL-v1-q4-reference_assumed-5000,4,candidate,11,579.8825924545455,0.020954250008799136,11,1.0,6378.708517,True,
LOCAL-v1-q4-reference_assumed-5001,4,candidate,14,505.60105378571427,0.019307749927975237,14,1.0,7078.414753,True,
LOCAL-v1-q4-reference_assumed-5002,4,candidate,15,435.710682,0.016518334043212235,15,1.0,6535.66023,True,
LOCAL-v1-q4-reference_assumed-5003,4,candidate,11,619.2687357272727,0.01697674999013543,11,1.0,6811.956093,True,
LOCAL-v1-q4-reference_assumed-5004,4,candidate,12,528.41223475,0.01765125000383705,12,1.0,6340.946817,True,
LOCAL-v1-q4-reference_assumed-5005,4,candidate,11,566.3165002727272,0.020862124976702034,11,1.0,6229.481503,True,
LOCAL-v1-q4-reference_assumed-5006,4,candidate,11,649.7131125454545,0.02084449992980808,11,1.0,7146.844238,True,
LOCAL-v1-q4-reference_assumed-5007,4,candidate,11,602.2634033636364,0.02322700002696365,11,1.0,6624.897437,True,
LOCAL-v1-q4-reference_assumed-5008,4,candidate,10,670.1016496999999,0.022481666994281113,10,1.0,6701.016497,True,
LOCAL-v1-q4-reference_assumed-5009,4,candidate,14,464.24954307142855,0.02288962504826486,14,1.0,6499.493603,True,
LOCAL-v1-q4-reference_assumed-5010,4,candidate,12,523.51339525,0.01912904204800725,12,1.0,6282.160743,True,
LOCAL-v1-q4-reference_assumed-5011,4,candidate,15,441.74120246666666,0.019829583005048335,15,1.0,6626.118037,True,
LOCAL-v1-q4-reference_assumed-5012,4,candidate,10,648.0965166,0.015423459000885487,10,1.0,6480.965166,True,
LOCAL-v1-q4-reference_assumed-5013,4,candidate,12,583.6623150833333,0.015319958096370101,12,1.0,7003.947781,True,
LOCAL-v1-q4-reference_assumed-5014,4,candidate,11,617.248584090909,0.018686374998651445,11,1.0,6789.734425,True,
LOCAL-v1-q4-reference_assumed-5015,4,candidate,12,527.2302276666667,0.02015991706866771,12,1.0,6326.762732,True,
LOCAL-v1-q4-reference_assumed-5016,4,candidate,16,401.793748375,0.020007665967568755,16,1.0,6428.699974,True,
LOCAL-v1-q4-reference_assumed-5017,4,candidate,15,480.70471826666665,0.018180917017161846,15,1.0,7210.570774,True,
LOCAL-v1-q4-reference_assumed-5018,4,candidate,10,712.3617329,0.017555208993144333,10,1.0,7123.617329,True,
LOCAL-v1-q4-reference_assumed-5019,4,candidate,11,625.9065699090909,0.018671375000849366,11,1.0,6884.972269,True,
LOCAL-v1-q4-reference_assumed-5020,4,candidate,16,409.7440895625,0.017280208063311875,16,1.0,6555.905433,True,
LOCAL-v1-q4-reference_assumed-5021,4,candidate,14,536.9498324285714,0.02128316694870591,14,1.0,7517.297654,True,
LOCAL-v1-q4-reference_assumed-5022,4,candidate,14,497.5211249285714,0.018309750012122095,14,1.0,6965.295749,True,
LOCAL-v1-q4-reference_assumed-5023,4,candidate,15,404.50355386666666,0.02343299996573478,15,1.0,6067.553308,True,
LOCAL-v1-q4-reference_assumed-5024,4,candidate,13,489.6105983076923,0.01654175005387515,13,1.0,6364.937778,True,
LOCAL-v1-q4-reference_assumed-5025,4,candidate,12,606.8750605,0.021792166982777417,12,1.0,7282.500726,True,
LOCAL-v1-q4-reference_assumed-5026,4,candidate,15,423.00527933333336,0.020936749991960824,15,1.0,6345.07919,True,
LOCAL-v1-q4-reference_assumed-5027,4,candidate,11,583.2927941818182,0.019569666008464992,11,1.0,6416.220736,True,
LOCAL-v1-q4-reference_assumed-5028,4,candidate,10,679.7768508,0.016674958053044975,10,1.0,6797.768508,True,
LOCAL-v1-q4-reference_assumed-5029,4,candidate,11,625.8691234545454,0.017263249959796667,11,1.0,6884.560358,True,
LOCAL-v1-q4-reference_assumed-5030,4,candidate,12,563.6822594166666,0.020124249975197017,12,1.0,6764.187113,True,
LOCAL-v1-q4-reference_assumed-5031,4,candidate,15,498.8213500666667,0.021265833056531847,15,1.0,7482.320251,True,
LOCAL-v1-q4-reference_assumed-5032,4,candidate,11,559.0710585454545,0.018650292069651186,11,1.0,6149.781644,True,
LOCAL-v1-q4-reference_assumed-5033,4,candidate,14,445.2781163571429,0.019435124937444925,14,1.0,6233.893629,True,
LOCAL-v1-q4-reference_assumed-5034,4,candidate,16,437.337340625,0.021116833086125553,16,1.0,6997.39745,True,
LOCAL-v1-q4-reference_assumed-5035,4,candidate,10,713.3820476,0.0158302920171991,10,1.0,7133.820476,True,
LOCAL-v1-q4-reference_assumed-5036,4,candidate,15,487.7253484666666,0.017457291949540377,15,1.0,7315.880227,True,
LOCAL-v1-q4-reference_assumed-5037,4,candidate,15,493.78388366666667,0.025637458078563213,15,1.0,7406.758255,True,
LOCAL-v1-q4-reference_assumed-5038,4,candidate,16,405.3637623125,0.0198347499826923,16,1.0,6485.820197,True,
LOCAL-v1-q4-reference_assumed-5039,4,candidate,10,667.2390189,0.0182768750237301,10,1.0,6672.390189,True,
LOCAL-v1-q4-reference_assumed-5040,4,candidate,15,421.68960253333336,0.01875329203903675,15,1.0,6325.344038,True,
LOCAL-v1-q4-reference_assumed-5041,4,candidate,15,479.0258048,0.022717042011208832,15,1.0,7185.387072,True,
LOCAL-v1-q4-reference_assumed-5042,4,candidate,11,603.1172753636364,0.021442458033561707,11,1.0,6634.290029,True,
LOCAL-v1-q4-reference_assumed-5043,4,candidate,12,547.0500918333333,0.024922083015553653,12,1.0,6564.601102,True,
LOCAL-v1-q4-reference_assumed-5044,4,candidate,11,646.4479273636364,0.019084958010353148,11,1.0,7110.927201,True,
LOCAL-v1-q4-reference_assumed-5045,4,candidate,11,569.6669296363636,0.015139167080633342,11,1.0,6266.336226,True,
LOCAL-v1-q4-reference_assumed-5046,4,candidate,10,646.8635999,0.01838562497869134,10,1.0,6468.635999,True,
LOCAL-v1-q4-reference_assumed-5047,4,candidate,16,392.92408325,0.023120291996747255,16,1.0,6286.785332,True,
LOCAL-v1-q4-reference_assumed-5048,4,candidate,12,553.7601095,0.015314084012061357,12,1.0,6645.121314,True,
LOCAL-v1-q4-reference_assumed-5049,4,candidate,10,737.8565526,0.01837783306837082,10,1.0,7378.565526,True,
LOCAL-v1-q4-reference_assumed-5050,4,candidate,15,424.77038139999996,0.022422082955017686,15,1.0,6371.555721,True,
LOCAL-v1-q4-reference_assumed-5051,4,candidate,11,641.2849696363636,0.016541457967832685,11,1.0,7054.134666,True,
LOCAL-v1-q4-reference_assumed-5052,4,candidate,13,480.7170723076923,0.018221916048787534,13,1.0,6249.32194,True,
LOCAL-v1-q4-reference_assumed-5053,4,candidate,16,412.597881125,0.020817540935240686,16,1.0,6601.566098,True,
LOCAL-v1-q4-reference_assumed-5054,4,candidate,16,409.6901713125,0.021190667059272528,16,1.0,6555.042741,True,
LOCAL-v1-q4-reference_assumed-5055,4,candidate,12,620.50264025,0.016180249978788197,12,1.0,7446.031683,True,
LOCAL-v1-q4-reference_assumed-5056,4,candidate,13,496.6612153846154,0.017371458001434803,13,1.0,6456.5958,True,
LOCAL-v1-q4-reference_assumed-5057,4,candidate,13,525.8481337692308,0.015403041965328157,13,1.0,6836.025739,True,
LOCAL-v1-q4-reference_assumed-5058,4,candidate,14,453.1704992142857,0.01875012507662177,14,1.0,6344.386989,True,
LOCAL-v1-q4-reference_assumed-5059,4,candidate,12,557.31233075,0.01815554196946323,12,1.0,6687.747969,True,
LOCAL-v1-q4-reference_assumed-5060,4,candidate,11,620.4408903636363,0.020556624978780746,11,1.0,6824.849794,True,
LOCAL-v1-q4-reference_assumed-5061,4,candidate,13,562.0479603846154,0.01835912500973791,13,1.0,7306.623485,True,
LOCAL-v1-q4-reference_assumed-5062,4,candidate,16,423.727404625,0.02330537501256913,16,1.0,6779.638474,True,
LOCAL-v1-q4-reference_assumed-5063,4,candidate,15,414.0096969333334,0.023580542067065835,15,1.0,6210.145454,True,
LOCAL-v1-q4-reference_assumed-5064,4,candidate,13,505.61541415384613,0.01878937496803701,13,1.0,6573.000384,True,
LOCAL-v1-q4-reference_assumed-5065,4,candidate,12,618.5914375833333,0.01631654193624854,12,1.0,7423.097251,True,
LOCAL-v1-q4-reference_assumed-5066,4,candidate,10,649.2684498,0.01746195903979242,10,1.0,6492.684498,True,
LOCAL-v1-q4-reference_assumed-5067,4,candidate,16,435.1644539375,0.02210170798934996,16,1.0,6962.631263,True,
LOCAL-v1-q4-reference_assumed-5068,4,candidate,13,506.12041561538456,0.02034091600216925,13,1.0,6579.565403,True,
LOCAL-v1-q4-reference_assumed-5069,4,candidate,14,500.69863714285714,0.022953958017751575,14,1.0,7009.78092,True,
LOCAL-v1-q4-reference_assumed-5070,4,candidate,12,542.9665855833333,0.01765958301257342,12,1.0,6515.599027,True,
LOCAL-v1-q4-reference_assumed-5071,4,candidate,12,563.5847838333333,0.020436708931811154,12,1.0,6763.017406,True,
LOCAL-v1-q4-reference_assumed-5072,4,candidate,15,484.1715461333333,0.015190709033049643,15,1.0,7262.573192,True,
LOCAL-v1-q4-reference_assumed-5073,4,candidate,10,622.6523576,0.017544333008117974,10,1.0,6226.523576,True,
LOCAL-v1-q4-reference_assumed-5074,4,candidate,16,415.2553590625,0.021536583895795047,16,1.0,6644.085745,True,
LOCAL-v1-q4-reference_assumed-5075,4,candidate,15,445.3185154,0.020492332987487316,15,1.0,6679.777731,True,
LOCAL-v1-q4-reference_assumed-5076,4,candidate,12,556.8251164166667,0.023096833960153162,12,1.0,6681.901397,True,
LOCAL-v1-q4-reference_assumed-5077,4,candidate,14,454.91972942857143,0.01746424997691065,14,1.0,6368.876212,True,
LOCAL-v1-q4-reference_assumed-5078,4,candidate,13,514.8831229230769,0.019256999948993325,13,1.0,6693.480598,True,
LOCAL-v1-q4-reference_assumed-5079,4,candidate,10,647.5099622,0.014925083029083908,10,1.0,6475.099622,True,
LOCAL-v1-q4-reference_assumed-5080,4,candidate,10,655.2845110999999,0.019219874986447394,10,1.0,6552.845111,True,
LOCAL-v1-q4-reference_assumed-5081,4,candidate,16,439.5999199375,0.022471083095297217,16,1.0,7033.598719,True,
LOCAL-v1-q4-reference_assumed-5082,4,candidate,13,534.1427833076923,0.017104499973356724,13,1.0,6943.856183,True,
LOCAL-v1-q4-reference_assumed-5083,4,candidate,13,510.950581,0.020953124971129,13,1.0,6642.357553,True,
LOCAL-v1-q4-reference_assumed-5084,4,candidate,14,516.0230497142858,0.02265274990350008,14,1.0,7224.322696,True,
LOCAL-v1-q4-reference_assumed-5085,4,candidate,15,415.3247566,0.020013084053061903,15,1.0,6229.871349,True,
LOCAL-v1-q4-reference_assumed-5086,4,candidate,12,579.2915021666666,0.02288254094310105,12,1.0,6951.498026,True,
LOCAL-v1-q4-reference_assumed-5087,4,candidate,13,537.6282302307692,0.019879166036844254,13,1.0,6989.166993,True,
LOCAL-v1-q4-reference_assumed-5088,4,candidate,16,408.13885075,0.024959875037893653,16,1.0,6530.221612,True,
LOCAL-v1-q4-reference_assumed-5089,4,candidate,15,408.0890226,0.023302167071960866,15,1.0,6121.335339,True,
LOCAL-v1-q4-reference_assumed-5090,4,candidate,14,463.5861074285714,0.01654929108917713,14,1.0,6490.205504,True,
LOCAL-v1-q4-reference_assumed-5091,4,candidate,12,602.5169233333334,0.01777795806992799,12,1.0,7230.20308,True,
LOCAL-v1-q4-reference_assumed-5092,4,candidate,11,567.3377536363637,0.01858995796646923,11,1.0,6240.71529,True,
LOCAL-v1-q4-reference_assumed-5093,4,candidate,15,512.7107766666667,0.01758487499319017,15,1.0,7690.66165,True,
LOCAL-v1-q4-reference_assumed-5094,4,candidate,11,639.2884935454546,0.017346792039461434,11,1.0,7032.173429,True,
LOCAL-v1-q4-reference_assumed-5095,4,candidate,10,689.8917966,0.01837737497407943,10,1.0,6898.917966,True,
LOCAL-v1-q4-reference_assumed-5096,4,candidate,14,478.82114921428575,0.021622958010993898,14,1.0,6703.496089,True,
LOCAL-v1-q4-reference_assumed-5097,4,candidate,13,534.109459076923,0.02125195797998458,13,1.0,6943.422968,True,
LOCAL-v1-q4-reference_assumed-5098,4,candidate,16,409.2233021875,0.020225042011588812,16,1.0,6547.572835,True,
LOCAL-v1-q4-reference_assumed-5099,4,candidate,13,605.4043479230769,0.024492750060744584,13,1.0,7870.256523,True,
LOCAL-v1-q4-fixed_positive_bias-5000,4,candidate,11,580.1298945454545,0.020714708953164518,11,1.0,6381.42884,True,
LOCAL-v1-q4-fixed_positive_bias-5001,4,candidate,14,504.96876228571426,0.019046542001888156,14,1.0,7069.562672,True,
LOCAL-v1-q4-fixed_positive_bias-5002,4,candidate,15,443.50427626666664,0.016211792011745274,15,1.0,6652.564144,True,
LOCAL-v1-q4-fixed_positive_bias-5003,4,candidate,11,619.4778925454546,0.018166207941249013,11,1.0,6814.256818,True,
LOCAL-v1-q4-fixed_positive_bias-5004,4,candidate,12,521.8527876666667,0.020016291993670166,12,1.0,6262.233452,True,
LOCAL-v1-q4-fixed_positive_bias-5005,4,candidate,11,566.509088,0.021610416937619448,11,1.0,6231.599968,True,
LOCAL-v1-q4-fixed_positive_bias-5006,4,candidate,11,607.1331476363637,0.023092125076800585,11,1.0,6678.464624,True,
LOCAL-v1-q4-fixed_positive_bias-5007,4,candidate,11,604.5143458181818,0.02457304100971669,11,1.0,6649.657804,True,
LOCAL-v1-q4-fixed_positive_bias-5008,4,candidate,10,717.2913076,0.023418958066031337,10,1.0,7172.913076,True,
LOCAL-v1-q4-fixed_positive_bias-5009,4,candidate,14,442.9718239285714,0.022433125064708292,14,1.0,6201.605535,True,
LOCAL-v1-q4-fixed_positive_bias-5010,4,candidate,12,532.0656696666666,0.020470292074605823,12,1.0,6384.788036,True,
LOCAL-v1-q4-fixed_positive_bias-5011,4,candidate,15,441.97417666666666,0.021155874943360686,15,1.0,6629.61265,True,
LOCAL-v1-q4-fixed_positive_bias-5012,4,candidate,10,648.4754780000001,0.01666716590989381,10,1.0,6484.75478,True,
LOCAL-v1-q4-fixed_positive_bias-5013,4,candidate,12,577.6380398333333,0.0168022079160437,12,1.0,6931.656478,True,
LOCAL-v1-q4-fixed_positive_bias-5014,4,candidate,11,613.3199903636364,0.01672133302781731,11,1.0,6746.519894,True,
LOCAL-v1-q4-fixed_positive_bias-5015,4,candidate,12,555.3071544166667,0.01886354200541973,12,1.0,6663.685853,True,
LOCAL-v1-q4-fixed_positive_bias-5016,4,candidate,16,401.7796501875,0.021376834018155932,16,1.0,6428.474403,True,
LOCAL-v1-q4-fixed_positive_bias-5017,4,candidate,15,496.1350696,0.025895791011862457,15,1.0,7442.026044,True,
LOCAL-v1-q4-fixed_positive_bias-5018,4,candidate,10,714.03835,0.01772758294828236,10,1.0,7140.3835,True,
LOCAL-v1-q4-fixed_positive_bias-5019,4,candidate,11,625.560341,0.01991224999073893,11,1.0,6881.163751,True,
LOCAL-v1-q4-fixed_positive_bias-5020,4,candidate,16,373.841909875,0.017983666039071977,16,1.0,5981.470558,True,
LOCAL-v1-q4-fixed_positive_bias-5021,4,candidate,14,528.5024755714286,0.023737667012028396,14,1.0,7399.034658,True,
LOCAL-v1-q4-fixed_positive_bias-5022,4,candidate,14,526.3229594285714,0.0235127080231905,14,1.0,7368.521432,True,
LOCAL-v1-q4-fixed_positive_bias-5023,4,candidate,15,452.0261195333333,0.022757959086447954,15,1.0,6780.391793,True,
LOCAL-v1-q4-fixed_positive_bias-5024,4,candidate,13,490.2051814615385,0.016723583918064833,13,1.0,6372.667359,True,
LOCAL-v1-q4-fixed_positive_bias-5025,4,candidate,12,589.21738625,0.022793624899350107,12,1.0,7070.608635,True,
LOCAL-v1-q4-fixed_positive_bias-5026,4,candidate,15,421.46262466666667,0.020924124983139336,15,1.0,6321.93937,True,
LOCAL-v1-q4-fixed_positive_bias-5027,4,candidate,11,580.7926407272727,0.020098582957871258,11,1.0,6388.719048,True,
LOCAL-v1-q4-fixed_positive_bias-5028,4,candidate,10,683.4771074,0.018470708979293704,10,1.0,6834.771074,True,
LOCAL-v1-q4-fixed_positive_bias-5029,4,candidate,11,631.3400292727273,0.020029333070851862,11,1.0,6944.740322,True,
LOCAL-v1-q4-fixed_positive_bias-5030,4,candidate,12,563.8582753333334,0.021537499967962503,12,1.0,6766.299304,True,
LOCAL-v1-q4-fixed_positive_bias-5031,4,candidate,15,523.4080016,0.023406166001223028,15,1.0,7851.120024,True,
LOCAL-v1-q4-fixed_positive_bias-5032,4,candidate,11,552.6472287272727,0.01910154102370143,11,1.0,6079.119516,True,
LOCAL-v1-q4-fixed_positive_bias-5033,4,candidate,14,444.8729249285714,0.02117412502411753,14,1.0,6228.220949,True,
LOCAL-v1-q4-fixed_positive_bias-5034,4,candidate,16,441.6507045,0.023472166969440877,16,1.0,7066.411272,True,
LOCAL-v1-q4-fixed_positive_bias-5035,4,candidate,10,713.4906492,0.01763237500563264,10,1.0,7134.906492,True,
LOCAL-v1-q4-fixed_positive_bias-5036,4,candidate,15,486.96551780000004,0.017425208003260195,15,1.0,7304.482767,True,
LOCAL-v1-q4-fixed_positive_bias-5037,4,candidate,15,492.7568832,0.02501895895693451,15,1.0,7391.353248,True,
LOCAL-v1-q4-fixed_positive_bias-5038,4,candidate,16,466.790094375,0.01929683401249349,16,1.0,7468.64151,True,
LOCAL-v1-q4-fixed_positive_bias-5039,4,candidate,10,668.8089769000001,0.018216375028714538,10,1.0,6688.089769,True,
LOCAL-v1-q4-fixed_positive_bias-5040,4,candidate,15,454.7258945333333,0.019296125043183565,15,1.0,6820.888418,True,
LOCAL-v1-q4-fixed_positive_bias-5041,4,candidate,15,469.030021,0.0217890830244869,15,1.0,7035.450315,True,
LOCAL-v1-q4-fixed_positive_bias-5042,4,candidate,11,606.5374625454546,0.020464292028918862,11,1.0,6671.912088,True,
LOCAL-v1-q4-fixed_positive_bias-5043,4,candidate,12,549.90016925,0.026053415960632265,12,1.0,6598.802031,True,
LOCAL-v1-q4-fixed_positive_bias-5044,4,candidate,11,646.9275093636363,0.020210250047966838,11,1.0,7116.202603,True,
LOCAL-v1-q4-fixed_positive_bias-5045,4,candidate,11,561.3338449090909,0.018666082993149757,11,1.0,6174.672294,True,
LOCAL-v1-q4-fixed_positive_bias-5046,4,candidate,10,645.0413867,0.019494958920404315,10,1.0,6450.413867,True,
LOCAL-v1-q4-fixed_positive_bias-5047,4,candidate,16,393.1631998125,0.025039541069418192,16,1.0,6290.611197,True,
LOCAL-v1-q4-fixed_positive_bias-5048,4,candidate,12,554.15584425,0.01694966701325029,12,1.0,6649.870131,True,
LOCAL-v1-q4-fixed_positive_bias-5049,4,candidate,10,746.771973,0.0221815831027925,10,1.0,7467.71973,True,
LOCAL-v1-q4-fixed_positive_bias-5050,4,candidate,15,425.3074016666667,0.022158083971589804,15,1.0,6379.611025,True,
LOCAL-v1-q4-fixed_positive_bias-5051,4,candidate,11,636.1371492727272,0.01772075006738305,11,1.0,6997.508642,True,
LOCAL-v1-q4-fixed_positive_bias-5052,4,candidate,13,479.52855476923077,0.021123374928720295,13,1.0,6233.871212,True,
LOCAL-v1-q4-fixed_positive_bias-5053,4,candidate,16,413.1723428125,0.02291004196740687,16,1.0,6610.757485,True,
LOCAL-v1-q4-fixed_positive_bias-5054,4,candidate,16,426.40147425,0.024489832925610244,16,1.0,6822.423588,True,
LOCAL-v1-q4-fixed_positive_bias-5055,4,candidate,12,621.7622063333333,0.01898941700346768,12,1.0,7461.146476,True,
LOCAL-v1-q4-fixed_positive_bias-5056,4,candidate,13,496.74198023076923,0.019630208960734308,13,1.0,6457.645743,True,
LOCAL-v1-q4-fixed_positive_bias-5057,4,candidate,13,527.3532577692308,0.01712462503928691,13,1.0,6855.592351,True,
LOCAL-v1-q4-fixed_positive_bias-5058,4,candidate,14,487.0598917857143,0.020430667093023658,14,1.0,6818.838485,True,
LOCAL-v1-q4-fixed_positive_bias-5059,4,candidate,12,548.7392470833333,0.019436874892562628,12,1.0,6584.870965,True,
LOCAL-v1-q4-fixed_positive_bias-5060,4,candidate,11,621.2399489090909,0.022711875033564866,11,1.0,6833.639438,True,
LOCAL-v1-q4-fixed_positive_bias-5061,4,candidate,13,566.7306996923077,0.022168833063915372,13,1.0,7367.499096,True,
LOCAL-v1-q4-fixed_positive_bias-5062,4,candidate,16,423.2000223125,0.02319991693366319,16,1.0,6771.200357,True,
LOCAL-v1-q4-fixed_positive_bias-5063,4,candidate,15,414.22263666666663,0.025373124983161688,15,1.0,6213.33955,True,
LOCAL-v1-q4-fixed_positive_bias-5064,4,candidate,13,507.44043953846153,0.01981279195751995,13,1.0,6596.725714,True,
LOCAL-v1-q4-fixed_positive_bias-5065,4,candidate,12,577.1790365,0.015677457908168435,12,1.0,6926.148438,True,
LOCAL-v1-q4-fixed_positive_bias-5066,4,candidate,10,646.3038736999999,0.01780741603579372,10,1.0,6463.038737,True,
LOCAL-v1-q4-fixed_positive_bias-5067,4,candidate,16,435.8786934375,0.022386541008017957,16,1.0,6974.059095,True,
LOCAL-v1-q4-fixed_positive_bias-5068,4,candidate,13,505.0191788461538,0.02076524996664375,13,1.0,6565.249325,True,
LOCAL-v1-q4-fixed_positive_bias-5069,4,candidate,14,523.7190268571428,0.02264437498524785,14,1.0,7332.066376,True,
LOCAL-v1-q4-fixed_positive_bias-5070,4,candidate,12,547.2058606666667,0.018918875022791326,12,1.0,6566.470328,True,
LOCAL-v1-q4-fixed_positive_bias-5071,4,candidate,12,565.800841,0.020943874958902597,12,1.0,6789.610092,True,
LOCAL-v1-q4-fixed_positive_bias-5072,4,candidate,15,485.6731538,0.016914125066250563,15,1.0,7285.097307,True,
LOCAL-v1-q4-fixed_positive_bias-5073,4,candidate,10,651.7513031000001,0.021544125047512352,10,1.0,6517.513031,True,
LOCAL-v1-q4-fixed_positive_bias-5074,4,candidate,16,413.5577559375,0.023578958003781736,16,1.0,6616.924095,True,
LOCAL-v1-q4-fixed_positive_bias-5075,4,candidate,15,442.1657851333333,0.020476166042499244,15,1.0,6632.486777,True,
LOCAL-v1-q4-fixed_positive_bias-5076,4,candidate,12,560.3178793333333,0.027990082977339625,12,1.0,6723.814552,True,
LOCAL-v1-q4-fixed_positive_bias-5077,4,candidate,14,477.17690600000003,0.020863833953626454,14,1.0,6680.476684,True,
LOCAL-v1-q4-fixed_positive_bias-5078,4,candidate,13,512.7816170769231,0.020470749936066568,13,1.0,6666.161022,True,
LOCAL-v1-q4-fixed_positive_bias-5079,4,candidate,10,646.9185743,0.016272292006760836,10,1.0,6469.185743,True,
LOCAL-v1-q4-fixed_positive_bias-5080,4,candidate,10,680.177387,0.022535500000230968,10,1.0,6801.77387,True,
LOCAL-v1-q4-fixed_positive_bias-5081,4,candidate,16,438.2162365625,0.02388016600161791,16,1.0,7011.459785,True,
LOCAL-v1-q4-fixed_positive_bias-5082,4,candidate,13,531.4747908461538,0.019834207952953875,13,1.0,6909.172281,True,
LOCAL-v1-q4-fixed_positive_bias-5083,4,candidate,13,507.3485630769231,0.02347304194699973,13,1.0,6595.53132,True,
LOCAL-v1-q4-fixed_positive_bias-5084,4,candidate,14,501.24166014285714,0.023748832987621427,14,1.0,7017.383242,True,
LOCAL-v1-q4-fixed_positive_bias-5085,4,candidate,15,412.6091231333333,0.022197374957613647,15,1.0,6189.136847,True,
LOCAL-v1-q4-fixed_positive_bias-5086,4,candidate,12,571.67610225,0.02267979201860726,12,1.0,6860.113227,True,
LOCAL-v1-q4-fixed_positive_bias-5087,4,candidate,13,534.390649,0.020315041998401284,13,1.0,6947.078437,True,
LOCAL-v1-q4-fixed_positive_bias-5088,4,candidate,16,406.21244325,0.02446837502066046,16,1.0,6499.399092,True,
LOCAL-v1-q4-fixed_positive_bias-5089,4,candidate,15,407.57262446666664,0.022857374977320433,15,1.0,6113.589367,True,
LOCAL-v1-q4-fixed_positive_bias-5090,4,candidate,14,461.0202609285715,0.01615337491966784,14,1.0,6454.283653,True,
LOCAL-v1-q4-fixed_positive_bias-5091,4,candidate,12,573.8794599166666,0.016518874908797443,12,1.0,6886.553519,True,
LOCAL-v1-q4-fixed_positive_bias-5092,4,candidate,11,598.2007195454545,0.01898649998474866,11,1.0,6580.207915,True,
LOCAL-v1-q4-fixed_positive_bias-5093,4,candidate,15,520.9930308666667,0.020874583045952022,15,1.0,7814.895463,True,
LOCAL-v1-q4-fixed_positive_bias-5094,4,candidate,11,637.0478836363636,0.017843332956545055,11,1.0,7007.52672,True,
LOCAL-v1-q4-fixed_positive_bias-5095,4,candidate,10,710.4097433,0.019750499981455505,10,1.0,7104.097433,True,
LOCAL-v1-q4-fixed_positive_bias-5096,4,candidate,14,478.62828742857147,0.02191266603767872,14,1.0,6700.796024,True,
LOCAL-v1-q4-fixed_positive_bias-5097,4,candidate,13,533.1797988461539,0.02254241704940796,13,1.0,6931.337385,True,
LOCAL-v1-q4-fixed_positive_bias-5098,4,candidate,16,408.248349,0.020614083972759545,16,1.0,6531.973584,True,
LOCAL-v1-q4-fixed_positive_bias-5099,4,candidate,13,598.3421592307693,0.02178733400069177,13,1.0,7778.44807,True,
LOCAL-v1-q4-fixed_negative_bias-5000,4,candidate,11,594.5511175454545,0.01986199989914894,11,1.0,6540.062293,True,
LOCAL-v1-q4-fixed_negative_bias-5001,4,candidate,14,505.11339664285714,0.019171499996446073,14,1.0,7071.587553,True,
LOCAL-v1-q4-fixed_negative_bias-5002,4,candidate,15,429.96053133333334,0.01688212505541742,15,1.0,6449.40797,True,
LOCAL-v1-q4-fixed_negative_bias-5003,4,candidate,11,618.4911377272728,0.017538957996293902,11,1.0,6803.402515,True,
LOCAL-v1-q4-fixed_negative_bias-5004,4,candidate,12,526.8931501666667,0.017600417020730674,12,1.0,6322.717802,True,
LOCAL-v1-q4-fixed_negative_bias-5005,4,candidate,11,564.7376022727273,0.020828541019000113,11,1.0,6212.113625,True,
LOCAL-v1-q4-fixed_negative_bias-5006,4,candidate,11,636.4545337272727,0.01883316703606397,11,1.0,7000.999871,True,
LOCAL-v1-q4-fixed_negative_bias-5007,4,candidate,11,606.8307601818182,0.02419483393896371,11,1.0,6675.138362,True,
LOCAL-v1-q4-fixed_negative_bias-5008,4,candidate,10,657.0717032,0.01859925000462681,10,1.0,6570.717032,True,
LOCAL-v1-q4-fixed_negative_bias-5009,4,candidate,14,461.889293,0.02495958295185119,14,1.0,6466.450102,True,
LOCAL-v1-q4-fixed_negative_bias-5010,4,candidate,12,531.4324446666667,0.020532374968752265,12,1.0,6377.189336,True,
LOCAL-v1-q4-fixed_negative_bias-5011,4,candidate,15,441.4697931333333,0.019864958012476563,15,1.0,6622.046897,True,
LOCAL-v1-q4-fixed_negative_bias-5012,4,candidate,10,646.5833345,0.014944916008971632,10,1.0,6465.833345,True,
LOCAL-v1-q4-fixed_negative_bias-5013,4,candidate,12,586.3488100833333,0.01700370793696493,12,1.0,7036.185721,True,
LOCAL-v1-q4-fixed_negative_bias-5014,4,candidate,11,613.9881788181818,0.019684625091031194,11,1.0,6753.869967,True,
LOCAL-v1-q4-fixed_negative_bias-5015,4,candidate,12,528.1150599166666,0.022224333020858467,12,1.0,6337.380719,True,
LOCAL-v1-q4-fixed_negative_bias-5016,4,candidate,16,411.121867125,0.020316208014264703,16,1.0,6577.949874,True,
LOCAL-v1-q4-fixed_negative_bias-5017,4,candidate,15,482.19728373333334,0.019506874959915876,15,1.0,7232.959256,True,
LOCAL-v1-q4-fixed_negative_bias-5018,4,candidate,10,712.2900489,0.01731854199897498,10,1.0,7122.900489,True,
LOCAL-v1-q4-fixed_negative_bias-5019,4,candidate,11,627.0197687272728,0.018819832941517234,11,1.0,6897.217456,True,
LOCAL-v1-q4-fixed_negative_bias-5020,4,candidate,16,377.1408259375,0.019670500070787966,16,1.0,6034.253215,True,
LOCAL-v1-q4-fixed_negative_bias-5021,4,candidate,14,533.3438823571429,0.019852249999530613,14,1.0,7466.814353,True,
LOCAL-v1-q4-fixed_negative_bias-5022,4,candidate,14,520.7624642142857,0.021200167015194893,14,1.0,7290.674499,True,
LOCAL-v1-q4-fixed_negative_bias-5023,4,candidate,15,410.2087370666667,0.024612082983367145,15,1.0,6153.131056,True,
LOCAL-v1-q4-fixed_negative_bias-5024,4,candidate,13,482.88531207692307,0.021858458989299834,13,1.0,6277.509057,True,
LOCAL-v1-q4-fixed_negative_bias-5025,4,candidate,12,587.0990068333333,0.022095541935414076,12,1.0,7045.188082,True,
LOCAL-v1-q4-fixed_negative_bias-5026,4,candidate,15,417.7750426666667,0.032864041975699365,15,1.0,6266.62564,True,
LOCAL-v1-q4-fixed_negative_bias-5027,4,candidate,11,596.9314119090909,0.023425874998793006,11,1.0,6566.245531,True,
LOCAL-v1-q4-fixed_negative_bias-5028,4,candidate,10,677.8830495,0.01785116596147418,10,1.0,6778.830495,True,
LOCAL-v1-q4-fixed_negative_bias-5029,4,candidate,11,626.1587085454546,0.01754116709344089,11,1.0,6887.745794,True,
LOCAL-v1-q4-fixed_negative_bias-5030,4,candidate,12,576.20940925,0.02084749995265156,12,1.0,6914.512911,True,
LOCAL-v1-q4-fixed_negative_bias-5031,4,candidate,15,505.06356373333335,0.024549958994612098,15,1.0,7575.953456,True,
LOCAL-v1-q4-fixed_negative_bias-5032,4,candidate,11,563.0845437272727,0.018459417042322457,11,1.0,6193.929981,True,
LOCAL-v1-q4-fixed_negative_bias-5033,4,candidate,14,444.78832300000005,0.020032999920658767,14,1.0,6227.036522,True,
LOCAL-v1-q4-fixed_negative_bias-5034,4,candidate,16,446.3431785625,0.02213262498844415,16,1.0,7141.490857,True,
LOCAL-v1-q4-fixed_negative_bias-5035,4,candidate,10,720.5671143,0.01755679096095264,10,1.0,7205.671143,True,
LOCAL-v1-q4-fixed_negative_bias-5036,4,candidate,15,499.9625998,0.023721291916444898,15,1.0,7499.438997,True,
LOCAL-v1-q4-fixed_negative_bias-5037,4,candidate,15,491.50410339999996,0.02449804195202887,15,1.0,7372.561551,True,
LOCAL-v1-q4-fixed_negative_bias-5038,4,candidate,16,404.497027125,0.02127633395139128,16,1.0,6471.952434,True,
LOCAL-v1-q4-fixed_negative_bias-5039,4,candidate,10,670.0286723,0.01809429202694446,10,1.0,6700.286723,True,
LOCAL-v1-q4-fixed_negative_bias-5040,4,candidate,15,421.52824613333337,0.019680666970089078,15,1.0,6322.923692,True,
LOCAL-v1-q4-fixed_negative_bias-5041,4,candidate,15,481.31919213333333,0.021985250059515238,15,1.0,7219.787882,True,
LOCAL-v1-q4-fixed_negative_bias-5042,4,candidate,11,603.7995746363636,0.02131162502337247,11,1.0,6641.795321,True,
LOCAL-v1-q4-fixed_negative_bias-5043,4,candidate,12,540.9713445,0.0204262500628829,12,1.0,6491.656134,True,
LOCAL-v1-q4-fixed_negative_bias-5044,4,candidate,11,642.9183975454545,0.01884541695471853,11,1.0,7072.102373,True,
LOCAL-v1-q4-fixed_negative_bias-5045,4,candidate,11,567.5995587272727,0.014950750046409667,11,1.0,6243.595146,True,
LOCAL-v1-q4-fixed_negative_bias-5046,4,candidate,10,650.4114025,0.019310625037178397,10,1.0,6504.114025,True,
LOCAL-v1-q4-fixed_negative_bias-5047,4,candidate,16,396.40780325,0.02570600004401058,16,1.0,6342.524852,True,
LOCAL-v1-q4-fixed_negative_bias-5048,4,candidate,12,553.0754605833333,0.015743540949188173,12,1.0,6636.905527,True,
LOCAL-v1-q4-fixed_negative_bias-5049,4,candidate,10,734.6666003,0.018495540949516,10,1.0,7346.666003,True,
LOCAL-v1-q4-fixed_negative_bias-5050,4,candidate,15,434.2071527333334,0.024026333005167544,15,1.0,6513.107291,True,
LOCAL-v1-q4-fixed_negative_bias-5051,4,candidate,11,639.7381612727272,0.01805495796725154,11,1.0,7037.119774,True,
LOCAL-v1-q4-fixed_negative_bias-5052,4,candidate,13,477.59462853846156,0.022266541025601327,13,1.0,6208.730171,True,
LOCAL-v1-q4-fixed_negative_bias-5053,4,candidate,16,419.1479450625,0.023690665955655277,16,1.0,6706.367121,True,
LOCAL-v1-q4-fixed_negative_bias-5054,4,candidate,16,441.0110764375,0.0241618329891935,16,1.0,7056.177223,True,
LOCAL-v1-q4-fixed_negative_bias-5055,4,candidate,12,619.0497295833333,0.015851832926273346,12,1.0,7428.596755,True,
LOCAL-v1-q4-fixed_negative_bias-5056,4,candidate,13,504.47014,0.01915904099587351,13,1.0,6558.11182,True,
LOCAL-v1-q4-fixed_negative_bias-5057,4,candidate,13,512.9964943846154,0.015878958976827562,13,1.0,6668.954427,True,
LOCAL-v1-q4-fixed_negative_bias-5058,4,candidate,14,450.43012600000003,0.01935883390251547,14,1.0,6306.021764,True,
LOCAL-v1-q4-fixed_negative_bias-5059,4,candidate,12,555.3578612499999,0.019076750031672418,12,1.0,6664.294335,True,
LOCAL-v1-q4-fixed_negative_bias-5060,4,candidate,11,621.4556278181818,0.02006333298049867,11,1.0,6836.011906,True,
LOCAL-v1-q4-fixed_negative_bias-5061,4,candidate,13,561.7620905384615,0.019466583034954965,13,1.0,7302.907177,True,
LOCAL-v1-q4-fixed_negative_bias-5062,4,candidate,16,423.3851399375,0.023122208076529205,16,1.0,6774.162239,True,
LOCAL-v1-q4-fixed_negative_bias-5063,4,candidate,15,411.2724872,0.02307020907755941,15,1.0,6169.087308,True,
LOCAL-v1-q4-fixed_negative_bias-5064,4,candidate,13,506.16168730769226,0.019176083034835756,13,1.0,6580.101935,True,
LOCAL-v1-q4-fixed_negative_bias-5065,4,candidate,12,621.08552975,0.0197471670107916,12,1.0,7453.026357,True,
LOCAL-v1-q4-fixed_negative_bias-5066,4,candidate,10,648.9666056,0.0180640829494223,10,1.0,6489.666056,True,
LOCAL-v1-q4-fixed_negative_bias-5067,4,candidate,16,425.0392079375,0.022394958068616688,16,1.0,6800.627327,True,
LOCAL-v1-q4-fixed_negative_bias-5068,4,candidate,13,505.25378453846156,0.020773708005435765,13,1.0,6568.299199,True,
LOCAL-v1-q4-fixed_negative_bias-5069,4,candidate,14,488.0085085714286,0.023346500005573034,14,1.0,6832.11912,True,
LOCAL-v1-q4-fixed_negative_bias-5070,4,candidate,12,544.7600756666667,0.01734400005079806,12,1.0,6537.120908,True,
LOCAL-v1-q4-fixed_negative_bias-5071,4,candidate,12,564.0855236666666,0.020705749979242682,12,1.0,6769.026284,True,
LOCAL-v1-q4-fixed_negative_bias-5072,4,candidate,15,490.130027,0.015100082964636385,15,1.0,7351.950405,True,
LOCAL-v1-q4-fixed_negative_bias-5073,4,candidate,10,614.7661608999999,0.01743837504182011,10,1.0,6147.661609,True,
LOCAL-v1-q4-fixed_negative_bias-5074,4,candidate,16,415.04049775,0.021886333008296788,16,1.0,6640.647964,True,
LOCAL-v1-q4-fixed_negative_bias-5075,4,candidate,15,449.19831020000004,0.021048041991889477,15,1.0,6737.974653,True,
LOCAL-v1-q4-fixed_negative_bias-5076,4,candidate,12,560.9495516666667,0.022947833058424294,12,1.0,6731.39462,True,
LOCAL-v1-q4-fixed_negative_bias-5077,4,candidate,14,456.3684713571429,0.01919704198371619,14,1.0,6389.158599,True,
LOCAL-v1-q4-fixed_negative_bias-5078,4,candidate,13,492.8813653846154,0.019811333040706813,13,1.0,6407.45775,True,
LOCAL-v1-q4-fixed_negative_bias-5079,4,candidate,10,646.6172572,0.015201958012767136,10,1.0,6466.172572,True,
LOCAL-v1-q4-fixed_negative_bias-5080,4,candidate,10,679.5349543,0.01978170801885426,10,1.0,6795.349543,True,
LOCAL-v1-q4-fixed_negative_bias-5081,4,candidate,16,415.43471125,0.02429850003682077,16,1.0,6646.95538,True,
LOCAL-v1-q4-fixed_negative_bias-5082,4,candidate,13,550.0052469230769,0.018305915989913046,13,1.0,7150.06821,True,
LOCAL-v1-q4-fixed_negative_bias-5083,4,candidate,13,509.2109886923077,0.024582166923210025,13,1.0,6619.742853,True,
LOCAL-v1-q4-fixed_negative_bias-5084,4,candidate,14,503.344754,0.023817457957193255,14,1.0,7046.826556,True,
LOCAL-v1-q4-fixed_negative_bias-5085,4,candidate,15,412.8491341333333,0.022730416036210954,15,1.0,6192.737012,True,
LOCAL-v1-q4-fixed_negative_bias-5086,4,candidate,12,558.5904001666667,0.024128249962814152,12,1.0,6703.084802,True,
LOCAL-v1-q4-fixed_negative_bias-5087,4,candidate,13,533.0376771538462,0.019975624978542328,13,1.0,6929.489803,True,
LOCAL-v1-q4-fixed_negative_bias-5088,4,candidate,16,411.2969708125,0.025121124926954508,16,1.0,6580.751533,True,
LOCAL-v1-q4-fixed_negative_bias-5089,4,candidate,15,410.14592586666663,0.021281166933476925,15,1.0,6152.188888,True,
LOCAL-v1-q4-fixed_negative_bias-5090,4,candidate,14,462.8781792857143,0.015714749926701188,14,1.0,6480.29451,True,
LOCAL-v1-q4-fixed_negative_bias-5091,4,candidate,12,596.8239273333334,0.019923459040001035,12,1.0,7161.887128,True,
LOCAL-v1-q4-fixed_negative_bias-5092,4,candidate,11,569.1210752727274,0.019391041016206145,11,1.0,6260.331828,True,
LOCAL-v1-q4-fixed_negative_bias-5093,4,candidate,15,511.1475695333333,0.017862124950625002,15,1.0,7667.213543,True,
LOCAL-v1-q4-fixed_negative_bias-5094,4,candidate,11,617.1424691818182,0.015324457897804677,11,1.0,6788.567161,True,
LOCAL-v1-q4-fixed_negative_bias-5095,4,candidate,10,747.7147511999999,0.01632383291143924,10,1.0,7477.147512,True,
LOCAL-v1-q4-fixed_negative_bias-5096,4,candidate,14,477.2709842142857,0.02210787497460842,14,1.0,6681.793779,True,
LOCAL-v1-q4-fixed_negative_bias-5097,4,candidate,13,527.1075376923077,0.020784416934475303,13,1.0,6852.39799,True,
LOCAL-v1-q4-fixed_negative_bias-5098,4,candidate,16,414.4341633125,0.02194383298046887,16,1.0,6630.946613,True,
LOCAL-v1-q4-fixed_negative_bias-5099,4,candidate,13,602.291166,0.02469433401711285,13,1.0,7829.785158,True,
LOCAL-v1-q4-smooth_shared_field-5000,4,candidate,11,579.386459909091,0.022722374997101724,11,1.0,6373.251059,True,
LOCAL-v1-q4-smooth_shared_field-5001,4,candidate,14,505.89378757142856,0.020661083050072193,14,1.0,7082.513026,True,
LOCAL-v1-q4-smooth_shared_field-5002,4,candidate,15,435.13059473333334,0.01663550001103431,15,1.0,6526.958921,True,
LOCAL-v1-q4-smooth_shared_field-5003,4,candidate,11,616.1823596363637,0.017311542062088847,11,1.0,6778.005956,True,
LOCAL-v1-q4-smooth_shared_field-5004,4,candidate,12,528.06017075,0.017684124992229044,12,1.0,6336.722049,True,
LOCAL-v1-q4-smooth_shared_field-5005,4,candidate,11,565.7599323636364,0.020844124956056476,11,1.0,6223.359256,True,
LOCAL-v1-q4-smooth_shared_field-5006,4,candidate,11,605.4194933636364,0.020042333053424954,11,1.0,6659.614427,True,
LOCAL-v1-q4-smooth_shared_field-5007,4,candidate,11,612.2110407272727,0.02163429104257375,11,1.0,6734.321448,True,
LOCAL-v1-q4-smooth_shared_field-5008,4,candidate,10,661.6265932,0.02040149993263185,10,1.0,6616.265932,True,
LOCAL-v1-q4-smooth_shared_field-5009,4,candidate,14,464.62149807142856,0.02300645795185119,14,1.0,6504.700973,True,
LOCAL-v1-q4-smooth_shared_field-5010,4,candidate,12,527.8219098333333,0.019527249969542027,12,1.0,6333.862918,True,
LOCAL-v1-q4-smooth_shared_field-5011,4,candidate,15,441.49687446666667,0.01921504200436175,15,1.0,6622.453117,True,
LOCAL-v1-q4-smooth_shared_field-5012,4,candidate,10,650.1341711,0.015544665977358818,10,1.0,6501.341711,True,
LOCAL-v1-q4-smooth_shared_field-5013,4,candidate,12,585.1105549166667,0.01822025002911687,12,1.0,7021.326659,True,
LOCAL-v1-q4-smooth_shared_field-5014,4,candidate,11,619.6465387272727,0.02100716601125896,11,1.0,6816.111926,True,
LOCAL-v1-q4-smooth_shared_field-5015,4,candidate,12,524.9943243333333,0.02010116702876985,12,1.0,6299.931892,True,
LOCAL-v1-q4-smooth_shared_field-5016,4,candidate,16,406.2754100625,0.02069254103116691,16,1.0,6500.406561,True,
LOCAL-v1-q4-smooth_shared_field-5017,4,candidate,15,484.2133346666667,0.020015166024677455,15,1.0,7263.20002,True,
LOCAL-v1-q4-smooth_shared_field-5018,4,candidate,10,709.3208417,0.01654787501320243,10,1.0,7093.208417,True,
LOCAL-v1-q4-smooth_shared_field-5019,4,candidate,11,624.9568141818182,0.018759792088530958,11,1.0,6874.524956,True,
LOCAL-v1-q4-smooth_shared_field-5020,4,candidate,16,378.062593125,0.019414333044551313,16,1.0,6049.00149,True,
LOCAL-v1-q4-smooth_shared_field-5021,4,candidate,14,512.990806,0.021216166904196143,14,1.0,7181.871284,True,
LOCAL-v1-q4-smooth_shared_field-5022,4,candidate,14,518.7293767857143,0.021131958928890526,14,1.0,7262.211275,True,
LOCAL-v1-q4-smooth_shared_field-5023,4,candidate,15,410.1020554666667,0.024508875096216798,15,1.0,6151.530832,True,
LOCAL-v1-q4-smooth_shared_field-5024,4,candidate,13,488.9370250769231,0.01626041589770466,13,1.0,6356.181326,True,
LOCAL-v1-q4-smooth_shared_field-5025,4,candidate,12,584.0032360833333,0.02157799992710352,12,1.0,7008.038833,True,
LOCAL-v1-q4-smooth_shared_field-5026,4,candidate,15,419.6896925333333,0.02053754194639623,15,1.0,6295.345388,True,
LOCAL-v1-q4-smooth_shared_field-5027,4,candidate,11,591.5839474545454,0.02060225000604987,11,1.0,6507.423422,True,
LOCAL-v1-q4-smooth_shared_field-5028,4,candidate,10,681.1125525,0.018548790947534144,10,1.0,6811.125525,True,
LOCAL-v1-q4-smooth_shared_field-5029,4,candidate,11,628.4018291818182,0.018806332955136895,11,1.0,6912.420121,True,
LOCAL-v1-q4-smooth_shared_field-5030,4,candidate,12,570.0454169166667,0.021008499898016453,12,1.0,6840.545003,True,
LOCAL-v1-q4-smooth_shared_field-5031,4,candidate,15,475.7495558,0.024776124977506697,15,1.0,7136.243337,True,
LOCAL-v1-q4-smooth_shared_field-5032,4,candidate,11,560.1925425454546,0.020155583042651415,11,1.0,6162.117968,True,
LOCAL-v1-q4-smooth_shared_field-5033,4,candidate,14,446.1255627857143,0.02092883305158466,14,1.0,6245.757879,True,
LOCAL-v1-q4-smooth_shared_field-5034,4,candidate,16,435.1160645,0.025378832942806184,16,1.0,6961.857032,True,
LOCAL-v1-q4-smooth_shared_field-5035,4,candidate,10,713.9222936,0.018548374995589256,10,1.0,7139.222936,True,
LOCAL-v1-q4-smooth_shared_field-5036,4,candidate,15,492.0468400666667,0.020471374969929457,15,1.0,7380.702601,True,
LOCAL-v1-q4-smooth_shared_field-5037,4,candidate,15,493.183413,0.026301166974008083,15,1.0,7397.751195,True,
LOCAL-v1-q4-smooth_shared_field-5038,4,candidate,16,406.873588875,0.02206908294465393,16,1.0,6509.977422,True,
LOCAL-v1-q4-smooth_shared_field-5039,4,candidate,10,666.9911414000001,0.01904991699848324,10,1.0,6669.911414,True,
LOCAL-v1-q4-smooth_shared_field-5040,4,candidate,15,420.3730587333333,0.020400124951265752,15,1.0,6305.595881,True,
LOCAL-v1-q4-smooth_shared_field-5041,4,candidate,15,481.1449468,0.02362445800099522,15,1.0,7217.174202,True,
LOCAL-v1-q4-smooth_shared_field-5042,4,candidate,11,606.9338565454545,0.023019416956230998,11,1.0,6676.272422,True,
LOCAL-v1-q4-smooth_shared_field-5043,4,candidate,12,537.0657780833334,0.022047041915357113,12,1.0,6444.789337,True,
LOCAL-v1-q4-smooth_shared_field-5044,4,candidate,11,645.9638905454545,0.019936125027015805,11,1.0,7105.602796,True,
LOCAL-v1-q4-smooth_shared_field-5045,4,candidate,11,571.6027280909092,0.016110709053464234,11,1.0,6287.630009,True,
LOCAL-v1-q4-smooth_shared_field-5046,4,candidate,10,663.5622972,0.020094290957786143,10,1.0,6635.622972,True,
LOCAL-v1-q4-smooth_shared_field-5047,4,candidate,16,394.515448375,0.025268457946367562,16,1.0,6312.247174,True,
LOCAL-v1-q4-smooth_shared_field-5048,4,candidate,12,553.6520828333333,0.01677500002551824,12,1.0,6643.824994,True,
LOCAL-v1-q4-smooth_shared_field-5049,4,candidate,10,742.5971544,0.021398667013272643,10,1.0,7425.971544,True,
LOCAL-v1-q4-smooth_shared_field-5050,4,candidate,15,432.85484166666663,0.024409041041508317,15,1.0,6492.822625,True,
LOCAL-v1-q4-smooth_shared_field-5051,4,candidate,11,638.28485,0.017060291953384876,11,1.0,7021.13335,True,
LOCAL-v1-q4-smooth_shared_field-5052,4,candidate,13,479.04849461538464,0.019124832935631275,13,1.0,6227.63043,True,
LOCAL-v1-q4-smooth_shared_field-5053,4,candidate,16,419.8158113125,0.02208704105578363,16,1.0,6717.052981,True,
LOCAL-v1-q4-smooth_shared_field-5054,4,candidate,16,428.3752748125,0.023467291961424053,16,1.0,6854.004397,True,
LOCAL-v1-q4-smooth_shared_field-5055,4,candidate,12,617.0131299999999,0.017063458915799856,12,1.0,7404.15756,True,
LOCAL-v1-q4-smooth_shared_field-5056,4,candidate,13,503.5437816923077,0.017892375006340444,13,1.0,6546.069162,True,
LOCAL-v1-q4-smooth_shared_field-5057,4,candidate,13,514.3694176153847,0.015098541975021362,13,1.0,6686.802429,True,
LOCAL-v1-q4-smooth_shared_field-5058,4,candidate,14,452.3154732857143,0.019255292019806802,14,1.0,6332.416626,True,
LOCAL-v1-q4-smooth_shared_field-5059,4,candidate,12,556.12027,0.019254709011875093,12,1.0,6673.44324,True,
LOCAL-v1-q4-smooth_shared_field-5060,4,candidate,11,620.9910140909091,0.020140917040407658,11,1.0,6830.901155,True,
LOCAL-v1-q4-smooth_shared_field-5061,4,candidate,13,564.4117905384616,0.021812165970914066,13,1.0,7337.353277,True,
LOCAL-v1-q4-smooth_shared_field-5062,4,candidate,16,423.875607125,0.023931459058076143,16,1.0,6782.009714,True,
LOCAL-v1-q4-smooth_shared_field-5063,4,candidate,15,414.8246127333333,0.02501779200974852,15,1.0,6222.369191,True,
LOCAL-v1-q4-smooth_shared_field-5064,4,candidate,13,506.8600682307693,0.019073791918344796,13,1.0,6589.180887,True,
LOCAL-v1-q4-smooth_shared_field-5065,4,candidate,12,622.42366125,0.01956749998498708,12,1.0,7469.083935,True,
LOCAL-v1-q4-smooth_shared_field-5066,4,candidate,10,648.8325464,0.018431000062264502,10,1.0,6488.325464,True,
LOCAL-v1-q4-smooth_shared_field-5067,4,candidate,16,435.5762660625,0.022557666990906,16,1.0,6969.220257,True,
LOCAL-v1-q4-smooth_shared_field-5068,4,candidate,13,505.8797282307693,0.02076766698155552,13,1.0,6576.436467,True,
LOCAL-v1-q4-smooth_shared_field-5069,4,candidate,14,484.8159775,0.021016792044974864,14,1.0,6787.423685,True,
LOCAL-v1-q4-smooth_shared_field-5070,4,candidate,12,547.0868610833334,0.018345542019233108,12,1.0,6565.042333,True,
LOCAL-v1-q4-smooth_shared_field-5071,4,candidate,12,564.6571055833333,0.020935499924235046,12,1.0,6775.885267,True,
LOCAL-v1-q4-smooth_shared_field-5072,4,candidate,15,489.3448442,0.015130082960240543,15,1.0,7340.172663,True,
LOCAL-v1-q4-smooth_shared_field-5073,4,candidate,10,618.6946737000001,0.01774358400143683,10,1.0,6186.946737,True,
LOCAL-v1-q4-smooth_shared_field-5074,4,candidate,16,416.2585929375,0.021469666971825063,16,1.0,6660.137487,True,
LOCAL-v1-q4-smooth_shared_field-5075,4,candidate,15,452.0905932,0.021458290982991457,15,1.0,6781.358898,True,
LOCAL-v1-q4-smooth_shared_field-5076,4,candidate,12,557.71873025,0.02328516694251448,12,1.0,6692.624763,True,
LOCAL-v1-q4-smooth_shared_field-5077,4,candidate,14,452.11169985714287,0.0188234590459615,14,1.0,6329.563798,True,
LOCAL-v1-q4-smooth_shared_field-5078,4,candidate,13,493.7735993846154,0.01982658402994275,13,1.0,6419.056792,True,
LOCAL-v1-q4-smooth_shared_field-5079,4,candidate,10,638.3648565000001,0.015594875090755522,10,1.0,6383.648565,True,
LOCAL-v1-q4-smooth_shared_field-5080,4,candidate,10,704.4992212,0.019543334026820958,10,1.0,7044.992212,True,
LOCAL-v1-q4-smooth_shared_field-5081,4,candidate,16,415.8215639375,0.021159749943763018,16,1.0,6653.145023,True,
LOCAL-v1-q4-smooth_shared_field-5082,4,candidate,13,533.6040327692308,0.017281166976317763,13,1.0,6936.852426,True,
LOCAL-v1-q4-smooth_shared_field-5083,4,candidate,13,510.77701015384616,0.02409933297894895,13,1.0,6640.101132,True,
LOCAL-v1-q4-smooth_shared_field-5084,4,candidate,14,507.4128569285714,0.024858832941390574,14,1.0,7103.779997,True,
LOCAL-v1-q4-smooth_shared_field-5085,4,candidate,15,424.3984031333333,0.01949420804157853,15,1.0,6365.976047,True,
LOCAL-v1-q4-smooth_shared_field-5086,4,candidate,12,595.127304,0.024906666949391365,12,1.0,7141.527648,True,
LOCAL-v1-q4-smooth_shared_field-5087,4,candidate,13,533.4045190769231,0.018034124979749322,13,1.0,6934.258748,True,
LOCAL-v1-q4-smooth_shared_field-5088,4,candidate,16,412.080877375,0.024668957921676338,16,1.0,6593.294038,True,
LOCAL-v1-q4-smooth_shared_field-5089,4,candidate,15,410.95652893333335,0.02083762502297759,15,1.0,6164.347934,True,
LOCAL-v1-q4-smooth_shared_field-5090,4,candidate,14,463.7666720714286,0.015745125012472272,14,1.0,6492.733409,True,
LOCAL-v1-q4-smooth_shared_field-5091,4,candidate,12,599.4304411666667,0.01919754093978554,12,1.0,7193.165294,True,
LOCAL-v1-q4-smooth_shared_field-5092,4,candidate,11,570.3795956363637,0.019283334026113153,11,1.0,6274.175552,True,
LOCAL-v1-q4-smooth_shared_field-5093,4,candidate,15,515.1334974,0.019020959036424756,15,1.0,7727.002461,True,
LOCAL-v1-q4-smooth_shared_field-5094,4,candidate,11,623.222464090909,0.015888458001427352,11,1.0,6855.447105,True,
LOCAL-v1-q4-smooth_shared_field-5095,4,candidate,10,689.2078533,0.019031333969905972,10,1.0,6892.078533,True,
LOCAL-v1-q4-smooth_shared_field-5096,4,candidate,14,478.9022712142857,0.021745959063991904,14,1.0,6704.631797,True,
LOCAL-v1-q4-smooth_shared_field-5097,4,candidate,13,527.963611,0.021243124967440963,13,1.0,6863.526943,True,
LOCAL-v1-q4-smooth_shared_field-5098,4,candidate,16,417.7018725625,0.021268208045512438,16,1.0,6683.229961,True,
LOCAL-v1-q4-smooth_shared_field-5099,4,candidate,13,597.8026343846154,0.01995966595131904,13,1.0,7771.434247,True,
LOCAL-v1-q4-cell50_shared_field-5000,4,candidate,11,578.9976023636364,0.023342791944742203,11,1.0,6368.973626,True,
LOCAL-v1-q4-cell50_shared_field-5001,4,candidate,14,505.5187595714286,0.019776958972215652,14,1.0,7077.262634,True,
LOCAL-v1-q4-cell50_shared_field-5002,4,candidate,15,443.993648,0.01681437494698912,15,1.0,6659.90472,True,
LOCAL-v1-q4-cell50_shared_field-5003,4,candidate,11,617.6353988181818,0.01736312499269843,11,1.0,6793.989387,True,
LOCAL-v1-q4-cell50_shared_field-5004,4,candidate,12,520.5278074166666,0.01862170803360641,12,1.0,6246.333689,True,
LOCAL-v1-q4-cell50_shared_field-5005,4,candidate,11,563.8737269090909,0.021498459042049944,11,1.0,6202.610996,True,
LOCAL-v1-q4-cell50_shared_field-5006,4,candidate,11,640.0942964545455,0.019162458018399775,11,1.0,7041.037261,True,
LOCAL-v1-q4-cell50_shared_field-5007,4,candidate,11,605.3092193636363,0.02356875000987202,11,1.0,6658.401413,True,
LOCAL-v1-q4-cell50_shared_field-5008,4,candidate,10,659.5351986,0.020918125053867698,10,1.0,6595.351986,True,
LOCAL-v1-q4-cell50_shared_field-5009,4,candidate,14,468.74302535714287,0.023446250008419156,14,1.0,6562.402355,True,
LOCAL-v1-q4-cell50_shared_field-5010,4,candidate,12,531.1773031666667,0.02103883307427168,12,1.0,6374.127638,True,
LOCAL-v1-q4-cell50_shared_field-5011,4,candidate,15,442.47122433333334,0.019855207996442914,15,1.0,6637.068365,True,
LOCAL-v1-q4-cell50_shared_field-5012,4,candidate,10,647.8860813,0.015608125017024577,10,1.0,6478.860813,True,
LOCAL-v1-q4-cell50_shared_field-5013,4,candidate,12,581.310239,0.016015499946661294,12,1.0,6975.722868,True,
LOCAL-v1-q4-cell50_shared_field-5014,4,candidate,11,612.8811382727273,0.017892915988340974,11,1.0,6741.692521,True,
LOCAL-v1-q4-cell50_shared_field-5015,4,candidate,12,527.3561755,0.020203207968734205,12,1.0,6328.274106,True,
LOCAL-v1-q4-cell50_shared_field-5016,4,candidate,16,408.382529625,0.020079874899238348,16,1.0,6534.120474,True,
LOCAL-v1-q4-cell50_shared_field-5017,4,candidate,15,482.36497266666663,0.01793820911552757,15,1.0,7235.47459,True,
LOCAL-v1-q4-cell50_shared_field-5018,4,candidate,10,710.4148461,0.016634667059406638,10,1.0,7104.148461,True,
LOCAL-v1-q4-cell50_shared_field-5019,4,candidate,11,625.9788635454545,0.019051999901421368,11,1.0,6885.767499,True,
LOCAL-v1-q4-cell50_shared_field-5020,4,candidate,16,379.915369,0.020052040927112103,16,1.0,6078.645904,True,
LOCAL-v1-q4-cell50_shared_field-5021,4,candidate,14,530.8953966428571,0.02297970897052437,14,1.0,7432.535553,True,
LOCAL-v1-q4-cell50_shared_field-5022,4,candidate,14,497.1001197857143,0.018178875092417,14,1.0,6959.401677,True,
LOCAL-v1-q4-cell50_shared_field-5023,4,candidate,15,447.7478815333333,0.022047041915357113,15,1.0,6716.218223,True,
LOCAL-v1-q4-cell50_shared_field-5024,4,candidate,13,488.41032284615386,0.0166422079782933,13,1.0,6349.334197,True,
LOCAL-v1-q4-cell50_shared_field-5025,4,candidate,12,621.1487150833333,0.022809250047430396,12,1.0,7453.784581,True,
LOCAL-v1-q4-cell50_shared_field-5026,4,candidate,15,422.0555864666667,0.02020529191941023,15,1.0,6330.833797,True,
LOCAL-v1-q4-cell50_shared_field-5027,4,candidate,11,590.4071237272727,0.018657834036275744,11,1.0,6494.478361,True,
LOCAL-v1-q4-cell50_shared_field-5028,4,candidate,10,678.6880268,0.016684207948856056,10,1.0,6786.880268,True,
LOCAL-v1-q4-cell50_shared_field-5029,4,candidate,11,625.8401654545455,0.017070083995349705,11,1.0,6884.24182,True,
LOCAL-v1-q4-cell50_shared_field-5030,4,candidate,12,573.9676759166667,0.020346375065855682,12,1.0,6887.612111,True,
LOCAL-v1-q4-cell50_shared_field-5031,4,candidate,15,500.91281273333334,0.0226421250263229,15,1.0,7513.692191,True,
LOCAL-v1-q4-cell50_shared_field-5032,4,candidate,11,553.585993090909,0.018302708049304783,11,1.0,6089.445924,True,
LOCAL-v1-q4-cell50_shared_field-5033,4,candidate,14,446.3836253571429,0.01976304210256785,14,1.0,6249.370755,True,
LOCAL-v1-q4-cell50_shared_field-5034,4,candidate,16,438.0602413125,0.02536724996753037,16,1.0,7008.963861,True,
LOCAL-v1-q4-cell50_shared_field-5035,4,candidate,10,715.0780893,0.01749720796942711,10,1.0,7150.780893,True,
LOCAL-v1-q4-cell50_shared_field-5036,4,candidate,15,492.2686182,0.020105333998799324,15,1.0,7384.029273,True,
LOCAL-v1-q4-cell50_shared_field-5037,4,candidate,15,493.5349483333333,0.023777500027790666,15,1.0,7403.024225,True,
LOCAL-v1-q4-cell50_shared_field-5038,4,candidate,16,465.1284083125,0.021526957978494465,16,1.0,7442.054533,True,
LOCAL-v1-q4-cell50_shared_field-5039,4,candidate,10,670.6007085,0.01889529195614159,10,1.0,6706.007085,True,
LOCAL-v1-q4-cell50_shared_field-5040,4,candidate,15,419.6447652,0.01949125004466623,15,1.0,6294.671478,True,
LOCAL-v1-q4-cell50_shared_field-5041,4,candidate,15,483.5201846666667,0.022142082918435335,15,1.0,7252.80277,True,
LOCAL-v1-q4-cell50_shared_field-5042,4,candidate,11,610.5201602727273,0.020061083021573722,11,1.0,6715.721763,True,
LOCAL-v1-q4-cell50_shared_field-5043,4,candidate,12,546.0646093333334,0.022920750081539154,12,1.0,6552.775312,True,
LOCAL-v1-q4-cell50_shared_field-5044,4,candidate,11,655.2575882727273,0.02019295794889331,11,1.0,7207.833471,True,
LOCAL-v1-q4-cell50_shared_field-5045,4,candidate,11,571.8117221818183,0.015085167018696666,11,1.0,6289.928944,True,
LOCAL-v1-q4-cell50_shared_field-5046,4,candidate,10,644.5983106,0.01812158292159438,10,1.0,6445.983106,True,
LOCAL-v1-q4-cell50_shared_field-5047,4,candidate,16,394.3123415625,0.023264499963261187,16,1.0,6308.997465,True,
LOCAL-v1-q4-cell50_shared_field-5048,4,candidate,12,554.4495160833334,0.015641000005416572,12,1.0,6653.394193,True,
LOCAL-v1-q4-cell50_shared_field-5049,4,candidate,10,738.9152334,0.018486624932847917,10,1.0,7389.152334,True,
LOCAL-v1-q4-cell50_shared_field-5050,4,candidate,15,426.90657353333336,0.022521874983794987,15,1.0,6403.598603,True,
LOCAL-v1-q4-cell50_shared_field-5051,4,candidate,11,633.977992,0.016220042016357183,11,1.0,6973.757912,True,
LOCAL-v1-q4-cell50_shared_field-5052,4,candidate,13,481.9231456923077,0.01996237493585795,13,1.0,6265.000894,True,
LOCAL-v1-q4-cell50_shared_field-5053,4,candidate,16,413.2222245625,0.020701208035461605,16,1.0,6611.555593,True,
LOCAL-v1-q4-cell50_shared_field-5054,4,candidate,16,425.6753824375,0.02154783403966576,16,1.0,6810.806119,True,
LOCAL-v1-q4-cell50_shared_field-5055,4,candidate,12,620.71296,0.016092792036943138,12,1.0,7448.55552,True,
LOCAL-v1-q4-cell50_shared_field-5056,4,candidate,13,504.2298439230769,0.01887912501115352,13,1.0,6554.987971,True,
LOCAL-v1-q4-cell50_shared_field-5057,4,candidate,13,513.3402997692308,0.015029791975393891,13,1.0,6673.423897,True,
LOCAL-v1-q4-cell50_shared_field-5058,4,candidate,14,450.9688788571429,0.018096125102601945,14,1.0,6313.564304,True,
LOCAL-v1-q4-cell50_shared_field-5059,4,candidate,12,534.6951240833333,0.01849062496330589,12,1.0,6416.341489,True,
LOCAL-v1-q4-cell50_shared_field-5060,4,candidate,11,619.2399429090909,0.021736041991971433,11,1.0,6811.639372,True,
LOCAL-v1-q4-cell50_shared_field-5061,4,candidate,13,583.1166119230769,0.021328915958292782,13,1.0,7580.515955,True,
LOCAL-v1-q4-cell50_shared_field-5062,4,candidate,16,423.2626655,0.022918917005881667,16,1.0,6772.202648,True,
LOCAL-v1-q4-cell50_shared_field-5063,4,candidate,15,410.5104288666667,0.022449499927461147,15,1.0,6157.656433,True,
LOCAL-v1-q4-cell50_shared_field-5064,4,candidate,13,507.65301353846155,0.019302750006318092,13,1.0,6599.489176,True,
LOCAL-v1-q4-cell50_shared_field-5065,4,candidate,12,630.2677054166667,0.01627508399542421,12,1.0,7563.212465,True,
LOCAL-v1-q4-cell50_shared_field-5066,4,candidate,10,648.8311076,0.017549333977513015,10,1.0,6488.311076,True,
LOCAL-v1-q4-cell50_shared_field-5067,4,candidate,16,434.0295013125,0.021532041020691395,16,1.0,6944.472021,True,
LOCAL-v1-q4-cell50_shared_field-5068,4,candidate,13,504.7790375384615,0.02062487497460097,13,1.0,6562.127488,True,
LOCAL-v1-q4-cell50_shared_field-5069,4,candidate,14,504.7946258571429,0.023808208061382174,14,1.0,7067.124762,True,
LOCAL-v1-q4-cell50_shared_field-5070,4,candidate,12,545.08260875,0.017229332937859,12,1.0,6540.991305,True,
LOCAL-v1-q4-cell50_shared_field-5071,4,candidate,12,563.6255046666666,0.020776666002348065,12,1.0,6763.506056,True,
LOCAL-v1-q4-cell50_shared_field-5072,4,candidate,15,487.4167956666667,0.01575179200153798,15,1.0,7311.251935,True,
LOCAL-v1-q4-cell50_shared_field-5073,4,candidate,10,617.6823036,0.017405291087925434,10,1.0,6176.823036,True,
LOCAL-v1-q4-cell50_shared_field-5074,4,candidate,16,414.0610250625,0.021128291031345725,16,1.0,6624.976401,True,
LOCAL-v1-q4-cell50_shared_field-5075,4,candidate,15,451.40502986666667,0.020296708098612726,15,1.0,6771.075448,True,
LOCAL-v1-q4-cell50_shared_field-5076,4,candidate,12,550.4656496666666,0.02501954196486622,12,1.0,6605.587796,True,
LOCAL-v1-q4-cell50_shared_field-5077,4,candidate,14,446.54428964285717,0.01931104203686118,14,1.0,6251.620055,True,
LOCAL-v1-q4-cell50_shared_field-5078,4,candidate,13,512.2171202307692,0.019225499941967428,13,1.0,6658.822563,True,
LOCAL-v1-q4-cell50_shared_field-5079,4,candidate,10,646.6934376,0.015183707932010293,10,1.0,6466.934376,True,
LOCAL-v1-q4-cell50_shared_field-5080,4,candidate,10,680.6663101,0.018941582995466888,10,1.0,6806.663101,True,
LOCAL-v1-q4-cell50_shared_field-5081,4,candidate,16,439.82216775,0.022296209004707634,16,1.0,7037.154684,True,
LOCAL-v1-q4-cell50_shared_field-5082,4,candidate,13,533.5452386153846,0.017051792005077004,13,1.0,6936.088102,True,
LOCAL-v1-q4-cell50_shared_field-5083,4,candidate,13,514.8838285384616,0.024221875006332994,13,1.0,6693.489771,True,
LOCAL-v1-q4-cell50_shared_field-5084,4,candidate,14,506.8048734285714,0.023904875037260354,14,1.0,7095.268228,True,
LOCAL-v1-q4-cell50_shared_field-5085,4,candidate,15,408.444646,0.020927459001541138,15,1.0,6126.66969,True,
LOCAL-v1-q4-cell50_shared_field-5086,4,candidate,12,597.6067668333334,0.028344249934889376,12,1.0,7171.281202,True,
LOCAL-v1-q4-cell50_shared_field-5087,4,candidate,13,530.658908923077,0.01803750009275973,13,1.0,6898.565816,True,
LOCAL-v1-q4-cell50_shared_field-5088,4,candidate,16,411.744817625,0.02479020901955664,16,1.0,6587.917082,True,
LOCAL-v1-q4-cell50_shared_field-5089,4,candidate,15,406.5894161333334,0.020970333949662745,15,1.0,6098.841242,True,
LOCAL-v1-q4-cell50_shared_field-5090,4,candidate,14,461.8008814285714,0.015842041932046413,14,1.0,6465.21234,True,
LOCAL-v1-q4-cell50_shared_field-5091,4,candidate,12,573.7406110000001,0.01653675001580268,12,1.0,6884.887332,True,
LOCAL-v1-q4-cell50_shared_field-5092,4,candidate,11,569.357139,0.019339165999554098,11,1.0,6262.928529,True,
LOCAL-v1-q4-cell50_shared_field-5093,4,candidate,15,519.8211128,0.02000675001181662,15,1.0,7797.316692,True,
LOCAL-v1-q4-cell50_shared_field-5094,4,candidate,11,625.6906736363636,0.016490541980601847,11,1.0,6882.59741,True,
LOCAL-v1-q4-cell50_shared_field-5095,4,candidate,10,709.1884252,0.020027833990752697,10,1.0,7091.884252,True,
LOCAL-v1-q4-cell50_shared_field-5096,4,candidate,14,479.2503495,0.022391750011593103,14,1.0,6709.504893,True,
LOCAL-v1-q4-cell50_shared_field-5097,4,candidate,13,527.5011482307692,0.02159679203759879,13,1.0,6857.514927,True,
LOCAL-v1-q4-cell50_shared_field-5098,4,candidate,16,408.2094803125,0.020966207957826555,16,1.0,6531.351685,True,
LOCAL-v1-q4-cell50_shared_field-5099,4,candidate,13,601.6264978461538,0.022340166964568198,13,1.0,7821.144472,True,
LOCAL-v1-q4-cell500_shared_field-5000,4,candidate,11,582.9239837272727,0.022690708050504327,11,1.0,6412.163821,True,
LOCAL-v1-q4-cell500_shared_field-5001,4,candidate,14,505.70138135714285,0.019205041928216815,14,1.0,7079.819339,True,
LOCAL-v1-q4-cell500_shared_field-5002,4,candidate,15,435.55245593333336,0.016177290934138,15,1.0,6533.286839,True,
LOCAL-v1-q4-cell500_shared_field-5003,4,candidate,11,616.440316,0.016974707948975265,11,1.0,6780.843476,True,
LOCAL-v1-q4-cell500_shared_field-5004,4,candidate,12,523.3238273333333,0.01860674994532019,12,1.0,6279.885928,True,
LOCAL-v1-q4-cell500_shared_field-5005,4,candidate,11,566.6793182727273,0.021699124947190285,11,1.0,6233.472501,True,
LOCAL-v1-q4-cell500_shared_field-5006,4,candidate,11,639.166862,0.0198253330308944,11,1.0,7030.835482,True,
LOCAL-v1-q4-cell500_shared_field-5007,4,candidate,11,605.8678090909091,0.02355883305426687,11,1.0,6664.5459,True,
LOCAL-v1-q4-cell500_shared_field-5008,4,candidate,10,660.5026795,0.02065649989526719,10,1.0,6605.026795,True,
LOCAL-v1-q4-cell500_shared_field-5009,4,candidate,14,464.1890697142857,0.02301954198628664,14,1.0,6498.646976,True,
LOCAL-v1-q4-cell500_shared_field-5010,4,candidate,12,531.6905370833333,0.02056745905429125,12,1.0,6380.286445,True,
LOCAL-v1-q4-cell500_shared_field-5011,4,candidate,15,442.26416266666666,0.01996591594070196,15,1.0,6633.96244,True,
LOCAL-v1-q4-cell500_shared_field-5012,4,candidate,10,629.7000789,0.014874375076033175,10,1.0,6297.000789,True,
LOCAL-v1-q4-cell500_shared_field-5013,4,candidate,12,580.51957425,0.015525334049016237,12,1.0,6966.234891,True,
LOCAL-v1-q4-cell500_shared_field-5014,4,candidate,11,625.8514603636363,0.020920082926750183,11,1.0,6884.366064,True,
LOCAL-v1-q4-cell500_shared_field-5015,4,candidate,12,525.4652971666667,0.02049441693816334,12,1.0,6305.583566,True,
LOCAL-v1-q4-cell500_shared_field-5016,4,candidate,16,408.060739625,0.019865958020091057,16,1.0,6528.971834,True,
LOCAL-v1-q4-cell500_shared_field-5017,4,candidate,15,500.0751371333333,0.023788040969520807,15,1.0,7501.127057,True,
LOCAL-v1-q4-cell500_shared_field-5018,4,candidate,10,710.4846842,0.017081541009247303,10,1.0,7104.846842,True,
LOCAL-v1-q4-cell500_shared_field-5019,4,candidate,11,628.5974417272727,0.01856629189569503,11,1.0,6914.571859,True,
LOCAL-v1-q4-cell500_shared_field-5020,4,candidate,16,378.0966709375,0.019667500047944486,16,1.0,6049.546735,True,
LOCAL-v1-q4-cell500_shared_field-5021,4,candidate,14,532.8830767857143,0.02315004193224013,14,1.0,7460.363075,True,
LOCAL-v1-q4-cell500_shared_field-5022,4,candidate,14,498.81421885714286,0.018937750020995736,14,1.0,6983.399064,True,
LOCAL-v1-q4-cell500_shared_field-5023,4,candidate,15,446.24723413333334,0.021827500080689788,15,1.0,6693.708512,True,
LOCAL-v1-q4-cell500_shared_field-5024,4,candidate,13,488.2027199230769,0.01642016600817442,13,1.0,6346.635359,True,
LOCAL-v1-q4-cell500_shared_field-5025,4,candidate,12,595.0313205,0.023053833981975913,12,1.0,7140.375846,True,
LOCAL-v1-q4-cell500_shared_field-5026,4,candidate,15,419.64132866666665,0.02074037492275238,15,1.0,6294.61993,True,
LOCAL-v1-q4-cell500_shared_field-5027,4,candidate,11,580.2745956363636,0.01964470895472914,11,1.0,6383.020552,True,
LOCAL-v1-q4-cell500_shared_field-5028,4,candidate,10,679.6503182,0.016501000034622848,10,1.0,6796.503182,True,
LOCAL-v1-q4-cell500_shared_field-5029,4,candidate,11,628.3047887272728,0.018347625038586557,11,1.0,6911.352676,True,
LOCAL-v1-q4-cell500_shared_field-5030,4,candidate,12,566.34475875,0.01983433309942484,12,1.0,6796.137105,True,
LOCAL-v1-q4-cell500_shared_field-5031,4,candidate,15,501.792523,0.023141707992181182,15,1.0,7526.887845,True,
LOCAL-v1-q4-cell500_shared_field-5032,4,candidate,11,558.5027721818182,0.018486624932847917,11,1.0,6143.530494,True,
LOCAL-v1-q4-cell500_shared_field-5033,4,candidate,14,445.8311005714286,0.01959475001785904,14,1.0,6241.635408,True,
LOCAL-v1-q4-cell500_shared_field-5034,4,candidate,16,440.374709125,0.02152608393225819,16,1.0,7045.995346,True,
LOCAL-v1-q4-cell500_shared_field-5035,4,candidate,10,716.4638858000001,0.017717833048664033,10,1.0,7164.638858,True,
LOCAL-v1-q4-cell500_shared_field-5036,4,candidate,15,492.2583290666667,0.01988962502218783,15,1.0,7383.874936,True,
LOCAL-v1-q4-cell500_shared_field-5037,4,candidate,15,487.48280366666665,0.022677875007502735,15,1.0,7312.242055,True,
LOCAL-v1-q4-cell500_shared_field-5038,4,candidate,16,464.0062314375,0.018895625020377338,16,1.0,7424.099703,True,
LOCAL-v1-q4-cell500_shared_field-5039,4,candidate,10,666.7778756,0.01775470795109868,10,1.0,6667.778756,True,
LOCAL-v1-q4-cell500_shared_field-5040,4,candidate,15,453.7860579333334,0.017600041930563748,15,1.0,6806.790869,True,
LOCAL-v1-q4-cell500_shared_field-5041,4,candidate,15,470.04778319999997,0.022962375078350306,15,1.0,7050.716748,True,
LOCAL-v1-q4-cell500_shared_field-5042,4,candidate,11,608.9431803636363,0.022154291975311935,11,1.0,6698.374984,True,
LOCAL-v1-q4-cell500_shared_field-5043,4,candidate,12,543.3414233333333,0.021933750016614795,12,1.0,6520.09708,True,
LOCAL-v1-q4-cell500_shared_field-5044,4,candidate,11,646.2294610909091,0.018552875029854476,11,1.0,7108.524072,True,
LOCAL-v1-q4-cell500_shared_field-5045,4,candidate,11,572.7442779090909,0.015191582962870598,11,1.0,6300.187057,True,
LOCAL-v1-q4-cell500_shared_field-5046,4,candidate,10,663.14564,0.01870854094158858,10,1.0,6631.4564,True,
LOCAL-v1-q4-cell500_shared_field-5047,4,candidate,16,395.2493680625,0.0235961249563843,16,1.0,6323.989889,True,
LOCAL-v1-q4-cell500_shared_field-5048,4,candidate,12,556.3044052500001,0.015751083963550627,12,1.0,6675.652863,True,
LOCAL-v1-q4-cell500_shared_field-5049,4,candidate,10,739.934695,0.020060000009834766,10,1.0,7399.34695,True,
LOCAL-v1-q4-cell500_shared_field-5050,4,candidate,15,426.7053586,0.02282087493222207,15,1.0,6400.580379,True,
LOCAL-v1-q4-cell500_shared_field-5051,4,candidate,11,633.6373561818182,0.016158249927684665,11,1.0,6970.010918,True,
LOCAL-v1-q4-cell500_shared_field-5052,4,candidate,13,482.32439369230764,0.020021624979563057,13,1.0,6270.217118,True,
LOCAL-v1-q4-cell500_shared_field-5053,4,candidate,16,415.8957144375,0.02175079204607755,16,1.0,6654.331431,True,
LOCAL-v1-q4-cell500_shared_field-5054,4,candidate,16,441.1671315,0.022256874945014715,16,1.0,7058.674104,True,
LOCAL-v1-q4-cell500_shared_field-5055,4,candidate,12,616.80087,0.016789249959401786,12,1.0,7401.61044,True,
LOCAL-v1-q4-cell500_shared_field-5056,4,candidate,13,503.9889063846154,0.01825199997983873,13,1.0,6551.855783,True,
LOCAL-v1-q4-cell500_shared_field-5057,4,candidate,13,525.4541958461539,0.01540016708895564,13,1.0,6830.904546,True,
LOCAL-v1-q4-cell500_shared_field-5058,4,candidate,14,450.41821307142857,0.018015375011600554,14,1.0,6305.854983,True,
LOCAL-v1-q4-cell500_shared_field-5059,4,candidate,12,534.8628915833334,0.018824207945726812,12,1.0,6418.354699,True,
LOCAL-v1-q4-cell500_shared_field-5060,4,candidate,11,618.2734210909091,0.021523082978092134,11,1.0,6801.007632,True,
LOCAL-v1-q4-cell500_shared_field-5061,4,candidate,13,562.5956741538462,0.021488624974153936,13,1.0,7313.743764,True,
LOCAL-v1-q4-cell500_shared_field-5062,4,candidate,16,427.9849578125,0.02532366698142141,16,1.0,6847.759325,True,
LOCAL-v1-q4-cell500_shared_field-5063,4,candidate,15,417.10668086666664,0.025030832970514894,15,1.0,6256.600213,True,
LOCAL-v1-q4-cell500_shared_field-5064,4,candidate,13,505.34508323076926,0.020185790956020355,13,1.0,6569.486082,True,
LOCAL-v1-q4-cell500_shared_field-5065,4,candidate,12,583.8495505,0.016580833005718887,12,1.0,7006.194606,True,
LOCAL-v1-q4-cell500_shared_field-5066,4,candidate,10,645.2559819,0.017707583960145712,10,1.0,6452.559819,True,
LOCAL-v1-q4-cell500_shared_field-5067,4,candidate,16,437.3465236875,0.02326104196254164,16,1.0,6997.544379,True,
LOCAL-v1-q4-cell500_shared_field-5068,4,candidate,13,506.4596773076923,0.020744833047501743,13,1.0,6583.975805,True,
LOCAL-v1-q4-cell500_shared_field-5069,4,candidate,14,503.2599915,0.025703958002850413,14,1.0,7045.639881,True,
LOCAL-v1-q4-cell500_shared_field-5070,4,candidate,12,543.9378009166667,0.017817709012888372,12,1.0,6527.253611,True,
LOCAL-v1-q4-cell500_shared_field-5071,4,candidate,12,564.866387,0.020796041935682297,12,1.0,6778.396644,True,
LOCAL-v1-q4-cell500_shared_field-5072,4,candidate,15,485.909264,0.01550666696857661,15,1.0,7288.63896,True,
LOCAL-v1-q4-cell500_shared_field-5073,4,candidate,10,625.7931503,0.01795445801690221,10,1.0,6257.931503,True,
LOCAL-v1-q4-cell500_shared_field-5074,4,candidate,16,414.368233125,0.0229769580764696,16,1.0,6629.89173,True,
LOCAL-v1-q4-cell500_shared_field-5075,4,candidate,15,449.52519866666665,0.021133832982741296,15,1.0,6742.87798,True,
LOCAL-v1-q4-cell500_shared_field-5076,4,candidate,12,558.9248950833334,0.024009958025999367,12,1.0,6707.098741,True,
LOCAL-v1-q4-cell500_shared_field-5077,4,candidate,14,485.2149827142857,0.01996045804116875,14,1.0,6793.009758,True,
LOCAL-v1-q4-cell500_shared_field-5078,4,candidate,13,513.7206610769231,0.0201258750166744,13,1.0,6678.368594,True,
LOCAL-v1-q4-cell500_shared_field-5079,4,candidate,10,647.7839916,0.015286542009562254,10,1.0,6477.839916,True,
LOCAL-v1-q4-cell500_shared_field-5080,4,candidate,10,699.6092635,0.01874729199334979,10,1.0,6996.092635,True,
LOCAL-v1-q4-cell500_shared_field-5081,4,candidate,16,440.1235208125,0.022043374949134886,16,1.0,7041.976333,True,
LOCAL-v1-q4-cell500_shared_field-5082,4,candidate,13,527.1554013076923,0.017649790970608592,13,1.0,6853.020217,True,
LOCAL-v1-q4-cell500_shared_field-5083,4,candidate,13,507.74418007692304,0.024260499980300665,13,1.0,6600.674341,True,
LOCAL-v1-q4-cell500_shared_field-5084,4,candidate,14,496.4898933571429,0.02186570898629725,14,1.0,6950.858507,True,
LOCAL-v1-q4-cell500_shared_field-5085,4,candidate,15,409.7874243333333,0.021194915985688567,15,1.0,6146.811365,True,
LOCAL-v1-q4-cell500_shared_field-5086,4,candidate,12,557.1602541666667,0.025295207975432277,12,1.0,6685.92305,True,
LOCAL-v1-q4-cell500_shared_field-5087,4,candidate,13,532.371855923077,0.020078749977983534,13,1.0,6920.834127,True,
LOCAL-v1-q4-cell500_shared_field-5088,4,candidate,16,409.26040425,0.02408616605680436,16,1.0,6548.166468,True,
LOCAL-v1-q4-cell500_shared_field-5089,4,candidate,15,404.18080533333335,0.02169654204044491,15,1.0,6062.71208,True,
LOCAL-v1-q4-cell500_shared_field-5090,4,candidate,14,463.5340135714286,0.01608858397230506,14,1.0,6489.47619,True,
LOCAL-v1-q4-cell500_shared_field-5091,4,candidate,12,577.0774418333333,0.01878637506160885,12,1.0,6924.929302,True,
LOCAL-v1-q4-cell500_shared_field-5092,4,candidate,11,569.3325340909091,0.019656416028738022,11,1.0,6262.657875,True,
LOCAL-v1-q4-cell500_shared_field-5093,4,candidate,15,518.4476469333333,0.02051270892843604,15,1.0,7776.714704,True,
LOCAL-v1-q4-cell500_shared_field-5094,4,candidate,11,632.6515772727272,0.015307666035369039,11,1.0,6959.16735,True,
LOCAL-v1-q4-cell500_shared_field-5095,4,candidate,10,690.2295062000001,0.01787495892494917,10,1.0,6902.295062,True,
LOCAL-v1-q4-cell500_shared_field-5096,4,candidate,14,481.0479361428571,0.021980750025250018,14,1.0,6734.671106,True,
LOCAL-v1-q4-cell500_shared_field-5097,4,candidate,13,530.10947,0.02204083395190537,13,1.0,6891.42311,True,
LOCAL-v1-q4-cell500_shared_field-5098,4,candidate,16,405.583708125,0.019670958048664033,16,1.0,6489.33933,True,
LOCAL-v1-q4-cell500_shared_field-5099,4,candidate,13,602.3891762307692,0.02263395907357335,13,1.0,7831.059291,True,
LOCAL-v1-q4-edge_mixed_min_radius-5000,4,candidate,11,693.2854282727272,0.019906291970983148,11,1.0,7626.139711,True,
LOCAL-v1-q4-edge_mixed_min_radius-5001,4,candidate,14,569.3665520000001,0.02144366700667888,14,1.0,7971.131728,True,
LOCAL-v1-q4-edge_mixed_min_radius-5002,4,candidate,15,576.8972357333333,0.02153541601728648,15,1.0,8653.458536,True,
LOCAL-v1-q4-edge_mixed_min_radius-5003,4,candidate,11,636.0041528181818,0.01928675000090152,11,1.0,6996.045681,True,
LOCAL-v1-q4-edge_mixed_min_radius-5004,4,candidate,12,551.2284521666667,0.019749082974158227,12,1.0,6614.741426,True,
LOCAL-v1-q4-edge_mixed_min_radius-5005,4,candidate,11,626.9964489090909,0.01741291698999703,11,1.0,6896.960938,True,
LOCAL-v1-q4-edge_mixed_min_radius-5006,4,candidate,11,686.6022208181819,0.019355125026777387,11,1.0,7552.624429,True,
LOCAL-v1-q4-edge_mixed_min_radius-5007,4,candidate,11,618.6550528181818,0.018559375079348683,11,1.0,6805.205581,True,
LOCAL-v1-q4-edge_mixed_min_radius-5008,4,candidate,10,771.5907626999999,0.01568729104474187,10,1.0,7715.907627,True,
LOCAL-v1-q4-edge_mixed_min_radius-5009,4,candidate,14,504.63858014285717,0.01884224999230355,14,1.0,7064.940122,True,
LOCAL-v1-q4-edge_mixed_min_radius-5010,4,candidate,12,532.8893075,0.02171916700899601,12,1.0,6394.67169,True,
LOCAL-v1-q4-edge_mixed_min_radius-5011,4,candidate,15,429.56577486666663,0.0230570409912616,15,1.0,6443.486623,True,
LOCAL-v1-q4-edge_mixed_min_radius-5012,4,candidate,10,701.7344084,0.01921195792965591,10,1.0,7017.344084,True,
LOCAL-v1-q4-edge_mixed_min_radius-5013,4,candidate,12,583.06992275,0.020275625050999224,12,1.0,6996.839073,True,
LOCAL-v1-q4-edge_mixed_min_radius-5014,4,candidate,11,760.0024527272727,0.01732445799279958,11,1.0,8360.02698,True,
LOCAL-v1-q4-edge_mixed_min_radius-5015,4,candidate,12,615.2957281666667,0.017774624982848763,12,1.0,7383.548738,True,
LOCAL-v1-q4-edge_mixed_min_radius-5016,4,candidate,16,484.707983375,0.01929204200860113,16,1.0,7755.327734,True,
LOCAL-v1-q4-edge_mixed_min_radius-5017,4,candidate,15,571.8399098666666,0.0194438339676708,15,1.0,8577.598648,True,
LOCAL-v1-q4-edge_mixed_min_radius-5018,4,candidate,10,748.9810996,0.016775791998952627,10,1.0,7489.810996,True,
LOCAL-v1-q4-edge_mixed_min_radius-5019,4,candidate,11,555.4542983636364,0.01948150002863258,11,1.0,6109.997282,True,
LOCAL-v1-q4-edge_mixed_min_radius-5020,4,candidate,16,440.7163716875,0.023100791033357382,16,1.0,7051.461947,True,
LOCAL-v1-q4-edge_mixed_min_radius-5021,4,candidate,14,660.8289072142858,0.018718042061664164,14,1.0,9251.604701,True,
LOCAL-v1-q4-edge_mixed_min_radius-5022,4,candidate,14,583.8993382142856,0.01733754191081971,14,1.0,8174.590735,True,
LOCAL-v1-q4-edge_mixed_min_radius-5023,4,candidate,15,516.6418004666667,0.022111832979135215,15,1.0,7749.627007,True,
LOCAL-v1-q4-edge_mixed_min_radius-5024,4,candidate,13,559.0691620769231,0.023393417010083795,13,1.0,7267.899107,True,
LOCAL-v1-q4-edge_mixed_min_radius-5025,4,candidate,12,642.2894151666667,0.019874291960150003,12,1.0,7707.472982,True,
LOCAL-v1-q4-edge_mixed_min_radius-5026,4,candidate,15,449.8472572,0.021347375004552305,15,1.0,6747.708858,True,
LOCAL-v1-q4-edge_mixed_min_radius-5027,4,candidate,11,617.1749060909091,0.017854040954262018,11,1.0,6788.923967,True,
LOCAL-v1-q4-edge_mixed_min_radius-5028,4,candidate,10,637.3701183999999,0.017352166934870183,10,1.0,6373.701184,True,
LOCAL-v1-q4-edge_mixed_min_radius-5029,4,candidate,11,674.0908850000001,0.016169333015568554,11,1.0,7414.999735,True,
LOCAL-v1-q4-edge_mixed_min_radius-5030,4,candidate,12,611.4281300833333,0.019368333043530583,12,1.0,7337.137561,True,
LOCAL-v1-q4-edge_mixed_min_radius-5031,4,candidate,15,542.2355016,0.019603458000347018,15,1.0,8133.532524,True,
LOCAL-v1-q4-edge_mixed_min_radius-5032,4,candidate,11,603.1410232727272,0.01633670798037201,11,1.0,6634.551256,True,
LOCAL-v1-q4-edge_mixed_min_radius-5033,4,candidate,14,509.7608509285714,0.0195552920922637,14,1.0,7136.651913,True,
LOCAL-v1-q4-edge_mixed_min_radius-5034,4,candidate,16,470.7634508125,0.02148058300372213,16,1.0,7532.215213,True,
LOCAL-v1-q4-edge_mixed_min_radius-5035,4,candidate,10,762.2565771,0.01863533305004239,10,1.0,7622.565771,True,
LOCAL-v1-q4-edge_mixed_min_radius-5036,4,candidate,15,594.7306107333334,0.020688666962087154,15,1.0,8920.959161,True,
LOCAL-v1-q4-edge_mixed_min_radius-5037,4,candidate,15,535.2111111333334,0.02194612508174032,15,1.0,8028.166667,True,
LOCAL-v1-q4-edge_mixed_min_radius-5038,4,candidate,16,425.4261091875,0.021689292043447495,16,1.0,6806.817747,True,
LOCAL-v1-q4-edge_mixed_min_radius-5039,4,candidate,10,791.5135359,0.01818729203660041,10,1.0,7915.135359,True,
LOCAL-v1-q4-edge_mixed_min_radius-5040,4,candidate,15,492.64252539999995,0.019281791988760233,15,1.0,7389.637881,True,
LOCAL-v1-q4-edge_mixed_min_radius-5041,4,candidate,15,440.47333613333336,0.01951391703914851,15,1.0,6607.100042,True,
LOCAL-v1-q4-edge_mixed_min_radius-5042,4,candidate,11,769.2696858181819,0.019392083049751818,11,1.0,8461.966544,True,
LOCAL-v1-q4-edge_mixed_min_radius-5043,4,candidate,12,635.8419530833334,0.017850665957666934,12,1.0,7630.103437,True,
LOCAL-v1-q4-edge_mixed_min_radius-5044,4,candidate,11,700.6624686363637,0.0179058340145275,11,1.0,7707.287155,True,
LOCAL-v1-q4-edge_mixed_min_radius-5045,4,candidate,11,575.8789465454546,0.02080691698938608,11,1.0,6334.668412,True,
LOCAL-v1-q4-edge_mixed_min_radius-5046,4,candidate,10,581.6765141,0.01883245795033872,10,1.0,5816.765141,True,
LOCAL-v1-q4-edge_mixed_min_radius-5047,4,candidate,16,457.482464125,0.019112874986603856,16,1.0,7319.719426,True,
LOCAL-v1-q4-edge_mixed_min_radius-5048,4,candidate,12,582.65262225,0.0185394580475986,12,1.0,6991.831467,True,
LOCAL-v1-q4-edge_mixed_min_radius-5049,4,candidate,10,711.401466,0.016848666011355817,10,1.0,7114.01466,True,
LOCAL-v1-q4-edge_mixed_min_radius-5050,4,candidate,15,520.8672556666667,0.018363790935836732,15,1.0,7813.008835,True,
LOCAL-v1-q4-edge_mixed_min_radius-5051,4,candidate,11,685.7833193636363,0.017388292006216943,11,1.0,7543.616513,True,
LOCAL-v1-q4-edge_mixed_min_radius-5052,4,candidate,13,553.0732793076924,0.018557250034064054,13,1.0,7189.952631,True,
LOCAL-v1-q4-edge_mixed_min_radius-5053,4,candidate,16,467.833796375,0.01793183304835111,16,1.0,7485.340742,True,
LOCAL-v1-q4-edge_mixed_min_radius-5054,4,candidate,16,456.33966125,0.01818875002209097,16,1.0,7301.43458,True,
LOCAL-v1-q4-edge_mixed_min_radius-5055,4,candidate,12,715.0392169166666,0.01707616599742323,12,1.0,8580.470603,True,
LOCAL-v1-q4-edge_mixed_min_radius-5056,4,candidate,13,667.5901616153847,0.01769500004593283,13,1.0,8678.672101,True,
LOCAL-v1-q4-edge_mixed_min_radius-5057,4,candidate,13,504.28496915384613,0.019256958970800042,13,1.0,6555.704599,True,
LOCAL-v1-q4-edge_mixed_min_radius-5058,4,candidate,14,461.1900678571429,0.019650292000733316,14,1.0,6456.66095,True,
LOCAL-v1-q4-edge_mixed_min_radius-5059,4,candidate,12,509.8044815,0.02041895897127688,12,1.0,6117.653778,True,
LOCAL-v1-q4-edge_mixed_min_radius-5060,4,candidate,11,716.1306871818182,0.017366999993100762,11,1.0,7877.437559,True,
LOCAL-v1-q4-edge_mixed_min_radius-5061,4,candidate,13,607.7744220769231,0.02022141602355987,13,1.0,7901.067487,True,
LOCAL-v1-q4-edge_mixed_min_radius-5062,4,candidate,16,501.0971923125,0.01973575004376471,16,1.0,8017.555077,True,
LOCAL-v1-q4-edge_mixed_min_radius-5063,4,candidate,15,432.93658593333333,0.023495708010159433,15,1.0,6494.048789,True,
LOCAL-v1-q4-edge_mixed_min_radius-5064,4,candidate,13,554.0434451538462,0.01755179197061807,13,1.0,7202.564787,True,
LOCAL-v1-q4-edge_mixed_min_radius-5065,4,candidate,12,640.942263,0.019403499900363386,12,1.0,7691.307156,True,
LOCAL-v1-q4-edge_mixed_min_radius-5066,4,candidate,10,670.7645660999999,0.01578633300960064,10,1.0,6707.645661,True,
LOCAL-v1-q4-edge_mixed_min_radius-5067,4,candidate,16,454.135295375,0.02192216692492366,16,1.0,7266.164726,True,
LOCAL-v1-q4-edge_mixed_min_radius-5068,4,candidate,13,574.146656076923,0.020357707981020212,13,1.0,7463.906529,True,
LOCAL-v1-q4-edge_mixed_min_radius-5069,4,candidate,14,582.3757394285715,0.019302833010442555,14,1.0,8153.260352,True,
LOCAL-v1-q4-edge_mixed_min_radius-5070,4,candidate,12,541.1610617499999,0.01848079194314778,12,1.0,6493.932741,True,
LOCAL-v1-q4-edge_mixed_min_radius-5071,4,candidate,12,626.8963602499999,0.019459208007901907,12,1.0,7522.756323,True,
LOCAL-v1-q4-edge_mixed_min_radius-5072,4,candidate,15,531.9119007333334,0.018515750067308545,15,1.0,7978.678511,True,
LOCAL-v1-q4-edge_mixed_min_radius-5073,4,candidate,10,649.0608061,0.018153833923861384,10,1.0,6490.608061,True,
LOCAL-v1-q4-edge_mixed_min_radius-5074,4,candidate,16,517.627743875,0.019779832917265594,16,1.0,8282.043902,True,
LOCAL-v1-q4-edge_mixed_min_radius-5075,4,candidate,15,477.5935029333333,0.02129800000693649,15,1.0,7163.902544,True,
LOCAL-v1-q4-edge_mixed_min_radius-5076,4,candidate,12,691.2559352500001,0.017186540993861854,12,1.0,8295.071223,True,
LOCAL-v1-q4-edge_mixed_min_radius-5077,4,candidate,14,530.8047296428571,0.019253292004577816,14,1.0,7431.266215,True,
LOCAL-v1-q4-edge_mixed_min_radius-5078,4,candidate,13,501.1274483076923,0.02065287495497614,13,1.0,6514.656828,True,
LOCAL-v1-q4-edge_mixed_min_radius-5079,4,candidate,10,645.270753,0.018414999940432608,10,1.0,6452.70753,True,
LOCAL-v1-q4-edge_mixed_min_radius-5080,4,candidate,10,857.3577647,0.01767166703939438,10,1.0,8573.577647,True,
LOCAL-v1-q4-edge_mixed_min_radius-5081,4,candidate,16,456.400370875,0.021465124911628664,16,1.0,7302.405934,True,
LOCAL-v1-q4-edge_mixed_min_radius-5082,4,candidate,13,555.2505513076923,0.017521875095553696,13,1.0,7218.257167,True,
LOCAL-v1-q4-edge_mixed_min_radius-5083,4,candidate,13,534.0588604615384,0.019936541910283267,13,1.0,6942.765186,True,
LOCAL-v1-q4-edge_mixed_min_radius-5084,4,candidate,14,547.2327581428572,0.01944462489336729,14,1.0,7661.258614,True,
LOCAL-v1-q4-edge_mixed_min_radius-5085,4,candidate,15,554.3482961333334,0.019528665929101408,15,1.0,8315.224442,True,
LOCAL-v1-q4-edge_mixed_min_radius-5086,4,candidate,12,563.1732436666667,0.020704291993752122,12,1.0,6758.078924,True,
LOCAL-v1-q4-edge_mixed_min_radius-5087,4,candidate,13,583.7424343076923,0.020277832983992994,13,1.0,7588.651646,True,
LOCAL-v1-q4-edge_mixed_min_radius-5088,4,candidate,16,501.6392861875,0.020916417008265853,16,1.0,8026.228579,True,
LOCAL-v1-q4-edge_mixed_min_radius-5089,4,candidate,15,478.3813278,0.021563124959357083,15,1.0,7175.719917,True,
LOCAL-v1-q4-edge_mixed_min_radius-5090,4,candidate,14,456.3180597857143,0.01853433297947049,14,1.0,6388.452837,True,
LOCAL-v1-q4-edge_mixed_min_radius-5091,4,candidate,12,596.6561666666666,0.018891333020292222,12,1.0,7159.874,True,
LOCAL-v1-q4-edge_mixed_min_radius-5092,4,candidate,11,667.7771967272728,0.019277750048786402,11,1.0,7345.549164,True,
LOCAL-v1-q4-edge_mixed_min_radius-5093,4,candidate,15,502.11328733333335,0.018593707936815917,15,1.0,7531.69931,True,
LOCAL-v1-q4-edge_mixed_min_radius-5094,4,candidate,11,736.0517368181818,0.016983833978883922,11,1.0,8096.569105,True,
LOCAL-v1-q4-edge_mixed_min_radius-5095,4,candidate,10,759.6215177,0.018051500082947314,10,1.0,7596.215177,True,
LOCAL-v1-q4-edge_mixed_min_radius-5096,4,candidate,14,493.64102064285714,0.020788750029169023,14,1.0,6910.974289,True,
LOCAL-v1-q4-edge_mixed_min_radius-5097,4,candidate,13,541.8883519230769,0.019911209004931152,13,1.0,7044.548575,True,
LOCAL-v1-q4-edge_mixed_min_radius-5098,4,candidate,16,448.274777625,0.022109625046141446,16,1.0,7172.396442,True,
LOCAL-v1-q4-edge_mixed_min_radius-5099,4,candidate,13,628.6203807692308,0.022035666974261403,13,1.0,8172.06495,True,
LOCAL-v1-q4-offcenter_cluster-5000,4,candidate,11,596.1726759090909,0.022039667004719377,11,1.0,6557.899435,True,
LOCAL-v1-q4-offcenter_cluster-5001,4,candidate,14,447.08716642857144,0.029722249950282276,14,1.0,6259.22033,True,
LOCAL-v1-q4-offcenter_cluster-5002,4,candidate,15,428.1503574,0.03010183305013925,15,1.0,6422.255361,True,
LOCAL-v1-q4-offcenter_cluster-5003,4,candidate,11,605.9535369090909,0.022079207934439182,11,1.0,6665.488906,True,
LOCAL-v1-q4-offcenter_cluster-5004,4,candidate,12,551.825658,0.02547674998641014,12,1.0,6621.907896,True,
LOCAL-v1-q4-offcenter_cluster-5005,4,candidate,11,628.8299408181819,0.027672916068695486,11,1.0,6917.129349,True,
LOCAL-v1-q4-offcenter_cluster-5006,4,candidate,11,512.4370224545454,0.024217208032496274,11,1.0,5636.807247,True,
LOCAL-v1-q4-offcenter_cluster-5007,4,candidate,11,631.8988525454546,0.026421957998536527,11,1.0,6950.887378,True,
LOCAL-v1-q4-offcenter_cluster-5008,4,candidate,10,639.1852986,0.018915708060376346,10,1.0,6391.852986,True,
LOCAL-v1-q4-offcenter_cluster-5009,4,candidate,14,417.3032043571429,0.027194333029910922,14,1.0,5842.244861,True,
LOCAL-v1-q4-offcenter_cluster-5010,4,candidate,12,551.341456,0.022843917016871274,12,1.0,6616.097472,True,
LOCAL-v1-q4-offcenter_cluster-5011,4,candidate,15,437.8486848,0.02829912502784282,15,1.0,6567.730272,True,
LOCAL-v1-q4-offcenter_cluster-5012,4,candidate,10,582.6280273,0.01466641598381102,10,1.0,5826.280273,True,
LOCAL-v1-q4-offcenter_cluster-5013,4,candidate,12,510.0617790833333,0.024954666034318507,12,1.0,6120.741349,True,
LOCAL-v1-q4-offcenter_cluster-5014,4,candidate,11,652.420034,0.027971250005066395,11,1.0,7176.620374,True,
LOCAL-v1-q4-offcenter_cluster-5015,4,candidate,12,505.54631233333333,0.018082666909322143,12,1.0,6066.555748,True,
LOCAL-v1-q4-offcenter_cluster-5016,4,candidate,16,152.0851729375,0.0247490000911057,16,1.0,2433.362767,True,
LOCAL-v1-q4-offcenter_cluster-5017,4,candidate,15,465.41561900000005,0.02897129103075713,15,1.0,6981.234285,True,
LOCAL-v1-q4-offcenter_cluster-5018,4,candidate,10,637.0209216999999,0.019817083957605064,10,1.0,6370.209217,True,
LOCAL-v1-q4-offcenter_cluster-5019,4,candidate,11,556.6054609090909,0.02140920900274068,11,1.0,6122.66007,True,
LOCAL-v1-q4-offcenter_cluster-5020,4,candidate,16,386.7866350625,0.035053874948062,16,1.0,6188.586161,True,
LOCAL-v1-q4-offcenter_cluster-5021,4,candidate,14,466.5235716428571,0.027905500028282404,14,1.0,6531.330003,True,
LOCAL-v1-q4-offcenter_cluster-5022,4,candidate,14,441.7448945714286,0.027289207908324897,14,1.0,6184.428524,True,
LOCAL-v1-q4-offcenter_cluster-5023,4,candidate,15,388.10107773333334,0.03141162497922778,15,1.0,5821.516166,True,
LOCAL-v1-q4-offcenter_cluster-5024,4,candidate,13,500.4831626923077,0.02776858303695917,13,1.0,6506.281115,True,
LOCAL-v1-q4-offcenter_cluster-5025,4,candidate,12,478.59655191666667,0.014693249948322773,12,1.0,5743.158623,True,
LOCAL-v1-q4-offcenter_cluster-5026,4,candidate,15,359.1409542,0.027718957979232073,15,1.0,5387.114313,True,
LOCAL-v1-q4-offcenter_cluster-5027,4,candidate,11,539.2225056363636,0.021736458991654217,11,1.0,5931.447562,True,
LOCAL-v1-q4-offcenter_cluster-5028,4,candidate,10,643.0224537,0.020866333041340113,10,1.0,6430.224537,True,
LOCAL-v1-q4-offcenter_cluster-5029,4,candidate,11,548.435946090909,0.023593666963279247,11,1.0,6032.795407,True,
LOCAL-v1-q4-offcenter_cluster-5030,4,candidate,12,512.60100325,0.022759333020076156,12,1.0,6151.212039,True,
LOCAL-v1-q4-offcenter_cluster-5031,4,candidate,15,379.48712946666666,0.028806707938201725,15,1.0,5692.306942,True,
LOCAL-v1-q4-offcenter_cluster-5032,4,candidate,11,502.82046345454546,0.021861291956156492,11,1.0,5531.025098,True,
LOCAL-v1-q4-offcenter_cluster-5033,4,candidate,14,376.90750157142855,0.027549083111807704,14,1.0,5276.705022,True,
LOCAL-v1-q4-offcenter_cluster-5034,4,candidate,16,412.7362585625,0.029848249978385866,16,1.0,6603.780137,True,
LOCAL-v1-q4-offcenter_cluster-5035,4,candidate,10,656.7735754,0.029405625071376562,10,1.0,6567.735754,True,
LOCAL-v1-q4-offcenter_cluster-5036,4,candidate,15,440.2767198,0.02725445805117488,15,1.0,6604.150797,True,
LOCAL-v1-q4-offcenter_cluster-5037,4,candidate,15,432.62214666666665,0.034628833062015474,15,1.0,6489.3322,True,
LOCAL-v1-q4-offcenter_cluster-5038,4,candidate,16,328.3806686875,0.030526124988682568,16,1.0,5254.090699,True,
LOCAL-v1-q4-offcenter_cluster-5039,4,candidate,10,589.3195972000001,0.020954417064785957,10,1.0,5893.195972,True,
LOCAL-v1-q4-offcenter_cluster-5040,4,candidate,15,412.5758052,0.03417295799590647,15,1.0,6188.637078,True,
LOCAL-v1-q4-offcenter_cluster-5041,4,candidate,15,366.29704713333336,0.023307374911382794,15,1.0,5494.455707,True,
LOCAL-v1-q4-offcenter_cluster-5042,4,candidate,11,571.4902633636364,0.027671625022776425,11,1.0,6286.392897,True,
LOCAL-v1-q4-offcenter_cluster-5043,4,candidate,12,491.826172,0.01677079196088016,12,1.0,5901.914064,True,
LOCAL-v1-q4-offcenter_cluster-5044,4,candidate,11,556.9955463636363,0.02375954098533839,11,1.0,6126.95101,True,
LOCAL-v1-q4-offcenter_cluster-5045,4,candidate,11,598.161338,0.028683708049356937,11,1.0,6579.774718,True,
LOCAL-v1-q4-offcenter_cluster-5046,4,candidate,10,619.1614349,0.02765495900530368,10,1.0,6191.614349,True,
LOCAL-v1-q4-offcenter_cluster-5047,4,candidate,16,146.4750303125,0.023029707954265177,16,1.0,2343.600485,True,
LOCAL-v1-q4-offcenter_cluster-5048,4,candidate,12,489.66116216666666,0.02275087498128414,12,1.0,5875.933946,True,
LOCAL-v1-q4-offcenter_cluster-5049,4,candidate,10,659.3390436,0.02510870900005102,10,1.0,6593.390436,True,
LOCAL-v1-q4-offcenter_cluster-5050,4,candidate,15,400.62365513333333,0.02942720800638199,15,1.0,6009.354827,True,
LOCAL-v1-q4-offcenter_cluster-5051,4,candidate,11,603.7777504545455,0.021839292021468282,11,1.0,6641.555255,True,
LOCAL-v1-q4-offcenter_cluster-5052,4,candidate,13,460.72109015384615,0.028800792060792446,13,1.0,5989.374172,True,
LOCAL-v1-q4-offcenter_cluster-5053,4,candidate,16,451.3396225625,0.031774000031873584,16,1.0,7221.433961,True,
LOCAL-v1-q4-offcenter_cluster-5054,4,candidate,16,190.7182329375,0.02708725002594292,16,1.0,3051.491727,True,
LOCAL-v1-q4-offcenter_cluster-5055,4,candidate,12,485.1086883333333,0.02462979091797024,12,1.0,5821.30426,True,
LOCAL-v1-q4-offcenter_cluster-5056,4,candidate,13,506.9805373846154,0.03152295795734972,13,1.0,6590.746986,True,
LOCAL-v1-q4-offcenter_cluster-5057,4,candidate,13,511.8305013076923,0.025035209022462368,13,1.0,6653.796517,True,
LOCAL-v1-q4-offcenter_cluster-5058,4,candidate,14,453.496735,0.030102416058070958,14,1.0,6348.95429,True,
LOCAL-v1-q4-offcenter_cluster-5059,4,candidate,12,541.5864475833333,0.02980104205198586,12,1.0,6499.037371,True,
LOCAL-v1-q4-offcenter_cluster-5060,4,candidate,11,611.2867331818181,0.02475224994122982,11,1.0,6724.154065,True,
LOCAL-v1-q4-offcenter_cluster-5061,4,candidate,13,468.75743846153847,0.025340958032757044,13,1.0,6093.8467,True,
LOCAL-v1-q4-offcenter_cluster-5062,4,candidate,16,410.292705375,0.026317292009480298,16,1.0,6564.683286,True,
LOCAL-v1-q4-offcenter_cluster-5063,4,candidate,15,464.117765,0.031860291957855225,15,1.0,6961.766475,True,
LOCAL-v1-q4-offcenter_cluster-5064,4,candidate,13,455.3791117692308,0.022875791997648776,13,1.0,5919.928453,True,
LOCAL-v1-q4-offcenter_cluster-5065,4,candidate,12,479.30137283333335,0.02505549998022616,12,1.0,5751.616474,True,
LOCAL-v1-q4-offcenter_cluster-5066,4,candidate,10,583.700664,0.025012125028297305,10,1.0,5837.00664,True,
LOCAL-v1-q4-offcenter_cluster-5067,4,candidate,16,384.003818625,0.027257374953478575,16,1.0,6144.061098,True,
LOCAL-v1-q4-offcenter_cluster-5068,4,candidate,13,470.08956792307697,0.023641124949790537,13,1.0,6111.164383,True,
LOCAL-v1-q4-offcenter_cluster-5069,4,candidate,14,461.07173864285716,0.028671375010162592,14,1.0,6455.004341,True,
LOCAL-v1-q4-offcenter_cluster-5070,4,candidate,12,494.23398266666663,0.027622375055216253,12,1.0,5930.807792,True,
LOCAL-v1-q4-offcenter_cluster-5071,4,candidate,12,536.1970829166667,0.02901850000489503,12,1.0,6434.364995,True,
LOCAL-v1-q4-offcenter_cluster-5072,4,candidate,15,434.9910500666667,0.022941333008930087,15,1.0,6524.865751,True,
LOCAL-v1-q4-offcenter_cluster-5073,4,candidate,10,570.0633621,0.026902124984189868,10,1.0,5700.633621,True,
LOCAL-v1-q4-offcenter_cluster-5074,4,candidate,16,351.0460660625,0.02506929205264896,16,1.0,5616.737057,True,
LOCAL-v1-q4-offcenter_cluster-5075,4,candidate,15,354.6249262,0.015655707917176187,15,1.0,5319.373893,True,
LOCAL-v1-q4-offcenter_cluster-5076,4,candidate,12,556.0937377500001,0.02345479093492031,12,1.0,6673.124853,True,
LOCAL-v1-q4-offcenter_cluster-5077,4,candidate,14,454.1761902142857,0.026683666044846177,14,1.0,6358.466663,True,
LOCAL-v1-q4-offcenter_cluster-5078,4,candidate,13,478.91509346153845,0.03105345892254263,13,1.0,6225.896215,True,
LOCAL-v1-q4-offcenter_cluster-5079,4,candidate,10,652.5179939,0.027386500034481287,10,1.0,6525.179939,True,
LOCAL-v1-q4-offcenter_cluster-5080,4,candidate,10,650.6550256,0.023599165957421064,10,1.0,6506.550256,True,
LOCAL-v1-q4-offcenter_cluster-5081,4,candidate,16,349.6316053125,0.02775112504605204,16,1.0,5594.105685,True,
LOCAL-v1-q4-offcenter_cluster-5082,4,candidate,13,513.8592763846153,0.023638166021555662,13,1.0,6680.170593,True,
LOCAL-v1-q4-offcenter_cluster-5083,4,candidate,13,527.6910919230769,0.027648875024169683,13,1.0,6859.984195,True,
LOCAL-v1-q4-offcenter_cluster-5084,4,candidate,14,430.2346939285714,0.02570779190864414,14,1.0,6023.285715,True,
LOCAL-v1-q4-offcenter_cluster-5085,4,candidate,15,413.8367742666667,0.025223791948519647,15,1.0,6207.551614,True,
LOCAL-v1-q4-offcenter_cluster-5086,4,candidate,12,529.3457495833333,0.029303290997631848,12,1.0,6352.148995,True,
LOCAL-v1-q4-offcenter_cluster-5087,4,candidate,13,465.99719300000004,0.025153875001706183,13,1.0,6057.963509,True,
LOCAL-v1-q4-offcenter_cluster-5088,4,candidate,16,379.90794425,0.03180470806546509,16,1.0,6078.527108,True,
LOCAL-v1-q4-offcenter_cluster-5089,4,candidate,15,352.2218635333333,0.02933595795184374,15,1.0,5283.327953,True,
LOCAL-v1-q4-offcenter_cluster-5090,4,candidate,14,490.6145103571429,0.02865966595709324,14,1.0,6868.603145,True,
LOCAL-v1-q4-offcenter_cluster-5091,4,candidate,12,505.6541703333333,0.02212812507059425,12,1.0,6067.850044,True,
LOCAL-v1-q4-offcenter_cluster-5092,4,candidate,11,575.9646212727273,0.0258659579558298,11,1.0,6335.610834,True,
LOCAL-v1-q4-offcenter_cluster-5093,4,candidate,15,437.62328886666666,0.0346864580642432,15,1.0,6564.349333,True,
LOCAL-v1-q4-offcenter_cluster-5094,4,candidate,11,635.7972418181818,0.03060845797881484,11,1.0,6993.76966,True,
LOCAL-v1-q4-offcenter_cluster-5095,4,candidate,10,624.5086325,0.021718041971325874,10,1.0,6245.086325,True,
LOCAL-v1-q4-offcenter_cluster-5096,4,candidate,14,489.87556464285717,0.02523254102561623,14,1.0,6858.257905,True,
LOCAL-v1-q4-offcenter_cluster-5097,4,candidate,13,539.3439832307693,0.032109040999785066,13,1.0,7011.471782,True,
LOCAL-v1-q4-offcenter_cluster-5098,4,candidate,16,371.0302130625,0.029815749963745475,16,1.0,5936.483409,True,
LOCAL-v1-q4-offcenter_cluster-5099,4,candidate,13,455.44475330769234,0.025479290983639657,13,1.0,5920.781793,True,
LOCAL-v1-q4-origin_cluster-5000,4,candidate,11,550.6070729090909,0.02216437505558133,11,1.0,6056.677802,True,
LOCAL-v1-q4-origin_cluster-5001,4,candidate,14,465.2015769285714,0.0322659999364987,14,1.0,6512.822077,True,
LOCAL-v1-q4-origin_cluster-5002,4,candidate,15,477.9228702,0.03345541702583432,15,1.0,7168.843053,True,
LOCAL-v1-q4-origin_cluster-5003,4,candidate,11,555.0753456363636,0.021970791975036263,11,1.0,6105.828802,True,
LOCAL-v1-q4-origin_cluster-5004,4,candidate,12,485.3621038333333,0.01546737493481487,12,1.0,5824.345246,True,
LOCAL-v1-q4-origin_cluster-5005,4,candidate,11,567.957908,0.024452292011119425,11,1.0,6247.536988,True,
LOCAL-v1-q4-origin_cluster-5006,4,candidate,11,603.7872018181818,0.025390750030055642,11,1.0,6641.65922,True,
LOCAL-v1-q4-origin_cluster-5007,4,candidate,11,564.3541812727273,0.026692082989029586,11,1.0,6207.895994,True,
LOCAL-v1-q4-origin_cluster-5008,4,candidate,10,668.4405641000001,0.024560625082813203,10,1.0,6684.405641,True,
LOCAL-v1-q4-origin_cluster-5009,4,candidate,14,399.14999021428576,0.026790125062689185,14,1.0,5588.099863,True,
LOCAL-v1-q4-origin_cluster-5010,4,candidate,12,458.10687633333333,0.025947042042389512,12,1.0,5497.282516,True,
LOCAL-v1-q4-origin_cluster-5011,4,candidate,15,378.74782366666665,0.027542834053747356,15,1.0,5681.217355,True,
LOCAL-v1-q4-origin_cluster-5012,4,candidate,10,596.8811438,0.0151465421076864,10,1.0,5968.811438,True,
LOCAL-v1-q4-origin_cluster-5013,4,candidate,12,554.9969318333334,0.027786999940872192,12,1.0,6659.963182,True,
LOCAL-v1-q4-origin_cluster-5014,4,candidate,11,619.4253511818182,0.025520832976326346,11,1.0,6813.678863,True,
LOCAL-v1-q4-origin_cluster-5015,4,candidate,12,554.87490925,0.024939749971963465,12,1.0,6658.498911,True,
LOCAL-v1-q4-origin_cluster-5016,4,candidate,16,409.8042479375,0.029186249943450093,16,1.0,6556.867967,True,
LOCAL-v1-q4-origin_cluster-5017,4,candidate,15,506.32488426666663,0.029145083972252905,15,1.0,7594.873264,True,
LOCAL-v1-q4-origin_cluster-5018,4,candidate,10,687.2473471000001,0.025715625029988587,10,1.0,6872.473471,True,
LOCAL-v1-q4-origin_cluster-5019,4,candidate,11,533.1358216363636,0.024999708984978497,11,1.0,5864.494038,True,
LOCAL-v1-q4-origin_cluster-5020,4,candidate,16,155.0500130625,0.02637462504208088,16,1.0,2480.800209,True,
LOCAL-v1-q4-origin_cluster-5021,4,candidate,14,526.9111740714286,0.032362333964556456,14,1.0,7376.756437,True,
LOCAL-v1-q4-origin_cluster-5022,4,candidate,14,558.3907429285714,0.040768499951809645,14,1.0,7817.470401,True,
LOCAL-v1-q4-origin_cluster-5023,4,candidate,15,390.9001034666666,0.027472999994643033,15,1.0,5863.501552,True,
LOCAL-v1-q4-origin_cluster-5024,4,candidate,13,451.863781,0.02487370790913701,13,1.0,5874.229153,True,
LOCAL-v1-q4-origin_cluster-5025,4,candidate,12,602.0758920833333,0.03125079197343439,12,1.0,7224.910705,True,
LOCAL-v1-q4-origin_cluster-5026,4,candidate,15,372.6855058,0.016093417070806026,15,1.0,5590.282587,True,
LOCAL-v1-q4-origin_cluster-5027,4,candidate,11,535.3460831818182,0.01505270809866488,11,1.0,5888.806915,True,
LOCAL-v1-q4-origin_cluster-5028,4,candidate,10,580.8943601,0.02164133300539106,10,1.0,5808.943601,True,
LOCAL-v1-q4-origin_cluster-5029,4,candidate,11,593.1438950909092,0.024945082957856357,11,1.0,6524.582846,True,
LOCAL-v1-q4-origin_cluster-5030,4,candidate,12,574.2063864166666,0.02779049996752292,12,1.0,6890.476637,True,
LOCAL-v1-q4-origin_cluster-5031,4,candidate,15,523.4240582,0.036752125015482306,15,1.0,7851.360873,True,
LOCAL-v1-q4-origin_cluster-5032,4,candidate,11,535.858183090909,0.014808250009082258,11,1.0,5894.440014,True,
LOCAL-v1-q4-origin_cluster-5033,4,candidate,14,404.5540632857143,0.015638208016753197,14,1.0,5663.756886,True,
LOCAL-v1-q4-origin_cluster-5034,4,candidate,16,206.48824225,0.03123500000219792,16,1.0,3303.811876,True,
LOCAL-v1-q4-origin_cluster-5035,4,candidate,10,695.857088,0.027215125039219856,10,1.0,6958.57088,True,
LOCAL-v1-q4-origin_cluster-5036,4,candidate,15,446.5282519333333,0.033310667029581964,15,1.0,6697.923779,True,
LOCAL-v1-q4-origin_cluster-5037,4,candidate,15,388.08145053333334,0.0308589159976691,15,1.0,5821.221758,True,
LOCAL-v1-q4-origin_cluster-5038,4,candidate,16,363.006521,0.0306294159963727,16,1.0,5808.104336,True,
LOCAL-v1-q4-origin_cluster-5039,4,candidate,10,704.0563535,0.02266629203222692,10,1.0,7040.563535,True,
LOCAL-v1-q4-origin_cluster-5040,4,candidate,15,396.0783204,0.02903958293609321,15,1.0,5941.174806,True,
LOCAL-v1-q4-origin_cluster-5041,4,candidate,15,419.76400606666664,0.035964249982498586,15,1.0,6296.460091,True,
LOCAL-v1-q4-origin_cluster-5042,4,candidate,11,558.4957964545455,0.02694300003349781,11,1.0,6143.453761,True,
LOCAL-v1-q4-origin_cluster-5043,4,candidate,12,590.1089701666666,0.03022104105912149,12,1.0,7081.307642,True,
LOCAL-v1-q4-origin_cluster-5044,4,candidate,11,675.0586766363637,0.027789207990281284,11,1.0,7425.645443,True,
LOCAL-v1-q4-origin_cluster-5045,4,candidate,11,531.0278331818182,0.01468237501103431,11,1.0,5841.306165,True,
LOCAL-v1-q4-origin_cluster-5046,4,candidate,10,603.796441,0.0209320419235155,10,1.0,6037.96441,True,
LOCAL-v1-q4-origin_cluster-5047,4,candidate,16,343.145338625,0.016367292031645775,16,1.0,5490.325418,True,
LOCAL-v1-q4-origin_cluster-5048,4,candidate,12,478.68804041666664,0.02561625000089407,12,1.0,5744.256485,True,
LOCAL-v1-q4-origin_cluster-5049,4,candidate,10,692.5025574,0.02292441693134606,10,1.0,6925.025574,True,
LOCAL-v1-q4-origin_cluster-5050,4,candidate,15,427.0114406,0.02966000000014901,15,1.0,6405.171609,True,
LOCAL-v1-q4-origin_cluster-5051,4,candidate,11,585.6923835454545,0.02327708399388939,11,1.0,6442.616219,True,
LOCAL-v1-q4-origin_cluster-5052,4,candidate,13,460.8433986153846,0.027194665977731347,13,1.0,5990.964182,True,
LOCAL-v1-q4-origin_cluster-5053,4,candidate,16,343.052313125,0.01590570795815438,16,1.0,5488.83701,True,
LOCAL-v1-q4-origin_cluster-5054,4,candidate,16,367.386367625,0.026089665945619345,16,1.0,5878.181882,True,
LOCAL-v1-q4-origin_cluster-5055,4,candidate,12,622.1466313333334,0.03149545902851969,12,1.0,7465.759576,True,
LOCAL-v1-q4-origin_cluster-5056,4,candidate,13,533.9631716153846,0.028069584048353136,13,1.0,6941.521231,True,
LOCAL-v1-q4-origin_cluster-5057,4,candidate,13,475.86599546153843,0.028518332983367145,13,1.0,6186.257941,True,
LOCAL-v1-q4-origin_cluster-5058,4,candidate,14,408.0728977142857,0.03139291692059487,14,1.0,5713.020568,True,
LOCAL-v1-q4-origin_cluster-5059,4,candidate,12,491.30734925,0.023684874991886318,12,1.0,5895.688191,True,
LOCAL-v1-q4-origin_cluster-5060,4,candidate,11,540.9054580000001,0.023252250044606626,11,1.0,5949.960038,True,
LOCAL-v1-q4-origin_cluster-5061,4,candidate,13,525.6707896153846,0.028541291947476566,13,1.0,6833.720265,True,
LOCAL-v1-q4-origin_cluster-5062,4,candidate,16,184.698631375,0.02858137502335012,16,1.0,2955.178102,True,
LOCAL-v1-q4-origin_cluster-5063,4,candidate,15,389.3123319333333,0.029925375012680888,15,1.0,5839.684979,True,
LOCAL-v1-q4-origin_cluster-5064,4,candidate,13,441.6883023846154,0.01573829201515764,13,1.0,5741.947931,True,
LOCAL-v1-q4-origin_cluster-5065,4,candidate,12,576.1604376666667,0.030978791997767985,12,1.0,6913.925252,True,
LOCAL-v1-q4-origin_cluster-5066,4,candidate,10,596.1934938,0.015062500024214387,10,1.0,5961.934938,True,
LOCAL-v1-q4-origin_cluster-5067,4,candidate,16,226.1144940625,0.03212283400353044,16,1.0,3617.831905,True,
LOCAL-v1-q4-origin_cluster-5068,4,candidate,13,450.95606246153847,0.024289249908179045,13,1.0,5862.428812,True,
LOCAL-v1-q4-origin_cluster-5069,4,candidate,14,503.0504419285714,0.03138779103755951,14,1.0,7042.706187,True,
LOCAL-v1-q4-origin_cluster-5070,4,candidate,12,492.72003483333333,0.01966320793144405,12,1.0,5912.640418,True,
LOCAL-v1-q4-origin_cluster-5071,4,candidate,12,491.92716341666664,0.01944195805117488,12,1.0,5903.125961,True,
LOCAL-v1-q4-origin_cluster-5072,4,candidate,15,395.02243773333333,0.027702166000381112,15,1.0,5925.336566,True,
LOCAL-v1-q4-origin_cluster-5073,4,candidate,10,602.2192549,0.021906124893575907,10,1.0,6022.192549,True,
LOCAL-v1-q4-origin_cluster-5074,4,candidate,16,185.5091330625,0.03251329099293798,16,1.0,2968.146129,True,
LOCAL-v1-q4-origin_cluster-5075,4,candidate,15,393.3167870666667,0.031981625012122095,15,1.0,5899.751806,True,
LOCAL-v1-q4-origin_cluster-5076,4,candidate,12,571.6812653333333,0.026270290953107178,12,1.0,6860.175184,True,
LOCAL-v1-q4-origin_cluster-5077,4,candidate,14,404.0165705,0.015751415980048478,14,1.0,5656.231987,True,
LOCAL-v1-q4-origin_cluster-5078,4,candidate,13,465.02855584615384,0.02586975006852299,13,1.0,6045.371226,True,
LOCAL-v1-q4-origin_cluster-5079,4,candidate,10,607.7488399,0.02254908299073577,10,1.0,6077.488399,True,
LOCAL-v1-q4-origin_cluster-5080,4,candidate,10,743.5202822,0.026110583916306496,10,1.0,7435.202822,True,
LOCAL-v1-q4-origin_cluster-5081,4,candidate,16,187.354858375,0.031987791997380555,16,1.0,2997.677734,True,
LOCAL-v1-q4-origin_cluster-5082,4,candidate,13,536.5762023076924,0.028401416959241033,13,1.0,6975.49063,True,
LOCAL-v1-q4-origin_cluster-5083,4,candidate,13,442.6400236923077,0.023325292044319212,13,1.0,5754.320308,True,
LOCAL-v1-q4-origin_cluster-5084,4,candidate,14,438.75632750000005,0.031780250021256506,14,1.0,6142.588585,True,
LOCAL-v1-q4-origin_cluster-5085,4,candidate,15,412.0686990666666,0.031429416965693235,15,1.0,6181.030486,True,
LOCAL-v1-q4-origin_cluster-5086,4,candidate,12,522.1848576666666,0.029236708069220185,12,1.0,6266.218292,True,
LOCAL-v1-q4-origin_cluster-5087,4,candidate,13,463.29137961538464,0.028331708046607673,13,1.0,6022.787935,True,
LOCAL-v1-q4-origin_cluster-5088,4,candidate,16,184.824833,0.028531666030175984,16,1.0,2957.197328,True,
LOCAL-v1-q4-origin_cluster-5089,4,candidate,15,386.1058358,0.025763083016499877,15,1.0,5791.587537,True,
LOCAL-v1-q4-origin_cluster-5090,4,candidate,14,426.7023596428571,0.01590574998408556,14,1.0,5973.833035,True,
LOCAL-v1-q4-origin_cluster-5091,4,candidate,12,493.46216424999994,0.023349458002485335,12,1.0,5921.545971,True,
LOCAL-v1-q4-origin_cluster-5092,4,candidate,11,547.2983566363636,0.022299082949757576,11,1.0,6020.281923,True,
LOCAL-v1-q4-origin_cluster-5093,4,candidate,15,446.23847093333336,0.030682582990266383,15,1.0,6693.577064,True,
LOCAL-v1-q4-origin_cluster-5094,4,candidate,11,583.4260038181818,0.020965083967894316,11,1.0,6417.686042,True,
LOCAL-v1-q4-origin_cluster-5095,4,candidate,10,661.6489109,0.02422699995804578,10,1.0,6616.489109,True,
LOCAL-v1-q4-origin_cluster-5096,4,candidate,14,414.5206557142857,0.025923750014044344,14,1.0,5803.28918,True,
LOCAL-v1-q4-origin_cluster-5097,4,candidate,13,504.79549884615386,0.031087208073586226,13,1.0,6562.341485,True,
LOCAL-v1-q4-origin_cluster-5098,4,candidate,16,181.424524375,0.029698790982365608,16,1.0,2902.79239,True,
LOCAL-v1-q4-origin_cluster-5099,4,candidate,13,484.95755569230766,0.027827749960124493,13,1.0,6304.448224,True,
LOCAL-v1-q4-minimum_radius-5000,4,candidate,11,588.626352,0.01936733303591609,11,1.0,6474.889872,True,
LOCAL-v1-q4-minimum_radius-5001,4,candidate,14,507.6000988571428,0.01902866701129824,14,1.0,7106.401384,True,
LOCAL-v1-q4-minimum_radius-5002,4,candidate,15,523.5537079333333,0.017613249947316945,15,1.0,7853.305619,True,
LOCAL-v1-q4-minimum_radius-5003,4,candidate,11,623.9808050909091,0.01761154201813042,11,1.0,6863.788856,True,
LOCAL-v1-q4-minimum_radius-5004,4,candidate,12,576.417707,0.01844970800448209,12,1.0,6917.012484,True,
LOCAL-v1-q4-minimum_radius-5005,4,candidate,11,592.767598,0.017638207995332778,11,1.0,6520.443578,True,
LOCAL-v1-q4-minimum_radius-5006,4,candidate,11,666.7607663636364,0.021117666037753224,11,1.0,7334.36843,True,
LOCAL-v1-q4-minimum_radius-5007,4,candidate,11,618.4974705454546,0.021858458989299834,11,1.0,6803.472176,True,
LOCAL-v1-q4-minimum_radius-5008,4,candidate,10,695.1739782,0.015673749963752925,10,1.0,6951.739782,True,
LOCAL-v1-q4-minimum_radius-5009,4,candidate,14,448.85390964285716,0.017165833967737854,14,1.0,6283.954735,True,
LOCAL-v1-q4-minimum_radius-5010,4,candidate,12,571.7178331666667,0.020359041052870452,12,1.0,6860.613998,True,
LOCAL-v1-q4-minimum_radius-5011,4,candidate,15,453.31796966666667,0.019570625037886202,15,1.0,6799.769545,True,
LOCAL-v1-q4-minimum_radius-5012,4,candidate,10,691.6370807999999,0.014954749960452318,10,1.0,6916.370808,True,
LOCAL-v1-q4-minimum_radius-5013,4,candidate,12,618.5172861666666,0.018440249958075583,12,1.0,7422.207434,True,
LOCAL-v1-q4-minimum_radius-5014,4,candidate,11,644.0901977272728,0.017933249939233065,11,1.0,7084.992175,True,
LOCAL-v1-q4-minimum_radius-5015,4,candidate,12,578.6265398333334,0.02023849997203797,12,1.0,6943.518478,True,
LOCAL-v1-q4-minimum_radius-5016,4,candidate,16,429.156500875,0.024277374963276088,16,1.0,6866.504014,True,
LOCAL-v1-q4-minimum_radius-5017,4,candidate,15,495.4036049333333,0.017829916905611753,15,1.0,7431.054074,True,
LOCAL-v1-q4-minimum_radius-5018,4,candidate,10,763.1372517,0.017144583980552852,10,1.0,7631.372517,True,
LOCAL-v1-q4-minimum_radius-5019,4,candidate,11,630.7785652727273,0.018729207920841873,11,1.0,6938.564218,True,
LOCAL-v1-q4-minimum_radius-5020,4,candidate,16,432.4485851875,0.018400499946437776,16,1.0,6919.177363,True,
LOCAL-v1-q4-minimum_radius-5021,4,candidate,14,525.4452385714286,0.01923391700256616,14,1.0,7356.23334,True,
LOCAL-v1-q4-minimum_radius-5022,4,candidate,14,543.8805897142857,0.019293999997898936,14,1.0,7614.328256,True,
LOCAL-v1-q4-minimum_radius-5023,4,candidate,15,498.1447694666667,0.019343125051818788,15,1.0,7472.171542,True,
LOCAL-v1-q4-minimum_radius-5024,4,candidate,13,493.7628451538461,0.016917457920499146,13,1.0,6418.916987,True,
LOCAL-v1-q4-minimum_radius-5025,4,candidate,12,625.246132,0.022232707939110696,12,1.0,7502.953584,True,
LOCAL-v1-q4-minimum_radius-5026,4,candidate,15,432.77404420000005,0.020906291902065277,15,1.0,6491.610663,True,
LOCAL-v1-q4-minimum_radius-5027,4,candidate,11,639.052372,0.019557083025574684,11,1.0,7029.576092,True,
LOCAL-v1-q4-minimum_radius-5028,4,candidate,10,697.1990192999999,0.0166239159880206,10,1.0,6971.990193,True,
LOCAL-v1-q4-minimum_radius-5029,4,candidate,11,609.9665473636364,0.016448582988232374,11,1.0,6709.632021,True,
LOCAL-v1-q4-minimum_radius-5030,4,candidate,12,584.0654185,0.019216792075894773,12,1.0,7008.785022,True,
LOCAL-v1-q4-minimum_radius-5031,4,candidate,15,525.4845588000001,0.021932958043180406,15,1.0,7882.268382,True,
LOCAL-v1-q4-minimum_radius-5032,4,candidate,11,589.9502241818182,0.018849542015232146,11,1.0,6489.452466,True,
LOCAL-v1-q4-minimum_radius-5033,4,candidate,14,456.53940057142853,0.019665166037157178,14,1.0,6391.551608,True,
LOCAL-v1-q4-minimum_radius-5034,4,candidate,16,454.765470375,0.020111999940127134,16,1.0,7276.247526,True,
LOCAL-v1-q4-minimum_radius-5035,4,candidate,10,715.9431283,0.01580375002231449,10,1.0,7159.431283,True,
LOCAL-v1-q4-minimum_radius-5036,4,candidate,15,510.1539185333333,0.019296957994811237,15,1.0,7652.308778,True,
LOCAL-v1-q4-minimum_radius-5037,4,candidate,15,506.08308286666664,0.018307291087694466,15,1.0,7591.246243,True,
LOCAL-v1-q4-minimum_radius-5038,4,candidate,16,439.571694375,0.022831792011857033,16,1.0,7033.14711,True,
LOCAL-v1-q4-minimum_radius-5039,4,candidate,10,752.0394951000001,0.015646709012798965,10,1.0,7520.394951,True,
LOCAL-v1-q4-minimum_radius-5040,4,candidate,15,490.07324366666666,0.019630416994914412,15,1.0,7351.098655,True,
LOCAL-v1-q4-minimum_radius-5041,4,candidate,15,483.0289382,0.023014500038698316,15,1.0,7245.434073,True,
LOCAL-v1-q4-minimum_radius-5042,4,candidate,11,604.5271823636364,0.02133970893919468,11,1.0,6649.799006,True,
LOCAL-v1-q4-minimum_radius-5043,4,candidate,12,570.4041744166667,0.025963041000068188,12,1.0,6844.850093,True,
LOCAL-v1-q4-minimum_radius-5044,4,candidate,11,649.3907829999999,0.019302833010442555,11,1.0,7143.298613,True,
LOCAL-v1-q4-minimum_radius-5045,4,candidate,11,586.8105894545455,0.014532166998833418,11,1.0,6454.916484,True,
LOCAL-v1-q4-minimum_radius-5046,4,candidate,10,667.8167602999999,0.01843083300627768,10,1.0,6678.167603,True,
LOCAL-v1-q4-minimum_radius-5047,4,candidate,16,400.2111464375,0.02301616605836898,16,1.0,6403.378343,True,
LOCAL-v1-q4-minimum_radius-5048,4,candidate,12,569.0656945,0.015712999971583486,12,1.0,6828.788334,True,
LOCAL-v1-q4-minimum_radius-5049,4,candidate,10,742.4700381,0.018808916909620166,10,1.0,7424.700381,True,
LOCAL-v1-q4-minimum_radius-5050,4,candidate,15,456.8636277333333,0.019079708959907293,15,1.0,6852.954416,True,
LOCAL-v1-q4-minimum_radius-5051,4,candidate,11,660.5382098181818,0.016369584016501904,11,1.0,7265.920308,True,
LOCAL-v1-q4-minimum_radius-5052,4,candidate,13,482.6093994615385,0.02168041607365012,13,1.0,6273.922193,True,
LOCAL-v1-q4-minimum_radius-5053,4,candidate,16,428.670266875,0.019478625035844743,16,1.0,6858.72427,True,
LOCAL-v1-q4-minimum_radius-5054,4,candidate,16,424.44870075,0.021873915917240083,16,1.0,6791.179212,True,
LOCAL-v1-q4-minimum_radius-5055,4,candidate,12,635.5844623333334,0.016447541071102023,12,1.0,7627.013548,True,
LOCAL-v1-q4-minimum_radius-5056,4,candidate,13,519.7874723076923,0.018150291056372225,13,1.0,6757.23714,True,
LOCAL-v1-q4-minimum_radius-5057,4,candidate,13,538.991664923077,0.015575541998259723,13,1.0,7006.891644,True,
LOCAL-v1-q4-minimum_radius-5058,4,candidate,14,471.95111257142855,0.018099916982464492,14,1.0,6607.315576,True,
LOCAL-v1-q4-minimum_radius-5059,4,candidate,12,563.4737654166667,0.017922540893778205,12,1.0,6761.685185,True,
LOCAL-v1-q4-minimum_radius-5060,4,candidate,11,610.4937351818181,0.01928137498907745,11,1.0,6715.431087,True,
LOCAL-v1-q4-minimum_radius-5061,4,candidate,13,570.7061397692307,0.018283165991306305,13,1.0,7419.179817,True,
LOCAL-v1-q4-minimum_radius-5062,4,candidate,16,436.7437838125,0.023815124994143844,16,1.0,6987.900541,True,
LOCAL-v1-q4-minimum_radius-5063,4,candidate,15,414.8063794,0.02439004206098616,15,1.0,6222.095691,True,
LOCAL-v1-q4-minimum_radius-5064,4,candidate,13,532.8752688461539,0.02101495792157948,13,1.0,6927.378495,True,
LOCAL-v1-q4-minimum_radius-5065,4,candidate,12,621.1041455000001,0.0162212090799585,12,1.0,7453.249746,True,
LOCAL-v1-q4-minimum_radius-5066,4,candidate,10,664.4581519999999,0.017542166984640062,10,1.0,6644.58152,True,
LOCAL-v1-q4-minimum_radius-5067,4,candidate,16,455.1525251875,0.026456291903741658,16,1.0,7282.440403,True,
LOCAL-v1-q4-minimum_radius-5068,4,candidate,13,538.7670905384615,0.020817624987103045,13,1.0,7003.972177,True,
LOCAL-v1-q4-minimum_radius-5069,4,candidate,14,517.9293536428571,0.021208250080235302,14,1.0,7251.010951,True,
LOCAL-v1-q4-minimum_radius-5070,4,candidate,12,562.4714360833333,0.018036749912425876,12,1.0,6749.657233,True,
LOCAL-v1-q4-minimum_radius-5071,4,candidate,12,580.5284306666666,0.019708707928657532,12,1.0,6966.341168,True,
LOCAL-v1-q4-minimum_radius-5072,4,candidate,15,525.800976,0.016086625051684678,15,1.0,7887.01464,True,
LOCAL-v1-q4-minimum_radius-5073,4,candidate,10,680.3763498999999,0.016094250022433698,10,1.0,6803.763499,True,
LOCAL-v1-q4-minimum_radius-5074,4,candidate,16,435.9739964375,0.022931791958399117,16,1.0,6975.583943,True,
LOCAL-v1-q4-minimum_radius-5075,4,candidate,15,490.24657246666663,0.019511208054609597,15,1.0,7353.698587,True,
LOCAL-v1-q4-minimum_radius-5076,4,candidate,12,574.6529360000001,0.023701166966930032,12,1.0,6895.835232,True,
LOCAL-v1-q4-minimum_radius-5077,4,candidate,14,490.03148835714285,0.017908709007315338,14,1.0,6860.440837,True,
LOCAL-v1-q4-minimum_radius-5078,4,candidate,13,559.929969076923,0.01879612496122718,13,1.0,7279.089598,True,
LOCAL-v1-q4-minimum_radius-5079,4,candidate,10,663.6337537,0.014919582987204194,10,1.0,6636.337537,True,
LOCAL-v1-q4-minimum_radius-5080,4,candidate,10,679.0531171,0.018445542082190514,10,1.0,6790.531171,True,
LOCAL-v1-q4-minimum_radius-5081,4,candidate,16,460.325032,0.02234541706275195,16,1.0,7365.200512,True,
LOCAL-v1-q4-minimum_radius-5082,4,candidate,13,571.7402488461538,0.01746274996548891,13,1.0,7432.623235,True,
LOCAL-v1-q4-minimum_radius-5083,4,candidate,13,531.5144001538462,0.021741957985796034,13,1.0,6909.687202,True,
LOCAL-v1-q4-minimum_radius-5084,4,candidate,14,487.77236607142856,0.02036904194392264,14,1.0,6828.813125,True,
LOCAL-v1-q4-minimum_radius-5085,4,candidate,15,473.3306464666667,0.01613962498959154,15,1.0,7099.959697,True,
LOCAL-v1-q4-minimum_radius-5086,4,candidate,12,602.5488518333333,0.023186500067822635,12,1.0,7230.586222,True,
LOCAL-v1-q4-minimum_radius-5087,4,candidate,13,587.8179677692308,0.02043212507851422,13,1.0,7641.633581,True,
LOCAL-v1-q4-minimum_radius-5088,4,candidate,16,412.96730225,0.02367141703143716,16,1.0,6607.476836,True,
LOCAL-v1-q4-minimum_radius-5089,4,candidate,15,442.62184840000003,0.022930125007405877,15,1.0,6639.327726,True,
LOCAL-v1-q4-minimum_radius-5090,4,candidate,14,490.60603978571424,0.016758334008045495,14,1.0,6868.484557,True,
LOCAL-v1-q4-minimum_radius-5091,4,candidate,12,608.8420340833333,0.0185756660066545,12,1.0,7306.104409,True,
LOCAL-v1-q4-minimum_radius-5092,4,candidate,11,587.0820467272728,0.020917166955769062,11,1.0,6457.902514,True,
LOCAL-v1-q4-minimum_radius-5093,4,candidate,15,542.6339385333333,0.018222082988359034,15,1.0,8139.509078,True,
LOCAL-v1-q4-minimum_radius-5094,4,candidate,11,653.1060825454546,0.01731545792426914,11,1.0,7184.166908,True,
LOCAL-v1-q4-minimum_radius-5095,4,candidate,10,719.0661504,0.017404541955329478,10,1.0,7190.661504,True,
LOCAL-v1-q4-minimum_radius-5096,4,candidate,14,460.3233967142857,0.02077199995983392,14,1.0,6444.527554,True,
LOCAL-v1-q4-minimum_radius-5097,4,candidate,13,536.5085398461538,0.02172662504017353,13,1.0,6974.611018,True,
LOCAL-v1-q4-minimum_radius-5098,4,candidate,16,427.011395,0.01925200002733618,16,1.0,6832.18232,True,
LOCAL-v1-q4-minimum_radius-5099,4,candidate,13,578.4070644615384,0.017908125068061054,13,1.0,7519.291838,True,
LOCAL-v1-q4-exactly10_sources-5000,4,candidate,10,639.7270716,0.018719000043347478,10,1.0,6397.270716,True,
LOCAL-v1-q4-exactly10_sources-5001,4,candidate,10,739.0667159,0.017780625028535724,10,1.0,7390.667159,True,
LOCAL-v1-q4-exactly10_sources-5002,4,candidate,10,701.0997934,0.02183220803271979,10,1.0,7010.997934,True,
LOCAL-v1-q4-exactly10_sources-5003,4,candidate,10,641.3955063000001,0.018401291919872165,10,1.0,6413.955063,True,
LOCAL-v1-q4-exactly10_sources-5004,4,candidate,10,648.3235032,0.017773124971427023,10,1.0,6483.235032,True,
LOCAL-v1-q4-exactly10_sources-5005,4,candidate,10,643.8840677000001,0.016366541967727244,10,1.0,6438.840677,True,
LOCAL-v1-q4-exactly10_sources-5006,4,candidate,10,635.4358614,0.01894795906264335,10,1.0,6354.358614,True,
LOCAL-v1-q4-exactly10_sources-5007,4,candidate,10,635.6140197,0.018270500004291534,10,1.0,6356.140197,True,
LOCAL-v1-q4-exactly10_sources-5008,4,candidate,10,642.6012378,0.02125645789783448,10,1.0,6426.012378,True,
LOCAL-v1-q4-exactly10_sources-5009,4,candidate,10,658.5790141,0.01513766695279628,10,1.0,6585.790141,True,
LOCAL-v1-q4-exactly10_sources-5010,4,candidate,10,651.7039001,0.02431508305016905,10,1.0,6517.039001,True,
LOCAL-v1-q4-exactly10_sources-5011,4,candidate,10,681.9917716,0.016630709054879844,10,1.0,6819.917716,True,
LOCAL-v1-q4-exactly10_sources-5012,4,candidate,10,630.3311004999999,0.014909040997736156,10,1.0,6303.311005,True,
LOCAL-v1-q4-exactly10_sources-5013,4,candidate,10,720.8380697,0.01456762501038611,10,1.0,7208.380697,True,
LOCAL-v1-q4-exactly10_sources-5014,4,candidate,10,696.8939093,0.016291917068883777,10,1.0,6968.939093,True,
LOCAL-v1-q4-exactly10_sources-5015,4,candidate,10,681.0753128,0.022391082951799035,10,1.0,6810.753128,True,
LOCAL-v1-q4-exactly10_sources-5016,4,candidate,10,740.8880018,0.019866415997967124,10,1.0,7408.880018,True,
LOCAL-v1-q4-exactly10_sources-5017,4,candidate,10,674.1033580999999,0.017946625011973083,10,1.0,6741.033581,True,
LOCAL-v1-q4-exactly10_sources-5018,4,candidate,10,682.3818512,0.016881999908946455,10,1.0,6823.818512,True,
LOCAL-v1-q4-exactly10_sources-5019,4,candidate,10,677.0565813000001,0.01571345899719745,10,1.0,6770.565813,True,
LOCAL-v1-q4-exactly10_sources-5020,4,candidate,10,720.9754525999999,0.015171458013355732,10,1.0,7209.754526,True,
LOCAL-v1-q4-exactly10_sources-5021,4,candidate,10,752.4010443,0.01625958306249231,10,1.0,7524.010443,True,
LOCAL-v1-q4-exactly10_sources-5022,4,candidate,10,611.9208484,0.01781170896720141,10,1.0,6119.208484,True,
LOCAL-v1-q4-exactly10_sources-5023,4,candidate,10,643.0982205,0.014430708950385451,10,1.0,6430.982205,True,
LOCAL-v1-q4-exactly10_sources-5024,4,candidate,10,654.7545404,0.015817624982446432,10,1.0,6547.545404,True,
LOCAL-v1-q4-exactly10_sources-5025,4,candidate,10,649.3193443,0.017420125077478588,10,1.0,6493.193443,True,
LOCAL-v1-q4-exactly10_sources-5026,4,candidate,10,724.9247316,0.020285584032535553,10,1.0,7249.247316,True,
LOCAL-v1-q4-exactly10_sources-5027,4,candidate,10,709.1430938999999,0.02018712495919317,10,1.0,7091.430939,True,
LOCAL-v1-q4-exactly10_sources-5028,4,candidate,10,679.447449,0.016843292047269642,10,1.0,6794.47449,True,
LOCAL-v1-q4-exactly10_sources-5029,4,candidate,10,724.0222928000001,0.01580520800780505,10,1.0,7240.222928,True,
LOCAL-v1-q4-exactly10_sources-5030,4,candidate,10,687.371271,0.020322500029578805,10,1.0,6873.71271,True,
LOCAL-v1-q4-exactly10_sources-5031,4,candidate,10,670.7540905,0.018905874923802912,10,1.0,6707.540905,True,
LOCAL-v1-q4-exactly10_sources-5032,4,candidate,10,726.4205715,0.018949875026009977,10,1.0,7264.205715,True,
LOCAL-v1-q4-exactly10_sources-5033,4,candidate,10,666.0822042,0.01916979195084423,10,1.0,6660.822042,True,
LOCAL-v1-q4-exactly10_sources-5034,4,candidate,10,718.2559228,0.020027208025567234,10,1.0,7182.559228,True,
LOCAL-v1-q4-exactly10_sources-5035,4,candidate,10,685.7101038,0.018547042040154338,10,1.0,6857.101038,True,
LOCAL-v1-q4-exactly10_sources-5036,4,candidate,10,660.3054953,0.021083957981318235,10,1.0,6603.054953,True,
LOCAL-v1-q4-exactly10_sources-5037,4,candidate,10,659.9012696,0.018527167034335434,10,1.0,6599.012696,True,
LOCAL-v1-q4-exactly10_sources-5038,4,candidate,10,677.4461394,0.0175722090061754,10,1.0,6774.461394,True,
LOCAL-v1-q4-exactly10_sources-5039,4,candidate,10,643.9712900000001,0.01687537506222725,10,1.0,6439.7129,True,
LOCAL-v1-q4-exactly10_sources-5040,4,candidate,10,666.0563639,0.019448874983936548,10,1.0,6660.563639,True,
LOCAL-v1-q4-exactly10_sources-5041,4,candidate,10,672.134839,0.019834207952953875,10,1.0,6721.34839,True,
LOCAL-v1-q4-exactly10_sources-5042,4,candidate,10,656.1282225,0.017239792039617896,10,1.0,6561.282225,True,
LOCAL-v1-q4-exactly10_sources-5043,4,candidate,10,686.1895691,0.016847916995175183,10,1.0,6861.895691,True,
LOCAL-v1-q4-exactly10_sources-5044,4,candidate,10,616.6488611,0.01967099995817989,10,1.0,6166.488611,True,
LOCAL-v1-q4-exactly10_sources-5045,4,candidate,10,683.6465278,0.01865370897576213,10,1.0,6836.465278,True,
LOCAL-v1-q4-exactly10_sources-5046,4,candidate,10,710.8507923,0.020648458041250706,10,1.0,7108.507923,True,
LOCAL-v1-q4-exactly10_sources-5047,4,candidate,10,625.4893479,0.016979165957309306,10,1.0,6254.893479,True,
LOCAL-v1-q4-exactly10_sources-5048,4,candidate,10,647.4500299,0.01883158297277987,10,1.0,6474.500299,True,
LOCAL-v1-q4-exactly10_sources-5049,4,candidate,10,738.5101972,0.019249249948188663,10,1.0,7385.101972,True,
LOCAL-v1-q4-exactly10_sources-5050,4,candidate,10,666.5041935,0.022396457963623106,10,1.0,6665.041935,True,
LOCAL-v1-q4-exactly10_sources-5051,4,candidate,10,720.1689882,0.020050249993801117,10,1.0,7201.689882,True,
LOCAL-v1-q4-exactly10_sources-5052,4,candidate,10,630.7482013,0.01846637506969273,10,1.0,6307.482013,True,
LOCAL-v1-q4-exactly10_sources-5053,4,candidate,10,604.1473952,0.017277833074331284,10,1.0,6041.473952,True,
LOCAL-v1-q4-exactly10_sources-5054,4,candidate,10,662.5255774999999,0.016551416949369013,10,1.0,6625.255775,True,
LOCAL-v1-q4-exactly10_sources-5055,4,candidate,10,656.4340478,0.018186707980930805,10,1.0,6564.340478,True,
LOCAL-v1-q4-exactly10_sources-5056,4,candidate,10,690.3089717,0.017541332985274494,10,1.0,6903.089717,True,
LOCAL-v1-q4-exactly10_sources-5057,4,candidate,10,623.2017702,0.018527916981838644,10,1.0,6232.017702,True,
LOCAL-v1-q4-exactly10_sources-5058,4,candidate,10,670.7002565,0.017343999934382737,10,1.0,6707.002565,True,
LOCAL-v1-q4-exactly10_sources-5059,4,candidate,10,671.6902524,0.016537832911126316,10,1.0,6716.902524,True,
LOCAL-v1-q4-exactly10_sources-5060,4,candidate,10,696.1116984,0.018295250018127263,10,1.0,6961.116984,True,
LOCAL-v1-q4-exactly10_sources-5061,4,candidate,10,631.0944241999999,0.020471959025599062,10,1.0,6310.944242,True,
LOCAL-v1-q4-exactly10_sources-5062,4,candidate,10,666.2436577000001,0.017460834002122283,10,1.0,6662.436577,True,
LOCAL-v1-q4-exactly10_sources-5063,4,candidate,10,674.8999372999999,0.0161698330193758,10,1.0,6748.999373,True,
LOCAL-v1-q4-exactly10_sources-5064,4,candidate,10,641.2777327,0.02032883302308619,10,1.0,6412.777327,True,
LOCAL-v1-q4-exactly10_sources-5065,4,candidate,10,673.8376572999999,0.02175225003156811,10,1.0,6738.376573,True,
LOCAL-v1-q4-exactly10_sources-5066,4,candidate,10,638.6192966,0.018162375083193183,10,1.0,6386.192966,True,
LOCAL-v1-q4-exactly10_sources-5067,4,candidate,10,701.0803218,0.01620091695804149,10,1.0,7010.803218,True,
LOCAL-v1-q4-exactly10_sources-5068,4,candidate,10,677.2563078000001,0.021534458035603166,10,1.0,6772.563078,True,
LOCAL-v1-q4-exactly10_sources-5069,4,candidate,10,647.7435395,0.018594708060845733,10,1.0,6477.435395,True,
LOCAL-v1-q4-exactly10_sources-5070,4,candidate,10,701.1452814,0.023343416047282517,10,1.0,7011.452814,True,
LOCAL-v1-q4-exactly10_sources-5071,4,candidate,10,657.2762015999999,0.0208232500590384,10,1.0,6572.762016,True,
LOCAL-v1-q4-exactly10_sources-5072,4,candidate,10,685.6652223,0.015362499980255961,10,1.0,6856.652223,True,
LOCAL-v1-q4-exactly10_sources-5073,4,candidate,10,621.0692552,0.017958084004931152,10,1.0,6210.692552,True,
LOCAL-v1-q4-exactly10_sources-5074,4,candidate,10,668.3981449,0.020719916094094515,10,1.0,6683.981449,True,
LOCAL-v1-q4-exactly10_sources-5075,4,candidate,10,715.1340402,0.01583470799960196,10,1.0,7151.340402,True,
LOCAL-v1-q4-exactly10_sources-5076,4,candidate,10,632.8195992,0.01957283401861787,10,1.0,6328.195992,True,
LOCAL-v1-q4-exactly10_sources-5077,4,candidate,10,668.2577235,0.016904375050216913,10,1.0,6682.577235,True,
LOCAL-v1-q4-exactly10_sources-5078,4,candidate,10,668.6098796,0.016767833032645285,10,1.0,6686.098796,True,
LOCAL-v1-q4-exactly10_sources-5079,4,candidate,10,657.3401053,0.017981624929234385,10,1.0,6573.401053,True,
LOCAL-v1-q4-exactly10_sources-5080,4,candidate,10,655.0739333,0.0192609999794513,10,1.0,6550.739333,True,
LOCAL-v1-q4-exactly10_sources-5081,4,candidate,10,680.4034508,0.01805620896629989,10,1.0,6804.034508,True,
LOCAL-v1-q4-exactly10_sources-5082,4,candidate,10,635.3218956,0.015136415953747928,10,1.0,6353.218956,True,
LOCAL-v1-q4-exactly10_sources-5083,4,candidate,10,643.0812463,0.021400250028818846,10,1.0,6430.812463,True,
LOCAL-v1-q4-exactly10_sources-5084,4,candidate,10,679.6119903,0.019273207988590002,10,1.0,6796.119903,True,
LOCAL-v1-q4-exactly10_sources-5085,4,candidate,10,617.2711541,0.019356166012585163,10,1.0,6172.711541,True,
LOCAL-v1-q4-exactly10_sources-5086,4,candidate,10,793.0200716,0.01762354199308902,10,1.0,7930.200716,True,
LOCAL-v1-q4-exactly10_sources-5087,4,candidate,10,647.3859375,0.015579833998344839,10,1.0,6473.859375,True,
LOCAL-v1-q4-exactly10_sources-5088,4,candidate,10,733.8137849,0.018777500023134053,10,1.0,7338.137849,True,
LOCAL-v1-q4-exactly10_sources-5089,4,candidate,10,681.6723248000001,0.014853708096779883,10,1.0,6816.723248,True,
LOCAL-v1-q4-exactly10_sources-5090,4,candidate,10,718.2716465000001,0.018044541007839143,10,1.0,7182.716465,True,
LOCAL-v1-q4-exactly10_sources-5091,4,candidate,10,633.2217162,0.015825457987375557,10,1.0,6332.217162,True,
LOCAL-v1-q4-exactly10_sources-5092,4,candidate,10,714.2525234,0.021135416929610074,10,1.0,7142.525234,True,
LOCAL-v1-q4-exactly10_sources-5093,4,candidate,10,678.6185684,0.016862374963238835,10,1.0,6786.185684,True,
LOCAL-v1-q4-exactly10_sources-5094,4,candidate,10,697.0709404,0.01940991694573313,10,1.0,6970.709404,True,
LOCAL-v1-q4-exactly10_sources-5095,4,candidate,10,630.0688066,0.02046999998856336,10,1.0,6300.688066,True,
LOCAL-v1-q4-exactly10_sources-5096,4,candidate,10,659.9407708,0.015941084013320506,10,1.0,6599.407708,True,
LOCAL-v1-q4-exactly10_sources-5097,4,candidate,10,712.0741113,0.01832604198716581,10,1.0,7120.741113,True,
LOCAL-v1-q4-exactly10_sources-5098,4,candidate,10,686.6663371,0.016118000028654933,10,1.0,6866.663371,True,
LOCAL-v1-q4-exactly10_sources-5099,4,candidate,10,691.6303771,0.0204459170345217,10,1.0,6916.303771,True,
LOCAL-v1-q4-exactly16_sources-5000,4,candidate,16,414.11777775,0.023359957966022193,16,1.0,6625.884444,True,
LOCAL-v1-q4-exactly16_sources-5001,4,candidate,16,448.2778511875,0.02295133308507502,16,1.0,7172.445619,True,
LOCAL-v1-q4-exactly16_sources-5002,4,candidate,16,408.9196159375,0.018873624969273806,16,1.0,6542.713855,True,
LOCAL-v1-q4-exactly16_sources-5003,4,candidate,16,401.362712375,0.024766582995653152,16,1.0,6421.803398,True,
LOCAL-v1-q4-exactly16_sources-5004,4,candidate,16,353.01404825,0.0245255830232054,16,1.0,5648.224772,True,
LOCAL-v1-q4-exactly16_sources-5005,4,candidate,16,392.3566559375,0.02425579191185534,16,1.0,6277.706495,True,
LOCAL-v1-q4-exactly16_sources-5006,4,candidate,16,435.7303540625,0.02005512500181794,16,1.0,6971.685665,True,
LOCAL-v1-q4-exactly16_sources-5007,4,candidate,16,372.128605,0.025778707931749523,16,1.0,5954.05768,True,
LOCAL-v1-q4-exactly16_sources-5008,4,candidate,16,388.4393638125,0.021954583004117012,16,1.0,6215.029821,True,
LOCAL-v1-q4-exactly16_sources-5009,4,candidate,16,429.93582225,0.01707325002644211,16,1.0,6878.973156,True,
LOCAL-v1-q4-exactly16_sources-5010,4,candidate,16,450.959768125,0.026646667043678463,16,1.0,7215.35629,True,
LOCAL-v1-q4-exactly16_sources-5011,4,candidate,16,446.9716285625,0.019083666964434087,16,1.0,7151.546057,True,
LOCAL-v1-q4-exactly16_sources-5012,4,candidate,16,404.287459625,0.020683833048678935,16,1.0,6468.599354,True,
LOCAL-v1-q4-exactly16_sources-5013,4,candidate,16,456.026604125,0.02246004098560661,16,1.0,7296.425666,True,
LOCAL-v1-q4-exactly16_sources-5014,4,candidate,16,428.9363045,0.0179085829295218,16,1.0,6862.980872,True,
LOCAL-v1-q4-exactly16_sources-5015,4,candidate,16,441.2167853125,0.02122995792888105,16,1.0,7059.468565,True,
LOCAL-v1-q4-exactly16_sources-5016,4,candidate,16,401.793748375,0.01974612509366125,16,1.0,6428.699974,True,
LOCAL-v1-q4-exactly16_sources-5017,4,candidate,16,368.114695125,0.016608625068329275,16,1.0,5889.835122,True,
LOCAL-v1-q4-exactly16_sources-5018,4,candidate,16,454.53025475,0.02671966701745987,16,1.0,7272.484076,True,
LOCAL-v1-q4-exactly16_sources-5019,4,candidate,16,411.999260875,0.023259832989424467,16,1.0,6591.988174,True,
LOCAL-v1-q4-exactly16_sources-5020,4,candidate,16,409.7440895625,0.017480500042438507,16,1.0,6555.905433,True,
LOCAL-v1-q4-exactly16_sources-5021,4,candidate,16,486.931757875,0.02009145903866738,16,1.0,7790.908126,True,
LOCAL-v1-q4-exactly16_sources-5022,4,candidate,16,417.233901125,0.019019166938960552,16,1.0,6675.742418,True,
LOCAL-v1-q4-exactly16_sources-5023,4,candidate,16,343.2897020625,0.02227945893537253,16,1.0,5492.635233,True,
LOCAL-v1-q4-exactly16_sources-5024,4,candidate,16,418.56464375,0.01814729196485132,16,1.0,6697.0343,True,
LOCAL-v1-q4-exactly16_sources-5025,4,candidate,16,423.02041875,0.021042624954134226,16,1.0,6768.3267,True,
LOCAL-v1-q4-exactly16_sources-5026,4,candidate,16,429.7043200625,0.021391083020716906,16,1.0,6875.269121,True,
LOCAL-v1-q4-exactly16_sources-5027,4,candidate,16,400.672512875,0.06887874996755272,16,1.0,6410.760206,True,
LOCAL-v1-q4-exactly16_sources-5028,4,candidate,16,414.448357625,0.041035625035874546,16,1.0,6631.173722,True,
LOCAL-v1-q4-exactly16_sources-5029,4,candidate,16,456.7082783125,0.024245250038802624,16,1.0,7307.332453,True,
LOCAL-v1-q4-exactly16_sources-5030,4,candidate,16,459.6906751875,0.041541875107213855,16,1.0,7355.050803,True,
LOCAL-v1-q4-exactly16_sources-5031,4,candidate,16,431.74004725,0.03444333397783339,16,1.0,6907.840756,True,
LOCAL-v1-q4-exactly16_sources-5032,4,candidate,16,406.639537625,0.02538016706239432,16,1.0,6506.232602,True,
LOCAL-v1-q4-exactly16_sources-5033,4,candidate,16,435.080114125,0.031211790977977216,16,1.0,6961.281826,True,
LOCAL-v1-q4-exactly16_sources-5034,4,candidate,16,437.337340625,0.02466683299280703,16,1.0,6997.39745,True,
LOCAL-v1-q4-exactly16_sources-5035,4,candidate,16,432.779091875,0.028874457930214703,16,1.0,6924.46547,True,
LOCAL-v1-q4-exactly16_sources-5036,4,candidate,16,411.32117075,0.02501579199451953,16,1.0,6581.138732,True,
LOCAL-v1-q4-exactly16_sources-5037,4,candidate,16,384.8575881875,0.033343708026222885,16,1.0,6157.721411,True,
LOCAL-v1-q4-exactly16_sources-5038,4,candidate,16,405.3637623125,0.035464833956211805,16,1.0,6485.820197,True,
LOCAL-v1-q4-exactly16_sources-5039,4,candidate,16,408.2231439375,0.02677537500858307,16,1.0,6531.570303,True,
LOCAL-v1-q4-exactly16_sources-5040,4,candidate,16,425.5661933125,0.025952582946047187,16,1.0,6809.059093,True,
LOCAL-v1-q4-exactly16_sources-5041,4,candidate,16,432.273978625,0.026021041092462838,16,1.0,6916.383658,True,
LOCAL-v1-q4-exactly16_sources-5042,4,candidate,16,423.8873629375,0.031588208046741784,16,1.0,6782.197807,True,
LOCAL-v1-q4-exactly16_sources-5043,4,candidate,16,484.417865875,0.02522245899308473,16,1.0,7750.685854,True,
LOCAL-v1-q4-exactly16_sources-5044,4,candidate,16,369.6027869375,0.025766124948859215,16,1.0,5913.644591,True,
LOCAL-v1-q4-exactly16_sources-5045,4,candidate,16,438.2697110625,0.02825466706417501,16,1.0,7012.315377,True,
LOCAL-v1-q4-exactly16_sources-5046,4,candidate,16,362.1156493125,0.031048250035382807,16,1.0,5793.850389,True,
LOCAL-v1-q4-exactly16_sources-5047,4,candidate,16,392.92408325,0.0342579580610618,16,1.0,6286.785332,True,
LOCAL-v1-q4-exactly16_sources-5048,4,candidate,16,396.29653575,0.021427208092063665,16,1.0,6340.744572,True,
LOCAL-v1-q4-exactly16_sources-5049,4,candidate,16,456.5769284375,0.024218459031544626,16,1.0,7305.230855,True,
LOCAL-v1-q4-exactly16_sources-5050,4,candidate,16,441.9747405,0.019173583015799522,16,1.0,7071.595848,True,
LOCAL-v1-q4-exactly16_sources-5051,4,candidate,16,390.2329958125,0.019724124926142395,16,1.0,6243.727933,True,
LOCAL-v1-q4-exactly16_sources-5052,4,candidate,16,431.3248279375,0.02713158295955509,16,1.0,6901.197247,True,
LOCAL-v1-q4-exactly16_sources-5053,4,candidate,16,412.597881125,0.02325579198077321,16,1.0,6601.566098,True,
LOCAL-v1-q4-exactly16_sources-5054,4,candidate,16,409.6901713125,0.024082666961476207,16,1.0,6555.042741,True,
LOCAL-v1-q4-exactly16_sources-5055,4,candidate,16,425.17975,0.02388108300510794,16,1.0,6802.876,True,
LOCAL-v1-q4-exactly16_sources-5056,4,candidate,16,421.26648175,0.024167916039004922,16,1.0,6740.263708,True,
LOCAL-v1-q4-exactly16_sources-5057,4,candidate,16,431.5847945,0.02316379197873175,16,1.0,6905.356712,True,
LOCAL-v1-q4-exactly16_sources-5058,4,candidate,16,423.28711025,0.02247958304360509,16,1.0,6772.593764,True,
LOCAL-v1-q4-exactly16_sources-5059,4,candidate,16,410.3773650625,0.023335375008173287,16,1.0,6566.037841,True,
LOCAL-v1-q4-exactly16_sources-5060,4,candidate,16,428.188308,0.019095542025752366,16,1.0,6851.012928,True,
LOCAL-v1-q4-exactly16_sources-5061,4,candidate,16,416.6582391875,0.01930841605644673,16,1.0,6666.531827,True,
LOCAL-v1-q4-exactly16_sources-5062,4,candidate,16,423.727404625,0.02571270801126957,16,1.0,6779.638474,True,
LOCAL-v1-q4-exactly16_sources-5063,4,candidate,16,448.8752568125,0.022880750009790063,16,1.0,7182.004109,True,
LOCAL-v1-q4-exactly16_sources-5064,4,candidate,16,442.2662714375,0.01894154096953571,16,1.0,7076.260343,True,
LOCAL-v1-q4-exactly16_sources-5065,4,candidate,16,400.73844275,0.024202125030569732,16,1.0,6411.815084,True,
LOCAL-v1-q4-exactly16_sources-5066,4,candidate,16,420.2359563125,0.022519791964441538,16,1.0,6723.775301,True,
LOCAL-v1-q4-exactly16_sources-5067,4,candidate,16,435.1644539375,0.02376037510111928,16,1.0,6962.631263,True,
LOCAL-v1-q4-exactly16_sources-5068,4,candidate,16,432.2642730625,0.019978833035565913,16,1.0,6916.228369,True,
LOCAL-v1-q4-exactly16_sources-5069,4,candidate,16,367.00569425,0.02863558300305158,16,1.0,5872.091108,True,
LOCAL-v1-q4-exactly16_sources-5070,4,candidate,16,442.878181375,0.03058812499511987,16,1.0,7086.050902,True,
LOCAL-v1-q4-exactly16_sources-5071,4,candidate,16,403.6367899375,0.019981915946118534,16,1.0,6458.188639,True,
LOCAL-v1-q4-exactly16_sources-5072,4,candidate,16,391.9478686875,0.025036916020326316,16,1.0,6271.165899,True,
LOCAL-v1-q4-exactly16_sources-5073,4,candidate,16,442.2456985,0.023859000066295266,16,1.0,7075.931176,True,
LOCAL-v1-q4-exactly16_sources-5074,4,candidate,16,415.2553590625,0.023947082925587893,16,1.0,6644.085745,True,
LOCAL-v1-q4-exactly16_sources-5075,4,candidate,16,402.10721775,0.026282249949872494,16,1.0,6433.715484,True,
LOCAL-v1-q4-exactly16_sources-5076,4,candidate,16,385.7701101875,0.026782959001138806,16,1.0,6172.321763,True,
LOCAL-v1-q4-exactly16_sources-5077,4,candidate,16,454.5540671875,0.021963082952424884,16,1.0,7272.865075,True,
LOCAL-v1-q4-exactly16_sources-5078,4,candidate,16,410.084622125,0.020141249988228083,16,1.0,6561.353954,True,
LOCAL-v1-q4-exactly16_sources-5079,4,candidate,16,474.2060539375,0.025335291982628405,16,1.0,7587.296863,True,
LOCAL-v1-q4-exactly16_sources-5080,4,candidate,16,417.9641469375,0.02321262494660914,16,1.0,6687.426351,True,
LOCAL-v1-q4-exactly16_sources-5081,4,candidate,16,439.5999199375,0.023861917085014284,16,1.0,7033.598719,True,
LOCAL-v1-q4-exactly16_sources-5082,4,candidate,16,422.9935266875,0.018496542004868388,16,1.0,6767.896427,True,
LOCAL-v1-q4-exactly16_sources-5083,4,candidate,16,413.793575125,0.02593554195482284,16,1.0,6620.697202,True,
LOCAL-v1-q4-exactly16_sources-5084,4,candidate,16,493.412179,0.02295916702132672,16,1.0,7894.594864,True,
LOCAL-v1-q4-exactly16_sources-5085,4,candidate,16,370.624425875,0.02152829198166728,16,1.0,5929.990814,True,
LOCAL-v1-q4-exactly16_sources-5086,4,candidate,16,381.5230615,0.020479792030528188,16,1.0,6104.368984,True,
LOCAL-v1-q4-exactly16_sources-5087,4,candidate,16,377.557588125,0.021789415972307324,16,1.0,6040.92141,True,
LOCAL-v1-q4-exactly16_sources-5088,4,candidate,16,408.13885075,0.027373666991479695,16,1.0,6530.221612,True,
LOCAL-v1-q4-exactly16_sources-5089,4,candidate,16,452.2476994375,0.022937500034458935,16,1.0,7235.963191,True,
LOCAL-v1-q4-exactly16_sources-5090,4,candidate,16,440.9536136875,0.02482033404521644,16,1.0,7055.257819,True,
LOCAL-v1-q4-exactly16_sources-5091,4,candidate,16,435.441947625,0.025861792033538222,16,1.0,6967.071162,True,
LOCAL-v1-q4-exactly16_sources-5092,4,candidate,16,416.9166628125,0.022196374949999154,16,1.0,6670.666605,True,
LOCAL-v1-q4-exactly16_sources-5093,4,candidate,16,406.540206625,0.024957125075161457,16,1.0,6504.643306,True,
LOCAL-v1-q4-exactly16_sources-5094,4,candidate,16,439.19337125,0.026803791988641024,16,1.0,7027.09394,True,
LOCAL-v1-q4-exactly16_sources-5095,4,candidate,16,378.03443325,0.024749250034801662,16,1.0,6048.550932,True,
LOCAL-v1-q4-exactly16_sources-5096,4,candidate,16,433.305865625,0.022383834002539515,16,1.0,6932.89385,True,
LOCAL-v1-q4-exactly16_sources-5097,4,candidate,16,433.04406675,0.026842832914553583,16,1.0,6928.705068,True,
LOCAL-v1-q4-exactly16_sources-5098,4,candidate,16,409.2233021875,0.02318908297456801,16,1.0,6547.572835,True,
LOCAL-v1-q4-exactly16_sources-5099,4,candidate,16,395.246057625,0.025385875022038817,16,1.0,6323.936922,True,
