case_id,mode,variant,cleared_count,average_clear_time_s,program_runtime_s,source_count,cleared_fraction,total_virtual_time_s,complete,error
LOCAL-v1-q3-reference_assumed-5000,3,frozen_baseline,11,307.7000336363636,0.001373999984934926,11,1.0,3384.70037,True,
LOCAL-v1-q3-reference_assumed-5001,3,frozen_baseline,14,249.85846742857143,0.0013100419891998172,14,1.0,3498.018544,True,
LOCAL-v1-q3-reference_assumed-5002,3,frozen_baseline,15,253.39230793333334,0.0015160420443862677,15,1.0,3800.884619,True,
LOCAL-v1-q3-reference_assumed-5003,3,frozen_baseline,11,316.6374900909091,0.001049291924573481,11,1.0,3483.012391,True,
LOCAL-v1-q3-reference_assumed-5004,3,frozen_baseline,12,330.2754581666667,0.001227749977260828,12,1.0,3963.305498,True,
LOCAL-v1-q3-reference_assumed-5005,3,frozen_baseline,11,331.79895700000003,0.001275458955205977,11,1.0,3649.788527,True,
LOCAL-v1-q3-reference_assumed-5006,3,frozen_baseline,11,345.50831145454544,0.0012062500463798642,11,1.0,3800.591426,True,
LOCAL-v1-q3-reference_assumed-5007,3,frozen_baseline,11,348.8436629090909,0.0010416250443086028,11,1.0,3837.280292,True,
LOCAL-v1-q3-reference_assumed-5008,3,frozen_baseline,10,333.7374116,0.0010111669544130564,10,1.0,3337.374116,True,
LOCAL-v1-q3-reference_assumed-5009,3,frozen_baseline,14,283.641857,0.0013293750816956162,14,1.0,3970.985998,True,
LOCAL-v1-q3-reference_assumed-5010,3,frozen_baseline,12,330.59807574999996,0.0010935829486697912,12,1.0,3967.176909,True,
LOCAL-v1-q3-reference_assumed-5011,3,frozen_baseline,15,284.54865806666663,0.0015038750134408474,15,1.0,4268.229871,True,
LOCAL-v1-q3-reference_assumed-5012,3,frozen_baseline,10,355.2931689,0.0009929999941959977,10,1.0,3552.931689,True,
LOCAL-v1-q3-reference_assumed-5013,3,frozen_baseline,12,294.3771953333333,0.001292250002734363,12,1.0,3532.526344,True,
LOCAL-v1-q3-reference_assumed-5014,3,frozen_baseline,11,340.9183932727273,0.0011842090170830488,11,1.0,3750.102326,True,
LOCAL-v1-q3-reference_assumed-5015,3,frozen_baseline,12,290.52212041666667,0.0011523340363055468,12,1.0,3486.265445,True,
LOCAL-v1-q3-reference_assumed-5016,3,frozen_baseline,16,256.052974875,0.001632416038773954,16,1.0,4096.847598,True,
LOCAL-v1-q3-reference_assumed-5017,3,frozen_baseline,15,271.708143,0.00143258401658386,15,1.0,4075.622145,True,
LOCAL-v1-q3-reference_assumed-5018,3,frozen_baseline,10,380.89201979999996,0.001067875069566071,10,1.0,3808.920198,True,
LOCAL-v1-q3-reference_assumed-5019,3,frozen_baseline,11,350.6120645454546,0.0012385830050334334,11,1.0,3856.73271,True,
LOCAL-v1-q3-reference_assumed-5020,3,frozen_baseline,16,266.0172461875,0.0014996250392869115,16,1.0,4256.275939,True,
LOCAL-v1-q3-reference_assumed-5021,3,frozen_baseline,14,258.07373285714283,0.0012940840097144246,14,1.0,3613.03226,True,
LOCAL-v1-q3-reference_assumed-5022,3,frozen_baseline,14,274.3347495,0.0012704160762950778,14,1.0,3840.686493,True,
LOCAL-v1-q3-reference_assumed-5023,3,frozen_baseline,15,288.1018344666667,0.0014025409473106265,15,1.0,4321.527517,True,
LOCAL-v1-q3-reference_assumed-5024,3,frozen_baseline,13,341.9181263846154,0.001275166985578835,13,1.0,4444.935643,True,
LOCAL-v1-q3-reference_assumed-5025,3,frozen_baseline,12,317.0115739166667,0.0012321670074015856,12,1.0,3804.138887,True,
LOCAL-v1-q3-reference_assumed-5026,3,frozen_baseline,15,299.4737095333333,0.0013371659442782402,15,1.0,4492.105643,True,
LOCAL-v1-q3-reference_assumed-5027,3,frozen_baseline,11,299.4585982727273,0.0010806249920278788,11,1.0,3294.044581,True,
LOCAL-v1-q3-reference_assumed-5028,3,frozen_baseline,10,357.3114312,0.0009208749979734421,10,1.0,3573.114312,True,
LOCAL-v1-q3-reference_assumed-5029,3,frozen_baseline,11,301.53134318181816,0.00101200002245605,11,1.0,3316.844775,True,
LOCAL-v1-q3-reference_assumed-5030,3,frozen_baseline,12,311.48427341666667,0.001076625077985227,12,1.0,3737.811281,True,
LOCAL-v1-q3-reference_assumed-5031,3,frozen_baseline,15,246.60765406666667,0.0014867919962853193,15,1.0,3699.114811,True,
LOCAL-v1-q3-reference_assumed-5032,3,frozen_baseline,11,349.8501651818182,0.0010816249996423721,11,1.0,3848.351817,True,
LOCAL-v1-q3-reference_assumed-5033,3,frozen_baseline,14,287.46180421428573,0.001339958980679512,14,1.0,4024.465259,True,
LOCAL-v1-q3-reference_assumed-5034,3,frozen_baseline,16,253.77811075,0.0015011250507086515,16,1.0,4060.449772,True,
LOCAL-v1-q3-reference_assumed-5035,3,frozen_baseline,10,377.25829469999996,0.001054624910466373,10,1.0,3772.582947,True,
LOCAL-v1-q3-reference_assumed-5036,3,frozen_baseline,15,243.78415046666666,0.0014174169627949595,15,1.0,3656.762257,True,
LOCAL-v1-q3-reference_assumed-5037,3,frozen_baseline,15,274.9992613333333,0.0015232079895213246,15,1.0,4124.98892,True,
LOCAL-v1-q3-reference_assumed-5038,3,frozen_baseline,16,275.48420675,0.0015504579059779644,16,1.0,4407.747308,True,
LOCAL-v1-q3-reference_assumed-5039,3,frozen_baseline,10,367.7431441,0.0009822080610319972,10,1.0,3677.431441,True,
LOCAL-v1-q3-reference_assumed-5040,3,frozen_baseline,15,275.8249759333333,0.0014371250290423632,15,1.0,4137.374639,True,
LOCAL-v1-q3-reference_assumed-5041,3,frozen_baseline,15,301.30364526666665,0.0016184999840334058,15,1.0,4519.554679,True,
LOCAL-v1-q3-reference_assumed-5042,3,frozen_baseline,11,317.9805875454545,0.0010993340983986855,11,1.0,3497.786463,True,
LOCAL-v1-q3-reference_assumed-5043,3,frozen_baseline,12,330.7266740833333,0.0011673750123009086,12,1.0,3968.720089,True,
LOCAL-v1-q3-reference_assumed-5044,3,frozen_baseline,11,318.2703969090909,0.00105441699270159,11,1.0,3500.974366,True,
LOCAL-v1-q3-reference_assumed-5045,3,frozen_baseline,11,310.1343348181818,0.0010177079821005464,11,1.0,3411.477683,True,
LOCAL-v1-q3-reference_assumed-5046,3,frozen_baseline,10,328.80100200000004,0.0010578330839052796,10,1.0,3288.01002,True,
LOCAL-v1-q3-reference_assumed-5047,3,frozen_baseline,16,230.7874636875,0.0015215419698506594,16,1.0,3692.599419,True,
LOCAL-v1-q3-reference_assumed-5048,3,frozen_baseline,12,344.2830475,0.0012982920743525028,12,1.0,4131.39657,True,
LOCAL-v1-q3-reference_assumed-5049,3,frozen_baseline,10,316.59029019999997,0.0010364999761804938,10,1.0,3165.902902,True,
LOCAL-v1-q3-reference_assumed-5050,3,frozen_baseline,15,282.3647712666667,0.001529333065263927,15,1.0,4235.471569,True,
LOCAL-v1-q3-reference_assumed-5051,3,frozen_baseline,11,298.9414198181818,0.0010110409930348396,11,1.0,3288.355618,True,
LOCAL-v1-q3-reference_assumed-5052,3,frozen_baseline,13,320.3169414615385,0.0013460000045597553,13,1.0,4164.120239,True,
LOCAL-v1-q3-reference_assumed-5053,3,frozen_baseline,16,252.2673453125,0.0013841250911355019,16,1.0,4036.277525,True,
LOCAL-v1-q3-reference_assumed-5054,3,frozen_baseline,16,262.790193,0.0014798330375924706,16,1.0,4204.643088,True,
LOCAL-v1-q3-reference_assumed-5055,3,frozen_baseline,12,335.9658250833333,0.0013271250063553452,12,1.0,4031.589901,True,
LOCAL-v1-q3-reference_assumed-5056,3,frozen_baseline,13,285.21315799999996,0.0012283750111237168,13,1.0,3707.771054,True,
LOCAL-v1-q3-reference_assumed-5057,3,frozen_baseline,13,310.0252980769231,0.001197290956042707,13,1.0,4030.328875,True,
LOCAL-v1-q3-reference_assumed-5058,3,frozen_baseline,14,245.3325385,0.0011827079579234123,14,1.0,3434.655539,True,
LOCAL-v1-q3-reference_assumed-5059,3,frozen_baseline,12,295.7842071666667,0.0011597080156207085,12,1.0,3549.410486,True,
LOCAL-v1-q3-reference_assumed-5060,3,frozen_baseline,11,322.19719527272724,0.001152625074610114,11,1.0,3544.169148,True,
LOCAL-v1-q3-reference_assumed-5061,3,frozen_baseline,13,253.32905361538462,0.0012228749692440033,13,1.0,3293.277697,True,
LOCAL-v1-q3-reference_assumed-5062,3,frozen_baseline,16,249.1404301875,0.001338499947451055,16,1.0,3986.246883,True,
LOCAL-v1-q3-reference_assumed-5063,3,frozen_baseline,15,284.68896006666665,0.0014252499677240849,15,1.0,4270.334401,True,
LOCAL-v1-q3-reference_assumed-5064,3,frozen_baseline,13,289.7424126923077,0.0011013750918209553,13,1.0,3766.651365,True,
LOCAL-v1-q3-reference_assumed-5065,3,frozen_baseline,12,319.2959835,0.0012434580130502582,12,1.0,3831.551802,True,
LOCAL-v1-q3-reference_assumed-5066,3,frozen_baseline,10,384.73998040000004,0.0009593749418854713,10,1.0,3847.399804,True,
LOCAL-v1-q3-reference_assumed-5067,3,frozen_baseline,16,267.5560099375,0.0016063330695033073,16,1.0,4280.896159,True,
LOCAL-v1-q3-reference_assumed-5068,3,frozen_baseline,13,275.94273084615384,0.0012615410378202796,13,1.0,3587.255501,True,
LOCAL-v1-q3-reference_assumed-5069,3,frozen_baseline,14,292.5421530714286,0.0013789159711450338,14,1.0,4095.590143,True,
LOCAL-v1-q3-reference_assumed-5070,3,frozen_baseline,12,331.8745704166667,0.0013955420581623912,12,1.0,3982.494845,True,
LOCAL-v1-q3-reference_assumed-5071,3,frozen_baseline,12,321.3145620833333,0.001285666017793119,12,1.0,3855.774745,True,
LOCAL-v1-q3-reference_assumed-5072,3,frozen_baseline,15,289.87779746666666,0.0015500410227105021,15,1.0,4348.166962,True,
LOCAL-v1-q3-reference_assumed-5073,3,frozen_baseline,10,372.178723,0.0010868749814108014,10,1.0,3721.78723,True,
LOCAL-v1-q3-reference_assumed-5074,3,frozen_baseline,16,240.63327025,0.0015583749627694488,16,1.0,3850.132324,True,
LOCAL-v1-q3-reference_assumed-5075,3,frozen_baseline,15,244.04249886666668,0.0013772080419585109,15,1.0,3660.637483,True,
LOCAL-v1-q3-reference_assumed-5076,3,frozen_baseline,12,312.78336183333334,0.0013204170390963554,12,1.0,3753.400342,True,
LOCAL-v1-q3-reference_assumed-5077,3,frozen_baseline,14,287.45781985714285,0.0013458329485729337,14,1.0,4024.409478,True,
LOCAL-v1-q3-reference_assumed-5078,3,frozen_baseline,13,272.6060600769231,0.001278792042285204,13,1.0,3543.878781,True,
LOCAL-v1-q3-reference_assumed-5079,3,frozen_baseline,10,357.4617021,0.0010238329414278269,10,1.0,3574.617021,True,
LOCAL-v1-q3-reference_assumed-5080,3,frozen_baseline,10,331.867172,0.0009702090173959732,10,1.0,3318.67172,True,
LOCAL-v1-q3-reference_assumed-5081,3,frozen_baseline,16,239.019877125,0.0014960839180275798,16,1.0,3824.318034,True,
LOCAL-v1-q3-reference_assumed-5082,3,frozen_baseline,13,299.63522415384614,0.0012130000395700336,13,1.0,3895.257914,True,
LOCAL-v1-q3-reference_assumed-5083,3,frozen_baseline,13,297.4590646153846,0.0013081250945106149,13,1.0,3866.96784,True,
LOCAL-v1-q3-reference_assumed-5084,3,frozen_baseline,14,330.6167555,0.0014897920191287994,14,1.0,4628.634577,True,
LOCAL-v1-q3-reference_assumed-5085,3,frozen_baseline,15,306.02174966666666,0.00152299995534122,15,1.0,4590.326245,True,
LOCAL-v1-q3-reference_assumed-5086,3,frozen_baseline,12,297.2670059166667,0.00120433303527534,12,1.0,3567.204071,True,
LOCAL-v1-q3-reference_assumed-5087,3,frozen_baseline,13,306.23835123076924,0.00145295902621001,13,1.0,3981.098566,True,
LOCAL-v1-q3-reference_assumed-5088,3,frozen_baseline,16,226.3097661875,0.0014685000060126185,16,1.0,3620.956259,True,
LOCAL-v1-q3-reference_assumed-5089,3,frozen_baseline,15,302.9386604,0.0014748339308425784,15,1.0,4544.079906,True,
LOCAL-v1-q3-reference_assumed-5090,3,frozen_baseline,14,282.4126248571429,0.0016551249427720904,14,1.0,3953.776748,True,
LOCAL-v1-q3-reference_assumed-5091,3,frozen_baseline,12,296.6007725,0.0011907909065485,12,1.0,3559.20927,True,
LOCAL-v1-q3-reference_assumed-5092,3,frozen_baseline,11,294.15065327272725,0.0011011669412255287,11,1.0,3235.657186,True,
LOCAL-v1-q3-reference_assumed-5093,3,frozen_baseline,15,265.87705206666664,0.0013898330507799983,15,1.0,3988.155781,True,
LOCAL-v1-q3-reference_assumed-5094,3,frozen_baseline,11,343.3382279090909,0.001078624976798892,11,1.0,3776.720507,True,
LOCAL-v1-q3-reference_assumed-5095,3,frozen_baseline,10,335.5155848,0.0010679579572752118,10,1.0,3355.155848,True,
LOCAL-v1-q3-reference_assumed-5096,3,frozen_baseline,14,309.34389035714287,0.0013647079467773438,14,1.0,4330.814465,True,
LOCAL-v1-q3-reference_assumed-5097,3,frozen_baseline,13,265.27980292307694,0.001056583016179502,13,1.0,3448.637438,True,
LOCAL-v1-q3-reference_assumed-5098,3,frozen_baseline,16,260.62969925,0.001651124912314117,16,1.0,4170.075188,True,
LOCAL-v1-q3-reference_assumed-5099,3,frozen_baseline,13,307.0782733846154,0.0012208330444991589,13,1.0,3992.017554,True,
LOCAL-v1-q3-fixed_positive_bias-5000,3,frozen_baseline,11,310.06636245454547,0.0011048750020563602,11,1.0,3410.729987,True,
LOCAL-v1-q3-fixed_positive_bias-5001,3,frozen_baseline,14,272.87471714285715,0.0014674579724669456,14,1.0,3820.24604,True,
LOCAL-v1-q3-fixed_positive_bias-5002,3,frozen_baseline,15,259.1026010666667,0.0015293750911951065,15,1.0,3886.539016,True,
LOCAL-v1-q3-fixed_positive_bias-5003,3,frozen_baseline,11,315.51348154545457,0.0010465829400345683,11,1.0,3470.648297,True,
LOCAL-v1-q3-fixed_positive_bias-5004,3,frozen_baseline,12,327.89982333333336,0.0012272909516468644,12,1.0,3934.79788,True,
LOCAL-v1-q3-fixed_positive_bias-5005,3,frozen_baseline,11,338.3190908181818,0.001242334023118019,11,1.0,3721.509999,True,
LOCAL-v1-q3-fixed_positive_bias-5006,3,frozen_baseline,11,338.8168559090909,0.0010859169997274876,11,1.0,3726.985415,True,
LOCAL-v1-q3-fixed_positive_bias-5007,3,frozen_baseline,11,344.91114163636365,0.0010907500982284546,11,1.0,3794.022558,True,
LOCAL-v1-q3-fixed_positive_bias-5008,3,frozen_baseline,10,358.5721963,0.0010929589625447989,10,1.0,3585.721963,True,
LOCAL-v1-q3-fixed_positive_bias-5009,3,frozen_baseline,14,282.57164907142857,0.0013361249584704638,14,1.0,3956.003087,True,
LOCAL-v1-q3-fixed_positive_bias-5010,3,frozen_baseline,12,318.39351308333335,0.001199625083245337,12,1.0,3820.722157,True,
LOCAL-v1-q3-fixed_positive_bias-5011,3,frozen_baseline,15,270.9898531333333,0.0014732079580426216,15,1.0,4064.847797,True,
LOCAL-v1-q3-fixed_positive_bias-5012,3,frozen_baseline,10,357.4380147,0.0009706669952720404,10,1.0,3574.380147,True,
LOCAL-v1-q3-fixed_positive_bias-5013,3,frozen_baseline,12,291.82765083333334,0.0011696669971570373,12,1.0,3501.93181,True,
LOCAL-v1-q3-fixed_positive_bias-5014,3,frozen_baseline,11,345.8455199090909,0.0012659160420298576,11,1.0,3804.300719,True,
LOCAL-v1-q3-fixed_positive_bias-5015,3,frozen_baseline,12,346.24665483333337,0.0012439169222489,12,1.0,4154.959858,True,
LOCAL-v1-q3-fixed_positive_bias-5016,3,frozen_baseline,16,259.441300125,0.0016986249247565866,16,1.0,4151.060802,True,
LOCAL-v1-q3-fixed_positive_bias-5017,3,frozen_baseline,15,263.3815062,0.0016412920085713267,15,1.0,3950.722593,True,
LOCAL-v1-q3-fixed_positive_bias-5018,3,frozen_baseline,10,347.49617920000003,0.0010766660561785102,10,1.0,3474.961792,True,
LOCAL-v1-q3-fixed_positive_bias-5019,3,frozen_baseline,11,344.4515648181818,0.001143125002272427,11,1.0,3788.967213,True,
LOCAL-v1-q3-fixed_positive_bias-5020,3,frozen_baseline,16,277.4321976875,0.0015526670031249523,16,1.0,4438.915163,True,
LOCAL-v1-q3-fixed_positive_bias-5021,3,frozen_baseline,14,266.60530857142857,0.0014277909649536014,14,1.0,3732.47432,True,
LOCAL-v1-q3-fixed_positive_bias-5022,3,frozen_baseline,14,287.28438992857144,0.0015192499849945307,14,1.0,4021.981459,True,
LOCAL-v1-q3-fixed_positive_bias-5023,3,frozen_baseline,15,269.69255246666665,0.001440958003513515,15,1.0,4045.388287,True,
LOCAL-v1-q3-fixed_positive_bias-5024,3,frozen_baseline,13,348.14275699999996,0.001311708940193057,13,1.0,4525.855841,True,
LOCAL-v1-q3-fixed_positive_bias-5025,3,frozen_baseline,12,313.84543924999997,0.0012390830088406801,12,1.0,3766.145271,True,
LOCAL-v1-q3-fixed_positive_bias-5026,3,frozen_baseline,15,284.0478844666667,0.0013024170184507966,15,1.0,4260.718267,True,
LOCAL-v1-q3-fixed_positive_bias-5027,3,frozen_baseline,11,297.7133483636364,0.001084415940567851,11,1.0,3274.846832,True,
LOCAL-v1-q3-fixed_positive_bias-5028,3,frozen_baseline,10,364.719326,0.0010759999277070165,10,1.0,3647.19326,True,
LOCAL-v1-q3-fixed_positive_bias-5029,3,frozen_baseline,11,328.3728843636364,0.0010766249615699053,11,1.0,3612.101728,True,
LOCAL-v1-q3-fixed_positive_bias-5030,3,frozen_baseline,12,326.6461274166667,0.0010898750042542815,12,1.0,3919.753529,True,
LOCAL-v1-q3-fixed_positive_bias-5031,3,frozen_baseline,15,290.4846798,0.0016105410177260637,15,1.0,4357.270197,True,
LOCAL-v1-q3-fixed_positive_bias-5032,3,frozen_baseline,11,347.05408390909093,0.00104320899117738,11,1.0,3817.594923,True,
LOCAL-v1-q3-fixed_positive_bias-5033,3,frozen_baseline,14,280.1584729285714,0.0014117079554125667,14,1.0,3922.218621,True,
LOCAL-v1-q3-fixed_positive_bias-5034,3,frozen_baseline,16,265.8213105,0.0018645410891622305,16,1.0,4253.140968,True,
LOCAL-v1-q3-fixed_positive_bias-5035,3,frozen_baseline,10,390.7726334,0.0011150840437039733,10,1.0,3907.726334,True,
LOCAL-v1-q3-fixed_positive_bias-5036,3,frozen_baseline,15,289.17773493333334,0.001477499958127737,15,1.0,4337.666024,True,
LOCAL-v1-q3-fixed_positive_bias-5037,3,frozen_baseline,15,298.01370613333336,0.0016279170522466302,15,1.0,4470.205592,True,
LOCAL-v1-q3-fixed_positive_bias-5038,3,frozen_baseline,16,268.742751125,0.001822250080294907,16,1.0,4299.884018,True,
LOCAL-v1-q3-fixed_positive_bias-5039,3,frozen_baseline,10,361.6415994,0.0012493750546127558,10,1.0,3616.415994,True,
LOCAL-v1-q3-fixed_positive_bias-5040,3,frozen_baseline,15,287.93642286666665,0.0014692910481244326,15,1.0,4319.046343,True,
LOCAL-v1-q3-fixed_positive_bias-5041,3,frozen_baseline,15,308.7589221333334,0.001409208052791655,15,1.0,4631.383832,True,
LOCAL-v1-q3-fixed_positive_bias-5042,3,frozen_baseline,11,313.9890819090909,0.0009970000246539712,11,1.0,3453.879901,True,
LOCAL-v1-q3-fixed_positive_bias-5043,3,frozen_baseline,12,303.98048675,0.0012709159636870027,12,1.0,3647.765841,True,
LOCAL-v1-q3-fixed_positive_bias-5044,3,frozen_baseline,11,310.50894618181815,0.0009744589915499091,11,1.0,3415.598408,True,
LOCAL-v1-q3-fixed_positive_bias-5045,3,frozen_baseline,11,312.1068820909091,0.0010370409581810236,11,1.0,3433.175703,True,
LOCAL-v1-q3-fixed_positive_bias-5046,3,frozen_baseline,10,342.7776578,0.0012309170560911298,10,1.0,3427.776578,True,
LOCAL-v1-q3-fixed_positive_bias-5047,3,frozen_baseline,16,229.793307125,0.0014331249985843897,16,1.0,3676.692914,True,
LOCAL-v1-q3-fixed_positive_bias-5048,3,frozen_baseline,12,296.80454349999997,0.0011984159937128425,12,1.0,3561.654522,True,
LOCAL-v1-q3-fixed_positive_bias-5049,3,frozen_baseline,10,322.4451058,0.001071666949428618,10,1.0,3224.451058,True,
LOCAL-v1-q3-fixed_positive_bias-5050,3,frozen_baseline,15,291.61561693333334,0.0016064579831436276,15,1.0,4374.234254,True,
LOCAL-v1-q3-fixed_positive_bias-5051,3,frozen_baseline,11,302.69481781818183,0.001096333027817309,11,1.0,3329.642996,True,
LOCAL-v1-q3-fixed_positive_bias-5052,3,frozen_baseline,13,281.8508783076923,0.0013437080197036266,13,1.0,3664.061418,True,
LOCAL-v1-q3-fixed_positive_bias-5053,3,frozen_baseline,16,257.6292729375,0.0014976250240579247,16,1.0,4122.068367,True,
LOCAL-v1-q3-fixed_positive_bias-5054,3,frozen_baseline,16,278.756479375,0.0014866249402984977,16,1.0,4460.10367,True,
LOCAL-v1-q3-fixed_positive_bias-5055,3,frozen_baseline,12,291.4379450833333,0.0011643749894574285,12,1.0,3497.255341,True,
LOCAL-v1-q3-fixed_positive_bias-5056,3,frozen_baseline,13,289.4277702307692,0.0012260839575901628,13,1.0,3762.561013,True,
LOCAL-v1-q3-fixed_positive_bias-5057,3,frozen_baseline,13,308.85952046153847,0.0013578749494627118,13,1.0,4015.173766,True,
LOCAL-v1-q3-fixed_positive_bias-5058,3,frozen_baseline,14,268.72047657142855,0.0013220419641584158,14,1.0,3762.086672,True,
LOCAL-v1-q3-fixed_positive_bias-5059,3,frozen_baseline,12,326.31510141666666,0.0012341659748926759,12,1.0,3915.781217,True,
LOCAL-v1-q3-fixed_positive_bias-5060,3,frozen_baseline,11,354.0385804545454,0.0013730420032516122,11,1.0,3894.424385,True,
LOCAL-v1-q3-fixed_positive_bias-5061,3,frozen_baseline,13,261.31659069230767,0.001329833990894258,13,1.0,3397.115679,True,
LOCAL-v1-q3-fixed_positive_bias-5062,3,frozen_baseline,16,255.85006325,0.00149441696703434,16,1.0,4093.601012,True,
LOCAL-v1-q3-fixed_positive_bias-5063,3,frozen_baseline,15,271.3052498,0.0015125420177355409,15,1.0,4069.578747,True,
LOCAL-v1-q3-fixed_positive_bias-5064,3,frozen_baseline,13,319.09554215384617,0.0012599589535966516,13,1.0,4148.242048,True,
LOCAL-v1-q3-fixed_positive_bias-5065,3,frozen_baseline,12,317.97076108333334,0.0011871660826727748,12,1.0,3815.649133,True,
LOCAL-v1-q3-fixed_positive_bias-5066,3,frozen_baseline,10,384.7832687,0.0009942089673131704,10,1.0,3847.832687,True,
LOCAL-v1-q3-fixed_positive_bias-5067,3,frozen_baseline,16,271.91840975,0.00163312500808388,16,1.0,4350.694556,True,
LOCAL-v1-q3-fixed_positive_bias-5068,3,frozen_baseline,13,303.82094415384614,0.0011866249842569232,13,1.0,3949.672274,True,
LOCAL-v1-q3-fixed_positive_bias-5069,3,frozen_baseline,14,307.6480462857143,0.001612790976651013,14,1.0,4307.072648,True,
LOCAL-v1-q3-fixed_positive_bias-5070,3,frozen_baseline,12,333.75016225,0.0014362079091370106,12,1.0,4005.001947,True,
LOCAL-v1-q3-fixed_positive_bias-5071,3,frozen_baseline,12,317.86617425000003,0.001255334005691111,12,1.0,3814.394091,True,
LOCAL-v1-q3-fixed_positive_bias-5072,3,frozen_baseline,15,292.51739353333335,0.0015325830318033695,15,1.0,4387.760903,True,
LOCAL-v1-q3-fixed_positive_bias-5073,3,frozen_baseline,10,372.7555779,0.0012538749724626541,10,1.0,3727.555779,True,
LOCAL-v1-q3-fixed_positive_bias-5074,3,frozen_baseline,16,266.7050014375,0.001735334051772952,16,1.0,4267.280023,True,
LOCAL-v1-q3-fixed_positive_bias-5075,3,frozen_baseline,15,280.3915396666667,0.0016127499984577298,15,1.0,4205.873095,True,
LOCAL-v1-q3-fixed_positive_bias-5076,3,frozen_baseline,12,312.50306908333334,0.0012166249798610806,12,1.0,3750.036829,True,
LOCAL-v1-q3-fixed_positive_bias-5077,3,frozen_baseline,14,314.72305950000003,0.001304500037804246,14,1.0,4406.122833,True,
LOCAL-v1-q3-fixed_positive_bias-5078,3,frozen_baseline,13,268.4446127692308,0.0012934999540448189,13,1.0,3489.779966,True,
LOCAL-v1-q3-fixed_positive_bias-5079,3,frozen_baseline,10,314.0889829,0.001094625098630786,10,1.0,3140.889829,True,
LOCAL-v1-q3-fixed_positive_bias-5080,3,frozen_baseline,10,350.322563,0.0009728340664878488,10,1.0,3503.22563,True,
LOCAL-v1-q3-fixed_positive_bias-5081,3,frozen_baseline,16,258.613148,0.0014348329277709126,16,1.0,4137.810368,True,
LOCAL-v1-q3-fixed_positive_bias-5082,3,frozen_baseline,13,323.8610667692308,0.0013717080000787973,13,1.0,4210.193868,True,
LOCAL-v1-q3-fixed_positive_bias-5083,3,frozen_baseline,13,313.46880853846153,0.0012933750404044986,13,1.0,4075.094511,True,
LOCAL-v1-q3-fixed_positive_bias-5084,3,frozen_baseline,14,304.3513875714286,0.001403625006787479,14,1.0,4260.919426,True,
LOCAL-v1-q3-fixed_positive_bias-5085,3,frozen_baseline,15,297.49612033333335,0.0014800409553572536,15,1.0,4462.441805,True,
LOCAL-v1-q3-fixed_positive_bias-5086,3,frozen_baseline,12,293.50453016666665,0.0012098751030862331,12,1.0,3522.054362,True,
LOCAL-v1-q3-fixed_positive_bias-5087,3,frozen_baseline,13,291.39124207692305,0.001365375006571412,13,1.0,3788.086147,True,
LOCAL-v1-q3-fixed_positive_bias-5088,3,frozen_baseline,16,246.2939578125,0.0016214590286836028,16,1.0,3940.703325,True,
LOCAL-v1-q3-fixed_positive_bias-5089,3,frozen_baseline,15,308.36579413333334,0.0015405830927193165,15,1.0,4625.486912,True,
LOCAL-v1-q3-fixed_positive_bias-5090,3,frozen_baseline,14,265.0963610714286,0.0014125000452622771,14,1.0,3711.349055,True,
LOCAL-v1-q3-fixed_positive_bias-5091,3,frozen_baseline,12,303.49771508333333,0.0011165000032633543,12,1.0,3641.972581,True,
LOCAL-v1-q3-fixed_positive_bias-5092,3,frozen_baseline,11,302.10893063636365,0.0012591249542310834,11,1.0,3323.198237,True,
LOCAL-v1-q3-fixed_positive_bias-5093,3,frozen_baseline,15,272.299798,0.0015595000004395843,15,1.0,4084.49697,True,
LOCAL-v1-q3-fixed_positive_bias-5094,3,frozen_baseline,11,343.09474727272726,0.001165166962891817,11,1.0,3774.04222,True,
LOCAL-v1-q3-fixed_positive_bias-5095,3,frozen_baseline,10,329.7191372,0.0010639999527484179,10,1.0,3297.191372,True,
LOCAL-v1-q3-fixed_positive_bias-5096,3,frozen_baseline,14,317.2277277857143,0.001419208012521267,14,1.0,4441.188189,True,
LOCAL-v1-q3-fixed_positive_bias-5097,3,frozen_baseline,13,286.9706862307692,0.001357333967462182,13,1.0,3730.618921,True,
LOCAL-v1-q3-fixed_positive_bias-5098,3,frozen_baseline,16,283.949024375,0.0016155000776052475,16,1.0,4543.18439,True,
LOCAL-v1-q3-fixed_positive_bias-5099,3,frozen_baseline,13,308.9318563076923,0.001474292017519474,13,1.0,4016.114132,True,
LOCAL-v1-q3-fixed_negative_bias-5000,3,frozen_baseline,11,302.85482790909094,0.0011138750705868006,11,1.0,3331.403107,True,
LOCAL-v1-q3-fixed_negative_bias-5001,3,frozen_baseline,14,256.6773402142857,0.0013272500364109874,14,1.0,3593.482763,True,
LOCAL-v1-q3-fixed_negative_bias-5002,3,frozen_baseline,15,277.0555267333333,0.0014247919898480177,15,1.0,4155.832901,True,
LOCAL-v1-q3-fixed_negative_bias-5003,3,frozen_baseline,11,317.01852818181817,0.0012098749866709113,11,1.0,3487.20381,True,
LOCAL-v1-q3-fixed_negative_bias-5004,3,frozen_baseline,12,333.5435055,0.001250874949619174,12,1.0,4002.522066,True,
LOCAL-v1-q3-fixed_negative_bias-5005,3,frozen_baseline,11,356.42486572727273,0.001144958077929914,11,1.0,3920.673523,True,
LOCAL-v1-q3-fixed_negative_bias-5006,3,frozen_baseline,11,344.499111,0.0011143749579787254,11,1.0,3789.490221,True,
LOCAL-v1-q3-fixed_negative_bias-5007,3,frozen_baseline,11,343.80585918181816,0.0010316249681636691,11,1.0,3781.864451,True,
LOCAL-v1-q3-fixed_negative_bias-5008,3,frozen_baseline,10,342.90841,0.0011284590000286698,10,1.0,3429.0841,True,
LOCAL-v1-q3-fixed_negative_bias-5009,3,frozen_baseline,14,289.8730662142857,0.0013835839927196503,14,1.0,4058.222927,True,
LOCAL-v1-q3-fixed_negative_bias-5010,3,frozen_baseline,12,328.36473158333337,0.0013607079163193703,12,1.0,3940.376779,True,
LOCAL-v1-q3-fixed_negative_bias-5011,3,frozen_baseline,15,304.739545,0.0015470420476049185,15,1.0,4571.093175,True,
LOCAL-v1-q3-fixed_negative_bias-5012,3,frozen_baseline,10,359.3294723,0.0009906660998240113,10,1.0,3593.294723,True,
LOCAL-v1-q3-fixed_negative_bias-5013,3,frozen_baseline,12,297.92018408333337,0.00125512492377311,12,1.0,3575.042209,True,
LOCAL-v1-q3-fixed_negative_bias-5014,3,frozen_baseline,11,341.8869189090909,0.0011653749970719218,11,1.0,3760.756108,True,
LOCAL-v1-q3-fixed_negative_bias-5015,3,frozen_baseline,12,296.67400449999997,0.0011202500900253654,12,1.0,3560.088054,True,
LOCAL-v1-q3-fixed_negative_bias-5016,3,frozen_baseline,16,282.288823,0.0016708750044927,16,1.0,4516.621168,True,
LOCAL-v1-q3-fixed_negative_bias-5017,3,frozen_baseline,15,285.4378576666667,0.0015546249924227595,15,1.0,4281.567865,True,
LOCAL-v1-q3-fixed_negative_bias-5018,3,frozen_baseline,10,363.4882822,0.0010730419307947159,10,1.0,3634.882822,True,
LOCAL-v1-q3-fixed_negative_bias-5019,3,frozen_baseline,11,344.59075545454544,0.001219875062815845,11,1.0,3790.49831,True,
LOCAL-v1-q3-fixed_negative_bias-5020,3,frozen_baseline,16,246.972140875,0.0015250410651788116,16,1.0,3951.554254,True,
LOCAL-v1-q3-fixed_negative_bias-5021,3,frozen_baseline,14,258.9110672857143,0.0014105410082265735,14,1.0,3624.754942,True,
LOCAL-v1-q3-fixed_negative_bias-5022,3,frozen_baseline,14,299.19625042857143,0.0015481249429285526,14,1.0,4188.747506,True,
LOCAL-v1-q3-fixed_negative_bias-5023,3,frozen_baseline,15,281.17320240000004,0.001576791051775217,15,1.0,4217.598036,True,
LOCAL-v1-q3-fixed_negative_bias-5024,3,frozen_baseline,13,338.24059030769234,0.0012495409464463592,13,1.0,4397.127674,True,
LOCAL-v1-q3-fixed_negative_bias-5025,3,frozen_baseline,12,338.50266708333334,0.0012725420529022813,12,1.0,4062.032005,True,
LOCAL-v1-q3-fixed_negative_bias-5026,3,frozen_baseline,15,295.32862766666665,0.0013792079407721758,15,1.0,4429.929415,True,
LOCAL-v1-q3-fixed_negative_bias-5027,3,frozen_baseline,11,293.3331332727273,0.0009550000540912151,11,1.0,3226.664466,True,
LOCAL-v1-q3-fixed_negative_bias-5028,3,frozen_baseline,10,352.9317322,0.0008960830746218562,10,1.0,3529.317322,True,
LOCAL-v1-q3-fixed_negative_bias-5029,3,frozen_baseline,11,321.4707310909091,0.0011214580154046416,11,1.0,3536.178042,True,
LOCAL-v1-q3-fixed_negative_bias-5030,3,frozen_baseline,12,321.3808720833333,0.0012714170152321458,12,1.0,3856.570465,True,
LOCAL-v1-q3-fixed_negative_bias-5031,3,frozen_baseline,15,248.1673228,0.001612124964594841,15,1.0,3722.509842,True,
LOCAL-v1-q3-fixed_negative_bias-5032,3,frozen_baseline,11,351.7219490909091,0.0010414159623906016,11,1.0,3868.94144,True,
LOCAL-v1-q3-fixed_negative_bias-5033,3,frozen_baseline,14,307.82952971428574,0.001578458002768457,14,1.0,4309.613416,True,
LOCAL-v1-q3-fixed_negative_bias-5034,3,frozen_baseline,16,251.3727963125,0.001635667053051293,16,1.0,4021.964741,True,
LOCAL-v1-q3-fixed_negative_bias-5035,3,frozen_baseline,10,382.8544075,0.0011303339852020144,10,1.0,3828.544075,True,
LOCAL-v1-q3-fixed_negative_bias-5036,3,frozen_baseline,15,230.3543872666667,0.0014936659717932343,15,1.0,3455.315809,True,
LOCAL-v1-q3-fixed_negative_bias-5037,3,frozen_baseline,15,295.40634746666666,0.0015856670215725899,15,1.0,4431.095212,True,
LOCAL-v1-q3-fixed_negative_bias-5038,3,frozen_baseline,16,279.1128689375,0.0015508340438827872,16,1.0,4465.805903,True,
LOCAL-v1-q3-fixed_negative_bias-5039,3,frozen_baseline,10,373.264804,0.0010900829220190644,10,1.0,3732.64804,True,
LOCAL-v1-q3-fixed_negative_bias-5040,3,frozen_baseline,15,283.798766,0.0015124999918043613,15,1.0,4256.98149,True,
LOCAL-v1-q3-fixed_negative_bias-5041,3,frozen_baseline,15,312.2686608,0.0014746669912710786,15,1.0,4684.029912,True,
LOCAL-v1-q3-fixed_negative_bias-5042,3,frozen_baseline,11,303.240289,0.0010455420706421137,11,1.0,3335.643179,True,
LOCAL-v1-q3-fixed_negative_bias-5043,3,frozen_baseline,12,310.67270708333336,0.0012782500125467777,12,1.0,3728.072485,True,
LOCAL-v1-q3-fixed_negative_bias-5044,3,frozen_baseline,11,358.5183513636364,0.001225540996529162,11,1.0,3943.701865,True,
LOCAL-v1-q3-fixed_negative_bias-5045,3,frozen_baseline,11,328.1019389090909,0.0010956668993458152,11,1.0,3609.121328,True,
LOCAL-v1-q3-fixed_negative_bias-5046,3,frozen_baseline,10,373.5291857,0.0011967089958488941,10,1.0,3735.291857,True,
LOCAL-v1-q3-fixed_negative_bias-5047,3,frozen_baseline,16,252.352992875,0.0015819580294191837,16,1.0,4037.647886,True,
LOCAL-v1-q3-fixed_negative_bias-5048,3,frozen_baseline,12,299.53353450000003,0.0012770419707521796,12,1.0,3594.402414,True,
LOCAL-v1-q3-fixed_negative_bias-5049,3,frozen_baseline,10,350.7130009,0.0010984999826177955,10,1.0,3507.130009,True,
LOCAL-v1-q3-fixed_negative_bias-5050,3,frozen_baseline,15,270.2879016666667,0.0013666249578818679,15,1.0,4054.318525,True,
LOCAL-v1-q3-fixed_negative_bias-5051,3,frozen_baseline,11,297.8244070909091,0.0010997080244123936,11,1.0,3276.068478,True,
LOCAL-v1-q3-fixed_negative_bias-5052,3,frozen_baseline,13,329.9618616153846,0.001317041926085949,13,1.0,4289.504201,True,
LOCAL-v1-q3-fixed_negative_bias-5053,3,frozen_baseline,16,251.9465948125,0.0014151249779388309,16,1.0,4031.145517,True,
LOCAL-v1-q3-fixed_negative_bias-5054,3,frozen_baseline,16,275.4986738125,0.001560040982440114,16,1.0,4407.978781,True,
LOCAL-v1-q3-fixed_negative_bias-5055,3,frozen_baseline,12,315.9091270833333,0.001136208069510758,12,1.0,3790.909525,True,
LOCAL-v1-q3-fixed_negative_bias-5056,3,frozen_baseline,13,293.6704889230769,0.001286833081394434,13,1.0,3817.716356,True,
LOCAL-v1-q3-fixed_negative_bias-5057,3,frozen_baseline,13,305.98078123076925,0.00115220807492733,13,1.0,3977.750156,True,
LOCAL-v1-q3-fixed_negative_bias-5058,3,frozen_baseline,14,247.81161807142857,0.0012730000307783484,14,1.0,3469.362653,True,
LOCAL-v1-q3-fixed_negative_bias-5059,3,frozen_baseline,12,306.485024,0.0014094170182943344,12,1.0,3677.820288,True,
LOCAL-v1-q3-fixed_negative_bias-5060,3,frozen_baseline,11,343.3682222727273,0.0012732920004054904,11,1.0,3777.050445,True,
LOCAL-v1-q3-fixed_negative_bias-5061,3,frozen_baseline,13,260.8792966153846,0.001211125054396689,13,1.0,3391.430856,True,
LOCAL-v1-q3-fixed_negative_bias-5062,3,frozen_baseline,16,271.7888455625,0.0014490409521386027,16,1.0,4348.621529,True,
LOCAL-v1-q3-fixed_negative_bias-5063,3,frozen_baseline,15,285.1932338,0.0015796249499544501,15,1.0,4277.898507,True,
LOCAL-v1-q3-fixed_negative_bias-5064,3,frozen_baseline,13,291.01493230769233,0.0013080829521641135,13,1.0,3783.19412,True,
LOCAL-v1-q3-fixed_negative_bias-5065,3,frozen_baseline,12,317.50016966666664,0.0013017080491408706,12,1.0,3810.002036,True,
LOCAL-v1-q3-fixed_negative_bias-5066,3,frozen_baseline,10,387.6687328,0.0010453329887241125,10,1.0,3876.687328,True,
LOCAL-v1-q3-fixed_negative_bias-5067,3,frozen_baseline,16,250.6982210625,0.0015582090709358454,16,1.0,4011.171537,True,
LOCAL-v1-q3-fixed_negative_bias-5068,3,frozen_baseline,13,284.49398784615386,0.0012356250081211329,13,1.0,3698.421842,True,
LOCAL-v1-q3-fixed_negative_bias-5069,3,frozen_baseline,14,289.70786264285715,0.0014826670521870255,14,1.0,4055.910077,True,
LOCAL-v1-q3-fixed_negative_bias-5070,3,frozen_baseline,12,317.3956934166667,0.001322499942034483,12,1.0,3808.748321,True,
LOCAL-v1-q3-fixed_negative_bias-5071,3,frozen_baseline,12,311.21472783333337,0.0012584159849211574,12,1.0,3734.576734,True,
LOCAL-v1-q3-fixed_negative_bias-5072,3,frozen_baseline,15,263.37354853333335,0.001522500067949295,15,1.0,3950.603228,True,
LOCAL-v1-q3-fixed_negative_bias-5073,3,frozen_baseline,10,356.3166314,0.0010906669776886702,10,1.0,3563.166314,True,
LOCAL-v1-q3-fixed_negative_bias-5074,3,frozen_baseline,16,269.7649535,0.0016428329981863499,16,1.0,4316.239256,True,
LOCAL-v1-q3-fixed_negative_bias-5075,3,frozen_baseline,15,268.8015066,0.001524958061054349,15,1.0,4032.022599,True,
LOCAL-v1-q3-fixed_negative_bias-5076,3,frozen_baseline,12,309.293434,0.0013281659921631217,12,1.0,3711.521208,True,
LOCAL-v1-q3-fixed_negative_bias-5077,3,frozen_baseline,14,294.70428207142857,0.001375042018480599,14,1.0,4125.859949,True,
LOCAL-v1-q3-fixed_negative_bias-5078,3,frozen_baseline,13,268.72489415384615,0.0012140830513089895,13,1.0,3493.423624,True,
LOCAL-v1-q3-fixed_negative_bias-5079,3,frozen_baseline,10,367.7934146,0.0010384171037003398,10,1.0,3677.934146,True,
LOCAL-v1-q3-fixed_negative_bias-5080,3,frozen_baseline,10,340.8564841,0.0009503749897703528,10,1.0,3408.564841,True,
LOCAL-v1-q3-fixed_negative_bias-5081,3,frozen_baseline,16,258.53884675,0.0014806250110268593,16,1.0,4136.621548,True,
LOCAL-v1-q3-fixed_negative_bias-5082,3,frozen_baseline,13,302.70599969230767,0.0013123750686645508,13,1.0,3935.177996,True,
LOCAL-v1-q3-fixed_negative_bias-5083,3,frozen_baseline,13,300.89327307692304,0.001288541010580957,13,1.0,3911.61255,True,
LOCAL-v1-q3-fixed_negative_bias-5084,3,frozen_baseline,14,285.67493035714284,0.0015283330576494336,14,1.0,3999.449025,True,
LOCAL-v1-q3-fixed_negative_bias-5085,3,frozen_baseline,15,308.80822406666664,0.001564792008139193,15,1.0,4632.123361,True,
LOCAL-v1-q3-fixed_negative_bias-5086,3,frozen_baseline,12,297.0295570833333,0.0012006249744445086,12,1.0,3564.354685,True,
LOCAL-v1-q3-fixed_negative_bias-5087,3,frozen_baseline,13,301.0630013076923,0.0014021249953657389,13,1.0,3913.819017,True,
LOCAL-v1-q3-fixed_negative_bias-5088,3,frozen_baseline,16,223.089099625,0.001601667026989162,16,1.0,3569.425594,True,
LOCAL-v1-q3-fixed_negative_bias-5089,3,frozen_baseline,15,286.36758126666666,0.0016872920095920563,15,1.0,4295.513719,True,
LOCAL-v1-q3-fixed_negative_bias-5090,3,frozen_baseline,14,285.1919285,0.0015683749224990606,14,1.0,3992.686999,True,
LOCAL-v1-q3-fixed_negative_bias-5091,3,frozen_baseline,12,306.42051299999997,0.0011007499415427446,12,1.0,3677.046156,True,
LOCAL-v1-q3-fixed_negative_bias-5092,3,frozen_baseline,11,322.7126215454545,0.0012765000574290752,11,1.0,3549.838837,True,
LOCAL-v1-q3-fixed_negative_bias-5093,3,frozen_baseline,15,270.1160124,0.001417041989043355,15,1.0,4051.740186,True,
LOCAL-v1-q3-fixed_negative_bias-5094,3,frozen_baseline,11,341.62880590909094,0.0011693750275298953,11,1.0,3757.916865,True,
LOCAL-v1-q3-fixed_negative_bias-5095,3,frozen_baseline,10,326.5582461,0.001211125054396689,10,1.0,3265.582461,True,
LOCAL-v1-q3-fixed_negative_bias-5096,3,frozen_baseline,14,329.33833150000004,0.001572042005136609,14,1.0,4610.736641,True,
LOCAL-v1-q3-fixed_negative_bias-5097,3,frozen_baseline,13,270.3814693076923,0.0011531250784173608,13,1.0,3514.959101,True,
LOCAL-v1-q3-fixed_negative_bias-5098,3,frozen_baseline,16,252.3221956875,0.001608958002179861,16,1.0,4037.155131,True,
LOCAL-v1-q3-fixed_negative_bias-5099,3,frozen_baseline,13,304.93349753846155,0.0012355420039966702,13,1.0,3964.135468,True,
LOCAL-v1-q3-smooth_shared_field-5000,3,frozen_baseline,11,307.78704827272725,0.0010977080091834068,11,1.0,3385.657531,True,
LOCAL-v1-q3-smooth_shared_field-5001,3,frozen_baseline,14,269.83561,0.0014336660970002413,14,1.0,3777.69854,True,
LOCAL-v1-q3-smooth_shared_field-5002,3,frozen_baseline,15,272.54923726666664,0.0013554159086197615,15,1.0,4088.238559,True,
LOCAL-v1-q3-smooth_shared_field-5003,3,frozen_baseline,11,316.6576480909091,0.001122834044508636,11,1.0,3483.234129,True,
LOCAL-v1-q3-smooth_shared_field-5004,3,frozen_baseline,12,336.4757445833333,0.001135458005592227,12,1.0,4037.708935,True,
LOCAL-v1-q3-smooth_shared_field-5005,3,frozen_baseline,11,364.7102000909091,0.001111124991439283,11,1.0,4011.812201,True,
LOCAL-v1-q3-smooth_shared_field-5006,3,frozen_baseline,11,345.7009119090909,0.0011283749481663108,11,1.0,3802.710031,True,
LOCAL-v1-q3-smooth_shared_field-5007,3,frozen_baseline,11,343.89199718181817,0.0010238749673590064,11,1.0,3782.811969,True,
LOCAL-v1-q3-smooth_shared_field-5008,3,frozen_baseline,10,334.042576,0.0010299170389771461,10,1.0,3340.42576,True,
LOCAL-v1-q3-smooth_shared_field-5009,3,frozen_baseline,14,282.65353250000004,0.0012765830615535378,14,1.0,3957.149455,True,
LOCAL-v1-q3-smooth_shared_field-5010,3,frozen_baseline,12,331.29278066666666,0.0010832090629264712,12,1.0,3975.513368,True,
LOCAL-v1-q3-smooth_shared_field-5011,3,frozen_baseline,15,301.4898404,0.0014174169627949595,15,1.0,4522.347606,True,
LOCAL-v1-q3-smooth_shared_field-5012,3,frozen_baseline,10,356.2148795,0.0009244580287486315,10,1.0,3562.148795,True,
LOCAL-v1-q3-smooth_shared_field-5013,3,frozen_baseline,12,292.1658274166667,0.001217333017848432,12,1.0,3505.989929,True,
LOCAL-v1-q3-smooth_shared_field-5014,3,frozen_baseline,11,338.24272454545456,0.0010994999902322888,11,1.0,3720.66997,True,
LOCAL-v1-q3-smooth_shared_field-5015,3,frozen_baseline,12,294.8166355,0.001194083015434444,12,1.0,3537.799626,True,
LOCAL-v1-q3-smooth_shared_field-5016,3,frozen_baseline,16,275.454802875,0.0014690420357510448,16,1.0,4407.276846,True,
LOCAL-v1-q3-smooth_shared_field-5017,3,frozen_baseline,15,274.2973206666667,0.0014019159134477377,15,1.0,4114.45981,True,
LOCAL-v1-q3-smooth_shared_field-5018,3,frozen_baseline,10,357.2820757,0.0009688750142231584,10,1.0,3572.820757,True,
LOCAL-v1-q3-smooth_shared_field-5019,3,frozen_baseline,11,353.61411363636364,0.0011719160247594118,11,1.0,3889.75525,True,
LOCAL-v1-q3-smooth_shared_field-5020,3,frozen_baseline,16,269.9891521875,0.0015131250256672502,16,1.0,4319.826435,True,
LOCAL-v1-q3-smooth_shared_field-5021,3,frozen_baseline,14,259.981179,0.0013777909334748983,14,1.0,3639.736506,True,
LOCAL-v1-q3-smooth_shared_field-5022,3,frozen_baseline,14,292.6924022857143,0.0012866250472143292,14,1.0,4097.693632,True,
LOCAL-v1-q3-smooth_shared_field-5023,3,frozen_baseline,15,267.772007,0.0014154160162433982,15,1.0,4016.580105,True,
LOCAL-v1-q3-smooth_shared_field-5024,3,frozen_baseline,13,337.3469812307692,0.0011617919662967324,13,1.0,4385.510756,True,
LOCAL-v1-q3-smooth_shared_field-5025,3,frozen_baseline,12,319.782467,0.0011357920011505485,12,1.0,3837.389604,True,
LOCAL-v1-q3-smooth_shared_field-5026,3,frozen_baseline,15,290.2554002,0.0013892919523641467,15,1.0,4353.831003,True,
LOCAL-v1-q3-smooth_shared_field-5027,3,frozen_baseline,11,296.8024076363636,0.0010420409962534904,11,1.0,3264.826484,True,
LOCAL-v1-q3-smooth_shared_field-5028,3,frozen_baseline,10,350.0232417,0.000869459006935358,10,1.0,3500.232417,True,
LOCAL-v1-q3-smooth_shared_field-5029,3,frozen_baseline,11,298.43219145454543,0.0009463749593123794,11,1.0,3282.754106,True,
LOCAL-v1-q3-smooth_shared_field-5030,3,frozen_baseline,12,307.44256808333336,0.001121707959100604,12,1.0,3689.310817,True,
LOCAL-v1-q3-smooth_shared_field-5031,3,frozen_baseline,15,243.94811153333333,0.0014392919838428497,15,1.0,3659.221673,True,
LOCAL-v1-q3-smooth_shared_field-5032,3,frozen_baseline,11,350.1863459090909,0.0010556669440120459,11,1.0,3852.049805,True,
LOCAL-v1-q3-smooth_shared_field-5033,3,frozen_baseline,14,306.9503512142857,0.0013928749831393361,14,1.0,4297.304917,True,
LOCAL-v1-q3-smooth_shared_field-5034,3,frozen_baseline,16,254.4102991875,0.0015403340803459287,16,1.0,4070.564787,True,
LOCAL-v1-q3-smooth_shared_field-5035,3,frozen_baseline,10,387.28090940000004,0.0010242500575259328,10,1.0,3872.809094,True,
LOCAL-v1-q3-smooth_shared_field-5036,3,frozen_baseline,15,233.0236758,0.0013250000774860382,15,1.0,3495.355137,True,
LOCAL-v1-q3-smooth_shared_field-5037,3,frozen_baseline,15,287.1695269333333,0.0014248749939724803,15,1.0,4307.542904,True,
LOCAL-v1-q3-smooth_shared_field-5038,3,frozen_baseline,16,251.27944525,0.0014479579403996468,16,1.0,4020.471124,True,
LOCAL-v1-q3-smooth_shared_field-5039,3,frozen_baseline,10,371.1652619,0.0010409579845145345,10,1.0,3711.652619,True,
LOCAL-v1-q3-smooth_shared_field-5040,3,frozen_baseline,15,275.6498479333333,0.001425083028152585,15,1.0,4134.747719,True,
LOCAL-v1-q3-smooth_shared_field-5041,3,frozen_baseline,15,307.7362589333333,0.00125345797277987,15,1.0,4616.043884,True,
LOCAL-v1-q3-smooth_shared_field-5042,3,frozen_baseline,11,318.56218145454545,0.0010365420021116734,11,1.0,3504.183996,True,
LOCAL-v1-q3-smooth_shared_field-5043,3,frozen_baseline,12,329.7412951666667,0.001186041976325214,12,1.0,3956.895542,True,
LOCAL-v1-q3-smooth_shared_field-5044,3,frozen_baseline,11,345.76279018181816,0.001118415966629982,11,1.0,3803.390692,True,
LOCAL-v1-q3-smooth_shared_field-5045,3,frozen_baseline,11,334.02623936363636,0.0011726249940693378,11,1.0,3674.288633,True,
LOCAL-v1-q3-smooth_shared_field-5046,3,frozen_baseline,10,370.71754599999997,0.0011801669606938958,10,1.0,3707.17546,True,
LOCAL-v1-q3-smooth_shared_field-5047,3,frozen_baseline,16,248.18435375,0.0015523340553045273,16,1.0,3970.94966,True,
LOCAL-v1-q3-smooth_shared_field-5048,3,frozen_baseline,12,297.746684,0.0011205000337213278,12,1.0,3572.960208,True,
LOCAL-v1-q3-smooth_shared_field-5049,3,frozen_baseline,10,336.6616107,0.0010071670403704047,10,1.0,3366.616107,True,
LOCAL-v1-q3-smooth_shared_field-5050,3,frozen_baseline,15,282.2087934666667,0.0013368749059736729,15,1.0,4233.131902,True,
LOCAL-v1-q3-smooth_shared_field-5051,3,frozen_baseline,11,297.1335450909091,0.0010470410343259573,11,1.0,3268.468996,True,
LOCAL-v1-q3-smooth_shared_field-5052,3,frozen_baseline,13,304.4458117692308,0.0011875000782310963,13,1.0,3957.795553,True,
LOCAL-v1-q3-smooth_shared_field-5053,3,frozen_baseline,16,260.0127774375,0.001485459040850401,16,1.0,4160.204439,True,
LOCAL-v1-q3-smooth_shared_field-5054,3,frozen_baseline,16,270.03283225,0.0014041248941794038,16,1.0,4320.525316,True,
LOCAL-v1-q3-smooth_shared_field-5055,3,frozen_baseline,12,323.64960966666666,0.0011689170496538281,12,1.0,3883.795316,True,
LOCAL-v1-q3-smooth_shared_field-5056,3,frozen_baseline,13,281.4935939230769,0.0011464999988675117,13,1.0,3659.416721,True,
LOCAL-v1-q3-smooth_shared_field-5057,3,frozen_baseline,13,302.93631700000003,0.0011547079775482416,13,1.0,3938.172121,True,
LOCAL-v1-q3-smooth_shared_field-5058,3,frozen_baseline,14,245.9540875,0.0012743329862132668,14,1.0,3443.357225,True,
LOCAL-v1-q3-smooth_shared_field-5059,3,frozen_baseline,12,334.42280525,0.0012725830310955644,12,1.0,4013.073663,True,
LOCAL-v1-q3-smooth_shared_field-5060,3,frozen_baseline,11,339.36047845454544,0.0011257909936830401,11,1.0,3732.965263,True,
LOCAL-v1-q3-smooth_shared_field-5061,3,frozen_baseline,13,263.6418813846154,0.001236459007486701,13,1.0,3427.344458,True,
LOCAL-v1-q3-smooth_shared_field-5062,3,frozen_baseline,16,269.8550554375,0.001444916008040309,16,1.0,4317.680887,True,
LOCAL-v1-q3-smooth_shared_field-5063,3,frozen_baseline,15,281.87992786666666,0.0014701250474900007,15,1.0,4228.198918,True,
LOCAL-v1-q3-smooth_shared_field-5064,3,frozen_baseline,13,313.41884323076926,0.0011865830747410655,13,1.0,4074.444962,True,
LOCAL-v1-q3-smooth_shared_field-5065,3,frozen_baseline,12,316.8194869166667,0.001174334087409079,12,1.0,3801.833843,True,
LOCAL-v1-q3-smooth_shared_field-5066,3,frozen_baseline,10,388.98694650000004,0.0010247079189866781,10,1.0,3889.869465,True,
LOCAL-v1-q3-smooth_shared_field-5067,3,frozen_baseline,16,259.825928,0.0015558330342173576,16,1.0,4157.214848,True,
LOCAL-v1-q3-smooth_shared_field-5068,3,frozen_baseline,13,282.3327137692308,0.0011718329042196274,13,1.0,3670.325279,True,
LOCAL-v1-q3-smooth_shared_field-5069,3,frozen_baseline,14,290.7970747857143,0.0014857909409329295,14,1.0,4071.159047,True,
LOCAL-v1-q3-smooth_shared_field-5070,3,frozen_baseline,12,329.17901524999996,0.001335499924607575,12,1.0,3950.148183,True,
LOCAL-v1-q3-smooth_shared_field-5071,3,frozen_baseline,12,308.34032241666665,0.0011784590315073729,12,1.0,3700.083869,True,
LOCAL-v1-q3-smooth_shared_field-5072,3,frozen_baseline,15,263.1792782,0.0013761670561507344,15,1.0,3947.689173,True,
LOCAL-v1-q3-smooth_shared_field-5073,3,frozen_baseline,10,354.8160803,0.001056542037986219,10,1.0,3548.160803,True,
LOCAL-v1-q3-smooth_shared_field-5074,3,frozen_baseline,16,249.184794625,0.0014472909970209002,16,1.0,3986.956714,True,
LOCAL-v1-q3-smooth_shared_field-5075,3,frozen_baseline,15,270.2031786,0.0014896249631419778,15,1.0,4053.047679,True,
LOCAL-v1-q3-smooth_shared_field-5076,3,frozen_baseline,12,309.33931925,0.0012366250157356262,12,1.0,3712.071831,True,
LOCAL-v1-q3-smooth_shared_field-5077,3,frozen_baseline,14,297.9235165714286,0.001384416944347322,14,1.0,4170.929232,True,
LOCAL-v1-q3-smooth_shared_field-5078,3,frozen_baseline,13,270.8225135384615,0.0012579170288518071,13,1.0,3520.692676,True,
LOCAL-v1-q3-smooth_shared_field-5079,3,frozen_baseline,10,371.2509055,0.0010679999832063913,10,1.0,3712.509055,True,
LOCAL-v1-q3-smooth_shared_field-5080,3,frozen_baseline,10,340.2417972,0.0009742499096319079,10,1.0,3402.417972,True,
LOCAL-v1-q3-smooth_shared_field-5081,3,frozen_baseline,16,255.6817505625,0.001471041003242135,16,1.0,4090.908009,True,
LOCAL-v1-q3-smooth_shared_field-5082,3,frozen_baseline,13,308.2578161538462,0.0011812499724328518,13,1.0,4007.35161,True,
LOCAL-v1-q3-smooth_shared_field-5083,3,frozen_baseline,13,309.2363563076923,0.0013853749260306358,13,1.0,4020.072632,True,
LOCAL-v1-q3-smooth_shared_field-5084,3,frozen_baseline,14,304.72414478571426,0.001437708968296647,14,1.0,4266.138027,True,
LOCAL-v1-q3-smooth_shared_field-5085,3,frozen_baseline,15,310.96646913333336,0.0014847080456092954,15,1.0,4664.497037,True,
LOCAL-v1-q3-smooth_shared_field-5086,3,frozen_baseline,12,306.027273,0.0011928750900551677,12,1.0,3672.327276,True,
LOCAL-v1-q3-smooth_shared_field-5087,3,frozen_baseline,13,301.0283222307692,0.0014268329832702875,13,1.0,3913.368189,True,
LOCAL-v1-q3-smooth_shared_field-5088,3,frozen_baseline,16,218.611081,0.001552834059111774,16,1.0,3497.777296,True,
LOCAL-v1-q3-smooth_shared_field-5089,3,frozen_baseline,15,286.5362447333334,0.0016571249580010772,15,1.0,4298.043671,True,
LOCAL-v1-q3-smooth_shared_field-5090,3,frozen_baseline,14,278.161269,0.0015867500333115458,14,1.0,3894.257766,True,
LOCAL-v1-q3-smooth_shared_field-5091,3,frozen_baseline,12,306.53245975,0.0011513750068843365,12,1.0,3678.389517,True,
LOCAL-v1-q3-smooth_shared_field-5092,3,frozen_baseline,11,328.2956816363636,0.0013302919687703252,11,1.0,3611.252498,True,
LOCAL-v1-q3-smooth_shared_field-5093,3,frozen_baseline,15,263.6159444,0.0013831669930368662,15,1.0,3954.239166,True,
LOCAL-v1-q3-smooth_shared_field-5094,3,frozen_baseline,11,335.61814636363636,0.0010788330109789968,11,1.0,3691.79961,True,
LOCAL-v1-q3-smooth_shared_field-5095,3,frozen_baseline,10,326.59105450000004,0.0011142910225316882,10,1.0,3265.910545,True,
LOCAL-v1-q3-smooth_shared_field-5096,3,frozen_baseline,14,310.73258864285714,0.0012787500163540244,14,1.0,4350.256241,True,
LOCAL-v1-q3-smooth_shared_field-5097,3,frozen_baseline,13,269.20869846153846,0.0011125419987365603,13,1.0,3499.71308,True,
LOCAL-v1-q3-smooth_shared_field-5098,3,frozen_baseline,16,255.915696875,0.0016448339447379112,16,1.0,4094.65115,True,
LOCAL-v1-q3-smooth_shared_field-5099,3,frozen_baseline,13,305.02362253846155,0.0012582080671563745,13,1.0,3965.307093,True,
LOCAL-v1-q3-cell50_shared_field-5000,3,frozen_baseline,11,298.36938436363636,0.0011753329308703542,11,1.0,3282.063228,True,
LOCAL-v1-q3-cell50_shared_field-5001,3,frozen_baseline,14,271.2325697142857,0.0015178329776972532,14,1.0,3797.255976,True,
LOCAL-v1-q3-cell50_shared_field-5002,3,frozen_baseline,15,253.28510713333333,0.0014852499589323997,15,1.0,3799.276607,True,
LOCAL-v1-q3-cell50_shared_field-5003,3,frozen_baseline,11,326.11738963636367,0.0011570421047508717,11,1.0,3587.291286,True,
LOCAL-v1-q3-cell50_shared_field-5004,3,frozen_baseline,12,330.09366358333335,0.0011613330570980906,12,1.0,3961.123963,True,
LOCAL-v1-q3-cell50_shared_field-5005,3,frozen_baseline,11,325.35488563636363,0.0011519590625539422,11,1.0,3578.903742,True,
LOCAL-v1-q3-cell50_shared_field-5006,3,frozen_baseline,11,338.8248244545455,0.0011353750014677644,11,1.0,3727.073069,True,
LOCAL-v1-q3-cell50_shared_field-5007,3,frozen_baseline,11,339.0080939090909,0.0010430410038679838,11,1.0,3729.089033,True,
LOCAL-v1-q3-cell50_shared_field-5008,3,frozen_baseline,10,348.39802249999997,0.001163374981842935,10,1.0,3483.980225,True,
LOCAL-v1-q3-cell50_shared_field-5009,3,frozen_baseline,14,287.4902102142857,0.0013090000720694661,14,1.0,4024.862943,True,
LOCAL-v1-q3-cell50_shared_field-5010,3,frozen_baseline,12,329.5571821666667,0.0012376250233501196,12,1.0,3954.686186,True,
LOCAL-v1-q3-cell50_shared_field-5011,3,frozen_baseline,15,283.04561946666666,0.0015382500132545829,15,1.0,4245.684292,True,
LOCAL-v1-q3-cell50_shared_field-5012,3,frozen_baseline,10,355.7560413,0.0010246250312775373,10,1.0,3557.560413,True,
LOCAL-v1-q3-cell50_shared_field-5013,3,frozen_baseline,12,296.26149525,0.0012139580212533474,12,1.0,3555.137943,True,
LOCAL-v1-q3-cell50_shared_field-5014,3,frozen_baseline,11,334.71441336363637,0.0011643340112641454,11,1.0,3681.858547,True,
LOCAL-v1-q3-cell50_shared_field-5015,3,frozen_baseline,12,344.85270741666665,0.0011815830366685987,12,1.0,4138.232489,True,
LOCAL-v1-q3-cell50_shared_field-5016,3,frozen_baseline,16,258.237636,0.0016058749752119184,16,1.0,4131.802176,True,
LOCAL-v1-q3-cell50_shared_field-5017,3,frozen_baseline,15,255.28504926666668,0.0013572080060839653,15,1.0,3829.275739,True,
LOCAL-v1-q3-cell50_shared_field-5018,3,frozen_baseline,10,357.26311150000004,0.000983125064522028,10,1.0,3572.631115,True,
LOCAL-v1-q3-cell50_shared_field-5019,3,frozen_baseline,11,345.4908312727273,0.001258083968423307,11,1.0,3800.399144,True,
LOCAL-v1-q3-cell50_shared_field-5020,3,frozen_baseline,16,265.7170591875,0.001489125075750053,16,1.0,4251.472947,True,
LOCAL-v1-q3-cell50_shared_field-5021,3,frozen_baseline,14,253.77988835714285,0.0012888750061392784,14,1.0,3552.918437,True,
LOCAL-v1-q3-cell50_shared_field-5022,3,frozen_baseline,14,282.7809624285714,0.0012950839009135962,14,1.0,3958.933474,True,
LOCAL-v1-q3-cell50_shared_field-5023,3,frozen_baseline,15,271.4711958,0.0013101249933242798,15,1.0,4072.067937,True,
LOCAL-v1-q3-cell50_shared_field-5024,3,frozen_baseline,13,347.47822761538464,0.0012324999552220106,13,1.0,4517.216959,True,
LOCAL-v1-q3-cell50_shared_field-5025,3,frozen_baseline,12,313.75078191666665,0.001158999977633357,12,1.0,3765.009383,True,
LOCAL-v1-q3-cell50_shared_field-5026,3,frozen_baseline,15,285.7652616666667,0.001408332958817482,15,1.0,4286.478925,True,
LOCAL-v1-q3-cell50_shared_field-5027,3,frozen_baseline,11,297.3170787272727,0.001082667033188045,11,1.0,3270.487866,True,
LOCAL-v1-q3-cell50_shared_field-5028,3,frozen_baseline,10,352.6073377,0.0009072499815374613,10,1.0,3526.073377,True,
LOCAL-v1-q3-cell50_shared_field-5029,3,frozen_baseline,11,324.10750818181816,0.001041417010128498,11,1.0,3565.18259,True,
LOCAL-v1-q3-cell50_shared_field-5030,3,frozen_baseline,12,318.92251516666664,0.0011397919151932001,12,1.0,3827.070182,True,
LOCAL-v1-q3-cell50_shared_field-5031,3,frozen_baseline,15,291.39767546666667,0.0014005829580128193,15,1.0,4370.965132,True,
LOCAL-v1-q3-cell50_shared_field-5032,3,frozen_baseline,11,350.84046245454545,0.00103554199449718,11,1.0,3859.245087,True,
LOCAL-v1-q3-cell50_shared_field-5033,3,frozen_baseline,14,285.4623106428572,0.0013911660062149167,14,1.0,3996.472349,True,
LOCAL-v1-q3-cell50_shared_field-5034,3,frozen_baseline,16,263.8931980625,0.001780542079359293,16,1.0,4222.291169,True,
LOCAL-v1-q3-cell50_shared_field-5035,3,frozen_baseline,10,382.2838421,0.0010162090184167027,10,1.0,3822.838421,True,
LOCAL-v1-q3-cell50_shared_field-5036,3,frozen_baseline,15,228.14955206666667,0.001386042102240026,15,1.0,3422.243281,True,
LOCAL-v1-q3-cell50_shared_field-5037,3,frozen_baseline,15,288.8945074,0.0014851249288767576,15,1.0,4333.417611,True,
LOCAL-v1-q3-cell50_shared_field-5038,3,frozen_baseline,16,251.67739175,0.0014450419694185257,16,1.0,4026.838268,True,
LOCAL-v1-q3-cell50_shared_field-5039,3,frozen_baseline,10,362.80484889999997,0.0010233339853584766,10,1.0,3628.048489,True,
LOCAL-v1-q3-cell50_shared_field-5040,3,frozen_baseline,15,280.48287246666666,0.0014333749422803521,15,1.0,4207.243087,True,
LOCAL-v1-q3-cell50_shared_field-5041,3,frozen_baseline,15,297.74390926666666,0.0012923330068588257,15,1.0,4466.158639,True,
LOCAL-v1-q3-cell50_shared_field-5042,3,frozen_baseline,11,317.96104,0.0010670420015230775,11,1.0,3497.57144,True,
LOCAL-v1-q3-cell50_shared_field-5043,3,frozen_baseline,12,329.0854483333333,0.0013116670306771994,12,1.0,3949.02538,True,
LOCAL-v1-q3-cell50_shared_field-5044,3,frozen_baseline,11,348.4366601818182,0.001192708034068346,11,1.0,3832.803262,True,
LOCAL-v1-q3-cell50_shared_field-5045,3,frozen_baseline,11,314.5567510909091,0.0010578340152278543,11,1.0,3460.124262,True,
LOCAL-v1-q3-cell50_shared_field-5046,3,frozen_baseline,10,367.87566860000004,0.0010876670712605119,10,1.0,3678.756686,True,
LOCAL-v1-q3-cell50_shared_field-5047,3,frozen_baseline,16,251.6686890625,0.0015475000254809856,16,1.0,4026.699025,True,
LOCAL-v1-q3-cell50_shared_field-5048,3,frozen_baseline,12,296.5783608333333,0.0011560419807210565,12,1.0,3558.94033,True,
LOCAL-v1-q3-cell50_shared_field-5049,3,frozen_baseline,10,326.11556989999997,0.0010399160673841834,10,1.0,3261.155699,True,
LOCAL-v1-q3-cell50_shared_field-5050,3,frozen_baseline,15,290.297465,0.0015193329891189933,15,1.0,4354.461975,True,
LOCAL-v1-q3-cell50_shared_field-5051,3,frozen_baseline,11,296.92102836363637,0.0010552500607445836,11,1.0,3266.131312,True,
LOCAL-v1-q3-cell50_shared_field-5052,3,frozen_baseline,13,310.51423553846155,0.0013368339277803898,13,1.0,4036.685062,True,
LOCAL-v1-q3-cell50_shared_field-5053,3,frozen_baseline,16,254.97305925,0.001386375050060451,16,1.0,4079.568948,True,
LOCAL-v1-q3-cell50_shared_field-5054,3,frozen_baseline,16,278.642961125,0.0015572920674458146,16,1.0,4458.287378,True,
LOCAL-v1-q3-cell50_shared_field-5055,3,frozen_baseline,12,324.28826641666666,0.0012303339317440987,12,1.0,3891.459197,True,
LOCAL-v1-q3-cell50_shared_field-5056,3,frozen_baseline,13,278.63861623076923,0.001170082949101925,13,1.0,3622.302011,True,
LOCAL-v1-q3-cell50_shared_field-5057,3,frozen_baseline,13,306.89177584615385,0.001227332977578044,13,1.0,3989.593086,True,
LOCAL-v1-q3-cell50_shared_field-5058,3,frozen_baseline,14,268.27268664285714,0.0012860409915447235,14,1.0,3755.817613,True,
LOCAL-v1-q3-cell50_shared_field-5059,3,frozen_baseline,12,295.52984183333336,0.0011717090383172035,12,1.0,3546.358102,True,
LOCAL-v1-q3-cell50_shared_field-5060,3,frozen_baseline,11,340.9226951818182,0.0010858330642804503,11,1.0,3750.149647,True,
LOCAL-v1-q3-cell50_shared_field-5061,3,frozen_baseline,13,253.53546546153848,0.00113062490709126,13,1.0,3295.961051,True,
LOCAL-v1-q3-cell50_shared_field-5062,3,frozen_baseline,16,266.909432375,0.0014125000452622771,16,1.0,4270.550918,True,
LOCAL-v1-q3-cell50_shared_field-5063,3,frozen_baseline,15,278.6333706666667,0.0013136669294908643,15,1.0,4179.50056,True,
LOCAL-v1-q3-cell50_shared_field-5064,3,frozen_baseline,13,312.0757066153846,0.0011591670336201787,13,1.0,4056.984186,True,
LOCAL-v1-q3-cell50_shared_field-5065,3,frozen_baseline,12,321.828557,0.0013228749157860875,12,1.0,3861.942684,True,
LOCAL-v1-q3-cell50_shared_field-5066,3,frozen_baseline,10,382.6929175,0.0009486670605838299,10,1.0,3826.929175,True,
LOCAL-v1-q3-cell50_shared_field-5067,3,frozen_baseline,16,267.345909125,0.0016517090843990445,16,1.0,4277.534546,True,
LOCAL-v1-q3-cell50_shared_field-5068,3,frozen_baseline,13,276.7203042307692,0.0012092080432921648,13,1.0,3597.363955,True,
LOCAL-v1-q3-cell50_shared_field-5069,3,frozen_baseline,14,307.4522548571428,0.0016296670073643327,14,1.0,4304.331568,True,
LOCAL-v1-q3-cell50_shared_field-5070,3,frozen_baseline,12,323.26758758333335,0.0012503329198807478,12,1.0,3879.211051,True,
LOCAL-v1-q3-cell50_shared_field-5071,3,frozen_baseline,12,314.22612625,0.0011925409780815244,12,1.0,3770.713515,True,
LOCAL-v1-q3-cell50_shared_field-5072,3,frozen_baseline,15,287.21085553333336,0.001341833034530282,15,1.0,4308.162833,True,
LOCAL-v1-q3-cell50_shared_field-5073,3,frozen_baseline,10,369.5619316,0.0010781249729916453,10,1.0,3695.619316,True,
LOCAL-v1-q3-cell50_shared_field-5074,3,frozen_baseline,16,248.7028955625,0.001524958061054349,16,1.0,3979.246329,True,
LOCAL-v1-q3-cell50_shared_field-5075,3,frozen_baseline,15,268.5647441333333,0.001482625026255846,15,1.0,4028.471162,True,
LOCAL-v1-q3-cell50_shared_field-5076,3,frozen_baseline,12,296.90032091666666,0.0013448749668896198,12,1.0,3562.803851,True,
LOCAL-v1-q3-cell50_shared_field-5077,3,frozen_baseline,14,318.8244065,0.001390333054587245,14,1.0,4463.541691,True,
LOCAL-v1-q3-cell50_shared_field-5078,3,frozen_baseline,13,270.6235216923077,0.001205208944156766,13,1.0,3518.105782,True,
LOCAL-v1-q3-cell50_shared_field-5079,3,frozen_baseline,10,329.2094143,0.0012112499680370092,10,1.0,3292.094143,True,
LOCAL-v1-q3-cell50_shared_field-5080,3,frozen_baseline,10,333.2837171,0.0009490830125287175,10,1.0,3332.837171,True,
LOCAL-v1-q3-cell50_shared_field-5081,3,frozen_baseline,16,256.205755875,0.0013419999741017818,16,1.0,4099.292094,True,
LOCAL-v1-q3-cell50_shared_field-5082,3,frozen_baseline,13,297.01932630769227,0.001213249983265996,13,1.0,3861.251242,True,
LOCAL-v1-q3-cell50_shared_field-5083,3,frozen_baseline,13,313.75437976923075,0.0013694999506697059,13,1.0,4078.806937,True,
LOCAL-v1-q3-cell50_shared_field-5084,3,frozen_baseline,14,319.39957357142856,0.0013560829684138298,14,1.0,4471.59403,True,
LOCAL-v1-q3-cell50_shared_field-5085,3,frozen_baseline,15,301.75275193333334,0.0014294999418780208,15,1.0,4526.291279,True,
LOCAL-v1-q3-cell50_shared_field-5086,3,frozen_baseline,12,296.28988,0.001120291999541223,12,1.0,3555.47856,True,
LOCAL-v1-q3-cell50_shared_field-5087,3,frozen_baseline,13,285.29685407692307,0.0012507500359788537,13,1.0,3708.859103,True,
LOCAL-v1-q3-cell50_shared_field-5088,3,frozen_baseline,16,220.6481136875,0.0015387909952551126,16,1.0,3530.369819,True,
LOCAL-v1-q3-cell50_shared_field-5089,3,frozen_baseline,15,310.7493512,0.0015316250501200557,15,1.0,4661.240268,True,
LOCAL-v1-q3-cell50_shared_field-5090,3,frozen_baseline,14,287.0276317857143,0.0016229170141741633,14,1.0,4018.386845,True,
LOCAL-v1-q3-cell50_shared_field-5091,3,frozen_baseline,12,299.53763166666664,0.0011709589743986726,12,1.0,3594.45158,True,
LOCAL-v1-q3-cell50_shared_field-5092,3,frozen_baseline,11,304.11210772727276,0.0010985839180648327,11,1.0,3345.233185,True,
LOCAL-v1-q3-cell50_shared_field-5093,3,frozen_baseline,15,265.4635116,0.0014443749096244574,15,1.0,3981.952674,True,
LOCAL-v1-q3-cell50_shared_field-5094,3,frozen_baseline,11,343.321434,0.0011578749399632215,11,1.0,3776.535774,True,
LOCAL-v1-q3-cell50_shared_field-5095,3,frozen_baseline,10,324.5903157,0.0011917080264538527,10,1.0,3245.903157,True,
LOCAL-v1-q3-cell50_shared_field-5096,3,frozen_baseline,14,317.743328,0.0012785420985892415,14,1.0,4448.406592,True,
LOCAL-v1-q3-cell50_shared_field-5097,3,frozen_baseline,13,269.4126916923077,0.0011436659842729568,13,1.0,3502.364992,True,
LOCAL-v1-q3-cell50_shared_field-5098,3,frozen_baseline,16,249.8779655,0.0014545000158250332,16,1.0,3998.047448,True,
LOCAL-v1-q3-cell50_shared_field-5099,3,frozen_baseline,13,304.2191285384616,0.0011797499610111117,13,1.0,3954.848671,True,
LOCAL-v1-q3-cell500_shared_field-5000,3,frozen_baseline,11,316.61626609090905,0.0011157910339534283,11,1.0,3482.778927,True,
LOCAL-v1-q3-cell500_shared_field-5001,3,frozen_baseline,14,269.7933572857143,0.0014156249817460775,14,1.0,3777.107002,True,
LOCAL-v1-q3-cell500_shared_field-5002,3,frozen_baseline,15,273.5053620666667,0.0013988330028951168,15,1.0,4102.580431,True,
LOCAL-v1-q3-cell500_shared_field-5003,3,frozen_baseline,11,322.4569901818182,0.0010987919522449374,11,1.0,3547.026892,True,
LOCAL-v1-q3-cell500_shared_field-5004,3,frozen_baseline,12,328.77921258333333,0.0011606670450419188,12,1.0,3945.350551,True,
LOCAL-v1-q3-cell500_shared_field-5005,3,frozen_baseline,11,330.51634345454545,0.0011138749541714787,11,1.0,3635.679778,True,
LOCAL-v1-q3-cell500_shared_field-5006,3,frozen_baseline,11,343.02458854545455,0.0010668749455362558,11,1.0,3773.270474,True,
LOCAL-v1-q3-cell500_shared_field-5007,3,frozen_baseline,11,341.7434209090909,0.0010247910395264626,11,1.0,3759.17763,True,
LOCAL-v1-q3-cell500_shared_field-5008,3,frozen_baseline,10,344.1213621,0.001063374918885529,10,1.0,3441.213621,True,
LOCAL-v1-q3-cell500_shared_field-5009,3,frozen_baseline,14,282.98245657142854,0.0013332500820979476,14,1.0,3961.754392,True,
LOCAL-v1-q3-cell500_shared_field-5010,3,frozen_baseline,12,322.3275546666667,0.0011226660571992397,12,1.0,3867.930656,True,
LOCAL-v1-q3-cell500_shared_field-5011,3,frozen_baseline,15,305.6592702666667,0.0013916250318288803,15,1.0,4584.889054,True,
LOCAL-v1-q3-cell500_shared_field-5012,3,frozen_baseline,10,353.8056523,0.0009083750192075968,10,1.0,3538.056523,True,
LOCAL-v1-q3-cell500_shared_field-5013,3,frozen_baseline,12,299.1783145,0.001263833953998983,12,1.0,3590.139774,True,
LOCAL-v1-q3-cell500_shared_field-5014,3,frozen_baseline,11,337.68271263636365,0.0011392909800633788,11,1.0,3714.509839,True,
LOCAL-v1-q3-cell500_shared_field-5015,3,frozen_baseline,12,301.10399575,0.001204166910611093,12,1.0,3613.247949,True,
LOCAL-v1-q3-cell500_shared_field-5016,3,frozen_baseline,16,256.903664875,0.0015514999395236373,16,1.0,4110.458638,True,
LOCAL-v1-q3-cell500_shared_field-5017,3,frozen_baseline,15,259.39803259999996,0.0013463340001180768,15,1.0,3890.970489,True,
LOCAL-v1-q3-cell500_shared_field-5018,3,frozen_baseline,10,357.0899127,0.0009919999865815043,10,1.0,3570.899127,True,
LOCAL-v1-q3-cell500_shared_field-5019,3,frozen_baseline,11,345.1001866363636,0.0010972090531140566,11,1.0,3796.102053,True,
LOCAL-v1-q3-cell500_shared_field-5020,3,frozen_baseline,16,269.036267125,0.0015385840088129044,16,1.0,4304.580274,True,
LOCAL-v1-q3-cell500_shared_field-5021,3,frozen_baseline,14,256.53237014285713,0.0012998749734833837,14,1.0,3591.453182,True,
LOCAL-v1-q3-cell500_shared_field-5022,3,frozen_baseline,14,271.96821892857145,0.0012609169352799654,14,1.0,3807.555065,True,
LOCAL-v1-q3-cell500_shared_field-5023,3,frozen_baseline,15,269.5890880666667,0.001358125009573996,15,1.0,4043.836321,True,
LOCAL-v1-q3-cell500_shared_field-5024,3,frozen_baseline,13,345.7390000769231,0.001223083003424108,13,1.0,4494.607001,True,
LOCAL-v1-q3-cell500_shared_field-5025,3,frozen_baseline,12,316.21661766666665,0.0011918750824406743,12,1.0,3794.599412,True,
LOCAL-v1-q3-cell500_shared_field-5026,3,frozen_baseline,15,289.8392752666667,0.001397875021211803,15,1.0,4347.589129,True,
LOCAL-v1-q3-cell500_shared_field-5027,3,frozen_baseline,11,294.4752469090909,0.0010584580013528466,11,1.0,3239.227716,True,
LOCAL-v1-q3-cell500_shared_field-5028,3,frozen_baseline,10,349.13764000000003,0.0008517500245943666,10,1.0,3491.3764,True,
LOCAL-v1-q3-cell500_shared_field-5029,3,frozen_baseline,11,296.9575082727273,0.0009326250292360783,11,1.0,3266.532591,True,
LOCAL-v1-q3-cell500_shared_field-5030,3,frozen_baseline,12,312.09811125,0.0011250419775024056,12,1.0,3745.177335,True,
LOCAL-v1-q3-cell500_shared_field-5031,3,frozen_baseline,15,276.9061418666667,0.001333917025476694,15,1.0,4153.592128,True,
LOCAL-v1-q3-cell500_shared_field-5032,3,frozen_baseline,11,349.2139949090909,0.0010864170035347342,11,1.0,3841.353944,True,
LOCAL-v1-q3-cell500_shared_field-5033,3,frozen_baseline,14,284.58027185714286,0.001375459018163383,14,1.0,3984.123806,True,
LOCAL-v1-q3-cell500_shared_field-5034,3,frozen_baseline,16,250.2126965,0.0017220420995727181,16,1.0,4003.403144,True,
LOCAL-v1-q3-cell500_shared_field-5035,3,frozen_baseline,10,397.3530511,0.0010712920920923352,10,1.0,3973.530511,True,
LOCAL-v1-q3-cell500_shared_field-5036,3,frozen_baseline,15,227.99638586666666,0.0013616250362247229,15,1.0,3419.945788,True,
LOCAL-v1-q3-cell500_shared_field-5037,3,frozen_baseline,15,280.61482713333334,0.0014919170644134283,15,1.0,4209.222407,True,
LOCAL-v1-q3-cell500_shared_field-5038,3,frozen_baseline,16,281.486513125,0.0016029999824240804,16,1.0,4503.78421,True,
LOCAL-v1-q3-cell500_shared_field-5039,3,frozen_baseline,10,363.5188579,0.0009950000094249845,10,1.0,3635.188579,True,
LOCAL-v1-q3-cell500_shared_field-5040,3,frozen_baseline,15,271.5556009333333,0.001328249927610159,15,1.0,4073.334014,True,
LOCAL-v1-q3-cell500_shared_field-5041,3,frozen_baseline,15,296.6652890666667,0.0012600000482052565,15,1.0,4449.979336,True,
LOCAL-v1-q3-cell500_shared_field-5042,3,frozen_baseline,11,315.3238837272727,0.0009940839372575283,11,1.0,3468.562721,True,
LOCAL-v1-q3-cell500_shared_field-5043,3,frozen_baseline,12,328.80436791666665,0.0012629160191863775,12,1.0,3945.652415,True,
LOCAL-v1-q3-cell500_shared_field-5044,3,frozen_baseline,11,356.1091037272727,0.0011997499968856573,11,1.0,3917.200141,True,
LOCAL-v1-q3-cell500_shared_field-5045,3,frozen_baseline,11,312.2698442727273,0.0010417499579489231,11,1.0,3434.968287,True,
LOCAL-v1-q3-cell500_shared_field-5046,3,frozen_baseline,10,369.5887555,0.0011594579555094242,10,1.0,3695.887555,True,
LOCAL-v1-q3-cell500_shared_field-5047,3,frozen_baseline,16,251.4735885625,0.0014938749372959137,16,1.0,4023.577417,True,
LOCAL-v1-q3-cell500_shared_field-5048,3,frozen_baseline,12,298.9069366666667,0.0011799170169979334,12,1.0,3586.88324,True,
LOCAL-v1-q3-cell500_shared_field-5049,3,frozen_baseline,10,315.08839090000004,0.000953375012613833,10,1.0,3150.883909,True,
LOCAL-v1-q3-cell500_shared_field-5050,3,frozen_baseline,15,290.30435113333334,0.0014740829356014729,15,1.0,4354.565267,True,
LOCAL-v1-q3-cell500_shared_field-5051,3,frozen_baseline,11,298.12313927272726,0.0010275000240653753,11,1.0,3279.354532,True,
LOCAL-v1-q3-cell500_shared_field-5052,3,frozen_baseline,13,304.8139676923077,0.0011675419518724084,13,1.0,3962.58158,True,
LOCAL-v1-q3-cell500_shared_field-5053,3,frozen_baseline,16,255.0888904375,0.0014535830123350024,16,1.0,4081.422247,True,
LOCAL-v1-q3-cell500_shared_field-5054,3,frozen_baseline,16,271.3230320625,0.0013780839508399367,16,1.0,4341.168513,True,
LOCAL-v1-q3-cell500_shared_field-5055,3,frozen_baseline,12,324.05347075000003,0.001260792021639645,12,1.0,3888.641649,True,
LOCAL-v1-q3-cell500_shared_field-5056,3,frozen_baseline,13,282.8794404615385,0.0011789159616455436,13,1.0,3677.432726,True,
LOCAL-v1-q3-cell500_shared_field-5057,3,frozen_baseline,13,307.98711492307694,0.0012159999459981918,13,1.0,4003.832494,True,
LOCAL-v1-q3-cell500_shared_field-5058,3,frozen_baseline,14,264.97465764285715,0.0012320419773459435,14,1.0,3709.645207,True,
LOCAL-v1-q3-cell500_shared_field-5059,3,frozen_baseline,12,325.09958716666665,0.0012283331016078591,12,1.0,3901.195046,True,
LOCAL-v1-q3-cell500_shared_field-5060,3,frozen_baseline,11,336.042823,0.001127874944359064,11,1.0,3696.471053,True,
LOCAL-v1-q3-cell500_shared_field-5061,3,frozen_baseline,13,252.0712646923077,0.0010700420243665576,13,1.0,3276.926441,True,
LOCAL-v1-q3-cell500_shared_field-5062,3,frozen_baseline,16,267.2827444375,0.0014786249957978725,16,1.0,4276.523911,True,
LOCAL-v1-q3-cell500_shared_field-5063,3,frozen_baseline,15,279.0072065333333,0.0013255839003250003,15,1.0,4185.108098,True,
LOCAL-v1-q3-cell500_shared_field-5064,3,frozen_baseline,13,290.56843915384616,0.0011720829643309116,13,1.0,3777.389709,True,
LOCAL-v1-q3-cell500_shared_field-5065,3,frozen_baseline,12,322.31151958333334,0.0012910000514239073,12,1.0,3867.738235,True,
LOCAL-v1-q3-cell500_shared_field-5066,3,frozen_baseline,10,380.9023827,0.0009472079109400511,10,1.0,3809.023827,True,
LOCAL-v1-q3-cell500_shared_field-5067,3,frozen_baseline,16,256.92311625,0.0014545000158250332,16,1.0,4110.76986,True,
LOCAL-v1-q3-cell500_shared_field-5068,3,frozen_baseline,13,276.9824813076923,0.0012418330879881978,13,1.0,3600.772257,True,
LOCAL-v1-q3-cell500_shared_field-5069,3,frozen_baseline,14,297.34344578571427,0.0015047909691929817,14,1.0,4162.808241,True,
LOCAL-v1-q3-cell500_shared_field-5070,3,frozen_baseline,12,325.7261144166667,0.0013245830778032541,12,1.0,3908.713373,True,
LOCAL-v1-q3-cell500_shared_field-5071,3,frozen_baseline,12,314.29764258333336,0.0012467080960050225,12,1.0,3771.571711,True,
LOCAL-v1-q3-cell500_shared_field-5072,3,frozen_baseline,15,265.173994,0.0015961669851094484,15,1.0,3977.60991,True,
LOCAL-v1-q3-cell500_shared_field-5073,3,frozen_baseline,10,369.4211159,0.0010510000865906477,10,1.0,3694.211159,True,
LOCAL-v1-q3-cell500_shared_field-5074,3,frozen_baseline,16,245.7793864375,0.0015541668981313705,16,1.0,3932.470183,True,
LOCAL-v1-q3-cell500_shared_field-5075,3,frozen_baseline,15,268.9762372,0.00136674998793751,15,1.0,4034.643558,True,
LOCAL-v1-q3-cell500_shared_field-5076,3,frozen_baseline,12,292.5663621666667,0.0013432499254122376,12,1.0,3510.796346,True,
LOCAL-v1-q3-cell500_shared_field-5077,3,frozen_baseline,14,314.9400787857143,0.0013875419972464442,14,1.0,4409.161103,True,
LOCAL-v1-q3-cell500_shared_field-5078,3,frozen_baseline,13,269.991195,0.00128454202786088,13,1.0,3509.885535,True,
LOCAL-v1-q3-cell500_shared_field-5079,3,frozen_baseline,10,323.3558664,0.001115166931413114,10,1.0,3233.558664,True,
LOCAL-v1-q3-cell500_shared_field-5080,3,frozen_baseline,10,341.0494338,0.0010601250687614083,10,1.0,3410.494338,True,
LOCAL-v1-q3-cell500_shared_field-5081,3,frozen_baseline,16,257.17001525,0.0014540840638801455,16,1.0,4114.720244,True,
LOCAL-v1-q3-cell500_shared_field-5082,3,frozen_baseline,13,305.03179061538464,0.001211749971844256,13,1.0,3965.413278,True,
LOCAL-v1-q3-cell500_shared_field-5083,3,frozen_baseline,13,321.98168923076923,0.0013121250085532665,13,1.0,4185.76196,True,
LOCAL-v1-q3-cell500_shared_field-5084,3,frozen_baseline,14,304.71826400000003,0.0013170840684324503,14,1.0,4266.055696,True,
LOCAL-v1-q3-cell500_shared_field-5085,3,frozen_baseline,15,292.1528522,0.001372791943140328,15,1.0,4382.292783,True,
LOCAL-v1-q3-cell500_shared_field-5086,3,frozen_baseline,12,297.0460384166667,0.0011671249521896243,12,1.0,3564.552461,True,
LOCAL-v1-q3-cell500_shared_field-5087,3,frozen_baseline,13,293.3980166153846,0.001359958085231483,13,1.0,3814.174216,True,
LOCAL-v1-q3-cell500_shared_field-5088,3,frozen_baseline,16,219.51712575,0.0015171250561252236,16,1.0,3512.274012,True,
LOCAL-v1-q3-cell500_shared_field-5089,3,frozen_baseline,15,308.7056915333333,0.001505000051110983,15,1.0,4630.585373,True,
LOCAL-v1-q3-cell500_shared_field-5090,3,frozen_baseline,14,281.59878535714284,0.0015978339361026883,14,1.0,3942.382995,True,
LOCAL-v1-q3-cell500_shared_field-5091,3,frozen_baseline,12,307.47911633333337,0.0011609590146690607,12,1.0,3689.749396,True,
LOCAL-v1-q3-cell500_shared_field-5092,3,frozen_baseline,11,309.0719012727273,0.0011069579049944878,11,1.0,3399.790914,True,
LOCAL-v1-q3-cell500_shared_field-5093,3,frozen_baseline,15,263.4618442,0.0013293330557644367,15,1.0,3951.927663,True,
LOCAL-v1-q3-cell500_shared_field-5094,3,frozen_baseline,11,341.103515,0.0010882089845836163,11,1.0,3752.138665,True,
LOCAL-v1-q3-cell500_shared_field-5095,3,frozen_baseline,10,319.1802479,0.001151749980635941,10,1.0,3191.802479,True,
LOCAL-v1-q3-cell500_shared_field-5096,3,frozen_baseline,14,316.3444709285714,0.0013657079543918371,14,1.0,4428.822593,True,
LOCAL-v1-q3-cell500_shared_field-5097,3,frozen_baseline,13,265.32474915384614,0.001067750039510429,13,1.0,3449.221739,True,
LOCAL-v1-q3-cell500_shared_field-5098,3,frozen_baseline,16,250.176693,0.0015513329999521375,16,1.0,4002.827088,True,
LOCAL-v1-q3-cell500_shared_field-5099,3,frozen_baseline,13,306.7007273846154,0.0012680840445682406,13,1.0,3987.109456,True,
LOCAL-v1-q3-edge_mixed_min_radius-5000,3,frozen_baseline,11,339.99104518181815,0.0009464999893680215,11,1.0,3739.901497,True,
LOCAL-v1-q3-edge_mixed_min_radius-5001,3,frozen_baseline,14,295.44019614285713,0.0012472079833969474,14,1.0,4136.162746,True,
LOCAL-v1-q3-edge_mixed_min_radius-5002,3,frozen_baseline,15,301.0251404,0.001315833069384098,15,1.0,4515.377106,True,
LOCAL-v1-q3-edge_mixed_min_radius-5003,3,frozen_baseline,11,346.23542236363636,0.0009990419493988156,11,1.0,3808.589646,True,
LOCAL-v1-q3-edge_mixed_min_radius-5004,3,frozen_baseline,12,316.0949738333333,0.0010069579584524035,12,1.0,3793.139686,True,
LOCAL-v1-q3-edge_mixed_min_radius-5005,3,frozen_baseline,11,390.56766227272726,0.0009876249823719263,11,1.0,4296.244285,True,
LOCAL-v1-q3-edge_mixed_min_radius-5006,3,frozen_baseline,11,321.72702681818186,0.0008980840211734176,11,1.0,3538.997295,True,
LOCAL-v1-q3-edge_mixed_min_radius-5007,3,frozen_baseline,11,317.78303327272727,0.000983875012025237,11,1.0,3495.613366,True,
LOCAL-v1-q3-edge_mixed_min_radius-5008,3,frozen_baseline,10,444.8031927,0.0009769999887794256,10,1.0,4448.031927,True,
LOCAL-v1-q3-edge_mixed_min_radius-5009,3,frozen_baseline,14,266.0104939285714,0.001187457935884595,14,1.0,3724.146915,True,
LOCAL-v1-q3-edge_mixed_min_radius-5010,3,frozen_baseline,12,352.9040875,0.0009862079750746489,12,1.0,4234.84905,True,
LOCAL-v1-q3-edge_mixed_min_radius-5011,3,frozen_baseline,15,328.63879579999997,0.0013029170222580433,15,1.0,4929.581937,True,
LOCAL-v1-q3-edge_mixed_min_radius-5012,3,frozen_baseline,10,337.425682,0.0009695000480860472,10,1.0,3374.25682,True,
LOCAL-v1-q3-edge_mixed_min_radius-5013,3,frozen_baseline,12,341.77809391666665,0.001083750044927001,12,1.0,4101.337127,True,
LOCAL-v1-q3-edge_mixed_min_radius-5014,3,frozen_baseline,11,392.399948,0.0010852920822799206,11,1.0,4316.399428,True,
LOCAL-v1-q3-edge_mixed_min_radius-5015,3,frozen_baseline,12,312.7297275,0.0009793330682441592,12,1.0,3752.75673,True,
LOCAL-v1-q3-edge_mixed_min_radius-5016,3,frozen_baseline,16,242.4451745625,0.0013212920166552067,16,1.0,3879.122793,True,
LOCAL-v1-q3-edge_mixed_min_radius-5017,3,frozen_baseline,15,299.6787578,0.00130025006365031,15,1.0,4495.181367,True,
LOCAL-v1-q3-edge_mixed_min_radius-5018,3,frozen_baseline,10,374.3014657,0.0009637919720262289,10,1.0,3743.014657,True,
LOCAL-v1-q3-edge_mixed_min_radius-5019,3,frozen_baseline,11,313.88239672727275,0.0008664170745760202,11,1.0,3452.706364,True,
LOCAL-v1-q3-edge_mixed_min_radius-5020,3,frozen_baseline,16,255.9806079375,0.0012428329791873693,16,1.0,4095.689727,True,
LOCAL-v1-q3-edge_mixed_min_radius-5021,3,frozen_baseline,14,291.3500066428572,0.001248417072929442,14,1.0,4078.900093,True,
LOCAL-v1-q3-edge_mixed_min_radius-5022,3,frozen_baseline,14,267.17348400000003,0.0011454590130597353,14,1.0,3740.428776,True,
LOCAL-v1-q3-edge_mixed_min_radius-5023,3,frozen_baseline,15,304.35871126666666,0.0014355420134961605,15,1.0,4565.380669,True,
LOCAL-v1-q3-edge_mixed_min_radius-5024,3,frozen_baseline,13,303.8509579230769,0.0011691669933497906,13,1.0,3950.062453,True,
LOCAL-v1-q3-edge_mixed_min_radius-5025,3,frozen_baseline,12,346.64113875,0.0010954579338431358,12,1.0,4159.693665,True,
LOCAL-v1-q3-edge_mixed_min_radius-5026,3,frozen_baseline,15,268.3920202,0.0011870419839397073,15,1.0,4025.880303,True,
LOCAL-v1-q3-edge_mixed_min_radius-5027,3,frozen_baseline,11,378.8762802727273,0.0009685000404715538,11,1.0,4167.639083,True,
LOCAL-v1-q3-edge_mixed_min_radius-5028,3,frozen_baseline,10,359.888802,0.0008939590770751238,10,1.0,3598.88802,True,
LOCAL-v1-q3-edge_mixed_min_radius-5029,3,frozen_baseline,11,338.29444954545454,0.0009900419972836971,11,1.0,3721.238945,True,
LOCAL-v1-q3-edge_mixed_min_radius-5030,3,frozen_baseline,12,306.2120604166667,0.000971833011135459,12,1.0,3674.544725,True,
LOCAL-v1-q3-edge_mixed_min_radius-5031,3,frozen_baseline,15,303.0651003333333,0.001277665956877172,15,1.0,4545.976505,True,
LOCAL-v1-q3-edge_mixed_min_radius-5032,3,frozen_baseline,11,318.47432736363635,0.0009230000432580709,11,1.0,3503.217601,True,
LOCAL-v1-q3-edge_mixed_min_radius-5033,3,frozen_baseline,14,307.3807038571428,0.0011819589417427778,14,1.0,4303.329854,True,
LOCAL-v1-q3-edge_mixed_min_radius-5034,3,frozen_baseline,16,275.463067625,0.001332916901446879,16,1.0,4407.409082,True,
LOCAL-v1-q3-edge_mixed_min_radius-5035,3,frozen_baseline,10,348.71499819999997,0.0008995829848572612,10,1.0,3487.149982,True,
LOCAL-v1-q3-edge_mixed_min_radius-5036,3,frozen_baseline,15,302.74371866666667,0.0012487920466810465,15,1.0,4541.15578,True,
LOCAL-v1-q3-edge_mixed_min_radius-5037,3,frozen_baseline,15,281.1176072,0.0012791670160368085,15,1.0,4216.764108,True,
LOCAL-v1-q3-edge_mixed_min_radius-5038,3,frozen_baseline,16,300.149111875,0.0014038330409675837,16,1.0,4802.38579,True,
LOCAL-v1-q3-edge_mixed_min_radius-5039,3,frozen_baseline,10,425.1214952,0.0009535000426694751,10,1.0,4251.214952,True,
LOCAL-v1-q3-edge_mixed_min_radius-5040,3,frozen_baseline,15,261.05152913333336,0.0013100840151309967,15,1.0,3915.772937,True,
LOCAL-v1-q3-edge_mixed_min_radius-5041,3,frozen_baseline,15,260.58166926666667,0.001232834067195654,15,1.0,3908.725039,True,
LOCAL-v1-q3-edge_mixed_min_radius-5042,3,frozen_baseline,11,341.1807236363636,0.0011371669825166464,11,1.0,3752.98796,True,
LOCAL-v1-q3-edge_mixed_min_radius-5043,3,frozen_baseline,12,327.48567833333334,0.0010262499563395977,12,1.0,3929.82814,True,
LOCAL-v1-q3-edge_mixed_min_radius-5044,3,frozen_baseline,11,366.0811809090909,0.0009798750979825854,11,1.0,4026.89299,True,
LOCAL-v1-q3-edge_mixed_min_radius-5045,3,frozen_baseline,11,357.3082601818182,0.0010124159744009376,11,1.0,3930.390862,True,
LOCAL-v1-q3-edge_mixed_min_radius-5046,3,frozen_baseline,10,335.3074548,0.0009295409545302391,10,1.0,3353.074548,True,
LOCAL-v1-q3-edge_mixed_min_radius-5047,3,frozen_baseline,16,335.2628636875,0.0013421670300886035,16,1.0,5364.205819,True,
LOCAL-v1-q3-edge_mixed_min_radius-5048,3,frozen_baseline,12,308.43381841666667,0.0010549590224400163,12,1.0,3701.205821,True,
LOCAL-v1-q3-edge_mixed_min_radius-5049,3,frozen_baseline,10,364.3165892,0.0009370000334456563,10,1.0,3643.165892,True,
LOCAL-v1-q3-edge_mixed_min_radius-5050,3,frozen_baseline,15,269.30552819999997,0.0012825829908251762,15,1.0,4039.582923,True,
LOCAL-v1-q3-edge_mixed_min_radius-5051,3,frozen_baseline,11,406.64855600000004,0.0010181250981986523,11,1.0,4473.134116,True,
LOCAL-v1-q3-edge_mixed_min_radius-5052,3,frozen_baseline,13,285.74130938461536,0.001144499983638525,13,1.0,3714.637022,True,
LOCAL-v1-q3-edge_mixed_min_radius-5053,3,frozen_baseline,16,269.9598995625,0.001334875007160008,16,1.0,4319.358393,True,
LOCAL-v1-q3-edge_mixed_min_radius-5054,3,frozen_baseline,16,251.0221104375,0.0012567080557346344,16,1.0,4016.353767,True,
LOCAL-v1-q3-edge_mixed_min_radius-5055,3,frozen_baseline,12,284.3749235833333,0.0010977920610457659,12,1.0,3412.499083,True,
LOCAL-v1-q3-edge_mixed_min_radius-5056,3,frozen_baseline,13,285.69666361538464,0.0011302499333396554,13,1.0,3714.056627,True,
LOCAL-v1-q3-edge_mixed_min_radius-5057,3,frozen_baseline,13,343.73417569230764,0.0011752500431612134,13,1.0,4468.544284,True,
LOCAL-v1-q3-edge_mixed_min_radius-5058,3,frozen_baseline,14,294.2286537857143,0.0011586250038817525,14,1.0,4119.201153,True,
LOCAL-v1-q3-edge_mixed_min_radius-5059,3,frozen_baseline,12,387.45026608333336,0.0010849579703062773,12,1.0,4649.403193,True,
LOCAL-v1-q3-edge_mixed_min_radius-5060,3,frozen_baseline,11,325.5998394545455,0.0009838329860940576,11,1.0,3581.598234,True,
LOCAL-v1-q3-edge_mixed_min_radius-5061,3,frozen_baseline,13,301.0372066153846,0.001056583016179502,13,1.0,3913.483686,True,
LOCAL-v1-q3-edge_mixed_min_radius-5062,3,frozen_baseline,16,270.5007946875,0.0012894580140709877,16,1.0,4328.012715,True,
LOCAL-v1-q3-edge_mixed_min_radius-5063,3,frozen_baseline,15,324.03253980000005,0.0012652080040425062,15,1.0,4860.488097,True,
LOCAL-v1-q3-edge_mixed_min_radius-5064,3,frozen_baseline,13,350.76063307692306,0.001126458984799683,13,1.0,4559.88823,True,
LOCAL-v1-q3-edge_mixed_min_radius-5065,3,frozen_baseline,12,306.06603675,0.0010111660230904818,12,1.0,3672.792441,True,
LOCAL-v1-q3-edge_mixed_min_radius-5066,3,frozen_baseline,10,411.25853820000003,0.0009817909449338913,10,1.0,4112.585382,True,
LOCAL-v1-q3-edge_mixed_min_radius-5067,3,frozen_baseline,16,303.4158401875,0.0012902909656986594,16,1.0,4854.653443,True,
LOCAL-v1-q3-edge_mixed_min_radius-5068,3,frozen_baseline,13,307.38538261538463,0.001034499960951507,13,1.0,3996.009974,True,
LOCAL-v1-q3-edge_mixed_min_radius-5069,3,frozen_baseline,14,287.50264899999996,0.001186833018437028,14,1.0,4025.037086,True,
LOCAL-v1-q3-edge_mixed_min_radius-5070,3,frozen_baseline,12,332.06480875,0.0011045840801671147,12,1.0,3984.777705,True,
LOCAL-v1-q3-edge_mixed_min_radius-5071,3,frozen_baseline,12,341.2283713333333,0.001057000015862286,12,1.0,4094.740456,True,
LOCAL-v1-q3-edge_mixed_min_radius-5072,3,frozen_baseline,15,267.5926475333333,0.001294707995839417,15,1.0,4013.889713,True,
LOCAL-v1-q3-edge_mixed_min_radius-5073,3,frozen_baseline,10,334.73082519999997,0.000859249965287745,10,1.0,3347.308252,True,
LOCAL-v1-q3-edge_mixed_min_radius-5074,3,frozen_baseline,16,321.7621328125,0.0012745000422000885,16,1.0,5148.194125,True,
LOCAL-v1-q3-edge_mixed_min_radius-5075,3,frozen_baseline,15,259.26603886666663,0.0011253339471295476,15,1.0,3888.990583,True,
LOCAL-v1-q3-edge_mixed_min_radius-5076,3,frozen_baseline,12,324.0303134166667,0.0010802079923450947,12,1.0,3888.363761,True,
LOCAL-v1-q3-edge_mixed_min_radius-5077,3,frozen_baseline,14,293.17445349999997,0.0011719160247594118,14,1.0,4104.442349,True,
LOCAL-v1-q3-edge_mixed_min_radius-5078,3,frozen_baseline,13,292.5034756923077,0.0011639170115813613,13,1.0,3802.545184,True,
LOCAL-v1-q3-edge_mixed_min_radius-5079,3,frozen_baseline,10,383.7292167,0.0009529580129310489,10,1.0,3837.292167,True,
LOCAL-v1-q3-edge_mixed_min_radius-5080,3,frozen_baseline,10,355.9229257,0.0008818750502541661,10,1.0,3559.229257,True,
LOCAL-v1-q3-edge_mixed_min_radius-5081,3,frozen_baseline,16,288.7109273125,0.001364625059068203,16,1.0,4619.374837,True,
LOCAL-v1-q3-edge_mixed_min_radius-5082,3,frozen_baseline,13,315.454031,0.0010800000745803118,13,1.0,4100.902403,True,
LOCAL-v1-q3-edge_mixed_min_radius-5083,3,frozen_baseline,13,317.02968553846154,0.001184582943096757,13,1.0,4121.385912,True,
LOCAL-v1-q3-edge_mixed_min_radius-5084,3,frozen_baseline,14,281.7560805714286,0.001137249986641109,14,1.0,3944.585128,True,
LOCAL-v1-q3-edge_mixed_min_radius-5085,3,frozen_baseline,15,320.2433382,0.0012943330220878124,15,1.0,4803.650073,True,
LOCAL-v1-q3-edge_mixed_min_radius-5086,3,frozen_baseline,12,305.35154074999997,0.001123499940149486,12,1.0,3664.218489,True,
LOCAL-v1-q3-edge_mixed_min_radius-5087,3,frozen_baseline,13,359.17955653846155,0.0011125829769298434,13,1.0,4669.334235,True,
LOCAL-v1-q3-edge_mixed_min_radius-5088,3,frozen_baseline,16,264.52505175,0.0012615829473361373,16,1.0,4232.400828,True,
LOCAL-v1-q3-edge_mixed_min_radius-5089,3,frozen_baseline,15,287.5180124,0.0012199579505249858,15,1.0,4312.770186,True,
LOCAL-v1-q3-edge_mixed_min_radius-5090,3,frozen_baseline,14,282.65667185714284,0.0011538329999893904,14,1.0,3957.193406,True,
LOCAL-v1-q3-edge_mixed_min_radius-5091,3,frozen_baseline,12,316.48176166666667,0.0010813330300152302,12,1.0,3797.78114,True,
LOCAL-v1-q3-edge_mixed_min_radius-5092,3,frozen_baseline,11,330.66109363636366,0.0010915419552475214,11,1.0,3637.27203,True,
LOCAL-v1-q3-edge_mixed_min_radius-5093,3,frozen_baseline,15,285.5641437333333,0.0013497089967131615,15,1.0,4283.462156,True,
LOCAL-v1-q3-edge_mixed_min_radius-5094,3,frozen_baseline,11,341.548721,0.000996417016722262,11,1.0,3757.035931,True,
LOCAL-v1-q3-edge_mixed_min_radius-5095,3,frozen_baseline,10,359.9698653,0.0009579999605193734,10,1.0,3599.698653,True,
LOCAL-v1-q3-edge_mixed_min_radius-5096,3,frozen_baseline,14,283.6629417857143,0.0011957500828430057,14,1.0,3971.281185,True,
LOCAL-v1-q3-edge_mixed_min_radius-5097,3,frozen_baseline,13,273.6519505384615,0.001090249978005886,13,1.0,3557.475357,True,
LOCAL-v1-q3-edge_mixed_min_radius-5098,3,frozen_baseline,16,290.3915451875,0.0014229590306058526,16,1.0,4646.264723,True,
LOCAL-v1-q3-edge_mixed_min_radius-5099,3,frozen_baseline,13,284.5409074615385,0.0011174579849466681,13,1.0,3699.031797,True,
LOCAL-v1-q3-offcenter_cluster-5000,3,frozen_baseline,11,324.695116,0.0010604169219732285,11,1.0,3571.646276,True,
LOCAL-v1-q3-offcenter_cluster-5001,3,frozen_baseline,14,281.6218125,0.0011530830524861813,14,1.0,3942.705375,True,
LOCAL-v1-q3-offcenter_cluster-5002,3,frozen_baseline,15,217.5477302,0.0013697919202968478,15,1.0,3263.215953,True,
LOCAL-v1-q3-offcenter_cluster-5003,3,frozen_baseline,11,256.58574554545453,0.0011178749846294522,11,1.0,2822.443201,True,
LOCAL-v1-q3-offcenter_cluster-5004,3,frozen_baseline,12,266.1630886666667,0.0012173749273642898,12,1.0,3193.957064,True,
LOCAL-v1-q3-offcenter_cluster-5005,3,frozen_baseline,11,276.19069545454545,0.0011566251050680876,11,1.0,3038.09765,True,
LOCAL-v1-q3-offcenter_cluster-5006,3,frozen_baseline,11,333.7488536363636,0.0010402089683339,11,1.0,3671.23739,True,
LOCAL-v1-q3-offcenter_cluster-5007,3,frozen_baseline,11,272.1602959090909,0.0010415000142529607,11,1.0,2993.763255,True,
LOCAL-v1-q3-offcenter_cluster-5008,3,frozen_baseline,10,319.5155272,0.000952791073359549,10,1.0,3195.155272,True,
LOCAL-v1-q3-offcenter_cluster-5009,3,frozen_baseline,14,290.48929114285716,0.0013681669952347875,14,1.0,4066.850076,True,
LOCAL-v1-q3-offcenter_cluster-5010,3,frozen_baseline,12,275.01011124999997,0.0011795840691775084,12,1.0,3300.121335,True,
LOCAL-v1-q3-offcenter_cluster-5011,3,frozen_baseline,15,312.8980584,0.0011633329559117556,15,1.0,4693.470876,True,
LOCAL-v1-q3-offcenter_cluster-5012,3,frozen_baseline,10,321.1570724,0.0010579160880297422,10,1.0,3211.570724,True,
LOCAL-v1-q3-offcenter_cluster-5013,3,frozen_baseline,12,255.32010216666666,0.0011173330713063478,12,1.0,3063.841226,True,
LOCAL-v1-q3-offcenter_cluster-5014,3,frozen_baseline,11,285.1465764545455,0.0009347499581053853,11,1.0,3136.612341,True,
LOCAL-v1-q3-offcenter_cluster-5015,3,frozen_baseline,12,249.13680524999998,0.0011305410880595446,12,1.0,2989.641663,True,
LOCAL-v1-q3-offcenter_cluster-5016,3,frozen_baseline,16,178.743715,0.001551666995510459,16,1.0,2859.89944,True,
LOCAL-v1-q3-offcenter_cluster-5017,3,frozen_baseline,15,204.52214,0.0013852500123903155,15,1.0,3067.8321,True,
LOCAL-v1-q3-offcenter_cluster-5018,3,frozen_baseline,10,374.0512192,0.0010753750102594495,10,1.0,3740.512192,True,
LOCAL-v1-q3-offcenter_cluster-5019,3,frozen_baseline,11,287.05801918181817,0.001139082945883274,11,1.0,3157.638211,True,
LOCAL-v1-q3-offcenter_cluster-5020,3,frozen_baseline,16,128.22286125,0.0013717500260099769,16,1.0,2051.56578,True,
LOCAL-v1-q3-offcenter_cluster-5021,3,frozen_baseline,14,237.0281157142857,0.0014856250490993261,14,1.0,3318.39362,True,
LOCAL-v1-q3-offcenter_cluster-5022,3,frozen_baseline,14,263.4121709285714,0.0014520419063046575,14,1.0,3687.770393,True,
LOCAL-v1-q3-offcenter_cluster-5023,3,frozen_baseline,15,204.4906418,0.001191208022646606,15,1.0,3067.359627,True,
LOCAL-v1-q3-offcenter_cluster-5024,3,frozen_baseline,13,244.47289084615386,0.0013847920345142484,13,1.0,3178.147581,True,
LOCAL-v1-q3-offcenter_cluster-5025,3,frozen_baseline,12,257.1611070833333,0.0011220829328522086,12,1.0,3085.933285,True,
LOCAL-v1-q3-offcenter_cluster-5026,3,frozen_baseline,15,205.95484866666666,0.0013867920497432351,15,1.0,3089.32273,True,
LOCAL-v1-q3-offcenter_cluster-5027,3,frozen_baseline,11,286.51590363636365,0.0010251670610159636,11,1.0,3151.67494,True,
LOCAL-v1-q3-offcenter_cluster-5028,3,frozen_baseline,10,295.6986608,0.0009249589638784528,10,1.0,2956.986608,True,
LOCAL-v1-q3-offcenter_cluster-5029,3,frozen_baseline,11,268.7886562727273,0.0010950410505756736,11,1.0,2956.675219,True,
LOCAL-v1-q3-offcenter_cluster-5030,3,frozen_baseline,12,276.490654,0.001020791009068489,12,1.0,3317.887848,True,
LOCAL-v1-q3-offcenter_cluster-5031,3,frozen_baseline,15,273.39041453333334,0.0011892920592799783,15,1.0,4100.856218,True,
LOCAL-v1-q3-offcenter_cluster-5032,3,frozen_baseline,11,341.8079973636364,0.0012092500692233443,11,1.0,3759.887971,True,
LOCAL-v1-q3-offcenter_cluster-5033,3,frozen_baseline,14,255.96235342857145,0.0013607920845970511,14,1.0,3583.472948,True,
LOCAL-v1-q3-offcenter_cluster-5034,3,frozen_baseline,16,103.9333761875,0.0013390000676736236,16,1.0,1662.934019,True,
LOCAL-v1-q3-offcenter_cluster-5035,3,frozen_baseline,10,355.0922859,0.0009167499374598265,10,1.0,3550.922859,True,
LOCAL-v1-q3-offcenter_cluster-5036,3,frozen_baseline,15,218.24855153333334,0.0015604159561917186,15,1.0,3273.728273,True,
LOCAL-v1-q3-offcenter_cluster-5037,3,frozen_baseline,15,397.403392,0.0016945000970736146,15,1.0,5961.05088,True,
LOCAL-v1-q3-offcenter_cluster-5038,3,frozen_baseline,16,94.567154125,0.0013837090227752924,16,1.0,1513.074466,True,
LOCAL-v1-q3-offcenter_cluster-5039,3,frozen_baseline,10,340.8677712,0.0010882499627768993,10,1.0,3408.677712,True,
LOCAL-v1-q3-offcenter_cluster-5040,3,frozen_baseline,15,278.3169289333334,0.0013345410116016865,15,1.0,4174.753934,True,
LOCAL-v1-q3-offcenter_cluster-5041,3,frozen_baseline,15,252.98992826666665,0.001270958106033504,15,1.0,3794.848924,True,
LOCAL-v1-q3-offcenter_cluster-5042,3,frozen_baseline,11,266.45099627272725,0.0010930829448625445,11,1.0,2930.960959,True,
LOCAL-v1-q3-offcenter_cluster-5043,3,frozen_baseline,12,316.38915075,0.0011355830356478691,12,1.0,3796.669809,True,
LOCAL-v1-q3-offcenter_cluster-5044,3,frozen_baseline,11,365.36397327272726,0.0010550420265644789,11,1.0,4019.003706,True,
LOCAL-v1-q3-offcenter_cluster-5045,3,frozen_baseline,11,356.4138420909091,0.0008869169978424907,11,1.0,3920.552263,True,
LOCAL-v1-q3-offcenter_cluster-5046,3,frozen_baseline,10,320.7315425,0.000852332916110754,10,1.0,3207.315425,True,
LOCAL-v1-q3-offcenter_cluster-5047,3,frozen_baseline,16,148.119092375,0.0014212090754881501,16,1.0,2369.905478,True,
LOCAL-v1-q3-offcenter_cluster-5048,3,frozen_baseline,12,313.2861050833333,0.0009102090261876583,12,1.0,3759.433261,True,
LOCAL-v1-q3-offcenter_cluster-5049,3,frozen_baseline,10,303.4522182,0.0009541249601170421,10,1.0,3034.522182,True,
LOCAL-v1-q3-offcenter_cluster-5050,3,frozen_baseline,15,206.7358258666667,0.001240417012013495,15,1.0,3101.037388,True,
LOCAL-v1-q3-offcenter_cluster-5051,3,frozen_baseline,11,342.79969063636366,0.0011288749519735575,11,1.0,3770.796597,True,
LOCAL-v1-q3-offcenter_cluster-5052,3,frozen_baseline,13,370.6422321538461,0.001325499964877963,13,1.0,4818.349018,True,
LOCAL-v1-q3-offcenter_cluster-5053,3,frozen_baseline,16,148.04064775,0.0014980420237407088,16,1.0,2368.650364,True,
LOCAL-v1-q3-offcenter_cluster-5054,3,frozen_baseline,16,94.018387375,0.0012427499750629067,16,1.0,1504.294198,True,
LOCAL-v1-q3-offcenter_cluster-5055,3,frozen_baseline,12,283.94846916666665,0.0011955000227317214,12,1.0,3407.38163,True,
LOCAL-v1-q3-offcenter_cluster-5056,3,frozen_baseline,13,283.307991,0.0012727499706670642,13,1.0,3683.003883,True,
LOCAL-v1-q3-offcenter_cluster-5057,3,frozen_baseline,13,267.6673989230769,0.001216165954247117,13,1.0,3479.676186,True,
LOCAL-v1-q3-offcenter_cluster-5058,3,frozen_baseline,14,250.43559964285714,0.0013434579595923424,14,1.0,3506.098395,True,
LOCAL-v1-q3-offcenter_cluster-5059,3,frozen_baseline,12,422.4501719166667,0.0012259589275345206,12,1.0,5069.402063,True,
LOCAL-v1-q3-offcenter_cluster-5060,3,frozen_baseline,11,303.3444070909091,0.0009452500380575657,11,1.0,3336.788478,True,
LOCAL-v1-q3-offcenter_cluster-5061,3,frozen_baseline,13,251.15492576923077,0.0010869581019505858,13,1.0,3265.014035,True,
LOCAL-v1-q3-offcenter_cluster-5062,3,frozen_baseline,16,127.1219455625,0.0012891250662505627,16,1.0,2033.951129,True,
LOCAL-v1-q3-offcenter_cluster-5063,3,frozen_baseline,15,204.93253386666666,0.001431209035217762,15,1.0,3073.988008,True,
LOCAL-v1-q3-offcenter_cluster-5064,3,frozen_baseline,13,343.29721,0.0010994999902322888,13,1.0,4462.86373,True,
LOCAL-v1-q3-offcenter_cluster-5065,3,frozen_baseline,12,340.308287,0.0012286660494282842,12,1.0,4083.699444,True,
LOCAL-v1-q3-offcenter_cluster-5066,3,frozen_baseline,10,371.2946599,0.0008624170441180468,10,1.0,3712.946599,True,
LOCAL-v1-q3-offcenter_cluster-5067,3,frozen_baseline,16,132.8443694375,0.0012120419414713979,16,1.0,2125.509911,True,
LOCAL-v1-q3-offcenter_cluster-5068,3,frozen_baseline,13,288.478323,0.0011675000423565507,13,1.0,3750.218199,True,
LOCAL-v1-q3-offcenter_cluster-5069,3,frozen_baseline,14,246.52624635714284,0.0013419160386547446,14,1.0,3451.367449,True,
LOCAL-v1-q3-offcenter_cluster-5070,3,frozen_baseline,12,365.4021,0.001120207947678864,12,1.0,4384.8252,True,
LOCAL-v1-q3-offcenter_cluster-5071,3,frozen_baseline,12,263.85696475000003,0.0012439580168575048,12,1.0,3166.283577,True,
LOCAL-v1-q3-offcenter_cluster-5072,3,frozen_baseline,15,208.6780924,0.0013920000055804849,15,1.0,3130.171386,True,
LOCAL-v1-q3-offcenter_cluster-5073,3,frozen_baseline,10,320.3504642,0.0007880419725552201,10,1.0,3203.504642,True,
LOCAL-v1-q3-offcenter_cluster-5074,3,frozen_baseline,16,163.9774330625,0.0012804169673472643,16,1.0,2623.638929,True,
LOCAL-v1-q3-offcenter_cluster-5075,3,frozen_baseline,15,279.7258953333333,0.001450750045478344,15,1.0,4195.88843,True,
LOCAL-v1-q3-offcenter_cluster-5076,3,frozen_baseline,12,245.97824233333333,0.0011832501040771604,12,1.0,2951.738908,True,
LOCAL-v1-q3-offcenter_cluster-5077,3,frozen_baseline,14,304.03967378571434,0.0015354580245912075,14,1.0,4256.555433,True,
LOCAL-v1-q3-offcenter_cluster-5078,3,frozen_baseline,13,311.97578753846153,0.0010237910319119692,13,1.0,4055.685238,True,
LOCAL-v1-q3-offcenter_cluster-5079,3,frozen_baseline,10,340.8290692,0.0010681248968467116,10,1.0,3408.290692,True,
LOCAL-v1-q3-offcenter_cluster-5080,3,frozen_baseline,10,336.93886480000003,0.000977999996393919,10,1.0,3369.388648,True,
LOCAL-v1-q3-offcenter_cluster-5081,3,frozen_baseline,16,171.15645425,0.001281042001210153,16,1.0,2738.503268,True,
LOCAL-v1-q3-offcenter_cluster-5082,3,frozen_baseline,13,396.6731582307693,0.0014598749112337828,13,1.0,5156.751057,True,
LOCAL-v1-q3-offcenter_cluster-5083,3,frozen_baseline,13,287.1344589230769,0.0013373340480029583,13,1.0,3732.747966,True,
LOCAL-v1-q3-offcenter_cluster-5084,3,frozen_baseline,14,292.108623,0.0013377079740166664,14,1.0,4089.520722,True,
LOCAL-v1-q3-offcenter_cluster-5085,3,frozen_baseline,15,207.52483233333334,0.001382665941491723,15,1.0,3112.872485,True,
LOCAL-v1-q3-offcenter_cluster-5086,3,frozen_baseline,12,355.786277,0.0012816659873351455,12,1.0,4269.435324,True,
LOCAL-v1-q3-offcenter_cluster-5087,3,frozen_baseline,13,295.72831907692307,0.001151417032815516,13,1.0,3844.468148,True,
LOCAL-v1-q3-offcenter_cluster-5088,3,frozen_baseline,16,100.36415825,0.0012497500283643603,16,1.0,1605.826532,True,
LOCAL-v1-q3-offcenter_cluster-5089,3,frozen_baseline,15,244.232868,0.001417666906490922,15,1.0,3663.49302,True,
LOCAL-v1-q3-offcenter_cluster-5090,3,frozen_baseline,14,265.99355092857144,0.0014055829960852861,14,1.0,3723.909713,True,
LOCAL-v1-q3-offcenter_cluster-5091,3,frozen_baseline,12,249.18748691666667,0.0012138329911977053,12,1.0,2990.249843,True,
LOCAL-v1-q3-offcenter_cluster-5092,3,frozen_baseline,11,282.8718134545454,0.0009364580037072301,11,1.0,3111.589948,True,
LOCAL-v1-q3-offcenter_cluster-5093,3,frozen_baseline,15,230.53265346666666,0.001288625062443316,15,1.0,3457.989802,True,
LOCAL-v1-q3-offcenter_cluster-5094,3,frozen_baseline,11,365.9827140909091,0.0011352919973433018,11,1.0,4025.809855,True,
LOCAL-v1-q3-offcenter_cluster-5095,3,frozen_baseline,10,421.6212748,0.0008366249967366457,10,1.0,4216.212748,True,
LOCAL-v1-q3-offcenter_cluster-5096,3,frozen_baseline,14,219.86721914285712,0.0013444999931380153,14,1.0,3078.141068,True,
LOCAL-v1-q3-offcenter_cluster-5097,3,frozen_baseline,13,258.4960231538461,0.0011537910904735327,13,1.0,3360.448301,True,
LOCAL-v1-q3-offcenter_cluster-5098,3,frozen_baseline,16,105.75676975,0.0013226669980213046,16,1.0,1692.108316,True,
LOCAL-v1-q3-offcenter_cluster-5099,3,frozen_baseline,13,228.47716569230766,0.0011443750699982047,13,1.0,2970.203154,True,
LOCAL-v1-q3-origin_cluster-5000,3,frozen_baseline,11,394.50688472727273,0.00102770805824548,11,1.0,4339.575732,True,
LOCAL-v1-q3-origin_cluster-5001,3,frozen_baseline,14,341.5570008571429,0.0012902499875053763,14,1.0,4781.798012,True,
LOCAL-v1-q3-origin_cluster-5002,3,frozen_baseline,15,328.0490277333334,0.0014114580117166042,15,1.0,4920.735416,True,
LOCAL-v1-q3-origin_cluster-5003,3,frozen_baseline,11,361.78229354545454,0.0009525000350549817,11,1.0,3979.605229,True,
LOCAL-v1-q3-origin_cluster-5004,3,frozen_baseline,12,374.55629258333335,0.0011385000543668866,12,1.0,4494.675511,True,
LOCAL-v1-q3-origin_cluster-5005,3,frozen_baseline,11,391.7483938181818,0.0010272079380229115,11,1.0,4309.232332,True,
LOCAL-v1-q3-origin_cluster-5006,3,frozen_baseline,11,392.3922327272727,0.0010877919849008322,11,1.0,4316.31456,True,
LOCAL-v1-q3-origin_cluster-5007,3,frozen_baseline,11,392.7162520909091,0.0010239160619676113,11,1.0,4319.878773,True,
LOCAL-v1-q3-origin_cluster-5008,3,frozen_baseline,10,419.19348529999996,0.0010117909405380487,10,1.0,4191.934853,True,
LOCAL-v1-q3-origin_cluster-5009,3,frozen_baseline,14,342.05218057142855,0.0013301250291988254,14,1.0,4788.730528,True,
LOCAL-v1-q3-origin_cluster-5010,3,frozen_baseline,12,371.38343091666667,0.0012016668915748596,12,1.0,4456.601171,True,
LOCAL-v1-q3-origin_cluster-5011,3,frozen_baseline,15,327.5733222,0.0014709590468555689,15,1.0,4913.599833,True,
LOCAL-v1-q3-origin_cluster-5012,3,frozen_baseline,10,415.9366295,0.0009933329420164227,10,1.0,4159.366295,True,
LOCAL-v1-q3-origin_cluster-5013,3,frozen_baseline,12,370.71072875,0.0010933339362964034,12,1.0,4448.528745,True,
LOCAL-v1-q3-origin_cluster-5014,3,frozen_baseline,11,392.8082126363636,0.0010751669760793447,11,1.0,4320.890339,True,
LOCAL-v1-q3-origin_cluster-5015,3,frozen_baseline,12,371.6169003333334,0.0011758330510929227,12,1.0,4459.402804,True,
LOCAL-v1-q3-origin_cluster-5016,3,frozen_baseline,16,191.1853750625,0.0014390000142157078,16,1.0,3058.966001,True,
LOCAL-v1-q3-origin_cluster-5017,3,frozen_baseline,15,328.05381359999996,0.001402582973241806,15,1.0,4920.807204,True,
LOCAL-v1-q3-origin_cluster-5018,3,frozen_baseline,10,421.4541235,0.0010114170145243406,10,1.0,4214.541235,True,
LOCAL-v1-q3-origin_cluster-5019,3,frozen_baseline,11,394.97977599999996,0.0010759590659290552,11,1.0,4344.777536,True,
LOCAL-v1-q3-origin_cluster-5020,3,frozen_baseline,16,190.0164454375,0.0013419579481706023,16,1.0,3040.263127,True,
LOCAL-v1-q3-origin_cluster-5021,3,frozen_baseline,14,338.9992153571429,0.0013305420288816094,14,1.0,4745.989015,True,
LOCAL-v1-q3-origin_cluster-5022,3,frozen_baseline,14,339.8101363571428,0.0012422080617398024,14,1.0,4757.341909,True,
LOCAL-v1-q3-origin_cluster-5023,3,frozen_baseline,15,329.5996898,0.0013697500107809901,15,1.0,4943.995347,True,
LOCAL-v1-q3-origin_cluster-5024,3,frozen_baseline,13,356.0046066153846,0.0012869159691035748,13,1.0,4628.059886,True,
LOCAL-v1-q3-origin_cluster-5025,3,frozen_baseline,12,375.6725019166667,0.0011512499768286943,12,1.0,4508.070023,True,
LOCAL-v1-q3-origin_cluster-5026,3,frozen_baseline,15,315.77550386666667,0.0012474160175770521,15,1.0,4736.632558,True,
LOCAL-v1-q3-origin_cluster-5027,3,frozen_baseline,11,389.8464936363636,0.0010378329316154122,11,1.0,4288.31143,True,
LOCAL-v1-q3-origin_cluster-5028,3,frozen_baseline,10,419.36426339999997,0.0009794579818844795,10,1.0,4193.642634,True,
LOCAL-v1-q3-origin_cluster-5029,3,frozen_baseline,11,393.498913,0.0010742919985204935,11,1.0,4328.488043,True,
LOCAL-v1-q3-origin_cluster-5030,3,frozen_baseline,12,370.1494113333333,0.0011811669683083892,12,1.0,4441.792936,True,
LOCAL-v1-q3-origin_cluster-5031,3,frozen_baseline,15,329.21754013333333,0.0014412080636247993,15,1.0,4938.263102,True,
LOCAL-v1-q3-origin_cluster-5032,3,frozen_baseline,11,394.3776331818182,0.0011078340467065573,11,1.0,4338.153965,True,
LOCAL-v1-q3-origin_cluster-5033,3,frozen_baseline,14,330.7876908571429,0.0012076250277459621,14,1.0,4631.027672,True,
LOCAL-v1-q3-origin_cluster-5034,3,frozen_baseline,16,191.329937125,0.001405457966029644,16,1.0,3061.278994,True,
LOCAL-v1-q3-origin_cluster-5035,3,frozen_baseline,10,401.3946561,0.0008870000019669533,10,1.0,4013.946561,True,
LOCAL-v1-q3-origin_cluster-5036,3,frozen_baseline,15,326.78830533333337,0.0014269580133259296,15,1.0,4901.82458,True,
LOCAL-v1-q3-origin_cluster-5037,3,frozen_baseline,15,330.6320936666667,0.0014207919593900442,15,1.0,4959.481405,True,
LOCAL-v1-q3-origin_cluster-5038,3,frozen_baseline,16,191.9647798125,0.001351625076495111,16,1.0,3071.436477,True,
LOCAL-v1-q3-origin_cluster-5039,3,frozen_baseline,10,421.41468969999994,0.000955625087954104,10,1.0,4214.146897,True,
LOCAL-v1-q3-origin_cluster-5040,3,frozen_baseline,15,328.9821294,0.0013343750033527613,15,1.0,4934.731941,True,
LOCAL-v1-q3-origin_cluster-5041,3,frozen_baseline,15,330.3132162666667,0.0013604580890387297,15,1.0,4954.698244,True,
LOCAL-v1-q3-origin_cluster-5042,3,frozen_baseline,11,393.69650954545455,0.001063458970747888,11,1.0,4330.661605,True,
LOCAL-v1-q3-origin_cluster-5043,3,frozen_baseline,12,375.61881124999996,0.001155041973106563,12,1.0,4507.425735,True,
LOCAL-v1-q3-origin_cluster-5044,3,frozen_baseline,11,376.3892754545455,0.001026791986078024,11,1.0,4140.28203,True,
LOCAL-v1-q3-origin_cluster-5045,3,frozen_baseline,11,390.73750754545455,0.0010475419694557786,11,1.0,4298.112583,True,
LOCAL-v1-q3-origin_cluster-5046,3,frozen_baseline,10,419.9320955,0.0009755420032888651,10,1.0,4199.320955,True,
LOCAL-v1-q3-origin_cluster-5047,3,frozen_baseline,16,189.7766215625,0.0013682080898433924,16,1.0,3036.425945,True,
LOCAL-v1-q3-origin_cluster-5048,3,frozen_baseline,12,372.67429500000003,0.0012377920793369412,12,1.0,4472.09154,True,
LOCAL-v1-q3-origin_cluster-5049,3,frozen_baseline,10,416.55147129999995,0.0010336670093238354,10,1.0,4165.514713,True,
LOCAL-v1-q3-origin_cluster-5050,3,frozen_baseline,15,328.8432086,0.0014274580171331763,15,1.0,4932.648129,True,
LOCAL-v1-q3-origin_cluster-5051,3,frozen_baseline,11,393.79621981818184,0.0010640829568728805,11,1.0,4331.758418,True,
LOCAL-v1-q3-origin_cluster-5052,3,frozen_baseline,13,355.2256298461538,0.0011822499800473452,13,1.0,4617.933188,True,
LOCAL-v1-q3-origin_cluster-5053,3,frozen_baseline,16,192.481200875,0.0013165000127628446,16,1.0,3079.699214,True,
LOCAL-v1-q3-origin_cluster-5054,3,frozen_baseline,16,188.8416163125,0.0013497910695150495,16,1.0,3021.465861,True,
LOCAL-v1-q3-origin_cluster-5055,3,frozen_baseline,12,361.23488849999995,0.001011208980344236,12,1.0,4334.818662,True,
LOCAL-v1-q3-origin_cluster-5056,3,frozen_baseline,13,357.00418492307693,0.0011772080324590206,13,1.0,4641.054404,True,
LOCAL-v1-q3-origin_cluster-5057,3,frozen_baseline,13,342.5352122307692,0.0011475000064820051,13,1.0,4452.957759,True,
LOCAL-v1-q3-origin_cluster-5058,3,frozen_baseline,14,338.31843021428574,0.0012466670013964176,14,1.0,4736.458023,True,
LOCAL-v1-q3-origin_cluster-5059,3,frozen_baseline,12,369.0425235833333,0.0010610419558361173,12,1.0,4428.510283,True,
LOCAL-v1-q3-origin_cluster-5060,3,frozen_baseline,11,392.29978781818187,0.0010031249839812517,11,1.0,4315.297666,True,
LOCAL-v1-q3-origin_cluster-5061,3,frozen_baseline,13,353.66757661538463,0.0012157500023022294,13,1.0,4597.678496,True,
LOCAL-v1-q3-origin_cluster-5062,3,frozen_baseline,16,191.7371321875,0.0012989169918000698,16,1.0,3067.794115,True,
LOCAL-v1-q3-origin_cluster-5063,3,frozen_baseline,15,329.64571766666666,0.0013683339348062873,15,1.0,4944.685765,True,
LOCAL-v1-q3-origin_cluster-5064,3,frozen_baseline,13,358.5324560769231,0.001320375013165176,13,1.0,4660.921929,True,
LOCAL-v1-q3-origin_cluster-5065,3,frozen_baseline,12,373.82311766666663,0.0011174590326845646,12,1.0,4485.877412,True,
LOCAL-v1-q3-origin_cluster-5066,3,frozen_baseline,10,418.07839690000003,0.0010285410098731518,10,1.0,4180.783969,True,
LOCAL-v1-q3-origin_cluster-5067,3,frozen_baseline,16,180.617031625,0.0013129590079188347,16,1.0,2889.872506,True,
LOCAL-v1-q3-origin_cluster-5068,3,frozen_baseline,13,354.21529992307694,0.0011802499648183584,13,1.0,4604.798899,True,
LOCAL-v1-q3-origin_cluster-5069,3,frozen_baseline,14,340.9657502142857,0.0012994169956073165,14,1.0,4773.520503,True,
LOCAL-v1-q3-origin_cluster-5070,3,frozen_baseline,12,369.66980766666666,0.0011256251018494368,12,1.0,4436.037692,True,
LOCAL-v1-q3-origin_cluster-5071,3,frozen_baseline,12,360.59123225,0.0010234999936074018,12,1.0,4327.094787,True,
LOCAL-v1-q3-origin_cluster-5072,3,frozen_baseline,15,328.86655686666666,0.0013942919904366136,15,1.0,4932.998353,True,
LOCAL-v1-q3-origin_cluster-5073,3,frozen_baseline,10,418.7126904,0.0009656250476837158,10,1.0,4187.126904,True,
LOCAL-v1-q3-origin_cluster-5074,3,frozen_baseline,16,189.90380975,0.0013197079533711076,16,1.0,3038.460956,True,
LOCAL-v1-q3-origin_cluster-5075,3,frozen_baseline,15,328.80187593333335,0.0013098749332129955,15,1.0,4932.028139,True,
LOCAL-v1-q3-origin_cluster-5076,3,frozen_baseline,12,373.28347225,0.0011071249609813094,12,1.0,4479.401667,True,
LOCAL-v1-q3-origin_cluster-5077,3,frozen_baseline,14,328.30213328571426,0.001334875007160008,14,1.0,4596.229866,True,
LOCAL-v1-q3-origin_cluster-5078,3,frozen_baseline,13,358.37293015384614,0.0013599579688161612,13,1.0,4658.848092,True,
LOCAL-v1-q3-origin_cluster-5079,3,frozen_baseline,10,419.1147841,0.0010003329953178763,10,1.0,4191.147841,True,
LOCAL-v1-q3-origin_cluster-5080,3,frozen_baseline,10,418.5745728,0.0010223749559372663,10,1.0,4185.745728,True,
LOCAL-v1-q3-origin_cluster-5081,3,frozen_baseline,16,192.9070855625,0.0013377080904319882,16,1.0,3086.513369,True,
LOCAL-v1-q3-origin_cluster-5082,3,frozen_baseline,13,355.8616052307692,0.0011722090421244502,13,1.0,4626.200868,True,
LOCAL-v1-q3-origin_cluster-5083,3,frozen_baseline,13,356.0406075384616,0.001276249997317791,13,1.0,4628.527898,True,
LOCAL-v1-q3-origin_cluster-5084,3,frozen_baseline,14,338.55987721428573,0.001277417060919106,14,1.0,4739.838281,True,
LOCAL-v1-q3-origin_cluster-5085,3,frozen_baseline,15,328.6063728,0.0013648750027641654,15,1.0,4929.095592,True,
LOCAL-v1-q3-origin_cluster-5086,3,frozen_baseline,12,374.73267583333336,0.0011550000635907054,12,1.0,4496.79211,True,
LOCAL-v1-q3-origin_cluster-5087,3,frozen_baseline,13,353.73226584615384,0.001119250082410872,13,1.0,4598.519456,True,
LOCAL-v1-q3-origin_cluster-5088,3,frozen_baseline,16,191.4062064375,0.0013050000416114926,16,1.0,3062.499303,True,
LOCAL-v1-q3-origin_cluster-5089,3,frozen_baseline,15,328.30336,0.001432583900168538,15,1.0,4924.5504,True,
LOCAL-v1-q3-origin_cluster-5090,3,frozen_baseline,14,339.25548835714284,0.0012687919661402702,14,1.0,4749.576837,True,
LOCAL-v1-q3-origin_cluster-5091,3,frozen_baseline,12,356.40142783333334,0.0010694169905036688,12,1.0,4276.817134,True,
LOCAL-v1-q3-origin_cluster-5092,3,frozen_baseline,11,389.7598201818182,0.0010054169688373804,11,1.0,4287.358022,True,
LOCAL-v1-q3-origin_cluster-5093,3,frozen_baseline,15,325.08712146666664,0.0012943330220878124,15,1.0,4876.306822,True,
LOCAL-v1-q3-origin_cluster-5094,3,frozen_baseline,11,392.1201878181818,0.0010398749727755785,11,1.0,4313.322066,True,
LOCAL-v1-q3-origin_cluster-5095,3,frozen_baseline,10,420.5848838,0.0011063329875469208,10,1.0,4205.848838,True,
LOCAL-v1-q3-origin_cluster-5096,3,frozen_baseline,14,328.69696500000003,0.0012449590722098947,14,1.0,4601.75751,True,
LOCAL-v1-q3-origin_cluster-5097,3,frozen_baseline,13,356.6259959230769,0.0014079579850658774,13,1.0,4636.137947,True,
LOCAL-v1-q3-origin_cluster-5098,3,frozen_baseline,16,191.2950309375,0.0014883329859003425,16,1.0,3060.720495,True,
LOCAL-v1-q3-origin_cluster-5099,3,frozen_baseline,13,354.6167382307692,0.0011913329362869263,13,1.0,4610.017597,True,
LOCAL-v1-q3-minimum_radius-5000,3,frozen_baseline,11,305.7086880909091,0.0010973330354318023,11,1.0,3362.795569,True,
LOCAL-v1-q3-minimum_radius-5001,3,frozen_baseline,14,309.2099705,0.0012928330106660724,14,1.0,4328.939587,True,
LOCAL-v1-q3-minimum_radius-5002,3,frozen_baseline,15,261.69192953333334,0.0013193340273573995,15,1.0,3925.378943,True,
LOCAL-v1-q3-minimum_radius-5003,3,frozen_baseline,11,326.85996854545454,0.0010183339472860098,11,1.0,3595.459654,True,
LOCAL-v1-q3-minimum_radius-5004,3,frozen_baseline,12,340.300672,0.0010827500373125076,12,1.0,4083.608064,True,
LOCAL-v1-q3-minimum_radius-5005,3,frozen_baseline,11,366.66535063636366,0.001107916934415698,11,1.0,4033.318857,True,
LOCAL-v1-q3-minimum_radius-5006,3,frozen_baseline,11,362.98372518181816,0.0011407090350985527,11,1.0,3992.820977,True,
LOCAL-v1-q3-minimum_radius-5007,3,frozen_baseline,11,301.7868884545455,0.0009824580047279596,11,1.0,3319.655773,True,
LOCAL-v1-q3-minimum_radius-5008,3,frozen_baseline,10,351.0092891,0.0009634169982746243,10,1.0,3510.092891,True,
LOCAL-v1-q3-minimum_radius-5009,3,frozen_baseline,14,321.6794454285714,0.0013128750724717975,14,1.0,4503.512236,True,
LOCAL-v1-q3-minimum_radius-5010,3,frozen_baseline,12,338.0695270833333,0.0011362920049577951,12,1.0,4056.834325,True,
LOCAL-v1-q3-minimum_radius-5011,3,frozen_baseline,15,310.84924293333336,0.0013736250111833215,15,1.0,4662.738644,True,
LOCAL-v1-q3-minimum_radius-5012,3,frozen_baseline,10,332.2096957,0.0009059590520337224,10,1.0,3322.096957,True,
LOCAL-v1-q3-minimum_radius-5013,3,frozen_baseline,12,324.36514116666666,0.0010912090074270964,12,1.0,3892.381694,True,
LOCAL-v1-q3-minimum_radius-5014,3,frozen_baseline,11,362.53947636363637,0.0009657080518081784,11,1.0,3987.93424,True,
LOCAL-v1-q3-minimum_radius-5015,3,frozen_baseline,12,309.20652791666663,0.0010614999337121844,12,1.0,3710.478335,True,
LOCAL-v1-q3-minimum_radius-5016,3,frozen_baseline,16,284.0694915,0.001378249959088862,16,1.0,4545.111864,True,
LOCAL-v1-q3-minimum_radius-5017,3,frozen_baseline,15,299.70490993333334,0.001265416038222611,15,1.0,4495.573649,True,
LOCAL-v1-q3-minimum_radius-5018,3,frozen_baseline,10,390.03725199999997,0.0008999579586088657,10,1.0,3900.37252,True,
LOCAL-v1-q3-minimum_radius-5019,3,frozen_baseline,11,365.95010963636366,0.0009824169101193547,11,1.0,4025.451206,True,
LOCAL-v1-q3-minimum_radius-5020,3,frozen_baseline,16,265.38272925,0.0012562499614432454,16,1.0,4246.123668,True,
LOCAL-v1-q3-minimum_radius-5021,3,frozen_baseline,14,290.2670132142857,0.0011994170490652323,14,1.0,4063.738185,True,
LOCAL-v1-q3-minimum_radius-5022,3,frozen_baseline,14,314.8197243571429,0.0012819169787690043,14,1.0,4407.476141,True,
LOCAL-v1-q3-minimum_radius-5023,3,frozen_baseline,15,255.26485233333332,0.0012985420180484653,15,1.0,3828.972785,True,
LOCAL-v1-q3-minimum_radius-5024,3,frozen_baseline,13,333.72953884615384,0.0011969590559601784,13,1.0,4338.484005,True,
LOCAL-v1-q3-minimum_radius-5025,3,frozen_baseline,12,309.67851691666664,0.0010717500699684024,12,1.0,3716.142203,True,
LOCAL-v1-q3-minimum_radius-5026,3,frozen_baseline,15,300.1828754,0.0012627500109374523,15,1.0,4502.743131,True,
LOCAL-v1-q3-minimum_radius-5027,3,frozen_baseline,11,299.1681587272727,0.0010763750178739429,11,1.0,3290.849746,True,
LOCAL-v1-q3-minimum_radius-5028,3,frozen_baseline,10,357.3114312,0.0009813749929890037,10,1.0,3573.114312,True,
LOCAL-v1-q3-minimum_radius-5029,3,frozen_baseline,11,309.1854981818182,0.0009765410795807838,11,1.0,3401.04048,True,
LOCAL-v1-q3-minimum_radius-5030,3,frozen_baseline,12,296.735832,0.0010125000262632966,12,1.0,3560.829984,True,
LOCAL-v1-q3-minimum_radius-5031,3,frozen_baseline,15,284.03528953333335,0.001357291010208428,15,1.0,4260.529343,True,
LOCAL-v1-q3-minimum_radius-5032,3,frozen_baseline,11,336.38557336363635,0.0009527499787509441,11,1.0,3700.241307,True,
LOCAL-v1-q3-minimum_radius-5033,3,frozen_baseline,14,283.4715156428571,0.0012931249802932143,14,1.0,3968.601219,True,
LOCAL-v1-q3-minimum_radius-5034,3,frozen_baseline,16,254.5115115625,0.0013124579563736916,16,1.0,4072.184185,True,
LOCAL-v1-q3-minimum_radius-5035,3,frozen_baseline,10,382.585457,0.0009809170151129365,10,1.0,3825.85457,True,
LOCAL-v1-q3-minimum_radius-5036,3,frozen_baseline,15,294.18708613333337,0.0012387499446049333,15,1.0,4412.806292,True,
LOCAL-v1-q3-minimum_radius-5037,3,frozen_baseline,15,295.51780406666666,0.0013742500450462103,15,1.0,4432.767061,True,
LOCAL-v1-q3-minimum_radius-5038,3,frozen_baseline,16,273.7857661875,0.0014446249697357416,16,1.0,4380.572259,True,
LOCAL-v1-q3-minimum_radius-5039,3,frozen_baseline,10,378.9716109,0.0010428749956190586,10,1.0,3789.716109,True,
LOCAL-v1-q3-minimum_radius-5040,3,frozen_baseline,15,274.7490714,0.0013646669685840607,15,1.0,4121.236071,True,
LOCAL-v1-q3-minimum_radius-5041,3,frozen_baseline,15,301.28018280000003,0.0012912079691886902,15,1.0,4519.202742,True,
LOCAL-v1-q3-minimum_radius-5042,3,frozen_baseline,11,326.96942309090906,0.0010889169061556458,11,1.0,3596.663654,True,
LOCAL-v1-q3-minimum_radius-5043,3,frozen_baseline,12,350.09033675,0.001080875052139163,12,1.0,4201.084041,True,
LOCAL-v1-q3-minimum_radius-5044,3,frozen_baseline,11,336.8258277272727,0.0010639169486239552,11,1.0,3705.084105,True,
LOCAL-v1-q3-minimum_radius-5045,3,frozen_baseline,11,336.27246809090906,0.0010032500140368938,11,1.0,3698.997149,True,
LOCAL-v1-q3-minimum_radius-5046,3,frozen_baseline,10,378.5416927,0.0008562910370528698,10,1.0,3785.416927,True,
LOCAL-v1-q3-minimum_radius-5047,3,frozen_baseline,16,254.7263485,0.0013763330643996596,16,1.0,4075.621576,True,
LOCAL-v1-q3-minimum_radius-5048,3,frozen_baseline,12,306.529103,0.0011129580670967698,12,1.0,3678.349236,True,
LOCAL-v1-q3-minimum_radius-5049,3,frozen_baseline,10,365.3958665,0.0009449589997529984,10,1.0,3653.958665,True,
LOCAL-v1-q3-minimum_radius-5050,3,frozen_baseline,15,269.77879193333337,0.0013651250628754497,15,1.0,4046.681879,True,
LOCAL-v1-q3-minimum_radius-5051,3,frozen_baseline,11,357.7847836363636,0.0009494579862803221,11,1.0,3935.63262,True,
LOCAL-v1-q3-minimum_radius-5052,3,frozen_baseline,13,305.8455463846154,0.0012595420703291893,13,1.0,3975.992103,True,
LOCAL-v1-q3-minimum_radius-5053,3,frozen_baseline,16,276.21279775,0.0012884159805253148,16,1.0,4419.404764,True,
LOCAL-v1-q3-minimum_radius-5054,3,frozen_baseline,16,277.58793325,0.0013126670382916927,16,1.0,4441.406932,True,
LOCAL-v1-q3-minimum_radius-5055,3,frozen_baseline,12,349.3860661666667,0.000985457911156118,12,1.0,4192.632794,True,
LOCAL-v1-q3-minimum_radius-5056,3,frozen_baseline,13,316.86059584615384,0.0013048750115558505,13,1.0,4119.187746,True,
LOCAL-v1-q3-minimum_radius-5057,3,frozen_baseline,13,308.45884253846157,0.0012047919444739819,13,1.0,4009.964953,True,
LOCAL-v1-q3-minimum_radius-5058,3,frozen_baseline,14,263.69771099999997,0.0011573749361559749,14,1.0,3691.767954,True,
LOCAL-v1-q3-minimum_radius-5059,3,frozen_baseline,12,306.63136075,0.00116658303886652,12,1.0,3679.576329,True,
LOCAL-v1-q3-minimum_radius-5060,3,frozen_baseline,11,341.81158727272725,0.0010719170095399022,11,1.0,3759.92746,True,
LOCAL-v1-q3-minimum_radius-5061,3,frozen_baseline,13,257.9344593076923,0.0010935419704765081,13,1.0,3353.147971,True,
LOCAL-v1-q3-minimum_radius-5062,3,frozen_baseline,16,254.7861330625,0.0012798330280929804,16,1.0,4076.578129,True,
LOCAL-v1-q3-minimum_radius-5063,3,frozen_baseline,15,287.19811293333333,0.0013894170988351107,15,1.0,4307.971694,True,
LOCAL-v1-q3-minimum_radius-5064,3,frozen_baseline,13,287.92821246153846,0.0012341669062152505,13,1.0,3743.066762,True,
LOCAL-v1-q3-minimum_radius-5065,3,frozen_baseline,12,315.2774743333333,0.0010540829971432686,12,1.0,3783.329692,True,
LOCAL-v1-q3-minimum_radius-5066,3,frozen_baseline,10,353.9808375,0.0009427079930901527,10,1.0,3539.808375,True,
LOCAL-v1-q3-minimum_radius-5067,3,frozen_baseline,16,275.5447958125,0.0014096250524744391,16,1.0,4408.716733,True,
LOCAL-v1-q3-minimum_radius-5068,3,frozen_baseline,13,296.90073138461537,0.0011395830661058426,13,1.0,3859.709508,True,
LOCAL-v1-q3-minimum_radius-5069,3,frozen_baseline,14,291.65330814285716,0.0012544590281322598,14,1.0,4083.146314,True,
LOCAL-v1-q3-minimum_radius-5070,3,frozen_baseline,12,363.7522035833333,0.0011499999091029167,12,1.0,4365.026443,True,
LOCAL-v1-q3-minimum_radius-5071,3,frozen_baseline,12,305.13921166666665,0.0010276250541210175,12,1.0,3661.67054,True,
LOCAL-v1-q3-minimum_radius-5072,3,frozen_baseline,15,286.09043613333336,0.0012868749909102917,15,1.0,4291.356542,True,
LOCAL-v1-q3-minimum_radius-5073,3,frozen_baseline,10,387.5135192,0.0009189170086756349,10,1.0,3875.135192,True,
LOCAL-v1-q3-minimum_radius-5074,3,frozen_baseline,16,255.3521783125,0.0013792499667033553,16,1.0,4085.634853,True,
LOCAL-v1-q3-minimum_radius-5075,3,frozen_baseline,15,254.7150604,0.0013712500222027302,15,1.0,3820.725906,True,
LOCAL-v1-q3-minimum_radius-5076,3,frozen_baseline,12,323.75095733333336,0.0011167919728904963,12,1.0,3885.011488,True,
LOCAL-v1-q3-minimum_radius-5077,3,frozen_baseline,14,299.84065114285715,0.0013080410426482558,14,1.0,4197.769116,True,
LOCAL-v1-q3-minimum_radius-5078,3,frozen_baseline,13,300.10139869230767,0.0011198340216651559,13,1.0,3901.318183,True,
LOCAL-v1-q3-minimum_radius-5079,3,frozen_baseline,10,371.9834861,0.0009989578975364566,10,1.0,3719.834861,True,
LOCAL-v1-q3-minimum_radius-5080,3,frozen_baseline,10,340.8061095,0.0008920830441638827,10,1.0,3408.061095,True,
LOCAL-v1-q3-minimum_radius-5081,3,frozen_baseline,16,258.6571944375,0.0013832079712301493,16,1.0,4138.515111,True,
LOCAL-v1-q3-minimum_radius-5082,3,frozen_baseline,13,302.759847,0.0012412089854478836,13,1.0,3935.878011,True,
LOCAL-v1-q3-minimum_radius-5083,3,frozen_baseline,13,316.46629330769235,0.0011835000477731228,13,1.0,4114.061813,True,
LOCAL-v1-q3-minimum_radius-5084,3,frozen_baseline,14,284.3231195,0.0012799170799553394,14,1.0,3980.523673,True,
LOCAL-v1-q3-minimum_radius-5085,3,frozen_baseline,15,291.38056033333334,0.0013738750712946057,15,1.0,4370.708405,True,
LOCAL-v1-q3-minimum_radius-5086,3,frozen_baseline,12,304.08511275,0.001002333010546863,12,1.0,3649.021353,True,
LOCAL-v1-q3-minimum_radius-5087,3,frozen_baseline,13,282.6487323076923,0.0011436250060796738,13,1.0,3674.43352,True,
LOCAL-v1-q3-minimum_radius-5088,3,frozen_baseline,16,248.2604524375,0.0012258749920874834,16,1.0,3972.167239,True,
LOCAL-v1-q3-minimum_radius-5089,3,frozen_baseline,15,304.2961842,0.0013244579313322902,15,1.0,4564.442763,True,
LOCAL-v1-q3-minimum_radius-5090,3,frozen_baseline,14,269.72565614285713,0.0011990841012448072,14,1.0,3776.159186,True,
LOCAL-v1-q3-minimum_radius-5091,3,frozen_baseline,12,296.4409175833333,0.001141292043030262,12,1.0,3557.291011,True,
LOCAL-v1-q3-minimum_radius-5092,3,frozen_baseline,11,390.3652774545455,0.0010819159215316176,11,1.0,4294.018052,True,
LOCAL-v1-q3-minimum_radius-5093,3,frozen_baseline,15,269.70195666666666,0.0012809999752789736,15,1.0,4045.52935,True,
LOCAL-v1-q3-minimum_radius-5094,3,frozen_baseline,11,362.1266287272727,0.0009330000029876828,11,1.0,3983.392916,True,
LOCAL-v1-q3-minimum_radius-5095,3,frozen_baseline,10,361.7407813,0.0010105830151587725,10,1.0,3617.407813,True,
LOCAL-v1-q3-minimum_radius-5096,3,frozen_baseline,14,287.5027667857143,0.0012705830158665776,14,1.0,4025.038735,True,
LOCAL-v1-q3-minimum_radius-5097,3,frozen_baseline,13,265.93812484615387,0.0011226249625906348,13,1.0,3457.195623,True,
LOCAL-v1-q3-minimum_radius-5098,3,frozen_baseline,16,292.053879875,0.001425374997779727,16,1.0,4672.862078,True,
LOCAL-v1-q3-minimum_radius-5099,3,frozen_baseline,13,304.14029800000003,0.001174542005173862,13,1.0,3953.823874,True,
LOCAL-v1-q3-exactly10_sources-5000,3,frozen_baseline,10,356.97396480000003,0.0009678340284153819,10,1.0,3569.739648,True,
LOCAL-v1-q3-exactly10_sources-5001,3,frozen_baseline,10,330.1749312,0.0010079999919980764,10,1.0,3301.749312,True,
LOCAL-v1-q3-exactly10_sources-5002,3,frozen_baseline,10,377.8864085,0.001086207921616733,10,1.0,3778.864085,True,
LOCAL-v1-q3-exactly10_sources-5003,3,frozen_baseline,10,370.1778396,0.0010589159792289138,10,1.0,3701.778396,True,
LOCAL-v1-q3-exactly10_sources-5004,3,frozen_baseline,10,351.89035939999997,0.0010264170123264194,10,1.0,3518.903594,True,
LOCAL-v1-q3-exactly10_sources-5005,3,frozen_baseline,10,338.461847,0.000992374960333109,10,1.0,3384.61847,True,
LOCAL-v1-q3-exactly10_sources-5006,3,frozen_baseline,10,357.3564163,0.0010911249555647373,10,1.0,3573.564163,True,
LOCAL-v1-q3-exactly10_sources-5007,3,frozen_baseline,10,368.7425564,0.0010430419351905584,10,1.0,3687.425564,True,
LOCAL-v1-q3-exactly10_sources-5008,3,frozen_baseline,10,389.1680662,0.0010329170618206263,10,1.0,3891.680662,True,
LOCAL-v1-q3-exactly10_sources-5009,3,frozen_baseline,10,367.38317470000004,0.0010020839981734753,10,1.0,3673.831747,True,
LOCAL-v1-q3-exactly10_sources-5010,3,frozen_baseline,10,403.36829309999996,0.0010328330099582672,10,1.0,4033.682931,True,
LOCAL-v1-q3-exactly10_sources-5011,3,frozen_baseline,10,379.9065126,0.0011504580033943057,10,1.0,3799.065126,True,
LOCAL-v1-q3-exactly10_sources-5012,3,frozen_baseline,10,354.4180933,0.000927707995288074,10,1.0,3544.180933,True,
LOCAL-v1-q3-exactly10_sources-5013,3,frozen_baseline,10,307.9927146,0.0009724999545142055,10,1.0,3079.927146,True,
LOCAL-v1-q3-exactly10_sources-5014,3,frozen_baseline,10,363.1508272,0.0009543750202283263,10,1.0,3631.508272,True,
LOCAL-v1-q3-exactly10_sources-5015,3,frozen_baseline,10,372.13338899999997,0.0010064160451292992,10,1.0,3721.33389,True,
LOCAL-v1-q3-exactly10_sources-5016,3,frozen_baseline,10,341.2754462,0.0009464999893680215,10,1.0,3412.754462,True,
LOCAL-v1-q3-exactly10_sources-5017,3,frozen_baseline,10,385.9591238,0.0010557910427451134,10,1.0,3859.591238,True,
LOCAL-v1-q3-exactly10_sources-5018,3,frozen_baseline,10,363.76344869999997,0.0010283750016242266,10,1.0,3637.634487,True,
LOCAL-v1-q3-exactly10_sources-5019,3,frozen_baseline,10,353.8799237,0.0010331249795854092,10,1.0,3538.799237,True,
LOCAL-v1-q3-exactly10_sources-5020,3,frozen_baseline,10,372.0136705,0.0011132500367239118,10,1.0,3720.136705,True,
LOCAL-v1-q3-exactly10_sources-5021,3,frozen_baseline,10,375.9256072,0.0011069170432165265,10,1.0,3759.256072,True,
LOCAL-v1-q3-exactly10_sources-5022,3,frozen_baseline,10,367.6788689,0.0010628330055624247,10,1.0,3676.788689,True,
LOCAL-v1-q3-exactly10_sources-5023,3,frozen_baseline,10,360.82144320000003,0.0010426250519230962,10,1.0,3608.214432,True,
LOCAL-v1-q3-exactly10_sources-5024,3,frozen_baseline,10,363.4812641,0.0010908750118687749,10,1.0,3634.812641,True,
LOCAL-v1-q3-exactly10_sources-5025,3,frozen_baseline,10,384.1395777,0.0010371250100433826,10,1.0,3841.395777,True,
LOCAL-v1-q3-exactly10_sources-5026,3,frozen_baseline,10,363.1360869,0.0011309579713270068,10,1.0,3631.360869,True,
LOCAL-v1-q3-exactly10_sources-5027,3,frozen_baseline,10,353.801915,0.0010678749531507492,10,1.0,3538.01915,True,
LOCAL-v1-q3-exactly10_sources-5028,3,frozen_baseline,10,367.7180307,0.0009524999186396599,10,1.0,3677.180307,True,
LOCAL-v1-q3-exactly10_sources-5029,3,frozen_baseline,10,319.5232366,0.0010683749569579959,10,1.0,3195.232366,True,
LOCAL-v1-q3-exactly10_sources-5030,3,frozen_baseline,10,352.1145309,0.0009603339713066816,10,1.0,3521.145309,True,
LOCAL-v1-q3-exactly10_sources-5031,3,frozen_baseline,10,321.35862929999996,0.0010168750304728746,10,1.0,3213.586293,True,
LOCAL-v1-q3-exactly10_sources-5032,3,frozen_baseline,10,342.8254349,0.0009301250101998448,10,1.0,3428.254349,True,
LOCAL-v1-q3-exactly10_sources-5033,3,frozen_baseline,10,349.2339146,0.0009654168970882893,10,1.0,3492.339146,True,
LOCAL-v1-q3-exactly10_sources-5034,3,frozen_baseline,10,312.9661449,0.0010566660203039646,10,1.0,3129.661449,True,
LOCAL-v1-q3-exactly10_sources-5035,3,frozen_baseline,10,392.64589420000004,0.0011811250587925315,10,1.0,3926.458942,True,
LOCAL-v1-q3-exactly10_sources-5036,3,frozen_baseline,10,346.5874662,0.0010230829939246178,10,1.0,3465.874662,True,
LOCAL-v1-q3-exactly10_sources-5037,3,frozen_baseline,10,389.5709703,0.0009588750544935465,10,1.0,3895.709703,True,
LOCAL-v1-q3-exactly10_sources-5038,3,frozen_baseline,10,373.176898,0.0010364591144025326,10,1.0,3731.76898,True,
LOCAL-v1-q3-exactly10_sources-5039,3,frozen_baseline,10,352.9356156,0.0010252919746562839,10,1.0,3529.356156,True,
LOCAL-v1-q3-exactly10_sources-5040,3,frozen_baseline,10,334.8304057,0.0011203750036656857,10,1.0,3348.304057,True,
LOCAL-v1-q3-exactly10_sources-5041,3,frozen_baseline,10,322.5962123,0.0010270000202581286,10,1.0,3225.962123,True,
LOCAL-v1-q3-exactly10_sources-5042,3,frozen_baseline,10,342.69094789999997,0.0011607500491663814,10,1.0,3426.909479,True,
LOCAL-v1-q3-exactly10_sources-5043,3,frozen_baseline,10,333.7456006,0.0010368750663474202,10,1.0,3337.456006,True,
LOCAL-v1-q3-exactly10_sources-5044,3,frozen_baseline,10,362.7028378,0.000986957922577858,10,1.0,3627.028378,True,
LOCAL-v1-q3-exactly10_sources-5045,3,frozen_baseline,10,371.451238,0.0011122080031782389,10,1.0,3714.51238,True,
LOCAL-v1-q3-exactly10_sources-5046,3,frozen_baseline,10,387.867714,0.0009558330057188869,10,1.0,3878.67714,True,
LOCAL-v1-q3-exactly10_sources-5047,3,frozen_baseline,10,376.4498119,0.0010213329223915935,10,1.0,3764.498119,True,
LOCAL-v1-q3-exactly10_sources-5048,3,frozen_baseline,10,341.9431667,0.0010008750250563025,10,1.0,3419.431667,True,
LOCAL-v1-q3-exactly10_sources-5049,3,frozen_baseline,10,355.943662,0.00108233408536762,10,1.0,3559.43662,True,
LOCAL-v1-q3-exactly10_sources-5050,3,frozen_baseline,10,334.2026735,0.0010176659561693668,10,1.0,3342.026735,True,
LOCAL-v1-q3-exactly10_sources-5051,3,frozen_baseline,10,449.1619164,0.0010719579877331853,10,1.0,4491.619164,True,
LOCAL-v1-q3-exactly10_sources-5052,3,frozen_baseline,10,383.724313,0.0011311249108985066,10,1.0,3837.24313,True,
LOCAL-v1-q3-exactly10_sources-5053,3,frozen_baseline,10,371.3141865,0.00120749999769032,10,1.0,3713.141865,True,
LOCAL-v1-q3-exactly10_sources-5054,3,frozen_baseline,10,346.7722632,0.001111541991122067,10,1.0,3467.722632,True,
LOCAL-v1-q3-exactly10_sources-5055,3,frozen_baseline,10,345.5441186,0.0009760409593582153,10,1.0,3455.441186,True,
LOCAL-v1-q3-exactly10_sources-5056,3,frozen_baseline,10,367.1556533,0.0010363329201936722,10,1.0,3671.556533,True,
LOCAL-v1-q3-exactly10_sources-5057,3,frozen_baseline,10,349.9008124,0.001101000001654029,10,1.0,3499.008124,True,
LOCAL-v1-q3-exactly10_sources-5058,3,frozen_baseline,10,346.38800200000003,0.0011041249381378293,10,1.0,3463.88002,True,
LOCAL-v1-q3-exactly10_sources-5059,3,frozen_baseline,10,342.5745958,0.0010696669341996312,10,1.0,3425.745958,True,
LOCAL-v1-q3-exactly10_sources-5060,3,frozen_baseline,10,336.745658,0.0010525420075282454,10,1.0,3367.45658,True,
LOCAL-v1-q3-exactly10_sources-5061,3,frozen_baseline,10,342.915557,0.0010787500068545341,10,1.0,3429.15557,True,
LOCAL-v1-q3-exactly10_sources-5062,3,frozen_baseline,10,394.9475473,0.0009534170385450125,10,1.0,3949.475473,True,
LOCAL-v1-q3-exactly10_sources-5063,3,frozen_baseline,10,372.0240296,0.0009690839797258377,10,1.0,3720.240296,True,
LOCAL-v1-q3-exactly10_sources-5064,3,frozen_baseline,10,365.4539198,0.001154207973740995,10,1.0,3654.539198,True,
LOCAL-v1-q3-exactly10_sources-5065,3,frozen_baseline,10,348.5659578,0.0010489580454304814,10,1.0,3485.659578,True,
LOCAL-v1-q3-exactly10_sources-5066,3,frozen_baseline,10,334.9132881,0.0010343330213800073,10,1.0,3349.132881,True,
LOCAL-v1-q3-exactly10_sources-5067,3,frozen_baseline,10,398.3257098,0.0011441670358181,10,1.0,3983.257098,True,
LOCAL-v1-q3-exactly10_sources-5068,3,frozen_baseline,10,368.2242073,0.001065292046405375,10,1.0,3682.242073,True,
LOCAL-v1-q3-exactly10_sources-5069,3,frozen_baseline,10,358.46449590000003,0.0010218750685453415,10,1.0,3584.644959,True,
LOCAL-v1-q3-exactly10_sources-5070,3,frozen_baseline,10,358.001403,0.001194374985061586,10,1.0,3580.01403,True,
LOCAL-v1-q3-exactly10_sources-5071,3,frozen_baseline,10,346.34196149999997,0.0009672499727457762,10,1.0,3463.419615,True,
LOCAL-v1-q3-exactly10_sources-5072,3,frozen_baseline,10,368.59173300000003,0.0011462499387562275,10,1.0,3685.91733,True,
LOCAL-v1-q3-exactly10_sources-5073,3,frozen_baseline,10,366.8441139,0.0010876670712605119,10,1.0,3668.441139,True,
LOCAL-v1-q3-exactly10_sources-5074,3,frozen_baseline,10,354.7625645,0.0010912499856203794,10,1.0,3547.625645,True,
LOCAL-v1-q3-exactly10_sources-5075,3,frozen_baseline,10,394.7060226,0.0010961249936372042,10,1.0,3947.060226,True,
LOCAL-v1-q3-exactly10_sources-5076,3,frozen_baseline,10,376.49026749999996,0.0011225830530747771,10,1.0,3764.902675,True,
LOCAL-v1-q3-exactly10_sources-5077,3,frozen_baseline,10,349.2240925,0.0010814169654622674,10,1.0,3492.240925,True,
LOCAL-v1-q3-exactly10_sources-5078,3,frozen_baseline,10,363.1657865,0.0011838750215247273,10,1.0,3631.657865,True,
LOCAL-v1-q3-exactly10_sources-5079,3,frozen_baseline,10,356.76411229999997,0.0011232499964535236,10,1.0,3567.641123,True,
LOCAL-v1-q3-exactly10_sources-5080,3,frozen_baseline,10,331.9749026,0.0009603750659152865,10,1.0,3319.749026,True,
LOCAL-v1-q3-exactly10_sources-5081,3,frozen_baseline,10,333.9376972,0.0010966249974444509,10,1.0,3339.376972,True,
LOCAL-v1-q3-exactly10_sources-5082,3,frozen_baseline,10,388.21425239999996,0.00114483293145895,10,1.0,3882.142524,True,
LOCAL-v1-q3-exactly10_sources-5083,3,frozen_baseline,10,344.1869115,0.0010105420369654894,10,1.0,3441.869115,True,
LOCAL-v1-q3-exactly10_sources-5084,3,frozen_baseline,10,314.7198985,0.0010278329718858004,10,1.0,3147.198985,True,
LOCAL-v1-q3-exactly10_sources-5085,3,frozen_baseline,10,339.9422747,0.00097287492826581,10,1.0,3399.422747,True,
LOCAL-v1-q3-exactly10_sources-5086,3,frozen_baseline,10,341.85420949999997,0.0010157499928027391,10,1.0,3418.542095,True,
LOCAL-v1-q3-exactly10_sources-5087,3,frozen_baseline,10,391.1115972,0.0011812909506261349,10,1.0,3911.115972,True,
LOCAL-v1-q3-exactly10_sources-5088,3,frozen_baseline,10,324.2446214,0.0009933749679476023,10,1.0,3242.446214,True,
LOCAL-v1-q3-exactly10_sources-5089,3,frozen_baseline,10,323.74907939999997,0.0009752499172464013,10,1.0,3237.490794,True,
LOCAL-v1-q3-exactly10_sources-5090,3,frozen_baseline,10,395.9105654,0.0010867080418393016,10,1.0,3959.105654,True,
LOCAL-v1-q3-exactly10_sources-5091,3,frozen_baseline,10,335.26649299999997,0.0010010419646278024,10,1.0,3352.66493,True,
LOCAL-v1-q3-exactly10_sources-5092,3,frozen_baseline,10,348.5013468,0.0010689579648897052,10,1.0,3485.013468,True,
LOCAL-v1-q3-exactly10_sources-5093,3,frozen_baseline,10,351.2377059,0.0010463329963386059,10,1.0,3512.377059,True,
LOCAL-v1-q3-exactly10_sources-5094,3,frozen_baseline,10,382.0860657,0.0011093749199062586,10,1.0,3820.860657,True,
LOCAL-v1-q3-exactly10_sources-5095,3,frozen_baseline,10,322.5870367,0.001116375089623034,10,1.0,3225.870367,True,
LOCAL-v1-q3-exactly10_sources-5096,3,frozen_baseline,10,392.9929065,0.0010342500172555447,10,1.0,3929.929065,True,
LOCAL-v1-q3-exactly10_sources-5097,3,frozen_baseline,10,380.25699180000004,0.0010613750200718641,10,1.0,3802.569918,True,
LOCAL-v1-q3-exactly10_sources-5098,3,frozen_baseline,10,347.796915,0.0009656250476837158,10,1.0,3477.96915,True,
LOCAL-v1-q3-exactly10_sources-5099,3,frozen_baseline,10,357.79986399999996,0.0011832080781459808,10,1.0,3577.99864,True,
LOCAL-v1-q3-exactly16_sources-5000,3,frozen_baseline,16,282.9764535625,0.0015517080901190639,16,1.0,4527.623257,True,
LOCAL-v1-q3-exactly16_sources-5001,3,frozen_baseline,16,242.701398875,0.0015724580734968185,16,1.0,3883.222382,True,
LOCAL-v1-q3-exactly16_sources-5002,3,frozen_baseline,16,250.5253479375,0.0013611669419333339,16,1.0,4008.405567,True,
LOCAL-v1-q3-exactly16_sources-5003,3,frozen_baseline,16,240.5984198125,0.0014872089959681034,16,1.0,3849.574717,True,
LOCAL-v1-q3-exactly16_sources-5004,3,frozen_baseline,16,257.30547975,0.0015200000489130616,16,1.0,4116.887676,True,
LOCAL-v1-q3-exactly16_sources-5005,3,frozen_baseline,16,252.6656855,0.001695082988590002,16,1.0,4042.650968,True,
LOCAL-v1-q3-exactly16_sources-5006,3,frozen_baseline,16,279.74379075,0.0015616660239174962,16,1.0,4475.900652,True,
LOCAL-v1-q3-exactly16_sources-5007,3,frozen_baseline,16,249.6440319375,0.0014785840176045895,16,1.0,3994.304511,True,
LOCAL-v1-q3-exactly16_sources-5008,3,frozen_baseline,16,244.2223628125,0.0016134158940985799,16,1.0,3907.557805,True,
LOCAL-v1-q3-exactly16_sources-5009,3,frozen_baseline,16,248.0629074375,0.0014896669890731573,16,1.0,3969.006519,True,
LOCAL-v1-q3-exactly16_sources-5010,3,frozen_baseline,16,259.3008236875,0.0015671250876039267,16,1.0,4148.813179,True,
LOCAL-v1-q3-exactly16_sources-5011,3,frozen_baseline,16,277.23241325,0.0014563750009983778,16,1.0,4435.718612,True,
LOCAL-v1-q3-exactly16_sources-5012,3,frozen_baseline,16,244.56860275,0.0015617499593645334,16,1.0,3913.097644,True,
LOCAL-v1-q3-exactly16_sources-5013,3,frozen_baseline,16,260.721391125,0.001536083989776671,16,1.0,4171.542258,True,
LOCAL-v1-q3-exactly16_sources-5014,3,frozen_baseline,16,250.85045825,0.0015220839995890856,16,1.0,4013.607332,True,
LOCAL-v1-q3-exactly16_sources-5015,3,frozen_baseline,16,267.2309790625,0.001518749981187284,16,1.0,4275.695665,True,
LOCAL-v1-q3-exactly16_sources-5016,3,frozen_baseline,16,256.052974875,0.0015860829735174775,16,1.0,4096.847598,True,
LOCAL-v1-q3-exactly16_sources-5017,3,frozen_baseline,16,256.6807231875,0.0013516659382730722,16,1.0,4106.891571,True,
LOCAL-v1-q3-exactly16_sources-5018,3,frozen_baseline,16,296.99508575,0.0015297499485313892,16,1.0,4751.921372,True,
LOCAL-v1-q3-exactly16_sources-5019,3,frozen_baseline,16,283.2683320625,0.0013631669571623206,16,1.0,4532.293313,True,
LOCAL-v1-q3-exactly16_sources-5020,3,frozen_baseline,16,266.0172461875,0.0014809999847784638,16,1.0,4256.275939,True,
LOCAL-v1-q3-exactly16_sources-5021,3,frozen_baseline,16,272.2531525625,0.0015424999874085188,16,1.0,4356.050441,True,
LOCAL-v1-q3-exactly16_sources-5022,3,frozen_baseline,16,268.70228025,0.0014729590620845556,16,1.0,4299.236484,True,
LOCAL-v1-q3-exactly16_sources-5023,3,frozen_baseline,16,226.11858025,0.0013411249965429306,16,1.0,3617.897284,True,
LOCAL-v1-q3-exactly16_sources-5024,3,frozen_baseline,16,268.9887669375,0.001674833009019494,16,1.0,4303.820271,True,
LOCAL-v1-q3-exactly16_sources-5025,3,frozen_baseline,16,266.0792206875,0.0015412080101668835,16,1.0,4257.267531,True,
LOCAL-v1-q3-exactly16_sources-5026,3,frozen_baseline,16,299.5751114375,0.0016110000433400273,16,1.0,4793.201783,True,
LOCAL-v1-q3-exactly16_sources-5027,3,frozen_baseline,16,232.5955356875,0.0014938750537112355,16,1.0,3721.528571,True,
LOCAL-v1-q3-exactly16_sources-5028,3,frozen_baseline,16,265.441636875,0.0015548750525340438,16,1.0,4247.06619,True,
LOCAL-v1-q3-exactly16_sources-5029,3,frozen_baseline,16,250.7337781875,0.0014832500601187348,16,1.0,4011.740451,True,
LOCAL-v1-q3-exactly16_sources-5030,3,frozen_baseline,16,253.46435675,0.00404608401004225,16,1.0,4055.429708,True,
LOCAL-v1-q3-exactly16_sources-5031,3,frozen_baseline,16,260.85283825,0.001629207981750369,16,1.0,4173.645412,True,
LOCAL-v1-q3-exactly16_sources-5032,3,frozen_baseline,16,288.16257325,0.0017417080234736204,16,1.0,4610.601172,True,
LOCAL-v1-q3-exactly16_sources-5033,3,frozen_baseline,16,249.716264625,0.001402541995048523,16,1.0,3995.460234,True,
LOCAL-v1-q3-exactly16_sources-5034,3,frozen_baseline,16,253.77811075,0.0016302919248118997,16,1.0,4060.449772,True,
LOCAL-v1-q3-exactly16_sources-5035,3,frozen_baseline,16,285.7722114375,0.0015702910022810102,16,1.0,4572.355383,True,
LOCAL-v1-q3-exactly16_sources-5036,3,frozen_baseline,16,241.2167435625,0.001415250007994473,16,1.0,3859.467897,True,
LOCAL-v1-q3-exactly16_sources-5037,3,frozen_baseline,16,241.8761270625,0.0014899999368935823,16,1.0,3870.018033,True,
LOCAL-v1-q3-exactly16_sources-5038,3,frozen_baseline,16,275.48420675,0.0015531660756096244,16,1.0,4407.747308,True,
LOCAL-v1-q3-exactly16_sources-5039,3,frozen_baseline,16,261.104684,0.0014095830265432596,16,1.0,4177.674944,True,
LOCAL-v1-q3-exactly16_sources-5040,3,frozen_baseline,16,279.3794929375,0.0014034999767318368,16,1.0,4470.071887,True,
LOCAL-v1-q3-exactly16_sources-5041,3,frozen_baseline,16,255.053448375,0.001477541052736342,16,1.0,4080.855174,True,
LOCAL-v1-q3-exactly16_sources-5042,3,frozen_baseline,16,259.972884625,0.0015038750134408474,16,1.0,4159.566154,True,
LOCAL-v1-q3-exactly16_sources-5043,3,frozen_baseline,16,248.3639508125,0.001629916951060295,16,1.0,3973.823213,True,
LOCAL-v1-q3-exactly16_sources-5044,3,frozen_baseline,16,235.5035523125,0.0014174580574035645,16,1.0,3768.056837,True,
LOCAL-v1-q3-exactly16_sources-5045,3,frozen_baseline,16,256.9794864375,0.0016624999698251486,16,1.0,4111.671783,True,
LOCAL-v1-q3-exactly16_sources-5046,3,frozen_baseline,16,275.5745915,0.0015152919804677367,16,1.0,4409.193464,True,
LOCAL-v1-q3-exactly16_sources-5047,3,frozen_baseline,16,230.7874636875,0.0014493330381810665,16,1.0,3692.599419,True,
LOCAL-v1-q3-exactly16_sources-5048,3,frozen_baseline,16,251.648514875,0.0015443750889971852,16,1.0,4026.376238,True,
LOCAL-v1-q3-exactly16_sources-5049,3,frozen_baseline,16,257.3075888125,0.0015707920538261533,16,1.0,4116.921421,True,
LOCAL-v1-q3-exactly16_sources-5050,3,frozen_baseline,16,248.2239980625,0.001470666960813105,16,1.0,3971.583969,True,
LOCAL-v1-q3-exactly16_sources-5051,3,frozen_baseline,16,258.601975625,0.0015665000537410378,16,1.0,4137.63161,True,
LOCAL-v1-q3-exactly16_sources-5052,3,frozen_baseline,16,272.8621143125,0.0014835839392617345,16,1.0,4365.793829,True,
LOCAL-v1-q3-exactly16_sources-5053,3,frozen_baseline,16,252.2673453125,0.0013469590339809656,16,1.0,4036.277525,True,
LOCAL-v1-q3-exactly16_sources-5054,3,frozen_baseline,16,262.790193,0.0014185409527271986,16,1.0,4204.643088,True,
LOCAL-v1-q3-exactly16_sources-5055,3,frozen_baseline,16,255.49022775,0.001437583938241005,16,1.0,4087.843644,True,
LOCAL-v1-q3-exactly16_sources-5056,3,frozen_baseline,16,244.18355925,0.001485500019043684,16,1.0,3906.936948,True,
LOCAL-v1-q3-exactly16_sources-5057,3,frozen_baseline,16,251.6540956875,0.0016374168917536736,16,1.0,4026.465531,True,
LOCAL-v1-q3-exactly16_sources-5058,3,frozen_baseline,16,211.573409875,0.0013010420370846987,16,1.0,3385.174558,True,
LOCAL-v1-q3-exactly16_sources-5059,3,frozen_baseline,16,268.419886,0.001430041971616447,16,1.0,4294.718176,True,
LOCAL-v1-q3-exactly16_sources-5060,3,frozen_baseline,16,239.7427771875,0.0014835409820079803,16,1.0,3835.884435,True,
LOCAL-v1-q3-exactly16_sources-5061,3,frozen_baseline,16,297.62277375,0.001495208009146154,16,1.0,4761.96438,True,
LOCAL-v1-q3-exactly16_sources-5062,3,frozen_baseline,16,249.1404301875,0.0013197920052334666,16,1.0,3986.246883,True,
LOCAL-v1-q3-exactly16_sources-5063,3,frozen_baseline,16,259.7369274375,0.0014807910192757845,16,1.0,4155.790839,True,
LOCAL-v1-q3-exactly16_sources-5064,3,frozen_baseline,16,275.726359125,0.0014838749775663018,16,1.0,4411.621746,True,
LOCAL-v1-q3-exactly16_sources-5065,3,frozen_baseline,16,246.4867304375,0.001411916920915246,16,1.0,3943.787687,True,
LOCAL-v1-q3-exactly16_sources-5066,3,frozen_baseline,16,263.5460693125,0.0014001249801367521,16,1.0,4216.737109,True,
LOCAL-v1-q3-exactly16_sources-5067,3,frozen_baseline,16,267.5560099375,0.001662166090682149,16,1.0,4280.896159,True,
LOCAL-v1-q3-exactly16_sources-5068,3,frozen_baseline,16,270.5865595,0.0015390829648822546,16,1.0,4329.384952,True,
LOCAL-v1-q3-exactly16_sources-5069,3,frozen_baseline,16,254.7702769375,0.001532917027361691,16,1.0,4076.324431,True,
LOCAL-v1-q3-exactly16_sources-5070,3,frozen_baseline,16,256.6016313125,0.0015625840751454234,16,1.0,4105.626101,True,
LOCAL-v1-q3-exactly16_sources-5071,3,frozen_baseline,16,279.368518125,0.0015294579789042473,16,1.0,4469.89629,True,
LOCAL-v1-q3-exactly16_sources-5072,3,frozen_baseline,16,238.733980625,0.0014006249839439988,16,1.0,3819.74369,True,
LOCAL-v1-q3-exactly16_sources-5073,3,frozen_baseline,16,309.17354825,0.0016588339349254966,16,1.0,4946.776772,True,
LOCAL-v1-q3-exactly16_sources-5074,3,frozen_baseline,16,240.63327025,0.0015047499909996986,16,1.0,3850.132324,True,
LOCAL-v1-q3-exactly16_sources-5075,3,frozen_baseline,16,271.9668070625,0.001511584036052227,16,1.0,4351.468913,True,
LOCAL-v1-q3-exactly16_sources-5076,3,frozen_baseline,16,221.440714625,0.0014295420842245221,16,1.0,3543.051434,True,
LOCAL-v1-q3-exactly16_sources-5077,3,frozen_baseline,16,255.7308425625,0.0014856249326840043,16,1.0,4091.693481,True,
LOCAL-v1-q3-exactly16_sources-5078,3,frozen_baseline,16,232.2571135625,0.0017016250640153885,16,1.0,3716.113817,True,
LOCAL-v1-q3-exactly16_sources-5079,3,frozen_baseline,16,279.4935595,0.0013652079505845904,16,1.0,4471.896952,True,
LOCAL-v1-q3-exactly16_sources-5080,3,frozen_baseline,16,271.3768011875,0.0015649580163881183,16,1.0,4342.028819,True,
LOCAL-v1-q3-exactly16_sources-5081,3,frozen_baseline,16,239.019877125,0.001447124988771975,16,1.0,3824.318034,True,
LOCAL-v1-q3-exactly16_sources-5082,3,frozen_baseline,16,270.0133695,0.001409459044225514,16,1.0,4320.213912,True,
LOCAL-v1-q3-exactly16_sources-5083,3,frozen_baseline,16,285.2159106875,0.0015449170023202896,16,1.0,4563.454571,True,
LOCAL-v1-q3-exactly16_sources-5084,3,frozen_baseline,16,265.0563035625,0.0015904579777270555,16,1.0,4240.900857,True,
LOCAL-v1-q3-exactly16_sources-5085,3,frozen_baseline,16,244.1722564375,0.0015660839853808284,16,1.0,3906.756103,True,
LOCAL-v1-q3-exactly16_sources-5086,3,frozen_baseline,16,233.769822875,0.0015502499882131815,16,1.0,3740.317166,True,
LOCAL-v1-q3-exactly16_sources-5087,3,frozen_baseline,16,247.68604825,0.001441249973140657,16,1.0,3962.976772,True,
LOCAL-v1-q3-exactly16_sources-5088,3,frozen_baseline,16,226.3097661875,0.0015239580534398556,16,1.0,3620.956259,True,
LOCAL-v1-q3-exactly16_sources-5089,3,frozen_baseline,16,277.4882148125,0.0016002499032765627,16,1.0,4439.811437,True,
LOCAL-v1-q3-exactly16_sources-5090,3,frozen_baseline,16,258.211535875,0.001435499987564981,16,1.0,4131.384574,True,
LOCAL-v1-q3-exactly16_sources-5091,3,frozen_baseline,16,264.8371161875,0.001661792048253119,16,1.0,4237.393859,True,
LOCAL-v1-q3-exactly16_sources-5092,3,frozen_baseline,16,248.4156640625,0.0015104999765753746,16,1.0,3974.650625,True,
LOCAL-v1-q3-exactly16_sources-5093,3,frozen_baseline,16,215.411677625,0.0014651250094175339,16,1.0,3446.586842,True,
LOCAL-v1-q3-exactly16_sources-5094,3,frozen_baseline,16,288.4583174375,0.0015718749491497874,16,1.0,4615.333079,True,
LOCAL-v1-q3-exactly16_sources-5095,3,frozen_baseline,16,258.8160541875,0.0014436660567298532,16,1.0,4141.056867,True,
LOCAL-v1-q3-exactly16_sources-5096,3,frozen_baseline,16,251.396764125,0.00147070805542171,16,1.0,4022.348226,True,
LOCAL-v1-q3-exactly16_sources-5097,3,frozen_baseline,16,234.9973629375,0.0014714589342474937,16,1.0,3759.957807,True,
LOCAL-v1-q3-exactly16_sources-5098,3,frozen_baseline,16,260.62969925,0.0016601660754531622,16,1.0,4170.075188,True,
LOCAL-v1-q3-exactly16_sources-5099,3,frozen_baseline,16,226.016537375,0.0014204580802470446,16,1.0,3616.264598,True,
LOCAL-v1-q4-reference_assumed-5000,4,frozen_baseline,11,599.840063,0.018438333994708955,11,1.0,6598.240693,True,
LOCAL-v1-q4-reference_assumed-5001,4,frozen_baseline,14,544.6526032857143,0.018266209051944315,14,1.0,7625.136446,True,
LOCAL-v1-q4-reference_assumed-5002,4,frozen_baseline,15,468.19097700000003,0.015268833027221262,15,1.0,7022.864655,True,
LOCAL-v1-q4-reference_assumed-5003,4,frozen_baseline,11,619.2687357272727,0.016508334083482623,11,1.0,6811.956093,True,
LOCAL-v1-q4-reference_assumed-5004,4,frozen_baseline,12,528.41223475,0.01703850005287677,12,1.0,6340.946817,True,
LOCAL-v1-q4-reference_assumed-5005,4,frozen_baseline,11,566.3165002727272,0.020051792031154037,11,1.0,6229.481503,True,
LOCAL-v1-q4-reference_assumed-5006,4,frozen_baseline,11,644.458277909091,0.01836674998048693,11,1.0,7089.041057,True,
LOCAL-v1-q4-reference_assumed-5007,4,frozen_baseline,11,623.1219978181817,0.022342000040225685,11,1.0,6854.341976,True,
LOCAL-v1-q4-reference_assumed-5008,4,frozen_baseline,10,814.8688037,0.01946608303114772,10,1.0,8148.688037,True,
LOCAL-v1-q4-reference_assumed-5009,4,frozen_baseline,14,467.51132,0.021798167028464377,14,1.0,6545.15848,True,
LOCAL-v1-q4-reference_assumed-5010,4,frozen_baseline,12,523.51339525,0.01853266602847725,12,1.0,6282.160743,True,
LOCAL-v1-q4-reference_assumed-5011,4,frozen_baseline,15,450.05365873333335,0.01851249998435378,15,1.0,6750.804881,True,
LOCAL-v1-q4-reference_assumed-5012,4,frozen_baseline,10,657.2471982,0.01433529204223305,10,1.0,6572.471982,True,
LOCAL-v1-q4-reference_assumed-5013,4,frozen_baseline,12,583.6623150833333,0.014776000054553151,12,1.0,7003.947781,True,
LOCAL-v1-q4-reference_assumed-5014,4,frozen_baseline,11,632.9041657272727,0.01753504096996039,11,1.0,6961.945823,True,
LOCAL-v1-q4-reference_assumed-5015,4,frozen_baseline,12,545.9013948333334,0.019001250038854778,12,1.0,6550.816738,True,
LOCAL-v1-q4-reference_assumed-5016,4,frozen_baseline,16,401.793748375,0.018768416019156575,16,1.0,6428.699974,True,
LOCAL-v1-q4-reference_assumed-5017,4,frozen_baseline,15,549.6781098666667,0.016641209018416703,15,1.0,8245.171648,True,
LOCAL-v1-q4-reference_assumed-5018,4,frozen_baseline,10,796.2987323,0.016056666965596378,10,1.0,7962.987323,True,
LOCAL-v1-q4-reference_assumed-5019,4,frozen_baseline,11,625.9010803636364,0.017639667028561234,11,1.0,6884.911884,True,
LOCAL-v1-q4-reference_assumed-5020,4,frozen_baseline,16,453.95744875,0.016721374937333167,16,1.0,7263.31918,True,
LOCAL-v1-q4-reference_assumed-5021,4,frozen_baseline,14,528.5917218571428,0.018196374992839992,14,1.0,7400.284106,True,
LOCAL-v1-q4-reference_assumed-5022,4,frozen_baseline,14,550.7124377857143,0.019812875078059733,14,1.0,7709.974129,True,
LOCAL-v1-q4-reference_assumed-5023,4,frozen_baseline,15,411.6532883333333,0.02261095796711743,15,1.0,6174.799325,True,
LOCAL-v1-q4-reference_assumed-5024,4,frozen_baseline,13,489.6105983076923,0.01611949992366135,13,1.0,6364.937778,True,
LOCAL-v1-q4-reference_assumed-5025,4,frozen_baseline,12,620.79194375,0.019788083038292825,12,1.0,7449.503325,True,
LOCAL-v1-q4-reference_assumed-5026,4,frozen_baseline,15,430.5395578,0.01952512504067272,15,1.0,6458.093367,True,
LOCAL-v1-q4-reference_assumed-5027,4,frozen_baseline,11,640.5039158181818,0.018402375048026443,11,1.0,7045.543074,True,
LOCAL-v1-q4-reference_assumed-5028,4,frozen_baseline,10,679.8445515000001,0.01617962506134063,10,1.0,6798.445515,True,
LOCAL-v1-q4-reference_assumed-5029,4,frozen_baseline,11,688.4357184545454,0.016512000001966953,11,1.0,7572.792903,True,
LOCAL-v1-q4-reference_assumed-5030,4,frozen_baseline,12,697.38049625,0.018398915999569,12,1.0,8368.565955,True,
LOCAL-v1-q4-reference_assumed-5031,4,frozen_baseline,15,504.49689086666666,0.01968899997882545,15,1.0,7567.453363,True,
LOCAL-v1-q4-reference_assumed-5032,4,frozen_baseline,11,559.0710585454545,0.01778649992775172,11,1.0,6149.781644,True,
LOCAL-v1-q4-reference_assumed-5033,4,frozen_baseline,14,445.2781163571429,0.019003958092071116,14,1.0,6233.893629,True,
LOCAL-v1-q4-reference_assumed-5034,4,frozen_baseline,16,490.203628625,0.01970945904031396,16,1.0,7843.258058,True,
LOCAL-v1-q4-reference_assumed-5035,4,frozen_baseline,10,704.5816368,0.014826332917436957,10,1.0,7045.816368,True,
LOCAL-v1-q4-reference_assumed-5036,4,frozen_baseline,15,488.2574426,0.015811167075298727,15,1.0,7323.861639,True,
LOCAL-v1-q4-reference_assumed-5037,4,frozen_baseline,15,550.2521052666667,0.02182475000154227,15,1.0,8253.781579,True,
LOCAL-v1-q4-reference_assumed-5038,4,frozen_baseline,16,410.1532484375,0.01911745802499354,16,1.0,6562.451975,True,
LOCAL-v1-q4-reference_assumed-5039,4,frozen_baseline,10,679.9325279,0.01727583399042487,10,1.0,6799.325279,True,
LOCAL-v1-q4-reference_assumed-5040,4,frozen_baseline,15,422.29870300000005,0.017942290985956788,15,1.0,6334.480545,True,
LOCAL-v1-q4-reference_assumed-5041,4,frozen_baseline,15,525.4085812,0.02078533300664276,15,1.0,7881.128718,True,
LOCAL-v1-q4-reference_assumed-5042,4,frozen_baseline,11,603.1172753636364,0.020450124982744455,11,1.0,6634.290029,True,
LOCAL-v1-q4-reference_assumed-5043,4,frozen_baseline,12,580.3268004166667,0.022982334019616246,12,1.0,6963.921605,True,
LOCAL-v1-q4-reference_assumed-5044,4,frozen_baseline,11,683.660791,0.01693241694010794,11,1.0,7520.268701,True,
LOCAL-v1-q4-reference_assumed-5045,4,frozen_baseline,11,569.6669296363636,0.014533833949826658,11,1.0,6266.336226,True,
LOCAL-v1-q4-reference_assumed-5046,4,frozen_baseline,10,650.2828733,0.017248208983801305,10,1.0,6502.828733,True,
LOCAL-v1-q4-reference_assumed-5047,4,frozen_baseline,16,392.92408325,0.02253316598944366,16,1.0,6286.785332,True,
LOCAL-v1-q4-reference_assumed-5048,4,frozen_baseline,12,556.604422,0.015030540991574526,12,1.0,6679.253064,True,
LOCAL-v1-q4-reference_assumed-5049,4,frozen_baseline,10,737.8516804,0.017997249960899353,10,1.0,7378.516804,True,
LOCAL-v1-q4-reference_assumed-5050,4,frozen_baseline,15,469.9882676,0.01988966704811901,15,1.0,7049.824014,True,
LOCAL-v1-q4-reference_assumed-5051,4,frozen_baseline,11,660.1872349090909,0.015321042039431632,11,1.0,7262.059584,True,
LOCAL-v1-q4-reference_assumed-5052,4,frozen_baseline,13,482.30088423076927,0.017699333024211228,13,1.0,6269.911495,True,
LOCAL-v1-q4-reference_assumed-5053,4,frozen_baseline,16,413.3526328125,0.02044970798306167,16,1.0,6613.642125,True,
LOCAL-v1-q4-reference_assumed-5054,4,frozen_baseline,16,420.4218415625,0.02009629097301513,16,1.0,6726.749465,True,
LOCAL-v1-q4-reference_assumed-5055,4,frozen_baseline,12,702.4245598333333,0.01453729101922363,12,1.0,8429.094718,True,
LOCAL-v1-q4-reference_assumed-5056,4,frozen_baseline,13,503.2132043846154,0.01649379206355661,13,1.0,6541.771657,True,
LOCAL-v1-q4-reference_assumed-5057,4,frozen_baseline,13,525.8481337692308,0.01479770801961422,13,1.0,6836.025739,True,
LOCAL-v1-q4-reference_assumed-5058,4,frozen_baseline,14,465.2459070714286,0.017603332991711795,14,1.0,6513.442699,True,
LOCAL-v1-q4-reference_assumed-5059,4,frozen_baseline,12,557.31233075,0.017361875041387975,12,1.0,6687.747969,True,
LOCAL-v1-q4-reference_assumed-5060,4,frozen_baseline,11,627.9468371818182,0.0190348339965567,11,1.0,6907.415209,True,
LOCAL-v1-q4-reference_assumed-5061,4,frozen_baseline,13,589.9307072307693,0.017476166016422212,13,1.0,7669.099194,True,
LOCAL-v1-q4-reference_assumed-5062,4,frozen_baseline,16,620.640057,0.022047500009648502,16,1.0,9930.240912,True,
LOCAL-v1-q4-reference_assumed-5063,4,frozen_baseline,15,450.1722162,0.021765915909782052,15,1.0,6752.583243,True,
LOCAL-v1-q4-reference_assumed-5064,4,frozen_baseline,13,505.61541415384613,0.018317708047106862,13,1.0,6573.000384,True,
LOCAL-v1-q4-reference_assumed-5065,4,frozen_baseline,12,610.00306625,0.017486791010014713,12,1.0,7320.036795,True,
LOCAL-v1-q4-reference_assumed-5066,4,frozen_baseline,10,646.3032812,0.028237959020771086,10,1.0,6463.032812,True,
LOCAL-v1-q4-reference_assumed-5067,4,frozen_baseline,16,437.9762419375,0.021157916984520853,16,1.0,7007.619871,True,
LOCAL-v1-q4-reference_assumed-5068,4,frozen_baseline,13,578.3184062307693,0.019733750028535724,13,1.0,7518.139281,True,
LOCAL-v1-q4-reference_assumed-5069,4,frozen_baseline,14,630.5991988571429,0.019332624971866608,14,1.0,8828.388784,True,
LOCAL-v1-q4-reference_assumed-5070,4,frozen_baseline,12,550.2090033333333,0.016469541005790234,12,1.0,6602.50804,True,
LOCAL-v1-q4-reference_assumed-5071,4,frozen_baseline,12,563.5847838333333,0.01930649997666478,12,1.0,6763.017406,True,
LOCAL-v1-q4-reference_assumed-5072,4,frozen_baseline,15,484.1715461333333,0.014656709041446447,15,1.0,7262.573192,True,
LOCAL-v1-q4-reference_assumed-5073,4,frozen_baseline,10,617.9518816,0.016923957969993353,10,1.0,6179.518816,True,
LOCAL-v1-q4-reference_assumed-5074,4,frozen_baseline,16,421.9096605625,0.021216832916252315,16,1.0,6750.554569,True,
LOCAL-v1-q4-reference_assumed-5075,4,frozen_baseline,15,466.0731638,0.01776150008663535,15,1.0,6991.097457,True,
LOCAL-v1-q4-reference_assumed-5076,4,frozen_baseline,12,563.84831625,0.02210995799396187,12,1.0,6766.179795,True,
LOCAL-v1-q4-reference_assumed-5077,4,frozen_baseline,14,454.91972942857143,0.01751100004184991,14,1.0,6368.876212,True,
LOCAL-v1-q4-reference_assumed-5078,4,frozen_baseline,13,514.8831229230769,0.01900308404583484,13,1.0,6693.480598,True,
LOCAL-v1-q4-reference_assumed-5079,4,frozen_baseline,10,647.5099622,0.014813916990533471,10,1.0,6475.099622,True,
LOCAL-v1-q4-reference_assumed-5080,4,frozen_baseline,10,979.3210047,0.017555750091560185,10,1.0,9793.210047,True,
LOCAL-v1-q4-reference_assumed-5081,4,frozen_baseline,16,472.6885008125,0.018634291016496718,16,1.0,7563.016013,True,
LOCAL-v1-q4-reference_assumed-5082,4,frozen_baseline,13,539.0119212307692,0.016084542032331228,13,1.0,7007.154976,True,
LOCAL-v1-q4-reference_assumed-5083,4,frozen_baseline,13,559.7647041538462,0.020159041974693537,13,1.0,7276.941154,True,
LOCAL-v1-q4-reference_assumed-5084,4,frozen_baseline,14,566.9945386428572,0.018158167018555105,14,1.0,7937.923541,True,
LOCAL-v1-q4-reference_assumed-5085,4,frozen_baseline,15,415.3247566,0.01946258300449699,15,1.0,6229.871349,True,
LOCAL-v1-q4-reference_assumed-5086,4,frozen_baseline,12,622.3148574166667,0.02009062492288649,12,1.0,7467.778289,True,
LOCAL-v1-q4-reference_assumed-5087,4,frozen_baseline,13,549.8845437692308,0.01646816695574671,13,1.0,7148.499069,True,
LOCAL-v1-q4-reference_assumed-5088,4,frozen_baseline,16,493.202377875,0.022151750046759844,16,1.0,7891.238046,True,
LOCAL-v1-q4-reference_assumed-5089,4,frozen_baseline,15,488.364464,0.020537375006824732,15,1.0,7325.46696,True,
LOCAL-v1-q4-reference_assumed-5090,4,frozen_baseline,14,528.205831,0.015339459059759974,14,1.0,7394.881634,True,
LOCAL-v1-q4-reference_assumed-5091,4,frozen_baseline,12,602.5169233333334,0.017115958034992218,12,1.0,7230.20308,True,
LOCAL-v1-q4-reference_assumed-5092,4,frozen_baseline,11,567.3377536363637,0.018419958068989217,11,1.0,6240.71529,True,
LOCAL-v1-q4-reference_assumed-5093,4,frozen_baseline,15,529.2688561333333,0.01614745892584324,15,1.0,7939.032842,True,
LOCAL-v1-q4-reference_assumed-5094,4,frozen_baseline,11,749.1621640000001,0.014868875034153461,11,1.0,8240.783804,True,
LOCAL-v1-q4-reference_assumed-5095,4,frozen_baseline,10,688.0420197000001,0.017050374997779727,10,1.0,6880.420197,True,
LOCAL-v1-q4-reference_assumed-5096,4,frozen_baseline,14,478.8889315714286,0.02098629204556346,14,1.0,6704.445042,True,
LOCAL-v1-q4-reference_assumed-5097,4,frozen_baseline,13,549.2269992307693,0.019490416045300663,13,1.0,7139.95099,True,
LOCAL-v1-q4-reference_assumed-5098,4,frozen_baseline,16,406.7532150625,0.018808042048476636,16,1.0,6508.051441,True,
LOCAL-v1-q4-reference_assumed-5099,4,frozen_baseline,13,643.6463064615384,0.03194787504617125,13,1.0,8367.401984,True,
LOCAL-v1-q4-fixed_positive_bias-5000,4,frozen_baseline,11,647.6169078181819,0.01909429207444191,11,1.0,7123.785986,True,
LOCAL-v1-q4-fixed_positive_bias-5001,4,frozen_baseline,14,542.7024627142857,0.01793950004503131,14,1.0,7597.834478,True,
LOCAL-v1-q4-fixed_positive_bias-5002,4,frozen_baseline,15,494.08834459999997,0.015366000006906688,15,1.0,7411.325169,True,
LOCAL-v1-q4-fixed_positive_bias-5003,4,frozen_baseline,11,619.4778925454546,0.017381625017151237,11,1.0,6814.256818,True,
LOCAL-v1-q4-fixed_positive_bias-5004,4,frozen_baseline,12,521.8527876666667,0.01870337501168251,12,1.0,6262.233452,True,
LOCAL-v1-q4-fixed_positive_bias-5005,4,frozen_baseline,11,563.2058562727273,0.020056374953128397,11,1.0,6195.264419,True,
LOCAL-v1-q4-fixed_positive_bias-5006,4,frozen_baseline,11,630.2910909999999,0.018987625022418797,11,1.0,6933.202001,True,
LOCAL-v1-q4-fixed_positive_bias-5007,4,frozen_baseline,11,612.2778149090909,0.022592458059079945,11,1.0,6735.055964,True,
LOCAL-v1-q4-fixed_positive_bias-5008,4,frozen_baseline,10,1129.3774042,0.019757917034439743,10,1.0,11293.774042,True,
LOCAL-v1-q4-fixed_positive_bias-5009,4,frozen_baseline,14,487.3433439285714,0.019797082990407944,14,1.0,6822.806815,True,
LOCAL-v1-q4-fixed_positive_bias-5010,4,frozen_baseline,12,532.0656696666666,0.01884841697756201,12,1.0,6384.788036,True,
LOCAL-v1-q4-fixed_positive_bias-5011,4,frozen_baseline,15,708.3368226,0.018410707940347493,15,1.0,10625.052339,True,
LOCAL-v1-q4-fixed_positive_bias-5012,4,frozen_baseline,10,645.8885008999999,0.014506959007121623,10,1.0,6458.885009,True,
LOCAL-v1-q4-fixed_positive_bias-5013,4,frozen_baseline,12,790.9957625833334,0.01529579097405076,12,1.0,9491.949151,True,
LOCAL-v1-q4-fixed_positive_bias-5014,4,frozen_baseline,11,613.5659621818181,0.01454670901875943,11,1.0,6749.225584,True,
LOCAL-v1-q4-fixed_positive_bias-5015,4,frozen_baseline,12,536.0859515,0.018915749969892204,12,1.0,6433.031418,True,
LOCAL-v1-q4-fixed_positive_bias-5016,4,frozen_baseline,16,446.4601569375,0.018972583930008113,16,1.0,7143.362511,True,
LOCAL-v1-q4-fixed_positive_bias-5017,4,frozen_baseline,15,530.9082698666666,0.019023542059585452,15,1.0,7963.624048,True,
LOCAL-v1-q4-fixed_positive_bias-5018,4,frozen_baseline,10,736.3295971,0.015974667039699852,10,1.0,7363.295971,True,
LOCAL-v1-q4-fixed_positive_bias-5019,4,frozen_baseline,11,624.5664483636364,0.01787233306095004,11,1.0,6870.230932,True,
LOCAL-v1-q4-fixed_positive_bias-5020,4,frozen_baseline,16,399.8863685625,0.016534707974642515,16,1.0,6398.181897,True,
LOCAL-v1-q4-fixed_positive_bias-5021,4,frozen_baseline,14,924.6566287142857,0.018799958052113652,14,1.0,12945.192802,True,
LOCAL-v1-q4-fixed_positive_bias-5022,4,frozen_baseline,14,584.0761168571429,0.01975750003475696,14,1.0,8177.065636,True,
LOCAL-v1-q4-fixed_positive_bias-5023,4,frozen_baseline,15,512.6932488,0.020683333044871688,15,1.0,7690.398732,True,
LOCAL-v1-q4-fixed_positive_bias-5024,4,frozen_baseline,13,490.2051814615385,0.01623491698410362,13,1.0,6372.667359,True,
LOCAL-v1-q4-fixed_positive_bias-5025,4,frozen_baseline,12,624.0393021666666,0.01951908296905458,12,1.0,7488.471626,True,
LOCAL-v1-q4-fixed_positive_bias-5026,4,frozen_baseline,15,429.4525436,0.01932383410166949,15,1.0,6441.788154,True,
LOCAL-v1-q4-fixed_positive_bias-5027,4,frozen_baseline,11,639.7159478181818,0.018501584068872035,11,1.0,7036.875426,True,
LOCAL-v1-q4-fixed_positive_bias-5028,4,frozen_baseline,10,836.7672725,0.016574041917920113,10,1.0,8367.672725,True,
LOCAL-v1-q4-fixed_positive_bias-5029,4,frozen_baseline,11,624.8147927272728,0.016341333044692874,11,1.0,6872.96272,True,
LOCAL-v1-q4-fixed_positive_bias-5030,4,frozen_baseline,12,593.0133013333333,0.01814583409577608,12,1.0,7116.159616,True,
LOCAL-v1-q4-fixed_positive_bias-5031,4,frozen_baseline,15,553.9802912,0.01975758303888142,15,1.0,8309.704368,True,
LOCAL-v1-q4-fixed_positive_bias-5032,4,frozen_baseline,11,552.6472287272727,0.01800983294378966,11,1.0,6079.119516,True,
LOCAL-v1-q4-fixed_positive_bias-5033,4,frozen_baseline,14,444.8729249285714,0.019012290984392166,14,1.0,6228.220949,True,
LOCAL-v1-q4-fixed_positive_bias-5034,4,frozen_baseline,16,620.8279510625,0.019592124968767166,16,1.0,9933.247217,True,
LOCAL-v1-q4-fixed_positive_bias-5035,4,frozen_baseline,10,734.4142994,0.014969874988310039,10,1.0,7344.142994,True,
LOCAL-v1-q4-fixed_positive_bias-5036,4,frozen_baseline,15,617.7655486,0.01609379192814231,15,1.0,9266.483229,True,
LOCAL-v1-q4-fixed_positive_bias-5037,4,frozen_baseline,15,525.3197255333333,0.02176824992056936,15,1.0,7879.795883,True,
LOCAL-v1-q4-fixed_positive_bias-5038,4,frozen_baseline,16,468.2103924375,0.017994499998167157,16,1.0,7491.366279,True,
LOCAL-v1-q4-fixed_positive_bias-5039,4,frozen_baseline,10,681.6378251,0.016939499997533858,10,1.0,6816.378251,True,
LOCAL-v1-q4-fixed_positive_bias-5040,4,frozen_baseline,15,444.3993570666667,0.018088667071424425,15,1.0,6665.990356,True,
LOCAL-v1-q4-fixed_positive_bias-5041,4,frozen_baseline,15,491.11732986666664,0.020671042031608522,15,1.0,7366.759948,True,
LOCAL-v1-q4-fixed_positive_bias-5042,4,frozen_baseline,11,632.5621387272727,0.018004374927841127,11,1.0,6958.183526,True,
LOCAL-v1-q4-fixed_positive_bias-5043,4,frozen_baseline,12,682.3081060000001,0.023241834016516805,12,1.0,8187.697272,True,
LOCAL-v1-q4-fixed_positive_bias-5044,4,frozen_baseline,11,667.047251,0.016410208074375987,11,1.0,7337.519761,True,
LOCAL-v1-q4-fixed_positive_bias-5045,4,frozen_baseline,11,561.3338449090909,0.016795124975033104,11,1.0,6174.672294,True,
LOCAL-v1-q4-fixed_positive_bias-5046,4,frozen_baseline,10,659.5521474999999,0.017632999923080206,10,1.0,6595.521475,True,
LOCAL-v1-q4-fixed_positive_bias-5047,4,frozen_baseline,16,392.831134875,0.022661249968223274,16,1.0,6285.298158,True,
LOCAL-v1-q4-fixed_positive_bias-5048,4,frozen_baseline,12,563.3455124999999,0.014983124914579093,12,1.0,6760.14615,True,
LOCAL-v1-q4-fixed_positive_bias-5049,4,frozen_baseline,10,794.697583,0.0180172499967739,10,1.0,7946.97583,True,
LOCAL-v1-q4-fixed_positive_bias-5050,4,frozen_baseline,15,425.3074016666667,0.0198904579738155,15,1.0,6379.611025,True,
LOCAL-v1-q4-fixed_positive_bias-5051,4,frozen_baseline,11,675.3437353636364,0.015306834015063941,11,1.0,7428.781089,True,
LOCAL-v1-q4-fixed_positive_bias-5052,4,frozen_baseline,13,479.52855476923077,0.0176612091017887,13,1.0,6233.871212,True,
LOCAL-v1-q4-fixed_positive_bias-5053,4,frozen_baseline,16,437.5307343125,0.019324874971061945,16,1.0,7000.491749,True,
LOCAL-v1-q4-fixed_positive_bias-5054,4,frozen_baseline,16,443.56616225,0.019914250005967915,16,1.0,7097.058596,True,
LOCAL-v1-q4-fixed_positive_bias-5055,4,frozen_baseline,12,810.6356748333333,0.014874375076033175,12,1.0,9727.628098,True,
LOCAL-v1-q4-fixed_positive_bias-5056,4,frozen_baseline,13,503.38562938461536,0.01665950007736683,13,1.0,6544.013182,True,
LOCAL-v1-q4-fixed_positive_bias-5057,4,frozen_baseline,13,527.2936333076923,0.0149972919607535,13,1.0,6854.817233,True,
LOCAL-v1-q4-fixed_positive_bias-5058,4,frozen_baseline,14,511.9337745714286,0.017498582950793207,14,1.0,7167.072844,True,
LOCAL-v1-q4-fixed_positive_bias-5059,4,frozen_baseline,12,548.7392470833333,0.017581291031092405,12,1.0,6584.870965,True,
LOCAL-v1-q4-fixed_positive_bias-5060,4,frozen_baseline,11,634.2150398181818,0.020378791028633714,11,1.0,6976.365438,True,
LOCAL-v1-q4-fixed_positive_bias-5061,4,frozen_baseline,13,926.4691876923077,0.018066916964016855,13,1.0,12044.09944,True,
LOCAL-v1-q4-fixed_positive_bias-5062,4,frozen_baseline,16,625.6494463125,0.02172720804810524,16,1.0,10010.391141,True,
LOCAL-v1-q4-fixed_positive_bias-5063,4,frozen_baseline,15,410.4811517333334,0.021881999913603067,15,1.0,6157.217276,True,
LOCAL-v1-q4-fixed_positive_bias-5064,4,frozen_baseline,13,751.0448660000001,0.018588999984785914,13,1.0,9763.583258,True,
LOCAL-v1-q4-fixed_positive_bias-5065,4,frozen_baseline,12,571.2115994166667,0.014591332990676165,12,1.0,6854.539193,True,
LOCAL-v1-q4-fixed_positive_bias-5066,4,frozen_baseline,10,644.1076773,0.01699320797342807,10,1.0,6441.076773,True,
LOCAL-v1-q4-fixed_positive_bias-5067,4,frozen_baseline,16,438.218049875,0.02055991708766669,16,1.0,7011.488798,True,
LOCAL-v1-q4-fixed_positive_bias-5068,4,frozen_baseline,13,538.0452439230769,0.019589707953855395,13,1.0,6994.588171,True,
LOCAL-v1-q4-fixed_positive_bias-5069,4,frozen_baseline,14,572.5727620714285,0.01965966704301536,14,1.0,8016.018669,True,
LOCAL-v1-q4-fixed_positive_bias-5070,4,frozen_baseline,12,725.7064569166668,0.01683008309919387,12,1.0,8708.477483,True,
LOCAL-v1-q4-fixed_positive_bias-5071,4,frozen_baseline,12,566.0198575833333,0.01988287502899766,12,1.0,6792.238291,True,
LOCAL-v1-q4-fixed_positive_bias-5072,4,frozen_baseline,15,508.87169453333337,0.014803417026996613,15,1.0,7633.075418,True,
LOCAL-v1-q4-fixed_positive_bias-5073,4,frozen_baseline,10,632.7851088,0.018717708997428417,10,1.0,6327.851088,True,
LOCAL-v1-q4-fixed_positive_bias-5074,4,frozen_baseline,16,413.5577559375,0.02069649996701628,16,1.0,6616.924095,True,
LOCAL-v1-q4-fixed_positive_bias-5075,4,frozen_baseline,15,475.63161606666665,0.017531124991364777,15,1.0,7134.474241,True,
LOCAL-v1-q4-fixed_positive_bias-5076,4,frozen_baseline,12,609.6570934166667,0.022587915998883545,12,1.0,7315.885121,True,
LOCAL-v1-q4-fixed_positive_bias-5077,4,frozen_baseline,14,602.6498921428572,0.01864116603974253,14,1.0,8437.09849,True,
LOCAL-v1-q4-fixed_positive_bias-5078,4,frozen_baseline,13,585.8652187692308,0.018045041942968965,13,1.0,7616.247844,True,
LOCAL-v1-q4-fixed_positive_bias-5079,4,frozen_baseline,10,646.9185743,0.014503124984912574,10,1.0,6469.185743,True,
LOCAL-v1-q4-fixed_positive_bias-5080,4,frozen_baseline,10,1082.1817328,0.017472167033702135,10,1.0,10821.817328,True,
LOCAL-v1-q4-fixed_positive_bias-5081,4,frozen_baseline,16,443.798320875,0.018519415985792875,16,1.0,7100.773134,True,
LOCAL-v1-q4-fixed_positive_bias-5082,4,frozen_baseline,13,543.6232526153846,0.016057708067819476,13,1.0,7067.102284,True,
LOCAL-v1-q4-fixed_positive_bias-5083,4,frozen_baseline,13,555.3036930769231,0.020799709018319845,13,1.0,7218.94801,True,
LOCAL-v1-q4-fixed_positive_bias-5084,4,frozen_baseline,14,674.0013511428572,0.018430041964165866,14,1.0,9436.018916,True,
LOCAL-v1-q4-fixed_positive_bias-5085,4,frozen_baseline,15,493.5936676666667,0.01955762493889779,15,1.0,7403.905015,True,
LOCAL-v1-q4-fixed_positive_bias-5086,4,frozen_baseline,12,620.68842175,0.01997708308044821,12,1.0,7448.261061,True,
LOCAL-v1-q4-fixed_positive_bias-5087,4,frozen_baseline,13,650.2793353076923,0.01677520794328302,13,1.0,8453.631359,True,
LOCAL-v1-q4-fixed_positive_bias-5088,4,frozen_baseline,16,624.5527405625,0.022443207912147045,16,1.0,9992.843849,True,
LOCAL-v1-q4-fixed_positive_bias-5089,4,frozen_baseline,15,425.64404773333337,0.02031816600356251,15,1.0,6384.660716,True,
LOCAL-v1-q4-fixed_positive_bias-5090,4,frozen_baseline,14,461.0202609285715,0.015276040998287499,14,1.0,6454.283653,True,
LOCAL-v1-q4-fixed_positive_bias-5091,4,frozen_baseline,12,574.088567,0.01561641599982977,12,1.0,6889.062804,True,
LOCAL-v1-q4-fixed_positive_bias-5092,4,frozen_baseline,11,627.1372672727273,0.01785737497266382,11,1.0,6898.50994,True,
LOCAL-v1-q4-fixed_positive_bias-5093,4,frozen_baseline,15,576.0404438666667,0.016427541966550052,15,1.0,8640.606658,True,
LOCAL-v1-q4-fixed_positive_bias-5094,4,frozen_baseline,11,645.8174089090909,0.015657084062695503,11,1.0,7103.991498,True,
LOCAL-v1-q4-fixed_positive_bias-5095,4,frozen_baseline,10,720.7028253000001,0.018430958036333323,10,1.0,7207.028253,True,
LOCAL-v1-q4-fixed_positive_bias-5096,4,frozen_baseline,14,479.3771062142857,0.02098483289591968,14,1.0,6711.279487,True,
LOCAL-v1-q4-fixed_positive_bias-5097,4,frozen_baseline,13,558.5825705384615,0.019423500052653253,13,1.0,7261.573417,True,
LOCAL-v1-q4-fixed_positive_bias-5098,4,frozen_baseline,16,406.418525625,0.018818457960151136,16,1.0,6502.69641,True,
LOCAL-v1-q4-fixed_positive_bias-5099,4,frozen_baseline,13,915.945009076923,0.018800000078044832,13,1.0,11907.285118,True,
LOCAL-v1-q4-fixed_negative_bias-5000,4,frozen_baseline,11,589.058505,0.01747420895844698,11,1.0,6479.643555,True,
LOCAL-v1-q4-fixed_negative_bias-5001,4,frozen_baseline,14,511.67929478571426,0.018109000055119395,14,1.0,7163.510127,True,
LOCAL-v1-q4-fixed_negative_bias-5002,4,frozen_baseline,15,679.1888988666667,0.015768832992762327,15,1.0,10187.833483,True,
LOCAL-v1-q4-fixed_negative_bias-5003,4,frozen_baseline,11,704.4472073636364,0.01654966699425131,11,1.0,7748.919281,True,
LOCAL-v1-q4-fixed_negative_bias-5004,4,frozen_baseline,12,526.8931501666667,0.016953042009845376,12,1.0,6322.717802,True,
LOCAL-v1-q4-fixed_negative_bias-5005,4,frozen_baseline,11,567.9822741818182,0.020296416943892837,11,1.0,6247.805016,True,
LOCAL-v1-q4-fixed_negative_bias-5006,4,frozen_baseline,11,685.2099520909092,0.017623334075324237,11,1.0,7537.309473,True,
LOCAL-v1-q4-fixed_negative_bias-5007,4,frozen_baseline,11,627.6780271818182,0.022371584083884954,11,1.0,6904.458299,True,
LOCAL-v1-q4-fixed_negative_bias-5008,4,frozen_baseline,10,1165.5486293,0.016483708983287215,10,1.0,11655.486293,True,
LOCAL-v1-q4-fixed_negative_bias-5009,4,frozen_baseline,14,483.5306209285714,0.02316199999768287,14,1.0,6769.428693,True,
LOCAL-v1-q4-fixed_negative_bias-5010,4,frozen_baseline,12,543.1295976666667,0.019655999960377812,12,1.0,6517.555172,True,
LOCAL-v1-q4-fixed_negative_bias-5011,4,frozen_baseline,15,450.08370913333334,0.018394374987110496,15,1.0,6751.255637,True,
LOCAL-v1-q4-fixed_negative_bias-5012,4,frozen_baseline,10,646.5833345,0.014030292048119009,10,1.0,6465.833345,True,
LOCAL-v1-q4-fixed_negative_bias-5013,4,frozen_baseline,12,792.0078305833334,0.015088667045347393,12,1.0,9504.093967,True,
LOCAL-v1-q4-fixed_negative_bias-5014,4,frozen_baseline,11,711.3282204545454,0.017309917020611465,11,1.0,7824.610425,True,
LOCAL-v1-q4-fixed_negative_bias-5015,4,frozen_baseline,12,611.587345,0.019183082971721888,12,1.0,7339.04814,True,
LOCAL-v1-q4-fixed_negative_bias-5016,4,frozen_baseline,16,580.7323528125,0.019066958921030164,16,1.0,9291.717645,True,
LOCAL-v1-q4-fixed_negative_bias-5017,4,frozen_baseline,15,549.2593790666667,0.016072208061814308,15,1.0,8238.890686,True,
LOCAL-v1-q4-fixed_negative_bias-5018,4,frozen_baseline,10,828.1226027,0.015788999968208373,10,1.0,8281.226027,True,
LOCAL-v1-q4-fixed_negative_bias-5019,4,frozen_baseline,11,627.0197687272728,0.017883875058032572,11,1.0,6897.217456,True,
LOCAL-v1-q4-fixed_negative_bias-5020,4,frozen_baseline,16,451.0733735,0.01673375000245869,16,1.0,7217.173976,True,
LOCAL-v1-q4-fixed_negative_bias-5021,4,frozen_baseline,14,681.2106804285714,0.018346625030972064,14,1.0,9536.949526,True,
LOCAL-v1-q4-fixed_negative_bias-5022,4,frozen_baseline,14,519.2095646428571,0.019859583000652492,14,1.0,7268.933905,True,
LOCAL-v1-q4-fixed_negative_bias-5023,4,frozen_baseline,15,439.2349704,0.02234995795879513,15,1.0,6588.524556,True,
LOCAL-v1-q4-fixed_negative_bias-5024,4,frozen_baseline,13,491.24200292307694,0.0207147499313578,13,1.0,6386.146038,True,
LOCAL-v1-q4-fixed_negative_bias-5025,4,frozen_baseline,12,701.03120075,0.020311750005930662,12,1.0,8412.374409,True,
LOCAL-v1-q4-fixed_negative_bias-5026,4,frozen_baseline,15,427.69582453333334,0.019231832935474813,15,1.0,6415.437368,True,
LOCAL-v1-q4-fixed_negative_bias-5027,4,frozen_baseline,11,596.9314119090909,0.01835704199038446,11,1.0,6566.245531,True,
LOCAL-v1-q4-fixed_negative_bias-5028,4,frozen_baseline,10,678.0861963,0.016175208031199872,10,1.0,6780.861963,True,
LOCAL-v1-q4-fixed_negative_bias-5029,4,frozen_baseline,11,686.5556814545454,0.01630712498445064,11,1.0,7552.112496,True,
LOCAL-v1-q4-fixed_negative_bias-5030,4,frozen_baseline,12,586.47021375,0.018071874976158142,12,1.0,7037.642565,True,
LOCAL-v1-q4-fixed_negative_bias-5031,4,frozen_baseline,15,616.6483928,0.01976616692263633,15,1.0,9249.725892,True,
LOCAL-v1-q4-fixed_negative_bias-5032,4,frozen_baseline,11,563.0845437272727,0.017932833055965602,11,1.0,6193.929981,True,
LOCAL-v1-q4-fixed_negative_bias-5033,4,frozen_baseline,14,444.78832300000005,0.018976000021211803,14,1.0,6227.036522,True,
LOCAL-v1-q4-fixed_negative_bias-5034,4,frozen_baseline,16,514.235946,0.020245124935172498,16,1.0,8227.775136,True,
LOCAL-v1-q4-fixed_negative_bias-5035,4,frozen_baseline,10,724.0912469,0.014883624971844256,10,1.0,7240.912469,True,
LOCAL-v1-q4-fixed_negative_bias-5036,4,frozen_baseline,15,674.3400660666666,0.018847958999685943,15,1.0,10115.100991,True,
LOCAL-v1-q4-fixed_negative_bias-5037,4,frozen_baseline,15,534.9479900666666,0.021686874912120402,15,1.0,8024.219851,True,
LOCAL-v1-q4-fixed_negative_bias-5038,4,frozen_baseline,16,412.61597625,0.019662125036120415,16,1.0,6601.85562,True,
LOCAL-v1-q4-fixed_negative_bias-5039,4,frozen_baseline,10,669.5096688,0.01729437499307096,10,1.0,6695.096688,True,
LOCAL-v1-q4-fixed_negative_bias-5040,4,frozen_baseline,15,509.2199344666667,0.018044707947410643,15,1.0,7638.299017,True,
LOCAL-v1-q4-fixed_negative_bias-5041,4,frozen_baseline,15,567.2896316,0.020834375056438148,15,1.0,8509.344474,True,
LOCAL-v1-q4-fixed_negative_bias-5042,4,frozen_baseline,11,603.7995746363636,0.020882457960397005,11,1.0,6641.795321,True,
LOCAL-v1-q4-fixed_negative_bias-5043,4,frozen_baseline,12,585.79479625,0.017990750027820468,12,1.0,7029.537555,True,
LOCAL-v1-q4-fixed_negative_bias-5044,4,frozen_baseline,11,670.1922345454545,0.016827541054226458,11,1.0,7372.11458,True,
LOCAL-v1-q4-fixed_negative_bias-5045,4,frozen_baseline,11,568.3526575454545,0.014723500004038215,11,1.0,6251.879233,True,
LOCAL-v1-q4-fixed_negative_bias-5046,4,frozen_baseline,10,689.5226857,0.01748316700104624,10,1.0,6895.226857,True,
LOCAL-v1-q4-fixed_negative_bias-5047,4,frozen_baseline,16,396.7250470625,0.022528417059220374,16,1.0,6347.600753,True,
LOCAL-v1-q4-fixed_negative_bias-5048,4,frozen_baseline,12,553.6030783333333,0.015007375041022897,12,1.0,6643.23694,True,
LOCAL-v1-q4-fixed_negative_bias-5049,4,frozen_baseline,10,747.3393692,0.01805154199246317,10,1.0,7473.393692,True,
LOCAL-v1-q4-fixed_negative_bias-5050,4,frozen_baseline,15,455.24582826666665,0.019817541004158556,15,1.0,6828.687424,True,
LOCAL-v1-q4-fixed_negative_bias-5051,4,frozen_baseline,11,648.8854154545454,0.015083499951288104,11,1.0,7137.73957,True,
LOCAL-v1-q4-fixed_negative_bias-5052,4,frozen_baseline,13,477.59462853846156,0.019385374966077507,13,1.0,6208.730171,True,
LOCAL-v1-q4-fixed_negative_bias-5053,4,frozen_baseline,16,414.053706125,0.019274125108495355,16,1.0,6624.859298,True,
LOCAL-v1-q4-fixed_negative_bias-5054,4,frozen_baseline,16,462.130568375,0.02002620801795274,16,1.0,7394.089094,True,
LOCAL-v1-q4-fixed_negative_bias-5055,4,frozen_baseline,12,682.6392804166667,0.014459499972872436,12,1.0,8191.671365,True,
LOCAL-v1-q4-fixed_negative_bias-5056,4,frozen_baseline,13,550.5512329230769,0.016855333000421524,13,1.0,7157.166028,True,
LOCAL-v1-q4-fixed_negative_bias-5057,4,frozen_baseline,13,567.3204687692307,0.014820792013779283,13,1.0,7375.166094,True,
LOCAL-v1-q4-fixed_negative_bias-5058,4,frozen_baseline,14,450.38405471428575,0.0175629579462111,14,1.0,6305.376766,True,
LOCAL-v1-q4-fixed_negative_bias-5059,4,frozen_baseline,12,555.3578612499999,0.01752524997573346,12,1.0,6664.294335,True,
LOCAL-v1-q4-fixed_negative_bias-5060,4,frozen_baseline,11,621.4556278181818,0.019273792044259608,11,1.0,6836.011906,True,
LOCAL-v1-q4-fixed_negative_bias-5061,4,frozen_baseline,13,627.4416023846154,0.017589249997399747,13,1.0,8156.740831,True,
LOCAL-v1-q4-fixed_negative_bias-5062,4,frozen_baseline,16,434.3491895625,0.02137495798524469,16,1.0,6949.587033,True,
LOCAL-v1-q4-fixed_negative_bias-5063,4,frozen_baseline,15,437.6076167333333,0.021620208048261702,15,1.0,6564.114251,True,
LOCAL-v1-q4-fixed_negative_bias-5064,4,frozen_baseline,13,506.2184936923077,0.01814037503208965,13,1.0,6580.840418,True,
LOCAL-v1-q4-fixed_negative_bias-5065,4,frozen_baseline,12,607.8007285,0.01745062496047467,12,1.0,7293.608742,True,
LOCAL-v1-q4-fixed_negative_bias-5066,4,frozen_baseline,10,747.1216868,0.018536707968451083,10,1.0,7471.216868,True,
LOCAL-v1-q4-fixed_negative_bias-5067,4,frozen_baseline,16,729.784585625,0.021605749963782728,16,1.0,11676.55337,True,
LOCAL-v1-q4-fixed_negative_bias-5068,4,frozen_baseline,13,538.1235741538462,0.019365457934327424,13,1.0,6995.606464,True,
LOCAL-v1-q4-fixed_negative_bias-5069,4,frozen_baseline,14,712.1535180714285,0.02032795804552734,14,1.0,9970.149253,True,
LOCAL-v1-q4-fixed_negative_bias-5070,4,frozen_baseline,12,553.0574929166667,0.016375042032450438,12,1.0,6636.689915,True,
LOCAL-v1-q4-fixed_negative_bias-5071,4,frozen_baseline,12,564.0855236666666,0.01970549998804927,12,1.0,6769.026284,True,
LOCAL-v1-q4-fixed_negative_bias-5072,4,frozen_baseline,15,490.53876606666665,0.014773165923543274,15,1.0,7358.081491,True,
LOCAL-v1-q4-fixed_negative_bias-5073,4,frozen_baseline,10,617.1340616,0.0169592919992283,10,1.0,6171.340616,True,
LOCAL-v1-q4-fixed_negative_bias-5074,4,frozen_baseline,16,426.648762875,0.021177042042836547,16,1.0,6826.380206,True,
LOCAL-v1-q4-fixed_negative_bias-5075,4,frozen_baseline,15,455.53086406666665,0.017609457951039076,15,1.0,6832.962961,True,
LOCAL-v1-q4-fixed_negative_bias-5076,4,frozen_baseline,12,613.6562650833333,0.02244941599201411,12,1.0,7363.875181,True,
LOCAL-v1-q4-fixed_negative_bias-5077,4,frozen_baseline,14,456.3684713571429,0.018538624979555607,14,1.0,6389.158599,True,
LOCAL-v1-q4-fixed_negative_bias-5078,4,frozen_baseline,13,492.8813653846154,0.018971540965139866,13,1.0,6407.45775,True,
LOCAL-v1-q4-fixed_negative_bias-5079,4,frozen_baseline,10,646.6172572,0.014390707947313786,10,1.0,6466.172572,True,
LOCAL-v1-q4-fixed_negative_bias-5080,4,frozen_baseline,10,690.8661356,0.017050875001586974,10,1.0,6908.661356,True,
LOCAL-v1-q4-fixed_negative_bias-5081,4,frozen_baseline,16,424.2398670625,0.020301374956034124,16,1.0,6787.837873,True,
LOCAL-v1-q4-fixed_negative_bias-5082,4,frozen_baseline,13,555.320648076923,0.01607724989298731,13,1.0,7219.168425,True,
LOCAL-v1-q4-fixed_negative_bias-5083,4,frozen_baseline,13,548.6758080000001,0.02040287503041327,13,1.0,7132.785504,True,
LOCAL-v1-q4-fixed_negative_bias-5084,4,frozen_baseline,14,516.1414033571428,0.018101499998010695,14,1.0,7225.979647,True,
LOCAL-v1-q4-fixed_negative_bias-5085,4,frozen_baseline,15,452.3813044,0.01932679198216647,15,1.0,6785.719566,True,
LOCAL-v1-q4-fixed_negative_bias-5086,4,frozen_baseline,12,607.54619925,0.021072041941806674,12,1.0,7290.554391,True,
LOCAL-v1-q4-fixed_negative_bias-5087,4,frozen_baseline,13,566.5707281538462,0.016739583108574152,13,1.0,7365.419466,True,
LOCAL-v1-q4-fixed_negative_bias-5088,4,frozen_baseline,16,522.13166975,0.02233649999834597,16,1.0,8354.106716,True,
LOCAL-v1-q4-fixed_negative_bias-5089,4,frozen_baseline,15,410.14592586666663,0.02019779197871685,15,1.0,6152.188888,True,
LOCAL-v1-q4-fixed_negative_bias-5090,4,frozen_baseline,14,462.42273685714287,0.015340083977207541,14,1.0,6473.918316,True,
LOCAL-v1-q4-fixed_negative_bias-5091,4,frozen_baseline,12,641.7299638333333,0.01740995899308473,12,1.0,7700.759566,True,
LOCAL-v1-q4-fixed_negative_bias-5092,4,frozen_baseline,11,578.0343715454545,0.018670208053663373,11,1.0,6358.378087,True,
LOCAL-v1-q4-fixed_negative_bias-5093,4,frozen_baseline,15,562.8253112,0.016340833040885627,15,1.0,8442.379668,True,
LOCAL-v1-q4-fixed_negative_bias-5094,4,frozen_baseline,11,617.4695661818182,0.014664666960015893,11,1.0,6792.165228,True,
LOCAL-v1-q4-fixed_negative_bias-5095,4,frozen_baseline,10,744.6577198,0.014894708059728146,10,1.0,7446.577198,True,
LOCAL-v1-q4-fixed_negative_bias-5096,4,frozen_baseline,14,477.2709842142857,0.021260290988720953,14,1.0,6681.793779,True,
LOCAL-v1-q4-fixed_negative_bias-5097,4,frozen_baseline,13,531.668511923077,0.019663832965306938,13,1.0,6911.690655,True,
LOCAL-v1-q4-fixed_negative_bias-5098,4,frozen_baseline,16,452.1601748125,0.018849332933314145,16,1.0,7234.562797,True,
LOCAL-v1-q4-fixed_negative_bias-5099,4,frozen_baseline,13,683.0487674615384,0.01841195800807327,13,1.0,8879.633977,True,
LOCAL-v1-q4-smooth_shared_field-5000,4,frozen_baseline,11,587.2850775454546,0.018360958085395396,11,1.0,6460.135853,True,
LOCAL-v1-q4-smooth_shared_field-5001,4,frozen_baseline,14,543.0818107857143,0.017978582996875048,14,1.0,7603.145351,True,
LOCAL-v1-q4-smooth_shared_field-5002,4,frozen_baseline,15,460.8092622666666,0.01525695901364088,15,1.0,6912.138934,True,
LOCAL-v1-q4-smooth_shared_field-5003,4,frozen_baseline,11,616.1823596363637,0.016546792001463473,11,1.0,6778.005956,True,
LOCAL-v1-q4-smooth_shared_field-5004,4,frozen_baseline,12,528.06017075,0.01714516698848456,12,1.0,6336.722049,True,
LOCAL-v1-q4-smooth_shared_field-5005,4,frozen_baseline,11,564.0830911818182,0.019942959072068334,11,1.0,6204.914003,True,
LOCAL-v1-q4-smooth_shared_field-5006,4,frozen_baseline,11,619.3685254545454,0.018726667040027678,11,1.0,6813.05378,True,
LOCAL-v1-q4-smooth_shared_field-5007,4,frozen_baseline,11,660.914366909091,0.02078904095105827,11,1.0,7270.058036,True,
LOCAL-v1-q4-smooth_shared_field-5008,4,frozen_baseline,10,985.2355986,0.01945516699925065,10,1.0,9852.355986,True,
LOCAL-v1-q4-smooth_shared_field-5009,4,frozen_baseline,14,464.3392201428572,0.02191520796623081,14,1.0,6500.749082,True,
LOCAL-v1-q4-smooth_shared_field-5010,4,frozen_baseline,12,551.6377502500001,0.01881591696292162,12,1.0,6619.653003,True,
LOCAL-v1-q4-smooth_shared_field-5011,4,frozen_baseline,15,441.49687446666667,0.018289332976564765,15,1.0,6622.453117,True,
LOCAL-v1-q4-smooth_shared_field-5012,4,frozen_baseline,10,648.324535,0.014275999972596765,10,1.0,6483.24535,True,
LOCAL-v1-q4-smooth_shared_field-5013,4,frozen_baseline,12,842.7909224166666,0.014974917052313685,12,1.0,10113.491069,True,
LOCAL-v1-q4-smooth_shared_field-5014,4,frozen_baseline,11,661.7741017272728,0.01753345795441419,11,1.0,7279.515119,True,
LOCAL-v1-q4-smooth_shared_field-5015,4,frozen_baseline,12,524.6810545833333,0.01912525005172938,12,1.0,6296.172655,True,
LOCAL-v1-q4-smooth_shared_field-5016,4,frozen_baseline,16,444.916511625,0.018859541974961758,16,1.0,7118.664186,True,
LOCAL-v1-q4-smooth_shared_field-5017,4,frozen_baseline,15,573.1009838666666,0.016270874999463558,15,1.0,8596.514758,True,
LOCAL-v1-q4-smooth_shared_field-5018,4,frozen_baseline,10,766.5700153,0.015842792112380266,10,1.0,7665.700153,True,
LOCAL-v1-q4-smooth_shared_field-5019,4,frozen_baseline,11,624.9568141818182,0.017929541994817555,11,1.0,6874.524956,True,
LOCAL-v1-q4-smooth_shared_field-5020,4,frozen_baseline,16,466.943210625,0.017002375097945333,16,1.0,7471.09137,True,
LOCAL-v1-q4-smooth_shared_field-5021,4,frozen_baseline,14,681.1068114999999,0.018515167059376836,14,1.0,9535.495361,True,
LOCAL-v1-q4-smooth_shared_field-5022,4,frozen_baseline,14,516.4704898571429,0.019759415998123586,14,1.0,7230.586858,True,
LOCAL-v1-q4-smooth_shared_field-5023,4,frozen_baseline,15,431.4325616,0.022491834009997547,15,1.0,6471.488424,True,
LOCAL-v1-q4-smooth_shared_field-5024,4,frozen_baseline,13,488.9370250769231,0.016119624953716993,13,1.0,6356.181326,True,
LOCAL-v1-q4-smooth_shared_field-5025,4,frozen_baseline,12,611.6755254999999,0.01971383299678564,12,1.0,7340.106306,True,
LOCAL-v1-q4-smooth_shared_field-5026,4,frozen_baseline,15,419.35124693333336,0.019406666979193687,15,1.0,6290.268704,True,
LOCAL-v1-q4-smooth_shared_field-5027,4,frozen_baseline,11,590.071678,0.018328458070755005,11,1.0,6490.788458,True,
LOCAL-v1-q4-smooth_shared_field-5028,4,frozen_baseline,10,919.2742585,0.01633383403532207,10,1.0,9192.742585,True,
LOCAL-v1-q4-smooth_shared_field-5029,4,frozen_baseline,11,942.205562,0.01660016702953726,11,1.0,10364.261182,True,
LOCAL-v1-q4-smooth_shared_field-5030,4,frozen_baseline,12,564.9149076666666,0.018137124949134886,12,1.0,6778.978892,True,
LOCAL-v1-q4-smooth_shared_field-5031,4,frozen_baseline,15,662.0483188,0.02090341702569276,15,1.0,9930.724782,True,
LOCAL-v1-q4-smooth_shared_field-5032,4,frozen_baseline,11,560.1925425454546,0.01815195893868804,11,1.0,6162.117968,True,
LOCAL-v1-q4-smooth_shared_field-5033,4,frozen_baseline,14,446.1255627857143,0.01893904199823737,14,1.0,6245.757879,True,
LOCAL-v1-q4-smooth_shared_field-5034,4,frozen_baseline,16,532.268961625,0.020455416990444064,16,1.0,8516.303386,True,
LOCAL-v1-q4-smooth_shared_field-5035,4,frozen_baseline,10,718.262078,0.01506416592746973,10,1.0,7182.62078,True,
LOCAL-v1-q4-smooth_shared_field-5036,4,frozen_baseline,15,489.43723140000003,0.018018541974015534,15,1.0,7341.558471,True,
LOCAL-v1-q4-smooth_shared_field-5037,4,frozen_baseline,15,526.2698248,0.02190033404622227,15,1.0,7894.047372,True,
LOCAL-v1-q4-smooth_shared_field-5038,4,frozen_baseline,16,410.8043145,0.01926591608207673,16,1.0,6572.869032,True,
LOCAL-v1-q4-smooth_shared_field-5039,4,frozen_baseline,10,666.9911414000001,0.017160457908175886,10,1.0,6669.911414,True,
LOCAL-v1-q4-smooth_shared_field-5040,4,frozen_baseline,15,420.8826269333333,0.018150208052247763,15,1.0,6313.239404,True,
LOCAL-v1-q4-smooth_shared_field-5041,4,frozen_baseline,15,531.6071278666667,0.02088179101701826,15,1.0,7974.106918,True,
LOCAL-v1-q4-smooth_shared_field-5042,4,frozen_baseline,11,626.9501643636363,0.024375499924644828,11,1.0,6896.451808,True,
LOCAL-v1-q4-smooth_shared_field-5043,4,frozen_baseline,12,616.544893,0.01887516595888883,12,1.0,7398.538716,True,
LOCAL-v1-q4-smooth_shared_field-5044,4,frozen_baseline,11,652.6627357272727,0.01660375006031245,11,1.0,7179.290093,True,
LOCAL-v1-q4-smooth_shared_field-5045,4,frozen_baseline,11,571.6027280909092,0.014700958970934153,11,1.0,6287.630009,True,
LOCAL-v1-q4-smooth_shared_field-5046,4,frozen_baseline,10,668.1268823,0.017515874933451414,10,1.0,6681.268823,True,
LOCAL-v1-q4-smooth_shared_field-5047,4,frozen_baseline,16,394.4884258125,0.022665083059109747,16,1.0,6311.814813,True,
LOCAL-v1-q4-smooth_shared_field-5048,4,frozen_baseline,12,554.5937730833333,0.015087791020050645,12,1.0,6655.125277,True,
LOCAL-v1-q4-smooth_shared_field-5049,4,frozen_baseline,10,764.0353592,0.018131874967366457,10,1.0,7640.353592,True,
LOCAL-v1-q4-smooth_shared_field-5050,4,frozen_baseline,15,454.7160254,0.019777124980464578,15,1.0,6820.740381,True,
LOCAL-v1-q4-smooth_shared_field-5051,4,frozen_baseline,11,638.8666811818182,0.015354458009824157,11,1.0,7027.533493,True,
LOCAL-v1-q4-smooth_shared_field-5052,4,frozen_baseline,13,479.04849461538464,0.01772062503732741,13,1.0,6227.63043,True,
LOCAL-v1-q4-smooth_shared_field-5053,4,frozen_baseline,16,413.957733625,0.01949720794800669,16,1.0,6623.323738,True,
LOCAL-v1-q4-smooth_shared_field-5054,4,frozen_baseline,16,634.5434188125,0.02087958308402449,16,1.0,10152.694701,True,
LOCAL-v1-q4-smooth_shared_field-5055,4,frozen_baseline,12,677.77781125,0.014530999935232103,12,1.0,8133.333735,True,
LOCAL-v1-q4-smooth_shared_field-5056,4,frozen_baseline,13,509.92641523076924,0.01657512504607439,13,1.0,6629.043398,True,
LOCAL-v1-q4-smooth_shared_field-5057,4,frozen_baseline,13,514.3694176153847,0.014704624889418483,13,1.0,6686.802429,True,
LOCAL-v1-q4-smooth_shared_field-5058,4,frozen_baseline,14,476.8264875714286,0.017721291980706155,14,1.0,6675.570826,True,
LOCAL-v1-q4-smooth_shared_field-5059,4,frozen_baseline,12,556.12027,0.017966915969736874,12,1.0,6673.44324,True,
LOCAL-v1-q4-smooth_shared_field-5060,4,frozen_baseline,11,628.2402851818182,0.01924058306030929,11,1.0,6910.643137,True,
LOCAL-v1-q4-smooth_shared_field-5061,4,frozen_baseline,13,652.5527607692309,0.01739808393176645,13,1.0,8483.18589,True,
LOCAL-v1-q4-smooth_shared_field-5062,4,frozen_baseline,16,532.51641675,0.021623625070787966,16,1.0,8520.262668,True,
LOCAL-v1-q4-smooth_shared_field-5063,4,frozen_baseline,15,422.0687292,0.02174999995622784,15,1.0,6331.030938,True,
LOCAL-v1-q4-smooth_shared_field-5064,4,frozen_baseline,13,504.3171043846154,0.018287083017639816,13,1.0,6556.122357,True,
LOCAL-v1-q4-smooth_shared_field-5065,4,frozen_baseline,12,632.1799725833333,0.017633749986998737,12,1.0,7586.159671,True,
LOCAL-v1-q4-smooth_shared_field-5066,4,frozen_baseline,10,743.5730599999999,0.017186708049848676,10,1.0,7435.7306,True,
LOCAL-v1-q4-smooth_shared_field-5067,4,frozen_baseline,16,667.214508,0.02110162505414337,16,1.0,10675.432128,True,
LOCAL-v1-q4-smooth_shared_field-5068,4,frozen_baseline,13,523.1063479230769,0.019245750037953258,13,1.0,6800.382523,True,
LOCAL-v1-q4-smooth_shared_field-5069,4,frozen_baseline,14,710.8994553571429,0.020320332958362997,14,1.0,9952.592375,True,
LOCAL-v1-q4-smooth_shared_field-5070,4,frozen_baseline,12,542.485351,0.016432125004939735,12,1.0,6509.824212,True,
LOCAL-v1-q4-smooth_shared_field-5071,4,frozen_baseline,12,564.3303885,0.0197607500012964,12,1.0,6771.964662,True,
LOCAL-v1-q4-smooth_shared_field-5072,4,frozen_baseline,15,489.25915266666664,0.014704375062137842,15,1.0,7338.88729,True,
LOCAL-v1-q4-smooth_shared_field-5073,4,frozen_baseline,10,614.8325374,0.017161124967969954,10,1.0,6148.325374,True,
LOCAL-v1-q4-smooth_shared_field-5074,4,frozen_baseline,16,422.1212171875,0.021000124979764223,16,1.0,6753.939475,True,
LOCAL-v1-q4-smooth_shared_field-5075,4,frozen_baseline,15,445.80142326666663,0.01752387499436736,15,1.0,6687.021349,True,
LOCAL-v1-q4-smooth_shared_field-5076,4,frozen_baseline,12,722.4602423333334,0.022474083001725376,12,1.0,8669.522908,True,
LOCAL-v1-q4-smooth_shared_field-5077,4,frozen_baseline,14,452.11169985714287,0.01855462498497218,14,1.0,6329.563798,True,
LOCAL-v1-q4-smooth_shared_field-5078,4,frozen_baseline,13,618.0905286153846,0.019236332969740033,13,1.0,8035.176872,True,
LOCAL-v1-q4-smooth_shared_field-5079,4,frozen_baseline,10,638.3648565000001,0.014918165979906917,10,1.0,6383.648565,True,
LOCAL-v1-q4-smooth_shared_field-5080,4,frozen_baseline,10,672.4675607,0.017007917049340904,10,1.0,6724.675607,True,
LOCAL-v1-q4-smooth_shared_field-5081,4,frozen_baseline,16,415.8215639375,0.02012208302039653,16,1.0,6653.145023,True,
LOCAL-v1-q4-smooth_shared_field-5082,4,frozen_baseline,13,551.1566178461538,0.016092791920527816,13,1.0,7165.036032,True,
LOCAL-v1-q4-smooth_shared_field-5083,4,frozen_baseline,13,732.977971076923,0.020465957932174206,13,1.0,9528.713624,True,
LOCAL-v1-q4-smooth_shared_field-5084,4,frozen_baseline,14,561.9223804285714,0.018173375050537288,14,1.0,7866.913326,True,
LOCAL-v1-q4-smooth_shared_field-5085,4,frozen_baseline,15,424.3984031333333,0.018468166003003716,15,1.0,6365.976047,True,
LOCAL-v1-q4-smooth_shared_field-5086,4,frozen_baseline,12,644.4926941666666,0.02225866704247892,12,1.0,7733.91233,True,
LOCAL-v1-q4-smooth_shared_field-5087,4,frozen_baseline,13,538.0011936923077,0.01652145804837346,13,1.0,6994.015518,True,
LOCAL-v1-q4-smooth_shared_field-5088,4,frozen_baseline,16,521.754579625,0.0219656660920009,16,1.0,8348.073274,True,
LOCAL-v1-q4-smooth_shared_field-5089,4,frozen_baseline,15,409.77455886666667,0.02028675004839897,15,1.0,6146.618383,True,
LOCAL-v1-q4-smooth_shared_field-5090,4,frozen_baseline,14,463.07508371428577,0.015390999964438379,14,1.0,6483.051172,True,
LOCAL-v1-q4-smooth_shared_field-5091,4,frozen_baseline,12,611.6408854166667,0.017445958103053272,12,1.0,7339.690625,True,
LOCAL-v1-q4-smooth_shared_field-5092,4,frozen_baseline,11,578.8187305454545,0.018133000005036592,11,1.0,6367.006036,True,
LOCAL-v1-q4-smooth_shared_field-5093,4,frozen_baseline,15,552.0793358666667,0.016257832990959287,15,1.0,8281.190038,True,
LOCAL-v1-q4-smooth_shared_field-5094,4,frozen_baseline,11,620.6132731818182,0.014683124958537519,11,1.0,6826.746005,True,
LOCAL-v1-q4-smooth_shared_field-5095,4,frozen_baseline,10,911.7342439,0.016994416946545243,10,1.0,9117.342439,True,
LOCAL-v1-q4-smooth_shared_field-5096,4,frozen_baseline,14,477.94534607142856,0.02085279196035117,14,1.0,6691.234845,True,
LOCAL-v1-q4-smooth_shared_field-5097,4,frozen_baseline,13,544.1760371538462,0.01942049991339445,13,1.0,7074.288483,True,
LOCAL-v1-q4-smooth_shared_field-5098,4,frozen_baseline,16,494.8396441875,0.018915832974016666,16,1.0,7917.434307,True,
LOCAL-v1-q4-smooth_shared_field-5099,4,frozen_baseline,13,664.2783163846154,0.01865108299534768,13,1.0,8635.618113,True,
LOCAL-v1-q4-cell50_shared_field-5000,4,frozen_baseline,11,604.3482687272727,0.018546540988609195,11,1.0,6647.830956,True,
LOCAL-v1-q4-cell50_shared_field-5001,4,frozen_baseline,14,541.6497308571428,0.01814358402043581,14,1.0,7583.096232,True,
LOCAL-v1-q4-cell50_shared_field-5002,4,frozen_baseline,15,511.1764814,0.01531550008803606,15,1.0,7667.647221,True,
LOCAL-v1-q4-cell50_shared_field-5003,4,frozen_baseline,11,617.6353988181818,0.016242708079516888,11,1.0,6793.989387,True,
LOCAL-v1-q4-cell50_shared_field-5004,4,frozen_baseline,12,520.5278074166666,0.018380749970674515,12,1.0,6246.333689,True,
LOCAL-v1-q4-cell50_shared_field-5005,4,frozen_baseline,11,563.8737269090909,0.02045570802874863,11,1.0,6202.610996,True,
LOCAL-v1-q4-cell50_shared_field-5006,4,frozen_baseline,11,743.5668070909092,0.01803779206238687,11,1.0,8179.234878,True,
LOCAL-v1-q4-cell50_shared_field-5007,4,frozen_baseline,11,612.8341861818182,0.022584374994039536,11,1.0,6741.176048,True,
LOCAL-v1-q4-cell50_shared_field-5008,4,frozen_baseline,10,718.0834304,0.01962358399759978,10,1.0,7180.834304,True,
LOCAL-v1-q4-cell50_shared_field-5009,4,frozen_baseline,14,464.71998535714283,0.022060791961848736,14,1.0,6506.079795,True,
LOCAL-v1-q4-cell50_shared_field-5010,4,frozen_baseline,12,531.1773031666667,0.01979150006081909,12,1.0,6374.127638,True,
LOCAL-v1-q4-cell50_shared_field-5011,4,frozen_baseline,15,715.7958465333334,0.018841209006495774,15,1.0,10736.937698,True,
LOCAL-v1-q4-cell50_shared_field-5012,4,frozen_baseline,10,652.4796363,0.014471750007942319,10,1.0,6524.796363,True,
LOCAL-v1-q4-cell50_shared_field-5013,4,frozen_baseline,12,612.6001193333333,0.01487829105462879,12,1.0,7351.201432,True,
LOCAL-v1-q4-cell50_shared_field-5014,4,frozen_baseline,11,612.5008773636364,0.017239791923202574,11,1.0,6737.509651,True,
LOCAL-v1-q4-cell50_shared_field-5015,4,frozen_baseline,12,546.2051511666667,0.01914862496778369,12,1.0,6554.461814,True,
LOCAL-v1-q4-cell50_shared_field-5016,4,frozen_baseline,16,430.4567049375,0.01880437508225441,16,1.0,6887.307279,True,
LOCAL-v1-q4-cell50_shared_field-5017,4,frozen_baseline,15,574.5487486666666,0.016263583092950284,15,1.0,8618.23123,True,
LOCAL-v1-q4-cell50_shared_field-5018,4,frozen_baseline,10,725.4667328,0.015986084006726742,10,1.0,7254.667328,True,
LOCAL-v1-q4-cell50_shared_field-5019,4,frozen_baseline,11,625.9788635454545,0.017854249919764698,11,1.0,6885.767499,True,
LOCAL-v1-q4-cell50_shared_field-5020,4,frozen_baseline,16,438.8621660625,0.017008166993036866,16,1.0,7021.794657,True,
LOCAL-v1-q4-cell50_shared_field-5021,4,frozen_baseline,14,618.6978060714285,0.018519124947488308,14,1.0,8661.769285,True,
LOCAL-v1-q4-cell50_shared_field-5022,4,frozen_baseline,14,586.5506466428571,0.020033375010825694,14,1.0,8211.709053,True,
LOCAL-v1-q4-cell50_shared_field-5023,4,frozen_baseline,15,465.6886880666667,0.02047687501180917,15,1.0,6985.330321,True,
LOCAL-v1-q4-cell50_shared_field-5024,4,frozen_baseline,13,488.75242623076923,0.01600624993443489,13,1.0,6353.781541,True,
LOCAL-v1-q4-cell50_shared_field-5025,4,frozen_baseline,12,610.9026723333333,0.01951979100704193,12,1.0,7330.832068,True,
LOCAL-v1-q4-cell50_shared_field-5026,4,frozen_baseline,15,422.0555864666667,0.01966758305206895,15,1.0,6330.833797,True,
LOCAL-v1-q4-cell50_shared_field-5027,4,frozen_baseline,11,590.4071237272727,0.018108334043063223,11,1.0,6494.478361,True,
LOCAL-v1-q4-cell50_shared_field-5028,4,frozen_baseline,10,679.6411544,0.016248833038844168,10,1.0,6796.411544,True,
LOCAL-v1-q4-cell50_shared_field-5029,4,frozen_baseline,11,766.1139967272727,0.016563667100854218,11,1.0,8427.253964,True,
LOCAL-v1-q4-cell50_shared_field-5030,4,frozen_baseline,12,606.6619221666666,0.01821795804426074,12,1.0,7279.943066,True,
LOCAL-v1-q4-cell50_shared_field-5031,4,frozen_baseline,15,530.4760190000001,0.020104292081668973,15,1.0,7957.140285,True,
LOCAL-v1-q4-cell50_shared_field-5032,4,frozen_baseline,11,553.585993090909,0.017995834001339972,11,1.0,6089.445924,True,
LOCAL-v1-q4-cell50_shared_field-5033,4,frozen_baseline,14,446.3836253571429,0.01919237500987947,14,1.0,6249.370755,True,
LOCAL-v1-q4-cell50_shared_field-5034,4,frozen_baseline,16,515.2782173125,0.020331458072178066,16,1.0,8244.451477,True,
LOCAL-v1-q4-cell50_shared_field-5035,4,frozen_baseline,10,733.3430007,0.014992790995165706,10,1.0,7333.430007,True,
LOCAL-v1-q4-cell50_shared_field-5036,4,frozen_baseline,15,514.4879251333333,0.01819641701877117,15,1.0,7717.318877,True,
LOCAL-v1-q4-cell50_shared_field-5037,4,frozen_baseline,15,497.20595073333334,0.022007749998010695,15,1.0,7458.089261,True,
LOCAL-v1-q4-cell50_shared_field-5038,4,frozen_baseline,16,467.2345816875,0.01824991696048528,16,1.0,7475.753307,True,
LOCAL-v1-q4-cell50_shared_field-5039,4,frozen_baseline,10,680.2447341,0.017404875019565225,10,1.0,6802.447341,True,
LOCAL-v1-q4-cell50_shared_field-5040,4,frozen_baseline,15,428.7294799333333,0.01808933401480317,15,1.0,6430.942199,True,
LOCAL-v1-q4-cell50_shared_field-5041,4,frozen_baseline,15,504.8252174,0.02070337499026209,15,1.0,7572.378261,True,
LOCAL-v1-q4-cell50_shared_field-5042,4,frozen_baseline,11,869.3967358181818,0.01734124997165054,11,1.0,9563.364094,True,
LOCAL-v1-q4-cell50_shared_field-5043,4,frozen_baseline,12,562.9313975833334,0.017962582991458476,12,1.0,6755.176771,True,
LOCAL-v1-q4-cell50_shared_field-5044,4,frozen_baseline,11,662.3189646363636,0.016644792049191892,11,1.0,7285.508611,True,
LOCAL-v1-q4-cell50_shared_field-5045,4,frozen_baseline,11,571.8946372727273,0.014748708112165332,11,1.0,6290.84101,True,
LOCAL-v1-q4-cell50_shared_field-5046,4,frozen_baseline,10,661.8777779,0.01795854198280722,10,1.0,6618.777779,True,
LOCAL-v1-q4-cell50_shared_field-5047,4,frozen_baseline,16,394.3123415625,0.022577333031222224,16,1.0,6308.997465,True,
LOCAL-v1-q4-cell50_shared_field-5048,4,frozen_baseline,12,565.9356354166667,0.015064917039126158,12,1.0,6791.227625,True,
LOCAL-v1-q4-cell50_shared_field-5049,4,frozen_baseline,10,738.9152334,0.018013791064731777,10,1.0,7389.152334,True,
LOCAL-v1-q4-cell50_shared_field-5050,4,frozen_baseline,15,471.29673526666664,0.019802624941803515,15,1.0,7069.451029,True,
LOCAL-v1-q4-cell50_shared_field-5051,4,frozen_baseline,11,632.5333436363636,0.015282833948731422,11,1.0,6957.86678,True,
LOCAL-v1-q4-cell50_shared_field-5052,4,frozen_baseline,13,480.95671223076926,0.019611709052696824,13,1.0,6252.437259,True,
LOCAL-v1-q4-cell50_shared_field-5053,4,frozen_baseline,16,413.4444308125,0.019616374978795648,16,1.0,6615.110893,True,
LOCAL-v1-q4-cell50_shared_field-5054,4,frozen_baseline,16,423.52921875,0.020394708961248398,16,1.0,6776.4675,True,
LOCAL-v1-q4-cell50_shared_field-5055,4,frozen_baseline,12,646.1345244166666,0.014531542081385851,12,1.0,7753.614293,True,
LOCAL-v1-q4-cell50_shared_field-5056,4,frozen_baseline,13,514.9001728461539,0.0164715830469504,13,1.0,6693.702247,True,
LOCAL-v1-q4-cell50_shared_field-5057,4,frozen_baseline,13,513.7073801538462,0.014696207945235074,13,1.0,6678.195942,True,
LOCAL-v1-q4-cell50_shared_field-5058,4,frozen_baseline,14,450.9923749285714,0.017904542037285864,14,1.0,6313.893249,True,
LOCAL-v1-q4-cell50_shared_field-5059,4,frozen_baseline,12,534.5488618333333,0.018429667106829584,12,1.0,6414.586342,True,
LOCAL-v1-q4-cell50_shared_field-5060,4,frozen_baseline,11,633.1513809090909,0.020762374973855913,11,1.0,6964.66519,True,
LOCAL-v1-q4-cell50_shared_field-5061,4,frozen_baseline,13,709.0765662307692,0.017545790993608534,13,1.0,9217.995361,True,
LOCAL-v1-q4-cell50_shared_field-5062,4,frozen_baseline,16,633.2188709375,0.022046083002351224,16,1.0,10131.501935,True,
LOCAL-v1-q4-cell50_shared_field-5063,4,frozen_baseline,15,411.02873246666667,0.021635166951455176,15,1.0,6165.430987,True,
LOCAL-v1-q4-cell50_shared_field-5064,4,frozen_baseline,13,521.4249236153846,0.018297708011232316,13,1.0,6778.524007,True,
LOCAL-v1-q4-cell50_shared_field-5065,4,frozen_baseline,12,621.3949868333333,0.01588900003116578,12,1.0,7456.739842,True,
LOCAL-v1-q4-cell50_shared_field-5066,4,frozen_baseline,10,646.3892019,0.016924792085774243,10,1.0,6463.892019,True,
LOCAL-v1-q4-cell50_shared_field-5067,4,frozen_baseline,16,438.2031735625,0.02078529098071158,16,1.0,7011.250777,True,
LOCAL-v1-q4-cell50_shared_field-5068,4,frozen_baseline,13,554.3052991538461,0.019307791022583842,13,1.0,7205.968889,True,
LOCAL-v1-q4-cell50_shared_field-5069,4,frozen_baseline,14,540.9984721428572,0.020178625010885298,14,1.0,7573.97861,True,
LOCAL-v1-q4-cell50_shared_field-5070,4,frozen_baseline,12,543.2916198333334,0.016674833022989333,12,1.0,6519.499438,True,
LOCAL-v1-q4-cell50_shared_field-5071,4,frozen_baseline,12,563.6255046666666,0.01969066692981869,12,1.0,6763.506056,True,
LOCAL-v1-q4-cell50_shared_field-5072,4,frozen_baseline,15,521.976257,0.014814041904173791,15,1.0,7829.643855,True,
LOCAL-v1-q4-cell50_shared_field-5073,4,frozen_baseline,10,621.0040271,0.01737274997867644,10,1.0,6210.040271,True,
LOCAL-v1-q4-cell50_shared_field-5074,4,frozen_baseline,16,414.0610250625,0.021252249949611723,16,1.0,6624.976401,True,
LOCAL-v1-q4-cell50_shared_field-5075,4,frozen_baseline,15,448.4154791333333,0.017726791091263294,15,1.0,6726.232187,True,
LOCAL-v1-q4-cell50_shared_field-5076,4,frozen_baseline,12,584.2169807500001,0.022700582980178297,12,1.0,7010.603769,True,
LOCAL-v1-q4-cell50_shared_field-5077,4,frozen_baseline,14,561.0806693571428,0.018650416051968932,14,1.0,7855.129371,True,
LOCAL-v1-q4-cell50_shared_field-5078,4,frozen_baseline,13,512.2171202307692,0.018844333011657,13,1.0,6658.822563,True,
LOCAL-v1-q4-cell50_shared_field-5079,4,frozen_baseline,10,646.6934376,0.014420665916986763,10,1.0,6466.934376,True,
LOCAL-v1-q4-cell50_shared_field-5080,4,frozen_baseline,10,943.6374167,0.017199791967868805,10,1.0,9436.374167,True,
LOCAL-v1-q4-cell50_shared_field-5081,4,frozen_baseline,16,460.8826765,0.018809833098202944,16,1.0,7374.122824,True,
LOCAL-v1-q4-cell50_shared_field-5082,4,frozen_baseline,13,537.0607133846154,0.016245209029875696,13,1.0,6981.789274,True,
LOCAL-v1-q4-cell50_shared_field-5083,4,frozen_baseline,13,508.3174240769231,0.020572250010445714,13,1.0,6608.126513,True,
LOCAL-v1-q4-cell50_shared_field-5084,4,frozen_baseline,14,641.697263857143,0.01825891702901572,14,1.0,8983.761694,True,
LOCAL-v1-q4-cell50_shared_field-5085,4,frozen_baseline,15,416.7422158,0.019484209013171494,15,1.0,6251.133237,True,
LOCAL-v1-q4-cell50_shared_field-5086,4,frozen_baseline,12,878.2281761666667,0.022877374896779656,12,1.0,10538.738114,True,
LOCAL-v1-q4-cell50_shared_field-5087,4,frozen_baseline,13,523.5887595384615,0.016725666006095707,13,1.0,6806.653874,True,
LOCAL-v1-q4-cell50_shared_field-5088,4,frozen_baseline,16,648.9630684375,0.02221491700038314,16,1.0,10383.409095,True,
LOCAL-v1-q4-cell50_shared_field-5089,4,frozen_baseline,15,405.7587382666667,0.020109541015699506,15,1.0,6086.381074,True,
LOCAL-v1-q4-cell50_shared_field-5090,4,frozen_baseline,14,461.8008814285714,0.015383084071800113,14,1.0,6465.21234,True,
LOCAL-v1-q4-cell50_shared_field-5091,4,frozen_baseline,12,573.7406110000001,0.015937959076836705,12,1.0,6884.887332,True,
LOCAL-v1-q4-cell50_shared_field-5092,4,frozen_baseline,11,569.6138924545454,0.018814750015735626,11,1.0,6265.752817,True,
LOCAL-v1-q4-cell50_shared_field-5093,4,frozen_baseline,15,568.135729,0.016623832983896136,15,1.0,8522.035935,True,
LOCAL-v1-q4-cell50_shared_field-5094,4,frozen_baseline,11,634.715260909091,0.014814166002906859,11,1.0,6981.86787,True,
LOCAL-v1-q4-cell50_shared_field-5095,4,frozen_baseline,10,720.5779805,0.018255625036545098,10,1.0,7205.779805,True,
LOCAL-v1-q4-cell50_shared_field-5096,4,frozen_baseline,14,479.2077075714286,0.020949792000465095,14,1.0,6708.907906,True,
LOCAL-v1-q4-cell50_shared_field-5097,4,frozen_baseline,13,552.864984,0.019456916954368353,13,1.0,7187.244792,True,
LOCAL-v1-q4-cell50_shared_field-5098,4,frozen_baseline,16,416.890602375,0.019158666022121906,16,1.0,6670.249638,True,
LOCAL-v1-q4-cell50_shared_field-5099,4,frozen_baseline,13,650.5567092307693,0.019026124966330826,13,1.0,8457.23722,True,
LOCAL-v1-q4-cell500_shared_field-5000,4,frozen_baseline,11,585.9050421818182,0.01858262496534735,11,1.0,6444.955464,True,
LOCAL-v1-q4-cell500_shared_field-5001,4,frozen_baseline,14,543.4643184285715,0.018179332953877747,14,1.0,7608.500458,True,
LOCAL-v1-q4-cell500_shared_field-5002,4,frozen_baseline,15,448.5853944,0.015377750038169324,15,1.0,6728.780916,True,
LOCAL-v1-q4-cell500_shared_field-5003,4,frozen_baseline,11,616.440316,0.016413374920375645,11,1.0,6780.843476,True,
LOCAL-v1-q4-cell500_shared_field-5004,4,frozen_baseline,12,523.3238273333333,0.01817983400542289,12,1.0,6279.885928,True,
LOCAL-v1-q4-cell500_shared_field-5005,4,frozen_baseline,11,566.6793182727273,0.020459707942791283,11,1.0,6233.472501,True,
LOCAL-v1-q4-cell500_shared_field-5006,4,frozen_baseline,11,723.1248604545455,0.017928167013451457,11,1.0,7954.373465,True,
LOCAL-v1-q4-cell500_shared_field-5007,4,frozen_baseline,11,613.4991341818181,0.02239375002682209,11,1.0,6748.490476,True,
LOCAL-v1-q4-cell500_shared_field-5008,4,frozen_baseline,10,706.0138018,0.019394875038415194,10,1.0,7060.138018,True,
LOCAL-v1-q4-cell500_shared_field-5009,4,frozen_baseline,14,464.1890697142857,0.021750334068201482,14,1.0,6498.646976,True,
LOCAL-v1-q4-cell500_shared_field-5010,4,frozen_baseline,12,531.6905370833333,0.019552209065295756,12,1.0,6380.286445,True,
LOCAL-v1-q4-cell500_shared_field-5011,4,frozen_baseline,15,449.60753013333334,0.018388292053714395,15,1.0,6744.112952,True,
LOCAL-v1-q4-cell500_shared_field-5012,4,frozen_baseline,10,628.8218801,0.01436845795251429,10,1.0,6288.218801,True,
LOCAL-v1-q4-cell500_shared_field-5013,4,frozen_baseline,12,581.4079363333334,0.015075832954607904,12,1.0,6976.895236,True,
LOCAL-v1-q4-cell500_shared_field-5014,4,frozen_baseline,11,719.3817533636364,0.017509625060483813,11,1.0,7913.199287,True,
LOCAL-v1-q4-cell500_shared_field-5015,4,frozen_baseline,12,525.13307175,0.019186540972441435,12,1.0,6301.596861,True,
LOCAL-v1-q4-cell500_shared_field-5016,4,frozen_baseline,16,408.2884941875,0.019102332997135818,16,1.0,6532.615907,True,
LOCAL-v1-q4-cell500_shared_field-5017,4,frozen_baseline,15,524.9853972,0.01775395800359547,15,1.0,7874.780958,True,
LOCAL-v1-q4-cell500_shared_field-5018,4,frozen_baseline,10,835.8679491999999,0.015875375014729798,10,1.0,8358.679492,True,
LOCAL-v1-q4-cell500_shared_field-5019,4,frozen_baseline,11,628.7466505454545,0.017810208024457097,11,1.0,6916.213156,True,
LOCAL-v1-q4-cell500_shared_field-5020,4,frozen_baseline,16,466.9563771875,0.016728458926081657,16,1.0,7471.302035,True,
LOCAL-v1-q4-cell500_shared_field-5021,4,frozen_baseline,14,834.1593797857142,0.01844149990938604,14,1.0,11678.231317,True,
LOCAL-v1-q4-cell500_shared_field-5022,4,frozen_baseline,14,679.1633935714286,0.015644541941583157,14,1.0,9508.28751,True,
LOCAL-v1-q4-cell500_shared_field-5023,4,frozen_baseline,15,446.32578593333335,0.020856749964877963,15,1.0,6694.886789,True,
LOCAL-v1-q4-cell500_shared_field-5024,4,frozen_baseline,13,488.2027199230769,0.016096333973109722,13,1.0,6346.635359,True,
LOCAL-v1-q4-cell500_shared_field-5025,4,frozen_baseline,12,595.1547314166667,0.0196352080674842,12,1.0,7141.856777,True,
LOCAL-v1-q4-cell500_shared_field-5026,4,frozen_baseline,15,419.64132866666665,0.019442417076788843,15,1.0,6294.61993,True,
LOCAL-v1-q4-cell500_shared_field-5027,4,frozen_baseline,11,637.7639642727273,0.018394167069345713,11,1.0,7015.403607,True,
LOCAL-v1-q4-cell500_shared_field-5028,4,frozen_baseline,10,679.8942989999999,0.016215582960285246,10,1.0,6798.94299,True,
LOCAL-v1-q4-cell500_shared_field-5029,4,frozen_baseline,11,681.9885876363637,0.016562832985073328,11,1.0,7501.874464,True,
LOCAL-v1-q4-cell500_shared_field-5030,4,frozen_baseline,12,564.2133243333334,0.01839329209178686,12,1.0,6770.559892,True,
LOCAL-v1-q4-cell500_shared_field-5031,4,frozen_baseline,15,568.0986792,0.019987332983873785,15,1.0,8521.480188,True,
LOCAL-v1-q4-cell500_shared_field-5032,4,frozen_baseline,11,558.5027721818182,0.018074958003126085,11,1.0,6143.530494,True,
LOCAL-v1-q4-cell500_shared_field-5033,4,frozen_baseline,14,445.8311005714286,0.018826082930900156,14,1.0,6241.635408,True,
LOCAL-v1-q4-cell500_shared_field-5034,4,frozen_baseline,16,557.1638589375,0.018465750035829842,16,1.0,8914.621743,True,
LOCAL-v1-q4-cell500_shared_field-5035,4,frozen_baseline,10,719.8865815,0.014865624951198697,10,1.0,7198.865815,True,
LOCAL-v1-q4-cell500_shared_field-5036,4,frozen_baseline,15,547.4982262666667,0.01817349996417761,15,1.0,8212.473394,True,
LOCAL-v1-q4-cell500_shared_field-5037,4,frozen_baseline,15,488.11138980000004,0.021631999989040196,15,1.0,7321.670847,True,
LOCAL-v1-q4-cell500_shared_field-5038,4,frozen_baseline,16,470.319335375,0.018256874987855554,16,1.0,7525.109366,True,
LOCAL-v1-q4-cell500_shared_field-5039,4,frozen_baseline,10,666.2001325,0.017251917044632137,10,1.0,6662.001325,True,
LOCAL-v1-q4-cell500_shared_field-5040,4,frozen_baseline,15,420.79063226666665,0.01813558302819729,15,1.0,6311.859484,True,
LOCAL-v1-q4-cell500_shared_field-5041,4,frozen_baseline,15,503.37914766666665,0.02108824998140335,15,1.0,7550.687215,True,
LOCAL-v1-q4-cell500_shared_field-5042,4,frozen_baseline,11,620.8050290909091,0.02062945906072855,11,1.0,6828.85532,True,
LOCAL-v1-q4-cell500_shared_field-5043,4,frozen_baseline,12,558.9325725833334,0.01808462501503527,12,1.0,6707.190871,True,
LOCAL-v1-q4-cell500_shared_field-5044,4,frozen_baseline,11,647.6794315454546,0.01655095792375505,11,1.0,7124.473747,True,
LOCAL-v1-q4-cell500_shared_field-5045,4,frozen_baseline,11,571.9524353636364,0.014795999974012375,11,1.0,6291.476789,True,
LOCAL-v1-q4-cell500_shared_field-5046,4,frozen_baseline,10,681.8671529999999,0.017923375009559095,10,1.0,6818.67153,True,
LOCAL-v1-q4-cell500_shared_field-5047,4,frozen_baseline,16,395.0702118125,0.022896665963344276,16,1.0,6321.123389,True,
LOCAL-v1-q4-cell500_shared_field-5048,4,frozen_baseline,12,556.3044052500001,0.015011583920568228,12,1.0,6675.652863,True,
LOCAL-v1-q4-cell500_shared_field-5049,4,frozen_baseline,10,782.374744,0.018268917105160654,10,1.0,7823.74744,True,
LOCAL-v1-q4-cell500_shared_field-5050,4,frozen_baseline,15,501.8063246,0.01995633402839303,15,1.0,7527.094869,True,
LOCAL-v1-q4-cell500_shared_field-5051,4,frozen_baseline,11,632.8627528181819,0.015465250005945563,11,1.0,6961.490281,True,
LOCAL-v1-q4-cell500_shared_field-5052,4,frozen_baseline,13,482.32439369230764,0.019668332999572158,13,1.0,6270.217118,True,
LOCAL-v1-q4-cell500_shared_field-5053,4,frozen_baseline,16,412.5892156875,0.01967683294788003,16,1.0,6601.427451,True,
LOCAL-v1-q4-cell500_shared_field-5054,4,frozen_baseline,16,462.2874409375,0.02060375001747161,16,1.0,7396.599055,True,
LOCAL-v1-q4-cell500_shared_field-5055,4,frozen_baseline,12,685.6568411666667,0.014592583989724517,12,1.0,8227.882094,True,
LOCAL-v1-q4-cell500_shared_field-5056,4,frozen_baseline,13,515.1876965384615,0.01674708304926753,13,1.0,6697.440055,True,
LOCAL-v1-q4-cell500_shared_field-5057,4,frozen_baseline,13,525.4541958461539,0.0149819579673931,13,1.0,6830.904546,True,
LOCAL-v1-q4-cell500_shared_field-5058,4,frozen_baseline,14,450.4672837857143,0.018047082936391234,14,1.0,6306.541973,True,
LOCAL-v1-q4-cell500_shared_field-5059,4,frozen_baseline,12,534.8628915833334,0.018140624975785613,12,1.0,6418.354699,True,
LOCAL-v1-q4-cell500_shared_field-5060,4,frozen_baseline,11,623.4390128181818,0.0206301670987159,11,1.0,6857.829141,True,
LOCAL-v1-q4-cell500_shared_field-5061,4,frozen_baseline,13,690.904049923077,0.017513625090941787,13,1.0,8981.752649,True,
LOCAL-v1-q4-cell500_shared_field-5062,4,frozen_baseline,16,655.10225725,0.021855375031009316,16,1.0,10481.636116,True,
LOCAL-v1-q4-cell500_shared_field-5063,4,frozen_baseline,15,447.66370693333334,0.02213416702579707,15,1.0,6714.955604,True,
LOCAL-v1-q4-cell500_shared_field-5064,4,frozen_baseline,13,505.34508323076926,0.018395125051029027,13,1.0,6569.486082,True,
LOCAL-v1-q4-cell500_shared_field-5065,4,frozen_baseline,12,578.7225680833334,0.01486495800781995,12,1.0,6944.670817,True,
LOCAL-v1-q4-cell500_shared_field-5066,4,frozen_baseline,10,644.8178079,0.01728675002232194,10,1.0,6448.178079,True,
LOCAL-v1-q4-cell500_shared_field-5067,4,frozen_baseline,16,482.601456125,0.021161500015296042,16,1.0,7721.623298,True,
LOCAL-v1-q4-cell500_shared_field-5068,4,frozen_baseline,13,549.8955546923078,0.019586249953135848,13,1.0,7148.642211,True,
LOCAL-v1-q4-cell500_shared_field-5069,4,frozen_baseline,14,708.1589135,0.02025862503796816,14,1.0,9914.224789,True,
LOCAL-v1-q4-cell500_shared_field-5070,4,frozen_baseline,12,553.358307,0.01675179204903543,12,1.0,6640.299684,True,
LOCAL-v1-q4-cell500_shared_field-5071,4,frozen_baseline,12,564.49523475,0.019675874966196716,12,1.0,6773.942817,True,
LOCAL-v1-q4-cell500_shared_field-5072,4,frozen_baseline,15,485.909264,0.014786917017772794,15,1.0,7288.63896,True,
LOCAL-v1-q4-cell500_shared_field-5073,4,frozen_baseline,10,627.3822357,0.017158625065349042,10,1.0,6273.822357,True,
LOCAL-v1-q4-cell500_shared_field-5074,4,frozen_baseline,16,414.368233125,0.021267249947413802,16,1.0,6629.89173,True,
LOCAL-v1-q4-cell500_shared_field-5075,4,frozen_baseline,15,440.6888936666667,0.017722667078487575,15,1.0,6610.333405,True,
LOCAL-v1-q4-cell500_shared_field-5076,4,frozen_baseline,12,572.2078355833333,0.02242179191671312,12,1.0,6866.494027,True,
LOCAL-v1-q4-cell500_shared_field-5077,4,frozen_baseline,14,485.2149827142857,0.019551125005818903,14,1.0,6793.009758,True,
LOCAL-v1-q4-cell500_shared_field-5078,4,frozen_baseline,13,513.7206610769231,0.019183625001460314,13,1.0,6678.368594,True,
LOCAL-v1-q4-cell500_shared_field-5079,4,frozen_baseline,10,647.7839916,0.014775458024814725,10,1.0,6477.839916,True,
LOCAL-v1-q4-cell500_shared_field-5080,4,frozen_baseline,10,898.0093752,0.017319916049018502,10,1.0,8980.093752,True,
LOCAL-v1-q4-cell500_shared_field-5081,4,frozen_baseline,16,445.3970988125,0.018847249913960695,16,1.0,7126.353581,True,
LOCAL-v1-q4-cell500_shared_field-5082,4,frozen_baseline,13,524.7218942307692,0.016233625006861985,13,1.0,6821.384625,True,
LOCAL-v1-q4-cell500_shared_field-5083,4,frozen_baseline,13,570.6683529230769,0.020318415947258472,13,1.0,7418.688588,True,
LOCAL-v1-q4-cell500_shared_field-5084,4,frozen_baseline,14,515.4937297857143,0.01829191599972546,14,1.0,7216.912217,True,
LOCAL-v1-q4-cell500_shared_field-5085,4,frozen_baseline,15,538.5248856000001,0.019626874942332506,15,1.0,8077.873284,True,
LOCAL-v1-q4-cell500_shared_field-5086,4,frozen_baseline,12,680.3354829166666,0.021096166921779513,12,1.0,8164.025795,True,
LOCAL-v1-q4-cell500_shared_field-5087,4,frozen_baseline,13,538.1000013846153,0.01667229097802192,13,1.0,6995.300018,True,
LOCAL-v1-q4-cell500_shared_field-5088,4,frozen_baseline,16,447.155685875,0.022433290956541896,16,1.0,7154.490974,True,
LOCAL-v1-q4-cell500_shared_field-5089,4,frozen_baseline,15,404.1462178666667,0.020343709038570523,15,1.0,6062.193268,True,
LOCAL-v1-q4-cell500_shared_field-5090,4,frozen_baseline,14,463.0179667857143,0.015561833046376705,14,1.0,6482.251535,True,
LOCAL-v1-q4-cell500_shared_field-5091,4,frozen_baseline,12,622.1464915,0.01596987491939217,12,1.0,7465.757898,True,
LOCAL-v1-q4-cell500_shared_field-5092,4,frozen_baseline,11,569.7969081818181,0.018743708031252027,11,1.0,6267.76599,True,
LOCAL-v1-q4-cell500_shared_field-5093,4,frozen_baseline,15,552.0790888666667,0.01649599999655038,15,1.0,8281.186333,True,
LOCAL-v1-q4-cell500_shared_field-5094,4,frozen_baseline,11,632.8792178181818,0.014723374973982573,11,1.0,6961.671396,True,
LOCAL-v1-q4-cell500_shared_field-5095,4,frozen_baseline,10,731.8123760999999,0.017127208062447608,10,1.0,7318.123761,True,
LOCAL-v1-q4-cell500_shared_field-5096,4,frozen_baseline,14,481.0479361428571,0.021039583021774888,14,1.0,6734.671106,True,
LOCAL-v1-q4-cell500_shared_field-5097,4,frozen_baseline,13,544.2036276153847,0.01980866608209908,13,1.0,7074.647159,True,
LOCAL-v1-q4-cell500_shared_field-5098,4,frozen_baseline,16,405.583708125,0.019293957971967757,16,1.0,6489.33933,True,
LOCAL-v1-q4-cell500_shared_field-5099,4,frozen_baseline,13,679.8846238461539,0.01899300003424287,13,1.0,8838.50011,True,
LOCAL-v1-q4-edge_mixed_min_radius-5000,4,frozen_baseline,11,800.9945518181819,0.01786504196934402,11,1.0,8810.94007,True,
LOCAL-v1-q4-edge_mixed_min_radius-5001,4,frozen_baseline,14,741.7835821428571,0.019401292083784938,14,1.0,10384.97015,True,
LOCAL-v1-q4-edge_mixed_min_radius-5002,4,frozen_baseline,15,619.1579435333333,0.018752124975435436,15,1.0,9287.369153,True,
LOCAL-v1-q4-edge_mixed_min_radius-5003,4,frozen_baseline,11,643.8686720000001,0.018230417044833302,11,1.0,7082.555392,True,
LOCAL-v1-q4-edge_mixed_min_radius-5004,4,frozen_baseline,12,546.7765215000001,0.01660783402621746,12,1.0,6561.318258,True,
LOCAL-v1-q4-edge_mixed_min_radius-5005,4,frozen_baseline,11,645.9884263636363,0.016008500009775162,11,1.0,7105.87269,True,
LOCAL-v1-q4-edge_mixed_min_radius-5006,4,frozen_baseline,11,756.5893940000001,0.01785058295354247,11,1.0,8322.483334,True,
LOCAL-v1-q4-edge_mixed_min_radius-5007,4,frozen_baseline,11,725.1561296363636,0.016718042083084583,11,1.0,7976.717426,True,
LOCAL-v1-q4-edge_mixed_min_radius-5008,4,frozen_baseline,10,823.1531074000001,0.014096457976847887,10,1.0,8231.531074,True,
LOCAL-v1-q4-edge_mixed_min_radius-5009,4,frozen_baseline,14,503.36899514285716,0.017647291999310255,14,1.0,7047.165932,True,
LOCAL-v1-q4-edge_mixed_min_radius-5010,4,frozen_baseline,12,531.2379334999999,0.020040499977767467,12,1.0,6374.855202,True,
LOCAL-v1-q4-edge_mixed_min_radius-5011,4,frozen_baseline,15,424.12467399999997,0.02158191695343703,15,1.0,6361.87011,True,
LOCAL-v1-q4-edge_mixed_min_radius-5012,4,frozen_baseline,10,734.469208,0.017916708020493388,10,1.0,7344.69208,True,
LOCAL-v1-q4-edge_mixed_min_radius-5013,4,frozen_baseline,12,595.9616494166667,0.01924041600432247,12,1.0,7151.539793,True,
LOCAL-v1-q4-edge_mixed_min_radius-5014,4,frozen_baseline,11,807.0765850909091,0.015504625043831766,11,1.0,8877.842436,True,
LOCAL-v1-q4-edge_mixed_min_radius-5015,4,frozen_baseline,12,630.5127854166667,0.016265457961708307,12,1.0,7566.153425,True,
LOCAL-v1-q4-edge_mixed_min_radius-5016,4,frozen_baseline,16,493.3497158125,0.017672082991339266,16,1.0,7893.595453,True,
LOCAL-v1-q4-edge_mixed_min_radius-5017,4,frozen_baseline,15,614.576973,0.016781375044956803,15,1.0,9218.654595,True,
LOCAL-v1-q4-edge_mixed_min_radius-5018,4,frozen_baseline,10,773.3594223,0.01527325005736202,10,1.0,7733.594223,True,
LOCAL-v1-q4-edge_mixed_min_radius-5019,4,frozen_baseline,11,582.1932485454546,0.01850920799188316,11,1.0,6404.125734,True,
LOCAL-v1-q4-edge_mixed_min_radius-5020,4,frozen_baseline,16,456.295149375,0.019796582986600697,16,1.0,7300.72239,True,
LOCAL-v1-q4-edge_mixed_min_radius-5021,4,frozen_baseline,14,696.5865047857143,0.01575245801359415,14,1.0,9752.211067,True,
LOCAL-v1-q4-edge_mixed_min_radius-5022,4,frozen_baseline,14,660.9818787857142,0.015776874963194132,14,1.0,9253.746303,True,
LOCAL-v1-q4-edge_mixed_min_radius-5023,4,frozen_baseline,15,499.8048402,0.018860624986700714,15,1.0,7497.072603,True,
LOCAL-v1-q4-edge_mixed_min_radius-5024,4,frozen_baseline,13,607.5583015384616,0.020565208978950977,13,1.0,7898.25792,True,
LOCAL-v1-q4-edge_mixed_min_radius-5025,4,frozen_baseline,12,669.2232211666667,0.018148500006645918,12,1.0,8030.678654,True,
LOCAL-v1-q4-edge_mixed_min_radius-5026,4,frozen_baseline,15,446.9963114,0.022533749928697944,15,1.0,6704.944671,True,
LOCAL-v1-q4-edge_mixed_min_radius-5027,4,frozen_baseline,11,625.966649,0.037231958005577326,11,1.0,6885.633139,True,
LOCAL-v1-q4-edge_mixed_min_radius-5028,4,frozen_baseline,10,651.7642768,0.016199291916564107,10,1.0,6517.642768,True,
LOCAL-v1-q4-edge_mixed_min_radius-5029,4,frozen_baseline,11,696.7846290909091,0.014937250060029328,11,1.0,7664.63092,True,
LOCAL-v1-q4-edge_mixed_min_radius-5030,4,frozen_baseline,12,629.9151009999999,0.017419083043932915,12,1.0,7558.981212,True,
LOCAL-v1-q4-edge_mixed_min_radius-5031,4,frozen_baseline,15,569.0524075333334,0.016565834055654705,15,1.0,8535.786113,True,
LOCAL-v1-q4-edge_mixed_min_radius-5032,4,frozen_baseline,11,613.0974537272728,0.015301709063351154,11,1.0,6744.071991,True,
LOCAL-v1-q4-edge_mixed_min_radius-5033,4,frozen_baseline,14,516.0926977142857,0.018723709043115377,14,1.0,7225.297768,True,
LOCAL-v1-q4-edge_mixed_min_radius-5034,4,frozen_baseline,16,500.2597061875,0.01843495899811387,16,1.0,8004.155299,True,
LOCAL-v1-q4-edge_mixed_min_radius-5035,4,frozen_baseline,10,817.9419769,0.017266749986447394,10,1.0,8179.419769,True,
LOCAL-v1-q4-edge_mixed_min_radius-5036,4,frozen_baseline,15,635.0619801333333,0.016891916980966926,15,1.0,9525.929702,True,
LOCAL-v1-q4-edge_mixed_min_radius-5037,4,frozen_baseline,15,556.7862680666666,0.01997662498615682,15,1.0,8351.794021,True,
LOCAL-v1-q4-edge_mixed_min_radius-5038,4,frozen_baseline,16,450.9218555,0.020757666905410588,16,1.0,7214.749688,True,
LOCAL-v1-q4-edge_mixed_min_radius-5039,4,frozen_baseline,10,830.7216543000001,0.10667270806152374,10,1.0,8307.216543,True,
LOCAL-v1-q4-edge_mixed_min_radius-5040,4,frozen_baseline,15,522.6875454666666,0.03578124998603016,15,1.0,7840.313182,True,
LOCAL-v1-q4-edge_mixed_min_radius-5041,4,frozen_baseline,15,448.7014158666667,0.020956541993655264,15,1.0,6730.521238,True,
LOCAL-v1-q4-edge_mixed_min_radius-5042,4,frozen_baseline,11,801.7764628181817,0.025119249941781163,11,1.0,8819.541091,True,
LOCAL-v1-q4-edge_mixed_min_radius-5043,4,frozen_baseline,12,660.8631981666666,0.02621462498791516,12,1.0,7930.358378,True,
LOCAL-v1-q4-edge_mixed_min_radius-5044,4,frozen_baseline,11,752.9313286363636,0.019157250062562525,11,1.0,8282.244615,True,
LOCAL-v1-q4-edge_mixed_min_radius-5045,4,frozen_baseline,11,575.1879480909091,0.020309458952397108,11,1.0,6327.067429,True,
LOCAL-v1-q4-edge_mixed_min_radius-5046,4,frozen_baseline,10,581.6765141,0.01894558290950954,10,1.0,5816.765141,True,
LOCAL-v1-q4-edge_mixed_min_radius-5047,4,frozen_baseline,16,463.342902875,0.018526625004597008,16,1.0,7413.486446,True,
LOCAL-v1-q4-edge_mixed_min_radius-5048,4,frozen_baseline,12,621.6266174166667,0.017265249975025654,12,1.0,7459.519409,True,
LOCAL-v1-q4-edge_mixed_min_radius-5049,4,frozen_baseline,10,731.2418732,0.015821291017346084,10,1.0,7312.418732,True,
LOCAL-v1-q4-edge_mixed_min_radius-5050,4,frozen_baseline,15,530.8477098,0.01786583394277841,15,1.0,7962.715647,True,
LOCAL-v1-q4-edge_mixed_min_radius-5051,4,frozen_baseline,11,696.9729336363636,0.01583829103037715,11,1.0,7666.70227,True,
LOCAL-v1-q4-edge_mixed_min_radius-5052,4,frozen_baseline,13,583.6490964615384,0.017949874978512526,13,1.0,7587.438254,True,
LOCAL-v1-q4-edge_mixed_min_radius-5053,4,frozen_baseline,16,487.2425694375,0.017010790994390845,16,1.0,7795.881111,True,
LOCAL-v1-q4-edge_mixed_min_radius-5054,4,frozen_baseline,16,470.846790625,0.016490374924615026,16,1.0,7533.54865,True,
LOCAL-v1-q4-edge_mixed_min_radius-5055,4,frozen_baseline,12,957.7293962499999,0.015312999952584505,12,1.0,11492.752755,True,
LOCAL-v1-q4-edge_mixed_min_radius-5056,4,frozen_baseline,13,718.655138,0.015211667050607502,13,1.0,9342.516794,True,
LOCAL-v1-q4-edge_mixed_min_radius-5057,4,frozen_baseline,13,527.1363643846154,0.017989750020205975,13,1.0,6852.772737,True,
LOCAL-v1-q4-edge_mixed_min_radius-5058,4,frozen_baseline,14,461.1900678571429,0.017889040987938643,14,1.0,6456.66095,True,
LOCAL-v1-q4-edge_mixed_min_radius-5059,4,frozen_baseline,12,516.8116130833333,0.01891612506005913,12,1.0,6201.739357,True,
LOCAL-v1-q4-edge_mixed_min_radius-5060,4,frozen_baseline,11,773.7151230909091,0.015482124988920987,11,1.0,8510.866354,True,
LOCAL-v1-q4-edge_mixed_min_radius-5061,4,frozen_baseline,13,641.172594076923,0.018138500046916306,13,1.0,8335.243723,True,
LOCAL-v1-q4-edge_mixed_min_radius-5062,4,frozen_baseline,16,536.562588875,0.01782958407420665,16,1.0,8585.001422,True,
LOCAL-v1-q4-edge_mixed_min_radius-5063,4,frozen_baseline,15,432.0740098,0.022102124989032745,15,1.0,6481.110147,True,
LOCAL-v1-q4-edge_mixed_min_radius-5064,4,frozen_baseline,13,569.2274085384615,0.01592150004580617,13,1.0,7399.956311,True,
LOCAL-v1-q4-edge_mixed_min_radius-5065,4,frozen_baseline,12,688.1574725833334,0.016796041978523135,12,1.0,8257.889671,True,
LOCAL-v1-q4-edge_mixed_min_radius-5066,4,frozen_baseline,10,682.2066262999999,0.014578083995729685,10,1.0,6822.066263,True,
LOCAL-v1-q4-edge_mixed_min_radius-5067,4,frozen_baseline,16,460.1184969375,0.018508457927964628,16,1.0,7361.895951,True,
LOCAL-v1-q4-edge_mixed_min_radius-5068,4,frozen_baseline,13,598.0572683076923,0.018257500021718442,13,1.0,7774.744488,True,
LOCAL-v1-q4-edge_mixed_min_radius-5069,4,frozen_baseline,14,604.0227862857143,0.01640220801346004,14,1.0,8456.319008,True,
LOCAL-v1-q4-edge_mixed_min_radius-5070,4,frozen_baseline,12,624.5591076666666,0.017558875028043985,12,1.0,7494.709292,True,
LOCAL-v1-q4-edge_mixed_min_radius-5071,4,frozen_baseline,12,632.1435775833334,0.018145082984119654,12,1.0,7585.722931,True,
LOCAL-v1-q4-edge_mixed_min_radius-5072,4,frozen_baseline,15,613.4167892666667,0.01687266700901091,15,1.0,9201.251839,True,
LOCAL-v1-q4-edge_mixed_min_radius-5073,4,frozen_baseline,10,649.0608061,0.016973458928987384,10,1.0,6490.608061,True,
LOCAL-v1-q4-edge_mixed_min_radius-5074,4,frozen_baseline,16,518.7777659375,0.018722707987762988,16,1.0,8300.444255,True,
LOCAL-v1-q4-edge_mixed_min_radius-5075,4,frozen_baseline,15,484.69447026666666,0.01959099993109703,15,1.0,7270.417054,True,
LOCAL-v1-q4-edge_mixed_min_radius-5076,4,frozen_baseline,12,707.2136271666667,0.016030166065320373,12,1.0,8486.563526,True,
LOCAL-v1-q4-edge_mixed_min_radius-5077,4,frozen_baseline,14,606.7619192857143,0.018876916961744428,14,1.0,8494.66687,True,
LOCAL-v1-q4-edge_mixed_min_radius-5078,4,frozen_baseline,13,522.4734626923077,0.018758416990749538,13,1.0,6792.155015,True,
LOCAL-v1-q4-edge_mixed_min_radius-5079,4,frozen_baseline,10,641.7253485,0.017491625039838254,10,1.0,6417.253485,True,
LOCAL-v1-q4-edge_mixed_min_radius-5080,4,frozen_baseline,10,920.0944692999999,0.015686708968132734,10,1.0,9200.944693,True,
LOCAL-v1-q4-edge_mixed_min_radius-5081,4,frozen_baseline,16,500.21595125,0.018952458980493248,16,1.0,8003.45522,True,
LOCAL-v1-q4-edge_mixed_min_radius-5082,4,frozen_baseline,13,571.9441683076923,0.015845917048864067,13,1.0,7435.274188,True,
LOCAL-v1-q4-edge_mixed_min_radius-5083,4,frozen_baseline,13,544.4397749999999,0.018384624971076846,13,1.0,7077.717075,True,
LOCAL-v1-q4-edge_mixed_min_radius-5084,4,frozen_baseline,14,731.5232792857142,0.016486290958710015,14,1.0,10241.32591,True,
LOCAL-v1-q4-edge_mixed_min_radius-5085,4,frozen_baseline,15,597.0858439333333,0.017677999916486442,15,1.0,8956.287659,True,
LOCAL-v1-q4-edge_mixed_min_radius-5086,4,frozen_baseline,12,572.1213725,0.01839254202786833,12,1.0,6865.45647,True,
LOCAL-v1-q4-edge_mixed_min_radius-5087,4,frozen_baseline,13,587.4428839999999,0.01701645797584206,13,1.0,7636.757492,True,
LOCAL-v1-q4-edge_mixed_min_radius-5088,4,frozen_baseline,16,530.303966625,0.01870920800138265,16,1.0,8484.863466,True,
LOCAL-v1-q4-edge_mixed_min_radius-5089,4,frozen_baseline,15,509.9996294666667,0.01939795899670571,15,1.0,7649.994442,True,
LOCAL-v1-q4-edge_mixed_min_radius-5090,4,frozen_baseline,14,456.4198455,0.017769958009012043,14,1.0,6389.877837,True,
LOCAL-v1-q4-edge_mixed_min_radius-5091,4,frozen_baseline,12,611.79419325,0.017803208087570965,12,1.0,7341.530319,True,
LOCAL-v1-q4-edge_mixed_min_radius-5092,4,frozen_baseline,11,674.1511655454545,0.017936167074367404,11,1.0,7415.662821,True,
LOCAL-v1-q4-edge_mixed_min_radius-5093,4,frozen_baseline,15,516.2685904,0.017110374988988042,15,1.0,7744.028856,True,
LOCAL-v1-q4-edge_mixed_min_radius-5094,4,frozen_baseline,11,789.0822054545454,0.01614412502385676,11,1.0,8679.90426,True,
LOCAL-v1-q4-edge_mixed_min_radius-5095,4,frozen_baseline,10,830.7679340000001,0.016358666005544364,10,1.0,8307.67934,True,
LOCAL-v1-q4-edge_mixed_min_radius-5096,4,frozen_baseline,14,496.5496021428571,0.01939687505364418,14,1.0,6951.69443,True,
LOCAL-v1-q4-edge_mixed_min_radius-5097,4,frozen_baseline,13,569.7907702307692,0.019007417024113238,13,1.0,7407.280013,True,
LOCAL-v1-q4-edge_mixed_min_radius-5098,4,frozen_baseline,16,463.4137238125,0.02154641703236848,16,1.0,7414.619581,True,
LOCAL-v1-q4-edge_mixed_min_radius-5099,4,frozen_baseline,13,676.7586714615385,0.01909816695842892,13,1.0,8797.862729,True,
LOCAL-v1-q4-offcenter_cluster-5000,4,frozen_baseline,11,608.3898793636364,0.0203071249416098,11,1.0,6692.288673,True,
LOCAL-v1-q4-offcenter_cluster-5001,4,frozen_baseline,14,477.4067654285714,0.027697165962308645,14,1.0,6683.694716,True,
LOCAL-v1-q4-offcenter_cluster-5002,4,frozen_baseline,15,575.3825288,0.025479790987446904,15,1.0,8630.737932,True,
LOCAL-v1-q4-offcenter_cluster-5003,4,frozen_baseline,11,604.7105114545454,0.02116008405573666,11,1.0,6651.815626,True,
LOCAL-v1-q4-offcenter_cluster-5004,4,frozen_baseline,12,551.1587425,0.023922624997794628,12,1.0,6613.90491,True,
LOCAL-v1-q4-offcenter_cluster-5005,4,frozen_baseline,11,655.7799437272727,0.024471874930895865,11,1.0,7213.579381,True,
LOCAL-v1-q4-offcenter_cluster-5006,4,frozen_baseline,11,512.4370224545454,0.02391391701530665,11,1.0,5636.807247,True,
LOCAL-v1-q4-offcenter_cluster-5007,4,frozen_baseline,11,719.3032911818182,0.02305241592694074,11,1.0,7912.336203,True,
LOCAL-v1-q4-offcenter_cluster-5008,4,frozen_baseline,10,639.1852986,0.017989124986343086,10,1.0,6391.852986,True,
LOCAL-v1-q4-offcenter_cluster-5009,4,frozen_baseline,14,488.3169348571428,0.026456500054337084,14,1.0,6836.437088,True,
LOCAL-v1-q4-offcenter_cluster-5010,4,frozen_baseline,12,558.5167975,0.021694332943297923,12,1.0,6702.20157,True,
LOCAL-v1-q4-offcenter_cluster-5011,4,frozen_baseline,15,466.68319553333333,0.024467999930493534,15,1.0,7000.247933,True,
LOCAL-v1-q4-offcenter_cluster-5012,4,frozen_baseline,10,582.6280273,0.01445883302949369,10,1.0,5826.280273,True,
LOCAL-v1-q4-offcenter_cluster-5013,4,frozen_baseline,12,566.3354146666667,0.02296191593632102,12,1.0,6796.024976,True,
LOCAL-v1-q4-offcenter_cluster-5014,4,frozen_baseline,11,657.0165850909091,0.02349649998359382,11,1.0,7227.182436,True,
LOCAL-v1-q4-offcenter_cluster-5015,4,frozen_baseline,12,608.3057304166667,0.01763604104053229,12,1.0,7299.668765,True,
LOCAL-v1-q4-offcenter_cluster-5016,4,frozen_baseline,16,207.3941174375,0.02308974997140467,16,1.0,3318.305879,True,
LOCAL-v1-q4-offcenter_cluster-5017,4,frozen_baseline,15,538.5253830666667,0.03529891592916101,15,1.0,8077.880746,True,
LOCAL-v1-q4-offcenter_cluster-5018,4,frozen_baseline,10,701.7711778,0.01856704195961356,10,1.0,7017.711778,True,
LOCAL-v1-q4-offcenter_cluster-5019,4,frozen_baseline,11,556.6054609090909,0.0209031670819968,11,1.0,6122.66007,True,
LOCAL-v1-q4-offcenter_cluster-5020,4,frozen_baseline,16,405.860481125,0.033641125075519085,16,1.0,6493.767698,True,
LOCAL-v1-q4-offcenter_cluster-5021,4,frozen_baseline,14,484.75892135714287,0.023354416945949197,14,1.0,6786.624899,True,
LOCAL-v1-q4-offcenter_cluster-5022,4,frozen_baseline,14,428.0699132857143,0.025058874976821244,14,1.0,5992.978786,True,
LOCAL-v1-q4-offcenter_cluster-5023,4,frozen_baseline,15,436.58336146666664,0.02832191705238074,15,1.0,6548.750422,True,
LOCAL-v1-q4-offcenter_cluster-5024,4,frozen_baseline,13,506.9912261538462,0.026036832947283983,13,1.0,6590.88594,True,
LOCAL-v1-q4-offcenter_cluster-5025,4,frozen_baseline,12,478.59655191666667,0.014480625046417117,12,1.0,5743.158623,True,
LOCAL-v1-q4-offcenter_cluster-5026,4,frozen_baseline,15,359.1409542,0.026801333064213395,15,1.0,5387.114313,True,
LOCAL-v1-q4-offcenter_cluster-5027,4,frozen_baseline,11,546.7039301818181,0.020644792006351054,11,1.0,6013.743232,True,
LOCAL-v1-q4-offcenter_cluster-5028,4,frozen_baseline,10,665.7523448,0.018778958008624613,10,1.0,6657.523448,True,
LOCAL-v1-q4-offcenter_cluster-5029,4,frozen_baseline,11,701.6272496363637,0.020900000003166497,11,1.0,7717.899746,True,
LOCAL-v1-q4-offcenter_cluster-5030,4,frozen_baseline,12,532.27137325,0.02074429194908589,12,1.0,6387.256479,True,
LOCAL-v1-q4-offcenter_cluster-5031,4,frozen_baseline,15,418.78035386666664,0.026339708012528718,15,1.0,6281.705308,True,
LOCAL-v1-q4-offcenter_cluster-5032,4,frozen_baseline,11,510.4861214545454,0.02075820800382644,11,1.0,5615.347336,True,
LOCAL-v1-q4-offcenter_cluster-5033,4,frozen_baseline,14,376.90750157142855,0.027097165933810174,14,1.0,5276.705022,True,
LOCAL-v1-q4-offcenter_cluster-5034,4,frozen_baseline,16,437.8629905625,0.026270541013218462,16,1.0,7005.807849,True,
LOCAL-v1-q4-offcenter_cluster-5035,4,frozen_baseline,10,703.137656,0.022924917051568627,10,1.0,7031.37656,True,
LOCAL-v1-q4-offcenter_cluster-5036,4,frozen_baseline,15,490.3566527333333,0.02455233410000801,15,1.0,7355.349791,True,
LOCAL-v1-q4-offcenter_cluster-5037,4,frozen_baseline,15,484.947738,0.027984665939584374,15,1.0,7274.21607,True,
LOCAL-v1-q4-offcenter_cluster-5038,4,frozen_baseline,16,390.30105775,0.029664292000234127,16,1.0,6244.816924,True,
LOCAL-v1-q4-offcenter_cluster-5039,4,frozen_baseline,10,588.0014162,0.019609875045716763,10,1.0,5880.014162,True,
LOCAL-v1-q4-offcenter_cluster-5040,4,frozen_baseline,15,421.9084766,0.03298145905137062,15,1.0,6328.627149,True,
LOCAL-v1-q4-offcenter_cluster-5041,4,frozen_baseline,15,366.29704713333336,0.02390858402941376,15,1.0,5494.455707,True,
LOCAL-v1-q4-offcenter_cluster-5042,4,frozen_baseline,11,632.7542644545455,0.025666625006124377,11,1.0,6960.296909,True,
LOCAL-v1-q4-offcenter_cluster-5043,4,frozen_baseline,12,491.826172,0.016895583947189152,12,1.0,5901.914064,True,
LOCAL-v1-q4-offcenter_cluster-5044,4,frozen_baseline,11,565.3896906363636,0.02259462501388043,11,1.0,6219.286597,True,
LOCAL-v1-q4-offcenter_cluster-5045,4,frozen_baseline,11,595.0449438181818,0.027612000005319715,11,1.0,6545.494382,True,
LOCAL-v1-q4-offcenter_cluster-5046,4,frozen_baseline,10,616.2924248,0.027204332989640534,10,1.0,6162.924248,True,
LOCAL-v1-q4-offcenter_cluster-5047,4,frozen_baseline,16,154.838495875,0.023261583992280066,16,1.0,2477.415934,True,
LOCAL-v1-q4-offcenter_cluster-5048,4,frozen_baseline,12,514.1035738333334,0.021363166044466197,12,1.0,6169.242886,True,
LOCAL-v1-q4-offcenter_cluster-5049,4,frozen_baseline,10,852.590186,0.022672042017802596,10,1.0,8525.90186,True,
LOCAL-v1-q4-offcenter_cluster-5050,4,frozen_baseline,15,399.6748437333333,0.028058083029463887,15,1.0,5995.122656,True,
LOCAL-v1-q4-offcenter_cluster-5051,4,frozen_baseline,11,613.2947581818181,0.01998429198283702,11,1.0,6746.24234,True,
LOCAL-v1-q4-offcenter_cluster-5052,4,frozen_baseline,13,468.41647953846154,0.026473707985132933,13,1.0,6089.414234,True,
LOCAL-v1-q4-offcenter_cluster-5053,4,frozen_baseline,16,444.786850625,0.02895729208830744,16,1.0,7116.58961,True,
LOCAL-v1-q4-offcenter_cluster-5054,4,frozen_baseline,16,215.31368975,0.021736916969530284,16,1.0,3445.019036,True,
LOCAL-v1-q4-offcenter_cluster-5055,4,frozen_baseline,12,526.4659514166666,0.023404209059663117,12,1.0,6317.591417,True,
LOCAL-v1-q4-offcenter_cluster-5056,4,frozen_baseline,13,585.2484603846153,0.027499083080329,13,1.0,7608.229985,True,
LOCAL-v1-q4-offcenter_cluster-5057,4,frozen_baseline,13,549.4268897692308,0.02133633301127702,13,1.0,7142.549567,True,
LOCAL-v1-q4-offcenter_cluster-5058,4,frozen_baseline,14,452.31157328571425,0.02754837495740503,14,1.0,6332.362026,True,
LOCAL-v1-q4-offcenter_cluster-5059,4,frozen_baseline,12,548.19392775,0.027730542002245784,12,1.0,6578.327133,True,
LOCAL-v1-q4-offcenter_cluster-5060,4,frozen_baseline,11,690.9136405454545,0.022093125036917627,11,1.0,7600.050046,True,
LOCAL-v1-q4-offcenter_cluster-5061,4,frozen_baseline,13,559.1615108461539,0.022034915979020298,13,1.0,7269.099641,True,
LOCAL-v1-q4-offcenter_cluster-5062,4,frozen_baseline,16,450.4664636875,0.02511041599791497,16,1.0,7207.463419,True,
LOCAL-v1-q4-offcenter_cluster-5063,4,frozen_baseline,15,607.0805973333333,0.029414708027616143,15,1.0,9106.20896,True,
LOCAL-v1-q4-offcenter_cluster-5064,4,frozen_baseline,13,556.319937923077,0.021370082977227867,13,1.0,7232.159193,True,
LOCAL-v1-q4-offcenter_cluster-5065,4,frozen_baseline,12,496.8734886666667,0.023706958047114313,12,1.0,5962.481864,True,
LOCAL-v1-q4-offcenter_cluster-5066,4,frozen_baseline,10,583.700664,0.024547167005948722,10,1.0,5837.00664,True,
LOCAL-v1-q4-offcenter_cluster-5067,4,frozen_baseline,16,387.8321805625,0.02546691708266735,16,1.0,6205.314889,True,
LOCAL-v1-q4-offcenter_cluster-5068,4,frozen_baseline,13,542.8077469230769,0.022358709014952183,13,1.0,7056.50071,True,
LOCAL-v1-q4-offcenter_cluster-5069,4,frozen_baseline,14,470.14031814285715,0.023421499994583428,14,1.0,6581.964454,True,
LOCAL-v1-q4-offcenter_cluster-5070,4,frozen_baseline,12,502.9970166666667,0.025973708019591868,12,1.0,6035.9642,True,
LOCAL-v1-q4-offcenter_cluster-5071,4,frozen_baseline,12,533.6638696666666,0.02732654206920415,12,1.0,6403.966436,True,
LOCAL-v1-q4-offcenter_cluster-5072,4,frozen_baseline,15,437.0915660666667,0.021368207992054522,15,1.0,6556.373491,True,
LOCAL-v1-q4-offcenter_cluster-5073,4,frozen_baseline,10,570.4631521,0.025690624956041574,10,1.0,5704.631521,True,
LOCAL-v1-q4-offcenter_cluster-5074,4,frozen_baseline,16,379.6526565625,0.02376149990595877,16,1.0,6074.442505,True,
LOCAL-v1-q4-offcenter_cluster-5075,4,frozen_baseline,15,354.6249262,0.014977582963183522,15,1.0,5319.373893,True,
LOCAL-v1-q4-offcenter_cluster-5076,4,frozen_baseline,12,556.1472826666667,0.019988125073723495,12,1.0,6673.767392,True,
LOCAL-v1-q4-offcenter_cluster-5077,4,frozen_baseline,14,456.8729538571429,0.025227167061530054,14,1.0,6396.221354,True,
LOCAL-v1-q4-offcenter_cluster-5078,4,frozen_baseline,13,462.7618746923077,0.025987584027461708,13,1.0,6015.904371,True,
LOCAL-v1-q4-offcenter_cluster-5079,4,frozen_baseline,10,651.6091984,0.024509542039595544,10,1.0,6516.091984,True,
LOCAL-v1-q4-offcenter_cluster-5080,4,frozen_baseline,10,872.516996,0.019119582953862846,10,1.0,8725.16996,True,
LOCAL-v1-q4-offcenter_cluster-5081,4,frozen_baseline,16,437.36045675,0.026549041969701648,16,1.0,6997.767308,True,
LOCAL-v1-q4-offcenter_cluster-5082,4,frozen_baseline,13,509.48164599999996,0.022348124999552965,13,1.0,6623.261398,True,
LOCAL-v1-q4-offcenter_cluster-5083,4,frozen_baseline,13,535.8921517692307,0.025241625029593706,13,1.0,6966.597973,True,
LOCAL-v1-q4-offcenter_cluster-5084,4,frozen_baseline,14,484.2735963571428,0.023634458077140152,14,1.0,6779.830349,True,
LOCAL-v1-q4-offcenter_cluster-5085,4,frozen_baseline,15,422.0832366,0.024527542060241103,15,1.0,6331.248549,True,
LOCAL-v1-q4-offcenter_cluster-5086,4,frozen_baseline,12,590.04101875,0.026311249937862158,12,1.0,7080.492225,True,
LOCAL-v1-q4-offcenter_cluster-5087,4,frozen_baseline,13,481.4850986923077,0.023578124935738742,13,1.0,6259.306283,True,
LOCAL-v1-q4-offcenter_cluster-5088,4,frozen_baseline,16,479.3891645625,0.029008541954681277,16,1.0,7670.226633,True,
LOCAL-v1-q4-offcenter_cluster-5089,4,frozen_baseline,15,382.4499169333333,0.028384207980707288,15,1.0,5736.748754,True,
LOCAL-v1-q4-offcenter_cluster-5090,4,frozen_baseline,14,502.1910965,0.026788000017404556,14,1.0,7030.675351,True,
LOCAL-v1-q4-offcenter_cluster-5091,4,frozen_baseline,12,505.46121983333336,0.021698875003494322,12,1.0,6065.534638,True,
LOCAL-v1-q4-offcenter_cluster-5092,4,frozen_baseline,11,575.9646212727273,0.025393250049091876,11,1.0,6335.610834,True,
LOCAL-v1-q4-offcenter_cluster-5093,4,frozen_baseline,15,500.3392659333333,0.03092087502591312,15,1.0,7505.088989,True,
LOCAL-v1-q4-offcenter_cluster-5094,4,frozen_baseline,11,704.07499,0.02584654197562486,11,1.0,7744.82489,True,
LOCAL-v1-q4-offcenter_cluster-5095,4,frozen_baseline,10,638.4737772999999,0.020835125003941357,10,1.0,6384.737773,True,
LOCAL-v1-q4-offcenter_cluster-5096,4,frozen_baseline,14,489.84641864285715,0.02346016699448228,14,1.0,6857.849861,True,
LOCAL-v1-q4-offcenter_cluster-5097,4,frozen_baseline,13,495.8846077692308,0.025396666955202818,13,1.0,6446.499901,True,
LOCAL-v1-q4-offcenter_cluster-5098,4,frozen_baseline,16,386.203371375,0.027045958093367517,16,1.0,6179.253942,True,
LOCAL-v1-q4-offcenter_cluster-5099,4,frozen_baseline,13,497.5880863846154,0.024697375018149614,13,1.0,6468.645123,True,
LOCAL-v1-q4-origin_cluster-5000,4,frozen_baseline,11,537.478137,0.025169667089357972,11,1.0,5912.259507,True,
LOCAL-v1-q4-origin_cluster-5001,4,frozen_baseline,14,457.3009330714286,0.029130500042811036,14,1.0,6402.213063,True,
LOCAL-v1-q4-origin_cluster-5002,4,frozen_baseline,15,668.7657598000001,0.02837029192596674,15,1.0,10031.486397,True,
LOCAL-v1-q4-origin_cluster-5003,4,frozen_baseline,11,555.2701281818182,0.02103095909114927,11,1.0,6107.97141,True,
LOCAL-v1-q4-origin_cluster-5004,4,frozen_baseline,12,485.3621038333333,0.01519129192456603,12,1.0,5824.345246,True,
LOCAL-v1-q4-origin_cluster-5005,4,frozen_baseline,11,568.4062164545454,0.02349629206582904,11,1.0,6252.468381,True,
LOCAL-v1-q4-origin_cluster-5006,4,frozen_baseline,11,970.0855904545454,0.02334691700525582,11,1.0,10670.941495,True,
LOCAL-v1-q4-origin_cluster-5007,4,frozen_baseline,11,549.9029727272728,0.024146041949279606,11,1.0,6048.9327,True,
LOCAL-v1-q4-origin_cluster-5008,4,frozen_baseline,10,774.0614955,0.022807457949966192,10,1.0,7740.614955,True,
LOCAL-v1-q4-origin_cluster-5009,4,frozen_baseline,14,416.0700250714286,0.023978209006600082,14,1.0,5824.980351,True,
LOCAL-v1-q4-origin_cluster-5010,4,frozen_baseline,12,454.4510720833334,0.02503058291040361,12,1.0,5453.412865,True,
LOCAL-v1-q4-origin_cluster-5011,4,frozen_baseline,15,373.91341593333334,0.026588500011712313,15,1.0,5608.701239,True,
LOCAL-v1-q4-origin_cluster-5012,4,frozen_baseline,10,596.8811438,0.014689625008031726,10,1.0,5968.811438,True,
LOCAL-v1-q4-origin_cluster-5013,4,frozen_baseline,12,750.1786640833334,0.023094542091712356,12,1.0,9002.143969,True,
LOCAL-v1-q4-origin_cluster-5014,4,frozen_baseline,11,632.8173629090909,0.02280812500976026,11,1.0,6960.990992,True,
LOCAL-v1-q4-origin_cluster-5015,4,frozen_baseline,12,1134.5976745833334,0.022661125054582953,12,1.0,13615.172095,True,
LOCAL-v1-q4-origin_cluster-5016,4,frozen_baseline,16,440.766775875,0.025963124935515225,16,1.0,7052.268414,True,
LOCAL-v1-q4-origin_cluster-5017,4,frozen_baseline,15,654.0210014,0.029012791928835213,15,1.0,9810.315021,True,
LOCAL-v1-q4-origin_cluster-5018,4,frozen_baseline,10,809.0221442,0.023298207903280854,10,1.0,8090.221442,True,
LOCAL-v1-q4-origin_cluster-5019,4,frozen_baseline,11,524.5236689090909,0.025060791056603193,11,1.0,5769.760358,True,
LOCAL-v1-q4-origin_cluster-5020,4,frozen_baseline,16,370.7377795625,0.026437124935910106,16,1.0,5931.804473,True,
LOCAL-v1-q4-origin_cluster-5021,4,frozen_baseline,14,584.6101752857143,0.026076583075337112,14,1.0,8184.542454,True,
LOCAL-v1-q4-origin_cluster-5022,4,frozen_baseline,14,774.2261432142857,0.02752562495879829,14,1.0,10839.166005,True,
LOCAL-v1-q4-origin_cluster-5023,4,frozen_baseline,15,386.6098005333333,0.026515749981626868,15,1.0,5799.147008,True,
LOCAL-v1-q4-origin_cluster-5024,4,frozen_baseline,13,443.7103031538462,0.024352958076633513,13,1.0,5768.233941,True,
LOCAL-v1-q4-origin_cluster-5025,4,frozen_baseline,12,665.6774105833333,0.025371708092279732,12,1.0,7988.128927,True,
LOCAL-v1-q4-origin_cluster-5026,4,frozen_baseline,15,372.6855058,0.015434375032782555,15,1.0,5590.282587,True,
LOCAL-v1-q4-origin_cluster-5027,4,frozen_baseline,11,535.3460831818182,0.014721416984684765,11,1.0,5888.806915,True,
LOCAL-v1-q4-origin_cluster-5028,4,frozen_baseline,10,579.2452571,0.022674791980534792,10,1.0,5792.452571,True,
LOCAL-v1-q4-origin_cluster-5029,4,frozen_baseline,11,623.110555909091,0.025025791954249144,11,1.0,6854.216115,True,
LOCAL-v1-q4-origin_cluster-5030,4,frozen_baseline,12,684.31421975,0.025898208026774228,12,1.0,8211.770637,True,
LOCAL-v1-q4-origin_cluster-5031,4,frozen_baseline,15,635.0722845333333,0.030340165947563946,15,1.0,9526.084268,True,
LOCAL-v1-q4-origin_cluster-5032,4,frozen_baseline,11,535.858183090909,0.014920542016625404,11,1.0,5894.440014,True,
LOCAL-v1-q4-origin_cluster-5033,4,frozen_baseline,14,404.5540632857143,0.015596249955706298,14,1.0,5663.756886,True,
LOCAL-v1-q4-origin_cluster-5034,4,frozen_baseline,16,319.1179879375,0.027140167076140642,16,1.0,5105.887807,True,
LOCAL-v1-q4-origin_cluster-5035,4,frozen_baseline,10,753.9765734,0.02294762502424419,10,1.0,7539.765734,True,
LOCAL-v1-q4-origin_cluster-5036,4,frozen_baseline,15,497.97082846666666,0.028534458950161934,15,1.0,7469.562427,True,
LOCAL-v1-q4-origin_cluster-5037,4,frozen_baseline,15,537.3963145333333,0.030178291955962777,15,1.0,8060.944718,True,
LOCAL-v1-q4-origin_cluster-5038,4,frozen_baseline,16,358.8583991875,0.0285164579981938,16,1.0,5741.734387,True,
LOCAL-v1-q4-origin_cluster-5039,4,frozen_baseline,10,731.8589872,0.018715125042945147,10,1.0,7318.589872,True,
LOCAL-v1-q4-origin_cluster-5040,4,frozen_baseline,15,427.71470386666664,0.02831199998036027,15,1.0,6415.720558,True,
LOCAL-v1-q4-origin_cluster-5041,4,frozen_baseline,15,465.9171895333333,0.029730250011198223,15,1.0,6988.757843,True,
LOCAL-v1-q4-origin_cluster-5042,4,frozen_baseline,11,544.9328881818182,0.023855457897298038,11,1.0,5994.26177,True,
LOCAL-v1-q4-origin_cluster-5043,4,frozen_baseline,12,620.1974225833334,0.026206125039607286,12,1.0,7442.369071,True,
LOCAL-v1-q4-origin_cluster-5044,4,frozen_baseline,11,735.5661562727273,0.025979000027291477,11,1.0,8091.227719,True,
LOCAL-v1-q4-origin_cluster-5045,4,frozen_baseline,11,531.0278331818182,0.015297584002837539,11,1.0,5841.306165,True,
LOCAL-v1-q4-origin_cluster-5046,4,frozen_baseline,10,641.4937338,0.020578416995704174,10,1.0,6414.937338,True,
LOCAL-v1-q4-origin_cluster-5047,4,frozen_baseline,16,367.2938590625,0.01630641706287861,16,1.0,5876.701745,True,
LOCAL-v1-q4-origin_cluster-5048,4,frozen_baseline,12,482.10877766666664,0.02558054099790752,12,1.0,5785.305332,True,
LOCAL-v1-q4-origin_cluster-5049,4,frozen_baseline,10,770.3328018999999,0.022011207998730242,10,1.0,7703.328019,True,
LOCAL-v1-q4-origin_cluster-5050,4,frozen_baseline,15,417.7063406666667,0.027643666020594537,15,1.0,6265.59511,True,
LOCAL-v1-q4-origin_cluster-5051,4,frozen_baseline,11,647.4910032727273,0.02293858304619789,11,1.0,7122.401036,True,
LOCAL-v1-q4-origin_cluster-5052,4,frozen_baseline,13,457.3019177692307,0.025906166061758995,13,1.0,5944.924931,True,
LOCAL-v1-q4-origin_cluster-5053,4,frozen_baseline,16,343.052313125,0.015708083985373378,16,1.0,5488.83701,True,
LOCAL-v1-q4-origin_cluster-5054,4,frozen_baseline,16,412.10505775,0.02397316601127386,16,1.0,6593.680924,True,
LOCAL-v1-q4-origin_cluster-5055,4,frozen_baseline,12,715.2074918333333,0.026404374977573752,12,1.0,8582.489902,True,
LOCAL-v1-q4-origin_cluster-5056,4,frozen_baseline,13,559.7601974615384,0.02290850004646927,13,1.0,7276.882567,True,
LOCAL-v1-q4-origin_cluster-5057,4,frozen_baseline,13,489.05868515384617,0.025548832956701517,13,1.0,6357.762907,True,
LOCAL-v1-q4-origin_cluster-5058,4,frozen_baseline,14,454.330555,0.02848249999806285,14,1.0,6360.62777,True,
LOCAL-v1-q4-origin_cluster-5059,4,frozen_baseline,12,490.93611458333334,0.022896291920915246,12,1.0,5891.233375,True,
LOCAL-v1-q4-origin_cluster-5060,4,frozen_baseline,11,788.0851503636363,0.02241070894524455,11,1.0,8668.936654,True,
LOCAL-v1-q4-origin_cluster-5061,4,frozen_baseline,13,707.0871082307692,0.027168500004336238,13,1.0,9192.132407,True,
LOCAL-v1-q4-origin_cluster-5062,4,frozen_baseline,16,267.054686375,0.02538104192353785,16,1.0,4272.874982,True,
LOCAL-v1-q4-origin_cluster-5063,4,frozen_baseline,15,380.4762376,0.028789415955543518,15,1.0,5707.143564,True,
LOCAL-v1-q4-origin_cluster-5064,4,frozen_baseline,13,441.6883023846154,0.015682041994296014,13,1.0,5741.947931,True,
LOCAL-v1-q4-origin_cluster-5065,4,frozen_baseline,12,680.8069376666666,0.027217875001952052,12,1.0,8169.683252,True,
LOCAL-v1-q4-origin_cluster-5066,4,frozen_baseline,10,596.1934938,0.014416499994695187,10,1.0,5961.934938,True,
LOCAL-v1-q4-origin_cluster-5067,4,frozen_baseline,16,437.1210341875,0.02769775001797825,16,1.0,6993.936547,True,
LOCAL-v1-q4-origin_cluster-5068,4,frozen_baseline,13,480.88765830769233,0.023747417028062046,13,1.0,6251.539558,True,
LOCAL-v1-q4-origin_cluster-5069,4,frozen_baseline,14,638.0680617142858,0.02801466698292643,14,1.0,8932.952864,True,
LOCAL-v1-q4-origin_cluster-5070,4,frozen_baseline,12,496.5659981666667,0.020410750061273575,12,1.0,5958.791978,True,
LOCAL-v1-q4-origin_cluster-5071,4,frozen_baseline,12,492.1445376666666,0.020287583931349218,12,1.0,5905.734452,True,
LOCAL-v1-q4-origin_cluster-5072,4,frozen_baseline,15,532.8077664666666,0.02727058297023177,15,1.0,7992.116497,True,
LOCAL-v1-q4-origin_cluster-5073,4,frozen_baseline,10,599.9314863,0.02121879195328802,10,1.0,5999.314863,True,
LOCAL-v1-q4-origin_cluster-5074,4,frozen_baseline,16,198.6088086875,0.027355542057193816,16,1.0,3177.740939,True,
LOCAL-v1-q4-origin_cluster-5075,4,frozen_baseline,15,420.6197568,0.028790040989406407,15,1.0,6309.296352,True,
LOCAL-v1-q4-origin_cluster-5076,4,frozen_baseline,12,589.9915355833333,0.023504041018895805,12,1.0,7079.898427,True,
LOCAL-v1-q4-origin_cluster-5077,4,frozen_baseline,14,404.0165705,0.015575708006508648,14,1.0,5656.231987,True,
LOCAL-v1-q4-origin_cluster-5078,4,frozen_baseline,13,448.462784,0.02514837495982647,13,1.0,5830.016192,True,
LOCAL-v1-q4-origin_cluster-5079,4,frozen_baseline,10,606.3706377999999,0.022061499999836087,10,1.0,6063.706378,True,
LOCAL-v1-q4-origin_cluster-5080,4,frozen_baseline,10,915.7676152,0.020558833028189838,10,1.0,9157.676152,True,
LOCAL-v1-q4-origin_cluster-5081,4,frozen_baseline,16,283.2926990625,0.02569399995263666,16,1.0,4532.683185,True,
LOCAL-v1-q4-origin_cluster-5082,4,frozen_baseline,13,550.7325256153846,0.026694500003941357,13,1.0,7159.522833,True,
LOCAL-v1-q4-origin_cluster-5083,4,frozen_baseline,13,441.82211446153843,0.022356541943736374,13,1.0,5743.687488,True,
LOCAL-v1-q4-origin_cluster-5084,4,frozen_baseline,14,603.6027987142858,0.0273498329333961,14,1.0,8450.439182,True,
LOCAL-v1-q4-origin_cluster-5085,4,frozen_baseline,15,743.4114526666667,0.02938750002067536,15,1.0,11151.17179,True,
LOCAL-v1-q4-origin_cluster-5086,4,frozen_baseline,12,574.7301928333333,0.02531491604167968,12,1.0,6896.762314,True,
LOCAL-v1-q4-origin_cluster-5087,4,frozen_baseline,13,465.1066683846154,0.02565666602458805,13,1.0,6046.386689,True,
LOCAL-v1-q4-origin_cluster-5088,4,frozen_baseline,16,264.8919015,0.026969750062562525,16,1.0,4238.270424,True,
LOCAL-v1-q4-origin_cluster-5089,4,frozen_baseline,15,451.7174598666667,0.02522075001616031,15,1.0,6775.761898,True,
LOCAL-v1-q4-origin_cluster-5090,4,frozen_baseline,14,426.7023596428571,0.01515850005671382,14,1.0,5973.833035,True,
LOCAL-v1-q4-origin_cluster-5091,4,frozen_baseline,12,526.6118488333333,0.02603795798495412,12,1.0,6319.342186,True,
LOCAL-v1-q4-origin_cluster-5092,4,frozen_baseline,11,541.5556904545455,0.020894499961286783,11,1.0,5957.112595,True,
LOCAL-v1-q4-origin_cluster-5093,4,frozen_baseline,15,463.9962864,0.02633766597136855,15,1.0,6959.944296,True,
LOCAL-v1-q4-origin_cluster-5094,4,frozen_baseline,11,574.8254889090908,0.020816875039599836,11,1.0,6323.080378,True,
LOCAL-v1-q4-origin_cluster-5095,4,frozen_baseline,10,647.0054087999999,0.022038000053726137,10,1.0,6470.054088,True,
LOCAL-v1-q4-origin_cluster-5096,4,frozen_baseline,14,406.6349782142857,0.024414833984337747,14,1.0,5692.889695,True,
LOCAL-v1-q4-origin_cluster-5097,4,frozen_baseline,13,529.8637233076923,0.028241500025615096,13,1.0,6888.228403,True,
LOCAL-v1-q4-origin_cluster-5098,4,frozen_baseline,16,168.486084375,0.02610695897601545,16,1.0,2695.77735,True,
LOCAL-v1-q4-origin_cluster-5099,4,frozen_baseline,13,610.0044337692308,0.025584332994185388,13,1.0,7930.057639,True,
LOCAL-v1-q4-minimum_radius-5000,4,frozen_baseline,11,589.0163347272727,0.018168582930229604,11,1.0,6479.179682,True,
LOCAL-v1-q4-minimum_radius-5001,4,frozen_baseline,14,582.3437134285715,0.018631208105944097,14,1.0,8152.811988,True,
LOCAL-v1-q4-minimum_radius-5002,4,frozen_baseline,15,559.1258689333333,0.015143417054787278,15,1.0,8386.888034,True,
LOCAL-v1-q4-minimum_radius-5003,4,frozen_baseline,11,623.9808050909091,0.017063959036022425,11,1.0,6863.788856,True,
LOCAL-v1-q4-minimum_radius-5004,4,frozen_baseline,12,578.0088651666666,0.017588249989785254,12,1.0,6936.106382,True,
LOCAL-v1-q4-minimum_radius-5005,4,frozen_baseline,11,592.767598,0.017174999928101897,11,1.0,6520.443578,True,
LOCAL-v1-q4-minimum_radius-5006,4,frozen_baseline,11,661.8338373636363,0.017631290946155787,11,1.0,7280.172211,True,
LOCAL-v1-q4-minimum_radius-5007,4,frozen_baseline,11,639.3560650000001,0.02157954196445644,11,1.0,7032.916715,True,
LOCAL-v1-q4-minimum_radius-5008,4,frozen_baseline,10,770.4404447,0.015321708982810378,10,1.0,7704.404447,True,
LOCAL-v1-q4-minimum_radius-5009,4,frozen_baseline,14,500.0380727857143,0.016414041980169713,14,1.0,7000.533019,True,
LOCAL-v1-q4-minimum_radius-5010,4,frozen_baseline,12,592.2475801666667,0.01908266602549702,12,1.0,7106.970962,True,
LOCAL-v1-q4-minimum_radius-5011,4,frozen_baseline,15,463.1310016,0.017957624979317188,15,1.0,6946.965024,True,
LOCAL-v1-q4-minimum_radius-5012,4,frozen_baseline,10,694.9308259000001,0.014223749982193112,10,1.0,6949.308259,True,
LOCAL-v1-q4-minimum_radius-5013,4,frozen_baseline,12,622.3607915833334,0.014629665995016694,12,1.0,7468.329499,True,
LOCAL-v1-q4-minimum_radius-5014,4,frozen_baseline,11,641.6742276363636,0.016255583032034338,11,1.0,7058.416504,True,
LOCAL-v1-q4-minimum_radius-5015,4,frozen_baseline,12,651.2292495,0.01804445800371468,12,1.0,7814.750994,True,
LOCAL-v1-q4-minimum_radius-5016,4,frozen_baseline,16,469.674060125,0.022504957974888384,16,1.0,7514.784962,True,
LOCAL-v1-q4-minimum_radius-5017,4,frozen_baseline,15,649.0374037333333,0.017384666018188,15,1.0,9735.561056,True,
LOCAL-v1-q4-minimum_radius-5018,4,frozen_baseline,10,847.0742511000001,0.01674112502951175,10,1.0,8470.742511,True,
LOCAL-v1-q4-minimum_radius-5019,4,frozen_baseline,11,630.7730757272727,0.018334332969971,11,1.0,6938.503833,True,
LOCAL-v1-q4-minimum_radius-5020,4,frozen_baseline,16,432.4485851875,0.018378250068053603,16,1.0,6919.177363,True,
LOCAL-v1-q4-minimum_radius-5021,4,frozen_baseline,14,581.9643076428572,0.015841416898183525,14,1.0,8147.500307,True,
LOCAL-v1-q4-minimum_radius-5022,4,frozen_baseline,14,571.7434124285714,0.017816707957535982,14,1.0,8004.407774,True,
LOCAL-v1-q4-minimum_radius-5023,4,frozen_baseline,15,508.1702840666667,0.017694709007628262,15,1.0,7622.554261,True,
LOCAL-v1-q4-minimum_radius-5024,4,frozen_baseline,13,493.7628451538461,0.01639866700861603,13,1.0,6418.916987,True,
LOCAL-v1-q4-minimum_radius-5025,4,frozen_baseline,12,637.9563116666667,0.019798125023953617,12,1.0,7655.47574,True,
LOCAL-v1-q4-minimum_radius-5026,4,frozen_baseline,15,440.3084564666667,0.019505374948494136,15,1.0,6604.626847,True,
LOCAL-v1-q4-minimum_radius-5027,4,frozen_baseline,11,637.1403313636364,0.01924241695087403,11,1.0,7008.543645,True,
LOCAL-v1-q4-minimum_radius-5028,4,frozen_baseline,10,697.26672,0.01633837493136525,10,1.0,6972.6672,True,
LOCAL-v1-q4-minimum_radius-5029,4,frozen_baseline,11,643.8415403636363,0.016204999992623925,11,1.0,7082.256944,True,
LOCAL-v1-q4-minimum_radius-5030,4,frozen_baseline,12,732.5718409166667,0.018048792029730976,12,1.0,8790.862091,True,
LOCAL-v1-q4-minimum_radius-5031,4,frozen_baseline,15,549.3760040666667,0.018843290978111327,15,1.0,8240.640061,True,
LOCAL-v1-q4-minimum_radius-5032,4,frozen_baseline,11,591.7812058181818,0.017806415911763906,11,1.0,6509.593264,True,
LOCAL-v1-q4-minimum_radius-5033,4,frozen_baseline,14,456.53940057142853,0.01862354204058647,14,1.0,6391.551608,True,
LOCAL-v1-q4-minimum_radius-5034,4,frozen_baseline,16,512.0840901875,0.01843554200604558,16,1.0,8193.345443,True,
LOCAL-v1-q4-minimum_radius-5035,4,frozen_baseline,10,707.1427175,0.014886084012687206,10,1.0,7071.427175,True,
LOCAL-v1-q4-minimum_radius-5036,4,frozen_baseline,15,505.21826200000004,0.01602591690607369,15,1.0,7578.27393,True,
LOCAL-v1-q4-minimum_radius-5037,4,frozen_baseline,15,508.65194479999997,0.01720895804464817,15,1.0,7629.779172,True,
LOCAL-v1-q4-minimum_radius-5038,4,frozen_baseline,16,469.479370125,0.019993833964690566,16,1.0,7511.669922,True,
LOCAL-v1-q4-minimum_radius-5039,4,frozen_baseline,10,755.0576771,0.014656207989901304,10,1.0,7550.576771,True,
LOCAL-v1-q4-minimum_radius-5040,4,frozen_baseline,15,487.38008286666667,0.01854650001041591,15,1.0,7310.701243,True,
LOCAL-v1-q4-minimum_radius-5041,4,frozen_baseline,15,515.3234047333333,0.020857791998423636,15,1.0,7729.851071,True,
LOCAL-v1-q4-minimum_radius-5042,4,frozen_baseline,11,604.5271823636364,0.02039462502580136,11,1.0,6649.799006,True,
LOCAL-v1-q4-minimum_radius-5043,4,frozen_baseline,12,647.7890049166666,0.021872124983929098,12,1.0,7773.468059,True,
LOCAL-v1-q4-minimum_radius-5044,4,frozen_baseline,11,686.6036466363637,0.01646362489555031,11,1.0,7552.640113,True,
LOCAL-v1-q4-minimum_radius-5045,4,frozen_baseline,11,586.8105894545455,0.014390665921382606,11,1.0,6454.916484,True,
LOCAL-v1-q4-minimum_radius-5046,4,frozen_baseline,10,671.2360337,0.017271584016270936,10,1.0,6712.360337,True,
LOCAL-v1-q4-minimum_radius-5047,4,frozen_baseline,16,400.2111464375,0.022438291925936937,16,1.0,6403.378343,True,
LOCAL-v1-q4-minimum_radius-5048,4,frozen_baseline,12,578.3274572500001,0.014704540953971446,12,1.0,6939.929487,True,
LOCAL-v1-q4-minimum_radius-5049,4,frozen_baseline,10,742.4651659,0.017983291996642947,10,1.0,7424.651659,True,
LOCAL-v1-q4-minimum_radius-5050,4,frozen_baseline,15,456.9970567333333,0.017872167052701116,15,1.0,6854.955851,True,
LOCAL-v1-q4-minimum_radius-5051,4,frozen_baseline,11,669.4528150909091,0.015243542031385005,11,1.0,7363.980966,True,
LOCAL-v1-q4-minimum_radius-5052,4,frozen_baseline,13,477.1538323076923,0.019871124997735023,13,1.0,6202.99982,True,
LOCAL-v1-q4-minimum_radius-5053,4,frozen_baseline,16,429.4250185625,0.018581499927677214,16,1.0,6870.800297,True,
LOCAL-v1-q4-minimum_radius-5054,4,frozen_baseline,16,435.180371,0.019569957978092134,16,1.0,6962.885936,True,
LOCAL-v1-q4-minimum_radius-5055,4,frozen_baseline,12,717.5063819166667,0.014453458017669618,12,1.0,8610.076583,True,
LOCAL-v1-q4-minimum_radius-5056,4,frozen_baseline,13,553.5593490769231,0.016440416919067502,13,1.0,7196.271538,True,
LOCAL-v1-q4-minimum_radius-5057,4,frozen_baseline,13,538.991664923077,0.014649166958406568,13,1.0,7006.891644,True,
LOCAL-v1-q4-minimum_radius-5058,4,frozen_baseline,14,471.95111257142855,0.017195249907672405,14,1.0,6607.315576,True,
LOCAL-v1-q4-minimum_radius-5059,4,frozen_baseline,12,563.4737654166667,0.017242542002350092,12,1.0,6761.685185,True,
LOCAL-v1-q4-minimum_radius-5060,4,frozen_baseline,11,652.6999416363636,0.016714500030502677,11,1.0,7179.699358,True,
LOCAL-v1-q4-minimum_radius-5061,4,frozen_baseline,13,564.5404164615385,0.017540666973218322,13,1.0,7339.025414,True,
LOCAL-v1-q4-minimum_radius-5062,4,frozen_baseline,16,634.35456425,0.021689458983018994,16,1.0,10149.673028,True,
LOCAL-v1-q4-minimum_radius-5063,4,frozen_baseline,15,450.9688986666667,0.021574124926701188,15,1.0,6764.53348,True,
LOCAL-v1-q4-minimum_radius-5064,4,frozen_baseline,13,594.515437076923,0.018283833051100373,13,1.0,7728.700682,True,
LOCAL-v1-q4-minimum_radius-5065,4,frozen_baseline,12,623.8340245833333,0.015260582906194031,12,1.0,7486.008295,True,
LOCAL-v1-q4-minimum_radius-5066,4,frozen_baseline,10,674.7419659,0.016688791918568313,10,1.0,6747.419659,True,
LOCAL-v1-q4-minimum_radius-5067,4,frozen_baseline,16,616.0493496875,0.02055329200811684,16,1.0,9856.789595,True,
LOCAL-v1-q4-minimum_radius-5068,4,frozen_baseline,13,616.7507519230769,0.01979762502014637,13,1.0,8017.759775,True,
LOCAL-v1-q4-minimum_radius-5069,4,frozen_baseline,14,596.6862239285714,0.020762374973855913,14,1.0,8353.607135,True,
LOCAL-v1-q4-minimum_radius-5070,4,frozen_baseline,12,569.210962,0.017047417000867426,12,1.0,6830.531544,True,
LOCAL-v1-q4-minimum_radius-5071,4,frozen_baseline,12,580.5284306666666,0.0191220409469679,12,1.0,6966.341168,True,
LOCAL-v1-q4-minimum_radius-5072,4,frozen_baseline,15,526.4593461333333,0.014669416006654501,15,1.0,7896.890192,True,
LOCAL-v1-q4-minimum_radius-5073,4,frozen_baseline,10,680.3763498999999,0.015786292031407356,10,1.0,6803.763499,True,
LOCAL-v1-q4-minimum_radius-5074,4,frozen_baseline,16,442.087597625,0.021805708995088935,16,1.0,7073.401562,True,
LOCAL-v1-q4-minimum_radius-5075,4,frozen_baseline,15,493.09631893333335,0.01828954101074487,15,1.0,7396.444784,True,
LOCAL-v1-q4-minimum_radius-5076,4,frozen_baseline,12,583.8912885833333,0.020297499955631793,12,1.0,7006.695463,True,
LOCAL-v1-q4-minimum_radius-5077,4,frozen_baseline,14,489.30827907142856,0.017132375040091574,14,1.0,6850.315907,True,
LOCAL-v1-q4-minimum_radius-5078,4,frozen_baseline,13,595.3587687692308,0.01823254197370261,13,1.0,7739.663994,True,
LOCAL-v1-q4-minimum_radius-5079,4,frozen_baseline,10,663.5051642999999,0.014407332986593246,10,1.0,6635.051643,True,
LOCAL-v1-q4-minimum_radius-5080,4,frozen_baseline,10,1001.3152256,0.016619750065729022,10,1.0,10013.152256,True,
LOCAL-v1-q4-minimum_radius-5081,4,frozen_baseline,16,498.528889125,0.018170792027376592,16,1.0,7976.462226,True,
LOCAL-v1-q4-minimum_radius-5082,4,frozen_baseline,13,582.7389249230769,0.015621750033460557,13,1.0,7575.606024,True,
LOCAL-v1-q4-minimum_radius-5083,4,frozen_baseline,13,529.5071817692308,0.020532291964627802,13,1.0,6883.593363,True,
LOCAL-v1-q4-minimum_radius-5084,4,frozen_baseline,14,491.7942415714286,0.01942787505686283,14,1.0,6885.119382,True,
LOCAL-v1-q4-minimum_radius-5085,4,frozen_baseline,15,516.8972018,0.014795457944273949,15,1.0,7753.458027,True,
LOCAL-v1-q4-minimum_radius-5086,4,frozen_baseline,12,689.23719075,0.020143707981333137,12,1.0,8270.846289,True,
LOCAL-v1-q4-minimum_radius-5087,4,frozen_baseline,13,604.9800140769231,0.016195792006328702,13,1.0,7864.740183,True,
LOCAL-v1-q4-minimum_radius-5088,4,frozen_baseline,16,457.98243425,0.02165683393832296,16,1.0,7327.718948,True,
LOCAL-v1-q4-minimum_radius-5089,4,frozen_baseline,15,448.8907416,0.02170250006020069,15,1.0,6733.361124,True,
LOCAL-v1-q4-minimum_radius-5090,4,frozen_baseline,14,499.37691842857146,0.01463175006210804,14,1.0,6991.276858,True,
LOCAL-v1-q4-minimum_radius-5091,4,frozen_baseline,12,608.8420340833333,0.01795550005044788,12,1.0,7306.104409,True,
LOCAL-v1-q4-minimum_radius-5092,4,frozen_baseline,11,587.4129060909091,0.01856375008355826,11,1.0,6461.541967,True,
LOCAL-v1-q4-minimum_radius-5093,4,frozen_baseline,15,600.9343148,0.0154214589856565,15,1.0,9014.014722,True,
LOCAL-v1-q4-minimum_radius-5094,4,frozen_baseline,11,735.7504886363636,0.014605500036850572,11,1.0,8093.255375,True,
LOCAL-v1-q4-minimum_radius-5095,4,frozen_baseline,10,717.2163735,0.015621833968907595,10,1.0,7172.163735,True,
LOCAL-v1-q4-minimum_radius-5096,4,frozen_baseline,14,460.3911790714286,0.020009040948934853,14,1.0,6445.476507,True,
LOCAL-v1-q4-minimum_radius-5097,4,frozen_baseline,13,551.62608,0.019694791990332305,13,1.0,7171.13904,True,
LOCAL-v1-q4-minimum_radius-5098,4,frozen_baseline,16,424.541307875,0.017920417012646794,16,1.0,6792.660926,True,
LOCAL-v1-q4-minimum_radius-5099,4,frozen_baseline,13,632.7626849999999,0.01668699993751943,13,1.0,8225.914905,True,
LOCAL-v1-q4-exactly10_sources-5000,4,frozen_baseline,10,671.0434252,0.017759833950549364,10,1.0,6710.434252,True,
LOCAL-v1-q4-exactly10_sources-5001,4,frozen_baseline,10,911.5177035,0.014371459023095667,10,1.0,9115.177035,True,
LOCAL-v1-q4-exactly10_sources-5002,4,frozen_baseline,10,688.1548043,0.020301333046518266,10,1.0,6881.548043,True,
LOCAL-v1-q4-exactly10_sources-5003,4,frozen_baseline,10,650.0266396,0.017086084000766277,10,1.0,6500.266396,True,
LOCAL-v1-q4-exactly10_sources-5004,4,frozen_baseline,10,648.3235032,0.016971249948255718,10,1.0,6483.235032,True,
LOCAL-v1-q4-exactly10_sources-5005,4,frozen_baseline,10,643.8840677000001,0.01591695798560977,10,1.0,6438.840677,True,
LOCAL-v1-q4-exactly10_sources-5006,4,frozen_baseline,10,712.5853569,0.018114375066943467,10,1.0,7125.853569,True,
LOCAL-v1-q4-exactly10_sources-5007,4,frozen_baseline,10,648.0259352,0.017296250094659626,10,1.0,6480.259352,True,
LOCAL-v1-q4-exactly10_sources-5008,4,frozen_baseline,10,642.6012378,0.02054779208265245,10,1.0,6426.012378,True,
LOCAL-v1-q4-exactly10_sources-5009,4,frozen_baseline,10,658.3742878,0.01484629197511822,10,1.0,6583.742878,True,
LOCAL-v1-q4-exactly10_sources-5010,4,frozen_baseline,10,834.4195149999999,0.019375375006347895,10,1.0,8344.19515,True,
LOCAL-v1-q4-exactly10_sources-5011,4,frozen_baseline,10,682.0847184,0.01533308404032141,10,1.0,6820.847184,True,
LOCAL-v1-q4-exactly10_sources-5012,4,frozen_baseline,10,633.6248456000001,0.014252415974624455,10,1.0,6336.248456,True,
LOCAL-v1-q4-exactly10_sources-5013,4,frozen_baseline,10,720.8380697,0.013799542095512152,10,1.0,7208.380697,True,
LOCAL-v1-q4-exactly10_sources-5014,4,frozen_baseline,10,696.7686673000001,0.0155356660252437,10,1.0,6967.686673,True,
LOCAL-v1-q4-exactly10_sources-5015,4,frozen_baseline,10,716.5729862000001,0.020716666942462325,10,1.0,7165.729862,True,
LOCAL-v1-q4-exactly10_sources-5016,4,frozen_baseline,10,785.9380693,0.015134292072616518,10,1.0,7859.380693,True,
LOCAL-v1-q4-exactly10_sources-5017,4,frozen_baseline,10,671.9225705,0.016099083004519343,10,1.0,6719.225705,True,
LOCAL-v1-q4-exactly10_sources-5018,4,frozen_baseline,10,682.3818512,0.016403457964770496,10,1.0,6823.818512,True,
LOCAL-v1-q4-exactly10_sources-5019,4,frozen_baseline,10,690.0676284,0.014773124945349991,10,1.0,6900.676284,True,
LOCAL-v1-q4-exactly10_sources-5020,4,frozen_baseline,10,785.3370635,0.014579415903426707,10,1.0,7853.370635,True,
LOCAL-v1-q4-exactly10_sources-5021,4,frozen_baseline,10,770.6328937000001,0.014584540971554816,10,1.0,7706.328937,True,
LOCAL-v1-q4-exactly10_sources-5022,4,frozen_baseline,10,611.9208484,0.017065584077499807,10,1.0,6119.208484,True,
LOCAL-v1-q4-exactly10_sources-5023,4,frozen_baseline,10,643.0982205,0.014081415953114629,10,1.0,6430.982205,True,
LOCAL-v1-q4-exactly10_sources-5024,4,frozen_baseline,10,655.2330056,0.015435374923981726,10,1.0,6552.330056,True,
LOCAL-v1-q4-exactly10_sources-5025,4,frozen_baseline,10,649.1076032,0.017106959014199674,10,1.0,6491.076032,True,
LOCAL-v1-q4-exactly10_sources-5026,4,frozen_baseline,10,789.6218208,0.01545154198538512,10,1.0,7896.218208,True,
LOCAL-v1-q4-exactly10_sources-5027,4,frozen_baseline,10,706.686148,0.018338792026042938,10,1.0,7066.86148,True,
LOCAL-v1-q4-exactly10_sources-5028,4,frozen_baseline,10,681.2542781,0.016316833905875683,10,1.0,6812.542781,True,
LOCAL-v1-q4-exactly10_sources-5029,4,frozen_baseline,10,785.548867,0.014356875093653798,10,1.0,7855.48867,True,
LOCAL-v1-q4-exactly10_sources-5030,4,frozen_baseline,10,758.5454927,0.018043083022348583,10,1.0,7585.454927,True,
LOCAL-v1-q4-exactly10_sources-5031,4,frozen_baseline,10,670.7540905,0.018120249966159463,10,1.0,6707.540905,True,
LOCAL-v1-q4-exactly10_sources-5032,4,frozen_baseline,10,778.8802818,0.018009459017775953,10,1.0,7788.802818,True,
LOCAL-v1-q4-exactly10_sources-5033,4,frozen_baseline,10,666.0822042,0.01886874996125698,10,1.0,6660.822042,True,
LOCAL-v1-q4-exactly10_sources-5034,4,frozen_baseline,10,820.8521046,0.017189875012263656,10,1.0,8208.521046,True,
LOCAL-v1-q4-exactly10_sources-5035,4,frozen_baseline,10,741.3797736,0.016186041058972478,10,1.0,7413.797736,True,
LOCAL-v1-q4-exactly10_sources-5036,4,frozen_baseline,10,670.6954969999999,0.019567999988794327,10,1.0,6706.95497,True,
LOCAL-v1-q4-exactly10_sources-5037,4,frozen_baseline,10,659.9012696,0.016423749970272183,10,1.0,6599.012696,True,
LOCAL-v1-q4-exactly10_sources-5038,4,frozen_baseline,10,710.5436289,0.014915999956429005,10,1.0,7105.436289,True,
LOCAL-v1-q4-exactly10_sources-5039,4,frozen_baseline,10,640.9121766999999,0.020081082941032946,10,1.0,6409.121767,True,
LOCAL-v1-q4-exactly10_sources-5040,4,frozen_baseline,10,667.4227872,0.02211170899681747,10,1.0,6674.227872,True,
LOCAL-v1-q4-exactly10_sources-5041,4,frozen_baseline,10,708.2199298,0.020200083032250404,10,1.0,7082.199298,True,
LOCAL-v1-q4-exactly10_sources-5042,4,frozen_baseline,10,656.1282225,0.01687458297237754,10,1.0,6561.282225,True,
LOCAL-v1-q4-exactly10_sources-5043,4,frozen_baseline,10,724.7992234000001,0.016568124992772937,10,1.0,7247.992234,True,
LOCAL-v1-q4-exactly10_sources-5044,4,frozen_baseline,10,622.860355,0.019260625005699694,10,1.0,6228.60355,True,
LOCAL-v1-q4-exactly10_sources-5045,4,frozen_baseline,10,773.5820062,0.01798116706777364,10,1.0,7735.820062,True,
LOCAL-v1-q4-exactly10_sources-5046,4,frozen_baseline,10,746.196953,0.01654175005387515,10,1.0,7461.96953,True,
LOCAL-v1-q4-exactly10_sources-5047,4,frozen_baseline,10,625.4893479,0.016796750016510487,10,1.0,6254.893479,True,
LOCAL-v1-q4-exactly10_sources-5048,4,frozen_baseline,10,655.9382379,0.01832304208073765,10,1.0,6559.382379,True,
LOCAL-v1-q4-exactly10_sources-5049,4,frozen_baseline,10,738.5101972,0.01814937510062009,10,1.0,7385.101972,True,
LOCAL-v1-q4-exactly10_sources-5050,4,frozen_baseline,10,663.1741819,0.02098333404865116,10,1.0,6631.741819,True,
LOCAL-v1-q4-exactly10_sources-5051,4,frozen_baseline,10,919.9780203,0.015981916920281947,10,1.0,9199.780203,True,
LOCAL-v1-q4-exactly10_sources-5052,4,frozen_baseline,10,640.8601019,0.01744158403016627,10,1.0,6408.601019,True,
LOCAL-v1-q4-exactly10_sources-5053,4,frozen_baseline,10,604.1473952,0.01633066695649177,10,1.0,6041.473952,True,
LOCAL-v1-q4-exactly10_sources-5054,4,frozen_baseline,10,703.2281366999999,0.015402332996018231,10,1.0,7032.281367,True,
LOCAL-v1-q4-exactly10_sources-5055,4,frozen_baseline,10,656.4340478,0.01707941701170057,10,1.0,6564.340478,True,
LOCAL-v1-q4-exactly10_sources-5056,4,frozen_baseline,10,690.3089717,0.017019208054989576,10,1.0,6903.089717,True,
LOCAL-v1-q4-exactly10_sources-5057,4,frozen_baseline,10,623.2017702,0.017716541071422398,10,1.0,6232.017702,True,
LOCAL-v1-q4-exactly10_sources-5058,4,frozen_baseline,10,670.7002565,0.016427709022536874,10,1.0,6707.002565,True,
LOCAL-v1-q4-exactly10_sources-5059,4,frozen_baseline,10,671.6902524,0.015786458970978856,10,1.0,6716.902524,True,
LOCAL-v1-q4-exactly10_sources-5060,4,frozen_baseline,10,692.1986972,0.016830542008392513,10,1.0,6921.986972,True,
LOCAL-v1-q4-exactly10_sources-5061,4,frozen_baseline,10,638.6888495999999,0.018291749991476536,10,1.0,6386.888496,True,
LOCAL-v1-q4-exactly10_sources-5062,4,frozen_baseline,10,723.6307465,0.01566654199268669,10,1.0,7236.307465,True,
LOCAL-v1-q4-exactly10_sources-5063,4,frozen_baseline,10,674.8999372999999,0.01581737503875047,10,1.0,6748.999373,True,
LOCAL-v1-q4-exactly10_sources-5064,4,frozen_baseline,10,666.7275668,0.01777383405715227,10,1.0,6667.275668,True,
LOCAL-v1-q4-exactly10_sources-5065,4,frozen_baseline,10,668.7820767999999,0.0181971249403432,10,1.0,6687.820768,True,
LOCAL-v1-q4-exactly10_sources-5066,4,frozen_baseline,10,638.5723740999999,0.01756558392662555,10,1.0,6385.723741,True,
LOCAL-v1-q4-exactly10_sources-5067,4,frozen_baseline,10,701.0803218,0.01587925001513213,10,1.0,7010.803218,True,
LOCAL-v1-q4-exactly10_sources-5068,4,frozen_baseline,10,778.9924637,0.018898541922681034,10,1.0,7789.924637,True,
LOCAL-v1-q4-exactly10_sources-5069,4,frozen_baseline,10,692.0440835,0.01745220902375877,10,1.0,6920.440835,True,
LOCAL-v1-q4-exactly10_sources-5070,4,frozen_baseline,10,727.4718508,0.020211542025208473,10,1.0,7274.718508,True,
LOCAL-v1-q4-exactly10_sources-5071,4,frozen_baseline,10,755.127861,0.018490125075913966,10,1.0,7551.27861,True,
LOCAL-v1-q4-exactly10_sources-5072,4,frozen_baseline,10,699.8638854,0.014732124982401729,10,1.0,6998.638854,True,
LOCAL-v1-q4-exactly10_sources-5073,4,frozen_baseline,10,616.3687792,0.017174875014461577,10,1.0,6163.687792,True,
LOCAL-v1-q4-exactly10_sources-5074,4,frozen_baseline,10,670.1773965,0.019821083988063037,10,1.0,6701.773965,True,
LOCAL-v1-q4-exactly10_sources-5075,4,frozen_baseline,10,797.7073588999999,0.014142291969619691,10,1.0,7977.073589,True,
LOCAL-v1-q4-exactly10_sources-5076,4,frozen_baseline,10,675.3765684,0.016513166949152946,10,1.0,6753.765684,True,
LOCAL-v1-q4-exactly10_sources-5077,4,frozen_baseline,10,668.2577235,0.01641058293171227,10,1.0,6682.577235,True,
LOCAL-v1-q4-exactly10_sources-5078,4,frozen_baseline,10,735.6760271,0.016187666915357113,10,1.0,7356.760271,True,
LOCAL-v1-q4-exactly10_sources-5079,4,frozen_baseline,10,795.3227893999999,0.015646041021682322,10,1.0,7953.227894,True,
LOCAL-v1-q4-exactly10_sources-5080,4,frozen_baseline,10,979.1104269,0.01751416700426489,10,1.0,9791.104269,True,
LOCAL-v1-q4-exactly10_sources-5081,4,frozen_baseline,10,734.8937971,0.01678345794789493,10,1.0,7348.937971,True,
LOCAL-v1-q4-exactly10_sources-5082,4,frozen_baseline,10,662.5746224000001,0.014441750012338161,10,1.0,6625.746224,True,
LOCAL-v1-q4-exactly10_sources-5083,4,frozen_baseline,10,759.9598566,0.018018541974015534,10,1.0,7599.598566,True,
LOCAL-v1-q4-exactly10_sources-5084,4,frozen_baseline,10,679.6119903,0.018884125049225986,10,1.0,6796.119903,True,
LOCAL-v1-q4-exactly10_sources-5085,4,frozen_baseline,10,617.2711541,0.019129624939523637,10,1.0,6172.711541,True,
LOCAL-v1-q4-exactly10_sources-5086,4,frozen_baseline,10,848.8439908,0.015836082980968058,10,1.0,8488.439908,True,
LOCAL-v1-q4-exactly10_sources-5087,4,frozen_baseline,10,719.3654153,0.014081250061281025,10,1.0,7193.654153,True,
LOCAL-v1-q4-exactly10_sources-5088,4,frozen_baseline,10,735.2237656,0.017151125008240342,10,1.0,7352.237656,True,
LOCAL-v1-q4-exactly10_sources-5089,4,frozen_baseline,10,680.759551,0.01451245800126344,10,1.0,6807.59551,True,
LOCAL-v1-q4-exactly10_sources-5090,4,frozen_baseline,10,887.8488345,0.014981375075876713,10,1.0,8878.488345,True,
LOCAL-v1-q4-exactly10_sources-5091,4,frozen_baseline,10,633.2217162,0.015203625080175698,10,1.0,6332.217162,True,
LOCAL-v1-q4-exactly10_sources-5092,4,frozen_baseline,10,720.4875096,0.02006324997637421,10,1.0,7204.875096,True,
LOCAL-v1-q4-exactly10_sources-5093,4,frozen_baseline,10,690.4676428,0.0159446659963578,10,1.0,6904.676428,True,
LOCAL-v1-q4-exactly10_sources-5094,4,frozen_baseline,10,770.2584858,0.017637999961152673,10,1.0,7702.584858,True,
LOCAL-v1-q4-exactly10_sources-5095,4,frozen_baseline,10,658.8989966,0.018927374971099198,10,1.0,6588.989966,True,
LOCAL-v1-q4-exactly10_sources-5096,4,frozen_baseline,10,649.8586338,0.014994417084380984,10,1.0,6498.586338,True,
LOCAL-v1-q4-exactly10_sources-5097,4,frozen_baseline,10,749.9669630999999,0.01716391695663333,10,1.0,7499.669631,True,
LOCAL-v1-q4-exactly10_sources-5098,4,frozen_baseline,10,686.6663371,0.015282334061339498,10,1.0,6866.663371,True,
LOCAL-v1-q4-exactly10_sources-5099,4,frozen_baseline,10,685.1521813,0.018176875077188015,10,1.0,6851.521813,True,
LOCAL-v1-q4-exactly16_sources-5000,4,frozen_baseline,16,402.1013701875,0.02020758402068168,16,1.0,6433.621923,True,
LOCAL-v1-q4-exactly16_sources-5001,4,frozen_baseline,16,519.3403688125,0.019822792033664882,16,1.0,8309.445901,True,
LOCAL-v1-q4-exactly16_sources-5002,4,frozen_baseline,16,454.8554558125,0.0175918749300763,16,1.0,7277.687293,True,
LOCAL-v1-q4-exactly16_sources-5003,4,frozen_baseline,16,402.525651625,0.023892750032246113,16,1.0,6440.410426,True,
LOCAL-v1-q4-exactly16_sources-5004,4,frozen_baseline,16,349.43890175,0.02253995800856501,16,1.0,5591.022428,True,
LOCAL-v1-q4-exactly16_sources-5005,4,frozen_baseline,16,392.3566559375,0.023557625012472272,16,1.0,6277.706495,True,
LOCAL-v1-q4-exactly16_sources-5006,4,frozen_baseline,16,437.0646496875,0.018641999922692776,16,1.0,6993.034395,True,
LOCAL-v1-q4-exactly16_sources-5007,4,frozen_baseline,16,396.2253811875,0.02465383301023394,16,1.0,6339.606099,True,
LOCAL-v1-q4-exactly16_sources-5008,4,frozen_baseline,16,413.78917925,0.03282329090870917,16,1.0,6620.626868,True,
LOCAL-v1-q4-exactly16_sources-5009,4,frozen_baseline,16,429.93582225,0.01681916695088148,16,1.0,6878.973156,True,
LOCAL-v1-q4-exactly16_sources-5010,4,frozen_baseline,16,519.27757125,0.023175542009994388,16,1.0,8308.44114,True,
LOCAL-v1-q4-exactly16_sources-5011,4,frozen_baseline,16,465.5699156875,0.017430582898668945,16,1.0,7449.118651,True,
LOCAL-v1-q4-exactly16_sources-5012,4,frozen_baseline,16,410.8678796875,0.019704582984559238,16,1.0,6573.886075,True,
LOCAL-v1-q4-exactly16_sources-5013,4,frozen_baseline,16,468.8059315625,0.021513957995921373,16,1.0,7500.894905,True,
LOCAL-v1-q4-exactly16_sources-5014,4,frozen_baseline,16,429.7740915625,0.01723166706506163,16,1.0,6876.385465,True,
LOCAL-v1-q4-exactly16_sources-5015,4,frozen_baseline,16,446.882508125,0.01971454208251089,16,1.0,7150.12013,True,
LOCAL-v1-q4-exactly16_sources-5016,4,frozen_baseline,16,401.793748375,0.019027207978069782,16,1.0,6428.699974,True,
LOCAL-v1-q4-exactly16_sources-5017,4,frozen_baseline,16,368.114695125,0.016261667013168335,16,1.0,5889.835122,True,
LOCAL-v1-q4-exactly16_sources-5018,4,frozen_baseline,16,422.9313103125,0.023825000040233135,16,1.0,6766.900965,True,
LOCAL-v1-q4-exactly16_sources-5019,4,frozen_baseline,16,419.9049589375,0.022260500001721084,16,1.0,6718.479343,True,
LOCAL-v1-q4-exactly16_sources-5020,4,frozen_baseline,16,453.95744875,0.01675612502731383,16,1.0,7263.31918,True,
LOCAL-v1-q4-exactly16_sources-5021,4,frozen_baseline,16,585.574643125,0.018574542016722262,16,1.0,9369.19429,True,
LOCAL-v1-q4-exactly16_sources-5022,4,frozen_baseline,16,417.233901125,0.01837383396923542,16,1.0,6675.742418,True,
LOCAL-v1-q4-exactly16_sources-5023,4,frozen_baseline,16,340.222854,0.021369082969613373,16,1.0,5443.565664,True,
LOCAL-v1-q4-exactly16_sources-5024,4,frozen_baseline,16,526.3092681875,0.016272625070996583,16,1.0,8420.948291,True,
LOCAL-v1-q4-exactly16_sources-5025,4,frozen_baseline,16,443.5629875625,0.020479375030845404,16,1.0,7097.007801,True,
LOCAL-v1-q4-exactly16_sources-5026,4,frozen_baseline,16,442.3542544375,0.018834874965250492,16,1.0,7077.668071,True,
LOCAL-v1-q4-exactly16_sources-5027,4,frozen_baseline,16,400.672512875,0.023868125048466027,16,1.0,6410.760206,True,
LOCAL-v1-q4-exactly16_sources-5028,4,frozen_baseline,16,428.6942969375,0.018859916948713362,16,1.0,6859.108751,True,
LOCAL-v1-q4-exactly16_sources-5029,4,frozen_baseline,16,481.567630375,0.015269625000655651,16,1.0,7705.082086,True,
LOCAL-v1-q4-exactly16_sources-5030,4,frozen_baseline,16,478.822739,0.021718791918829083,16,1.0,7661.163824,True,
LOCAL-v1-q4-exactly16_sources-5031,4,frozen_baseline,16,460.5649975,0.022184583940543234,16,1.0,7369.03996,True,
LOCAL-v1-q4-exactly16_sources-5032,4,frozen_baseline,16,408.24621225,0.01640750002115965,16,1.0,6531.939396,True,
LOCAL-v1-q4-exactly16_sources-5033,4,frozen_baseline,16,515.44080375,0.02033874997869134,16,1.0,8247.05286,True,
LOCAL-v1-q4-exactly16_sources-5034,4,frozen_baseline,16,490.203628625,0.019635791890323162,16,1.0,7843.258058,True,
LOCAL-v1-q4-exactly16_sources-5035,4,frozen_baseline,16,462.0743438125,0.021696959040127695,16,1.0,7393.189501,True,
LOCAL-v1-q4-exactly16_sources-5036,4,frozen_baseline,16,411.37428275,0.019834958016872406,16,1.0,6581.988524,True,
LOCAL-v1-q4-exactly16_sources-5037,4,frozen_baseline,16,384.8575881875,0.022743542096577585,16,1.0,6157.721411,True,
LOCAL-v1-q4-exactly16_sources-5038,4,frozen_baseline,16,410.1532484375,0.019264417001977563,16,1.0,6562.451975,True,
LOCAL-v1-q4-exactly16_sources-5039,4,frozen_baseline,16,458.2751129375,0.0323219170095399,16,1.0,7332.401807,True,
LOCAL-v1-q4-exactly16_sources-5040,4,frozen_baseline,16,424.50246325,0.017495041945949197,16,1.0,6792.039412,True,
LOCAL-v1-q4-exactly16_sources-5041,4,frozen_baseline,16,653.604106375,0.024139082990586758,16,1.0,10457.665702,True,
LOCAL-v1-q4-exactly16_sources-5042,4,frozen_baseline,16,417.8894756875,0.02085879200603813,16,1.0,6686.231611,True,
LOCAL-v1-q4-exactly16_sources-5043,4,frozen_baseline,16,532.3388430625,0.019395583076402545,16,1.0,8517.421489,True,
LOCAL-v1-q4-exactly16_sources-5044,4,frozen_baseline,16,369.6027869375,0.019320957944728434,16,1.0,5913.644591,True,
LOCAL-v1-q4-exactly16_sources-5045,4,frozen_baseline,16,438.8543236875,0.020914708962664008,16,1.0,7021.669179,True,
LOCAL-v1-q4-exactly16_sources-5046,4,frozen_baseline,16,362.1156493125,0.022707542055286467,16,1.0,5793.850389,True,
LOCAL-v1-q4-exactly16_sources-5047,4,frozen_baseline,16,392.92408325,0.022529541980475187,16,1.0,6286.785332,True,
LOCAL-v1-q4-exactly16_sources-5048,4,frozen_baseline,16,396.5297623125,0.017525041941553354,16,1.0,6344.476197,True,
LOCAL-v1-q4-exactly16_sources-5049,4,frozen_baseline,16,623.7849384375,0.018595749977976084,16,1.0,9980.559015,True,
LOCAL-v1-q4-exactly16_sources-5050,4,frozen_baseline,16,455.1278066875,0.016881125047802925,16,1.0,7282.044907,True,
LOCAL-v1-q4-exactly16_sources-5051,4,frozen_baseline,16,390.2329958125,0.01709595904685557,16,1.0,6243.727933,True,
LOCAL-v1-q4-exactly16_sources-5052,4,frozen_baseline,16,428.984941125,0.02215579093899578,16,1.0,6863.759058,True,
LOCAL-v1-q4-exactly16_sources-5053,4,frozen_baseline,16,413.3526328125,0.020459208986721933,16,1.0,6613.642125,True,
LOCAL-v1-q4-exactly16_sources-5054,4,frozen_baseline,16,420.4218415625,0.020119416993111372,16,1.0,6726.749465,True,
LOCAL-v1-q4-exactly16_sources-5055,4,frozen_baseline,16,423.63115125,0.02090695791412145,16,1.0,6778.09842,True,
LOCAL-v1-q4-exactly16_sources-5056,4,frozen_baseline,16,505.0171175,0.019786125048995018,16,1.0,8080.27388,True,
LOCAL-v1-q4-exactly16_sources-5057,4,frozen_baseline,16,431.5847945,0.018287417013198137,16,1.0,6905.356712,True,
LOCAL-v1-q4-exactly16_sources-5058,4,frozen_baseline,16,430.9353013125,0.018324124976061285,16,1.0,6894.964821,True,
LOCAL-v1-q4-exactly16_sources-5059,4,frozen_baseline,16,410.3773650625,0.019247082993388176,16,1.0,6566.037841,True,
LOCAL-v1-q4-exactly16_sources-5060,4,frozen_baseline,16,428.188308,0.01737362495623529,16,1.0,6851.012928,True,
LOCAL-v1-q4-exactly16_sources-5061,4,frozen_baseline,16,421.7442746875,0.016737166908569634,16,1.0,6747.908395,True,
LOCAL-v1-q4-exactly16_sources-5062,4,frozen_baseline,16,620.640057,0.022019834024831653,16,1.0,9930.240912,True,
LOCAL-v1-q4-exactly16_sources-5063,4,frozen_baseline,16,527.7486560625,0.021635457989759743,16,1.0,8443.978497,True,
LOCAL-v1-q4-exactly16_sources-5064,4,frozen_baseline,16,463.852335875,0.015479083056561649,16,1.0,7421.637374,True,
LOCAL-v1-q4-exactly16_sources-5065,4,frozen_baseline,16,411.814636,0.01961370906792581,16,1.0,6589.034176,True,
LOCAL-v1-q4-exactly16_sources-5066,4,frozen_baseline,16,428.6818866875,0.018646624987013638,16,1.0,6858.910187,True,
LOCAL-v1-q4-exactly16_sources-5067,4,frozen_baseline,16,437.9762419375,0.020988042000681162,16,1.0,7007.619871,True,
LOCAL-v1-q4-exactly16_sources-5068,4,frozen_baseline,16,437.514963125,0.017551791039295495,16,1.0,7000.23941,True,
LOCAL-v1-q4-exactly16_sources-5069,4,frozen_baseline,16,482.990475,0.024732791003771126,16,1.0,7727.8476,True,
LOCAL-v1-q4-exactly16_sources-5070,4,frozen_baseline,16,510.6438135625,0.022701708017848432,16,1.0,8170.301017,True,
LOCAL-v1-q4-exactly16_sources-5071,4,frozen_baseline,16,403.6367899375,0.01803470798768103,16,1.0,6458.188639,True,
LOCAL-v1-q4-exactly16_sources-5072,4,frozen_baseline,16,396.83918175,0.020658207940869033,16,1.0,6349.426908,True,
LOCAL-v1-q4-exactly16_sources-5073,4,frozen_baseline,16,442.2456985,0.02128512493800372,16,1.0,7075.931176,True,
LOCAL-v1-q4-exactly16_sources-5074,4,frozen_baseline,16,421.9096605625,0.021101832971908152,16,1.0,6750.554569,True,
LOCAL-v1-q4-exactly16_sources-5075,4,frozen_baseline,16,400.1153016875,0.022704333998262882,16,1.0,6401.844827,True,
LOCAL-v1-q4-exactly16_sources-5076,4,frozen_baseline,16,385.7701101875,0.023099167039617896,16,1.0,6172.321763,True,
LOCAL-v1-q4-exactly16_sources-5077,4,frozen_baseline,16,463.5957270625,0.01675925008021295,16,1.0,7417.531633,True,
LOCAL-v1-q4-exactly16_sources-5078,4,frozen_baseline,16,458.2685925625,0.017352583003230393,16,1.0,7332.297481,True,
LOCAL-v1-q4-exactly16_sources-5079,4,frozen_baseline,16,474.0659999375,0.01935145806055516,16,1.0,7585.055999,True,
LOCAL-v1-q4-exactly16_sources-5080,4,frozen_baseline,16,425.2337536875,0.018784666899591684,16,1.0,6803.740059,True,
LOCAL-v1-q4-exactly16_sources-5081,4,frozen_baseline,16,472.6885008125,0.01909033302217722,16,1.0,7563.016013,True,
LOCAL-v1-q4-exactly16_sources-5082,4,frozen_baseline,16,426.080998,0.01639683300163597,16,1.0,6817.295968,True,
LOCAL-v1-q4-exactly16_sources-5083,4,frozen_baseline,16,455.73564525,0.022060499992221594,16,1.0,7291.770324,True,
LOCAL-v1-q4-exactly16_sources-5084,4,frozen_baseline,16,513.073906875,0.018738790997304022,16,1.0,8209.18251,True,
LOCAL-v1-q4-exactly16_sources-5085,4,frozen_baseline,16,370.699006125,0.020123875001445413,16,1.0,5931.184098,True,
LOCAL-v1-q4-exactly16_sources-5086,4,frozen_baseline,16,381.5230615,0.018954875064082444,16,1.0,6104.368984,True,
LOCAL-v1-q4-exactly16_sources-5087,4,frozen_baseline,16,377.557588125,0.020809332956559956,16,1.0,6040.92141,True,
LOCAL-v1-q4-exactly16_sources-5088,4,frozen_baseline,16,493.202377875,0.022189833922311664,16,1.0,7891.238046,True,
LOCAL-v1-q4-exactly16_sources-5089,4,frozen_baseline,16,452.2476994375,0.016881917021237314,16,1.0,7235.963191,True,
LOCAL-v1-q4-exactly16_sources-5090,4,frozen_baseline,16,492.8834214375,0.01793845894280821,16,1.0,7886.134743,True,
LOCAL-v1-q4-exactly16_sources-5091,4,frozen_baseline,16,481.077142,0.0223447079770267,16,1.0,7697.234272,True,
LOCAL-v1-q4-exactly16_sources-5092,4,frozen_baseline,16,427.7845094375,0.016917541972361505,16,1.0,6844.552151,True,
LOCAL-v1-q4-exactly16_sources-5093,4,frozen_baseline,16,428.4136845,0.020242166006937623,16,1.0,6854.618952,True,
LOCAL-v1-q4-exactly16_sources-5094,4,frozen_baseline,16,449.2184115,0.02183074993081391,16,1.0,7187.494584,True,
LOCAL-v1-q4-exactly16_sources-5095,4,frozen_baseline,16,380.312429625,0.021875333040952682,16,1.0,6084.998874,True,
LOCAL-v1-q4-exactly16_sources-5096,4,frozen_baseline,16,453.5694424375,0.01894858293235302,16,1.0,7257.111079,True,
LOCAL-v1-q4-exactly16_sources-5097,4,frozen_baseline,16,471.2353393125,0.02017495804466307,16,1.0,7539.765429,True,
LOCAL-v1-q4-exactly16_sources-5098,4,frozen_baseline,16,406.7532150625,0.01888058299664408,16,1.0,6508.051441,True,
LOCAL-v1-q4-exactly16_sources-5099,4,frozen_baseline,16,394.128529,0.022085250006057322,16,1.0,6306.056464,True,
LOCAL-v1-q3-reference_assumed-5000,3,candidate,11,320.42641172727275,0.0019758749986067414,11,1.0,3524.690529,True,
LOCAL-v1-q3-reference_assumed-5001,3,candidate,14,250.7065527142857,0.0023714579874649644,14,1.0,3509.891738,True,
LOCAL-v1-q3-reference_assumed-5002,3,candidate,15,242.6067484666667,0.003227666951715946,15,1.0,3639.101227,True,
LOCAL-v1-q3-reference_assumed-5003,3,candidate,11,305.45893918181815,0.0019145420519635081,11,1.0,3360.048331,True,
LOCAL-v1-q3-reference_assumed-5004,3,candidate,12,314.71764291666665,0.0017208750359714031,12,1.0,3776.611715,True,
LOCAL-v1-q3-reference_assumed-5005,3,candidate,11,321.7210087272727,0.002110542031005025,11,1.0,3538.931096,True,
LOCAL-v1-q3-reference_assumed-5006,3,candidate,11,311.12425445454545,0.001718541025184095,11,1.0,3422.366799,True,
LOCAL-v1-q3-reference_assumed-5007,3,candidate,11,324.7118054545454,0.0014677909202873707,11,1.0,3571.82986,True,
LOCAL-v1-q3-reference_assumed-5008,3,candidate,10,341.86801449999996,0.0017333750147372484,10,1.0,3418.680145,True,
LOCAL-v1-q3-reference_assumed-5009,3,candidate,14,268.4151902857143,0.002209375030361116,14,1.0,3757.812664,True,
LOCAL-v1-q3-reference_assumed-5010,3,candidate,12,272.66452625,0.0025386669440194964,12,1.0,3271.974315,True,
LOCAL-v1-q3-reference_assumed-5011,3,candidate,15,286.6289,0.002476499998010695,15,1.0,4299.4335,True,
LOCAL-v1-q3-reference_assumed-5012,3,candidate,10,352.6128125,0.001368124969303608,10,1.0,3526.128125,True,
LOCAL-v1-q3-reference_assumed-5013,3,candidate,12,284.3977555833333,0.0023580000270158052,12,1.0,3412.773067,True,
LOCAL-v1-q3-reference_assumed-5014,3,candidate,11,321.87915572727275,0.0019787080818787217,11,1.0,3540.670713,True,
LOCAL-v1-q3-reference_assumed-5015,3,candidate,12,299.3902265,0.002409582957625389,12,1.0,3592.682718,True,
LOCAL-v1-q3-reference_assumed-5016,3,candidate,16,271.8636465,0.0038035829784348607,16,1.0,4349.818344,True,
LOCAL-v1-q3-reference_assumed-5017,3,candidate,15,285.1114024,0.002596416976302862,15,1.0,4276.671036,True,
LOCAL-v1-q3-reference_assumed-5018,3,candidate,10,346.2596226,0.0014687500661239028,10,1.0,3462.596226,True,
LOCAL-v1-q3-reference_assumed-5019,3,candidate,11,340.4310007272727,0.0018589590908959508,11,1.0,3744.741008,True,
LOCAL-v1-q3-reference_assumed-5020,3,candidate,16,253.238960875,0.0029855000320822,16,1.0,4051.823374,True,
LOCAL-v1-q3-reference_assumed-5021,3,candidate,14,246.20619692857144,0.002152582979761064,14,1.0,3446.886757,True,
LOCAL-v1-q3-reference_assumed-5022,3,candidate,14,250.08980471428572,0.0025064999936148524,14,1.0,3501.257266,True,
LOCAL-v1-q3-reference_assumed-5023,3,candidate,15,240.65565493333332,0.0029360419139266014,15,1.0,3609.834824,True,
LOCAL-v1-q3-reference_assumed-5024,3,candidate,13,284.67714953846155,0.0018153339624404907,13,1.0,3700.802944,True,
LOCAL-v1-q3-reference_assumed-5025,3,candidate,12,282.2381655,0.002011624979786575,12,1.0,3386.857986,True,
LOCAL-v1-q3-reference_assumed-5026,3,candidate,15,263.0151027333333,0.001961834030225873,15,1.0,3945.226541,True,
LOCAL-v1-q3-reference_assumed-5027,3,candidate,11,287.5861914545454,0.0017520419787615538,11,1.0,3163.448106,True,
LOCAL-v1-q3-reference_assumed-5028,3,candidate,10,364.1652609,0.0016070419223979115,10,1.0,3641.652609,True,
LOCAL-v1-q3-reference_assumed-5029,3,candidate,11,309.4622328181818,0.0015508329961448908,11,1.0,3404.084561,True,
LOCAL-v1-q3-reference_assumed-5030,3,candidate,12,303.5478934166667,0.0018777500372380018,12,1.0,3642.574721,True,
LOCAL-v1-q3-reference_assumed-5031,3,candidate,15,240.56418373333332,0.0030493750236928463,15,1.0,3608.462756,True,
LOCAL-v1-q3-reference_assumed-5032,3,candidate,11,326.3220089090909,0.00199087499640882,11,1.0,3589.542098,True,
LOCAL-v1-q3-reference_assumed-5033,3,candidate,14,265.7553465,0.002433291985653341,14,1.0,3720.574851,True,
LOCAL-v1-q3-reference_assumed-5034,3,candidate,16,228.84806675,0.0036995840491726995,16,1.0,3661.569068,True,
LOCAL-v1-q3-reference_assumed-5035,3,candidate,10,333.3707563,0.0012962500331923366,10,1.0,3333.707563,True,
LOCAL-v1-q3-reference_assumed-5036,3,candidate,15,247.02027080000002,0.0025615000631660223,15,1.0,3705.304062,True,
LOCAL-v1-q3-reference_assumed-5037,3,candidate,15,268.0362378666667,0.0028102919459342957,15,1.0,4020.543568,True,
LOCAL-v1-q3-reference_assumed-5038,3,candidate,16,262.9268086875,0.0032800419721752405,16,1.0,4206.828939,True,
LOCAL-v1-q3-reference_assumed-5039,3,candidate,10,348.6171112,0.0017441250383853912,10,1.0,3486.171112,True,
LOCAL-v1-q3-reference_assumed-5040,3,candidate,15,250.58035460000002,0.002588041010312736,15,1.0,3758.705319,True,
LOCAL-v1-q3-reference_assumed-5041,3,candidate,15,258.50493926666667,0.0029066249262541533,15,1.0,3877.574089,True,
LOCAL-v1-q3-reference_assumed-5042,3,candidate,11,308.50807972727273,0.001501500024460256,11,1.0,3393.588877,True,
LOCAL-v1-q3-reference_assumed-5043,3,candidate,12,296.8334134166667,0.002189665916375816,12,1.0,3562.000961,True,
LOCAL-v1-q3-reference_assumed-5044,3,candidate,11,328.7213969090909,0.0018022500444203615,11,1.0,3615.935366,True,
LOCAL-v1-q3-reference_assumed-5045,3,candidate,11,308.995611,0.0021652079885825515,11,1.0,3398.951721,True,
LOCAL-v1-q3-reference_assumed-5046,3,candidate,10,320.6415189,0.0018188750836998224,10,1.0,3206.415189,True,
LOCAL-v1-q3-reference_assumed-5047,3,candidate,16,255.585543125,0.0031029999954625964,16,1.0,4089.36869,True,
LOCAL-v1-q3-reference_assumed-5048,3,candidate,12,288.0340385,0.002319167018868029,12,1.0,3456.408462,True,
LOCAL-v1-q3-reference_assumed-5049,3,candidate,10,320.2184763,0.0014811669243499637,10,1.0,3202.184763,True,
LOCAL-v1-q3-reference_assumed-5050,3,candidate,15,258.63458860000003,0.0022795830154791474,15,1.0,3879.518829,True,
LOCAL-v1-q3-reference_assumed-5051,3,candidate,11,297.114119,0.0014222910394892097,11,1.0,3268.255309,True,
LOCAL-v1-q3-reference_assumed-5052,3,candidate,13,249.70667415384617,0.0018052909290418029,13,1.0,3246.186764,True,
LOCAL-v1-q3-reference_assumed-5053,3,candidate,16,253.1668795,0.0028011250542476773,16,1.0,4050.670072,True,
LOCAL-v1-q3-reference_assumed-5054,3,candidate,16,269.4093608125,0.00310533307492733,16,1.0,4310.549773,True,
LOCAL-v1-q3-reference_assumed-5055,3,candidate,12,325.79459525,0.00194695801474154,12,1.0,3909.535143,True,
LOCAL-v1-q3-reference_assumed-5056,3,candidate,13,274.246997,0.0024721251102164388,13,1.0,3565.210961,True,
LOCAL-v1-q3-reference_assumed-5057,3,candidate,13,270.3572283076923,0.0017542500281706452,13,1.0,3514.643968,True,
LOCAL-v1-q3-reference_assumed-5058,3,candidate,14,228.14025692857143,0.0020194579847157,14,1.0,3193.963597,True,
LOCAL-v1-q3-reference_assumed-5059,3,candidate,12,285.42675533333335,0.0019505420932546258,12,1.0,3425.121064,True,
LOCAL-v1-q3-reference_assumed-5060,3,candidate,11,328.235112,0.0022490000119432807,11,1.0,3610.586232,True,
LOCAL-v1-q3-reference_assumed-5061,3,candidate,13,259.27808869230773,0.0022199159720912576,13,1.0,3370.615153,True,
LOCAL-v1-q3-reference_assumed-5062,3,candidate,16,258.6322000625,0.0021497500129044056,16,1.0,4138.115201,True,
LOCAL-v1-q3-reference_assumed-5063,3,candidate,15,262.7323925333333,0.002966333064250648,15,1.0,3940.985888,True,
LOCAL-v1-q3-reference_assumed-5064,3,candidate,13,275.56054507692306,0.002215541899204254,13,1.0,3582.287086,True,
LOCAL-v1-q3-reference_assumed-5065,3,candidate,12,284.13697441666665,0.0017945000436156988,12,1.0,3409.643693,True,
LOCAL-v1-q3-reference_assumed-5066,3,candidate,10,348.1468351,0.001457667094655335,10,1.0,3481.468351,True,
LOCAL-v1-q3-reference_assumed-5067,3,candidate,16,255.9581724375,0.003508333000354469,16,1.0,4095.330759,True,
LOCAL-v1-q3-reference_assumed-5068,3,candidate,13,262.6594736923077,0.002127624931745231,13,1.0,3414.573158,True,
LOCAL-v1-q3-reference_assumed-5069,3,candidate,14,266.94651792857144,0.0027744160033762455,14,1.0,3737.251251,True,
LOCAL-v1-q3-reference_assumed-5070,3,candidate,12,316.43648191666665,0.0027735839830711484,12,1.0,3797.237783,True,
LOCAL-v1-q3-reference_assumed-5071,3,candidate,12,332.1979180833333,0.0018179999897256494,12,1.0,3986.375017,True,
LOCAL-v1-q3-reference_assumed-5072,3,candidate,15,242.32284313333332,0.0026437080232426524,15,1.0,3634.842647,True,
LOCAL-v1-q3-reference_assumed-5073,3,candidate,10,358.6158458,0.0023954169591888785,10,1.0,3586.158458,True,
LOCAL-v1-q3-reference_assumed-5074,3,candidate,16,230.92833375,0.00272062502335757,16,1.0,3694.85334,True,
LOCAL-v1-q3-reference_assumed-5075,3,candidate,15,241.608599,0.0026323749916628003,15,1.0,3624.128985,True,
LOCAL-v1-q3-reference_assumed-5076,3,candidate,12,304.41191399999997,0.0026799580082297325,12,1.0,3652.942968,True,
LOCAL-v1-q3-reference_assumed-5077,3,candidate,14,289.49530185714286,0.002300583990290761,14,1.0,4052.934226,True,
LOCAL-v1-q3-reference_assumed-5078,3,candidate,13,312.6739329230769,0.0023935420904308558,13,1.0,4064.761128,True,
LOCAL-v1-q3-reference_assumed-5079,3,candidate,10,365.0374839,0.0015004170127213001,10,1.0,3650.374839,True,
LOCAL-v1-q3-reference_assumed-5080,3,candidate,10,321.4240132,0.001666500000283122,10,1.0,3214.240132,True,
LOCAL-v1-q3-reference_assumed-5081,3,candidate,16,257.420651375,0.003144000074826181,16,1.0,4118.730422,True,
LOCAL-v1-q3-reference_assumed-5082,3,candidate,13,251.76617792307692,0.0019972920417785645,13,1.0,3272.960313,True,
LOCAL-v1-q3-reference_assumed-5083,3,candidate,13,274.7970676153846,0.002614542027004063,13,1.0,3572.361879,True,
LOCAL-v1-q3-reference_assumed-5084,3,candidate,14,334.3390940714286,0.0028648339211940765,14,1.0,4680.747317,True,
LOCAL-v1-q3-reference_assumed-5085,3,candidate,15,266.6060397333333,0.0026689160149544477,15,1.0,3999.090596,True,
LOCAL-v1-q3-reference_assumed-5086,3,candidate,12,293.66782458333336,0.0019409579690545797,12,1.0,3524.013895,True,
LOCAL-v1-q3-reference_assumed-5087,3,candidate,13,237.6562453846154,0.002066457993350923,13,1.0,3089.53119,True,
LOCAL-v1-q3-reference_assumed-5088,3,candidate,16,233.74956575,0.0030292499577626586,16,1.0,3739.993052,True,
LOCAL-v1-q3-reference_assumed-5089,3,candidate,15,267.8162855333333,0.002695249975658953,15,1.0,4017.244283,True,
LOCAL-v1-q3-reference_assumed-5090,3,candidate,14,256.80076514285713,0.0030389169696718454,14,1.0,3595.210712,True,
LOCAL-v1-q3-reference_assumed-5091,3,candidate,12,303.7914115,0.0017038749065250158,12,1.0,3645.496938,True,
LOCAL-v1-q3-reference_assumed-5092,3,candidate,11,286.89900418181816,0.0022249160101637244,11,1.0,3155.889046,True,
LOCAL-v1-q3-reference_assumed-5093,3,candidate,15,225.63012953333333,0.002457624999806285,15,1.0,3384.451943,True,
LOCAL-v1-q3-reference_assumed-5094,3,candidate,11,308.0732041818182,0.0016952499281615019,11,1.0,3388.805246,True,
LOCAL-v1-q3-reference_assumed-5095,3,candidate,10,334.32337889999997,0.001795999938622117,10,1.0,3343.233789,True,
LOCAL-v1-q3-reference_assumed-5096,3,candidate,14,277.72744735714286,0.0022707079770043492,14,1.0,3888.184263,True,
LOCAL-v1-q3-reference_assumed-5097,3,candidate,13,267.6004760769231,0.0018418749095872045,13,1.0,3478.806189,True,
LOCAL-v1-q3-reference_assumed-5098,3,candidate,16,252.8129069375,0.0031284589786082506,16,1.0,4045.006511,True,
LOCAL-v1-q3-reference_assumed-5099,3,candidate,13,277.4740986923077,0.002393582952208817,13,1.0,3607.163283,True,
LOCAL-v1-q3-fixed_positive_bias-5000,3,candidate,11,297.04553127272726,0.001662416965700686,11,1.0,3267.500844,True,
LOCAL-v1-q3-fixed_positive_bias-5001,3,candidate,14,274.98053878571426,0.0025525420205667615,14,1.0,3849.727543,True,
LOCAL-v1-q3-fixed_positive_bias-5002,3,candidate,15,242.03543913333334,0.002548290998674929,15,1.0,3630.531587,True,
LOCAL-v1-q3-fixed_positive_bias-5003,3,candidate,11,309.51610900000003,0.0018299589864909649,11,1.0,3404.677199,True,
LOCAL-v1-q3-fixed_positive_bias-5004,3,candidate,12,358.6193739166667,0.0020756670273840427,12,1.0,4303.432487,True,
LOCAL-v1-q3-fixed_positive_bias-5005,3,candidate,11,316.24233981818185,0.0015208750264719129,11,1.0,3478.665738,True,
LOCAL-v1-q3-fixed_positive_bias-5006,3,candidate,11,310.02285345454544,0.0016953329322859645,11,1.0,3410.251388,True,
LOCAL-v1-q3-fixed_positive_bias-5007,3,candidate,11,329.2442126363636,0.0015984579222276807,11,1.0,3621.686339,True,
LOCAL-v1-q3-fixed_positive_bias-5008,3,candidate,10,345.70335020000005,0.0019171249587088823,10,1.0,3457.033502,True,
LOCAL-v1-q3-fixed_positive_bias-5009,3,candidate,14,264.41747678571426,0.0027860000263899565,14,1.0,3701.844675,True,
LOCAL-v1-q3-fixed_positive_bias-5010,3,candidate,12,276.9062569166667,0.00199608295224607,12,1.0,3322.875083,True,
LOCAL-v1-q3-fixed_positive_bias-5011,3,candidate,15,258.1472318,0.00254704209510237,15,1.0,3872.208477,True,
LOCAL-v1-q3-fixed_positive_bias-5012,3,candidate,10,352.4511913,0.0014463330153375864,10,1.0,3524.511913,True,
LOCAL-v1-q3-fixed_positive_bias-5013,3,candidate,12,276.86103166666663,0.001954082981683314,12,1.0,3322.33238,True,
LOCAL-v1-q3-fixed_positive_bias-5014,3,candidate,11,330.38953945454546,0.0018305419944226742,11,1.0,3634.284934,True,
LOCAL-v1-q3-fixed_positive_bias-5015,3,candidate,12,297.4771114166667,0.0025671670446172357,12,1.0,3569.725337,True,
LOCAL-v1-q3-fixed_positive_bias-5016,3,candidate,16,276.6042256875,0.0035001670476049185,16,1.0,4425.667611,True,
LOCAL-v1-q3-fixed_positive_bias-5017,3,candidate,15,238.94497206666668,0.00276058295276016,15,1.0,3584.174581,True,
LOCAL-v1-q3-fixed_positive_bias-5018,3,candidate,10,346.55415830000004,0.0014769589761272073,10,1.0,3465.541583,True,
LOCAL-v1-q3-fixed_positive_bias-5019,3,candidate,11,329.1573202727273,0.0017209170619025826,11,1.0,3620.730523,True,
LOCAL-v1-q3-fixed_positive_bias-5020,3,candidate,16,248.8785483125,0.002931291004642844,16,1.0,3982.056773,True,
LOCAL-v1-q3-fixed_positive_bias-5021,3,candidate,14,247.74471757142857,0.002089457935653627,14,1.0,3468.426046,True,
LOCAL-v1-q3-fixed_positive_bias-5022,3,candidate,14,280.78735692857146,0.003384249983355403,14,1.0,3931.022997,True,
LOCAL-v1-q3-fixed_positive_bias-5023,3,candidate,15,254.76938266666667,0.002496749977581203,15,1.0,3821.54074,True,
LOCAL-v1-q3-fixed_positive_bias-5024,3,candidate,13,286.0461512307692,0.0018708340357989073,13,1.0,3718.599966,True,
LOCAL-v1-q3-fixed_positive_bias-5025,3,candidate,12,282.35440975,0.0020672919927164912,12,1.0,3388.252917,True,
LOCAL-v1-q3-fixed_positive_bias-5026,3,candidate,15,250.39102586666667,0.002033917000517249,15,1.0,3755.865388,True,
LOCAL-v1-q3-fixed_positive_bias-5027,3,candidate,11,284.0722551818182,0.0016072919825091958,11,1.0,3124.794807,True,
LOCAL-v1-q3-fixed_positive_bias-5028,3,candidate,10,358.68150959999997,0.0015729580773040652,10,1.0,3586.815096,True,
LOCAL-v1-q3-fixed_positive_bias-5029,3,candidate,11,314.71136154545457,0.0015189170371741056,11,1.0,3461.824977,True,
LOCAL-v1-q3-fixed_positive_bias-5030,3,candidate,12,319.3050255,0.0018947920762002468,12,1.0,3831.660306,True,
LOCAL-v1-q3-fixed_positive_bias-5031,3,candidate,15,242.63741433333334,0.003041375079192221,15,1.0,3639.561215,True,
LOCAL-v1-q3-fixed_positive_bias-5032,3,candidate,11,323.21399554545457,0.0018244170350953937,11,1.0,3555.353951,True,
LOCAL-v1-q3-fixed_positive_bias-5033,3,candidate,14,269.68179257142856,0.00220895791426301,14,1.0,3775.545096,True,
LOCAL-v1-q3-fixed_positive_bias-5034,3,candidate,16,227.9791919375,0.0032266249181702733,16,1.0,3647.667071,True,
LOCAL-v1-q3-fixed_positive_bias-5035,3,candidate,10,336.1522632,0.0014479580568149686,10,1.0,3361.522632,True,
LOCAL-v1-q3-fixed_positive_bias-5036,3,candidate,15,231.5815312,0.002532999962568283,15,1.0,3473.722968,True,
LOCAL-v1-q3-fixed_positive_bias-5037,3,candidate,15,251.19115366666668,0.003066625096835196,15,1.0,3767.867305,True,
LOCAL-v1-q3-fixed_positive_bias-5038,3,candidate,16,250.040305375,0.003164541907608509,16,1.0,4000.644886,True,
LOCAL-v1-q3-fixed_positive_bias-5039,3,candidate,10,352.5757916,0.0017615839606150985,10,1.0,3525.757916,True,
LOCAL-v1-q3-fixed_positive_bias-5040,3,candidate,15,264.4299825333333,0.0029969580937176943,15,1.0,3966.449738,True,
LOCAL-v1-q3-fixed_positive_bias-5041,3,candidate,15,277.0609278666667,0.002295957994647324,15,1.0,4155.913918,True,
LOCAL-v1-q3-fixed_positive_bias-5042,3,candidate,11,302.4787601818182,0.001402541995048523,11,1.0,3327.266362,True,
LOCAL-v1-q3-fixed_positive_bias-5043,3,candidate,12,300.31250800000004,0.002153208013623953,12,1.0,3603.750096,True,
LOCAL-v1-q3-fixed_positive_bias-5044,3,candidate,11,328.1664458181818,0.001993125071749091,11,1.0,3609.830904,True,
LOCAL-v1-q3-fixed_positive_bias-5045,3,candidate,11,312.60752954545455,0.0017851670272648335,11,1.0,3438.682825,True,
LOCAL-v1-q3-fixed_positive_bias-5046,3,candidate,10,323.1319764,0.001992416917346418,10,1.0,3231.319764,True,
LOCAL-v1-q3-fixed_positive_bias-5047,3,candidate,16,203.43084525,0.002234457992017269,16,1.0,3254.893524,True,
LOCAL-v1-q3-fixed_positive_bias-5048,3,candidate,12,277.565685,0.0022995000472292304,12,1.0,3330.78822,True,
LOCAL-v1-q3-fixed_positive_bias-5049,3,candidate,10,327.2694552,0.001662541995756328,10,1.0,3272.694552,True,
LOCAL-v1-q3-fixed_positive_bias-5050,3,candidate,15,259.4542189333333,0.0022553750313818455,15,1.0,3891.813284,True,
LOCAL-v1-q3-fixed_positive_bias-5051,3,candidate,11,299.89701445454546,0.001487624947912991,11,1.0,3298.867159,True,
LOCAL-v1-q3-fixed_positive_bias-5052,3,candidate,13,269.3508253846154,0.0024634579895064235,13,1.0,3501.56073,True,
LOCAL-v1-q3-fixed_positive_bias-5053,3,candidate,16,248.1614060625,0.0022497089812532067,16,1.0,3970.582497,True,
LOCAL-v1-q3-fixed_positive_bias-5054,3,candidate,16,279.657535625,0.0029552080668509007,16,1.0,4474.52057,True,
LOCAL-v1-q3-fixed_positive_bias-5055,3,candidate,12,331.83384674999996,0.002520750043913722,12,1.0,3982.006161,True,
LOCAL-v1-q3-fixed_positive_bias-5056,3,candidate,13,272.4356896923077,0.0020382499787956476,13,1.0,3541.663966,True,
LOCAL-v1-q3-fixed_positive_bias-5057,3,candidate,13,282.15258084615385,0.0018389999167993665,13,1.0,3667.983551,True,
LOCAL-v1-q3-fixed_positive_bias-5058,3,candidate,14,256.3714845714286,0.0021790830651298165,14,1.0,3589.200784,True,
LOCAL-v1-q3-fixed_positive_bias-5059,3,candidate,12,293.32951691666665,0.0022886249935254455,12,1.0,3519.954203,True,
LOCAL-v1-q3-fixed_positive_bias-5060,3,candidate,11,334.49771463636364,0.0021187500096857548,11,1.0,3679.474861,True,
LOCAL-v1-q3-fixed_positive_bias-5061,3,candidate,13,271.9537967692308,0.0024034170201048255,13,1.0,3535.399358,True,
LOCAL-v1-q3-fixed_positive_bias-5062,3,candidate,16,244.41685675,0.002206083037890494,16,1.0,3910.669708,True,
LOCAL-v1-q3-fixed_positive_bias-5063,3,candidate,15,265.8420850666667,0.0031296670204028487,15,1.0,3987.631276,True,
LOCAL-v1-q3-fixed_positive_bias-5064,3,candidate,13,274.0213626923077,0.002215416985563934,13,1.0,3562.277715,True,
LOCAL-v1-q3-fixed_positive_bias-5065,3,candidate,12,277.9287875,0.001626292010769248,12,1.0,3335.14545,True,
LOCAL-v1-q3-fixed_positive_bias-5066,3,candidate,10,349.7053456,0.001901749987155199,10,1.0,3497.053456,True,
LOCAL-v1-q3-fixed_positive_bias-5067,3,candidate,16,250.8264979375,0.0029856249457225204,16,1.0,4013.223967,True,
LOCAL-v1-q3-fixed_positive_bias-5068,3,candidate,13,279.4117573076923,0.002308666007593274,13,1.0,3632.352845,True,
LOCAL-v1-q3-fixed_positive_bias-5069,3,candidate,14,273.9214487857143,0.003375584026798606,14,1.0,3834.900283,True,
LOCAL-v1-q3-fixed_positive_bias-5070,3,candidate,12,312.6323430833333,0.0022798749851062894,12,1.0,3751.588117,True,
LOCAL-v1-q3-fixed_positive_bias-5071,3,candidate,12,334.60212725,0.001958457985892892,12,1.0,4015.225527,True,
LOCAL-v1-q3-fixed_positive_bias-5072,3,candidate,15,245.64177866666665,0.002993082976900041,15,1.0,3684.62668,True,
LOCAL-v1-q3-fixed_positive_bias-5073,3,candidate,10,352.5850699,0.0020743750501424074,10,1.0,3525.850699,True,
LOCAL-v1-q3-fixed_positive_bias-5074,3,candidate,16,254.4819521875,0.0024567500222474337,16,1.0,4071.711235,True,
LOCAL-v1-q3-fixed_positive_bias-5075,3,candidate,15,271.0476474,0.0028611250454559922,15,1.0,4065.714711,True,
LOCAL-v1-q3-fixed_positive_bias-5076,3,candidate,12,270.91921325,0.002341249957680702,12,1.0,3251.030559,True,
LOCAL-v1-q3-fixed_positive_bias-5077,3,candidate,14,296.7947572857143,0.0023967080051079392,14,1.0,4155.126602,True,
LOCAL-v1-q3-fixed_positive_bias-5078,3,candidate,13,315.1949693846154,0.0024840000551193953,13,1.0,4097.534602,True,
LOCAL-v1-q3-fixed_positive_bias-5079,3,candidate,10,315.91846150000003,0.0021047500194981694,10,1.0,3159.184615,True,
LOCAL-v1-q3-fixed_positive_bias-5080,3,candidate,10,352.7379039,0.0018099580192938447,10,1.0,3527.379039,True,
LOCAL-v1-q3-fixed_positive_bias-5081,3,candidate,16,274.7017233125,0.003035667003132403,16,1.0,4395.227573,True,
LOCAL-v1-q3-fixed_positive_bias-5082,3,candidate,13,246.4518452307692,0.001829290995374322,13,1.0,3203.873988,True,
LOCAL-v1-q3-fixed_positive_bias-5083,3,candidate,13,289.37446323076927,0.0024182089837267995,13,1.0,3761.868022,True,
LOCAL-v1-q3-fixed_positive_bias-5084,3,candidate,14,305.92877207142857,0.0028451670659705997,14,1.0,4283.002809,True,
LOCAL-v1-q3-fixed_positive_bias-5085,3,candidate,15,266.4746214,0.0027892920188605785,15,1.0,3997.119321,True,
LOCAL-v1-q3-fixed_positive_bias-5086,3,candidate,12,289.7051588333333,0.0021215840242803097,12,1.0,3476.461906,True,
LOCAL-v1-q3-fixed_positive_bias-5087,3,candidate,13,244.32022130769232,0.0022728750482201576,13,1.0,3176.162877,True,
LOCAL-v1-q3-fixed_positive_bias-5088,3,candidate,16,229.719967625,0.0033469580812379718,16,1.0,3675.519482,True,
LOCAL-v1-q3-fixed_positive_bias-5089,3,candidate,15,238.07967253333334,0.0027697079349309206,15,1.0,3571.195088,True,
LOCAL-v1-q3-fixed_positive_bias-5090,3,candidate,14,258.5708985714286,0.002908499911427498,14,1.0,3619.99258,True,
LOCAL-v1-q3-fixed_positive_bias-5091,3,candidate,12,309.90378,0.0016447919188067317,12,1.0,3718.84536,True,
LOCAL-v1-q3-fixed_positive_bias-5092,3,candidate,11,293.2363211818182,0.002856208011507988,11,1.0,3225.599533,True,
LOCAL-v1-q3-fixed_positive_bias-5093,3,candidate,15,242.1567074666667,0.0022962079383432865,15,1.0,3632.350612,True,
LOCAL-v1-q3-fixed_positive_bias-5094,3,candidate,11,308.4980890909091,0.0016799160512164235,11,1.0,3393.47898,True,
LOCAL-v1-q3-fixed_positive_bias-5095,3,candidate,10,334.7119173,0.0018334169872105122,10,1.0,3347.119173,True,
LOCAL-v1-q3-fixed_positive_bias-5096,3,candidate,14,280.8255811428572,0.0028219999512657523,14,1.0,3931.558136,True,
LOCAL-v1-q3-fixed_positive_bias-5097,3,candidate,13,273.119612,0.001871999935247004,13,1.0,3550.554956,True,
LOCAL-v1-q3-fixed_positive_bias-5098,3,candidate,16,250.180778,0.0031171670416370034,16,1.0,4002.892448,True,
LOCAL-v1-q3-fixed_positive_bias-5099,3,candidate,13,282.86141107692305,0.003183542052283883,13,1.0,3677.198344,True,
LOCAL-v1-q3-fixed_negative_bias-5000,3,candidate,11,301.91690518181815,0.0017020839732140303,11,1.0,3321.085957,True,
LOCAL-v1-q3-fixed_negative_bias-5001,3,candidate,14,250.44316907142857,0.0024181249318644404,14,1.0,3506.204367,True,
LOCAL-v1-q3-fixed_negative_bias-5002,3,candidate,15,244.45648473333333,0.0030576660064980388,15,1.0,3666.847271,True,
LOCAL-v1-q3-fixed_negative_bias-5003,3,candidate,11,307.83254736363637,0.002021749969571829,11,1.0,3386.158021,True,
LOCAL-v1-q3-fixed_negative_bias-5004,3,candidate,12,320.26123958333335,0.002003041096031666,12,1.0,3843.134875,True,
LOCAL-v1-q3-fixed_negative_bias-5005,3,candidate,11,317.32957827272725,0.0018179171020165086,11,1.0,3490.625361,True,
LOCAL-v1-q3-fixed_negative_bias-5006,3,candidate,11,314.5914887272727,0.002216916996985674,11,1.0,3460.506376,True,
LOCAL-v1-q3-fixed_negative_bias-5007,3,candidate,11,324.54535054545454,0.0015567500377073884,11,1.0,3569.998856,True,
LOCAL-v1-q3-fixed_negative_bias-5008,3,candidate,10,345.44587,0.0018439999548718333,10,1.0,3454.4587,True,
LOCAL-v1-q3-fixed_negative_bias-5009,3,candidate,14,271.9604876428572,0.0023250830126926303,14,1.0,3807.446827,True,
LOCAL-v1-q3-fixed_negative_bias-5010,3,candidate,12,265.2872875,0.0023475829511880875,12,1.0,3183.44745,True,
LOCAL-v1-q3-fixed_negative_bias-5011,3,candidate,15,283.60005586666665,0.0026439999928697944,15,1.0,4254.000838,True,
LOCAL-v1-q3-fixed_negative_bias-5012,3,candidate,10,352.8089469,0.0012894169194623828,10,1.0,3528.089469,True,
LOCAL-v1-q3-fixed_negative_bias-5013,3,candidate,12,282.915003,0.002256416017189622,12,1.0,3394.980036,True,
LOCAL-v1-q3-fixed_negative_bias-5014,3,candidate,11,323.3219349090909,0.002141334000043571,11,1.0,3556.541284,True,
LOCAL-v1-q3-fixed_negative_bias-5015,3,candidate,12,292.0611866666667,0.002310000010766089,12,1.0,3504.73424,True,
LOCAL-v1-q3-fixed_negative_bias-5016,3,candidate,16,280.881429,0.00351991702336818,16,1.0,4494.102864,True,
LOCAL-v1-q3-fixed_negative_bias-5017,3,candidate,15,284.2869294,0.0028215000638738275,15,1.0,4264.303941,True,
LOCAL-v1-q3-fixed_negative_bias-5018,3,candidate,10,325.591447,0.0013005000073462725,10,1.0,3255.91447,True,
LOCAL-v1-q3-fixed_negative_bias-5019,3,candidate,11,335.379679,0.0017384159145876765,11,1.0,3689.176469,True,
LOCAL-v1-q3-fixed_negative_bias-5020,3,candidate,16,207.3709141875,0.003120833891443908,16,1.0,3317.934627,True,
LOCAL-v1-q3-fixed_negative_bias-5021,3,candidate,14,260.3180630714286,0.0025063749635592103,14,1.0,3644.452883,True,
LOCAL-v1-q3-fixed_negative_bias-5022,3,candidate,14,258.36936442857143,0.002865249989554286,14,1.0,3617.171102,True,
LOCAL-v1-q3-fixed_negative_bias-5023,3,candidate,15,236.18990566666668,0.002471792045980692,15,1.0,3542.848585,True,
LOCAL-v1-q3-fixed_negative_bias-5024,3,candidate,13,285.6348136923077,0.001855500042438507,13,1.0,3713.252578,True,
LOCAL-v1-q3-fixed_negative_bias-5025,3,candidate,12,278.36214908333335,0.0018189579714089632,12,1.0,3340.345789,True,
LOCAL-v1-q3-fixed_negative_bias-5026,3,candidate,15,252.44599633333334,0.005347499973140657,15,1.0,3786.689945,True,
LOCAL-v1-q3-fixed_negative_bias-5027,3,candidate,11,284.7599181818182,0.004227499943226576,11,1.0,3132.3591,True,
LOCAL-v1-q3-fixed_negative_bias-5028,3,candidate,10,362.4365554,0.005234707961790264,10,1.0,3624.365554,True,
LOCAL-v1-q3-fixed_negative_bias-5029,3,candidate,11,309.8955966363637,0.0018299160292372108,11,1.0,3408.851563,True,
LOCAL-v1-q3-fixed_negative_bias-5030,3,candidate,12,306.06054124999997,0.0047347910003736615,12,1.0,3672.726495,True,
LOCAL-v1-q3-fixed_negative_bias-5031,3,candidate,15,247.9157906,0.003575083101168275,15,1.0,3718.736859,True,
LOCAL-v1-q3-fixed_negative_bias-5032,3,candidate,11,322.33702572727276,0.0018307080026715994,11,1.0,3545.707283,True,
LOCAL-v1-q3-fixed_negative_bias-5033,3,candidate,14,277.83892242857144,0.00321424996946007,14,1.0,3889.744914,True,
LOCAL-v1-q3-fixed_negative_bias-5034,3,candidate,16,219.4619624375,0.0032536250073462725,16,1.0,3511.391399,True,
LOCAL-v1-q3-fixed_negative_bias-5035,3,candidate,10,335.48175299999997,0.0014896250795572996,10,1.0,3354.81753,True,
LOCAL-v1-q3-fixed_negative_bias-5036,3,candidate,15,245.96767486666667,0.0032498330110684037,15,1.0,3689.515123,True,
LOCAL-v1-q3-fixed_negative_bias-5037,3,candidate,15,245.6070894,0.002577582956291735,15,1.0,3684.106341,True,
LOCAL-v1-q3-fixed_negative_bias-5038,3,candidate,16,270.8476466875,0.0036025840090587735,16,1.0,4333.562347,True,
LOCAL-v1-q3-fixed_negative_bias-5039,3,candidate,10,346.3495745,0.001706958981230855,10,1.0,3463.495745,True,
LOCAL-v1-q3-fixed_negative_bias-5040,3,candidate,15,251.61189326666667,0.0026813329895958304,15,1.0,3774.178399,True,
LOCAL-v1-q3-fixed_negative_bias-5041,3,candidate,15,275.52703426666665,0.0035377079620957375,15,1.0,4132.905514,True,
LOCAL-v1-q3-fixed_negative_bias-5042,3,candidate,11,288.88414972727276,0.0014440000522881746,11,1.0,3177.725647,True,
LOCAL-v1-q3-fixed_negative_bias-5043,3,candidate,12,323.96181433333334,0.002364874933846295,12,1.0,3887.541772,True,
LOCAL-v1-q3-fixed_negative_bias-5044,3,candidate,11,337.5630308181818,0.0017839580541476607,11,1.0,3713.193339,True,
LOCAL-v1-q3-fixed_negative_bias-5045,3,candidate,11,325.74186945454545,0.0023629580391570926,11,1.0,3583.160564,True,
LOCAL-v1-q3-fixed_negative_bias-5046,3,candidate,10,348.62387090000004,0.0018992919940501451,10,1.0,3486.238709,True,
LOCAL-v1-q3-fixed_negative_bias-5047,3,candidate,16,226.5207145625,0.002821333007887006,16,1.0,3624.331433,True,
LOCAL-v1-q3-fixed_negative_bias-5048,3,candidate,12,278.2087618333333,0.002544791903346777,12,1.0,3338.505142,True,
LOCAL-v1-q3-fixed_negative_bias-5049,3,candidate,10,334.0107703,0.0014977500541135669,10,1.0,3340.107703,True,
LOCAL-v1-q3-fixed_negative_bias-5050,3,candidate,15,249.66580340000002,0.00227162498049438,15,1.0,3744.987051,True,
LOCAL-v1-q3-fixed_negative_bias-5051,3,candidate,11,295.015278,0.0015058749122545123,11,1.0,3245.168058,True,
LOCAL-v1-q3-fixed_negative_bias-5052,3,candidate,13,253.67164923076922,0.0017265420174226165,13,1.0,3297.73144,True,
LOCAL-v1-q3-fixed_negative_bias-5053,3,candidate,16,239.55467925,0.0022863749181851745,16,1.0,3832.874868,True,
LOCAL-v1-q3-fixed_negative_bias-5054,3,candidate,16,263.5922795,0.0026279579615220428,16,1.0,4217.476472,True,
LOCAL-v1-q3-fixed_negative_bias-5055,3,candidate,12,321.71900275,0.0021758750081062317,12,1.0,3860.628033,True,
LOCAL-v1-q3-fixed_negative_bias-5056,3,candidate,13,274.5464393076923,0.002296250080689788,13,1.0,3569.103711,True,
LOCAL-v1-q3-fixed_negative_bias-5057,3,candidate,13,266.62521615384617,0.0018045828910544515,13,1.0,3466.12781,True,
LOCAL-v1-q3-fixed_negative_bias-5058,3,candidate,14,232.31866214285714,0.002205708995461464,14,1.0,3252.46127,True,
LOCAL-v1-q3-fixed_negative_bias-5059,3,candidate,12,289.57317241666664,0.0022638329537585378,12,1.0,3474.878069,True,
LOCAL-v1-q3-fixed_negative_bias-5060,3,candidate,11,322.5750790909091,0.002694874885492027,11,1.0,3548.32587,True,
LOCAL-v1-q3-fixed_negative_bias-5061,3,candidate,13,267.44974984615385,0.0023628330091014504,13,1.0,3476.846748,True,
LOCAL-v1-q3-fixed_negative_bias-5062,3,candidate,16,268.09630875,0.002394709037616849,16,1.0,4289.54094,True,
LOCAL-v1-q3-fixed_negative_bias-5063,3,candidate,15,267.1496046,0.003118499997071922,15,1.0,4007.244069,True,
LOCAL-v1-q3-fixed_negative_bias-5064,3,candidate,13,279.81164607692307,0.0021975840209051967,13,1.0,3637.551399,True,
LOCAL-v1-q3-fixed_negative_bias-5065,3,candidate,12,289.14022733333337,0.002274166909046471,12,1.0,3469.682728,True,
LOCAL-v1-q3-fixed_negative_bias-5066,3,candidate,10,361.4888259,0.001466624904423952,10,1.0,3614.888259,True,
LOCAL-v1-q3-fixed_negative_bias-5067,3,candidate,16,249.7904911875,0.0031675409991294146,16,1.0,3996.647859,True,
LOCAL-v1-q3-fixed_negative_bias-5068,3,candidate,13,258.1227203846154,0.00198433396872133,13,1.0,3355.595365,True,
LOCAL-v1-q3-fixed_negative_bias-5069,3,candidate,14,278.20762285714284,0.0025696250377222896,14,1.0,3894.90672,True,
LOCAL-v1-q3-fixed_negative_bias-5070,3,candidate,12,318.69406050000003,0.0024575000861659646,12,1.0,3824.328726,True,
LOCAL-v1-q3-fixed_negative_bias-5071,3,candidate,12,298.99957658333335,0.001861124997958541,12,1.0,3587.994919,True,
LOCAL-v1-q3-fixed_negative_bias-5072,3,candidate,15,244.57304340000002,0.002671541995368898,15,1.0,3668.595651,True,
LOCAL-v1-q3-fixed_negative_bias-5073,3,candidate,10,339.651123,0.002186375088058412,10,1.0,3396.51123,True,
LOCAL-v1-q3-fixed_negative_bias-5074,3,candidate,16,223.2834143125,0.0028239580569788814,16,1.0,3572.534629,True,
LOCAL-v1-q3-fixed_negative_bias-5075,3,candidate,15,267.64673346666666,0.0034100409829989076,15,1.0,4014.701002,True,
LOCAL-v1-q3-fixed_negative_bias-5076,3,candidate,12,300.5712265833333,0.0025729580083861947,12,1.0,3606.854719,True,
LOCAL-v1-q3-fixed_negative_bias-5077,3,candidate,14,269.6541822857143,0.0022477079182863235,14,1.0,3775.158552,True,
LOCAL-v1-q3-fixed_negative_bias-5078,3,candidate,13,266.44466515384613,0.0022254170617088675,13,1.0,3463.780647,True,
LOCAL-v1-q3-fixed_negative_bias-5079,3,candidate,10,335.7050155,0.001468665897846222,10,1.0,3357.050155,True,
LOCAL-v1-q3-fixed_negative_bias-5080,3,candidate,10,329.89689250000004,0.0016560829244554043,10,1.0,3298.968925,True,
LOCAL-v1-q3-fixed_negative_bias-5081,3,candidate,16,252.4842659375,0.003308083047159016,16,1.0,4039.748255,True,
LOCAL-v1-q3-fixed_negative_bias-5082,3,candidate,13,250.75211946153846,0.0019188339356333017,13,1.0,3259.777553,True,
LOCAL-v1-q3-fixed_negative_bias-5083,3,candidate,13,294.12504215384615,0.0029349159449338913,13,1.0,3823.625548,True,
LOCAL-v1-q3-fixed_negative_bias-5084,3,candidate,14,309.0961963571429,0.0027323340764269233,14,1.0,4327.346749,True,
LOCAL-v1-q3-fixed_negative_bias-5085,3,candidate,15,267.9430296666667,0.002896666992455721,15,1.0,4019.145445,True,
LOCAL-v1-q3-fixed_negative_bias-5086,3,candidate,12,287.51445474999997,0.0018489579670131207,12,1.0,3450.173457,True,
LOCAL-v1-q3-fixed_negative_bias-5087,3,candidate,13,243.5436696153846,0.0024735420010983944,13,1.0,3166.067705,True,
LOCAL-v1-q3-fixed_negative_bias-5088,3,candidate,16,236.019616125,0.00306908308994025,16,1.0,3776.313858,True,
LOCAL-v1-q3-fixed_negative_bias-5089,3,candidate,15,264.13217586666667,0.0031734160147607327,15,1.0,3961.982638,True,
LOCAL-v1-q3-fixed_negative_bias-5090,3,candidate,14,260.9002027142857,0.003277749987319112,14,1.0,3652.602838,True,
LOCAL-v1-q3-fixed_negative_bias-5091,3,candidate,12,311.04637425,0.0016561250668019056,12,1.0,3732.556491,True,
LOCAL-v1-q3-fixed_negative_bias-5092,3,candidate,11,320.8594085454545,0.0030602089827880263,11,1.0,3529.453494,True,
LOCAL-v1-q3-fixed_negative_bias-5093,3,candidate,15,221.0178432,0.0020540000405162573,15,1.0,3315.267648,True,
LOCAL-v1-q3-fixed_negative_bias-5094,3,candidate,11,304.67302754545454,0.0016340840375050902,11,1.0,3351.403303,True,
LOCAL-v1-q3-fixed_negative_bias-5095,3,candidate,10,310.3002849,0.0015206249663606286,10,1.0,3103.002849,True,
LOCAL-v1-q3-fixed_negative_bias-5096,3,candidate,14,283.3612400714286,0.0027887080796062946,14,1.0,3967.057361,True,
LOCAL-v1-q3-fixed_negative_bias-5097,3,candidate,13,265.12250607692306,0.001615875051356852,13,1.0,3446.592579,True,
LOCAL-v1-q3-fixed_negative_bias-5098,3,candidate,16,254.9359954375,0.0033232499845325947,16,1.0,4078.975927,True,
LOCAL-v1-q3-fixed_negative_bias-5099,3,candidate,13,274.61530946153846,0.0022204170236364007,13,1.0,3569.999023,True,
LOCAL-v1-q3-smooth_shared_field-5000,3,candidate,11,297.9567100909091,0.0017277500592172146,11,1.0,3277.523811,True,
LOCAL-v1-q3-smooth_shared_field-5001,3,candidate,14,251.4071982142857,0.002681500045582652,14,1.0,3519.700775,True,
LOCAL-v1-q3-smooth_shared_field-5002,3,candidate,15,238.4310607333333,0.00255483400542289,15,1.0,3576.465911,True,
LOCAL-v1-q3-smooth_shared_field-5003,3,candidate,11,313.55622754545453,0.0025372080272063613,11,1.0,3449.118503,True,
LOCAL-v1-q3-smooth_shared_field-5004,3,candidate,12,321.29597825,0.0016362499445676804,12,1.0,3855.551739,True,
LOCAL-v1-q3-smooth_shared_field-5005,3,candidate,11,320.2301447272727,0.0017073339549824595,11,1.0,3522.531592,True,
LOCAL-v1-q3-smooth_shared_field-5006,3,candidate,11,310.62304890909087,0.0017304170178249478,11,1.0,3416.853538,True,
LOCAL-v1-q3-smooth_shared_field-5007,3,candidate,11,327.071649,0.0014914170606061816,11,1.0,3597.788139,True,
LOCAL-v1-q3-smooth_shared_field-5008,3,candidate,10,362.7484834,0.0020210000220686197,10,1.0,3627.484834,True,
LOCAL-v1-q3-smooth_shared_field-5009,3,candidate,14,281.4039727857143,0.0023789580445736647,14,1.0,3939.655619,True,
LOCAL-v1-q3-smooth_shared_field-5010,3,candidate,12,272.34156383333334,0.002089707995764911,12,1.0,3268.098766,True,
LOCAL-v1-q3-smooth_shared_field-5011,3,candidate,15,282.1336342,0.00251295801717788,15,1.0,4232.004513,True,
LOCAL-v1-q3-smooth_shared_field-5012,3,candidate,10,353.5693748,0.0013373339315876365,10,1.0,3535.693748,True,
LOCAL-v1-q3-smooth_shared_field-5013,3,candidate,12,278.8751241666667,0.001950667006894946,12,1.0,3346.50149,True,
LOCAL-v1-q3-smooth_shared_field-5014,3,candidate,11,321.9079861818182,0.0016703329747542739,11,1.0,3540.987848,True,
LOCAL-v1-q3-smooth_shared_field-5015,3,candidate,12,294.6820646666667,0.002694374998100102,12,1.0,3536.184776,True,
LOCAL-v1-q3-smooth_shared_field-5016,3,candidate,16,271.3324536875,0.0027731250738725066,16,1.0,4341.319259,True,
LOCAL-v1-q3-smooth_shared_field-5017,3,candidate,15,289.38435506666667,0.0027057919651269913,15,1.0,4340.765326,True,
LOCAL-v1-q3-smooth_shared_field-5018,3,candidate,10,324.1737867,0.0013619159581139684,10,1.0,3241.737867,True,
LOCAL-v1-q3-smooth_shared_field-5019,3,candidate,11,345.96520463636364,0.0023440829245373607,11,1.0,3805.617251,True,
LOCAL-v1-q3-smooth_shared_field-5020,3,candidate,16,249.657170125,0.0024878339609131217,16,1.0,3994.514722,True,
LOCAL-v1-q3-smooth_shared_field-5021,3,candidate,14,243.2696072142857,0.0019520840141922235,14,1.0,3405.774501,True,
LOCAL-v1-q3-smooth_shared_field-5022,3,candidate,14,247.23162214285713,0.0026564999716356397,14,1.0,3461.24271,True,
LOCAL-v1-q3-smooth_shared_field-5023,3,candidate,15,292.72435913333334,0.0024826249573379755,15,1.0,4390.865387,True,
LOCAL-v1-q3-smooth_shared_field-5024,3,candidate,13,281.0020756153846,0.002105416962876916,13,1.0,3653.026983,True,
LOCAL-v1-q3-smooth_shared_field-5025,3,candidate,12,280.8419284166667,0.0018965419149026275,12,1.0,3370.103141,True,
LOCAL-v1-q3-smooth_shared_field-5026,3,candidate,15,241.44759853333335,0.0021442079450935125,15,1.0,3621.713978,True,
LOCAL-v1-q3-smooth_shared_field-5027,3,candidate,11,285.4206417272727,0.0015179159818217158,11,1.0,3139.627059,True,
LOCAL-v1-q3-smooth_shared_field-5028,3,candidate,10,362.6178597,0.0014165000757202506,10,1.0,3626.178597,True,
LOCAL-v1-q3-smooth_shared_field-5029,3,candidate,11,310.2501735454546,0.001499874982982874,11,1.0,3412.751909,True,
LOCAL-v1-q3-smooth_shared_field-5030,3,candidate,12,298.60536716666667,0.0018690420547500253,12,1.0,3583.264406,True,
LOCAL-v1-q3-smooth_shared_field-5031,3,candidate,15,244.2587662,0.003199666040018201,15,1.0,3663.881493,True,
LOCAL-v1-q3-smooth_shared_field-5032,3,candidate,11,321.48539627272726,0.0018778749508783221,11,1.0,3536.339359,True,
LOCAL-v1-q3-smooth_shared_field-5033,3,candidate,14,275.36197649999997,0.0024212499847635627,14,1.0,3855.067671,True,
LOCAL-v1-q3-smooth_shared_field-5034,3,candidate,16,224.9579075,0.0035522920079529285,16,1.0,3599.32652,True,
LOCAL-v1-q3-smooth_shared_field-5035,3,candidate,10,335.6646621,0.0013639579992741346,10,1.0,3356.646621,True,
LOCAL-v1-q3-smooth_shared_field-5036,3,candidate,15,230.5650384,0.002297708997502923,15,1.0,3458.475576,True,
LOCAL-v1-q3-smooth_shared_field-5037,3,candidate,15,261.6585954,0.002800749964080751,15,1.0,3924.878931,True,
LOCAL-v1-q3-smooth_shared_field-5038,3,candidate,16,259.458396,0.0033730000723153353,16,1.0,4151.334336,True,
LOCAL-v1-q3-smooth_shared_field-5039,3,candidate,10,349.29326460000004,0.0016994159668684006,10,1.0,3492.932646,True,
LOCAL-v1-q3-smooth_shared_field-5040,3,candidate,15,247.58934200000002,0.0027152920374646783,15,1.0,3713.84013,True,
LOCAL-v1-q3-smooth_shared_field-5041,3,candidate,15,268.6577486666667,0.002430833992548287,15,1.0,4029.86623,True,
LOCAL-v1-q3-smooth_shared_field-5042,3,candidate,11,305.3310667272727,0.0014234589179977775,11,1.0,3358.641734,True,
LOCAL-v1-q3-smooth_shared_field-5043,3,candidate,12,320.35522983333334,0.0022970830323174596,12,1.0,3844.262758,True,
LOCAL-v1-q3-smooth_shared_field-5044,3,candidate,11,329.5896829090909,0.00197516696061939,11,1.0,3625.486512,True,
LOCAL-v1-q3-smooth_shared_field-5045,3,candidate,11,320.1241863636364,0.002158457995392382,11,1.0,3521.36605,True,
LOCAL-v1-q3-smooth_shared_field-5046,3,candidate,10,348.4488127,0.0016721669817343354,10,1.0,3484.488127,True,
LOCAL-v1-q3-smooth_shared_field-5047,3,candidate,16,223.0588408125,0.0029872499871999025,16,1.0,3568.941453,True,
LOCAL-v1-q3-smooth_shared_field-5048,3,candidate,12,279.0617055,0.0024364159908145666,12,1.0,3348.740466,True,
LOCAL-v1-q3-smooth_shared_field-5049,3,candidate,10,331.5764458,0.001501374994404614,10,1.0,3315.764458,True,
LOCAL-v1-q3-smooth_shared_field-5050,3,candidate,15,259.04123553333335,0.0022231669863685966,15,1.0,3885.618533,True,
LOCAL-v1-q3-smooth_shared_field-5051,3,candidate,11,295.723217,0.0015001670690253377,11,1.0,3252.955387,True,
LOCAL-v1-q3-smooth_shared_field-5052,3,candidate,13,251.49479723076922,0.002128374995663762,13,1.0,3269.432364,True,
LOCAL-v1-q3-smooth_shared_field-5053,3,candidate,16,247.3498794375,0.002220374997705221,16,1.0,3957.598071,True,
LOCAL-v1-q3-smooth_shared_field-5054,3,candidate,16,262.9709789375,0.002478166949003935,16,1.0,4207.535663,True,
LOCAL-v1-q3-smooth_shared_field-5055,3,candidate,12,307.30090133333334,0.0022254580399021506,12,1.0,3687.610816,True,
LOCAL-v1-q3-smooth_shared_field-5056,3,candidate,13,270.44720192307693,0.002106499974615872,13,1.0,3515.813625,True,
LOCAL-v1-q3-smooth_shared_field-5057,3,candidate,13,281.8125863076923,0.0018424170557409525,13,1.0,3663.563622,True,
LOCAL-v1-q3-smooth_shared_field-5058,3,candidate,14,230.475288,0.002101917052641511,14,1.0,3226.654032,True,
LOCAL-v1-q3-smooth_shared_field-5059,3,candidate,12,292.2463999166667,0.002137457951903343,12,1.0,3506.956799,True,
LOCAL-v1-q3-smooth_shared_field-5060,3,candidate,11,321.6148469090909,0.002575624966993928,11,1.0,3537.763316,True,
LOCAL-v1-q3-smooth_shared_field-5061,3,candidate,13,265.84075607692307,0.0021567499497905374,13,1.0,3455.929829,True,
LOCAL-v1-q3-smooth_shared_field-5062,3,candidate,16,253.1526400625,0.002108165994286537,16,1.0,4050.442241,True,
LOCAL-v1-q3-smooth_shared_field-5063,3,candidate,15,270.6241028,0.0032159159891307354,15,1.0,4059.361542,True,
LOCAL-v1-q3-smooth_shared_field-5064,3,candidate,13,273.0784783846154,0.002112167072482407,13,1.0,3550.020219,True,
LOCAL-v1-q3-smooth_shared_field-5065,3,candidate,12,287.80315566666667,0.002148958039470017,12,1.0,3453.637868,True,
LOCAL-v1-q3-smooth_shared_field-5066,3,candidate,10,361.4664983,0.0016041669296100736,10,1.0,3614.664983,True,
LOCAL-v1-q3-smooth_shared_field-5067,3,candidate,16,251.9762165625,0.00308824994135648,16,1.0,4031.619465,True,
LOCAL-v1-q3-smooth_shared_field-5068,3,candidate,13,253.74157192307692,0.0018636250169947743,13,1.0,3298.640435,True,
LOCAL-v1-q3-smooth_shared_field-5069,3,candidate,14,285.2749939285714,0.003183583030477166,14,1.0,3993.849915,True,
LOCAL-v1-q3-smooth_shared_field-5070,3,candidate,12,317.097949,0.0020804579835385084,12,1.0,3805.175388,True,
LOCAL-v1-q3-smooth_shared_field-5071,3,candidate,12,300.6046576666667,0.0018297909991815686,12,1.0,3607.255892,True,
LOCAL-v1-q3-smooth_shared_field-5072,3,candidate,15,244.272199,0.0023715830175206065,15,1.0,3664.082985,True,
LOCAL-v1-q3-smooth_shared_field-5073,3,candidate,10,337.7520112,0.0022616670466959476,10,1.0,3377.520112,True,
LOCAL-v1-q3-smooth_shared_field-5074,3,candidate,16,222.631523875,0.0026361249620094895,16,1.0,3562.104382,True,
LOCAL-v1-q3-smooth_shared_field-5075,3,candidate,15,267.6156946666667,0.002825208008289337,15,1.0,4014.23542,True,
LOCAL-v1-q3-smooth_shared_field-5076,3,candidate,12,300.92172875,0.0024244170635938644,12,1.0,3611.060745,True,
LOCAL-v1-q3-smooth_shared_field-5077,3,candidate,14,282.26883507142855,0.002164207980968058,14,1.0,3951.763691,True,
LOCAL-v1-q3-smooth_shared_field-5078,3,candidate,13,313.0635873076923,0.0022783749736845493,13,1.0,4069.826635,True,
LOCAL-v1-q3-smooth_shared_field-5079,3,candidate,10,338.7109285,0.001497458084486425,10,1.0,3387.109285,True,
LOCAL-v1-q3-smooth_shared_field-5080,3,candidate,10,329.70114709999996,0.001716415979899466,10,1.0,3297.011471,True,
LOCAL-v1-q3-smooth_shared_field-5081,3,candidate,16,246.7998996875,0.002979417098686099,16,1.0,3948.798395,True,
LOCAL-v1-q3-smooth_shared_field-5082,3,candidate,13,251.15031776923075,0.0019788340432569385,13,1.0,3264.954131,True,
LOCAL-v1-q3-smooth_shared_field-5083,3,candidate,13,282.63658423076924,0.002733000088483095,13,1.0,3674.275595,True,
LOCAL-v1-q3-smooth_shared_field-5084,3,candidate,14,304.2430599285714,0.002245208015665412,14,1.0,4259.402839,True,
LOCAL-v1-q3-smooth_shared_field-5085,3,candidate,15,268.38976046666664,0.0028214999474585056,15,1.0,4025.846407,True,
LOCAL-v1-q3-smooth_shared_field-5086,3,candidate,12,296.02773666666667,0.0017900000093504786,12,1.0,3552.33284,True,
LOCAL-v1-q3-smooth_shared_field-5087,3,candidate,13,237.69931146153846,0.0021865000016987324,13,1.0,3090.091049,True,
LOCAL-v1-q3-smooth_shared_field-5088,3,candidate,16,213.54271875,0.002710541943088174,16,1.0,3416.6835,True,
LOCAL-v1-q3-smooth_shared_field-5089,3,candidate,15,259.66375873333334,0.0026979170506820083,15,1.0,3894.956381,True,
LOCAL-v1-q3-smooth_shared_field-5090,3,candidate,14,257.3960895714286,0.004321124986745417,14,1.0,3603.545254,True,
LOCAL-v1-q3-smooth_shared_field-5091,3,candidate,12,304.883618,0.0018704580143094063,12,1.0,3658.603416,True,
LOCAL-v1-q3-smooth_shared_field-5092,3,candidate,11,323.18521236363637,0.002446708967909217,11,1.0,3555.037336,True,
LOCAL-v1-q3-smooth_shared_field-5093,3,candidate,15,224.2205164,0.0027091660303995013,15,1.0,3363.307746,True,
LOCAL-v1-q3-smooth_shared_field-5094,3,candidate,11,300.46223336363636,0.001578790950588882,11,1.0,3305.084567,True,
LOCAL-v1-q3-smooth_shared_field-5095,3,candidate,10,315.88064399999996,0.001644834061153233,10,1.0,3158.80644,True,
LOCAL-v1-q3-smooth_shared_field-5096,3,candidate,14,279.78072257142856,0.0022187080467119813,14,1.0,3916.930116,True,
LOCAL-v1-q3-smooth_shared_field-5097,3,candidate,13,267.9047266923077,0.0020745840156450868,13,1.0,3482.761447,True,
LOCAL-v1-q3-smooth_shared_field-5098,3,candidate,16,256.71537,0.003195290919393301,16,1.0,4107.44592,True,
LOCAL-v1-q3-smooth_shared_field-5099,3,candidate,13,274.5267723846154,0.0022379159927368164,13,1.0,3568.848041,True,
LOCAL-v1-q3-cell50_shared_field-5000,3,candidate,11,313.48495845454545,0.0020031669409945607,11,1.0,3448.334543,True,
LOCAL-v1-q3-cell50_shared_field-5001,3,candidate,14,274.39047735714286,0.002655707998201251,14,1.0,3841.466683,True,
LOCAL-v1-q3-cell50_shared_field-5002,3,candidate,15,244.47945626666666,0.002919625025242567,15,1.0,3667.191844,True,
LOCAL-v1-q3-cell50_shared_field-5003,3,candidate,11,326.16060554545453,0.0024096249835565686,11,1.0,3587.766661,True,
LOCAL-v1-q3-cell50_shared_field-5004,3,candidate,12,317.0077665833333,0.0019284170120954514,12,1.0,3804.093199,True,
LOCAL-v1-q3-cell50_shared_field-5005,3,candidate,11,319.9609132727273,0.0017365829553455114,11,1.0,3519.570046,True,
LOCAL-v1-q3-cell50_shared_field-5006,3,candidate,11,311.0929080909091,0.0018278340576216578,11,1.0,3422.021989,True,
LOCAL-v1-q3-cell50_shared_field-5007,3,candidate,11,321.3124189090909,0.0013829999370500445,11,1.0,3534.436608,True,
LOCAL-v1-q3-cell50_shared_field-5008,3,candidate,10,356.4878907,0.002146832994185388,10,1.0,3564.878907,True,
LOCAL-v1-q3-cell50_shared_field-5009,3,candidate,14,281.3740377142857,0.0022259579272940755,14,1.0,3939.236528,True,
LOCAL-v1-q3-cell50_shared_field-5010,3,candidate,12,262.33529275,0.002012416021898389,12,1.0,3148.023513,True,
LOCAL-v1-q3-cell50_shared_field-5011,3,candidate,15,285.25425,0.002638750011101365,15,1.0,4278.81375,True,
LOCAL-v1-q3-cell50_shared_field-5012,3,candidate,10,353.6723194,0.001408125041052699,10,1.0,3536.723194,True,
LOCAL-v1-q3-cell50_shared_field-5013,3,candidate,12,282.3430118333333,0.0020609169732779264,12,1.0,3388.116142,True,
LOCAL-v1-q3-cell50_shared_field-5014,3,candidate,11,318.93632936363633,0.0018413329962641,11,1.0,3508.299623,True,
LOCAL-v1-q3-cell50_shared_field-5015,3,candidate,12,296.43667258333335,0.002644459018483758,12,1.0,3557.240071,True,
LOCAL-v1-q3-cell50_shared_field-5016,3,candidate,16,272.3088889375,0.002750458079390228,16,1.0,4356.942223,True,
LOCAL-v1-q3-cell50_shared_field-5017,3,candidate,15,241.83417826666667,0.0025362500455230474,15,1.0,3627.512674,True,
LOCAL-v1-q3-cell50_shared_field-5018,3,candidate,10,326.1475105,0.0014176249969750643,10,1.0,3261.475105,True,
LOCAL-v1-q3-cell50_shared_field-5019,3,candidate,11,337.9350009090909,0.0022131659789010882,11,1.0,3717.28501,True,
LOCAL-v1-q3-cell50_shared_field-5020,3,candidate,16,251.26185125,0.0025593331083655357,16,1.0,4020.18962,True,
LOCAL-v1-q3-cell50_shared_field-5021,3,candidate,14,243.095083,0.0019719579722732306,14,1.0,3403.331162,True,
LOCAL-v1-q3-cell50_shared_field-5022,3,candidate,14,249.8606785,0.002881458029150963,14,1.0,3498.049499,True,
LOCAL-v1-q3-cell50_shared_field-5023,3,candidate,15,239.0006122,0.00281408301088959,15,1.0,3585.009183,True,
LOCAL-v1-q3-cell50_shared_field-5024,3,candidate,13,286.1019576923077,0.0017600000137463212,13,1.0,3719.32545,True,
LOCAL-v1-q3-cell50_shared_field-5025,3,candidate,12,286.3194604166667,0.0021649999544024467,12,1.0,3435.833525,True,
LOCAL-v1-q3-cell50_shared_field-5026,3,candidate,15,243.90930466666666,0.002223583054728806,15,1.0,3658.63957,True,
LOCAL-v1-q3-cell50_shared_field-5027,3,candidate,11,288.6076003636363,0.0015331250615417957,11,1.0,3174.683604,True,
LOCAL-v1-q3-cell50_shared_field-5028,3,candidate,10,364.6602664,0.0015037910779938102,10,1.0,3646.602664,True,
LOCAL-v1-q3-cell50_shared_field-5029,3,candidate,11,312.7679910909091,0.0015547079965472221,11,1.0,3440.447902,True,
LOCAL-v1-q3-cell50_shared_field-5030,3,candidate,12,308.18435933333336,0.002105708932504058,12,1.0,3698.212312,True,
LOCAL-v1-q3-cell50_shared_field-5031,3,candidate,15,250.96942053333333,0.002898584003560245,15,1.0,3764.541308,True,
LOCAL-v1-q3-cell50_shared_field-5032,3,candidate,11,320.2986624545455,0.0018312500324100256,11,1.0,3523.285287,True,
LOCAL-v1-q3-cell50_shared_field-5033,3,candidate,14,266.80409185714285,0.0023569579934701324,14,1.0,3735.257286,True,
LOCAL-v1-q3-cell50_shared_field-5034,3,candidate,16,220.80298625,0.0036377920769155025,16,1.0,3532.84778,True,
LOCAL-v1-q3-cell50_shared_field-5035,3,candidate,10,335.6303624,0.0015176250599324703,10,1.0,3356.303624,True,
LOCAL-v1-q3-cell50_shared_field-5036,3,candidate,15,228.82953873333332,0.0026519999373704195,15,1.0,3432.443081,True,
LOCAL-v1-q3-cell50_shared_field-5037,3,candidate,15,271.08725526666666,0.00347595801576972,15,1.0,4066.308829,True,
LOCAL-v1-q3-cell50_shared_field-5038,3,candidate,16,273.5466739375,0.003294499940238893,16,1.0,4376.746783,True,
LOCAL-v1-q3-cell50_shared_field-5039,3,candidate,10,343.05320040000004,0.002093916991725564,10,1.0,3430.532004,True,
LOCAL-v1-q3-cell50_shared_field-5040,3,candidate,15,249.88387806666665,0.0027725829277187586,15,1.0,3748.258171,True,
LOCAL-v1-q3-cell50_shared_field-5041,3,candidate,15,252.73365026666667,0.0022250839974731207,15,1.0,3791.004754,True,
LOCAL-v1-q3-cell50_shared_field-5042,3,candidate,11,306.5482710909091,0.0013915839372202754,11,1.0,3372.030982,True,
LOCAL-v1-q3-cell50_shared_field-5043,3,candidate,12,320.82419625,0.0026617500698193908,12,1.0,3849.890355,True,
LOCAL-v1-q3-cell50_shared_field-5044,3,candidate,11,345.22963663636364,0.0015277910279110074,11,1.0,3797.526003,True,
LOCAL-v1-q3-cell50_shared_field-5045,3,candidate,11,309.044456,0.0017201669979840517,11,1.0,3399.489016,True,
LOCAL-v1-q3-cell50_shared_field-5046,3,candidate,10,356.660414,0.0017407919513061643,10,1.0,3566.60414,True,
LOCAL-v1-q3-cell50_shared_field-5047,3,candidate,16,225.71472475,0.0033638750901445746,16,1.0,3611.435596,True,
LOCAL-v1-q3-cell50_shared_field-5048,3,candidate,12,280.1681076666667,0.0020075420616194606,12,1.0,3362.017292,True,
LOCAL-v1-q3-cell50_shared_field-5049,3,candidate,10,331.9970664,0.00174641702324152,10,1.0,3319.970664,True,
LOCAL-v1-q3-cell50_shared_field-5050,3,candidate,15,259.1791734,0.00246045901440084,15,1.0,3887.687601,True,
LOCAL-v1-q3-cell50_shared_field-5051,3,candidate,11,294.77294527272727,0.0014724170323461294,11,1.0,3242.502398,True,
LOCAL-v1-q3-cell50_shared_field-5052,3,candidate,13,256.3184702307692,0.0021014170488342643,13,1.0,3332.140113,True,
LOCAL-v1-q3-cell50_shared_field-5053,3,candidate,16,245.8288373125,0.0022057919995859265,16,1.0,3933.261397,True,
LOCAL-v1-q3-cell50_shared_field-5054,3,candidate,16,259.6880068125,0.0030797909712418914,16,1.0,4155.008109,True,
LOCAL-v1-q3-cell50_shared_field-5055,3,candidate,12,324.10859108333335,0.0021306659327819943,12,1.0,3889.303093,True,
LOCAL-v1-q3-cell50_shared_field-5056,3,candidate,13,270.07199776923073,0.0020363329676911235,13,1.0,3510.935971,True,
LOCAL-v1-q3-cell50_shared_field-5057,3,candidate,13,266.7421380769231,0.0018258750205859542,13,1.0,3467.647795,True,
LOCAL-v1-q3-cell50_shared_field-5058,3,candidate,14,256.6821450714286,0.0026427910197526217,14,1.0,3593.550031,True,
LOCAL-v1-q3-cell50_shared_field-5059,3,candidate,12,279.7733085,0.0018992500845342875,12,1.0,3357.279702,True,
LOCAL-v1-q3-cell50_shared_field-5060,3,candidate,11,319.244214,0.0021630830597132444,11,1.0,3511.686354,True,
LOCAL-v1-q3-cell50_shared_field-5061,3,candidate,13,266.662188,0.0025421250611543655,13,1.0,3466.608444,True,
LOCAL-v1-q3-cell50_shared_field-5062,3,candidate,16,254.2211813125,0.002074875053949654,16,1.0,4067.538901,True,
LOCAL-v1-q3-cell50_shared_field-5063,3,candidate,15,262.0811108,0.0026408329140394926,15,1.0,3931.216662,True,
LOCAL-v1-q3-cell50_shared_field-5064,3,candidate,13,269.7930593076923,0.001957500004209578,13,1.0,3507.309771,True,
LOCAL-v1-q3-cell50_shared_field-5065,3,candidate,12,284.92955333333333,0.001977666048333049,12,1.0,3419.15464,True,
LOCAL-v1-q3-cell50_shared_field-5066,3,candidate,10,350.2826875,0.0015667499974370003,10,1.0,3502.826875,True,
LOCAL-v1-q3-cell50_shared_field-5067,3,candidate,16,253.036951375,0.003172083990648389,16,1.0,4048.591222,True,
LOCAL-v1-q3-cell50_shared_field-5068,3,candidate,13,261.74918123076924,0.002321166917681694,13,1.0,3402.739356,True,
LOCAL-v1-q3-cell50_shared_field-5069,3,candidate,14,281.1528565714286,0.003274833085015416,14,1.0,3936.139992,True,
LOCAL-v1-q3-cell50_shared_field-5070,3,candidate,12,313.77837508333334,0.002193166990764439,12,1.0,3765.340501,True,
LOCAL-v1-q3-cell50_shared_field-5071,3,candidate,12,333.53580708333334,0.0019533330341801047,12,1.0,4002.429685,True,
LOCAL-v1-q3-cell50_shared_field-5072,3,candidate,15,239.9117032,0.0029028330463916063,15,1.0,3598.675548,True,
LOCAL-v1-q3-cell50_shared_field-5073,3,candidate,10,357.78891050000004,0.00212004198692739,10,1.0,3577.889105,True,
LOCAL-v1-q3-cell50_shared_field-5074,3,candidate,16,236.7310503125,0.0028552499134093523,16,1.0,3787.696805,True,
LOCAL-v1-q3-cell50_shared_field-5075,3,candidate,15,258.52155466666665,0.0031647919677197933,15,1.0,3877.82332,True,
LOCAL-v1-q3-cell50_shared_field-5076,3,candidate,12,302.31070900000003,0.002491416991688311,12,1.0,3627.728508,True,
LOCAL-v1-q3-cell50_shared_field-5077,3,candidate,14,298.4906675714286,0.0023025829577818513,14,1.0,4178.869346,True,
LOCAL-v1-q3-cell50_shared_field-5078,3,candidate,13,271.4392392307692,0.002654584008269012,13,1.0,3528.71011,True,
LOCAL-v1-q3-cell50_shared_field-5079,3,candidate,10,335.9962429,0.0019920830382034183,10,1.0,3359.962429,True,
LOCAL-v1-q3-cell50_shared_field-5080,3,candidate,10,322.4025405,0.0014498339733108878,10,1.0,3224.025405,True,
LOCAL-v1-q3-cell50_shared_field-5081,3,candidate,16,269.2111865625,0.003478792030364275,16,1.0,4307.378985,True,
LOCAL-v1-q3-cell50_shared_field-5082,3,candidate,13,250.86956815384613,0.0018264169339090586,13,1.0,3261.304386,True,
LOCAL-v1-q3-cell50_shared_field-5083,3,candidate,13,299.02138638461537,0.0019562500528991222,13,1.0,3887.278023,True,
LOCAL-v1-q3-cell50_shared_field-5084,3,candidate,14,329.7432877142857,0.002812208025716245,14,1.0,4616.406028,True,
LOCAL-v1-q3-cell50_shared_field-5085,3,candidate,15,264.9873311333333,0.0028873750707134604,15,1.0,3974.809967,True,
LOCAL-v1-q3-cell50_shared_field-5086,3,candidate,12,295.10769783333336,0.0021570419194176793,12,1.0,3541.292374,True,
LOCAL-v1-q3-cell50_shared_field-5087,3,candidate,13,242.78339438461538,0.006843292037956417,13,1.0,3156.184127,True,
LOCAL-v1-q3-cell50_shared_field-5088,3,candidate,16,235.2515583125,0.0059183749835938215,16,1.0,3764.024933,True,
LOCAL-v1-q3-cell50_shared_field-5089,3,candidate,15,271.53593440000003,0.005512916017323732,15,1.0,4073.039016,True,
LOCAL-v1-q3-cell50_shared_field-5090,3,candidate,14,260.66294764285715,0.0032417080365121365,14,1.0,3649.281267,True,
LOCAL-v1-q3-cell50_shared_field-5091,3,candidate,12,294.6976671666667,0.0017524169525131583,12,1.0,3536.372006,True,
LOCAL-v1-q3-cell50_shared_field-5092,3,candidate,11,304.5358811818182,0.0021654580486938357,11,1.0,3349.894693,True,
LOCAL-v1-q3-cell50_shared_field-5093,3,candidate,15,238.52626933333335,0.002507624914869666,15,1.0,3577.89404,True,
LOCAL-v1-q3-cell50_shared_field-5094,3,candidate,11,307.80717136363637,0.0017696249997243285,11,1.0,3385.878885,True,
LOCAL-v1-q3-cell50_shared_field-5095,3,candidate,10,311.9275255,0.0016540420474484563,10,1.0,3119.275255,True,
LOCAL-v1-q3-cell50_shared_field-5096,3,candidate,14,280.6789922142857,0.0026474170153960586,14,1.0,3929.505891,True,
LOCAL-v1-q3-cell50_shared_field-5097,3,candidate,13,267.18947815384615,0.0022704170551151037,13,1.0,3473.463216,True,
LOCAL-v1-q3-cell50_shared_field-5098,3,candidate,16,252.1062728125,0.00299537496175617,16,1.0,4033.700365,True,
LOCAL-v1-q3-cell50_shared_field-5099,3,candidate,13,275.5620830769231,0.002297499915584922,13,1.0,3582.30708,True,
LOCAL-v1-q3-cell500_shared_field-5000,3,candidate,11,303.90394036363637,0.0020601670257747173,11,1.0,3342.943344,True,
LOCAL-v1-q3-cell500_shared_field-5001,3,candidate,14,273.5845905,0.002564250025898218,14,1.0,3830.184267,True,
LOCAL-v1-q3-cell500_shared_field-5002,3,candidate,15,241.45897926666666,0.0028207499999552965,15,1.0,3621.884689,True,
LOCAL-v1-q3-cell500_shared_field-5003,3,candidate,11,324.93877236363636,0.001896291971206665,11,1.0,3574.326496,True,
LOCAL-v1-q3-cell500_shared_field-5004,3,candidate,12,320.72964966666666,0.002389291999861598,12,1.0,3848.755796,True,
LOCAL-v1-q3-cell500_shared_field-5005,3,candidate,11,317.3741720909091,0.001670417026616633,11,1.0,3491.115893,True,
LOCAL-v1-q3-cell500_shared_field-5006,3,candidate,11,312.0628562727273,0.001799624995328486,11,1.0,3432.691419,True,
LOCAL-v1-q3-cell500_shared_field-5007,3,candidate,11,322.37868245454547,0.001473416923545301,11,1.0,3546.165507,True,
LOCAL-v1-q3-cell500_shared_field-5008,3,candidate,10,379.329873,0.0022504579974338412,10,1.0,3793.29873,True,
LOCAL-v1-q3-cell500_shared_field-5009,3,candidate,14,279.24909107142855,0.0021769580198451877,14,1.0,3909.487275,True,
LOCAL-v1-q3-cell500_shared_field-5010,3,candidate,12,260.938667,0.0019960839999839664,12,1.0,3131.264004,True,
LOCAL-v1-q3-cell500_shared_field-5011,3,candidate,15,285.49015806666665,0.0024117500288411975,15,1.0,4282.352371,True,
LOCAL-v1-q3-cell500_shared_field-5012,3,candidate,10,352.0995689,0.0013628749875351787,10,1.0,3520.995689,True,
LOCAL-v1-q3-cell500_shared_field-5013,3,candidate,12,286.03651025,0.002056540921330452,12,1.0,3432.438123,True,
LOCAL-v1-q3-cell500_shared_field-5014,3,candidate,11,322.9385146363636,0.0018118750303983688,11,1.0,3552.323661,True,
LOCAL-v1-q3-cell500_shared_field-5015,3,candidate,12,299.30813758333335,0.0024282910162582994,12,1.0,3591.697651,True,
LOCAL-v1-q3-cell500_shared_field-5016,3,candidate,16,271.914817125,0.0029834590386599302,16,1.0,4350.637074,True,
LOCAL-v1-q3-cell500_shared_field-5017,3,candidate,15,241.6727658,0.0027701660292223096,15,1.0,3625.091487,True,
LOCAL-v1-q3-cell500_shared_field-5018,3,candidate,10,323.3598288,0.0012789999600499868,10,1.0,3233.598288,True,
LOCAL-v1-q3-cell500_shared_field-5019,3,candidate,11,349.9617840909091,0.0020815000170841813,11,1.0,3849.579625,True,
LOCAL-v1-q3-cell500_shared_field-5020,3,candidate,16,251.4239605625,0.002707708044908941,16,1.0,4022.783369,True,
LOCAL-v1-q3-cell500_shared_field-5021,3,candidate,14,243.0703875714286,0.0019293330842629075,14,1.0,3402.985426,True,
LOCAL-v1-q3-cell500_shared_field-5022,3,candidate,14,247.29993757142856,0.0025538329500705004,14,1.0,3462.199126,True,
LOCAL-v1-q3-cell500_shared_field-5023,3,candidate,15,254.81309826666666,0.0026442090747877955,15,1.0,3822.196474,True,
LOCAL-v1-q3-cell500_shared_field-5024,3,candidate,13,283.69019846153844,0.0017120830016210675,13,1.0,3687.97258,True,
LOCAL-v1-q3-cell500_shared_field-5025,3,candidate,12,287.29303383333337,0.0021313329925760627,12,1.0,3447.516406,True,
LOCAL-v1-q3-cell500_shared_field-5026,3,candidate,15,243.44771926666667,0.0020667080534622073,15,1.0,3651.715789,True,
LOCAL-v1-q3-cell500_shared_field-5027,3,candidate,11,282.927588,0.0014575839741155505,11,1.0,3112.203468,True,
LOCAL-v1-q3-cell500_shared_field-5028,3,candidate,10,360.6305344,0.0014572920044884086,10,1.0,3606.305344,True,
LOCAL-v1-q3-cell500_shared_field-5029,3,candidate,11,309.8848989090909,0.0014662500470876694,11,1.0,3408.733888,True,
LOCAL-v1-q3-cell500_shared_field-5030,3,candidate,12,299.27420775,0.001723207999020815,12,1.0,3591.290493,True,
LOCAL-v1-q3-cell500_shared_field-5031,3,candidate,15,256.5321785333333,0.0029320409521460533,15,1.0,3847.982678,True,
LOCAL-v1-q3-cell500_shared_field-5032,3,candidate,11,322.32309527272724,0.0019695829832926393,11,1.0,3545.554048,True,
LOCAL-v1-q3-cell500_shared_field-5033,3,candidate,14,266.2579062857143,0.0023698339937254786,14,1.0,3727.610688,True,
LOCAL-v1-q3-cell500_shared_field-5034,3,candidate,16,222.994036125,0.003165584057569504,16,1.0,3567.904578,True,
LOCAL-v1-q3-cell500_shared_field-5035,3,candidate,10,340.0692503,0.001467666937969625,10,1.0,3400.692503,True,
LOCAL-v1-q3-cell500_shared_field-5036,3,candidate,15,246.12432933333332,0.00250475003849715,15,1.0,3691.86494,True,
LOCAL-v1-q3-cell500_shared_field-5037,3,candidate,15,269.3046062,0.002866750000976026,15,1.0,4039.569093,True,
LOCAL-v1-q3-cell500_shared_field-5038,3,candidate,16,249.5992885,0.0033003330463543534,16,1.0,3993.588616,True,
LOCAL-v1-q3-cell500_shared_field-5039,3,candidate,10,343.39462749999996,0.001681750058196485,10,1.0,3433.946275,True,
LOCAL-v1-q3-cell500_shared_field-5040,3,candidate,15,248.290259,0.002773333922959864,15,1.0,3724.353885,True,
LOCAL-v1-q3-cell500_shared_field-5041,3,candidate,15,254.14850926666668,0.002340500010177493,15,1.0,3812.227639,True,
LOCAL-v1-q3-cell500_shared_field-5042,3,candidate,11,305.184846,0.0013925419189035892,11,1.0,3357.033306,True,
LOCAL-v1-q3-cell500_shared_field-5043,3,candidate,12,322.57989308333333,0.002430375083349645,12,1.0,3870.958717,True,
LOCAL-v1-q3-cell500_shared_field-5044,3,candidate,11,343.29411363636365,0.0015353329945355654,11,1.0,3776.23525,True,
LOCAL-v1-q3-cell500_shared_field-5045,3,candidate,11,312.65097181818186,0.0019602919928729534,11,1.0,3439.16069,True,
LOCAL-v1-q3-cell500_shared_field-5046,3,candidate,10,345.5771967,0.001730874995701015,10,1.0,3455.771967,True,
LOCAL-v1-q3-cell500_shared_field-5047,3,candidate,16,222.025601125,0.0027885419549420476,16,1.0,3552.409618,True,
LOCAL-v1-q3-cell500_shared_field-5048,3,candidate,12,281.00599808333334,0.0022062920033931732,12,1.0,3372.071977,True,
LOCAL-v1-q3-cell500_shared_field-5049,3,candidate,10,319.1247671,0.001518749981187284,10,1.0,3191.247671,True,
LOCAL-v1-q3-cell500_shared_field-5050,3,candidate,15,240.5985922,0.0023359160404652357,15,1.0,3608.978883,True,
LOCAL-v1-q3-cell500_shared_field-5051,3,candidate,11,297.0473926363636,0.0014147500041872263,11,1.0,3267.521319,True,
LOCAL-v1-q3-cell500_shared_field-5052,3,candidate,13,255.35562246153845,0.0019938329933211207,13,1.0,3319.623092,True,
LOCAL-v1-q3-cell500_shared_field-5053,3,candidate,16,248.838258375,0.002503375057131052,16,1.0,3981.412134,True,
LOCAL-v1-q3-cell500_shared_field-5054,3,candidate,16,257.5139744375,0.0026795410085469484,16,1.0,4120.223591,True,
LOCAL-v1-q3-cell500_shared_field-5055,3,candidate,12,320.89450508333334,0.0020279159070923924,12,1.0,3850.734061,True,
LOCAL-v1-q3-cell500_shared_field-5056,3,candidate,13,282.56463192307694,0.002621459076181054,13,1.0,3673.340215,True,
LOCAL-v1-q3-cell500_shared_field-5057,3,candidate,13,266.63726415384616,0.0016613340703770518,13,1.0,3466.284434,True,
LOCAL-v1-q3-cell500_shared_field-5058,3,candidate,14,255.9971067857143,0.0021686659893020988,14,1.0,3583.959495,True,
LOCAL-v1-q3-cell500_shared_field-5059,3,candidate,12,294.8275815,0.0018415829399600625,12,1.0,3537.930978,True,
LOCAL-v1-q3-cell500_shared_field-5060,3,candidate,11,318.9081228181818,0.002720499993301928,11,1.0,3507.989351,True,
LOCAL-v1-q3-cell500_shared_field-5061,3,candidate,13,266.72748292307693,0.0022553749149665236,13,1.0,3467.457278,True,
LOCAL-v1-q3-cell500_shared_field-5062,3,candidate,16,251.2942075,0.0020677499705925584,16,1.0,4020.70732,True,
LOCAL-v1-q3-cell500_shared_field-5063,3,candidate,15,265.14238366666666,0.0031504579819738865,15,1.0,3977.135755,True,
LOCAL-v1-q3-cell500_shared_field-5064,3,candidate,13,275.28619076923076,0.0021839580731466413,13,1.0,3578.72048,True,
LOCAL-v1-q3-cell500_shared_field-5065,3,candidate,12,287.17585241666666,0.0017905000131577253,12,1.0,3446.110229,True,
LOCAL-v1-q3-cell500_shared_field-5066,3,candidate,10,345.90711,0.0013667501043528318,10,1.0,3459.0711,True,
LOCAL-v1-q3-cell500_shared_field-5067,3,candidate,16,246.1151041875,0.003284791950136423,16,1.0,3937.841667,True,
LOCAL-v1-q3-cell500_shared_field-5068,3,candidate,13,246.2482326923077,0.0022655409993603826,13,1.0,3201.227025,True,
LOCAL-v1-q3-cell500_shared_field-5069,3,candidate,14,274.0664832142857,0.0030963749159127474,14,1.0,3836.930765,True,
LOCAL-v1-q3-cell500_shared_field-5070,3,candidate,12,313.84727741666666,0.0027556250570341945,12,1.0,3766.167329,True,
LOCAL-v1-q3-cell500_shared_field-5071,3,candidate,12,332.65321475,0.0019182920223101974,12,1.0,3991.838577,True,
LOCAL-v1-q3-cell500_shared_field-5072,3,candidate,15,243.42376066666665,0.0028254169737920165,15,1.0,3651.35641,True,
LOCAL-v1-q3-cell500_shared_field-5073,3,candidate,10,356.5424919,0.0023694579722359776,10,1.0,3565.424919,True,
LOCAL-v1-q3-cell500_shared_field-5074,3,candidate,16,236.222195125,0.002874750061891973,16,1.0,3779.555122,True,
LOCAL-v1-q3-cell500_shared_field-5075,3,candidate,15,260.18135373333337,0.002884416957385838,15,1.0,3902.720306,True,
LOCAL-v1-q3-cell500_shared_field-5076,3,candidate,12,298.67298866666664,0.002726042061112821,12,1.0,3584.075864,True,
LOCAL-v1-q3-cell500_shared_field-5077,3,candidate,14,297.5716195,0.0023813750594854355,14,1.0,4166.002673,True,
LOCAL-v1-q3-cell500_shared_field-5078,3,candidate,13,269.11426753846155,0.0023870409931987524,13,1.0,3498.485478,True,
LOCAL-v1-q3-cell500_shared_field-5079,3,candidate,10,328.77771229999996,0.0018948750803247094,10,1.0,3287.777123,True,
LOCAL-v1-q3-cell500_shared_field-5080,3,candidate,10,330.7651386,0.0017404579557478428,10,1.0,3307.651386,True,
LOCAL-v1-q3-cell500_shared_field-5081,3,candidate,16,266.9465531875,0.0029234589310362935,16,1.0,4271.144851,True,
LOCAL-v1-q3-cell500_shared_field-5082,3,candidate,13,244.57984776923075,0.0017699579475447536,13,1.0,3179.538021,True,
LOCAL-v1-q3-cell500_shared_field-5083,3,candidate,13,298.22514092307694,0.0025102500803768635,13,1.0,3876.926832,True,
LOCAL-v1-q3-cell500_shared_field-5084,3,candidate,14,326.74906864285714,0.0025912499986588955,14,1.0,4574.486961,True,
LOCAL-v1-q3-cell500_shared_field-5085,3,candidate,15,264.1645676,0.002632874995470047,15,1.0,3962.468514,True,
LOCAL-v1-q3-cell500_shared_field-5086,3,candidate,12,292.60450175,0.002052167081274092,12,1.0,3511.254021,True,
LOCAL-v1-q3-cell500_shared_field-5087,3,candidate,13,242.55470276923077,0.0022761250147596,13,1.0,3153.211136,True,
LOCAL-v1-q3-cell500_shared_field-5088,3,candidate,16,215.462461125,0.0026058750227093697,16,1.0,3447.399378,True,
LOCAL-v1-q3-cell500_shared_field-5089,3,candidate,15,267.6069940666667,0.0026050000451505184,15,1.0,4014.104911,True,
LOCAL-v1-q3-cell500_shared_field-5090,3,candidate,14,257.48572,0.002906041918322444,14,1.0,3604.80008,True,
LOCAL-v1-q3-cell500_shared_field-5091,3,candidate,12,302.7723378333333,0.001642750110477209,12,1.0,3633.268054,True,
LOCAL-v1-q3-cell500_shared_field-5092,3,candidate,11,309.82621754545454,0.002395833027549088,11,1.0,3408.088393,True,
LOCAL-v1-q3-cell500_shared_field-5093,3,candidate,15,220.86413713333334,0.002186375088058412,15,1.0,3312.962057,True,
LOCAL-v1-q3-cell500_shared_field-5094,3,candidate,11,309.7142733636364,0.0017874999903142452,11,1.0,3406.857007,True,
LOCAL-v1-q3-cell500_shared_field-5095,3,candidate,10,311.7068144,0.0016395830316469073,10,1.0,3117.068144,True,
LOCAL-v1-q3-cell500_shared_field-5096,3,candidate,14,291.70094907142857,0.0022398330038413405,14,1.0,4083.813287,True,
LOCAL-v1-q3-cell500_shared_field-5097,3,candidate,13,263.24142315384614,0.001810958026908338,13,1.0,3422.138501,True,
LOCAL-v1-q3-cell500_shared_field-5098,3,candidate,16,249.183687125,0.0029449999565258622,16,1.0,3986.938994,True,
LOCAL-v1-q3-cell500_shared_field-5099,3,candidate,13,276.65064446153843,0.0022480000043287873,13,1.0,3596.458378,True,
LOCAL-v1-q3-edge_mixed_min_radius-5000,3,candidate,11,343.2985330909091,0.001424957998096943,11,1.0,3776.283864,True,
LOCAL-v1-q3-edge_mixed_min_radius-5001,3,candidate,14,252.05774357142857,0.001837208983488381,14,1.0,3528.80841,True,
LOCAL-v1-q3-edge_mixed_min_radius-5002,3,candidate,15,274.25380986666664,0.0021157499868422747,15,1.0,4113.807148,True,
LOCAL-v1-q3-edge_mixed_min_radius-5003,3,candidate,11,368.17123536363636,0.001241791993379593,11,1.0,4049.883589,True,
LOCAL-v1-q3-edge_mixed_min_radius-5004,3,candidate,12,291.38874925,0.0013190829195082188,12,1.0,3496.664991,True,
LOCAL-v1-q3-edge_mixed_min_radius-5005,3,candidate,11,381.6825669090909,0.001269291969947517,11,1.0,4198.508236,True,
LOCAL-v1-q3-edge_mixed_min_radius-5006,3,candidate,11,301.0331698181818,0.0014693329576402903,11,1.0,3311.364868,True,
LOCAL-v1-q3-edge_mixed_min_radius-5007,3,candidate,11,302.975107,0.0013330000219866633,11,1.0,3332.726177,True,
LOCAL-v1-q3-edge_mixed_min_radius-5008,3,candidate,10,425.5643812,0.0014200829900801182,10,1.0,4255.643812,True,
LOCAL-v1-q3-edge_mixed_min_radius-5009,3,candidate,14,261.8672287142857,0.0017270419048145413,14,1.0,3666.141202,True,
LOCAL-v1-q3-edge_mixed_min_radius-5010,3,candidate,12,346.5146155,0.0014062500558793545,12,1.0,4158.175386,True,
LOCAL-v1-q3-edge_mixed_min_radius-5011,3,candidate,15,284.4838866666667,0.0021039999555796385,15,1.0,4267.2583,True,
LOCAL-v1-q3-edge_mixed_min_radius-5012,3,candidate,10,318.9448132,0.001302334014326334,10,1.0,3189.448132,True,
LOCAL-v1-q3-edge_mixed_min_radius-5013,3,candidate,12,317.93790233333334,0.0015645410167053342,12,1.0,3815.254828,True,
LOCAL-v1-q3-edge_mixed_min_radius-5014,3,candidate,11,368.7332819090909,0.0012952920515090227,11,1.0,4056.066101,True,
LOCAL-v1-q3-edge_mixed_min_radius-5015,3,candidate,12,288.74158558333335,0.001509374938905239,12,1.0,3464.899027,True,
LOCAL-v1-q3-edge_mixed_min_radius-5016,3,candidate,16,225.220681875,0.002426041988655925,16,1.0,3603.53091,True,
LOCAL-v1-q3-edge_mixed_min_radius-5017,3,candidate,15,274.5404348666667,0.001719707972370088,15,1.0,4118.106523,True,
LOCAL-v1-q3-edge_mixed_min_radius-5018,3,candidate,10,329.8393655,0.0013124169781804085,10,1.0,3298.393655,True,
LOCAL-v1-q3-edge_mixed_min_radius-5019,3,candidate,11,290.8871627272727,0.0011301249032840133,11,1.0,3199.75879,True,
LOCAL-v1-q3-edge_mixed_min_radius-5020,3,candidate,16,237.4861578125,0.0020264999475330114,16,1.0,3799.778525,True,
LOCAL-v1-q3-edge_mixed_min_radius-5021,3,candidate,14,253.61216735714285,0.0018644590163603425,14,1.0,3550.570343,True,
LOCAL-v1-q3-edge_mixed_min_radius-5022,3,candidate,14,249.589028,0.001643375027924776,14,1.0,3494.246392,True,
LOCAL-v1-q3-edge_mixed_min_radius-5023,3,candidate,15,257.55404733333336,0.0019139579962939024,15,1.0,3863.31071,True,
LOCAL-v1-q3-edge_mixed_min_radius-5024,3,candidate,13,283.6206726923077,0.0015694579342380166,13,1.0,3687.068745,True,
LOCAL-v1-q3-edge_mixed_min_radius-5025,3,candidate,12,325.80544291666666,0.001468542031943798,12,1.0,3909.665315,True,
LOCAL-v1-q3-edge_mixed_min_radius-5026,3,candidate,15,255.4981362,0.002098208060488105,15,1.0,3832.472043,True,
LOCAL-v1-q3-edge_mixed_min_radius-5027,3,candidate,11,338.774494,0.0013708750484511256,11,1.0,3726.519434,True,
LOCAL-v1-q3-edge_mixed_min_radius-5028,3,candidate,10,366.8166103,0.0011961250565946102,10,1.0,3668.166103,True,
LOCAL-v1-q3-edge_mixed_min_radius-5029,3,candidate,11,326.7719090909091,0.0012517919531092048,11,1.0,3594.491,True,
LOCAL-v1-q3-edge_mixed_min_radius-5030,3,candidate,12,290.4624264166667,0.001232124981470406,12,1.0,3485.549117,True,
LOCAL-v1-q3-edge_mixed_min_radius-5031,3,candidate,15,277.7187168666667,0.0020967499585822225,15,1.0,4165.780753,True,
LOCAL-v1-q3-edge_mixed_min_radius-5032,3,candidate,11,311.89786172727275,0.0013384590856730938,11,1.0,3430.876479,True,
LOCAL-v1-q3-edge_mixed_min_radius-5033,3,candidate,14,274.78720607142856,0.0017487079603597522,14,1.0,3847.020885,True,
LOCAL-v1-q3-edge_mixed_min_radius-5034,3,candidate,16,248.36414975,0.0018483339808881283,16,1.0,3973.826396,True,
LOCAL-v1-q3-edge_mixed_min_radius-5035,3,candidate,10,359.6726325,0.0011977499816566706,10,1.0,3596.726325,True,
LOCAL-v1-q3-edge_mixed_min_radius-5036,3,candidate,15,283.6021268,0.0020835419418290257,15,1.0,4254.031902,True,
LOCAL-v1-q3-edge_mixed_min_radius-5037,3,candidate,15,240.39004173333333,0.001971959020011127,15,1.0,3605.850626,True,
LOCAL-v1-q3-edge_mixed_min_radius-5038,3,candidate,16,284.1612334375,0.0021982500329613686,16,1.0,4546.579735,True,
LOCAL-v1-q3-edge_mixed_min_radius-5039,3,candidate,10,371.7500529,0.0014805420069023967,10,1.0,3717.500529,True,
LOCAL-v1-q3-edge_mixed_min_radius-5040,3,candidate,15,240.19450933333334,0.002112832968123257,15,1.0,3602.91764,True,
LOCAL-v1-q3-edge_mixed_min_radius-5041,3,candidate,15,236.02006773333332,0.0017734169960021973,15,1.0,3540.301016,True,
LOCAL-v1-q3-edge_mixed_min_radius-5042,3,candidate,11,343.82509627272725,0.0015365839935839176,11,1.0,3782.076059,True,
LOCAL-v1-q3-edge_mixed_min_radius-5043,3,candidate,12,312.9612246666667,0.001346041914075613,12,1.0,3755.534696,True,
LOCAL-v1-q3-edge_mixed_min_radius-5044,3,candidate,11,319.1097269090909,0.001405874965712428,11,1.0,3510.206996,True,
LOCAL-v1-q3-edge_mixed_min_radius-5045,3,candidate,11,337.3156977272727,0.0016452090349048376,11,1.0,3710.472675,True,
LOCAL-v1-q3-edge_mixed_min_radius-5046,3,candidate,10,314.0042822,0.001174457953311503,10,1.0,3140.042822,True,
LOCAL-v1-q3-edge_mixed_min_radius-5047,3,candidate,16,300.782974625,0.0023447920102626085,16,1.0,4812.527594,True,
LOCAL-v1-q3-edge_mixed_min_radius-5048,3,candidate,12,294.91729225,0.0014412089949473739,12,1.0,3539.007507,True,
LOCAL-v1-q3-edge_mixed_min_radius-5049,3,candidate,10,350.512873,0.001350416918285191,10,1.0,3505.12873,True,
LOCAL-v1-q3-edge_mixed_min_radius-5050,3,candidate,15,290.5331448,0.002474167034961283,15,1.0,4357.997172,True,
LOCAL-v1-q3-edge_mixed_min_radius-5051,3,candidate,11,375.1294185454545,0.0016214579809457064,11,1.0,4126.423604,True,
LOCAL-v1-q3-edge_mixed_min_radius-5052,3,candidate,13,277.4879366923077,0.0016358749708160758,13,1.0,3607.343177,True,
LOCAL-v1-q3-edge_mixed_min_radius-5053,3,candidate,16,223.0772909375,0.0018991659162566066,16,1.0,3569.236655,True,
LOCAL-v1-q3-edge_mixed_min_radius-5054,3,candidate,16,218.355784875,0.0021530420053750277,16,1.0,3493.692558,True,
LOCAL-v1-q3-edge_mixed_min_radius-5055,3,candidate,12,273.3472364166667,0.0014600829454138875,12,1.0,3280.166837,True,
LOCAL-v1-q3-edge_mixed_min_radius-5056,3,candidate,13,253.79712292307693,0.0015506250783801079,13,1.0,3299.362598,True,
LOCAL-v1-q3-edge_mixed_min_radius-5057,3,candidate,13,319.178612,0.0016327500343322754,13,1.0,4149.321956,True,
LOCAL-v1-q3-edge_mixed_min_radius-5058,3,candidate,14,286.0835967142857,0.0018772919429466128,14,1.0,4005.170354,True,
LOCAL-v1-q3-edge_mixed_min_radius-5059,3,candidate,12,362.26326016666667,0.0017317499732598662,12,1.0,4347.159122,True,
LOCAL-v1-q3-edge_mixed_min_radius-5060,3,candidate,11,353.0325025454545,0.0015423749573528767,11,1.0,3883.357528,True,
LOCAL-v1-q3-edge_mixed_min_radius-5061,3,candidate,13,289.12990376923074,0.0013952909503132105,13,1.0,3758.688749,True,
LOCAL-v1-q3-edge_mixed_min_radius-5062,3,candidate,16,217.63803525,0.00173091609030962,16,1.0,3482.208564,True,
LOCAL-v1-q3-edge_mixed_min_radius-5063,3,candidate,15,287.8346390666667,0.0016882920172065496,15,1.0,4317.519586,True,
LOCAL-v1-q3-edge_mixed_min_radius-5064,3,candidate,13,320.4550989230769,0.0020423330133780837,13,1.0,4165.916286,True,
LOCAL-v1-q3-edge_mixed_min_radius-5065,3,candidate,12,293.24654208333334,0.0013968750135973096,12,1.0,3518.958505,True,
LOCAL-v1-q3-edge_mixed_min_radius-5066,3,candidate,10,368.2289106,0.0014558329712599516,10,1.0,3682.289106,True,
LOCAL-v1-q3-edge_mixed_min_radius-5067,3,candidate,16,270.962420375,0.0018468339694663882,16,1.0,4335.398726,True,
LOCAL-v1-q3-edge_mixed_min_radius-5068,3,candidate,13,277.0163514615384,0.0013590420130640268,13,1.0,3601.212569,True,
LOCAL-v1-q3-edge_mixed_min_radius-5069,3,candidate,14,282.7256804285714,0.002234417013823986,14,1.0,3958.159526,True,
LOCAL-v1-q3-edge_mixed_min_radius-5070,3,candidate,12,277.62148766666667,0.001462707994505763,12,1.0,3331.457852,True,
LOCAL-v1-q3-edge_mixed_min_radius-5071,3,candidate,12,316.3630636666667,0.0014622920425608754,12,1.0,3796.356764,True,
LOCAL-v1-q3-edge_mixed_min_radius-5072,3,candidate,15,253.94932873333335,0.0019278329564258456,15,1.0,3809.239931,True,
LOCAL-v1-q3-edge_mixed_min_radius-5073,3,candidate,10,349.624016,0.001486708060838282,10,1.0,3496.24016,True,
LOCAL-v1-q3-edge_mixed_min_radius-5074,3,candidate,16,307.1474679375,0.0021780419629067183,16,1.0,4914.359487,True,
LOCAL-v1-q3-edge_mixed_min_radius-5075,3,candidate,15,224.1563156,0.0018367080483585596,15,1.0,3362.344734,True,
LOCAL-v1-q3-edge_mixed_min_radius-5076,3,candidate,12,288.03064508333335,0.0014359999913722277,12,1.0,3456.367741,True,
LOCAL-v1-q3-edge_mixed_min_radius-5077,3,candidate,14,290.055221,0.0018268750282004476,14,1.0,4060.773094,True,
LOCAL-v1-q3-edge_mixed_min_radius-5078,3,candidate,13,377.571374,0.0019284170120954514,13,1.0,4908.427862,True,
LOCAL-v1-q3-edge_mixed_min_radius-5079,3,candidate,10,340.92582830000003,0.0012539590243250132,10,1.0,3409.258283,True,
LOCAL-v1-q3-edge_mixed_min_radius-5080,3,candidate,10,352.7009804,0.001143125002272427,10,1.0,3527.009804,True,
LOCAL-v1-q3-edge_mixed_min_radius-5081,3,candidate,16,267.96287925,0.0020926659926772118,16,1.0,4287.406068,True,
LOCAL-v1-q3-edge_mixed_min_radius-5082,3,candidate,13,285.53533823076924,0.0016625829739496112,13,1.0,3711.959397,True,
LOCAL-v1-q3-edge_mixed_min_radius-5083,3,candidate,13,261.22698376923074,0.0018785410793498158,13,1.0,3395.950789,True,
LOCAL-v1-q3-edge_mixed_min_radius-5084,3,candidate,14,279.8019005714286,0.0018139999592676759,14,1.0,3917.226608,True,
LOCAL-v1-q3-edge_mixed_min_radius-5085,3,candidate,15,259.5263255333333,0.001965707982890308,15,1.0,3892.894883,True,
LOCAL-v1-q3-edge_mixed_min_radius-5086,3,candidate,12,282.51877666666667,0.0014706659130752087,12,1.0,3390.22532,True,
LOCAL-v1-q3-edge_mixed_min_radius-5087,3,candidate,13,285.66112130769227,0.0023847920820116997,13,1.0,3713.594577,True,
LOCAL-v1-q3-edge_mixed_min_radius-5088,3,candidate,16,235.1901844375,0.0023570420453324914,16,1.0,3763.042951,True,
LOCAL-v1-q3-edge_mixed_min_radius-5089,3,candidate,15,247.33185053333332,0.0017941249534487724,15,1.0,3709.977758,True,
LOCAL-v1-q3-edge_mixed_min_radius-5090,3,candidate,14,269.42125557142856,0.0016082089859992266,14,1.0,3771.897578,True,
LOCAL-v1-q3-edge_mixed_min_radius-5091,3,candidate,12,281.96956658333335,0.001920082955621183,12,1.0,3383.634799,True,
LOCAL-v1-q3-edge_mixed_min_radius-5092,3,candidate,11,313.21476927272727,0.0014973330544307828,11,1.0,3445.362462,True,
LOCAL-v1-q3-edge_mixed_min_radius-5093,3,candidate,15,255.09165706666667,0.001856583054177463,15,1.0,3826.374856,True,
LOCAL-v1-q3-edge_mixed_min_radius-5094,3,candidate,11,366.63418027272724,0.0013369580265134573,11,1.0,4032.975983,True,
LOCAL-v1-q3-edge_mixed_min_radius-5095,3,candidate,10,353.2217822,0.0014230000087991357,10,1.0,3532.217822,True,
LOCAL-v1-q3-edge_mixed_min_radius-5096,3,candidate,14,273.9203297857143,0.0018707920098677278,14,1.0,3834.884617,True,
LOCAL-v1-q3-edge_mixed_min_radius-5097,3,candidate,13,250.25437607692308,0.001559375086799264,13,1.0,3253.306889,True,
LOCAL-v1-q3-edge_mixed_min_radius-5098,3,candidate,16,254.194182,0.0023635420948266983,16,1.0,4067.106912,True,
LOCAL-v1-q3-edge_mixed_min_radius-5099,3,candidate,13,246.6094967692308,0.0014210829976946115,13,1.0,3205.923458,True,
LOCAL-v1-q3-offcenter_cluster-5000,3,candidate,11,250.06796627272726,0.0018194159492850304,11,1.0,2750.747629,True,
LOCAL-v1-q3-offcenter_cluster-5001,3,candidate,14,191.36507307142855,0.0019477920141071081,14,1.0,2679.111023,True,
LOCAL-v1-q3-offcenter_cluster-5002,3,candidate,15,172.07326659999998,0.0019471659325063229,15,1.0,2581.098999,True,
LOCAL-v1-q3-offcenter_cluster-5003,3,candidate,11,242.64708900000002,0.0014953339705243707,11,1.0,2669.117979,True,
LOCAL-v1-q3-offcenter_cluster-5004,3,candidate,12,222.79412975,0.0017978750402107835,12,1.0,2673.529557,True,
LOCAL-v1-q3-offcenter_cluster-5005,3,candidate,11,241.22702127272726,0.001470416085794568,11,1.0,2653.497234,True,
LOCAL-v1-q3-offcenter_cluster-5006,3,candidate,11,249.74280327272726,0.0015443749725818634,11,1.0,2747.170836,True,
LOCAL-v1-q3-offcenter_cluster-5007,3,candidate,11,240.923507,0.0014213750837370753,11,1.0,2650.158577,True,
LOCAL-v1-q3-offcenter_cluster-5008,3,candidate,10,271.5166887,0.0014693340053781867,10,1.0,2715.166887,True,
LOCAL-v1-q3-offcenter_cluster-5009,3,candidate,14,188.65195435714284,0.0019163750112056732,14,1.0,2641.127361,True,
LOCAL-v1-q3-offcenter_cluster-5010,3,candidate,12,225.2089885833333,0.0023395840544253588,12,1.0,2702.507863,True,
LOCAL-v1-q3-offcenter_cluster-5011,3,candidate,15,197.6809942,0.0021884999005123973,15,1.0,2965.214913,True,
LOCAL-v1-q3-offcenter_cluster-5012,3,candidate,10,275.5007184,0.001566207967698574,10,1.0,2755.007184,True,
LOCAL-v1-q3-offcenter_cluster-5013,3,candidate,12,221.74473708333335,0.0014513329369947314,12,1.0,2660.936845,True,
LOCAL-v1-q3-offcenter_cluster-5014,3,candidate,11,235.80544363636363,0.0018041250295937061,11,1.0,2593.85988,True,
LOCAL-v1-q3-offcenter_cluster-5015,3,candidate,12,220.27139150000002,0.001473124953918159,12,1.0,2643.256698,True,
LOCAL-v1-q3-offcenter_cluster-5016,3,candidate,16,72.0550281875,0.0029422499937936664,16,1.0,1152.880451,True,
LOCAL-v1-q3-offcenter_cluster-5017,3,candidate,15,174.30838966666667,0.0018547920044511557,15,1.0,2614.625845,True,
LOCAL-v1-q3-offcenter_cluster-5018,3,candidate,10,271.0082,0.0017095000948756933,10,1.0,2710.082,True,
LOCAL-v1-q3-offcenter_cluster-5019,3,candidate,11,269.6699989090909,0.0015711250016465783,11,1.0,2966.369988,True,
LOCAL-v1-q3-offcenter_cluster-5020,3,candidate,16,62.2147225625,0.002092750044539571,16,1.0,995.435561,True,
LOCAL-v1-q3-offcenter_cluster-5021,3,candidate,14,211.16653728571427,0.002417959040030837,14,1.0,2956.331522,True,
LOCAL-v1-q3-offcenter_cluster-5022,3,candidate,14,194.76561314285715,0.0023348339600488544,14,1.0,2726.718584,True,
LOCAL-v1-q3-offcenter_cluster-5023,3,candidate,15,168.03392953333332,0.001991167082451284,15,1.0,2520.508943,True,
LOCAL-v1-q3-offcenter_cluster-5024,3,candidate,13,201.84068853846154,0.0017749579856172204,13,1.0,2623.928951,True,
LOCAL-v1-q3-offcenter_cluster-5025,3,candidate,12,219.37656141666665,0.0014699999010190368,12,1.0,2632.518737,True,
LOCAL-v1-q3-offcenter_cluster-5026,3,candidate,15,172.22530326666669,0.0021986670326441526,15,1.0,2583.379549,True,
LOCAL-v1-q3-offcenter_cluster-5027,3,candidate,11,242.09088027272728,0.0014794999733567238,11,1.0,2662.999683,True,
LOCAL-v1-q3-offcenter_cluster-5028,3,candidate,10,267.8106722,0.00131612503901124,10,1.0,2678.106722,True,
LOCAL-v1-q3-offcenter_cluster-5029,3,candidate,11,245.78650854545455,0.0014838330680504441,11,1.0,2703.651594,True,
LOCAL-v1-q3-offcenter_cluster-5030,3,candidate,12,216.16994583333334,0.0014677089639008045,12,1.0,2594.03935,True,
LOCAL-v1-q3-offcenter_cluster-5031,3,candidate,15,192.1436438,0.0019853339763358235,15,1.0,2882.154657,True,
LOCAL-v1-q3-offcenter_cluster-5032,3,candidate,11,256.94155890909093,0.0017098329262807965,11,1.0,2826.357148,True,
LOCAL-v1-q3-offcenter_cluster-5033,3,candidate,14,190.45091521428571,0.0022200000239536166,14,1.0,2666.312813,True,
LOCAL-v1-q3-offcenter_cluster-5034,3,candidate,16,64.7425605625,0.0019602079410105944,16,1.0,1035.880969,True,
LOCAL-v1-q3-offcenter_cluster-5035,3,candidate,10,269.79508500000003,0.0014545840676873922,10,1.0,2697.95085,True,
LOCAL-v1-q3-offcenter_cluster-5036,3,candidate,15,174.346752,0.002075416035950184,15,1.0,2615.20128,True,
LOCAL-v1-q3-offcenter_cluster-5037,3,candidate,15,173.25551093333334,0.002125374972820282,15,1.0,2598.832664,True,
LOCAL-v1-q3-offcenter_cluster-5038,3,candidate,16,62.3930845625,0.0021693750750273466,16,1.0,998.289353,True,
LOCAL-v1-q3-offcenter_cluster-5039,3,candidate,10,268.3467274,0.0012471249792724848,10,1.0,2683.467274,True,
LOCAL-v1-q3-offcenter_cluster-5040,3,candidate,15,177.43855546666666,0.0028911660192534328,15,1.0,2661.578332,True,
LOCAL-v1-q3-offcenter_cluster-5041,3,candidate,15,180.12505046666666,0.0021132921101525426,15,1.0,2701.875757,True,
LOCAL-v1-q3-offcenter_cluster-5042,3,candidate,11,242.61414245454546,0.0013377079740166664,11,1.0,2668.755567,True,
LOCAL-v1-q3-offcenter_cluster-5043,3,candidate,12,224.33917583333334,0.0019912499701604247,12,1.0,2692.07011,True,
LOCAL-v1-q3-offcenter_cluster-5044,3,candidate,11,252.660289,0.0016191250178962946,11,1.0,2779.263179,True,
LOCAL-v1-q3-offcenter_cluster-5045,3,candidate,11,265.6921230909091,0.0015702920500189066,11,1.0,2922.613354,True,
LOCAL-v1-q3-offcenter_cluster-5046,3,candidate,10,278.0733469,0.0010421669576317072,10,1.0,2780.733469,True,
LOCAL-v1-q3-offcenter_cluster-5047,3,candidate,16,70.1730859375,0.0029770840192213655,16,1.0,1122.769375,True,
LOCAL-v1-q3-offcenter_cluster-5048,3,candidate,12,243.78349958333334,0.001611041952855885,12,1.0,2925.401995,True,
LOCAL-v1-q3-offcenter_cluster-5049,3,candidate,10,275.3347022,0.00142091594170779,10,1.0,2753.347022,True,
LOCAL-v1-q3-offcenter_cluster-5050,3,candidate,15,172.06012973333333,0.0016943750670179725,15,1.0,2580.901946,True,
LOCAL-v1-q3-offcenter_cluster-5051,3,candidate,11,235.0161979090909,0.0013598749646916986,11,1.0,2585.178177,True,
LOCAL-v1-q3-offcenter_cluster-5052,3,candidate,13,206.995929,0.0017561250133439898,13,1.0,2690.947077,True,
LOCAL-v1-q3-offcenter_cluster-5053,3,candidate,16,69.290901625,0.0032787920208647847,16,1.0,1108.654426,True,
LOCAL-v1-q3-offcenter_cluster-5054,3,candidate,16,63.24112175,0.0020427079871296883,16,1.0,1011.857948,True,
LOCAL-v1-q3-offcenter_cluster-5055,3,candidate,12,221.59622866666666,0.0016303749289363623,12,1.0,2659.154744,True,
LOCAL-v1-q3-offcenter_cluster-5056,3,candidate,13,209.28358738461537,0.00219912501052022,13,1.0,2720.686636,True,
LOCAL-v1-q3-offcenter_cluster-5057,3,candidate,13,208.78357853846154,0.002161624957807362,13,1.0,2714.186521,True,
LOCAL-v1-q3-offcenter_cluster-5058,3,candidate,14,222.45600157142857,0.0018135409336537123,14,1.0,3114.384022,True,
LOCAL-v1-q3-offcenter_cluster-5059,3,candidate,12,239.84310233333335,0.001654874999076128,12,1.0,2878.117228,True,
LOCAL-v1-q3-offcenter_cluster-5060,3,candidate,11,245.77658790909092,0.0016385000199079514,11,1.0,2703.542467,True,
LOCAL-v1-q3-offcenter_cluster-5061,3,candidate,13,203.2357606923077,0.002202875097282231,13,1.0,2642.064889,True,
LOCAL-v1-q3-offcenter_cluster-5062,3,candidate,16,61.262348625,0.0019483750220388174,16,1.0,980.197578,True,
LOCAL-v1-q3-offcenter_cluster-5063,3,candidate,15,173.9680517333333,0.0017948750173673034,15,1.0,2609.520776,True,
LOCAL-v1-q3-offcenter_cluster-5064,3,candidate,13,239.976793,0.001731291995383799,13,1.0,3119.698309,True,
LOCAL-v1-q3-offcenter_cluster-5065,3,candidate,12,218.23606866666668,0.0019489580299705267,12,1.0,2618.832824,True,
LOCAL-v1-q3-offcenter_cluster-5066,3,candidate,10,291.3094712,0.0011837499914690852,10,1.0,2913.094712,True,
LOCAL-v1-q3-offcenter_cluster-5067,3,candidate,16,84.49044225,0.0018214998999610543,16,1.0,1351.847076,True,
LOCAL-v1-q3-offcenter_cluster-5068,3,candidate,13,240.38024076923077,0.0016274580266326666,13,1.0,3124.94313,True,
LOCAL-v1-q3-offcenter_cluster-5069,3,candidate,14,187.9192062142857,0.002411582972854376,14,1.0,2630.868887,True,
LOCAL-v1-q3-offcenter_cluster-5070,3,candidate,12,256.8630519166667,0.001602750038728118,12,1.0,3082.356623,True,
LOCAL-v1-q3-offcenter_cluster-5071,3,candidate,12,224.08145058333332,0.0018757919315248728,12,1.0,2688.977407,True,
LOCAL-v1-q3-offcenter_cluster-5072,3,candidate,15,174.87093046666666,0.0018834170186892152,15,1.0,2623.063957,True,
LOCAL-v1-q3-offcenter_cluster-5073,3,candidate,10,277.6565818,0.0013461250346153975,10,1.0,2776.565818,True,
LOCAL-v1-q3-offcenter_cluster-5074,3,candidate,16,64.547187,0.0020769579568877816,16,1.0,1032.754992,True,
LOCAL-v1-q3-offcenter_cluster-5075,3,candidate,15,178.50178480000002,0.002735832938924432,15,1.0,2677.526772,True,
LOCAL-v1-q3-offcenter_cluster-5076,3,candidate,12,234.81668366666668,0.0016882080817595124,12,1.0,2817.800204,True,
LOCAL-v1-q3-offcenter_cluster-5077,3,candidate,14,193.52928842857142,0.0022208340233191848,14,1.0,2709.410038,True,
LOCAL-v1-q3-offcenter_cluster-5078,3,candidate,13,229.10435561538463,0.00176445790566504,13,1.0,2978.356623,True,
LOCAL-v1-q3-offcenter_cluster-5079,3,candidate,10,272.509856,0.001751541974954307,10,1.0,2725.09856,True,
LOCAL-v1-q3-offcenter_cluster-5080,3,candidate,10,272.1216111,0.0015836250968277454,10,1.0,2721.216111,True,
LOCAL-v1-q3-offcenter_cluster-5081,3,candidate,16,62.5480058125,0.0018640420166775584,16,1.0,1000.768093,True,
LOCAL-v1-q3-offcenter_cluster-5082,3,candidate,13,202.87150761538462,0.001958874985575676,13,1.0,2637.329599,True,
LOCAL-v1-q3-offcenter_cluster-5083,3,candidate,13,208.72181738461538,0.0021302920067682862,13,1.0,2713.383626,True,
LOCAL-v1-q3-offcenter_cluster-5084,3,candidate,14,190.37631235714284,0.0016125829424709082,14,1.0,2665.268373,True,
LOCAL-v1-q3-offcenter_cluster-5085,3,candidate,15,174.74125333333333,0.0021671249996870756,15,1.0,2621.1188,True,
LOCAL-v1-q3-offcenter_cluster-5086,3,candidate,12,229.07851533333334,0.0018545419443398714,12,1.0,2748.942184,True,
LOCAL-v1-q3-offcenter_cluster-5087,3,candidate,13,206.85964423076922,0.0018315829802304506,13,1.0,2689.175375,True,
LOCAL-v1-q3-offcenter_cluster-5088,3,candidate,16,63.2221134375,0.0019487080862745643,16,1.0,1011.553815,True,
LOCAL-v1-q3-offcenter_cluster-5089,3,candidate,15,176.86391039999998,0.0018736670026555657,15,1.0,2652.958656,True,
LOCAL-v1-q3-offcenter_cluster-5090,3,candidate,14,192.73720478571428,0.0030207079835236073,14,1.0,2698.320867,True,
LOCAL-v1-q3-offcenter_cluster-5091,3,candidate,12,218.4350895,0.0014672080287709832,12,1.0,2621.221074,True,
LOCAL-v1-q3-offcenter_cluster-5092,3,candidate,11,249.435909,0.0014574589440599084,11,1.0,2743.794999,True,
LOCAL-v1-q3-offcenter_cluster-5093,3,candidate,15,178.60948019999998,0.0021500419825315475,15,1.0,2679.142203,True,
LOCAL-v1-q3-offcenter_cluster-5094,3,candidate,11,248.90452454545456,0.0015990000683814287,11,1.0,2737.94977,True,
LOCAL-v1-q3-offcenter_cluster-5095,3,candidate,10,302.5723563,0.001069667050614953,10,1.0,3025.723563,True,
LOCAL-v1-q3-offcenter_cluster-5096,3,candidate,14,186.49957685714284,0.001806874992325902,14,1.0,2610.994076,True,
LOCAL-v1-q3-offcenter_cluster-5097,3,candidate,13,204.85777292307694,0.0020147919422015548,13,1.0,2663.151048,True,
LOCAL-v1-q3-offcenter_cluster-5098,3,candidate,16,59.983705125,0.001774792093783617,16,1.0,959.739282,True,
LOCAL-v1-q3-offcenter_cluster-5099,3,candidate,13,196.5151063846154,0.0017205409239977598,13,1.0,2554.696383,True,
LOCAL-v1-q3-origin_cluster-5000,3,candidate,11,240.15207890909093,0.0012073749676346779,11,1.0,2641.672868,True,
LOCAL-v1-q3-origin_cluster-5001,3,candidate,14,185.50164592857143,0.0015443339943885803,14,1.0,2597.023043,True,
LOCAL-v1-q3-origin_cluster-5002,3,candidate,15,174.0065748,0.0016899999463930726,15,1.0,2610.098622,True,
LOCAL-v1-q3-origin_cluster-5003,3,candidate,11,238.96008681818182,0.001016375026665628,11,1.0,2628.560955,True,
LOCAL-v1-q3-origin_cluster-5004,3,candidate,12,221.47118358333333,0.001266833976842463,12,1.0,2657.654203,True,
LOCAL-v1-q3-origin_cluster-5005,3,candidate,11,248.0976329090909,0.0014474999625235796,11,1.0,2729.073962,True,
LOCAL-v1-q3-origin_cluster-5006,3,candidate,11,250.33113245454544,0.0012935829581692815,11,1.0,2753.642457,True,
LOCAL-v1-q3-origin_cluster-5007,3,candidate,11,239.15275427272726,0.001211458002217114,11,1.0,2630.680297,True,
LOCAL-v1-q3-origin_cluster-5008,3,candidate,10,266.4096046,0.0010827499208971858,10,1.0,2664.096046,True,
LOCAL-v1-q3-origin_cluster-5009,3,candidate,14,184.1357362142857,0.0015366669977083802,14,1.0,2577.900307,True,
LOCAL-v1-q3-origin_cluster-5010,3,candidate,12,218.08561816666668,0.0013239170657470822,12,1.0,2617.027418,True,
LOCAL-v1-q3-origin_cluster-5011,3,candidate,15,172.58543353333334,0.002074957941658795,15,1.0,2588.781503,True,
LOCAL-v1-q3-origin_cluster-5012,3,candidate,10,269.0529947,0.0011686669895425439,10,1.0,2690.529947,True,
LOCAL-v1-q3-origin_cluster-5013,3,candidate,12,218.08440858333333,0.00131229090038687,12,1.0,2617.012903,True,
LOCAL-v1-q3-origin_cluster-5014,3,candidate,11,241.6774360909091,0.0012692080345004797,11,1.0,2658.451797,True,
LOCAL-v1-q3-origin_cluster-5015,3,candidate,12,220.10366358333332,0.0013832079712301493,12,1.0,2641.243963,True,
LOCAL-v1-q3-origin_cluster-5016,3,candidate,16,34.1454473125,0.0019252919591963291,16,1.0,546.327157,True,
LOCAL-v1-q3-origin_cluster-5017,3,candidate,15,170.847206,0.0016225000144913793,15,1.0,2562.70809,True,
LOCAL-v1-q3-origin_cluster-5018,3,candidate,10,266.62618699999996,0.0011948751052841544,10,1.0,2666.26187,True,
LOCAL-v1-q3-origin_cluster-5019,3,candidate,11,240.88624545454547,0.0012100000167265534,11,1.0,2649.7487,True,
LOCAL-v1-q3-origin_cluster-5020,3,candidate,16,36.2397235625,0.001627999939955771,16,1.0,579.835577,True,
LOCAL-v1-q3-origin_cluster-5021,3,candidate,14,184.05387914285714,0.0016455419827252626,14,1.0,2576.754308,True,
LOCAL-v1-q3-origin_cluster-5022,3,candidate,14,186.87359107142856,0.001510916044935584,14,1.0,2616.230275,True,
LOCAL-v1-q3-origin_cluster-5023,3,candidate,15,171.65467493333333,0.001662040944211185,15,1.0,2574.820124,True,
LOCAL-v1-q3-origin_cluster-5024,3,candidate,13,202.87150146153846,0.0013927910476922989,13,1.0,2637.329519,True,
LOCAL-v1-q3-origin_cluster-5025,3,candidate,12,230.93783883333333,0.0014637919375672936,12,1.0,2771.254066,True,
LOCAL-v1-q3-origin_cluster-5026,3,candidate,15,175.6525868,0.0015272920718416572,15,1.0,2634.788802,True,
LOCAL-v1-q3-origin_cluster-5027,3,candidate,11,241.15928690909092,0.0015290000010281801,11,1.0,2652.752156,True,
LOCAL-v1-q3-origin_cluster-5028,3,candidate,10,288.3426736,0.001212499919347465,10,1.0,2883.426736,True,
LOCAL-v1-q3-origin_cluster-5029,3,candidate,11,242.06663063636367,0.0012262919917702675,11,1.0,2662.732937,True,
LOCAL-v1-q3-origin_cluster-5030,3,candidate,12,221.02457116666668,0.0013029170222580433,12,1.0,2652.294854,True,
LOCAL-v1-q3-origin_cluster-5031,3,candidate,15,172.98616679999998,0.0016138750361278653,15,1.0,2594.792502,True,
LOCAL-v1-q3-origin_cluster-5032,3,candidate,11,241.737524,0.0014830410946160555,11,1.0,2659.112764,True,
LOCAL-v1-q3-origin_cluster-5033,3,candidate,14,183.49038335714286,0.0013565829722210765,14,1.0,2568.865367,True,
LOCAL-v1-q3-origin_cluster-5034,3,candidate,16,35.4357495,0.0017201669979840517,16,1.0,566.971992,True,
LOCAL-v1-q3-origin_cluster-5035,3,candidate,10,267.89869680000004,0.001049417071044445,10,1.0,2678.986968,True,
LOCAL-v1-q3-origin_cluster-5036,3,candidate,15,171.77354473333335,0.0016596670029684901,15,1.0,2576.603171,True,
LOCAL-v1-q3-origin_cluster-5037,3,candidate,15,171.70571293333333,0.0015406670281663537,15,1.0,2575.585694,True,
LOCAL-v1-q3-origin_cluster-5038,3,candidate,16,36.036271875,0.0018639171030372381,16,1.0,576.58035,True,
LOCAL-v1-q3-origin_cluster-5039,3,candidate,10,266.9656978,0.0011038749944418669,10,1.0,2669.656978,True,
LOCAL-v1-q3-origin_cluster-5040,3,candidate,15,170.8564904,0.001630874932743609,15,1.0,2562.847356,True,
LOCAL-v1-q3-origin_cluster-5041,3,candidate,15,170.9463052,0.001551792025566101,15,1.0,2564.194578,True,
LOCAL-v1-q3-origin_cluster-5042,3,candidate,11,242.22077418181817,0.0013383750338107347,11,1.0,2664.428516,True,
LOCAL-v1-q3-origin_cluster-5043,3,candidate,12,220.18121116666669,0.0016437500016763806,12,1.0,2642.174534,True,
LOCAL-v1-q3-origin_cluster-5044,3,candidate,11,240.74450854545455,0.0011356250615790486,11,1.0,2648.189594,True,
LOCAL-v1-q3-origin_cluster-5045,3,candidate,11,239.3050880909091,0.0012508330401033163,11,1.0,2632.355969,True,
LOCAL-v1-q3-origin_cluster-5046,3,candidate,10,269.63187469999997,0.0011418750509619713,10,1.0,2696.318747,True,
LOCAL-v1-q3-origin_cluster-5047,3,candidate,16,37.0073575625,0.0016539159696549177,16,1.0,592.117721,True,
LOCAL-v1-q3-origin_cluster-5048,3,candidate,12,220.60754408333332,0.0012728329747915268,12,1.0,2647.290529,True,
LOCAL-v1-q3-origin_cluster-5049,3,candidate,10,267.5411189,0.0014740410260856152,10,1.0,2675.411189,True,
LOCAL-v1-q3-origin_cluster-5050,3,candidate,15,171.6730438,0.0016332919476553798,15,1.0,2575.095657,True,
LOCAL-v1-q3-origin_cluster-5051,3,candidate,11,242.44259300000002,0.0012376660015434027,11,1.0,2666.868523,True,
LOCAL-v1-q3-origin_cluster-5052,3,candidate,13,201.17486007692307,0.001446833019144833,13,1.0,2615.273181,True,
LOCAL-v1-q3-origin_cluster-5053,3,candidate,16,34.113829,0.0015932089881971478,16,1.0,545.821264,True,
LOCAL-v1-q3-origin_cluster-5054,3,candidate,16,35.726730375,0.00178416701965034,16,1.0,571.627686,True,
LOCAL-v1-q3-origin_cluster-5055,3,candidate,12,238.07235233333333,0.001400084001943469,12,1.0,2856.868228,True,
LOCAL-v1-q3-origin_cluster-5056,3,candidate,13,202.96445169230768,0.0014996250392869115,13,1.0,2638.537872,True,
LOCAL-v1-q3-origin_cluster-5057,3,candidate,13,198.66217861538462,0.0012751659378409386,13,1.0,2582.608322,True,
LOCAL-v1-q3-origin_cluster-5058,3,candidate,14,185.16593092857144,0.0014809579588472843,14,1.0,2592.323033,True,
LOCAL-v1-q3-origin_cluster-5059,3,candidate,12,220.75042875,0.001875333022326231,12,1.0,2649.005145,True,
LOCAL-v1-q3-origin_cluster-5060,3,candidate,11,241.8440759090909,0.0012278750073164701,11,1.0,2660.284835,True,
LOCAL-v1-q3-origin_cluster-5061,3,candidate,13,201.26795115384616,0.001397124957293272,13,1.0,2616.483365,True,
LOCAL-v1-q3-origin_cluster-5062,3,candidate,16,34.846872125,0.0015823340509086847,16,1.0,557.549954,True,
LOCAL-v1-q3-origin_cluster-5063,3,candidate,15,180.78999833333333,0.0016124590765684843,15,1.0,2711.849975,True,
LOCAL-v1-q3-origin_cluster-5064,3,candidate,13,200.45024899999999,0.0014177080010995269,13,1.0,2605.853237,True,
LOCAL-v1-q3-origin_cluster-5065,3,candidate,12,218.7331715,0.001475666998885572,12,1.0,2624.798058,True,
LOCAL-v1-q3-origin_cluster-5066,3,candidate,10,270.7477727,0.001254917006008327,10,1.0,2707.477727,True,
LOCAL-v1-q3-origin_cluster-5067,3,candidate,16,35.9363056875,0.001581083983182907,16,1.0,574.980891,True,
LOCAL-v1-q3-origin_cluster-5068,3,candidate,13,204.30449146153845,0.0014260830357670784,13,1.0,2655.958389,True,
LOCAL-v1-q3-origin_cluster-5069,3,candidate,14,186.04689685714285,0.001597750000655651,14,1.0,2604.656556,True,
LOCAL-v1-q3-origin_cluster-5070,3,candidate,12,221.74315191666668,0.0016701249405741692,12,1.0,2660.917823,True,
LOCAL-v1-q3-origin_cluster-5071,3,candidate,12,218.32134274999999,0.0011793749872595072,12,1.0,2619.856113,True,
LOCAL-v1-q3-origin_cluster-5072,3,candidate,15,173.70384620000002,0.0017309170216321945,15,1.0,2605.557693,True,
LOCAL-v1-q3-origin_cluster-5073,3,candidate,10,267.6775029,0.001107958029024303,10,1.0,2676.775029,True,
LOCAL-v1-q3-origin_cluster-5074,3,candidate,16,37.370582875,0.001614792039617896,16,1.0,597.929326,True,
LOCAL-v1-q3-origin_cluster-5075,3,candidate,15,171.22905666666665,0.0018896249821409583,15,1.0,2568.43585,True,
LOCAL-v1-q3-origin_cluster-5076,3,candidate,12,219.97008383333332,0.0014039580710232258,12,1.0,2639.641006,True,
LOCAL-v1-q3-origin_cluster-5077,3,candidate,14,184.2439102142857,0.0015410840278491378,14,1.0,2579.414743,True,
LOCAL-v1-q3-origin_cluster-5078,3,candidate,13,205.03468776923077,0.0014564170269295573,13,1.0,2665.450941,True,
LOCAL-v1-q3-origin_cluster-5079,3,candidate,10,269.5821208,0.0011910420143976808,10,1.0,2695.821208,True,
LOCAL-v1-q3-origin_cluster-5080,3,candidate,10,267.6376824,0.001093790982849896,10,1.0,2676.376824,True,
LOCAL-v1-q3-origin_cluster-5081,3,candidate,16,32.6953348125,0.001797374919988215,16,1.0,523.125357,True,
LOCAL-v1-q3-origin_cluster-5082,3,candidate,13,200.75502815384613,0.0014328750548884273,13,1.0,2609.815366,True,
LOCAL-v1-q3-origin_cluster-5083,3,candidate,13,201.7490463076923,0.0015052499948069453,13,1.0,2622.737602,True,
LOCAL-v1-q3-origin_cluster-5084,3,candidate,14,190.8948392142857,0.0017159170238301158,14,1.0,2672.527749,True,
LOCAL-v1-q3-origin_cluster-5085,3,candidate,15,172.23980500000002,0.0016936250030994415,15,1.0,2583.597075,True,
LOCAL-v1-q3-origin_cluster-5086,3,candidate,12,218.79317541666668,0.0014483330305665731,12,1.0,2625.518105,True,
LOCAL-v1-q3-origin_cluster-5087,3,candidate,13,201.023223,0.0014649169752374291,13,1.0,2613.301899,True,
LOCAL-v1-q3-origin_cluster-5088,3,candidate,16,35.833333875,0.0016128749120980501,16,1.0,573.333342,True,
LOCAL-v1-q3-origin_cluster-5089,3,candidate,15,171.76996253333334,0.0016684579895809293,15,1.0,2576.549438,True,
LOCAL-v1-q3-origin_cluster-5090,3,candidate,14,184.41763885714286,0.001436582999303937,14,1.0,2581.846944,True,
LOCAL-v1-q3-origin_cluster-5091,3,candidate,12,218.27290666666667,0.0014806250110268593,12,1.0,2619.27488,True,
LOCAL-v1-q3-origin_cluster-5092,3,candidate,11,244.32205563636364,0.0014650840312242508,11,1.0,2687.542612,True,
LOCAL-v1-q3-origin_cluster-5093,3,candidate,15,172.88978473333333,0.001793124945834279,15,1.0,2593.346771,True,
LOCAL-v1-q3-origin_cluster-5094,3,candidate,11,241.09442163636365,0.001246000058017671,11,1.0,2652.038638,True,
LOCAL-v1-q3-origin_cluster-5095,3,candidate,10,270.4589386,0.0012186249950900674,10,1.0,2704.589386,True,
LOCAL-v1-q3-origin_cluster-5096,3,candidate,14,185.57614914285713,0.0014353339793160558,14,1.0,2598.066088,True,
LOCAL-v1-q3-origin_cluster-5097,3,candidate,13,202.64180576923079,0.0015706249978393316,13,1.0,2634.343475,True,
LOCAL-v1-q3-origin_cluster-5098,3,candidate,16,34.61546175,0.001872749999165535,16,1.0,553.847388,True,
LOCAL-v1-q3-origin_cluster-5099,3,candidate,13,201.99524484615387,0.0014284580247476697,13,1.0,2625.938183,True,
LOCAL-v1-q3-minimum_radius-5000,3,candidate,11,293.9094980909091,0.001449999981559813,11,1.0,3233.004479,True,
LOCAL-v1-q3-minimum_radius-5001,3,candidate,14,291.5614837142857,0.0024992089020088315,14,1.0,4081.860772,True,
LOCAL-v1-q3-minimum_radius-5002,3,candidate,15,265.8550891333333,0.0023763750214129686,15,1.0,3987.826337,True,
LOCAL-v1-q3-minimum_radius-5003,3,candidate,11,311.75770863636365,0.0014789170818403363,11,1.0,3429.334795,True,
LOCAL-v1-q3-minimum_radius-5004,3,candidate,12,327.9517835,0.0016767500201240182,12,1.0,3935.421402,True,
LOCAL-v1-q3-minimum_radius-5005,3,candidate,11,347.517552,0.0016165419947355986,11,1.0,3822.693072,True,
LOCAL-v1-q3-minimum_radius-5006,3,candidate,11,314.28845009090907,0.0015322919934988022,11,1.0,3457.172951,True,
LOCAL-v1-q3-minimum_radius-5007,3,candidate,11,298.2304478181818,0.001491375034675002,11,1.0,3280.534926,True,
LOCAL-v1-q3-minimum_radius-5008,3,candidate,10,360.63348759999997,0.0017313340213149786,10,1.0,3606.334876,True,
LOCAL-v1-q3-minimum_radius-5009,3,candidate,14,290.56133692857145,0.0017600420396775007,14,1.0,4067.858717,True,
LOCAL-v1-q3-minimum_radius-5010,3,candidate,12,279.65510625,0.002340042032301426,12,1.0,3355.861275,True,
LOCAL-v1-q3-minimum_radius-5011,3,candidate,15,295.11529946666667,0.0022947079269215465,15,1.0,4426.729492,True,
LOCAL-v1-q3-minimum_radius-5012,3,candidate,10,314.28530420000004,0.0013295840471982956,10,1.0,3142.853042,True,
LOCAL-v1-q3-minimum_radius-5013,3,candidate,12,302.18938533333335,0.0014654169790446758,12,1.0,3626.272624,True,
LOCAL-v1-q3-minimum_radius-5014,3,candidate,11,319.60148572727275,0.0011656249407678843,11,1.0,3515.616343,True,
LOCAL-v1-q3-minimum_radius-5015,3,candidate,12,298.4619660833333,0.0020416249753907323,12,1.0,3581.543593,True,
LOCAL-v1-q3-minimum_radius-5016,3,candidate,16,280.4214999375,0.0023724999045953155,16,1.0,4486.743999,True,
LOCAL-v1-q3-minimum_radius-5017,3,candidate,15,260.0123738666667,0.002022749977186322,15,1.0,3900.185608,True,
LOCAL-v1-q3-minimum_radius-5018,3,candidate,10,353.3424263,0.0013499170308932662,10,1.0,3533.424263,True,
LOCAL-v1-q3-minimum_radius-5019,3,candidate,11,350.73617963636366,0.0015485830372199416,11,1.0,3858.097976,True,
LOCAL-v1-q3-minimum_radius-5020,3,candidate,16,214.125496875,0.0020808340050280094,16,1.0,3426.00795,True,
LOCAL-v1-q3-minimum_radius-5021,3,candidate,14,278.2181037857143,0.0016270419582724571,14,1.0,3895.053453,True,
LOCAL-v1-q3-minimum_radius-5022,3,candidate,14,266.6307837857143,0.0022511250572279096,14,1.0,3732.830973,True,
LOCAL-v1-q3-minimum_radius-5023,3,candidate,15,240.28152833333334,0.0019665000727400184,15,1.0,3604.222925,True,
LOCAL-v1-q3-minimum_radius-5024,3,candidate,13,286.2890432307692,0.00160920899361372,13,1.0,3721.757562,True,
LOCAL-v1-q3-minimum_radius-5025,3,candidate,12,309.43955783333337,0.0016014579450711608,12,1.0,3713.274694,True,
LOCAL-v1-q3-minimum_radius-5026,3,candidate,15,280.10532513333334,0.0018412919016554952,15,1.0,4201.579877,True,
LOCAL-v1-q3-minimum_radius-5027,3,candidate,11,288.1095259090909,0.0015616669552400708,11,1.0,3169.204785,True,
LOCAL-v1-q3-minimum_radius-5028,3,candidate,10,364.99401950000004,0.0019527499098330736,10,1.0,3649.940195,True,
LOCAL-v1-q3-minimum_radius-5029,3,candidate,11,296.0219032727273,0.0013317499542608857,11,1.0,3256.240936,True,
LOCAL-v1-q3-minimum_radius-5030,3,candidate,12,286.31533225,0.0012843749718740582,12,1.0,3435.783987,True,
LOCAL-v1-q3-minimum_radius-5031,3,candidate,15,268.3916470666667,0.0021458750125020742,15,1.0,4025.874706,True,
LOCAL-v1-q3-minimum_radius-5032,3,candidate,11,341.16978854545454,0.001612166059203446,11,1.0,3752.867674,True,
LOCAL-v1-q3-minimum_radius-5033,3,candidate,14,254.9324212857143,0.002319083083420992,14,1.0,3569.053898,True,
LOCAL-v1-q3-minimum_radius-5034,3,candidate,16,227.691010125,0.001790250069461763,16,1.0,3643.056162,True,
LOCAL-v1-q3-minimum_radius-5035,3,candidate,10,350.931065,0.0011365830432623625,10,1.0,3509.31065,True,
LOCAL-v1-q3-minimum_radius-5036,3,candidate,15,254.973363,0.002241875045001507,15,1.0,3824.600445,True,
LOCAL-v1-q3-minimum_radius-5037,3,candidate,15,274.02616546666667,0.002450415981002152,15,1.0,4110.392482,True,
LOCAL-v1-q3-minimum_radius-5038,3,candidate,16,265.4899525625,0.0029098750092089176,16,1.0,4247.839241,True,
LOCAL-v1-q3-minimum_radius-5039,3,candidate,10,366.888823,0.001954291947185993,10,1.0,3668.88823,True,
LOCAL-v1-q3-minimum_radius-5040,3,candidate,15,261.38049766666666,0.002608250011689961,15,1.0,3920.707465,True,
LOCAL-v1-q3-minimum_radius-5041,3,candidate,15,276.8088410666667,0.00209966697730124,15,1.0,4152.132616,True,
LOCAL-v1-q3-minimum_radius-5042,3,candidate,11,312.9230992727273,0.001496792072430253,11,1.0,3442.154092,True,
LOCAL-v1-q3-minimum_radius-5043,3,candidate,12,305.8605968333333,0.0019026660593226552,12,1.0,3670.327162,True,
LOCAL-v1-q3-minimum_radius-5044,3,candidate,11,321.91055327272727,0.0015049169305711985,11,1.0,3541.016086,True,
LOCAL-v1-q3-minimum_radius-5045,3,candidate,11,325.89304127272726,0.0015940000303089619,11,1.0,3584.823454,True,
LOCAL-v1-q3-minimum_radius-5046,3,candidate,10,365.78775,0.0010100000072270632,10,1.0,3657.8775,True,
LOCAL-v1-q3-minimum_radius-5047,3,candidate,16,242.4472200625,0.0024630839470773935,16,1.0,3879.155521,True,
LOCAL-v1-q3-minimum_radius-5048,3,candidate,12,307.83819325,0.001723957946524024,12,1.0,3694.058319,True,
LOCAL-v1-q3-minimum_radius-5049,3,candidate,10,357.6335122,0.0014474170748144388,10,1.0,3576.335122,True,
LOCAL-v1-q3-minimum_radius-5050,3,candidate,15,263.1888904,0.0020987919997423887,15,1.0,3947.833356,True,
LOCAL-v1-q3-minimum_radius-5051,3,candidate,11,353.303469,0.0012112909462302923,11,1.0,3886.338159,True,
LOCAL-v1-q3-minimum_radius-5052,3,candidate,13,291.1356006153846,0.001973083009943366,13,1.0,3784.762808,True,
LOCAL-v1-q3-minimum_radius-5053,3,candidate,16,260.9103828125,0.002729250001721084,16,1.0,4174.566125,True,
LOCAL-v1-q3-minimum_radius-5054,3,candidate,16,274.671641,0.002579792053438723,16,1.0,4394.746256,True,
LOCAL-v1-q3-minimum_radius-5055,3,candidate,12,322.89093125,0.0016998749924823642,12,1.0,3874.691175,True,
LOCAL-v1-q3-minimum_radius-5056,3,candidate,13,309.47336292307693,0.002386749954894185,13,1.0,4023.153718,True,
LOCAL-v1-q3-minimum_radius-5057,3,candidate,13,273.5520171538461,0.0018829168984666467,13,1.0,3556.176223,True,
LOCAL-v1-q3-minimum_radius-5058,3,candidate,14,254.959691,0.0017477079527452588,14,1.0,3569.435674,True,
LOCAL-v1-q3-minimum_radius-5059,3,candidate,12,299.6071099166667,0.0017652499955147505,12,1.0,3595.285319,True,
LOCAL-v1-q3-minimum_radius-5060,3,candidate,11,332.4481477272727,0.0018523329636082053,11,1.0,3656.929625,True,
LOCAL-v1-q3-minimum_radius-5061,3,candidate,13,259.51486423076926,0.0018264999380335212,13,1.0,3373.693235,True,
LOCAL-v1-q3-minimum_radius-5062,3,candidate,16,254.066401375,0.0020236659329384565,16,1.0,4065.062422,True,
LOCAL-v1-q3-minimum_radius-5063,3,candidate,15,273.56068166666665,0.0022703330032527447,15,1.0,4103.410225,True,
LOCAL-v1-q3-minimum_radius-5064,3,candidate,13,277.7130836923077,0.0019409159431234002,13,1.0,3610.270088,True,
LOCAL-v1-q3-minimum_radius-5065,3,candidate,12,294.0113646666667,0.0015707080019637942,12,1.0,3528.136376,True,
LOCAL-v1-q3-minimum_radius-5066,3,candidate,10,335.9307581,0.0013956669718027115,10,1.0,3359.307581,True,
LOCAL-v1-q3-minimum_radius-5067,3,candidate,16,261.0569275,0.0022254580399021506,16,1.0,4176.91084,True,
LOCAL-v1-q3-minimum_radius-5068,3,candidate,13,279.88291884615387,0.001475999946705997,13,1.0,3638.477945,True,
LOCAL-v1-q3-minimum_radius-5069,3,candidate,14,273.8076596428572,0.002182916970923543,14,1.0,3833.307235,True,
LOCAL-v1-q3-minimum_radius-5070,3,candidate,12,350.89205616666663,0.0018393750069662929,12,1.0,4210.704674,True,
LOCAL-v1-q3-minimum_radius-5071,3,candidate,12,302.90837758333333,0.0014794169692322612,12,1.0,3634.900531,True,
LOCAL-v1-q3-minimum_radius-5072,3,candidate,15,267.3877812,0.002016750047914684,15,1.0,4010.816718,True,
LOCAL-v1-q3-minimum_radius-5073,3,candidate,10,350.9219466,0.0012809999752789736,10,1.0,3509.219466,True,
LOCAL-v1-q3-minimum_radius-5074,3,candidate,16,244.299224125,0.0026621660217642784,16,1.0,3908.787586,True,
LOCAL-v1-q3-minimum_radius-5075,3,candidate,15,260.16315373333333,0.002483875025063753,15,1.0,3902.447306,True,
LOCAL-v1-q3-minimum_radius-5076,3,candidate,12,283.346657,0.0015740840462967753,12,1.0,3400.159884,True,
LOCAL-v1-q3-minimum_radius-5077,3,candidate,14,269.1879336428571,0.001629791921004653,14,1.0,3768.631071,True,
LOCAL-v1-q3-minimum_radius-5078,3,candidate,13,283.83675584615384,0.0020960409892722964,13,1.0,3689.877826,True,
LOCAL-v1-q3-minimum_radius-5079,3,candidate,10,354.74088689999996,0.0012678749626502395,10,1.0,3547.408869,True,
LOCAL-v1-q3-minimum_radius-5080,3,candidate,10,331.5450267,0.001294667017646134,10,1.0,3315.450267,True,
LOCAL-v1-q3-minimum_radius-5081,3,candidate,16,251.085639,0.0024134999839589,16,1.0,4017.370224,True,
LOCAL-v1-q3-minimum_radius-5082,3,candidate,13,269.29028976923075,0.0017531670164316893,13,1.0,3500.773767,True,
LOCAL-v1-q3-minimum_radius-5083,3,candidate,13,288.3088443076923,0.00169308390468359,13,1.0,3748.014976,True,
LOCAL-v1-q3-minimum_radius-5084,3,candidate,14,265.17778285714286,0.0020122500136494637,14,1.0,3712.48896,True,
LOCAL-v1-q3-minimum_radius-5085,3,candidate,15,288.0620918,0.0025059590116143227,15,1.0,4320.931377,True,
LOCAL-v1-q3-minimum_radius-5086,3,candidate,12,305.6240774166667,0.0016038339817896485,12,1.0,3667.488929,True,
LOCAL-v1-q3-minimum_radius-5087,3,candidate,13,252.36979884615386,0.0019197500078007579,13,1.0,3280.807385,True,
LOCAL-v1-q3-minimum_radius-5088,3,candidate,16,236.516212375,0.0022901248885318637,16,1.0,3784.259398,True,
LOCAL-v1-q3-minimum_radius-5089,3,candidate,15,285.6936342,0.001693165977485478,15,1.0,4285.404513,True,
LOCAL-v1-q3-minimum_radius-5090,3,candidate,14,264.6767632142857,0.001786916982382536,14,1.0,3705.474685,True,
LOCAL-v1-q3-minimum_radius-5091,3,candidate,12,315.123311,0.00187391706276685,12,1.0,3781.479732,True,
LOCAL-v1-q3-minimum_radius-5092,3,candidate,11,373.609798,0.0015837079845368862,11,1.0,4109.707778,True,
LOCAL-v1-q3-minimum_radius-5093,3,candidate,15,270.05257386666665,0.0018016248941421509,15,1.0,4050.788608,True,
LOCAL-v1-q3-minimum_radius-5094,3,candidate,11,342.94932700000004,0.0010794579284265637,11,1.0,3772.442597,True,
LOCAL-v1-q3-minimum_radius-5095,3,candidate,10,376.408316,0.0011905001010745764,10,1.0,3764.08316,True,
LOCAL-v1-q3-minimum_radius-5096,3,candidate,14,296.50642492857145,0.002313417033292353,14,1.0,4151.089949,True,
LOCAL-v1-q3-minimum_radius-5097,3,candidate,13,266.0587463846154,0.0015228749252855778,13,1.0,3458.763703,True,
LOCAL-v1-q3-minimum_radius-5098,3,candidate,16,284.550282625,0.0027743750251829624,16,1.0,4552.804522,True,
LOCAL-v1-q3-minimum_radius-5099,3,candidate,13,288.44368561538465,0.0022053749999031425,13,1.0,3749.767913,True,
LOCAL-v1-q3-exactly10_sources-5000,3,candidate,10,366.47466840000004,0.0018360000103712082,10,1.0,3664.746684,True,
LOCAL-v1-q3-exactly10_sources-5001,3,candidate,10,322.0605293,0.0016509999986737967,10,1.0,3220.605293,True,
LOCAL-v1-q3-exactly10_sources-5002,3,candidate,10,331.7912927,0.0019000829197466373,10,1.0,3317.912927,True,
LOCAL-v1-q3-exactly10_sources-5003,3,candidate,10,363.93134960000003,0.0013982090167701244,10,1.0,3639.313496,True,
LOCAL-v1-q3-exactly10_sources-5004,3,candidate,10,324.9629448,0.0014360420173034072,10,1.0,3249.629448,True,
LOCAL-v1-q3-exactly10_sources-5005,3,candidate,10,336.1746109,0.0021663749357685447,10,1.0,3361.746109,True,
LOCAL-v1-q3-exactly10_sources-5006,3,candidate,10,329.014161,0.0016983329551294446,10,1.0,3290.14161,True,
LOCAL-v1-q3-exactly10_sources-5007,3,candidate,10,326.1019522,0.0013917910400778055,10,1.0,3261.019522,True,
LOCAL-v1-q3-exactly10_sources-5008,3,candidate,10,355.80731019999996,0.0016193750780075788,10,1.0,3558.073102,True,
LOCAL-v1-q3-exactly10_sources-5009,3,candidate,10,333.03040569999996,0.001950250007212162,10,1.0,3330.304057,True,
LOCAL-v1-q3-exactly10_sources-5010,3,candidate,10,325.4759477,0.0018397499807178974,10,1.0,3254.759477,True,
LOCAL-v1-q3-exactly10_sources-5011,3,candidate,10,355.9026348,0.0014512500492855906,10,1.0,3559.026348,True,
LOCAL-v1-q3-exactly10_sources-5012,3,candidate,10,353.007095,0.0013528339331969619,10,1.0,3530.07095,True,
LOCAL-v1-q3-exactly10_sources-5013,3,candidate,10,309.4700203,0.0014032499166205525,10,1.0,3094.700203,True,
LOCAL-v1-q3-exactly10_sources-5014,3,candidate,10,350.2159034,0.0014743329957127571,10,1.0,3502.159034,True,
LOCAL-v1-q3-exactly10_sources-5015,3,candidate,10,371.9405271,0.0016002089250832796,10,1.0,3719.405271,True,
LOCAL-v1-q3-exactly10_sources-5016,3,candidate,10,341.01141210000003,0.0015716670313850045,10,1.0,3410.114121,True,
LOCAL-v1-q3-exactly10_sources-5017,3,candidate,10,377.1907517,0.0014227080391719937,10,1.0,3771.907517,True,
LOCAL-v1-q3-exactly10_sources-5018,3,candidate,10,330.2122845,0.0016093750018626451,10,1.0,3302.122845,True,
LOCAL-v1-q3-exactly10_sources-5019,3,candidate,10,339.1506187,0.001435208017937839,10,1.0,3391.506187,True,
LOCAL-v1-q3-exactly10_sources-5020,3,candidate,10,362.5430271,0.001755374949425459,10,1.0,3625.430271,True,
LOCAL-v1-q3-exactly10_sources-5021,3,candidate,10,365.4615903,0.0016246250597760081,10,1.0,3654.615903,True,
LOCAL-v1-q3-exactly10_sources-5022,3,candidate,10,337.17345839999996,0.0015454170061275363,10,1.0,3371.734584,True,
LOCAL-v1-q3-exactly10_sources-5023,3,candidate,10,356.4721659,0.0016596670029684901,10,1.0,3564.721659,True,
LOCAL-v1-q3-exactly10_sources-5024,3,candidate,10,307.5663774,0.0018103329930454493,10,1.0,3075.663774,True,
LOCAL-v1-q3-exactly10_sources-5025,3,candidate,10,337.7186463,0.0019975409377366304,10,1.0,3377.186463,True,
LOCAL-v1-q3-exactly10_sources-5026,3,candidate,10,361.8282153,0.0016193329356610775,10,1.0,3618.282153,True,
LOCAL-v1-q3-exactly10_sources-5027,3,candidate,10,346.6459464,0.0017582080326974392,10,1.0,3466.459464,True,
LOCAL-v1-q3-exactly10_sources-5028,3,candidate,10,361.0458926,0.0015319579979404807,10,1.0,3610.458926,True,
LOCAL-v1-q3-exactly10_sources-5029,3,candidate,10,330.9883515,0.0022076660534366965,10,1.0,3309.883515,True,
LOCAL-v1-q3-exactly10_sources-5030,3,candidate,10,316.8484517,0.0012400000123307109,10,1.0,3168.484517,True,
LOCAL-v1-q3-exactly10_sources-5031,3,candidate,10,324.2381774,0.002031249925494194,10,1.0,3242.381774,True,
LOCAL-v1-q3-exactly10_sources-5032,3,candidate,10,359.82878689999995,0.0014017079956829548,10,1.0,3598.287869,True,
LOCAL-v1-q3-exactly10_sources-5033,3,candidate,10,349.4430559,0.0013820829335600138,10,1.0,3494.430559,True,
LOCAL-v1-q3-exactly10_sources-5034,3,candidate,10,298.87424580000004,0.0019511249847710133,10,1.0,2988.742458,True,
LOCAL-v1-q3-exactly10_sources-5035,3,candidate,10,374.4608636,0.0018938329303637147,10,1.0,3744.608636,True,
LOCAL-v1-q3-exactly10_sources-5036,3,candidate,10,349.3052237,0.001781916944310069,10,1.0,3493.052237,True,
LOCAL-v1-q3-exactly10_sources-5037,3,candidate,10,372.863948,0.0016304160235449672,10,1.0,3728.63948,True,
LOCAL-v1-q3-exactly10_sources-5038,3,candidate,10,376.7164157,0.0022650830214843154,10,1.0,3767.164157,True,
LOCAL-v1-q3-exactly10_sources-5039,3,candidate,10,337.66697250000004,0.0012649999698624015,10,1.0,3376.669725,True,
LOCAL-v1-q3-exactly10_sources-5040,3,candidate,10,339.2482338,0.0017699169693514705,10,1.0,3392.482338,True,
LOCAL-v1-q3-exactly10_sources-5041,3,candidate,10,321.2685109,0.0014614580431953073,10,1.0,3212.685109,True,
LOCAL-v1-q3-exactly10_sources-5042,3,candidate,10,347.5763211,0.0019785420736297965,10,1.0,3475.763211,True,
LOCAL-v1-q3-exactly10_sources-5043,3,candidate,10,337.190866,0.001964958035387099,10,1.0,3371.90866,True,
LOCAL-v1-q3-exactly10_sources-5044,3,candidate,10,349.9020799,0.0016557499766349792,10,1.0,3499.020799,True,
LOCAL-v1-q3-exactly10_sources-5045,3,candidate,10,370.75374750000003,0.0019895000150427222,10,1.0,3707.537475,True,
LOCAL-v1-q3-exactly10_sources-5046,3,candidate,10,371.2379363,0.0017248749500140548,10,1.0,3712.379363,True,
LOCAL-v1-q3-exactly10_sources-5047,3,candidate,10,310.1490746,0.0017615410033613443,10,1.0,3101.490746,True,
LOCAL-v1-q3-exactly10_sources-5048,3,candidate,10,343.1508447,0.0017169170314446092,10,1.0,3431.508447,True,
LOCAL-v1-q3-exactly10_sources-5049,3,candidate,10,346.6364362,0.001736292033456266,10,1.0,3466.364362,True,
LOCAL-v1-q3-exactly10_sources-5050,3,candidate,10,344.23684629999997,0.0018031250219792128,10,1.0,3442.368463,True,
LOCAL-v1-q3-exactly10_sources-5051,3,candidate,10,418.08287069999994,0.0016627500299364328,10,1.0,4180.828707,True,
LOCAL-v1-q3-exactly10_sources-5052,3,candidate,10,385.1935937,0.0022592080058529973,10,1.0,3851.935937,True,
LOCAL-v1-q3-exactly10_sources-5053,3,candidate,10,354.1312898,0.001835457980632782,10,1.0,3541.312898,True,
LOCAL-v1-q3-exactly10_sources-5054,3,candidate,10,327.8166142,0.0017254999838769436,10,1.0,3278.166142,True,
LOCAL-v1-q3-exactly10_sources-5055,3,candidate,10,355.4635033,0.0015460000140592456,10,1.0,3554.635033,True,
LOCAL-v1-q3-exactly10_sources-5056,3,candidate,10,359.47165970000003,0.0020239169243723154,10,1.0,3594.716597,True,
LOCAL-v1-q3-exactly10_sources-5057,3,candidate,10,343.30219189999997,0.001696416991762817,10,1.0,3433.021919,True,
LOCAL-v1-q3-exactly10_sources-5058,3,candidate,10,360.5561441,0.002215291024185717,10,1.0,3605.561441,True,
LOCAL-v1-q3-exactly10_sources-5059,3,candidate,10,324.8747088,0.0017600839491933584,10,1.0,3248.747088,True,
LOCAL-v1-q3-exactly10_sources-5060,3,candidate,10,343.2247817,0.0017379999626427889,10,1.0,3432.247817,True,
LOCAL-v1-q3-exactly10_sources-5061,3,candidate,10,336.4971283,0.0016057089669629931,10,1.0,3364.971283,True,
LOCAL-v1-q3-exactly10_sources-5062,3,candidate,10,368.5900416,0.0013657920062541962,10,1.0,3685.900416,True,
LOCAL-v1-q3-exactly10_sources-5063,3,candidate,10,368.3595335,0.0011982090072706342,10,1.0,3683.595335,True,
LOCAL-v1-q3-exactly10_sources-5064,3,candidate,10,365.2661151,0.0017762919887900352,10,1.0,3652.661151,True,
LOCAL-v1-q3-exactly10_sources-5065,3,candidate,10,360.0812209,0.0017412499291822314,10,1.0,3600.812209,True,
LOCAL-v1-q3-exactly10_sources-5066,3,candidate,10,314.555797,0.0017146249301731586,10,1.0,3145.55797,True,
LOCAL-v1-q3-exactly10_sources-5067,3,candidate,10,316.2643342,0.0015344589482992887,10,1.0,3162.643342,True,
LOCAL-v1-q3-exactly10_sources-5068,3,candidate,10,345.63749659999996,0.0015670000575482845,10,1.0,3456.374966,True,
LOCAL-v1-q3-exactly10_sources-5069,3,candidate,10,324.7595864,0.0014744589570909739,10,1.0,3247.595864,True,
LOCAL-v1-q3-exactly10_sources-5070,3,candidate,10,337.1956374,0.0020238750148564577,10,1.0,3371.956374,True,
LOCAL-v1-q3-exactly10_sources-5071,3,candidate,10,325.0118269,0.001322958036325872,10,1.0,3250.118269,True,
LOCAL-v1-q3-exactly10_sources-5072,3,candidate,10,344.4462767,0.00174791703466326,10,1.0,3444.462767,True,
LOCAL-v1-q3-exactly10_sources-5073,3,candidate,10,354.4306545,0.002064166939817369,10,1.0,3544.306545,True,
LOCAL-v1-q3-exactly10_sources-5074,3,candidate,10,344.07572719999996,0.0018435419769957662,10,1.0,3440.757272,True,
LOCAL-v1-q3-exactly10_sources-5075,3,candidate,10,364.4060389,0.0019885830115526915,10,1.0,3644.060389,True,
LOCAL-v1-q3-exactly10_sources-5076,3,candidate,10,340.83488739999996,0.0016749590868130326,10,1.0,3408.348874,True,
LOCAL-v1-q3-exactly10_sources-5077,3,candidate,10,327.7758125,0.00155420892406255,10,1.0,3277.758125,True,
LOCAL-v1-q3-exactly10_sources-5078,3,candidate,10,348.3094959,0.0017584579763934016,10,1.0,3483.094959,True,
LOCAL-v1-q3-exactly10_sources-5079,3,candidate,10,337.3071372,0.0024854590883478522,10,1.0,3373.071372,True,
LOCAL-v1-q3-exactly10_sources-5080,3,candidate,10,321.4178554,0.001467249938286841,10,1.0,3214.178554,True,
LOCAL-v1-q3-exactly10_sources-5081,3,candidate,10,332.2571788,0.0018964579794555902,10,1.0,3322.571788,True,
LOCAL-v1-q3-exactly10_sources-5082,3,candidate,10,385.9286213,0.0018272079760208726,10,1.0,3859.286213,True,
LOCAL-v1-q3-exactly10_sources-5083,3,candidate,10,344.87461870000004,0.0016830419190227985,10,1.0,3448.746187,True,
LOCAL-v1-q3-exactly10_sources-5084,3,candidate,10,315.9203499,0.0015632080612704158,10,1.0,3159.203499,True,
LOCAL-v1-q3-exactly10_sources-5085,3,candidate,10,352.0374353,0.0015635830350220203,10,1.0,3520.374353,True,
LOCAL-v1-q3-exactly10_sources-5086,3,candidate,10,311.6065643,0.0015756669454276562,10,1.0,3116.065643,True,
LOCAL-v1-q3-exactly10_sources-5087,3,candidate,10,366.75120419999996,0.0018484999891370535,10,1.0,3667.512042,True,
LOCAL-v1-q3-exactly10_sources-5088,3,candidate,10,328.9710881,0.0018059579888358712,10,1.0,3289.710881,True,
LOCAL-v1-q3-exactly10_sources-5089,3,candidate,10,328.5867108,0.001480082981288433,10,1.0,3285.867108,True,
LOCAL-v1-q3-exactly10_sources-5090,3,candidate,10,360.7833799,0.0014622920425608754,10,1.0,3607.833799,True,
LOCAL-v1-q3-exactly10_sources-5091,3,candidate,10,330.7578345,0.001411916920915246,10,1.0,3307.578345,True,
LOCAL-v1-q3-exactly10_sources-5092,3,candidate,10,348.70041230000004,0.0018377499654889107,10,1.0,3487.004123,True,
LOCAL-v1-q3-exactly10_sources-5093,3,candidate,10,318.845879,0.0019573329482227564,10,1.0,3188.45879,True,
LOCAL-v1-q3-exactly10_sources-5094,3,candidate,10,368.9209598,0.0015212910948321223,10,1.0,3689.209598,True,
LOCAL-v1-q3-exactly10_sources-5095,3,candidate,10,331.3204277,0.0016688749892637134,10,1.0,3313.204277,True,
LOCAL-v1-q3-exactly10_sources-5096,3,candidate,10,384.3391282,0.0017437079222872853,10,1.0,3843.391282,True,
LOCAL-v1-q3-exactly10_sources-5097,3,candidate,10,317.3894914,0.002039915998466313,10,1.0,3173.894914,True,
LOCAL-v1-q3-exactly10_sources-5098,3,candidate,10,347.19354910000004,0.0016424170462414622,10,1.0,3471.935491,True,
LOCAL-v1-q3-exactly10_sources-5099,3,candidate,10,348.308175,0.0018935839179903269,10,1.0,3483.08175,True,
LOCAL-v1-q3-exactly16_sources-5000,3,candidate,16,275.4373506875,0.0027695420430973172,16,1.0,4406.997611,True,
LOCAL-v1-q3-exactly16_sources-5001,3,candidate,16,224.7264011875,0.0034953750437125564,16,1.0,3595.622419,True,
LOCAL-v1-q3-exactly16_sources-5002,3,candidate,16,248.6334490625,0.0028491250704973936,16,1.0,3978.135185,True,
LOCAL-v1-q3-exactly16_sources-5003,3,candidate,16,229.5542329375,0.003031000029295683,16,1.0,3672.867727,True,
LOCAL-v1-q3-exactly16_sources-5004,3,candidate,16,256.3931389375,0.0033168750815093517,16,1.0,4102.290223,True,
LOCAL-v1-q3-exactly16_sources-5005,3,candidate,16,246.2415044375,0.003042791970074177,16,1.0,3939.864071,True,
LOCAL-v1-q3-exactly16_sources-5006,3,candidate,16,239.038932,0.0027762919198721647,16,1.0,3824.622912,True,
LOCAL-v1-q3-exactly16_sources-5007,3,candidate,16,253.3003599375,0.0028283329447731376,16,1.0,4052.805759,True,
LOCAL-v1-q3-exactly16_sources-5008,3,candidate,16,268.123129,0.004005915950983763,16,1.0,4289.970064,True,
LOCAL-v1-q3-exactly16_sources-5009,3,candidate,16,219.5615,0.0031404170440509915,16,1.0,3512.984,True,
LOCAL-v1-q3-exactly16_sources-5010,3,candidate,16,239.526720625,0.002671291003935039,16,1.0,3832.42753,True,
LOCAL-v1-q3-exactly16_sources-5011,3,candidate,16,238.305030125,0.00253662490285933,16,1.0,3812.880482,True,
LOCAL-v1-q3-exactly16_sources-5012,3,candidate,16,227.2095804375,0.002910875016823411,16,1.0,3635.353287,True,
LOCAL-v1-q3-exactly16_sources-5013,3,candidate,16,264.8750354375,0.0029507919680327177,16,1.0,4238.000567,True,
LOCAL-v1-q3-exactly16_sources-5014,3,candidate,16,246.1526926875,0.003215041011571884,16,1.0,3938.443083,True,
LOCAL-v1-q3-exactly16_sources-5015,3,candidate,16,212.7983779375,0.0026744999922811985,16,1.0,3404.774047,True,
LOCAL-v1-q3-exactly16_sources-5016,3,candidate,16,271.8636465,0.002941124956123531,16,1.0,4349.818344,True,
LOCAL-v1-q3-exactly16_sources-5017,3,candidate,16,225.196103875,0.0027469589840620756,16,1.0,3603.137662,True,
LOCAL-v1-q3-exactly16_sources-5018,3,candidate,16,264.998530375,0.0029592079808935523,16,1.0,4239.976486,True,
LOCAL-v1-q3-exactly16_sources-5019,3,candidate,16,277.6779825625,0.0024513329844921827,16,1.0,4442.847721,True,
LOCAL-v1-q3-exactly16_sources-5020,3,candidate,16,253.238960875,0.002895583980716765,16,1.0,4051.823374,True,
LOCAL-v1-q3-exactly16_sources-5021,3,candidate,16,241.327894125,0.002878999919630587,16,1.0,3861.246306,True,
LOCAL-v1-q3-exactly16_sources-5022,3,candidate,16,268.282344625,0.002521167043596506,16,1.0,4292.517514,True,
LOCAL-v1-q3-exactly16_sources-5023,3,candidate,16,214.221755875,0.002727834042161703,16,1.0,3427.548094,True,
LOCAL-v1-q3-exactly16_sources-5024,3,candidate,16,239.990414625,0.002647208981215954,16,1.0,3839.846634,True,
LOCAL-v1-q3-exactly16_sources-5025,3,candidate,16,258.6579126875,0.0029500419041141868,16,1.0,4138.526603,True,
LOCAL-v1-q3-exactly16_sources-5026,3,candidate,16,219.54901875,0.00304116599727422,16,1.0,3512.7843,True,
LOCAL-v1-q3-exactly16_sources-5027,3,candidate,16,222.5110885,0.0028783329762518406,16,1.0,3560.177416,True,
LOCAL-v1-q3-exactly16_sources-5028,3,candidate,16,231.1473926875,0.002840709057636559,16,1.0,3698.358283,True,
LOCAL-v1-q3-exactly16_sources-5029,3,candidate,16,233.4614399375,0.00331220799125731,16,1.0,3735.383039,True,
LOCAL-v1-q3-exactly16_sources-5030,3,candidate,16,251.12749325,0.002525874995626509,16,1.0,4018.039892,True,
LOCAL-v1-q3-exactly16_sources-5031,3,candidate,16,262.575514375,0.0032911249436438084,16,1.0,4201.20823,True,
LOCAL-v1-q3-exactly16_sources-5032,3,candidate,16,232.5625900625,0.0033054170198738575,16,1.0,3721.001441,True,
LOCAL-v1-q3-exactly16_sources-5033,3,candidate,16,239.677367625,0.002520416979677975,16,1.0,3834.837882,True,
LOCAL-v1-q3-exactly16_sources-5034,3,candidate,16,228.84806675,0.003926665987819433,16,1.0,3661.569068,True,
LOCAL-v1-q3-exactly16_sources-5035,3,candidate,16,225.858452625,0.0028479999164119363,16,1.0,3613.735242,True,
LOCAL-v1-q3-exactly16_sources-5036,3,candidate,16,247.0272414375,0.002747792052105069,16,1.0,3952.435863,True,
LOCAL-v1-q3-exactly16_sources-5037,3,candidate,16,223.8826280625,0.003308042068965733,16,1.0,3582.122049,True,
LOCAL-v1-q3-exactly16_sources-5038,3,candidate,16,262.9268086875,0.003197083016857505,16,1.0,4206.828939,True,
LOCAL-v1-q3-exactly16_sources-5039,3,candidate,16,239.8628920625,0.003117999993264675,16,1.0,3837.806273,True,
LOCAL-v1-q3-exactly16_sources-5040,3,candidate,16,259.227404875,0.0026903330581262708,16,1.0,4147.638478,True,
LOCAL-v1-q3-exactly16_sources-5041,3,candidate,16,260.9048543125,0.002875042031519115,16,1.0,4174.477669,True,
LOCAL-v1-q3-exactly16_sources-5042,3,candidate,16,254.3398141875,0.0036932500079274178,16,1.0,4069.437027,True,
LOCAL-v1-q3-exactly16_sources-5043,3,candidate,16,242.247997375,0.0024365000426769257,16,1.0,3875.967958,True,
LOCAL-v1-q3-exactly16_sources-5044,3,candidate,16,234.6739490625,0.0027346659917384386,16,1.0,3754.783185,True,
LOCAL-v1-q3-exactly16_sources-5045,3,candidate,16,223.704025375,0.0035102920373901725,16,1.0,3579.264406,True,
LOCAL-v1-q3-exactly16_sources-5046,3,candidate,16,231.7455579375,0.002500625094398856,16,1.0,3707.928927,True,
LOCAL-v1-q3-exactly16_sources-5047,3,candidate,16,255.585543125,0.003410500008612871,16,1.0,4089.36869,True,
LOCAL-v1-q3-exactly16_sources-5048,3,candidate,16,232.88046925,0.0030867919558659196,16,1.0,3726.087508,True,
LOCAL-v1-q3-exactly16_sources-5049,3,candidate,16,237.4218059375,0.0034042500192299485,16,1.0,3798.748895,True,
LOCAL-v1-q3-exactly16_sources-5050,3,candidate,16,261.5830165625,0.003250625100918114,16,1.0,4185.328265,True,
LOCAL-v1-q3-exactly16_sources-5051,3,candidate,16,266.3218524375,0.002854041988030076,16,1.0,4261.149639,True,
LOCAL-v1-q3-exactly16_sources-5052,3,candidate,16,194.8678200625,0.0022873750422149897,16,1.0,3117.885121,True,
LOCAL-v1-q3-exactly16_sources-5053,3,candidate,16,253.1668795,0.0026376249734312296,16,1.0,4050.670072,True,
LOCAL-v1-q3-exactly16_sources-5054,3,candidate,16,269.4093608125,0.0030874169897288084,16,1.0,4310.549773,True,
LOCAL-v1-q3-exactly16_sources-5055,3,candidate,16,239.6937534375,0.0034138329792767763,16,1.0,3835.100055,True,
LOCAL-v1-q3-exactly16_sources-5056,3,candidate,16,228.1043664375,0.002902667038142681,16,1.0,3649.669863,True,
LOCAL-v1-q3-exactly16_sources-5057,3,candidate,16,243.739024,0.0026686250930652022,16,1.0,3899.824384,True,
LOCAL-v1-q3-exactly16_sources-5058,3,candidate,16,204.365682125,0.0027431249618530273,16,1.0,3269.850914,True,
LOCAL-v1-q3-exactly16_sources-5059,3,candidate,16,243.3836325625,0.0022741249995306134,16,1.0,3894.138121,True,
LOCAL-v1-q3-exactly16_sources-5060,3,candidate,16,225.7548965,0.003138875006698072,16,1.0,3612.078344,True,
LOCAL-v1-q3-exactly16_sources-5061,3,candidate,16,264.1425105,0.0031232089968398213,16,1.0,4226.280168,True,
LOCAL-v1-q3-exactly16_sources-5062,3,candidate,16,258.6322000625,0.0021786249708384275,16,1.0,4138.115201,True,
LOCAL-v1-q3-exactly16_sources-5063,3,candidate,16,232.141032875,0.0026889999862760305,16,1.0,3714.256526,True,
LOCAL-v1-q3-exactly16_sources-5064,3,candidate,16,263.0545596875,0.0030775839695706964,16,1.0,4208.872955,True,
LOCAL-v1-q3-exactly16_sources-5065,3,candidate,16,226.481458375,0.002708915970288217,16,1.0,3623.703334,True,
LOCAL-v1-q3-exactly16_sources-5066,3,candidate,16,239.4560566875,0.0020702920155599713,16,1.0,3831.296907,True,
LOCAL-v1-q3-exactly16_sources-5067,3,candidate,16,255.9581724375,0.0033919160487130284,16,1.0,4095.330759,True,
LOCAL-v1-q3-exactly16_sources-5068,3,candidate,16,249.6126086875,0.002798040979541838,16,1.0,3993.801739,True,
LOCAL-v1-q3-exactly16_sources-5069,3,candidate,16,253.298827875,0.002852416946552694,16,1.0,4052.781246,True,
LOCAL-v1-q3-exactly16_sources-5070,3,candidate,16,235.2913950625,0.002982917008921504,16,1.0,3764.662321,True,
LOCAL-v1-q3-exactly16_sources-5071,3,candidate,16,252.7994405625,0.002781457966193557,16,1.0,4044.791049,True,
LOCAL-v1-q3-exactly16_sources-5072,3,candidate,16,254.088492875,0.0033456669189035892,16,1.0,4065.415886,True,
LOCAL-v1-q3-exactly16_sources-5073,3,candidate,16,242.8752261875,0.0036951249931007624,16,1.0,3886.003619,True,
LOCAL-v1-q3-exactly16_sources-5074,3,candidate,16,230.92833375,0.0026534170610830188,16,1.0,3694.85334,True,
LOCAL-v1-q3-exactly16_sources-5075,3,candidate,16,258.617242875,0.0038611249765381217,16,1.0,4137.875886,True,
LOCAL-v1-q3-exactly16_sources-5076,3,candidate,16,270.1327085,0.003043541917577386,16,1.0,4322.123336,True,
LOCAL-v1-q3-exactly16_sources-5077,3,candidate,16,245.9929006875,0.0028236249927431345,16,1.0,3935.886411,True,
LOCAL-v1-q3-exactly16_sources-5078,3,candidate,16,222.964637875,0.0036831670440733433,16,1.0,3567.434206,True,
LOCAL-v1-q3-exactly16_sources-5079,3,candidate,16,250.6901915625,0.0026240829611197114,16,1.0,4011.043065,True,
LOCAL-v1-q3-exactly16_sources-5080,3,candidate,16,240.2254338125,0.0031897500157356262,16,1.0,3843.606941,True,
LOCAL-v1-q3-exactly16_sources-5081,3,candidate,16,257.420651375,0.0032415420282632113,16,1.0,4118.730422,True,
LOCAL-v1-q3-exactly16_sources-5082,3,candidate,16,195.7416296875,0.002074040938168764,16,1.0,3131.866075,True,
LOCAL-v1-q3-exactly16_sources-5083,3,candidate,16,239.4257076875,0.002810792066156864,16,1.0,3830.811323,True,
LOCAL-v1-q3-exactly16_sources-5084,3,candidate,16,245.6307864375,0.0032392090652137995,16,1.0,3930.092583,True,
LOCAL-v1-q3-exactly16_sources-5085,3,candidate,16,235.535198375,0.0023799999617040157,16,1.0,3768.563174,True,
LOCAL-v1-q3-exactly16_sources-5086,3,candidate,16,230.6586245,0.002916958066634834,16,1.0,3690.537992,True,
LOCAL-v1-q3-exactly16_sources-5087,3,candidate,16,224.9688058125,0.0027734169270843267,16,1.0,3599.500893,True,
LOCAL-v1-q3-exactly16_sources-5088,3,candidate,16,233.74956575,0.003024292062036693,16,1.0,3739.993052,True,
LOCAL-v1-q3-exactly16_sources-5089,3,candidate,16,266.2415275,0.003420167020522058,16,1.0,4259.86444,True,
LOCAL-v1-q3-exactly16_sources-5090,3,candidate,16,199.7352844375,0.0025548329576849937,16,1.0,3195.764551,True,
LOCAL-v1-q3-exactly16_sources-5091,3,candidate,16,243.95878575,0.0033639160683378577,16,1.0,3903.340572,True,
LOCAL-v1-q3-exactly16_sources-5092,3,candidate,16,259.8754544375,0.0033369999146088958,16,1.0,4158.007271,True,
LOCAL-v1-q3-exactly16_sources-5093,3,candidate,16,225.090447625,0.003027042024768889,16,1.0,3601.447162,True,
LOCAL-v1-q3-exactly16_sources-5094,3,candidate,16,243.571778875,0.0032079999800771475,16,1.0,3897.148462,True,
LOCAL-v1-q3-exactly16_sources-5095,3,candidate,16,252.6238986875,0.0029191659996286035,16,1.0,4041.982379,True,
LOCAL-v1-q3-exactly16_sources-5096,3,candidate,16,229.08226225,0.002990584005601704,16,1.0,3665.316196,True,
LOCAL-v1-q3-exactly16_sources-5097,3,candidate,16,233.840766125,0.002873083925805986,16,1.0,3741.452258,True,
LOCAL-v1-q3-exactly16_sources-5098,3,candidate,16,252.8129069375,0.0029843340162187815,16,1.0,4045.006511,True,
LOCAL-v1-q3-exactly16_sources-5099,3,candidate,16,209.9652409375,0.0017060419777408242,16,1.0,3359.443855,True,
LOCAL-v1-q4-reference_assumed-5000,4,candidate,11,561.4042829090909,0.021541416994296014,11,1.0,6175.447112,True,
LOCAL-v1-q4-reference_assumed-5001,4,candidate,14,538.7943061428572,0.02538225008174777,14,1.0,7543.120286,True,
LOCAL-v1-q4-reference_assumed-5002,4,candidate,15,451.61520793333335,0.0176037079654634,15,1.0,6774.228119,True,
LOCAL-v1-q4-reference_assumed-5003,4,candidate,11,616.834002090909,0.018685332965105772,11,1.0,6785.174023,True,
LOCAL-v1-q4-reference_assumed-5004,4,candidate,12,529.6894925,0.022348750033415854,12,1.0,6356.27391,True,
LOCAL-v1-q4-reference_assumed-5005,4,candidate,11,559.8309478181818,0.0220941249281168,11,1.0,6158.140426,True,
LOCAL-v1-q4-reference_assumed-5006,4,candidate,11,651.0918514545455,0.020122582907788455,11,1.0,7162.010366,True,
LOCAL-v1-q4-reference_assumed-5007,4,candidate,11,626.2190330909091,0.02431287500075996,11,1.0,6888.409364,True,
LOCAL-v1-q4-reference_assumed-5008,4,candidate,10,832.9510201999999,0.021710500004701316,10,1.0,8329.510202,True,
LOCAL-v1-q4-reference_assumed-5009,4,candidate,14,470.76374107142857,0.02366312500089407,14,1.0,6590.692375,True,
LOCAL-v1-q4-reference_assumed-5010,4,candidate,12,527.4955529166667,0.021981083089485765,12,1.0,6329.946635,True,
LOCAL-v1-q4-reference_assumed-5011,4,candidate,15,454.1660244,0.021953584044240415,15,1.0,6812.490366,True,
LOCAL-v1-q4-reference_assumed-5012,4,candidate,10,637.5220757,0.0157078750198707,10,1.0,6375.220757,True,
LOCAL-v1-q4-reference_assumed-5013,4,candidate,12,585.5859179166666,0.016189208021387458,12,1.0,7027.031015,True,
LOCAL-v1-q4-reference_assumed-5014,4,candidate,11,608.1312563636365,0.02156512497458607,11,1.0,6689.44382,True,
LOCAL-v1-q4-reference_assumed-5015,4,candidate,12,585.06021575,0.017569833085872233,12,1.0,7020.722589,True,
LOCAL-v1-q4-reference_assumed-5016,4,candidate,16,416.74275925,0.018105125054717064,16,1.0,6667.884148,True,
LOCAL-v1-q4-reference_assumed-5017,4,candidate,15,550.0794586,0.01943837502039969,15,1.0,8251.191879,True,
LOCAL-v1-q4-reference_assumed-5018,4,candidate,10,800.8156433,0.017842708039097488,10,1.0,8008.156433,True,
LOCAL-v1-q4-reference_assumed-5019,4,candidate,11,622.0236894545454,0.019958624965511262,11,1.0,6842.260584,True,
LOCAL-v1-q4-reference_assumed-5020,4,candidate,16,397.867910375,0.02589458308648318,16,1.0,6365.886566,True,
LOCAL-v1-q4-reference_assumed-5021,4,candidate,14,537.5021294285714,0.020207999972626567,14,1.0,7525.029812,True,
LOCAL-v1-q4-reference_assumed-5022,4,candidate,14,548.0897002857143,0.02185575000476092,14,1.0,7673.255804,True,
LOCAL-v1-q4-reference_assumed-5023,4,candidate,15,417.5092014666667,0.024637124966830015,15,1.0,6262.638022,True,
LOCAL-v1-q4-reference_assumed-5024,4,candidate,13,489.41460076923073,0.017622541985474527,13,1.0,6362.38981,True,
LOCAL-v1-q4-reference_assumed-5025,4,candidate,12,614.5920291666666,0.022446790942922235,12,1.0,7375.10435,True,
LOCAL-v1-q4-reference_assumed-5026,4,candidate,15,433.47234206666667,0.022561290999874473,15,1.0,6502.085131,True,
LOCAL-v1-q4-reference_assumed-5027,4,candidate,11,615.365053,0.02106441603973508,11,1.0,6769.015583,True,
LOCAL-v1-q4-reference_assumed-5028,4,candidate,10,680.4445515,0.0173865839606151,10,1.0,6804.445515,True,
LOCAL-v1-q4-reference_assumed-5029,4,candidate,11,690.7523478181819,0.017847583047114313,11,1.0,7598.275826,True,
LOCAL-v1-q4-reference_assumed-5030,4,candidate,12,694.67683025,0.020552792004309595,12,1.0,8336.121963,True,
LOCAL-v1-q4-reference_assumed-5031,4,candidate,15,503.9328974666667,0.021592500037513673,15,1.0,7558.993462,True,
LOCAL-v1-q4-reference_assumed-5032,4,candidate,11,558.6599091818182,0.019330083043314517,11,1.0,6145.259001,True,
LOCAL-v1-q4-reference_assumed-5033,4,candidate,14,451.3656585,0.0203026250237599,14,1.0,6319.119219,True,
LOCAL-v1-q4-reference_assumed-5034,4,candidate,16,444.049689875,0.021347083966247737,16,1.0,7104.795038,True,
LOCAL-v1-q4-reference_assumed-5035,4,candidate,10,707.3816368,0.016022125026211143,10,1.0,7073.816368,True,
LOCAL-v1-q4-reference_assumed-5036,4,candidate,15,490.6679984,0.017497166991233826,15,1.0,7360.019976,True,
LOCAL-v1-q4-reference_assumed-5037,4,candidate,15,471.2581042,0.020214583026245236,15,1.0,7068.871563,True,
LOCAL-v1-q4-reference_assumed-5038,4,candidate,16,416.0474135,0.02127433300483972,16,1.0,6656.758616,True,
LOCAL-v1-q4-reference_assumed-5039,4,candidate,10,683.3857863000001,0.018455667071975768,10,1.0,6833.857863,True,
LOCAL-v1-q4-reference_assumed-5040,4,candidate,15,420.79123653333335,0.019814750063233078,15,1.0,6311.868548,True,
LOCAL-v1-q4-reference_assumed-5041,4,candidate,15,524.1512816666667,0.023031749995425344,15,1.0,7862.269225,True,
LOCAL-v1-q4-reference_assumed-5042,4,candidate,11,603.7036108181818,0.022167291957885027,11,1.0,6640.739719,True,
LOCAL-v1-q4-reference_assumed-5043,4,candidate,12,575.0153866666667,0.025089040980674326,12,1.0,6900.18464,True,
LOCAL-v1-q4-reference_assumed-5044,4,candidate,11,687.5175959090909,0.018156584003008902,11,1.0,7562.693555,True,
LOCAL-v1-q4-reference_assumed-5045,4,candidate,11,573.3942023636364,0.016122958972118795,11,1.0,6307.336226,True,
LOCAL-v1-q4-reference_assumed-5046,4,candidate,10,655.4023424,0.019364917068742216,10,1.0,6554.023424,True,
LOCAL-v1-q4-reference_assumed-5047,4,candidate,16,397.070026375,0.02557633409742266,16,1.0,6353.120422,True,
LOCAL-v1-q4-reference_assumed-5048,4,candidate,12,558.4945655,0.016236625029705465,12,1.0,6701.934786,True,
LOCAL-v1-q4-reference_assumed-5049,4,candidate,10,695.3798668000001,0.019956792006269097,10,1.0,6953.798668,True,
LOCAL-v1-q4-reference_assumed-5050,4,candidate,15,422.57335466666666,0.02182641695253551,15,1.0,6338.60032,True,
LOCAL-v1-q4-reference_assumed-5051,4,candidate,11,669.276132909091,0.016864915960468352,11,1.0,7362.037462,True,
LOCAL-v1-q4-reference_assumed-5052,4,candidate,13,485.4503277692308,0.019603374996222556,13,1.0,6310.854261,True,
LOCAL-v1-q4-reference_assumed-5053,4,candidate,16,400.7079094375,0.0216294169658795,16,1.0,6411.326551,True,
LOCAL-v1-q4-reference_assumed-5054,4,candidate,16,425.0640245625,0.022732542012818158,16,1.0,6801.024393,True,
LOCAL-v1-q4-reference_assumed-5055,4,candidate,12,624.0950395833333,0.018334917025640607,12,1.0,7489.140475,True,
LOCAL-v1-q4-reference_assumed-5056,4,candidate,13,504.9844776153846,0.017940582940354943,13,1.0,6564.798209,True,
LOCAL-v1-q4-reference_assumed-5057,4,candidate,13,526.8527022307692,0.016341457958333194,13,1.0,6849.085129,True,
LOCAL-v1-q4-reference_assumed-5058,4,candidate,14,472.2722225714286,0.01995795895345509,14,1.0,6611.811116,True,
LOCAL-v1-q4-reference_assumed-5059,4,candidate,12,561.3123054166666,0.01935612503439188,12,1.0,6735.747665,True,
LOCAL-v1-q4-reference_assumed-5060,4,candidate,11,633.4013826363636,0.020738083054311574,11,1.0,6967.415209,True,
LOCAL-v1-q4-reference_assumed-5061,4,candidate,13,595.8570316923077,0.019661833066493273,13,1.0,7746.141412,True,
LOCAL-v1-q4-reference_assumed-5062,4,candidate,16,449.778272375,0.026504416950047016,16,1.0,7196.452358,True,
LOCAL-v1-q4-reference_assumed-5063,4,candidate,15,463.52329160000005,0.020439291023649275,15,1.0,6952.849374,True,
LOCAL-v1-q4-reference_assumed-5064,4,candidate,13,510.1174780769231,0.020103457965888083,13,1.0,6631.527215,True,
LOCAL-v1-q4-reference_assumed-5065,4,candidate,12,602.7223874166667,0.016920708934776485,12,1.0,7232.668649,True,
LOCAL-v1-q4-reference_assumed-5066,4,candidate,10,650.0678118,0.01825125003233552,10,1.0,6500.678118,True,
LOCAL-v1-q4-reference_assumed-5067,4,candidate,16,443.508185625,0.02331883297301829,16,1.0,7096.13097,True,
LOCAL-v1-q4-reference_assumed-5068,4,candidate,13,581.1522420769231,0.021403459017165005,13,1.0,7554.979147,True,
LOCAL-v1-q4-reference_assumed-5069,4,candidate,14,522.911295,0.020524249994195998,14,1.0,7320.75813,True,
LOCAL-v1-q4-reference_assumed-5070,4,candidate,12,530.1782686666667,0.017977500101551414,12,1.0,6362.139224,True,
LOCAL-v1-q4-reference_assumed-5071,4,candidate,12,573.6655818333334,0.02076750004198402,12,1.0,6883.986982,True,
LOCAL-v1-q4-reference_assumed-5072,4,candidate,15,488.31406799999996,0.016337582957930863,15,1.0,7324.71102,True,
LOCAL-v1-q4-reference_assumed-5073,4,candidate,10,621.5518816,0.019870499963872135,10,1.0,6215.518816,True,
LOCAL-v1-q4-reference_assumed-5074,4,candidate,16,426.38721625,0.024800166953355074,16,1.0,6822.19546,True,
LOCAL-v1-q4-reference_assumed-5075,4,candidate,15,431.0964896666666,0.017858208040706813,15,1.0,6466.447345,True,
LOCAL-v1-q4-reference_assumed-5076,4,candidate,12,802.4206871666667,0.025445375009439886,12,1.0,9629.048246,True,
LOCAL-v1-q4-reference_assumed-5077,4,candidate,14,648.6274495714285,0.022647292003966868,14,1.0,9080.784294,True,
LOCAL-v1-q4-reference_assumed-5078,4,candidate,13,518.5444392307692,0.020487625035457313,13,1.0,6741.07771,True,
LOCAL-v1-q4-reference_assumed-5079,4,candidate,10,596.6017912,0.02081358409486711,10,1.0,5966.017912,True,
LOCAL-v1-q4-reference_assumed-5080,4,candidate,10,974.3005311999999,0.019836582941934466,10,1.0,9743.005312,True,
LOCAL-v1-q4-reference_assumed-5081,4,candidate,16,398.8866068125,0.02105520898476243,16,1.0,6382.185709,True,
LOCAL-v1-q4-reference_assumed-5082,4,candidate,13,516.9565573846154,0.017909125075675547,13,1.0,6720.435246,True,
LOCAL-v1-q4-reference_assumed-5083,4,candidate,13,564.7038202307692,0.02250958397053182,13,1.0,7341.149663,True,
LOCAL-v1-q4-reference_assumed-5084,4,candidate,14,502.24080964285713,0.02145516697783023,14,1.0,7031.371335,True,
LOCAL-v1-q4-reference_assumed-5085,4,candidate,15,417.5799848,0.021333541022613645,15,1.0,6263.699772,True,
LOCAL-v1-q4-reference_assumed-5086,4,candidate,12,563.3216038333334,0.021926708053797483,12,1.0,6759.859246,True,
LOCAL-v1-q4-reference_assumed-5087,4,candidate,13,525.4010336153847,0.017991500091739,13,1.0,6830.213437,True,
LOCAL-v1-q4-reference_assumed-5088,4,candidate,16,473.7340605,0.024848250090144575,16,1.0,7579.744968,True,
LOCAL-v1-q4-reference_assumed-5089,4,candidate,15,426.5269841333333,0.023677874938584864,15,1.0,6397.904762,True,
LOCAL-v1-q4-reference_assumed-5090,4,candidate,14,525.9441671428572,0.017157584079541266,14,1.0,7363.21834,True,
LOCAL-v1-q4-reference_assumed-5091,4,candidate,12,607.2669233333334,0.01867470797151327,12,1.0,7287.20308,True,
LOCAL-v1-q4-reference_assumed-5092,4,candidate,11,550.0434957272727,0.02005108294542879,11,1.0,6050.478453,True,
LOCAL-v1-q4-reference_assumed-5093,4,candidate,15,535.1653501333334,0.018555624992586672,15,1.0,8027.480252,True,
LOCAL-v1-q4-reference_assumed-5094,4,candidate,11,755.3439821818182,0.016440417035482824,11,1.0,8308.783804,True,
LOCAL-v1-q4-reference_assumed-5095,4,candidate,10,673.1590161,0.018613082938827574,10,1.0,6731.590161,True,
LOCAL-v1-q4-reference_assumed-5096,4,candidate,14,452.02042535714287,0.022806958993896842,14,1.0,6328.285955,True,
LOCAL-v1-q4-reference_assumed-5097,4,candidate,13,557.5400536153846,0.02082475007046014,13,1.0,7248.020697,True,
LOCAL-v1-q4-reference_assumed-5098,4,candidate,16,413.106323375,0.02281579200644046,16,1.0,6609.701174,True,
LOCAL-v1-q4-reference_assumed-5099,4,candidate,13,634.923991076923,0.0211507499916479,13,1.0,8254.011884,True,
LOCAL-v1-q4-fixed_positive_bias-5000,4,candidate,11,559.8240894545454,0.026070541935041547,11,1.0,6158.064984,True,
LOCAL-v1-q4-fixed_positive_bias-5001,4,candidate,14,970.0073799285714,0.0257651669671759,14,1.0,13580.103319,True,
LOCAL-v1-q4-fixed_positive_bias-5002,4,candidate,15,494.28885699999995,0.01792758295778185,15,1.0,7414.332855,True,
LOCAL-v1-q4-fixed_positive_bias-5003,4,candidate,11,612.9831039090909,0.018609500024467707,11,1.0,6742.814143,True,
LOCAL-v1-q4-fixed_positive_bias-5004,4,candidate,12,524.1759805,0.022939334041438997,12,1.0,6290.111766,True,
LOCAL-v1-q4-fixed_positive_bias-5005,4,candidate,11,557.9825034545455,0.026656709029339254,11,1.0,6137.807538,True,
LOCAL-v1-q4-fixed_positive_bias-5006,4,candidate,11,638.6547273636363,0.02121345791965723,11,1.0,7025.202001,True,
LOCAL-v1-q4-fixed_positive_bias-5007,4,candidate,11,615.0051066363636,0.026064042001962662,11,1.0,6765.056173,True,
LOCAL-v1-q4-fixed_positive_bias-5008,4,candidate,10,1133.3316113,0.02470000006724149,10,1.0,11333.316113,True,
LOCAL-v1-q4-fixed_positive_bias-5009,4,candidate,14,489.7503143571429,0.02220691693946719,14,1.0,6856.504401,True,
LOCAL-v1-q4-fixed_positive_bias-5010,4,candidate,12,559.4246603333333,0.023538790992461145,12,1.0,6713.095924,True,
LOCAL-v1-q4-fixed_positive_bias-5011,4,candidate,15,454.8487722,0.0241440839599818,15,1.0,6822.731583,True,
LOCAL-v1-q4-fixed_positive_bias-5012,4,candidate,10,631.2074168,0.016586874960921705,10,1.0,6312.074168,True,
LOCAL-v1-q4-fixed_positive_bias-5013,4,candidate,12,795.8180491666667,0.019006249960511923,12,1.0,9549.81659,True,
LOCAL-v1-q4-fixed_positive_bias-5014,4,candidate,11,614.092322,0.023547083023004234,11,1.0,6755.015542,True,
LOCAL-v1-q4-fixed_positive_bias-5015,4,candidate,12,602.0041606666667,0.022997207939624786,12,1.0,7224.049928,True,
LOCAL-v1-q4-fixed_positive_bias-5016,4,candidate,16,450.7259005625,0.019187042023986578,16,1.0,7211.614409,True,
LOCAL-v1-q4-fixed_positive_bias-5017,4,candidate,15,516.4830695333334,0.02209862507879734,15,1.0,7747.246043,True,
LOCAL-v1-q4-fixed_positive_bias-5018,4,candidate,10,741.3524883,0.017653916031122208,10,1.0,7413.524883,True,
LOCAL-v1-q4-fixed_positive_bias-5019,4,candidate,11,682.6580287272727,0.01983083295635879,11,1.0,7509.238316,True,
LOCAL-v1-q4-fixed_positive_bias-5020,4,candidate,16,394.779289875,0.02549116697628051,16,1.0,6316.468638,True,
LOCAL-v1-q4-fixed_positive_bias-5021,4,candidate,14,819.6767133571428,0.022940958035178483,14,1.0,11475.473987,True,
LOCAL-v1-q4-fixed_positive_bias-5022,4,candidate,14,540.5612474285714,0.022211457951925695,14,1.0,7567.857464,True,
LOCAL-v1-q4-fixed_positive_bias-5023,4,candidate,15,463.4474912,0.020552415982820094,15,1.0,6951.712368,True,
LOCAL-v1-q4-fixed_positive_bias-5024,4,candidate,13,489.94751815384615,0.018522916012443602,13,1.0,6369.317736,True,
LOCAL-v1-q4-fixed_positive_bias-5025,4,candidate,12,631.0592569166666,0.023548458935692906,12,1.0,7572.711083,True,
LOCAL-v1-q4-fixed_positive_bias-5026,4,candidate,15,434.0261124666667,0.022460708976723254,15,1.0,6510.391687,True,
LOCAL-v1-q4-fixed_positive_bias-5027,4,candidate,11,637.8600569090909,0.02344633301254362,11,1.0,7016.460626,True,
LOCAL-v1-q4-fixed_positive_bias-5028,4,candidate,10,837.3672725,0.019278750056400895,10,1.0,8373.672725,True,
LOCAL-v1-q4-fixed_positive_bias-5029,4,candidate,11,626.0379891818183,0.018601207993924618,11,1.0,6886.417881,True,
LOCAL-v1-q4-fixed_positive_bias-5030,4,candidate,12,574.1719290833333,0.021151958033442497,12,1.0,6890.063149,True,
LOCAL-v1-q4-fixed_positive_bias-5031,4,candidate,15,545.5072868,0.02368808293249458,15,1.0,8182.609302,True,
LOCAL-v1-q4-fixed_positive_bias-5032,4,candidate,11,561.5230161818182,0.020270666922442615,11,1.0,6176.753178,True,
LOCAL-v1-q4-fixed_positive_bias-5033,4,candidate,14,451.14812957142857,0.020954250008799136,14,1.0,6316.073814,True,
LOCAL-v1-q4-fixed_positive_bias-5034,4,candidate,16,437.27874825,0.021847667056135833,16,1.0,6996.459972,True,
LOCAL-v1-q4-fixed_positive_bias-5035,4,candidate,10,737.3142994,0.016088582924567163,10,1.0,7373.142994,True,
LOCAL-v1-q4-fixed_positive_bias-5036,4,candidate,15,620.5264054666666,0.019927416928112507,15,1.0,9307.896082,True,
LOCAL-v1-q4-fixed_positive_bias-5037,4,candidate,15,464.2781665333333,0.020904624951072037,15,1.0,6964.172498,True,
LOCAL-v1-q4-fixed_positive_bias-5038,4,candidate,16,463.79727225,0.0211947918869555,16,1.0,7420.756356,True,
LOCAL-v1-q4-fixed_positive_bias-5039,4,candidate,10,685.4587782,0.018948875018395483,10,1.0,6854.587782,True,
LOCAL-v1-q4-fixed_positive_bias-5040,4,candidate,15,444.5894892,0.020597541937604547,15,1.0,6668.842338,True,
LOCAL-v1-q4-fixed_positive_bias-5041,4,candidate,15,490.3948352,0.02330158301629126,15,1.0,7355.922528,True,
LOCAL-v1-q4-fixed_positive_bias-5042,4,candidate,11,797.2263149090909,0.0197276669787243,11,1.0,8769.489464,True,
LOCAL-v1-q4-fixed_positive_bias-5043,4,candidate,12,625.0908439166667,0.027730041067115963,12,1.0,7501.090127,True,
LOCAL-v1-q4-fixed_positive_bias-5044,4,candidate,11,670.9268238181818,0.01948899996932596,11,1.0,7380.195062,True,
LOCAL-v1-q4-fixed_positive_bias-5045,4,candidate,11,579.6035058181818,0.020117957959882915,11,1.0,6375.638564,True,
LOCAL-v1-q4-fixed_positive_bias-5046,4,candidate,10,648.721536,0.020943291019648314,10,1.0,6487.21536,True,
LOCAL-v1-q4-fixed_positive_bias-5047,4,candidate,16,399.50117375,0.027160750003531575,16,1.0,6392.01878,True,
LOCAL-v1-q4-fixed_positive_bias-5048,4,candidate,12,572.5954375833334,0.018843083060346544,12,1.0,6871.145251,True,
LOCAL-v1-q4-fixed_positive_bias-5049,4,candidate,10,752.4403569,0.022909500054083765,10,1.0,7524.403569,True,
LOCAL-v1-q4-fixed_positive_bias-5050,4,candidate,15,424.52341713333334,0.023991041001863778,15,1.0,6367.851257,True,
LOCAL-v1-q4-fixed_positive_bias-5051,4,candidate,11,685.2863617272727,0.018396083964034915,11,1.0,7538.149979,True,
LOCAL-v1-q4-fixed_positive_bias-5052,4,candidate,13,482.6049343846154,0.020951249985955656,13,1.0,6273.864147,True,
LOCAL-v1-q4-fixed_positive_bias-5053,4,candidate,16,433.8133750625,0.022908957907930017,16,1.0,6941.014001,True,
LOCAL-v1-q4-fixed_positive_bias-5054,4,candidate,16,412.97208,0.0246434579603374,16,1.0,6607.55328,True,
LOCAL-v1-q4-fixed_positive_bias-5055,4,candidate,12,710.0460050833334,0.020234750001691282,12,1.0,8520.552061,True,
LOCAL-v1-q4-fixed_positive_bias-5056,4,candidate,13,505.88242715384615,0.019839375047013164,13,1.0,6576.471553,True,
LOCAL-v1-q4-fixed_positive_bias-5057,4,candidate,13,529.1840796153846,0.018576250062324107,13,1.0,6879.393035,True,
LOCAL-v1-q4-fixed_positive_bias-5058,4,candidate,14,484.8794389285714,0.02071075001731515,14,1.0,6788.312145,True,
LOCAL-v1-q4-fixed_positive_bias-5059,4,candidate,12,553.7392469166667,0.020502374973148108,12,1.0,6644.870963,True,
LOCAL-v1-q4-fixed_positive_bias-5060,4,candidate,11,628.4775125454545,0.022477708058431745,11,1.0,6913.252638,True,
LOCAL-v1-q4-fixed_positive_bias-5061,4,candidate,13,897.4329924615384,0.023710333975031972,13,1.0,11666.628902,True,
LOCAL-v1-q4-fixed_positive_bias-5062,4,candidate,16,426.6821015625,0.029820707975886762,16,1.0,6826.913625,True,
LOCAL-v1-q4-fixed_positive_bias-5063,4,candidate,15,474.2849003333333,0.023613750003278255,15,1.0,7114.273505,True,
LOCAL-v1-q4-fixed_positive_bias-5064,4,candidate,13,730.788715,0.02242850000038743,13,1.0,9500.253295,True,
LOCAL-v1-q4-fixed_positive_bias-5065,4,candidate,12,566.3936979166666,0.017279707943089306,12,1.0,6796.724375,True,
LOCAL-v1-q4-fixed_positive_bias-5066,4,candidate,10,647.2531616,0.019463457982055843,10,1.0,6472.531616,True,
LOCAL-v1-q4-fixed_positive_bias-5067,4,candidate,16,444.6203251875,0.025264583993703127,16,1.0,7113.925203,True,
LOCAL-v1-q4-fixed_positive_bias-5068,4,candidate,13,540.2485513846154,0.023575917002744973,13,1.0,7023.231168,True,
LOCAL-v1-q4-fixed_positive_bias-5069,4,candidate,14,529.9714053571429,0.022680249996483326,14,1.0,7419.599675,True,
LOCAL-v1-q4-fixed_positive_bias-5070,4,candidate,12,720.7537424166667,0.02094304107595235,12,1.0,8649.044909,True,
LOCAL-v1-q4-fixed_positive_bias-5071,4,candidate,12,642.01022275,0.023141124984249473,12,1.0,7704.122673,True,
LOCAL-v1-q4-fixed_positive_bias-5072,4,candidate,15,495.54896173333333,0.017784958006814122,15,1.0,7433.234426,True,
LOCAL-v1-q4-fixed_positive_bias-5073,4,candidate,10,618.3080111,0.01979687495622784,10,1.0,6183.080111,True,
LOCAL-v1-q4-fixed_positive_bias-5074,4,candidate,16,416.7931065,0.023823374998755753,16,1.0,6668.689704,True,
LOCAL-v1-q4-fixed_positive_bias-5075,4,candidate,15,643.3751033333334,0.018622291972860694,15,1.0,9650.62655,True,
LOCAL-v1-q4-fixed_positive_bias-5076,4,candidate,12,764.5279914166667,0.02646145806647837,12,1.0,9174.335897,True,
LOCAL-v1-q4-fixed_positive_bias-5077,4,candidate,14,718.2044832142857,0.024771249969489872,14,1.0,10054.862765,True,
LOCAL-v1-q4-fixed_positive_bias-5078,4,candidate,13,598.1941895384615,0.021176125039346516,13,1.0,7776.524464,True,
LOCAL-v1-q4-fixed_positive_bias-5079,4,candidate,10,598.4128546,0.02116983407177031,10,1.0,5984.128546,True,
LOCAL-v1-q4-fixed_positive_bias-5080,4,candidate,10,1089.2827466,0.02017658401746303,10,1.0,10892.827466,True,
LOCAL-v1-q4-fixed_positive_bias-5081,4,candidate,16,432.8173840625,0.021348125068470836,16,1.0,6925.078145,True,
LOCAL-v1-q4-fixed_positive_bias-5082,4,candidate,13,513.0058766153846,0.017541749984957278,13,1.0,6669.076396,True,
LOCAL-v1-q4-fixed_positive_bias-5083,4,candidate,13,498.1911380769231,0.02213691594079137,13,1.0,6476.484795,True,
LOCAL-v1-q4-fixed_positive_bias-5084,4,candidate,14,569.3704415,0.021956457989290357,14,1.0,7971.186181,True,
LOCAL-v1-q4-fixed_positive_bias-5085,4,candidate,15,684.8682078,0.024140041903592646,15,1.0,10273.023117,True,
LOCAL-v1-q4-fixed_positive_bias-5086,4,candidate,12,561.26195325,0.022233584080822766,12,1.0,6735.143439,True,
LOCAL-v1-q4-fixed_positive_bias-5087,4,candidate,13,654.5277603076922,0.018674249993637204,13,1.0,8508.860884,True,
LOCAL-v1-q4-fixed_positive_bias-5088,4,candidate,16,439.3884640625,0.02584033296443522,16,1.0,7030.215425,True,
LOCAL-v1-q4-fixed_positive_bias-5089,4,candidate,15,437.64606173333334,0.025034875026904047,15,1.0,6564.690926,True,
LOCAL-v1-q4-fixed_positive_bias-5090,4,candidate,14,459.92498592857146,0.016962082940153778,14,1.0,6438.949803,True,
LOCAL-v1-q4-fixed_positive_bias-5091,4,candidate,12,575.5879270833333,0.016983708017505705,12,1.0,6907.055125,True,
LOCAL-v1-q4-fixed_positive_bias-5092,4,candidate,11,599.9109701818181,0.020136541919782758,11,1.0,6599.020672,True,
LOCAL-v1-q4-fixed_positive_bias-5093,4,candidate,15,572.6532953999999,0.019025499932467937,15,1.0,8589.799431,True,
LOCAL-v1-q4-fixed_positive_bias-5094,4,candidate,11,634.9577864545455,0.01728333393111825,11,1.0,6984.535651,True,
LOCAL-v1-q4-fixed_positive_bias-5095,4,candidate,10,747.026976,0.01988216699101031,10,1.0,7470.26976,True,
LOCAL-v1-q4-fixed_positive_bias-5096,4,candidate,14,450.17315192857143,0.023041166947223246,14,1.0,6302.424127,True,
LOCAL-v1-q4-fixed_positive_bias-5097,4,candidate,13,533.9512396923077,0.020920083043165505,13,1.0,6941.366116,True,
LOCAL-v1-q4-fixed_positive_bias-5098,4,candidate,16,415.9854464375,0.02257120900321752,16,1.0,6655.767143,True,
LOCAL-v1-q4-fixed_positive_bias-5099,4,candidate,13,918.311253,0.021400916972197592,13,1.0,11938.046289,True,
LOCAL-v1-q4-fixed_negative_bias-5000,4,candidate,11,567.938892,0.021001583081670105,11,1.0,6247.327812,True,
LOCAL-v1-q4-fixed_negative_bias-5001,4,candidate,14,546.7923992857143,0.023353416938334703,14,1.0,7655.09359,True,
LOCAL-v1-q4-fixed_negative_bias-5002,4,candidate,15,663.5594976,0.01931316696573049,15,1.0,9953.392464,True,
LOCAL-v1-q4-fixed_negative_bias-5003,4,candidate,11,699.7914810000001,0.02111166692338884,11,1.0,7697.706291,True,
LOCAL-v1-q4-fixed_negative_bias-5004,4,candidate,12,527.2614120833333,0.018315459019504488,12,1.0,6327.136945,True,
LOCAL-v1-q4-fixed_negative_bias-5005,4,candidate,11,560.4779654545455,0.021769165992736816,11,1.0,6165.25762,True,
LOCAL-v1-q4-fixed_negative_bias-5006,4,candidate,11,694.300997090909,0.021099374978803098,11,1.0,7637.310968,True,
LOCAL-v1-q4-fixed_negative_bias-5007,4,candidate,11,630.3143908181818,0.02594774996396154,11,1.0,6933.458299,True,
LOCAL-v1-q4-fixed_negative_bias-5008,4,candidate,10,1180.9703815,0.020019583054818213,10,1.0,11809.703815,True,
LOCAL-v1-q4-fixed_negative_bias-5009,4,candidate,14,487.0814777857143,0.023543124902062118,14,1.0,6819.140689,True,
LOCAL-v1-q4-fixed_negative_bias-5010,4,candidate,12,526.1813473333333,0.021825167001225054,12,1.0,6314.176168,True,
LOCAL-v1-q4-fixed_negative_bias-5011,4,candidate,15,454.5888714666667,0.021777666988782585,15,1.0,6818.833072,True,
LOCAL-v1-q4-fixed_negative_bias-5012,4,candidate,10,648.3686497,0.015320208040066063,10,1.0,6483.686497,True,
LOCAL-v1-q4-fixed_negative_bias-5013,4,candidate,12,792.7578631666667,0.01710220891982317,12,1.0,9513.094358,True,
LOCAL-v1-q4-fixed_negative_bias-5014,4,candidate,11,709.635281,0.02256945800036192,11,1.0,7805.988091,True,
LOCAL-v1-q4-fixed_negative_bias-5015,4,candidate,12,757.9262813333333,0.01994562498293817,12,1.0,9095.115376,True,
LOCAL-v1-q4-fixed_negative_bias-5016,4,candidate,16,599.7238921875,0.01921200007200241,16,1.0,9595.582275,True,
LOCAL-v1-q4-fixed_negative_bias-5017,4,candidate,15,551.1941004,0.019890125025995076,15,1.0,8267.911506,True,
LOCAL-v1-q4-fixed_negative_bias-5018,4,candidate,10,834.5978047000001,0.017648999928496778,10,1.0,8345.978047,True,
LOCAL-v1-q4-fixed_negative_bias-5019,4,candidate,11,624.288154,0.019098333083093166,11,1.0,6867.169694,True,
LOCAL-v1-q4-fixed_negative_bias-5020,4,candidate,16,385.8093135625,0.02540562499780208,16,1.0,6172.949017,True,
LOCAL-v1-q4-fixed_negative_bias-5021,4,candidate,14,691.3400675714286,0.021949084009975195,14,1.0,9678.760946,True,
LOCAL-v1-q4-fixed_negative_bias-5022,4,candidate,14,517.3378653571428,0.021722041885368526,14,1.0,7242.730115,True,
LOCAL-v1-q4-fixed_negative_bias-5023,4,candidate,15,409.94064499999996,0.02451470901723951,15,1.0,6149.109675,True,
LOCAL-v1-q4-fixed_negative_bias-5024,4,candidate,13,493.29468815384615,0.022390666999854147,13,1.0,6412.830946,True,
LOCAL-v1-q4-fixed_negative_bias-5025,4,candidate,12,684.29947525,0.022990249912254512,12,1.0,8211.593703,True,
LOCAL-v1-q4-fixed_negative_bias-5026,4,candidate,15,431.65348133333333,0.021181416930630803,15,1.0,6474.80222,True,
LOCAL-v1-q4-fixed_negative_bias-5027,4,candidate,11,619.3808717272727,0.02087699994444847,11,1.0,6813.189589,True,
LOCAL-v1-q4-fixed_negative_bias-5028,4,candidate,10,678.6861963,0.01712429104372859,10,1.0,6786.861963,True,
LOCAL-v1-q4-fixed_negative_bias-5029,4,candidate,11,688.879961909091,0.017629666021093726,11,1.0,7577.679581,True,
LOCAL-v1-q4-fixed_negative_bias-5030,4,candidate,12,579.6395575833334,0.020397417014464736,12,1.0,6955.674691,True,
LOCAL-v1-q4-fixed_negative_bias-5031,4,candidate,15,618.7225632666667,0.023004041984677315,15,1.0,9280.838449,True,
LOCAL-v1-q4-fixed_negative_bias-5032,4,candidate,11,691.6289826363636,0.021372499992139637,11,1.0,7607.918809,True,
LOCAL-v1-q4-fixed_negative_bias-5033,4,candidate,14,450.3116899285714,0.021841792040504515,14,1.0,6304.363659,True,
LOCAL-v1-q4-fixed_negative_bias-5034,4,candidate,16,493.1240391875,0.023316417005844414,16,1.0,7889.984627,True,
LOCAL-v1-q4-fixed_negative_bias-5035,4,candidate,10,727.5912469,0.016095291008241475,10,1.0,7275.912469,True,
LOCAL-v1-q4-fixed_negative_bias-5036,4,candidate,15,676.1511567333333,0.021711166016757488,15,1.0,10142.267351,True,
LOCAL-v1-q4-fixed_negative_bias-5037,4,candidate,15,514.0270139333333,0.02208870800677687,15,1.0,7710.405209,True,
LOCAL-v1-q4-fixed_negative_bias-5038,4,candidate,16,420.5140935,0.022982583031989634,16,1.0,6728.225496,True,
LOCAL-v1-q4-fixed_negative_bias-5039,4,candidate,10,672.6907185,0.019670624984428287,10,1.0,6726.907185,True,
LOCAL-v1-q4-fixed_negative_bias-5040,4,candidate,15,498.25096413333335,0.021536916960030794,15,1.0,7473.764462,True,
LOCAL-v1-q4-fixed_negative_bias-5041,4,candidate,15,568.5409643333334,0.024475042009726167,15,1.0,8528.114465,True,
LOCAL-v1-q4-fixed_negative_bias-5042,4,candidate,11,604.4079282727272,0.023221167037263513,11,1.0,6648.487211,True,
LOCAL-v1-q4-fixed_negative_bias-5043,4,candidate,12,553.5226715,0.02092691697180271,12,1.0,6642.272058,True,
LOCAL-v1-q4-fixed_negative_bias-5044,4,candidate,11,674.5553155454545,0.0189184999326244,11,1.0,7420.108471,True,
LOCAL-v1-q4-fixed_negative_bias-5045,4,candidate,11,571.1708393636363,0.016416374943219125,11,1.0,6282.879233,True,
LOCAL-v1-q4-fixed_negative_bias-5046,4,candidate,10,693.859819,0.019311874988488853,10,1.0,6938.59819,True,
LOCAL-v1-q4-fixed_negative_bias-5047,4,candidate,16,405.3336701875,0.025962917017750442,16,1.0,6485.338723,True,
LOCAL-v1-q4-fixed_negative_bias-5048,4,candidate,12,560.1860631666667,0.016358290915377438,12,1.0,6722.232758,True,
LOCAL-v1-q4-fixed_negative_bias-5049,4,candidate,10,705.3845245,0.020244000013917685,10,1.0,7053.845245,True,
LOCAL-v1-q4-fixed_negative_bias-5050,4,candidate,15,434.0546596666666,0.022294374997727573,15,1.0,6510.819895,True,
LOCAL-v1-q4-fixed_negative_bias-5051,4,candidate,11,658.6714401818182,0.01711237500421703,11,1.0,7245.385842,True,
LOCAL-v1-q4-fixed_negative_bias-5052,4,candidate,13,481.5303886153846,0.02102624997496605,13,1.0,6259.895052,True,
LOCAL-v1-q4-fixed_negative_bias-5053,4,candidate,16,407.6364020625,0.0213322089985013,16,1.0,6522.182433,True,
LOCAL-v1-q4-fixed_negative_bias-5054,4,candidate,16,468.152932875,0.02354154095519334,16,1.0,7490.446926,True,
LOCAL-v1-q4-fixed_negative_bias-5055,4,candidate,12,606.184083,0.017974041984416544,12,1.0,7274.208996,True,
LOCAL-v1-q4-fixed_negative_bias-5056,4,candidate,13,554.0074283846154,0.018312041996978223,13,1.0,7202.096569,True,
LOCAL-v1-q4-fixed_negative_bias-5057,4,candidate,13,569.1916675384616,0.016163083026185632,13,1.0,7399.491678,True,
LOCAL-v1-q4-fixed_negative_bias-5058,4,candidate,14,457.66972692857144,0.019625291926786304,14,1.0,6407.376177,True,
LOCAL-v1-q4-fixed_negative_bias-5059,4,candidate,12,559.3578612499999,0.0191478329943493,12,1.0,6712.294335,True,
LOCAL-v1-q4-fixed_negative_bias-5060,4,candidate,11,626.7283550909091,0.020780332968570292,11,1.0,6894.011906,True,
LOCAL-v1-q4-fixed_negative_bias-5061,4,candidate,13,612.1781056923077,0.01901362498756498,13,1.0,7958.315374,True,
LOCAL-v1-q4-fixed_negative_bias-5062,4,candidate,16,401.70528825,0.025085333036258817,16,1.0,6427.284612,True,
LOCAL-v1-q4-fixed_negative_bias-5063,4,candidate,15,471.6949884,0.022389000048860908,15,1.0,7075.424826,True,
LOCAL-v1-q4-fixed_negative_bias-5064,4,candidate,13,507.6718810769231,0.019827374955639243,13,1.0,6599.734454,True,
LOCAL-v1-q4-fixed_negative_bias-5065,4,candidate,12,633.4122206666667,0.01939612498972565,12,1.0,7600.946648,True,
LOCAL-v1-q4-fixed_negative_bias-5066,4,candidate,10,749.7482609,0.01888675009831786,10,1.0,7497.482609,True,
LOCAL-v1-q4-fixed_negative_bias-5067,4,candidate,16,731.3635670625,0.025652082986198366,16,1.0,11701.817073,True,
LOCAL-v1-q4-fixed_negative_bias-5068,4,candidate,13,540.7819247692307,0.021221250062808394,13,1.0,7030.165022,True,
LOCAL-v1-q4-fixed_negative_bias-5069,4,candidate,14,748.5613659285715,0.022004666971042752,14,1.0,10479.859123,True,
LOCAL-v1-q4-fixed_negative_bias-5070,4,candidate,12,524.2864608333333,0.018140875035896897,12,1.0,6291.43753,True,
LOCAL-v1-q4-fixed_negative_bias-5071,4,candidate,12,570.0769455833333,0.02068437496200204,12,1.0,6840.923347,True,
LOCAL-v1-q4-fixed_negative_bias-5072,4,candidate,15,497.37812920000005,0.01645341608673334,15,1.0,7460.671938,True,
LOCAL-v1-q4-fixed_negative_bias-5073,4,candidate,10,622.7341289,0.01899100001901388,10,1.0,6227.341289,True,
LOCAL-v1-q4-fixed_negative_bias-5074,4,candidate,16,431.7137795,0.023576625040732324,16,1.0,6907.420472,True,
LOCAL-v1-q4-fixed_negative_bias-5075,4,candidate,15,422.0843318666667,0.016972542041912675,15,1.0,6331.264978,True,
LOCAL-v1-q4-fixed_negative_bias-5076,4,candidate,12,567.4500608333334,0.024798584054224193,12,1.0,6809.40073,True,
LOCAL-v1-q4-fixed_negative_bias-5077,4,candidate,14,473.5693029285714,0.02220883290283382,14,1.0,6629.970241,True,
LOCAL-v1-q4-fixed_negative_bias-5078,4,candidate,13,502.64089446153844,0.020631917053833604,13,1.0,6534.331628,True,
LOCAL-v1-q4-fixed_negative_bias-5079,4,candidate,10,594.5143850000001,0.020638416055589914,10,1.0,5945.14385,True,
LOCAL-v1-q4-fixed_negative_bias-5080,4,candidate,10,694.8785464,0.02014412498101592,10,1.0,6948.785464,True,
LOCAL-v1-q4-fixed_negative_bias-5081,4,candidate,16,410.985332,0.023107459070160985,16,1.0,6575.765312,True,
LOCAL-v1-q4-fixed_negative_bias-5082,4,candidate,13,549.0420868461538,0.016228583990596235,13,1.0,7137.547129,True,
LOCAL-v1-q4-fixed_negative_bias-5083,4,candidate,13,552.8691745384615,0.02210395794827491,13,1.0,7187.299269,True,
LOCAL-v1-q4-fixed_negative_bias-5084,4,candidate,14,485.001611,0.021814542007632554,14,1.0,6790.022554,True,
LOCAL-v1-q4-fixed_negative_bias-5085,4,candidate,15,490.2168424,0.02269708295352757,15,1.0,7353.252636,True,
LOCAL-v1-q4-fixed_negative_bias-5086,4,candidate,12,619.7141563333333,0.024254041025415063,12,1.0,7436.569876,True,
LOCAL-v1-q4-fixed_negative_bias-5087,4,candidate,13,534.8205114615384,0.018694583093747497,13,1.0,6952.666649,True,
LOCAL-v1-q4-fixed_negative_bias-5088,4,candidate,16,512.6240054375,0.02448649995494634,16,1.0,8201.984087,True,
LOCAL-v1-q4-fixed_negative_bias-5089,4,candidate,15,418.7158070666666,0.02451300004031509,15,1.0,6280.737106,True,
LOCAL-v1-q4-fixed_negative_bias-5090,4,candidate,14,466.81904485714284,0.017047042027115822,14,1.0,6535.466628,True,
LOCAL-v1-q4-fixed_negative_bias-5091,4,candidate,12,644.0632971666666,0.019063708023168147,12,1.0,7728.759566,True,
LOCAL-v1-q4-fixed_negative_bias-5092,4,candidate,11,573.4976847272727,0.021035415935330093,11,1.0,6308.474532,True,
LOCAL-v1-q4-fixed_negative_bias-5093,4,candidate,15,571.6929763333334,0.01884375000372529,15,1.0,8575.394645,True,
LOCAL-v1-q4-fixed_negative_bias-5094,4,candidate,11,620.4316355454546,0.015849416027776897,11,1.0,6824.747991,True,
LOCAL-v1-q4-fixed_negative_bias-5095,4,candidate,10,680.1290731,0.01601770904380828,10,1.0,6801.290731,True,
LOCAL-v1-q4-fixed_negative_bias-5096,4,candidate,14,455.6996555714286,0.022258083103224635,14,1.0,6379.795178,True,
LOCAL-v1-q4-fixed_negative_bias-5097,4,candidate,13,530.2570953076922,0.020878834067843854,13,1.0,6893.342239,True,
LOCAL-v1-q4-fixed_negative_bias-5098,4,candidate,16,461.3847259375,0.022857582895085216,16,1.0,7382.155615,True,
LOCAL-v1-q4-fixed_negative_bias-5099,4,candidate,13,663.623467,0.020699084037914872,13,1.0,8627.105071,True,
LOCAL-v1-q4-smooth_shared_field-5000,4,candidate,11,562.4440357272728,0.021399083081632853,11,1.0,6186.884393,True,
LOCAL-v1-q4-smooth_shared_field-5001,4,candidate,14,885.2881169285714,0.024351708008907735,14,1.0,12394.033637,True,
LOCAL-v1-q4-smooth_shared_field-5002,4,candidate,15,462.8287476,0.017828874988481402,15,1.0,6942.431214,True,
LOCAL-v1-q4-smooth_shared_field-5003,4,candidate,11,611.1547742727272,0.017724957899190485,11,1.0,6722.702517,True,
LOCAL-v1-q4-smooth_shared_field-5004,4,candidate,12,529.4072098333334,0.019300917047075927,12,1.0,6352.886518,True,
LOCAL-v1-q4-smooth_shared_field-5005,4,candidate,11,559.1892529090909,0.02224979200400412,11,1.0,6151.081782,True,
LOCAL-v1-q4-smooth_shared_field-5006,4,candidate,11,626.4474380909091,0.0222829170525074,11,1.0,6890.921819,True,
LOCAL-v1-q4-smooth_shared_field-5007,4,candidate,11,568.2304055454546,0.023552874918095767,11,1.0,6250.534461,True,
LOCAL-v1-q4-smooth_shared_field-5008,4,candidate,10,1019.9357378000001,0.02518150000832975,10,1.0,10199.357378,True,
LOCAL-v1-q4-smooth_shared_field-5009,4,candidate,14,469.1441621428571,0.02500745898578316,14,1.0,6568.01827,True,
LOCAL-v1-q4-smooth_shared_field-5010,4,candidate,12,538.695512,0.025893582962453365,12,1.0,6464.346144,True,
LOCAL-v1-q4-smooth_shared_field-5011,4,candidate,15,454.61037533333337,0.023375041084364057,15,1.0,6819.15563,True,
LOCAL-v1-q4-smooth_shared_field-5012,4,candidate,10,650.2245350000001,0.01696433301549405,10,1.0,6502.24535,True,
LOCAL-v1-q4-smooth_shared_field-5013,4,candidate,12,845.9590515833333,0.01891404204070568,12,1.0,10151.508619,True,
LOCAL-v1-q4-smooth_shared_field-5014,4,candidate,11,601.1839186363636,0.02318704198114574,11,1.0,6613.023105,True,
LOCAL-v1-q4-smooth_shared_field-5015,4,candidate,12,525.312153,0.02186249999795109,12,1.0,6303.745836,True,
LOCAL-v1-q4-smooth_shared_field-5016,4,candidate,16,452.0223975625,0.019683249993249774,16,1.0,7232.358361,True,
LOCAL-v1-q4-smooth_shared_field-5017,4,candidate,15,572.2338062,0.01929033303167671,15,1.0,8583.507093,True,
LOCAL-v1-q4-smooth_shared_field-5018,4,candidate,10,772.2941377,0.017253916012123227,10,1.0,7722.941377,True,
LOCAL-v1-q4-smooth_shared_field-5019,4,candidate,11,619.3743460909091,0.01910041703376919,11,1.0,6813.117807,True,
LOCAL-v1-q4-smooth_shared_field-5020,4,candidate,16,385.6788365625,0.024915541987866163,16,1.0,6170.861385,True,
LOCAL-v1-q4-smooth_shared_field-5021,4,candidate,14,690.2484035,0.021247291937470436,14,1.0,9663.477649,True,
LOCAL-v1-q4-smooth_shared_field-5022,4,candidate,14,513.8227108571429,0.021256249980069697,14,1.0,7193.517952,True,
LOCAL-v1-q4-smooth_shared_field-5023,4,candidate,15,402.77868866666665,0.024294541915878654,15,1.0,6041.68033,True,
LOCAL-v1-q4-smooth_shared_field-5024,4,candidate,13,488.7840207692307,0.017377709038555622,13,1.0,6354.19227,True,
LOCAL-v1-q4-smooth_shared_field-5025,4,candidate,12,620.5908275833334,0.022190417046658695,12,1.0,7447.089931,True,
LOCAL-v1-q4-smooth_shared_field-5026,4,candidate,15,423.10721613333334,0.020973999984562397,15,1.0,6346.608242,True,
LOCAL-v1-q4-smooth_shared_field-5027,4,candidate,11,613.4067723636364,0.02097337506711483,11,1.0,6747.474496,True,
LOCAL-v1-q4-smooth_shared_field-5028,4,candidate,10,920.5742585,0.017584250075742602,10,1.0,9205.742585,True,
LOCAL-v1-q4-smooth_shared_field-5029,4,candidate,11,945.0967016363636,0.018562834011390805,11,1.0,10396.063718,True,
LOCAL-v1-q4-smooth_shared_field-5030,4,candidate,12,556.3755830833334,0.020124292001128197,12,1.0,6676.506997,True,
LOCAL-v1-q4-smooth_shared_field-5031,4,candidate,15,653.6121074,0.02584691601805389,15,1.0,9804.181611,True,
LOCAL-v1-q4-smooth_shared_field-5032,4,candidate,11,556.249407,0.020113416016101837,11,1.0,6118.743477,True,
LOCAL-v1-q4-smooth_shared_field-5033,4,candidate,14,451.26854199999997,0.02294320799410343,14,1.0,6317.759588,True,
LOCAL-v1-q4-smooth_shared_field-5034,4,candidate,16,523.17124325,0.024939415976405144,16,1.0,8370.739892,True,
LOCAL-v1-q4-smooth_shared_field-5035,4,candidate,10,721.062078,0.017708500032313168,10,1.0,7210.62078,True,
LOCAL-v1-q4-smooth_shared_field-5036,4,candidate,15,491.4079336666666,0.024632041924633086,15,1.0,7371.119005,True,
LOCAL-v1-q4-smooth_shared_field-5037,4,candidate,15,466.1383621333333,0.022250334033742547,15,1.0,6992.075432,True,
LOCAL-v1-q4-smooth_shared_field-5038,4,candidate,16,416.6455454375,0.024154999991878867,16,1.0,6666.328727,True,
LOCAL-v1-q4-smooth_shared_field-5039,4,candidate,10,668.8809625,0.021281084045767784,10,1.0,6688.809625,True,
LOCAL-v1-q4-smooth_shared_field-5040,4,candidate,15,422.39388066666663,0.021381333004683256,15,1.0,6335.90821,True,
LOCAL-v1-q4-smooth_shared_field-5041,4,candidate,15,533.4922682,0.025142833008430898,15,1.0,8002.384023,True,
LOCAL-v1-q4-smooth_shared_field-5042,4,candidate,11,627.0096654545455,0.024369999999180436,11,1.0,6897.10632,True,
LOCAL-v1-q4-smooth_shared_field-5043,4,candidate,12,560.9467391666667,0.022466500056907535,12,1.0,6731.36087,True,
LOCAL-v1-q4-smooth_shared_field-5044,4,candidate,11,657.1273136363636,0.01903850003145635,11,1.0,7228.40045,True,
LOCAL-v1-q4-smooth_shared_field-5045,4,candidate,11,574.0173007272728,0.017082333099097013,11,1.0,6314.190308,True,
LOCAL-v1-q4-smooth_shared_field-5046,4,candidate,10,676.4855512,0.02091308298986405,10,1.0,6764.855512,True,
LOCAL-v1-q4-smooth_shared_field-5047,4,candidate,16,398.490014,0.02621158305555582,16,1.0,6375.840224,True,
LOCAL-v1-q4-smooth_shared_field-5048,4,candidate,12,561.123929,0.01659208396449685,12,1.0,6733.487148,True,
LOCAL-v1-q4-smooth_shared_field-5049,4,candidate,10,721.8085806,0.020547833992168307,10,1.0,7218.085806,True,
LOCAL-v1-q4-smooth_shared_field-5050,4,candidate,15,422.0043722666667,0.022085041040554643,15,1.0,6330.065584,True,
LOCAL-v1-q4-smooth_shared_field-5051,4,candidate,11,648.001256,0.01686170801986009,11,1.0,7128.013816,True,
LOCAL-v1-q4-smooth_shared_field-5052,4,candidate,13,481.87817438461536,0.01889950002077967,13,1.0,6264.416267,True,
LOCAL-v1-q4-smooth_shared_field-5053,4,candidate,16,408.155214625,0.021405582898296416,16,1.0,6530.483434,True,
LOCAL-v1-q4-smooth_shared_field-5054,4,candidate,16,640.8787276875,0.023667208035476506,16,1.0,10254.059643,True,
LOCAL-v1-q4-smooth_shared_field-5055,4,candidate,12,600.0605281666667,0.018793542054481804,12,1.0,7200.726338,True,
LOCAL-v1-q4-smooth_shared_field-5056,4,candidate,13,511.8874686153846,0.018841124954633415,13,1.0,6654.537092,True,
LOCAL-v1-q4-smooth_shared_field-5057,4,candidate,13,515.2173283846154,0.016739832935854793,13,1.0,6697.825269,True,
LOCAL-v1-q4-smooth_shared_field-5058,4,candidate,14,484.4819170714286,0.01973333302885294,14,1.0,6782.746839,True,
LOCAL-v1-q4-smooth_shared_field-5059,4,candidate,12,560.6165419166667,0.01915841700974852,12,1.0,6727.398503,True,
LOCAL-v1-q4-smooth_shared_field-5060,4,candidate,11,633.6948306363637,0.02077725005801767,11,1.0,6970.643137,True,
LOCAL-v1-q4-smooth_shared_field-5061,4,candidate,13,588.2945227692308,0.018646833952516317,13,1.0,7647.828796,True,
LOCAL-v1-q4-smooth_shared_field-5062,4,candidate,16,401.99087475,0.024517915910109878,16,1.0,6431.853996,True,
LOCAL-v1-q4-smooth_shared_field-5063,4,candidate,15,462.4003734666667,0.019985459046438336,15,1.0,6936.005602,True,
LOCAL-v1-q4-smooth_shared_field-5064,4,candidate,13,504.8585051538461,0.020924709038808942,13,1.0,6563.160567,True,
LOCAL-v1-q4-smooth_shared_field-5065,4,candidate,12,684.6822089166667,0.02058999997097999,12,1.0,8216.186507,True,
LOCAL-v1-q4-smooth_shared_field-5066,4,candidate,10,747.3131774000001,0.019210416008718312,10,1.0,7473.131774,True,
LOCAL-v1-q4-smooth_shared_field-5067,4,candidate,16,479.23397775,0.022650291095487773,16,1.0,7667.743644,True,
LOCAL-v1-q4-smooth_shared_field-5068,4,candidate,13,525.4484180000001,0.041907583945430815,13,1.0,6830.829434,True,
LOCAL-v1-q4-smooth_shared_field-5069,4,candidate,14,587.4801289285714,0.02197708305902779,14,1.0,8224.721805,True,
LOCAL-v1-q4-smooth_shared_field-5070,4,candidate,12,523.5457555833333,0.018819208024069667,12,1.0,6282.549067,True,
LOCAL-v1-q4-smooth_shared_field-5071,4,candidate,12,573.9989899166667,0.021286166971549392,12,1.0,6887.987879,True,
LOCAL-v1-q4-smooth_shared_field-5072,4,candidate,15,496.0707986,0.016260167001746595,15,1.0,7441.061979,True,
LOCAL-v1-q4-smooth_shared_field-5073,4,candidate,10,619.0293388,0.018666415940970182,10,1.0,6190.293388,True,
LOCAL-v1-q4-smooth_shared_field-5074,4,candidate,16,426.4469146875,0.023648542002774775,16,1.0,6823.150635,True,
LOCAL-v1-q4-smooth_shared_field-5075,4,candidate,15,430.50120553333335,0.017514333012513816,15,1.0,6457.518083,True,
LOCAL-v1-q4-smooth_shared_field-5076,4,candidate,12,562.4967840833333,0.025816541980020702,12,1.0,6749.961409,True,
LOCAL-v1-q4-smooth_shared_field-5077,4,candidate,14,472.8365757857143,0.0226358330110088,14,1.0,6619.712061,True,
LOCAL-v1-q4-smooth_shared_field-5078,4,candidate,13,625.5386596153846,0.021270290948450565,13,1.0,8132.002575,True,
LOCAL-v1-q4-smooth_shared_field-5079,4,candidate,10,598.0002545,0.02093020803295076,10,1.0,5980.002545,True,
LOCAL-v1-q4-smooth_shared_field-5080,4,candidate,10,675.7264365,0.018880208022892475,10,1.0,6757.264365,True,
LOCAL-v1-q4-smooth_shared_field-5081,4,candidate,16,412.87311675,0.023010333999991417,16,1.0,6605.969868,True,
LOCAL-v1-q4-smooth_shared_field-5082,4,candidate,13,531.3245626923077,0.016220832942053676,13,1.0,6907.219315,True,
LOCAL-v1-q4-smooth_shared_field-5083,4,candidate,13,740.9357713846154,0.02473829104565084,13,1.0,9632.165028,True,
LOCAL-v1-q4-smooth_shared_field-5084,4,candidate,14,727.8531168571428,0.023904333007521927,14,1.0,10189.943636,True,
LOCAL-v1-q4-smooth_shared_field-5085,4,candidate,15,670.0330456666667,0.022818583995103836,15,1.0,10050.495685,True,
LOCAL-v1-q4-smooth_shared_field-5086,4,candidate,12,652.00585525,0.02436145895626396,12,1.0,7824.070263,True,
LOCAL-v1-q4-smooth_shared_field-5087,4,candidate,13,528.467225,0.018162166932597756,13,1.0,6870.073925,True,
LOCAL-v1-q4-smooth_shared_field-5088,4,candidate,16,561.8493918125,0.02524054201785475,16,1.0,8989.590269,True,
LOCAL-v1-q4-smooth_shared_field-5089,4,candidate,15,418.0741314,0.023911583004519343,15,1.0,6271.111971,True,
LOCAL-v1-q4-smooth_shared_field-5090,4,candidate,14,461.4291239285714,0.017094667069613934,14,1.0,6460.007735,True,
LOCAL-v1-q4-smooth_shared_field-5091,4,candidate,12,614.8908854166667,0.019145249971188605,12,1.0,7378.690625,True,
LOCAL-v1-q4-smooth_shared_field-5092,4,candidate,11,560.4634148181818,0.02016750001348555,11,1.0,6165.097563,True,
LOCAL-v1-q4-smooth_shared_field-5093,4,candidate,15,548.3014235333334,0.018682457972317934,15,1.0,8224.521353,True,
LOCAL-v1-q4-smooth_shared_field-5094,4,candidate,11,623.8575556363636,0.01603166596032679,11,1.0,6862.433112,True,
LOCAL-v1-q4-smooth_shared_field-5095,4,candidate,10,669.3902674,0.018023082986474037,10,1.0,6693.902674,True,
LOCAL-v1-q4-smooth_shared_field-5096,4,candidate,14,454.3282925,0.021321291918866336,14,1.0,6360.596095,True,
LOCAL-v1-q4-smooth_shared_field-5097,4,candidate,13,532.195842,0.020696583087556064,13,1.0,6918.545946,True,
LOCAL-v1-q4-smooth_shared_field-5098,4,candidate,16,458.93590975,0.021903541986830533,16,1.0,7342.974556,True,
LOCAL-v1-q4-smooth_shared_field-5099,4,candidate,13,643.0493442307693,0.02008679194841534,13,1.0,8359.641475,True,
LOCAL-v1-q4-cell50_shared_field-5000,4,candidate,11,562.0573792727273,0.02107808308210224,11,1.0,6182.631172,True,
LOCAL-v1-q4-cell50_shared_field-5001,4,candidate,14,551.7303463571428,0.021624957909807563,14,1.0,7724.224849,True,
LOCAL-v1-q4-cell50_shared_field-5002,4,candidate,15,511.85678593333336,0.017978583928197622,15,1.0,7677.851789,True,
LOCAL-v1-q4-cell50_shared_field-5003,4,candidate,11,609.4064500909091,0.01808070798870176,11,1.0,6703.470951,True,
LOCAL-v1-q4-cell50_shared_field-5004,4,candidate,12,524.2472195,0.02002554200589657,12,1.0,6290.966634,True,
LOCAL-v1-q4-cell50_shared_field-5005,4,candidate,11,558.811754,0.02208079199772328,11,1.0,6146.929294,True,
LOCAL-v1-q4-cell50_shared_field-5006,4,candidate,11,758.6414950909092,0.019852082943543792,11,1.0,8345.056446,True,
LOCAL-v1-q4-cell50_shared_field-5007,4,candidate,11,615.9521599999999,0.02419362496584654,11,1.0,6775.47376,True,
LOCAL-v1-q4-cell50_shared_field-5008,4,candidate,10,729.3729545,0.02200137497857213,10,1.0,7293.729545,True,
LOCAL-v1-q4-cell50_shared_field-5009,4,candidate,14,468.5134914285714,0.024056750000454485,14,1.0,6559.18888,True,
LOCAL-v1-q4-cell50_shared_field-5010,4,candidate,12,528.3023617499999,0.02224441699218005,12,1.0,6339.628341,True,
LOCAL-v1-q4-cell50_shared_field-5011,4,candidate,15,454.2637596,0.021527249948121607,15,1.0,6813.956394,True,
LOCAL-v1-q4-cell50_shared_field-5012,4,candidate,10,654.2796363,0.015604957938194275,10,1.0,6542.796363,True,
LOCAL-v1-q4-cell50_shared_field-5013,4,candidate,12,614.4349820833334,0.016261417069472373,12,1.0,7373.219785,True,
LOCAL-v1-q4-cell50_shared_field-5014,4,candidate,11,606.5858791818182,0.02236741699744016,11,1.0,6672.444671,True,
LOCAL-v1-q4-cell50_shared_field-5015,4,candidate,12,584.0385121666667,0.021541208028793335,12,1.0,7008.462146,True,
LOCAL-v1-q4-cell50_shared_field-5016,4,candidate,16,445.0295946875,0.02896712499205023,16,1.0,7120.473515,True,
LOCAL-v1-q4-cell50_shared_field-5017,4,candidate,15,574.6870848,0.023269375087693334,15,1.0,8620.306272,True,
LOCAL-v1-q4-cell50_shared_field-5018,4,candidate,10,731.1501411,0.01805349998176098,10,1.0,7311.501411,True,
LOCAL-v1-q4-cell50_shared_field-5019,4,candidate,11,621.3599963636364,0.020112000056542456,11,1.0,6834.95996,True,
LOCAL-v1-q4-cell50_shared_field-5020,4,candidate,16,385.244929875,0.02921254199463874,16,1.0,6163.918878,True,
LOCAL-v1-q4-cell50_shared_field-5021,4,candidate,14,572.8406647142857,0.021957874996587634,14,1.0,8019.769306,True,
LOCAL-v1-q4-cell50_shared_field-5022,4,candidate,14,610.1379800714286,0.02370391704607755,14,1.0,8541.931721,True,
LOCAL-v1-q4-cell50_shared_field-5023,4,candidate,15,452.73495506666666,0.024107833043672144,15,1.0,6791.024326,True,
LOCAL-v1-q4-cell50_shared_field-5024,4,candidate,13,488.58191292307697,0.01863591594155878,13,1.0,6351.564868,True,
LOCAL-v1-q4-cell50_shared_field-5025,4,candidate,12,597.7963650833334,0.02307899994775653,12,1.0,7173.556381,True,
LOCAL-v1-q4-cell50_shared_field-5026,4,candidate,15,422.1895234666666,0.02482462499756366,15,1.0,6332.842852,True,
LOCAL-v1-q4-cell50_shared_field-5027,4,candidate,11,574.6553126363636,0.023022249923087656,11,1.0,6321.208439,True,
LOCAL-v1-q4-cell50_shared_field-5028,4,candidate,10,680.2411543999999,0.019381041987799108,10,1.0,6802.411544,True,
LOCAL-v1-q4-cell50_shared_field-5029,4,candidate,11,768.0441137272727,0.019916374934837222,11,1.0,8448.485251,True,
LOCAL-v1-q4-cell50_shared_field-5030,4,candidate,12,578.4112954166667,0.022043125005438924,12,1.0,6940.935545,True,
LOCAL-v1-q4-cell50_shared_field-5031,4,candidate,15,598.4134944,0.02374716696795076,15,1.0,8976.202416,True,
LOCAL-v1-q4-cell50_shared_field-5032,4,candidate,11,558.8386905454546,0.020426667062565684,11,1.0,6147.225596,True,
LOCAL-v1-q4-cell50_shared_field-5033,4,candidate,14,451.96656085714284,0.022421040921472013,14,1.0,6327.531852,True,
LOCAL-v1-q4-cell50_shared_field-5034,4,candidate,16,514.0665636875,0.02402683300897479,16,1.0,8225.065019,True,
LOCAL-v1-q4-cell50_shared_field-5035,4,candidate,10,736.2430007,0.017081375000998378,10,1.0,7362.430007,True,
LOCAL-v1-q4-cell50_shared_field-5036,4,candidate,15,517.0784176666667,0.02084441704209894,15,1.0,7756.176265,True,
LOCAL-v1-q4-cell50_shared_field-5037,4,candidate,15,472.6164839333333,0.021864624926820397,15,1.0,7089.247259,True,
LOCAL-v1-q4-cell50_shared_field-5038,4,candidate,16,461.0608843125,0.022857457981444895,16,1.0,7376.974149,True,
LOCAL-v1-q4-cell50_shared_field-5039,4,candidate,10,683.1458371,0.020386541029438376,10,1.0,6831.458371,True,
LOCAL-v1-q4-cell50_shared_field-5040,4,candidate,15,430.8290355333333,0.02199083403684199,15,1.0,6462.435533,True,
LOCAL-v1-q4-cell50_shared_field-5041,4,candidate,15,503.9679771333333,0.024673291016370058,15,1.0,7559.519657,True,
LOCAL-v1-q4-cell50_shared_field-5042,4,candidate,11,897.6044050909092,0.019953500013798475,11,1.0,9873.648456,True,
LOCAL-v1-q4-cell50_shared_field-5043,4,candidate,12,573.0878085,0.021086666034534574,12,1.0,6877.053702,True,
LOCAL-v1-q4-cell50_shared_field-5044,4,candidate,11,666.0417120000001,0.018990042037330568,11,1.0,7326.458832,True,
LOCAL-v1-q4-cell50_shared_field-5045,4,candidate,11,572.4400918181818,0.016756791970692575,11,1.0,6296.84101,True,
LOCAL-v1-q4-cell50_shared_field-5046,4,candidate,10,651.2606958,0.020400375011377037,10,1.0,6512.606958,True,
LOCAL-v1-q4-cell50_shared_field-5047,4,candidate,16,398.951737875,0.026753584039397538,16,1.0,6383.227806,True,
LOCAL-v1-q4-cell50_shared_field-5048,4,candidate,12,569.7685933333333,0.017446916084736586,12,1.0,6837.22312,True,
LOCAL-v1-q4-cell50_shared_field-5049,4,candidate,10,696.2741653,0.021355540957301855,10,1.0,6962.741653,True,
LOCAL-v1-q4-cell50_shared_field-5050,4,candidate,15,423.6575641333333,0.022739292006008327,15,1.0,6354.863462,True,
LOCAL-v1-q4-cell50_shared_field-5051,4,candidate,11,640.0884814545454,0.01767387497238815,11,1.0,7040.973296,True,
LOCAL-v1-q4-cell50_shared_field-5052,4,candidate,13,485.7852389230769,0.022969958023168147,13,1.0,6315.208106,True,
LOCAL-v1-q4-cell50_shared_field-5053,4,candidate,16,409.1156710625,0.024009208078496158,16,1.0,6545.850737,True,
LOCAL-v1-q4-cell50_shared_field-5054,4,candidate,16,420.1380010625,0.024390167091041803,16,1.0,6722.208017,True,
LOCAL-v1-q4-cell50_shared_field-5055,4,candidate,12,567.2435517499999,0.01890400005504489,12,1.0,6806.922621,True,
LOCAL-v1-q4-cell50_shared_field-5056,4,candidate,13,501.0504389230769,0.019535875064320862,13,1.0,6513.655706,True,
LOCAL-v1-q4-cell50_shared_field-5057,4,candidate,13,515.5555775384615,0.017500042100436985,13,1.0,6702.222508,True,
LOCAL-v1-q4-cell50_shared_field-5058,4,candidate,14,458.30246764285715,0.021072749979794025,14,1.0,6416.234547,True,
LOCAL-v1-q4-cell50_shared_field-5059,4,candidate,12,539.5488391666667,0.02131533296778798,12,1.0,6474.58607,True,
LOCAL-v1-q4-cell50_shared_field-5060,4,candidate,11,625.8494553636364,0.023457958013750613,11,1.0,6884.344009,True,
LOCAL-v1-q4-cell50_shared_field-5061,4,candidate,13,707.1448123846154,0.02026699995622039,13,1.0,9192.882561,True,
LOCAL-v1-q4-cell50_shared_field-5062,4,candidate,16,404.90241775,0.029564416967332363,16,1.0,6478.438684,True,
LOCAL-v1-q4-cell50_shared_field-5063,4,candidate,15,445.05410846666666,0.024562290986068547,15,1.0,6675.811627,True,
LOCAL-v1-q4-cell50_shared_field-5064,4,candidate,13,525.5921771538461,0.021822832990437746,13,1.0,6832.698303,True,
LOCAL-v1-q4-cell50_shared_field-5065,4,candidate,12,603.5473988333333,0.018819249933585525,12,1.0,7242.568786,True,
LOCAL-v1-q4-cell50_shared_field-5066,4,candidate,10,650.2131365,0.01931366603821516,10,1.0,6502.131365,True,
LOCAL-v1-q4-cell50_shared_field-5067,4,candidate,16,444.426769625,0.02487291698344052,16,1.0,7110.828314,True,
LOCAL-v1-q4-cell50_shared_field-5068,4,candidate,13,556.5698543076923,0.022613000008277595,13,1.0,7235.408106,True,
LOCAL-v1-q4-cell50_shared_field-5069,4,candidate,14,575.0050581428571,0.023793999920599163,14,1.0,8050.070814,True,
LOCAL-v1-q4-cell50_shared_field-5070,4,candidate,12,513.5112299166666,0.020491417031735182,12,1.0,6162.134759,True,
LOCAL-v1-q4-cell50_shared_field-5071,4,candidate,12,573.0877166666667,0.02555579098407179,12,1.0,6877.0526,True,
LOCAL-v1-q4-cell50_shared_field-5072,4,candidate,15,538.0492367333334,0.01850112492684275,15,1.0,8070.738551,True,
LOCAL-v1-q4-cell50_shared_field-5073,4,candidate,10,624.7253152999999,0.021560000022873282,10,1.0,6247.253153,True,
LOCAL-v1-q4-cell50_shared_field-5074,4,candidate,16,417.237597875,0.03137012501247227,16,1.0,6675.801566,True,
LOCAL-v1-q4-cell50_shared_field-5075,4,candidate,15,424.44019599999996,0.01846333302091807,15,1.0,6366.60294,True,
LOCAL-v1-q4-cell50_shared_field-5076,4,candidate,12,735.3226755833333,0.02673420903738588,12,1.0,8823.872107,True,
LOCAL-v1-q4-cell50_shared_field-5077,4,candidate,14,589.1574372857142,0.024199875071644783,14,1.0,8248.204122,True,
LOCAL-v1-q4-cell50_shared_field-5078,4,candidate,13,520.9559412307692,0.022227208013646305,13,1.0,6772.427236,True,
LOCAL-v1-q4-cell50_shared_field-5079,4,candidate,10,594.3405174000001,0.022280207951553166,10,1.0,5943.405174,True,
LOCAL-v1-q4-cell50_shared_field-5080,4,candidate,10,953.2737657,0.021031292038969696,10,1.0,9532.737657,True,
LOCAL-v1-q4-cell50_shared_field-5081,4,candidate,16,409.691019875,0.023316250066272914,16,1.0,6555.056318,True,
LOCAL-v1-q4-cell50_shared_field-5082,4,candidate,13,516.5464753846154,0.017564958077855408,13,1.0,6715.10418,True,
LOCAL-v1-q4-cell50_shared_field-5083,4,candidate,13,502.5468266153846,0.02378237491939217,13,1.0,6533.108746,True,
LOCAL-v1-q4-cell50_shared_field-5084,4,candidate,14,528.8994267857144,0.023268125019967556,14,1.0,7404.591975,True,
LOCAL-v1-q4-cell50_shared_field-5085,4,candidate,15,416.0902483333333,0.024373834021389484,15,1.0,6241.353725,True,
LOCAL-v1-q4-cell50_shared_field-5086,4,candidate,12,629.2633601666666,0.019577750004827976,12,1.0,7551.160322,True,
LOCAL-v1-q4-cell50_shared_field-5087,4,candidate,13,521.650131923077,0.020179874962195754,13,1.0,6781.451715,True,
LOCAL-v1-q4-cell50_shared_field-5088,4,candidate,16,407.5063726875,0.025941374944522977,16,1.0,6520.101963,True,
LOCAL-v1-q4-cell50_shared_field-5089,4,candidate,15,414.9671972,0.024861125042662024,15,1.0,6224.507958,True,
LOCAL-v1-q4-cell50_shared_field-5090,4,candidate,14,460.0457720714286,0.017640999983996153,14,1.0,6440.640809,True,
LOCAL-v1-q4-cell50_shared_field-5091,4,candidate,12,575.2366389166667,0.01833287498448044,12,1.0,6902.839667,True,
LOCAL-v1-q4-cell50_shared_field-5092,4,candidate,11,549.7399708181819,0.022433375008404255,11,1.0,6047.139679,True,
LOCAL-v1-q4-cell50_shared_field-5093,4,candidate,15,553.0052607333333,0.019685791106894612,15,1.0,8295.078911,True,
LOCAL-v1-q4-cell50_shared_field-5094,4,candidate,11,637.4685645454546,0.01681795797776431,11,1.0,7012.15421,True,
LOCAL-v1-q4-cell50_shared_field-5095,4,candidate,10,703.121305,0.02131970797199756,10,1.0,7031.21305,True,
LOCAL-v1-q4-cell50_shared_field-5096,4,candidate,14,456.19771314285714,0.02333408303093165,14,1.0,6386.767984,True,
LOCAL-v1-q4-cell50_shared_field-5097,4,candidate,13,515.8469630000001,0.022617792012169957,13,1.0,6706.010519,True,
LOCAL-v1-q4-cell50_shared_field-5098,4,candidate,16,423.656546375,0.02405266708228737,16,1.0,6778.504742,True,
LOCAL-v1-q4-cell50_shared_field-5099,4,candidate,13,641.1093920769231,0.022635124973021448,13,1.0,8334.422097,True,
LOCAL-v1-q4-cell500_shared_field-5000,4,candidate,11,561.719854,0.022975999978370965,11,1.0,6178.918394,True,
LOCAL-v1-q4-cell500_shared_field-5001,4,candidate,14,841.7730597857143,0.026043792022392154,14,1.0,11784.822837,True,
LOCAL-v1-q4-cell500_shared_field-5002,4,candidate,15,433.9903272,0.018645041971467435,15,1.0,6509.854908,True,
LOCAL-v1-q4-cell500_shared_field-5003,4,candidate,11,612.746494,0.019433166016824543,11,1.0,6740.211434,True,
LOCAL-v1-q4-cell500_shared_field-5004,4,candidate,12,525.0798207500001,0.02107462496496737,12,1.0,6300.957849,True,
LOCAL-v1-q4-cell500_shared_field-5005,4,candidate,11,562.313455,0.02414912497624755,11,1.0,6185.448005,True,
LOCAL-v1-q4-cell500_shared_field-5006,4,candidate,11,737.4744984545455,0.02158925007097423,11,1.0,8112.219483,True,
LOCAL-v1-q4-cell500_shared_field-5007,4,candidate,11,616.6006417272728,0.026545583037659526,11,1.0,6782.607059,True,
LOCAL-v1-q4-cell500_shared_field-5008,4,candidate,10,714.4325953,0.023150125052779913,10,1.0,7144.325953,True,
LOCAL-v1-q4-cell500_shared_field-5009,4,candidate,14,468.47371085714286,0.02547587500885129,14,1.0,6558.631952,True,
LOCAL-v1-q4-cell500_shared_field-5010,4,candidate,12,530.2250789999999,0.024476999999023974,12,1.0,6362.700948,True,
LOCAL-v1-q4-cell500_shared_field-5011,4,candidate,15,455.27055533333333,0.023858583066612482,15,1.0,6829.05833,True,
LOCAL-v1-q4-cell500_shared_field-5012,4,candidate,10,631.8001166,0.01689208298921585,10,1.0,6318.001166,True,
LOCAL-v1-q4-cell500_shared_field-5013,4,candidate,12,580.4489726666667,0.017508500022813678,12,1.0,6965.387672,True,
LOCAL-v1-q4-cell500_shared_field-5014,4,candidate,11,765.7714502727272,0.023520958027802408,11,1.0,8423.485953,True,
LOCAL-v1-q4-cell500_shared_field-5015,4,candidate,12,586.2166740833333,0.023148749954998493,12,1.0,7034.600089,True,
LOCAL-v1-q4-cell500_shared_field-5016,4,candidate,16,423.5440126875,0.019566458999179304,16,1.0,6776.704203,True,
LOCAL-v1-q4-cell500_shared_field-5017,4,candidate,15,703.2469288,0.022682250011712313,15,1.0,10548.703932,True,
LOCAL-v1-q4-cell500_shared_field-5018,4,candidate,10,842.8774307,0.01871308300178498,10,1.0,8428.774307,True,
LOCAL-v1-q4-cell500_shared_field-5019,4,candidate,11,622.6808277272727,0.020950667094439268,11,1.0,6849.489105,True,
LOCAL-v1-q4-cell500_shared_field-5020,4,candidate,16,385.8625484375,0.027545541990548372,16,1.0,6173.800775,True,
LOCAL-v1-q4-cell500_shared_field-5021,4,candidate,14,858.4680234285714,0.02384291705675423,14,1.0,12018.552328,True,
LOCAL-v1-q4-cell500_shared_field-5022,4,candidate,14,674.1619160714287,0.02015308302361518,14,1.0,9438.266825,True,
LOCAL-v1-q4-cell500_shared_field-5023,4,candidate,15,433.27162239999996,0.02107549994252622,15,1.0,6499.074336,True,
LOCAL-v1-q4-cell500_shared_field-5024,4,candidate,13,488.0442065384615,0.018802540958859026,13,1.0,6344.574685,True,
LOCAL-v1-q4-cell500_shared_field-5025,4,candidate,12,596.9286155833333,0.02386029192712158,12,1.0,7163.143387,True,
LOCAL-v1-q4-cell500_shared_field-5026,4,candidate,15,423.5125982,0.02303529204800725,15,1.0,6352.688973,True,
LOCAL-v1-q4-cell500_shared_field-5027,4,candidate,11,633.9547340909091,0.02237250003963709,11,1.0,6973.502075,True,
LOCAL-v1-q4-cell500_shared_field-5028,4,candidate,10,680.494299,0.018957874970510602,10,1.0,6804.94299,True,
LOCAL-v1-q4-cell500_shared_field-5029,4,candidate,11,684.8642819090909,0.019172500004060566,11,1.0,7533.507101,True,
LOCAL-v1-q4-cell500_shared_field-5030,4,candidate,12,556.2385065833333,0.02132129098754376,12,1.0,6674.862079,True,
LOCAL-v1-q4-cell500_shared_field-5031,4,candidate,15,567.2321444,0.023714709095656872,15,1.0,8508.482166,True,
LOCAL-v1-q4-cell500_shared_field-5032,4,candidate,11,556.6836482727273,0.02108466695062816,11,1.0,6123.520131,True,
LOCAL-v1-q4-cell500_shared_field-5033,4,candidate,14,452.02048535714283,0.02210683305747807,14,1.0,6328.286795,True,
LOCAL-v1-q4-cell500_shared_field-5034,4,candidate,16,461.0826246875,0.021463791956193745,16,1.0,7377.321995,True,
LOCAL-v1-q4-cell500_shared_field-5035,4,candidate,10,722.7865815,0.017179250018671155,10,1.0,7227.865815,True,
LOCAL-v1-q4-cell500_shared_field-5036,4,candidate,15,549.5279190666666,0.020981541951186955,15,1.0,8242.918786,True,
LOCAL-v1-q4-cell500_shared_field-5037,4,candidate,15,465.0317008666667,0.021215416956692934,15,1.0,6975.475513,True,
LOCAL-v1-q4-cell500_shared_field-5038,4,candidate,16,462.4389091875,0.0219599170377478,16,1.0,7399.022547,True,
LOCAL-v1-q4-cell500_shared_field-5039,4,candidate,10,666.8656546,0.020316457957960665,10,1.0,6668.656546,True,
LOCAL-v1-q4-cell500_shared_field-5040,4,candidate,15,420.59975926666664,0.021433374960906804,15,1.0,6308.996389,True,
LOCAL-v1-q4-cell500_shared_field-5041,4,candidate,15,502.4547894,0.024491666932590306,15,1.0,7536.821841,True,
LOCAL-v1-q4-cell500_shared_field-5042,4,candidate,11,621.0275019090909,0.024414167040959,11,1.0,6831.302521,True,
LOCAL-v1-q4-cell500_shared_field-5043,4,candidate,12,535.1526817499999,0.021588291972875595,12,1.0,6421.832181,True,
LOCAL-v1-q4-cell500_shared_field-5044,4,candidate,11,652.2264691818182,0.019204834010452032,11,1.0,7174.491161,True,
LOCAL-v1-q4-cell500_shared_field-5045,4,candidate,11,572.1234880909091,0.017827542033046484,11,1.0,6293.358369,True,
LOCAL-v1-q4-cell500_shared_field-5046,4,candidate,10,673.3928286,0.021456957911141217,10,1.0,6733.928286,True,
LOCAL-v1-q4-cell500_shared_field-5047,4,candidate,16,399.0950485625,0.028286249958910048,16,1.0,6385.520777,True,
LOCAL-v1-q4-cell500_shared_field-5048,4,candidate,12,562.69960925,0.01755366602446884,12,1.0,6752.395311,True,
LOCAL-v1-q4-cell500_shared_field-5049,4,candidate,10,739.9123728,0.02262216596864164,10,1.0,7399.123728,True,
LOCAL-v1-q4-cell500_shared_field-5050,4,candidate,15,433.25139253333333,0.02384054206777364,15,1.0,6498.770888,True,
LOCAL-v1-q4-cell500_shared_field-5051,4,candidate,11,640.9536231818182,0.018429624964483082,11,1.0,7050.489855,True,
LOCAL-v1-q4-cell500_shared_field-5052,4,candidate,13,487.2863343846154,0.02377733401954174,13,1.0,6334.722347,True,
LOCAL-v1-q4-cell500_shared_field-5053,4,candidate,16,408.0724619375,0.023663041996769607,16,1.0,6529.159391,True,
LOCAL-v1-q4-cell500_shared_field-5054,4,candidate,16,469.451984,0.025732957990840077,16,1.0,7511.231744,True,
LOCAL-v1-q4-cell500_shared_field-5055,4,candidate,12,607.1442396666666,0.01961329102050513,12,1.0,7285.730876,True,
LOCAL-v1-q4-cell500_shared_field-5056,4,candidate,13,501.87278615384616,0.020481834071688354,13,1.0,6524.34622,True,
LOCAL-v1-q4-cell500_shared_field-5057,4,candidate,13,525.9063714615385,0.01860020903404802,13,1.0,6836.782829,True,
LOCAL-v1-q4-cell500_shared_field-5058,4,candidate,14,456.2381367857143,0.022513833013363183,14,1.0,6387.333915,True,
LOCAL-v1-q4-cell500_shared_field-5059,4,candidate,12,539.9462249166667,0.02283070795238018,12,1.0,6479.354699,True,
LOCAL-v1-q4-cell500_shared_field-5060,4,candidate,11,627.6279811818182,0.0253904580604285,11,1.0,6903.907793,True,
LOCAL-v1-q4-cell500_shared_field-5061,4,candidate,13,639.6583935384616,0.021764624980278313,13,1.0,8315.559116,True,
LOCAL-v1-q4-cell500_shared_field-5062,4,candidate,16,637.1373684375,0.03307708294596523,16,1.0,10194.197895,True,
LOCAL-v1-q4-cell500_shared_field-5063,4,candidate,15,500.62955546666666,0.024655541987158358,15,1.0,7509.443332,True,
LOCAL-v1-q4-cell500_shared_field-5064,4,candidate,13,509.4221951538462,0.0232822090620175,13,1.0,6622.488537,True,
LOCAL-v1-q4-cell500_shared_field-5065,4,candidate,12,575.856388,0.021459999959915876,12,1.0,6910.276656,True,
LOCAL-v1-q4-cell500_shared_field-5066,4,candidate,10,648.4660342,0.03219175001140684,10,1.0,6484.660342,True,
LOCAL-v1-q4-cell500_shared_field-5067,4,candidate,16,505.9952266875,0.027116082957945764,16,1.0,8095.923627,True,
LOCAL-v1-q4-cell500_shared_field-5068,4,candidate,13,553.3260995384616,0.024514958960935473,13,1.0,7193.239294,True,
LOCAL-v1-q4-cell500_shared_field-5069,4,candidate,14,678.4701007142858,0.024399957968853414,14,1.0,9498.58141,True,
LOCAL-v1-q4-cell500_shared_field-5070,4,candidate,12,532.9198388333333,0.02030099998228252,12,1.0,6395.038066,True,
LOCAL-v1-q4-cell500_shared_field-5071,4,candidate,12,573.4797798333333,0.02502179192379117,12,1.0,6881.757358,True,
LOCAL-v1-q4-cell500_shared_field-5072,4,candidate,15,492.60475173333333,0.021385541069321334,15,1.0,7389.071276,True,
LOCAL-v1-q4-cell500_shared_field-5073,4,candidate,10,631.6033675,0.0235626659123227,10,1.0,6316.033675,True,
LOCAL-v1-q4-cell500_shared_field-5074,4,candidate,16,417.1167916875,0.02805316704325378,16,1.0,6673.868667,True,
LOCAL-v1-q4-cell500_shared_field-5075,4,candidate,15,423.32627226666665,0.0222074999473989,15,1.0,6349.894084,True,
LOCAL-v1-q4-cell500_shared_field-5076,4,candidate,12,850.3616089166667,0.032460083020851016,12,1.0,10204.339307,True,
LOCAL-v1-q4-cell500_shared_field-5077,4,candidate,14,497.356472,0.03320583398453891,14,1.0,6962.990608,True,
LOCAL-v1-q4-cell500_shared_field-5078,4,candidate,13,522.7628243076923,0.028485874994657934,13,1.0,6795.916716,True,
LOCAL-v1-q4-cell500_shared_field-5079,4,candidate,10,592.3466655999999,0.02887258306145668,10,1.0,5923.466656,True,
LOCAL-v1-q4-cell500_shared_field-5080,4,candidate,10,904.1110892999999,0.02660854102578014,10,1.0,9041.110893,True,
LOCAL-v1-q4-cell500_shared_field-5081,4,candidate,16,411.8982109375,0.032196208951063454,16,1.0,6590.371375,True,
LOCAL-v1-q4-cell500_shared_field-5082,4,candidate,13,508.2718412307692,0.021090500056743622,13,1.0,6607.533936,True,
LOCAL-v1-q4-cell500_shared_field-5083,4,candidate,13,577.3908210000001,0.028502583969384432,13,1.0,7506.080673,True,
LOCAL-v1-q4-cell500_shared_field-5084,4,candidate,14,469.2647470714286,0.026679459027945995,14,1.0,6569.706459,True,
LOCAL-v1-q4-cell500_shared_field-5085,4,candidate,15,531.4514120666666,0.027518582995980978,15,1.0,7971.771181,True,
LOCAL-v1-q4-cell500_shared_field-5086,4,candidate,12,678.7381189166666,0.02279854193329811,12,1.0,8144.857427,True,
LOCAL-v1-q4-cell500_shared_field-5087,4,candidate,13,522.1031656153847,0.02307750005275011,13,1.0,6787.341153,True,
LOCAL-v1-q4-cell500_shared_field-5088,4,candidate,16,410.173406625,0.029564541997388005,16,1.0,6562.774506,True,
LOCAL-v1-q4-cell500_shared_field-5089,4,candidate,15,414.6534036,0.02760958403814584,15,1.0,6219.801054,True,
LOCAL-v1-q4-cell500_shared_field-5090,4,candidate,14,467.5300327142857,0.020233207964338362,14,1.0,6545.420458,True,
LOCAL-v1-q4-cell500_shared_field-5091,4,candidate,12,623.64190175,0.020298791932873428,12,1.0,7483.702821,True,
LOCAL-v1-q4-cell500_shared_field-5092,4,candidate,11,561.9512569999999,0.02376137499231845,11,1.0,6181.463827,True,
LOCAL-v1-q4-cell500_shared_field-5093,4,candidate,15,548.8584396,0.02061966701876372,15,1.0,8232.876594,True,
LOCAL-v1-q4-cell500_shared_field-5094,4,candidate,11,635.3337632727272,0.018007792066782713,11,1.0,6988.671396,True,
LOCAL-v1-q4-cell500_shared_field-5095,4,candidate,10,686.0614855,0.020333874970674515,10,1.0,6860.614855,True,
LOCAL-v1-q4-cell500_shared_field-5096,4,candidate,14,454.75161364285714,0.02461904101073742,14,1.0,6366.522591,True,
LOCAL-v1-q4-cell500_shared_field-5097,4,candidate,13,520.009932,0.02642675000242889,13,1.0,6760.129116,True,
LOCAL-v1-q4-cell500_shared_field-5098,4,candidate,16,412.6081071875,0.02567350002937019,16,1.0,6601.729715,True,
LOCAL-v1-q4-cell500_shared_field-5099,4,candidate,13,656.7797292307691,0.023255209089256823,13,1.0,8538.13648,True,
LOCAL-v1-q4-edge_mixed_min_radius-5000,4,candidate,11,724.4871652727272,0.021282667061313987,11,1.0,7969.358818,True,
LOCAL-v1-q4-edge_mixed_min_radius-5001,4,candidate,14,598.2791323571429,0.02357249998021871,14,1.0,8375.907853,True,
LOCAL-v1-q4-edge_mixed_min_radius-5002,4,candidate,15,578.9238135333333,0.022054208908230066,15,1.0,8683.857203,True,
LOCAL-v1-q4-edge_mixed_min_radius-5003,4,candidate,11,635.0809247272728,0.021897750091739,11,1.0,6985.890172,True,
LOCAL-v1-q4-edge_mixed_min_radius-5004,4,candidate,12,589.2784950833333,0.01873458398040384,12,1.0,7071.341941,True,
LOCAL-v1-q4-edge_mixed_min_radius-5005,4,candidate,11,569.8822922727272,0.021927875000983477,11,1.0,6268.705215,True,
LOCAL-v1-q4-edge_mixed_min_radius-5006,4,candidate,11,759.0514473636363,0.019103834056295455,11,1.0,8349.565921,True,
LOCAL-v1-q4-edge_mixed_min_radius-5007,4,candidate,11,718.1010923636363,0.018436750047840178,11,1.0,7899.112016,True,
LOCAL-v1-q4-edge_mixed_min_radius-5008,4,candidate,10,807.8083418,0.015293416916392744,10,1.0,8078.083418,True,
LOCAL-v1-q4-edge_mixed_min_radius-5009,4,candidate,14,485.0201505,0.019242624985054135,14,1.0,6790.282107,True,
LOCAL-v1-q4-edge_mixed_min_radius-5010,4,candidate,12,538.6771378333334,0.0217185840010643,12,1.0,6464.125654,True,
LOCAL-v1-q4-edge_mixed_min_radius-5011,4,candidate,15,431.2551747333334,0.02605929202400148,15,1.0,6468.827621,True,
LOCAL-v1-q4-edge_mixed_min_radius-5012,4,candidate,10,733.0481079,0.02009966690093279,10,1.0,7330.481079,True,
LOCAL-v1-q4-edge_mixed_min_radius-5013,4,candidate,12,570.1084275833333,0.02179816598072648,12,1.0,6841.301131,True,
LOCAL-v1-q4-edge_mixed_min_radius-5014,4,candidate,11,774.6595124545455,0.016668499913066626,11,1.0,8521.254637,True,
LOCAL-v1-q4-edge_mixed_min_radius-5015,4,candidate,12,663.574301,0.016876125009730458,12,1.0,7962.891612,True,
LOCAL-v1-q4-edge_mixed_min_radius-5016,4,candidate,16,485.4016685,0.01989429199602455,16,1.0,7766.426696,True,
LOCAL-v1-q4-edge_mixed_min_radius-5017,4,candidate,15,579.1879334666667,0.018399125081487,15,1.0,8687.819002,True,
LOCAL-v1-q4-edge_mixed_min_radius-5018,4,candidate,10,747.7056599,0.016590749961324036,10,1.0,7477.056599,True,
LOCAL-v1-q4-edge_mixed_min_radius-5019,4,candidate,11,568.194959090909,0.020593499997630715,11,1.0,6250.14455,True,
LOCAL-v1-q4-edge_mixed_min_radius-5020,4,candidate,16,418.1799471875,0.021003542002290487,16,1.0,6690.879155,True,
LOCAL-v1-q4-edge_mixed_min_radius-5021,4,candidate,14,608.5507951428572,0.017389292013831437,14,1.0,8519.711132,True,
LOCAL-v1-q4-edge_mixed_min_radius-5022,4,candidate,14,660.1385067857143,0.01762416702695191,14,1.0,9241.939095,True,
LOCAL-v1-q4-edge_mixed_min_radius-5023,4,candidate,15,496.19513240000003,0.020178165985271335,15,1.0,7442.926986,True,
LOCAL-v1-q4-edge_mixed_min_radius-5024,4,candidate,13,578.2488588461539,0.021299540996551514,13,1.0,7517.235165,True,
LOCAL-v1-q4-edge_mixed_min_radius-5025,4,candidate,12,617.6002419166667,0.02038266696035862,12,1.0,7411.202903,True,
LOCAL-v1-q4-edge_mixed_min_radius-5026,4,candidate,15,452.9115271333333,0.020121749956160784,15,1.0,6793.672907,True,
LOCAL-v1-q4-edge_mixed_min_radius-5027,4,candidate,11,612.3582782727273,0.017171083018183708,11,1.0,6735.941061,True,
LOCAL-v1-q4-edge_mixed_min_radius-5028,4,candidate,10,662.3958048000001,0.016608542064204812,10,1.0,6623.958048,True,
LOCAL-v1-q4-edge_mixed_min_radius-5029,4,candidate,11,700.4209927272727,0.016249166917987168,11,1.0,7704.63092,True,
LOCAL-v1-q4-edge_mixed_min_radius-5030,4,candidate,12,631.2627015833333,0.019818500033579767,12,1.0,7575.152419,True,
LOCAL-v1-q4-edge_mixed_min_radius-5031,4,candidate,15,524.507103,0.018233916023746133,15,1.0,7867.606545,True,
LOCAL-v1-q4-edge_mixed_min_radius-5032,4,candidate,11,606.1331110909091,0.01657974999397993,11,1.0,6667.464222,True,
LOCAL-v1-q4-edge_mixed_min_radius-5033,4,candidate,14,451.17368514285715,0.02010020799934864,14,1.0,6316.431592,True,
LOCAL-v1-q4-edge_mixed_min_radius-5034,4,candidate,16,472.1025014375,0.01889579207636416,16,1.0,7553.640023,True,
LOCAL-v1-q4-edge_mixed_min_radius-5035,4,candidate,10,823.4419769,0.017970167100429535,10,1.0,8234.419769,True,
LOCAL-v1-q4-edge_mixed_min_radius-5036,4,candidate,15,582.8333676666666,0.019856708007864654,15,1.0,8742.500515,True,
LOCAL-v1-q4-edge_mixed_min_radius-5037,4,candidate,15,543.2453354666667,0.020819165976718068,15,1.0,8148.680032,True,
LOCAL-v1-q4-edge_mixed_min_radius-5038,4,candidate,16,469.9049605,0.023582124966196716,16,1.0,7518.479368,True,
LOCAL-v1-q4-edge_mixed_min_radius-5039,4,candidate,10,711.0634081999999,0.018617791938595474,10,1.0,7110.634082,True,
LOCAL-v1-q4-edge_mixed_min_radius-5040,4,candidate,15,469.4207194666667,0.019427458057180047,15,1.0,7041.310792,True,
LOCAL-v1-q4-edge_mixed_min_radius-5041,4,candidate,15,450.00668659999997,0.020373165956698358,15,1.0,6750.100299,True,
LOCAL-v1-q4-edge_mixed_min_radius-5042,4,candidate,11,787.2417163636364,0.018514750059694052,11,1.0,8659.65888,True,
LOCAL-v1-q4-edge_mixed_min_radius-5043,4,candidate,12,646.6527264166667,0.01623416703660041,12,1.0,7759.832717,True,
LOCAL-v1-q4-edge_mixed_min_radius-5044,4,candidate,11,719.9563429090908,0.016740999999456108,11,1.0,7919.519772,True,
LOCAL-v1-q4-edge_mixed_min_radius-5045,4,candidate,11,566.520539,0.020767249981872737,11,1.0,6231.725929,True,
LOCAL-v1-q4-edge_mixed_min_radius-5046,4,candidate,10,576.5105389,0.019331542076542974,10,1.0,5765.105389,True,
LOCAL-v1-q4-edge_mixed_min_radius-5047,4,candidate,16,454.9939354375,0.01927995798178017,16,1.0,7279.902967,True,
LOCAL-v1-q4-edge_mixed_min_radius-5048,4,candidate,12,627.1786789166666,0.019657667027786374,12,1.0,7526.144147,True,
LOCAL-v1-q4-edge_mixed_min_radius-5049,4,candidate,10,709.8936356,0.01774691604077816,10,1.0,7098.936356,True,
LOCAL-v1-q4-edge_mixed_min_radius-5050,4,candidate,15,530.8144724,0.019228750024922192,15,1.0,7962.217086,True,
LOCAL-v1-q4-edge_mixed_min_radius-5051,4,candidate,11,786.281133909091,0.017997957998886704,11,1.0,8649.092473,True,
LOCAL-v1-q4-edge_mixed_min_radius-5052,4,candidate,13,587.6248803076923,0.02035145799163729,13,1.0,7639.123444,True,
LOCAL-v1-q4-edge_mixed_min_radius-5053,4,candidate,16,482.875534875,0.018972499994561076,16,1.0,7726.008558,True,
LOCAL-v1-q4-edge_mixed_min_radius-5054,4,candidate,16,463.7042718125,0.01939529099036008,16,1.0,7419.268349,True,
LOCAL-v1-q4-edge_mixed_min_radius-5055,4,candidate,12,963.2293962499999,0.0169925419613719,12,1.0,11558.752755,True,
LOCAL-v1-q4-edge_mixed_min_radius-5056,4,candidate,13,723.0707332307692,0.016548832994885743,13,1.0,9399.919532,True,
LOCAL-v1-q4-edge_mixed_min_radius-5057,4,candidate,13,529.4432963846155,0.01901329099200666,13,1.0,6882.762853,True,
LOCAL-v1-q4-edge_mixed_min_radius-5058,4,candidate,14,480.11559271428575,0.020890458952635527,14,1.0,6721.618298,True,
LOCAL-v1-q4-edge_mixed_min_radius-5059,4,candidate,12,535.8736145833333,0.02182845794595778,12,1.0,6430.483375,True,
LOCAL-v1-q4-edge_mixed_min_radius-5060,4,candidate,11,774.8969412727273,0.01777383405715227,11,1.0,8523.866354,True,
LOCAL-v1-q4-edge_mixed_min_radius-5061,4,candidate,13,597.7016754615385,0.020855790935456753,13,1.0,7770.121781,True,
LOCAL-v1-q4-edge_mixed_min_radius-5062,4,candidate,16,526.423712875,0.021009125048294663,16,1.0,8422.779406,True,
LOCAL-v1-q4-edge_mixed_min_radius-5063,4,candidate,15,443.73195046666666,0.022754166973754764,15,1.0,6655.979257,True,
LOCAL-v1-q4-edge_mixed_min_radius-5064,4,candidate,13,569.7120393846154,0.017207292024977505,13,1.0,7406.256512,True,
LOCAL-v1-q4-edge_mixed_min_radius-5065,4,candidate,12,679.0401567499999,0.020346333971247077,12,1.0,8148.481881,True,
LOCAL-v1-q4-edge_mixed_min_radius-5066,4,candidate,10,684.1345076,0.017125083948485553,10,1.0,6841.345076,True,
LOCAL-v1-q4-edge_mixed_min_radius-5067,4,candidate,16,462.4934969375,0.021054791985079646,16,1.0,7399.895951,True,
LOCAL-v1-q4-edge_mixed_min_radius-5068,4,candidate,13,603.5721385384616,0.021183959092013538,13,1.0,7846.437801,True,
LOCAL-v1-q4-edge_mixed_min_radius-5069,4,candidate,14,597.4428378571429,0.020301415934227407,14,1.0,8364.19973,True,
LOCAL-v1-q4-edge_mixed_min_radius-5070,4,candidate,12,555.11105725,0.020041665993630886,12,1.0,6661.332687,True,
LOCAL-v1-q4-edge_mixed_min_radius-5071,4,candidate,12,658.5174384166667,0.020481292041949928,12,1.0,7902.209261,True,
LOCAL-v1-q4-edge_mixed_min_radius-5072,4,candidate,15,606.2623909333332,0.019206666969694197,15,1.0,9093.935864,True,
LOCAL-v1-q4-edge_mixed_min_radius-5073,4,candidate,10,625.6700944,0.01885800005402416,10,1.0,6256.700944,True,
LOCAL-v1-q4-edge_mixed_min_radius-5074,4,candidate,16,439.9141055625,0.021218957961536944,16,1.0,7038.625689,True,
LOCAL-v1-q4-edge_mixed_min_radius-5075,4,candidate,15,491.3925397333333,0.02245262498036027,15,1.0,7370.888096,True,
LOCAL-v1-q4-edge_mixed_min_radius-5076,4,candidate,12,698.0925199166667,0.017209458979777992,12,1.0,8377.110239,True,
LOCAL-v1-q4-edge_mixed_min_radius-5077,4,candidate,14,576.7554896428571,0.0223204999929294,14,1.0,8074.576855,True,
LOCAL-v1-q4-edge_mixed_min_radius-5078,4,candidate,13,524.874492,0.020171624957583845,13,1.0,6823.368396,True,
LOCAL-v1-q4-edge_mixed_min_radius-5079,4,candidate,10,623.3710229999999,0.019694542046636343,10,1.0,6233.71023,True,
LOCAL-v1-q4-edge_mixed_min_radius-5080,4,candidate,10,923.4944693,0.016846457961946726,10,1.0,9234.944693,True,
LOCAL-v1-q4-edge_mixed_min_radius-5081,4,candidate,16,556.1079151875,0.020699749933555722,16,1.0,8897.726643,True,
LOCAL-v1-q4-edge_mixed_min_radius-5082,4,candidate,13,550.824985923077,0.018890333944000304,13,1.0,7160.724817,True,
LOCAL-v1-q4-edge_mixed_min_radius-5083,4,candidate,13,536.8377624615384,0.020433540921658278,13,1.0,6978.890912,True,
LOCAL-v1-q4-edge_mixed_min_radius-5084,4,candidate,14,625.8683579285714,0.018418624997138977,14,1.0,8762.157011,True,
LOCAL-v1-q4-edge_mixed_min_radius-5085,4,candidate,15,587.0243414,0.019940792000852525,15,1.0,8805.365121,True,
LOCAL-v1-q4-edge_mixed_min_radius-5086,4,candidate,12,576.2880391666666,0.020502291969023645,12,1.0,6915.45647,True,
LOCAL-v1-q4-edge_mixed_min_radius-5087,4,candidate,13,576.5198883076923,0.01978712505660951,13,1.0,7494.758548,True,
LOCAL-v1-q4-edge_mixed_min_radius-5088,4,candidate,16,473.1063845625,0.02356979192700237,16,1.0,7569.702153,True,
LOCAL-v1-q4-edge_mixed_min_radius-5089,4,candidate,15,503.15828919999996,0.020965375006198883,15,1.0,7547.374338,True,
LOCAL-v1-q4-edge_mixed_min_radius-5090,4,candidate,14,480.5625437142857,0.018852790934033692,14,1.0,6727.875612,True,
LOCAL-v1-q4-edge_mixed_min_radius-5091,4,candidate,12,615.7108599166667,0.019667584099806845,12,1.0,7388.530319,True,
LOCAL-v1-q4-edge_mixed_min_radius-5092,4,candidate,11,646.3741039090909,0.01932195806875825,11,1.0,7110.115143,True,
LOCAL-v1-q4-edge_mixed_min_radius-5093,4,candidate,15,497.07085786666664,0.01839412492699921,15,1.0,7456.062868,True,
LOCAL-v1-q4-edge_mixed_min_radius-5094,4,candidate,11,704.2526032727272,0.016758708050474524,11,1.0,7746.778636,True,
LOCAL-v1-q4-edge_mixed_min_radius-5095,4,candidate,10,804.1272225,0.01742874993942678,10,1.0,8041.272225,True,
LOCAL-v1-q4-edge_mixed_min_radius-5096,4,candidate,14,452.63584785714283,0.019334665965288877,14,1.0,6336.90187,True,
LOCAL-v1-q4-edge_mixed_min_radius-5097,4,candidate,13,507.64938800000004,0.0227659170050174,13,1.0,6599.442044,True,
LOCAL-v1-q4-edge_mixed_min_radius-5098,4,candidate,16,392.983797125,0.021394417039118707,16,1.0,6287.740754,True,
LOCAL-v1-q4-edge_mixed_min_radius-5099,4,candidate,13,635.7494534615385,0.020979875000193715,13,1.0,8264.742895,True,
LOCAL-v1-q4-offcenter_cluster-5000,4,candidate,11,546.1400786363637,0.022291584056802094,11,1.0,6007.540865,True,
LOCAL-v1-q4-offcenter_cluster-5001,4,candidate,14,438.54008842857144,0.03244308300781995,14,1.0,6139.561238,True,
LOCAL-v1-q4-offcenter_cluster-5002,4,candidate,15,469.3639976,0.030106542049907148,15,1.0,7040.459964,True,
LOCAL-v1-q4-offcenter_cluster-5003,4,candidate,11,611.674657,0.024940290953963995,11,1.0,6728.421227,True,
LOCAL-v1-q4-offcenter_cluster-5004,4,candidate,12,484.35441833333334,0.028121332987211645,12,1.0,5812.25302,True,
LOCAL-v1-q4-offcenter_cluster-5005,4,candidate,11,523.4211768181818,0.028139165951870382,11,1.0,5757.632945,True,
LOCAL-v1-q4-offcenter_cluster-5006,4,candidate,11,512.4370224545454,0.026743166032247245,11,1.0,5636.807247,True,
LOCAL-v1-q4-offcenter_cluster-5007,4,candidate,11,562.2230776363637,0.024587125051766634,11,1.0,6184.453854,True,
LOCAL-v1-q4-offcenter_cluster-5008,4,candidate,10,608.1395128,0.019780750037170947,10,1.0,6081.395128,True,
LOCAL-v1-q4-offcenter_cluster-5009,4,candidate,14,484.5959387857143,0.031566540943458676,14,1.0,6784.343143,True,
LOCAL-v1-q4-offcenter_cluster-5010,4,candidate,12,505.01128416666666,0.024345624959096313,12,1.0,6060.13541,True,
LOCAL-v1-q4-offcenter_cluster-5011,4,candidate,15,358.5299333333333,0.02703583298716694,15,1.0,5377.949,True,
LOCAL-v1-q4-offcenter_cluster-5012,4,candidate,10,582.6280273,0.015238375053741038,10,1.0,5826.280273,True,
LOCAL-v1-q4-offcenter_cluster-5013,4,candidate,12,540.4188681666667,0.024761832901276648,12,1.0,6485.026418,True,
LOCAL-v1-q4-offcenter_cluster-5014,4,candidate,11,545.6409764545455,0.02477395802270621,11,1.0,6002.050741,True,
LOCAL-v1-q4-offcenter_cluster-5015,4,candidate,12,596.4428728333334,0.020128041971474886,12,1.0,7157.314474,True,
LOCAL-v1-q4-offcenter_cluster-5016,4,candidate,16,349.2187861875,0.027882375055924058,16,1.0,5587.500579,True,
LOCAL-v1-q4-offcenter_cluster-5017,4,candidate,15,442.50009719999997,0.027856374974362552,15,1.0,6637.501458,True,
LOCAL-v1-q4-offcenter_cluster-5018,4,candidate,10,667.6810265,0.020636250032112002,10,1.0,6676.810265,True,
LOCAL-v1-q4-offcenter_cluster-5019,4,candidate,11,534.6041751818182,0.022230666014365852,11,1.0,5880.645927,True,
LOCAL-v1-q4-offcenter_cluster-5020,4,candidate,16,315.304196625,0.03756758407689631,16,1.0,5044.867146,True,
LOCAL-v1-q4-offcenter_cluster-5021,4,candidate,14,488.6346280714286,0.026511124917306006,14,1.0,6840.884793,True,
LOCAL-v1-q4-offcenter_cluster-5022,4,candidate,14,396.3812328571429,0.02753516600932926,14,1.0,5549.33726,True,
LOCAL-v1-q4-offcenter_cluster-5023,4,candidate,15,426.3390225333333,0.03420749993529171,15,1.0,6395.085338,True,
LOCAL-v1-q4-offcenter_cluster-5024,4,candidate,13,449.0882250769231,0.02904549997765571,13,1.0,5838.146926,True,
LOCAL-v1-q4-offcenter_cluster-5025,4,candidate,12,483.17988525000004,0.01582420791964978,12,1.0,5798.158623,True,
LOCAL-v1-q4-offcenter_cluster-5026,4,candidate,15,359.1409542,0.03005158295854926,15,1.0,5387.114313,True,
LOCAL-v1-q4-offcenter_cluster-5027,4,candidate,11,519.9662705454546,0.021829125005751848,11,1.0,5719.628976,True,
LOCAL-v1-q4-offcenter_cluster-5028,4,candidate,10,597.5302029000001,0.021620500017888844,10,1.0,5975.302029,True,
LOCAL-v1-q4-offcenter_cluster-5029,4,candidate,11,627.5618003636364,0.024252875009551644,11,1.0,6903.179804,True,
LOCAL-v1-q4-offcenter_cluster-5030,4,candidate,12,521.5487010833333,0.024235749966464937,12,1.0,6258.584413,True,
LOCAL-v1-q4-offcenter_cluster-5031,4,candidate,15,379.37057960000004,0.02253041695803404,15,1.0,5690.558694,True,
LOCAL-v1-q4-offcenter_cluster-5032,4,candidate,11,510.4861214545454,0.024191583041101694,11,1.0,5615.347336,True,
LOCAL-v1-q4-offcenter_cluster-5033,4,candidate,14,376.90750157142855,0.030303124920465052,14,1.0,5276.705022,True,
LOCAL-v1-q4-offcenter_cluster-5034,4,candidate,16,369.4350760625,0.029108083923347294,16,1.0,5910.961217,True,
LOCAL-v1-q4-offcenter_cluster-5035,4,candidate,10,656.3598056,0.027338417014107108,10,1.0,6563.598056,True,
LOCAL-v1-q4-offcenter_cluster-5036,4,candidate,15,403.4663728,0.026473250007256866,15,1.0,6051.995592,True,
LOCAL-v1-q4-offcenter_cluster-5037,4,candidate,15,418.14007226666666,0.03215991600882262,15,1.0,6272.101084,True,
LOCAL-v1-q4-offcenter_cluster-5038,4,candidate,16,359.9431730625,0.0349769169697538,16,1.0,5759.090769,True,
LOCAL-v1-q4-offcenter_cluster-5039,4,candidate,10,588.0014162,0.022975125000812113,10,1.0,5880.014162,True,
LOCAL-v1-q4-offcenter_cluster-5040,4,candidate,15,345.2840374666667,0.03822474996559322,15,1.0,5179.260562,True,
LOCAL-v1-q4-offcenter_cluster-5041,4,candidate,15,362.1613364666666,0.026601500110700727,15,1.0,5432.420047,True,
LOCAL-v1-q4-offcenter_cluster-5042,4,candidate,11,550.7147184545455,0.029250791063532233,11,1.0,6057.861903,True,
LOCAL-v1-q4-offcenter_cluster-5043,4,candidate,12,478.25632741666664,0.019384165992960334,12,1.0,5739.075929,True,
LOCAL-v1-q4-offcenter_cluster-5044,4,candidate,11,519.8132762727273,0.024289917084388435,11,1.0,5717.946039,True,
LOCAL-v1-q4-offcenter_cluster-5045,4,candidate,11,508.0411281818182,0.02914204099215567,11,1.0,5588.45241,True,
LOCAL-v1-q4-offcenter_cluster-5046,4,candidate,10,536.2675872,0.02898991701658815,10,1.0,5362.675872,True,
LOCAL-v1-q4-offcenter_cluster-5047,4,candidate,16,135.59886625,0.025711667025461793,16,1.0,2169.58186,True,
LOCAL-v1-q4-offcenter_cluster-5048,4,candidate,12,490.55894033333334,0.023266959004104137,12,1.0,5886.707284,True,
LOCAL-v1-q4-offcenter_cluster-5049,4,candidate,10,683.3921461,0.02519970794674009,10,1.0,6833.921461,True,
LOCAL-v1-q4-offcenter_cluster-5050,4,candidate,15,347.68846106666666,0.030735291074961424,15,1.0,5215.326916,True,
LOCAL-v1-q4-offcenter_cluster-5051,4,candidate,11,569.0122379090909,0.022462541004642844,11,1.0,6259.134617,True,
LOCAL-v1-q4-offcenter_cluster-5052,4,candidate,13,403.9894774615385,0.029055541031993926,13,1.0,5251.863207,True,
LOCAL-v1-q4-offcenter_cluster-5053,4,candidate,16,343.00549825,0.03200595802627504,16,1.0,5488.087972,True,
LOCAL-v1-q4-offcenter_cluster-5054,4,candidate,16,164.680453625,0.026055958936922252,16,1.0,2634.887258,True,
LOCAL-v1-q4-offcenter_cluster-5055,4,candidate,12,477.04623775,0.026008333079516888,12,1.0,5724.554853,True,
LOCAL-v1-q4-offcenter_cluster-5056,4,candidate,13,452.1098296153846,0.03075879206880927,13,1.0,5877.427785,True,
LOCAL-v1-q4-offcenter_cluster-5057,4,candidate,13,497.97738799999996,0.02277920802589506,13,1.0,6473.706044,True,
LOCAL-v1-q4-offcenter_cluster-5058,4,candidate,14,380.2189867142857,0.029594457941129804,14,1.0,5323.065814,True,
LOCAL-v1-q4-offcenter_cluster-5059,4,candidate,12,467.94534075,0.030613292008638382,12,1.0,5615.344089,True,
LOCAL-v1-q4-offcenter_cluster-5060,4,candidate,11,546.5463780909091,0.023988083004951477,11,1.0,6012.010159,True,
LOCAL-v1-q4-offcenter_cluster-5061,4,candidate,13,447.63717984615386,0.022950166021473706,13,1.0,5819.283338,True,
LOCAL-v1-q4-offcenter_cluster-5062,4,candidate,16,375.8600541875,0.026989083038643003,16,1.0,6013.760867,True,
LOCAL-v1-q4-offcenter_cluster-5063,4,candidate,15,390.12449466666664,0.031651000026613474,15,1.0,5851.86742,True,
LOCAL-v1-q4-offcenter_cluster-5064,4,candidate,13,561.2430148461539,0.0239793750224635,13,1.0,7296.159193,True,
LOCAL-v1-q4-offcenter_cluster-5065,4,candidate,12,475.0306473333333,0.019751874962821603,12,1.0,5700.367768,True,
LOCAL-v1-q4-offcenter_cluster-5066,4,candidate,10,585.3473501000001,0.025927582988515496,10,1.0,5853.473501,True,
LOCAL-v1-q4-offcenter_cluster-5067,4,candidate,16,352.20961375,0.027289500110782683,16,1.0,5635.35382,True,
LOCAL-v1-q4-offcenter_cluster-5068,4,candidate,13,497.031867,0.02406075003091246,13,1.0,6461.414271,True,
LOCAL-v1-q4-offcenter_cluster-5069,4,candidate,14,521.0959712142857,0.02723120804876089,14,1.0,7295.343597,True,
LOCAL-v1-q4-offcenter_cluster-5070,4,candidate,12,451.1285383333333,0.03136550006456673,12,1.0,5413.54246,True,
LOCAL-v1-q4-offcenter_cluster-5071,4,candidate,12,459.08340883333335,0.03265008400194347,12,1.0,5509.000906,True,
LOCAL-v1-q4-offcenter_cluster-5072,4,candidate,15,393.7727068666666,0.035183541011065245,15,1.0,5906.590603,True,
LOCAL-v1-q4-offcenter_cluster-5073,4,candidate,10,536.3921286,0.03372029203455895,10,1.0,5363.921286,True,
LOCAL-v1-q4-offcenter_cluster-5074,4,candidate,16,335.4879714375,0.028641415992751718,16,1.0,5367.807543,True,
LOCAL-v1-q4-offcenter_cluster-5075,4,candidate,15,354.6249262,0.017698415904305875,15,1.0,5319.373893,True,
LOCAL-v1-q4-offcenter_cluster-5076,4,candidate,12,503.46610775,0.023262834060005844,12,1.0,6041.593293,True,
LOCAL-v1-q4-offcenter_cluster-5077,4,candidate,14,412.13069271428566,0.028745457995682955,14,1.0,5769.829698,True,
LOCAL-v1-q4-offcenter_cluster-5078,4,candidate,13,448.7273744615385,0.030294166994281113,13,1.0,5833.455868,True,
LOCAL-v1-q4-offcenter_cluster-5079,4,candidate,10,572.1126997,0.027189207961782813,10,1.0,5721.126997,True,
LOCAL-v1-q4-offcenter_cluster-5080,4,candidate,10,837.0709889,0.022187875001691282,10,1.0,8370.709889,True,
LOCAL-v1-q4-offcenter_cluster-5081,4,candidate,16,435.11643325,0.030668291030451655,16,1.0,6961.862932,True,
LOCAL-v1-q4-offcenter_cluster-5082,4,candidate,13,450.2436740769231,0.02383858396206051,13,1.0,5853.167763,True,
LOCAL-v1-q4-offcenter_cluster-5083,4,candidate,13,440.59225669230767,0.028738541062921286,13,1.0,5727.699337,True,
LOCAL-v1-q4-offcenter_cluster-5084,4,candidate,14,440.46087900000003,0.02604520902968943,14,1.0,6166.452306,True,
LOCAL-v1-q4-offcenter_cluster-5085,4,candidate,15,371.26860053333337,0.026312041096389294,15,1.0,5569.029008,True,
LOCAL-v1-q4-offcenter_cluster-5086,4,candidate,12,490.17757150000006,0.02865241700783372,12,1.0,5882.130858,True,
LOCAL-v1-q4-offcenter_cluster-5087,4,candidate,13,449.003426,0.0259734169812873,13,1.0,5837.044538,True,
LOCAL-v1-q4-offcenter_cluster-5088,4,candidate,16,416.7569390625,0.03508137504104525,16,1.0,6668.111025,True,
LOCAL-v1-q4-offcenter_cluster-5089,4,candidate,15,382.4499169333333,0.03128279198426753,15,1.0,5736.748754,True,
LOCAL-v1-q4-offcenter_cluster-5090,4,candidate,14,412.0871554285714,0.03017683292273432,14,1.0,5769.220176,True,
LOCAL-v1-q4-offcenter_cluster-5091,4,candidate,12,492.4539414166666,0.023894499987363815,12,1.0,5909.447297,True,
LOCAL-v1-q4-offcenter_cluster-5092,4,candidate,11,504.1043726363636,0.027580666006542742,11,1.0,5545.148099,True,
LOCAL-v1-q4-offcenter_cluster-5093,4,candidate,15,355.26263213333334,0.034751332947053015,15,1.0,5328.939482,True,
LOCAL-v1-q4-offcenter_cluster-5094,4,candidate,11,544.0351058181818,0.02783495804760605,11,1.0,5984.386164,True,
LOCAL-v1-q4-offcenter_cluster-5095,4,candidate,10,622.0322566,0.03657741704955697,10,1.0,6220.322566,True,
LOCAL-v1-q4-offcenter_cluster-5096,4,candidate,14,399.09905478571426,0.0260230420390144,14,1.0,5587.386767,True,
LOCAL-v1-q4-offcenter_cluster-5097,4,candidate,13,443.39686969230763,0.03028162498958409,13,1.0,5764.159306,True,
LOCAL-v1-q4-offcenter_cluster-5098,4,candidate,16,346.861489,0.03165204101242125,16,1.0,5549.783824,True,
LOCAL-v1-q4-offcenter_cluster-5099,4,candidate,13,485.1505236923077,0.027368417009711266,13,1.0,6306.956808,True,
LOCAL-v1-q4-origin_cluster-5000,4,candidate,11,548.0361328181817,0.024629166000522673,11,1.0,6028.397461,True,
LOCAL-v1-q4-origin_cluster-5001,4,candidate,14,424.05454592857143,0.02991562499664724,14,1.0,5936.763643,True,
LOCAL-v1-q4-origin_cluster-5002,4,candidate,15,472.20031093333336,0.030910041998140514,15,1.0,7083.004664,True,
LOCAL-v1-q4-origin_cluster-5003,4,candidate,11,535.7825898181818,0.023315833997912705,11,1.0,5893.608488,True,
LOCAL-v1-q4-origin_cluster-5004,4,candidate,12,485.3621038333333,0.016479709069244564,12,1.0,5824.345246,True,
LOCAL-v1-q4-origin_cluster-5005,4,candidate,11,496.055906,0.03158962505403906,11,1.0,5456.614966,True,
LOCAL-v1-q4-origin_cluster-5006,4,candidate,11,550.2240573636363,0.024936542031355202,11,1.0,6052.464631,True,
LOCAL-v1-q4-origin_cluster-5007,4,candidate,11,535.4392414545455,0.02569174999371171,11,1.0,5889.831656,True,
LOCAL-v1-q4-origin_cluster-5008,4,candidate,10,734.4212368000001,0.020605958998203278,10,1.0,7344.212368,True,
LOCAL-v1-q4-origin_cluster-5009,4,candidate,14,416.0700250714286,0.026210332987830043,14,1.0,5824.980351,True,
LOCAL-v1-q4-origin_cluster-5010,4,candidate,12,454.4510720833334,0.027892209007404745,12,1.0,5453.412865,True,
LOCAL-v1-q4-origin_cluster-5011,4,candidate,15,358.47252399999996,0.034777041990309954,15,1.0,5377.08786,True,
LOCAL-v1-q4-origin_cluster-5012,4,candidate,10,596.8811438,0.016258792020380497,10,1.0,5968.811438,True,
LOCAL-v1-q4-origin_cluster-5013,4,candidate,12,693.6933220833333,0.0273967090761289,12,1.0,8324.319865,True,
LOCAL-v1-q4-origin_cluster-5014,4,candidate,11,544.7934459090909,0.023157958989031613,11,1.0,5992.727905,True,
LOCAL-v1-q4-origin_cluster-5015,4,candidate,12,1059.4712416666666,0.028608583961613476,12,1.0,12713.6549,True,
LOCAL-v1-q4-origin_cluster-5016,4,candidate,16,341.3838476875,0.03213529195636511,16,1.0,5462.141563,True,
LOCAL-v1-q4-origin_cluster-5017,4,candidate,15,380.04625806666667,0.028376624919474125,15,1.0,5700.693871,True,
LOCAL-v1-q4-origin_cluster-5018,4,candidate,10,904.8012409,0.024519165977835655,10,1.0,9048.012409,True,
LOCAL-v1-q4-origin_cluster-5019,4,candidate,11,539.5810007272727,0.02764574997127056,11,1.0,5935.391008,True,
LOCAL-v1-q4-origin_cluster-5020,4,candidate,16,336.91028325,0.0335983750410378,16,1.0,5390.564532,True,
LOCAL-v1-q4-origin_cluster-5021,4,candidate,14,418.8972312142857,0.02869624993763864,14,1.0,5864.561237,True,
LOCAL-v1-q4-origin_cluster-5022,4,candidate,14,553.9835017857142,0.032134167035110295,14,1.0,7755.769025,True,
LOCAL-v1-q4-origin_cluster-5023,4,candidate,15,370.4446489333333,0.03353575000073761,15,1.0,5556.669734,True,
LOCAL-v1-q4-origin_cluster-5024,4,candidate,13,442.7062896923077,0.028495540958829224,13,1.0,5755.181766,True,
LOCAL-v1-q4-origin_cluster-5025,4,candidate,12,496.0182414166666,0.029297249973751605,12,1.0,5952.218897,True,
LOCAL-v1-q4-origin_cluster-5026,4,candidate,15,372.6855058,0.018325000070035458,15,1.0,5590.282587,True,
LOCAL-v1-q4-origin_cluster-5027,4,candidate,11,535.3460831818182,0.01637437497265637,11,1.0,5888.806915,True,
LOCAL-v1-q4-origin_cluster-5028,4,candidate,10,579.2452571,0.02363320905715227,10,1.0,5792.452571,True,
LOCAL-v1-q4-origin_cluster-5029,4,candidate,11,557.6169648181818,0.02788400009740144,11,1.0,6133.786613,True,
LOCAL-v1-q4-origin_cluster-5030,4,candidate,12,478.8928030833333,0.03080012497957796,12,1.0,5746.713637,True,
LOCAL-v1-q4-origin_cluster-5031,4,candidate,15,406.4856349333333,0.026711749960668385,15,1.0,6097.284524,True,
LOCAL-v1-q4-origin_cluster-5032,4,candidate,11,535.858183090909,0.016765624983236194,11,1.0,5894.440014,True,
LOCAL-v1-q4-origin_cluster-5033,4,candidate,14,404.5540632857143,0.017238834057934582,14,1.0,5663.756886,True,
LOCAL-v1-q4-origin_cluster-5034,4,candidate,16,464.08647925,0.034303958993405104,16,1.0,7425.383668,True,
LOCAL-v1-q4-origin_cluster-5035,4,candidate,10,661.0492943,0.024243458057753742,10,1.0,6610.492943,True,
LOCAL-v1-q4-origin_cluster-5036,4,candidate,15,377.9033732666667,0.02748845797032118,15,1.0,5668.550599,True,
LOCAL-v1-q4-origin_cluster-5037,4,candidate,15,443.19945393333336,0.03274879208765924,15,1.0,6647.991809,True,
LOCAL-v1-q4-origin_cluster-5038,4,candidate,16,109.85588,0.026486749993637204,16,1.0,1757.69408,True,
LOCAL-v1-q4-origin_cluster-5039,4,candidate,10,676.4602322,0.024994416977278888,10,1.0,6764.602322,True,
LOCAL-v1-q4-origin_cluster-5040,4,candidate,15,354.44991980000003,0.031291583087295294,15,1.0,5316.748797,True,
LOCAL-v1-q4-origin_cluster-5041,4,candidate,15,369.537711,0.029190124943852425,15,1.0,5543.065665,True,
LOCAL-v1-q4-origin_cluster-5042,4,candidate,11,530.898313,0.02752112504094839,11,1.0,5839.881443,True,
LOCAL-v1-q4-origin_cluster-5043,4,candidate,12,517.4119093333334,0.027898125001229346,12,1.0,6208.942912,True,
LOCAL-v1-q4-origin_cluster-5044,4,candidate,11,578.6644854545455,0.026968040969222784,11,1.0,6365.30934,True,
LOCAL-v1-q4-origin_cluster-5045,4,candidate,11,531.0278331818182,0.015434541972354054,11,1.0,5841.306165,True,
LOCAL-v1-q4-origin_cluster-5046,4,candidate,10,629.6956253999999,0.026935625006444752,10,1.0,6296.956254,True,
LOCAL-v1-q4-origin_cluster-5047,4,candidate,16,367.2938590625,0.016805458930321038,16,1.0,5876.701745,True,
LOCAL-v1-q4-origin_cluster-5048,4,candidate,12,482.61108925,0.027631833916530013,12,1.0,5791.333071,True,
LOCAL-v1-q4-origin_cluster-5049,4,candidate,10,743.4355618,0.023317040991969407,10,1.0,7434.355618,True,
LOCAL-v1-q4-origin_cluster-5050,4,candidate,15,350.97568686666665,0.0327032080385834,15,1.0,5264.635303,True,
LOCAL-v1-q4-origin_cluster-5051,4,candidate,11,543.4842095454545,0.02839245810173452,11,1.0,5978.326305,True,
LOCAL-v1-q4-origin_cluster-5052,4,candidate,13,416.69434930769233,0.029163291910663247,13,1.0,5417.026541,True,
LOCAL-v1-q4-origin_cluster-5053,4,candidate,16,343.052313125,0.01778820902109146,16,1.0,5488.83701,True,
LOCAL-v1-q4-origin_cluster-5054,4,candidate,16,337.0363061875,0.03477570798713714,16,1.0,5392.580899,True,
LOCAL-v1-q4-origin_cluster-5055,4,candidate,12,493.39451491666665,0.02935033303219825,12,1.0,5920.734179,True,
LOCAL-v1-q4-origin_cluster-5056,4,candidate,13,449.05472299999997,0.027268415899015963,13,1.0,5837.711399,True,
LOCAL-v1-q4-origin_cluster-5057,4,candidate,13,513.0871267692307,0.02879541600123048,13,1.0,6670.132648,True,
LOCAL-v1-q4-origin_cluster-5058,4,candidate,14,393.7977746428572,0.03322066611144692,14,1.0,5513.168845,True,
LOCAL-v1-q4-origin_cluster-5059,4,candidate,12,478.0036260833333,0.03111716592684388,12,1.0,5736.043513,True,
LOCAL-v1-q4-origin_cluster-5060,4,candidate,11,726.2595883636363,0.026852999930270016,11,1.0,7988.855472,True,
LOCAL-v1-q4-origin_cluster-5061,4,candidate,13,501.985626,0.030797166982665658,13,1.0,6525.813138,True,
LOCAL-v1-q4-origin_cluster-5062,4,candidate,16,418.7119778125,0.030315208015963435,16,1.0,6699.391645,True,
LOCAL-v1-q4-origin_cluster-5063,4,candidate,15,367.3938526,0.03157741599716246,15,1.0,5510.907789,True,
LOCAL-v1-q4-origin_cluster-5064,4,candidate,13,441.6883023846154,0.016385165974497795,13,1.0,5741.947931,True,
LOCAL-v1-q4-origin_cluster-5065,4,candidate,12,499.4293843333333,0.02709854196291417,12,1.0,5993.152612,True,
LOCAL-v1-q4-origin_cluster-5066,4,candidate,10,596.1934938,0.016258542076684535,10,1.0,5961.934938,True,
LOCAL-v1-q4-origin_cluster-5067,4,candidate,16,340.1818793125,0.03221770795062184,16,1.0,5442.910069,True,
LOCAL-v1-q4-origin_cluster-5068,4,candidate,13,429.2440038461539,0.027006749995052814,13,1.0,5580.17205,True,
LOCAL-v1-q4-origin_cluster-5069,4,candidate,14,399.2608485714286,0.03231754107400775,14,1.0,5589.65188,True,
LOCAL-v1-q4-origin_cluster-5070,4,candidate,12,489.0986660833333,0.025638208026066422,12,1.0,5869.183993,True,
LOCAL-v1-q4-origin_cluster-5071,4,candidate,12,439.67511083333335,0.033106917049735785,12,1.0,5276.10133,True,
LOCAL-v1-q4-origin_cluster-5072,4,candidate,15,478.2071276666667,0.03158945799805224,15,1.0,7173.106915,True,
LOCAL-v1-q4-origin_cluster-5073,4,candidate,10,548.5380451,0.028011040994897485,10,1.0,5485.380451,True,
LOCAL-v1-q4-origin_cluster-5074,4,candidate,16,338.29310675,0.03707658301573247,16,1.0,5412.689708,True,
LOCAL-v1-q4-origin_cluster-5075,4,candidate,15,369.3364162,0.03370233403984457,15,1.0,5540.046243,True,
LOCAL-v1-q4-origin_cluster-5076,4,candidate,12,484.3787633333333,0.029798040981404483,12,1.0,5812.54516,True,
LOCAL-v1-q4-origin_cluster-5077,4,candidate,14,404.0165705,0.017758041969500482,14,1.0,5656.231987,True,
LOCAL-v1-q4-origin_cluster-5078,4,candidate,13,420.04299799999995,0.027546791010536253,13,1.0,5460.558974,True,
LOCAL-v1-q4-origin_cluster-5079,4,candidate,10,552.2844677,0.029805750004015863,10,1.0,5522.844677,True,
LOCAL-v1-q4-origin_cluster-5080,4,candidate,10,637.1992797,0.027328249998390675,10,1.0,6371.992797,True,
LOCAL-v1-q4-origin_cluster-5081,4,candidate,16,364.4528669375,0.033648084034211934,16,1.0,5831.245871,True,
LOCAL-v1-q4-origin_cluster-5082,4,candidate,13,451.5743133846154,0.03167920792475343,13,1.0,5870.466074,True,
LOCAL-v1-q4-origin_cluster-5083,4,candidate,13,433.15805984615383,0.032814000034704804,13,1.0,5631.054778,True,
LOCAL-v1-q4-origin_cluster-5084,4,candidate,14,457.8435957857143,0.03779745800420642,14,1.0,6409.810341,True,
LOCAL-v1-q4-origin_cluster-5085,4,candidate,15,354.10213046666667,0.046735000098124146,15,1.0,5311.531957,True,
LOCAL-v1-q4-origin_cluster-5086,4,candidate,12,488.1114076666667,0.030163750052452087,12,1.0,5857.336892,True,
LOCAL-v1-q4-origin_cluster-5087,4,candidate,13,440.89500223076925,0.033367249998264015,13,1.0,5731.635029,True,
LOCAL-v1-q4-origin_cluster-5088,4,candidate,16,364.142358,0.04004816699307412,16,1.0,5826.277728,True,
LOCAL-v1-q4-origin_cluster-5089,4,candidate,15,371.40016099999997,0.03516570897772908,15,1.0,5571.002415,True,
LOCAL-v1-q4-origin_cluster-5090,4,candidate,14,413.1014965714286,0.019308916991576552,14,1.0,5783.420952,True,
LOCAL-v1-q4-origin_cluster-5091,4,candidate,12,483.6040553333333,0.030356916948221624,12,1.0,5803.248664,True,
LOCAL-v1-q4-origin_cluster-5092,4,candidate,11,530.0277590000001,0.03187883296050131,11,1.0,5830.305349,True,
LOCAL-v1-q4-origin_cluster-5093,4,candidate,15,376.726044,0.03308904101140797,15,1.0,5650.89066,True,
LOCAL-v1-q4-origin_cluster-5094,4,candidate,11,551.3269615454545,0.026174250058829784,11,1.0,6064.596577,True,
LOCAL-v1-q4-origin_cluster-5095,4,candidate,10,605.2885061,0.027258625021204352,10,1.0,6052.885061,True,
LOCAL-v1-q4-origin_cluster-5096,4,candidate,14,378.0248547142857,0.03109375003259629,14,1.0,5292.347966,True,
LOCAL-v1-q4-origin_cluster-5097,4,candidate,13,438.941462,0.03427479194942862,13,1.0,5706.239006,True,
LOCAL-v1-q4-origin_cluster-5098,4,candidate,16,399.0975683125,0.03443412494380027,16,1.0,6385.561093,True,
LOCAL-v1-q4-origin_cluster-5099,4,candidate,13,547.1419815384616,0.031431709066964686,13,1.0,7112.84576,True,
LOCAL-v1-q4-minimum_radius-5000,4,candidate,11,567.2535066363636,0.02192429208662361,11,1.0,6239.788573,True,
LOCAL-v1-q4-minimum_radius-5001,4,candidate,14,582.9471229285715,0.021644750027917325,14,1.0,8161.259721,True,
LOCAL-v1-q4-minimum_radius-5002,4,candidate,15,605.7381135333333,0.017878707963973284,15,1.0,9086.071703,True,
LOCAL-v1-q4-minimum_radius-5003,4,candidate,11,617.8849652727273,0.019015791942365468,11,1.0,6796.734618,True,
LOCAL-v1-q4-minimum_radius-5004,4,candidate,12,561.3289249166667,0.020814749994315207,12,1.0,6735.947099,True,
LOCAL-v1-q4-minimum_radius-5005,4,candidate,11,578.2917057272726,0.01944225002080202,11,1.0,6361.208763,True,
LOCAL-v1-q4-minimum_radius-5006,4,candidate,11,667.4862516363636,0.021504667005501688,11,1.0,7342.348768,True,
LOCAL-v1-q4-minimum_radius-5007,4,candidate,11,631.5913120909091,0.0261029580142349,11,1.0,6947.504433,True,
LOCAL-v1-q4-minimum_radius-5008,4,candidate,10,827.4277228000001,0.017847625073045492,10,1.0,8274.277228,True,
LOCAL-v1-q4-minimum_radius-5009,4,candidate,14,457.23085085714285,0.019007249968126416,14,1.0,6401.231912,True,
LOCAL-v1-q4-minimum_radius-5010,4,candidate,12,552.0139958333333,0.02332783304154873,12,1.0,6624.16795,True,
LOCAL-v1-q4-minimum_radius-5011,4,candidate,15,456.3775998,0.02173029095865786,15,1.0,6845.663997,True,
LOCAL-v1-q4-minimum_radius-5012,4,candidate,10,682.7032372,0.017079999903216958,10,1.0,6827.032372,True,
LOCAL-v1-q4-minimum_radius-5013,4,candidate,12,627.4618755,0.01730970898643136,12,1.0,7529.542506,True,
LOCAL-v1-q4-minimum_radius-5014,4,candidate,11,640.0619157272727,0.018856166978366673,11,1.0,7040.681073,True,
LOCAL-v1-q4-minimum_radius-5015,4,candidate,12,675.1206453333333,0.023644541040994227,12,1.0,8101.447744,True,
LOCAL-v1-q4-minimum_radius-5016,4,candidate,16,454.1889941875,0.01926208392251283,16,1.0,7267.023907,True,
LOCAL-v1-q4-minimum_radius-5017,4,candidate,15,649.5256102666666,0.021829665987752378,15,1.0,9742.884154,True,
LOCAL-v1-q4-minimum_radius-5018,4,candidate,10,850.1399753,0.018867583014070988,10,1.0,8501.399753,True,
LOCAL-v1-q4-minimum_radius-5019,4,candidate,11,631.7358262727273,0.021458333008922637,11,1.0,6949.094089,True,
LOCAL-v1-q4-minimum_radius-5020,4,candidate,16,456.347681875,0.021283125039190054,16,1.0,7301.56291,True,
LOCAL-v1-q4-minimum_radius-5021,4,candidate,14,569.881439,0.01930024998728186,14,1.0,7978.340146,True,
LOCAL-v1-q4-minimum_radius-5022,4,candidate,14,550.9281675,0.021357083111070096,14,1.0,7712.994345,True,
LOCAL-v1-q4-minimum_radius-5023,4,candidate,15,459.8729224,0.025073374970816076,15,1.0,6898.093836,True,
LOCAL-v1-q4-minimum_radius-5024,4,candidate,13,494.398321,0.01964170904830098,13,1.0,6427.178173,True,
LOCAL-v1-q4-minimum_radius-5025,4,candidate,12,621.94695925,0.02418612502515316,12,1.0,7463.363511,True,
LOCAL-v1-q4-minimum_radius-5026,4,candidate,15,441.16915826666667,0.022060165996663272,15,1.0,6617.537374,True,
LOCAL-v1-q4-minimum_radius-5027,4,candidate,11,641.867604090909,0.023264875053428113,11,1.0,7060.543645,True,
LOCAL-v1-q4-minimum_radius-5028,4,candidate,10,690.9229965000001,0.018229875015094876,10,1.0,6909.229965,True,
LOCAL-v1-q4-minimum_radius-5029,4,candidate,11,648.1581697272727,0.020426707924343646,11,1.0,7129.739867,True,
LOCAL-v1-q4-minimum_radius-5030,4,candidate,12,731.2472697500001,0.02030850003939122,12,1.0,8774.967237,True,
LOCAL-v1-q4-minimum_radius-5031,4,candidate,15,571.2056091333333,0.024362791911698878,15,1.0,8568.084137,True,
LOCAL-v1-q4-minimum_radius-5032,4,candidate,11,586.9093566363637,0.021898334030993283,11,1.0,6456.002923,True,
LOCAL-v1-q4-minimum_radius-5033,4,candidate,14,464.5488627857143,0.022276457981206477,14,1.0,6503.684079,True,
LOCAL-v1-q4-minimum_radius-5034,4,candidate,16,524.1588530625,0.022619124967604876,16,1.0,8386.541649,True,
LOCAL-v1-q4-minimum_radius-5035,4,candidate,10,708.7427175,0.01740399992559105,10,1.0,7087.427175,True,
LOCAL-v1-q4-minimum_radius-5036,4,candidate,15,505.8444308,0.018384750001132488,15,1.0,7587.666462,True,
LOCAL-v1-q4-minimum_radius-5037,4,candidate,15,508.55228473333335,0.019760917057283223,15,1.0,7628.284271,True,
LOCAL-v1-q4-minimum_radius-5038,4,candidate,16,435.99560475,0.022409665980376303,16,1.0,6975.929676,True,
LOCAL-v1-q4-minimum_radius-5039,4,candidate,10,760.0743268,0.01682516699656844,10,1.0,7600.743268,True,
LOCAL-v1-q4-minimum_radius-5040,4,candidate,15,481.79003166666666,0.020601790980435908,15,1.0,7226.850475,True,
LOCAL-v1-q4-minimum_radius-5041,4,candidate,15,517.7033213999999,0.02259820804465562,15,1.0,7765.549821,True,
LOCAL-v1-q4-minimum_radius-5042,4,candidate,11,605.6740564545454,0.022194041055627167,11,1.0,6662.414621,True,
LOCAL-v1-q4-minimum_radius-5043,4,candidate,12,549.8044685,0.024382875068113208,12,1.0,6597.653622,True,
LOCAL-v1-q4-minimum_radius-5044,4,candidate,11,690.3695424545455,0.01813666697125882,11,1.0,7594.064967,True,
LOCAL-v1-q4-minimum_radius-5045,4,candidate,11,590.8092438181818,0.015500999987125397,11,1.0,6498.901682,True,
LOCAL-v1-q4-minimum_radius-5046,4,candidate,10,674.2555027999999,0.019991625100374222,10,1.0,6742.555028,True,
LOCAL-v1-q4-minimum_radius-5047,4,candidate,16,407.60327125,0.026273082941770554,16,1.0,6521.65234,True,
LOCAL-v1-q4-minimum_radius-5048,4,candidate,12,567.69204625,0.016236125025898218,12,1.0,6812.304555,True,
LOCAL-v1-q4-minimum_radius-5049,4,candidate,10,694.730037,0.022213249932974577,10,1.0,6947.30037,True,
LOCAL-v1-q4-minimum_radius-5050,4,candidate,15,506.32588606666667,0.02134033292531967,15,1.0,7594.888291,True,
LOCAL-v1-q4-minimum_radius-5051,4,candidate,11,679.0871676363636,0.017509625060483813,11,1.0,7469.958844,True,
LOCAL-v1-q4-minimum_radius-5052,4,candidate,13,500.4196091538461,0.02128316694870591,13,1.0,6505.454919,True,
LOCAL-v1-q4-minimum_radius-5053,4,candidate,16,434.3182641875,0.02209741692058742,16,1.0,6949.092227,True,
LOCAL-v1-q4-minimum_radius-5054,4,candidate,16,470.6927588125,0.02309858298394829,16,1.0,7531.084141,True,
LOCAL-v1-q4-minimum_radius-5055,4,candidate,12,656.7790199166667,0.01942191703710705,12,1.0,7881.348239,True,
LOCAL-v1-q4-minimum_radius-5056,4,candidate,13,516.4990782307692,0.01925737503916025,13,1.0,6714.488017,True,
LOCAL-v1-q4-minimum_radius-5057,4,candidate,13,543.6832934615385,0.017406375030986965,13,1.0,7067.882815,True,
LOCAL-v1-q4-minimum_radius-5058,4,candidate,14,473.10895185714287,0.019739749957807362,14,1.0,6623.525326,True,
LOCAL-v1-q4-minimum_radius-5059,4,candidate,12,567.25271375,0.019194416934624314,12,1.0,6807.032565,True,
LOCAL-v1-q4-minimum_radius-5060,4,candidate,11,639.569744,0.021029500057920814,11,1.0,7035.267184,True,
LOCAL-v1-q4-minimum_radius-5061,4,candidate,13,610.8487594615385,0.020143624977208674,13,1.0,7941.033873,True,
LOCAL-v1-q4-minimum_radius-5062,4,candidate,16,454.367233375,0.02697075007017702,16,1.0,7269.875734,True,
LOCAL-v1-q4-minimum_radius-5063,4,candidate,15,488.772542,0.019718041992746294,15,1.0,7331.58813,True,
LOCAL-v1-q4-minimum_radius-5064,4,candidate,13,588.4794797692308,0.021887167007662356,13,1.0,7650.233237,True,
LOCAL-v1-q4-minimum_radius-5065,4,candidate,12,626.9747043333333,0.017776207998394966,12,1.0,7523.696452,True,
LOCAL-v1-q4-minimum_radius-5066,4,candidate,10,677.5991432,0.01875916705466807,10,1.0,6775.991432,True,
LOCAL-v1-q4-minimum_radius-5067,4,candidate,16,588.433841125,0.02463133307173848,16,1.0,9414.941458,True,
LOCAL-v1-q4-minimum_radius-5068,4,candidate,13,622.5199826923077,0.02128233399707824,13,1.0,8092.759775,True,
LOCAL-v1-q4-minimum_radius-5069,4,candidate,14,531.4748241428572,0.02167912491131574,14,1.0,7440.647538,True,
LOCAL-v1-q4-minimum_radius-5070,4,candidate,12,553.3250565,0.01821437501348555,12,1.0,6639.900678,True,
LOCAL-v1-q4-minimum_radius-5071,4,candidate,12,586.0271325,0.02004766697064042,12,1.0,7032.32559,True,
LOCAL-v1-q4-minimum_radius-5072,4,candidate,15,521.8735304666667,0.016787625034339726,15,1.0,7828.102957,True,
LOCAL-v1-q4-minimum_radius-5073,4,candidate,10,683.9761057,0.01767774997279048,10,1.0,6839.761057,True,
LOCAL-v1-q4-minimum_radius-5074,4,candidate,16,445.0848000625,0.026082541910000145,16,1.0,7121.356801,True,
LOCAL-v1-q4-minimum_radius-5075,4,candidate,15,450.10156033333334,0.023290624958463013,15,1.0,6751.523405,True,
LOCAL-v1-q4-minimum_radius-5076,4,candidate,12,654.74902825,0.018355833017267287,12,1.0,7856.988339,True,
LOCAL-v1-q4-minimum_radius-5077,4,candidate,14,490.346113,0.020210833987221122,14,1.0,6864.845582,True,
LOCAL-v1-q4-minimum_radius-5078,4,candidate,13,600.0155042307692,0.020541207981295884,13,1.0,7800.201555,True,
LOCAL-v1-q4-minimum_radius-5079,4,candidate,10,588.2775296,0.02347829204518348,10,1.0,5882.775296,True,
LOCAL-v1-q4-minimum_radius-5080,4,candidate,10,1022.1726853,0.02059054095298052,10,1.0,10221.726853,True,
LOCAL-v1-q4-minimum_radius-5081,4,candidate,16,482.4146243125,0.02179145801346749,16,1.0,7718.633989,True,
LOCAL-v1-q4-minimum_radius-5082,4,candidate,13,556.0138069230769,0.01826124999206513,13,1.0,7228.17949,True,
LOCAL-v1-q4-minimum_radius-5083,4,candidate,13,516.8678826153846,0.02593554195482284,13,1.0,6719.282474,True,
LOCAL-v1-q4-minimum_radius-5084,4,candidate,14,551.2815974285714,0.022635667002759874,14,1.0,7717.942364,True,
LOCAL-v1-q4-minimum_radius-5085,4,candidate,15,499.3515261333333,0.017724665929563344,15,1.0,7490.272892,True,
LOCAL-v1-q4-minimum_radius-5086,4,candidate,12,637.95162225,0.02408637502230704,12,1.0,7655.419467,True,
LOCAL-v1-q4-minimum_radius-5087,4,candidate,13,581.9954097692308,0.02007299999240786,13,1.0,7565.940327,True,
LOCAL-v1-q4-minimum_radius-5088,4,candidate,16,411.27845925,0.025656708981841803,16,1.0,6580.455348,True,
LOCAL-v1-q4-minimum_radius-5089,4,candidate,15,452.1149335333333,0.024410749902017415,15,1.0,6781.724003,True,
LOCAL-v1-q4-minimum_radius-5090,4,candidate,14,486.8833767142857,0.016789583023637533,14,1.0,6816.367274,True,
LOCAL-v1-q4-minimum_radius-5091,4,candidate,12,616.1753674166666,0.020052290987223387,12,1.0,7394.104409,True,
LOCAL-v1-q4-minimum_radius-5092,4,candidate,11,580.9562398181818,0.02092800009995699,11,1.0,6390.518638,True,
LOCAL-v1-q4-minimum_radius-5093,4,candidate,15,576.2657552000001,0.01821141701657325,15,1.0,8643.986328,True,
LOCAL-v1-q4-minimum_radius-5094,4,candidate,11,744.0077636363636,0.017044333973899484,11,1.0,8184.0854,True,
LOCAL-v1-q4-minimum_radius-5095,4,candidate,10,710.0160479,0.017942541977390647,10,1.0,7100.160479,True,
LOCAL-v1-q4-minimum_radius-5096,4,candidate,14,462.19263785714287,0.022961042006500065,14,1.0,6470.69693,True,
LOCAL-v1-q4-minimum_radius-5097,4,candidate,13,558.4741226153845,0.022219458012841642,13,1.0,7260.163594,True,
LOCAL-v1-q4-minimum_radius-5098,4,candidate,16,455.8754390625,0.02156362496316433,16,1.0,7294.007025,True,
LOCAL-v1-q4-minimum_radius-5099,4,candidate,13,665.5966391538461,0.020880416966974735,13,1.0,8652.756309,True,
LOCAL-v1-q4-exactly10_sources-5000,4,candidate,10,675.6434252,0.021321750013157725,10,1.0,6756.434252,True,
LOCAL-v1-q4-exactly10_sources-5001,4,candidate,10,916.8177035000001,0.017906707944348454,10,1.0,9168.177035,True,
LOCAL-v1-q4-exactly10_sources-5002,4,candidate,10,694.7961892000001,0.023931125062517822,10,1.0,6947.961892,True,
LOCAL-v1-q4-exactly10_sources-5003,4,candidate,10,676.4782613,0.020314584020525217,10,1.0,6764.782613,True,
LOCAL-v1-q4-exactly10_sources-5004,4,candidate,10,628.5637748,0.024500207975506783,10,1.0,6285.637748,True,
LOCAL-v1-q4-exactly10_sources-5005,4,candidate,10,642.752041,0.01805045804940164,10,1.0,6427.52041,True,
LOCAL-v1-q4-exactly10_sources-5006,4,candidate,10,715.3553935,0.02073187497444451,10,1.0,7153.553935,True,
LOCAL-v1-q4-exactly10_sources-5007,4,candidate,10,681.6113459999999,0.019541333080269396,10,1.0,6816.11346,True,
LOCAL-v1-q4-exactly10_sources-5008,4,candidate,10,631.5760459,0.02341391600202769,10,1.0,6315.760459,True,
LOCAL-v1-q4-exactly10_sources-5009,4,candidate,10,654.4251003,0.01680541702080518,10,1.0,6544.251003,True,
LOCAL-v1-q4-exactly10_sources-5010,4,candidate,10,618.7546478,0.02043912489898503,10,1.0,6187.546478,True,
LOCAL-v1-q4-exactly10_sources-5011,4,candidate,10,675.1524335,0.01820766704622656,10,1.0,6751.524335,True,
LOCAL-v1-q4-exactly10_sources-5012,4,candidate,10,635.2270961,0.01650441694073379,10,1.0,6352.270961,True,
LOCAL-v1-q4-exactly10_sources-5013,4,candidate,10,736.0304041,0.01588233292568475,10,1.0,7360.304041,True,
LOCAL-v1-q4-exactly10_sources-5014,4,candidate,10,719.1970237,0.01765354094095528,10,1.0,7191.970237,True,
LOCAL-v1-q4-exactly10_sources-5015,4,candidate,10,703.189935,0.024410000070929527,10,1.0,7031.89935,True,
LOCAL-v1-q4-exactly10_sources-5016,4,candidate,10,741.456944,0.016915124957449734,10,1.0,7414.56944,True,
LOCAL-v1-q4-exactly10_sources-5017,4,candidate,10,671.1190220999999,0.018263750011101365,10,1.0,6711.190221,True,
LOCAL-v1-q4-exactly10_sources-5018,4,candidate,10,688.666457,0.017574083991348743,10,1.0,6886.66457,True,
LOCAL-v1-q4-exactly10_sources-5019,4,candidate,10,696.5098707,0.016972834011539817,10,1.0,6965.098707,True,
LOCAL-v1-q4-exactly10_sources-5020,4,candidate,10,763.4846728,0.016233708010986447,10,1.0,7634.846728,True,
LOCAL-v1-q4-exactly10_sources-5021,4,candidate,10,697.4118369,0.01638254104182124,10,1.0,6974.118369,True,
LOCAL-v1-q4-exactly10_sources-5022,4,candidate,10,612.4066111,0.018529542023316026,10,1.0,6124.066111,True,
LOCAL-v1-q4-exactly10_sources-5023,4,candidate,10,647.2176581,0.015359540935605764,10,1.0,6472.176581,True,
LOCAL-v1-q4-exactly10_sources-5024,4,candidate,10,657.0330056,0.01637283305171877,10,1.0,6570.330056,True,
LOCAL-v1-q4-exactly10_sources-5025,4,candidate,10,653.4076032,0.019619833095930517,10,1.0,6534.076032,True,
LOCAL-v1-q4-exactly10_sources-5026,4,candidate,10,717.9945958000001,0.017063000006601214,10,1.0,7179.945958,True,
LOCAL-v1-q4-exactly10_sources-5027,4,candidate,10,672.5425948,0.020338583970442414,10,1.0,6725.425948,True,
LOCAL-v1-q4-exactly10_sources-5028,4,candidate,10,681.8542781,0.01821579202078283,10,1.0,6818.542781,True,
LOCAL-v1-q4-exactly10_sources-5029,4,candidate,10,752.793314,0.016294667031615973,10,1.0,7527.93314,True,
LOCAL-v1-q4-exactly10_sources-5030,4,candidate,10,757.7416698,0.021878749947063625,10,1.0,7577.416698,True,
LOCAL-v1-q4-exactly10_sources-5031,4,candidate,10,868.8806288,0.020754917059093714,10,1.0,8688.806288,True,
LOCAL-v1-q4-exactly10_sources-5032,4,candidate,10,714.1986042999999,0.019251542049460113,10,1.0,7141.986043,True,
LOCAL-v1-q4-exactly10_sources-5033,4,candidate,10,665.7924428,0.01984733308199793,10,1.0,6657.924428,True,
LOCAL-v1-q4-exactly10_sources-5034,4,candidate,10,809.6051518,0.01797608402557671,10,1.0,8096.051518,True,
LOCAL-v1-q4-exactly10_sources-5035,4,candidate,10,1103.4745161,0.019598916987888515,10,1.0,11034.745161,True,
LOCAL-v1-q4-exactly10_sources-5036,4,candidate,10,630.2301835999999,0.021036374964751303,10,1.0,6302.301836,True,
LOCAL-v1-q4-exactly10_sources-5037,4,candidate,10,662.2987350999999,0.018133207922801375,10,1.0,6622.987351,True,
LOCAL-v1-q4-exactly10_sources-5038,4,candidate,10,714.4508729,0.016426875023171306,10,1.0,7144.508729,True,
LOCAL-v1-q4-exactly10_sources-5039,4,candidate,10,645.6246633,0.018256915966048837,10,1.0,6456.246633,True,
LOCAL-v1-q4-exactly10_sources-5040,4,candidate,10,668.1439028,0.020087999990209937,10,1.0,6681.439028,True,
LOCAL-v1-q4-exactly10_sources-5041,4,candidate,10,711.8824416,0.02138550009112805,10,1.0,7118.824416,True,
LOCAL-v1-q4-exactly10_sources-5042,4,candidate,10,645.0211993,0.017654667026363313,10,1.0,6450.211993,True,
LOCAL-v1-q4-exactly10_sources-5043,4,candidate,10,895.9976301999999,0.019008290953934193,10,1.0,8959.976302,True,
LOCAL-v1-q4-exactly10_sources-5044,4,candidate,10,622.3345827,0.020779583021067083,10,1.0,6223.345827,True,
LOCAL-v1-q4-exactly10_sources-5045,4,candidate,10,790.059032,0.018888583057560027,10,1.0,7900.59032,True,
LOCAL-v1-q4-exactly10_sources-5046,4,candidate,10,633.9869387,0.01971975003834814,10,1.0,6339.869387,True,
LOCAL-v1-q4-exactly10_sources-5047,4,candidate,10,669.4172722000001,0.020096916938200593,10,1.0,6694.172722,True,
LOCAL-v1-q4-exactly10_sources-5048,4,candidate,10,661.812765,0.02036050008609891,10,1.0,6618.12765,True,
LOCAL-v1-q4-exactly10_sources-5049,4,candidate,10,695.2770168,0.0214709589490667,10,1.0,6952.770168,True,
LOCAL-v1-q4-exactly10_sources-5050,4,candidate,10,663.9445085,0.02386708406265825,10,1.0,6639.445085,True,
LOCAL-v1-q4-exactly10_sources-5051,4,candidate,10,724.6094496,0.01789216708857566,10,1.0,7246.094496,True,
LOCAL-v1-q4-exactly10_sources-5052,4,candidate,10,646.2866748,0.020046666031703353,10,1.0,6462.866748,True,
LOCAL-v1-q4-exactly10_sources-5053,4,candidate,10,606.6581665,0.019060875056311488,10,1.0,6066.581665,True,
LOCAL-v1-q4-exactly10_sources-5054,4,candidate,10,713.2367502,0.017143249977380037,10,1.0,7132.367502,True,
LOCAL-v1-q4-exactly10_sources-5055,4,candidate,10,644.3848385,0.020155750098638237,10,1.0,6443.848385,True,
LOCAL-v1-q4-exactly10_sources-5056,4,candidate,10,666.8176325000001,0.02060362498741597,10,1.0,6668.176325,True,
LOCAL-v1-q4-exactly10_sources-5057,4,candidate,10,624.1975398,0.018987374962307513,10,1.0,6241.975398,True,
LOCAL-v1-q4-exactly10_sources-5058,4,candidate,10,650.3192114000001,0.018541541998274624,10,1.0,6503.192114,True,
LOCAL-v1-q4-exactly10_sources-5059,4,candidate,10,691.1894707,0.016737750032916665,10,1.0,6911.894707,True,
LOCAL-v1-q4-exactly10_sources-5060,4,candidate,10,692.7986972,0.017576250014826655,10,1.0,6927.986972,True,
LOCAL-v1-q4-exactly10_sources-5061,4,candidate,10,642.9358597,0.018851666944101453,10,1.0,6429.358597,True,
LOCAL-v1-q4-exactly10_sources-5062,4,candidate,10,773.7743477,0.017337583005428314,10,1.0,7737.743477,True,
LOCAL-v1-q4-exactly10_sources-5063,4,candidate,10,633.0225816,0.015625250060111284,10,1.0,6330.225816,True,
LOCAL-v1-q4-exactly10_sources-5064,4,candidate,10,668.8413697,0.019694874994456768,10,1.0,6688.413697,True,
LOCAL-v1-q4-exactly10_sources-5065,4,candidate,10,651.0654092,0.021955832955427468,10,1.0,6510.654092,True,
LOCAL-v1-q4-exactly10_sources-5066,4,candidate,10,640.5709365,0.020381415961310267,10,1.0,6405.709365,True,
LOCAL-v1-q4-exactly10_sources-5067,4,candidate,10,702.7601502,0.017912166891619563,10,1.0,7027.601502,True,
LOCAL-v1-q4-exactly10_sources-5068,4,candidate,10,750.5495052,0.02239383291453123,10,1.0,7505.495052,True,
LOCAL-v1-q4-exactly10_sources-5069,4,candidate,10,619.1808177,0.019903917098417878,10,1.0,6191.808177,True,
LOCAL-v1-q4-exactly10_sources-5070,4,candidate,10,857.1965938999999,0.019950333051383495,10,1.0,8571.965939,True,
LOCAL-v1-q4-exactly10_sources-5071,4,candidate,10,744.7932704,0.021036749938502908,10,1.0,7447.932704,True,
LOCAL-v1-q4-exactly10_sources-5072,4,candidate,10,701.5538333000001,0.0169969170819968,10,1.0,7015.538333,True,
LOCAL-v1-q4-exactly10_sources-5073,4,candidate,10,619.2666385,0.01992062502540648,10,1.0,6192.666385,True,
LOCAL-v1-q4-exactly10_sources-5074,4,candidate,10,692.0039019,0.02263283298816532,10,1.0,6920.039019,True,
LOCAL-v1-q4-exactly10_sources-5075,4,candidate,10,679.5241877000001,0.015824958099983633,10,1.0,6795.241877,True,
LOCAL-v1-q4-exactly10_sources-5076,4,candidate,10,695.7552747,0.018993290956132114,10,1.0,6957.552747,True,
LOCAL-v1-q4-exactly10_sources-5077,4,candidate,10,677.0906788,0.02012975001707673,10,1.0,6770.906788,True,
LOCAL-v1-q4-exactly10_sources-5078,4,candidate,10,738.3056823,0.018244541948661208,10,1.0,7383.056823,True,
LOCAL-v1-q4-exactly10_sources-5079,4,candidate,10,796.7549439000001,0.018610166967846453,10,1.0,7967.549439,True,
LOCAL-v1-q4-exactly10_sources-5080,4,candidate,10,973.312623,0.020798084093257785,10,1.0,9733.12623,True,
LOCAL-v1-q4-exactly10_sources-5081,4,candidate,10,673.6652766999999,0.033406708971597254,10,1.0,6736.652767,True,
LOCAL-v1-q4-exactly10_sources-5082,4,candidate,10,664.1746224000001,0.017539292108267546,10,1.0,6641.746224,True,
LOCAL-v1-q4-exactly10_sources-5083,4,candidate,10,733.3946837000001,0.020201832987368107,10,1.0,7333.946837,True,
LOCAL-v1-q4-exactly10_sources-5084,4,candidate,10,682.8431743,0.02121645794250071,10,1.0,6828.431743,True,
LOCAL-v1-q4-exactly10_sources-5085,4,candidate,10,623.1908108,0.02153395803179592,10,1.0,6231.908108,True,
LOCAL-v1-q4-exactly10_sources-5086,4,candidate,10,749.4096137,0.017705750069580972,10,1.0,7494.096137,True,
LOCAL-v1-q4-exactly10_sources-5087,4,candidate,10,720.5393021,0.016244250000454485,10,1.0,7205.393021,True,
LOCAL-v1-q4-exactly10_sources-5088,4,candidate,10,722.4641101,0.01941591699142009,10,1.0,7224.641101,True,
LOCAL-v1-q4-exactly10_sources-5089,4,candidate,10,681.4499137,0.01580258400645107,10,1.0,6814.499137,True,
LOCAL-v1-q4-exactly10_sources-5090,4,candidate,10,892.1584626,0.016476290998980403,10,1.0,8921.584626,True,
LOCAL-v1-q4-exactly10_sources-5091,4,candidate,10,635.0217162,0.01631954195909202,10,1.0,6350.217162,True,
LOCAL-v1-q4-exactly10_sources-5092,4,candidate,10,739.7510742000001,0.0215674169594422,10,1.0,7397.510742,True,
LOCAL-v1-q4-exactly10_sources-5093,4,candidate,10,668.4047015,0.016907625016756356,10,1.0,6684.047015,True,
LOCAL-v1-q4-exactly10_sources-5094,4,candidate,10,746.6987035,0.020196583005599678,10,1.0,7466.987035,True,
LOCAL-v1-q4-exactly10_sources-5095,4,candidate,10,644.7764618,0.021246207994408906,10,1.0,6447.764618,True,
LOCAL-v1-q4-exactly10_sources-5096,4,candidate,10,651.4202339999999,0.01646945800166577,10,1.0,6514.20234,True,
LOCAL-v1-q4-exactly10_sources-5097,4,candidate,10,710.219252,0.019507791963405907,10,1.0,7102.19252,True,
LOCAL-v1-q4-exactly10_sources-5098,4,candidate,10,686.0663370999999,0.01827837503515184,10,1.0,6860.663371,True,
LOCAL-v1-q4-exactly10_sources-5099,4,candidate,10,650.7475518,0.02068041602615267,10,1.0,6507.475518,True,
LOCAL-v1-q4-exactly16_sources-5000,4,candidate,16,425.89504725,0.02506374998483807,16,1.0,6814.320756,True,
LOCAL-v1-q4-exactly16_sources-5001,4,candidate,16,521.7793308125,0.02338520798366517,16,1.0,8348.469293,True,
LOCAL-v1-q4-exactly16_sources-5002,4,candidate,16,403.868894125,0.020659917034208775,16,1.0,6461.902306,True,
LOCAL-v1-q4-exactly16_sources-5003,4,candidate,16,437.5739241875,0.02714537491556257,16,1.0,7001.182787,True,
LOCAL-v1-q4-exactly16_sources-5004,4,candidate,16,424.5529176875,0.024004042032174766,16,1.0,6792.846683,True,
LOCAL-v1-q4-exactly16_sources-5005,4,candidate,16,400.309341,0.025897958083078265,16,1.0,6404.949456,True,
LOCAL-v1-q4-exactly16_sources-5006,4,candidate,16,381.5876188125,0.020851042005233467,16,1.0,6105.401901,True,
LOCAL-v1-q4-exactly16_sources-5007,4,candidate,16,377.52093175,0.026780083077028394,16,1.0,6040.334908,True,
LOCAL-v1-q4-exactly16_sources-5008,4,candidate,16,415.895251625,0.023373167030513287,16,1.0,6654.324026,True,
LOCAL-v1-q4-exactly16_sources-5009,4,candidate,16,430.1330226875,0.018292500055395067,16,1.0,6882.128363,True,
LOCAL-v1-q4-exactly16_sources-5010,4,candidate,16,383.1534445,0.024561958969570696,16,1.0,6130.455112,True,
LOCAL-v1-q4-exactly16_sources-5011,4,candidate,16,475.112379625,0.020516208023764193,16,1.0,7601.798074,True,
LOCAL-v1-q4-exactly16_sources-5012,4,candidate,16,391.2628149375,0.022129124961793423,16,1.0,6260.205039,True,
LOCAL-v1-q4-exactly16_sources-5013,4,candidate,16,451.444560375,0.020523124956525862,16,1.0,7223.112966,True,
LOCAL-v1-q4-exactly16_sources-5014,4,candidate,16,433.7161329375,0.019639209029264748,16,1.0,6939.458127,True,
LOCAL-v1-q4-exactly16_sources-5015,4,candidate,16,449.511383125,0.02251041610725224,16,1.0,7192.18213,True,
LOCAL-v1-q4-exactly16_sources-5016,4,candidate,16,416.74275925,0.017684874939732254,16,1.0,6667.884148,True,
LOCAL-v1-q4-exactly16_sources-5017,4,candidate,16,370.8494659375,0.018491750000976026,16,1.0,5933.591455,True,
LOCAL-v1-q4-exactly16_sources-5018,4,candidate,16,417.677849375,0.026743832975625992,16,1.0,6682.84559,True,
LOCAL-v1-q4-exactly16_sources-5019,4,candidate,16,363.2864120625,0.024651083047501743,16,1.0,5812.582593,True,
LOCAL-v1-q4-exactly16_sources-5020,4,candidate,16,397.867910375,0.026458041975274682,16,1.0,6365.886566,True,
LOCAL-v1-q4-exactly16_sources-5021,4,candidate,16,550.0393151875,0.023073167074471712,16,1.0,8800.629043,True,
LOCAL-v1-q4-exactly16_sources-5022,4,candidate,16,425.2992818125,0.02211908297613263,16,1.0,6804.788509,True,
LOCAL-v1-q4-exactly16_sources-5023,4,candidate,16,343.300676,0.025029042037203908,16,1.0,5492.810816,True,
LOCAL-v1-q4-exactly16_sources-5024,4,candidate,16,531.8277765,0.020313332905061543,16,1.0,8509.244424,True,
LOCAL-v1-q4-exactly16_sources-5025,4,candidate,16,455.7999214375,0.024596250033937395,16,1.0,7292.798743,True,
LOCAL-v1-q4-exactly16_sources-5026,4,candidate,16,445.9288179375,0.021154999965801835,16,1.0,7134.861087,True,
LOCAL-v1-q4-exactly16_sources-5027,4,candidate,16,407.4124805,0.02553645893931389,16,1.0,6518.599688,True,
LOCAL-v1-q4-exactly16_sources-5028,4,candidate,16,437.311022875,0.024559958023019135,16,1.0,6996.976366,True,
LOCAL-v1-q4-exactly16_sources-5029,4,candidate,16,484.6137529375,0.018199500045739114,16,1.0,7753.820047,True,
LOCAL-v1-q4-exactly16_sources-5030,4,candidate,16,469.996563125,0.024368333048187196,16,1.0,7519.94501,True,
LOCAL-v1-q4-exactly16_sources-5031,4,candidate,16,477.6226839375,0.025086791021749377,16,1.0,7641.962943,True,
LOCAL-v1-q4-exactly16_sources-5032,4,candidate,16,412.632147875,0.019301041960716248,16,1.0,6602.114366,True,
LOCAL-v1-q4-exactly16_sources-5033,4,candidate,16,465.328641375,0.023626541951671243,16,1.0,7445.258262,True,
LOCAL-v1-q4-exactly16_sources-5034,4,candidate,16,444.049689875,0.022513584000989795,16,1.0,7104.795038,True,
LOCAL-v1-q4-exactly16_sources-5035,4,candidate,16,435.2865164375,0.0266615420114249,16,1.0,6964.584263,True,
LOCAL-v1-q4-exactly16_sources-5036,4,candidate,16,413.2834165,0.022355875000357628,16,1.0,6612.534664,True,
LOCAL-v1-q4-exactly16_sources-5037,4,candidate,16,391.3927513125,0.02546387491747737,16,1.0,6262.284021,True,
LOCAL-v1-q4-exactly16_sources-5038,4,candidate,16,416.0474135,0.0228430419228971,16,1.0,6656.758616,True,
LOCAL-v1-q4-exactly16_sources-5039,4,candidate,16,465.72552475,0.021582833025604486,16,1.0,7451.608396,True,
LOCAL-v1-q4-exactly16_sources-5040,4,candidate,16,428.714140125,0.018967167008668184,16,1.0,6859.426242,True,
LOCAL-v1-q4-exactly16_sources-5041,4,candidate,16,466.9755044375,0.02478174993302673,16,1.0,7471.608071,True,
LOCAL-v1-q4-exactly16_sources-5042,4,candidate,16,417.2688623125,0.026733707985840738,16,1.0,6676.301797,True,
LOCAL-v1-q4-exactly16_sources-5043,4,candidate,16,498.6194770625,0.022657499997876585,16,1.0,7977.911633,True,
LOCAL-v1-q4-exactly16_sources-5044,4,candidate,16,370.886802375,0.022526916000060737,16,1.0,5934.188838,True,
LOCAL-v1-q4-exactly16_sources-5045,4,candidate,16,431.6928114375,0.024776875041425228,16,1.0,6907.084983,True,
LOCAL-v1-q4-exactly16_sources-5046,4,candidate,16,386.53153775,0.023462792043574154,16,1.0,6184.504604,True,
LOCAL-v1-q4-exactly16_sources-5047,4,candidate,16,397.070026375,0.02704858290962875,16,1.0,6353.120422,True,
LOCAL-v1-q4-exactly16_sources-5048,4,candidate,16,400.7226190625,0.020486083929426968,16,1.0,6411.561905,True,
LOCAL-v1-q4-exactly16_sources-5049,4,candidate,16,614.613568375,0.021559374989010394,16,1.0,9833.817094,True,
LOCAL-v1-q4-exactly16_sources-5050,4,candidate,16,442.3201485625,0.019194207969121635,16,1.0,7077.122377,True,
LOCAL-v1-q4-exactly16_sources-5051,4,candidate,16,386.9593819375,0.019043333013541996,16,1.0,6191.350111,True,
LOCAL-v1-q4-exactly16_sources-5052,4,candidate,16,425.157338875,0.02547287498600781,16,1.0,6802.517422,True,
LOCAL-v1-q4-exactly16_sources-5053,4,candidate,16,400.7079094375,0.0224354590754956,16,1.0,6411.326551,True,
LOCAL-v1-q4-exactly16_sources-5054,4,candidate,16,425.0640245625,0.02406033396255225,16,1.0,6801.024393,True,
LOCAL-v1-q4-exactly16_sources-5055,4,candidate,16,425.04507225,0.023943459033034742,16,1.0,6800.721156,True,
LOCAL-v1-q4-exactly16_sources-5056,4,candidate,16,523.8202345625,0.024068041006103158,16,1.0,8381.123753,True,
LOCAL-v1-q4-exactly16_sources-5057,4,candidate,16,433.0100779375,0.021231416962109506,16,1.0,6928.161247,True,
LOCAL-v1-q4-exactly16_sources-5058,4,candidate,16,441.29718925,0.021991708083078265,16,1.0,7060.755028,True,
LOCAL-v1-q4-exactly16_sources-5059,4,candidate,16,416.26102475,0.021734375040978193,16,1.0,6660.176396,True,
LOCAL-v1-q4-exactly16_sources-5060,4,candidate,16,430.075818625,0.0192549159983173,16,1.0,6881.213098,True,
LOCAL-v1-q4-exactly16_sources-5061,4,candidate,16,413.2312514375,0.019585708039812744,16,1.0,6611.700023,True,
LOCAL-v1-q4-exactly16_sources-5062,4,candidate,16,449.778272375,0.02651795803103596,16,1.0,7196.452358,True,
LOCAL-v1-q4-exactly16_sources-5063,4,candidate,16,533.5885946875,0.023868583026342094,16,1.0,8537.417515,True,
LOCAL-v1-q4-exactly16_sources-5064,4,candidate,16,467.9802410625,0.017890208982862532,16,1.0,7487.683857,True,
LOCAL-v1-q4-exactly16_sources-5065,4,candidate,16,414.7608159375,0.021707833977416158,16,1.0,6636.173055,True,
LOCAL-v1-q4-exactly16_sources-5066,4,candidate,16,370.986273625,0.022084209020249546,16,1.0,5935.780378,True,
LOCAL-v1-q4-exactly16_sources-5067,4,candidate,16,443.508185625,0.02351345808710903,16,1.0,7096.13097,True,
LOCAL-v1-q4-exactly16_sources-5068,4,candidate,16,443.906789,0.01962187502067536,16,1.0,7102.508624,True,
LOCAL-v1-q4-exactly16_sources-5069,4,candidate,16,526.1661085,0.03230349998921156,16,1.0,8418.657736,True,
LOCAL-v1-q4-exactly16_sources-5070,4,candidate,16,444.260574,0.026516334037296474,16,1.0,7108.169184,True,
LOCAL-v1-q4-exactly16_sources-5071,4,candidate,16,405.5370275625,0.02117508405353874,16,1.0,6488.592441,True,
LOCAL-v1-q4-exactly16_sources-5072,4,candidate,16,406.311013,0.02395137504208833,16,1.0,6500.976208,True,
LOCAL-v1-q4-exactly16_sources-5073,4,candidate,16,447.720292,0.02363720803987235,16,1.0,7163.524672,True,
LOCAL-v1-q4-exactly16_sources-5074,4,candidate,16,426.38721625,0.023481208947487175,16,1.0,6822.19546,True,
LOCAL-v1-q4-exactly16_sources-5075,4,candidate,16,384.3114759375,0.025323541020043194,16,1.0,6148.983615,True,
LOCAL-v1-q4-exactly16_sources-5076,4,candidate,16,381.2917285625,0.025190457934513688,16,1.0,6100.667657,True,
LOCAL-v1-q4-exactly16_sources-5077,4,candidate,16,460.55046975,0.019402083940804005,16,1.0,7368.807516,True,
LOCAL-v1-q4-exactly16_sources-5078,4,candidate,16,420.1809838125,0.019220666959881783,16,1.0,6722.895741,True,
LOCAL-v1-q4-exactly16_sources-5079,4,candidate,16,472.3503860625,0.020972124999389052,16,1.0,7557.606177,True,
LOCAL-v1-q4-exactly16_sources-5080,4,candidate,16,426.5426985625,0.023254457977600396,16,1.0,6824.683177,True,
LOCAL-v1-q4-exactly16_sources-5081,4,candidate,16,398.8866068125,0.022186208982020617,16,1.0,6382.185709,True,
LOCAL-v1-q4-exactly16_sources-5082,4,candidate,16,407.9117745,0.019721125019714236,16,1.0,6526.588392,True,
LOCAL-v1-q4-exactly16_sources-5083,4,candidate,16,399.002633375,0.024387542041949928,16,1.0,6384.042134,True,
LOCAL-v1-q4-exactly16_sources-5084,4,candidate,16,507.264904375,0.02058020804543048,16,1.0,8116.23847,True,
LOCAL-v1-q4-exactly16_sources-5085,4,candidate,16,388.945682625,0.02327370794955641,16,1.0,6223.130922,True,
LOCAL-v1-q4-exactly16_sources-5086,4,candidate,16,387.4351331875,0.021705958992242813,16,1.0,6198.962131,True,
LOCAL-v1-q4-exactly16_sources-5087,4,candidate,16,380.6459495625,0.02509174996521324,16,1.0,6090.335193,True,
LOCAL-v1-q4-exactly16_sources-5088,4,candidate,16,473.7340605,0.026727332966402173,16,1.0,7579.744968,True,
LOCAL-v1-q4-exactly16_sources-5089,4,candidate,16,473.8765623125,0.019499375019222498,16,1.0,7582.024997,True,
LOCAL-v1-q4-exactly16_sources-5090,4,candidate,16,493.0748644375,0.021279624896124005,16,1.0,7889.197831,True,
LOCAL-v1-q4-exactly16_sources-5091,4,candidate,16,483.42978575,0.025671000010333955,16,1.0,7734.876572,True,
LOCAL-v1-q4-exactly16_sources-5092,4,candidate,16,433.9104195625,0.01986429200042039,16,1.0,6942.566713,True,
LOCAL-v1-q4-exactly16_sources-5093,4,candidate,16,396.606425125,0.023080209037289023,16,1.0,6345.702802,True,
LOCAL-v1-q4-exactly16_sources-5094,4,candidate,16,433.6275068125,0.023911625030450523,16,1.0,6938.040109,True,
LOCAL-v1-q4-exactly16_sources-5095,4,candidate,16,372.203991625,0.023691582959145308,16,1.0,5955.263866,True,
LOCAL-v1-q4-exactly16_sources-5096,4,candidate,16,468.2752905625,0.021285958006046712,16,1.0,7492.404649,True,
LOCAL-v1-q4-exactly16_sources-5097,4,candidate,16,446.69017375,0.022703791968524456,16,1.0,7147.04278,True,
LOCAL-v1-q4-exactly16_sources-5098,4,candidate,16,413.106323375,0.022493291995488107,16,1.0,6609.701174,True,
LOCAL-v1-q4-exactly16_sources-5099,4,candidate,16,414.1595526875,0.024591166991740465,16,1.0,6626.552843,True,
